PDB_CCD_ID,surfdock,unimol,diffdock,diffdock_l,gnina,autodock,smina
19gs_BSP_B_210,0.0053721136,0.98854669,0.031092944,0.086488135,2.4252396e-05,0.25010889,2.9078849e-06
1a49_OXL_A_533,0.98958419,0.69412595,0.033640173,0.094136292,0.48378697,0.23807744,0.21412306
1a49_OXL_D_2333,0.99569192,0.74584723,0.025580916,0.088081183,9.8789352e-05,0.23446944,0.018027912
1a49_OXL_F_4133,0.9892019,0.69411131,0.033643276,0.094135929,0.48377202,0.23808214,0.21416645
1a59_CIT_A_379,0,0.52448616,0.035974612,0.087367042,0,0.24041429,0.0063502094
1a9r_HPA_A_290,0,0.26700337,0.053501332,0.099359306,0.9870541,0.24180262,0.22012759
1ac4_TMT_A_296,0,0.98176216,0.045936476,0.096984764,0.95959659,0.25174748,0
1aej_NVI_A_296,0.82686768,0.98628294,0.025114032,0.087872626,0.04936543,0.24112493,0
1aer_TIA_B_700,0,0.68065831,0.037525145,0.090037351,0.19126473,0.24832924,0.22286239
1aia_PMP_A_411,0.21621794,0.66450787,0.039916172,0.093400559,0.45354381,0.24759329,0.30189097
1aia_PMP_B_411,0.2344142,0.66520475,0.039768506,0.09341787,0.45425539,0.2473694,0.29982591
1aiq_CB3_A_266,0.51958918,0.67595857,0.037450185,0.093689459,0.4654223,0.24384447,0.26722132
1aiq_UMP_A_265,0.51958918,0.67595857,0.037450185,0.093689459,0.4654223,0.24384447,0.26722132
1aj8_CIT_A_1000,0,0.65622724,0.041670818,0.093194863,0.44508841,0.25025374,0.32642914
1aj8_CIT_B_2000,0.060059918,0.65852739,0.041183421,0.093252,0.44743711,0.24951474,0.31961305
1amq_PMP_A_413,0,0.65622724,0.041670818,0.093194863,0.44508841,0.25025374,0.32642914
1anc_BEN_A_290,0,0.96829228,0.047359863,0.10112356,0.99375656,0.27065826,0.98920182
1anc_BEN_A_384,0.010602554,0.6996418,0.03426916,0.087632982,4.0040124e-06,0.24672179,0.14236634
1aog_MAE_A_500,0,0.085924165,0.053491231,0.097733948,0.8868754,0.2338977,0
1aua_BOG_A_1,0,0.69914477,0.034362625,0.087628122,1.1729994e-07,0.24685364,0.14370341
1aua_BOG_A_2,0.15718129,0.66224691,0.040395265,0.093344395,0.45123513,0.24831971,0.30859093
1axg_ETF_B_404,0.99135464,0.98447323,0.038824023,0.1019229,0.9805795,0.25987405,0.97820694
1axg_ETF_C_404,0.99069673,0.96246439,0.038132697,0.10115406,0.92264914,0.25841318,0.93178758
1axg_ETF_D_404,0.41097855,0.67196674,0.038335657,0.093585842,0.46116009,0.24519687,0.27978795
1bqp_MAN_B_401,0.97770897,0.96333196,0.039416695,0.10217954,0.99689744,0.25987768,0.99227775
1bqp_MAN_C_402,0,0.97204432,0.047085787,0.10091549,0.97895466,0.27050993,0.97879968
1c3s_SHH_A_952,0.96309139,0.74432279,0.025867643,0.088065739,4.7177354e-05,0.23487455,0.022122703
1c9c_PP3_A_413,0,0.65622724,0.041670818,0.093194863,0.44508841,0.25025374,0.32642914
1ca7_ENO_A_501,0,0.59914632,0.050447633,0.099835439,0.97297985,0.25409032,0.53163124
1ca7_ENO_B_601,0.97789674,1,0.038886504,0.10199028,0.98746204,0.26053997,0.98735042
1ca7_ENO_C_701,0.97770249,1,0.038422627,0.10158854,0.95822014,0.26007072,0.96569604
1cdk_MYR_A_403,0.97867701,0.90872763,0.039261692,0.10053986,0.94718211,0.25159331,0.66112392
1cdk_MYR_B_403,0.9745238,1,0.036545081,0.10018858,0.83482987,0.25963923,0.95304053
1cgk_NAR_A_390,0,0.65622724,0.041670818,0.093194863,0.44508841,0.25025374,0.32642914
1cq1_BGC_A_455,0.11433033,0.66060582,0.040743008,0.09330363,0.4495594,0.24884697,0.31345401
1cq1_BGC_B_455,0.66765475,0.73042875,0.02847959,0.087936096,0.00039786642,0.23855206,0.059569756
1d6u_HY1_A_2001,0.99426473,0.99667157,0.038176775,0.098381471,0.99548726,0.0056933056,0.0063647831
1d6u_HY1_B_3001,0.99514332,0.99613863,0.037786127,0.098129787,0.97149502,0.24125769,0.0060246585
1d7a_AIR_B_350,0.95471767,0.74369842,0.025981119,0.088092113,0.0024426256,0.23499719,0.024171379
1d7a_AIR_C_400,0,0.65622724,0.041670818,0.093194863,0.44508841,0.25025374,0.32642914
1d7a_AIR_D_450,0.97994517,0.74511788,0.025718216,0.088072812,1.5505939e-06,0.23466456,0.019975857
1dai_DSD_A_225,0.89260721,0.74102065,0.026488628,0.088033161,0,0.23575091,0.03100253
1diw_GAL_A_1400,0,0.69905666,0.034377698,0.087639604,0.0009117094,0.24686068,0.1440807
1dna_CB3_A_601,0.51958918,0.67595857,0.037450185,0.093689459,0.4654223,0.24384447,0.26722132
1dna_CB3_B_602,0.51958918,0.67595857,0.037450185,0.093689459,0.4654223,0.24384447,0.26722132
1dpm_EBP_A_900,0,0.74387868,0.043031122,0.093599666,0.60968361,0.24608554,0.00024718902
1dpm_EBP_A_901,0.00036292408,0.9780366,0.031242796,0.086502188,5.190402e-06,0.24994124,4.2039891e-07
1dpm_EBP_B_903,0,0.97920817,0.03123377,0.08650063,7.1840838e-10,0.24997531,0.00027348366
1duc_DUD_A_201,0.49790609,0.67529586,0.037630225,0.09366854,0.46455947,0.24412727,0.2699227
1dxy_COI_A_404,0.96684591,0.94556853,0.023875448,0.088402804,0.0057999504,0.24267762,0.1930726
1e26_GPB_A_208,0.51958918,0.67595857,0.037450185,0.093689459,0.4654223,0.24384447,0.26722132
1e2s_CSN_P_701,0.89353797,0.29911644,0.031383852,0.088993033,0.029593188,0.22580303,0
1e48_13P_P_302,0.85673679,0,0.047108633,0.098282833,0.83234214,0.22131431,2.6846964e-05
1e5f_PLP_B_405,0.39337695,0.67129264,0.038478497,0.093569097,0.46047176,0.24541345,0.28178552
1e7h_PLM_A_1001,0.96268238,0.68277823,0.03639654,0.096083788,0.63660115,0.23979063,0.28562592
1e8g_FCR_B_601,0.99606219,0.97599423,0.024094075,0.088253998,0.066671352,0.23907941,0
1e8m_P0H_A_724,0.97430306,0.7235053,0.02942002,0.090852395,0.22087112,0.23643874,0.11209986
1ei6_PPF_A_410,0.97993212,0.7035188,0.032834677,0.093494086,0.43038769,0.23798514,0.19810208
1ei6_PPF_D_412,0.99636031,1,0.038527005,0.10187545,0.97372118,0.26039676,0.99170829
1eow_U2G_A_130,0,0,0.050950005,0.095120857,0.64999217,0.23035013,0
1euu_GAL_A_2,0.052775123,0.69331585,0.035317801,0.088734387,0.08592342,0.24686009,0.17260122
1eyw_PEL_A_404,0.0035114931,0.96758981,0.033663262,0.088189826,0.15232892,0.24995894,0
1eyw_TEN_A_403,0.98636349,0.71296241,0.031214021,0.092305598,0.33580396,0.23717543,0.15814454
1f5f_DHT_A_253,0.98975694,0.19558834,0.046040898,0.099779062,0.99767391,0.22528091,0
1fhv_OSB_A_789,0.9865647,0.74542858,0.025659797,0.088075797,0,0.23458221,0.019139431
1fk1_DAO_A_201,0.94505784,0.97035544,0.030059058,0.093453748,0.40701835,0.24810264,0.40527828
1fm8_DDC_A_501,1.2272612e-05,0.99245385,0.03109618,0.086475161,6.0014969e-08,0.25025043,0
1foi_14W_A_810,0,0.69914455,0.034362662,0.08762815,2.4001213e-06,0.24685366,0.14370436
1fp2_HMO_A_2000,0,0.92100725,0.032095731,0.08788249,3.7590801e-09,0.25526203,0.32532816
1fqo_F6R_A_1268,0.93841667,0.71366151,0.031132571,0.091899582,0.30529828,0.23753647,0.15157289
1fqo_F6R_B_2268,0.94851056,0.66014376,0.040279947,0.098940526,0.8639032,0.24172053,0.38148911
1fs5_16G_A_1267,0.22979798,0.66502796,0.039805968,0.093413478,0.45407486,0.2474262,0.3003498
1fs5_16G_B_2267,0.017154785,0.65688423,0.041531604,0.093211183,0.44575927,0.25004266,0.32448228
1fsa_F6P_A_338,0.98133986,0.74237547,0.026186257,0.088439375,0.029052086,0.23487134,0.031822952
1fsa_F6P_B_338,0.96123392,0.19741216,0.046054859,0.099600945,0.9842941,0.22560208,2.1935784e-05
1fuq_CIT_A_1001,0.7328087,0.7335222,0.027898546,0.087960863,1.6959119e-05,0.2377387,0.051185753
1fuy_FIP_A_269,0,0.97591356,0.043895776,0.095499056,0.82269911,0.25137775,0
1fwn_PEP_A_1268,0,0.97246389,0.045389556,0.096553577,0.91753597,0.25153353,0.0030251786
1fwn_PEP_B_2268,0.9953144,0.2547378,0.043701652,0.098439914,0.882534,0.22613142,0.0020633448
1g4s_TPS_A_2001,0.51958918,0.67595857,0.037450185,0.093689459,0.4654223,0.24384447,0.26722132
1g4s_TPS_B_2002,0,0.98254196,0.031492358,0.087938238,0,0.25743143,0.37202467
1g6n_CMP_B_622,0,0.99243928,0.046328503,0.097323058,0.99234586,0.25203244,0
1g6t_S3P_A_601,0.99198286,0.96177999,0.030450629,0.095896148,0.41918545,0.25872423,0.99609102
1g72_PQQ_C_703,7.0264733e-06,0,0.050949956,0.09512087,0.64999297,0.23035006,0
1g79_PLP_A_260,8.7059167e-05,0.90095242,0.032366492,0.087924565,0.0047690718,0.25460364,0.31234705
1g79_PLP_A_270,3.2833526e-06,0.65622737,0.041670791,0.093194866,0.44508854,0.2502537,0.32642877
1g8z_GAL_D_104,0.94144543,0.74328885,0.026061744,0.08805832,0.00023796911,0.23514527,0.024934692
1g8z_GAL_F_104,0.98978258,0.20980252,0.045466299,0.099437645,0.9685009,0.22548696,1.8600377e-06
1g8z_GAL_G_104,0.99236488,0.69076432,0.035006725,0.095237958,0.56838283,0.23889512,0.25364458
1g8z_GAL_H_104,0.96352562,0.74428195,0.025874285,0.088073914,0.00068052065,0.23487403,0.02233
1gck_PLP_A_413,0.51958918,0.67595857,0.037450185,0.093689459,0.4654223,0.24384447,0.26722132
1gey_PPE_A_413,0.51958918,0.67595857,0.037450185,0.093689459,0.4654223,0.24384447,0.26722132
1gij_2PU_A_501,0.51958918,0.67595857,0.037450185,0.093689459,0.4654223,0.24384447,0.26722132
1gim_HDA_A_438,0,0.17639293,0.050178815,0.095840853,0.72330822,0.23545867,0.010349419
1giu_ADE_A_300,0.98646955,0.73041481,0.028228313,0.090031826,0.1552893,0.23578145,0.083421268
1gkc_NFH_A_1448,0.99085417,0.20303857,0.045736391,0.09960521,0.98274896,0.22537771,0
1gkc_NFH_B_1449,0.96347199,0.6537657,0.041359152,0.099870004,0.93715389,0.24209956,0.40991646
1gsi_TMP_A_1210,0.97981491,0.71367998,0.031096474,0.09216907,0.32520119,0.23717509,0.15458318
1gsq_GDN_A_203,0.51958918,0.67595857,0.037450185,0.093689459,0.4654223,0.24384447,0.26722132
1gxu_2HP_A_1092,0.98786244,0.62895653,0.04251446,0.1025066,0.97989811,0.25206706,0.96195406
1gz5_G6P_A_901,0.70041485,0.68305146,0.035986832,0.093861194,0.47247875,0.24163551,0.24694036
1gz5_G6P_B_901,0,0.69914466,0.034362643,0.087628136,1.2221562e-06,0.24685365,0.14370387
1gz5_G6P_C_901,0,0.65622724,0.041670818,0.093194863,0.44508841,0.25025374,0.32642914
1gz5_UDP_D_900,0,0.65622724,0.041670818,0.093194863,0.44508841,0.25025374,0.32642914
1h0v_UN4_A_1299,0,0.65622724,0.041670818,0.093194863,0.44508841,0.25025374,0.32642914
1h18_DTL_A_9009,0.99448401,0.74183865,0.026267633,0.088595663,0.040986001,0.23479991,0.035102476
1h18_DTL_B_9009,0.99240068,0.74570217,0.025608349,0.08807847,2.0181051e-06,0.23450964,0.018403414
1h18_PYR_A_1001,0,0.98341294,0.045623932,0.096929484,0.9379037,0.25268937,0.048898879
1h18_PYR_B_1001,0,0,0.050950005,0.095120857,0.64999217,0.23035013,0
1h1i_QUE_B_1356,0.51958918,0.67595857,0.037450185,0.093689459,0.4654223,0.24384447,0.26722132
1h1i_QUE_C_1358,0,0.65622724,0.041670818,0.093194863,0.44508841,0.25025374,0.32642914
1h1i_QUE_D_1357,0.99102434,0.7456378,0.025620457,0.08807782,0,0.23452674,0.018576356
1h1m_KMP_A_1360,0,0.65622724,0.041670818,0.093194863,0.44508841,0.25025374,0.32642914
1h1m_KMP_C_1358,0,0.41661029,0.039814076,0.089523351,0.1793629,0.23848605,0
1h48_C5P_A_203,0.99086604,0.21277254,0.045342877,0.099371344,0.9627664,0.22551884,0
1h48_C5P_C_901,0.97232855,0.20135579,0.045860891,0.099558043,0.9799157,0.22554436,0
1h48_C5P_D_204,0.98369946,0.21938304,0.045097507,0.099178593,0.94676052,0.22568869,0
1h48_C5P_E_901,0.98758089,0.21838498,0.045126019,0.099220933,0.95012735,0.22563417,0
1h48_C5P_F_901,0.9961927,0.19743715,0.045644344,0.09953158,0.97576667,0,0
1h48_CDI_A_201,0,0.65622724,0.041670818,0.093194863,0.44508841,0.25025374,0.32642914
1h48_CDI_B_902,0.90556716,1,0.039054462,0.10152806,0.96092771,0.26078499,0.9614032
1h48_CDI_C_902,0.89463906,1,0.039669628,0.10199882,0.99347825,0.26160867,0.99475667
1h48_CDI_D_201,0,0.65622724,0.041670818,0.093194863,0.44508841,0.25025374,0.32642914
1h48_CDI_E_902,0.96100581,1,0.039056226,0.10200121,0.9893664,0.26076682,0.98930827
1h48_GPP_C_904,0.96648463,0.69324129,0.03382763,0.094114317,0.48288364,0.23836167,0.21674459
1h48_GPP_E_904,0,0.65622724,0.041670818,0.093194863,0.44508841,0.25025374,0.32642914
1h5r_G1P_A_1294,0.84403737,0.68855186,0.03482131,0.093997828,0.47809523,0.23986831,0.2306409
1h5r_G1P_C_1294,0,0.65622724,0.041670818,0.093194863,0.44508841,0.25025374,0.32642914
1h5r_G1P_D_1294,0,0.65622724,0.041670818,0.093194863,0.44508841,0.25025374,0.32642914
1h5r_THM_A_1292,0.99569826,0.74585548,0.025579499,0.088080148,1.6440774e-05,0.23446873,0.01799303
1h5r_THM_B_1292,0.95763577,0.74406761,0.025915638,0.088063164,3.9230732e-05,0.23494235,0.022808243
1h5r_THM_B_1293,0.98383148,0.69649295,0.034033505,0.094435335,0.50497134,0.23851205,0.2284778
1h69_ARH_C_1275,0,0.65622724,0.041670818,0.093194863,0.44508841,0.25025374,0.32642914
1h70_CIR_A_500,0,0,0.050950005,0.095120857,0.64999217,0.23035013,0
1h7q_TYD_A_1258,0.55942237,0.67765178,0.03713101,0.093727063,0.46696512,0.24337035,0.26294133
1h82_GZZ_A_590,0.51958918,0.67595857,0.037450185,0.093689459,0.4654223,0.24384447,0.26722132
1h8p_PC_A_1110,0,0.036854375,0.055474788,0.098913172,0.98762949,0.2331856,0
1h8p_PC_A_1111,0.071628614,0.70250475,0.033730834,0.087660678,4.3345933e-06,0.24596272,0.13466131
1h8p_PC_B_1110,0.98868054,0.70997861,0.031722623,0.092709677,0.36779961,0.23739345,0.17109408
1hdi_3PG_A_419,0.99369566,0.74208235,0.026226572,0.088558726,0.038082066,0.23478732,0.034000158
1hkn_N2M_C_4138,0.9783261,0.98289347,0.023145137,0.087494286,0,0.23930063,0
1hkn_N2M_D_5139,0.99528217,0.25884882,0.030509741,0.088848009,0,0.22377931,0
1ho5_ADN_B_2604,0.97807602,0.74503034,0.025734679,0.088071945,6.0170552e-09,0.2346878,0.020211217
1hot_16G_B_271,0.27312227,0.66668717,0.039454384,0.093454694,0.4557691,0.24689312,0.295433
1hsb_ALA_A_1001,0,0.69914478,0.034362623,0.08762812,4.5035936e-10,0.24685364,0.14370337
1hsb_ALA_C_1,0,0.65622724,0.041670818,0.093194863,0.44508841,0.25025374,0.32642914
1hsr_BHO_A_800,0.99664928,0.99188539,0.022901213,0.087496478,2.819143e-06,0.23928979,7.7953214e-10
1i8a_BGC_A_189,0.068665263,0.70092399,0.034003615,0.087847226,0.014920795,0.24611466,0.14120896
1ia1_TQ3_A_194,0.99704587,0,2.6262328e-60,0.10398228,0.99667661,0.23934744,0.99649422
1ia1_TQ3_B_196,0,1,0.047093681,0.10113664,0.99739114,0.27149862,0.99761943
1ij8_BNI_A_501,0.51958918,0.67595857,0.037450185,0.093689459,0.4654223,0.24384447,0.26722132
1ij8_BNI_B_502,0.51958918,0.67595857,0.037450185,0.093689459,0.4654223,0.24384447,0.26722132
1iki_DAL_A_500,0.63914911,0,0.03612306,0.088961267,6.2995826e-06,0.22220929,0
1iki_REY_A_400,0.85864645,0,0.045056879,0.096834761,0.75308391,0.2210546,0
1iri_E4P_B_602,0.98966565,0.74551044,0.025643325,0.088085494,0.00065815938,0.23454872,0.019020297
1iri_E4P_C_603,0.99298605,0.71445633,0.030953183,0.092154399,0.323562,0.23699861,0.15224177
1isx_XYP_A_1461,0.032025759,0.087914253,0.054595682,0.098883377,0.97624465,0.23451962,0.038516264
1isx_XYP_B_961,0.94605276,0.97208371,0.038509256,0.098222877,0.97528673,0.24158843,0.021229635
1itw_ICT_B_744,0,0.41661202,0.039814089,0.089523378,0.17936485,0.23848613,2.4540418e-06
1itw_ICT_C_743,0.99213665,0.74108001,0.026399284,0.088679115,0.047695722,0.23488088,0.038175818
1itw_ICT_D_743,0.98668586,0.74533027,0.025676519,0.088089405,0.0010759672,0.23458901,0.019569446
1iwe_IMP_B_1443,0.97852813,0,0.044263954,0.097095314,0.76917102,0.21976028,0
1iwe_IMP_B_1452,0,0,0.050950005,0.095120857,0.64999217,0.23035013,0
1ixo_G3P_A_1001,0.86584543,0.73713421,0.027174783,0.088363891,0.027220164,0.23629379,0.045647131
1ixo_G3P_B_1002,0.83841247,0.28190118,0.043828805,0.097654156,0.82159133,0.22868158,0.024492461
1ixo_G3P_D_1004,0,0.69763366,0.034621133,0.087825055,0.015634324,0.24697426,0.15017397
1j0n_CEG_A_780,0,0,0.050950005,0.095120857,0.64999217,0.23035013,0
1j0y_BGC_A_1601,0.99715808,0.97425925,0.038450499,0.099195405,0.99026507,0.24499031,0.22234628
1j0y_BGC_B_2601,0.9543416,0.98244992,0.038169328,0.10123527,0.91602912,0.26038871,0.99200104
1j0y_BGC_C_3601,0.99731894,0.97767278,0.038504714,0.099349346,0.99471414,0.24563891,0.25181758
1j0y_BGC_D_4601,0.99550916,0.9816682,0.039060476,0.10216069,0.99544638,0.2601325,0.99561829
1j3i_UMP_D_711,0.98312368,0.69387853,0.033692601,0.094130146,0.48353433,0.23815693,0.21485625
1j3i_WRA_A_609,0,0.65622724,0.041670818,0.093194863,0.44508841,0.25025374,0.32642914
1j3i_WRA_B_709,0.97842315,0.69369851,0.033730747,0.094125675,0.48335051,0.23821477,0.21538971
1j3k_UMP_D_711,0.9814067,0.69381277,0.033706535,0.094128513,0.48346718,0.23817806,0.21505111
1j3k_WRA_A_609,0.97624103,0.69361494,0.033748455,0.094123599,0.48326517,0.23824162,0.21563735
1j3k_WRA_B_709,0.98990463,0.69413822,0.033637573,0.094136597,0.4837995,0.23807349,0.2140867
1j54_TMP_A_2000,0.98734221,0.21802505,0.045141296,0.099228454,0.95078537,0.22563141,0
1ja9_PYQ_A_406,0,0.97089405,0.031534499,0.086667894,0.013991928,0.24981906,0
1jho_RMB_A_990,0.95681204,0.19256998,0.046263345,0.099695803,0.99268842,0.2255769,0
1jhv_NIO_A_991,0.74166281,0.99598565,0.040134492,0.098036974,0.98879985,0.24395361,0
1jhv_PCR_A_990,0.99831,0.99501148,0.022938715,0.087551922,0.0054470704,0.23934754,0
1jl0_PUT_A_401,0.045505925,0.5126695,0.050086372,0.099096898,0.92656634,0.24968914,0.41996822
1jl0_PUT_B_401,0.98213682,1,0.038713836,0.10188575,0.97865221,0.2604133,0.9840279
1jtk_THU_A_138,0,0.95567749,0.04715865,0.10086808,0.97278509,0.27010015,0.97610867
1jtk_THU_B_1138,0.98802818,1,0.038477067,0.10170827,0.96714939,0.26003241,0.96875062
1jw0_GUA_B_999,0,0.88972707,0.046598855,0.09694705,0.9406064,0.24976415,2.5623888e-06
1jyw_147_A_2001,0.98575778,0.7323867,0.027891544,0.089770167,0.13454226,0.23563024,0.074924527
1jyx_IPT_A_2001,0,0.65622724,0.041670818,0.093194863,0.44508841,0.25025374,0.32642914
1jyx_IPT_A_2002,0.00063031565,0.65625138,0.041665703,0.093195462,0.44511306,0.25024598,0.32635761
1jyx_IPT_C_2001,0,0.65622724,0.041670818,0.093194863,0.44508841,0.25025374,0.32642914
1k5s_GRO_B_601,0,0.65622724,0.041670818,0.093194863,0.44508841,0.25025374,0.32642914
1k8z_IAG_A_501,0.99442625,0.74525073,0.025683967,0.088150607,0.0056558862,0.23452806,0.02048764
1kae_HSO_A_1001,0.97038463,1,0.038758918,0.10179931,0.9758712,0.26031229,0.97239001
1kar_HSM_A_502,0.0014684532,0,0.050939774,0.095123679,0.65015982,0.23033422,0
1kar_HSM_B_503,0.0036272461,0.65636616,0.041641382,0.093198313,0.44523026,0.25020911,0.32601749
1kbq_936_B_704,0.51958918,0.67595857,0.037450185,0.093689459,0.4654223,0.24384447,0.26722132
1kbq_936_C_701,0.51958918,0.67595857,0.037450185,0.093689459,0.4654223,0.24384447,0.26722132
1kdo_C_A_5407,0.96351685,0.64871757,0.042222712,0.10052819,0.98940465,0.24250212,0.43153589
1kdo_C_B_6407,0.96329766,0.68256798,0.036432018,0.09611523,0.63907508,0.23980206,0.28657213
1kep_TDX_A_3500,0.14504393,0,0.040189907,0.088456221,7.5800224e-05,0.22763743,0
1ki2_GA2_A_1,0.95137752,0,0.033553769,0.08928082,0,0.21877928,0
1ki2_GA2_B_2,0.98928761,0.74551091,0.025643545,0.08808295,0.00046980284,0.23455197,0.018990074
1klk_PMD_A_653,0.51958918,0.67595857,0.037450185,0.093689459,0.4654223,0.24384447,0.26722132
1klz_U_A_2001,0.96733147,0,0.048282139,0.099879803,0.96808301,0.22034263,0
1km6_OMP_A_2001,0.97817557,0,0.048482368,0.10009709,0.98694232,0.22025772,0
1knu_YPA_A_1001,0.98339956,0.6938891,0.033690362,0.094130409,0.48354512,0.23815354,0.21482494
1kuj_MMA_A_501,0.97735509,1,0.039026883,0.10211125,0.99593486,0.26070898,0.994993
1kuj_MMA_C_502,0.99014569,1,0.038677932,0.10193605,0.98028587,0.26045225,0.99043813
1kuj_MMA_G_504,0,0.96582449,0.047415919,0.10116845,0.99545417,0.27072044,0.99496109
1kwc_BPY_B_401,0.99651389,0.99116452,0.022956439,0.087531154,0.0030372542,0.23928306,8.2689359e-05
1kwu_MMA_B_601,0.017913055,0.43945177,0.039835107,0.089874905,0.2042482,0.23935064,0.029012238
1kwu_MMA_C_701,0.01853816,0.93401632,0.045204641,0.09640577,0.88839844,0.25087643,0.024385922
1kya_XYD_B_612,0.9916317,0.9752551,0.038285197,0.098325952,0.98832672,0.24076765,0
1kya_XYD_D_814,0.015163434,0.97004199,0.046449635,0.097389729,0.99324334,0.2513931,0
1l4f_150_A_990,0.99368633,0.74354299,0.025976702,0.088368307,0.022965378,0.23467081,0.027744968
1l4f_NCN_A_991,0.9681295,0.64825053,0.04229894,0.10061935,0.99647566,0.24249929,0.43387999
1l5o_2MP_A_990,0.99710042,0.99368906,0.023096488,0.087648638,0.014184438,0.23934851,0
1lc8_33P_A_800,0,0.65622724,0.041670818,0.093194863,0.44508841,0.25025374,0.32642914
1ldo_SNR_A_150,0,0.65622724,0.041670818,0.093194863,0.44508841,0.25025374,0.32642914
1ldo_SNR_B_350,0.98395114,0.74530597,0.025682852,0.088074611,0,0.23461472,0.019469419
1lfw_AEP_A_683,0,0.65622724,0.041670818,0.093194863,0.44508841,0.25025374,0.32642914
1lo3_AN1_Y_500,0.99192112,0.97975166,0.02323994,0.088371571,0,0.2434717,0.21229016
1lqp_FCN_B_4001,0,0,0.041382248,0.088306914,0,0.22923068,0
1lqp_FCN_B_4003,0,0,0.041406545,0.088324217,0.001582878,0.22923352,0
1lro_PEP_A_1268,0,0.3316953,0.04480877,0.092848913,0.46288175,0.23836595,0.037611107
1lro_PEP_B_2268,0.0035607623,0.67729871,0.038097047,0.090498574,0.22775219,0.24856645,0.23751393
1lti_GAL_D_104,0.99229857,0.92993194,0.039489893,0.10213203,0.98717018,0.25890169,0.98758186
1lti_GAL_E_104,0.99412383,0.96631519,0.034152846,0.098560929,0.66476972,0.25916795,0.99247915
1lti_GAL_H_104,0.98568147,0.95699148,0.039293622,0.10210122,0.98903389,0.25957914,0.98904427
1luq_BTN_A_5100,0.99249329,0.19999578,0.045854393,0.099686085,0.98955304,0.22531665,0
1luq_BTN_B_5200,0.98717775,0.2025363,0.045767902,0.099599895,0.98253231,0.22540834,0
1lzz_IHG_B_1830,0.87990769,0.9348825,0.03206009,0.09290665,0.4955154,0.24029449,0.0020482913
1m3u_KPL_A_265,0.42182256,0.67238204,0.038247656,0.093596159,0.46158415,0.24506344,0.27855728
1m3u_KPL_B_265,0.5774203,0.67834106,0.036984953,0.093744185,0.46766894,0.24314889,0.26089878
1m3u_KPL_E_265,0.99436588,0.69430908,0.033601369,0.094140841,0.48397396,0.2380186,0.2135804
1m3u_KPL_F_265,0.27282851,0.66667592,0.039456768,0.093454415,0.45575761,0.24689673,0.29546634
1m3u_KPL_G_265,0.41429981,0.67209393,0.038308704,0.093589002,0.46128997,0.245156,0.27941102
1m3u_KPL_I_265,0.23320502,0.66515844,0.039778319,0.09341672,0.4542081,0.24738428,0.29996314
1m3u_KPL_J_265,0.99584105,0.69436558,0.033589398,0.094142245,0.48403165,0.23800045,0.21341298
1m9j_CLW_A_906,0.0010600658,0,0.041373582,0.088308039,3.6529426e-06,0.22921904,0
1ml4_PAL_A_385,0.98836746,1,0.038879319,0.10136381,0.99335002,0.2564446,0.7954115
1mmx_FUC_A_348,0.12276465,0.66092883,0.040674562,0.093311653,0.44988923,0.24874319,0.31249681
1mmx_FUC_B_348,0.084803449,0.65947501,0.040982623,0.093275539,0.44840473,0.24921028,0.31680496
1mmy_G6D_A_348,0.060535724,0.65854562,0.04117956,0.093252453,0.44745572,0.24950888,0.31955906
1mmy_G6D_B_348,0,0.41903653,0.039833559,0.089561028,0.18209291,0.23860575,0.0034278876
1mrj_ADN_A_300,0.99255623,0.98721051,0.022983301,0.087500886,0,0.23923574,0
1mrq_STR_A_501,0.98824881,0.74550759,0.025644941,0.088076561,0,0.23456126,0.018926794
1msv_PUT_A_355,0,1,0.045814404,0.099787005,0.90418271,0.26896922,0.89947524
1msv_PUT_B_355,0.93965909,1,0.038165373,0.10121139,0.92001553,0.26082637,0.98670242
1mvc_BM6_A_200,0.99246354,0.69423622,0.033616807,0.094139032,0.48389957,0.23804201,0.21379629
1n1i_HIS_C_501,0.8243796,0,0.034620707,0.08916643,0.0014285187,0.22017699,0
1n3o_GYP_A_1001,0,0.044536199,0.055234246,0.09878563,0.9763628,0.23334746,0.0021016581
1n3o_GYP_B_1101,0.042341654,1,0.031434496,0.090167114,0.0016164724,0.26859363,0.96391073
1n5i_TMP_A_217,0.98863951,0.64991839,0.041997297,0.1005367,0.98917489,0.24218785,0.42826881
1ne4_RP1_A_401,0.9695519,0.64854753,0.042246999,0.10058999,0.99409321,0.24246322,0.43271437
1nf0_13P_A_5001,0.99053029,0.6672889,0.03902418,0.09828532,0.81037383,0.24078489,0.35402941
1nf0_13P_B_1150,0,0.65622724,0.041670818,0.093194863,0.44508841,0.25025374,0.32642914
1njr_XYL_A_285,0.9371685,0.83104973,0.025156019,0.08821357,6.1466915e-05,0.23899499,0.10817478
1nme_159_B_9002,0.97329797,0.96439468,0.023545986,0.088349486,8.3719521e-07,0.24319055,0.20359592
1nmm_NAG_B_403,0.98559406,1,0.038909097,0.1020851,0.99266223,0.2606187,0.99530916
1nmm_NAG_D_527,0.97095362,1,0.038765618,0.10183887,0.97613541,0.26049112,0.98193309
1nmz_NYM_A_301,0.97243404,0.69346914,0.03377935,0.094119977,0.4831163,0.23828846,0.2160694
1now_IFG_A_557,0.93767286,1,0.03918004,0.10191512,0.98513541,0.26093394,0.98508921
1now_IFG_B_558,0.98726233,1,0.038884436,0.10204659,0.99245148,0.26040602,0.98528131
1ns4_BGC_A_1400,0.071644719,0.65897106,0.041089409,0.093263021,0.44789014,0.24937219,0.31829832
1ns4_BGC_B_2400,0,0.65622724,0.041670818,0.093194863,0.44508841,0.25025374,0.32642914
1nsm_GAL_A_1400,0.018743792,0.65694508,0.041518709,0.093212694,0.44582141,0.25002311,0.32430195
1nsm_GLA_B_2400,0.019248487,0.65696441,0.041514613,0.093213174,0.44584114,0.2500169,0.32424467
1nuw_F6P_A_2336,0,0.65622724,0.041670818,0.093194863,0.44508841,0.25025374,0.32642914
1nux_F6P_A_2339,0.9712401,0.66986242,0.03859927,0.097823235,0.77438456,0.24074718,0.34157006
1o28_UFP_B_708,0.51958918,0.67595857,0.037450185,0.093689459,0.4654223,0.24384447,0.26722132
1o28_UFP_C_713,0.51958918,0.67595857,0.037450185,0.093689459,0.4654223,0.24384447,0.26722132
1o28_UFP_D_718,9.5050001e-05,0.65623088,0.041670046,0.093194953,0.44509213,0.25025257,0.32641836
1o29_UFP_A_803,0.51958918,0.67595857,0.037450185,0.093689459,0.4654223,0.24384447,0.26722132
1o29_UFP_C_813,0.51958918,0.67595857,0.037450185,0.093689459,0.4654223,0.24384447,0.26722132
1o2i_655_A_246,0.4420298,0,0.047810969,0.0960213,0.7039812,0.22541682,0
1o68_KIV_B_275,0.9921679,0.99823975,0.03541853,0.098302775,0.75614116,0.25262093,0.65560804
1o68_KIV_D_275,0.92939119,1,0.039206247,0.1018942,0.9821337,0.26112372,0.99047589
1o68_KIV_E_275,0.9968964,0.88695067,0.039265808,0.10048019,0.9452387,0.25049856,0.63647904
1o6g_SIN_A_724,0.96743382,0.91780026,0.035305563,0.095719325,0.74244214,0.23937501,2.8431668e-08
1o8a_NXA_A_702,0.98983562,0,0.049208122,0.10389943,0.99091045,0.23930454,0.99092957
1okm_SAB_A_555,0.99019112,0.20688254,0.045583027,0.099509698,0.97463114,0.22544033,0
1om5_INE_A_790,0.00020521086,0.6562351,0.041669152,0.093195058,0.44509644,0.25025122,0.32640585
1om5_INE_B_791,0.17961588,0.6631061,0.040213204,0.093365738,0.45211245,0.24804366,0.30604487
1opr_ORO_A_220,0.99831537,0.70792638,0.029404261,0.090890572,0.22505904,0,0.097225583
1ov5_2LP_A_403,0.99352793,1,0.03887639,0.10211638,0.99478527,0.26053511,0.99529623
1ovk_NYL_A_405,0.95630158,0.98703406,0.039281316,0.10206845,0.99258249,0.26061601,0.99273848
1owz_4FA_A_409,0.98487937,0.19856704,0.045935359,0.099684414,0.98990214,0.22537444,0
1oxp_IK2_A_411,0.96819645,0.74456605,0.025821966,0.088067566,8.2486259e-06,0.23481075,0.021462025
1p1w_AMQ_A_428,0.99363753,0,0.048020339,0.099874444,0.96512929,0.22004834,0
1p1w_AMQ_B_427,0.99633263,0,0.047036458,0.099192302,0.90247571,0.21990621,0
1p2s_ETF_A_400,0,0.7009665,0.034376952,0.087782596,0.0078780893,0.24758685,0.1620665
1p7c_THM_B_501,0.98834238,0,0.048399289,0.10010791,0.98697997,0.22014608,0
1p7l_MET_A_485,0.98409624,0.74530844,0.025682314,0.088075242,4.4855776e-05,0.23461326,0.019469663
1p7l_MET_B_385,0.97969341,0.74510616,0.025720422,0.088072687,6.4489877e-07,0.23466769,0.020007269
1p7l_PPK_C_684,0.98636298,0.74480404,0.025766799,0.088155864,0.0063636828,0.23463382,0.021798647
1p7l_PPK_D_884,0.0071423959,0.65650078,0.041612856,0.093201658,0.44536772,0.25016586,0.32561857
1pfw_MF3_A_553,0.98994574,1,0.037948318,0.1011176,0.93724513,0.25859824,0.89847451
1pi3_TZD_A_530,0.51958918,0.67595857,0.037450185,0.093689459,0.4654223,0.24384447,0.26722132
1pke_2FD_A_446,0,0.65622724,0.041670818,0.093194863,0.44508841,0.25025374,0.32642914
1pke_2FD_B_447,0,0.65622724,0.041670818,0.093194863,0.44508841,0.25025374,0.32642914
1pke_2FD_C_448,0.99291476,0.73895163,0.026762772,0.088961605,0.070094079,0.235044,0.047347615
1pl6_572_A_405,0.66601137,0.68173389,0.036266022,0.093828465,0.47113337,0.24205883,0.25084474
1pl6_572_B_407,0.62174352,0.68003853,0.036625263,0.093786351,0.46940224,0.24260352,0.25586862
1pl6_572_C_409,0,0.65622724,0.041670818,0.093194863,0.44508841,0.25025374,0.32642914
1poc_GEL_A_420,0.51958918,0.67595857,0.037450185,0.093689459,0.4654223,0.24384447,0.26722132
1pr0_NOS_A_1245,0,0.65622724,0.041670818,0.093194863,0.44508841,0.25025374,0.32642914
1pr0_NOS_B_1246,0,0.65622724,0.041670818,0.093194863,0.44508841,0.25025374,0.32642914
1pr0_NOS_C_1247,0.97562186,1,0.038903965,0.10201476,0.98695175,0.2607297,0.99591391
1pr6_XYA_A_1245,0.98852205,0,0.041385175,0.09511384,0.53011637,0.21932329,0
1pr6_XYA_C_1247,0.95218787,0,0.034284165,0.089806567,0.048018603,0.21885662,0
1pvc_ILE_0_7,0.51958918,0.67595857,0.037450185,0.093689459,0.4654223,0.24384447,0.26722132
1pwz_RSO_A_256,0.99704689,0.74583677,0.025581627,0.088091445,0.00086467767,0.2344585,0.018173812
1pym_OXL_A_1001,0.99587261,0.74586525,0.025577689,0.08808002,1.8353189e-09,0.23446644,0.017964212
1pzy_NAG_B_405,0.96747266,1,0.038999328,0.10202781,0.98877682,0.26082988,0.99629568
1pzy_NAG_D_406,0.98454775,0.21609547,0.045242261,0.099273389,0.95472897,0.22564263,0.00043383384
1q20_PLO_A_401,4.5957738e-07,0.65622726,0.041670814,0.093194863,0.44508843,0.25025373,0.32642909
1q3a_NGH_A_480,0.99064438,0.85950608,0.031258646,0.093756398,0.43895906,0.24380462,0.32681431
1q3a_NGH_B_479,0.96675714,0.95346286,0.037783148,0.097676544,0.92756993,0.24047025,0
1q4g_BFL_A_701,0.98606175,0.69399105,0.033668758,0.094132941,0.48364922,0.23812078,0.21452282
1q4g_BFL_B_1701,0.9911122,0.69418447,0.033627773,0.094137746,0.48384672,0.23805864,0.21394965
1q6r_LX1_A_7301,0.99215021,0,0.034141459,0.08998003,0.060144459,0.21843939,0
1q6r_LX1_B_9301,0.98713275,0,0.033693884,0.08962674,0.028295898,0.21843731,0
1q92_DRM_A_1001,0.98807652,0.69406821,0.033652408,0.094134858,0.48372801,0.23809599,0.21429416
1qit_MAE_A_411,0,0.69914275,0.03436297,0.087628385,2.0989431e-05,0.2468538,0.14371205
1qmh_CIT_A_401,0,0.18994408,0.049834409,0.095681034,0.70857955,0.23580175,0.016457058
1r4f_AD3_B_330,0,0.65622724,0.041670818,0.093194863,0.44508841,0.25025374,0.32642914
1r4s_MUA_A_800,0.082806303,0.05019663,0.054683009,0.098984124,0.98834243,0.23252517,0
1rf2_BV4_E_105,0,0.6580986,0.041384487,0.092977423,0.42467202,0.25012997,0.31946303
1rf2_BV4_H_108,0.022685385,0.65709604,0.041486722,0.093216444,0.44597555,0.24997461,0.32385462
1rnd_DGP_A_126,0,0.65622724,0.041670818,0.093194863,0.44508841,0.25025374,0.32642914
1rum_BEZ_H_1601,0.98712959,0.9750919,0.023425969,0.088445963,0.0063939891,0.24344123,0.21253422
1rvt_NDG_H_742,0,0.65622724,0.041670818,0.093194863,0.44508841,0.25025374,0.32642914
1rvz_NAG_A_3321,2.3336708e-05,0.65622814,0.041670628,0.093194885,0.44508933,0.25025345,0.3264265
1rvz_NAG_F_3331,8.6951221e-05,0.65623057,0.041670112,0.093194945,0.44509181,0.25025267,0.32641928
1s1f_PIM_A_431,0,0.69914478,0.034362623,0.08762812,6.1802859e-09,0.24685364,0.14370337
1s3u_TQD_A_187,0.5475266,0.6771962,0.037227546,0.093715746,0.46649992,0.24351672,0.26429136
1s3v_TQD_A_187,0.51958918,0.67595857,0.037450185,0.093689459,0.4654223,0.24384447,0.26722132
1s5s_PG3_A_1,0.97213715,0.86031738,0.037789829,0.098860159,0.82229427,0.24847537,0.55755448
1s6h_4BZ_A_1,0.99692146,0.97821881,0.037934749,0.098129192,0.97033242,0.24074,0
1s83_4HA_A_5,0.97650847,0.96651693,0.038405501,0.098286306,0.9817371,0.24089926,0.0083943497
1sep_BIO_A_801,0,0.65622724,0.041670818,0.093194863,0.44508841,0.25025374,0.32642914
1sff_IK2_B_450,0.51958918,0.67595857,0.037450185,0.093689459,0.4654223,0.24384447,0.26722132
1sff_IK2_C_450,0.51958918,0.67595857,0.037450185,0.093689459,0.4654223,0.24384447,0.26722132
1sjc_SMG_A_1000,0.93247286,0.69193872,0.034103641,0.09408196,0.48155358,0.23878016,0.22060452
1sjc_SMG_B_1100,0.97844694,0.69369942,0.033730554,0.094125697,0.48335144,0.23821448,0.21538701
1sjc_SMG_D_1300,0,0.65622724,0.041670818,0.093194863,0.44508841,0.25025374,0.32642914
1sqk_LAR_A_378,0,0.65622724,0.041670818,0.093194863,0.44508841,0.25025374,0.32642914
1syf_THP_A_180,0,0.65622724,0.041670818,0.093194863,0.44508841,0.25025374,0.32642914
1sz6_NAG_A_5003,0,0.69905963,0.034377189,0.087639217,0.00088095403,0.24686044,0.14406797
1sz6_NAG_B_5002,0,0.69914269,0.03436298,0.087628393,2.1621625e-05,0.24685381,0.14371231
1sz6_NAG_B_5004,6.220312e-05,0.69914767,0.034362078,0.087628151,2.4218257e-07,0.24685287,0.14369561
1t87_CAM_B_2422,0.081808415,0.69983002,0.034180306,0.088076118,0.032618709,0.24608772,0.14687417
1t93_FLV_A_431,0.99121425,0.74564615,0.025618877,0.088077979,5.7515578e-06,0.23452442,0.018554758
1t93_FLV_A_432,0.99533845,0.74690079,0.00011129274,0.088085047,0.00079637273,0.23451172,0.018979184
1tc2_7HP_A_800,0.99734029,0.1997446,0.045849774,0.099715045,0.99171433,0.22526301,1.0491379e-07
1tc2_7HP_B_810,0.99836053,0.20296971,0.045716295,0.099642366,0.98543863,0.22529929,1.2944224e-07
1thc_FL9_A_130,3.6158123e-07,0.65622726,0.041670815,0.093194863,0.44508843,0.25025374,0.3264291
1thc_FL9_A_131,0.0034077821,0.9819991,0.031182325,0.086502017,0.00037338405,0.24999238,7.6225485e-07
1thc_FL9_B_130,0,0.94444694,0.031865895,0.087903725,1.7245159e-08,0.25608839,0.34311571
1thc_FL9_B_131,0.030091695,0.98618795,0.030913716,0.086517594,7.0184595e-06,0.24978729,1.2601285e-09
1tiw_TFB_A_2002,0.62811862,0.97161368,0.034081246,0.09596506,0.46832062,0.26262112,0.97557413
1tkh_DPN_A_913,0,0,0.042002205,0.08874843,0.040389185,0.22930322,0
1tkj_MED_A_913,0.83885921,0,0.034479634,0.089165637,0,0.22001536,0
1tl2_NDG_A_237,0.98017459,1,0.038780844,0.10171202,0.98518128,0.25920299,0.91973813
1tl2_NDG_A_238,0.00028478674,0.65623815,0.041668507,0.093195134,0.44509955,0.25025024,0.32639682
1tl2_NDG_A_239,0.97786416,1,0.03879488,0.10190504,0.98178096,0.26041195,0.98124082
1tl2_NDG_A_240,0.90898353,0.74178071,0.026345573,0.088041663,8.5012011e-05,0.23554786,0.028970036
1tl2_NDG_A_241,0.98446654,0.74531942,0.025680141,0.088076243,0.00011101267,0.23460917,0.019450291
1toq_AMG_A_501,0.99549451,0.95893793,0.039323992,0.10222769,0.99717729,0.25968573,0.99724082
1toq_AMG_E_503,0,0.9581768,0.047475533,0.10116746,0.9941913,0.27054957,0.99461845
1toq_AMG_G_504,0.9657646,0.94595247,0.039424947,0.10201255,0.97921127,0.25964224,0.99399425
1tsd_UMP_A_267,0.51958918,0.67595857,0.037450185,0.093689459,0.4654223,0.24384447,0.26722132
1tsd_UMP_B_265,0.51958918,0.67595857,0.037450185,0.093689459,0.4654223,0.24384447,0.26722132
1tt6_DES_A_129,0.33418096,0.71482258,0.031414698,0.087779763,0,0.24269692,0.10150958
1tuu_PIS_B_2854,0.0094804323,0.89805393,0.031996647,0.086659086,0,0.24814705,0
1tvw_CB3_A_318,0.4420298,0,0.047810969,0.0960213,0.7039812,0.22541682,0
1tvw_UMP_A_317,0.99132926,0.73723099,0.027058386,0.089175432,0.087126514,0.23519513,0.054597042
1u18_HSM_A_401,0.88445605,0,0.035304859,0.090067223,0.078205628,0.21965491,0
1u1g_BBB_B_4300,0,0.95564832,0.034023497,0.089737875,0.14448488,0.25799379,0.41983192
1u1g_BBB_C_5300,0,0.98152727,0.036645726,0.092074856,0.32774737,0.26082203,0.52599456
1u1g_BBB_D_6300,0,0.95308125,0.046567975,0.09727574,0.98137212,0.25117914,0
1u1g_BBB_F_8300,0.4420298,0,0.047810969,0.0960213,0.7039812,0.22541682,0
1u2o_NEC_A_1001,0.51958918,0.67595857,0.037450185,0.093689459,0.4654223,0.24384447,0.26722132
1u2o_NEC_B_1002,0.51958918,0.67595857,0.037450185,0.093689459,0.4654223,0.24384447,0.26722132
1u6r_IOM_B_1601,0.9270924,0.74263849,0.026184423,0.08804881,8.499711e-09,0.23532196,0.026648424
1uay_ADN_A_1001,0.96927504,1,0.038915511,0.10194411,0.98484557,0.26058525,0.98503771
1uay_ADN_B_1002,0.99461596,1,0.038914066,0.1021585,0.99770245,0.26057504,0.99770735
1ubs_SER_B_398,0.96313177,0.66238272,0.03988529,0.098744765,0.84783539,0.2414147,0.37299303
1uk7_BUA_A_1300,0.99759868,1,0.037353411,0.1007474,0.90257817,0.25845667,0.89872057
1um4_SH4_H_1001,0.95339115,0.69273985,0.033933886,0.094101861,0.48237161,0.23852277,0.21823054
1uqx_MMA_A_1116,0.90406872,0.92333776,0.039107007,0.09806967,0.95911907,0.24086817,0.01502514
1uux_PPI_A_1165,0.99515914,0.93079883,0.023553011,0.087612666,0.00041528366,0.23801545,0.00012097063
1uxi_FUM_A_1311,0,0.91529939,0.045111597,0.096029408,0.86098064,0.25016272,0
1uxi_FUM_B_1311,0.78912487,0.91581464,0.027698077,0.089063029,0.14989793,0.24022761,0
1uxq_G1P_A_1503,0.95994683,0.74411356,0.025905939,0.088072354,0.00068559358,0.23491859,0.022783959
1v03_BGC_A_1498,0.91451413,0,0.047362664,0.098837949,0.87859552,0,0
1v5g_HTL_A_1602,0.17612155,0.66297228,0.040241561,0.093362414,0.4519758,0.24808666,0.30644143
1v5y_4HC_A_1455,0.99504592,0.98753036,0.022959508,0.087502875,1.7080079e-07,0.23921531,7.7755802e-06
1v5y_4HC_B_1201,0.0021852445,0.98407117,0.031165251,0.086492947,4.1809602e-06,0.25004925,1.169379e-05
1vje_MSE_A_401,0.93868149,0.89802039,0.024351044,0.087610391,3.1162682e-06,0.23793859,1.1335214e-06
1vkf_CIT_A_501,0,0.65622724,0.041670818,0.093194863,0.44508841,0.25025374,0.32642914
1vkf_CIT_D_503,0.7903452,0.73622238,0.027390843,0.087986854,7.6385723e-06,0.23702296,0.043917321
1vl1_CIT_A_300,0.86706107,0.73508622,0.02752417,0.088638777,0.048999102,0.23644669,0.054507327
1vzd_UFP_A_317,0.98543516,0.74537541,0.025669792,0.088075308,1.882708e-06,0.23459628,0.019282827
1vzu_UDP_A_1371,0,0.65622724,0.041670818,0.093194863,0.44508841,0.25025374,0.32642914
1vzu_UDP_B_2371,0.97566077,0.65956822,0.040356805,0.09919385,0.88303613,0.24153043,0.38597969
1w1a_NDG_1_1261,0,0.91813182,0.031885821,0.086626051,0.0012541785,0.24867878,4.5442916e-06
1w1a_NDG_2_1261,0.89520071,0.90850903,0.025605037,0.088262211,0.065471508,0.23875607,5.8839044e-06
1w3t_3GR_B_1297,0.97220018,0.79823146,0.029411221,0.091598624,0.26933799,0.24016354,0.20483754
1w3t_3GR_C_1297,0.57352286,0.6781918,0.037016582,0.093740477,0.46751653,0.24319685,0.26134109
1w55_C_A_1372,1.4510704e-05,0.6562278,0.0416707,0.093194876,0.44508898,0.25025356,0.3264275
1w55_C_A_1373,0.9813245,0.652682,0.041530339,0.10012849,0.95703139,0.24203086,0.41588912
1w55_GPP_A_1374,0,0.69914477,0.034362624,0.087628121,8.7802426e-08,0.24685364,0.1437034
1w62_PYC_A_700,0,0,0.057411716,0.1029396,0.99455149,0.25025479,0.99453936
1w78_PD8_A_1421,0.51927527,0.67752572,0.037377881,0,0.46163145,0.24386292,0.26663283
1wc7_PP3_A_1214,0,0.92140223,0.032092006,0.087882967,9.453789e-06,0.25527605,0.32563236
1wmz_NGA_C_503,0,0.69871089,0.034436849,0.087684667,0.0044891239,0.24688828,0.14556129
1wq4_TYR_A_501,0.98465747,0,0.04707195,0.099137215,0.89852906,0.22002743,2.2285523e-06
1x09_IPE_A_901,0.98596716,0.43833129,0.039907412,0.096918137,0.73411853,0.23148298,0.11013749
1x09_IPE_A_902,0.90629933,0.74166162,0.026368082,0.088039555,1.4298886e-05,0.23558071,0.029279677
1x29_PMG_B_1413,0.51958918,0.67595857,0.037450185,0.093689459,0.4654223,0.24384447,0.26722132
1x2a_PDG_A_413,0.8805022,0.68994837,0.034525392,0.094032519,0.47952122,0.23941963,0.22650258
1x7j_GEN_B_202,0,0.99376865,0.034409858,0.090383897,0.19292268,0.2598441,0.47162911
1x8x_TYR_A_952,0.99166536,0.95203449,0.023355318,0.087564988,7.4857321e-06,0.23850056,2.1509289e-06
1xc7_GL6_A_998,0.95675401,0.6661581,0.039244502,0.098210855,0.80567889,0.2411688,0.35635091
1xdj_HCS_A_1049,0.99616954,0.68467281,0.038268186,0.097851638,0.7740503,0.44055216,0.34962285
1xid_ASC_A_389,0.9912334,0.89814863,0.023936125,0.087686352,0.0010913964,0.23741969,0.0027791524
1xin_XYL_A_397,0.77721827,0.68599285,0.035363559,0.093934261,0.47548222,0.24069049,0.23822408
1xin_XYL_B_397,0.98988845,0.71205606,0.031366267,0.092446868,0.34689213,0.23721713,0.16228856
1xin_XYL_C_397,0.98328384,0.74510937,0.025717016,0.08809585,0.001710163,0.23463622,0.020261461
1xin_XYL_D_397,0.98686733,0.74403222,0.025898434,0.088259763,0.01459389,0.23469104,0.025141217
1xl0_OX2_A_998,0.99585109,0.99262944,0.038459081,0.1008791,0.97801986,0.25484982,0.71233137
1xny_BTN_A_5602,0.96277469,0.88526479,0.024888739,0.088658507,0.03052433,0.24086698,0.1596303
1xuz_PEP_A_2001,0.9135682,1,0.038649381,0.10124548,0.93958689,0.26036468,0.94619993
1y2x_NAG_A_144,0,0.65622724,0.041670818,0.093194863,0.44508841,0.25025374,0.32642914
1y2x_NAG_B_1144,0,1,0.047030701,0.10107703,0.99351531,0.27140342,0.99305975
1y2x_NAG_C_2144,0.96157168,0.74424887,0.025881498,0.088065392,7.4309069e-05,0.23489366,0.022325811
1y2x_NAG_D_3144,0.96231023,1,0.0390663,0.10202192,0.99065152,0.26078205,0.99071689
1y42_TYR_X_701,0.85924668,0.84976395,0.034811489,0.094246118,0.60631816,0.23887812,3.968174e-06
1y5v_NE8_A_500,0,0.65622724,0.041670818,0.093194863,0.44508841,0.25025374,0.32642914
1y5x_E89_A_500,0.51958918,0.67595857,0.037450185,0.093689459,0.4654223,0.24384447,0.26722132
1y5x_E89_D_1500,0,0.65622724,0.041670818,0.093194863,0.44508841,0.25025374,0.32642914
1y8j_STS_A_900,0.87107372,0,0.034214554,0.089198614,0,0.21966147,0
1yee_PNB_H_551,0.51958918,0.67595857,0.037450185,0.093689459,0.4654223,0.24384447,0.26722132
1yik_MM1_A_501,0.34175622,0.66515264,0.038875408,0.093520874,0.45831559,0.24614918,0.28969461
1yw9_A84_A_482,0,0.65622724,0.041670818,0.093194863,0.44508841,0.25025374,0.32642914
1z11_8MO_C_501,0.98998631,0.94893196,0.023562166,0.088345917,0.00024697782,0.24241477,0.18932623
1z4k_T3P_A_4341,0.51958918,0.67595857,0.037450185,0.093689459,0.4654223,0.24384447,0.26722132
1z6k_OAA_A_274,0,0.41676994,0.039815358,0.08952583,0.17954254,0.23849392,0.00022556493
1zb6_DIN_A_401,0.99759157,0.74593439,0.025564493,0.0880823,0.00011901319,0.23444597,0.017796431
1zb6_GST_A_502,0,0.65622724,0.041670818,0.093194863,0.44508841,0.25025374,0.32642914
1zdq_MSM_A_1507,0.93784982,0.99225512,0.038066146,0.097893826,0.95670318,0.24166174,0
1zdq_MSM_B_1508,0.95106816,0.19035939,0.046370215,0.099721765,0.99527764,0.22560406,0
1zei_CRS_C_56,0.99600051,0.99193138,0.036684809,0.098161212,0.88448169,0.24598529,0.26359788
1zei_CRS_D_54,0.036488016,0.96964612,0.046600351,0.098969638,0.99369211,0.25909283,0.41055306
1zei_CRS_E_54,0.99604346,0.98713007,0.038870081,0.1020164,0.98767554,0.25997357,0.98244692
1zei_CRS_E_55,0.99500818,0.68235439,0.026348584,0.088106414,9.8062974e-06,0.23229087,9.805556e-06
1zei_CRS_F_54,0.99545588,0.99076024,0.03593063,0.097644378,0.83379369,0.24605786,0.27302846
1zei_CRS_F_55,0.24575348,0.98633146,0.00010325508,0.089289124,0.21348986,0.2489498,0.059056671
1zfj_IMP_A_500,0.98325547,0.238766,0.04431534,0.09871069,0.90681112,0.22597455,0
1zg3_2HI_A_365,0.80538256,0.98039737,0.024791103,0.088290525,2.6605662e-05,0.24610148,0.24243385
1zha_PEP_A_1268,0.99620821,0.74385889,0.025920655,0.088343702,0.020921135,0.23462367,0.026580502
1zha_PEP_B_2268,0,0.69672763,0.034776129,0.087943132,0.025008269,0.24704658,0.15405358
1zha_R5P_A_1269,0.51672359,0,0.047349891,0.096114023,0.70898528,0.22474991,0
1zjp_DR4_A_1,0.92249257,0.74242266,0.026225006,0.088046727,3.9146134e-07,0.23537918,0.027229358
1zk0_SS2_A_1260,0.78316205,0.68640252,0.035919357,0.094432401,0.5119674,0.24106206,0.25670985
1zmt_RNO_A_1002,0,0.93791651,0.031930862,0.08789856,5.949699e-05,0.25585879,0.33818808
1zmt_RNO_B_1001,0.98887301,0.96317512,0.023427923,0.088355214,0,0.24292989,0.20019515
1zmt_RNO_C_1003,0.00013013306,0,0.050949098,0.095121107,0.65000702,0.23034872,0
1zmt_RNO_D_1004,0,0.95191147,0.031792702,0.087910488,0,0.25635156,0.34878027
1zng_HE4_A_202,0.98427394,0.74530574,0.025682634,0.08807676,0.0001590073,0.23461193,0.019494471
1zoy_UQ1_B_1201,0.99492405,0.74581902,0.025586353,0.088079816,1.7945595e-05,0.23447837,0.018091405
1zpd_CIT_A_610,0,0.65622724,0.041670818,0.093194863,0.44508841,0.25025374,0.32642914
1zpd_CIT_B_610,0,0.65622724,0.041670818,0.093194863,0.44508841,0.25025374,0.32642914
1zpd_CIT_E_610,0.98209188,0.74041075,0.026521767,0.088700364,0.049744436,0.23502162,0.040291978
1zpd_CIT_F_610,0.89851557,0.69063824,0.034379211,0.094049655,0.48022565,0.23919799,0.22445827
1zuw_DGL_A_1301,0.0022358184,0.65631287,0.041652674,0.09319699,0.44517585,0.25022623,0.3261754
1zuw_DGL_B_2301,0.0010481364,0.65626738,0.041662312,0.09319586,0.4451294,0.25024084,0.32631019
1zuw_DGL_C_3301,0,0.65622724,0.041670818,0.093194863,0.44508841,0.25025374,0.32642914
1zwp_NIM_A_401,0.9545907,0.74390508,0.025945865,0.088064346,0.00024279211,0.2349818,0.023276962
227l_BNZ_A_169,0.99736557,0.74593301,0.02556491,0.088080996,2.3666409e-05,0.23444805,0.017785505
2a15_NCA_A_1001,0.94465878,0.19171394,0.046334999,0.099658903,0.99032072,0.22568982,0
2a1m_CAM_A_1422,0.50253516,0.67547314,0.037592659,0.093672944,0.46474049,0.24407031,0.26939736
2a1m_CAM_B_2422,0,0.69557928,0.03497258,0.08809279,0.036889306,0.24713824,0.1589708
2a5t_GLU_B_2002,0,4.3225342e-05,0.0413818,0.088306834,0,0.2292316,0
2a5t_GLY_A_1001,0,0,0.041382248,0.088306914,0,0.22923068,0
2a9z_26A_A_1001,0.99335643,0.19576988,0.046022586,0.099791721,0.998523,0.22524642,0
2a9z_26A_A_1002,0.9726906,0.20449156,0.04573303,0.099484398,0.97359999,0.22558613,0
2agw_TSS_D_3001,0,0,0.050950005,0.095120857,0.64999217,0.23035013,0
2agw_TSS_H_2001,0,0,0.050950005,0.095120857,0.64999217,0.23035013,0
2ahc_VNL_A_166,0.14034678,0.66160219,0.04053188,0.09332838,0.4505768,0.24852685,0.31050145
2ahc_VNL_B_266,0.99686779,0.74586228,0.025577406,0.088086944,0.00051382353,0.23445802,0.018051216
2ahc_VNL_D_466,0.99549928,0.74581211,0.025587076,0.088084494,0.00036857131,0.23447392,0.018163889
2ai1_P1G_A_293,0.89927666,0.64584959,0.042764456,0.10048004,0.98789627,0.24328953,0.4390226
2aiq_BEN_A_401,0.98927238,0.98338686,0.037931403,0.098103913,0.96948563,0.24093885,0.00035627015
2ajv_COC_L_501,0.51958918,0.67595857,0.037450185,0.093689459,0.4654223,0.24384447,0.26722132
2ajx_TGN_L_501,0.02223558,0.65707881,0.041490372,0.093216016,0.44595796,0.24998014,0.32390567
2as1_TP5_A_500,0.84014149,0.99355835,0.024187201,0.087344209,0.0010120522,0.24104636,0
2b04_CHO_A_200,0,0.65622724,0.041670818,0.093194863,0.44508841,0.25025374,0.32642914
2b3f_GAL_A_3310,0,0.65622724,0.041670818,0.093194863,0.44508841,0.25025374,0.32642914
2b3f_GAL_B_3311,0.98877692,1,0.038974453,0.10216512,0.99844754,0.26066329,0.99888467
2b3f_GAL_C_3312,0,0.65622724,0.041670818,0.093194863,0.44508841,0.25025374,0.32642914
2b3f_GAL_D_3313,0,0.65622724,0.041670818,0.093194863,0.44508841,0.25025374,0.32642914
2b3f_GAL_E_3314,0,0.65622724,0.041670818,0.093194863,0.44508841,0.25025374,0.32642914
2b3f_GAL_F_3315,0.94250889,1,0.039337364,0.10210056,0.99735715,0.2611426,0.99748793
2bdg_PBZ_A_301,0.99473734,0.20064758,0.045821204,0.099681033,0.98897645,0.22530296,0
2bdg_PBZ_B_302,0.99058278,0.19623052,0.046012421,0.099767535,0.99663567,0.22528171,0
2bf7_HBI_B_1290,0,0,0.041382262,0.088306924,9.0654154e-07,0.22923068,0
2bf7_HBI_C_1290,0,0,0.050950005,0.095120857,0.64999217,0.23035013,0
2bf7_HBI_D_1290,0,0,0.050950005,0.095120857,0.64999217,0.23035013,0
2bgc_DTT_F_1238,0.36626258,0.67025422,0.038698534,0.093543302,0.45941143,0.24574708,0.28486268
2bgc_DTU_A_1238,0.58303984,0.68013726,0.036865284,0,0.46410522,0.24309584,0.25965309
2bk3_FOF_A_1503,0.91868267,0.6988812,0.033676775,0.093696203,0.44863987,0.23888781,0.21338951
2brk_CMF_A_1534,0.51958918,0.67595857,0.037450185,0.093689459,0.4654223,0.24384447,0.26722132
2bs3_CIT_D_1657,0.99659677,0.97435028,0.023398929,0.088485419,0.0092431437,0.24331257,0.21181225
2bs8_NAG_A_1177,0.91733601,0.87833032,0.033243437,0.094993247,0.53439824,0.24652513,0.39948302
2bsc_NAG_A_1176,0,0.98456683,0.031768228,0.088177963,0.018844109,0.25769982,0.38245818
2bx7_34D_B_1313,0.98041028,0.86320922,0.024582116,0.087913042,0.0132491,0.23702698,0.013457812
2bxh_IOS_A_1002,0.21960481,0.66463758,0.039888687,0.093403781,0.45367625,0.24755162,0.3015066
2bxh_IOS_B_1002,0.00019830868,0.65623484,0.041669208,0.093195051,0.44509617,0.2502513,0.32640664
2c3d_COM_A_1525,0.99153815,1,0.038563808,0.10175633,0.97526773,0.25978192,0.95704071
2c3d_COM_A_1526,0.97782818,0.74501617,0.0257373,0.088072164,2.6327133e-05,0.23469108,0.020253403
2c3d_COM_B_1525,0.97631434,0.74338104,0.02601823,0.088275318,0.016208887,0.23483476,0.027142041
2c5b_5F1_A_500,0,0,0.050950005,0.095120857,0.64999217,0.23035013,0
2c5b_5F1_C_500,0,0,0.050950005,0.095120857,0.64999217,0.23035013,0
2c6q_IMP_A_1337,0.51958918,0.67595857,0.037450185,0.093689459,0.4654223,0.24384447,0.26722132
2c6q_IMP_B_1339,0.51958918,0.67595857,0.037450185,0.093689459,0.4654223,0.24384447,0.26722132
2c6q_IMP_C_1337,0.51958918,0.67595857,0.037450185,0.093689459,0.4654223,0.24384447,0.26722132
2c6q_IMP_D_1337,0.51958918,0.67595857,0.037450185,0.093689459,0.4654223,0.24384447,0.26722132
2c6q_IMP_E_1337,0.51958918,0.67595857,0.037450185,0.093689459,0.4654223,0.24384447,0.26722132
2c6q_IMP_G_1338,0.51958918,0.67595857,0.037450185,0.093689459,0.4654223,0.24384447,0.26722132
2c6q_IMP_H_1337,0.51958918,0.67595857,0.037450185,0.093689459,0.4654223,0.24384447,0.26722132
2caq_GSH_A_1208,0,0.65622724,0.041670818,0.093194863,0.44508841,0.25025374,0.32642914
2ci0_1CM_A_1450,2.7426361e-05,0.65622829,0.041670595,0.093194889,0.44508949,0.2502534,0.32642603
2coj_GBN_A_420,0.99037458,0.72425019,0.029279803,0.090860873,0.2209652,0.23623956,0.1101096
2coj_GBN_B_420,0.99002875,0.2212179,0.045061334,0.099211147,0.94883069,0.22569129,0.0017205918
2cxp_A5P_A_1601,0.99396606,0.69109633,0.034948653,0.095205205,0.56572498,0.2388547,0.25234241
2cxp_A5P_B_2601,0.99442931,0.74579754,0.025590421,0.088079365,0,0.23448439,0.018146443
2d0e_NQ_A_409,0.02018451,0.96322172,0.031234132,0.086550461,6.3525041e-05,0.24940982,6.4729174e-07
2d0e_NQ_A_410,0.99111416,0.98804439,0.02298709,0.087498293,3.6539229e-05,0.23926943,6.1722315e-06
2d1j_D01_A_700,0.51958918,0.67595857,0.037450185,0.093689459,0.4654223,0.24384447,0.26722132
2d20_NPO_B_953,0.99645267,0.74574587,0.02559765,0.088099388,0.0015166757,0.23447092,0.018518683
2d3n_GLC_A_608,0.013895512,0.69972881,0.034251655,0.08764327,0.00070214434,0.24668622,0.14223951
2dcf_ACA_A_501,9.6187547e-07,0.9150999,0.047755221,0.1004616,0.97327166,0.26593203,0.83433157
2dm5_ODI_A_312,0,0.65622724,0.041670818,0.093194863,0.44508841,0.25025374,0.32642914
2dv0_ZST_A_600,0.51927527,0.67752572,0.037377881,2.8377262e-09,0.46163145,0.24386292,0.26663283
2e40_LGC_A_1001,0.9583643,0.74052891,0.026520432,0.088529126,0.037004959,0.23521848,0.038015321
2e40_LGC_B_2001,0,0.65622724,0.041670818,0.093194863,0.44508841,0.25025374,0.32642914
2e56_MYR_A_501,0.65949861,0.68148446,0.036318874,0.093822269,0.47087868,0.24213896,0.25158386
2e56_MYR_A_601,0,0.65622724,0.041670818,0.093194863,0.44508841,0.25025374,0.32642914
2e56_MYR_A_701,0.9766597,0.7449639,0.025747172,0.088071302,0,0.23470542,0.02039004
2eb5_OXL_A_2001,0.98917454,0.73927344,0.026710695,0.088895101,0.06494912,0.23505083,0.045690505
2eb5_OXL_B_2002,0.98365441,0.74270542,0.02612797,0.088411576,0.026761768,0.23482488,0.03058282
2eb5_OXL_C_2003,0.98853298,0.68224332,0.036467481,0.096323282,0.65468291,0.23960858,0.28984555
2eb5_OXL_E_2005,0.99276216,0.74571933,0.025605127,0.088078609,0,0.23450512,0.018356938
2ef9_A5P_A_1269,0,0,0.050950005,0.095120857,0.64999217,0.23035013,0
2ef9_A5P_B_2269,0.96285241,0,0.034274064,0.089872786,0.053077539,0.21874855,0
2ef9_PEP_A_1268,0.99276944,1,0.035853115,0.099699475,0.80141553,0.25864974,0.9153514
2ef9_PEP_B_2268,0,0.95430057,0.044629153,0.098262604,0.79352428,0.26539115,0.78803941
2ei7_D93_A_700,0.51958918,0.67595857,0.037450185,0.093689459,0.4654223,0.24384447,0.26722132
2euq_BVC_A_401,0.73427898,0.68434837,0.035712019,0.093893411,0.47380304,0.24121883,0.24309718
2evd_D10_A_304,0.97933701,0.74445976,0.025831287,0.088154588,0.0065154614,0.23472238,0.022748565
2ex1_C5P_A_1427,0,0.65622724,0.041670818,0.093194863,0.44508841,0.25025374,0.32642914
2exs_TRP_B_2100,0,0.65622724,0.041670818,0.093194863,0.44508841,0.25025374,0.32642914
2f3s_7GP_A_998,0.98231946,0.89626171,0.039534324,0.10067713,0.95983706,0.25121633,0.65451171
2f64_12Q_A_472,0,1.3388283e-33,0.04296778,0.089436087,0.10329489,0.22941619,0
2f64_12Q_B_471,0.0054556519,1.1648884e-33,0.04133746,0.088312572,6.7573112e-06,0.22917076,0
2f78_BEZ_A_1001,0.99520585,0.98845297,0.038965877,0.10212254,0.99379844,0.26023924,0.99368829
2f78_BEZ_A_1003,0.039227747,0.99297058,0.037804221,0.094583097,0.41110663,0.26885543,0.94535438
2f78_BEZ_B_1002,0.99407507,0.9960496,0.038823835,0.10203896,0.98932595,0.26030467,0.98852637
2f78_BEZ_B_1005,0.99813612,0.98672432,0.023237224,0.087783331,0.018186831,0.23959084,0.020369962
2f7x_4EA_E_351,0.51958918,0.67595857,0.037450185,0.093689459,0.4654223,0.24384447,0.26722132
2fc0_DGP_A_239,0.0015877382,0,0.050938943,0.095123908,0.65017344,0.23033293,0
2fcu_AKG_A_897,0.9939544,0.74575492,0.025598091,0.088081801,0.00021050051,0.23449192,0.018293525
2fcu_AKG_B_898,0.9951317,0.74580836,0.02558801,0.088082568,0.00022896457,0.23447742,0.018152521
2fhk_MFN_A_600,0.51958918,0.67595857,0.037450185,0.093689459,0.4654223,0.24384447,0.26722132
2fhk_MFN_B_602,0.51866684,0.68039347,0.037122166,0.093456123,0.44405659,0.24380789,0.2616768
2fhk_MFN_C_601,0.51958918,0.67595857,0.037450185,0.093689459,0.4654223,0.24384447,0.26722132
2fib_GLY_B_2,0.4420298,0,0.047810969,0.0960213,0.7039812,0.22541682,0
2fkm_G16_X_464,5.105696e-06,0.65622744,0.041670776,0.093194868,0.44508861,0.25025368,0.32642856
2fr6_CTN_A_1001,0.51958918,0.67595857,0.037450185,0.093689459,0.4654223,0.24384447,0.26722132
2fr6_CTN_C_1003,0.51958918,0.67595857,0.037450185,0.093689459,0.4654223,0.24384447,0.26722132
2fr6_CTN_D_1004,0.51958918,0.67595857,0.037450185,0.093689459,0.4654223,0.24384447,0.26722132
2fr6_URI_B_1002,0.45107631,0,0.047746643,0.095997863,0.70221543,0,0
2fu9_MP2_B_2410,0.93812531,0.69342034,0.034595508,0.09453558,0.51457615,0.23915466,0.23822383
2fyd_BGC_B_403,0.98348,0,0.048372695,0.10153001,0.95983845,0.22896859,0.45587006
2fyd_BGC_D_530,0,0.98317917,0.034505663,0.090096801,0.19660342,0.25785212,0.38487729
2fyd_NGA_B_404,0.97698155,0.47133659,0.028460061,0.088438507,0.00012987687,0.22848101,0
2fyd_NGA_D_529,0.9574603,0.9702943,0.023621422,0.088348743,6.9903463e-05,0.24362058,0.21062216
2fz8_ZST_A_600,0.51958918,0.67595857,0.037450185,0.093689459,0.4654223,0.24384447,0.26722132
2fzb_TOL_A_600,0.8933844,0.18897197,0.046602153,0.099482323,0.97854583,0.22617887,0
2fzb_TOL_A_800,0.97663223,0.74494892,0.025749757,0.088073074,0.00014165223,0.23470685,0.020452134
2fzb_TOL_A_900,0,0.65622724,0.041670818,0.093194863,0.44508841,0.25025374,0.32642914
2g21_L1B_A_885,0.98834116,0.6498044,0.042017035,0.10054959,0.99020939,0.24219955,0.42873463
2g5v_22M_A_301,0,0.98495266,0.045179781,0.096463526,0.91245337,0.25173039,0
2g8t_MI2_A_401,0,0,0.050950005,0.095120857,0.64999217,0.23035013,0
2g9z_VNP_A_602,0.51958918,0.67595857,0.037450185,0.093689459,0.4654223,0.24384447,0.26722132
2g9z_VNP_B_601,0.51958918,0.67595857,0.037450185,0.093689459,0.4654223,0.24384447,0.26722132
2giq_NN2_A_1001,0.51958918,0.67595857,0.037450185,0.093689459,0.4654223,0.24384447,0.26722132
2giq_NN2_B_2001,0.51958918,0.67595857,0.037450185,0.093689459,0.4654223,0.24384447,0.26722132
2gn2_C5P_A_400,0,0.96464922,0.031667809,0.087922032,3.6028831e-07,0.25680063,0.35844667
2gnm_MAN_A_253,0.95037934,0.95594477,0.038879598,0.10147536,0.94370028,0.25937185,0.96363483
2gx5_PCG_C_514,0.85691377,0,0.034338964,0.089189741,0.00051424062,0.21981794,0
2gyv_HBP_A_1409,0.51958918,0.67595857,0.037450185,0.093689459,0.4654223,0.24384447,0.26722132
2gyv_HBP_B_545,0.51958918,0.67595857,0.037450185,0.093689459,0.4654223,0.24384447,0.26722132
2gyw_OBI_A_952,0.98696586,0.67414234,0.03785458,0.097368741,0.73773655,0.24026883,0.32441695
2gzm_DGL_A_501,0.9912032,1,0.038867231,0.10208708,0.99304708,0.26051701,0.99320177
2gzm_DGL_B_502,0,1,0.046991527,0.10104414,0.99104021,0.27136912,0.99151646
2gzm_DGL_C_503,0,1,0.047028853,0.10107706,0.99337429,0.27141121,0.99347535
2hdk_COI_B_900,0,0,0.04881349,0.093599252,0.48413384,0.23010017,6.9365813e-07
2hi4_BHF_A_800,0.99774251,0.19722416,0.045950428,0.099777514,0.99702579,0.22522229,0
2hjp_PPR_A_291,0,0,0.050950005,0.095120857,0.64999217,0.23035013,0
2hs3_FGR_A_2166,0.92818262,0.69177442,0.034138457,0.094077879,0.48138581,0.23883295,0.22109141
2ht8_G39_A_800,0.96659385,0.95885985,0.03859543,0.098284747,0.9840305,0.24069352,0.0002985737
2htu_BCZ_A_801,0.4420298,0,0.047810969,0.0960213,0.7039812,0.22541682,0
2i1v_F6P_B_720,0,0.65622724,0.041670818,0.093194863,0.44508841,0.25025374,0.32642914
2i1v_FDP_B_710,0,0.65622724,0.041670818,0.093194863,0.44508841,0.25025374,0.32642914
2i6p_4NP_A_401,0.96173383,0.74424816,0.025881491,0.088066549,0.00016037917,0.23489231,0.02234096
2iht_TPP_B_600,0.51958918,0.67595857,0.037450185,0.093689459,0.4654223,0.24384447,0.26722132
2iht_TPP_D_600,0.51958918,0.67595857,0.037450185,0.093689459,0.4654223,0.24384447,0.26722132
2ij7_TPF_C_2471,8.3067248e-05,0.65623042,0.041670144,0.093194942,0.44509166,0.25025272,0.32641972
2ij7_TPF_D_2473,0,0.65622724,0.041670818,0.093194863,0.44508841,0.25025374,0.32642914
2ij7_TPF_F_2474,0.91679073,0.69133814,0.034230904,0.094067041,0.48094032,0.23897312,0.22238426
2ipf_FFA_A_3,0.97721847,0,0.033539893,0.089448824,0.012948833,0.21851866,0
2isf_PAC_A_317,0.99146936,0.74554019,0.025636801,0.088093464,0.0012259024,0.23453066,0.019027534
2ixi_TYD_A_1182,0,0.65622724,0.041670818,0.093194863,0.44508841,0.25025374,0.32642914
2ixi_TYD_B_1182,0.97950715,0.74342152,0.026008765,0.088291012,0.017339826,0.23480377,0.02720698
2iyq_SKM_A_201,0.94684248,0.96253333,0.038734554,0.098298685,0.98451484,0.24117151,0.0097245743
2izf_BTN_B_300,0.99576395,0.19908127,0.04588139,0.099723528,0.99254101,0.22526964,0
2izf_BTN_D_301,0.99433626,0.1981072,0.045925117,0.099740186,0.99405643,0.22527023,0
2j1s_FUL_A_1153,0,0.95944846,0.04746449,9.8793906e-66,0.9956599,0.27051455,0.99149687
2j1s_FUL_B_1153,0.9963517,0.94123959,0.038804685,0.10162601,0.954016,0.25838809,0.95402937
2j51_DKI_A_1314,0,0.65622724,0.041670818,0.093194863,0.44508841,0.25025374,0.32642914
2j5b_TYE_A_1336,0,0.65622724,0.041670818,0.093194863,0.44508841,0.25025374,0.32642914
2j5b_TYE_B_1338,0.83428746,0.95071983,0.032856842,0,0.53486462,0.24115817,0
2j9e_AKG_C_1119,0.66424052,0.68166607,0.036280393,0.09382678,0.47106412,0.24208062,0.25104571
2jfv_FLC_A_1271,0.89292768,0.72798982,0.028717587,0.089733496,0.13497512,0.23678825,0.086824429
2jhp_GUN_A_1647,0.003464884,0.69818481,0.03452409,0.087775984,0.011613809,0.24690014,0.14807251
2jhp_GUN_A_1648,0.0013521698,0.69910596,0.034368187,0.087642059,0.001057896,0.24684498,0.14397047
2ji6_TPW_A_1566,0.51958918,0.67595857,0.037450185,0.093689459,0.4654223,0.24384447,0.26722132
2ji6_TPW_B_1566,0.51958918,0.67595857,0.037450185,0.093689459,0.4654223,0.24384447,0.26722132
2jig_PD2_A_1254,0,0.99521059,0.031067708,0.08647006,0,0.25030895,0
2nos_AGU_A_903,0.15479364,0.70637841,0.033001988,0.087702058,0.00029350186,0.2449305,0.12428055
2npq_BOG_A_1000,0,0.65622724,0.041670818,0.093194863,0.44508841,0.25025374,0.32642914
2npq_BOG_A_2000,0,0.69914478,0.034362623,0.08762812,0,0.24685364,0.14370337
2nry_STU_A_504,0.99421219,0.69430319,0.033602616,0.094140695,0.48396795,0.23802049,0.21359784
2nry_STU_C_503,0.99268149,0.69424457,0.033615038,0.094139239,0.48390809,0.23803933,0.21377156
2nry_STU_D_501,0.99343246,0.69427333,0.033608944,0.094139953,0.48393746,0.23803009,0.21368633
2ntk_IMP_A_205,0.51958918,0.67595857,0.037450185,0.093689459,0.4654223,0.24384447,0.26722132
2ntk_IMP_B_206,0.51958918,0.67595857,0.037450185,0.093689459,0.4654223,0.24384447,0.26722132
2ntk_IMP_C_207,0.44147755,0,0.04775874,0,0.70077635,0.22541222,0
2ntk_IMP_D_208,0.51958918,0.67595857,0.037450185,0.093689459,0.4654223,0.24384447,0.26722132
2nu7_COA_B_1025,0,0.65622724,0.041670818,0.093194863,0.44508841,0.25025374,0.32642914
2nu7_COA_B_1325,0,0.65622724,0.041670818,0.093194863,0.44508841,0.25025374,0.32642914
2nu7_COA_E_1025,0.52875291,0.67647721,0.037379898,0.093697886,0.46576576,0.24374772,0.26642195
2nu7_COA_E_1325,0.17455798,0.91821945,0.030665999,0.087956671,3.6358971e-07,0.25272443,0.29547536
2nz5_226_A_431,0.029638301,0.52275413,0.035742834,0.087376413,2.1495134e-06,0.23993125,4.3509303e-07
2nz5_226_A_432,0.0022024582,0.69924806,0.034343201,0.087629125,4.3177406e-07,0.24682625,0.14342546
2o1o_RIS_A_400,0,0.65622724,0.041670818,0.093194863,0.44508841,0.25025374,0.32642914
2o1o_RIS_B_400,0.92457638,0.69163631,0.034167723,0.094074448,0.48124478,0.23887732,0.22150068
2o7b_HC4_A_701,0.99474963,0.65125824,0.041763224,0.10040221,0.97827822,0.24202778,0.42298752
2o7b_HC4_C_701,0.99752334,0.65124222,0.041763758,0.10042252,0.97979032,0.24200495,0.42326313
2o7b_HC4_D_701,0.99309925,0.65110469,0.041790805,0.10041138,0.97906581,0.24205439,0.42352186
2o7b_HC4_E_701,0.99667241,0.65111078,0.041786921,0.10043406,0.98073718,0.24202284,0.42376245
2o7b_HC4_G_701,0.99643873,0.64950053,0.042062576,0.10064238,0.99728374,0.2421534,0.4306401
2o7d_DHC_A_701,0.51958918,0.67595857,0.037450185,0.093689459,0.4654223,0.24384447,0.26722132
2o7d_DHC_B_701,0.51958918,0.67595857,0.037450185,0.093689459,0.4654223,0.24384447,0.26722132
2o7d_DHC_G_701,0.98389492,0.69390807,0.033686343,0.09413088,0.48356449,0.23814744,0.21476873
2oci_TYC_A_401,0.99565989,0.85657699,0.025276521,0.088432388,0.062857317,0.2365482,2.3054853e-05
2okk_ABU_A_585,0,0.69914474,0.034362628,0.087628124,3.3406161e-07,0.24685364,0.1437035
2ot7_OGA_A_500,0.99467675,0.74575722,0.025597121,0.088086245,0.00053726649,0.23448545,0.01833756
2ot7_OGA_B_500,0,0.18164246,0.049626254,0.095437163,0.69061319,0.23528982,0.0001279635
2oxp_THP_A_300,0.96268291,0.74382994,0.025952282,0.088127287,0.0049480547,0.23491744,0.024202611
2p1e_LAC_A_303,0,0.69733912,0.03467152,0.08786344,0.018681664,0.24699777,0.15143517
2pd5_ZST_A_600,0.51958918,0.67595857,0.037450185,0.093689459,0.4654223,0.24384447,0.26722132
2pin_LEG_A_501,0.94474377,0.74346658,0.026028715,0.08805682,6.7850976e-08,0.2351024,0.024419782
2pin_LEG_B_502,8.4718178e-08,0.65622724,0.041670817,0.093194863,0.44508842,0.25025374,0.32642913
2pir_NK_A_933,0.021549995,0.69976691,0.034239047,0.087688578,0.0040232903,0.24661663,0.14264758
2prg_BRL_A_1,0.94496135,0.692417,0.034002295,0.094093841,0.48204196,0.2386265,0.21918722
2prg_BRL_B_2,0.79932773,0.68683958,0.035184137,0.093955294,0.47634682,0.24041844,0.23571492
2prl_ORO_A_399,0.0026259815,0.86085771,0.04737039,0.097354782,0.9727857,0.2491816,0
2prl_R2C_A_400,0.98308756,0.98716578,0.023240977,0.088374407,7.9024643e-09,0.24385653,0.21932014
2pt6_S4M_A_501,0,0.65622724,0.041670818,0.093194863,0.44508841,0.25025374,0.32642914
2pt6_S4M_B_502,0.49062088,0.72451757,0.037314349,0.09381077,0.47153323,0.98994238,0.31317069
2pt6_S4M_C_503,0.93775205,0.69214091,0.0340608,0.094086983,0.48176003,0.2387152,0.2200054
2pvy_ACP_A_802,0.98973713,0.66309129,0.039742904,0.098827159,0.85341808,0.24112684,0.37194434
2pvy_ACP_D_802,0.97872743,0.72868234,0.025879238,0.088065102,0.0014472393,3.570043e-05,0.0072047689
2pwf_BGC_D_9999,0.95640016,0.74400991,0.025926492,0.088062568,3.6474947e-05,0.2349577,0.02296311
2pye_7PE_A_504,0,0.65622724,0.041670818,0.093194863,0.44508841,0.25025374,0.32642914
2q1a_2KT_X_295,0.99573964,0.72942866,0.02838964,0.09022123,0.16999174,0.23577957,0.088335743
2q28_TPP_A_4001,0.90482135,0.69087974,0.034328038,0.094055654,0.48047225,0.2391204,0.22374264
2q28_TPP_B_5001,0,0.65622724,0.041670818,0.093194863,0.44508841,0.25025374,0.32642914
2q6m_P34_A_1002,0.95753292,0.66150792,0.040039398,0.098822,0.85416859,0.24153321,0.37632107
2qab_EI1_A_1,0.51958918,0.67595857,0.037450185,0.093689459,0.4654223,0.24384447,0.26722132
2qb3_PMP_A_700,0,0.65622724,0.041670818,0.093194863,0.44508841,0.25025374,0.32642914
2qb4_DSM_A_801,0.9771008,0.66194458,0.039949129,0.098893611,0.85914879,0.24132823,0.37591159
2qb4_DSM_A_802,0.97363166,0.74365807,0.025972972,0.088221595,0.012040554,0.23483597,0.025755603
2qb4_LEU_A_601,0.99191571,0.99314671,0.038425505,0.10163807,0.96159178,0.25970118,0.96185469
2qca_DGP_A_200,0.95858971,0.69293894,0.033891699,0.094106806,0.4825749,0.23845881,0.21764057
2qca_DGP_A_300,0.97119515,0,0.042270825,0.095625401,0.65236416,0.21960058,0
2qcx_PF1_A_300,0,0.97400987,0.036776576,0.090418411,0.35760892,0.25050216,0
2qcx_PF1_B_300,0,0.98388824,0.040011955,0.092777244,0.57505882,0.25110191,0
2qd1_CHD_D_802,6.2332991e-11,0.65622724,0.041670818,0.093194863,0.44508841,0.25025374,0.32642914
2qd4_CHD_A_801,0.51958918,0.67595857,0.037450185,0.093689459,0.4654223,0.24384447,0.26722132
2qd4_CHD_A_802,0.83353854,0.68814978,0.03490651,0.09398784,0.47768467,0.2399975,0.23183239
2qd4_CHD_A_803,0,0.65622724,0.041670818,0.093194863,0.44508841,0.25025374,0.32642914
2qd4_CHD_B_926,0,0.65622724,0.041670818,0.093194863,0.44508841,0.25025374,0.32642914
2qd4_CHD_B_927,2.0706733e-09,0.65622724,0.041670818,0.093194863,0.44508841,0.25025374,0.32642914
2qd4_CHD_B_928,0.51958918,0.67595857,0.037450185,0.093689459,0.4654223,0.24384447,0.26722132
2qg6_NMN_A_301,0,0.65622724,0.041670818,0.093194863,0.44508841,0.25025374,0.32642914
2qgw_EES_A_1,0,0.65622724,0.041670818,0.093194863,0.44508841,0.25025374,0.32642914
2qgw_EES_B_1,0,0.65622724,0.041670818,0.093194863,0.44508841,0.25025374,0.32642914
2qhv_OC9_A_1001,0.9896149,0.98433836,0.023214266,0.088374753,3.1956239e-06,0.24366567,0.21613882
2qim_ZEA_A_159,0.99028936,0.74560332,0.025626941,0.088077487,0,0.23453588,0.018669154
2qim_ZEA_A_160,0,0.65622724,0.041670818,0.093194863,0.44508841,0.25025374,0.32642914
2qim_ZEA_A_161,0,0.69818262,0.034527222,0.087753513,0.0099547218,0.24693044,0.14782334
2qim_ZEA_A_162,0,0.69914478,0.034362623,0.08762812,1.8596019e-09,0.24685364,0.14370337
2qs2_UBF_A_603,0,0.65622724,0.041670818,0.093194863,0.44508841,0.25025374,0.32642914
2qs2_UBF_B_602,0.97744816,0.69366117,0.033738659,0.094124747,0.48331238,0.23822676,0.21550036
2qse_1HP_A_1,0.99307504,0.97611122,0.038168714,0.098257671,0.98208981,0.24075873,0
2qui_LTN_A_501,0,0.69823912,0.034517556,0.087746149,0.0093701276,0.24692593,0.14758139
2qui_LTN_B_478,0,0.65622724,0.041670818,0.093194863,0.44508841,0.25025374,0.32642914
2qvr_FDP_A_333,0.97305232,0.69349282,0.033774332,0.094120565,0.48314048,0.23828085,0.21599923
2qx4_ML1_A_233,0.43266812,0.6727974,0.038159642,0.093606477,0.46200828,0.24492999,0.27732644
2qx4_ML1_B_233,0.98086065,0.74516095,0.02571012,0.088073212,3.1383347e-07,0.23465316,0.019859756
2qx9_ML2_A_233,0,0.65622724,0.041670818,0.093194863,0.44508841,0.25025374,0.32642914
2qx9_ML2_A_234,0,0.65622724,0.041670818,0.093194863,0.44508841,0.25025374,0.32642914
2qxf_TMP_A_3000,0.97848271,0,0,0.089378089,0.0069316859,0.21849696,0
2r0g_7CK_A_1355,0.99235832,0.98968096,0.038733454,0.10190233,0.97860672,0.26001878,0.98073989
2r3d_ACM_A_303,0.72149965,0.99277008,0.041172595,0.10183401,0.9937472,0.26333831,0.99373575
2r4j_13P_A_1968,0,0.95327715,0.03178214,0.087914001,0.00018027954,0.25640159,0.34990176
2r4t_250_A_503,1.2679296e-07,0,0.050950004,0.095120857,0.64999218,0.23035013,0
2r5e_QLP_A_430,0.51958918,0.67595857,0.037450185,0.093689459,0.4654223,0.24384447,0.26722132
2r5e_QLP_B_430,0.51958918,0.67595857,0.037450185,0.093689459,0.4654223,0.24384447,0.26722132
2rbx_3AY_X_2001,0,0.88992933,0.043415584,0.096698166,0.67999946,0.26170994,0.67344959
2rhx_MLY_A_537,0.95165604,0.73988054,0.026636687,0.088569566,0.040457057,0.23532855,0.040291034
2ri1_GLP_A_234,0,0.65622724,0.041670818,0.093194863,0.44508841,0.25025374,0.32642914
2ri1_GLP_B_234,0.66481448,0.68168805,0.036275735,0.093827326,0.47108657,0.24207355,0.25098058
2rtn_IMI_B_300,0.9909278,0.98033077,0.038973924,0.10203725,0.98680205,0.26000228,0.98855135
2rtn_IMI_D_300,0.99444179,0.97334573,0.038482179,0.099465592,0.9860596,0.24661617,0.30624612
2tmk_ATM_A_217,0.51958918,0.67595857,0.037450185,0.093689459,0.4654223,0.24384447,0.26722132
2tmk_ATM_B_217,0.51958918,0.67595857,0.037450185,0.093689459,0.4654223,0.24384447,0.26722132
2uuj_896_B_1250,0,0.65622724,0.041670818,0.093194863,0.44508841,0.25025374,0.32642914
2uyv_TLA_A_1275,0,0,0.050950005,0.095120857,0.64999217,0.23035013,0
2uyv_TLA_A_1277,0,0,0.050950005,0.095120857,0.64999217,0.23035013,0
2uyv_TLA_B_1275,0,0,0.050950005,0.095120857,0.64999217,0.23035013,0
2uyv_TLA_C_1275,0.99323161,0,0.04290409,0.096227991,0.63159596,0.2194538,0
2uyv_TLA_D_1275,0,0,0.050950005,0.095120857,0.64999217,0.23035013,0
2uza_HTL_B_1236,0.51958918,0.67595857,0.037450185,0.093689459,0.4654223,0.24384447,0.26722132
2v32_BEZ_B_1220,0.99633597,0.96973012,0.037077677,0.10067628,0.85883692,0.25955395,0.99193351
2v32_BEZ_D_1221,0.9705932,0.9540522,0.033597477,0.094959789,0.65370823,0.24135112,0.072497837
2v60_C17_A_1503,0.98825756,0.69407515,0.033650939,0.09413503,0.48373509,0.23809376,0.21427362
2v60_C17_B_1498,0.51958918,0.67595857,0.037450185,0.093689459,0.4654223,0.24384447,0.26722132
2v7o_DRN_A_1303,0.94648488,0.74354827,0.026013355,0.08805761,0,0.23508075,0.02419992
2vez_G6P_A_202,0.86239075,0,0.034297309,0.089197778,0.00073660641,0.21975818,0
2vjb_CCD_A_1539,0.87407036,0.7337164,0.027752932,0.088863335,0.066573815,0.23649509,0.060896005
2vjb_CCD_A_1540,0,0.69910393,0.03436961,0.087633443,0.00042257663,0.2468569,0.14387826
2vjb_CCD_B_1539,0,0.6804042,0.037568618,0.090070468,0.19389386,0.24834953,0.22395052
2vjb_CCD_B_1540,0.00014870783,0.65623294,0.041669611,0.093195004,0.44509423,0.25025191,0.32641227
2vkg_CF4_A_1064,0.00012713225,0.65623211,0.041669786,0.093194984,0.44509339,0.25025218,0.32641472
2vlf_PLI_B_1459,0,0,0.050950005,0.095120857,0.64999217,0.23035013,0
2vmp_PLP_A_501,0.99157569,0.74566253,0.025615787,0.088078218,1.1721139e-05,0.23451997,0.018511593
2vmw_PLP_A_501,0,0.65622724,0.041670818,0.093194863,0.44508841,0.25025374,0.32642914
2vp5_DCZ_A_1210,0.99219234,0.98930056,0.038201428,0.098347901,0.99265351,0.24106674,0
2vp5_DCZ_B_1210,0.98266904,0.9933593,0.038183015,0.098291697,0.98908917,0.24125092,0
2vss_V55_D_1250,0.002850117,0.65633639,0.041647689,0.093197574,0.44519987,0.25021867,0.32610569
2vsu_V55_D_1251,0.0038107567,0.98219135,0.039507665,0.092434943,0.54310222,0.25096672,1.9703024e-07
2vzu_PNJ_A_1901,0,0.65622724,0.041670818,0.093194863,0.44508841,0.25025374,0.32642914
2vzu_PNJ_B_1904,0.99140071,0.66739015,0.039006165,0.098277841,0.80974869,0.24076924,0.35366078
2w0b_CMW_A_1450,5.77721e-06,0.65622746,0.041670771,0.093194868,0.44508864,0.25025367,0.32642849
2w1a_TSA_C_1091,0.94764895,0.99316705,0.038592904,0.098639988,0.99227351,0.24342248,0.092288641
2w1a_TSA_D_1091,0.97137595,0.99394766,0.023272238,0.088375404,0,0.24425929,0.22632765
2w7k_PLP_A_501,0.79909884,0.68683082,0.035185994,0.093955076,0.47633787,0.24042126,0.23574089
2wch_B7M_A_1145,0,0.69914461,0.034362652,0.087628142,1.7528431e-06,0.24685366,0.14370409
2wd2_MS5_A_1263,0.67091075,0.68192152,0.036226263,0.093833126,0.47132497,0.24199854,0.25028872
2wdq_CBE_C_1130,0.98982153,0.98605125,0.023195752,0.088376401,3.5757344e-06,0.24372317,0.21740601
2wdq_CBE_G_1130,0.99426637,0.98345321,0.02318407,0.088375956,7.6884478e-08,0.24356943,0.21472651
2wdq_CBE_K_1130,0.991867,0.98989522,0.023140985,0.088380781,3.4621361e-06,0.24383011,0.21999798
2wdq_TEO_A_1589,0.98038844,0.74491466,0.025752628,0.088102208,0.0023192583,0.23467693,0.020879122
2wdq_TEO_E_1589,0,0.65622724,0.041670818,0.093194863,0.44508841,0.25025374,0.32642914
2whq_HI6_A_1543,0.0044690692,0.6563984,0.04163455,0.093199114,0.44526318,0.25019875,0.32592196
2wj4_HQD_A_1281,0,1,0.04696517,0.10101977,0.98940949,0.27133266,0.98978407
2wj4_HQD_C_1277,0.026462154,0,0.056473868,0.099583281,0.99203035,0.23279312,0.09057232
2wj4_HQD_D_1278,0.0048803844,0.99555117,0.047046695,0.10110156,0.99412005,0.2712816,0.99431803
2wu4_HBP_B_1545,0.51958918,0.67595857,0.037450185,0.093689459,0.4654223,0.24384447,0.26722132
2wzh_NGO_A_1589,0.98786212,0.98723503,0.039043173,0.10212162,0.99405449,0.2603025,0.99409787
2wzv_FMN_A_801,0.00037572046,0,0.050947387,0.095121579,0.65003506,0.23034606,0
2wzv_FMN_B_801,0.98355615,0,0.047735941,0.099602508,0.94119692,0.22011615,0
2x05_X05_A_1900,0.98629595,0.69330059,0.034577668,0.094867561,0.53919631,0.23874543,0.24233137
2x05_X05_B_1900,0,0.032216148,0.055662279,0.099024635,0.99715307,0.23311829,0
2x0u_X0U_B_1291,7.3080386e-05,0.99578285,0.046332252,0.097344739,0.99488689,0.25210702,0
2x6o_2TC_A_1209,0,0,0.050950005,0.095120857,0.64999217,0.23035013,0
2xh0_PEP_A_1440,0,0.65622724,0.041670818,0.093194863,0.44508841,0.25025374,0.32642914
2xh0_PEP_B_1440,0.99111711,1,0.038933945,0.10213857,0.99727669,0.26055285,0.99461301
2xhk_AKG_A_519,0.92365457,0.74244747,0.026219836,0.088051125,0.00030766263,0.2353671,0.027209814
2xhk_AKG_B_519,0.95040386,0.74369043,0.025985917,0.088064822,0.00043138965,0.23503533,0.023883649
2xmi_FLC_A_1379,0,0.48227771,0.040341407,0.090543105,0.25325205,0.24172601,0.092777569
2xoz_AMP_B_1664,0.09174073,0.68216325,0.037194699,0.090443756,0.22022367,0.24741154,0.22326447
2xta_TPP_B_2001,0.51958918,0.67595857,0.037450185,0.093689459,0.4654223,0.24384447,0.26722132
2xta_TPP_C_2001,0.51958918,0.67595857,0.037450185,0.093689459,0.4654223,0.24384447,0.26722132
2xta_TPP_D_2001,0.51958918,0.67595857,0.037450185,0.093689459,0.4654223,0.24384447,0.26722132
2xul_AKG_A_201,0,0,0.041382249,0.088306914,6.1139197e-08,0.22923068,0
2xul_AKG_C_201,0.93368965,0.74294788,0.026126245,0.088051818,1.1395584e-06,0.23523991,0.025815921
2xul_AKG_E_201,0.99308964,0.74573468,0.025602241,0.088078759,1.5467365e-07,0.23450105,0.018315654
2xul_AKG_F_201,0.99389446,0.74560231,0.025624244,0.088101296,0.0017602733,0.23450462,0.0189425
2xya_7L4_A_1181,0.99324319,0.19819439,0.045925095,0.09973306,0.99351733,0.22528289,5.118026e-06
2xyj_WLM_A_1442,0.51958918,0.67595857,0.037450185,0.093689459,0.4654223,0.24384447,0.26722132
2xyj_WLM_B_1441,0.51958918,0.67595857,0.037450185,0.093689459,0.4654223,0.24384447,0.26722132
2xyj_WLM_B_1442,0.51958918,0.67595857,0.037450185,0.093689459,0.4654223,0.24384447,0.26722132
2y00_Y00_A_601,0.98063099,0.98996936,0.0377345,0.097939482,0.95648764,0.24114296,0
2y00_Y00_B_601,0.99473563,0.9853551,0.038141228,0.098300696,0.98743094,0.24094586,0
2y2f_YI1_A_1469,0.83272339,0.68811856,0.034913125,0.093987065,0.47765279,0.24000753,0.2319249
2y4j_LAC_B_400,0.9640357,0.94610881,0.025765463,0.089907841,0.12507775,0.2439829,0.25024396
2y5a_3AP_A_1295,0.15692001,0.66377036,0.040289355,0.093268877,0.44215715,0.24831301,0.30688687
2ye5_2A7_A_1224,0.99016123,0.8793011,0.03464196,0.095213184,0.68504063,0.23834509,0.0071464511
2yi6_6QM_A_1225,0.97225952,0.69346246,0.033780766,0.094119811,0.48310947,0.23829061,0.21608921
2yjd_YJD_A_1498,0.99391657,0.69429187,0.033605015,0.094140414,0.48395639,0.23802413,0.21363139
2yjd_YJD_B_1498,0,0.65622724,0.041670818,0.093194863,0.44508841,0.25025374,0.32642914
2ynf_WHU_A_1563,0.51958918,0.67595857,0.037450185,0.093689459,0.4654223,0.24384447,0.26722132
2yp6_C6W_B_1186,1.2670129e-07,0.93108995,0.031996865,0.087891624,0,0.25561749,0.33297954
2z1z_MLT_A_433,0.97083013,0.7286226,0.028547354,0.090162678,0.16624079,0.23606047,0.089928414
2z20_PLP_A_701,0,0.65622724,0.041670818,0.093194863,0.44508841,0.25025374,0.32642914
2z20_PLP_B_801,0,0.65622724,0.041670818,0.093194863,0.44508841,0.25025374,0.32642914
2z48_A2G_A_1001,0,1,0.042020457,0.097403831,0.66874474,0.27019199,0.96055526
2z48_A2G_A_1005,0.98852892,0.23110582,0.044608926,0.098919725,0.92433055,0.22580901,4.0244369e-07
2z48_A2G_B_2001,0,1,0.045714971,0.099738131,0.89976222,0.26905492,0.90086712
2z48_A2G_B_2005,0,0.41661054,0.039814078,0.089523355,0.17936318,0.23848606,3.5234666e-07
2z48_NGA_A_1002,0,0.41661387,0.039814104,0.089523406,0.17936693,0.23848622,5.0627104e-06
2z48_NGA_A_1003,0,1,0.045572581,0.09954566,0.8858936,0.26857946,0.88621048
2z48_NGA_A_1004,0,0.41661506,0.039814114,0.089523425,0.17936827,0.23848628,6.7392776e-06
2z48_NGA_B_2002,0.97904807,0.74507063,0.025727012,0.088073078,5.4945047e-05,0.23467613,0.020111222
2z48_NGA_B_2003,0.98433886,1,0.034411722,0.098567483,0.70372509,0.25828324,0.90068636
2z48_NGA_B_2004,0,0.41661556,0.039814118,0.089523433,0.17936884,0.23848631,7.4545354e-06
2z48_NGA_B_2006,0.13471393,0,3.7328854e-82,0.095353708,0.66325177,0.22889144,0
2z6j_TUI_A_501,3.3648333e-12,0.96635597,0.037264171,0.092469451,0.36056974,0.26078174,0.53293055
2z6j_TUI_B_502,0.86731063,0.95188172,0.024553367,0.088291567,1.5816314e-08,0.24423049,0.21094136
2z7s_P01_A_1,0.73019444,0.95488661,0.027260119,0.089514438,0.10142447,0.24731284,0.28289522
2zce_PYL_A_601,0.72339306,0,0.045951476,0.0965408,0.73493406,0.22251489,0
2zgw_ADN_A_1301,0.9912198,0.69418859,0.0336269,0.094137848,0.48385093,0.23805731,0.21393744
2zgw_BTN_A_1401,0.95145951,0.1987671,0.046031735,0,0.97960222,0.22572412,0
2zi2_24U_H_801,0.94760229,0.1916421,0.04632893,0.099674549,0.99146739,0.22565842,0
2zka_AZA_A_302,0.1524748,0.97175762,0.045952458,0.10118087,0.9862864,0.26898839,0.98636755
2zm7_ACA_A_501,0,0.65622724,0.041670818,0.093194863,0.44508841,0.25025374,0.32642914
2zm9_ACA_A_501,0,0.65622724,0.041670818,0.093194863,0.44508841,0.25025374,0.32642914
2ztl_3HL_A_301,0.99795886,0.20005046,0.045846748,0.099719772,0.99201901,0.22526915,0.00033717621
2ztl_3HL_B_301,0.987304,0.2178078,0.045458688,0.099485047,0.97108292,0.22585075,0.0092645086
2ztl_3HL_C_301,0.99514346,0.19792733,0.045939848,0.099756415,0.99533857,0.22526644,0.00029793126
2ztl_3HL_D_301,0,0.69914478,0.034362623,0.08762812,0,0.24685364,0.14370337
2zut_A2G_A_4001,0,0.65622724,0.041670818,0.093194863,0.44508841,0.25025374,0.32642914
2zut_A2G_B_4002,0.00016298939,0.65623348,0.041669495,0.093195018,0.44509479,0.25025173,0.32641065
2zut_A2G_D_4004,0.98132327,0.69380958,0.033707212,0.094128434,0.48346392,0.23817908,0.21506058
2zuw_NDG_B_4002,0,0.65622724,0.041670818,0.093194863,0.44508841,0.25025374,0.32642914
2zuw_NDG_C_4003,8.3746197e-05,0.65623045,0.041670138,0.093194942,0.44509169,0.25025271,0.32641964
2zuw_NDG_D_4004,0.99186384,0.74567337,0.025613704,0.088078699,3.9478236e-05,0.2345166,0.0184867
2zvq_1NP_X_502,0,0.69914478,0.034362623,0.08762812,0,0.24685364,0.14370337
2zwt_CAM_A_422,0,0.69463081,0.035134837,0.088216398,0.046702397,0.24721395,0.16303216
2zyv_NPO_X_1601,0,0.69914409,0.03436274,0.08762821,7.123906e-06,0.2468537,0.14370631
3mk1_NPO_A_911,0.99454875,0.74328112,0.026020816,0.0884081,0.026093389,0.23468421,0.028930675
3mk1_NPO_A_912,0,0.03335739,0.055616147,0.09899721,0.99480978,0.23313485,0
3mk1_NPO_A_913,0.9948701,0.74577972,0.025593119,0.088084583,0.00039834249,0.23448198,0.018255652
3qfx_CP6_A_602,0.99170231,0.20015902,0.045850206,0.099678421,0.98894938,0.22532717,0
3qfx_CP6_B_702,0.98832834,0.19957807,0.045883976,0.099676427,0.98899696,0.22535354,0
3qgz_ADN_A_127,0.99129892,1,0.038739909,0.10197237,0.98518542,0.26035415,0.98556684
3qhd_795_A_167,0.82748813,5.4053409e-05,0.049780267,0.099984369,0.99075318,0.22192075,0
3qhd_MSR_A_166,0,0.99091825,0.031114891,0.086479902,0.0001756332,0.25021835,0
3qss_MTG_A_405,0.81927462,0.9762163,0.038433075,0.097253096,0.90616657,0.24255177,0.00092424007
3qss_MTG_B_405,0,0.97090356,0.045179643,0.0963917,0.90286485,0.25145174,0.0018673786
3qt8_FM0_B_328,0,0.65622724,0.041670818,0.093194863,0.44508841,0.25025374,0.32642914
3qwi_CUE_B_272,0.99810223,0.74541782,0.025652457,0.088152975,0.0057113971,0.23448277,0.020046484
3qwi_CUE_D_272,3.9190748e-06,0.51785528,0.03603119,0.087353988,6.3207392e-07,0.24016579,0
3r3z_GOA_B_305,0.96315003,0.69852476,0.033702372,0.094034708,0.47391131,0.23852967,0.21823418
3r51_MMA_A_200,0.97276311,0.96556947,0.039308731,0.10208475,0.98866503,0.2599871,0.99344042
3rgz_BLD_A_800,0.51958918,0.67595857,0.037450185,0.093689459,0.4654223,0.24384447,0.26722132
3ro7_TDR_A_300,0,0.69488358,0.035091596,0.088183457,0.04408724,0.24719377,0.16194982
3roe_THM_A_265,0,0.65622724,0.041670818,0.093194863,0.44508841,0.25025374,0.32642914
3roe_THM_B_265,0,0.65622724,0.041670818,0.093194863,0.44508841,0.25025374,0.32642914
3roe_THM_D_265,0,0.65622724,0.041670818,0.093194863,0.44508841,0.25025374,0.32642914
3roe_THM_E_265,0,0.65622724,0.041670818,0.093194863,0.44508841,0.25025374,0.32642914
3roe_THM_F_265,0.39800016,0.6714697,0.038440979,0.093573496,0.46065256,0.24535656,0.28126084
3rsc_TYD_A_397,0,0.65622724,0.041670818,0.093194863,0.44508841,0.25025374,0.32642914
3rsc_TYD_B_397,0.94311174,0.69234617,0.034017305,0.094092081,0.48196962,0.23864926,0.21939713
3ryd_SRT_A_267,0.977592,0.73595758,0.027287161,0.089251164,0.093633642,0.2354162,0.059024628
3ryd_SRT_A_271,0,0.69914477,0.034362623,0.087628121,3.093599e-08,0.24685364,0.14370338
3se2_3AB_C_4,0.9965687,0.20063756,0.045816026,0.099689934,0.98961868,0.22528393,0
3se2_3AB_D_3,0.99562959,0.23449499,0.044450264,0.098871846,0.91978108,0.22578495,0
3se2_LDR_A_1,0.99714113,0,0.048452473,0.10020632,0.9951603,0.22006379,0
3se2_LDR_B_2,0.99832843,0,0.033183412,0.089340265,0.0010412299,0.21826537,0
3sj1_DXC_X_75,0.9831885,0.74527019,0.02568958,0.088074265,0,0.23462421,0.019565711
3sjh_LAR_A_503,0,0.65622724,0.041670818,0.093194863,0.44508841,0.25025374,0.32642914
3sli_SKD_A_760,0,0.9374417,0.046665773,0.097258818,0.97718353,0.25084038,0
3sp6_IL2_A_901,0,0.65622724,0.041670818,0.093194863,0.44508841,0.25025374,0.32642914
3sru_Q26_X_169,0,0.65622724,0.041670818,0.093194863,0.44508841,0.25025374,0.32642914
3t2e_F6R_A_3469,0,0.69914478,0.034362623,0.08762812,1.1495919e-09,0.24685364,0.14370337
3t3q_9PL_A_501,0.76479508,0.68551707,0.035464375,0.093922442,0.4749964,0.24084335,0.23963396
3t3q_9PL_B_501,0.00011128351,0.6562315,0.041669915,0.093194969,0.44509277,0.25025237,0.32641651
3t3q_9PL_D_501,6.7448191e-05,0.65622982,0.04167027,0.093194927,0.44509105,0.25025291,0.32642149
3te7_TE7_A_1,0.97875617,0.96806214,0.024211397,0.088956064,0.047596639,0.24374115,0.2279832
3te7_TE7_B_1,0,0.97099631,0.03160851,0.087930145,0.00018748548,0.25702635,0.36335161
3tky_N7I_A_369,0,0.96752933,0.031639563,0.087924637,0,0.25690216,0.36063212
3tky_N7I_B_369,0.08238235,0.97805599,0.030848681,0.087970373,0,0.25612205,0.35552981
3tky_N7I_C_369,0.98277996,0.98836349,0.023232459,0.088375886,4.1924649e-05,0.24390349,0.2202977
3tky_N7I_D_369,0.91531158,0.93677682,0.024305558,0.0883028,0.00030304475,0.24303035,0.19199446
3tye_XHP_B_901,0.99356677,0.99357731,0.038205866,0.098384196,0.99656712,0.24114925,0
3tye_XTZ_A_801,0.51958918,0.67595857,0.037450185,0.093689459,0.4654223,0.24384447,0.26722132
3tye_YTZ_B_902,0.00096460382,0.69918549,0.034354891,0.08762915,4.7010081e-05,0.24684201,0.14360103
3tyn_CXW_A_800,0.51958918,0.67595857,0.037450185,0.093689459,0.4654223,0.24384447,0.26722132
3tyn_CXW_B_800,0.51958918,0.67595857,0.037450185,0.093689459,0.4654223,0.24384447,0.26722132
3u1t_MLI_B_350,0.99701817,0.74590082,0.025570693,0.088082909,0.00018807884,0.23445364,0.017897414
3u3o_3QV_A_296,0,0.69914464,0.034362646,0.087628138,1.4329771e-06,0.24685365,0.14370396
3u3o_3QV_A_297,3.4594526e-05,0.98927618,0.03112915,0.086481206,1.4433102e-05,0.2501829,0
3ucc_2PG_A_601,0,0.65622724,0.041670818,0.093194863,0.44508841,0.25025374,0.32642914
3ucc_2PG_B_601,0,0.65622724,0.041670818,0.093194863,0.44508841,0.25025374,0.32642914
3ucl_CYH_A_543,0.12866598,0.98810365,0.030082743,0.086615323,2.0293749e-06,0.24874706,0.00010864387
3uu7_2OH_A_1,0.99697205,0,0.044141962,0.0971354,0.77164603,0.21956115,0
3uu7_2OH_B_1,0.99680394,0,0.044143074,0.097135035,0.77162347,0.21956297,0
3uud_EST_A_600,0.98777222,0.69405656,0.033654878,0.094134569,0.48371611,0.23809973,0.2143287
3uud_EST_B_600,0.98162337,0.69382107,0.033704777,0.094128719,0.48347566,0.23817539,0.21502652
3uwb_BB2_A_154,0.98515746,0.65646784,0.040879637,0.099660276,0.91972278,0.24169534,0.3999642
3v1m_HPK_A_288,0,0.44562483,0.04451946,0.09366607,0.49984831,0.24349429,0.19385058
3v1s_0LH_B_401,0.99373495,0.99579135,0.023090161,0.087632601,0.013387532,0.23942857,0
3v7u_MTA_A_301,0.14848019,0.66191368,0.040465876,0.093336118,0.45089486,0.24842677,0.3095784
3v7u_MTA_A_302,0.98556534,0.94818033,0.023611547,0.088347403,0.00057250105,0.24245346,0.18961202
3v8n_5NB_A_301,0.51958918,0.67595857,0.037450185,0.093689459,0.4654223,0.24384447,0.26722132
3vbn_TYD_A_301,0.86824118,0,0.043408414,0.095726741,0.59744717,0.22076556,0
3vbn_TYD_E_301,0.5859874,0,0.049540054,0.098150572,0.84560493,0.22431222,0
3vc3_C6P_A_501,0.51958918,0.67595857,0.037450185,0.093689459,0.4654223,0.24384447,0.26722132
3vc3_C6P_B_501,0.51958918,0.67595857,0.037450185,0.093689459,0.4654223,0.24384447,0.26722132
3vc3_C6P_C_501,0,0.95290279,0.046837127,0.1006897,0.94894499,0.27039299,0.99649901
3vc3_C6P_D_501,0.51958918,0.67595857,0.037450185,0.093689459,0.4654223,0.24384447,0.26722132
3vc3_C6P_E_501,0.51958918,0.67595857,0.037450185,0.093689459,0.4654223,0.24384447,0.26722132
3vc3_C6P_F_501,0.51958918,0.67595857,0.037450185,0.093689459,0.4654223,0.24384447,0.26722132
3vca_PRO_A_504,0.90096218,0.044626171,0.033506102,0.089146845,4.7754138e-08,0.22027829,0
3vmg_9CA_C_2002,0,1,0.046486642,0.10031969,0.94651671,0.2693776,0.91755955
3vnj_PSJ_A_301,0,0.65622724,0.041670818,0.093194863,0.44508841,0.25025374,0.32642914
3vnj_PSJ_B_301,0.73477122,0.68436722,0.035708024,0.093893879,0.47382229,0.24121277,0.24304131
3vnj_PSJ_D_301,0.91312897,0.719911,0.030083577,0.090919039,0.22836561,0.23725748,0.12292548
3vnm_SDD_A_301,0.5634226,0.67780498,0.037098547,0.093730868,0.46712155,0.24332113,0.26248735
3vnm_SDD_D_301,0,0.65622724,0.041670818,0.093194863,0.44508841,0.25025374,0.32642914
3vq4_0NX_A_304,0,0.98286377,0.046125337,0.097125423,0.9726435,0.25179461,1.8473579e-05
3vq4_0NX_A_305,0.99491314,0.9885928,0.038659537,0.10183421,0.97484415,0.2597992,0.9723803
3vq5_MMJ_A_1007,0.99438716,0.66050609,0.040181462,0.099194614,0.88242219,0.24129277,0.38336121
3vq5_MMJ_B_307,0.9934769,0.7323403,0.02789334,0.089826912,0.13876908,0.23556683,0.075699271
3vqe_FMQ_A_1006,0.98665076,0.44565346,0.043169626,0.098838668,0.94627712,0.22953005,0
3vv5_SLZ_A_300,0.97458734,1,0.038448158,0.10167232,0.95686754,0.26062303,0.992605
3vv5_SLZ_B_301,0,0.88280155,0.046917947,0.099969953,0.91289648,0.26651563,0.87615467
3w4i_8LG_A_402,0.35536132,0.66983673,0.038787,0.093532932,0.45898513,0.24588121,0.28609984
3w4i_8LG_B_402,0.34595657,0,0.048539658,0.095785801,0.68948921,0.22660067,0
3w4i_8LG_C_402,0.99651356,0,0.033351975,0.089447817,0.011049899,0.21830329,0
3w7f_FPS_A_301,0.51958918,0.67595857,0.037450185,0.093689459,0.4654223,0.24384447,0.26722132
3w7f_FPS_A_302,0.51958918,0.67595857,0.037450185,0.093689459,0.4654223,0.24384447,0.26722132
3w7f_FPS_B_301,0.51958918,0.67595857,0.037450185,0.093689459,0.4654223,0.24384447,0.26722132
3w7f_FPS_B_302,0.51958918,0.67595857,0.037450185,0.093689459,0.4654223,0.24384447,0.26722132
3w8x_FTK_A_601,1.1143835e-07,0.65622725,0.041670817,0.093194863,0.44508842,0.25025374,0.32642913
3wat_BGC_A_403,0.010465657,0.65662805,0.041585887,0.093204819,0.44549768,0.25012497,0.32524142
3wat_BGC_B_403,0.012086556,0.65669013,0.041572733,0.093206361,0.44556107,0.25010502,0.32505746
3wat_BMA_A_404,0.99386302,0.74418103,0.025867412,0.088286317,0.016449917,0.23461834,0.025026095
3wat_BMA_B_404,0.99042,0.74426272,0.025856177,0.088253058,0.013933567,0.23464175,0.024419366
3wca_FPS_A_501,0,0.65622724,0.041670818,0.093194863,0.44508841,0.25025374,0.32642914
3wca_FPS_B_401,0,0.65622724,0.041670818,0.093194863,0.44508841,0.25025374,0.32642914
3wca_FPS_C_401,0.93488302,0.69203103,0.034084083,0.094084253,0.48164783,0.23875051,0.220331
3wca_FPS_C_402,0,0.65622724,0.041670818,0.093194863,0.44508841,0.25025374,0.32642914
3wca_FPS_D_401,0,0.65622724,0.041670818,0.093194863,0.44508841,0.25025374,0.32642914
3wgc_PLG_A_401,0.51958918,0.67595857,0.037450185,0.093689459,0.4654223,0.24384447,0.26722132
3wgc_PLG_B_401,0.99242287,0.95506587,4.2009748e-49,0.094099441,0.45592065,0.24736393,0.40871933
3wgc_PLG_D_401,0.51958918,0.67595857,0.037450185,0.093689459,0.4654223,0.24384447,0.26722132
3wjz_NUP_A_301,0,0.65622724,0.041670818,0.093194863,0.44508841,0.25025374,0.32642914
3wk1_O7E_A_301,0.98620248,0,0.048455722,0.10013337,0.98950946,0.22017415,0
3wlf_FEH_A_401,0.99626471,0.22070205,0.0451794,0.099347806,0.95949053,0.22570316,0.0052109764
3wlf_FEH_C_401,0.9948248,0.74581482,0.02558715,0.088079711,1.32047e-05,0.23447957,0.018101974
3wqs_KBK_B_503,0.51958918,0.67595857,0.037450185,0.093689459,0.4654223,0.24384447,0.26722132
3wsg_CIT_A_302,0.98930535,0.66863485,0.0387949,0.098101866,0.79585381,0.24068811,0.34817465
3wsg_CIT_B_302,0.98773373,0.72254655,0.029573349,0.091065553,0.23730957,0.23639851,0.11720751
3wsg_CIT_C_302,0.91616998,0.69131436,0.034235942,0.094066451,0.48091604,0.23898076,0.2224547
3wsg_CIT_D_302,0,0.65622724,0.041670818,0.093194863,0.44508841,0.25025374,0.32642914
3wsg_CIT_E_302,0,0.65622724,0.041670818,0.093194863,0.44508841,0.25025374,0.32642914
3wsg_CIT_F_302,0.98695186,0.75449883,0.030561476,0.092108294,0.31520872,0.81800155,0.18247261
3wug_XYP_B_2,0,0.69914461,0.034362652,0.087628142,1.7576778e-06,0.24685366,0.14370409
3wug_XYP_C_2,0.24022558,0.71041415,0.032243612,0.087737206,6.1534215e-06,0.24386563,0.11337496
3wur_O4B_A_201,0.47573231,0.18494934,0.044546642,0.094890163,0.60206122,0.22892909,0
3wur_O4B_A_202,0.49507058,0.38204476,0.041650663,0.094331567,0.54166402,0.23462591,0.08343551
3wur_O4B_B_201,0.46070347,0.10187215,0.046006404,0.095394471,0.64753607,0.22734936,0
3wur_O4B_B_202,0.63647398,0.86049093,0.033924233,0.093381815,0.42088765,0.2486387,0.37627063
3wur_O4B_B_204,0.45251961,0.057226008,0.046797267,0.095669183,0.67227352,0.22650241,0
3wwc_BUA_A_402,0,0,0.041382249,0.088306914,6.7551523e-08,0.22923068,0
3wwc_BUA_A_403,0.97680429,0.98285024,0.023158645,0.087493277,3.367669e-05,0.23931701,2.6542606e-05
3wxo_NIZ_A_802,0,0.94829447,0.032380045,0.087144972,0.053818481,0.24941193,0
3wxo_NIZ_A_804,0.0010568972,0.0018437698,0.04135448,0.088304619,2.4608157e-06,0.22925813,0
3wzo_ZOE_A_201,0.51958918,0.67595857,0.037450185,0.093689459,0.4654223,0.24384447,0.26722132
3wzo_ZOE_B_201,0.51958918,0.67595857,0.037450185,0.093689459,0.4654223,0.24384447,0.26722132
3wzo_ZOE_C_201,0.44147755,0,0.04775874,0,0.70077635,0.22541222,0
3wzo_ZOE_D_201,0.51958918,0.67595857,0.037450185,0.093689459,0.4654223,0.24384447,0.26722132
3zcm_PX3_A_1214,0,0.65622724,0.041670818,0.093194863,0.44508841,0.25025374,0.32642914
3zcm_PX3_B_1216,0,0.65622724,0.041670818,0.093194863,0.44508841,0.25025374,0.32642914
3zjq_NCA_B_300,0.62367951,0.98803469,0.02601018,0.087121818,5.9838391e-06,0.24330552,0
3zks_WZV_A_1398,0,0.96643685,0.031670997,0.087940317,0.0013204761,0.25687745,0.36042651
3zog_A2Q_A_200,0,0.69846291,0.034479272,0.087716984,0.0070547844,0.24690807,0.14662314
3zp7_PRE_A_1118,0,0.65622724,0.041670818,0.093194863,0.44508841,0.25025374,0.32642914
3zr0_8OG_A_1157,0.9732504,0.69350041,0.033772725,0.094120753,0.48314822,0.23827842,0.21597675
3zwe_FUC_B_110,0.94357148,1,0.039321153,0.1020929,0.99692369,0.26110963,0.99642748
3zwe_FUC_C_110,0.99039133,1,0.038950228,0.10215545,0.99778929,0.26062327,0.9977935
3zwt_KFZ_A_1401,0.98430495,0,0.033282831,0.089314533,5.3647083e-07,0.21841756,0
3zwt_ORO_A_1398,0.20988912,0,0.049487667,0.095524273,0.67395471,0.22807537,0
3zyx_MBT_A_601,0.99571843,0,0.044150254,0.097132675,0.77147781,0.21957469,0
3zzm_JLN_A_1526,0.96898039,0.69333688,0.033807377,0.094116691,0.48298124,0.23833096,0.21646135
3zzv_FUC_B_401,0,1,0.047097106,0.10113886,0.99761764,0.27149769,0.99755056
4a01_2PN_A_1773,0,0.65622724,0.041670818,0.093194863,0.44508841,0.25025374,0.32642914
4a01_2PN_B_1773,0.99262336,0.74571282,0.025606351,0.088078546,0,0.23450685,0.018374463
4a3u_NCA_B_1359,0.77207458,0.94658498,0.025470538,0.087529588,0.016413314,0.24082689,0
4a78_JZ3_A_1296,0.24517586,0.98732924,0.032229005,0.089433116,0.19416268,0.25073891,0.15206974
4a7a_RGZ_A_601,0.99485876,0.74581769,0.025586632,0.08807956,1.0724182e-08,0.23447905,0.018092224
4a7a_RGZ_B_601,0.98458192,0.74278011,0.026114455,0.088407934,0.026439241,0.23481085,0.030332227
4a8p_PAO_B_1340,0.51958918,0.67595857,0.037450185,0.093689459,0.4654223,0.24384447,0.26722132
4a8p_PAO_C_1340,0,0.9623727,0.031408254,0.08653078,0,0.24961347,0
4a8p_PAO_D_1340,0.51958918,0.67595857,0.037450185,0.093689459,0.4654223,0.24384447,0.26722132
4a8p_PAO_E_1338,0.51958918,0.67595857,0.037450185,0.093689459,0.4654223,0.24384447,0.26722132
4a8p_PAO_F_1340,0.51958918,0.67595857,0.037450185,0.093689459,0.4654223,0.24384447,0.26722132
4a9j_TYL_A_1188,0.99415303,0.99128895,0.022932288,0.087498123,0.00028638637,0.23930509,0
4a9j_TYL_B_1187,0.99918209,0.99386227,0.037566414,0.097969028,0.95811048,0.24102454,0
4a9j_TYL_C_1184,0.99701044,0.99584009,0.032036469,0.094026745,0.5980144,0.24044357,0
4adl_LMR_D_1468,0,0.41661029,0.039814076,0.089523351,0.1793629,0.23848605,0
4ajj_88R_B_1333,0.99150414,0.65007971,0.04196742,0.10053449,0.98889625,0.24215007,0.4277918
4ajj_88R_C_1335,0.9930883,0.64997488,0.041984093,0.10055855,0.99074973,0.24214467,0.42835888
4ajj_88S_A_1332,0.97726652,0.65617069,0.040936751,0.099647176,0.91896708,0.24178767,0.40064775
4ajj_88S_B_1332,0.99295854,0.74227734,0.026193801,0.088528473,0.035706876,0.23477816,0.033110203
4ajj_88S_C_1334,0.99264221,0.7457137,0.025606185,0.088078555,0,0.23450662,0.018372083
4ajj_88S_D_1332,0.96835044,0.74370533,0.025969089,0.08818075,0.0089882123,0.23487811,0.025159134
4ajj_MLI_A_1333,0.99369265,0.69106486,0.034954254,0.095207511,0.56591784,0.23885959,0.25245675
4ajj_MLI_D_1333,0,1,0.046480295,0.10057777,0.95931022,0.27070041,0.95990453
4al9_GLA_A_1123,0.94428736,0.982636,0.039502,0.10213366,0.99731625,0.26075359,0.9974034
4al9_GLA_C_1123,0.94486765,0.97494753,0.038790314,0.098430803,0.99489451,0.24169774,0.021251355
4al9_GLA_D_1123,0.91528956,0.96796943,0.03985287,0.10209418,0.9948591,0.26070591,0.99475716
4al9_GLA_E_1123,0.98905997,0.98367711,0.039121268,0.10217547,0.99723239,0.26027759,0.9970911
4al9_GLA_G_1123,0.96910569,0.96471079,0.038695871,0.098420951,0.99563934,0.24090037,0.0049342247
4aql_TXC_A_1452,0,0,0.050950005,0.095120857,0.64999217,0.23035013,0
4aw0_MJF_A_600,0,0.41661029,0.039814076,0.089523351,0.1793629,0.23848605,0
4b1f_DGL_A_1257,0.0014380996,1,0.046657302,0.10074427,0.97114198,0.27088855,0.96934558
4b1f_KRH_A_1256,0.9184049,0.74223053,0.026261126,0.088044919,4.0960437e-06,0.23543005,0.027747001
4b1f_KRH_B_1257,0,0.65622724,0.041670818,0.093194863,0.44508841,0.25025374,0.32642914
4b98_PXG_B_470,0,0.98621689,0.036987451,0.092423812,0.3552576,0.26144109,0.54586322
4b98_PXG_C_470,0.4420298,0,0.047810969,0.0960213,0.7039812,0.22541682,0
4b98_PXG_D_470,0.4420298,0,0.047810969,0.0960213,0.7039812,0.22541682,0
4bbx_LKF_A_1760,0.97978534,0,0.044255639,0.097098046,0.76933972,0.21974671,0
4bbx_LKF_B_1760,0.89580478,0.69053442,0.034401209,0.094047076,0.48011964,0.23923134,0.22476591
4bdr_CYS_B_804,0,0.64059435,0.034845293,0.087628447,0,0.24537607,0.11253272
4bdr_KAI_B_900,0.92350269,1,0.038763108,0.10152153,0.95036284,0.26103246,0.98536359
4bq5_GAL_C_1,0,0.65622724,0.041670818,0.093194863,0.44508841,0.25025374,0.32642914
4bu7_25F_A_2165,0.99542246,0,0.048421805,0.10017264,0.992241,0.22007743,0
4bu7_25F_C_2165,0.99673568,0,0.048431846,0.10018883,0.99359914,0.22006544,0
4buf_F36_A_2162,0.97707337,0,0.048582849,0.10016102,0.99289624,0.22028018,0
4buf_F36_B_2162,0.97541797,0,0.048512093,0.10009924,0.98739917,0.22028849,0
4buv_16I_C_2165,0.9953134,0,0.048123937,0.09995976,0.97277691,0.22004367,0
4bux_F35_A_2166,0.51958918,0.67595857,0.037450185,0.093689459,0.4654223,0.24384447,0.26722132
4bux_F35_C_2165,0.51958918,0.67595857,0.037450185,0.093689459,0.4654223,0.24384447,0.26722132
4bvh_OCZ_B_1392,0.9877122,0,0.048559718,0.10021779,0.99709252,0.22017084,0
4bvh_OCZ_C_1394,0.98447356,0.19435061,0.046107038,0.099783822,0.9984219,0.22531744,0
4bz6_SHH_A_700,0.95973613,0.69298284,0.033882395,0.094107897,0.48261974,0.2384447,0.21751046
4bz6_SHH_C_700,0.93851565,0.69217015,0.034054603,0.094087709,0.48178989,0.23870581,0.21991874
4bz6_SHH_D_700,0.98935604,0.74555953,0.025635174,0.088077063,3.2331249e-09,0.23454749,0.018786997
4c2p_X8Z_A_709,0.98923888,0.20407133,0.045699568,0.099572753,0.9800801,0.22540936,0
4c2z_646_A_1498,0.51958918,0.67595857,0.037450185,0.093689459,0.4654223,0.24384447,0.26722132
4c2z_646_B_1498,0.51958918,0.67595857,0.037450185,0.093689459,0.4654223,0.24384447,0.26722132
4c67_L5S_A_1170,0,0.98503551,0.046484016,0.097392827,0.99747818,0.25188485,0
4c7g_NGO_A_1495,0,0.41712415,0.039818202,0.089531331,0.1799411,0.2385114,0.00072600716
4can_M7K_A_800,0.51958918,0.67595857,0.037450185,0.093689459,0.4654223,0.24384447,0.26722132
4can_M7K_B_800,0.51958918,0.67595857,0.037450185,0.093689459,0.4654223,0.24384447,0.26722132
4cb5_93G_A_1484,0,0.65622724,0.041670818,0.093194863,0.44508841,0.25025374,0.32642914
4ccu_AWF_A_1500,0.51958918,0.67595857,0.037450185,0.093689459,0.4654223,0.24384447,0.26722132
4cdt_M48_A_801,0.51958918,0.67595857,0.037450185,0.093689459,0.4654223,0.24384447,0.26722132
4cjs_L0Y_A_1217,0,0.98316231,0.031192729,0.086492378,0,0.25005378,0
4cjs_L0Y_B_1217,0.98314179,0.96678194,0.02345074,0.088364284,0.00065909587,0.24314403,0.20415412
4cjv_IV2_B_1215,0.9945621,0.99581782,0.037909061,0.098360623,0.97667082,0.24215801,0.052108639
4cjw_CBJ_A_1215,0.975414,0.74425169,0.025870002,0.088155938,0.0067639809,0.23477309,0.023346741
4cjw_CBJ_A_1216,4.6666931e-07,0.65622726,0.041670814,0.093194863,0.44508843,0.25025373,0.32642909
4cjw_CBJ_B_1217,0.99189749,0.74491602,0.025743239,0.08817762,0.0078914951,0.23457676,0.021732177
4cjw_CBJ_B_1218,3.6857397e-07,0.65622726,0.041670815,0.093194863,0.44508843,0.25025374,0.3264291
4cld_JUO_A_1270,0.99589984,0,0.033196643,0.08933297,0.00060131922,0.21829126,0
4cld_JUO_B_1270,0,0,0.050950005,0.095120857,0.64999217,0.23035013,0
4cld_JUO_C_1270,0,0,0.050950005,0.095120857,0.64999217,0.23035013,0
4cld_JUO_D_1270,0,0,0.050950005,0.095120857,0.64999217,0.23035013,0
4cle_JR2_A_1270,0.99282038,0.74567024,0.025613479,0.088085389,0.00053617997,0.23450854,0.018571497
4cle_JR2_A_1271,0,0.6991386,0.034363679,0.087628925,6.3886891e-05,0.24685413,0.14372981
4cle_JR2_B_1270,0.99593436,0.21674059,0.045167024,0.099299953,0.95633931,0.22552415,0
4clo_XP0_B_1270,0,0,0.050950005,0.095120857,0.64999217,0.23035013,0
4clo_XP0_D_1270,0.9637722,0,0.048622214,0.10009749,0.98833029,0.2204181,0
4clr_FDB_A_1270,0.14254979,0.069072028,0.053737872,0.098813043,0.96986567,0.2321829,0
4clr_FDB_C_1270,0.15304424,0.085233289,0.05305259,0.09847429,0.94024436,0.23230919,0
4clr_FDB_D_1270,0.99889934,0.20220899,0.045745399,0.099663192,0.98718323,0.22528269,0
4cme_KTZ_A_1270,0.9896458,0,0.048465713,0.10016415,0.99200478,0.22014046,0
4cme_KTZ_B_1270,0.98976229,0,0.048430741,0.10014004,0.98978889,0.2201352,0
4cme_KTZ_C_1270,0.99550674,0,0.048350337,0.10012233,0.98763019,0.22006822,0
4cme_KTZ_D_1270,0.95432119,0,0.048216278,0.099743338,0.95681769,0.22046533,0
4cmk_FQW_A_1270,0.51958918,0.67595857,0.037450185,0.093689459,0.4654223,0.24384447,0.26722132
4cmk_FQW_B_1270,0.51958918,0.67595857,0.037450185,0.093689459,0.4654223,0.24384447,0.26722132
4cmk_FQW_C_1270,0.51958918,0.67595857,0.037450185,0.093689459,0.4654223,0.24384447,0.26722132
4cmk_FQW_D_1270,0.51958918,0.67595857,0.037450185,0.093689459,0.4654223,0.24384447,0.26722132
4cno_9PY_B_301,0,0.94810296,0.047561556,0.10116765,0.99307578,0.27030242,0.99297493
4cno_9PY_C_301,0,0.92928702,0.0386531,0.092915694,0.42788562,0.2581039,0.43542829
4cno_9PY_D_301,0.99007119,0.97488296,0.038038441,0.10126047,0.92287123,0.25933596,0.96551874
4crg_J4X_A_1493,0.51958918,0.67595857,0.037450185,0.093689459,0.4654223,0.24384447,0.26722132
4cvb_PQQ_A_1608,0,0.65622724,0.041670818,0.093194863,0.44508841,0.25025374,0.32642914
4cw2_XDS_A_1303,0,0.69914478,0.034362623,0.08762812,0,0.24685364,0.14370337
4cx6_Q16_B_800,0.51958918,0.67595857,0.037450185,0.093689459,0.4654223,0.24384447,0.26722132
4cxr_2BG_A_502,0.99651084,0.9942728,0.038706204,0.10194966,0.98196121,0.26015255,0.98467477
4d06_NAR_C_301,0,0.65622724,0.041670818,0.093194863,0.44508841,0.25025374,0.32642914
4d06_NAR_E_301,0.99419914,0.65042876,0.041905564,0.1005067,0.98659306,0.24209878,0.4264983
4d06_NAR_F_301,0.97458134,0.74486639,0.025765506,0.088070359,6.360607e-10,0.23473127,0.020652454
4d06_NAR_F_302,0.9941494,0.74535405,0.025666513,0.088135325,0.0044526342,0.23452222,0.020024603
4d06_X8W_B_301,0.99502186,0.74571618,0.025603867,0.08809386,0.0011293498,0.23448573,0.018539033
4d06_X8W_D_303,0.99223868,0.74566997,0.025613987,0.088081603,0.0002565592,0.23451362,0.018529215
4d0z_BBK_A_1581,0.93187622,0.9382103,0.024150447,0.088309136,0.0001254788,0.24284756,0.19036631
4d0z_BBK_B_1580,0.95713481,0,0.044405455,0.097048817,0.76630021,0.21999126,0
4d0z_BBK_E_1584,0.92336522,0,0.044628814,0.096975422,0.76176862,0.22035586,0
4d3s_BOG_F_1000,0.96742037,0.65642204,0.040901584,0.099549751,0.91158733,0.2418532,0.39883666
4d3s_BOG_H_1000,0.95094108,0.74375731,0.025974049,0.088059634,2.0973815e-07,0.23502532,0.023637366
4d4u_FUC_A_950,0.98504497,1,0.038905911,0.10206793,0.99233232,0.26055763,0.99187064
4d4u_FUC_B_950,0.99300574,1,0.038928714,0.10215602,0.99782195,0.26058196,0.99713997
4d5e_TPP_A_1589,0.51958918,0.67595857,0.037450185,0.093689459,0.4654223,0.24384447,0.26722132
4d5e_TPP_B_1590,0.51958918,0.67595857,0.037450185,0.093689459,0.4654223,0.24384447,0.26722132
4d6z_PK9_A_1600,8.3803221e-06,0.65622756,0.04167075,0.093194871,0.44508874,0.25025364,0.32642819
4d96_5PA_B_501,0.51958918,0.67595857,0.037450185,0.093689459,0.4654223,0.24384447,0.26722132
4d96_5PA_C_402,0.51958918,0.67595857,0.037450185,0.093689459,0.4654223,0.24384447,0.26722132
4d96_5PA_D_501,0.51958918,0.67595857,0.037450185,0.093689459,0.4654223,0.24384447,0.26722132
4dch_4DC_A_502,0.96829989,0,0.044774025,0.097388083,0.74005399,0.21992247,0
4dch_GLC_A_501,0,0.98351441,0.046031066,0.097077946,0.96669289,0.25189373,0.0049831128
4dd8_BAT_A_1000,0,0.65622724,0.041670818,0.093194863,0.44508841,0.25025374,0.32642914
4dd8_BAT_B_1000,0.93643228,0.69209036,0.03407151,0.094085727,0.48170842,0.23873144,0.22015517
4dd8_BAT_C_1000,0.51958918,0.67595857,0.037450185,0.093689459,0.4654223,0.24384447,0.26722132
4do1_ANN_B_502,0.99638973,0.74588951,0.025573127,0.088080255,1.6661633e-08,0.23446,0.017898926
4do1_ANN_C_502,0.99806827,0.74596825,0.025558322,0.088081018,8.3470383e-08,0.23443913,0.017687022
4do1_ANN_D_502,0.99500566,0.74677877,0.025559485,1.3329135e-19,4.11256e-08,0.23450047,0.018299599
4dt8_ADN_B_401,0.9783334,0.21045168,0.045498364,0.099386984,0.96478848,0.22563132,0.00070465027
4dta_ADN_A_401,0.99050774,0.73965125,0.026645001,0.088854619,0.061687314,0.23500908,0.044172206
4dta_ADN_B_401,0.98202126,0.73339638,0.027721788,0.08961404,0.12228223,0.23558213,0.070322222
4dtb_GMP_A_401,0,0.65622724,0.041670818,0.093194863,0.44508841,0.25025374,0.32642914
4du7_DP6_A_401,0.98583086,1,0.038101493,0.10116085,0.94559839,0.25843414,0.8868785
4du7_DP6_B_401,0.98082006,1,0.038542786,0.10158395,0.9694456,0.25938909,0.93118625
4dvw_0M4_B_512,0.62514079,0.68016864,0.036597694,0.093789583,0.46953509,0.24256172,0.25548307
4dwv_PFB_B_378,0.99182577,0.98198648,0.038630156,0.10176211,0.96671165,0.25971828,0.97443221
4e7v_CRS_1_101,0,0.98431918,0.035683456,0.090600246,0.27938768,0.25598174,0.27925035
4e7v_CRS_3_101,0.99789088,0.64779474,0.037456794,0.096876478,0.69783633,0.23875747,0.29191525
4e7v_CRS_E_101,0.25271518,0.9905427,0.033597412,0.090144495,0.29467062,0.24891412,0.049165754
4e7v_CRS_G_101,0.99448582,0.99519348,0.038855197,0.10185045,0.99424206,0.25904138,0.92393251
4e7v_CRS_I_101,0.9978539,0.98707028,0.029879781,0.092482872,0.4515021,0.24019356,0.010759305
4e7v_CRS_M_101,0.99555703,0.98743952,0.038340156,0.099194284,0.99087744,0.245381,0.22714645
4e7v_CRS_O_101,0.9942327,0.98736929,0.03884148,0.10141183,0.99386439,0.25658259,0.80527909
4e7v_CRS_Q_101,0.99832261,0.98753869,0.03636797,0.097685521,0.86585662,0.24438777,0.1888693
4e7v_CRS_S_101,0.18070844,0.98539739,0.034609572,0.090337186,0.31859733,0.24961536,0.047936036
4e7v_CRS_U_101,0.99700699,0.99039757,0.038059781,0.098972545,0.97613473,0.24511169,0.21217742
4e7v_CRS_Y_101,0.99746277,0.71845692,0.030265231,0.091662428,0.28434399,0.23664036,0.13544533
4e9z_651_A_301,0.99823689,0.72650453,0.028887891,0.090618715,0.2014575,0.23599126,0.10104323
4ea0_651_A_306,0.82475567,0.68781341,0.034977785,0.093979485,0.47734121,0.24010556,0.23282915
4ea0_651_B_305,0.88660388,0.74073892,0.026541601,0.088030449,9.1467988e-07,0.23582559,0.031760891
4ejh_0QA_A_502,0.99249055,0.69423726,0.033616588,0.094139057,0.48390063,0.23804168,0.21379322
4ejh_0QA_D_502,0,0.65622724,0.041670818,0.093194863,0.44508841,0.25025374,0.32642914
4ejh_0QA_F_502,0,0.65622724,0.041670818,0.093194863,0.44508841,0.25025374,0.32642914
4ek1_CAM_A_502,0.066424545,0.98567145,0.031333482,0.087063791,0.046482637,0.24946068,0
4ek1_CAM_B_502,0.072793645,0,0.041448299,0.088855054,0.043326237,0.22850882,0
4ekr_0R0_A_202,0.9971705,0.99177384,0.025795701,0.092749549,0.13947097,0.25860149,0.98582054
4ekr_0R0_A_203,0.0064548937,0.94166089,0.031576367,0.086608874,0,0.24927457,0.0088247875
4ekr_0R0_B_203,0,0.99207739,0.033793083,0.091596418,0.12591395,0.26962198,0.99016093
4evi_N7I_B_401,0.99517936,0.19650301,0.045987393,0.099782724,0.99763647,0.22523826,0
4evq_PHB_B_402,0.98976449,0.19679724,0.045992008,0.099750046,0.99519428,0.22529837,0
4evs_PHB_A_408,0.9955027,0.19729669,0.045954325,0.099765179,0.99611657,0.22524644,0
4f06_PHB_A_401,0.98213379,0.19561293,0.046063144,0.099742422,0.99503577,0.22535989,0
4f8n_GAL_A_204,0.98184816,0.96241952,0.03627906,0.099357493,0.80353539,0.25581199,0.80339719
4f8n_PC_A_202,0.9663152,0.74447857,0.025838429,0.088066611,2.5810723e-07,0.23483409,0.021696245
4fh7_TBP_A_202,0.02861531,0.020652629,0.050406113,0.095044812,0.64160825,0.23046215,0
4fm6_TYR_C_259,0.51958918,0.67595857,0.037450185,0.093689459,0.4654223,0.24384447,0.26722132
4fra_GAL_A_402,0.9772443,0.21425074,0.04532479,0.099271518,0.95511636,0.22568089,4.1850984e-06
4g1q_T27_A_601,0,0.65622724,0.041670818,0.093194863,0.44508841,0.25025374,0.32642914
4g1x_TQU_A_409,0,0.94765954,0.03158208,0.086547347,3.7308404e-06,0,0
4g1x_TQU_A_410,0.9971105,0.60318502,0.029542126,0.090018653,0.1632594,0.23112006,0
4gcq_0JM_A_401,0,0.65622724,0.041670818,0.093194863,0.44508841,0.25025374,0.32642914
4gcq_0JM_B_401,0.00023758942,0.65623634,0.04166889,0.093195089,0.4450977,0.25025082,0.32640218
4ghf_4NC_A_402,0,0.41661029,0.039814076,0.089523351,0.1793629,0.23848605,0
4ghf_4NC_C_402,0,0.69891842,0.034401346,0.08765762,0.002341934,0.24687171,0.14467263
4ghf_4NC_D_402,0,0.41661029,0.039814076,0.089523351,0.1793629,0.23848605,0
4gim_PSU_B_400,0.97830455,0.91511043,0.025620557,0.089620764,0.10406538,0.24247099,0.21453246
4gim_PSU_C_400,0.94561269,0.79013062,0.032565912,0.093868481,0.4552505,0.24211194,0.28784637
4gmu_OXL_A_705,0,0.66054645,0.040965729,0.09265841,0.39934617,0.24993458,0.30898138
4gnp_PEP_A_703,0.99025742,0.27346528,0.04289135,0.097909934,0.83794124,0.2264059,3.2525816e-07
4gt9_MEF_A_304,0,0.65622724,0.041670818,0.093194863,0.44508841,0.25025374,0.32642914
4gt9_UMP_A_302,0.49790126,0.67529567,0.037630264,0.093668535,0.46455928,0.24412733,0.26992325
4gy9_ZIP_A_201,0.99409346,0.68028104,0.036798748,0.096615534,0.67768399,0.23971687,0.29866297
4h4c_10D_A_402,0,0.65622724,0.041670818,0.093194863,0.44508841,0.25025374,0.32642914
4h4c_10D_B_402,0,0.65622724,0.041670818,0.093194863,0.44508841,0.25025374,0.32642914
4h9g_14J_A_512,0.0034863285,0.97718225,0.041645344,0.093958835,0.67832617,0.25129515,0.0097244858
4h9x_HL4_A_404,0.58616657,0.9850088,0.034924008,0.093195029,0.55857501,0.24465668,0
4h9x_HL4_B_404,0.54444563,0.69167149,0.036972573,0.093673011,0.46141407,0.24428176,0.27902614
4hey_4MZ_A_303,0.8082825,0,0.034731237,0.089134336,0,0.22035126,0
4hey_4MZ_A_307,0.071537657,0.70249931,0.033731837,0.08766079,1.6473936e-05,0.24596394,0.13467782
4hey_4MZ_A_308,0.8286018,0.73798832,0.027058301,0.088007972,0.00030598116,0.2365494,0.039210507
4hez_1MZ_A_302,0,0.69914477,0.034362623,0.087628121,2.7716504e-08,0.24685364,0.14370338
4hez_1MZ_A_304,0.22115159,0.70951128,0.032413244,0.087729597,8.9247272e-05,0.24410353,0.11581764
4hez_1MZ_A_306,0.19139974,0.70812403,0.032674236,0.087714985,1.0054297e-06,0.24447292,0.1195376
4hez_1MZ_A_307,0.076795885,0.70270325,0.033692764,0.087668746,0.0004586778,0.24590195,0.13419693
4hgg_SYN_A_502,0.99810189,0.86131549,0.024242752,0.087739131,1.8623296e-05,0.23650844,3.0795128e-07
4hgg_SYN_B_502,0.99201502,0.94275026,0.023451215,0.087584293,0.00017374498,0.23830035,5.6953334e-07
4hmx_WUB_A_302,0.0001287914,0.65623217,0.041669773,0.093194985,0.44509345,0.25025216,0.32641453
4hon_AKG_A_401,0.99662671,0,0.049218538,0.10396687,0.99502428,0.23931673,0.99503453
4hon_AKG_B_401,0.99329821,0,0.049206808,0.10377228,0.99500132,0.23837652,0.94454028
4hoz_GLC_A_703,0.99290205,0.37542909,0.04414595,0.099862629,0.97618737,0.23173475,0.16170067
4hrq_AZG_A_201,0.012747853,0.97877727,0.03173644,0.087072691,0.037300879,0.25066281,0.040063501
4hrq_AZG_B_201,0,0,0.041382248,0.088306914,0,0.22923068,0
4hxk_1AJ_A_201,1.5991157e-05,0.94145401,0.031624964,0.086569469,1.5934067e-05,0.24917025,0
4hzf_CMP_A_301,0.48825785,0.67492635,0.037708522,0.093659361,0.46418216,0.24424599,0.27101766
4hzf_CMP_A_302,0.8709495,0.17593174,0.047197675,0.099689606,0.99770562,0.22622102,0
4hzf_CMP_B_301,0,0.65622724,0.041670818,0.093194863,0.44508841,0.25025374,0.32642914
4i02_CMP_A_301,0,0.65622724,0.041670818,0.093194863,0.44508841,0.25025374,0.32642914
4i02_CMP_A_302,0.87754944,0.68983529,0.034549354,0.094029709,0.47940575,0.23945597,0.22683768
4i02_CMP_B_301,0.96012242,0.69299764,0.03387926,0.094108264,0.48263484,0.23843995,0.21746662
4i02_CMP_B_302,0.18131332,0.66317111,0.040199429,0.093367353,0.45217883,0.24802278,0.30585223
4i02_CMP_D_301,0.95881996,0.69294776,0.03388983,0.094107025,0.48258391,0.23845597,0.21761444
4i02_CMP_D_302,0.92813279,0.69177251,0.034138862,0.094077831,0.48138386,0.23883356,0.22109707
4i02_CMP_F_301,0.52976567,0.676516,0.037371679,0.093698849,0.46580536,0.24373526,0.26630702
4i0b_CMP_A_301,0.53440727,0.67669376,0.037334012,0.093703265,0.46598688,0.24367815,0.26578025
4i0b_CMP_A_302,0.97462773,0.19399928,0.046151256,0.099745705,0.99580115,0.22541389,0
4i0b_CMP_B_301,0.89837496,0.64508157,0.042896561,0.10057421,0.99540471,0.24335868,0.44224398
4i2p_G73_A_601,0.9862799,0.99185268,0.029447693,0.093447683,0.40334122,0.24825748,0.41359485
4i4v_NGA_A_201,0,0.94789829,0.047413733,0.10102619,0.9838492,0.27007188,0.98213771
4i4v_NGA_A_202,0.96863382,1,0.03649549,0.1002208,0.8267704,0.26033579,0.98645358
4i4v_NGA_B_201,0,0.95332484,0.044726715,0.095965792,0.86158138,0.25096916,1.0038648e-10
4i4v_NGA_B_202,0,0.11948366,0.05213494,0.096927698,0.81798704,0.23438492,8.7304767e-06
4i4v_NGA_D_201,0.98665319,0.2349041,0.0444611,0.098819572,0.91589457,0.22588347,2.39634e-07
4i4v_NGA_D_202,0,0.12031888,0.05211849,0.096921744,0.81738689,0.2344095,0.00052865784
4i6s_FUC_A_101,0.98624321,0.94468373,0.039544615,0.10224135,0.99698009,0.25947988,0.99697048
4i6s_FUC_B_101,0.52744812,0.95106866,0.043268161,0.1017732,0.99787803,0.26467467,0.99789244
4i6s_FUC_B_102,0.97359678,0.96207217,0.039458257,0.10218706,0.99634592,0.25997412,0.99635898
4i6s_FUC_C_101,0.74154165,0.96938942,0.041096692,0.10124545,0.99215671,0.25937252,0.82584714
4i6w_1CO_B_1001,0.98595935,0.74434488,0.025845669,0.088213053,0.010918322,0.23467398,0.023734646
4i6y_MEV_A_501,0,0.69904855,0.034379084,0.087640661,0.00099556579,0.24686132,0.1441154
4i6y_MEV_B_1001,0.99439308,0.97619063,0,0.09885372,0.86946354,0.249922,0.48466494
4i7n_1DJ_A_202,0.99716477,0.99635442,0.038886279,0.10212713,0.99493549,0.2604113,0.99493901
4i7n_1DJ_B_203,0.99866992,1,0.038842417,0.10212738,0.99533162,0.2604784,0.99523392
4i9n_1E5_B_402,0.99031155,0.96515591,0.038130742,0.098150963,0.97073742,0.24053667,0
4i9n_1E5_C_402,0.8633477,0.97546465,0.038576082,0.097651184,0.93864857,0.24209214,0
4i9n_1E5_F_402,0.93713698,0.96809782,0.038411948,0.098001469,0.96253824,0.2411684,0
4i9n_1E5_H_402,0.89727759,0.028893908,0.044278247,0.096706106,0.73963547,0.22122331,0
4i9n_1E6_A_401,0.51958918,0.67595857,0.037450185,0.093689459,0.4654223,0.24384447,0.26722132
4i9n_1E6_B_401,0.51958918,0.67595857,0.037450185,0.093689459,0.4654223,0.24384447,0.26722132
4i9n_1E6_C_401,0.51958918,0.67595857,0.037450185,0.093689459,0.4654223,0.24384447,0.26722132
4i9n_1E6_D_401,0.51958918,0.67595857,0.037450185,0.093689459,0.4654223,0.24384447,0.26722132
4i9n_1E6_F_401,0.51958918,0.67595857,0.037450185,0.093689459,0.4654223,0.24384447,0.26722132
4i9n_1E6_G_401,0.51958918,0.67595857,0.037450185,0.093689459,0.4654223,0.24384447,0.26722132
4ioq_BAQ_A_201,0.99515791,0.7458296,0.025584356,0.088079973,2.1962924e-05,0.23447549,0.018063539
4iph_1FJ_A_201,0.98293708,0.71353125,0.031119433,0.092208959,0.32825542,0.23715981,0.15545304
4iph_1FJ_A_202,0.0023835989,0,0.050933398,0.095125438,0.6502643,0.2303243,0
4itu_1HS_A_302,7.9335427e-06,0.65622755,0.041670753,0.09319487,0.44508872,0.25025364,0.32642824
4itu_1HS_B_302,7.3478855e-06,0.65622752,0.041670758,0.09319487,0.4450887,0.25025365,0.32642831
4itu_1HS_D_302,5.1528215e-06,0.65622744,0.041670776,0.093194868,0.44508862,0.25025368,0.32642856
4ixw_IXW_B_302,0.00090207446,0.69881411,0.034418473,0.087677139,0.0038590219,0.24687219,0.14518661
4j0k_EGR_A_501,0.9034004,0.7287984,0.026452636,0.088115855,0.00083448998,0.23587008,0.036310604
4j0k_EGR_B_501,0.9409488,0.77542336,0.025677283,0.088170773,0.00053170677,0.23698597,0.065583208
4j4b_0TF_A_904,0.97641548,0.69362162,0.03374704,0.094123765,0.483272,0.23823947,0.21561755
4j4b_0TF_B_301,0.97586855,0.65404347,0.04130177,0.099915222,0.94029711,0.24196961,0.40965215
4j5h_1K4_A_303,0,0.94585595,0.046224488,0.099971517,0.90802991,0.26871785,0.92141415
4j7u_YTZ_A_802,0.95283946,0.74373741,0.025975943,0.088074696,0.0011275768,0.2350104,0.023864261
4j7u_YTZ_B_802,0.94858893,0.74092109,0.026461118,0.088413813,0.028202588,0.23527216,0.035606511
4j7u_YTZ_D_802,0.99379934,0.745679,0.025611202,0.088090677,0.00092071355,0.23449933,0.018607041
4jb0_ENO_A_402,0.93883266,1,0.039258412,0.10208788,0.99453131,0.99515966,0.9950233
4jb0_FER_A_401,0,0.65622724,0.041670818,0.093194863,0.44508841,0.25025374,0.32642914
4jh6_FCN_A_202,0.99536604,0.92701857,0.033523096,0.094693207,0.64751537,0.23909292,0
4jh6_FCN_B_202,0,0,0.056021065,0.098732294,0.95369612,0.23094346,0
4jhh_H35_A_201,0.96983172,0.74455586,0.025822409,0.088079634,0.00090745135,0.23479735,0.02162771
4jp3_CIT_A_301,0,0.65622724,0.041670818,0.093194863,0.44508841,0.25025374,0.32642914
4jwx_1N4_A_301,0.99003527,0.20079254,0.045829679,0.099655313,0.98708271,0.22535356,0
4jxh_HRC_A_301,0.98481105,0.69394315,0.033678908,0.094131752,0.48360031,0.23813617,0.21466476
4jzx_476_A_402,0.98889299,0.88049137,0.038600579,0,0.94457069,0.23870796,0
4jzx_IPE_A_401,0,0.65622724,0.041670818,0.093194863,0.44508841,0.25025374,0.32642914
4k5g_Q13_A_803,0.51958918,0.67595857,0.037450185,0.093689459,0.4654223,0.24384447,0.26722132
4k5g_Q13_B_803,0.22522573,0.66485285,0.039843072,0.093409129,0.45389606,0.24748246,0.30086869
4k5u_GAL_B_301,0,1,0.046936888,0.10099466,0.98764343,0.27129981,0.98824991
4k5u_GAL_C_301,0.92530297,1,0.039306025,0.10168039,0.99041217,0.25964824,0.9111077
4k5u_GAL_D_301,0,0.98754743,0.046780967,0.10051691,0.97369752,0.26923021,0.89615582
4k90_MLA_A_704,0.98196275,0.87380436,0.024838968,0.090617835,4.518149e-05,0.25187734,0.77167957
4kfj_1R0_A_202,0,0.65622724,0.041670818,0.093194863,0.44508841,0.25025374,0.32642914
4kp7_1UQ_B_502,0.99343385,0.94583919,0,0.098009024,0.95483281,0.24006799,0
4kqk_PCR_A_403,0.99598812,0.9984589,0.038104549,0.098355731,0.99456061,0.24122244,0
4kqk_PCR_B_703,0.99704905,0.99768388,0.038089693,0.098348164,0.99363817,0.24119271,0
4kqx_HIO_A_402,0.81156222,0.95520729,0.036365136,0.095624473,0.75291498,0.24199699,0.005095586
4kqx_HIO_B_401,0.80305821,0.92153853,0.032097061,0.092469404,0.44556243,0.24159949,0.045117141
4kux_FPS_A_704,0.86740178,0.68944666,0.034631704,0.094020056,0.47900892,0.23958083,0.22798932
4kux_FPS_B_405,0,0.63970397,0.041772749,0.093147896,0.44279002,0,0.31183913
4kux_FPS_C_705,0,0.65622724,0.041670818,0.093194863,0.44508841,0.25025374,0.32642914
4kux_FPS_D_704,0,0.65622724,0.041670818,0.093194863,0.44508841,0.25025374,0.32642914
4kwl_3SS_A_302,0.98946674,0.99136081,0.037269886,0.099706828,0.90050951,0.25311295,0.62750063
4l1x_STR_A_402,0.98821587,0.74550597,0.025645244,0.088076555,7.4621985e-07,0.23456168,0.018931263
4l1x_STR_B_402,0,0,0.050950005,0.095120857,0.64999217,0.23035013,0
4l4d_CAM_A_503,0,0.69456846,0.035145504,0.088224525,0.047347539,0.24721893,0.16329917
4l7p_M95_A_601,0.97495861,0.74484056,0.025769625,0.088076203,0.00045034415,0.23473005,0.020791204
4l80_OXL_A_402,0.99550802,0.92323582,0.03823269,0.098197974,0.94922082,0.24057379,0.052766983
4l80_OXL_B_402,0.98072824,0.95583577,0.023567875,0.088344986,0,0.24278496,0.19591979
4l80_OXL_C_402,0.99606764,0.9239691,0.028203738,0.091903743,0.28365325,0.24441254,0.30322153
4l80_OXL_D_402,0.99482162,0.80685954,0.024911006,0.088216212,0,0.23733586,0.080627544
4l80_OXL_E_402,0.99179727,0.96785202,0.023357655,0.088360736,0,0.24305391,0.20327962
4l80_OXL_F_402,0.99232612,0.93433118,0.035650386,0.09646649,0.78572142,0.24095707,0.073805683
4l8q_XMM_A_303,0.12899927,0.82378864,0.032635655,0.088384791,0.042275572,0.25047388,0.25101394
4l91_X29_A_301,0.99558306,0.20692596,0.045564834,0.099534153,0.97637226,0.22538535,0
4lek_1DN_X_202,0,0.65622724,0.041670818,0.093194863,0.44508841,0.25025374,0.32642914
4lm7_U5P_A_201,0.7553354,0.72375375,0.029551735,0.089381878,0.11201742,0.23832258,0.094695329
4lo1_GAL_A_301,0.97194241,0.96615984,0.039011384,0.10180084,0.97033081,0.25955847,0.97187122
4lo1_GAL_B_301,0,0.95478858,0.042885376,0.094755616,0.74117009,0.25134053,0.028775082
4lol_1YE_A_402,0.99567078,0.97010127,0.023303267,0.088364476,3.5719712e-09,0.24307908,0.204371
4luu_BTM_A_704,0.00048386375,0,0.050946634,0.095121787,0.65004741,0.23034489,0
4lvb_20N_B_601,0.99380289,0.99418104,0.023082751,0.088385474,3.032122e-07,0.24395412,0.22294124
4lxi_22J_A_301,0.90201603,0.66828935,0.038923455,0.097573593,0.75705965,0.24147456,0.34314002
4lz3_BTM_A_409,0.98642741,0.98622247,0.036927611,0.097383999,0.90449749,0.24090656,0
4lz7_1YW_B_804,0.19717189,0.66377845,0.040070734,0.09338244,0.45279899,0.24782765,0.30405247
4lz7_1YW_C_804,0,0.65622724,0.041670818,0.093194863,0.44508841,0.25025374,0.32642914
4m2c_DAR_C_402,0.97985841,0,0.033319412,0.089309975,0,0.21846641,0
4m2c_DAR_D_402,0,0,0.050950005,0.095120857,0.64999217,0.23035013,0
4m54_AE5_A_403,5.927046e-05,0.65622951,0.041670337,0.093194919,0.44509073,0.25025301,0.32642242
4m72_M72_B_402,0,0.67569319,0.03837454,0.090684425,0.24263483,0.24872556,0.24412302
4ma8_Z80_C_301,0,0.73788609,0.033891321,0.0877166,8.2069673e-07,0.2488061,0.18636437
4mgj_CPZ_A_502,8.6485453e-05,0.69914647,0.034362265,0.087628468,2.4505765e-05,0.24685276,0.14370259
4mig_G3F_A_802,0.95445049,0.74318693,0.026068833,0.088157018,0.0076048913,0.23504034,0.026341628
4mig_G3F_B_802,0.98360732,0.69919375,0.033571649,0.094081882,0.47691941,0.23829841,0.21689621
4mig_G3F_D_802,0.96683168,0.69366642,0.034530571,0.094692048,0.52596377,0.23888545,0.23931237
4mju_27S_A_501,0.51958918,0.67595857,0.037450185,0.093689459,0.4654223,0.24384447,0.26722132
4mog_G3F_A_802,0.94564143,0.92957132,0.024131648,0.088316524,0.0008515307,0.24235822,0.18196599
4mol_2FG_C_703,0.0074979064,0,0.050897765,0.095135268,0.65084819,0.23026887,0
4mol_2FG_D_802,0.0070901202,0.95670906,0.035357752,0.090871245,0.23393983,0.25886729,0.46174476
4mop_2H5_A_802,0.011034262,0.65664983,0.041581273,0.09320536,0.44551992,0.25011797,0.32517689
4mop_2H5_B_802,0.99591975,0.88983296,0.024262575,0.088432097,0.011108163,0.24036187,0.14866317
4mop_2H5_C_703,0.51958918,0.67595857,0.037450185,0.093689459,0.4654223,0.24384447,0.26722132
4mpr_TPP_A_602,0,0.95581788,0.032796405,0.088752252,0.066398459,0.25718343,0.38309353
4mr7_2BV_A_501,0,0.65622724,0.041670818,0.093194863,0.44508841,0.25025374,0.32642914
4mr8_2BW_A_507,0,0.95022785,0.031815798,0.087914261,0.00041973873,0.25629659,0.34770081
4mux_2E4_A_402,0,0.65622724,0.041670818,0.093194863,0.44508841,0.25025374,0.32642914
4n36_2F8_A_401,0,0.97125361,0.046008046,0.099635644,0.91606176,0.26734267,0.82176799
4n36_2F8_B_401,0,0.65622724,0.041670818,0.093194863,0.44508841,0.25025374,0.32642914
4n36_2F8_C_401,0,0.65622724,0.041670818,0.093194863,0.44508841,0.25025374,0.32642914
4n4j_HG1_A_605,0.96596352,0.71151256,0.03147828,0.092360564,0.34090253,0.23746851,0.1628304
4n4j_HG1_A_606,0.5819457,0.67851437,0.036948229,0.09374849,0.46784591,0.24309321,0.2603852
4n4j_HG1_A_607,3.3184418e-08,0.65622724,0.041670817,0.093194863,0.44508842,0.25025374,0.32642914
4n4j_HG1_A_608,0.0016010646,0.69921989,0.034348499,0.087628847,0,0.24683373,0.14350121
4n5p_2H0_E_412,0.99056021,0.98671827,0.02637348,0.090943822,0.20330346,0.24586173,0.31377911
4n6w_FLC_A_203,0,1,0.047087134,0.10112779,0.99702905,0.2714729,0.99632401
4n94_2HO_A_401,0.0019292408,0.99624085,0.031118112,0.08652494,0.005013606,0.25031858,0
4n9v_AZA_A_401,0.017437472,0.97544483,0.031895419,0.09029888,9.354593e-09,0.26900726,0.99818656
4n9v_AZA_A_402,0,0.69008367,0.034360038,0.087673289,5.1500805e-07,0.24712082,0.15008866
4n9v_AZA_A_403,0,0.027836011,0.041093751,0.088255537,2.6852909e-08,0.22982024,0
4ndn_PPK_A_406,0.90226474,0.74081171,0.026516688,0.08812382,0.0068493319,0.23568362,0.032617911
4ndn_PPK_C_404,0,0.65622724,0.041670818,0.093194863,0.44508841,0.25025374,0.32642914
4nf4_2JK_A_301,0,0,0.057430247,0.1029557,0.99571387,0.25027422,0.99543615
4ni1_2JX_A_203,2.3874317e-06,0,0.050949988,0.095120861,0.64999244,0.23035011,0
4ni1_2JX_A_204,0,0,0.050950005,0.095120857,0.64999217,0.23035013,0
4nir_6DH_A_307,0.99514521,0,0.033193623,0.089325624,1.4013414e-09,0.21829847,0
4nir_6DH_A_308,0,0,0.050950005,0.095120857,0.64999217,0.23035013,0
4nir_6DH_B_306,1.003211e-05,0,0.050949935,0.095120876,0.64999331,0.23035003,0
4nkw_PLO_A_601,0.51958918,0.67595857,0.037450185,0.093689459,0.4654223,0.24384447,0.26722132
4nkw_PLO_B_601,0.50569657,0.72247482,0.029886586,0.087856443,2.0627168e-07,0.2405189,0.079151502
4nkw_PLO_C_601,0.51958918,0.67595857,0.037450185,0.093689459,0.4654223,0.24384447,0.26722132
4nkw_PLO_D_601,0.51958918,0.67595857,0.037450185,0.093689459,0.4654223,0.24384447,0.26722132
4np7_DPJ_A_403,0,1,0.045829451,0.1000617,0.91772187,0.27031145,0.94365657
4npm_SIN_A_301,0.99523311,0.2126921,0.045332815,0.099393929,0.96441396,0.22547264,0
4nv0_MG7_B_402,7.2887944e-06,0,0.049528911,0.094108803,0.53074633,0.23018379,0
4o7g_ASC_B_303,0.98358203,0.97739772,0.023510862,1.5460668e-06,0.012399145,0.24362592,0.21722046
4o7g_ASC_B_304,0.12732296,0.66110341,0.04063757,0.09331599,0.45006749,0.2486871,0.3119795
4o95_245_A_602,0.93665459,0.74308701,0.026100085,0.088053159,8.0319187e-07,0.23520303,0.025441428
4ocu_NDG_A_401,0,0.65622724,0.041670818,0.093194863,0.44508841,0.25025374,0.32642914
4ofu_DHT_A_1001,0.99281794,0.19980704,0.045861033,0.099692156,0.99005079,0.22531056,0
4ovl_1TD_A_308,0.99390769,0.94330338,0.038626044,0.098407497,0.99017838,0.24006925,0
4ox5_DAL_A_307,0,0,0.043729474,0.089978546,0.15291809,0.22950531,0
4oxy_1TN_A_302,0.98129797,0.97494096,0.023376639,0.088363232,5.4457692e-05,0.24345112,0.21035323
4oxy_1TN_B_302,0.98677158,0.98767604,0.038155934,0.098269193,0.98568679,0.24107937,0
4p5y_NGA_A_201,0.9865421,0.70921713,0.031854592,0.09279487,0.37464,0.23747283,0.17419512
4p7q_NAG_A_703,0.084504057,0.65946354,0.040985053,0.093275255,0.44839302,0.24921396,0.31683893
4p7q_NAG_A_704,0,0.69914319,0.034362893,0.087628326,1.6376658e-05,0.24685377,0.14371014
4p7q_NAG_A_706,0.11122306,0.6622698,0,0.093273564,0.44715211,0.24891951,0.31402686
4p8c_2J3_A_504,0.68942883,0.73033089,0.028479006,0.088091857,0.011979095,0.23837057,0.061613696
4p8c_Y22_B_502,0.51958918,0.67595857,0.037450185,0.093689459,0.4654223,0.24384447,0.26722132
4pb4_PLP_A_401,0,0.94958664,0.031815498,0.087908382,0,0.25626959,0.34701605
4pb4_PLP_B_401,0,0.81198516,0.039415002,0.092824189,0.40185889,0.25565687,0.43241026
4pbr_2L7_A_401,0.99532386,0.98982832,0.037756015,0.098055168,0.96567063,0.24099506,0
4pgi_Y69_A_303,0.51958918,0.67595857,0.037450185,0.093689459,0.4654223,0.24384447,0.26722132
4pik_MAN_C_503,0.76768728,0.98020728,0.04093354,0.10191381,0.99442552,0.26257586,0.99424236
4pxd_1AL_A_502,0,0.97824081,0.047314949,0.10117251,0.9971479,0.27102973,0.99719807
4pxd_1AL_B_502,0,0.98657202,0.031922565,0.090255494,0,0.26940892,0.99686467
4q3a_2YC_A_904,0.86737563,0.98231189,0.038107484,0.097383091,0.91490274,0.24215027,0
4q3a_2YC_B_904,0,0.98686118,0.046195592,0.097197525,0.97992052,0.25189198,0
4q3a_2YC_C_904,0.92837893,0,0.044595653,0.096986319,0.76244142,0.22030173,0
4q40_VAL_A_403,0,0.69914472,0.034362632,0.087628128,5.8593925e-07,0.24685365,0.14370361
4q40_VAL_B_403,0,0.69914474,0.034362629,0.087628125,3.6309704e-07,0.24685364,0.14370352
4q40_VAL_C_404,0,0.69914474,0.034362629,0.087628125,4.1151926e-07,0.24685365,0.14370354
4q40_VAL_D_403,0.99675676,0.71079999,0.031575682,0.092655674,0.36322147,0.23725768,0.16817961
4qbz_D80_A_917,6.5425734e-05,0.65622975,0.041670287,0.093194925,0.44509097,0.25025294,0.32642172
4qbz_D80_B_901,0.99623849,0.42558949,0.043936784,0.1001641,0.99207644,0.23374479,0.21661766
4qck_ASD_A_404,0.97764501,0.19327725,0.046171244,0.099777325,0.99830789,0.22537229,0
4qe1_RUU_A_403,0,0,0.051539155,0.095542654,0.66167179,0.2304325,0.00069800512
4qpe_37E_A_901,0.99374267,0.684052,0.03615392,0.096121783,0.63849856,0.23941892,0.28248953
4qxc_OGA_A_600,0.99713744,0.74591745,0.025567754,0.088081526,7.3929275e-05,0.23445127,0.017835111
4qxc_OGA_C_600,0,0.69914478,0.034362623,0.08762812,0,0.24685364,0.14370337
4qya_LU2_A_201,0.98717476,0.7454572,0.025654415,0.088076074,2.03726e-11,0.23457462,0.019062404
4qya_LU2_B_201,0,0.65622724,0.041670818,0.093194863,0.44508841,0.25025374,0.32642914
4r08_URI_D_901,0,0,0.050950005,0.095120857,0.64999217,0.23035013,0
4r2n_PHE_C_402,0.00085510106,0.8765809,0.032529464,0.087846842,0.00033469632,0.25368733,0.29163671
4r2n_PLP_A_401,0.51958918,0.67595857,0.037450185,0.093689459,0.4654223,0.24384447,0.26722132
4r3n_3GQ_B_404,0.86026705,0.73107007,0.028216627,0.089117556,0.087253294,0.23682633,0.071197463
4rcv_DE2_A_403,0,0.69910945,0.034368666,0.087632724,0.00036552727,0.24685646,0.14385465
4rg3_ECE_A_603,0.39722291,0.98836796,0.043500633,0.10124079,0.97367801,0.97258257,0.97253955
4rii_TYD_A_401,0,0,0.050950005,0.095120857,0.64999217,0.23035013,0
4rii_TYD_B_401,0.94001228,0.69222747,0.034042458,0.094089133,0.48184842,0.23868739,0.21974889
4rje_PYR_A_402,0.74839893,0.73425525,0.027760739,0.087967723,0,0.23754465,0.049210308
4rje_PYR_C_402,0,0.66762638,0.039754548,0.091735725,0.32609573,0.24936946,0.27866511
4rkz_3S4_B_401,0,0.65622724,0.041670818,0.093194863,0.44508841,0.25025374,0.32642914
4rm3_FOA_A_1000,0.97910876,0.99066461,0.02443475,0.09163857,0.040549919,0.25853136,0.98233621
4rm3_FOA_B_1000,0.98819616,0.99223581,0.023972997,0.090911305,0.023662431,0.25562573,0.83713343
4rql_SNE_A_505,0.99305665,0.89078395,0.024207634,0.08837578,0.0066785632,0.2403891,0.14774843
4rql_SNE_B_502,0.98532899,0,0.039495746,0.093746257,0.40531124,0.21913422,0
4s38_CDI_A_900,0,0,0.050950005,0.095120857,0.64999217,0.23035013,0
4tq4_DMA_B_403,0.51958918,0.67595857,0.037450185,0.093689459,0.4654223,0.24384447,0.26722132
4tq4_DMA_C_403,0.50948223,0.55932884,0.039014829,1.9367962e-91,0.49162933,0.24030122,0.19571375
4tq4_DMA_D_403,0.9842704,0.69392245,0.033683295,0.094131237,0.48357917,0.23814282,0.21472611
4tqi_6BD_A_201,0.92487826,0.74253451,0.026203972,0.088047819,1.1004356e-06,0.23534951,0.026928433
4tqi_6BD_B_201,0.95377808,0.74389042,0.025949019,0.088060919,2.1020935e-08,0.23499003,0.023279088
4trj_665_A_501,0.87354375,0.97642702,0.024280153,0.088332223,0.0012420697,0.24502171,0.22916388
4tsk_TLA_A_404,0,0.6989959,0.034388091,0.087647522,0.0015403094,0.24686553,0.14434086
4tyv_BGC_B_701,0.0043567237,0.94268702,0.0319557,6.9686556e-48,0.0079766368,0.25603995,0.34439373
4u7g_K17_B_303,0,0.96404198,0.031390807,0.086527685,3.2205703e-06,0.24964913,1.6533587e-05
4u8p_UDP_C_603,0.97078699,0.74468648,0.025799304,0.088068886,1.9734331e-05,0.23477862,0.021139697
4u8y_MIY_B_1102,0,0.9426336,0.031883675,0.087902082,0,0.25602446,0.34173963
4ubp_HAE_C_800,0,0.96412458,0.047055135,0.1004133,0.97836021,0.2677306,0.84384405
4uc9_ASP_A_1300,0,0.69914477,0.034362624,0.087628121,6.0201099e-08,0.24685364,0.14370339
4uc9_ASP_B_1300,0,0.65622724,0.041670818,0.093194863,0.44508841,0.25025374,0.32642914
4uc9_ASP_C_1300,0.70422773,0.68319748,0.03595589,0.093864822,0.47262786,0.2415886,0.24650764
4uch_OLW_A_800,0,0.65803032,0,0.09316742,0.44277466,0.25028838,0.32665035
4ud9_FQI_H_1257,0.99553818,0.99824518,0.038148746,0.098396351,0.99684691,0.24130724,0.0041502751
4udc_DEX_A_1778,0.99319767,0.64955757,0.042055396,0.10061366,0.99512038,0.24217703,0.43015397
4ug6_XFJ_A_904,0.038658154,0.65770776,0.0413571,0.09323164,0.44660017,0.24977807,0.3220419
4ug7_1EV_A_904,0.96100584,0.74422944,0.025885273,0.088064208,7.4270546e-07,0.23490013,0.022366807
4ugf_Q16_A_904,0.51958918,0.67595857,0.037450185,0.093689459,0.4654223,0.24384447,0.26722132
4ugg_S5D_A_904,0.10672969,0.66031473,0.040804688,0.093296399,0.44926217,0.24894049,0.31431659
4umd_CIT_A_1174,0.75898469,0.7334657,0.027887386,0.088140146,0.013306951,0.23751564,0.053381115
4uoc_NCN_B_400,0.51958918,0.67595857,0.037450185,0.093689459,0.4654223,0.24384447,0.26722132
4upd_7P9_B_1550,7.8624181e-05,0,0.050949457,0.095121008,0.65000114,0.23034928,0
4ur9_BK9_A_1717,0.99030694,0.99511855,0.024032944,0.088276723,0.072516129,0.23955829,5.7791018e-06
4ur9_BK9_B_1717,0.0012290962,0.99591362,0.031074836,0.086487494,0.0015978673,0.25031324,1.7833965e-06
4ur9_OAN_B_1718,0.89753483,0.69060068,0.034387169,0.094048722,0.4801873,0.23921006,0.22456957
4uy7_HIS_A_800,0,0.65622724,0.041670818,0.093194863,0.44508841,0.25025374,0.32642914
4uy7_HIS_B_800,0,0.65622724,0.041670818,0.093194863,0.44508841,0.25025374,0.32642914
4uzi_IMD_B_1455,0.86494796,0.64089495,0.027622717,0.088009577,8.9129817e-06,0.23330322,0
4uzi_IMD_B_1456,0.8941696,0.99299115,0.038119277,0.09763505,0.93724548,0.24212223,0
4v2z_Y70_A_151,0.99272155,0.1964583,0.045996694,0.099772175,0.99689397,0.22526296,0
4v36_LYN_A_1851,0,0.69914478,0.034362623,0.08762812,2.1146423e-09,0.24685364,0.14370337
4v3w_E2Z_A_800,0.51958918,0.67595857,0.037450185,0.093689459,0.4654223,0.24384447,0.26722132
4v3w_E2Z_B_800,0.51958918,0.67595857,0.037450185,0.093689459,0.4654223,0.24384447,0.26722132
4w1v_3GS_B_502,0,0.65622724,0.041670818,0.093194863,0.44508841,0.25025374,0.32642914
4wbd_CIT_A_602,0.89966864,0.97166556,0.035433977,0.098810995,0.7018558,0.260136,0.97958002
4wca_CIT_A_401,0,0.85602974,0.033891974,0.088756052,0.073860612,0.25374341,0.31089095
4wdd_CIT_A_401,0.98767434,0.92971153,0.0262042,0.090285698,0.15536286,0.2433911,0.24834301
4wdx_WDX_A_402,0,0.65622724,0.041670818,0.093194863,0.44508841,0.25025374,0.32642914
4wmz_TPF_A_602,0,0.69914369,0.034362809,0.087628262,1.1269131e-05,0.24685373,0.14370803
4wqq_MAN_A_204,0.91004476,0.90842341,0.024873838,0.08800477,0.023236129,0.23948167,0.049962727
4wqq_MAN_B_204,0.017094036,0.95570808,0.032044122,0.087088257,0.045734904,0.24950904,0.0073612754
4wqq_MAN_C_204,0,0.93793687,0.032039846,0.086866449,0.024335351,0.24926574,0.0065203781
4wqq_MAN_D_204,0.81890647,0.95995344,0.025833273,0.088253197,0.073111727,0.24110939,0.021299423
4ws1_URF_A_301,0.035058805,0.70078949,0.034053363,0.087644034,3.8771334e-07,0.24641756,0.13927699
4ws6_WBU_A_301,0,0.69914473,0.034362631,0.087628127,5.1519438e-07,0.24685365,0.14370358
4wua_3UL_A_701,0.98708508,0.74545299,0.025655207,0.088076033,0,0.23457574,0.019073728
4wxb_CIT_A_501,0.79853253,0.68680913,0.03519059,0.093954538,0.47631573,0.24042823,0.23580516
4wxb_CIT_B_501,0.90996692,0.74183506,0.026335492,0.088041039,0,0.23553498,0.028810688
4wxb_CIT_C_501,0.31199923,0.66817607,0.039138891,0.09349168,0.45728942,0.24641476,0.29102093
4wxb_CIT_D_501,0,0.65622724,0.041670818,0.093194863,0.44508841,0.25025374,0.32642914
4x2f_3WJ_A_601,0.99857514,0.65011109,0.041956426,0.10057684,0.99200375,0.24208609,0.42818512
4x36_CHT_A_408,0.99463491,0.97509629,0.024028019,0.088192159,0.060996447,0.23906587,0
4x36_CHT_A_409,0.99646917,0.97188093,0.038285341,0.098340678,0.98865111,0.24064363,0
4x36_CHT_A_411,0.87202325,0.92654684,0.025292765,0.087980096,0.04488214,0.23935563,0
4x36_CHT_A_412,0,0.91100396,0.032891594,0.087302866,0.061966186,0.24863676,0
4x3j_3WR_A_1201,0.98624027,0.69399789,0.03366731,0.094133111,0.4836562,0.23811858,0.21450256
4xf0_CYS_A_502,0.99501274,1,0.038452676,0.10174343,0.96923581,0.25998606,0.97012731
4xfh_CYS_A_502,0,0.48415019,0.042919291,0.09266968,0.42501001,0.24365485,0.16594253
4xh4_PPI_A_504,0.99779281,0.26293738,0.043293938,0.098198561,0.86211515,0.22617539,0
4xp0_42A_A_404,0.99687933,0.74456749,0.025798899,0.088255762,0.013915543,0.23456127,0.02359635
4xp3_DX4_A_401,0,0,0.04167075,0.088512377,0.018795449,0.22926444,0
4xpq_FUL_A_1003,0.017863074,0,0.041257779,0.088341237,0.0014670546,0.22903708,0
4xpq_FUL_A_1004,0.0056294515,0,0.041343027,0.088317734,0.00046264559,0.22916967,0
4xti_IMP_A_601,0.96372754,0,0.044361849,0.097063146,0.7671849,0.21992008,0
4xti_IMP_B_601,0.96915676,0,0.044325939,0.097074946,0.76791346,0.21986146,0
4xv4_25T_A_302,0.99781225,0.99723952,0.023314457,0.089187784,0.010143747,0.24753793,0.42025833
4xv4_25T_A_303,0.77106562,0.99754875,0.040574054,0.1009079,0.99796524,0.25771474,0.72554105
4xz9_G3P_B_302,0.9904519,0.70780749,0.032092632,0.093004259,0.39112219,0.23755135,0.18052298
4xz9_G3P_C_302,0.99723439,0.95554234,0.025089623,0.089684639,0.10556462,0.24364756,0.24291467
4xzh_48I_A_402,0.51958918,0.67595857,0.037450185,0.093689459,0.4654223,0.24384447,0.26722132
4xzh_48I_B_402,0.51958918,0.67595857,0.037450185,0.093689459,0.4654223,0.24384447,0.26722132
4y14_C0A_A_407,0.51958918,0.67595857,0.037450185,0.093689459,0.4654223,0.24384447,0.26722132
4y14_C0A_B_404,0.51958918,0.67595857,0.037450185,0.093689459,0.4654223,0.24384447,0.26722132
4y6n_3PG_A_402,0.98158737,0.22453976,0.044943327,0.099083684,0.93853534,0.22581974,0.0014364564
4yjs_4DN_A_701,0,0.65622724,0.041670818,0.093194863,0.44508841,0.25025374,0.32642914
4ynu_LGC_A_602,0,0,0.041473484,0.088371889,0.0059438459,0.22924136,0
4ysx_MLI_A_701,0.99129179,0.29191301,0.044649922,0.099516125,0.96187262,0.22846816,0.075302474
4ysx_MLI_E_701,0.98895814,0.3151796,0,0.099846466,0.98534629,0.22961842,0.10787287
4yu7_DHC_A_203,0.43601167,0.12943757,0.036518452,0.088560975,0.0042653599,0.22718997,0
4yu7_DHC_A_204,0.57327386,0.88076034,0.027705129,0.088097931,1.507307e-08,0.24583205,0.20369254
4yu7_DHC_B_203,0,0.83104606,0.03297784,0.087800991,1.9919171e-07,0.25209045,0.25705989
4ywb_OXD_C_704,0.9971287,0.74591857,0.025567568,0.088081321,5.8043281e-05,0.23445126,0.01782964
4ywd_NTM_A_704,0.044634742,0.7011593,0.033982481,0.087658732,0.00082228475,0.24630479,0.13840809
4z1d_PEP_A_300,0.82637592,0.73782479,0.027088047,0.088014664,0.00091743283,0.23658181,0.03974461
4z1d_PEP_B_300,0.88488139,0.7361437,0.027329087,0.088618004,0.04670795,0.23620735,0.051309086
4z69_DIF_A_1006,0.49972453,0.43761168,0.040841337,0.094209172,0.52706194,0.23641142,0.11905971
4z69_DIF_A_1008,0.4420298,0,0.047810969,0.0960213,0.7039812,0.22541682,0
4z69_DIF_I_1006,0.50293108,0.4758969,0.040283717,0.094124842,0.5170012,0.23764162,0.14360455
4z6p_DHY_C_403,0.98436267,1,0.03898881,0.10213868,0.99711357,0.26067183,0.99694303
4za7_4LV_A_606,0.98510271,0.21562159,0.045245279,0.099275622,0.95496015,0.22561963,0
4zb2_FRU_A_404,0,0.69913997,0.034363446,0.087628747,4.9786474e-05,0.24685403,0.14372397
4zb2_GLC_A_403,0,0.75531922,0.039314788,0.092232721,0.35648588,0.25314751,0.36790162
4zb5_GLC_A_403,0.98060384,0.034694196,0.032954452,0.089247238,4.8949895e-05,0.21919312,0
4zbc_FRU_A_409,0.99597874,0.74584785,0.025580581,0.088082985,0.00023153372,0.2344669,0.018046637
4zbc_FRU_A_410,0.007092705,0.65649888,0.041613259,0.09320161,0.44536578,0.25016647,0.32562421
4zbc_FRU_B_408,0.0056344966,0.65644303,0.041625093,0.093200223,0.44530876,0.25018441,0.32578969
4zbc_GLC_A_407,0,0.038054895,0.046323512,0.092036601,0.3476107,0.23066096,0
4zbc_GLC_A_408,0.087158684,0.70320772,0.033598219,0.087671063,0.00026931061,0.24577159,0.13281015
4zdz_TPF_A_602,3.7063607e-05,0.69914392,0.03436274,0.087628476,2.6890642e-05,0.24685339,0.14370982
4zhd_4OZ_B_202,0.017621969,0.65690212,0.041527812,0.093211627,0.44577754,0.25003691,0.32442926
4zhd_4OZ_C_202,0.51958918,0.67595857,0.037450185,0.093689459,0.4654223,0.24384447,0.26722132
4zjz_BEZ_A_1001,0.99225216,0.19891272,0.045898912,0.099710974,0.99169519,0.22530342,7.4747403e-08
4zjz_BEZ_B_601,0.99635403,0.98838298,0.038199182,0.098369873,0.99411853,0.24100424,8.4606511e-07
4zo7_BGC_A_801,0,0,0.050950005,0.095120857,0.64999217,0.23035013,0
4zo7_BGC_A_802,0.9834413,0,0.033289942,0.089313652,8.2086896e-07,0.21842705,0
4zo7_BGC_A_805,0.76289475,0,0.035104722,0.089087881,6.2179074e-07,0.22084987,0
4zo7_GLC_A_806,0.99400109,1,0.038876128,0.10211865,0.99503436,0.26052553,0.99504636
4zqp_IMP_A_601,0.99112463,0.23632504,0.044390022,0.098806564,0.91449427,0.22585797,0
4zsy_RW2_A_502,0,0.93005886,0.046934597,0.097409427,0.98971159,0.25070667,8.2692632e-06
4zsy_RW2_B_502,0,0,0.050950005,0.095120857,0.64999217,0.23035013,0
4zsy_RW2_C_502,0,0,0.050950005,0.095120857,0.64999217,0.23035013,0
4zsy_RW2_D_502,0,0,0.050950005,0.095120857,0.64999217,0.23035013,0
4zu3_4SD_A_301,0.9567195,0.66551919,0.039353829,0.098293893,0.81227243,0.2412201,0.35908415
4zu3_4SD_B_301,0.93852138,0.65470753,0.041217883,0.09958339,0.91529896,0.2422413,0.4040216
4zu3_4SD_B_302,0.95106907,0.96610699,0.038917289,0.10057226,0.94175236,0.25407207,0.71791004
4zu3_4SD_C_301,0.030118337,0.6573807,0.041426402,0.093223515,0.44626622,0.24988315,0.32301107
4zu3_4SD_D_301,0.098106271,0.65998448,0.040874669,0.093288195,0.44892495,0.2490466,0.31529524
4zu3_4SD_E_301,0.98420085,0.6581754,0.040588282,0.099431457,0.90159167,0.24156736,0.39258103
4zvv_GN0_A_405,0.51958918,0.67595857,0.037450185,0.093689459,0.4654223,0.24384447,0.26722132
4zvv_GN0_B_404,0.51958918,0.67595857,0.037450185,0.093689459,0.4654223,0.24384447,0.26722132
4zvv_GN0_C_403,0.51958918,0.67595857,0.037450185,0.093689459,0.4654223,0.24384447,0.26722132
4zvz_4TF_A_503,0,0.65622724,0.041670818,0.093194863,0.44508841,0.25025374,0.32642914
4zvz_4TF_B_503,0.87903441,0.72308526,0.029567676,0.09028143,0.17897515,0.23730052,0.10678896
4zvz_4TF_C_503,0.97449052,0.74431656,0.025859639,0.088141419,0.0056445703,0.23477594,0.023000048
4zvz_4TF_D_503,0.7568858,0.85398393,0,0.09350227,0.42698417,0.24678553,0.35494724
5a02_GOL_A_1341,0.9922155,0.74569228,0.025610189,0.088078543,1.4487754e-05,0.23451204,0.018431955
5a02_GOL_B_1342,0.99563457,0.74582029,0.02558557,0.088084317,0.00034967447,0.23447209,0.018138987
5a02_GOL_C_1341,0.99558525,0.74692909,5.324555e-51,0.088083477,0.00066432178,0.23450774,0.018895403
5a02_GOL_D_1341,0.99496701,0.74582207,0.025585797,0.0880797,7.2261559e-06,0.23447776,0.018081544
5a02_GOL_E_1341,0.99371558,0.74553123,0.025636546,0.088109384,0.0024088277,0.23451185,0.019233504
5a02_GOL_F_1342,0.99547269,0.74584523,0.025581433,0.088080004,1.3083337e-05,0.23447151,0.018020121
5a66_3PO_A_1000,0.98577299,0.74538102,0.025668564,0.088076796,0.00010782283,0.23459289,0.019284017
5a66_3PO_B_1000,0.99077318,0.68654443,0.035729898,0.095777457,0.61127011,0.23924579,0.27159538
5a7p_6Z1_A_1361,0.92192178,0.74228699,0.026248669,0.088060659,0.0011269688,0.23539497,0.027767684
5a7p_6Z1_B_1361,0.9926639,0.74558844,0.025627596,0.088095021,0.001306454,0.23451643,0.018910049
5a86_D7E_A_1433,0.98957987,0.98934574,0.038229407,0.098324992,0.99174548,0,0
5a86_D7E_B_1432,0.51958918,0.67595857,0.037450185,0.093689459,0.4654223,0.24384447,0.26722132
5a8k_COM_A_556,0,0.69914478,0.034362623,0.08762812,0,0.24685364,0.14370337
5a8k_COM_D_555,0,0.69914478,0.034362623,0.08762812,0,0.24685364,0.14370337
5a8k_TP7_A_558,0,0.65622724,0.041670818,0.093194863,0.44508841,0.25025374,0.32642914
5a8k_TP7_D_554,0,0.65622724,0.041670818,0.093194863,0.44508841,0.25025374,0.32642914
5abz_Z47_A_201,0.98239623,0,0.04423837,0.097103721,0.76969008,0.21971852,0
5abz_Z47_B_201,0.4420298,0,0.047810969,0.0960213,0.7039812,0.22541682,0
5adi_TUE_A_800,0.99028658,0.74560304,0.025626991,0.088077505,1.5762146e-06,0.23453593,0.018670157
5aew_BNL_C_462,0.51958918,0.67595857,0.037450185,0.093689459,0.4654223,0.24384447,0.26722132
5aew_BNL_I_462,0.51958918,0.67595857,0.037450185,0.093689459,0.4654223,0.24384447,0.26722132
5af9_SJR_H_1250,2.8190952e-07,5.5768495e-07,0.050949994,0.095120854,0.64999188,0.23035014,0
5afy_WCE_H_1248,0.99677034,0.99125566,0.022917883,0.087505697,0.00072854404,0.23927643,0
5agl_CCW_B_800,0.82902421,0.68797689,0.034943145,0.093983546,0.47750813,0.24005304,0.23234472
5agn_4JK_A_800,0,0.65622724,0.041670818,0.093194863,0.44508841,0.25025374,0.32642914
5agn_4JK_B_800,2.7294901e-06,0.65622735,0.041670796,0.093194865,0.44508852,0.25025371,0.32642883
5ahn_IMP_A_1468,0.94831195,0.74039092,0.026552036,0.088481088,0.033553405,0.23531688,0.037856034
5av3_KMP_A_300,0.99742038,0.74593779,0.025564048,0.088080732,7.4367066e-07,0.23444719,0.017769098
5av4_GEN_A_400,1.1952507e-06,0.65622729,0.041670808,0.093194864,0.44508846,0.25025373,0.32642901
5awd_IDQ_A_901,5.1274426e-06,0.65622744,0.041670776,0.093194868,0.44508861,0.25025368,0.32642856
5b4o_6DQ_A_201,3.9933693e-06,0.65622739,0.041670785,0.093194866,0.44508857,0.25025369,0.32642869
5b4o_6DQ_B_201,0.91413971,0.2228841,0.045168042,0.098765512,0.91596001,0.22645693,0
5b4o_6DQ_B_202,0.25459049,0.66597745,0.039604772,0.093437064,0.4550444,0.24712114,0.29753614
5b4o_6DQ_C_201,1.2912694e-06,0.65622729,0.041670807,0.093194864,0.44508846,0.25025372,0.326429
5b4u_MLA_A_302,0,0.69914478,0.034362623,0.08762812,0,0.24685364,0.14370337
5bk9_SIN_A_301,0.99492289,0.23049724,0.044614021,0.098964577,0.9277497,0.22573422,0
5bkd_AKG_A_502,0.9889843,0.68536398,0.035933263,0.095919549,0.62261497,0.23935557,0.27651656
5bkd_AKG_B_502,0.97236046,0.68787496,0.035516931,0.095483126,0.58856697,0.23929967,0.26452399
5bkd_RCF_B_503,0.78975612,0.68647301,0.035261812,0.093946188,0.47597252,0.24053621,0.23680118
5bwr_4VT_A_402,0,0,0.050950005,0.095120857,0.64999217,0.23035013,0
5c38_DA8_A_403,0.52068021,0.67771973,0,0.093664381,0.4632729,0.24386876,0.26736758
5c4i_TPP_C_402,0.51958918,0.67595857,0.037450185,0.093689459,0.4654223,0.24384447,0.26722132
5c4i_TPP_F_402,0.12796442,0.93954369,0,0.092643361,0.37238347,0.2581521,0.49732454
5c7v_PYC_A_804,0.0094924231,0,0.05628485,0.098985558,0.97596914,0.23087952,1.7746324e-05
5c8w_PCG_A_302,0.99197156,0.64927188,0.042105245,0.10064284,0.99748107,0.24221049,0.4312858
5c8w_PCG_B_303,0,0.65622724,0.041670818,0.093194863,0.44508841,0.25025374,0.32642914
5c8w_PCG_D_302,0,0.65622724,0.041670818,0.093194863,0.44508841,0.25025374,0.32642914
5c8w_PCG_F_302,0,0.65622724,0.041670818,0.093194863,0.44508841,0.25025374,0.32642914
5cak_4Z9_A_802,0.97813324,1,0.037191905,0.10023061,0.88575084,0.25703895,0.81595932
5cfw_53W_A_201,6.2280362e-05,0.97609097,0.031744953,0.088085151,0.012098236,0.25732961,0.37283131
5cga_KP6_B_301,0.99601473,0.98382462,0.032343909,0.094172331,0.60939695,0.24022047,0
5cga_KP6_C_301,0.99698746,0.98213717,0.038166168,0.098316146,0.98809012,0.24085415,0
5cga_KP6_E_301,0.99686063,0.96607774,0.037161839,0.097511121,0.91174818,0.24037831,0
5cga_KP6_H_301,0.99648687,0.98654367,0.038176295,0.098344304,0.99145683,0.24095903,0
5ci9_549_A_401,0,0.69914475,0.034362628,0.087628124,3.1141058e-07,0.24685364,0.14370349
5ci9_549_A_402,0.91531654,0.74208584,0.026288335,0.088043492,2.0183795e-06,0.23546845,0.02813608
5cjn_52F_A_809,0.99020367,0.71890349,0.030194611,0.091556553,0.27620025,0.23666782,0.1329914
5clo_NS8_M_101,0,0.98830412,0.031277532,0.086758745,0.0062618977,0.25123532,0.05487094
5cmb_GLY_A_301,0,1,0.047116615,0.10115678,0.99882663,0.27152393,0.99879427
5cpn_531_A_401,0.9526016,0.74372639,0.025978017,0.08807457,0.0011261313,0.23501335,0.023893695
5cpn_531_B_401,0.99198861,0.74553744,0.025636858,0.088097232,0.0015063447,0.23452637,0.01907804
5cpp_ADO_A_422,0.99587133,0.723758,0.02935963,0.090961119,0.22872553,0.23623106,0.11262736
5cr1_STL_B_201,0,0.99110272,0.03140842,0.087945996,2.3943964e-07,0.25773325,0.37852125
5cyf_FLC_A_301,0.98374886,0.73087682,0.02815144,0.089953746,0.14918866,0.23576822,0.0812399
5cyf_FLC_C_301,0.99120391,0.39462071,0.039903911,0.096562708,0.71267358,0.22953153,0.05744854
5d8u_0N8_A_203,0.96603555,0.74446547,0.025840892,0.088066481,2.3288307e-08,0.23483757,0.021731457
5d9w_ASC_A_301,0.19998192,0,0.047078018,0.093777656,0.47769333,0.22811725,0.011661129
5dav_58J_A_402,0,0.65622724,0.041670818,0.093194863,0.44508841,0.25025374,0.32642914
5ddu_PMP_A_601,0.98996833,0.74399095,0.025903027,0.088285508,0.016526033,0.23466737,0.025549343
5ddu_PMP_B_601,0.21266363,0.66437175,0.039945016,0.093397178,0.45340481,0.24763703,0.30229434
5ddu_PMP_C_601,0.9915381,0.74559633,0.025627142,0.088086599,0.00067841933,0.23452558,0.018792266
5ddu_PMP_D_601,0.99385418,0.7382128,0.026888418,0.089064063,0.078194155,0.23509481,0.050581396
5di7_5CQ_A_601,0.99054191,0.68728192,0.035603917,0.095679825,0.60352761,0.23918894,0.26842018
5di7_5CQ_B_601,0.98966724,0.65758094,0.040685628,0.099544831,0.91039536,0.24156729,0.39553444
5did_5CK_A_601,0.99497961,0.68345533,0.036255009,0.096207667,0.64527221,0.23945579,0.28513677
5did_5CK_B_601,0,0.99679055,0.034359346,0.088823023,0.21551187,0.25072946,0
5die_5CJ_A_601,0.9934629,0.72996876,0.028299057,0.090135889,0.16329875,0.23575625,0.085853169
5dky_NOJ_A_1000,0,0.99009643,0.047143013,0.10110623,0.99409784,0.27121879,0.99427407
5dmm_HCS_A_505,0.55866903,0.67762293,0.037137123,0.093726346,0.46693566,0.24337962,0.26302683
5dne_ASN_A_601,0,0.98411263,0.047251505,0.10115893,0.99699319,0.27114845,0.99692051
5dne_ASN_B_601,0,0.97875276,0.047245715,0.10111321,0.99318145,0.27095673,0.99323185
5dne_ASN_C_601,0,0.98503793,0.047182171,0.10110239,0.99329093,0.27108795,0.99312344
5dne_ASN_D_601,0,0.9763926,0.046787167,0.098677633,0.99412384,0.25837421,0.34525333
5dnx_5LD_A_203,0.93684412,0.74286531,0.026137861,0.088083297,0.0023865991,0.23521908,0.026404911
5dnx_5LD_B_201,0.98986377,0.74558003,0.025631263,0.088077727,3.4394565e-05,0.23454144,0.018737124
5dnx_5LD_B_205,0,0.36274751,0.042301151,0.091081452,0.3184792,0.23791492,0
5dr9_SKE_A_401,0,0.65622724,0.041670818,0.093194863,0.44508841,0.25025374,0.32642914
5dt0_SKE_A_401,0.96918022,0.744613,0.025813151,0.088067908,0,0.23479845,0.0213344
5dw3_TRP_A_402,0,0.65622724,0.041670818,0.093194863,0.44508841,0.25025374,0.32642914
5dw3_TRP_C_402,0,0.65622724,0.041670818,0.093194863,0.44508841,0.25025374,0.32642914
5dw3_TRP_D_402,0,0.65622724,0.041670818,0.093194863,0.44508841,0.25025374,0.32642914
5dz2_212_A_404,0.98873409,0.74458081,0.025803101,0.08820053,0.0098241803,0.23463102,0.022931472
5dz2_212_B_404,0.99036767,0.20344256,0.045721544,0.099593201,0.98175431,0.22538859,0
5dzh_5KG_A_900,0.51958918,0.67595857,0.037450185,0.093689459,0.4654223,0.24384447,0.26722132
5dzh_5KG_B_901,0,0.65622724,0.041670818,0.093194863,0.44508841,0.25025374,0.32642914
5e4o_L57_A_201,0.0010655202,0.093439572,0.053184186,0.09755838,0.87180585,0.23399577,0
5e4o_L57_B_201,0.98319123,0.67936596,0.036963967,0.096663187,0.68185981,0.2398847,0.30176774
5e4r_40E_A_504,0.66599474,0.94907426,0.027919714,0.089534629,0.10567557,0.24804952,0.29069291
5e9m_BAE_A_2001,0.99808118,0.98347443,0.023371799,0.08855445,0.014004822,0.24366328,0.22074852
5edh_5MF_A_803,0,0.65622724,0.041670818,0.093194863,0.44508841,0.25025374,0.32642914
5edh_5MF_B_803,0,0,0.050950005,0.095120857,0.64999217,0.23035013,0
5edh_5MF_D_803,0,0,0.050950005,0.095120857,0.64999217,0.23035013,0
5eo7_SFU_A_401,0,0.83609234,0.047947316,0.099912659,0.94221486,0.26262447,0.7441878
5eo7_SFU_A_402,0,1,0.04655791,0.10068406,0.96358229,0.27101318,0.97566781
5eo7_SFU_A_403,0.01341422,0.7007251,0.034218542,7.8515406e-82,0,0.24670998,0.14223536
5eo7_SFU_B_401,0.94623429,0.71357867,0.039260974,0.098562436,0.82249309,0.24334491,0.42122763
5eo7_SFU_B_403,0,0.83649306,0.04212881,0.095171689,0.56777105,0.25845295,0.56993597
5eo7_SFU_B_404,0,0.69854753,0.034464795,0.087705956,0.0061792143,0.24690131,0.14626077
5eo7_SFU_B_405,0,1,0.046978817,0.1009286,0.99098463,0.27074572,0.96055797
5eo7_SFU_C_401,0.84803217,1,0.037965043,0.10023994,0.86090734,0.26054247,0.92547719
5eo7_SFU_C_402,0,1,0.046276868,0.10052882,0.94458545,0.27124764,0.98953764
5eo7_SFU_C_403,0.70668546,1,0.038995591,0.099611642,0.85826809,0.25976291,0.80519618
5eo7_SFU_C_404,0.96825835,0.74369531,0.025970876,0.088181451,0.0090471548,0.23487971,0.025195156
5eo7_SFU_C_405,0,1,0.045971577,0.10028106,0.92516502,0.27103134,0.98015925
5eo8_TFU_A_401,0,1,0.046733891,0.10074429,0.97604573,0.27064624,0.9555576
5eo8_TFU_A_402,0.86508143,0.73937773,0.026791586,0.088066489,0.0036373978,0.23612135,0.035983358
5eo8_TFU_A_404,0,1,0.046860929,0.10088022,0.98362263,0.27093168,0.96960337
5eo8_TFU_A_405,0,1,0.0468337,0.10092527,0.98085887,0.27131214,0.98951449
5eo8_TFU_A_406,0.89876625,1,0.037135277,0.10017128,0.83137131,0.26096684,0.9789705
5eso_ISC_A_602,0.98798575,0.64923179,0.042115275,0.10062188,0.99596121,0.24224834,0.43116002
5eso_ISC_B_602,0,0.65622724,0.041670818,0.093194863,0.44508841,0.25025374,0.32642914
5ew8_5SF_A_803,0.51958918,0.67595857,0.037450185,0.093689459,0.4654223,0.24384447,0.26722132
5ew8_5SF_B_802,0.51958918,0.67595857,0.037450185,0.093689459,0.4654223,0.24384447,0.26722132
5ewc_5SJ_A_801,0.99223491,0,0.04844079,0.10016422,0.99176909,0.22011159,0
5ezp_IPJ_A_201,0.51958918,0.67595857,0.037450185,0.093689459,0.4654223,0.24384447,0.26722132
5ezp_IPJ_B_201,0.51958918,0.67595857,0.037450185,0.093689459,0.4654223,0.24384447,0.26722132
5ezp_IPJ_C_201,0.51958918,0.67595857,0.037450185,0.093689459,0.4654223,0.24384447,0.26722132
5ezp_IPJ_G_202,0.51958918,0.67595857,0.037450185,0.093689459,0.4654223,0.24384447,0.26722132
5f35_FLC_A_302,0.97670893,0.74496587,0.025746795,0.088071368,3.4505883e-06,0.23470483,0.020385251
5f79_4V7_A_4000,0.96011011,0.69299717,0.03387936,0.094108253,0.48263436,0.2384401,0.21746802
5faj_DCS_A_401,0,0.94322705,0.031877862,0.087902625,3.6731228e-07,0.25604539,0.34219015
5faj_DCS_B_401,0,0.9597297,0.046660609,0.097378514,0.99189618,0.25133885,0
5faj_DCS_C_401,0,0.94729317,0.031837986,0.087906304,0,0.25618874,0.34527561
5faj_DCS_D_401,0,0.97271179,0.031588746,0.087929332,0,0.25708487,0.36456491
5fay_CHT_A_908,0.98010434,0.64940281,0.042092289,0.10054783,0.99036631,0.24230321,0.42983956
5fay_CHT_B_906,0.98960278,0.19663286,0.045999145,0.099753232,0.9954769,0.22529766,0
5fc5_PC_A_516,0.98828868,0.93064361,0.036951497,0.097106171,0.86952398,0.23964616,0
5fe1_12Q_A_901,0.99711882,0.20038596,0.04582452,0.099698582,0.99032203,0.2252746,0
5fe1_12Q_B_901,0.99708093,0.20183468,0.045766073,0.099663588,0.98733452,0.22529602,0
5fe4_5WY_A_903,0.9972424,0.74180293,0.02627155,0.088618435,0.042694497,0.23477878,0.0354613
5fe4_5WY_B_904,0.99617209,0.74548155,0.025643091,0.088131993,0.0041152133,0.23449446,0.019629569
5fh3_OXL_A_703,0.99741032,0.73536273,0.027373155,0.08945885,0.10940755,0.23529138,0.063050733
5fiu_Y3J_B_1299,0,0.65622724,0.041670818,0.093194863,0.44508841,0.25025374,0.32642914
5fiu_Y3J_C_1299,0.98945543,1,0.038726508,0.1019447,0.98340815,0.26033873,0.98388759
5fkl_TDC_A_222,0,0.93251321,0.03198291,0.087892914,0,0.25566767,0.33405963
5fli_QUE_A_301,0.51958918,0.67595857,0.037450185,0.093689459,0.4654223,0.24384447,0.26722132
5fli_QUE_C_301,0.51958918,0.67595857,0.037450185,0.093689459,0.4654223,0.24384447,0.26722132
5fli_QUE_D_301,0.51958918,0.67595857,0.037450185,0.093689459,0.4654223,0.24384447,0.26722132
5fli_QUE_E_301,0.51958918,0.67595857,0.037450185,0.093689459,0.4654223,0.24384447,0.26722132
5fli_QUE_F_301,0.51958918,0.67595857,0.037450185,0.093689459,0.4654223,0.24384447,0.26722132
5fli_QUE_G_301,0.51958918,0.67595857,0.037450185,0.093689459,0.4654223,0.24384447,0.26722132
5fli_QUE_H_301,0.51958918,0.67595857,0.037450185,0.093689459,0.4654223,0.24384447,0.26722132
5fli_QUE_J_301,0.51958918,0.67595857,0.037450185,0.093689459,0.4654223,0.24384447,0.26722132
5fp9_4SV_A_1342,0.99651004,0.95046191,0.023425449,0.087639571,0.0061118203,0.23842496,0
5fqf_NGA_A_1588,0.51958918,0.67595857,0.037450185,0.093689459,0.4654223,0.24384447,0.26722132
5fqf_NGA_A_1589,0.51958918,0.67595857,0.037450185,0.093689459,0.4654223,0.24384447,0.26722132
5fqf_NGA_B_1585,0.52258116,0.66101596,0.038139434,0.98552018,0.5015566,0.24366841,0.27282718
5fqf_NGA_B_1586,0.11588472,0.97927225,4.6117264e-32,0.087980679,3.8888974e-06,0.25569998,0.35111863
5fuv_THM_B_1385,0.97727579,0.19514328,0.046096938,0.099730735,0.99435105,0.22540318,0
5fv3_OGA_A_1770,0.99799561,0.74595556,0.02556055,0.088082194,9.6099507e-05,0.23444077,0.017735934
5fwd_GJV_A_1446,0.51958918,0.67595857,0.037450185,0.093689459,0.4654223,0.24384447,0.26722132
5fwe_OGA_A_1358,0.99620838,0.3249803,0.040802108,0.096709305,0.73491417,0.22710023,0.00033973026
5fwe_OGA_B_1359,0,0.69914478,0.034362623,0.08762812,0,0.24685364,0.14370337
5fzn_FB2_A_1615,0.92541509,0.74227432,0.026248057,0.088085254,0.0029536857,0.23536561,0.028082645
5g03_OE2_A_1263,0,0.6951943,0.03503844,0.088142963,0.040872468,0.24716897,0.16061932
5g09_6DF_A_1475,0,0.65622724,0.041670818,0.093194863,0.44508841,0.25025374,0.32642914
5g09_6DF_B_1474,0.98969785,0.69413031,0.033639251,0.094136401,0.48379141,0.23807604,0.21411016
5g09_6DF_C_1475,0,0.65622724,0.041670818,0.093194863,0.44508841,0.25025374,0.32642914
5g09_6DF_D_1476,0.9898245,0.66855014,0.038808978,0.098116315,0.79698222,0.24069035,0.34857611
5g0v_JDD_B_1271,2.0925589e-10,0.65622724,0.041670818,0.093194863,0.44508841,0.25025374,0.32642914
5g21_YN4_A_1002,0.51958918,0.67595857,0.037450185,0.093689459,0.4654223,0.24384447,0.26722132
5g44_I6G_A_1510,0.99529456,0.0014132077,0.048373239,0.10014639,0.98994113,0.22011297,0.00043100361
5g44_SWX_A_1511,1.3399904e-05,0.95621643,0.031750411,0.08791442,2.076966e-06,0.25650316,0.35204601
5g44_YTZ_A_1512,0.00010079617,0.6562311,0.04167,0.093194959,0.44509236,0.2502525,0.3264177
5g4r_LF1_A_1739,0.93962611,0.69221268,0.034045592,0.094088765,0.48183332,0.23869214,0.21979271
5g4r_LF1_B_1739,0,0.65622724,0.041670818,0.093194863,0.44508841,0.25025374,0.32642914
5g4r_LF1_C_1739,0.98728553,0.69403792,0.033658827,0.094134106,0.48369708,0.23810572,0.21438393
5g4r_LF1_D_1739,0.36085273,0.67004704,0.038742436,0.093538156,0.45919988,0.24581364,0.28547663
5g6i_M85_A_904,0.96293771,0.7280711,0.025994742,0.088039748,4.55622e-06,0,0.0085929144
5gnx_BGC_A_502,0,0.65622724,0.041670818,0.093194863,0.44508841,0.25025374,0.32642914
5gnx_BGC_B_503,0,0.65622724,0.041670818,0.093194863,0.44508841,0.25025374,0.32642914
5goo_FRU_A_501,0.97635857,0.74494935,0.0257499,0.088071219,4.2896074e-06,0.23470919,0.020429835
5goo_FRU_B_501,0,0.65622724,0.041670818,0.093194863,0.44508841,0.25025374,0.32642914
5goo_FRU_C_501,0.99390848,0.74577307,0.025595022,0.088079134,4.083696e-07,0.23449087,0.018212373
5gri_CIT_B_401,0.71560247,0.68363311,0.035863582,0.093875643,0.47307268,0.24144864,0.24521674
5gto_MYR_A_502,0,0.65622724,0.041670818,0.093194863,0.44508841,0.25025374,0.32642914
5gwt_SIN_A_302,0.99381726,0.74424252,0.025856928,0.088278002,0.015791442,0.23461383,0.024759349
5gwt_SIN_C_301,0,0.41661029,0.039814076,0.089523351,0.1793629,0.23848605,0
5gwx_SAR_A_302,0,0.89604445,0.045430914,0.09881819,0.82752785,0.26564983,0.82482136
5gzz_GSH_C_301,0.5381121,0.89594864,0.034165713,0.093199608,0.40661842,0.25113895,0.41290161
5gzz_GSH_D_301,0.53278319,0.83232286,0.035092415,0.093339755,0.42333824,0.24909449,0.37211084
5gzz_GSH_E_301,0.52642399,0.92094639,0.027682774,0.08811553,0,0.24787465,0.24135451
5gzz_JAA_A_601,0,0.80081838,0.033275263,0.087774434,6.5754048e-05,0.25102546,0.23415212
5h24_LQG_A_501,0.99173182,0.74567067,0.02561427,0.088078183,3.2715486e-06,0.23451797,0.018488383
5h24_LQG_B_501,0.93618506,0.74306472,0.026104273,0.088052981,3.6062827e-06,0.23520889,0.02550187
5h5k_C5P_B_203,0.98619093,0.69658307,0.03401621,0.094439085,0.50518412,0.23848434,0.22826796
5h8f_GLU_A_302,0,0.65622724,0.041670818,0.093194863,0.44508841,0.25025374,0.32642914
5h8q_GLU_A_302,0,0.65622724,0.041670818,0.093194863,0.44508841,0.25025374,0.32642914
5h8q_GLY_B_301,0,0.69914478,0.034362623,0.08762812,0,0.24685364,0.14370337
5h9i_XAN_A_301,0,1,0.046750387,0.10081909,0.97615154,0.27102353,0.97503983
5ha7_WY1_A_402,0.59192995,0.67889674,0.036867205,0.093757989,0.46823635,0.24297036,0.25925211
5ha7_WY1_B_402,0,0.65622724,0.041670818,0.093194863,0.44508841,0.25025374,0.32642914
5hc0_NPO_A_402,0.9968218,0.96444565,0.023415229,0.087711845,0.015055082,0.23873377,0
5hfa_FP1_A_607,0.00070349745,0.63973126,0.041767038,0.093148566,0.44281757,0,0.3117596
5hfa_FP1_A_608,0.0055357731,0.65643925,0.041625894,0.093200129,0.4453049,0.25018563,0.3258009
5hfa_FP1_B_609,0.0041199842,0.65638503,0.041637383,0.093198782,0.44524953,0.25020305,0.32596157
5hgz_MLA_A_302,0.87498562,0.21869025,0.045475644,0.098696394,0.9124851,0.22681337,0.00056184696
5hgz_MLA_A_303,0.97848244,0.74504941,0.025731093,0.088072129,0,0.23468274,0.020159899
5hpu_IPH_A_101,0.99360749,0.98832659,0.038144692,0.098311846,0.98905824,0.24102411,0
5hpu_IPH_C_101,0.99534277,0.97854959,0.02305014,0.087519727,3.1054782e-07,0.23902169,0
5hss_64Z_A_402,0.97133303,0.98992821,0.026146967,0.09065228,0.18064841,0.24600674,0.30857407
5hss_64Z_D_403,0,0.97149108,0.034610633,0.090349504,0.19179703,0.25904694,0.45419199
5hss_650_B_402,0.99662284,0.74589911,0.0255713,0.088080535,1.3837209e-05,0.23445721,0.017875214
5htd_MYR_A_201,0.98150334,0.69381648,0.033705751,0.094128605,0.48347096,0.23817687,0.21504014
5hxi_5HN_A_403,0.99486855,0.68131539,0.036621183,0.096485824,0.6673586,0.23962757,0.29429172
5hyv_TPP_A_701,0.85123816,0.68882763,0.034762875,0.094004679,0.47837683,0.23977971,0.2298237
5i0d_GLC_A_1124,0.90418987,0.74156327,0.026386585,0.088038517,7.9565379e-06,0.2356069,0.029543393
5i0d_GLC_B_1122,0.98080117,0.74515644,0.025710939,0.08807341,1.8145499e-05,0.23465404,0.019874645
5i0m_UMP_B_201,0,0,0.050950005,0.095120857,0.64999217,0.23035013,0
5i5s_NVU_A_402,0.96649614,0.99177429,0.035121181,0.095991158,0.77987337,0.24102002,3.8294434e-05
5i5t_67X_A_402,0.51958918,0.67595857,0.037450185,0.093689459,0.4654223,0.24384447,0.26722132
5i5t_67X_B_402,0.51958918,0.67595857,0.037450185,0.093689459,0.4654223,0.24384447,0.26722132
5i7r_68W_A_402,0.8057277,0.98304264,0.039821936,0.098183748,0.99404188,0.24298511,0
5i8s_LEA_A_202,0.99427968,1,0.037007661,0.10072549,0.8744518,0.25992079,0.97513702
5i8z_JA1_A_302,0.98746334,0.97862476,0.038211234,0.098263236,0.9835488,0.24087623,0
5i9m_69K_A_302,0,0.98917837,0.037707088,0.091167368,0.42843656,0.25096442,0.00071310436
5iav_MLI_A_302,0.98892606,0.64405971,0.037537156,0.095941467,0.71451342,0.23329205,5.400759e-05
5iav_MLI_B_302,0,0.70044326,1.6538092e-39,0.087621959,0,0.24688965,0.14437532
5ice_2H4_A_402,0,0.97953153,0.043189716,0.095016246,0.77914328,0.25137616,0
5icf_SAU_A_402,0,0.9098824,0.036921169,0.090166415,0.32372939,0.24908312,0
5igs_GMP_A_403,0.97818636,0.19690425,0.046022979,0.099692722,0.99104438,0.22541934,0
5ihe_D5M_A_701,0,0.65622724,0.041670818,0.093194863,0.44508841,0.25025374,0.32642914
5ihe_D5M_B_701,0.56347226,0.67780688,0.037098144,0.093730916,0.46712349,0.24332052,0.26248172
5ijz_AKG_A_502,0.51927527,0.67752572,0.037377881,0,0.46163145,0.24386292,0.26663283
5ijz_AKG_B_502,0.51958918,0.67595857,0.037450185,0.093689459,0.4654223,0.24384447,0.26722132
5ijz_AKG_C_502,0.51958918,0.67595857,0.037450185,0.093689459,0.4654223,0.24384447,0.26722132
5ijz_AKG_D_502,0.51958918,0.67595857,0.037450185,0.093689459,0.4654223,0.24384447,0.26722132
5ijz_AKG_H_502,0.51958918,0.67595857,0.037450185,0.093689459,0.4654223,0.24384447,0.26722132
5in3_G1P_B_418,0,0.98134431,0.043920162,0.095615677,0.82688479,0.25191408,0.021391389
5ioq_DUR_B_303,0.94775038,0,0.033583615,0.089277107,1.3671399e-09,0.21881913,0
5ioq_DUR_C_302,0.76390532,0,0.035115922,0.089079368,9.8145322e-07,0,0
5ioq_DUR_D_302,0,0,0.050950005,0.095120857,0.64999217,0.23035013,0
5irw_D9P_A_202,0.92349947,0.69159507,0.034176462,0.094073424,0.48120267,0.23889057,0.22162289
5irw_D9P_B_202,0.92073588,0.97439807,0.039545501,0.10190647,0.98274255,0.26050998,0.98180725
5ita_6DC_A_801,0.51958918,0.67595857,0.037450185,0.093689459,0.4654223,0.24384447,0.26722132
5ita_6DC_B_801,0.51958918,0.67595857,0.037450185,0.093689459,0.4654223,0.24384447,0.26722132
5iuy_BOG_B_503,0.86112427,0.68920624,0.034682647,0.094014084,0.47876343,0.23965807,0.22870174
5iuy_BOG_C_503,0.084318658,0.65945644,0.040986557,0.093275078,0.44838577,0.24921624,0.31685997
5ivg_FPS_B_704,0,0.65622724,0.041670818,0.093194863,0.44508841,0.25025374,0.32642914
5ivg_FPS_C_704,0,0.65622724,0.041670818,0.093194863,0.44508841,0.25025374,0.32642914
5ivg_FPS_D_704,0,0.65622724,0.041670818,0.093194863,0.44508841,0.25025374,0.32642914
5j4k_6FZ_A_404,0.98689663,0.96632288,0.036777035,0.099672547,0.84280335,0.25533591,0.77373321
5j5i_6GM_A_302,0.51958918,0.67595857,0.037450185,0.093689459,0.4654223,0.24384447,0.26722132
5j5i_6GM_A_303,0.51958918,0.67595857,0.037450185,0.093689459,0.4654223,0.24384447,0.26722132
5j5i_6GM_E_302,0.51958918,0.67595857,0.037450185,0.093689459,0.4654223,0.24384447,0.26722132
5j5i_6GM_F_302,0.51958918,0.67595857,0.037450185,0.093689459,0.4654223,0.24384447,0.26722132
5j5i_6GM_F_303,0.54542679,0.98841696,0.032766054,0,0.37892602,0.25408925,0.47082578
5j5i_6GM_G_302,0.51958918,0.67595857,0.037450185,0.093689459,0.4654223,0.24384447,0.26722132
5j5i_6GM_I_302,0.51958918,0.67595857,0.037450185,0.093689459,0.4654223,0.24384447,0.26722132
5j5i_6GM_I_303,0.51958918,0.67595857,0.037450185,0.093689459,0.4654223,0.24384447,0.26722132
5j61_A3G_A_501,0.51958918,0.67595857,0.037450185,0.093689459,0.4654223,0.24384447,0.26722132
5j61_A3G_C_501,0.51958918,0.67595857,0.037450185,0.093689459,0.4654223,0.24384447,0.26722132
5j61_A3G_D_501,0.51958918,0.67595857,0.037450185,0.093689459,0.4654223,0.24384447,0.26722132
5j61_A3G_E_501,0.51958918,0.67595857,0.037450185,0.093689459,0.4654223,0.24384447,0.26722132
5j61_A3G_F_501,0.51958918,0.67595857,0.037450185,0.093689459,0.4654223,0.24384447,0.26722132
5j61_A3G_G_501,0.51958918,0.67595857,0.037450185,0.093689459,0.4654223,0.24384447,0.26722132
5j61_A3G_H_501,0.51958918,0.67595857,0.037450185,0.093689459,0.4654223,0.24384447,0.26722132
5j6y_GLC_A_309,0,0,0.042197385,0.088887433,0.053104879,0.22932605,0
5jdv_EVF_B_302,0.9943729,0.19656726,0.04599147,0.099780803,0.99750222,0.22525054,0.00012658825
5je7_EVF_B_302,0.99305987,0.19611432,0.046015084,0.09978654,0.99807033,0.22525845,0.00016567211
5jep_EVF_B_302,0.99295943,1,0.038944149,0.10217141,0.99872965,0.26061234,0.99859952
5jep_EVF_B_303,0.45918749,0.67381303,0.037944433,0.093631706,0.46304534,0.24460368,0.2743168
5jfx_6K4_A_4000,0.57553564,0.49069491,0.035176069,0.09056108,0.23560692,0.23369891,0
5jg5_EVF_B_302,0,0.66090105,0.040905066,0.092612197,0.39567733,0.24990628,0.30746296
5jj2_MLI_A_301,0.9768498,0.43954889,0.042939828,0.099335934,0.92516581,0.23379328,0.20184878
5jj2_MLI_A_302,0.88094184,0.74046636,0.026592733,0.088028783,7.2630691e-05,0.23589657,0.032505462
5jj2_MLI_A_303,0.99342226,0.69233449,0.034737271,0.095040272,0.55265081,0.2387606,0.24700004
5jj2_MLI_A_305,0.024031921,0.70013147,0.034174706,0.087657367,0.001456144,0.24656595,0.14127175
5joy_6LW_B_602,0.0075773133,0.93147422,0.031666018,0.086595532,5.2882408e-06,0.2488759,5.1831319e-06
5jp9_DCM_A_401,0,0.65622724,0.041670818,0.093194863,0.44508841,0.25025374,0.32642914
5jp9_DCM_B_401,0.9815708,0.65027097,0.041942605,0.10044432,0.98209601,0.24222116,0.42623156
5jtt_6MY_A_902,0,0.65622724,0.041670818,0.093194863,0.44508841,0.25025374,0.32642914
5jtu_6NE_A_902,0,0.65622724,0.041670818,0.093194863,0.44508841,0.25025374,0.32642914
5k2c_ZMA_A_1201,0,0.99248909,0.045681889,0.096862831,0.95025355,0.2519579,0
5k5m_68T_A_1003,0.33246179,0.66895973,0.038972834,0.093511146,0.45808962,0.24616298,0.28869867
5kcj_6RM_B_302,0,0.99481248,0.041853121,0.094148945,0.70238409,0.25156195,0
5kcp_PFB_A_378,0,0.96046529,0.046387067,0.097847823,0.96436567,0.25525223,0.20405932
5kcp_PFB_A_379,0.98490993,0.044106051,0.032979208,0.08934661,0.010325126,0.21936361,0
5kcp_PFB_B_378,0,0.95406069,0.046191809,0.097013267,0.95752684,0.25115706,1.9108277e-07
5kcp_PFB_B_379,0.91561617,0.045693112,0.03554751,0.090707464,0.14157073,0.22039416,0
5kf2_COA_A_401,0.51958918,0.67595857,0.037450185,0.093689459,0.4654223,0.24384447,0.26722132
5kjw_53C_A_800,0.94584594,0.98725683,0.035116645,0.095820645,0.7654594,0.24112457,0
5kjw_53C_B_800,0.99900078,0.99665836,0.022865927,0.087513956,0.0021873312,0.23936897,0
5kjz_PCG_A_401,0.9532402,0.69273406,0.033935111,0.094101717,0.48236571,0.23852463,0.21824767
5kmj_6UF_A_901,0.51958918,0.67595857,0.037450185,0.093689459,0.4654223,0.24384447,0.26722132
5kxb_NGA_B_305,0,0.66735765,0.03980052,0.091770746,0.32887604,0.24939091,0.2798158
5kxb_NGA_C_305,0,0.67011144,0.039329424,0.091411862,0.30038483,0.2491711,0.2680241
5l1u_7PF_A_401,0,0.033599197,0.055606435,0.09899145,0.99431735,0.23313841,1.8954547e-06
5l7u_NGA_A_601,0.17864294,0.66306884,0.0402211,0.093364813,0.4520744,0.24805563,0.30615529
5l7u_NGA_B_601,0.96959322,0.20205951,0.045842655,0.099529723,0.9776628,0.22558413,5.6208175e-05
5l9v_OGA_A_502,0.99676817,0.24471706,0.044045954,0.098641664,0.89997525,0.22593045,0.00037146538
5l9v_OGA_B_502,0.99753535,0.74589953,0.025570502,0.088086474,0.00045241003,0.23444924,0.017941514
5la1_XYP_A_601,0.99594295,0.22670257,0.0455571,0.099707057,0.98693706,0.2262394,0.023808841
5la1_XYP_A_602,0.088004989,0.68760167,0.036267308,0.089710464,0.16214341,0.24700992,0.19969837
5la2_ARB_A_606,0.046580092,0.68458033,0.036817136,0.089832147,0.1732959,0.24761123,0.20954439
5la2_ARB_B_606,0,0.67986014,0.037661691,0.090141372,0.19952281,0.24839295,0.22628018
5lik_W8X_X_402,0.98541046,0.91823304,0.023897799,0.088313216,1.8965233e-05,0.24139404,0.16664936
5lqs_NTM_A_302,0.04883897,0.70098473,0.034008999,0.087709095,0.0046690651,0.24628218,0.13946934
5lwy_OLB_A_403,0.51958918,0.67595857,0.037450185,0.093689459,0.4654223,0.24384447,0.26722132
5lwy_OLB_A_406,0,0.65622724,0.041670818,0.093194863,0.44508841,0.25025374,0.32642914
5lwy_OLB_A_407,0,0.65622724,0.041670818,0.093194863,0.44508841,0.25025374,0.32642914
5lwy_OLB_A_409,0,0.65622724,0.041670818,0.093194863,0.44508841,0.25025374,0.32642914
5m0e_7CR_A_922,0.51958918,0.67595857,0.037450185,0.093689459,0.4654223,0.24384447,0.26722132
5m0t_AKG_A_302,0.99488046,0.74579841,0.025589913,0.088082215,0.00020997059,0.2344804,0.018176381
5m0t_AKG_B_302,0.99435051,0.74577451,0.025594423,0.088081849,0.00020001647,0.23448691,0.018239173
5m5a_KSA_A_404,0.9903893,0.69415679,0.03363364,0.094137058,0.48381845,0.23806753,0.21403169
5m62_BGC_A_409,0,0,0.041466922,0.088367216,0.005516375,0.22924059,0
5m66_ADN_A_502,0.98782215,0.69405847,0.033654472,0.094134616,0.48371806,0.23809912,0.21432303
5m66_ADN_B_502,0.99174247,0.64941007,0.042081788,0.10062332,0.99594017,0.24220145,0.43067699
5m66_ADN_D_502,0.98273753,0.69386374,0.033695735,0.094129779,0.48351923,0.23816168,0.21490008
5m8d_UGI_B_501,0.51958918,0.67595857,0.037450185,0.093689459,0.4654223,0.24384447,0.26722132
5mdh_MAK_A_335,0,0.70722948,0.045322161,0.09662124,0.70234831,0.25511424,0.50891523
5mdh_MAK_B_335,0.48841866,0.67493251,0.037707217,0.093659514,0.46418845,0.24424401,0.27099941
5mot_HBD_A_402,0.94229475,0.74334571,0.026051341,0.088056488,6.188253e-05,0.23513334,0.024754578
5mxh_GAL_A_401,0.11528099,1,0.045999898,0.10110606,0.9886336,0.26994616,0.98364106
5mxh_GAL_A_402,0.11106635,1,0.046003045,0.10102351,0.98743605,0.26965679,0.96641087
5mzj_TEP_A_2401,0.99759144,0.20624124,0.04558639,0.099560105,0.97845991,0.2253547,0
5mzp_CFF_A_2401,0.045077042,0.6973381,0.03463583,0.088159631,0.040571855,0.24660596,0.15480346
5n5k_8NW_A_307,0,0.64865984,0.042999198,0.09420752,0.52232736,0.25088338,0.3598798
5n5k_HAE_A_306,0.26727682,0.1570502,0.049801282,0.097288625,0.83156046,0.23217322,2.4947079e-07
5n8c_8Q8_A_403,0.51958918,0.67595857,0.037450185,0.093689459,0.4654223,0.24384447,0.26722132
5nh9_XLS_A_503,0.78732848,0.68638004,0.035281513,0.093943879,0.47587758,0.24056609,0.23707669
5nh9_XLS_C_504,0.97912871,0.72787089,0.028669349,0.090315148,0.17804614,0.23604832,0.093766534
5nh9_XLS_D_504,0.97576516,0.71824817,0.030318206,0.091547128,0.27597213,0.23684566,0.13472
5nj0_8YW_A_301,0.51958918,0.67595857,0.037450185,0.093689459,0.4654223,0.24384447,0.26722132
5njb_BB2_A_502,0.51958918,0.67595857,0.037450185,0.093689459,0.4654223,0.24384447,0.26722132
5njb_BB2_C_502,0.51958918,0.67595857,0.037450185,0.093689459,0.4654223,0.24384447,0.26722132
5nnw_GCS_D_302,0,0.69914404,0.034362748,0.087628216,7.5903389e-06,0.2468537,0.14370651
5nov_93B_A_201,0.99570964,0.72033748,0.029944913,0.091405832,0.26403636,0.23650549,0.12726193
5nuk_Z80_A_201,0.97926673,0.69373082,0.033723901,0.094126477,0.4833835,0.23820439,0.21529397
5o3b_9HZ_A_501,0,0.65622724,0.041670818,0.093194863,0.44508841,0.25025374,0.32642914
5o3b_9HZ_B_501,0,0.65622724,0.041670818,0.093194863,0.44508841,0.25025374,0.32642914
5o3b_9HZ_C_501,0,0.65622724,0.041670818,0.093194863,0.44508841,0.25025374,0.32642914
5o3b_9HZ_D_501,7.0236726e-05,0.65622993,0.041670248,0.093194929,0.44509116,0.25025288,0.32642117
5o3d_9J5_A_501,0.9679773,0.69329846,0.033815517,0.094115737,0.48294201,0.2383433,0.21657519
5o3f_9HT_A_501,0.51958918,0.67595857,0.037450185,0.093689459,0.4654223,0.24384447,0.26722132
5o3g_9J8_B_501,0.51958918,0.67595857,0.037450185,0.093689459,0.4654223,0.24384447,0.26722132
5o4j_9KH_B_302,0,0.96169539,0.031704339,0.087925443,0.00048254295,0.25670153,0.35643278
5o4j_9KH_C_302,0,0.96566868,0.031661589,0.087925993,0.00024096733,0.25683909,0.35933391
5o4j_PJL_A_304,0.24224215,0.71050199,0.032226981,0.087739002,7.6158928e-05,0.24384109,0.11314932
5o4k_9KE_A_405,0.94895827,0.74361259,0.026000384,0.088065472,0.00053507212,0.23505411,0.02410908
5ocm_9RH_A_302,0.0016953332,0.65629217,0.04165706,0.093196476,0.44515471,0.25023288,0.32623674
5ocm_9RH_B_302,0.0016603815,0.65629083,0.041657343,0.093196442,0.44515334,0.25023331,0.32624071
5ocm_9RH_C_302,0.0016974413,0.65629225,0.041657043,0.093196478,0.44515479,0.25023285,0.3262365
5oew_9TE_B_901,0.98736748,0.69404106,0.033658162,0.094134184,0.48370028,0.23810471,0.21437463
5oew_9TE_C_301,0.75081606,0.6849817,0.035577817,0.093909143,0.47444973,0.24101535,0.24122042
5oew_GLU_A_301,0,0.69914478,0.034362623,0.08762812,0,0.24685364,0.14370337
5oew_GLU_B_902,0,0.69914478,0.034362623,0.08762812,0,0.24685364,0.14370337
5oip_9WE_A_302,0.93587628,0.69206907,0.034076022,0.094085198,0.48168668,0.23873828,0.22021827
5oir_9W8_A_302,0.45972074,0.88519895,0.034819603,0.091697753,0.41659568,0.24367683,0
5oo4_URI_A_201,0.97431333,0.19529927,0.046099664,0.099712977,0.99302518,0.225436,0
5ooa_URI_A_201,0.98805986,0.20071116,0.045838991,0.099647927,0.98657926,0.22537275,0
5osf_A9E_A_404,0.94604718,0.98273034,0.023593659,0.088354117,3.9295155e-07,0.24421778,0.22184016
5r0i_SYV_A_2501,0.99776035,0.99338809,0.022876476,0.087494827,1.4983411e-06,0.23930941,0
5r28_RDJ_A_401,0.9852464,0.74536148,0.025672325,0.088075883,5.437714e-05,0.23459903,0.019328385
5r9o_54F_A_401,0.99296671,0.2890317,0.042253835,0.097548651,0.80689795,0.22660384,0
5sga_TYR_P_1,0.51958918,0.67595857,0.037450185,0.093689459,0.4654223,0.24384447,0.26722132
5syi_NIZ_A_805,0.0015552842,0.69842516,0.034484492,0.087732118,0.0082002149,0.24689756,0.14690083
5syi_NIZ_B_805,0.95171259,0.74302121,0.026099362,0.088160633,0.0079905635,0.23507737,0.026846936
5t3h_BEN_A_302,0.99801722,1,0.038838396,0.10211837,0.99474533,0.26047462,0.99472224
5t63_ALA_C_1,0.44462687,0,0.048056202,0.54630866,0.7190311,0.22543835,0
5t6b_TMP_B_504,0,0.65622724,0.041670818,0.093194863,0.44508841,0.25025374,0.32642914
5t6b_TMP_D_503,0,0.65622724,0.041670818,0.093194863,0.44508841,0.25025374,0.32642914
5t85_44G_L_301,0.011390865,0,0.041288732,0.088318727,1.3983781e-05,0.22910557,0
5tbo_78Z_A_1001,0.97538858,0.6497903,0.042029752,0.10046636,0.9840683,0.24231328,0.4278284
5tch_MLI_A_301,0.99560524,0.98119821,0.037113278,0.099674954,0.88528734,0.25336302,0.65645534
5tch_MLI_B_501,0.99862595,0.69047047,0.026790743,0.088732055,0.049081611,0.23369251,0.01487246
5tch_MLI_D_501,0.99581503,0.41035373,0.037477519,0.094793967,0.55935262,0.22882338,0.033631005
5tch_MLI_E_301,0.99810456,0.88223155,0.02765621,0.091110835,0.22376891,0.24228657,0.24295142
5tch_MLI_F_501,0.99787196,0.90786412,0.027234998,0.090995741,0.21282054,0.24307904,0.25727095
5tch_MLI_G_301,0.99705808,0.8127758,0.02777241,0.090586047,0.18721962,0.23947044,0.17315411
5tch_MLI_H_501,0.93544723,0.66183885,0.041682575,0.10084737,0.93353675,0.24794571,0.687427
5tde_2HP_B_901,0.9961562,0.94388161,0.039029107,0.1019088,0.96861979,0.25912836,0.98793898
5tde_2HP_B_902,0,0.94934669,0.031686967,0.086657434,0.009372456,0.24935576,7.0745561e-05
5tde_FLC_A_501,0.98575395,0.67535669,0.037647804,0.097202523,0.72458447,0.24018244,0.3191267
5tdt_MBN_A_502,0,0.18263659,0.048183646,0.094270406,0.57018907,0.2347635,0.022602806
5tdt_MBN_A_503,0.08580802,0.17139023,0.0476912,0.094386455,0.57751161,0.23322687,0.0034527633
5tdt_MBN_D_501,0.088836549,0.99120345,0.046406376,0.10100274,0.99751706,0.26909709,0.93351141
5tdt_MBN_D_502,0.97062039,0.23324648,0.030978056,0.088870043,2.3893224e-06,0.22350799,0
5thu_B3N_A_404,0.83072565,0.68804205,0.034929337,0.093985164,0.47757467,0.24003211,0.23215162
5thu_B3N_B_404,0,0.65622724,0.041670818,0.093194863,0.44508841,0.25025374,0.32642914
5thu_GGG_B_405,0,0.97810953,0.031535828,0.087934229,5.5683206e-07,0.25727517,0.36866132
5tix_OQR_A_302,0.51958918,0.67595857,0.037450185,0.093689459,0.4654223,0.24384447,0.26722132
5tix_OQR_B_302,0.51958918,0.67595857,0.037450185,0.093689459,0.4654223,0.24384447,0.26722132
5tlg_7EG_B_601,0.9922672,0.64977323,0.042019244,0.10057944,0.99243756,0.2421679,0.42916111
5tm5_7EV_B_601,0.51958918,0.67595857,0.037450185,0.093689459,0.4654223,0.24384447,0.26722132
5tvr_AKG_B_402,0.99751272,0.745889,0.025572321,0.088087698,0.00055039333,0.23445028,0.017984923
5tzr_MLI_A_2403,0.97586197,0.93019761,0.023713211,0.087590214,0.00010712918,0.23821191,4.9461216e-06
5u5g_7VD_A_302,0.88365286,0.91119604,0.032798627,0,0.4864854,0.25685741,0.88740571
5u5g_7VD_B_302,0.86719422,1,0.035218278,0.098176683,0.69592775,0.25860646,0.85159144
5u5g_7VD_C_302,0,1,0.04309676,0.098092389,0.74006961,0.26985389,0.9364544
5u5g_7VD_D_302,0.99126469,1,0.035937492,0.099817678,0.80504719,0.25908226,0.93651939
5u5x_TP5_A_302,0.99792246,0.29116719,0.042152404,0.097520768,0.8041954,0.22658372,0
5u5z_7VP_A_302,0.00020115681,0,0.041380593,0.08830712,1.7737456e-09,0.22922847,0
5u8z_83D_A_602,0,0.65622724,0.041670818,0.093194863,0.44508841,0.25025374,0.32642914
5u8z_83D_B_602,3.3227494e-07,0.65622725,0.041670815,0.093194863,0.44508843,0.25025374,0.32642911
5u8z_83D_C_602,2.5714219e-07,0.65622725,0.041670816,0.093194863,0.44508842,0.25025374,0.32642911
5u8z_83D_D_602,0,0.65622724,0.041670818,0.093194863,0.44508841,0.25025374,0.32642914
5uap_82S_A_505,0.042905437,0.69695879,0.034702447,0.088194801,0.043442223,0.24665512,0.15626561
5uap_82S_B_505,0.99603508,0.74301517,0.02606513,0.088452522,0.029566402,0.23469252,0.030180391
5ud0_13P_B_405,0.99341643,1,0.037423501,0.10013907,0.8977546,0.25499384,0.74208696
5ud3_P6F_B_404,0,0.65622724,0.041670818,0.093194863,0.44508841,0.25025374,0.32642914
5uda_CAE_A_502,0.47926931,0.9961013,0.029552386,0.088695038,0.15880663,0.24534799,0
5uda_CAE_B_502,0.50867144,0.71800421,0.030731578,0.08851114,0.051776905,0.24092597,0.10090736
5uio_8DM_C_202,0,0.65622724,0.041670818,0.093194863,0.44508841,0.25025374,0.32642914
5uio_8DM_D_202,0,0.65622724,0.041670818,0.093194863,0.44508841,0.25025374,0.32642914
5uio_8DM_E_202,0.98849882,0.20548166,0.045644814,0.099535361,0.97693308,0.22543746,0
5uio_LG3_A_201,0.9922251,0,0.048447268,0.10016877,0.99218586,0.22011245,0
5uio_LG3_B_201,0.99814409,0.32725675,0.04501242,0.099574803,0.99255094,0.22697928,0
5uio_LG3_C_201,0.9928667,0.99352153,0.038172151,0.098355058,0.99395769,0.24115108,0
5uio_LG3_E_201,0.99610047,0.19959347,0.045859659,0.099712811,0.99160355,0.2252736,0
5unr_8EV_A_803,0.51958918,0.67595857,0.037450185,0.093689459,0.4654223,0.24384447,0.26722132
5unt_8J1_B_803,0.51958918,0.67595857,0.037450185,0.093689459,0.4654223,0.24384447,0.26722132
5unx_8F1_A_803,0.97968162,0.69374671,0.033720534,0.094126872,0.48339972,0.23819928,0.21524689
5unx_8F1_B_803,0.98437922,0.54337597,0.031908044,0.091318662,0.27715859,0.23032187,2.2144278e-07
5uo3_8EY_A_803,0.51958918,0.67595857,0.037450185,0.093689459,0.4654223,0.24384447,0.26722132
5uo3_8EY_B_804,0.51958918,0.67595857,0.037450185,0.093689459,0.4654223,0.24384447,0.26722132
5uo5_M4R_A_803,0.51958918,0.67595857,0.037450185,0.093689459,0.4654223,0.24384447,0.26722132
5uo5_M4R_B_803,0.51958918,0.67595857,0.037450185,0.093689459,0.4654223,0.24384447,0.26722132
5urz_BOG_B_201,0.69756857,0.68452431,0.035935814,6.5264531e-35,0.46858133,0.24168663,0.24665483
5ut1_7DZ_A_905,0,0.65622724,0.041670818,0.093194863,0.44508841,0.25025374,0.32642914
5v31_ARG_A_401,0,0.69914476,0.034362626,0.087628123,2.2027105e-07,0.24685364,0.14370346
5vjg_0BP_A_403,0.99877021,0.20999892,0.045658762,0.099661182,0.98581697,0.22556112,0.00684306
5vka_AKG_A_402,0.99425499,0.20952197,0.045463944,0.099465486,0.97059111,0.22543672,0
5vl0_BNF_A_404,0,0.98251589,0.042449213,0.094505399,0.73291573,0.25135635,0
5vl0_BNF_B_404,0.9898405,0.98161095,0.033899468,0.095225403,0.70593462,0.24041479,0
5vl0_BNF_C_404,0.99308429,0.98575008,0.032124166,0.094006321,0.59481012,0.24026725,0
5vrj_R07_A_204,0,0.65622724,0.041670818,0.093194863,0.44508841,0.25025374,0.32642914
5vut_9OG_A_803,0.51958918,0.67595857,0.037450185,0.093689459,0.4654223,0.24384447,0.26722132
5vut_9OG_B_803,0.51958918,0.67595857,0.037450185,0.093689459,0.4654223,0.24384447,0.26722132
5vuu_9OJ_A_805,0.51958918,0.67595857,0.037450185,0.093689459,0.4654223,0.24384447,0.26722132
5vuu_9OJ_B_803,0.51958918,0.67595857,0.037450185,0.093689459,0.4654223,0.24384447,0.26722132
5vv0_9OM_B_803,0.7012228,0.6830824,0.035980275,0.093861963,0.47251035,0.24162557,0.24684866
5vv5_9OJ_A_803,0.06298845,0.97378209,0.031052474,0.08795798,2.1060541e-08,0.25624239,0.35536822
5vv5_9OJ_B_803,0.51958918,0.67595857,0.037450185,0.093689459,0.4654223,0.24384447,0.26722132
5vyr_B62_A_301,0.98878633,0.19675993,0.045996498,0.099746317,0.99493885,0.22530792,0
5vyr_B62_B_301,0.97738831,0.19988059,0.046024941,0.099715145,0.99237914,0.22555705,0.0035990669
5vyr_GMP_B_302,0,0.65622724,0.041670818,0.093194863,0.44508841,0.25025374,0.32642914
5vyr_GMP_B_303,0.99858409,0.74595788,0.025559686,0.088085758,0.00035778169,0.23443547,0.017769935
5vys_1YJ_A_301,0.99314773,1,0.038837615,0.10207823,0.99217786,0.26048721,0.99284637
5vys_1YJ_B_301,0.98921784,1,0.038211336,0.1015717,0.94978735,0.26025417,0.98250282
5vys_GMP_B_303,0.97877942,0.74475905,0.02578053,0.088111921,0.0031482846,0.23470334,0.021425387
5w3k_9TY_B_401,0.26141844,0.085383306,0.052716138,0.098983182,0.97672361,0.23119361,0
5w5t_9X7_A_506,0,0.65622724,0.041670818,0.093194863,0.44508841,0.25025374,0.32642914
5w5t_9X7_D_508,0,0.65622724,0.041670818,0.093194863,0.44508841,0.25025374,0.32642914
5w7b_MYR_B_208,0.98258875,0.7064787,0.025997392,0.088119896,4.7302411e-11,0.23396788,0.0063958908
5w8q_BU4_A_400,0.99492649,0.97220017,0.035344891,0.098681035,0.75869276,0.25486598,0.75537341
5w8q_BU4_B_400,0.025831113,0.995276,0.043083208,0.097647589,0.75891852,0.26599462,0.75503505
5wct_GY4_A_303,0,0.65622724,0.041670818,0.093194863,0.44508841,0.25025374,0.32642914
5wcz_NOJ_B_601,0.9846017,0.74533649,0.025677113,0.088074906,0,0.23460663,0.01938728
5wgk_AGJ_A_816,0.9639104,0.96967884,0.0337195,0.096512707,0.64658277,0.25026759,0.51436934
5wgr_PM7_A_711,0,0.65622724,0.041670818,0.093194863,0.44508841,0.25025374,0.32642914
5wgr_PM7_A_712,0,0.41661029,0.039814076,0.089523351,0.1793629,0.23848605,0
5wgv_PM7_A_713,0,0.41661029,0.039814076,0.089523351,0.1793629,0.23848605,0
5wgw_MB5_A_714,0,0.65622724,0.041670818,0.093194863,0.44508841,0.25025374,0.32642914
5wgw_MB5_A_715,0.54284463,0.67701689,0.037265541,0.093711292,0.46631683,0.24357433,0.26482271
5wqp_NCA_A_302,0,0.69914424,0.034362714,0.08762819,5.5159792e-06,0.24685368,0.14370565
5x0j_SEP_A_302,0,0.69914478,0.034362623,0.08762812,0,0.24685364,0.14370337
5x23_LSN_A_502,0.51958918,0.67595857,0.037450185,0.093689459,0.4654223,0.24384447,0.26722132
5x23_LSN_A_503,0.51958918,0.67595857,0.037450185,0.093689459,0.4654223,0.24384447,0.26722132
5x23_LSN_A_504,0.51958918,0.67595857,0.037450185,0.093689459,0.4654223,0.24384447,0.26722132
5x2m_GLN_A_951,0.93053849,0.6764185,0.037510088,0.096701499,0.68679809,0.24057772,0.31045951
5x2m_GLN_D_951,0,0,0.041382248,0.088306914,0,0.22923068,0
5x5d_UMP_A_401,0.51958918,0.67595857,0.037450185,0.093689459,0.4654223,0.24384447,0.26722132
5x5d_UMP_B_401,0.51958918,0.67595857,0.037450185,0.093689459,0.4654223,0.24384447,0.26722132
5x5d_UMP_C_401,0.51958918,0.67595857,0.037450185,0.093689459,0.4654223,0.24384447,0.26722132
5x5d_UMP_D_401,0.51958918,0.67595857,0.037450185,0.093689459,0.4654223,0.24384447,0.26722132
5x5d_UMP_E_401,0.96373128,0.54071683,0.032073877,0.091281002,0.2751071,0.23049311,0
5x6r_7ZR_A_402,0.87822792,0.68986127,0.034543848,0.094030355,0.47943229,0.23944762,0.22676068
5x6r_7ZR_B_402,5.6017311e-10,0.65622724,0.041670818,0.093194863,0.44508841,0.25025374,0.32642914
5x86_TMP_A_205,0.51958918,0.67595857,0.037450185,0.093689459,0.4654223,0.24384447,0.26722132
5x86_TMP_B_207,0.44147755,0,0.04775874,0,0.70077635,0.22541222,0
5xdt_MB3_A_404,0.38395684,0.67093187,0.038554942,0.093560136,0.46010338,0.24552936,0.28285459
5xdt_ZI7_A_403,0.51958918,0.67595857,0.037450185,0.093689459,0.4654223,0.24384447,0.26722132
5xin_XLS_A_397,0.99144466,0.74528704,0.025680128,0.088126293,0.0038330375,0.23455108,0.020109671
5xin_XLS_B_397,0.98670937,0.74325055,0.026032282,0.088360596,0.022604521,0.23475481,0.028476533
5xin_XLS_C_397,0.95556714,0.73315119,0.027784782,0.08947225,0.11197871,0.23583169,0.069397995
5xin_XLS_D_397,0.95246752,0.72956322,0.02840105,0.08991949,0.14759603,0.23614503,0.084530347
5xj7_87O_A_309,0.51958918,0.67595857,0.037450185,0.093689459,0.4654223,0.24384447,0.26722132
5xmq_PLG_A_501,0,0.65622724,0.041670818,0.093194863,0.44508841,0.25025374,0.32642914
5xmq_PLG_B_501,2.7062575e-05,0.65622828,0.041670598,0.093194888,0.44508947,0.25025341,0.32642607
5xmq_PLG_C_501,0.99155092,0.65895173,0.040449626,0.099378557,0.89712726,0.2414415,0.38980532
5xoi_SIN_A_401,0.99751015,0.24340694,0.044084282,0.098666571,0.90212068,0.22589488,0
5xrv_F6R_A_702,0,0.66157023,0.040790587,0.092524986,0.38875384,0.24985286,0.30459752
5xsm_8EO_A_705,0.96814297,0.69330481,0.033814172,0.094115895,0.48294849,0.23834126,0.21655639
5xvt_8FL_A_709,0.51958918,0.67595857,0.037450185,0.093689459,0.4654223,0.24384447,0.26722132
5xvv_AKG_A_508,0,0.65622724,0.041670818,0.093194863,0.44508841,0.25025374,0.32642914
5xvv_AKG_B_506,0,0.65622724,0.041670818,0.093194863,0.44508841,0.25025374,0.32642914
5xvv_AKG_C_504,0.98379346,0.71300663,0.031208501,0.092282956,0.33409901,0.23719424,0.1577634
5y1g_AKB_A_401,0.9331461,0,0.046883039,0.099045777,0.85245806,0.22288888,0.12295326
5y7a_KYN_A_502,0.9182321,0.65718568,0.038788997,0.097471928,0.74610367,0.24077292,0.33603053
5y7r_58K_B_403,0,0.99361126,0.031084284,0.086473012,0,0.25027507,0
5y7r_AKG_B_402,0.99479759,0.74579983,0.025589735,0.088081485,0.00015502519,0.234481,0.018164105
5y8k_SER_A_301,0,0.69914316,0.0343629,0.087628331,1.675565e-05,0.24685377,0.1437103
5y8k_SER_B_301,0,0.69914418,0.034362725,0.087628198,6.20462e-06,0.24685369,0.14370593
5y8p_3OH_B_301,0.41505808,0.71858393,0.030706886,0.087820753,0.00034065989,0.24169355,0.091439006
5yaq_ISE_B_402,0.97140153,0.71342016,0.031147616,0.092147674,0.32380565,0.23726897,0.15506788
5yaq_ISE_D_402,0,0.65622724,0.041670818,0.093194863,0.44508841,0.25025374,0.32642914
5yb7_ORN_A_602,0.98493186,0.74248346,0.026164925,0.088448893,0.029678287,0.23483149,0.031628593
5yb7_ORN_A_603,0.98024333,0.74511044,0.025719252,0.088075741,0.0002232725,0.23466256,0.020029975
5yb7_ORN_B_602,0,0.65622724,0.041670818,0.093194863,0.44508841,0.25025374,0.32642914
5yb7_ORN_B_603,0,0.65622724,0.041670818,0.093194863,0.44508841,0.25025374,0.32642914
5yb7_ORN_C_603,0,0.65622724,0.041670818,0.093194863,0.44508841,0.25025374,0.32642914
5yb7_ORN_D_602,0.99589612,0.7435464,0.025974362,0.088382377,0.024002727,0.23465132,0.027895289
5yb7_ORN_D_603,0.9779181,0.71598141,0.030704272,0.091856681,0.30046943,0.23700787,0.1445869
5ybl_AKG_A_302,0.00032760129,0.65623979,0.041668159,0.093195174,0.44510122,0.25024971,0.32639196
5ybl_AKG_C_302,0.9948874,0.74576098,0.025596311,0.088087139,0.00060066452,0.23448332,0.018337202
5ybp_8SX_B_303,0.51958918,0.67595857,0.037450185,0.093689459,0.4654223,0.24384447,0.26722132
5ybp_AKG_A_302,0.99764391,0.2000663,0.045837837,0.099710375,0.99128515,0.22526598,5.9948306e-05
5ybp_AKG_B_302,0,0.65622724,0.041670818,0.093194863,0.44508841,0.25025374,0.32642914
5ybq_8T0_A_303,0.51958918,0.67595857,0.037450185,0.093689459,0.4654223,0.24384447,0.26722132
5ybq_8T0_B_303,0.51958918,0.67595857,0.037450185,0.093689459,0.4654223,0.24384447,0.26722132
5ybq_AKG_A_302,0.99649565,0.74587126,0.025576165,0.088083329,0.00024023266,0.23446054,0.017984972
5ybq_AKG_B_302,0,0.65622724,0.041670818,0.093194863,0.44508841,0.25025374,0.32642914
5yfj_RUB_A_401,0.8848409,0.69011453,0.034490183,0.094036646,0.47969089,0.23936625,0.22601018
5yfj_RUB_B_401,0.51958918,0.67595857,0.037450185,0.093689459,0.4654223,0.24384447,0.26722132
5yfj_RUB_C_401,0.51958918,0.67595857,0.037450185,0.093689459,0.4654223,0.24384447,0.26722132
5ykt_PMP_A_501,0.99034576,0.73098268,0.028128083,0.089983278,0.1512955,0.23570242,0.081278937
5ykt_PMP_B_501,0.99295307,0.73390744,0.027625662,0.089619236,0.12230085,0.2354463,0.068949675
5ylf_BGC_A_401,0,0.95010361,0.031850161,0.086824581,0.0197927,0.24966999,0.014519174
5ysh_5AD_D_605,0.21274926,0.98677077,0.029713343,0.088066375,0.0024414504,0.25463303,0.34258042
5ysh_5AD_J_605,0.21831849,0.98087692,0.030860307,0.088977044,0.074807582,0.25510396,0.37138918
5z54_0HZ_A_303,0.19287987,0.9839039,0.044813336,0.097524505,0.99127067,0.24973084,0
5z54_0HZ_D_303,0.98743691,0.2067341,0.045597424,0.099500241,0.97400102,0.22546658,0
5z9b_HX3_B_303,0.97160376,0.98667353,0.023168278,0.087485415,0.00045624252,0.23945536,0
5z9p_AX7_A_301,0.99849684,0,0.036940636,0.092017221,0.24590882,0.21870329,0
5zg2_ZK1_A_901,0.51958918,0.67595857,0.037450185,0.093689459,0.4654223,0.24384447,0.26722132
5zg2_ZK1_B_901,0.51958918,0.67595857,0.037450185,0.093689459,0.4654223,0.24384447,0.26722132
5zge_ZZ7_B_302,0,0.65622724,0.041670818,0.093194863,0.44508841,0.25025374,0.32642914
5zgr_ZZ7_A_303,0.53211402,0.67660594,0.037352622,0.093701083,0.4658972,0.24370636,0.26604051
5zgr_ZZ7_B_303,0.99201471,0.74568426,0.025611721,0.08807827,0,0.23451442,0.018451311
5zi4_OAA_A_401,0.99549711,0.74547392,0.025644934,0.088128554,0.0038665598,0.23450094,0.019611882
5zpt_HY1_A_702,0.0056048982,0.41733207,0.03976906,0.089533573,0.17991973,0.23843956,0
5zpt_HY1_B_703,0.98684521,0.99297244,0.037492211,0.097826331,0.94606189,0.24111958,0
6a1f_9OF_A_807,0.97926501,0.19340733,0.046161047,0.099781859,0.99859068,0.22535747,0
6a1l_BEZ_A_403,0.99315221,0.21761122,0.045140374,0.099265924,0.9536112,0.22556553,1.832623e-06
6a1l_BEZ_A_404,0.98537155,0.79447631,0.034487561,0.095674904,0.58055684,0.24311885,0.37966528
6a2m_9QR_A_701,0.51958918,0.67595857,0.037450185,0.093689459,0.4654223,0.24384447,0.26722132
6a2m_9QR_B_701,0.51958918,0.67595857,0.037450185,0.093689459,0.4654223,0.24384447,0.26722132
6a2m_UMP_A_703,0.51958918,0.67595857,0.037450185,0.093689459,0.4654223,0.24384447,0.26722132
6a2m_UMP_B_703,0.51958918,0.67595857,0.037450185,0.093689459,0.4654223,0.24384447,0.26722132
6a2n_9QR_A_701,0.51958918,0.67595857,0.037450185,0.093689459,0.4654223,0.24384447,0.26722132
6a2n_UMP_B_703,0.51958918,0.67595857,0.037450185,0.093689459,0.4654223,0.24384447,0.26722132
6a3j_SOE_A_402,0.0089691686,1,0.046759906,0.10090627,0.98129301,0.27104578,0.98080315
6abm_9VR_A_505,0.51958918,0.67595857,0.037450185,0.093689459,0.4654223,0.24384447,0.26722132
6acn_TRC_A_899,0.93096665,0.74281563,0.026151036,0.088051169,4.7748096e-05,0.23527414,0.026179018
6ald_2FP_A_700,0,0.65622724,0.041670818,0.093194863,0.44508841,0.25025374,0.32642914
6ald_2FP_B_700,0,0.65622724,0.041670818,0.093194863,0.44508841,0.25025374,0.32642914
6auq_BYJ_B_803,0.98728891,0.69403805,0.0336588,0.094134109,0.48369721,0.23810568,0.21438355
6av2_BY7_A_803,0.51958918,0.67595857,0.037450185,0.093689459,0.4654223,0.24384447,0.26722132
6av2_BY7_B_803,0.51958918,0.67595857,0.037450185,0.093689459,0.4654223,0.24384447,0.26722132
6axu_BTM_A_401,0.98361336,0.98805821,0.024233162,0.089184163,0.064060977,0.24455036,0.25015903
6ayv_MLI_A_409,0,0.69914478,0.034362623,0.08762812,0,0.24685364,0.14370337
6b5k_TYD_A_304,0.94791251,0.74361499,0.026000805,0.088058291,2.6706697e-06,0.23506301,0.024020772
6b5k_TYD_B_304,0.97336789,0.74480922,0.025776253,0.088069841,2.5534735e-06,0.23474638,0.02080672
6b6r_BEN_A_302,0.99817632,1,0.038838524,0.10211996,0.9948327,0.26047544,0.99484727
6b83_6NA_B_201,0.99297664,0.74489424,0.025746106,0.088187546,0.0086406301,0.23456912,0.021905969
6b9p_D0J_A_1001,0.83438537,0.68818221,0.034899638,0.093988646,0.47771778,0.23998708,0.23173629
6b9p_D0J_B_1001,0.17947829,0.66310083,0.040214321,0.093365607,0.45210707,0.24804536,0.30606048
6ba2_7KM_A_809,0.51958918,0.67595857,0.037450185,0.093689459,0.4654223,0.24384447,0.26722132
6bds_DJ4_A_303,2.6134336e-05,0.65622824,0.041670606,0.093194888,0.44508944,0.25025342,0.32642618
6bkk_308_B_101,0.99665064,0.72233694,0.029602113,0.091151435,0.24380635,0.23633771,0.11877049
6bmm_OLB_A_404,0,0.65622724,0.041670818,0.093194863,0.44508841,0.25025374,0.32642914
6bmm_OLB_B_404,0.41789111,0.67223147,0.03827956,0.093592419,0.46143041,0.24511181,0.27900345
6bqx_9AG_A_201,0.99148885,0.90934025,0.023933992,0.088307616,1.9870696e-06,0.24099541,0.15892705
6br1_E3Y_B_505,0,0.65622724,0.041670818,0.093194863,0.44508841,0.25025374,0.32642914
6btn_E8M_A_304,0.51958918,0.67595857,0.037450185,0.093689459,0.4654223,0.24384447,0.26722132
6btq_E8S_A_305,0.51958918,0.67595857,0.037450185,0.093689459,0.4654223,0.24384447,0.26722132
6bvl_EBY_B_2001,0,0,0.050950005,0.095120857,0.64999217,0.23035013,0
6bxk_MTA_B_401,0.99068009,0.7369955,0.027099189,0.089201858,0.089247854,0.23521957,0.055556969
6c17_DNX_A_202,0.0062003955,0.91605381,0.033107373,0.087527174,0.082757418,0.24871294,0
6c1i_EEY_A_501,0.9899883,0.65061326,0.041877352,0.100455,0.98264032,0.24212066,0.42539404
6c1i_EEY_B_501,0.99469493,0.74581,0.025588077,0.088079486,3.5019191e-10,0.23448108,0.018112906
6c1i_KNA_A_502,0.00045524375,0.65624468,0.041667123,0.093195296,0.44510622,0.25024814,0.32637748
6c1x_DNX_A_203,0,0.9296904,0.046731885,0.097262995,0.97625687,0.25067454,0
6c6w_TFX_A_502,0,0.92190229,0.032086954,0.087883301,5.8058256e-09,0.25529358,0.32600738
6cdy_EY1_A_501,0,0.65622724,0.041670818,0.093194863,0.44508841,0.25025374,0.32642914
6cdy_EY1_B_501,0,0.65803032,0,0.09316742,0.44277466,0.25028838,0.32665035
6cgc_F0A_A_402,0.51958918,0.67595857,0.037450185,0.093689459,0.4654223,0.24384447,0.26722132
6cgc_F0A_B_402,0.51958918,0.67595857,0.037450185,0.093689459,0.4654223,0.24384447,0.26722132
6cgn_DA_A_801,0,0.68175042,0.037338315,0.089895022,0.17996551,0.24824207,0.21818597
6cqu_HI6_A_601,0,0.65622724,0.041670818,0.093194863,0.44508841,0.25025374,0.32642914
6cqu_HI6_B_601,0.51958918,0.67595857,0.037450185,0.093689459,0.4654223,0.24384447,0.26722132
6cut_FEJ_A_401,0.51958918,0.67595857,0.037450185,0.093689459,0.4654223,0.24384447,0.26722132
6cut_FEJ_B_401,0.51958918,0.67595857,0.037450185,0.093689459,0.4654223,0.24384447,0.26722132
6cut_FEJ_C_401,0.51958918,0.67595857,0.037450185,0.093689459,0.4654223,0.24384447,0.26722132
6cwr_6LA_A_201,0.97222635,0,0.049337303,0.10384431,0.9902869,0.23934199,0.98292288
6dl7_ONC_A_301,0.9216076,0.69152261,0.034191815,0.094071624,0.48112869,0.23891385,0.2218376
6dl7_ONC_B_301,0,0.65622724,0.041670818,0.093194863,0.44508841,0.25025374,0.32642914
6dl7_ONC_C_301,0.98777042,0.69405649,0.033654892,0.094134567,0.48371604,0.23809975,0.2143289
6dl7_ONC_D_301,0,0.65622724,0.041670818,0.093194863,0.44508841,0.25025374,0.32642914
6dl7_ONC_F_301,0.93854984,0.69217146,0.034054326,0.094087742,0.48179123,0.23870539,0.21991486
6dl7_ONC_G_301,2.3043627e-07,0.65622725,0.041670816,0.093194863,0.44508842,0.25025374,0.32642912
6dmi_5T5_A_504,0.51958918,0.67595857,0.037450185,0.093689459,0.4654223,0.24384447,0.26722132
6e2w_DP6_A_403,0.98644199,0.21110508,0.045448891,0.09941098,0.96630616,0.22555836,0.00075448676
6e40_BBJ_A_502,0.96757395,0.69328301,0.03381879,0.094115353,0.48292624,0.23834826,0.21662096
6e40_BBJ_B_502,0,0.65622724,0.041670818,0.093194863,0.44508841,0.25025374,0.32642914
6e40_BBJ_D_502,0,0,0.04138225,0.088306915,9.9077512e-08,0.22923068,0
6e43_BEZ_A_502,0.99782941,0.31248419,0.0447696,0.099844592,0.9843882,0.22939844,0.10446788
6e43_BEZ_B_502,0.99747155,0.98789407,0.038145507,0.098536138,0.98653016,0.066192897,0.067339126
6e43_BEZ_C_502,0.99858528,0.30606954,0.044887941,0.099889258,0.9888876,0.22919773,0.10030386
6e43_BEZ_D_502,0.99779232,0.33404273,0.044619422,0.099914393,0.9865475,0.23023088,0.12612577
6e8i_PTR_A_201,0.97849353,0.72399388,0.029333102,0.090816243,0.21785012,0.23636331,0.11032046
6ezf_C6Z_A_1003,0.99549646,0,0.048031595,0.099895256,0.96685908,0.22003103,0
6f2b_AKG_A_402,0,0.65622724,0.041670818,0.093194863,0.44508841,0.25025374,0.32642914
6f2b_AKG_B_402,0,0.65622724,0.041670818,0.093194863,0.44508841,0.25025374,0.32642914
6f2b_AKG_C_402,0.71480457,0.68360255,0.035870057,0.093874884,0.47304147,0.24145845,0.24530729
6f2v_AMP_B_1001,0.51958918,0.67595857,0.037450185,0.093689459,0.4654223,0.24384447,0.26722132
6f3s_CKW_A_902,0.51958918,0.67595857,0.037450185,0.093689459,0.4654223,0.24384447,0.26722132
6f3s_PLP_A_901,0,0.69695737,0.034736828,0.087913192,0.022631377,0.24702824,0.15306985
6f48_XQB_A_302,0,0.69914478,0.034362623,0.08762812,0,0.24685364,0.14370337
6f66_CUT_A_300,0.99597963,0.98986534,0.038156949,0.098345421,0.99216737,0.24103623,0
6f66_CUT_B_300,0.99767746,0.98783084,0.037845933,0.09812435,0.97144165,0.24093726,0
6f6a_CU5_B_301,0.90033323,0.97649721,0.039906938,0.10208092,0.99606021,0.26107682,0.99598924
6f76_CVK_A_203,0.51958918,0.67595857,0.037450185,0.093689459,0.4654223,0.24384447,0.26722132
6f76_CVK_B_203,0.51958918,0.67595857,0.037450185,0.093689459,0.4654223,0.24384447,0.26722132
6f76_CVK_C_203,0.51958918,0.67595857,0.037450185,0.093689459,0.4654223,0.24384447,0.26722132
6f77_PLP_A_600,0,0.41823282,0.039741496,0,0.17569123,0.23850515,0
6f77_PLP_C_600,0,0.65622724,0.041670818,0.093194863,0.44508841,0.25025374,0.32642914
6f77_PLP_D_600,0,0.65622724,0.041670818,0.093194863,0.44508841,0.25025374,0.32642914
6f77_PLP_E_600,0.96609486,0.69322637,0.033830793,0.094113946,0.4828684,0.23836646,0.21678882
6f7r_CIT_A_1003,0.84794682,0.73776669,0.027080824,0.088163909,0.011988733,0.23639891,0.041603159
6fa1_D2Z_A_203,0.51958918,0.67595857,0.037450185,0.093689459,0.4654223,0.24384447,0.26722132
6fa1_D2Z_B_203,0.51958918,0.67595857,0.037450185,0.093689459,0.4654223,0.24384447,0.26722132
6fa1_D2Z_F_203,0.07383777,0.4261189,0.039221048,0.089658016,0.18669849,0.23787366,0
6fjj_LSA_A_302,0.99771514,0.25154752,0.044489704,0.09907134,0.93281075,0.22654014,0.022076591
6fld_DQ5_A_604,0.51958918,0.67595857,0.037450185,0.093689459,0.4654223,0.24384447,0.26722132
6fld_NAG_A_602,0.60495081,0.71453914,0.029070581,0.087961261,2.2550837e-08,0.23952926,0.072519652
6fld_NAG_A_603,0,0.93993159,0.031640631,0.086572096,3.643899e-10,0.2491382,2.1078032e-06
6flu_DTK_A_401,0.15435641,0.66213872,0.040418189,0.093341708,0.45112466,0.24835447,0.30891152
6flu_DTK_A_403,0.92117095,0.74236061,0.026236671,0.088046133,7.9429325e-07,0.23539562,0.027396392
6flu_DTK_A_404,0.78265699,0.68620113,0.035319423,0.093939435,0.4756949,0.24062357,0.23760685
6flu_DTK_A_405,0,0.97813573,0.04728549,0.10103397,0.99696657,0.27032763,0.96103359
6flu_DTK_A_406,0.98205729,0.99025352,0.038326689,0.098465929,0.99458142,0.24175977,0.028848672
6flu_DTK_B_401,0,0.65622724,0.041670818,0.093194863,0.44508841,0.25025374,0.32642914
6flu_DTK_B_402,0.080564702,0.65931268,0.041017021,0.093271507,0.44823897,0.24926243,0.317286
6flu_DTK_B_403,0.93482349,0.97592084,0.039291872,0.10178617,0.97549626,0.26010488,0.96787132
6flu_DTK_B_404,0.99150481,1,0.038871969,0.10210436,0.99333461,0.26058493,0.99685739
6flu_DTK_B_405,0,0.65622724,0.041670818,0.093194863,0.44508841,0.25025374,0.32642914
6flu_DTK_B_406,0.11624599,0,0.040846555,0.090498698,3.4084104e-07,0.23855704,0.54816003
6fs7_E4Z_A_903,0,0.65622724,0.041670818,0.093194863,0.44508841,0.25025374,0.32642914
6fs7_E4Z_B_903,0,0.65622724,0.041670818,0.093194863,0.44508841,0.25025374,0.32642914
6fs7_E4Z_C_903,0.62171293,0.49667269,0.034820794,0.09065723,0.24112846,0.23332972,0
6fs7_E4Z_D_903,0.59360106,0.67896074,0.036853644,0.093759578,0.4683017,0.2429498,0.25906246
6fs7_E4Z_E_903,0,0.65622724,0.041670818,0.093194863,0.44508841,0.25025374,0.32642914
6fs7_E4Z_F_903,0.00056997011,0.65624907,0.041666192,0.093195405,0.4451107,0.25024673,0.32636446
6fw0_E92_A_602,0.54614392,0.67714325,0.037238767,0.093714431,0.46644585,0.24353373,0.26444828
6fw0_E92_B_602,0.98620506,0.18832758,0.04604299,0.099703234,0.9910779,0,0
6g3f_FUM_A_601,0.97490132,0,0.033632105,0.089498543,0.017714108,0.21855268,0
6g5q_EMZ_B_402,0.96654761,0.19455917,0.046153256,0.099694039,0.99190876,0.22550535,8.56782e-10
6gck_EUB_A_302,0.82353599,0.73774123,0.027104602,0.088006902,0.00040353673,0.23661317,0.039890493
6gck_EUB_C_302,0.99039091,0.74554042,0.02563762,0.088086351,0.00070002957,0.23454002,0.018946055
6gck_EUB_D_302,0.99379371,0.74574771,0.025599451,0.088081685,0.00020704967,0.23449389,0.018312386
6gl4_GLU_B_301,0,0.69914478,0.034362623,0.08762812,0,0.24685364,0.14370337
6gnf_GLC_B_602,0.98433106,0.19743594,0.046024926,0.099743391,0.99475402,0.22539404,0.0012664955
6gpn_OGA_B_402,0.99673849,0.7468597,0.025544209,3.5804512e-05,2.5254973e-10,0.23447891,0.018080713
6gqk_F88_A_1001,0.9841873,0.69391926,0.03368397,0.094131158,0.48357592,0.23814384,0.21473554
6gxk_FFW_A_402,0.51958918,0.67595857,0.037450185,0.093689459,0.4654223,0.24384447,0.26722132
6gxk_FFW_B_402,0.51958918,0.67595857,0.037450185,0.093689459,0.4654223,0.24384447,0.26722132
6h8p_OGA_A_504,0,0.69914478,0.034362623,0.08762812,0,0.24685364,0.14370337
6hgl_TES_A_401,0.97795019,0.19459851,0.046116904,0.099747016,0.99569856,0.22538832,0
6hl7_CP_A_401,0.99479686,0.74581446,0.025587233,0.088079574,3.3135942e-06,0.23447984,0.018101408
6hl7_CP_C_401,0.92243022,0.74220869,0.026261658,0.088074202,0.0021838172,0.2353968,0.028140889
6hl9_SIN_A_402,0,0.69887788,0.034408282,0.087662904,0.0027613893,0.24687495,0.14484623
6hl9_SIN_B_402,0.98131883,0.74511637,0.025717382,0.088082032,0.00068395039,0.23465274,0.020084844
6hmw_FUL_A_203,0.99471794,0.74092645,0.026423499,0.088716081,0.050537344,0.23487069,0.039025969
6hmw_FUL_B_204,0.99029071,1,0.038930801,0.10199069,0.99879277,0.25972776,0.95134835
6hmw_FUL_C_203,0.73038698,0.73341023,0.027919629,0.08795955,3.7350092e-10,0.23776869,0.051484502
6hmw_FUL_F_202,0.98868244,1,0.038921827,0.10211502,0.9951536,0.26058679,0.99518184
6hmw_FUL_G_202,0.90053132,1,0.039661736,0.10203795,0.99605811,0.26157361,0.99605066
6hmw_FUL_H_201,0.95566509,0.743828,0.025958197,0.088081448,0.0015617879,0.23497861,0.023687204
6hmw_FUL_I_201,0,1,0.047047559,0.10109384,0.99453974,0.27143396,0.99454261
6hnz_GH5_A_301,0.97526871,1,0.038862227,0.89955221,0.97543327,0.26042142,0.97909173
6ho2_GHN_A_301,0,0.65622724,0.041670818,0.093194863,0.44508841,0.25025374,0.32642914
6ho7_GHQ_A_301,0,0.65622724,0.041670818,0.093194863,0.44508841,0.25025374,0.32642914
6hpx_GKQ_A_205,0.95569734,0.69282817,0.033915171,0.094104055,0.4824618,0.2384944,0.21796882
6hqr_3DM_A_502,0.99658488,0.21414456,0.045269981,0.099365416,0.96189051,0.22547977,0
6hsg_GM5_A_504,0,0.65622724,0.041670818,0.093194863,0.44508841,0.25025374,0.32642914
6hsg_GM5_B_504,0.99615439,0.69437758,0.033586855,0.094142543,0.4840439,0.23799659,0.21337742
6hsg_GM5_D_504,0,0.65622724,0.041670818,0.093194863,0.44508841,0.25025374,0.32642914
6i4b_E2N_A_603,0.99096788,0.65575778,0,0.088738825,0.054876931,0.23195298,0
6i4b_ORO_B_602,0.0075869235,0.6565178,0.041609249,0.09320208,0.44538511,0.25016039,0.32556812
6i6r_H62_A_704,0.92511346,0.67456597,0.037831321,0.096907297,0.7033315,0.24077275,0.31798718
6ijn_6MZ_A_401,0.95466967,0.74393225,0.025941154,0.088061324,0,0.23497894,0.023166507
6ix8_B3O_A_408,0,0.65622724,0.041670818,0.093194863,0.44508841,0.25025374,0.32642914
6ix8_B3O_B_408,0.99101666,0.20848141,0.045515879,0.099475179,0.97162843,0.22545502,0
6j4t_IMP_A_401,0,0.65622724,0.041670818,0.093194863,0.44508841,0.25025374,0.32642914
6jc7_F0G_A_601,0.99311049,0.694261,0.033611557,0.094139647,0.48392487,0.23803405,0.21372287
6jc7_F0G_B_601,0,0.65622724,0.041670818,0.093194863,0.44508841,0.25025374,0.32642914
6jc7_F0G_C_601,0.96058201,0.69301524,0.033875531,0.094108702,0.48265281,0.23843429,0.21741447
6jc7_F0G_D_601,0.9843174,0.69392425,0.033682914,0.094131282,0.48358101,0.23814224,0.21472078
6jea_NAG_A_501,0,0.65622724,0.041670818,0.093194863,0.44508841,0.25025374,0.32642914
6jk9_BU0_A_501,0,0.65622724,0.041670818,0.093194863,0.44508841,0.25025374,0.32642914
6jk9_BU0_B_501,0,0.65622724,0.041670818,0.093194863,0.44508841,0.25025374,0.32642914
6jmd_BVO_A_408,0.99417619,0.64941484,0.042079035,0.10063868,0.99707209,0.24217991,0.43083817
6jmd_ORO_A_402,0.013339302,0.86529912,0.04722618,0.097350413,0.97213268,0.24915681,0
6jme_BVU_A_409,0.99346171,0.64952182,0.042061302,0.10062005,0.99561846,0.24217758,0.43032677
6jme_ORO_A_402,0,0.85171822,0.032776112,0.087820501,6.2110735e-05,0.25281989,0.27277649
6jq8_CIT_A_302,0.99450081,0.74579727,0.02559041,0.08807987,3.749705e-05,0.23448379,0.018152934
6jws_PT1_A_801,0.51958918,0.67595857,0.037450185,0.093689459,0.4654223,0.24384447,0.26722132
6jws_PT1_B_801,0.51958918,0.67595857,0.037450185,0.093689459,0.4654223,0.24384447,0.26722132
6jwy_PH2_A_802,0.9927468,0.65153966,0.041716674,0.10035238,0.97439447,0.24202273,0.42163303
6jx9_CQC_A_501,0,0.971403,0.032075956,0.08830975,0.030228069,0.25735474,0.37784334
6jyg_FLC_A_401,0.99004638,0.69560375,0.034180676,0.094592036,0.51718771,0.23852899,0.23274911
6jyg_FLC_C_401,0.99005395,0.74299265,0.026073741,0.088416174,0.026896269,0.23474631,0.029830478
6jyg_FLC_D_401,0.88282996,0.69003752,0.034506502,0.094034733,0.47961225,0.23939099,0.2262384
6jyg_FLC_E_401,0,0.65622724,0.041670818,0.093194863,0.44508841,0.25025374,0.32642914
6jyg_FLC_E_402,0.0017093796,0.65629271,0.041656946,0.093196489,0.44515526,0.25023271,0.32623515
6jz4_EVA_A_701,0.97526108,0.74278845,0.026120443,0.088345628,0.021828691,0.23489122,0.029600903
6jz4_EVA_B_701,0.97516707,0.74260044,0.026152682,0.088369514,0.023728291,0.23490704,0.030398964
6jz6_CKX_B_701,0.85205996,0.96911284,0.04016582,0.1018565,0.98261223,0.26121366,0.98498229
6k92_GT0_A_802,0.99321628,0.96383066,0.038904406,0.10185729,0.97320732,0.25927512,0.97158807
6k92_GT0_B_602,0.99388675,0.98208068,0.037154492,0.097586207,0.92029185,0.24083826,0.003774098
6krs_CIT_B_301,0.016753714,0.65686887,0.041534858,0.093210801,0.44574358,0.25004759,0.3245278
6krs_CIT_C_301,0.032461642,0.73653747,0.034051216,0.087903856,0.016074281,0.79297667,0.17743189
6krs_CIT_D_301,0,0.65622724,0.041670818,0.093194863,0.44508841,0.25025374,0.32642914
6krs_CIT_F_301,0,0.65622724,0.041670818,0.093194863,0.44508841,0.25025374,0.32642914
6krs_CIT_H_301,0.015301673,0.65681326,0.041546642,0.09320942,0.4456868,0.25006546,0.32469258
6krs_CIT_I_301,0.014972373,0.65680065,0.041549314,0.093209106,0.44567392,0.25006951,0.32472996
6krs_CIT_J_301,0.015352468,0.6568152,0.04154623,0.093209468,0.44568879,0.25006484,0.32468682
6kxh_DY9_B_402,0.024699116,0.99740043,0.046157897,0.097399043,0.99782159,0.25187602,0
6kxh_DY9_C_402,0.025170642,0,0.050774636,0.095169236,0.65286584,0.23007734,0
6kxh_DY9_D_402,0.99606636,0.99574082,0.023048559,0.088387878,0,0.24397747,0.22376509
6l17_E2X_A_401,0.99032057,0.68614521,0.035798553,0.095826512,0.6151808,0.23928159,0.27327105
6l59_CIT_B_403,0,0.69515174,0.035045721,0.088148509,0.041312805,0.24717237,0.16080156
6l68_ALL_A_201,0,1,0.045598637,0.099813646,0.90275732,0.26980324,0.92053352
6l86_LMR_A_302,0,0.65622724,0.041670818,0.093194863,0.44508841,0.25025374,0.32642914
6l86_LMR_B_302,0,0.65803032,0,0.09316742,0.44277466,0.25028838,0.32665035
6l86_LMR_B_303,0.0041605763,0.65638658,0.041637054,0.093198821,0.44525112,0.25020255,0.32595697
6l86_LMR_C_302,0.0034258343,0.65635844,0.041643016,0.093198122,0.44522238,0.25021159,0.32604035
6l86_LMR_D_302,0.95079546,0.72903274,0.028493131,0.089977643,0.15227293,0.23620191,0.086677099
6l86_MLT_A_303,0,0.65803032,0,0.09316742,0.44277466,0.25028838,0.32665035
6l8a_BAL_C_504,0.97370188,0.72525755,0.029120736,0.090620086,0.20245014,0.2363041,0.10455185
6l8a_BAL_D_507,0.99811306,0.72624163,0.028932965,0.090652165,0.20411744,0.23601333,0.10215973
6l8a_BAL_E_503,0.07984342,0.65928505,0.041022875,0.093270821,0.44821076,0.24927131,0.31736786
6lit_2OH_A_501,0.99498036,0.19813989,0.045921832,0.099742446,0.99420795,0.22526406,0
6lit_2OH_B_501,0.99754227,0.1985284,0.045898317,0.099745224,0.99427985,0.22524328,0
6lj7_EFR_A_301,0.95921318,0.74414136,0.025901767,0.088063913,4.1916056e-05,0.23492275,0.022610189
6lql_F0C_A_702,0.9818878,0.74520913,0.025701061,0.08807368,4.1876293e-07,0.23464039,0.019730111
6lx5_C5F_A_502,0,0.65622724,0.041670818,0.093194863,0.44508841,0.25025374,0.32642914
6lx5_C5F_A_503,4.578077e-07,0.65622726,0.041670814,0.093194863,0.44508843,0.25025373,0.32642909
6lx5_C5F_B_501,0.99204312,0.6602326,0.040230112,0.099214861,0.88411398,0.24133498,0.38435735
6lx5_C5F_B_502,5.4205958e-07,0.65622726,0.041670813,0.093194863,0.44508843,0.25025373,0.32642908
6ly4_TES_A_501,0.99030392,0.20121252,0.045811883,0.099646491,0.98631157,0.22535688,0
6m5m_NAG_A_202,0.00024894146,0.69915055,0.034361437,0.087629003,6.1126849e-05,0.24685102,0.14369723
6m5m_NAG_B_202,0,1,0.044782235,0.099307881,0.84963001,0.2701412,0.94115924
6m9b_BTN_A_201,0.9921411,0.98453752,0.038274422,0.098373167,0.99416538,0.24096914,0
6m9b_BTN_B_201,0.51958918,0.67595857,0.037450185,0.093689459,0.4654223,0.24384447,0.26722132
6m9b_BTN_C_201,0.99481187,0.98202831,0.03827652,0.098379157,0.99403961,0.24088643,0
6m9b_BTN_D_201,0.51958918,0.67595857,0.037450185,0.093689459,0.4654223,0.24384447,0.26722132
6mae_JBA_A_301,0.96698926,0.69326062,0.033823535,0.094114797,0.48290338,0.23835546,0.21668732
6md2_GW9_B_501,0,0.69914478,0.034362623,0.08762812,0,0.24685364,0.14370337
6mpa_NAG_B_502,0.00029477578,0,0.050934407,0.095087973,0.64772353,0.0045206156,0
6mry_FLC_A_101,0.98769566,0.74390223,0.025920014,0.088282145,0.016340912,0.23469421,0.025759674
6mry_FLC_B_101,0.81909782,0.76706195,0.039970282,0.1003374,0.8163096,0.2567914,0.97431607
6mry_FLC_C_102,0.76872413,0.76214548,0.041957448,1.7366967e-30,0.96441395,0.23901121,0.018377331
6mry_FLC_K_101,0.98904505,0.32610286,0.03000915,0.088820844,0.0094543097,0.22528923,0
6mwl_K5G_B_301,0.98814662,0.68938038,0.035246834,0.095390613,0.58065383,0.23904226,0.2592558
6n0z_DP6_B_401,0.51958918,0.67595857,0.037450185,0.093689459,0.4654223,0.24384447,0.26722132
6n0z_DP6_C_401,0.51958918,0.67595857,0.037450185,0.093689459,0.4654223,0.24384447,0.26722132
6n0z_DP6_E_401,0.51958918,0.67595857,0.037450185,0.093689459,0.4654223,0.24384447,0.26722132
6n0z_DP6_F_401,0.51958918,0.67595857,0.037450185,0.093689459,0.4654223,0.24384447,0.26722132
6n9r_OHN_A_303,0,0.65622724,0.041670818,0.093194863,0.44508841,0.25025374,0.32642914
6n9r_OHN_X_305,0,0.65622724,0.041670818,0.093194863,0.44508841,0.25025374,0.32642914
6nba_P1T_A_501,0,0.65622724,0.041670818,0.093194863,0.44508841,0.25025374,0.32642914
6nba_P1T_B_501,0,0.65622724,0.041670818,0.093194863,0.44508841,0.25025374,0.32642914
6nba_P1T_D_501,0,0.65622724,0.041670818,0.093194863,0.44508841,0.25025374,0.32642914
6ncx_ADA_A_601,0,0.65622724,0.041670818,0.093194863,0.44508841,0.25025374,0.32642914
6ncx_ADA_C_601,0,0.65622724,0.041670818,0.093194863,0.44508841,0.25025374,0.32642914
6ncx_ADA_D_601,0,0.65622724,0.041670818,0.093194863,0.44508841,0.25025374,0.32642914
6ng5_KMD_A_803,0.51958918,0.67595857,0.037450185,0.093689459,0.4654223,0.24384447,0.26722132
6ng5_KMD_B_803,0.51958918,0.67595857,0.037450185,0.093689459,0.4654223,0.24384447,0.26722132
6nga_KL7_A_803,0,0.65622724,0.041670818,0.093194863,0.44508841,0.25025374,0.32642914
6ngp_KKY_A_803,0.51958918,0.67595857,0.037450185,0.093689459,0.4654223,0.24384447,0.26722132
6ngu_KMJ_A_803,0.51958918,0.67595857,0.037450185,0.093689459,0.4654223,0.24384447,0.26722132
6ngu_KMJ_B_803,0.51958918,0.67595857,0.037450185,0.093689459,0.4654223,0.24384447,0.26722132
6nh0_KND_A_803,0.89640649,0.98166553,0.030235052,0.093305485,0.39652943,0,0.41066874
6nhd_KNV_A_803,0.51958918,0.67595857,0.037450185,0.093689459,0.4654223,0.24384447,0.26722132
6nhd_KNV_B_803,0.61085218,0,0.046689333,0.09626787,0.71793573,0,0
6nig_NAG_A_604,0,0.65622724,0.041670818,0.093194863,0.44508841,0.25025374,0.32642914
6nig_NAG_A_605,0.092778866,0.65978045,0.040917901,0.093283127,0.44871661,0.24911215,0.31589984
6nig_NAG_C_802,0.030090878,0.65737965,0.041426625,0.093223489,0.44626514,0.24988349,0.32301419
6nni_CP6_A_203,0.99389583,0.19787181,0.045935975,0.099743759,0.99439024,0.22527136,0
6nsu_DYA_A_402,0,0.69914478,0.034362623,0.08762812,0,0.24685364,0.14370337
6ny7_L8J_A_303,0.012106808,0,0.048342673,0.093351116,0.50849777,0.22994613,0.0011636268
6nyo_U94_A_301,0,0.65622724,0.041670818,0.093194863,0.44508841,0.25025374,0.32642914
6o04_DNA_B_601,0.0005838815,0.99467557,0.031368509,0.087949487,0,0.25785105,0.38113967
6o04_DNA_C_603,0,0.99207757,0.031398857,0.087946877,0,0.25776761,0.37926091
6o1s_7SD_E_803,0.51958918,0.67595857,0.037450185,0.093689459,0.4654223,0.24384447,0.26722132
6o2z_LJV_A_500,0.98556962,0,0.048536673,0.10018667,0.99444416,0.22018999,0
6ock_9KL_A_601,0.86336569,0.68929209,0.034664458,0.094016216,0.47885109,0.23963049,0.22844737
6ock_9KL_A_602,0.99487708,0.74580883,0.025588134,0.088080835,0.00010056827,0.23447959,0.01813153
6ofr_BOG_A_802,0,0.65622724,0.041670818,0.093194863,0.44508841,0.25025374,0.32642914
6ofr_BOG_A_803,0,0.65622724,0.041670818,0.093194863,0.44508841,0.25025374,0.32642914
6ofr_BOG_A_804,0,0.65622724,0.041670818,0.093194863,0.44508841,0.25025374,0.32642914
6ofr_BOG_A_805,1.6278771e-08,0.65622724,0.041670818,0.093194863,0.44508841,0.25025374,0.32642914
6oha_XAN_A_501,0.0021679904,0.08738534,0.04039365,0.088179706,0,0.9847464,0
6ooi_PGA_A_301,0.92030802,0.65163767,0.041757543,0.099863845,0.93821991,0.24264468,0.41580755
6ooi_PGA_B_301,0.98859826,0.65383638,0,0.10020621,0.96352225,0.24202966,0.41837949
6ooi_PGA_C_302,0,0.65622724,0.041670818,0.093194863,0.44508841,0.25025374,0.32642914
6ooi_PGA_D_301,0.99094368,0.6534053,0.04139895,0.1000974,0.95421701,0.24188949,0.41350981
6ooi_PGA_E_301,0.98413419,0.33762231,0.044449065,0.099708906,0.97022802,0.23037525,0.12410474
6ooi_PGA_F_301,0.99383737,0.68834598,0.035419264,0.095562797,0.5941182,0.23907535,0.2641098
6ooi_PGA_G_301,0,0.65622724,0.041670818,0.093194863,0.44508841,0.25025374,0.32642914
6ooi_PGA_H_302,0.98955924,0.65579391,0.040991425,0.099777015,0.92883191,0.24171087,0.40317844
6p9t_O5D_A_307,1.7834601e-05,0.65622792,0.041670673,0.09319488,0.44508911,0.25025352,0.32642712
6pk1_3PY_A_502,0.99504973,0.73788589,0.026943392,0.089114519,0.082156728,0.23511051,0.052070441
6pk1_PLP_B_501,0.9891685,0.23498355,0.044795417,0.09911104,0.93881311,0.22610721,0.010367014
6pmv_M16_B_803,0.96203394,0.74427749,0.025876234,0.088064697,2.5545968e-06,0.23488736,0.022237749
6pn9_OU7_A_803,0,0.65622724,0.041670818,0.093194863,0.44508841,0.25025374,0.32642914
6pn9_OU7_B_803,0.53555805,0.67673784,0.037324673,0.09370436,0.46603188,0.24366399,0.26564965
6pna_M16_B_803,0.81867137,0.6875804,0.03502716,0.093973696,0.47710327,0.24018043,0.23351964
6png_OSG_A_803,0.21349137,0.66440345,0.039938299,0.093397965,0.45343718,0.24762684,0.3022004
6png_OSG_B_801,0.44401434,0.67323193,0.038067566,0.093617271,0.46245198,0.24479038,0.27603878
6png_OSG_B_804,0.46300822,0.67395935,0.037913427,0.09363534,0.46319476,0.24455667,0.2738832
6po9_OS7_A_803,0.51958918,0.67595857,0.037450185,0.093689459,0.4654223,0.24384447,0.26722132
6po9_OS7_B_804,0.51958918,0.67595857,0.037450185,0.093689459,0.4654223,0.24384447,0.26722132
6ps7_ZMA_A_1201,0,0.96276576,0.031686685,0.087920654,2.6371419e-05,0.2567345,0.35702966
6pvi_OZ7_A_501,0,0.65622724,0.041670818,0.093194863,0.44508841,0.25025374,0.32642914
6q4b_HHN_A_301,0.99333107,0.98043184,0.02361736,0.08793149,0.036972606,0.23921723,0.0034727076
6q4k_HHW_A_301,0.98913197,0.9802355,0.023266238,0.088377027,0.00049452879,0.24353291,0.21333401
6q4k_HHW_A_302,0.96633229,0.97261115,0.02352448,0.088354605,5.9196144e-05,0.24357817,0.21096551
6q4r_HJ5_A_1009,0,0.65622724,0.041670818,0.093194863,0.44508841,0.25025374,0.32642914
6q4r_MLT_A_1041,0,0.69914478,0.034362623,0.08762812,0,0.24685364,0.14370337
6q4y_MAN_A_402,0.0028326016,0.68924348,0.036054207,0.088937101,0.10381571,0.24761934,0.18631209
6q4y_MAN_B_402,0.091252207,0.69892514,0.034327593,0.088256072,0.046564699,0.24607784,0.15145364
6qa7_HTW_A_901,0,0.65622724,0.041670818,0.093194863,0.44508841,0.25025374,0.32642914
6qa7_PLP_A_902,0.99308094,0.74328053,0.026022084,0.088398536,0.025386994,0.23469702,0.028823644
6qaw_HVE_A_402,0,0.035562051,0.055527027,0.098944228,0.99028299,0.23316685,0
6qdb_HWQ_A_1002,0,0.65803032,0,0.09316742,0.44277466,0.25028838,0.32665035
6qdb_HWQ_A_1003,0.98756333,0.74661802,0,0.088071459,7.572648e-09,0.23460242,0.019633661
6qdc_HXE_A_1003,0.95424498,0.74391231,0.025944903,0.088061133,1.6308105e-07,0.23498422,0.023220196
6qdc_HXE_A_1004,0.0014868794,0.65628419,0.041658751,0.093196277,0.44514656,0.25023545,0.3262604
6qde_HWW_A_502,0.51958918,0.67595857,0.037450185,0.093689459,0.4654223,0.24384447,0.26722132
6qde_HWW_A_503,0,0.65622724,0.041670818,0.093194863,0.44508841,0.25025374,0.32642914
6qni_GLC_A_402,0,0,0.041382717,0.088307247,3.0515154e-05,0.22923074,0
6qo4_97T_B_301,0.9439596,0,0.048928862,0.10018255,0.99763953,0.22067076,0.00094564925
6qol_JB5_A_301,0.99391945,0.74569824,0.025607813,0.088088958,0.00077986611,0.23449675,0.018533583
6qol_JB5_B_301,0.00073635277,0.69912031,0.034366222,0.087636145,0.00061054468,0.24684919,0.14386308
6qor_JBK_A_301,0.99854079,0.74514205,0.025699285,0.088191795,0.0087774616,0.23450096,0.021260068
6qor_JBK_B_301,0.99780293,0.74497572,0.025728327,0.088208626,0.010140233,0.23452066,0.021917243
6qot_6SD_A_301,0.99085635,0.19747454,0.0459613,0.099738933,0.9941742,0.22529694,0
6qot_6SD_B_301,0,0.033570098,0.055607548,0.098992098,0.99437303,0.23313794,0
6qqs_JCZ_A_301,0.53484623,0.67671057,0.037330449,0.093703683,0.46600404,0.24367274,0.26573043
6qqs_JCZ_B_301,0.92756935,0.74266026,0.02618032,0.088049106,6.3193828e-06,0.23531608,0.026590815
6qrn_RIP_A_500,0.026538018,0,0.056119484,0.099152399,0.97174706,0.23168501,0.05173119
6r0i_JNB_A_901,0.51958918,0.67595857,0.037450185,0.093689459,0.4654223,0.24384447,0.26722132
6r4j_GLU_A_704,0,0,0.050950005,0.095120857,0.64999217,0.23035013,0
6r5o_BGC_A_801,0,0,0.97183073,0.10279585,0.98725877,0.24898333,0.93359819
6r5o_BGC_A_802,0.0020964094,0.65630753,0.041653805,0.093196857,0.4451704,0.25022795,0.32619123
6r5o_BGC_B_801,0.99279429,0.74284748,0.026096396,0.088453091,0.029728356,0.23473408,0.030656603
6r5o_BGC_B_802,0.066333765,0.65876767,0.041132508,0.093257969,0.44768245,0.24943754,0.31890105
6r6i_H50_B_201,0.76088164,0.72029945,0.030138258,0.089868483,0.15044841,0.23855009,0.10990055
6r73_LMP_A_301,0.4420298,0,0.047810969,0.0960213,0.7039812,0.22541682,0
6r73_LMP_B_301,0.4420298,0,0.047810969,0.0960213,0.7039812,0.22541682,0
6r7w_CIT_A_406,0.96275909,0.73846794,0.026869511,0.088826585,0.060461382,0.23534478,0.04716838
6rbo_JXQ_A_302,0.77378289,0.94318625,0.025245576,0.087362331,0.00037822043,0.24070739,2.5258768e-06
6rbr_JXN_A_302,0.98075432,0.74330064,0.026028452,0.088314957,0.019195882,0.23480258,0.02781768
6rbx_JYT_A_301,0.98338246,0.97331559,0.032009107,0.093788763,0.57371739,0.24007259,0
6rgg_K3Q_A_401,0,0.69739533,0.034661905,0.087856115,0.018100136,0.24699328,0.1511945
6rgg_K3Q_A_402,0.00075329736,0.69911324,0.034367419,0.087637178,0.00069195418,0.24684961,0.14389463
6rgg_K3Q_A_403,0.51958918,0.67595857,0.037450185,0.093689459,0.4654223,0.24384447,0.26722132
6rgg_K3Q_B_401,0.034880406,0.69902592,0.034355204,0.087872698,0.01816007,0.24655988,0.14681529
6rgg_K3Q_B_402,0.51958918,0.67595857,0.037450185,0.093689459,0.4654223,0.24384447,0.26722132
6rgr_RM4_A_402,0.054839278,0.30823573,0.048277829,0.095863818,0.70274651,0.23939506,0.1183336
6rgr_RM4_A_403,0.22235516,0.68732061,0.036208496,0.090629479,0.23026258,0.24586433,0.21092787
6rhc_K48_A_305,0.9953123,0.96944913,0.039095698,0.10209723,0.9896873,0.25974862,0.98957485
6rlt_MLI_A_508,0.99526779,1,0.032498257,0.096392078,0.59734535,0.25268221,0.62911768
6rlt_MLI_B_511,0.96251104,1,0.034093075,0.097181968,0.66561134,0.25275708,0.63673615
6rlt_MLI_B_512,0.98949235,0.73308644,0.027768867,0.089703503,0.12911536,0.23554192,0.072206958
6rq3_OUC_A_401,0.028560803,0.65732105,0.041439042,0.093222034,0.44620531,0.24990231,0.32318783
6s23_KSW_A_403,0.20075418,0.99324105,0.029649182,0.086830883,0.013875394,0.24808676,0
6s23_KSW_B_402,0.21864376,0.97933453,0.029433218,0.086723251,6.1288765e-06,0.24757079,0
6s39_K5Z_A_301,1.0010585e-05,0.97379937,0.045989993,0.096978869,0.95771196,0.25157534,4.51464e-10
6s4h_KUQ_A_901,0.99250904,0.69217366,0.034765511,0.095055234,0.55387147,0.23878137,0.24762054
6s51_KVQ_A_901,0.92601743,0.18606627,0.046620127,0.099706472,0.99558929,0.22580013,3.1062005e-08
6s9g_L1Q_A_305,0.99700611,1,0.038240789,0.10168457,0.95528941,0.26040742,0.99433744
6s9g_L1Q_A_306,0.94764216,0.74339027,0.026039463,0.088085801,0.0021964177,0.2350833,0.024962836
6sds_L8N_A_302,0.98422833,0.19691173,0.046004257,0.099721115,0.99307996,0.22535714,0
6si4_LEK_A_402,0.94630379,0.19491258,0.046200685,0.099589814,0.98431142,0.22571927,0
6si4_LEK_B_402,0.95633218,0.7440093,0.02592665,0.088062201,9.7879364e-06,0.23495834,0.022960648
6sj8_44V_A_901,0,0,0.055612564,0.098441371,0.92708296,0.23089566,0
6sj8_44V_B_901,0.99360757,0,0.041721293,0.095388222,0.55474017,0.21931164,0
6sjs_THH_B_901,0.9801108,0,0.044459384,0.097245309,0.72588721,0.21976728,0
6sux_BEN_A_302,0.99755928,1,0.038856235,0.10212973,0.99563407,0.26049206,0.99528147
6svu_BEN_A_302,0.99585252,1,0.038844215,0.10210841,0.99395164,0.26050175,0.99496937
6sxr_KHP_A_507,0.98652342,0.22190565,0.044986926,0.099131325,0.94253946,0.22569617,0
6sxr_KHP_A_513,0,0.65622724,0.041670818,0.093194863,0.44508841,0.25025374,0.32642914
6syz_M1E_A_601,0.99781947,0.74494206,0.025734072,0.08821312,0.010496457,0.2345232,0.022062586
6sz3_M1H_B_601,0.00048584639,0.69433835,0.035184482,0.088257704,0.049964074,0.24723307,0.16432073
6szl_M3E_B_604,0.34560644,0.091564728,0.052209611,0.099232754,0.99260877,0.23041501,0
6szt_M4Q_B_601,0.037841621,0.65767649,0.041363726,0.093230863,0.44656824,0.24978812,0.32213457
6t02_M5E_A_601,0,0.69899068,0.034388984,0.087648202,0.0015942901,0.24686594,0.1443632
6t07_M45_B_601,0.00023881849,0.699139,0.034363422,0.087630442,0.00017573677,0.24685203,0.14374594
6t0a_M58_A_601,0.0026412827,0.69889467,0.034403307,0.087678062,0.0038696588,0.24685064,0.14497142
6t0a_M58_B_601,0.88004269,0.7404312,0.026599464,0.08802746,0,0.23590719,0.03258893
6t10_M6Z_A_601,0.99516666,0.21416905,0.045273315,0.099358121,0.9613588,0.22549476,0
6t5p_VD8_B_302,0,0.65622724,0.041670818,0.093194863,0.44508841,0.25025374,0.32642914
6t5p_VD8_C_302,0,0.65622724,0.041670818,0.093194863,0.44508841,0.25025374,0.32642914
6t5p_VD8_D_302,0.99554728,1,0.038808197,0.10206422,0.99169574,0.26040271,0.98988526
6t9c_MX8_A_501,0.51958918,0.67595857,0.037450185,0.093689459,0.4654223,0.24384447,0.26722132
6tbx_N0Z_A_302,0,0.41661029,0.039814076,0.089523351,0.1793629,0.23848605,0
6tbx_N0Z_D_302,0,0.69371954,0.035290731,0.088335159,0.056130628,0.24728669,0.16693424
6tfb_N6W_B_202,0.074752336,0.65909008,0.04106419,0.093265977,0.44801167,0.24933395,0.31794564
6tgi_N8Z_A_508,0.99346529,0.74393049,0.025910588,0.088316356,0.018848965,0.2346418,0.02606921
6tgi_N8Z_B_508,0.99641959,0.74405174,0.025887495,0.088319957,0.019028467,0.23460644,0.025770491
6tgl_LVP_B_201,0.98485135,0.74534801,0.025674944,0.088075044,1.9877009e-06,0.23460354,0.019356581
6to7_SUV_A_401,0,0.9844912,0.046493706,0.097396714,0.9977419,0.25187379,0
6to7_SUV_B_401,0,0.98395451,0.046493222,0.097393399,0.99734801,0.25186172,0
6tof_NQE_A_201,0.99410309,0.74578222,0.025593301,0.08807922,1.8441739e-07,0.23448845,0.018187708
6tog_NQH_A_201,0.97943118,0.20092021,0.045856846,0.099602099,0.98322104,0.22546478,0
6toj_NQQ_A_201,0.97418721,0.98904011,0.03036744,4.0445548e-34,0.45164225,0.24875925,0.43490691
6tol_NQW_A_201,0.51958918,0.67595857,0.037450185,0.093689459,0.4654223,0.24384447,0.26722132
6tor_PMP_B_504,0,0.67991802,0.037651788,0.090133828,0.19892391,0.24838833,0.22603231
6tot_NRK_A_401,0.51958918,0.67595857,0.037450185,0.093689459,0.4654223,0.24384447,0.26722132
6tot_NRK_B_401,0.51958918,0.67595857,0.037450185,0.093689459,0.4654223,0.24384447,0.26722132
6tt4_BMA_C_3,0,0.69914477,0.034362623,0.087628121,3.533859e-08,0.24685364,0.14370338
6tt4_FT8_A_709,0.51958918,0.67595857,0.037450185,0.093689459,0.4654223,0.24384447,0.26722132
6tt4_FT8_B_711,0.51958918,0.67595857,0.037450185,0.093689459,0.4654223,0.24384447,0.26722132
6u6c_P1T_B_502,0.97466412,0.69355455,0.033761252,0.094122098,0.48320351,0.23826102,0.21581631
6u6c_P1T_D_505,0.97175868,0.69344328,0.03378483,0.094119334,0.48308989,0.23829677,0.21614605
6u6c_P1T_H_504,0.93312254,0.69196361,0.034098369,0.094082578,0.48157899,0.23877217,0.22053079
6u6c_PZV_F_802,0.51958918,0.67595857,0.037450185,0.093689459,0.4654223,0.24384447,0.26722132
6ufd_Q6D_A_305,0.99286006,0.68890874,0.03532377,0.095483037,0.58782142,0.23903893,0.26162714
6uqd_QF4_A_501,0,0.91513294,0.037977856,0.09258716,0.37427023,0.25908121,0.4995761
6uqd_QF4_B_501,0,0.9267378,0.037816167,0.092560492,0.37116631,0.25946648,0.50713274
6urx_JMG_A_316,0.99728875,0.98789856,0.024857293,0.092071105,0.075619508,0.25846624,0.98906749
6uvj_QJ1_A_205,0.90871613,0.18948344,0.046534737,0.099542534,0.98269995,0.22602816,0
6uxr_K6G_B_202,0,0.65622724,0.041670818,0.093194863,0.44508841,0.25025374,0.32642914
6uzr_QM1_B_301,0.017598742,0.98665208,0.046293174,0.097387009,0.99557091,0.25172233,0
6v1e_5SW_A_301,0.98806437,0.69406775,0.033652507,0.094134847,0.48372754,0.23809614,0.21429554
6v8n_QS1_A_1704,0,0.99183913,0.045293462,0.096582606,0.92450931,0.2518979,0
6vlu_CIT_A_701,0.32936247,0.66884104,0.038997985,0.093508198,0.45796842,0.24620111,0.28905041
6vmz_NAG_A_402,0,0,0.042417192,0.089043974,0.067424982,0.22935177,0
6vmz_NAG_C_402,0,0,0.041391098,0.088313216,0.00057656782,0.22923172,0
6vmz_NAG_E_402,0,0,0.041382292,0.088306945,2.8668874e-06,0.22923069,0
6vmz_R3P_A_404,0.51958918,0.67595857,0.037450185,0.093689459,0.4654223,0.24384447,0.26722132
6vmz_R3P_C_404,1.4709773e-07,0.95983833,0.031714975,0.087917669,0,0.25663102,0.35479566
6vmz_R3P_E_403,0.51958918,0.67595857,0.037450185,0.093689459,0.4654223,0.24384447,0.26722132
6vo2_R67_A_403,0,0.85925299,0.033474832,0.088448833,0.04929356,0.25360021,0.30173808
6vo2_R67_B_403,0,0.92688462,0.0320381,0.087887814,0,0.25546923,0.32978829
6vv9_RQ1_A_202,0.51958918,0.67595857,0.037450185,0.093689459,0.4654223,0.24384447,0.26722132
6vv9_RQ1_B_304,0.51958918,0.67595857,0.037450185,0.093689459,0.4654223,0.24384447,0.26722132
6wdv_TWM_A_701,0.9648928,0.86864687,0.038871549,0.097969351,0.94020952,0.23871705,0
6wdw_TWV_A_701,0,0.91347871,0.041655213,0.093557784,0.63457327,0.24971754,0
6wiw_I14_A_601,0.97131085,0.69342613,0.033788464,0.094118908,0.48307238,0.23830228,0.21619687
6wiw_I14_B_601,0.95102656,0.67659206,0.034052201,0.094053804,0.48003369,0,0.20431954
6x9d_HYP_A_2002,0.97339818,0,0.048711235,0.10025544,0.9988529,0.22050037,0.0087431302
6x9d_HYP_B_2002,0.96682013,0,0.048762861,0.10021869,0.99912904,0.22040445,0
6xeb_V1P_A_411,0.51958918,0.67595857,0.037450185,0.093689459,0.4654223,0.24384447,0.26722132
6xim_XLS_A_397,0.99491317,0.74553911,0.025634247,0.088116224,0.0029086705,0.23450081,0.019289167
6xim_XLS_C_397,0,0.65622724,0.041670818,0.093194863,0.44508841,0.25025374,0.32642914
6xp1_T2C_A_401,0.9852694,0.20695018,0.045595297,0.099484798,0.97282158,0.22549207,0
6xu3_GAB_B_402,0.0051727137,0.69829984,0.034503052,0.087772209,0.011252634,0.24687611,0.1477074
6xu3_PLG_B_401,0,0.65622724,0.041670818,0.093194863,0.44508841,0.25025374,0.32642914
6xu3_PLG_C_401,0.98334706,0.69388709,0.033690789,0.094130359,0.48354306,0.23815418,0.2148309
6xu3_PLP_D_401,0,1,0.046991119,0.10102401,0.99131844,0.27125096,0.98538643
6xzx_O5H_B_302,0.97270403,0.67830964,0.037153018,0.096731973,0.6876984,0.24006019,0.30550829
6y4f_GLU_A_202,0.95041491,0.72330043,0.029474074,0.090722202,0.21139587,0.23666277,0.11119445
6y4z_TLA_D_301,0.99618235,0,0.048290003,0.10065914,0.97516837,0.22347785,0.17780734
6yaw_P9H_A_301,0,0.95287341,0.037452022,0.092500434,0.36417589,0.26033414,0.52415123
6yaw_P9H_B_502,0,0.96220098,0.037322062,0.092478999,0.36168107,0.2606438,0.53022498
6ypv_AKG_A_302,0.99691914,0.29539044,0.042951491,0.098202839,0.85743381,0.22735136,0.029032794
6yta_IYZ_A_702,0.98236373,0.65735093,0.040730788,0.09952684,0.90923012,0.24164914,0.39597433
6zac_QDE_A_4000,0,0.65622724,0.041670818,0.093194863,0.44508841,0.25025374,0.32642914
6zi7_QR8_A_502,0,0.92625916,0.037822836,0.092561592,0.37129433,0.25945059,0.50682106
6zi7_QR8_B_502,0.54062285,0.92592633,0.033729092,0.093133578,0.39874077,0.25210221,0.43212045
6zi7_QR8_C_502,0.54049842,0.92444065,0.03375073,0.09313685,0.39913118,0.25205447,0.43116797
6zi7_QR8_D_502,0.53859331,0.90169411,0.034082031,0.093186953,0.4051086,0.25132357,0.41658506
6zi7_QR8_F_503,0.53978812,0.91595984,0.033874252,0.09315553,0.4013598,0.25178196,0.42573089
6zi7_RAM_D_503,0.007081322,0.65649844,0.041613352,0.093201599,0.44536534,0.25016661,0.3256255
6zjw_GAL_A_1101,0.99808136,0.74441672,0.025823736,0.088283306,0.016058939,0.23456286,0.024331672
6zjw_GAL_A_1102,0.080685273,0.99699921,0.030391394,0.086566546,0.00020239148,0.24953745,0.0039612279
6zug_QPW_H_1001,0.51958918,0.67595857,0.037450185,0.093689459,0.4654223,0.24384447,0.26722132
7a2h_QX2_A_401,0,0.9754679,0.031327688,0.086578055,0.0031100341,0.25008852,0.0099326878
7ak3_RH8_A_501,0,0.65622724,0.041670818,0.093194863,0.44508841,0.25025374,0.32642914
7bp1_CAQ_C_401,0.99441545,0.99556071,0.038286046,0.099070393,0.99411729,0.24483908,0.1892896
7bp1_CAQ_D_401,0.98569628,0.99593816,0.023713717,0.091242806,0,0.25875618,0.99569098
7bqu_EF2_A_501,0.78958698,0.68646654,0.035263185,0.093946027,0.4759659,0.2405383,0.23682038
7bzm_GIM_A_501,0.99316825,0.84724148,0.038172245,0.097547481,0.89535569,0.23787251,0
7bzm_GIM_B_501,0,0.8692706,0.046307438,0.096626267,0.90780873,0.24927194,0
7c7g_FJR_A_402,0.99076541,0.7454602,0.025651045,0.088099265,0.0017118082,0.23454317,0.019317516
7c7g_FJR_B_402,0.99153711,0.74529888,0.025678029,0.088125358,0.0037554411,0.23454934,0.020065883
7cwd_GAL_A_902,0.92003339,0.44292045,0.029221744,0.088433722,4.5540684e-06,0.228517,0.00064360178
7cwd_GLC_A_901,0,0.6977932,0.03459384,0.087804263,0.013983677,0.24696153,0.14949081
7est_0Z2_E_1,0.97246926,0.69347049,0.033779064,0.09412001,0.48311768,0.23828803,0.2160654
7jo3_VGS_A_302,0.98560844,1,0.038904394,0.10207712,0.99243681,0.26058982,0.99384505
7joc_ARZ_A_302,0.98923768,0.2123099,0.045366542,0.099374761,0.96316359,0.22552893,0
7kje_NRD_A_405,0,0.65622724,0.041670818,0.093194863,0.44508841,0.25025374,0.32642914
7kjg_BTM_A_406,0.98037926,0.97567133,0.023203094,0.087509718,0,0.23912511,0
8cpp_TCM_A_422,0.078946401,0.99610981,0.031081938,0.087028627,0.043855689,0.24953949,0
8icd_ICT_A_418,0.86263823,0.7377534,1.034521e-17,0.088409827,0.03138311,0.23639907,0.04840517
