PDB_CCD_ID,surfdock,unimol,diffdock,diffdock_l,gnina,autodock,smina
19gs_BSP_A_210,0.47874472,0.98557239,0.17179587,0.12015006,0.47851898,0.089905851,0.21480035
19gs_BSP_B_210,0.47873746,0.98854669,0.17178438,0.12019483,0.47851146,0.089939712,0.21480987
1a49_OXL_D_2333,0.63176825,0.64193933,0.058401444,0.12542688,0.29733457,0.086301076,2.9561683e-05
1a49_OXL_F_4133,0.47902395,0.87115368,0.17223786,0.11842759,0.47880839,0.088603246,0.2144339
1a59_CIT_A_379,0.47886289,0.93714712,0.17198293,0.11942106,0.47864147,0.089354551,0.21464526
1ac4_TMT_A_296,0.47875401,0.98176216,0.17181058,0.1200927,0.47852862,0.089862473,0.21478814
1aer_TIA_B_700,0.48114995,0,0.17560311,0.10531321,0.48101184,0.078685557,0.2116439
1aia_PMP_A_411,0.48114995,0,0.17560311,0.10531321,0.48101184,0.078685557,0.2116439
1aia_PMP_B_411,0.48114995,0,0.17560311,0.10531321,0.48101184,0.078685557,0.2116439
1aiq_CB3_A_266,0.48114995,0,0.17560311,0.10531321,0.48101184,0.078685557,0.2116439
1aiq_UMP_B_266,0.48114995,0,0.17560311,0.10531321,0.48101184,0.078685557,0.2116439
1aj8_CIT_B_2000,0.47884563,0.94422312,0.1719556,0.11952758,0.47862357,0.089435108,0.21466792
1ajs_PLA_A_415,0.47880573,0.96056931,0.17189245,0.11977366,0.47858223,0.089621202,0.21472027
1amq_PMP_A_413,0.48114995,0,0.17560311,0.10531321,0.48101184,0.078685557,0.2116439
1anc_BEN_A_290,0.47878689,0.96829228,0.17186262,0.11988992,0.47856269,0.089709125,0.214745
1aog_MAE_A_500,0.48114995,0,0.17560311,0.10531321,0.48101184,0.078685557,0.2116439
1aog_MAE_A_501,0.47896183,0.89660671,0.17213954,0.11881076,0.47874401,0.088893017,0.21451542
1aua_BOG_A_2,0.48114995,0,0.17560311,0.10531321,0.48101184,0.078685557,0.2116439
1axg_ETF_A_404,0.47882681,0.95193289,0.17192581,0.11964364,0.47860407,0.08952288,0.21469261
1axg_ETF_B_404,0.4787474,0.98447323,0.17180011,0.12013351,0.47852176,0.089893337,0.21479683
1axg_ETF_C_404,0.47880111,0.96246439,0.17188513,0.11980219,0.47857743,0.089642777,0.21472634
1axg_ETF_D_404,0.47878007,0.97108532,0.17185183,0.11993197,0.47855563,0.089740922,0.21475395
1bcs_ARG_A_426,0.48114995,0,0.17560311,0.10531321,0.48101184,0.078685557,0.2116439
1bit_BEN_A_246,0.47884796,0.94326616,0.17195929,0.11951318,0.47862599,0.089424214,0.21466485
1bit_BEN_A_247,0.63178934,0.64193902,0.058385551,0.12542833,0.29730936,0.086301115,1.7893769e-07
1bo8_U_A_318,0.48114995,0,0.17560311,0.10531321,0.48101184,0.078685557,0.2116439
1bqp_MAN_B_401,0.47879899,0.96333196,0.17188178,0.11981525,0.47857524,0.089652654,0.21472912
1bqp_MAN_C_402,0.47877773,0.97204432,0.17184812,0.1199464,0.4785532,0.08975184,0.21475702
1c3s_SHH_A_952,0.47894606,0.90306974,0.17211457,0.11890806,0.47872766,0.088966596,0.21453612
1c9c_PP3_A_413,0.48114995,0,0.17560311,0.10531321,0.48101184,0.078685557,0.2116439
1ca7_ENO_B_601,0.47364432,0.95974611,0.17382617,0.11677411,0.47096683,0.98667335,0.21314103
1cdk_MYR_A_403,0.48114995,0,0.17560311,0.10531321,0.48101184,0.078685557,0.2116439
1cdk_MYR_B_403,0.47900207,0.88011681,0.17220324,0.11856252,0.47878572,0.088705287,0.21446261
1cgk_NAR_A_390,0.48114995,0,0.17560311,0.10531321,0.48101184,0.078685557,0.2116439
1cib_HDA_A_437,0.47887908,0.93051469,0.17200855,0.11932121,0.47865824,0.089279044,0.21462402
1cib_IMP_A_440,0.48114995,0,0.17560311,0.10531321,0.48101184,0.078685557,0.2116439
1ck6_SHA_A_900,0.41691006,0.98775244,0.14342539,0.0061187563,3.130899e-07,0.091900317,0
1cq1_BGC_A_455,0.47878607,0.96862762,0.17186132,0.11989497,0.47856184,0.089712942,0.21474608
1cq1_BGC_B_455,0.47884428,0.94477314,0.17195347,0.11953586,0.47862218,0.08944137,0.21466968
1d3g_ORO_A_399,0.48114995,0,0.17560311,0.10531321,0.48101184,0.078685557,0.2116439
1d6u_HY1_A_2001,0.47871763,0.99667157,0.17175299,0.12031714,0.47849091,0.09003221,0.21483589
1d6u_HY1_B_3001,0.47871893,0.99613863,0.17175505,0.12030912,0.47849226,0.090026143,0.21483419
1d6u_PEA_A_2003,0.4787712,0.97472167,0.17183778,0.11998671,0.47854643,0.08978232,0.21476559
1d7a_AIR_A_300,0.47880236,0.96195378,0.1718871,0.1197945,0.47857872,0.089636964,0.2147247
1d7a_AIR_C_400,0.47889069,0.9257566,0.17202693,0.11924959,0.47867028,0.089224875,0.21460878
1d7a_AIR_D_450,0.478922,0.91292722,0.17207649,0.11905645,0.47870273,0.089078818,0.21456769
1daf_DSD_A_225,0.47874107,0.98706643,0.17179009,0.12017255,0.4785152,0.08992286,0.21480513
1dai_DSD_A_225,0.478741,0.98709623,0.17178998,0.120173,0.47851513,0.089923199,0.21480523
1diw_GAL_A_1400,0.47877347,0.97379023,0.17184138,0.11997269,0.47854878,0.089771716,0.21476261
1dna_CB3_A_601,0.48114995,0,0.17560311,0.10531321,0.48101184,0.078685557,0.2116439
1dna_CB3_B_602,0.39147618,0.63908281,0.2143886,0,0.40314237,0.08648569,0.21602979
1dpm_EBP_A_901,0.47876311,0.9780366,0.17182498,0.12003661,0.47853804,0.089820059,0.21477621
1dpm_EBP_B_902,0.47890968,0.91797723,0.17205698,0.11913247,0.47868996,0.089136311,0.21458386
1dpm_EBP_B_903,0.47876025,0.97920817,0.17182045,0.12005425,0.47853508,0.089833397,0.21477996
1dxy_COI_A_404,0.47884234,0.94556853,0.1719504,0.11954784,0.47862017,0.089450425,0.21467223
1dy3_87Y_A_201,0.47876402,0.97766173,0.17182642,0.12003097,0.47853899,0.089815791,0.21477501
1e26_GPB_A_208,0.4787493,0.98369541,0.17180312,0.1201218,0.47852373,0.089884482,0.21479433
1e2j_THM_A_500,0.48114995,0,0.17560311,0.10531321,0.48101184,0.078685557,0.2116439
1e2j_THM_B_500,0.48114995,0,0.17560311,0.10531321,0.48101184,0.078685557,0.2116439
1e48_13P_P_302,0.48114995,0,0.17560311,0.10531321,0.48101184,0.078685557,0.2116439
1e5f_PLP_A_405,0.48114995,0,0.17560311,0.10531321,0.48101184,0.078685557,0.2116439
1e5f_PLP_B_405,0.48114995,0,0.17560311,0.10531321,0.48101184,0.078685557,0.2116439
1e7h_PLM_A_1001,0.47876958,0.97538283,0.17183523,0.11999666,0.47854476,0.089789847,0.21476771
1e7h_PLM_A_1007,0.47878378,0.96956467,0.1718577,0.11990907,0.47855947,0.08972361,0.21474908
1e8g_FCR_B_601,0.47876809,0.97599423,0.17183287,0.12000587,0.47854321,0.089796808,0.21476967
1ei6_PPF_A_410,0.47911608,0.83340009,0.1723837,0.11785925,0.47890388,0.088173438,0.21431299
1ei6_PPF_C_413,0.47906164,0.85570918,0.17229752,0.11819509,0.47884745,0.088427417,0.21438444
1ei6_PPF_D_412,0.47898931,0.88534888,0.17218303,0.11864129,0.47877248,0.088764852,0.21447936
1eow_U2G_A_130,0.48114995,0,0.17560311,0.10531321,0.48101184,0.078685557,0.2116439
1eyw_PEL_A_404,0.4787886,0.96758981,0.17186533,0.11987934,0.47856447,0.089701127,0.21474275
1eyw_TEN_A_403,0.48114995,0,0.17560311,0.10531321,0.48101184,0.078685557,0.2116439
1fdk_GLE_A_150,0.48114995,0,0.17560311,0.10531321,0.48101184,0.078685557,0.2116439
1fds_EST_A_350,0.47912186,0.83103234,0.17239285,0.1178236,0.47890987,0.088146483,0.21430541
1fhv_OSB_A_789,0.47884405,0.94487042,0.1719531,0.11953733,0.47862193,0.089442477,0.21466999
1fk1_DAO_A_201,0.47878185,0.97035544,0.17185465,0.11992098,0.47855747,0.089732613,0.21475161
1foi_14W_A_810,0.47872073,0.99540042,0.1717579,0.12029801,0.47849412,0.090017738,0.21483182
1foi_14W_B_810,0.47872654,0.99301916,0.1717671,0.12026216,0.47850015,0.089990629,0.21482419
1fp2_HMO_A_2000,0.47890228,0.92100725,0.17204528,0.11917809,0.47868229,0.089170806,0.21459357
1fqo_F6R_A_1268,0.47986472,0.64220309,0.17301397,0.1151533,0.47980311,0.037040356,0.21378843
1fqo_F6R_B_2268,0.47883564,0.94831394,0.17193979,0.11958916,0.47861322,0.08948168,0.21468102
1fs5_16G_A_1267,0.47877169,0.97451995,0.17183856,0.11998367,0.47854694,0.089780024,0.21476495
1fs5_16G_B_2267,0.48114995,0,0.17560311,0.10531321,0.48101184,0.078685557,0.2116439
1fsa_F6P_B_338,0.47877624,0.97265526,0.17184576,0.1199556,0.47855166,0.089758795,0.21475898
1fuq_CIT_B_1002,0.47879021,0.9669304,0.17186788,0.11986942,0.47856614,0.08969362,0.21474064
1fuy_FIP_A_269,0.47876829,0.97591356,0.17183318,0.12000465,0.47854341,0.089795889,0.21476941
1fwn_PEP_A_1268,0.47877671,0.97246389,0.1718465,0.11995272,0.47855214,0.089756616,0.21475836
1g4s_TPS_A_2001,0.47875014,0.9833517,0.17180444,0.12011662,0.4785246,0.089880569,0.21479323
1g6n_CMP_A_621,0.47871995,0.99572185,0.17175666,0.12030285,0.47849331,0.090021398,0.21483285
1g6n_CMP_B_622,0.47872796,0.99243928,0.17176934,0.12025343,0.47850161,0.089984027,0.21482234
1g6t_S3P_A_601,0.47880278,0.96177999,0.17188777,0.11979188,0.47857916,0.089634985,0.21472415
1g72_PQQ_A_701,0.48114995,0,0.17560311,0.10531321,0.48101184,0.078685557,0.2116439
1g72_PQQ_C_703,0.39147618,0.63908281,0.2143886,0,0.40314237,0.08648569,0.21602979
1g79_PLP_A_260,0.6324783,0.90095242,1.9076807e-08,0.16384995,0.46470128,0.088599797,0.12891099
1g79_PLP_A_270,3.2833526e-06,0.002583767,0.42692371,0,0.43412009,0.080048064,0.407883
1g8z_GAL_F_104,0.47876659,0.97660964,0.17183049,0.12001513,0.47854165,0.089803814,0.21477164
1g8z_GAL_G_104,0.47880916,0.95916607,0.17189787,0.11975253,0.47858577,0.089605227,0.21471578
1g8z_GAL_H_104,0.47880399,0.96128231,0.1718897,0.11978439,0.47858042,0.089629319,0.21472255
1gck_PLP_A_413,0.48114995,0,0.17560311,0.10531321,0.48101184,0.078685557,0.2116439
1gck_PLP_B_913,0.48114995,0,0.17560311,0.10531321,0.48101184,0.078685557,0.2116439
1gij_2PU_A_501,0.48114995,0,0.17560311,0.10531321,0.48101184,0.078685557,0.2116439
1gim_HDA_A_438,0.4788287,0.95115893,0.1719288,0.11963199,0.47860603,0.089514069,0.21469013
1gim_IMP_A_440,0.48114995,0,0.17560311,0.10531321,0.48101184,0.078685557,0.2116439
1giu_ADE_A_300,0.47979328,0.64268648,0.17303908,0.11511768,0.47969834,0.049243801,0.21376812
1gkc_NFH_A_1448,0.63205564,0.97566059,0,0.16490364,0.46453149,0.089450862,0.12928272
1gkc_NFH_B_1449,0.4788596,0.93849705,0.17197772,0.11944138,0.47863805,0.089369919,0.21464958
1gsi_TMP_A_1210,0.48114995,0,0.17560311,0.10531321,0.48101184,0.078685557,0.2116439
1gsq_GDN_A_203,0.47882153,0.95409597,0.17191746,0.11967621,0.4785986,0.089547506,0.21469954
1gxu_2HP_A_1092,0.47961502,0.62895653,0.17317346,0.11478154,0.47942099,0.085845941,0.21365823
1gz5_G6P_A_901,0.47876129,0.97877921,0.17182211,0.12004779,0.47853617,0.089828514,0.21477859
1gz5_G6P_C_901,0.47880762,0.95979779,0.17189543,0.11976204,0.47858418,0.089612419,0.2147178
1gz5_G6P_D_901,0.47876931,0.97549452,0.1718348,0.11999834,0.47854447,0.089791119,0.21476807
1gz5_UDP_C_900,0.47881714,0.95589697,0.1719105,0.11970332,0.47859404,0.08956801,0.21470531
1h0v_UN4_A_1299,0.47887122,0.93373407,0.17199612,0.11936968,0.4786501,0.089315695,0.21463433
1h18_DTL_A_9009,0.48114995,0,0.17560311,0.10531321,0.48101184,0.078685557,0.2116439
1h18_DTL_A_9010,0.48114995,0,0.17560311,0.10531321,0.48101184,0.078685557,0.2116439
1h18_DTL_B_9009,0.54589287,0,0,0.0339985,2.0181051e-06,0.080267112,0
1h18_DTL_B_9010,0.48114995,0,0.17560311,0.10531321,0.48101184,0.078685557,0.2116439
1h18_PYR_B_1001,0.48114995,0,0.17560311,0.10531321,0.48101184,0.078685557,0.2116439
1h1i_QUE_A_1358,0.47872568,0.99337223,0.17176573,0.12026747,0.47849925,0.089994648,0.21482533
1h1i_QUE_C_1358,0.48114995,0,0.17560311,0.10531321,0.48101184,0.078685557,0.2116439
1h1i_QUE_D_1357,0.48114995,0,0.17560311,0.10531321,0.48101184,0.078685557,0.2116439
1h1m_KMP_A_1360,0.47873796,0.98834119,0.17178517,0.12019174,0.47851198,0.089937372,0.21480921
1h1m_KMP_B_1358,0.47873346,0.99018301,0.17177805,0.12021946,0.47850732,0.089958341,0.21481511
1h1m_KMP_C_1358,0.47873947,0.98772055,0.17178757,0.12018239,0.47851355,0.089930307,0.21480723
1h48_C5P_B_901,0.47882353,0.95327625,0.17192062,0.11966387,0.47860067,0.089538174,0.21469691
1h48_C5P_C_901,0.47877788,0.97198425,0.17184836,0.1199455,0.47855335,0.089751156,0.21475683
1h48_C5P_D_204,0.47888114,0.92967262,0.1720118,0.11930854,0.47866037,0.089269457,0.21462132
1h48_C5P_E_901,0.4788257,0.95238654,0.17192406,0.11965047,0.47860292,0.089528045,0.21469406
1h48_CDI_A_201,0.48114995,0,0.17560311,0.10531321,0.48101184,0.078685557,0.2116439
1h48_CDI_D_201,0.47890924,0.91815537,0.1720563,0.11913516,0.4786895,0.089138339,0.21458443
1h48_CDI_E_902,0.47877204,0.97437693,0.17183911,0.11998152,0.4785473,0.089778396,0.21476449
1h48_CDI_F_902,0,0,0.4926186,0.070814436,0.99193123,0.077930048,0.69523681
1h48_GPP_C_904,0.48102534,0.051061276,0.17540586,0.10608188,0.48088269,0.079266866,0.21180744
1h48_GPP_E_904,0.47911374,0.83435966,0.17238,0.11787369,0.47890145,0.088184363,0.21431606
1h5r_G1P_A_1294,0.47996518,0.4854717,0.17372774,0.11262152,0.47978391,0.084212432,0.2131987
1h5r_G1P_B_1294,0.47884701,0.94365805,0.17195778,0.11951907,0.478625,0.089428675,0.21466611
1h5r_G1P_C_1294,0.47877604,0.97273598,0.17184545,0.11995682,0.47855145,0.089759714,0.21475924
1h5r_G1P_D_1294,0.48114995,0,0.17560311,0.10531321,0.48101184,0.078685557,0.2116439
1h5r_THM_A_1293,0.49140881,0,0.18031573,0.12424882,0.56096788,0.078358551,0.24949744
1h5r_THM_B_1293,0.48114995,0,0.17560311,0.10531321,0.48101184,0.078685557,0.2116439
1h5r_THM_C_1292,0.44048853,0,0.15699945,0.030370984,0.16647514,0.079979539,0.061910442
1h5r_THM_C_1293,0.48114995,0,0.17560311,0.10531321,0.48101184,0.078685557,0.2116439
1h5r_THM_D_1292,0.48114995,0,0.17560311,0.10531321,0.48101184,0.078685557,0.2116439
1h5r_THM_D_1293,0.48114995,0,0.17560311,0.10531321,0.48101184,0.078685557,0.2116439
1h69_ARH_A_1275,0.48114995,0,0.17560311,0.10531321,0.48101184,0.078685557,0.2116439
1h69_ARH_B_1275,0.48114995,0,0.17560311,0.10531321,0.48101184,0.078685557,0.2116439
1h69_ARH_C_1275,0.48114995,0,0.17560311,0.10531321,0.48101184,0.078685557,0.2116439
1h70_CIR_A_500,0.48114995,0,0.17560311,0.10531321,0.48101184,0.078685557,0.2116439
1h7q_TYD_A_1258,0.48114995,0,0.17560311,0.10531321,0.48101184,0.078685557,0.2116439
1h82_GZZ_B_590,0.47880527,0.96076084,0.17189171,0.11977654,0.47858174,0.089623382,0.21472088
1h82_GZZ_C_590,0.47882297,0.95350798,0.17191973,0.11966736,0.47860009,0.089540812,0.21469765
1h8p_PC_A_1111,0.47894053,0.90533677,0.17210581,0.11894218,0.47872193,0.088992405,0.21454338
1h8p_PC_B_1111,0.47886704,0.9354496,0.17198949,0.1193955,0.47864576,0.089335226,0.21463982
1hdi_3PG_A_419,0.47882462,0.95282995,0.17192235,0.11965715,0.4786018,0.089533093,0.21469548
1hkn_N2M_C_4138,0.47875125,0.98289347,0.17180621,0.12010973,0.47852576,0.089875352,0.21479177
1ho5_ADN_A_1604,0.47884161,0.94587035,0.17194923,0.11955238,0.4786194,0.089453861,0.21467319
1ho5_ADN_B_2604,0.47876104,0.97888497,0.1718217,0.12004938,0.4785359,0.089829718,0.21477893
1hot_16G_A_269,0.47876733,0.97630555,0.17183166,0.12001055,0.47854242,0.089800352,0.21477067
1hot_16G_B_271,0.47878652,0.968443,0.17186204,0.11989219,0.47856231,0.08971084,0.21474549
1hq2_PH2_A_181,0.47879939,0.96316756,0.17188241,0.11981277,0.47857565,0.089650782,0.21472859
1hsb_ALA_A_1001,0.48114992,1.1247562e-05,0.17560306,0.10531338,0.48101181,0.078685685,0.21164394
1hsr_BHO_A_800,0.47872931,0.99188539,0.17177148,0.12024509,0.47850302,0.089977721,0.21482056
1i8a_BGC_A_189,0.47895414,0.89975852,0.17212736,0.11885821,0.47873604,0.088928899,0.21452551
1ia1_TQ3_A_194,0.48114995,0,0.17560311,0.10531321,0.48101184,0.078685557,0.2116439
1ia1_TQ3_B_196,0.47878916,0.96735884,0.17186622,0.11987587,0.47856505,0.089698498,0.21474201
1if4_FBS_A_555,0.99666889,0.98795365,0,0.99561912,0.99503764,0.08609492,0
1ij8_BNI_A_501,0.47881904,0.95511663,0.17191352,0.11969157,0.47859602,0.089559126,0.21470281
1iki_DAL_A_500,0.48114995,0,0.17560311,0.10531321,0.48101184,0.078685557,0.2116439
1iri_E4P_A_601,0.39147618,0.63908281,0.2143886,4.3296366e-105,0.40314237,0.08648569,0.21602979
1iri_E4P_C_603,0.47880511,0.96082443,0.17189147,0.1197775,0.47858158,0.089624106,0.21472109
1iri_E4P_D_604,0.47877744,0.97216147,0.17184767,0.11994817,0.4785529,0.089753174,0.2147574
1isx_XYP_A_1461,0.032025759,0.96506034,0.40776858,0,0.43016004,0.090940045,0.39699112
1itw_ICT_A_743,0.47888361,0.92865869,0.17201572,0.11929327,0.47866294,0.089257914,0.21461807
1itw_ICT_C_743,0.47911665,0.83316803,0.1723846,0.11785575,0.47890447,0.088170796,0.21431225
1iwe_IMP_A_460,0.48114995,0,0.17560311,0.10531321,0.48101184,0.078685557,0.2116439
1iwe_IMP_B_1443,0.48114995,0,0.17560311,0.10531321,0.48101184,0.078685557,0.2116439
1iwe_IMP_B_1452,0.48114995,0,0.17560311,0.10531321,0.48101184,0.078685557,0.2116439
1ixo_G3P_A_1001,0.48114995,0,0.17560311,0.10531321,0.48101184,0.078685557,0.2116439
1ixo_G3P_D_1004,0.48114995,0,0.17560311,0.10531321,0.48101184,0.078685557,0.2116439
1j0n_CEG_A_780,0.48114995,0,0.17560311,0.10531321,0.48101184,0.078685557,0.2116439
1j0y_BGC_A_1601,0.47877232,0.97425925,0.17183957,0.11997975,0.4785476,0.089777056,0.21476411
1j0y_BGC_B_2601,0.47875234,0.98244992,0.17180793,0.12010305,0.47852688,0.089870303,0.21479035
1j0y_BGC_C_3601,0.47876399,0.97767278,0.17182638,0.12003113,0.47853896,0.089815917,0.21477505
1j0y_BGC_D_4601,0.47875424,0.9816682,0.17181095,0.12009128,0.47852886,0.089861403,0.21478784
1j3i_UMP_C_611,0.48114995,0,0.17560311,0.10531321,0.48101184,0.078685557,0.2116439
1j3i_WRA_A_609,0.47873353,0.99015522,0.17177816,0.12021905,0.47850739,0.089958024,0.21481502
1j3i_WRA_B_709,0.47872196,0.99489507,0.17175985,0.1202904,0.4784954,0.090011985,0.2148302
1j3k_UMP_C_611,0.48114995,0,0.17560311,0.10531321,0.48101184,0.078685557,0.2116439
1j3k_UMP_D_711,0.48114995,0,0.17560311,0.10531321,0.48101184,0.078685557,0.2116439
1j3k_WRA_A_609,0.47872554,0.9934278,0.17176552,0.12026831,0.47849911,0.089995281,0.2148255
1j3k_WRA_B_709,0.4787201,0.99566085,0.17175689,0.12030193,0.47849347,0.090020703,0.21483266
1j54_TMP_A_2000,0.48114995,0,0.17560311,0.10531321,0.48101184,0.078685557,0.2116439
1ja9_PYQ_A_406,0.47878054,0.97089405,0.17185257,0.11992909,0.47855611,0.089738745,0.21475334
1jf0_CZH_A_197,0.4787294,0.99184997,0.17177162,0.12024456,0.47850311,0.089977318,0.21482045
1jho_NIO_A_991,0.47872186,0.99493667,0.17175969,0.12029103,0.4784953,0.090012459,0.21483034
1jho_RMB_A_990,0.48114995,0,0.17560311,0.10531321,0.48101184,0.078685557,0.2116439
1jhv_NIO_A_991,0.48008156,0.64073588,0.17293777,0.11526142,0.48012109,0,0.21385009
1jhv_PCR_A_990,0.47872168,0.99501148,0.1717594,0.12029215,0.47849511,0.09001331,0.21483058
1jl0_PUT_B_401,0.47889825,0.92266115,0.17203889,0.11920299,0.47867811,0.089189635,0.21459886
1jla_TNK_A_999,0.48114995,0,0.17560311,0.10531321,0.48101184,0.078685557,0.2116439
1jtk_THU_A_138,0.47881767,0.95567749,0.17191135,0.11970002,0.4785946,0.089565511,0.2147046
1jtk_THU_B_1138,0.47880159,0.96226708,0.17188589,0.11979922,0.47857793,0.08964053,0.21472571
1jw0_GUA_B_999,0.47897862,0.88972707,0.17216611,0.1187072,0.47876141,0.088814695,0.21449339
1jyw_147_C_2001,0.47878622,0.96856532,0.17186156,0.11989403,0.478562,0.089712233,0.21474588
1jyx_IPT_A_2001,0.47877178,0.97448388,0.1718387,0.11998313,0.47854703,0.089779613,0.21476483
1jyx_IPT_A_2002,0.47877218,0.97431897,0.17183934,0.11998065,0.47854745,0.089777736,0.2147643
1jyx_IPT_B_2001,0.6321166,0.96488624,0,0.16475167,0.46455598,0.089328122,0.12922911
1jyx_IPT_C_2001,0.47875074,0.98310258,0.17180541,0.12011287,0.47852523,0.089877733,0.21479244
1jyx_IPT_D_2001,0.47881494,0.9567982,0.17190702,0.11971689,0.47859176,0.08957827,0.21470819
1jyx_IPT_D_2002,0.47879222,0.96610554,0.17187107,0.119857,0.47856822,0.08968423,0.214738
1k8z_IAG_A_501,0.47880162,0.96225639,0.17188593,0.11979906,0.47857796,0.089640409,0.21472567
1kae_HSO_A_1001,0.48114995,0,0.17560311,0.10531321,0.48101184,0.078685557,0.2116439
1kar_HSM_A_502,0.48114995,0,0.17560311,0.10531321,0.48101184,0.078685557,0.2116439
1kar_HSM_B_503,0.47878038,0.97095689,0.17185232,0.11993003,0.47855595,0.08973946,0.21475354
1kbq_936_A_703,0.47875389,0.98181182,0.17181039,0.12009344,0.4785285,0.089863038,0.2147883
1kbq_936_B_704,0.47874566,0.98518428,0.17179736,0.12014421,0.47851997,0.089901432,0.2147991
1kbq_936_D_702,0.47873456,0.98973226,0.1717798,0.12021268,0.47850846,0.089953209,0.21481367
1kdo_C_A_5407,0.47876544,0.97707829,0.17182868,0.12002218,0.47854047,0.089809149,0.21477314
1kdo_C_B_6407,0.4787935,0.96558044,0.17187309,0.1198491,0.47856955,0.089678251,0.21473632
1kfc_IPL_A_674,0.47883336,0.94924874,0.17193618,0.11960324,0.47861086,0.089492323,0.21468401
1ki2_GA2_B_2,0.48114995,0,0.17560311,0.10531321,0.48101184,0.078685557,0.2116439
1km6_OMP_A_2001,0.48114995,0,0.17560311,0.10531321,0.48101184,0.078685557,0.2116439
1knu_YPA_A_1001,0.4793769,0.72652695,0.17279655,0.11625037,0.4791742,0.086956736,0.21397071
1kuj_MMA_C_502,0.47883291,0.94943352,0.17193547,0.11960602,0.47861039,0.089494426,0.21468461
1kuj_MMA_E_503,0.47880588,0.96051019,0.17189268,0.11977277,0.47858237,0.089620529,0.21472008
1kuj_MMA_G_504,0.47879291,0.96582449,0.17187215,0.11985277,0.47856893,0.08968103,0.2147371
1kwc_BPY_B_401,0.47873107,0.99116452,0.17177426,0.12023424,0.47850484,0.089969515,0.21481826
1kwu_MMA_A_501,0.47882308,0.95346127,0.17191991,0.11966665,0.4786002,0.08954028,0.2146975
1kwu_MMA_B_601,0.47887244,0.93323504,0.17199804,0.11936217,0.47865136,0.089310014,0.21463273
1kwu_MMA_C_701,0.47887054,0.93401632,0.17199503,0.11937393,0.47864939,0.089318908,0.21463523
1kya_XYD_B_612,0.47876989,0.9752551,0.17183572,0.11999474,0.47854508,0.089788393,0.2147673
1l4f_NCN_A_991,0.47872956,0.99178363,0.17177187,0.12024356,0.47850327,0.089976563,0.21482024
1l4n_NIO_A_991,0.47872169,0.99500638,0.17175942,0.12029207,0.47849512,0.090013252,0.21483056
1l5o_2MP_A_990,0.47872491,0.99368906,0.17176451,0.12027224,0.47849845,0.089998255,0.21482634
1l5o_NCN_A_991,0.47872645,0.9930576,0.17176695,0.12026274,0.47850005,0.089991066,0.21482432
1ldo_SNR_A_150,0.47883443,0.94881019,0.17193788,0.11959664,0.47861197,0.08948733,0.21468261
1lfw_AEP_A_683,0.4787861,0.96861445,0.17186137,0.11989477,0.47856188,0.089712792,0.21474604
1lnf_VAL_E_1321,0.48114995,0,0.17560311,0.10531321,0.48101184,0.078685557,0.2116439
1lo3_AN1_Y_500,0.47875892,0.97975166,0.17181835,0.12006243,0.47853371,0.089839584,0.2147817
1lqp_FCN_A_4002,0.48114995,0,0.17560311,0.10531321,0.48101184,0.078685557,0.2116439
1lqp_FCN_A_4004,0,0,0,0,0.0023448928,0.081372442,0.096741057
1lqp_FCN_B_4003,0.48114995,0,0.17560311,0.10531321,0.48101184,0.078685557,0.2116439
1lro_PEP_A_1268,0.4787772,0.97226163,0.17184728,0.11994967,0.47855265,0.089754314,0.21475772
1lro_PEP_B_2268,0.0035607623,0.9731796,0.4599987,0,0.22775219,0.09167502,0.59693929
1lti_GAL_D_104,0.63231436,0.92993194,0,0.16425868,0.46463542,0.088929928,0.12905518
1luq_BTN_A_5100,0.48114995,0,0.17560311,0.10531321,0.48101184,0.078685557,0.2116439
1lzz_IHG_A_830,0.4788823,0.92919724,0.17201364,0.11930138,0.47866158,0.089264045,0.2146198
1m3u_KPL_B_265,0.47896212,0.89648717,0.17214,0.11880896,0.47874431,0.088891656,0.21451504
1m3u_KPL_C_265,0.47898556,0.88688332,0.1721771,0.11866439,0.4787686,0.088782321,0.21448428
1m3u_KPL_D_265,0.47895328,0.90010893,0.17212601,0.11886348,0.47873515,0.088932888,0.21452664
1m3u_KPL_E_265,0.47880535,0.96072578,0.17189185,0.11977601,0.47858183,0.089622983,0.21472077
1m3u_KPL_G_265,0.4790593,0.85666867,0.17229382,0.11820953,0.47884503,0.08843834,0.21438751
1m3u_KPL_H_265,0.47900756,0.87787079,0.17221191,0.11852871,0.4787914,0.088679717,0.21445542
1m3u_KPL_I_265,0.47897952,0.88935954,0.17216753,0.11870166,0.47876234,0.088810511,0.21449221
1m3u_KPL_J_265,0.47886007,0.93830312,0.17197847,0.11943846,0.47863854,0.089367712,0.21464896
1m7p_G3H_A_5401,0.47877452,0.97335821,0.17184305,0.11996618,0.47854988,0.089766798,0.21476123
1m7p_G3H_B_6401,0.47879999,0.96292308,0.17188336,0.11980909,0.47857627,0.089647999,0.21472781
1m9j_CLW_B_907,0.48114995,0,0.17560311,0.10531321,0.48101184,0.078685557,0.2116439
1mex_RAC_H_601,0.4787447,0.98557876,0.17179584,0.12015015,0.47851897,0.089905923,0.21480037
1ml4_PAL_A_385,0.47878873,0.96753583,0.17186554,0.11987853,0.4785646,0.089700513,0.21474258
1mmx_FUC_A_348,0.47881686,0.95600972,0.17191007,0.11970502,0.47859376,0.089569293,0.21470567
1mmy_G6D_A_348,0.48114995,0,0.17560311,0.10531321,0.48101184,0.078685557,0.2116439
1mmy_G6D_B_348,0.48114995,0,0.17560311,0.10531321,0.48101184,0.078685557,0.2116439
1moo_4MZ_A_264,0.48114995,0,0.17560311,0.10531321,0.48101184,0.078685557,0.2116439
1moo_4MZ_A_265,0.48114995,0,0.17560311,0.10531321,0.48101184,0.078685557,0.2116439
1mrj_ADN_A_300,0.47874072,0.98721051,0.17178954,0.12017472,0.47851484,0.0899245,0.21480559
1msv_PUT_A_355,0,0.91784837,0.54360257,0.059925932,0.90418271,0.088560563,0.89947524
1msv_PUT_B_355,0.93965909,0.91313909,0.14744465,0.32720802,0.92001553,0.085824376,0.98670242
1mvc_BM6_A_200,0.47872864,0.99215841,0.17177042,0.1202492,0.47850233,0.08998083,0.21482144
1n3o_GYP_B_1101,0.4788046,0.96103598,0.17189065,0.11978068,0.47858104,0.089626515,0.21472176
1n5i_TMP_A_217,0.48114995,0,0.17560311,0.10531321,0.48101184,0.078685557,0.2116439
1ne4_RP1_A_401,0.47877985,0.97117567,0.17185148,0.11993333,0.4785554,0.089741951,0.21475424
1ne4_RP1_A_601,0.47899471,0.88313417,0.17219158,0.11860795,0.47877809,0.088739638,0.21447227
1nf0_13P_A_5001,0.47887429,0.9324785,0.17200097,0.11935078,0.47865328,0.089301401,0.2146303
1nf0_13P_B_1150,0.48114995,0,0.17560311,0.10531321,0.48101184,0.078685557,0.2116439
1ngp_NPA_H_302,0.47882404,0.95306656,0.17192143,0.11966071,0.4786012,0.089535787,0.21469624
1njr_XYL_A_285,0.9371685,0.83104973,0,0.14480187,6.1466915e-05,0.088741034,0
1nmm_NAG_B_403,0.47877291,0.97401938,0.17184049,0.11997614,0.47854821,0.089774325,0.21476335
1nmm_NAG_D_527,0.47877787,0.97198781,0.17184834,0.11994555,0.47855334,0.089751196,0.21475684
1nmz_NYM_A_301,0.48114995,0,0.17560311,0.10531321,0.48101184,0.078685557,0.2116439
1now_IFG_B_558,0.47874027,0.98739446,0.17178883,0.12017748,0.47851437,0.089926594,0.21480618
1nrg_PLP_A_320,0.47886365,0.93683635,0.17198413,0.11941638,0.47864225,0.089351013,0.21464426
1ns4_BGC_A_1400,0.48114995,0,0.17560311,0.10531321,0.48101184,0.078685557,0.2116439
1ns4_BGC_B_2400,0.47926509,0.77234344,0.17261956,0.1169401,0.47905831,0.087478336,0.21411745
1nsm_GAL_A_1400,0.48114995,0,0.17560311,0.10531321,0.48101184,0.078685557,0.2116439
1nsm_GLA_B_2400,0.47887711,0.93132093,0.17200544,0.11933335,0.4786562,0.089288223,0.2146266
1nuw_F6P_A_2336,0.47884201,0.94570488,0.17194987,0.11954989,0.47861982,0.089451977,0.21467266
1nux_F6P_A_2339,0.47879637,0.96440473,0.17187764,0.1198314,0.47857252,0.089664867,0.21473255
1o28_UFP_A_703,0.48114995,0,0.17560311,0.10531321,0.48101184,0.078685557,0.2116439
1o28_UFP_B_708,0.48114995,0,0.17560311,0.10531321,0.48101184,0.078685557,0.2116439
1o28_UFP_D_718,0.48114995,0,0.17560311,0.10531321,0.48101184,0.078685557,0.2116439
1o29_UFP_A_803,0.48114995,0,0.17560311,0.10531321,0.48101184,0.078685557,0.2116439
1o29_UFP_B_808,0.48114995,0,0.17560311,0.10531321,0.48101184,0.078685557,0.2116439
1o29_UFP_C_813,0.48114995,0,0.17560311,0.10531321,0.48101184,0.078685557,0.2116439
1o29_UFP_D_818,0.48114995,0,0.17560311,0.10531321,0.48101184,0.078685557,0.2116439
1o2i_655_A_246,0.48114995,0,0.17560311,0.10531321,0.48101184,0.078685557,0.2116439
1o68_KIV_A_275,0.47878511,0.96902026,0.17185981,0.11990088,0.47856085,0.089717412,0.21474733
1o68_KIV_D_275,0.47872999,0.99160496,0.17177256,0.12024087,0.47850373,0.089974529,0.21481967
1o68_KIV_E_275,0.478901,0.9215331,0.17204325,0.11918601,0.47868096,0.089176793,0.21459525
1o8a_NXA_A_702,0.48114995,0,0.17560311,0.10531321,0.48101184,0.078685557,0.2116439
1om5_INE_B_791,0.47873946,0.98772575,0.17178755,0.12018247,0.47851354,0.089930366,0.21480724
1opr_ORO_A_220,0.48114995,0,0.17560311,0.10531321,0.48101184,0.078685557,0.2116439
1ovk_NYL_A_405,0.47874115,0.98703406,0.17179022,0.12017206,0.47851529,0.089922491,0.21480503
1oxp_IK2_A_411,0.47883235,0.94966152,0.17193459,0.11960945,0.47860981,0.089497022,0.21468534
1p1w_AMQ_A_428,0.48114995,0,0.17560311,0.10531321,0.48101184,0.078685557,0.2116439
1p1w_AMQ_B_427,0.48114995,0,0.17560311,0.10531321,0.48101184,0.078685557,0.2116439
1p5g_G6P_X_658,0.47896398,0.89572445,0.17214295,0.11879748,0.47874624,0.088882973,0.21451259
1p7c_THM_B_501,0.48114995,0,0.17560311,0.10531321,0.48101184,0.078685557,0.2116439
1p7l_MET_A_485,0.48114995,0,0.17560311,0.10531321,0.48101184,0.078685557,0.2116439
1p7l_PPK_C_684,0.48114995,0,0.17560311,0.10531321,0.48101184,0.078685557,0.2116439
1p7l_PPK_D_884,0.47917643,0.8086712,0.17247923,0.11748698,0.47896643,0.087891911,0.21423379
1pbd_PAB_A_396,0.47874696,0.98465301,0.17179942,0.12013621,0.47852131,0.089895384,0.2147974
1pi3_TZD_A_530,0.63210253,0,0.061827309,0.1156987,0.30054855,0.078987625,0
1pke_2FD_A_446,0.48114995,0,0.17560311,0.10531321,0.48101184,0.078685557,0.2116439
1pke_2FD_B_447,0.48114995,0,0.17560311,0.10531321,0.48101184,0.078685557,0.2116439
1pl6_572_A_405,0.47882358,0.95325612,0.1719207,0.11966356,0.47860072,0.089537945,0.21469685
1pl6_572_B_407,0.47884451,0.94468091,0.17195383,0.11953447,0.47862241,0.08944032,0.21466938
1pl6_572_D_411,0.63163041,0.95630496,0.056705028,0.1301865,0.2957242,0.089879117,0
1poc_GEL_A_420,0.4788275,0.95165088,0.1719269,0.1196394,0.47860478,0.08951967,0.21469171
1pr0_NOS_A_1245,0.48114995,0,0.17560311,0.10531321,0.48101184,0.078685557,0.2116439
1pr0_NOS_B_1246,0.39147618,0.63908281,0.2143886,0,0.40314237,0.08648569,0.21602979
1pr0_NOS_C_1247,0.48114995,0,0.17560311,0.10531321,0.48101184,0.078685557,0.2116439
1pr6_XYA_A_1245,0.48114995,0,0.17560311,0.10531321,0.48101184,0.078685557,0.2116439
1pr6_XYA_B_1246,0.48114995,0,0.17560311,0.10531321,0.48101184,0.078685557,0.2116439
1pt8_OXL_A_802,0.4788385,0.94714412,0.17194431,0.11957155,0.47861618,0.089468362,0.21467727
1pt8_OXL_B_801,0.47875733,0.9804017,0.17181584,0.12007222,0.47853206,0.089846985,0.21478379
1pvc_ILE_0_7,0.48114995,0,0.17560311,0.10531321,0.48101184,0.078685557,0.2116439
1pwz_RSO_B_256,0.47886838,0.93489993,0.17199161,0.11938723,0.47864715,0.089328968,0.21463806
1pym_OXL_A_1001,0.47901206,0.87602299,0.17221905,0.11850089,0.47879607,0.088658681,0.2144495
1pym_OXL_B_1002,0.47889126,0.92552503,0.17202783,0.1192461,0.47867086,0.089222239,0.21460804
1pzy_NAG_B_405,0.47878458,0.96923682,0.17185897,0.11990414,0.4785603,0.089719878,0.21474803
1pzy_NAG_D_406,0.47888969,0.92616841,0.17202534,0.11925579,0.47866924,0.089229563,0.2146101
1q20_PLO_A_401,4.5957738e-07,0.98976784,0.42374519,0,0.42823677,0.091302594,0.4101151
1q22_AND_A_401,0.47873057,0.99136811,0.17177348,0.1202373,0.47850432,0.089971832,0.21481891
1q3a_NGH_B_479,0.47882308,0.95346286,0.1719199,0.11966668,0.4786002,0.089540298,0.21469751
1q3a_NGH_C_481,0.48114995,0,0.17560311,0.10531321,0.48101184,0.078685557,0.2116439
1q4g_BFL_A_701,0.47874283,0.9863461,0.17179288,0.1201617,0.47851703,0.089914659,0.21480282
1q6r_LX1_A_7301,0.48114995,0,0.17560311,0.10531321,0.48101184,0.078685557,0.2116439
1q92_DRM_A_1001,0.48114995,0,0.17560311,0.10531321,0.48101184,0.078685557,0.2116439
1qjc_PNS_B_1163,0.48008156,0.64073588,0.17293777,0.11526142,0.48012109,1.6941437e-12,0.21385009
1qmh_CIT_B_401,0.47897001,0.89325502,0.17215249,0.11876031,0.47875249,0.088854859,0.21450469
1qxa_GLY_B_245,0.48111813,0.01303997,0.17555273,0.10550951,0.48097886,0.078834011,0.21168567
1r4f_AD3_B_330,0.48045477,0.28485877,0.1745027,0.10960148,0.48029133,0.081928545,0.21255621
1r4s_MUA_A_800,0.47877844,0.97175427,0.17184924,0.11994204,0.47855393,0.089748538,0.21475609
1rf2_BV4_D_104,0.47890276,0.9208132,0.17204603,0.11917517,0.47868278,0.089168597,0.21459294
1rf2_BV4_E_105,0.4788877,0.92698486,0.17202219,0.11926808,0.47866717,0.089238858,0.21461271
1rf2_BV4_F_106,0.47886831,0.93492764,0.1719915,0.11938765,0.47864708,0.089329283,0.21463815
1rf2_BV4_G_107,0.47886955,0.93442121,0.17199346,0.11938002,0.47864836,0.089323518,0.21463653
1rf2_BV4_H_108,0.4788271,0.95181606,0.17192627,0.11964189,0.47860437,0.08952155,0.21469224
1rnd_DGP_A_126,0.39147618,0.63908281,0.2143886,8.5571704e-14,0.40314237,0.08648569,0.21602979
1rqh_PYR_A_602,0.47883511,0.94853187,0.17193895,0.11959245,0.47861267,0.089484161,0.21468172
1ruk_BEZ_H_601,0.47878441,0.96930848,0.17185869,0.11990522,0.47856012,0.089720694,0.21474826
1rvt_NDG_H_742,0.48114995,0,0.17560311,0.10531321,0.48101184,0.078685557,0.2116439
1rvz_NAG_A_3321,0.48114995,0,0.17560311,0.10531321,0.48101184,0.078685557,0.2116439
1s1f_PIM_A_431,0.48114995,0,0.17560311,0.10531321,0.48101184,0.078685557,0.2116439
1s2c_FLF_A_2001,0.47876915,0.97556009,0.17183454,0.11999933,0.47854431,0.089791865,0.21476828
1s2c_FLF_A_2002,0.47887532,0.93205554,0.1720026,0.11934441,0.47865435,0.089296586,0.21462895
1s3u_TQD_A_187,0.4787379,0.98836486,0.17178508,0.12019209,0.47851192,0.089937642,0.21480929
1s3v_TQD_A_187,0.47872361,0.9942192,0.17176246,0.12028022,0.47849711,0.090004291,0.21482804
1s6h_4BZ_A_1,0.47876266,0.97821881,0.17182427,0.12003935,0.47853758,0.089822134,0.21477679
1s83_4HA_A_5,0.48003232,0.64106905,0.17295507,0.11523687,0.48004888,0.0084111264,0.21383609
1sep_BIO_A_801,0.48114995,0,0.17560311,0.10531321,0.48101184,0.078685557,0.2116439
1sff_IK2_A_450,0.47878341,0.96971756,0.17185711,0.11991138,0.47855909,0.089725351,0.21474957
1sff_IK2_C_450,0.47876622,0.97676207,0.1718299,0.12001742,0.47854127,0.089805549,0.21477213
1sff_IK2_D_450,0.47877185,0.97445498,0.17183881,0.11998269,0.4785471,0.089779284,0.21476474
1sjc_SMG_A_1000,0.47886251,0.93730527,0.17198232,0.11942344,0.47864107,0.089356352,0.21464576
1sjc_SMG_B_1100,0.47885704,0.93954584,0.17197366,0.11945717,0.4786354,0.089381859,0.21465294
1sjc_SMG_C_1200,0.47887036,0.93408809,0.17199475,0.11937501,0.47864921,0.089319725,0.21463546
1sjc_SMG_D_1300,0.47883148,0.95002002,0.1719332,0.11961485,0.47860891,0.089501103,0.21468648
1syf_THP_A_180,0.48114995,0,0.17560311,0.10531321,0.48101184,0.078685557,0.2116439
1sz6_NAG_A_5003,0.48114995,0,0.17560311,0.10531321,0.48101184,0.078685557,0.2116439
1sz6_NAG_B_5001,0.47885867,0.9388798,0.17197624,0.11944714,0.47863709,0.089374277,0.21465081
1sz6_NAG_B_5002,0.47878494,0.96908857,0.17185954,0.11990191,0.47856068,0.08971819,0.21474755
1sz6_NAG_B_5004,0.48114995,0,0.17560311,0.10531321,0.48101184,0.078685557,0.2116439
1t5z_DHT_A_931,0.47872503,0.99363905,0.1717647,0.12027149,0.47849858,0.089997686,0.21482618
1t87_CAM_A_1422,0.47873607,0.98911503,0.17178218,0.12020339,0.47851002,0.089946182,0.21481169
1t87_CAM_B_2422,0.47876418,0.97759823,0.17182667,0.12003001,0.47853915,0.089815069,0.21477481
1t93_FLV_A_431,0.47877691,0.97238069,0.17184682,0.11995147,0.47855235,0.089755669,0.2147581
1t93_FLV_A_432,0.47875007,0.9833779,0.17180434,0.12011702,0.47852453,0.089880867,0.21479332
1tc2_7HP_B_810,0.48114995,0,0.17560311,0.10531321,0.48101184,0.078685557,0.2116439
1tf8_TRP_A_911,0.48114995,0,0.17560311,0.10531321,0.48101184,0.078685557,0.2116439
1tf8_TRP_A_913,0.48114995,0,0.17560311,0.10531321,0.48101184,0.078685557,0.2116439
1thc_FL9_A_130,0.47888229,0.92919813,0.17201364,0.11930139,0.47866157,0.089264055,0.2146198
1thc_FL9_A_131,0.47875344,0.9819991,0.17180967,0.12009626,0.47852802,0.089865171,0.2147889
1thc_FL9_B_130,0.47884508,0.94444694,0.17195473,0.11953095,0.478623,0.089437656,0.21466864
1tiw_TFB_A_2002,0.47877878,0.97161368,0.17184979,0.11993992,0.47855429,0.089746937,0.21475564
1tke_SER_A_500,0.48114995,0,0.17560311,0.10531321,0.48101184,0.078685557,0.2116439
1tkh_DPN_A_911,0.47879736,0.96400167,0.17187919,0.11982533,0.47857354,0.089660278,0.21473126
1tkh_DPN_A_913,0.48114995,0,0.17560311,0.10531321,0.48101184,0.078685557,0.2116439
1tkj_MED_A_913,0.48114995,0,0.17560311,0.10531321,0.48101184,0.078685557,0.2116439
1tl2_NDG_A_237,0.47878772,0.96795077,0.17186394,0.11988478,0.47856355,0.089705237,0.21474391
1tl2_NDG_A_238,0.47882693,0.95188419,0.171926,0.11964291,0.47860419,0.089522326,0.21469245
1tl2_NDG_A_240,0.47883076,0.95031599,0.17193206,0.1196193,0.47860816,0.089504473,0.21468743
1tl2_NDG_A_241,0.47879581,0.96463607,0.17187674,0.11983488,0.47857194,0.0896675,0.21473329
1toq_AMG_A_501,0.47880972,0.95893793,0.17189875,0.1197491,0.47858635,0.08960263,0.21471504
1toq_AMG_C_502,0.47888655,0.92745487,0.17202037,0.11927515,0.47866598,0.089244209,0.21461422
1toq_AMG_E_503,0.47881157,0.9581768,0.17190169,0.11973764,0.47858828,0.089593964,0.21471261
1toq_AMG_G_504,0.47884141,0.94595247,0.17194892,0.11955362,0.4786192,0.089454796,0.21467346
1tsd_UMP_A_267,0.48114995,0,0.17560311,0.10531321,0.48101184,0.078685557,0.2116439
1tsd_UMP_B_265,0.48114995,0,0.17560311,0.10531321,0.48101184,0.078685557,0.2116439
1tt6_DES_B_128,0.48114995,0,0.17560311,0.10531321,0.48101184,0.078685557,0.2116439
1tuu_PIS_B_2854,0.4789583,0.89805393,0.17213395,0.11883255,0.47874035,0.088909493,0.21452005
1tvw_UMP_A_317,0.48114995,0,0.17560311,0.10531321,0.48101184,0.078685557,0.2116439
1u18_HSM_B_402,0.48114995,0,0.17560311,0.10531321,0.48101184,0.078685557,0.2116439
1u1g_BBB_A_3300,0.47878512,0.9690152,0.17185983,0.1199008,0.47856086,0.089717355,0.21474732
1u1g_BBB_B_4300,0.47881774,0.95564832,0.17191146,0.11969958,0.47859467,0.089565179,0.21470451
1u1g_BBB_C_5300,0.47875459,0.98152727,0.17181149,0.12008916,0.47852922,0.089859799,0.21478739
1u1g_BBB_D_6300,0.47882401,0.95308125,0.17192138,0.11966093,0.47860117,0.089535954,0.21469629
1u1g_BBB_E_7300,0.48114995,0,0.17560311,0.10531321,0.48101184,0.078685557,0.2116439
1u1g_BBB_F_8300,0.48114995,0,0.17560311,0.10531321,0.48101184,0.078685557,0.2116439
1u2o_NEC_A_1001,0.47874788,0.9842777,0.17180087,0.12013056,0.47852226,0.089891111,0.2147962
1u6r_IOM_B_1601,0.47877404,0.97355557,0.17184229,0.11996915,0.47854938,0.089769045,0.21476186
1uay_ADN_A_1001,0.47876193,0.97851728,0.17182312,0.12004385,0.47853683,0.089825532,0.21477775
1uay_ADN_B_1002,0.47882013,0.95467063,0.17191524,0.11968486,0.47859714,0.089554048,0.21470138
1ubs_SER_B_398,0.39147618,0.63908281,0.2143886,0,0.40314237,0.08648569,0.21602979
1um4_SH4_H_1001,0.47874918,0.98374385,0.17180293,0.12012253,0.47852361,0.089885034,0.21479449
1uqx_MMA_A_1116,0.4788966,0.92333776,0.17203628,0.11921317,0.4786764,0.089197338,0.21460103
1uux_PPI_A_1165,0.47887839,0.93079883,0.17200745,0.11932549,0.47865753,0.089282279,0.21462493
1uxi_FUM_A_1311,0.47891621,0.91529939,0.17206733,0.11909216,0.47869673,0.089105825,0.21457529
1uxi_FUM_B_1311,0.39147618,0.63908281,0.2143886,7.7265714e-35,0.40314237,0.08648569,0.21602979
1uxq_G1P_A_1503,0.47913668,0.8249602,0.17241631,0.11773219,0.47892523,0.088077354,0.21428596
1v3v_5OP_A_1360,0.47874312,0.98622764,0.17179333,0.12015992,0.47851733,0.08991331,0.21480244
1v3v_5OP_B_2360,0.47874632,0.98491371,0.17179841,0.12014014,0.47852065,0.089898352,0.21479824
1v5y_4HC_A_1455,0.47873994,0.98753036,0.1717883,0.12017953,0.47851403,0.089928141,0.21480662
1v5y_4HC_B_1201,0.47874838,0.98407117,0.17180166,0.12012746,0.47852278,0.08988876,0.21479554
1vje_MSE_A_301,0.47878977,0.96711162,0.17186718,0.11987215,0.47856568,0.089695683,0.21474122
1vje_MSE_A_401,0.63178865,0.64193903,0.058386067,0.12542828,0.29731018,0.086301113,1.1335214e-06
1vkf_CIT_C_502,0.47930099,0.757633,0.17267639,0.11671865,0.47909552,0.087310864,0.21407034
1vkf_CIT_D_503,0.47894444,0.90373428,0.172112,0.11891806,0.47872598,0.088974161,0.21453825
1vl1_CIT_A_300,0.47893387,0.9080658,0.17209527,0.11898327,0.47871502,0.089023474,0.21455212
1vzd_CB3_A_318,0.48114995,0,0.17560311,0.10531321,0.48101184,0.078685557,0.2116439
1vzd_UFP_A_317,0.48114995,0,0.17560311,0.10531321,0.48101184,0.078685557,0.2116439
1vzu_UDP_A_1371,0.47885159,0.94178014,0.17196503,0.1194908,0.47862975,0.089407296,0.21466009
1vzu_UDP_B_2371,0.47881214,0.95794339,0.1719026,0.11973413,0.47858887,0.089591307,0.21471186
1w1a_NDG_1_1261,0.4789093,0.91813182,0.17205639,0.1191348,0.47868956,0.089138071,0.21458436
1w1a_NDG_2_1261,0.47893278,0.90850903,0.17209356,0.11898994,0.4787139,0.089028519,0.21455354
1w3t_3GR_A_1297,0.47874315,0.98621475,0.17179338,0.12015973,0.47851736,0.089913164,0.2148024
1w3t_3GR_C_1297,0.48114995,0,0.17560311,0.10531321,0.48101184,0.078685557,0.2116439
1w3t_3GR_D_1297,0.48114995,0,0.17560311,0.10531321,0.48101184,0.078685557,0.2116439
1w55_C_A_1373,0.47875566,0.9810874,0.17181319,0.12008254,0.47853033,0.089854791,0.21478598
1w55_GPP_A_1374,0.47933148,0.74513912,0.17272465,0.11653056,0.47912712,0.087168627,0.21403032
1w62_PYC_A_700,0.48114995,0,0.17560311,0.10531321,0.48101184,0.078685557,0.2116439
1wc7_PP3_A_1214,0.47890132,0.92140223,0.17204375,0.11918403,0.47868129,0.089175303,0.21459483
1wmz_A2G_B_502,0.47886187,0.9375668,0.17198131,0.11942738,0.47864041,0.089359329,0.2146466
1wmz_NGA_A_501,0.47878122,0.97061428,0.17185365,0.11992488,0.47855682,0.089735559,0.21475244
1wmz_NGA_D_504,0.47878886,0.96748503,0.17186574,0.11987777,0.47856473,0.089699934,0.21474242
1wq4_TYR_A_501,0.48114995,0,0.17560311,0.10531321,0.48101184,0.078685557,0.2116439
1x09_IPE_A_901,0.47906417,0.85467088,0.17230153,0.11817946,0.47885008,0.088415597,0.21438111
1x09_IPE_A_902,0.47897837,0.88982967,0.17216572,0.11870874,0.47876115,0.088815863,0.21449372
1x29_PMG_A_413,0.39147618,0.63908281,0.2143886,9.4348307e-38,0.40314237,0.08648569,0.21602979
1x29_PMG_B_1413,0.47882869,0.95116231,0.17192879,0.11963204,0.47860602,0.089514108,0.21469014
1x2a_PDG_A_413,0.48114995,0,0.17560311,0.10531321,0.48101184,0.078685557,0.2116439
1x2a_PDG_B_1413,0.48114995,0,0.17560311,0.10531321,0.48101184,0.078685557,0.2116439
1x7j_GEN_A_201,0.47872334,0.99433284,0.17176202,0.12028194,0.47849683,0.090005584,0.2148284
1x7j_GEN_B_202,0.47872471,0.99376865,0.1717642,0.12027344,0.47849825,0.089999162,0.2148266
1x82_PA5_A_301,0.47882921,0.95094844,0.17192962,0.11962882,0.47860656,0.089511673,0.21468946
1x8i_BMH_A_2,0.48114995,0,0.17560311,0.10531321,0.48101184,0.078685557,0.2116439
1x8x_TYR_A_952,0.47882656,0.95203449,0.17192542,0.11964517,0.47860381,0.089524037,0.21469294
1xdj_HCS_A_1050,0.47890832,0.91853185,0.17205484,0.11914082,0.47868855,0.089142625,0.21458564
1xid_ASC_A_389,0.47895807,0.89814863,0.17213358,0.11883397,0.47874011,0.088910571,0.21452036
1xin_XYL_A_397,0.47875833,0.9799924,0.17181742,0.12006605,0.4785331,0.089842325,0.21478247
1xin_XYL_B_397,0.47876203,0.97847839,0.17182327,0.12004326,0.47853693,0.089825089,0.21477763
1xin_XYL_D_397,0.4787555,0.98115463,0.17181293,0.12008355,0.47853016,0.089855557,0.2147862
1xkw_188_A_1001,0.48114995,0,0.17560311,0.10531321,0.48101184,0.078685557,0.2116439
1xny_BTN_A_5602,0.47898951,0.88526479,0.17218335,0.11864002,0.4787727,0.088763894,0.2144791
1xny_BTN_B_5602,0.47879641,0.96439152,0.17187769,0.1198312,0.47857256,0.089664716,0.21473251
1xuf_BAZ_A_246,0.47957062,0.64714897,0.17310319,0.11505541,0.47937498,0.086053054,0.21371649
1y2x_NAG_C_2144,0.47897469,0.89133688,0.17215989,0.11873143,0.47875734,0.088833022,0.21449854
1y2x_NAG_D_3144,0.4788015,0.96230572,0.17188574,0.1197998,0.47857783,0.08964097,0.21472583
1y5v_NE8_A_500,0.48114995,0,0.17560311,0.10531321,0.48101184,0.078685557,0.2116439
1y8j_STS_A_900,0.48114995,0,0.17560311,0.10531321,0.48101184,0.078685557,0.2116439
1yik_MM1_A_500,0.48114995,0,0.17560311,0.10531321,0.48101184,0.078685557,0.2116439
1yik_MM1_A_501,0.47952668,0.66515264,0.17303364,0.11532644,0.47932944,0.086258017,0.21377415
1yqc_GLV_A_1001,0.47876624,0.97675436,0.17182993,0.12001731,0.47854129,0.089805461,0.2147721
1yw9_A84_A_482,0.47878422,0.96938546,0.1718584,0.11990638,0.47855993,0.08972157,0.2147485
1z11_8MO_A_501,0.47884058,0.94629097,0.17194761,0.11955871,0.47861834,0.08945865,0.21467454
1z11_8MO_B_501,0.47889503,0.92397906,0.1720338,0.11922283,0.47867477,0.089204639,0.21460308
1z11_8MO_C_501,0.47883413,0.94893196,0.17193741,0.11959847,0.47861166,0.089488716,0.214683
1z11_8MO_D_501,0.47882178,0.95399632,0.17191784,0.11967471,0.47859885,0.089546372,0.21469922
1z3n_3NA_A_320,0.47874139,0.98693705,0.17179059,0.1201706,0.47851553,0.089921387,0.21480472
1z4k_T3P_A_4341,0.48114995,0,0.17560311,0.10531321,0.48101184,0.078685557,0.2116439
1z6k_OAA_A_274,0.4788312,0.95013558,0.17193276,0.11961659,0.47860862,0.089502419,0.21468685
1z8p_DEB_A_420,0.48114995,0,0.17560311,0.10531321,0.48101184,0.078685557,0.2116439
1zb6_DIN_A_401,0.47875816,0.98006294,0.17181715,0.12006712,0.47853292,0.089843128,0.2147827
1zdq_MSM_A_1507,0.47872841,0.99225512,0.17177005,0.12025066,0.47850208,0.089981931,0.21482175
1zdq_MSM_B_1508,0.47873875,0.98801844,0.17178642,0.12018688,0.4785128,0.089933698,0.21480818
1zdq_MSM_C_1509,0.47872145,0.99510619,0.17175904,0.12029358,0.47849487,0.090014389,0.21483088
1zei_CRS_A_54,0.4787493,0.98369584,0.17180311,0.12012181,0.47852373,0.089884487,0.21479434
1zei_CRS_B_56,0.4787437,0.98598671,0.17179427,0.12015629,0.47851794,0.089910568,0.21480167
1zei_CRS_C_56,0.99600051,0.99193138,0,0.35275605,0.88448169,0.087148967,0.19469131
1zei_CRS_E_54,0.47874091,0.98713007,0.17178985,0.1201735,0.47851504,0.089923584,0.21480533
1zei_CRS_E_55,0.47872171,0.99499985,0.17175945,0.12029198,0.47849514,0.090013178,0.21483054
1zei_CRS_F_54,0.47873205,0.99076024,0.17177583,0.12022815,0.47850586,0.089964912,0.21481696
1zei_CRS_F_55,0.47874286,0.98633146,0.17179293,0.12016148,0.47851706,0.089914492,0.21480278
1zg3_2HI_A_365,0.47875734,0.98039737,0.17181586,0.12007215,0.47853207,0.089846936,0.21478377
1zgj_P1S_A_0,0.47874421,0.98577978,0.17179506,0.12015318,0.47851846,0.089908212,0.21480101
1zha_PEP_A_1268,0.4787633,0.97795636,0.17182529,0.1200354,0.47853825,0.089819146,0.21477595
1zha_PEP_B_2268,0.47878148,0.97050759,0.17185406,0.11992327,0.47855709,0.089734345,0.2147521
1zha_R5P_A_1269,0.48114995,0,0.17560311,0.10531321,0.48101184,0.078685557,0.2116439
1zjp_DR4_A_1,0.4787817,0.97041601,0.17185441,0.11992189,0.47855732,0.089733302,0.21475181
1zk0_SS2_A_1260,0.47878432,0.96934391,0.17185856,0.11990575,0.47856003,0.089721097,0.21474837
1zmt_RNO_A_1002,0.47886102,0.93791651,0.17197996,0.11943264,0.47863952,0.08936331,0.21464772
1zmt_RNO_D_1004,0.47882686,0.95191147,0.1719259,0.11964332,0.47860412,0.089522636,0.21469254
1zng_HE4_A_202,0.47878778,0.96792676,0.17186403,0.11988442,0.47856362,0.089704963,0.21474383
1zoy_UQ1_B_1201,0.47878833,0.96770075,0.1718649,0.11988101,0.47856419,0.08970239,0.21474311
1zpd_CIT_A_610,0.47891924,0.91406054,0.17207211,0.11907351,0.47869986,0.089091721,0.21457132
1zpd_CIT_E_610,0.47880061,0.96266732,0.17188435,0.11980524,0.47857692,0.089645087,0.21472699
1zuw_DGL_A_1301,0.47874111,0.98705009,0.17179016,0.1201723,0.47851525,0.089922674,0.21480508
1zuw_DGL_B_2301,0.47874381,0.98594309,0.17179443,0.12015564,0.47851805,0.089910071,0.21480153
1zuw_DGL_C_3301,0.47873748,0.98853667,0.17178441,0.12019468,0.47851149,0.089939598,0.21480984
1zwp_NIM_A_401,0.47884401,0.94488591,0.17195304,0.11953756,0.47862189,0.089442654,0.21467004
227l_BNZ_A_169,0.47872712,0.99278316,0.17176801,0.12025861,0.47850074,0.089987942,0.21482344
2a0x_DIH_A_300,0.48114995,0,0.17560311,0.10531321,0.48101184,0.078685557,0.2116439
2a15_NCA_A_1001,0.47874987,0.98346168,0.17180402,0.12011828,0.47852432,0.089881821,0.21479359
2a1m_CAM_A_1422,0.47873884,0.9879787,0.17178657,0.12018628,0.4785129,0.089933246,0.21480805
2a1m_CAM_B_2422,0.47873104,0.99117567,0.17177422,0.12023441,0.47850481,0.089969642,0.21481829
2a5t_GLU_B_2002,0.48114984,4.3225342e-05,0.17560294,0.10531386,0.48101173,0.078686049,0.21164404
2a5t_GLY_A_1001,0.48114995,0,0.17560311,0.10531321,0.48101184,0.078685557,0.2116439
2a9z_26A_A_1001,0.48114995,0,0.17560311,0.10531321,0.48101184,0.078685557,0.2116439
2a9z_26A_A_1002,0.4787353,0.98943181,0.17178096,0.12020816,0.47850922,0.089949788,0.21481271
2agw_TSS_D_3001,0.48114995,0,0.17560311,0.10531321,0.48101184,0.078685557,0.2116439
2agw_TSS_H_2001,0.48114995,0,0.17560311,0.10531321,0.48101184,0.078685557,0.2116439
2ahc_VNL_A_166,0.4787276,0.99258572,0.17176877,0.12025563,0.47850124,0.089985694,0.21482281
2ahc_VNL_B_266,0.47879981,0.96299562,0.17188308,0.11981018,0.47857609,0.089648825,0.21472804
2ahc_VNL_C_366,0.47873337,0.99022294,0.1717779,0.12022006,0.47850722,0.089958795,0.21481524
2ahc_VNL_D_466,0.48114995,0,0.17560311,0.10531321,0.48101184,0.078685557,0.2116439
2ai1_P1G_A_293,0.48114995,0,0.17560311,0.10531321,0.48101184,0.078685557,0.2116439
2aiq_BEN_A_401,0.47875005,0.98338686,0.17180431,0.12011715,0.47852451,0.089880969,0.21479335
2ajv_COC_L_501,0.47879067,0.96674051,0.17186861,0.11986656,0.47856662,0.089691458,0.21474003
2ajx_TGN_L_501,0.48114995,0,0.17560311,0.10531321,0.48101184,0.078685557,0.2116439
2b04_CHO_A_200,0.48114995,0,0.17560311,0.10531321,0.48101184,0.078685557,0.2116439
2b3f_GAL_A_3310,0.47873494,0.9895783,0.17178039,0.12021036,0.47850885,0.089951456,0.21481318
2b3f_GAL_B_3311,0.47873554,0.98933276,0.17178134,0.12020666,0.47850947,0.089948661,0.21481239
2b3f_GAL_C_3312,0.47873595,0.98916431,0.17178199,0.12020413,0.4785099,0.089946743,0.21481185
2b3f_GAL_D_3313,0.47873799,0.98832846,0.17178522,0.12019155,0.47851201,0.089937227,0.21480917
2b3f_GAL_E_3314,0.47873311,0.99032772,0.1717775,0.12022164,0.47850696,0.089959988,0.21481558
2b3f_GAL_F_3315,0.47873957,0.98768118,0.17178772,0.1201818,0.47851365,0.089929858,0.2148071
2bdg_PBZ_A_301,0.47871873,0.99621974,0.17175474,0.12031034,0.47849205,0.090027066,0.21483445
2bdg_PBZ_B_302,0.47872007,0.99566928,0.17175686,0.12030205,0.47849344,0.090020799,0.21483268
2bf7_HBI_A_1290,0.48114995,0,0.17560311,0.10531321,0.48101184,0.078685557,0.2116439
2bf7_HBI_B_1290,0.48114995,0,0.17560311,0.10531321,0.48101184,0.078685557,0.2116439
2bf7_HBI_D_1290,0.48114995,0,0.17560311,0.10531321,0.48101184,0.078685557,0.2116439
2bgc_DTU_A_1238,0.48114995,0,0.17560311,0.10531321,0.48101184,0.078685557,0.2116439
2bjf_DXC_A_330,0.47873763,0.98847693,0.17178465,0.12019378,0.47851164,0.089938918,0.21480965
2bk3_FOF_A_1503,0.47873266,0.9905141,0.17177678,0.12022445,0.47850648,0.08996211,0.21481617
2bk3_FOF_B_1498,0.47874178,0.98677395,0.17179122,0.12016814,0.47851594,0.08991953,0.21480419
2brk_CMF_A_1534,0.48114995,0,0.17560311,0.10531321,0.48101184,0.078685557,0.2116439
2bs3_CIT_A_1657,0.47874941,0.98364729,0.1718033,0.12012107,0.47852385,0.089883934,0.21479418
2bs3_CIT_D_1657,0.4787721,0.97435028,0.17183922,0.11998112,0.47854737,0.089778092,0.21476441
2bs8_NAG_A_1177,0.47900643,0.87833032,0.17221014,0.11853563,0.47879024,0.088684949,0.21445689
2bsc_NAG_A_1176,0.47874717,0.98456683,0.17179975,0.12013492,0.47852153,0.089894403,0.21479713
2bx7_34D_B_1313,0.47904334,0.86320922,0.17226855,0.11830799,0.47882848,0.088512802,0.21440846
2bxh_IOS_A_1001,0.47874402,0.98585939,0.17179476,0.12015438,0.47851826,0.089909118,0.21480126
2c3d_COM_A_1525,0.4788042,0.96119892,0.17189002,0.11978314,0.47858063,0.08962837,0.21472229
2c3d_COM_A_1526,0.47876259,0.97824818,0.17182416,0.1200398,0.47853751,0.089822468,0.21477689
2c3d_COM_B_1525,0.47884373,0.94499902,0.1719526,0.11953926,0.47862161,0.089443941,0.2146704
2c3d_COM_B_1526,0.47875041,0.9832389,0.17180488,0.12011493,0.47852489,0.089879285,0.21479287
2c5b_5F1_A_500,0.48114995,0,0.17560311,0.10531321,0.48101184,0.078685557,0.2116439
2c5b_5F1_B_500,0.48114995,0,0.17560311,0.10531321,0.48101184,0.078685557,0.2116439
2c6q_IMP_A_1337,0.48114995,0,0.17560311,0.10531321,0.48101184,0.078685557,0.2116439
2c6q_IMP_D_1337,0.48114995,0,0.17560311,0.10531321,0.48101184,0.078685557,0.2116439
2c6q_IMP_E_1337,0.48114995,0,0.17560311,0.10531321,0.48101184,0.078685557,0.2116439
2c6q_IMP_F_1337,0.48114995,0,0.17560311,0.10531321,0.48101184,0.078685557,0.2116439
2c6q_IMP_G_1338,0.48114995,0,0.17560311,0.10531321,0.48101184,0.078685557,0.2116439
2c6q_IMP_H_1337,0.48114995,0,0.17560311,0.10531321,0.48101184,0.078685557,0.2116439
2caq_GSH_A_1208,0.48114995,0,0.17560311,0.10531321,0.48101184,0.078685557,0.2116439
2cjz_PTR_A_1537,0.47985862,0.52913761,0.17355906,0.11327887,0.47967347,0.084709548,0.21333855
2coj_GBN_A_420,0.47872928,0.99189584,0.17177144,0.12024525,0.47850299,0.08997784,0.2148206
2coj_GBN_B_420,0.47875082,0.98307273,0.17180552,0.12011243,0.47852531,0.089877393,0.21479234
2cxp_A5P_A_1601,0.47878755,0.96801873,0.17186367,0.1198858,0.47856338,0.08970601,0.21474413
2cxp_A5P_B_2601,0.47883089,0.95026194,0.17193227,0.11961849,0.4786083,0.089503857,0.21468726
2d0e_NQ_A_410,0.47873868,0.98804439,0.17178632,0.12018727,0.47851273,0.089933993,0.21480826
2d1j_D01_A_700,0.47967543,0.6042025,0.17326909,0.1144089,0.4794836,0.085564128,0.21357895
2d20_NPO_B_953,0.47872994,0.99162815,0.17177247,0.12024122,0.47850367,0.089974793,0.21481974
2d3n_GLC_A_608,0.47885802,0.93914262,0.17197522,0.1194511,0.47863642,0.089377269,0.21465165
2dm5_ODI_A_312,0.47879959,0.96308835,0.17188272,0.11981158,0.47857585,0.08964988,0.21472834
2dv0_ZST_A_600,0.47877964,0.97126264,0.17185114,0.11993464,0.47855518,0.089742941,0.21475452
2e1a_MSE_D_301,0.47878845,0.96764968,0.1718651,0.11988025,0.47856432,0.089701809,0.21474295
2e40_LGC_A_1001,0.4811477,0.00092158409,0.17559955,0.10532708,0.48100951,0.078696049,0.21164686
2e40_LGC_B_2001,0.48114995,0,0.17560311,0.10531321,0.48101184,0.078685557,0.2116439
2e56_MYR_A_601,0.4789615,0.89674376,0.17213901,0.11881283,0.47874366,0.088894577,0.21451586
2e56_MYR_A_701,0.47879314,0.96573115,0.17187251,0.11985136,0.47856917,0.089679967,0.2147368
2eb5_OXL_A_2001,0.47910162,0.839325,0.17236082,0.11794844,0.47888889,0.088240891,0.21433197
2eb5_OXL_B_2002,0.47879585,0.96461801,0.17187681,0.11983461,0.47857198,0.089667295,0.21473324
2eb5_OXL_D_2004,0.47883019,0.95054763,0.17193117,0.11962279,0.47860757,0.08950711,0.21468817
2eb5_OXL_E_2005,0.47877198,0.97439962,0.17183903,0.11998186,0.47854724,0.089778654,0.21476456
2ef9_A5P_A_1269,0.48114995,0,0.17560311,0.10531321,0.48101184,0.078685557,0.2116439
2ef9_A5P_B_2269,0.48114995,0,0.17560311,0.10531321,0.48101184,0.078685557,0.2116439
2ef9_PEP_B_2268,0.47878924,0.96732874,0.17186634,0.11987541,0.47856513,0.089698155,0.21474192
2eup_LG4_A_400,0.63178942,0.64193902,0.058385491,0.12542833,0.29730927,0.086301115,6.8116109e-08
2euq_BVC_A_401,0.47943537,0.70256923,0.1728891,0.11588971,0.4792348,0.086683988,0.21389399
2eus_ABN_A_400,0.47872895,0.99203182,0.17177091,0.1202473,0.47850265,0.089979388,0.21482103
2exs_TRP_B_2100,0.48114995,0,0.17560311,0.10531321,0.48101184,0.078685557,0.2116439
2f3s_7GP_A_998,0.48008156,0.64073588,0.17293777,0.11526142,0.48012109,0,0.21385009
2f64_12Q_A_472,0.48114995,1.3388283e-33,0.17560311,0.10531321,0.48101184,0.078685557,0.2116439
2f64_12Q_B_471,0.48114995,1.1648884e-33,0.17560311,0.10531321,0.48101184,0.078685557,0.2116439
2f78_BEZ_A_1001,0.47873769,0.98845297,0.17178474,0.12019342,0.4785117,0.089938645,0.21480957
2f78_BEZ_A_1003,0.47872666,0.99297058,0.17176729,0.12026143,0.47850027,0.089990076,0.21482404
2f78_BEZ_B_1002,0.47871915,0.9960496,0.17175539,0.12030778,0.47849248,0.090025129,0.2148339
2f78_BEZ_B_1004,0.47873036,0.99145624,0.17177314,0.12023863,0.4785041,0.089972836,0.21481919
2f78_BEZ_B_1005,0.4787419,0.98672432,0.17179142,0.1201674,0.47851607,0.089918965,0.21480403
2f7x_4EA_E_351,0.47880582,0.96053476,0.17189259,0.11977314,0.47858231,0.089620809,0.21472016
2fcu_AKG_A_897,0.47877193,0.97442057,0.17183894,0.11998218,0.47854719,0.089778892,0.21476463
2fhk_MFN_B_602,0.48114995,0,0.17560311,0.10531321,0.48101184,0.078685557,0.2116439
2fhn_BNI_X_501,0.47879104,0.96658839,0.1718692,0.11986427,0.478567,0.089689726,0.21473955
2fhn_BNI_Y_502,0.47881819,0.95546413,0.17191217,0.1196968,0.47859514,0.089563082,0.21470392
2fib_GLY_B_2,0.48114995,0,0.17560311,0.10531321,0.48101184,0.078685557,0.2116439
2fkm_G16_X_464,0.48036576,0.32133086,0.17436181,0.11015053,0.48019908,0.082343763,0.21267301
2fpu_HSO_B_509,0.48114995,0,0.17560311,0.10531321,0.48101184,0.078685557,0.2116439
2fr6_CTN_A_1001,0.47874681,0.98471502,0.17179918,0.12013715,0.47852115,0.08989609,0.2147976
2fr6_CTN_C_1003,0.48114995,0,0.17560311,0.10531321,0.48101184,0.078685557,0.2116439
2fr6_CTN_D_1004,0.47874821,0.98414229,0.17180139,0.12012853,0.4785226,0.08988957,0.21479577
2fr6_URI_B_1002,0.48114995,0,0.17560311,0.10531321,0.48101184,0.078685557,0.2116439
2fu9_MP2_A_1410,0.47875199,0.98259031,0.17180739,0.12010516,0.47852653,0.089871901,0.2147908
2fu9_MP2_B_2410,0.4787318,0.99086491,0.17177542,0.12022973,0.4785056,0.089966104,0.2148173
2fyd_BGC_B_403,0.48114995,0,0.17560311,0.10531321,0.48101184,0.078685557,0.2116439
2fyd_BGC_D_530,0.47875056,0.98317917,0.17180511,0.12011403,0.47852504,0.089878605,0.21479268
2fyd_NGA_B_404,0.47999968,0.47133659,0.17378235,0.11240873,0.47981967,0.08405151,0.21315343
2fyd_NGA_D_529,0.478782,0.9702943,0.17185488,0.11992006,0.47855763,0.089731917,0.21475142
2fz8_ZST_A_600,0.47876732,0.97630949,0.17183165,0.12001061,0.47854241,0.089800397,0.21477068
2fzb_TOL_A_700,0.47875018,0.98333428,0.17180451,0.12011636,0.47852464,0.089880371,0.21479318
2fzb_TOL_A_800,0.47878558,0.96882965,0.17186054,0.11989801,0.47856133,0.089715242,0.21474672
2fzb_TOL_A_900,0.47879171,0.96631681,0.17187025,0.11986018,0.47856769,0.089686635,0.21473868
2g21_L1B_A_885,0.4787223,0.99475628,0.17176039,0.12028831,0.47849575,0.090010405,0.21482976
2g21_L1B_B_985,0.48008156,0.64073588,0.17293777,0.11526142,0.48012109,0,0.21385009
2g5v_22M_A_301,0.47874623,0.98495266,0.17179826,0.12014073,0.47852055,0.089898795,0.21479836
2g9z_VNP_A_602,0.47891569,0.91551193,0.17206651,0.11909536,0.47869619,0.089108244,0.21457597
2giq_NN2_A_1001,0.47876317,0.97800861,0.17182508,0.12003619,0.47853811,0.089819741,0.21477612
2giq_NN2_B_2001,0.47876346,0.9778921,0.17182553,0.12003444,0.47853841,0.089818414,0.21477575
2gn2_C5P_A_400,0.47879578,0.96464922,0.17187669,0.11983508,0.47857191,0.08966765,0.21473334
2gnm_MAN_A_253,0.47881702,0.95594477,0.17191032,0.11970404,0.47859392,0.089568554,0.21470546
2gue_NAG_B_122,0.481102,0.01964754,0.17552721,0.10560898,0.48096215,0.078909235,0.21170683
2gx5_PCG_C_514,0.48114995,0,0.17560311,0.10531321,0.48101184,0.078685557,0.2116439
2gyv_HBP_A_1409,0.48094434,0.084249576,0.17527765,0.1065815,0.48079875,0.0796447,0.21191373
2gyv_HBP_B_545,0.47881205,0.95798112,0.17190245,0.1197347,0.47858877,0.089591737,0.21471198
2gyw_OBI_A_952,0.47875908,0.97968827,0.1718186,0.12006148,0.47853387,0.089838863,0.2147815
2gyw_OBI_B_953,0.4787763,0.9726299,0.17184586,0.11995522,0.47855172,0.089758506,0.2147589
2gzm_DGL_A_501,0.47874482,0.98553003,0.17179603,0.12014942,0.47851909,0.089905368,0.21480021
2gzm_DGL_C_503,0.47873858,0.98808556,0.17178616,0.12018789,0.47851263,0.089934462,0.21480839
2gzm_DGL_D_504,0.47874457,0.98563287,0.17179563,0.12015097,0.47851883,0.089906539,0.21480054
2hdk_COI_B_900,0.48114995,0,0.17560311,0.10531321,0.48101184,0.078685557,0.2116439
2hi4_BHF_A_800,0.47871428,0.99804217,0.1717477,0.12033778,0.47848744,0.090047814,0.21484028
2hjp_PPR_A_291,0.48114995,0,0.17560311,0.10531321,0.48101184,0.078685557,0.2116439
2hs3_FGR_A_2166,0.48114995,0,0.17560311,0.10531321,0.48101184,0.078685557,0.2116439
2ht8_G39_A_800,0.47880991,0.95885985,0.17189906,0.11974792,0.47858655,0.089601741,0.21471479
2huu_ALA_A_701,0.48114995,0,0.17560311,0.10531321,0.48101184,0.078685557,0.2116439
2i1v_F6P_B_720,0.63178938,0.64193902,0.058385517,0.12542833,0.29730931,0.086301115,1.1663864e-07
2i1v_FDP_B_710,0.47891748,0.91477937,0.17206934,0.11908433,0.47869804,0.089099904,0.21457362
2i6p_4NP_A_401,0.47895315,0.90016554,0.17212579,0.11886434,0.47873501,0.088933533,0.21452682
2iht_TPP_A_600,0.47874894,0.98384218,0.17180255,0.12012401,0.47852336,0.089886153,0.2147948
2iht_TPP_B_600,0.47877174,0.97450066,0.17183864,0.11998338,0.47854699,0.089779804,0.21476489
2iht_TPP_C_600,0.47875129,0.98288002,0.17180627,0.12010952,0.47852579,0.089875199,0.21479172
2ihu_TP9_A_600,0.48114995,0,0.17560311,0.10531321,0.48101184,0.078685557,0.2116439
2ihu_TP9_B_600,0.4787386,0.98807997,0.17178618,0.1201878,0.47851264,0.089934398,0.21480838
2ij7_TPF_A_2472,0.47950878,0.67248848,0.1730053,0.11543688,0.47931088,0.086341533,0.21379765
2ij7_TPF_B_2470,0.41714414,0.96769021,0.14358899,0.0061599862,0.0014848938,0.091665988,0
2ij7_TPF_D_2473,0.47935318,0.73624655,0.172759,0.11639669,0.47914962,0.087067389,0.21400184
2ij7_TPF_F_2474,0.48084825,0.12362351,0.17512555,0.10717424,0.48069915,0.080092954,0.21203983
2ipf_FFA_B_4,0.47874896,0.98383379,0.17180258,0.12012388,0.47852338,0.089886058,0.21479478
2isf_PAC_A_317,0.47876645,0.97666544,0.17183027,0.12001597,0.47854151,0.089804449,0.21477182
2ixi_TYD_A_1182,0.48114995,0,0.17560311,0.10531321,0.48101184,0.078685557,0.2116439
2ixi_TYD_B_1182,0.48114995,0,0.17560311,0.10531321,0.48101184,0.078685557,0.2116439
2iyq_SKM_A_201,0.47880094,0.96253333,0.17188486,0.11980322,0.47857726,0.089643561,0.21472656
2izf_BTN_B_300,0.48044737,0.28789159,0.17449099,0.10964714,0.48028366,0.081963072,0.21256592
2izf_BTN_D_301,0.47880686,0.96010645,0.17189424,0.11976669,0.4785834,0.089615933,0.21471879
2j1s_FUL_B_1153,0.47885291,0.94123959,0.17196712,0.11948267,0.47863112,0.089401142,0.21465836
2j5b_TYE_A_1336,0.48114995,0,0.17560311,0.10531321,0.48101184,0.078685557,0.2116439
2j5b_TYE_B_1338,0.47882977,0.95071983,0.1719305,0.11962538,0.47860714,0.08950907,0.21468873
2j5z_GAL_A_1278,0.47906849,0.85290041,0.17230837,0.11815281,0.47885456,0.088395441,0.21437544
2j9e_AKG_C_1119,0.47880547,0.96067827,0.17189203,0.1197753,0.47858195,0.089622442,0.21472062
2jav_5Z5_A_1280,0.48114995,0,0.17560311,0.10531321,0.48101184,0.078685557,0.2116439
2jfv_FLC_A_1271,0.47930438,0.75624317,0.17268176,0.11669772,0.47909904,0.087295042,0.21406588
2jhp_GUN_A_1647,0.47874893,0.98384697,0.17180253,0.12012408,0.47852335,0.089886208,0.21479482
2jhp_GUN_A_1648,0.47879037,0.96686583,0.17186813,0.11986845,0.4785663,0.089692885,0.21474044
2ji6_TPW_A_1566,0.47876617,0.97678162,0.17182982,0.12001772,0.47854122,0.089805772,0.21477219
2jig_PD2_A_1254,0.47872119,0.99521059,0.17175863,0.12029515,0.47849461,0.090015577,0.21483121
2no7_LDC_A_401,0.47873735,0.98859086,0.17178421,0.1201955,0.47851135,0.089940215,0.21481001
2no7_LDC_B_401,0.4787462,0.98496326,0.17179822,0.12014089,0.47852052,0.089898916,0.21479839
2nos_AGU_A_903,0.47892206,0.91290436,0.17207658,0.11905611,0.47870279,0.089078558,0.21456762
2npq_BOG_A_1000,0.47878411,0.96942837,0.17185823,0.11990702,0.47855982,0.089722058,0.21474864
2npq_BOG_A_2000,0.47884132,0.94598589,0.17194879,0.11955412,0.47861911,0.089455176,0.21467356
2nry_STU_B_502,0.47889021,0.92595381,0.17202617,0.11925255,0.47866978,0.08922712,0.21460941
2nry_STU_C_503,0.47875081,0.98307711,0.1718055,0.12011249,0.47852529,0.089877443,0.21479235
2nry_STU_D_501,0.47877211,0.974346,0.17183923,0.11998105,0.47854738,0.089778043,0.21476439
2ntk_IMP_A_205,0.48114995,0,0.17560311,0.10531321,0.48101184,0.078685557,0.2116439
2ntk_IMP_B_206,0.48114995,0,0.17560311,0.10531321,0.48101184,0.078685557,0.2116439
2ntk_IMP_D_208,0.48114995,0,0.17560311,0.10531321,0.48101184,0.078685557,0.2116439
2nu7_COA_B_1025,0.48114995,0,0.17560311,0.10531321,0.48101184,0.078685557,0.2116439
2nu7_COA_B_1325,0.47889182,0.9252946,0.17202872,0.11924263,0.47867145,0.089219616,0.2146073
2nu7_COA_E_1025,0.48114995,0,0.17560311,0.10531321,0.48101184,0.078685557,0.2116439
2nu7_COA_E_1325,0.47890909,0.91821945,0.17205605,0.11913612,0.47868934,0.089139068,0.21458464
2nz5_226_A_432,0.47879925,0.9632256,0.17188219,0.11981365,0.47857551,0.089651443,0.21472878
2nz5_226_B_432,0.47877492,0.97319403,0.17184368,0.11996371,0.47855029,0.089764929,0.2147607
2o1o_RIS_A_400,0.47879667,0.96428227,0.17187811,0.11982955,0.47857283,0.089663472,0.21473216
2o1o_RIS_B_400,0.47877551,0.97295504,0.17184461,0.11996011,0.4785509,0.089762208,0.21475994
2o7b_HC4_A_701,0.47873623,0.98904931,0.17178243,0.1202024,0.47851019,0.089945434,0.21481148
2o7b_HC4_D_701,0.48114995,0,0.17560311,0.10531321,0.48101184,0.078685557,0.2116439
2o7b_HC4_E_701,0.47873938,0.9877603,0.17178741,0.12018299,0.47851345,0.089930759,0.21480735
2o7b_HC4_G_701,0.47873254,0.9905619,0.17177659,0.12022517,0.47850636,0.089962654,0.21481633
2o7d_DHC_E_701,0.48114995,0,0.17560311,0.10531321,0.48101184,0.078685557,0.2116439
2o7d_DHC_G_701,0.47872738,0.99267455,0.17176843,0.12025697,0.47850102,0.089986706,0.21482309
2o7d_DHC_H_701,0.47873788,0.98837384,0.17178504,0.12019223,0.4785119,0.089937744,0.21480932
2oci_TYC_A_401,0.47905952,0.85657699,0.17229417,0.11820815,0.47884526,0.088437297,0.21438722
2okk_ABU_A_585,0.4807939,0.14589691,0.17503951,0.10750954,0.48064282,0.080346527,0.21211116
2ot7_OGA_A_500,0.47892662,0.91103574,0.1720838,0.11902798,0.47870751,0.089057285,0.21456163
2oxp_THP_A_300,0.48114995,0,0.17560311,0.10531321,0.48101184,0.078685557,0.2116439
2p1e_LAC_A_303,0.48114995,0,0.17560311,0.10531321,0.48101184,0.078685557,0.2116439
2pd5_ZST_A_600,0.47876198,0.97849725,0.1718232,0.12004355,0.47853688,0.089825304,0.21477769
2pin_LEG_A_501,0.63163422,0.94859176,0.056746342,0.13006964,0.29576311,0.089791271,0
2pin_LEG_B_502,0.47925246,0.77751899,0.17259957,0.11701801,0.47904522,0.087537257,0.21413402
2pir_DHT_A_931,0.47871536,0.99759974,0.1717494,0.12033112,0.47848856,0.090042777,0.21483886
2pir_NK_A_933,0.47972032,0.58580643,0.17334015,0.11413196,0.47953013,0.085354697,0.21352004
2pnz_UDP_A_250,0.47904062,0.86432154,0.17226425,0.11832474,0.47882567,0.088525465,0.21441202
2prg_BRL_A_1,0.47898173,0.88845374,0.17217103,0.11868803,0.47876463,0.088800199,0.21448931
2prl_ORO_A_399,0.63167753,0.86085771,0.057216274,0.12874049,0.29620571,0.088792055,0
2pt6_S4M_B_502,0,0.97815566,0.42378436,0,0.42829293,0.091170275,0.4100847
2ptm_CMP_A_401,0.48114995,0,0.17560311,0.10531321,0.48101184,0.078685557,0.2116439
2pvy_ACP_D_802,0.47878384,0.96954153,0.17185779,0.11990873,0.47855953,0.089723347,0.214749
2q1a_2KT_X_295,0.47874136,0.98694753,0.17179055,0.12017076,0.47851551,0.089921506,0.21480475
2q28_TPP_A_4001,0.47876814,0.97597414,0.17183294,0.12000556,0.47854326,0.089796579,0.21476961
2q28_TPP_B_5001,0.47876179,0.97857761,0.17182289,0.12004476,0.47853668,0.089826218,0.21477794
2q6m_P34_A_1001,0.48114995,0,0.17560311,0.10531321,0.48101184,0.078685557,0.2116439
2qab_EI1_A_1,0.47874806,0.98420168,0.17180116,0.12012942,0.47852245,0.089890246,0.21479596
2qab_EI1_B_1,0.47874375,0.98596643,0.17179434,0.12015599,0.47851799,0.089910337,0.21480161
2qb3_PMP_A_700,0.47875577,0.98104076,0.17181337,0.12008184,0.47853045,0.08985426,0.21478583
2qb4_DSM_A_802,0.47876848,0.97583341,0.17183349,0.12000344,0.47854362,0.089794977,0.21476916
2qb4_LEU_A_601,0.47872623,0.99314671,0.17176661,0.12026408,0.47849983,0.089992081,0.2148246
2qca_DGP_A_200,0.48114995,0,0.17560311,0.10531321,0.48101184,0.078685557,0.2116439
2qcx_PF1_A_300,0.47877293,0.97400987,0.17184053,0.11997599,0.47854823,0.089774217,0.21476331
2qd1_CHD_D_802,0.48114995,0,0.17560311,0.10531321,0.48101184,0.078685557,0.2116439
2qd4_CHD_A_802,0.47877884,0.97158938,0.17184988,0.11993955,0.47855435,0.089746661,0.21475556
2qd4_CHD_A_803,0.47873536,0.9894045,0.17178106,0.12020774,0.47850929,0.089949478,0.21481262
2qd4_CHD_B_927,0.4787329,0.99041594,0.17177716,0.12022297,0.47850673,0.089960992,0.21481586
2qg6_NMN_A_301,0.47878901,0.96742342,0.17186597,0.11987684,0.47856489,0.089699233,0.21474222
2qgw_EES_B_1,0.47873627,0.98903237,0.1717825,0.12020214,0.47851023,0.089945241,0.21481143
2qhv_OC9_A_1001,0.47874773,0.98433836,0.17180063,0.12013148,0.4785221,0.089891802,0.21479639
2qim_ZEA_A_159,0.47876624,0.97675144,0.17182994,0.12001726,0.47854129,0.089805428,0.2147721
2qim_ZEA_A_160,0.47873381,0.99004032,0.17177861,0.12021732,0.47850768,0.089956716,0.21481465
2qim_ZEA_A_161,0.47997905,0.47978796,0.1737497,0.11253595,0.47979829,0.084147725,0.2131805
2qs2_UBF_A_603,0.47874592,0.98507909,0.17179777,0.12014263,0.47852023,0.089900235,0.21479877
2qse_1HP_A_1,0.4787678,0.97611122,0.17183241,0.12000763,0.47854291,0.08979814,0.21477004
2qui_LTN_A_501,0.48114995,0,0.17560311,0.10531321,0.48101184,0.078685557,0.2116439
2qui_LTN_B_478,0.48114995,0,0.17560311,0.10531321,0.48101184,0.078685557,0.2116439
2qvr_CIT_A_335,0.47880806,0.9596157,0.17189614,0.1197593,0.47858464,0.089610346,0.21471722
2qvr_FDP_A_333,0.48114995,0,0.17560311,0.10531321,0.48101184,0.078685557,0.2116439
2qx4_ML1_B_233,0.47881415,0.95711943,0.17190578,0.11972172,0.47859095,0.089581927,0.21470922
2qx9_ML2_A_233,0.48114995,0,0.17560311,0.10531321,0.48101184,0.078685557,0.2116439
2qxf_TMP_A_3000,0.48114995,0,0.17560311,0.10531321,0.48101184,0.078685557,0.2116439
2r0g_7CK_A_1355,0.47873469,0.98968096,0.17177999,0.12021191,0.47850859,0.089952625,0.2148135
2r0g_7CK_B_1357,0.47874875,0.98391776,0.17180226,0.12012515,0.47852317,0.089887014,0.21479505
2r3d_ACM_A_303,0.47872715,0.99277008,0.17176806,0.12025841,0.47850078,0.089987793,0.2148234
2r4j_13P_A_1968,0.47882353,0.95327715,0.17192062,0.11966388,0.47860067,0.089538184,0.21469692
2r4j_13P_B_816,0.48114995,0,0.17560311,0.10531321,0.48101184,0.078685557,0.2116439
2r4t_250_A_503,0.48114995,0,0.17560311,0.10531321,0.48101184,0.078685557,0.2116439
2r4t_GLC_A_502,0.47876873,0.97573251,0.17183388,0.12000193,0.47854387,0.089793828,0.21476883
2r5e_QLP_A_430,0.47874446,0.98567842,0.17179546,0.12015165,0.47851872,0.089907058,0.21480069
2r5e_QLP_B_430,0.48114995,0,0.17560311,0.10531321,0.48101184,0.078685557,0.2116439
2rbu_273_X_4001,0.47874319,0.9861965,0.17179345,0.12015945,0.4785174,0.089912956,0.21480234
2rbx_3AY_X_2001,0.47935545,0.73531767,0.17276259,0.11638271,0.47915197,0.087056814,0.21399887
2ri1_GLP_B_234,0.48114995,0,0.17560311,0.10531321,0.48101184,0.078685557,0.2116439
2rtn_IMI_B_300,0.47875751,0.98033077,0.17181611,0.12007115,0.47853224,0.089846177,0.21478356
2rtn_IMI_D_300,0.47877455,0.97334573,0.1718431,0.11996599,0.47854991,0.089766656,0.21476119
2tio_BEN_A_247,0.47873407,0.98993655,0.17177901,0.12021575,0.47850795,0.089955535,0.21481432
2tmk_ATM_A_217,0.48114995,0,0.17560311,0.10531321,0.48101184,0.078685557,0.2116439
2tmk_ATM_B_217,0.48114995,0,0.17560311,0.10531321,0.48101184,0.078685557,0.2116439
2uuj_896_B_1250,0.47874218,0.98661085,0.17179185,0.12016569,0.47851636,0.089917673,0.21480367
2uyv_TLA_A_1275,0.48114995,0,0.17560311,0.10531321,0.48101184,0.078685557,0.2116439
2uyv_TLA_A_1277,0.48114995,0,0.17560311,0.10531321,0.48101184,0.078685557,0.2116439
2uyv_TLA_B_1275,0.48114995,0,0.17560311,0.10531321,0.48101184,0.078685557,0.2116439
2uyv_TLA_C_1275,0.48114995,0,0.17560311,0.10531321,0.48101184,0.078685557,0.2116439
2uyv_TLA_D_1275,0.48114995,0,0.17560311,0.10531321,0.48101184,0.078685557,0.2116439
2uza_HTL_B_1236,0.48114995,0,0.17560311,0.10531321,0.48101184,0.078685557,0.2116439
2v32_BEZ_A_1222,0.47877142,0.97463072,0.17183813,0.11998534,0.47854666,0.089781285,0.2147653
2v32_BEZ_C_1222,0.47874869,0.98394586,0.17180215,0.12012557,0.4785231,0.089887333,0.21479514
2v32_BEZ_D_1221,0.47965695,0.64360891,0.17308699,0.11504971,0.47949843,0.072531026,0.21372936
2v60_C17_A_1503,0.47873199,0.99078766,0.17177572,0.12022857,0.47850579,0.089965224,0.21481705
2v60_C17_B_1498,0.47872116,0.99522476,0.17175858,0.12029536,0.47849457,0.090015739,0.21483126
2v7o_DRN_A_1303,0.47894722,0.90259409,0.17211641,0.1189009,0.47872886,0.08896118,0.2145346
2vag_V25_A_1482,0.47876113,0.9788465,0.17182185,0.1200488,0.478536,0.08982928,0.2147788
2vjb_CCD_A_1539,0.48114995,0,0.17560311,0.10531321,0.48101184,0.078685557,0.2116439
2vjb_CCD_A_1540,0.47877779,0.9720178,0.17184823,0.119946,0.47855327,0.089751538,0.21475693
2vkg_CF4_A_1064,0.48114995,0,0.17560311,0.10531321,0.48101184,0.078685557,0.2116439
2vlf_PLI_A_1457,0.48008156,0.64073588,0.17293777,0.11526142,0.48012109,0,0.21385009
2vlf_PLI_B_1459,0.48114995,0,0.17560311,0.10531321,0.48101184,0.078685557,0.2116439
2vmg_MBG_A_1179,0.48114995,0,0.17560311,0.10531321,0.48101184,0.078685557,0.2116439
2vmp_PLP_A_501,0.47897582,0.89087392,0.17216168,0.11872446,0.47875851,0.088827752,0.21449706
2vmw_PLP_A_501,0.47888772,0.92697569,0.17202222,0.11926794,0.4786672,0.089238754,0.21461268
2vsu_V55_D_1251,0.47875297,0.98219135,0.17180893,0.12009916,0.47852754,0.089867359,0.21478952
2vzu_PNJ_B_1904,0.47888403,0.92848602,0.17201639,0.11929067,0.47866337,0.089255948,0.21461752
2w0b_CMW_A_1450,0.47903504,0.86660758,0.17225542,0.11835915,0.47881989,0.08855149,0.21441934
2w1a_TSA_D_1091,0.47872428,0.99394766,0.17176351,0.12027614,0.4784978,0.090001199,0.21482717
2w5t_GP9_A_1644,0.48060918,0.22158762,0.17474712,0.108649,0.48045137,0.081208231,0.21235357
2w7k_PLP_A_501,0.48008154,0.64073595,0.17293777,0.11526141,0.48012108,1.9439347e-06,0.21385008
2wch_B7M_A_1145,0.47874346,0.98608675,0.17179388,0.1201578,0.47851768,0.089911706,0.21480199
2wdq_CBE_G_1130,0.47874989,0.98345321,0.17180405,0.12011815,0.47852434,0.089881725,0.21479356
2wdq_CBE_K_1130,0.47873417,0.98989522,0.17177917,0.12021513,0.47850805,0.089955064,0.21481419
2wdq_TEO_A_1589,0.4794718,0.6876402,0.17294677,0.11566497,0.47927256,0.086514028,0.21384617
2wdq_TEO_E_1589,0,0.67679416,0.55973547,0.068521282,0.96847194,0.085555577,0.9623516
2wdq_TEO_I_1589,0.47900506,0.87889196,0.17220797,0.11854408,0.47878882,0.088691343,0.21445869
2whq_HI6_A_1543,0.48114995,0,0.17560311,0.10531321,0.48101184,0.078685557,0.2116439
2whq_HI6_B_1545,0.48114995,0,0.17560311,0.10531321,0.48101184,0.078685557,0.2116439
2wj4_HQD_A_1281,0.48114995,0,0.17560311,0.10531321,0.48101184,0.078685557,0.2116439
2wj4_HQD_B_1278,0,0.9934234,0.48804769,0.086546806,0.99123582,0.089230094,0.69839958
2wj4_HQD_D_1278,0.47872036,0.99555117,0.17175732,0.12030028,0.47849374,0.090019455,0.2148323
2wu4_HBP_A_1544,0.47877188,0.97444016,0.17183887,0.11998247,0.47854714,0.089779115,0.21476469
2wzh_NGO_A_1589,0.47874066,0.98723503,0.17178944,0.12017508,0.47851478,0.089924779,0.21480567
2wzv_FMN_A_801,0.48114995,0,0.17560311,0.10531321,0.48101184,0.078685557,0.2116439
2wzv_FMN_B_801,0.48114995,0,0.17560311,0.10531321,0.48101184,0.078685557,0.2116439
2x05_X05_A_1900,0.48114995,0,0.17560311,0.10531321,0.48101184,0.078685557,0.2116439
2x05_X05_B_1900,0.48114995,0,0.17560311,0.10531321,0.48101184,0.078685557,0.2116439
2x0u_X0U_B_1291,0.4787198,0.99578285,0.17175642,0.12030376,0.47849316,0.090022092,0.21483305
2x6o_2TC_A_1209,0.48114995,0,0.17560311,0.10531321,0.48101184,0.078685557,0.2116439
2xh0_PEP_A_1440,0.47888692,0.92730214,0.17202096,0.11927285,0.47866637,0.08924247,0.21461373
2xh0_PEP_B_1440,0.47875691,0.98057397,0.17181517,0.12007481,0.47853163,0.089848946,0.21478434
2xh0_PEP_C_1440,0.47883589,0.9482127,0.17194019,0.11958764,0.47861348,0.089480528,0.2146807
2xhk_AKG_A_519,0.4790568,0.85769051,0.17228987,0.11822492,0.47884244,0.088449974,0.21439079
2xhk_AKG_B_519,0.48114995,0,0.17560311,0.10531321,0.48101184,0.078685557,0.2116439
2xmi_FLC_A_1379,0.47880431,0.9611541,0.17189019,0.11978246,0.47858075,0.08962786,0.21472214
2xoz_AMP_B_1664,0.48114995,0,0.17560311,0.10531321,0.48101184,0.078685557,0.2116439
2xta_TPP_A_2001,0.47877906,0.97150021,0.17185023,0.11993821,0.47855458,0.089745645,0.21475528
2xta_TPP_B_2001,0.48114995,0,0.17560311,0.10531321,0.48101184,0.078685557,0.2116439
2xta_TPP_C_2001,0.47876862,0.97577661,0.17183371,0.12000259,0.47854376,0.08979433,0.21476897
2xta_TPP_D_2001,0.47878086,0.97076316,0.17185307,0.11992712,0.47855644,0.089737254,0.21475292
2xul_AKG_A_201,0.48114995,0,0.17560311,0.10531321,0.48101184,0.078685557,0.2116439
2xul_AKG_B_201,0.47893122,0.90914845,0.17209109,0.11899957,0.47871229,0.089035799,0.21455559
2xul_AKG_C_201,0.47886522,0.93619629,0.1719866,0.11940675,0.47864387,0.089343726,0.21464221
2xul_AKG_D_201,0.48114991,1.7462243e-05,0.17560304,0.10531347,0.4810118,0.078685756,0.21164396
2xul_AKG_E_201,0.4789225,0.9127243,0.17207728,0.1190534,0.47870324,0.089076508,0.21456704
2xul_AKG_F_201,0.47896167,0.89667176,0.17213929,0.11881174,0.47874384,0.088893757,0.21451563
2xum_OGA_A_601,0.47876802,0.97602299,0.17183275,0.1200063,0.47854314,0.089797135,0.21476976
2xyj_WLM_A_1441,0,0.98875404,0.98419857,0,1.568986e-07,0.093270815,0.33540299
2xyj_WLM_A_1442,0.47881066,0.95854964,0.17190025,0.11974325,0.47858733,0.089598209,0.2147138
2xyj_WLM_B_1441,0.47874338,0.98612151,0.17179374,0.12015832,0.47851759,0.089912102,0.2148021
2xyj_WLM_B_1442,0.47884728,0.94354713,0.17195821,0.11951741,0.47862528,0.089427412,0.21466575
2y00_Y00_A_601,0.47873399,0.98996936,0.17177888,0.12021625,0.47850786,0.089955908,0.21481443
2y2f_YI1_A_1469,0.48114995,0,0.17560311,0.10531321,0.48101184,0.078685557,0.2116439
2y4j_LAC_A_400,0.47902924,0.86898395,0.17224624,0.11839493,0.47881388,0.088578544,0.21442695
2y4j_LAC_B_400,0.47884102,0.94610881,0.17194831,0.11955597,0.4786188,0.089456576,0.21467396
2ye5_2A7_A_1224,0.47900406,0.8793011,0.17220639,0.11855024,0.47878778,0.088696,0.21446
2yi6_6QM_A_1225,0.47884436,0.94474047,0.1719536,0.11953537,0.47862226,0.089440998,0.21466958
2yjd_YJD_A_1498,0.47871862,0.99626683,0.17175455,0.12031105,0.47849193,0.090027602,0.2148346
2yjd_YJD_B_1498,0,0.99442516,0.20049252,0.99529141,0.0016560646,0.091792402,0
2ynf_WHU_A_1563,0.48114995,0,0.17560311,0.10531321,0.48101184,0.078685557,0.2116439
2yp6_C6W_B_1186,0.47887768,0.93108995,0.17200633,0.11932987,0.47865679,0.089285593,0.21462586
2z20_PLP_A_701,0.47885635,0.93983054,0.17197257,0.11946146,0.47863468,0.089385101,0.21465385
2z20_PLP_B_801,0.47872445,0.99387726,0.17176378,0.12027508,0.47849798,0.090000398,0.21482694
2z26_DOR_A_1410,0.48114995,0,0.17560311,0.10531321,0.48101184,0.078685557,0.2116439
2z48_A2G_A_1005,0.47881672,0.95606889,0.17190984,0.11970591,0.47859361,0.089569967,0.21470586
2z48_A2G_B_2005,0.47886709,0.93542738,0.17198957,0.11939517,0.47864582,0.089334973,0.21463975
2z48_NGA_A_1002,0.48090629,0.099840673,0.17521742,0.10681621,0.48075931,0.079822197,0.21196366
2z48_NGA_A_1003,0.47874197,0.98669889,0.17179151,0.12016701,0.47851613,0.089918675,0.21480395
2z48_NGA_A_1004,0.47874695,0.98465698,0.1717994,0.12013627,0.4785213,0.089895429,0.21479741
2z48_NGA_A_1006,0.48114995,0,0.17560311,0.10531321,0.48101184,0.078685557,0.2116439
2z48_NGA_B_2002,0.4788539,0.94083218,0.1719687,0.11947653,0.47863215,0.089396504,0.21465706
2z48_NGA_B_2003,0.4787436,0.98603065,0.1717941,0.12015695,0.47851782,0.089911068,0.21480181
2z48_NGA_B_2004,0.4787567,0.98066015,0.17181484,0.12007611,0.47853141,0.089849927,0.21478461
2z48_NGA_B_2006,0.48114995,0,0.17560311,0.10531321,0.48101184,0.078685557,0.2116439
2z6j_TUI_A_501,0.47879161,0.96635597,0.1718701,0.11986077,0.47856759,0.089687081,0.2147388
2z7s_P01_A_1,0.4788196,0.95488661,0.1719144,0.11968811,0.4785966,0.089556507,0.21470207
2zce_PYL_A_601,0.48114995,0,0.17560311,0.10531321,0.48101184,0.078685557,0.2116439
2zgw_ADN_B_1302,0.47933162,0.74508115,0.17272488,0.11652969,0.47912727,0.087167967,0.21403014
2zgw_BTN_A_1401,0.47879735,0.9640034,0.17187919,0.11982535,0.47857354,0.089660298,0.21473127
2zgw_BTN_B_1402,0.47878723,0.96815357,0.17186315,0.11988783,0.47856304,0.089707545,0.21474456
2zi2_24U_H_801,0.47875747,0.98034485,0.17181606,0.12007136,0.47853221,0.089846338,0.2147836
2zka_AZA_A_302,0.47877843,0.97175762,0.17184923,0.11994209,0.47855393,0.089748576,0.2147561
2zm7_ACA_A_501,0.47876513,0.97720674,0.17182818,0.12002412,0.47854014,0.089810612,0.21477355
2zm9_ACA_A_501,0.47874186,0.98674316,0.17179134,0.12016768,0.47851602,0.089919179,0.2148041
2ztl_3HL_A_301,0.47880436,0.96113066,0.17189028,0.11978211,0.47858081,0.089627593,0.21472207
2ztl_3HL_B_301,0.47881966,0.9548612,0.1719145,0.11968773,0.47859666,0.089556218,0.21470199
2ztl_3HL_C_301,0.47878772,0.96795015,0.17186394,0.11988477,0.47856356,0.08970523,0.21474391
2ztl_3HL_D_301,0.47878369,0.96960408,0.17185755,0.11990967,0.47855937,0.089724059,0.2147492
2zut_A2G_A_4001,0.6321803,0.95362633,0,0.16459286,0.46458157,0.089199851,0.12917308
2zut_A2G_C_4003,0.47882854,0.95122427,0.17192855,0.11963298,0.47860586,0.089514813,0.21469034
2zuw_NDG_B_4002,0.47875757,0.98030664,0.17181621,0.12007078,0.4785323,0.089845903,0.21478348
2zuw_NDG_D_4004,0.47874389,0.98591184,0.17179455,0.12015517,0.47851812,0.089909715,0.21480143
2zvq_1NP_X_501,0.48099202,0.064714539,0.17535312,0.10628742,0.48084816,0.079422302,0.21185116
2zvq_1NP_X_502,0.48114994,2.6746594e-06,0.1756031,0.10531325,0.48101184,0.078685587,0.21164391
2zwt_CAM_A_422,0.48114995,0,0.17560311,0.10531321,0.48101184,0.078685557,0.2116439
2zyv_NPO_X_1601,0.47895284,0.90029235,0.1721253,0.11886625,0.47873469,0.088934976,0.21452722
2zyv_NPO_X_1602,0.4787243,0.9939377,0.17176355,0.12027599,0.47849782,0.090001086,0.21482714
3kt7_AKG_A_702,0.47874323,0.98618209,0.17179351,0.12015923,0.47851744,0.089912792,0.2148023
3mk1_NPO_A_911,0.47925363,0.77704057,0.17260142,0.11701081,0.47904643,0.087531811,0.21413249
3mk1_NPO_A_913,0.47873265,0.99051552,0.17177677,0.12022447,0.47850648,0.089962126,0.21481618
3qfx_CP6_B_702,0.98832834,0.99489177,0,0.97853974,0.98899696,0.086232054,0
3qgz_ADN_A_127,0.47874946,0.98362888,0.17180337,0.1201208,0.4785239,0.089883725,0.21479412
3qhd_795_A_167,0.48114982,5.4053409e-05,0.1756029,0.10531402,0.48101171,0.078686172,0.21164408
3qhd_CTN_A_165,0.47891784,0.91463334,0.1720699,0.11908214,0.47869841,0.089098242,0.21457315
3qhd_CTN_B_165,0.47877,0.97521263,0.17183589,0.1199941,0.47854519,0.08978791,0.21476717
3qk1_BEN_A_1010,0.47872983,0.99167222,0.1717723,0.12024188,0.47850355,0.089975295,0.21481988
3qss_MTG_A_405,0.47876755,0.9762163,0.17183201,0.12000921,0.47854265,0.089799336,0.21477038
3qss_MTG_B_405,0.47878051,0.97090356,0.17185253,0.11992923,0.47855609,0.089738853,0.21475337
3qt8_FM0_A_328,0.47882738,0.95169809,0.17192672,0.11964011,0.47860466,0.089520207,0.21469186
3qwi_CUE_A_272,0.47872034,0.99556184,0.17175728,0.12030044,0.47849372,0.090019576,0.21483234
3qwi_CUE_B_272,0.47872199,0.9948852,0.17175989,0.12029025,0.47849543,0.090011873,0.21483017
3qxx_8AC_A_221,0.47877777,0.97202613,0.17184819,0.11994613,0.47855325,0.089751633,0.21475696
3r3z_GOA_A_305,0.47878183,0.970365,0.17185461,0.11992112,0.47855745,0.089732721,0.21475164
3r3z_GOA_B_305,0.48017174,0,0.1751703,0.10353188,0.47391131,0.07871627,0.20810078
3r3z_GOA_C_305,0.47879503,0.96495594,0.17187551,0.11983969,0.47857113,0.089671142,0.21473432
3r3z_GOA_D_305,0.47882627,0.95215468,0.17192496,0.11964698,0.47860351,0.089525405,0.21469332
3r51_MMA_A_200,0.47879353,0.96556947,0.17187314,0.11984893,0.47856958,0.089678127,0.21473628
3rgz_BLD_A_800,0.025871044,0,0.47626348,0.073994183,0.9708063,0.077946304,0.67249508
3ro7_TDR_A_300,0.48114995,0,0.17560311,0.10531321,0.48101184,0.078685557,0.2116439
3roe_THM_B_265,0.48008156,0.64073588,0.17293777,0.11526142,0.48012109,0,0.21385009
3roe_THM_C_265,0.48114995,0,0.17560311,0.10531321,0.48101184,0.078685557,0.2116439
3roe_THM_D_265,0,0,0.49165801,0.06907543,0.98352505,0.077962261,0.69086476
3roe_THM_E_265,0.48114995,0,0.17560311,0.10531321,0.48101184,0.078685557,0.2116439
3roe_THM_F_265,0.48114995,0,0.17560311,0.10531321,0.48101184,0.078685557,0.2116439
3rop_NCA_A_302,0.48113841,0.0047277993,0.17558484,0.10538438,0.48099988,0.078739381,0.21165905
3rop_NCA_B_302,0.48112749,0.009204335,0.17556755,0.10545177,0.48098856,0.078790344,0.21167338
3rsc_TYD_A_397,0.48114995,0,0.17560311,0.10531321,0.48101184,0.078685557,0.2116439
3rsc_TYD_B_397,0.48114995,0,0.17560311,0.10531321,0.48101184,0.078685557,0.2116439
3ryd_SRT_A_271,0.47999758,0.4721969,0.17377902,0.11242168,0.47981749,0.084061304,0.21315618
3ryd_SRT_C_268,0.478916,0.91538844,0.17206698,0.1190935,0.4786965,0.089106838,0.21457557
3se2_3AB_C_4,0.47876716,0.97637724,0.17183139,0.12001163,0.47854224,0.089801168,0.2147709
3se2_3AB_D_3,0.47874325,0.98617436,0.17179354,0.12015912,0.47851746,0.089912704,0.21480227
3se2_LDR_A_1,0.48114995,0,0.17560311,0.10531321,0.48101184,0.078685557,0.2116439
3sj1_DXC_X_75,0.47875123,0.98290361,0.17180617,0.12010988,0.47852573,0.089875468,0.2147918
3sjh_LAR_A_503,0.48114995,0,0.17560311,0.10531321,0.48101184,0.078685557,0.2116439
3sli_SKD_A_760,0.47886218,0.9374417,0.17198179,0.11942549,0.47864072,0.089357905,0.2146462
3sp6_IL2_A_901,0.48114995,0,0.17560311,0.10531321,0.48101184,0.078685557,0.2116439
3sru_Q26_X_169,0.47883007,0.95059734,0.17193097,0.11962354,0.47860745,0.089507676,0.21468833
3t3q_9PL_A_501,0.48114995,0,0.17560311,0.10531321,0.48101184,0.078685557,0.2116439
3t3q_9PL_B_501,0.48114995,0,0.17560311,0.10531321,0.48101184,0.078685557,0.2116439
3t3q_9PL_C_501,0.48114995,0,0.17560311,0.10531321,0.48101184,0.078685557,0.2116439
3t3q_9PL_D_501,0.48114995,0,0.17560311,0.10531321,0.48101184,0.078685557,0.2116439
3te7_TE7_A_1,0.47878745,0.96806214,0.17186351,0.11988646,0.47856327,0.089706505,0.21474427
3te7_TE7_B_1,0.47878029,0.97099631,0.17185217,0.11993063,0.47855585,0.089739909,0.21475366
3tky_N7I_A_369,0.47878875,0.96752933,0.17186557,0.11987843,0.47856462,0.089700439,0.21474256
3tky_N7I_B_369,0.47876306,0.97805599,0.1718249,0.1200369,0.478538,0.08982028,0.21477627
3tky_N7I_C_369,0.4787379,0.98836349,0.17178508,0.12019207,0.47851192,0.089937626,0.21480928
3tky_N7I_D_369,0.4788638,0.93677682,0.17198436,0.11941548,0.4786424,0.089350335,0.21464407
3tye_XHP_B_901,0.99356677,0.99357731,0,0.37723746,0.99656712,0.086902481,0
3tye_XTZ_A_801,0.48114995,0,0.17560311,0.10531321,0.48101184,0.078685557,0.2116439
3tye_YTZ_B_902,0.480171,0.40113449,0.17405353,0.1113519,0.47999723,0.083252291,0.2129286
3tyn_CXW_A_800,0.478742,0.98668384,0.17179157,0.12016679,0.47851617,0.089918504,0.21480391
3tyn_CXW_B_800,0.47875642,0.98077541,0.1718144,0.12007784,0.47853112,0.089851239,0.21478498
3u1t_MLI_A_351,0.47886401,0.93668993,0.1719847,0.11941418,0.47864262,0.089349346,0.21464379
3u1t_MLI_B_350,0.47885006,0.94240646,0.17196261,0.11950023,0.47862817,0.089414426,0.2146621
3u3o_3QV_A_296,0.47872899,0.99201587,0.17177097,0.12024706,0.47850269,0.089979207,0.21482098
3u3o_3QV_A_297,0.47873568,0.98927618,0.17178156,0.12020581,0.47850962,0.089948017,0.21481221
3uu7_2OH_A_1,0.48114995,0,0.17560311,0.10531321,0.48101184,0.078685557,0.2116439
3uu7_2OH_B_1,0.48114995,0,0.17560311,0.10531321,0.48101184,0.078685557,0.2116439
3uud_EST_A_600,0.47876099,0.97890557,0.17182162,0.12004969,0.47853585,0.089829952,0.21477899
3uud_EST_B_600,0.47872649,0.99303972,0.17176702,0.12026247,0.4785001,0.089990863,0.21482426
3v1m_HPK_A_288,0.48006243,0.44562483,0.17388167,0.11202166,0.4798847,0.083758793,0.21307108
3v1s_0LH_B_401,0.47871978,0.99579135,0.17175639,0.12030389,0.47849314,0.090022189,0.21483307
3v1v_GST_A_511,0.47896383,0.89578693,0.1721427,0.11879842,0.47874608,0.088883684,0.21451279
3v7u_MTA_A_301,0.47939372,0.71963435,0.17282318,0.11614661,0.47919163,0.086878267,0.21394864
3v8n_5NB_A_301,0.47879321,0.96570269,0.17187262,0.11985094,0.47856924,0.089679643,0.21473671
3vbn_TYD_A_301,0.48114995,0,0.17560311,0.10531321,0.48101184,0.078685557,0.2116439
3vbn_TYD_C_301,0.48114995,0,0.17560311,0.10531321,0.48101184,0.078685557,0.2116439
3vbn_TYD_E_301,0.48114995,0,0.17560311,0.10531321,0.48101184,0.078685557,0.2116439
3vc3_C6P_A_501,0.48114995,0,0.17560311,0.10531321,0.48101184,0.078685557,0.2116439
3vc3_C6P_B_501,0.47885957,0.93850982,0.17197767,0.11944157,0.47863802,0.089370065,0.21464962
3vc3_C6P_D_501,0.4788085,0.95943501,0.17189683,0.11975658,0.47858509,0.089608289,0.21471664
3vc3_C6P_E_501,0.47885073,0.94213267,0.17196367,0.11949611,0.47862886,0.089411309,0.21466122
3vcp_PRO_A_502,0.48114995,0,0.17560311,0.10531321,0.48101184,0.078685557,0.2116439
3vmg_9CA_B_2001,0.48114995,0,0.17560311,0.10531321,0.48101184,0.078685557,0.2116439
3vnj_PSJ_A_301,0.48114995,0,0.17560311,0.10531321,0.48101184,0.078685557,0.2116439
3vnj_PSJ_B_301,0.48114995,0,0.17560311,0.10531321,0.48101184,0.078685557,0.2116439
3vnj_PSJ_C_301,0.48114995,0,0.17560311,0.10531321,0.48101184,0.078685557,0.2116439
3vnm_SDD_B_301,0.47896216,0.89647037,0.17214006,0.11880871,0.47874435,0.088891465,0.21451498
3vnm_SDD_C_301,0.48114995,0,0.17560311,0.10531321,0.48101184,0.078685557,0.2116439
3vnm_SDD_D_301,0.48114995,0,0.17560311,0.10531321,0.48101184,0.078685557,0.2116439
3vq4_0NX_A_304,0.39147618,0.63908281,0.2143886,4.9142656e-18,0.40314237,0.08648569,0.21602979
3vq4_0NX_B_303,0.47876295,0.97810158,0.17182473,0.12003759,0.47853788,0.089820799,0.21477642
3vq5_MMJ_A_1007,0.47873263,0.99052549,0.17177673,0.12022462,0.47850646,0.08996224,0.21481621
3vq5_MMJ_B_307,0.47871752,0.99671805,0.17175281,0.12031784,0.47849079,0.090032739,0.21483604
3vqe_FMQ_A_1006,0.98665076,0.44565346,0,0.35524885,0.94627712,0.080714461,0.22696975
3vqe_FMQ_B_306,0.47999244,0.47430214,0.17377089,0.11245337,0.47981217,0.084085271,0.21316293
3vv5_SLZ_A_300,0.48114995,0,0.17560311,0.10531321,0.48101184,0.078685557,0.2116439
3vv5_SLZ_B_301,0.47899552,0.88280155,0.17219287,0.11860294,0.47877893,0.088735851,0.21447121
3w4i_8LG_A_402,0.4787857,0.96877712,0.17186075,0.11989722,0.47856146,0.089714644,0.21474656
3w4i_8LG_B_402,0.48114995,0,0.17560311,0.10531321,0.48101184,0.078685557,0.2116439
3w4i_8LG_C_402,0.48114995,0,0.17560311,0.10531321,0.48101184,0.078685557,0.2116439
3w4i_8LG_D_402,0.48114995,0,0.17560311,0.10531321,0.48101184,0.078685557,0.2116439
3w7f_FPS_A_301,0.47919523,0.80097035,0.17250898,0.11737105,0.47898591,0.08780424,0.21420913
3w7f_FPS_A_302,0.47884371,0.94500709,0.17195257,0.11953938,0.47862159,0.089444033,0.21467043
3w7f_FPS_B_301,0.48114995,0,0.17560311,0.10531321,0.48101184,0.078685557,0.2116439
3w7f_FPS_B_302,0.48114995,0,0.17560311,0.10531321,0.48101184,0.078685557,0.2116439
3w8x_FTK_A_601,0.47876996,0.9752265,0.17183583,0.11999431,0.47854515,0.089788067,0.21476721
3w8x_FTK_B_601,0.48114995,0,0.17560311,0.10531321,0.48101184,0.078685557,0.2116439
3wat_BGC_A_403,0.47874226,0.98657801,0.17179198,0.12016519,0.47851644,0.089917299,0.21480357
3wat_BGC_B_403,0.47874628,0.98493243,0.17179834,0.12014042,0.4785206,0.089898565,0.2147983
3wat_BMA_A_404,0.48114995,0,0.17560311,0.10531321,0.48101184,0.078685557,0.2116439
3wat_BMA_B_404,0.48114995,0,0.17560311,0.10531321,0.48101184,0.078685557,0.2116439
3wca_FPS_A_501,0.41946302,0.82798246,0.14504366,0.00771698,0.017159375,0.090012258,0
3wca_FPS_B_401,0.47882903,0.95102449,0.17192932,0.11962997,0.47860637,0.089512539,0.2146897
3wca_FPS_C_402,0.47891568,0.91551948,0.17206648,0.11909548,0.47869617,0.08910833,0.21457599
3wca_FPS_D_401,0.47926458,0.772551,0.17261876,0.11694322,0.47905779,0.087480699,0.21411811
3wgc_PLG_A_401,0.47880736,0.95990179,0.17189503,0.11976361,0.47858391,0.089613603,0.21471813
3wgc_PLG_B_401,0.47881916,0.95506587,0.17191371,0.11969081,0.47859615,0.089558548,0.21470264
3wgc_PLG_C_401,0.4787525,0.98238279,0.17180819,0.12010204,0.47852705,0.089869539,0.21479013
3wgc_PLG_D_401,0.47878103,0.97069312,0.17185334,0.11992606,0.47855662,0.089736457,0.21475269
3wk1_O7E_A_301,0.98620248,0,0,0.35751464,0.98950946,0.075477572,0.247008
3wlf_FEH_A_401,0.48114995,0,0.17560311,0.10531321,0.48101184,0.078685557,0.2116439
3wlf_FEH_B_401,0.48114995,0,0.17560311,0.10531321,0.48101184,0.078685557,0.2116439
3wlf_FEH_C_401,0.48114995,0,0.17560311,0.10531321,0.48101184,0.078685557,0.2116439
3wlf_FEH_D_401,0.48114995,0,0.17560311,0.10531321,0.48101184,0.078685557,0.2116439
3wqs_KBK_B_503,0.47896622,0.89480911,0.17214648,0.1187837,0.47874856,0.088872552,0.21450966
3wr4_GDE_B_502,0.47874022,0.98741293,0.17178876,0.12017776,0.47851433,0.089926805,0.21480624
3wsg_CIT_A_302,0.47934938,0.7378061,0.17275298,0.11642017,0.47914567,0.087085144,0.21400684
3wsg_CIT_B_302,0.47874931,0.98369108,0.17180313,0.12012173,0.47852374,0.089884433,0.21479432
3wsg_CIT_C_302,0.4799691,0.4838645,0.17373395,0.11259732,0.47978798,0.084194134,0.21319355
3wsg_CIT_D_302,0.47935439,0.73575232,0.17276091,0.11638925,0.47915087,0.087061763,0.21400026
3wsg_CIT_E_302,0.47959948,0.63532418,0.17314887,0.1148774,0.47940488,0.085918434,0.21367862
3wsg_CIT_F_302,0.47913631,0.82511065,0.17241573,0.11773446,0.47892485,0.088079067,0.21428644
3wug_XYP_B_1,0.48114995,0,0.17560311,0.10531321,0.48101184,0.078685557,0.2116439
3wug_XYP_C_2,0.48114995,0,0.17560311,0.10531321,0.48101184,0.078685557,0.2116439
3wur_O4B_A_202,0.48021759,0.38204476,0.17412728,0.11106452,0.48004552,0.083034963,0.21286746
3wur_O4B_B_201,0.48090134,0.10187215,0.17520958,0.10684679,0.48075417,0.079845325,0.21197017
3wur_O4B_B_202,0.47904997,0.86049093,0.17227905,0.11826707,0.47883536,0.088481855,0.21439975
3wur_O4B_B_204,0.48101029,0.057226008,0.17538204,0.10617469,0.4808671,0.079337049,0.21182718
3wwc_BUA_A_402,0.48114995,0,0.17560311,0.10531321,0.48101184,0.078685557,0.2116439
3wwc_BUA_A_403,0.47875136,0.98285024,0.17180638,0.12010908,0.47852587,0.08987486,0.21479163
3wxo_NIZ_A_802,0.47883569,0.94829447,0.17193987,0.11958887,0.47861327,0.089481459,0.21468096
3wxo_NIZ_A_803,0.47872761,0.99258045,0.17176879,0.12025555,0.47850126,0.089985634,0.21482279
3wxo_NIZ_A_804,0.48114545,0.0018437698,0.17559598,0.10534096,0.48100718,0.078706547,0.21164981
3wzo_ZOE_A_201,0.47876549,0.97706116,0.17182874,0.12002193,0.47854051,0.089808954,0.21477309
3wzo_ZOE_B_201,0.47878396,0.96949058,0.17185799,0.11990796,0.47855966,0.089722767,0.21474884
3zbs_OVE_A_1380,0.47872569,0.99336901,0.17176575,0.12026743,0.47849926,0.089994612,0.21482532
3zcm_PX3_A_1214,0.47876947,0.97542855,0.17183505,0.11999735,0.47854464,0.089790368,0.21476786
3zcm_PX3_B_1216,0.48114995,0,0.17560311,0.10531321,0.48101184,0.078685557,0.2116439
3zjq_NCA_A_300,0.47873626,0.98903597,0.17178249,0.1202022,0.47851022,0.089945282,0.21481144
3zog_A2Q_A_200,0.48114995,0,0.17560311,0.10531321,0.48101184,0.078685557,0.2116439
3zp7_PRE_A_1118,0.48114995,0,0.17560311,0.10531321,0.48101184,0.078685557,0.2116439
3zr0_8OG_B_1157,0.48114995,0,0.17560311,0.10531321,0.48101184,0.078685557,0.2116439
3zv6_4HB_A_1277,0.47895673,0.89869674,0.17213146,0.11884223,0.47873872,0.088916811,0.21452211
3zwe_FUC_A_110,0.47877145,0.97461679,0.17183819,0.11998513,0.47854669,0.089781126,0.21476526
3zwt_KFZ_A_1401,0.48114995,0,0.17560311,0.10531321,0.48101184,0.078685557,0.2116439
3zwt_ORO_A_1398,0.54593454,0,1.5108151e-08,0.034033244,0.00013061549,0.080266585,0
3zyx_MBT_A_601,0.48114995,0,0.17560311,0.10531321,0.48101184,0.078685557,0.2116439
3zyx_MBT_B_601,0.48114995,0,0.17560311,0.10531321,0.48101184,0.078685557,0.2116439
3zzm_JLN_A_1526,0.47880817,0.95957127,0.17189631,0.11975863,0.47858475,0.08960984,0.21471707
3zzv_FUC_B_401,0.47877395,0.97359332,0.17184214,0.11996972,0.47854928,0.089769475,0.21476198
4a01_2PN_B_1773,0.99262336,0,0,0.14550115,0,0.079148755,0
4a3u_NCA_A_1359,0.47875762,0.98028514,0.17181629,0.12007046,0.47853236,0.089845658,0.21478341
4a7a_RGZ_A_601,0.47872845,0.99223694,0.17177012,0.12025038,0.47850213,0.089981724,0.21482169
4a7a_RGZ_B_601,0.47872811,0.99237717,0.17176958,0.12025249,0.47850177,0.08998332,0.21482214
4a7x_UDP_B_1241,0.47884629,0.94395304,0.17195664,0.11952352,0.47862425,0.089432033,0.21466705
4a8p_PAO_A_1340,0.47873269,0.99050105,0.17177683,0.12022425,0.47850652,0.089961961,0.21481613
4a8p_PAO_C_1340,0.47880133,0.9623727,0.17188549,0.11980081,0.47857766,0.089641733,0.21472605
4a8p_PAO_D_1340,0.48087452,0.11285953,0.17516713,0.1070122,0.48072638,0.079970411,0.21200535
4a8p_PAO_F_1340,0.4787505,0.98320382,0.17180502,0.1201144,0.47852497,0.089878886,0.21479276
4a9j_TYL_A_1188,0.47873076,0.99128895,0.17177378,0.12023611,0.47850452,0.089970931,0.21481865
4a9j_TYL_B_1187,0.47872448,0.99386227,0.17176384,0.12027485,0.47849802,0.090000227,0.2148269
4a9j_TYL_C_1184,0.47871966,0.99584009,0.1717562,0.12030463,0.47849301,0.090022744,0.21483323
4adl_LMR_D_1468,0.48114995,0,0.17560311,0.10531321,0.48101184,0.078685557,0.2116439
4adm_SRT_C_1466,0.48114995,0,0.17560311,0.10531321,0.48101184,0.078685557,0.2116439
4ajj_88R_B_1333,0.47876413,0.97761899,0.17182659,0.12003032,0.4785391,0.089815305,0.21477487
4ajj_88R_C_1335,0.47875292,0.98221044,0.17180885,0.12009944,0.47852749,0.089867577,0.21478958
4ajj_88S_A_1332,0.47875093,0.9830246,0.17180571,0.1201117,0.47852543,0.089876845,0.21479219
4ajj_88S_B_1332,0.47874598,0.98505575,0.17179786,0.12014228,0.47852029,0.089899969,0.21479869
4ajj_88S_C_1334,0.63198896,0.98744677,7.8162077e-39,0.16506987,0.46450471,0.089585128,0.12934137
4ajj_88S_D_1332,0.39147618,0.63908281,0.2143886,7.0424534e-39,0.40314237,0.08648569,0.21602979
4ajj_MLI_A_1333,0.47888756,0.92703882,0.17202198,0.11926889,0.47866704,0.089239473,0.21461288
4ajj_MLI_D_1333,0.47899018,0.88498949,0.17218441,0.11863588,0.47877339,0.08876076,0.21447821
4al9_GLA_A_1123,0.47875188,0.982636,0.17180721,0.12010585,0.47852641,0.089872421,0.21479094
4al9_GLA_B_1123,0.47877854,0.97171405,0.1718494,0.11994143,0.47855404,0.08974808,0.21475596
4al9_GLA_C_1123,0.47877064,0.97494753,0.17183691,0.11999011,0.47854586,0.089784892,0.21476632
4al9_GLA_D_1123,0.47878767,0.96796943,0.17186387,0.11988506,0.47856351,0.089705449,0.21474397
4al9_GLA_E_1123,0.47874934,0.98367711,0.17180319,0.12012152,0.47852378,0.089884274,0.21479428
4al9_GLA_G_1123,0.47879563,0.96471079,0.17187645,0.119836,0.47857175,0.089668351,0.21473353
4aql_TXC_A_1452,0.48114995,0,0.17560311,0.10531321,0.48101184,0.078685557,0.2116439
4aw0_MJF_A_600,0.48114995,0,0.17560311,0.10531321,0.48101184,0.078685557,0.2116439
4b1f_DGL_A_1257,0.47875824,0.98003017,0.17181727,0.12006662,0.478533,0.089842755,0.2147826
4b1f_DGL_B_1256,0.47876047,0.97911739,0.1718208,0.12005288,0.47853531,0.089832364,0.21477967
4b1f_KRH_A_1256,0.47877036,0.97506368,0.17183646,0.11999186,0.47854556,0.089786214,0.21476669
4b1f_KRH_B_1257,0.47882656,0.95203713,0.17192541,0.11964521,0.47860381,0.089524067,0.21469294
4b1y_LAB_B_1376,0.48114995,0,0.17560311,0.10531321,0.48101184,0.078685557,0.2116439
4b5v_E8U_A_1253,0.47876612,0.97680147,0.17182975,0.12001802,0.47854117,0.089805998,0.21477226
4b5v_E8U_B_1254,0.47877037,0.97506043,0.17183647,0.11999181,0.47854557,0.089786177,0.21476668
4b98_PXG_A_470,0.47882894,0.95105891,0.17192919,0.11963049,0.47860628,0.08951293,0.21468981
4b98_PXG_B_470,0.47874314,0.98621689,0.17179338,0.12015976,0.47851735,0.089913188,0.21480241
4b98_PXG_D_470,0.48114995,0,0.17560311,0.10531321,0.48101184,0.078685557,0.2116439
4bbx_LKF_A_1760,0.48114995,0,0.17560311,0.10531321,0.48101184,0.078685557,0.2116439
4bdr_CYS_B_804,0.47958661,0.64059435,0.17312851,0.11495674,0.47939155,0.085978433,0.2136955
4bdr_KAI_B_900,0.47878527,0.96895492,0.17186006,0.1198999,0.47856101,0.089716668,0.21474713
4bq5_GAL_C_1,0.47960999,0.6310171,0.1731655,0.11481256,0.47941578,0.0858694,0.21366483
4bu7_25F_A_2165,0.48114995,0,0.17560311,0.10531321,0.48101184,0.078685557,0.2116439
4bu7_25F_C_2165,0.48114995,0,0.17560311,0.10531321,0.48101184,0.078685557,0.2116439
4buf_F36_A_2162,0.48114995,0,0.17560311,0.10531321,0.48101184,0.078685557,0.2116439
4buf_F36_B_2162,0.48114995,0,0.17560311,0.10531321,0.48101184,0.078685557,0.2116439
4buv_16I_A_2165,0.48114995,0,0.17560311,0.10531321,0.48101184,0.078685557,0.2116439
4bux_F35_A_2166,0.48114995,0,0.17560311,0.10531321,0.48101184,0.078685557,0.2116439
4bvh_OCZ_A_1393,0.48114995,0,0.17560311,0.10531321,0.48101184,0.078685557,0.2116439
4bvh_OCZ_C_1394,0.48114995,0,0.17560311,0.10531321,0.48101184,0.078685557,0.2116439
4bz6_SHH_B_700,0.47882792,0.95147877,0.17192757,0.11963681,0.47860522,0.08951771,0.21469116
4bz6_SHH_C_700,0.47883972,0.94664435,0.17194624,0.11956403,0.47861745,0.089462673,0.21467567
4bz6_SHH_D_700,0.4788972,0.92309055,0.17203723,0.11920945,0.47867702,0.089194523,0.21460024
4c2p_X8Z_A_709,0.6322211,0.94641592,0,0.16449117,0.46459796,0.089117711,0.1291372
4c2z_646_A_1498,0.47879837,0.96358836,0.17188079,0.11981911,0.47857459,0.089655573,0.21472994
4c7g_NGO_A_1495,0.39147618,0.63908281,0.2143886,0,0.40314237,0.08648569,0.21602979
4can_M7K_A_800,0.4787701,0.97516882,0.17183605,0.11999344,0.4785453,0.089787411,0.21476703
4can_M7K_B_800,0.47875743,0.9803628,0.17181599,0.12007163,0.47853216,0.089846542,0.21478366
4cb5_93G_A_1484,0.48114995,0,0.17560311,0.10531321,0.48101184,0.078685557,0.2116439
4cdt_M48_A_801,0.4169227,0.98176314,0.14344802,0.0060255295,3.4183517e-08,0.091832184,0
4cdt_M48_B_801,0.47877468,0.97329413,0.1718433,0.11996522,0.47855004,0.089766068,0.21476102
4cjs_L0Y_A_1217,0.4787506,0.98316231,0.17180518,0.12011377,0.47852508,0.089878413,0.21479263
4cjs_L0Y_B_1217,0.47879057,0.96678194,0.17186845,0.11986718,0.47856651,0.08969193,0.21474017
4cju_JNS_A_1217,0.47890112,0.92148333,0.17204344,0.11918526,0.47868109,0.089176226,0.21459509
4cju_JNS_B_1214,0.47875165,0.98273282,0.17180683,0.12010731,0.47852617,0.089873524,0.21479125
4cjv_IV2_A_1212,0.47871671,0.99705003,0.17175153,0.12032284,0.47848995,0.090036518,0.2148371
4cjv_IV2_B_1215,0.59439034,0.64248074,0.086570581,0.12286208,0.34201354,0.086231908,0.052108639
4cjw_CBJ_A_1215,0.47883675,0.94785945,0.17194155,0.11958232,0.47861437,0.089476506,0.21467956
4cjw_CBJ_A_1216,0.48114995,0,0.17560311,0.10531321,0.48101184,0.078685557,0.2116439
4cjw_CBJ_B_1217,0.47888131,0.9296023,0.17201208,0.11930748,0.47866055,0.089268657,0.21462109
4cjw_CBJ_B_1218,0.47952195,0.66709005,0.17302615,0.11535561,0.47932454,0.086280074,0.21378036
4cld_JUO_B_1270,0.48114995,0,0.17560311,0.10531321,0.48101184,0.078685557,0.2116439
4cld_JUO_C_1270,0.48114995,0,0.17560311,0.10531321,0.48101184,0.078685557,0.2116439
4cld_JUO_D_1270,0.48007949,0.64074987,0.1729385,0.11526039,0.48011806,0.00035335744,0.2138495
4cle_JR2_A_1270,0.48114995,0,0.17560311,0.10531321,0.48101184,0.078685557,0.2116439
4cle_JR2_A_1271,0.48114995,0,0.17560311,0.10531321,0.48101184,0.078685557,0.2116439
4cle_JR2_C_1270,0.48114995,0,0.17560311,0.10531321,0.48101184,0.078685557,0.2116439
4cle_JR2_D_1270,0.48114995,0,0.17560311,0.10531321,0.48101184,0.078685557,0.2116439
4cle_JR2_D_1271,0.48114995,0,0.17560311,0.10531321,0.48101184,0.078685557,0.2116439
4clo_XP0_B_1270,0.48114995,0,0.17560311,0.10531321,0.48101184,0.078685557,0.2116439
4clo_XP0_D_1270,0.48114995,0,0.17560311,0.10531321,0.48101184,0.078685557,0.2116439
4clr_FDB_B_1270,0.47873231,0.99065635,0.17177623,0.12022659,0.47850612,0.089963729,0.21481663
4clr_FDB_C_1270,0.47872121,0.99520353,0.17175866,0.12029504,0.47849462,0.090015497,0.21483119
4clr_FDB_D_1270,0.47872828,0.99230682,0.17176985,0.12025144,0.47850195,0.089982519,0.21482191
4cme_KTZ_A_1270,0.48114995,0,0.17560311,0.10531321,0.48101184,0.078685557,0.2116439
4cme_KTZ_C_1270,0.39147618,0.63908281,0.2143886,0,0.40314237,0.08648569,0.21602979
4cme_KTZ_D_1270,0.48114995,0,0.17560311,0.10531321,0.48101184,0.078685557,0.2116439
4cmk_FQW_A_1270,0.47882281,0.95357381,0.17191948,0.11966835,0.47859992,0.089541561,0.21469787
4cmk_FQW_C_1270,0.41711565,0.9273197,0.14368947,0.0053220125,0.00060229797,0.091210358,0
4cmk_FQW_D_1270,0.47885281,0.94127894,0.17196697,0.11948326,0.47863102,0.08940159,0.21465849
4cno_9PY_D_301,0.4787708,0.97488296,0.17183716,0.11998914,0.47854602,0.089784157,0.21476611
4cpp_ADM_A_422,0.47886793,0.9350857,0.17199089,0.11939003,0.47864668,0.089331083,0.21463865
4crg_J4X_A_1493,0.47875207,0.98255946,0.1718075,0.1201047,0.4785266,0.08987155,0.2147907
4cw2_XDS_A_1303,0.48114995,0,0.17560311,0.10531321,0.48101184,0.078685557,0.2116439
4cx6_Q16_A_800,0.47874368,0.98599476,0.17179423,0.12015641,0.47851792,0.089910659,0.2148017
4cx6_Q16_B_800,0.47875276,0.98227784,0.17180859,0.12010046,0.47852732,0.089868344,0.21478979
4cxr_2BG_A_502,0.47872348,0.9942728,0.17176226,0.12028103,0.47849698,0.090004901,0.21482821
4d06_NAR_A_301,0.47872424,0.99396333,0.17176345,0.12027637,0.47849776,0.090001378,0.21482722
4d06_NAR_D_302,0.47876655,0.97662485,0.17183043,0.12001536,0.47854161,0.089803987,0.21477169
4d06_NAR_F_301,0.47882178,0.95399504,0.17191785,0.11967469,0.47859885,0.089546357,0.21469921
4d06_NAR_F_302,0.48059378,0.22789637,0.17472275,0.10874397,0.48043541,0.081280053,0.21237378
4d06_X8W_B_301,0.47874794,0.98425318,0.17180096,0.1201302,0.47852232,0.089890832,0.21479612
4d06_X8W_D_303,0.48106348,0.035432403,0.17546623,0.10584661,0.48092222,0.079088939,0.21175738
4d0z_BBK_E_1584,0.48114995,0,0.17560311,0.10531321,0.48101184,0.078685557,0.2116439
4d2c_ALA_A_508,0.47877473,0.97327179,0.17184338,0.11996488,0.4785501,0.089765814,0.21476095
4d3s_BOG_F_1000,0.4787398,0.98758705,0.17178808,0.12018038,0.47851389,0.089928787,0.2148068
4d3s_BOG_H_1000,0.48114995,0,0.17560311,0.10531321,0.48101184,0.078685557,0.2116439
4d4u_FUC_A_950,0.4787852,0.96898335,0.17185995,0.11990032,0.47856094,0.089716992,0.21474722
4d5e_TPP_B_1590,0.48114995,0,0.17560311,0.10531321,0.48101184,0.078685557,0.2116439
4d96_5PA_A_501,0.48114995,0,0.17560311,0.10531321,0.48101184,0.078685557,0.2116439
4d96_5PA_C_402,0.4787557,0.98107244,0.17181325,0.12008231,0.47853037,0.089854621,0.21478593
4d96_5PA_D_501,0.48114995,0,0.17560311,0.10531321,0.48101184,0.078685557,0.2116439
4dab_HPA_A_301,0.47871796,0.99653745,0.17175351,0.12031512,0.47849125,0.090030683,0.21483546
4dch_4DC_A_502,0.48114995,0,0.17560311,0.10531321,0.48101184,0.078685557,0.2116439
4dch_GLC_A_501,0.47874974,0.98351441,0.17180382,0.12011907,0.47852419,0.089882422,0.21479375
4dd8_BAT_A_1000,0.47884561,0.94422995,0.17195557,0.11952768,0.47862355,0.089435186,0.21466794
4dd8_BAT_B_1000,0.47881288,0.95764167,0.17190376,0.11972958,0.47858963,0.089587872,0.21471089
4dd8_BAT_C_1000,0.47914625,0.82103748,0.17243146,0.11767314,0.47893515,0.088032696,0.2142734
4dd8_BAT_D_1000,0.47905855,0.85697465,0.17229264,0.11821414,0.47884425,0.088441824,0.21438849
4do1_ANN_A_502,0.47875312,0.98213036,0.17180916,0.12009824,0.47852769,0.089866665,0.21478932
4do1_ANN_B_502,0.63161593,0.98563776,0.056547912,0.13063088,0.29557622,0.090213193,0
4do1_ANN_C_502,0.47876053,0.97909159,0.1718209,0.12005249,0.47853538,0.08983207,0.21477959
4dt8_ADN_A_401,0.47873312,0.99032548,0.1717775,0.12022161,0.47850696,0.089959963,0.21481557
4dt8_ADN_B_401,0.47874485,0.98551584,0.17179608,0.1201492,0.47851913,0.089905207,0.21480016
4dta_ADN_A_401,0.47877097,0.97481296,0.17183743,0.11998808,0.4785462,0.08978336,0.21476589
4dta_ADN_B_401,0.478822,0.95390452,0.1719182,0.11967333,0.47859908,0.089545326,0.21469892
4dtb_GMP_A_401,0.48114995,0,0.17560311,0.10531321,0.48101184,0.078685557,0.2116439
4dtb_GMP_B_401,0.48114995,0,0.17560311,0.10531321,0.48101184,0.078685557,0.2116439
4du7_DP6_B_401,0.39147618,0.63908281,0.2143886,2.5978831e-51,0.40314237,0.08648569,0.21602979
4dvw_0M4_A_512,0.47873841,0.98815446,0.17178589,0.12018893,0.47851245,0.089935246,0.21480862
4dvw_0M4_B_512,0.47873153,0.99097395,0.171775,0.12023137,0.47850532,0.089967345,0.21481764
4dwv_PFB_A_378,0.47875052,0.98319331,0.17180506,0.12011424,0.478525,0.089878766,0.21479273
4dwv_PFB_B_378,0.47875347,0.98198648,0.17180972,0.12009607,0.47852805,0.089865027,0.21478886
4e7v_CRS_A_101,0.4787433,0.98615407,0.17179362,0.12015881,0.47851751,0.089912473,0.21480221
4e7v_CRS_C_101,0.47873156,0.99096455,0.17177504,0.12023123,0.47850534,0.089967238,0.21481761
4e7v_CRS_I_101,0.47874106,0.98707028,0.17179008,0.1201726,0.47851519,0.089922904,0.21480514
4e7v_CRS_K_101,0.99652202,0.9820967,0.12129515,0.35788413,0.98189861,0.08623545,0.98171348
4e7v_CRS_M_101,0.47874016,0.98743952,0.17178865,0.12017816,0.47851426,0.089927107,0.21480633
4e7v_CRS_O_101,0.47874033,0.98736929,0.17178892,0.12017711,0.47851444,0.089926308,0.2148061
4e7v_CRS_Q_101,0.47873992,0.98753869,0.17178827,0.12017966,0.47851401,0.089928236,0.21480664
4e7v_CRS_U_101,0.47873294,0.99039757,0.17177723,0.12022269,0.47850678,0.089960783,0.2148158
4e9z_651_A_301,0.48114995,0,0.17560311,0.10531321,0.48101184,0.078685557,0.2116439
4ea0_651_B_305,0.47873133,0.99105793,0.17177468,0.12023263,0.47850511,0.089968301,0.21481791
4eip_K2C_A_601,0.47873399,0.98996642,0.17177889,0.1202162,0.47850787,0.089955875,0.21481442
4ejh_0QA_D_502,0.4794688,0.68886984,0.17294202,0.11568348,0.47926945,0.086528027,0.21385011
4ejh_0QA_E_502,0.48114972,9.265573e-05,0.17560275,0.1053146,0.48101161,0.078686612,0.2116442
4ejh_0QA_F_502,0.48114995,0,0.17560311,0.10531321,0.48101184,0.078685557,0.2116439
4ek1_CAM_A_502,0.47874447,0.98567145,0.17179548,0.12015155,0.47851873,0.089906979,0.21480066
4ek1_CAM_B_502,0.48114995,0,0.17560311,0.10531321,0.48101184,0.078685557,0.2116439
4ekr_0R0_A_202,0.47872958,0.99177384,0.17177191,0.12024341,0.4785033,0.089976451,0.21482021
4ekr_0R0_A_203,0.47885188,0.94166089,0.17196549,0.11948901,0.47863005,0.089405938,0.21465971
4ekr_0R0_B_203,0,0.99207739,0.42373768,0,0.42822557,0.091328913,0.41012138
4evi_C9M_A_402,0.47876269,0.97820645,0.17182432,0.12003917,0.47853761,0.089821993,0.21477676
4evq_PHB_A_406,0.99542033,0.99270094,0,0.37768382,0.99658743,0.086887866,0
4evq_PHB_B_402,0.47872876,0.99211104,0.17177061,0.12024849,0.47850244,0.08998029,0.21482129
4evs_PHB_A_408,0.47873398,0.98997319,0.17177887,0.12021631,0.47850785,0.089955952,0.21481444
4f06_PHB_A_401,0.47873106,0.99116736,0.17177425,0.12023428,0.47850483,0.089969547,0.21481826
4f8n_GAL_A_204,0.47880122,0.96241952,0.1718853,0.11980151,0.47857755,0.089642266,0.2147262
4f8n_PC_A_202,0.47888119,0.92965042,0.17201189,0.1193082,0.47866043,0.089269205,0.21462125
4fa2_SB0_A_402,0.48114995,0,0.17560311,0.10531321,0.48101184,0.078685557,0.2116439
4fh7_TBP_A_202,0.48109955,0.020652629,0.17552333,0.10562411,0.4809596,0.078920678,0.21171005
4fm6_TYR_C_259,0.48114995,0,0.17560311,0.10531321,0.48101184,0.078685557,0.2116439
4fxr_BMP_A_301,0.478825,0.9526753,0.17192295,0.11965482,0.47860219,0.089531332,0.21469499
4fxr_BMP_B_301,0.47880296,0.96170767,0.17188805,0.11979079,0.47857935,0.089634162,0.21472392
4g1q_T27_A_601,0.48114995,0,0.17560311,0.10531321,0.48101184,0.078685557,0.2116439
4g1x_TQU_A_409,0.47883724,0.94765954,0.17194232,0.11957931,0.47861488,0.08947423,0.21467892
4g1x_TQU_A_410,0.47872203,0.99486641,0.17175996,0.12028997,0.47849548,0.090011659,0.21483011
4gcq_0JM_A_401,0.39147618,0.63908281,0.2143886,2.8373621e-11,0.40314237,0.08648569,0.21602979
4gcq_0JM_B_401,0.47878137,0.97055429,0.17185388,0.11992397,0.47855697,0.089734877,0.21475225
4gh8_MTX_B_201,0.48114995,0,0.17560311,0.10531321,0.48101184,0.078685557,0.2116439
4ghf_4NC_A_402,0.47886023,0.93823821,0.17197872,0.11943748,0.47863871,0.089366973,0.21464875
4ghf_4NC_C_402,0.47884,0.94652896,0.17194669,0.11956229,0.47861774,0.089461359,0.2146753
4ghf_4NC_D_402,0.47887537,0.93203626,0.17200267,0.11934412,0.4786544,0.089296366,0.21462889
4gim_PSU_A_400,0.47904562,0.86227518,0.17227216,0.11829393,0.47883085,0.088502168,0.21440547
4gim_PSU_B_400,0.47891667,0.91511043,0.17206806,0.11908932,0.47869721,0.089103673,0.21457468
4gim_PSU_C_400,0.47922168,0.79013062,0.17255085,0.11720787,0.47901332,0.087680835,0.21417441
4gps_CIT_A_501,0.47928812,0.76290794,0.17265601,0.11679805,0.47908218,0.087370917,0.21408723
4gt9_MEF_A_304,0.48114995,0,0.17560311,0.10531321,0.48101184,0.078685557,0.2116439
4gy9_ZIP_A_201,0.47873823,0.98823186,0.17178559,0.12019009,0.47851226,0.089936128,0.21480886
4h0x_LAR_B_403,0.48008156,0.64073588,0.17293777,0.11526142,0.48012109,0,0.21385009
4h4c_10D_B_402,0.47894083,0.90521305,0.17210629,0.11894032,0.47872224,0.088990996,0.21454298
4h9x_HL4_A_404,0.47874609,0.9850088,0.17179804,0.12014157,0.47852041,0.089899435,0.21479854
4hey_4MZ_A_307,0.48114995,0,0.17560311,0.10531321,0.48101184,0.078685557,0.2116439
4hey_4MZ_A_308,0.48114995,0,0.17560311,0.10531321,0.48101184,0.078685557,0.2116439
4hez_1MZ_A_302,0.47874391,0.98590196,0.17179459,0.12015502,0.47851815,0.089909603,0.2148014
4hez_1MZ_A_307,0.47922839,0.78738104,0.17256147,0.11716647,0.47902028,0.087649532,0.21416561
4hgg_SYN_A_502,0.47904796,0.86131549,0.17227587,0.11827949,0.47883327,0.088491242,0.21440239
4hmx_WUB_A_302,0.48114995,0,0.17560311,0.10531321,0.48101184,0.078685557,0.2116439
4hon_AKG_A_401,0.48114995,0,0.17560311,0.10531321,0.48101184,0.078685557,0.2116439
4hon_AKG_B_401,0.48114995,0,0.17560311,0.10531321,0.48101184,0.078685557,0.2116439
4hoz_GLC_A_703,0.48114995,0,0.17560311,0.10531321,0.48101184,0.078685557,0.2116439
4hrq_AZG_A_201,0.4787613,0.97877727,0.17182211,0.12004776,0.47853617,0.089828491,0.21477858
4hrq_AZG_B_201,0.48114995,0,0.17560311,0.10531321,0.48101184,0.078685557,0.2116439
4hxk_1AJ_A_201,0.47885238,0.94145401,0.17196629,0.1194859,0.47863057,0.089403583,0.21465905
4hzf_CMP_A_301,0.47872543,0.99347446,0.17176534,0.12026901,0.478499,0.089995812,0.21482565
4hzf_CMP_A_302,0.47875745,0.98035391,0.17181602,0.1200715,0.47853218,0.089846441,0.21478363
4hzf_CMP_B_301,0.47872808,0.99239072,0.17176953,0.1202527,0.47850174,0.089983474,0.21482218
4i02_CMP_A_301,0.47872617,0.99317321,0.1717665,0.12026448,0.47849976,0.089992383,0.21482469
4i02_CMP_A_302,0.47874844,0.9840467,0.17180176,0.12012709,0.47852284,0.089888482,0.21479546
4i02_CMP_B_301,0.47872677,0.99292378,0.17176747,0.12026072,0.47850039,0.089989543,0.21482389
4i02_CMP_B_302,0.47873271,0.99049252,0.17177686,0.12022412,0.47850654,0.089961864,0.2148161
4i02_CMP_C_301,0.4787304,0.99143817,0.17177321,0.12023836,0.47850415,0.08997263,0.21481913
4i0b_CMP_A_301,0.63194906,0.99449971,0,0.16516934,0.46448868,0.089665474,0.12937647
4i0b_CMP_A_302,0.47876676,0.97654145,0.17183075,0.1200141,0.47854183,0.089803038,0.21477142
4i0b_CMP_B_301,0.47872148,0.99509246,0.17175909,0.12029337,0.4784949,0.090014232,0.21483083
4i0g_1B9_A_504,0.48007701,0.64076663,0.17293937,0.11525915,0.48011443,0.00077628399,0.21384879
4i4v_NGA_A_201,0.47883666,0.94789829,0.1719414,0.11958291,0.47861427,0.089476948,0.21467969
4i4v_NGA_A_202,0.47887735,0.93122381,0.17200581,0.11933189,0.47865645,0.089287117,0.21462629
4i4v_NGA_B_202,0.4787596,0.97947437,0.17181942,0.12005826,0.47853441,0.089836428,0.21478082
4i4v_NGA_D_201,0.47875358,0.98194089,0.17180989,0.12009539,0.47852817,0.089864508,0.21478872
4i6s_FUC_A_102,0.47889735,0.92303043,0.17203746,0.11920855,0.47867717,0.089193839,0.21460005
4i6s_FUC_B_101,0.47882892,0.95106866,0.17192915,0.11963063,0.47860626,0.089513042,0.21468984
4i6s_FUC_C_101,0.47878421,0.96938942,0.17185838,0.11990644,0.47855992,0.089721615,0.21474852
4i6w_1CO_A_501,0.47876128,0.97878582,0.17182208,0.12004789,0.47853615,0.089828589,0.21477861
4i6w_1CO_B_1001,0.4787768,0.97242646,0.17184665,0.11995216,0.47855223,0.08975619,0.21475824
4i6y_MEV_A_501,0.47877237,0.97424084,0.17183964,0.11997947,0.47854764,0.089776846,0.21476405
4i6y_MEV_B_1001,0.47876761,0.97619063,0.17183211,0.12000882,0.47854271,0.089799044,0.2147703
4i9n_1E5_A_402,0.47881572,0.95647777,0.17190826,0.11971206,0.47859257,0.089574622,0.21470717
4i9n_1E5_D_402,0.47878775,0.96793648,0.17186399,0.11988456,0.47856359,0.089705074,0.21474386
4i9n_1E5_G_402,0.47882662,0.95200925,0.17192552,0.11964479,0.47860388,0.08952375,0.21469285
4i9n_1E5_H_402,0.48107943,0.028893908,0.17549149,0.10574818,0.48093876,0.079014501,0.21173644
4i9n_1E6_B_401,0.47875755,0.9803116,0.17181619,0.12007086,0.47853229,0.089845959,0.2147835
4i9n_1E6_C_401,0.4787713,0.97467738,0.17183795,0.11998604,0.47854654,0.089781816,0.21476545
4i9n_1E6_F_401,0.47874575,0.98514814,0.1717975,0.12014367,0.47852006,0.089901021,0.21479899
4i9n_1E6_G_401,0.47875556,0.98113045,0.17181302,0.12008319,0.47853022,0.089855281,0.21478612
4i9n_1E6_H_401,0.47876246,0.97830177,0.17182395,0.1200406,0.47853737,0.089823078,0.21477706
4ict_1ED_A_406,0.47878297,0.96989592,0.17185642,0.11991406,0.47855863,0.089727381,0.21475014
4ioq_BAQ_A_201,0.47873486,0.98961076,0.17178027,0.12021085,0.47850877,0.089951826,0.21481328
4iph_1FJ_A_201,0.48114995,0,0.17560311,0.10531321,0.48101184,0.078685557,0.2116439
4iph_1FJ_A_202,0.48114995,0,0.17560311,0.10531321,0.48101184,0.078685557,0.2116439
4itu_1HS_A_302,0.48008155,0.64073594,0.17293777,0.11526141,0.48012108,1.6021101e-06,0.21385008
4itu_1HS_B_302,0.47881074,0.95851648,0.17190038,0.11974275,0.47858742,0.089597832,0.2147137
4itu_1HS_C_302,0.48114995,0,0.17560311,0.10531321,0.48101184,0.078685557,0.2116439
4itu_1HS_D_302,0.47880554,0.96064718,0.17189215,0.11977483,0.47858203,0.089622089,0.21472052
4ixw_IXW_A_302,0.48114995,0,0.17560311,0.10531321,0.48101184,0.078685557,0.2116439
4ixw_IXW_B_302,0.47901624,0.8743118,0.17222566,0.11847513,0.4788004,0.088639199,0.21444402
4j0k_EGR_B_501,0.47925757,0.77542336,0.17260767,0.11698646,0.47905052,0.087513399,0.21412731
4j4b_0TF_A_904,0.48114995,0,0.17560311,0.10531321,0.48101184,0.078685557,0.2116439
4j4b_0TF_B_301,0.48114995,0,0.17560311,0.10531321,0.48101184,0.078685557,0.2116439
4j7u_YTZ_C_802,0.47882889,0.95107983,0.17192911,0.1196308,0.47860623,0.089513169,0.21468988
4jb0_ENO_A_402,0.48114995,0,0.17560311,0.10531321,0.48101184,0.078685557,0.2116439
4jh6_FCN_A_202,0,0.92701857,0.9769617,0,0.64751537,0.090202142,0.65120282
4jhh_H35_A_201,0.48114995,0,0.17560311,0.10531321,0.48101184,0.078685557,0.2116439
4jm8_26D_A_302,0.47871842,0.99634861,0.17175424,0.12031228,0.47849173,0.090028533,0.21483486
4jmz_1M2_A_302,0.47872143,0.99511189,0.17175901,0.12029366,0.47849485,0.090014454,0.2148309
4jp3_CIT_A_301,0.42481028,0.95892052,0.14712396,0.020122842,0.060732711,0.091322772,0.015589559
4jwx_1N4_A_301,0.478785,0.96906381,0.17185964,0.11990153,0.47856074,0.089717908,0.21474747
4jxh_HRC_A_301,0.48114995,0,0.17560311,0.10531321,0.48101184,0.078685557,0.2116439
4jzx_476_A_402,0.47900116,0.88049137,0.17220179,0.11856816,0.47878477,0.088709551,0.21446381
4jzx_476_B_402,0.47902059,0.87253111,0.17223254,0.11844833,0.4788049,0.088618927,0.21443831
4jzx_IPE_B_401,0.47877511,0.97311959,0.17184397,0.11996259,0.47855048,0.089764081,0.21476046
4k5g_Q13_A_803,0.48114995,0,0.17560311,0.10531321,0.48101184,0.078685557,0.2116439
4k5g_Q13_B_803,0.47873607,0.98911506,0.17178218,0.12020339,0.47851002,0.089946182,0.21481169
4k5u_GAL_A_301,0.47873425,0.989861,0.1717793,0.12021462,0.47850814,0.089954675,0.21481408
4kcf_FMN_A_502,0.48114995,0,0.17560311,0.10531321,0.48101184,0.078685557,0.2116439
4kfj_1R0_A_202,0.48039014,0.31133906,0.17440041,0.11000012,0.48022436,0.082230011,0.21264101
4kp7_1UQ_A_503,0.48114995,0,0.17560311,0.10531321,0.48101184,0.078685557,0.2116439
4kp7_1UQ_B_502,0.47884168,0.94583919,0.17194935,0.11955191,0.47861948,0.089453506,0.21467309
4kqx_HIO_A_402,0.47881882,0.95520729,0.17191317,0.11969294,0.47859579,0.089560158,0.2147031
4kqx_HIO_B_401,0.47890099,0.92153853,0.17204323,0.11918609,0.47868095,0.089176854,0.21459527
4kux_FPS_B_405,0.47885556,0.94015224,0.17197132,0.1194663,0.47863387,0.089388763,0.21465488
4kwk_CSS_A_302,0.48114995,0,0.17560311,0.10531321,0.48101184,0.078685557,0.2116439
4kwl_3SS_A_302,0.47873059,0.99136081,0.17177351,0.12023719,0.47850434,0.089971749,0.21481888
4l1x_STR_A_402,0.47874888,0.9838654,0.17180246,0.12012436,0.4785233,0.089886417,0.21479488
4l1x_STR_B_402,0.48114995,0,0.17560311,0.10531321,0.48101184,0.078685557,0.2116439
4l4d_CAM_A_503,0.47876115,0.97883744,0.17182188,0.12004867,0.47853602,0.089829176,0.21477878
4l7p_M95_A_601,0.48114995,0,0.17560311,0.10531321,0.48101184,0.078685557,0.2116439
4l80_OXL_A_402,0.47889684,0.92323582,0.17203667,0.11921164,0.47867665,0.089196177,0.2146007
4l80_OXL_B_402,0.47881729,0.95583577,0.17191074,0.1197024,0.4785942,0.089567313,0.21470511
4l80_OXL_C_402,0.47889505,0.9239691,0.17203384,0.11922268,0.4786748,0.089204525,0.21460305
4l80_OXL_D_402,0.47918085,0.80685954,0.17248623,0.1174597,0.47897101,0.087871286,0.21422799
4l80_OXL_E_402,0.47878796,0.96785202,0.17186432,0.11988329,0.4785638,0.089704112,0.21474359
4l80_OXL_F_402,0.47886977,0.93433118,0.17199381,0.11937867,0.47864859,0.089322493,0.21463624
4lcq_URQ_A_603,0.47889873,0.92246362,0.17203965,0.11920001,0.47867861,0.089187386,0.21459823
4lek_1DN_X_202,0.47872371,0.99418086,0.17176261,0.12027965,0.47849721,0.090003854,0.21482792
4lo1_GAL_A_301,0.47879209,0.96615984,0.17187086,0.11985782,0.47856808,0.089684848,0.21473817
4lo1_GAL_B_301,0.47881984,0.95478858,0.17191478,0.11968663,0.47859685,0.089555391,0.21470176
4lol_1YE_A_401,0.47877137,0.97465019,0.17183806,0.11998563,0.47854661,0.089781506,0.21476537
4lol_1YE_A_402,0.47878247,0.97010127,0.17185563,0.11991715,0.47855812,0.089729719,0.2147508
4luu_BTM_A_704,0.48114995,0,0.17560311,0.10531321,0.48101184,0.078685557,0.2116439
4lvb_20N_A_601,0.47873157,0.99096027,0.17177505,0.12023116,0.47850536,0.089967189,0.2148176
4lxi_22J_A_301,0,0,0.75393012,0,0.52926212,0.07983265,0.49975631
4lz7_1YW_B_804,0.47882963,0.95077782,0.17193028,0.11962626,0.47860699,0.08950973,0.21468891
4lz7_1YW_C_804,0.48114995,3.440424e-08,0.17560311,0.10531321,0.48101184,0.078685557,0.2116439
4lz7_GLU_A_802,0.48114995,0,0.17560311,0.10531321,0.48101184,0.078685557,0.2116439
4m2c_DAR_C_402,0.48114995,0,0.17560311,0.10531321,0.48101184,0.078685557,0.2116439
4m2c_DAR_D_402,0.48114995,0,0.17560311,0.10531321,0.48101184,0.078685557,0.2116439
4m54_AE5_A_403,0.48114995,0,0.17560311,0.10531321,0.48101184,0.078685557,0.2116439
4m72_M72_A_402,0.48114995,0,0.17560311,0.10531321,0.48101184,0.078685557,0.2116439
4m72_M72_B_402,0.48114995,0,0.17560311,0.10531321,0.48101184,0.078685557,0.2116439
4ma8_Z80_C_301,0.47934918,0.73788609,0.17275267,0.11642137,0.47914547,0.087086055,0.21400709
4mgj_CPZ_A_502,0.47875548,0.98116181,0.1718129,0.12008366,0.47853014,0.089855638,0.21478622
4mig_G3F_A_802,0.95445049,0.98144063,0,0.15302306,0.0076048913,0.090382699,0
4mig_G3F_B_802,0.47876922,0.97552988,0.17183466,0.11999887,0.47854438,0.089791521,0.21476818
4mig_G3F_C_802,0.47877248,0.97419619,0.17183981,0.1199788,0.47854776,0.089776338,0.21476391
4mju_27S_A_501,0.63757553,0,0,0.15114291,0.46674888,0.078336282,0.12442782
4mog_G3F_A_802,0.47888138,0.92957132,0.1720122,0.11930701,0.47866063,0.089268304,0.21462099
4mol_2FG_A_802,0.47877658,0.97251366,0.17184631,0.11995347,0.47855201,0.089757183,0.21475852
4mol_2FG_B_802,0.47878965,0.96715893,0.171867,0.11987286,0.47856556,0.089696222,0.21474137
4mol_2FG_D_802,0.47881515,0.95670906,0.17190736,0.11971555,0.47859199,0.089577255,0.21470791
4mop_2H5_A_802,0.47891462,0.91595387,0.1720648,0.11910202,0.47869507,0.089113276,0.21457738
4mop_2H5_C_703,0.47891539,0.91563809,0.17206602,0.11909726,0.47869587,0.089109681,0.21457637
4mpr_TPP_A_602,0.47881733,0.95581788,0.17191081,0.11970213,0.47859424,0.089567109,0.21470505
4mr7_2BV_A_501,0.48114995,0,0.17560311,0.10531321,0.48101184,0.078685557,0.2116439
4mr8_2BW_A_507,0.47883097,0.95022785,0.1719324,0.11961798,0.47860838,0.089503469,0.21468715
4mux_2E4_A_402,0.48114995,0,0.17560311,0.10531321,0.48101184,0.078685557,0.2116439
4n36_2F8_B_401,0.47880591,0.96049557,0.17189274,0.11977255,0.47858241,0.089620363,0.21472003
4n36_2F8_C_401,0.47881426,0.95707559,0.17190595,0.11972106,0.47859106,0.089581428,0.21470908
4n36_2F8_D_401,0.47889497,0.9240054,0.1720337,0.11922322,0.47867471,0.089204939,0.21460317
4n4j_HG1_A_605,0.47883523,0.94848261,0.17193914,0.1195917,0.4786128,0.0894836,0.21468156
4n4j_HG1_A_606,0.48114995,0,0.17560311,0.10531321,0.48101184,0.078685557,0.2116439
4n4j_HG1_A_607,0.47893242,0.90865764,0.17209299,0.11899218,0.47871353,0.089030211,0.21455401
4n94_2HO_A_401,0.47871868,0.99624085,0.17175465,0.12031066,0.478492,0.090027306,0.21483451
4n9v_AZA_A_401,0.47876943,0.97544483,0.17183499,0.11999759,0.4785446,0.089790553,0.21476791
4n9v_AZA_A_402,0.47946584,0.69008367,0.17293733,0.11570176,0.47926638,0.086541846,0.213854
4ndn_PPK_A_406,0.48114995,0,0.17560311,0.10531321,0.48101184,0.078685557,0.2116439
4ndn_PPK_C_404,0.47883319,0.94931982,0.17193591,0.11960431,0.47861068,0.089493132,0.21468424
4nf4_2JK_A_301,0.48114995,0,0.17560311,0.10531321,0.48101184,0.078685557,0.2116439
4ni1_2JX_A_203,0.48114995,0,0.17560311,0.10531321,0.48101184,0.078685557,0.2116439
4ni1_2JX_A_204,0.48114995,0,0.17560311,0.10531321,0.48101184,0.078685557,0.2116439
4nir_6DH_A_307,0.48114995,0,0.17560311,0.10531321,0.48101184,0.078685557,0.2116439
4nir_6DH_A_308,0.48114995,0,0.17560311,0.10531321,0.48101184,0.078685557,0.2116439
4nkw_PLO_A_601,0.47872085,0.99535151,0.17175809,0.12029727,0.47849425,0.090017182,0.21483166
4nkw_PLO_B_601,0.47872454,0.9938415,0.17176392,0.12027454,0.47849807,0.089999991,0.21482683
4nkw_PLO_C_601,0.4787257,0.99336545,0.17176576,0.12026737,0.47849927,0.089994571,0.2148253
4nkw_PLO_D_601,0.47872429,0.99394282,0.17176353,0.12027606,0.47849781,0.090001144,0.21482715
4np7_DPJ_A_403,0.48114995,0,0.17560311,0.10531321,0.48101184,0.078685557,0.2116439
4npm_SIN_A_301,0.48017219,0.40064671,0.17405542,0.11134456,0.47999847,0.083246738,0.21292703
4npm_SIN_B_301,0.47948745,0.68122719,0.17297154,0.11556843,0.47928878,0.086441019,0.21382564
4nr9_ALY_A_2005,0.47874602,0.98503991,0.17179792,0.12014204,0.47852033,0.089899789,0.21479864
4nv0_MG7_A_403,0.48114995,0,0.17560311,0.10531321,0.48101184,0.078685557,0.2116439
4o7g_ASC_A_303,0.48114995,0,0.17560311,0.10531321,0.48101184,0.078685557,0.2116439
4o7g_ASC_B_303,0.47876467,0.97739772,0.17182744,0.12002699,0.47853966,0.089812786,0.21477416
4o7g_ASC_B_304,0.48114995,0,0.17560311,0.10531321,0.48101184,0.078685557,0.2116439
4o95_245_A_602,0.47874843,0.98405158,0.17180174,0.12012716,0.47852283,0.089888537,0.21479547
4ocj_NDG_A_401,0.48114995,0,0.17560311,0.10531321,0.48101184,0.078685557,0.2116439
4ofu_DHT_A_1001,0.47872285,0.99453362,0.17176125,0.12028496,0.47849632,0.09000787,0.21482905
4ovl_1TD_B_308,0.47881037,0.95866923,0.17189979,0.11974505,0.47858703,0.08959957,0.21471418
4ox5_DAL_A_307,0.48114995,0,0.17560311,0.10531321,0.48101184,0.078685557,0.2116439
4oxy_1TN_A_302,0.47877066,0.97494096,0.17183693,0.11999001,0.47854587,0.089784817,0.2147663
4oxy_1TN_B_302,0.47873958,0.98767604,0.17178774,0.12018172,0.47851366,0.0899298,0.21480708
4oxy_1TN_D_302,0.47873315,0.99031155,0.17177756,0.1202214,0.478507,0.089959804,0.21481552
4p7q_NAG_A_703,0.48114995,0,0.17560311,0.10531321,0.48101184,0.078685557,0.2116439
4p7q_NAG_A_704,0.48114995,0,0.17560311,0.10531321,0.48101184,0.078685557,0.2116439
4p8c_Y22_A_502,0.4787781,0.97189381,0.17184871,0.11994414,0.47855358,0.089750126,0.21475654
4pb4_PLP_A_401,0.47883254,0.94958664,0.17193488,0.11960832,0.47861,0.089496169,0.2146851
4pb4_PLP_B_401,0.47916835,0.81198516,0.17246643,0.11753687,0.47895805,0.087929639,0.21424441
4pbr_2L7_A_401,0.47873433,0.98982832,0.17177942,0.12021412,0.47850822,0.089954303,0.21481398
4pik_MAN_A_501,0.47879191,0.96623289,0.17187057,0.11985892,0.4785679,0.089685679,0.21473841
4pik_MAN_A_502,0.47876125,0.97879827,0.17182203,0.12004808,0.47853612,0.089828731,0.21477865
4pik_MAN_B_503,0.47876175,0.97859407,0.17182282,0.120045,0.47853663,0.089826406,0.214778
4pik_MAN_C_503,0.47875781,0.98020728,0.17181659,0.12006929,0.47853255,0.089844771,0.21478316
4pik_MAN_D_503,0.47876178,0.97858034,0.17182288,0.1200448,0.47853667,0.08982625,0.21477795
4ptx_BGC_A_501,0.47873871,0.98803223,0.17178636,0.12018709,0.47851276,0.089933855,0.21480822
4ptx_BGC_B_501,0.4787656,0.97701658,0.17182892,0.12002126,0.47854062,0.089808447,0.21477294
4pxd_1AL_A_502,0.47876261,0.97824081,0.17182419,0.12003969,0.47853753,0.089822384,0.21477687
4q3a_2YC_A_904,0.47875267,0.98231189,0.17180846,0.12010097,0.47852723,0.089868731,0.2147899
4q3a_2YC_B_904,0.47874157,0.98686118,0.17179089,0.12016946,0.47851572,0.089920523,0.21480447
4q3a_2YC_C_904,0.48114995,0,0.17560311,0.10531321,0.48101184,0.078685557,0.2116439
4q3a_2YC_D_904,0.48114995,0,0.17560311,0.10531321,0.48101184,0.078685557,0.2116439
4q40_VAL_A_403,0.48114995,0,0.17560311,0.10531321,0.48101184,0.078685557,0.2116439
4q40_VAL_B_403,0.48114947,0.00019816725,0.17560234,0.10531619,0.48101134,0.078687813,0.21164454
4q40_VAL_C_404,0.48114995,0,0.17560311,0.10531321,0.48101184,0.078685557,0.2116439
4q40_VAL_D_403,0.4787311,0.99115117,0.17177431,0.12023404,0.47850487,0.089969363,0.21481821
4qbz_D80_A_917,0.47896529,0.89518882,0.17214501,0.11878942,0.4787476,0.088876875,0.21451088
4qbz_D80_B_901,0.47876287,0.9781326,0.17182461,0.12003806,0.4785378,0.089821152,0.21477652
4qe1_RUU_A_403,0,0,0.98901937,0,0.66167179,0.079597621,0.65722781
4qpe_37E_A_901,0.48114995,0,0.17560311,0.10531321,0.48101184,0.078685557,0.2116439
4qxc_OGA_A_600,0.47874211,0.98663997,0.17179174,0.12016613,0.47851628,0.089918005,0.21480376
4qya_LU2_A_201,0.48114995,0,0.17560311,0.10531321,0.48101184,0.078685557,0.2116439
4qya_LU2_B_201,0,0,0.79086406,0,0.080304969,0.081591932,1.862577e-09
4r08_URI_A_901,0.48114995,0,0.17560311,0.10531321,0.48101184,0.078685557,0.2116439
4r08_URI_B_901,0.98503086,0,0,0.2381796,0.436084,0.077614526,0
4r2n_PHE_D_402,0.47880578,0.96054985,0.17189253,0.11977336,0.47858227,0.08962098,0.21472021
4r2n_PLP_A_401,0,0,0.49120799,0.068260716,0.97958681,0.077977353,0.68881648
4r2n_PLP_B_401,0.47877915,0.9714612,0.17185038,0.11993762,0.47855468,0.089745201,0.21475515
4r3n_3GQ_B_404,0.86026705,0.95777435,0,0.14676986,0.087253294,0.090062114,0
4rg3_ECE_A_603,0.47873789,0.98836796,0.17178507,0.12019214,0.47851191,0.089937677,0.2148093
4rii_TYD_A_401,0.48114995,0,0.17560311,0.10531321,0.48101184,0.078685557,0.2116439
4rii_TYD_B_401,0.48114995,0,0.17560311,0.10531321,0.48101184,0.078685557,0.2116439
4rje_PYR_B_402,0.47890189,0.92116628,0.17204466,0.11918048,0.47868189,0.089172616,0.21459408
4rje_PYR_D_402,0.47897737,0.8902379,0.17216414,0.11871489,0.47876012,0.088820511,0.21449502
4rkz_3S4_A_402,0.47891404,0.91618871,0.17206389,0.11910555,0.47869448,0.089115949,0.21457813
4rm3_FOA_A_1000,0.47873229,0.99066461,0.17177619,0.12022671,0.4785061,0.089963823,0.21481665
4rm3_FOA_B_1000,0.47872845,0.99223581,0.17177012,0.12025037,0.47850213,0.089981711,0.21482169
4rp9_ASC_A_501,0,0.93065976,0.42394362,0,0.42852274,0.090629061,0.40995957
4rql_SNE_A_505,0.47897604,0.89078395,0.17216203,0.11872311,0.47875874,0.088826727,0.21449677
4rql_SNE_B_502,0.48114995,0,0.17560311,0.10531321,0.48101184,0.078685557,0.2116439
4rvg_TYD_A_502,0.48114995,0,0.17560311,0.10531321,0.48101184,0.078685557,0.2116439
4s38_CDI_A_900,0.48114995,0,0.17560311,0.10531321,0.48101184,0.078685557,0.2116439
4tq4_DMA_A_403,0.47911333,0.83452901,0.17237934,0.11787624,0.47890103,0.088186291,0.21431661
4tq4_DMA_C_403,0.47978494,0.55932884,0.17344243,0.11373337,0.4795971,0.085053262,0.21343524
4tq4_DMA_D_403,0.47891361,0.91636666,0.17206321,0.11910823,0.47869403,0.089117975,0.2145787
4tqi_6BD_A_201,0.48114995,0,0.17560311,0.10531321,0.48101184,0.078685557,0.2116439
4tqi_6BD_B_201,0.48114995,0,0.17560311,0.10531321,0.48101184,0.078685557,0.2116439
4trj_665_A_501,0.47876703,0.97642702,0.17183119,0.12001238,0.47854212,0.089801735,0.21477106
4tsk_TLA_A_404,0.48114995,0,0.17560311,0.10531321,0.48101184,0.078685557,0.2116439
4tyv_BGC_B_701,0.47884937,0.94268702,0.17196153,0.11950446,0.47862746,0.08941762,0.214663
4u2a_A2G_A_303,0.47888156,0.92950045,0.17201247,0.11930595,0.47866081,0.089267497,0.21462077
4u7g_K17_A_303,0.62979833,0.64196786,0.059886035,0.12529171,0.29968927,0.08629743,0.0027742723
4u7g_K17_B_303,0.47879726,0.96404198,0.17187904,0.11982594,0.47857344,0.089660737,0.21473139
4u8p_UDP_A_603,0.48114995,0,0.17560311,0.10531321,0.48101184,0.078685557,0.2116439
4u8p_UDP_C_603,0.97078699,0,0,0,1.9734331e-05,0.079372801,0
4u8y_MIY_B_1102,0.47884951,0.9426336,0.17196174,0.11950365,0.47862759,0.089417012,0.21466283
4ubp_HAE_C_800,0.47879706,0.96412458,0.17187872,0.11982718,0.47857323,0.089661677,0.21473166
4uc9_ASP_C_1300,0.48114995,0,0.17560311,0.10531321,0.48101184,0.078685557,0.2116439
4uc9_ASP_D_1300,0.48114994,2.9363854e-06,0.17560309,0.10531325,0.48101183,0.07868559,0.21164391
4uch_OLW_A_800,0.47875401,0.9817659,0.17181057,0.12009275,0.47852861,0.089862516,0.21478815
4uch_OLW_B_800,0.4787581,0.9800868,0.17181706,0.12006747,0.47853286,0.0898434,0.21478278
4ud9_FQI_H_1257,0.47871379,0.99824518,0.17174691,0.12034083,0.47848693,0.090050125,0.21484093
4udc_DEX_A_1778,0.47871849,0.99631688,0.17175436,0.1203118,0.47849181,0.090028172,0.21483476
4ug6_H4B_A_902,0.4849042,0.98518447,0.1684043,0.12213927,0.47923697,0.08988313,0.21218657
4ug6_XFJ_A_904,0.47877736,0.97219741,0.17184753,0.11994871,0.47855281,0.089753583,0.21475751
4ug7_1EV_A_904,0.47883363,0.94913861,0.17193661,0.11960158,0.47861114,0.089491069,0.21468366
4ugg_S5D_A_904,0.10672969,0.97986887,0.36894326,0.0041498012,0.43684685,0.090904662,0.36654797
4uoc_NCN_A_400,0.88952884,0.93701261,0.0076288746,0.34282203,0.97957049,0.086408799,0.28796998
4uoc_NCN_B_400,0.48114995,0,0.17560311,0.10531321,0.48101184,0.078685557,0.2116439
4upd_7P9_A_1550,0.48114995,0,0.17560311,0.10531321,0.48101184,0.078685557,0.2116439
4upd_7P9_B_1550,0.48114995,0,0.17560311,0.10531321,0.48101184,0.078685557,0.2116439
4uqs_INE_A_904,0.47874707,0.98460568,0.1717996,0.1201355,0.47852143,0.089894845,0.21479725
4ur9_BK9_A_1717,0.47872142,0.99511855,0.17175899,0.12029376,0.47849484,0.090014529,0.21483092
4ur9_BK9_B_1717,0.47871948,0.99591362,0.17175592,0.12030573,0.47849283,0.090023581,0.21483346
4ur9_OAN_A_1718,0.48114995,0,0.17560311,0.10531321,0.48101184,0.078685557,0.2116439
4uy7_HIS_A_800,0.48114995,0,0.17560311,0.10531321,0.48101184,0.078685557,0.2116439
4uy7_HIS_B_800,0.48114995,0,0.17560311,0.10531321,0.48101184,0.078685557,0.2116439
4uzi_IMD_B_1455,0.47958588,0.64089495,0.17312735,0.11496127,0.47939079,0.085981855,0.21369647
4uzi_IMD_B_1456,0.47872661,0.99299115,0.17176721,0.12026174,0.47850022,0.08999031,0.21482411
4v2z_Y70_B_151,0.47873069,0.99131937,0.17177367,0.12023657,0.47850445,0.089971278,0.21481875
4v2z_Y70_C_151,0.47874011,0.98745801,0.17178858,0.12017844,0.47851421,0.089927318,0.21480638
4v36_LYN_A_1851,0.48114995,1.1230582e-09,0.17560311,0.10531321,0.48101184,0.078685557,0.2116439
4v3w_E2Z_B_800,0.47873802,0.98831743,0.17178526,0.12019138,0.47851204,0.089937102,0.21480914
4w1v_3GS_B_502,0.48114995,0,0.17560311,0.10531321,0.48101184,0.078685557,0.2116439
4wbd_CIT_A_602,0.47877865,0.97166556,0.17184959,0.1199407,0.47855416,0.089747528,0.21475581
4wca_CIT_A_401,0.39147618,0.63908281,0.2143886,0,0.40314237,0.08648569,0.21602979
4wdd_CIT_A_401,0.47888104,0.92971153,0.17201165,0.11930912,0.47866028,0.0892699,0.21462144
4wdx_WDX_A_402,0.48114995,0,0.17560311,0.10531321,0.48101184,0.078685557,0.2116439
4wdx_WDX_B_402,0.48114995,0,0.17560311,0.10531321,0.48101184,0.078685557,0.2116439
4wmz_TPF_A_602,0.47873633,0.98900676,0.1717826,0.12020176,0.4785103,0.08994495,0.21481134
4wqq_MAN_B_204,0.4788176,0.95570808,0.17191123,0.11970048,0.47859452,0.089565859,0.2147047
4wqq_MAN_D_204,0.47880724,0.95995344,0.17189483,0.11976439,0.47858378,0.089614191,0.2147183
4ws1_URF_A_301,0.48114995,0,0.17560311,0.10531321,0.48101184,0.078685557,0.2116439
4ws2_6UA_A_303,0.47881281,0.9576682,0.17190366,0.11972998,0.47858956,0.089588174,0.21471098
4wua_3UL_A_701,0.48114995,0,0.17560311,0.10531321,0.48101184,0.078685557,0.2116439
4wxb_CIT_A_501,0.47878402,0.96946531,0.17185809,0.11990758,0.47855972,0.089722479,0.21474876
4wxb_CIT_B_501,0.47877969,0.97124322,0.17185122,0.11993434,0.47855523,0.08974272,0.21475445
4wxb_CIT_C_501,0.48114995,0,0.17560311,0.10531321,0.48101184,0.078685557,0.2116439
4wxb_CIT_D_501,0.47895717,0.89851491,0.17213217,0.11883949,0.47873918,0.088914741,0.21452153
4x2f_3WJ_A_601,0.47874515,0.98539369,0.17179656,0.12014736,0.47851944,0.089903816,0.21479977
4x36_CHT_A_408,0.47877028,0.97509629,0.17183633,0.11999235,0.47854548,0.089786585,0.21476679
4x36_CHT_A_409,0.47877813,0.97188093,0.17184876,0.11994394,0.47855361,0.08974998,0.2147565
4x36_CHT_A_410,0.47883463,0.94872947,0.17193819,0.11959542,0.47861217,0.089486411,0.21468235
4x36_CHT_A_411,0.47888876,0.92654684,0.17202388,0.11926148,0.47866828,0.089233872,0.21461131
4xf0_CYS_A_502,0.47885076,0.94212112,0.17196372,0.11949594,0.47862889,0.089411178,0.21466119
4xh4_PPI_A_504,0.47874819,0.98414873,0.17180137,0.12012862,0.47852258,0.089889643,0.21479579
4xp2_TT4_A_401,0.47875678,0.98063021,0.17181496,0.12007566,0.47853148,0.089849586,0.21478452
4xpq_FUL_A_1002,0.47876473,0.97736956,0.17182755,0.12002657,0.47853973,0.089812465,0.21477407
4xpq_FUL_A_1003,0.48114995,0,0.17560311,0.10531321,0.48101184,0.078685557,0.2116439
4xpq_FUL_A_1004,0.4183811,0,0.14772776,0,0.00046264559,0.080659628,0
4xti_IMP_A_601,0.48114995,0,0.17560311,0.10531321,0.48101184,0.078685557,0.2116439
4xti_IMP_B_601,0.48114995,0,0.17560311,0.10531321,0.48101184,0.078685557,0.2116439
4xv4_25T_A_302,0.47871624,0.99723952,0.1717508,0.12032569,0.47848947,0.090038676,0.21483771
4xv4_25T_A_303,0.47871549,0.99754875,0.1717496,0.12033035,0.47848869,0.090042196,0.2148387
4xz9_G3P_B_302,0.47884418,0.94481558,0.17195331,0.1195365,0.47862207,0.089441853,0.21466982
4xzh_48I_A_402,0.47874077,0.98719046,0.17178961,0.12017441,0.47851489,0.089924272,0.21480553
4xzh_48I_B_402,0.4787246,0.99381686,0.17176402,0.12027417,0.47849813,0.08999971,0.21482675
4y14_C0A_A_407,0.47873664,0.98888046,0.17178309,0.12019985,0.47851062,0.089943512,0.21481094
4y14_C0A_B_404,0.47873774,0.98843218,0.17178482,0.12019311,0.47851175,0.089938408,0.2148095
4y6n_3PG_A_402,0.48114995,0,0.17560311,0.10531321,0.48101184,0.078685557,0.2116439
4ynu_LGC_A_602,0.48114995,0,0.17560311,0.10531321,0.48101184,0.078685557,0.2116439
4ynu_LGC_A_603,0.63757553,0,1.2966982e-46,0.15114291,0.46674888,0.078336282,0.12442782
4ysx_MLI_E_701,0.47886462,0.93643956,0.17198566,0.11941041,0.47864326,0.089346496,0.21464299
4yu7_DHC_A_203,0.48083406,0.12943757,0.17510309,0.10726176,0.48068445,0.080159145,0.21205845
4yu7_DHC_A_204,0.4790005,0.88076034,0.17220075,0.11857221,0.47878409,0.088712613,0.21446467
4yu7_DHC_B_203,0.47912183,0.83104606,0.1723928,0.11782381,0.47890983,0.088146639,0.21430545
4yu7_DHC_B_204,0.47901214,0.87599011,0.17221918,0.1185004,0.47879616,0.088658306,0.21444939
4ywb_OXD_C_704,0.47909057,0.84385435,0.17234332,0.11801663,0.47887744,0.088292455,0.21434647
4ywd_NTM_A_704,0.47883792,0.94738022,0.1719434,0.11957511,0.47861558,0.08947105,0.21467803
4z1d_PEP_B_300,0.47883712,0.94770958,0.17194213,0.11958007,0.47861475,0.0894748,0.21467908
4z2w_AKG_A_401,0.47901555,0.87459617,0.17222456,0.11847941,0.47879968,0.088642437,0.21444493
4z69_DIF_A_1006,0.48008198,0.43761168,0.17391262,0.11190103,0.47990497,0.083667567,0.21304542
4z69_DIF_A_1007,0.63161622,0.98504842,0.056551068,0.13062195,0.2955792,0.090206481,0
4z69_DIF_A_1008,0.48114995,0,0.17560311,0.10531321,0.48101184,0.078685557,0.2116439
4z69_DIF_I_1006,0.47998855,0.4758969,0.17376473,0.11247738,0.47980813,0.084103427,0.21316803
4z6p_DHY_C_403,0.47875093,0.98302604,0.1718057,0.12011172,0.47852542,0.089876862,0.21479219
4zb2_FRU_A_404,0.47889587,0.92363692,0.17203512,0.11921768,0.47867564,0.089200744,0.21460199
4zb2_GLC_A_403,0.47930664,0.75531922,0.17268533,0.11668381,0.47910137,0.087284523,0.21406293
4zb5_GLC_A_403,0.48106528,0.034694196,0.17546908,0.10583549,0.48092409,0.079080534,0.21175502
4zbc_FRU_A_409,0.47885332,0.94106988,0.17196778,0.11948011,0.47863155,0.08939921,0.21465782
4zbc_FRU_B_408,0.47876844,0.97584926,0.17183343,0.12000368,0.47854358,0.089795157,0.21476921
4zbc_FRU_B_409,0.47900376,0.87942438,0.17220591,0.1185521,0.47878747,0.088697404,0.21446039
4zbc_GLC_A_407,0.48105708,0.038054895,0.1754561,0.10588609,0.48091559,0.079118794,0.21176578
4zbc_GLC_B_406,0.48114995,0,0.17560311,0.10531321,0.48101184,0.078685557,0.2116439
4zbc_GLC_B_407,0.48114995,0,0.17560311,0.10531321,0.48101184,0.078685557,0.2116439
4zdz_TPF_A_602,0.39160469,0.63909019,0.21432839,0.00016676997,0.40325358,0.086485009,0.2160264
4zhd_4OZ_A_202,0.47921063,0.79465962,0.17253336,0.11727605,0.47900187,0.087732396,0.21418892
4zhd_4OZ_C_202,0.4794308,0.70443927,0.17288188,0.11591787,0.47923007,0.086705278,0.21389998
4zib_4OG_A_512,0.47877993,0.97114356,0.1718516,0.11993284,0.47855548,0.089741585,0.21475414
4zjz_BEZ_A_1001,0.4787354,0.98938959,0.17178112,0.12020752,0.47850933,0.089949308,0.21481257
4zjz_BEZ_B_601,0.47873786,0.98838298,0.17178501,0.12019237,0.47851187,0.089937848,0.21480935
4zo7_BGC_A_805,0.48114995,0,0.17560311,0.10531321,0.48101184,0.078685557,0.2116439
4zo7_GLC_A_806,0.47912991,0.8277337,0.17240559,0.11777394,0.47891821,0.088108929,0.21429484
4zqp_IMP_A_601,0.48114995,0,0.17560311,0.10531321,0.48101184,0.078685557,0.2116439
4zsy_RW2_B_502,0.48114995,0,0.17560311,0.10531321,0.48101184,0.078685557,0.2116439
4zsy_RW2_C_502,0.48114995,0,0.17560311,0.10531321,0.48101184,0.078685557,0.2116439
4zsy_RW2_D_502,0.48114995,0,0.17560311,0.10531321,0.48101184,0.078685557,0.2116439
4zu3_4SD_A_301,0.48114995,0,0.17560311,0.10531321,0.48101184,0.078685557,0.2116439
4zu3_4SD_B_301,0.48072057,0.17594275,0.17492344,0.10796186,0.48056682,0.080688585,0.21220739
4zu3_4SD_B_302,0.47916123,0.81490058,0.17245517,0.11758075,0.47895067,0.08796283,0.21425374
4zu3_4SD_C_301,0.47905868,0.85692165,0.17229284,0.11821334,0.47884439,0.088441221,0.21438832
4zu3_4SD_D_301,0.47880294,0.9617154,0.17188802,0.11979091,0.47857933,0.08963425,0.21472394
4zu3_4SD_E_301,0.48041746,0.30014726,0.17444365,0.10983164,0.48025266,0.082102597,0.21260517
4zu3_4SD_F_301,0.47894108,0.90510997,0.17210669,0.11893877,0.4787225,0.088989823,0.21454265
4zvv_GN0_A_405,0.47924144,0.7820357,0.17258212,0.11708601,0.4790338,0.087588678,0.21414849
4zvv_GN0_B_404,0.48114995,0,0.17560311,0.10531321,0.48101184,0.078685557,0.2116439
4zvv_GN0_C_403,0.48114995,0,0.17560311,0.10531321,0.48101184,0.078685557,0.2116439
4zvv_GN0_D_403,0.48114995,0,0.17560311,0.10531321,0.48101184,0.078685557,0.2116439
4zvz_4TF_B_503,0.479149,0.81991149,0.17243581,0.11765619,0.478938,0.088019877,0.21426979
4zvz_4TF_C_503,0.4791288,0.82818961,0.17240383,0.11778081,0.47891706,0.088114119,0.2142963
4zvz_4TF_D_503,0.47906585,0.85398393,0.17230419,0.11816912,0.47885182,0.088407776,0.21437891
5a02_GOL_B_1342,0.47930446,0.75620879,0.17268189,0.11669721,0.47909912,0.08729465,0.21406577
5a02_GOL_C_1341,0.47907867,0.84873149,0.17232448,0.11809005,0.4788651,0.088347979,0.21436209
5a02_GOL_D_1341,0.47971616,0.58751,0.17333357,0.11415761,0.47952582,0.085374091,0.21352549
5a02_GOL_F_1342,0.4790815,0.84756922,0.17232897,0.11807255,0.47886804,0.088334747,0.21435837
5a2r_MLT_A_1615,0.47957795,0.64414351,0.17311475,0.11501032,0.47938257,0.086018943,0.2137069
5a66_3PO_A_1000,0.47957795,0.64414351,0.17311475,0.11501032,0.47938257,0.086018943,0.2137069
5a7p_6Z1_B_1361,0.47957795,0.64414351,0.17311475,0.11501032,0.47938257,0.086018943,0.2137069
5a86_D7E_A_1433,0.47957795,0.64414351,0.17311475,0.11501032,0.47938257,0.086018943,0.2137069
5a8k_COM_A_556,0.47957795,0.64414351,0.17311475,0.11501032,0.47938257,0.086018943,0.2137069
5a8k_COM_D_555,0.47957795,0.64414351,0.17311475,0.11501032,0.47938257,0.086018943,0.2137069
5a8k_TP7_A_558,0.47957795,0.64414351,0.17311475,0.11501032,0.47938257,0.086018943,0.2137069
5a8k_TP7_D_554,0.47957795,0.64414351,0.17311475,0.11501032,0.47938257,0.086018943,0.2137069
5abz_Z47_A_201,0.47957795,0.64414351,0.17311475,0.11501032,0.47938257,0.086018943,0.2137069
5ack_SVQ_A_600,0.47957795,0.64414351,0.17311475,0.11501032,0.47938257,0.086018943,0.2137069
5adi_TUE_A_800,0.47957795,0.64414351,0.17311475,0.11501032,0.47938257,0.086018943,0.2137069
5adi_TUE_B_800,0.47957795,0.64414351,0.17311475,0.11501032,0.47938257,0.086018943,0.2137069
5aew_BNL_C_462,0.47957795,0.64414351,0.17311475,0.11501032,0.47938257,0.086018943,0.2137069
5aew_BNL_I_462,0.47957795,0.64414351,0.17311475,0.11501032,0.47938257,0.086018943,0.2137069
5af9_SJR_H_1250,0.47957795,0.64414351,0.17311475,0.11501032,0.47938257,0.086018943,0.2137069
5afy_WCE_H_1248,0.47957795,0.64414351,0.17311475,0.11501032,0.47938257,0.086018943,0.2137069
5ag5_DLR_A_1422,0.47957795,0.64414351,0.17311475,0.11501032,0.47938257,0.086018943,0.2137069
5agl_CCW_A_800,0.47957795,0.64414351,0.17311475,0.11501032,0.47938257,0.086018943,0.2137069
5agl_CCW_B_800,0.47957795,0.64414351,0.17311475,0.11501032,0.47938257,0.086018943,0.2137069
5agn_4JK_A_800,0.47957795,0.64414351,0.17311475,0.11501032,0.47938257,0.086018943,0.2137069
5agn_4JK_B_800,0.47957795,0.64414351,0.17311475,0.11501032,0.47938257,0.086018943,0.2137069
5ahn_IMP_A_1468,0.47957795,0.64414351,0.17311475,0.11501032,0.47938257,0.086018943,0.2137069
5aov_GLV_A_1336,0.47957795,0.64414351,0.17311475,0.11501032,0.47938257,0.086018943,0.2137069
5aov_GLV_A_1356,0.47957795,0.64414351,0.17311475,0.11501032,0.47938257,0.086018943,0.2137069
5av2_KMP_A_300,0.47957795,0.64414351,0.17311475,0.11501032,0.47938257,0.086018943,0.2137069
5av4_GEN_A_400,0.47957795,0.64414351,0.17311475,0.11501032,0.47938257,0.086018943,0.2137069
5awd_IDQ_A_901,0.47957795,0.64414351,0.17311475,0.11501032,0.47938257,0.086018943,0.2137069
5b4o_6DQ_A_201,0.47957795,0.64414351,0.17311475,0.11501032,0.47938257,0.086018943,0.2137069
5b4o_6DQ_B_201,0.47957795,0.64414351,0.17311475,0.11501032,0.47938257,0.086018943,0.2137069
5b4o_6DQ_B_202,0.47957795,0.64414351,0.17311475,0.11501032,0.47938257,0.086018943,0.2137069
5b4o_6DQ_C_201,0.48008156,0.64073588,0.17293777,0.11526142,0.48012109,0,0.21385009
5b4u_MLA_A_302,0.47957795,0.64414351,0.17311475,0.11501032,0.47938257,0.086018943,0.2137069
5bk9_SIN_A_301,0.47957795,0.64414351,0.17311475,0.11501032,0.47938257,0.086018943,0.2137069
5bkd_AKG_A_502,0.47957795,0.64414351,0.17311475,0.11501032,0.47938257,0.086018943,0.2137069
5bkd_AKG_B_502,0.47957795,0.64414351,0.17311475,0.11501032,0.47938257,0.086018943,0.2137069
5bkd_RCF_A_503,0.47957795,0.64414351,0.17311475,0.11501032,0.47938257,0.086018943,0.2137069
5bwd_FUM_A_901,0.47957795,0.64414351,0.17311475,0.11501032,0.47938257,0.086018943,0.2137069
5bwr_4VT_A_402,0.4800814,0.64073693,0.17293782,0.11526134,0.48012086,2.6589126e-05,0.21385004
5bwr_4VT_B_402,0.47957795,0.64414351,0.17311475,0.11501032,0.47938257,0.086018943,0.2137069
5c38_DA8_A_403,0.47957795,0.64414351,0.17311475,0.11501032,0.47938257,0.086018943,0.2137069
5c4i_TPP_C_402,0.47957795,0.64414351,0.17311475,0.11501032,0.47938257,0.086018943,0.2137069
5c4i_TPP_F_402,0.47957795,0.64414351,0.17311475,0.11501032,0.47938257,0.086018943,0.2137069
5c8w_PCG_A_302,0.47957795,0.64414351,0.17311475,0.11501032,0.47938257,0.086018943,0.2137069
5c8w_PCG_B_303,0.47957795,0.64414351,0.17311475,0.11501032,0.47938257,0.086018943,0.2137069
5c8w_PCG_C_302,0.47957795,0.64414351,0.17311475,0.11501032,0.47938257,0.086018943,0.2137069
5c8w_PCG_E_302,0.47957795,0.64414351,0.17311475,0.11501032,0.47938257,0.086018943,0.2137069
5cak_4Z9_A_802,0.47957795,0.64414351,0.17311475,0.11501032,0.47938257,0.086018943,0.2137069
5cfw_53W_A_201,0.47957795,0.64414351,0.17311475,0.11501032,0.47938257,0.086018943,0.2137069
5cga_KP6_A_301,0.47957795,0.64414351,0.17311475,0.11501032,0.47938257,0.086018943,0.2137069
5cga_KP6_B_301,0.47957795,0.64414351,0.17311475,0.11501032,0.47938257,0.086018943,0.2137069
5cga_KP6_C_301,0.47957795,0.64414351,0.17311475,0.11501032,0.47938257,0.086018943,0.2137069
5cga_KP6_E_301,0.47957795,0.64414351,0.17311475,0.11501032,0.47938257,0.086018943,0.2137069
5cga_KP6_F_301,0.47957795,0.64414351,0.17311475,0.11501032,0.47938257,0.086018943,0.2137069
5cga_KP6_H_301,0.47957795,0.64414351,0.17311475,0.11501032,0.47938257,0.086018943,0.2137069
5ci9_549_A_401,0.47957795,0.64414351,0.17311475,0.11501032,0.47938257,0.086018943,0.2137069
5ci9_549_A_402,0.47957795,0.64414351,0.17311475,0.11501032,0.47938257,0.086018943,0.2137069
5cjn_52F_A_809,0.47957795,0.64414351,0.17311475,0.11501032,0.47938257,0.086018943,0.2137069
5clo_NS8_M_101,0.47957795,0.64414351,0.17311475,0.11501032,0.47938257,0.086018943,0.2137069
5cpn_531_A_401,0.47957795,0.64414351,0.17311475,0.11501032,0.47938257,0.086018943,0.2137069
5cpn_531_B_401,0.47957795,0.64414351,0.17311475,0.11501032,0.47938257,0.086018943,0.2137069
5cpp_ADO_A_422,0.47957795,0.64414351,0.17311475,0.11501032,0.47938257,0.086018943,0.2137069
5cr1_STL_B_201,0.47957795,0.64414351,0.17311475,0.11501032,0.47938257,0.086018943,0.2137069
5d41_57N_A_1103,0.47957795,0.64414351,0.17311475,0.11501032,0.47938257,0.086018943,0.2137069
5d8u_0N8_A_203,0.47957795,0.64414351,0.17311475,0.11501032,0.47938257,0.086018943,0.2137069
5d9w_ASC_A_301,0.47957795,0.64414351,0.17311475,0.11501032,0.47938257,0.086018943,0.2137069
5ddu_PMP_A_601,0.47957795,0.64414351,0.17311475,0.11501032,0.47938257,0.086018943,0.2137069
5ddu_PMP_B_601,0.47957795,0.64414351,0.17311475,0.11501032,0.47938257,0.086018943,0.2137069
5ddu_PMP_C_601,0.47957795,0.64414351,0.17311475,0.11501032,0.47938257,0.086018943,0.2137069
5ddu_PMP_D_601,0.47957795,0.64414351,0.17311475,0.11501032,0.47938257,0.086018943,0.2137069
5del_D59_A_603,0.47957795,0.64414351,0.17311475,0.11501032,0.47938257,0.086018943,0.2137069
5del_ORO_A_602,0.47957795,0.64414351,0.17311475,0.11501032,0.47938257,0.086018943,0.2137069
5di7_5CQ_A_601,0.47957795,0.64414351,0.17311475,0.11501032,0.47938257,0.086018943,0.2137069
5di7_5CQ_B_601,0.98966724,0,0,0.34135666,0.91039536,0.075778069,0.20577883
5did_5CK_B_601,0.47957795,0.64414351,0.17311475,0.11501032,0.47938257,0.086018943,0.2137069
5die_5CJ_A_601,0.47957795,0.64414351,0.17311475,0.11501032,0.47938257,0.086018943,0.2137069
5die_5CJ_B_601,0.47957795,0.64414351,0.17311475,0.11501032,0.47938257,0.086018943,0.2137069
5dky_NOJ_A_1000,0.47957795,0.64414351,0.17311475,0.11501032,0.47938257,0.086018943,0.2137069
5dne_ASN_A_601,0.47957795,0.64414351,0.17311475,0.11501032,0.47938257,0.086018943,0.2137069
5dne_ASN_C_601,0.47957795,0.64414351,0.17311475,0.11501032,0.47938257,0.086018943,0.2137069
5dnx_5LD_A_203,0.47957795,0.64414351,0.17311475,0.11501032,0.47938257,0.086018943,0.2137069
5dnx_5LD_B_201,0.48008156,0.64073588,0.17293777,0.11526142,0.48012109,0,0.21385009
5dnx_5LD_B_205,0.47957795,0.64414351,0.17311475,0.11501032,0.47938257,0.086018943,0.2137069
5dr9_SKE_A_401,0.47957795,0.64414351,0.17311475,0.11501032,0.47938257,0.086018943,0.2137069
5dt0_SKE_A_401,0.47957795,0.64414351,0.17311475,0.11501032,0.47938257,0.086018943,0.2137069
5dw3_TRP_A_402,0.47957795,0.64414351,0.17311475,0.11501032,0.47938257,0.086018943,0.2137069
5dw3_TRP_B_402,0.47957795,0.64414351,0.17311475,0.11501032,0.47938257,0.086018943,0.2137069
5dw3_TRP_C_402,0.47957795,0.64414351,0.17311475,0.11501032,0.47938257,0.086018943,0.2137069
5dw3_TRP_D_402,0.47957795,0.64414351,0.17311475,0.11501032,0.47938257,0.086018943,0.2137069
5dz2_212_A_404,0.47957795,0.64414351,0.17311475,0.11501032,0.47938257,0.086018943,0.2137069
5dz2_212_B_404,0.47957795,0.64414351,0.17311475,0.11501032,0.47938257,0.086018943,0.2137069
5dzh_5KG_A_900,0.47957795,0.64414351,0.17311475,0.11501032,0.47938257,0.086018943,0.2137069
5e4o_L57_A_201,0.47957795,0.64414351,0.17311475,0.11501032,0.47938257,0.086018943,0.2137069
5e4o_L57_B_201,0.47957795,0.64414351,0.17311475,0.11501032,0.47938257,0.086018943,0.2137069
5e4r_40E_A_504,0.47957795,0.64414351,0.17311475,0.11501032,0.47938257,0.086018943,0.2137069
5e9m_BAE_A_2001,0.47957795,0.64414351,0.17311475,0.11501032,0.47938257,0.086018943,0.2137069
5edh_5MF_A_803,0.47957795,0.64414351,0.17311475,0.11501032,0.47938257,0.086018943,0.2137069
5edh_5MF_B_803,0.47957795,0.64414351,0.17311475,0.11501032,0.47938257,0.086018943,0.2137069
5edh_5MF_C_803,0.47957795,0.64414351,0.17311475,0.11501032,0.47938257,0.086018943,0.2137069
5eo7_SFU_A_401,0.47957795,0.64414351,0.17311475,0.11501032,0.47938257,0.086018943,0.2137069
5eo7_SFU_A_402,0.47957795,0.64414351,0.17311475,0.11501032,0.47938257,0.086018943,0.2137069
5eo7_SFU_A_403,0.47957795,0.64414351,0.17311475,0.11501032,0.47938257,0.086018943,0.2137069
5eo7_SFU_A_405,0.47957795,0.64414351,0.17311475,0.11501032,0.47938257,0.086018943,0.2137069
5eo7_SFU_B_401,0.47957795,0.64414351,0.17311475,0.11501032,0.47938257,0.086018943,0.2137069
5eo7_SFU_B_402,0.47957795,0.64414351,0.17311475,0.11501032,0.47938257,0.086018943,0.2137069
5eo7_SFU_B_403,0.47957795,0.64414351,0.17311475,0.11501032,0.47938257,0.086018943,0.2137069
5eo7_SFU_B_404,0.47360978,0.95250126,0.17387368,0.11663483,0.4709081,0.99570935,0.21310188
5eo7_SFU_B_405,0.47957795,0.64414351,0.17311475,0.11501032,0.47938257,0.086018943,0.2137069
5eo7_SFU_C_403,0.47957795,0.64414351,0.17311475,0.11501032,0.47938257,0.086018943,0.2137069
5eo7_SFU_C_405,0.47957795,0.64414351,0.17311475,0.11501032,0.47938257,0.086018943,0.2137069
5eo8_TFU_A_401,0.47957795,0.64414351,0.17311475,0.11501032,0.47938257,0.086018943,0.2137069
5eo8_TFU_A_402,0.47957795,0.64414351,0.17311475,0.11501032,0.47938257,0.086018943,0.2137069
5eo8_TFU_A_403,0.47957795,0.64414351,0.17311475,0.11501032,0.47938257,0.086018943,0.2137069
5eo8_TFU_A_404,0.47957795,0.64414351,0.17311475,0.11501032,0.47938257,0.086018943,0.2137069
5eo8_TFU_A_405,0.47957795,0.64414351,0.17311475,0.11501032,0.47938257,0.086018943,0.2137069
5eo8_TFU_A_406,0.47957795,0.64414351,0.17311475,0.11501032,0.47938257,0.086018943,0.2137069
5eso_ISC_A_602,0.47957795,0.64414351,0.17311475,0.11501032,0.47938257,0.086018943,0.2137069
5eso_ISC_B_602,0.47957795,0.64414351,0.17311475,0.11501032,0.47938257,0.086018943,0.2137069
5ew8_5SF_B_802,0.47957795,0.64414351,0.17311475,0.11501032,0.47938257,0.086018943,0.2137069
5ezp_IPJ_A_201,0.47957795,0.64414351,0.17311475,0.11501032,0.47938257,0.086018943,0.2137069
5ezp_IPJ_B_201,0.47957795,0.64414351,0.17311475,0.11501032,0.47938257,0.086018943,0.2137069
5ezp_IPJ_C_201,0.47957795,0.64414351,0.17311475,0.11501032,0.47938257,0.086018943,0.2137069
5ezp_IPJ_F_201,0.47957795,0.64414351,0.17311475,0.11501032,0.47938257,0.086018943,0.2137069
5f35_FLC_A_302,0.47957795,0.64414351,0.17311475,0.11501032,0.47938257,0.086018943,0.2137069
5f79_4V7_A_4000,0.3916634,0.63909356,0.21430089,0.0002429531,0.40330438,0.086484698,0.21602485
5faj_DCS_A_401,0.47957795,0.64414351,0.17311475,0.11501032,0.47938257,0.086018943,0.2137069
5faj_DCS_B_401,0.47957795,0.64414351,0.17311475,0.11501032,0.47938257,0.086018943,0.2137069
5faj_DCS_C_401,0.47957795,0.64414351,0.17311475,0.11501032,0.47938257,0.086018943,0.2137069
5faj_DCS_D_401,0.47957795,0.64414351,0.17311475,0.11501032,0.47938257,0.086018943,0.2137069
5fal_SKT_A_502,0.47957795,0.64414351,0.17311475,0.11501032,0.47938257,0.086018943,0.2137069
5fay_CHT_A_908,0.47957795,0.64414351,0.17311475,0.11501032,0.47938257,0.086018943,0.2137069
5fc5_PC_A_516,0.47957795,0.64414351,0.17311475,0.11501032,0.47938257,0.086018943,0.2137069
5fe1_12Q_B_901,0.47957795,0.64414351,0.17311475,0.11501032,0.47938257,0.086018943,0.2137069
5fes_9SE_A_409,0.43336712,0.97577998,0.15099471,0.036226448,0.12730118,0.091241033,0.047313472
5fiu_Y3J_A_1299,0.47957795,0.64414351,0.17311475,0.11501032,0.47938257,0.086018943,0.2137069
5fiu_Y3J_B_1299,0.47957795,0.64414351,0.17311475,0.11501032,0.47938257,0.086018943,0.2137069
5fiu_Y3J_C_1299,0.47957795,0.64414351,0.17311475,0.11501032,0.47938257,0.086018943,0.2137069
5fkl_TDC_A_222,0.47957795,0.64414351,0.17311475,0.11501032,0.47938257,0.086018943,0.2137069
5fli_QUE_A_301,0.47957795,0.64414351,0.17311475,0.11501032,0.47938257,0.086018943,0.2137069
5fli_QUE_C_301,0.47957795,0.64414351,0.17311475,0.11501032,0.47938257,0.086018943,0.2137069
5fli_QUE_F_301,0.47957795,0.64414351,0.17311475,0.11501032,0.47938257,0.086018943,0.2137069
5fli_QUE_G_301,0.47957795,0.64414351,0.17311475,0.11501032,0.47938257,0.086018943,0.2137069
5fli_QUE_J_301,0.47957795,0.64414351,0.17311475,0.11501032,0.47938257,0.086018943,0.2137069
5fli_QUE_K_301,0.47957795,0.64414351,0.17311475,0.11501032,0.47938257,0.086018943,0.2137069
5fp9_4SV_A_1342,0.47957795,0.64414351,0.17311475,0.11501032,0.47938257,0.086018943,0.2137069
5fqf_NGA_A_1588,0.47957795,0.64414351,0.17311475,0.11501032,0.47938257,0.086018943,0.2137069
5fuv_THM_A_1388,0.47957795,0.64414351,0.17311475,0.11501032,0.47938257,0.086018943,0.2137069
5fuv_THM_B_1385,0.47957795,0.64414351,0.17311475,0.11501032,0.47938257,0.086018943,0.2137069
5fwd_GJV_A_1446,0.47957795,0.64414351,0.17311475,0.11501032,0.47938257,0.086018943,0.2137069
5fwe_OGA_A_1358,0.47957795,0.64414351,0.17311475,0.11501032,0.47938257,0.086018943,0.2137069
5fwe_OGA_B_1359,0.47957795,0.64414351,0.17311475,0.11501032,0.47938257,0.086018943,0.2137069
5g03_OE2_A_1263,0.47957795,0.64414351,0.17311475,0.11501032,0.47938257,0.086018943,0.2137069
5g09_6DF_B_1474,0.47957795,0.64414351,0.17311475,0.11501032,0.47938257,0.086018943,0.2137069
5g09_6DF_C_1475,0.47957795,0.64414351,0.17311475,0.11501032,0.47938257,0.086018943,0.2137069
5g09_6DF_D_1476,0.47957795,0.64414351,0.17311475,0.11501032,0.47938257,0.086018943,0.2137069
5g21_YN4_A_1002,0.47957795,0.64414351,0.17311475,0.11501032,0.47938257,0.086018943,0.2137069
5g44_I6G_A_1510,0.47957795,0.64414351,0.17311475,0.11501032,0.47938257,0.086018943,0.2137069
5g44_SWX_A_1511,0.47957795,0.64414351,0.17311475,0.11501032,0.47938257,0.086018943,0.2137069
5g44_YTZ_A_1512,0.47957795,0.64414351,0.17311475,0.11501032,0.47938257,0.086018943,0.2137069
5g4r_LF1_B_1739,0.47957795,0.64414351,0.17311475,0.11501032,0.47938257,0.086018943,0.2137069
5g4r_LF1_C_1739,0.47957795,0.64414351,0.17311475,0.11501032,0.47938257,0.086018943,0.2137069
5g4r_LF1_D_1739,0.47957795,0.64414351,0.17311475,0.11501032,0.47938257,0.086018943,0.2137069
5g6g_H8B_A_1367,0.47957795,0.64414351,0.17311475,0.11501032,0.47938257,0.086018943,0.2137069
5g6k_M94_A_904,0.47957795,0.64414351,0.17311475,0.11501032,0.47938257,0.086018943,0.2137069
5gnx_BGC_A_502,0.47957795,0.64414351,0.17311475,0.11501032,0.47938257,0.086018943,0.2137069
5gnx_BGC_B_503,0.47957795,0.64414351,0.17311475,0.11501032,0.47938257,0.086018943,0.2137069
5goo_FRU_A_501,0.47957795,0.64414351,0.17311475,0.11501032,0.47938257,0.086018943,0.2137069
5goo_FRU_C_501,0.41827302,0,0.14773897,0,4.083696e-07,0.08066138,0
5gto_MYR_A_502,0.47957795,0.64414351,0.17311475,0.11501032,0.47938257,0.086018943,0.2137069
5gwt_SIN_B_302,0.47957795,0.64414351,0.17311475,0.11501032,0.47938257,0.086018943,0.2137069
5gwt_SIN_C_301,0.47957795,0.64414351,0.17311475,0.11501032,0.47938257,0.086018943,0.2137069
5gwt_SIN_D_301,0.47957795,0.64414351,0.17311475,0.11501032,0.47938257,0.086018943,0.2137069
5gzz_GSH_D_301,0.47957795,0.64414351,0.17311475,0.11501032,0.47938257,0.086018943,0.2137069
5gzz_GSH_E_301,0.47957795,0.64414351,0.17311475,0.11501032,0.47938257,0.086018943,0.2137069
5h24_LQG_B_501,0.47957795,0.64414351,0.17311475,0.11501032,0.47938257,0.086018943,0.2137069
5h5k_C5P_A_206,0.47957795,0.64414351,0.17311475,0.11501032,0.47938257,0.086018943,0.2137069
5h5k_C5P_B_203,0.47957795,0.64414351,0.17311475,0.11501032,0.47938257,0.086018943,0.2137069
5h8f_GLU_A_302,0.47957795,0.64414351,0.17311475,0.11501032,0.47938257,0.086018943,0.2137069
5h8q_5YE_B_302,0.47957795,0.64414351,0.17311475,0.11501032,0.47938257,0.086018943,0.2137069
5h8q_GLU_A_302,0.47957795,0.64414351,0.17311475,0.11501032,0.47938257,0.086018943,0.2137069
5h8q_GLY_B_301,0.47957795,0.64414351,0.17311475,0.11501032,0.47938257,0.086018943,0.2137069
5h9i_XAN_A_301,0.47957795,0.64414351,0.17311475,0.11501032,0.47938257,0.086018943,0.2137069
5ha7_WY1_A_402,0.47957795,0.64414351,0.17311475,0.11501032,0.47938257,0.086018943,0.2137069
5ha7_WY1_B_402,0.47957795,0.64414351,0.17311475,0.11501032,0.47938257,0.086018943,0.2137069
5hc0_NPO_A_402,0.47957795,0.64414351,0.17311475,0.11501032,0.47938257,0.086018943,0.2137069
5hc0_NPO_A_407,0.47957795,0.64414351,0.17311475,0.11501032,0.47938257,0.086018943,0.2137069
5hfa_FP1_A_607,0.47957795,0.64414351,0.17311475,0.11501032,0.47938257,0.086018943,0.2137069
5hfa_FP1_A_608,0.47957795,0.64414351,0.17311475,0.11501032,0.47938257,0.086018943,0.2137069
5hfa_FP1_B_609,0.47957795,0.64414351,0.17311475,0.11501032,0.47938257,0.086018943,0.2137069
5hpu_IPH_A_101,0.47957795,0.64414351,0.17311475,0.11501032,0.47938257,0.086018943,0.2137069
5hpu_IPH_C_101,0.47957795,0.64414351,0.17311475,0.11501032,0.47938257,0.086018943,0.2137069
5hss_64Z_A_402,0.47957795,0.64414351,0.17311475,0.11501032,0.47938257,0.086018943,0.2137069
5hss_64Z_D_403,0.47957795,0.64414351,0.17311475,0.11501032,0.47938257,0.086018943,0.2137069
5hss_64Z_E_402,0.47957795,0.64414351,0.17311475,0.11501032,0.47938257,0.086018943,0.2137069
5hss_650_B_402,0.47957795,0.64414351,0.17311475,0.11501032,0.47938257,0.086018943,0.2137069
5hss_650_C_401,0.47957795,0.64414351,0.17311475,0.11501032,0.47938257,0.086018943,0.2137069
5htd_MYR_A_201,0.47957795,0.64414351,0.17311475,0.11501032,0.47938257,0.086018943,0.2137069
5hxi_5HN_A_403,0.47957795,0.64414351,0.17311475,0.11501032,0.47938257,0.086018943,0.2137069
5hyv_TPP_A_701,0.47957795,0.64414351,0.17311475,0.11501032,0.47938257,0.086018943,0.2137069
5i0d_GLC_A_1124,0.47957795,0.64414351,0.17311475,0.11501032,0.47938257,0.086018943,0.2137069
5i0d_GLC_B_1122,0.47957795,0.64414351,0.17311475,0.11501032,0.47938257,0.086018943,0.2137069
5i0m_UMP_A_201,0.47957795,0.64414351,0.17311475,0.11501032,0.47938257,0.086018943,0.2137069
5i3p_68T_A_1003,0.47957795,0.64414351,0.17311475,0.11501032,0.47938257,0.086018943,0.2137069
5i5s_NVU_A_402,0.47957795,0.64414351,0.17311475,0.11501032,0.47938257,0.086018943,0.2137069
5i5s_NVU_B_402,0.47957795,0.64414351,0.17311475,0.11501032,0.47938257,0.086018943,0.2137069
5i5t_67X_A_402,0.47957795,0.64414351,0.17311475,0.11501032,0.47938257,0.086018943,0.2137069
5i5t_67X_B_402,0.47957795,0.64414351,0.17311475,0.11501032,0.47938257,0.086018943,0.2137069
5i7r_68W_A_402,0.47957795,0.64414351,0.17311475,0.11501032,0.47938257,0.086018943,0.2137069
5i8z_JA1_A_302,0.47957795,0.64414351,0.17311475,0.11501032,0.47938257,0.086018943,0.2137069
5i93_69O_A_202,0.47957795,0.64414351,0.17311475,0.11501032,0.47938257,0.086018943,0.2137069
5i95_AKG_A_508,0.47957795,0.64414351,0.17311475,0.11501032,0.47938257,0.086018943,0.2137069
5i9m_69K_A_302,0.47957795,0.64414351,0.17311475,0.11501032,0.47938257,0.086018943,0.2137069
5i9m_69K_B_302,0.47957795,0.64414351,0.17311475,0.11501032,0.47938257,0.086018943,0.2137069
5i9m_69K_C_302,0.47957795,0.64414351,0.17311475,0.11501032,0.47938257,0.086018943,0.2137069
5iav_MLI_A_302,0.47957795,0.64414351,0.17311475,0.11501032,0.47938257,0.086018943,0.2137069
5iav_MLI_B_302,0.47957795,0.64414351,0.17311475,0.11501032,0.47938257,0.086018943,0.2137069
5ice_2H4_A_402,0.47957795,0.64414351,0.17311475,0.11501032,0.47938257,0.086018943,0.2137069
5icf_SAU_A_402,0.47957795,0.64414351,0.17311475,0.11501032,0.47938257,0.086018943,0.2137069
5igs_GMP_A_403,0.47957795,0.64414351,0.17311475,0.11501032,0.47938257,0.086018943,0.2137069
5ihe_D5M_A_701,0.47957795,0.64414351,0.17311475,0.11501032,0.47938257,0.086018943,0.2137069
5ijz_AKG_A_502,0.47957795,0.64414351,0.17311475,0.11501032,0.47938257,0.086018943,0.2137069
5ijz_AKG_B_502,0.47957795,0.64414351,0.17311475,0.11501032,0.47938257,0.086018943,0.2137069
5ijz_AKG_C_502,0.47957795,0.64414351,0.17311475,0.11501032,0.47938257,0.086018943,0.2137069
5ijz_AKG_D_502,0.47957795,0.64414351,0.17311475,0.11501032,0.47938257,0.086018943,0.2137069
5ijz_AKG_E_502,0.47957795,0.64414351,0.17311475,0.11501032,0.47938257,0.086018943,0.2137069
5ijz_AKG_H_502,0.47957795,0.64414351,0.17311475,0.11501032,0.47938257,0.086018943,0.2137069
5in3_G1P_A_416,0.47957795,0.64414351,0.17311475,0.11501032,0.47938257,0.086018943,0.2137069
5in3_G1P_B_418,0.47957795,0.64414351,0.17311475,0.11501032,0.47938257,0.086018943,0.2137069
5ioq_DUR_B_302,0.47957795,0.64414351,0.17311475,0.11501032,0.47938257,0.086018943,0.2137069
5ioq_DUR_C_302,0.47957795,0.64414351,0.17311475,0.11501032,0.47938257,0.086018943,0.2137069
5ioq_DUR_D_302,0.47957795,0.64414351,0.17311475,0.11501032,0.47938257,0.086018943,0.2137069
5ip6_6C9_A_301,0.47957795,0.64414351,0.17311475,0.11501032,0.47938257,0.086018943,0.2137069
5irw_D9P_A_202,0.47957795,0.64414351,0.17311475,0.11501032,0.47938257,0.086018943,0.2137069
5ita_6DC_A_801,0.47957795,0.64414351,0.17311475,0.11501032,0.47938257,0.086018943,0.2137069
5ita_6DC_B_801,0.47957795,0.64414351,0.17311475,0.11501032,0.47938257,0.086018943,0.2137069
5iuy_BOG_B_503,0.47957795,0.64414351,0.17311475,0.11501032,0.47938257,0.086018943,0.2137069
5iuy_BOG_C_503,0.47957795,0.64414351,0.17311475,0.11501032,0.47938257,0.086018943,0.2137069
5ivg_FPS_A_704,0.47957795,0.64414351,0.17311475,0.11501032,0.47938257,0.086018943,0.2137069
5j5i_6GM_A_302,0.47957795,0.64414351,0.17311475,0.11501032,0.47938257,0.086018943,0.2137069
5j5i_6GM_A_303,0.47957795,0.64414351,0.17311475,0.11501032,0.47938257,0.086018943,0.2137069
5j5i_6GM_B_302,0.47957795,0.64414351,0.17311475,0.11501032,0.47938257,0.086018943,0.2137069
5j5i_6GM_C_302,0.47957795,0.64414351,0.17311475,0.11501032,0.47938257,0.086018943,0.2137069
5j5i_6GM_E_302,0.47957795,0.64414351,0.17311475,0.11501032,0.47938257,0.086018943,0.2137069
5j5i_6GM_F_302,0.47957795,0.64414351,0.17311475,0.11501032,0.47938257,0.086018943,0.2137069
5j5i_6GM_F_303,0.47957795,0.64414351,0.17311475,0.11501032,0.47938257,0.086018943,0.2137069
5j5i_6GM_G_302,0.47957795,0.64414351,0.17311475,0.11501032,0.47938257,0.086018943,0.2137069
5j5i_6GM_I_302,0.47957795,0.64414351,0.17311475,0.11501032,0.47938257,0.086018943,0.2137069
5j5i_6GM_I_303,0.47957795,0.64414351,0.17311475,0.11501032,0.47938257,0.086018943,0.2137069
5j61_A3G_B_501,0.47957795,0.64414351,0.17311475,0.11501032,0.47938257,0.086018943,0.2137069
5j61_A3G_C_501,0.47957795,0.64414351,0.17311475,0.11501032,0.47938257,0.086018943,0.2137069
5j61_A3G_D_501,0.47957795,0.64414351,0.17311475,0.11501032,0.47938257,0.086018943,0.2137069
5j61_A3G_G_501,0.47957795,0.64414351,0.17311475,0.11501032,0.47938257,0.086018943,0.2137069
5j61_A3G_H_501,0.47957795,0.64414351,0.17311475,0.11501032,0.47938257,0.086018943,0.2137069
5jdv_EVF_B_302,0.47957795,0.64414351,0.17311475,0.11501032,0.47938257,0.086018943,0.2137069
5je1_TOF_A_302,0.47957795,0.64414351,0.17311475,0.11501032,0.47938257,0.086018943,0.2137069
5je1_TOF_B_302,0.47957795,0.64414351,0.17311475,0.11501032,0.47938257,0.086018943,0.2137069
5je5_AZ9_A_302,0.47957795,0.64414351,0.17311475,0.11501032,0.47938257,0.086018943,0.2137069
5jeh_EVF_B_302,0.47957795,0.64414351,0.17311475,0.11501032,0.47938257,0.086018943,0.2137069
5jep_EVF_B_302,0.47957795,0.64414351,0.17311475,0.11501032,0.47938257,0.086018943,0.2137069
5jep_EVF_B_303,0.47957795,0.64414351,0.17311475,0.11501032,0.47938257,0.086018943,0.2137069
5jfx_6K4_A_4000,0.47957795,0.64414351,0.17311475,0.11501032,0.47938257,0.086018943,0.2137069
5jg5_EVF_B_301,0.47957795,0.64414351,0.17311475,0.11501032,0.47938257,0.086018943,0.2137069
5jg5_EVF_B_302,0.47957795,0.64414351,0.17311475,0.11501032,0.47938257,0.086018943,0.2137069
5jj2_MLI_A_301,0.47957795,0.64414351,0.17311475,0.11501032,0.47938257,0.086018943,0.2137069
5jj2_MLI_A_302,0.47957795,0.64414351,0.17311475,0.11501032,0.47938257,0.086018943,0.2137069
5jj2_MLI_A_303,0.47957795,0.64414351,0.17311475,0.11501032,0.47938257,0.086018943,0.2137069
5joy_6LW_A_602,0.47957795,0.64414351,0.17311475,0.11501032,0.47938257,0.086018943,0.2137069
5jp9_DCM_A_401,0.63230847,0.93097189,0,0.16427335,0.46463306,0.088941775,0.12906035
5jp9_DCM_B_401,0.47957795,0.64414351,0.17311475,0.11501032,0.47938257,0.086018943,0.2137069
5jtt_6MY_A_902,0.47957795,0.64414351,0.17311475,0.11501032,0.47938257,0.086018943,0.2137069
5jtu_6NE_A_902,0.47957795,0.64414351,0.17311475,0.11501032,0.47938257,0.086018943,0.2137069
5kas_PC_A_517,0.47957795,0.64414351,0.17311475,0.11501032,0.47938257,0.086018943,0.2137069
5kcj_6RM_B_302,0,0.99481248,0.4237285,0,0.42821234,0.091360079,0.41012858
5kcj_GLU_A_302,0.47957795,0.64414351,0.17311475,0.11501032,0.47938257,0.086018943,0.2137069
5kcp_PFB_A_378,0.47880599,0.96046529,0.17189285,0.11977209,0.47858249,0.089620018,0.21471994
5kcp_PFB_A_379,0.39147618,0.63908281,0.2143886,2.8523636e-27,0.40314237,0.08648569,0.21602979
5kcp_PFB_B_378,0.47957795,0.64414351,0.17311475,0.11501032,0.47938257,0.086018943,0.2137069
5kcp_PFB_B_379,0.47957795,0.64414351,0.17311475,0.11501032,0.47938257,0.086018943,0.2137069
5kf2_COA_A_401,0.47957795,0.64414351,0.17311475,0.11501032,0.47938257,0.086018943,0.2137069
5kjw_53C_A_800,0.47957795,0.64414351,0.17311475,0.11501032,0.47938257,0.086018943,0.2137069
5kjw_53C_B_800,0.47957795,0.64414351,0.17311475,0.11501032,0.47938257,0.086018943,0.2137069
5kjz_PCG_A_401,0.47957795,0.64414351,0.17311475,0.11501032,0.47938257,0.086018943,0.2137069
5kmj_6UF_A_901,0.47957795,0.64414351,0.17311475,0.11501032,0.47938257,0.086018943,0.2137069
5kts_CIZ_A_402,0.47957795,0.64414351,0.17311475,0.11501032,0.47938257,0.086018943,0.2137069
5kxb_NGA_A_307,0.47957795,0.64414351,0.17311475,0.11501032,0.47938257,0.086018943,0.2137069
5kxb_NGA_C_305,0.47957795,0.64414351,0.17311475,0.11501032,0.47938257,0.086018943,0.2137069
5kxb_NGA_D_301,0.47957795,0.64414351,0.17311475,0.11501032,0.47938257,0.086018943,0.2137069
5l1v_7PF_A_401,0.47957795,0.64414351,0.17311475,0.11501032,0.47938257,0.086018943,0.2137069
5l7u_NGA_B_601,0.47957795,0.64414351,0.17311475,0.11501032,0.47938257,0.086018943,0.2137069
5l9v_OGA_A_502,0.47957795,0.64414351,0.17311475,0.11501032,0.47938257,0.086018943,0.2137069
5l9v_OGA_B_502,0.47957795,0.64414351,0.17311475,0.11501032,0.47938257,0.086018943,0.2137069
5la1_XYP_A_601,0.47957795,0.64414351,0.17311475,0.11501032,0.47938257,0.086018943,0.2137069
5la2_ARB_B_606,0.47957795,0.64414351,0.17311475,0.11501032,0.47938257,0.086018943,0.2137069
5lik_W8X_X_402,0.47957795,0.64414351,0.17311475,0.11501032,0.47938257,0.086018943,0.2137069
5lqs_NTM_A_302,0.47957795,0.64414351,0.17311475,0.11501032,0.47938257,0.086018943,0.2137069
5lu8_5KN_A_306,0.47957795,0.64414351,0.17311475,0.11501032,0.47938257,0.086018943,0.2137069
5lwy_OLB_A_402,0.47957795,0.64414351,0.17311475,0.11501032,0.47938257,0.086018943,0.2137069
5lwy_OLB_A_403,0.47957795,0.64414351,0.17311475,0.11501032,0.47938257,0.086018943,0.2137069
5lwy_OLB_A_404,0.47957795,0.64414351,0.17311475,0.11501032,0.47938257,0.086018943,0.2137069
5lwy_OLB_A_406,0.47957795,0.64414351,0.17311475,0.11501032,0.47938257,0.086018943,0.2137069
5lwy_OLB_A_407,0.47957795,0.64414351,0.17311475,0.11501032,0.47938257,0.086018943,0.2137069
5lwy_OLB_A_409,0.47957795,0.64414351,0.17311475,0.11501032,0.47938257,0.086018943,0.2137069
5m0e_7CR_A_922,0.47957795,0.64414351,0.17311475,0.11501032,0.47938257,0.086018943,0.2137069
5m0t_AKG_A_302,0.47957795,0.64414351,0.17311475,0.11501032,0.47938257,0.086018943,0.2137069
5m0t_AKG_B_302,0.47888668,0.92740159,0.17202058,0.11927435,0.47866612,0.089243603,0.21461404
5m5a_KSA_A_404,0.47957795,0.64414351,0.17311475,0.11501032,0.47938257,0.086018943,0.2137069
5m62_BGC_A_409,0.47957795,0.64414351,0.17311475,0.11501032,0.47938257,0.086018943,0.2137069
5m66_ADN_A_502,0.47957795,0.64414351,0.17311475,0.11501032,0.47938257,0.086018943,0.2137069
5m66_ADN_B_502,0.47957795,0.64414351,0.17311475,0.11501032,0.47938257,0.086018943,0.2137069
5m66_ADN_C_502,0.47957795,0.64414351,0.17311475,0.11501032,0.47938257,0.086018943,0.2137069
5m66_ADN_D_502,0.47957795,0.64414351,0.17311475,0.11501032,0.47938257,0.086018943,0.2137069
5m8d_UGI_B_501,0.47957795,0.64414351,0.17311475,0.11501032,0.47938257,0.086018943,0.2137069
5mdh_MAK_A_335,0.47957795,0.64414351,0.17311475,0.11501032,0.47938257,0.086018943,0.2137069
5mdh_MAK_B_335,0.47957795,0.64414351,0.17311475,0.11501032,0.47938257,0.086018943,0.2137069
5mot_HBD_A_401,0.47957795,0.64414351,0.17311475,0.11501032,0.47938257,0.086018943,0.2137069
5mot_HBD_A_402,0.47957795,0.64414351,0.17311475,0.11501032,0.47938257,0.086018943,0.2137069
5mzp_CFF_A_2401,0.47957795,0.64414351,0.17311475,0.11501032,0.47938257,0.086018943,0.2137069
5n5k_8NW_A_307,0.47957795,0.64414351,0.17311475,0.11501032,0.47938257,0.086018943,0.2137069
5n5k_HAE_A_306,0.47957795,0.64414351,0.17311475,0.11501032,0.47938257,0.086018943,0.2137069
5n63_8OW_A_401,0.47957795,0.64414351,0.17311475,0.11501032,0.47938257,0.086018943,0.2137069
5n8c_8Q8_A_403,0.47957795,0.64414351,0.17311475,0.11501032,0.47938257,0.086018943,0.2137069
5n8c_8Q8_B_403,0.39147618,0.63908281,0.2143886,0,0.40314237,0.08648569,0.21602979
5nh9_XLS_A_503,0.47957795,0.64414351,0.17311475,0.11501032,0.47938257,0.086018943,0.2137069
5nh9_XLS_B_503,0.47957795,0.64414351,0.17311475,0.11501032,0.47938257,0.086018943,0.2137069
5nh9_XLS_D_504,0.47957795,0.64414351,0.17311475,0.11501032,0.47938257,0.086018943,0.2137069
5nj0_8YW_A_301,0.47957795,0.64414351,0.17311475,0.11501032,0.47938257,0.086018943,0.2137069
5nnw_GCS_D_302,0.47957795,0.64414351,0.17311475,0.11501032,0.47938257,0.086018943,0.2137069
5nov_93B_A_201,0.47957795,0.64414351,0.17311475,0.11501032,0.47938257,0.086018943,0.2137069
5nuk_Z80_A_201,0.47957795,0.64414351,0.17311475,0.11501032,0.47938257,0.086018943,0.2137069
5o3b_9HZ_C_501,0.47957795,0.64414351,0.17311475,0.11501032,0.47938257,0.086018943,0.2137069
5o3b_9HZ_D_501,0.47957795,0.64414351,0.17311475,0.11501032,0.47938257,0.086018943,0.2137069
5o3d_9J5_A_501,0.47957795,0.64414351,0.17311475,0.11501032,0.47938257,0.086018943,0.2137069
5o3f_9HT_A_501,0.47957795,0.64414351,0.17311475,0.11501032,0.47938257,0.086018943,0.2137069
5o3g_9J8_A_501,0.47957795,0.64414351,0.17311475,0.11501032,0.47938257,0.086018943,0.2137069
5o4j_9KH_B_302,0.47957795,0.64414351,0.17311475,0.11501032,0.47938257,0.086018943,0.2137069
5o4j_9KH_C_302,0.47957795,0.64414351,0.17311475,0.11501032,0.47938257,0.086018943,0.2137069
5o4j_PJL_A_304,0.47957795,0.64414351,0.17311475,0.11501032,0.47938257,0.086018943,0.2137069
5o4k_9KE_A_405,0.47957795,0.64414351,0.17311475,0.11501032,0.47938257,0.086018943,0.2137069
5o72_9MH_A_303,0.47957795,0.64414351,0.17311475,0.11501032,0.47938257,0.086018943,0.2137069
5ocm_9RH_B_302,0.47957795,0.64414351,0.17311475,0.11501032,0.47938257,0.086018943,0.2137069
5ocm_9RH_C_302,0.47957795,0.64414351,0.17311475,0.11501032,0.47938257,0.086018943,0.2137069
5ocm_9RH_D_302,0.47957795,0.64414351,0.17311475,0.11501032,0.47938257,0.086018943,0.2137069
5ocm_9RH_E_302,0.47957795,0.64414351,0.17311475,0.11501032,0.47938257,0.086018943,0.2137069
5ocm_9RH_F_302,0.47957795,0.64414351,0.17311475,0.11501032,0.47938257,0.086018943,0.2137069
5oew_9TE_C_301,0.47957795,0.64414351,0.17311475,0.11501032,0.47938257,0.086018943,0.2137069
5oew_GLU_A_301,0.47957795,0.64414351,0.17311475,0.11501032,0.47938257,0.086018943,0.2137069
5oew_GLU_B_902,0.47957795,0.64414351,0.17311475,0.11501032,0.47938257,0.086018943,0.2137069
5oew_GLU_C_302,0.47957795,0.64414351,0.17311475,0.11501032,0.47938257,0.086018943,0.2137069
5oip_9WE_A_302,0.47957795,0.64414351,0.17311475,0.11501032,0.47938257,0.086018943,0.2137069
5oo4_URI_A_201,0.47957795,0.64414351,0.17311475,0.11501032,0.47938257,0.086018943,0.2137069
5ooa_URI_A_201,0.63757553,0,0,0.15114291,0.46674888,0.078336282,0.12442782
5r0i_SYV_A_2501,0.47957795,0.64414351,0.17311475,0.11501032,0.47938257,0.086018943,0.2137069
5r0j_RBJ_B_401,0.47957795,0.64414351,0.17311475,0.11501032,0.47938257,0.086018943,0.2137069
5r28_RDJ_A_401,0.47957795,0.64414351,0.17311475,0.11501032,0.47938257,0.086018943,0.2137069
5r9o_54F_A_401,0.47957795,0.64414351,0.17311475,0.11501032,0.47938257,0.086018943,0.2137069
5r9u_JMM_A_401,0.47957795,0.64414351,0.17311475,0.11501032,0.47938257,0.086018943,0.2137069
5sga_TYR_P_1,0.47957795,0.64414351,0.17311475,0.11501032,0.47938257,0.086018943,0.2137069
5syi_NIZ_A_805,0.47957795,0.64414351,0.17311475,0.11501032,0.47938257,0.086018943,0.2137069
5syi_NIZ_B_805,0.47957795,0.64414351,0.17311475,0.11501032,0.47938257,0.086018943,0.2137069
5t6b_TMP_A_504,0.47957795,0.64414351,0.17311475,0.11501032,0.47938257,0.086018943,0.2137069
5t6b_TMP_C_503,0.47957795,0.64414351,0.17311475,0.11501032,0.47938257,0.086018943,0.2137069
5t6b_TMP_D_503,0.47957795,0.64414351,0.17311475,0.11501032,0.47938257,0.086018943,0.2137069
5tch_MLI_A_301,0.47957795,0.64414351,0.17311475,0.11501032,0.47938257,0.086018943,0.2137069
5tch_MLI_B_501,0.47957795,0.64414351,0.17311475,0.11501032,0.47938257,0.086018943,0.2137069
5tch_MLI_C_301,0.47957795,0.64414351,0.17311475,0.11501032,0.47938257,0.086018943,0.2137069
5tch_MLI_E_301,0.47957795,0.64414351,0.17311475,0.11501032,0.47938257,0.086018943,0.2137069
5tch_MLI_F_501,0.47957795,0.64414351,0.17311475,0.11501032,0.47938257,0.086018943,0.2137069
5tch_MLI_G_301,0.99705808,0.8127758,0.03397569,0.19174148,0.18721962,0.087329706,0.62485001
5tde_2HP_A_502,0.47957795,0.64414351,0.17311475,0.11501032,0.47938257,0.086018943,0.2137069
5tde_2HP_B_901,0.47957795,0.64414351,0.17311475,0.11501032,0.47938257,0.086018943,0.2137069
5tde_FLC_A_501,0.47957795,0.64414351,0.17311475,0.11501032,0.47938257,0.086018943,0.2137069
5tdt_MBN_A_502,0.47957795,0.64414351,0.17311475,0.11501032,0.47938257,0.086018943,0.2137069
5tdt_MBN_A_504,0.47957795,0.64414351,0.17311475,0.11501032,0.47938257,0.086018943,0.2137069
5tdt_MBN_D_501,0.088836549,0.99120345,0.4409041,0.11373579,0.99751706,0.088958621,0.66129521
5thu_GGG_B_405,0.47957795,0.64414351,0.17311475,0.11501032,0.47938257,0.086018943,0.2137069
5tix_OQR_A_302,0.47957795,0.64414351,0.17311475,0.11501032,0.47938257,0.086018943,0.2137069
5tix_OQR_B_302,0.47957795,0.64414351,0.17311475,0.11501032,0.47938257,0.086018943,0.2137069
5tlg_7EG_A_601,0.47957795,0.64414351,0.17311475,0.11501032,0.47938257,0.086018943,0.2137069
5tlg_7EG_B_601,0.47957795,0.64414351,0.17311475,0.11501032,0.47938257,0.086018943,0.2137069
5tm5_7EV_A_601,0.47957795,0.64414351,0.17311475,0.11501032,0.47938257,0.086018943,0.2137069
5tm5_7EV_B_601,0.47957795,0.64414351,0.17311475,0.11501032,0.47938257,0.086018943,0.2137069
5tvr_AKG_A_402,0.47957795,0.64414351,0.17311475,0.11501032,0.47938257,0.086018943,0.2137069
5tvr_AKG_B_402,0.47957795,0.64414351,0.17311475,0.11501032,0.47938257,0.086018943,0.2137069
5tzr_MLI_A_2403,0.47957795,0.64414351,0.17311475,0.11501032,0.47938257,0.086018943,0.2137069
5u5g_7VD_A_302,0.47957795,0.64414351,0.17311475,0.11501032,0.47938257,0.086018943,0.2137069
5u5g_7VD_B_302,0.47957795,0.64414351,0.17311475,0.11501032,0.47938257,0.086018943,0.2137069
5u5g_7VD_C_302,0.47957795,0.64414351,0.17311475,0.11501032,0.47938257,0.086018943,0.2137069
5u5x_TP5_A_302,0.47957795,0.64414351,0.17311475,0.11501032,0.47938257,0.086018943,0.2137069
5u5z_7VP_A_302,0.47957795,0.64414351,0.17311475,0.11501032,0.47938257,0.086018943,0.2137069
5u8z_83D_B_602,0.47957795,0.64414351,0.17311475,0.11501032,0.47938257,0.086018943,0.2137069
5u8z_83D_C_602,0.47957795,0.64414351,0.17311475,0.11501032,0.47938257,0.086018943,0.2137069
5u8z_83D_D_602,0.47957795,0.64414351,0.17311475,0.11501032,0.47938257,0.086018943,0.2137069
5uap_82S_A_505,0.47957795,0.64414351,0.17311475,0.11501032,0.47938257,0.086018943,0.2137069
5uap_82S_B_505,0.47957795,0.64414351,0.17311475,0.11501032,0.47938257,0.086018943,0.2137069
5ud0_13P_B_405,0.47957795,0.64414351,0.17311475,0.11501032,0.47938257,0.086018943,0.2137069
5ud0_G3H_B_406,0,0,0.42693358,0,0.43413615,0.080018612,0.40787878
5ud3_P6F_A_404,0.47957795,0.64414351,0.17311475,0.11501032,0.47938257,0.086018943,0.2137069
5ud3_P6F_B_404,0.47957795,0.64414351,0.17311475,0.11501032,0.47938257,0.086018943,0.2137069
5uda_CAE_A_502,0.48008156,0.64073588,0.17293777,0.11526142,0.48012109,0,0.21385009
5uda_CAE_B_502,0.47957795,0.64414351,0.17311475,0.11501032,0.47938257,0.086018943,0.2137069
5uim_TYD_B_403,0.47957795,0.64414351,0.17311475,0.11501032,0.47938257,0.086018943,0.2137069
5uio_8DM_A_202,0.47957795,0.64414351,0.17311475,0.11501032,0.47938257,0.086018943,0.2137069
5uio_8DM_D_202,0.47957795,0.64414351,0.17311475,0.11501032,0.47938257,0.086018943,0.2137069
5uio_8DM_E_202,0.98849882,0.97354823,0,0.3716548,0.97693308,0.08675451,0
5uio_LG3_A_201,0.47957795,0.64414351,0.17311475,0.11501032,0.47938257,0.086018943,0.2137069
5uio_LG3_B_201,0.47957795,0.64414351,0.17311475,0.11501032,0.47938257,0.086018943,0.2137069
5uio_LG3_C_201,0.47957795,0.64414351,0.17311475,0.11501032,0.47938257,0.086018943,0.2137069
5uio_LG3_E_201,0.47957795,0.64414351,0.17311475,0.11501032,0.47938257,0.086018943,0.2137069
5uj3_CE4_A_302,0.47957795,0.64414351,0.17311475,0.11501032,0.47938257,0.086018943,0.2137069
5unr_8EV_A_803,0.47957795,0.64414351,0.17311475,0.11501032,0.47938257,0.086018943,0.2137069
5unr_8EV_B_803,0.47957795,0.64414351,0.17311475,0.11501032,0.47938257,0.086018943,0.2137069
5unt_8J1_A_803,0.47957795,0.64414351,0.17311475,0.11501032,0.47938257,0.086018943,0.2137069
5unx_8F1_A_803,0.47957795,0.64414351,0.17311475,0.11501032,0.47938257,0.086018943,0.2137069
5unx_8F1_B_803,0.47957795,0.64414351,0.17311475,0.11501032,0.47938257,0.086018943,0.2137069
5uo3_8EY_A_803,0.47957795,0.64414351,0.17311475,0.11501032,0.47938257,0.086018943,0.2137069
5uo5_M4R_A_803,0.47957795,0.64414351,0.17311475,0.11501032,0.47938257,0.086018943,0.2137069
5uo5_M4R_B_803,0.47957795,0.64414351,0.17311475,0.11501032,0.47938257,0.086018943,0.2137069
5urz_BOG_B_201,0.47957795,0.64414351,0.17311475,0.11501032,0.47938257,0.086018943,0.2137069
5v31_ARG_A_401,0.47957795,0.64414351,0.17311475,0.11501032,0.47938257,0.086018943,0.2137069
5v7y_AKG_B_302,0.47957795,0.64414351,0.17311475,0.11501032,0.47938257,0.086018943,0.2137069
5ve5_GSH_B_402,0.47957795,0.64414351,0.17311475,0.11501032,0.47938257,0.086018943,0.2137069
5ved_STU_A_601,0.47957795,0.64414351,0.17311475,0.11501032,0.47938257,0.086018943,0.2137069
5vjg_0BP_A_403,0.47957795,0.64414351,0.17311475,0.11501032,0.47938257,0.086018943,0.2137069
5vka_AKG_A_402,0.47957795,0.64414351,0.17311475,0.11501032,0.47938257,0.086018943,0.2137069
5vl0_BNF_A_404,0.47957795,0.64414351,0.17311475,0.11501032,0.47938257,0.086018943,0.2137069
5vl0_BNF_D_404,0.47957795,0.64414351,0.17311475,0.11501032,0.47938257,0.086018943,0.2137069
5vrj_R07_A_204,0.48008156,0.64073588,0.17293777,0.11526142,0.48012109,0,0.21385009
5vut_9OG_A_803,0.47957795,0.64414351,0.17311475,0.11501032,0.47938257,0.086018943,0.2137069
5vut_9OG_B_803,0.47957795,0.64414351,0.17311475,0.11501032,0.47938257,0.086018943,0.2137069
5vuu_9OJ_A_805,0.47957795,0.64414351,0.17311475,0.11501032,0.47938257,0.086018943,0.2137069
5vuu_9OJ_B_803,0.47957795,0.64414351,0.17311475,0.11501032,0.47938257,0.086018943,0.2137069
5vv0_9OM_A_803,0.47874152,0.98688188,0.17179081,0.12016977,0.47851567,0.089920759,0.21480454
5vv0_9OM_B_803,0.47957795,0.64414351,0.17311475,0.11501032,0.47938257,0.086018943,0.2137069
5vv5_9OJ_B_803,0.47957795,0.64414351,0.17311475,0.11501032,0.47938257,0.086018943,0.2137069
5vyr_B62_A_301,0.47957795,0.64414351,0.17311475,0.11501032,0.47938257,0.086018943,0.2137069
5vyr_B62_B_301,0.47957795,0.64414351,0.17311475,0.11501032,0.47938257,0.086018943,0.2137069
5vyr_GMP_B_302,0.47957795,0.64414351,0.17311475,0.11501032,0.47938257,0.086018943,0.2137069
5vyr_GMP_B_303,0.47957795,0.64414351,0.17311475,0.11501032,0.47938257,0.086018943,0.2137069
5vys_1YJ_A_301,0.47957795,0.64414351,0.17311475,0.11501032,0.47938257,0.086018943,0.2137069
5vys_1YJ_B_301,0.47957795,0.64414351,0.17311475,0.11501032,0.47938257,0.086018943,0.2137069
5vys_GMP_B_303,0.47957795,0.64414351,0.17311475,0.11501032,0.47938257,0.086018943,0.2137069
5w3k_9TY_A_401,0.47957795,0.64414351,0.17311475,0.11501032,0.47938257,0.086018943,0.2137069
5w5t_9X7_D_508,0.47957795,0.64414351,0.17311475,0.11501032,0.47938257,0.086018943,0.2137069
5w7b_MYR_B_208,0.47957795,0.64414351,0.17311475,0.11501032,0.47938257,0.086018943,0.2137069
5w8q_BU4_A_400,0.47877735,0.97220017,0.17184752,0.11994875,0.47855281,0.089753614,0.21475752
5w8q_BU4_B_400,0.47957795,0.64414351,0.17311475,0.11501032,0.47938257,0.086018943,0.2137069
5wct_GY4_A_303,0.47957795,0.64414351,0.17311475,0.11501032,0.47938257,0.086018943,0.2137069
5wcz_NOJ_A_601,0.47957795,0.64414351,0.17311475,0.11501032,0.47938257,0.086018943,0.2137069
5wgk_AGJ_A_816,0.47957795,0.64414351,0.17311475,0.11501032,0.47938257,0.086018943,0.2137069
5wgr_PM7_A_711,0.47957795,0.64414351,0.17311475,0.11501032,0.47938257,0.086018943,0.2137069
5wgr_PM7_A_712,0.47957795,0.64414351,0.17311475,0.11501032,0.47938257,0.086018943,0.2137069
5wgv_PM7_A_712,0.47957795,0.64414351,0.17311475,0.11501032,0.47938257,0.086018943,0.2137069
5wgv_PM7_A_713,0.47957795,0.64414351,0.17311475,0.11501032,0.47938257,0.086018943,0.2137069
5wgw_MB5_A_715,0.47957795,0.64414351,0.17311475,0.11501032,0.47938257,0.086018943,0.2137069
5x0j_SEP_A_302,0.47957795,0.64414351,0.17311475,0.11501032,0.47938257,0.086018943,0.2137069
5x23_LSN_A_502,0.47957795,0.64414351,0.17311475,0.11501032,0.47938257,0.086018943,0.2137069
5x23_LSN_A_503,0.47957795,0.64414351,0.17311475,0.11501032,0.47938257,0.086018943,0.2137069
5x23_LSN_A_504,0.47957795,0.64414351,0.17311475,0.11501032,0.47938257,0.086018943,0.2137069
5x2m_GLN_A_951,0.47957795,0.64414351,0.17311475,0.11501032,0.47938257,0.086018943,0.2137069
5x2m_GLN_B_951,0.47957795,0.64414351,0.17311475,0.11501032,0.47938257,0.086018943,0.2137069
5x2m_GLN_D_951,0.47957795,0.64414351,0.17311475,0.11501032,0.47938257,0.086018943,0.2137069
5x5d_UMP_A_401,0.47957795,0.64414351,0.17311475,0.11501032,0.47938257,0.086018943,0.2137069
5x5d_UMP_C_401,0.47957795,0.64414351,0.17311475,0.11501032,0.47938257,0.086018943,0.2137069
5x5d_UMP_E_401,0.47957795,0.64414351,0.17311475,0.11501032,0.47938257,0.086018943,0.2137069
5x86_TMP_A_205,0.47957795,0.64414351,0.17311475,0.11501032,0.47938257,0.086018943,0.2137069
5x86_TMP_B_207,0.47957795,0.64414351,0.17311475,0.11501032,0.47938257,0.086018943,0.2137069
5xdt_MB3_A_404,0.47957795,0.64414351,0.17311475,0.11501032,0.47938257,0.086018943,0.2137069
5xdt_ZI7_A_403,0.47957795,0.64414351,0.17311475,0.11501032,0.47938257,0.086018943,0.2137069
5xh2_NPO_A_305,0.47957795,0.64414351,0.17311475,0.11501032,0.47938257,0.086018943,0.2137069
5xin_XLS_A_397,0.47957795,0.64414351,0.17311475,0.11501032,0.47938257,0.086018943,0.2137069
5xin_XLS_B_397,0.47957795,0.64414351,0.17311475,0.11501032,0.47938257,0.086018943,0.2137069
5xin_XLS_C_397,0.47957795,0.64414351,0.17311475,0.11501032,0.47938257,0.086018943,0.2137069
5xin_XLS_D_397,0.47957795,0.64414351,0.17311475,0.11501032,0.47938257,0.086018943,0.2137069
5xj7_87O_A_309,0.47957795,0.64414351,0.17311475,0.11501032,0.47938257,0.086018943,0.2137069
5xmq_PLG_B_501,0.47957795,0.64414351,0.17311475,0.11501032,0.47938257,0.086018943,0.2137069
5xmq_PLG_C_501,0.47957795,0.64414351,0.17311475,0.11501032,0.47938257,0.086018943,0.2137069
5xoi_SIN_A_401,0.47957795,0.64414351,0.17311475,0.11501032,0.47938257,0.086018943,0.2137069
5xrv_F6R_A_702,0.47957795,0.64414351,0.17311475,0.11501032,0.47938257,0.086018943,0.2137069
5xsm_8EO_A_705,0.47957795,0.64414351,0.17311475,0.11501032,0.47938257,0.086018943,0.2137069
5xvt_8FL_A_709,0.47957795,0.64414351,0.17311475,0.11501032,0.47938257,0.086018943,0.2137069
5xvv_AKG_A_508,0.47957795,0.64414351,0.17311475,0.11501032,0.47938257,0.086018943,0.2137069
5xvv_AKG_B_506,0.47957795,0.64414351,0.17311475,0.11501032,0.47938257,0.086018943,0.2137069
5xvv_AKG_C_504,0.47957795,0.64414351,0.17311475,0.11501032,0.47938257,0.086018943,0.2137069
5xz7_F6P_A_407,0.47957795,0.64414351,0.17311475,0.11501032,0.47938257,0.086018943,0.2137069
5y1g_AKB_A_401,0.47957795,0.64414351,0.17311475,0.11501032,0.47938257,0.086018943,0.2137069
5y7a_KYN_A_502,0.47957795,0.64414351,0.17311475,0.11501032,0.47938257,0.086018943,0.2137069
5y7r_58K_B_403,0.47957795,0.64414351,0.17311475,0.11501032,0.47938257,0.086018943,0.2137069
5y8k_SER_A_301,0.47957795,0.64414351,0.17311475,0.11501032,0.47938257,0.086018943,0.2137069
5y8k_SER_B_301,0.47957795,0.64414351,0.17311475,0.11501032,0.47938257,0.086018943,0.2137069
5y8p_3OH_B_301,0.63178946,0.64193902,0.058385462,0.12542834,0.29730922,0.086301115,1.3522448e-08
5yaq_ISE_B_402,0.47957795,0.64414351,0.17311475,0.11501032,0.47938257,0.086018943,0.2137069
5yaq_ISE_C_402,0.47957795,0.64414351,0.17311475,0.11501032,0.47938257,0.086018943,0.2137069
5yaq_ISE_D_402,0.47957795,0.64414351,0.17311475,0.11501032,0.47938257,0.086018943,0.2137069
5yb7_ORN_A_602,0.47957795,0.64414351,0.17311475,0.11501032,0.47938257,0.086018943,0.2137069
5yb7_ORN_A_603,0.47957795,0.64414351,0.17311475,0.11501032,0.47938257,0.086018943,0.2137069
5yb7_ORN_B_602,0.47957795,0.64414351,0.17311475,0.11501032,0.47938257,0.086018943,0.2137069
5yb7_ORN_B_603,0.47957795,0.64414351,0.17311475,0.11501032,0.47938257,0.086018943,0.2137069
5yb7_ORN_C_602,0.47957795,0.64414351,0.17311475,0.11501032,0.47938257,0.086018943,0.2137069
5yb7_ORN_C_603,0.47957795,0.64414351,0.17311475,0.11501032,0.47938257,0.086018943,0.2137069
5yb7_ORN_D_602,0.47957795,0.64414351,0.17311475,0.11501032,0.47938257,0.086018943,0.2137069
5yb7_ORN_D_603,0.39147618,0.63908281,0.2143886,3.2594507e-72,0.40314237,0.08648569,0.21602979
5ybl_AKG_C_302,0.47957795,0.64414351,0.17311475,0.11501032,0.47938257,0.086018943,0.2137069
5ybp_8SX_B_303,0.47957795,0.64414351,0.17311475,0.11501032,0.47938257,0.086018943,0.2137069
5ybp_AKG_A_302,0.47957795,0.64414351,0.17311475,0.11501032,0.47938257,0.086018943,0.2137069
5ybp_AKG_B_302,0.47957795,0.64414351,0.17311475,0.11501032,0.47938257,0.086018943,0.2137069
5ybq_8T0_B_303,0.47957795,0.64414351,0.17311475,0.11501032,0.47938257,0.086018943,0.2137069
5ybq_AKG_A_302,0.47957795,0.64414351,0.17311475,0.11501032,0.47938257,0.086018943,0.2137069
5ybq_AKG_B_302,0.47957795,0.64414351,0.17311475,0.11501032,0.47938257,0.086018943,0.2137069
5yfj_RUB_B_401,0.47957795,0.64414351,0.17311475,0.11501032,0.47938257,0.086018943,0.2137069
5yfj_RUB_C_401,0.47957795,0.64414351,0.17311475,0.11501032,0.47938257,0.086018943,0.2137069
5ykt_PMP_A_501,0.47957795,0.64414351,0.17311475,0.11501032,0.47938257,0.086018943,0.2137069
5ykt_PMP_B_501,0.47957795,0.64414351,0.17311475,0.11501032,0.47938257,0.086018943,0.2137069
5ylf_BGC_A_401,0.47957795,0.64414351,0.17311475,0.11501032,0.47938257,0.086018943,0.2137069
5ysh_5AD_D_605,0.47957795,0.64414351,0.17311475,0.11501032,0.47938257,0.086018943,0.2137069
5ysh_5AD_G_605,0.47957795,0.64414351,0.17311475,0.11501032,0.47938257,0.086018943,0.2137069
5ysh_5AD_J_605,0.47957795,0.64414351,0.17311475,0.11501032,0.47938257,0.086018943,0.2137069
5z54_0HZ_A_303,0.47957795,0.64414351,0.17311475,0.11501032,0.47938257,0.086018943,0.2137069
5z54_0HZ_B_303,0.47957795,0.64414351,0.17311475,0.11501032,0.47938257,0.086018943,0.2137069
5z54_0HZ_C_303,0.46470134,0.97021343,0.16535822,0.093886647,0.36996428,0.090180595,0.16268029
5z9b_AX7_A_304,0.47957795,0.64414351,0.17311475,0.11501032,0.47938257,0.086018943,0.2137069
5z9b_HX3_A_303,0.47957795,0.64414351,0.17311475,0.11501032,0.47938257,0.086018943,0.2137069
5z9b_HX3_B_303,0.47957795,0.64414351,0.17311475,0.11501032,0.47938257,0.086018943,0.2137069
5z9p_AX7_A_301,0.47957795,0.64414351,0.17311475,0.11501032,0.47938257,0.086018943,0.2137069
5z9p_AX7_B_301,0.47957795,0.64414351,0.17311475,0.11501032,0.47938257,0.086018943,0.2137069
5zg2_9C0_A_902,0.47957795,0.64414351,0.17311475,0.11501032,0.47938257,0.086018943,0.2137069
5zg2_ZK1_A_901,0.47957795,0.64414351,0.17311475,0.11501032,0.47938257,0.086018943,0.2137069
5zg2_ZK1_B_901,0.47957795,0.64414351,0.17311475,0.11501032,0.47938257,0.086018943,0.2137069
5zge_ZZ7_A_301,0.47957795,0.64414351,0.17311475,0.11501032,0.47938257,0.086018943,0.2137069
5zge_ZZ7_B_302,0.47957795,0.64414351,0.17311475,0.11501032,0.47938257,0.086018943,0.2137069
5zgr_ZZ7_A_303,0.47957795,0.64414351,0.17311475,0.11501032,0.47938257,0.086018943,0.2137069
5zgr_ZZ7_B_303,0.47957795,0.64414351,0.17311475,0.11501032,0.47938257,0.086018943,0.2137069
5zi4_OAA_A_401,0.47957795,0.64414351,0.17311475,0.11501032,0.47938257,0.086018943,0.2137069
5zi4_OAA_B_401,0.47957795,0.64414351,0.17311475,0.11501032,0.47938257,0.086018943,0.2137069
5zpt_HY1_A_702,0.47957795,0.64414351,0.17311475,0.11501032,0.47938257,0.086018943,0.2137069
5zpt_HY1_B_703,0.47957795,0.64414351,0.17311475,0.11501032,0.47938257,0.086018943,0.2137069
6a1f_9OF_A_807,0.47957795,0.64414351,0.17311475,0.11501032,0.47938257,0.086018943,0.2137069
6a1l_BEZ_A_403,0.47957795,0.64414351,0.17311475,0.11501032,0.47938257,0.086018943,0.2137069
6a1l_BEZ_A_404,0.47957795,0.64414351,0.17311475,0.11501032,0.47938257,0.086018943,0.2137069
6a2m_9QR_A_701,0.47957795,0.64414351,0.17311475,0.11501032,0.47938257,0.086018943,0.2137069
6a2m_9QR_B_701,0.47957795,0.64414351,0.17311475,0.11501032,0.47938257,0.086018943,0.2137069
6a2m_UMP_A_703,0.47957795,0.64414351,0.17311475,0.11501032,0.47938257,0.086018943,0.2137069
6a2m_UMP_B_703,0.47957795,0.64414351,0.17311475,0.11501032,0.47938257,0.086018943,0.2137069
6a2n_UMP_A_703,0.47957795,0.64414351,0.17311475,0.11501032,0.47938257,0.086018943,0.2137069
6a2n_UMP_B_703,0.47957795,0.64414351,0.17311475,0.11501032,0.47938257,0.086018943,0.2137069
6a3j_SOE_A_402,0.47957795,0.64414351,0.17311475,0.11501032,0.47938257,0.086018943,0.2137069
6a3j_SOE_B_401,0.47957795,0.64414351,0.17311475,0.11501032,0.47938257,0.086018943,0.2137069
6a3j_SOE_C_402,0.47957795,0.64414351,0.17311475,0.11501032,0.47938257,0.086018943,0.2137069
6a3j_SOE_D_401,0.47957795,0.64414351,0.17311475,0.11501032,0.47938257,0.086018943,0.2137069
6a6s_FSA_A_502,0.47957795,0.64414351,0.17311475,0.11501032,0.47938257,0.086018943,0.2137069
6a7e_9QR_A_201,0.47957795,0.64414351,0.17311475,0.11501032,0.47938257,0.086018943,0.2137069
6abm_9VR_A_505,0.47957795,0.64414351,0.17311475,0.11501032,0.47938257,0.086018943,0.2137069
6acn_TRC_A_899,0.41803714,0.21080806,0.14678224,0,4.7748096e-05,0.08305997,0
6ald_2FP_A_700,0.47957795,0.64414351,0.17311475,0.11501032,0.47938257,0.086018943,0.2137069
6ald_2FP_B_700,0.47957795,0.64414351,0.17311475,0.11501032,0.47938257,0.086018943,0.2137069
6auq_BYJ_A_803,0.47957795,0.64414351,0.17311475,0.11501032,0.47938257,0.086018943,0.2137069
6av2_BY7_A_803,0.47957795,0.64414351,0.17311475,0.11501032,0.47938257,0.086018943,0.2137069
6ayv_F6P_A_401,0.47957795,0.64414351,0.17311475,0.11501032,0.47938257,0.086018943,0.2137069
6ayv_F6P_B_401,0.47957795,0.64414351,0.17311475,0.11501032,0.47938257,0.086018943,0.2137069
6ayv_MLI_A_409,0.47957795,0.64414351,0.17311475,0.11501032,0.47938257,0.086018943,0.2137069
6b5k_TYD_A_304,0.47957795,0.64414351,0.17311475,0.11501032,0.47938257,0.086018943,0.2137069
6b5k_TYD_B_304,0.47957795,0.64414351,0.17311475,0.11501032,0.47938257,0.086018943,0.2137069
6b6r_BEN_A_302,0.47957795,0.64414351,0.17311475,0.11501032,0.47938257,0.086018943,0.2137069
6b9p_D0J_A_1001,0.47957795,0.64414351,0.17311475,0.11501032,0.47938257,0.086018943,0.2137069
6ba2_7KM_A_809,0.47957795,0.64414351,0.17311475,0.11501032,0.47938257,0.086018943,0.2137069
6bds_DJ4_A_302,0.47957795,0.64414351,0.17311475,0.11501032,0.47938257,0.086018943,0.2137069
6bmm_OLB_A_404,0.47957795,0.64414351,0.17311475,0.11501032,0.47938257,0.086018943,0.2137069
6btq_E8S_A_305,0.47957795,0.64414351,0.17311475,0.11501032,0.47938257,0.086018943,0.2137069
6bvl_EBY_B_2001,0.47957795,0.64414351,0.17311475,0.11501032,0.47938257,0.086018943,0.2137069
6bxk_MTA_A_401,0.47957795,0.64414351,0.17311475,0.11501032,0.47938257,0.086018943,0.2137069
6c1i_EEY_B_501,0.47957795,0.64414351,0.17311475,0.11501032,0.47938257,0.086018943,0.2137069
6c1x_DNX_A_203,0.47957795,0.64414351,0.17311475,0.11501032,0.47938257,0.086018943,0.2137069
6c6w_TFX_A_502,0.47957795,0.64414351,0.17311475,0.11501032,0.47938257,0.086018943,0.2137069
6cdy_EY1_A_501,0.47957795,0.64414351,0.17311475,0.11501032,0.47938257,0.086018943,0.2137069
6cdy_EY1_B_501,0.47957795,0.64414351,0.17311475,0.11501032,0.47938257,0.086018943,0.2137069
6cgc_F0A_A_402,0.47957795,0.64414351,0.17311475,0.11501032,0.47938257,0.086018943,0.2137069
6cgn_DA_A_801,0.47957795,0.64414351,0.17311475,0.11501032,0.47938257,0.086018943,0.2137069
6cqu_HI6_B_601,0.47957795,0.64414351,0.17311475,0.11501032,0.47938257,0.086018943,0.2137069
6cut_FEJ_C_401,0.47957795,0.64414351,0.17311475,0.11501032,0.47938257,0.086018943,0.2137069
6cut_FEJ_D_401,0.47957795,0.64414351,0.17311475,0.11501032,0.47938257,0.086018943,0.2137069
6cwr_6LA_A_201,0.47957795,0.64414351,0.17311475,0.11501032,0.47938257,0.086018943,0.2137069
6dl7_ONC_C_301,0.47957795,0.64414351,0.17311475,0.11501032,0.47938257,0.086018943,0.2137069
6dl7_ONC_E_301,0.47957795,0.64414351,0.17311475,0.11501032,0.47938257,0.086018943,0.2137069
6dl7_ONC_G_301,0.47957795,0.64414351,0.17311475,0.11501032,0.47938257,0.086018943,0.2137069
6dmi_5T5_A_504,0.49142585,0.94616264,0.17766294,0.14268865,0.57661169,0.089057869,0.26084477
6dqt_LEU_B_1,0.47957795,0.64414351,0.17311475,0.11501032,0.47938257,0.086018943,0.2137069
6dyt_F0G_A_503,0.47957795,0.64414351,0.17311475,0.11501032,0.47938257,0.086018943,0.2137069
6dyt_PP3_B_1501,0.47957795,0.64414351,0.17311475,0.11501032,0.47938257,0.086018943,0.2137069
6e40_BBJ_A_502,0.47957795,0.64414351,0.17311475,0.11501032,0.47938257,0.086018943,0.2137069
6e40_BBJ_B_502,0.47957795,0.64414351,0.17311475,0.11501032,0.47938257,0.086018943,0.2137069
6e43_BEZ_B_502,0.47957795,0.64414351,0.17311475,0.11501032,0.47938257,0.086018943,0.2137069
6e43_BEZ_C_502,0.47957795,0.64414351,0.17311475,0.11501032,0.47938257,0.086018943,0.2137069
6ezf_C6Z_A_1003,0.47957795,0.64414351,0.17311475,0.11501032,0.47938257,0.086018943,0.2137069
6f2b_AKG_B_402,0.47957795,0.64414351,0.17311475,0.11501032,0.47938257,0.086018943,0.2137069
6f2b_AKG_C_402,0.47957795,0.64414351,0.17311475,0.11501032,0.47938257,0.086018943,0.2137069
6f2v_AMP_A_1001,0.47957795,0.64414351,0.17311475,0.11501032,0.47938257,0.086018943,0.2137069
6f2v_AMP_B_1001,0.47957795,0.64414351,0.17311475,0.11501032,0.47938257,0.086018943,0.2137069
6f3s_CKW_A_902,0.47957795,0.64414351,0.17311475,0.11501032,0.47938257,0.086018943,0.2137069
6f3s_PLP_A_901,0.47957795,0.64414351,0.17311475,0.11501032,0.47938257,0.086018943,0.2137069
6f48_XQB_A_302,0.47957795,0.64414351,0.17311475,0.11501032,0.47938257,0.086018943,0.2137069
6f66_CUT_B_300,0.47957795,0.64414351,0.17311475,0.11501032,0.47938257,0.086018943,0.2137069
6f6a_CU5_A_301,0.47957795,0.64414351,0.17311475,0.11501032,0.47938257,0.086018943,0.2137069
6f6a_CU5_B_301,0.47957795,0.64414351,0.17311475,0.11501032,0.47938257,0.086018943,0.2137069
6f76_CVK_A_203,0.47957795,0.64414351,0.17311475,0.11501032,0.47938257,0.086018943,0.2137069
6f76_CVK_B_203,0.47957795,0.64414351,0.17311475,0.11501032,0.47938257,0.086018943,0.2137069
6f76_CVK_C_203,0.47957795,0.64414351,0.17311475,0.11501032,0.47938257,0.086018943,0.2137069
6f76_CVK_F_203,0.47957795,0.64414351,0.17311475,0.11501032,0.47938257,0.086018943,0.2137069
6f77_PLP_C_600,0.47957795,0.64414351,0.17311475,0.11501032,0.47938257,0.086018943,0.2137069
6f77_PLP_D_600,0,0.97230485,0.48730722,0.084695918,0.98392027,0.089017964,0.69451984
6f77_PLP_E_600,0.47957795,0.64414351,0.17311475,0.11501032,0.47938257,0.086018943,0.2137069
6f7r_CIT_A_1002,0.47957795,0.64414351,0.17311475,0.11501032,0.47938257,0.086018943,0.2137069
6fa1_D2Z_A_203,0.47957795,0.64414351,0.17311475,0.11501032,0.47938257,0.086018943,0.2137069
6fa1_D2Z_B_203,0.47957795,0.64414351,0.17311475,0.11501032,0.47938257,0.086018943,0.2137069
6fa1_D2Z_F_203,0.47957795,0.64414351,0.17311475,0.11501032,0.47938257,0.086018943,0.2137069
6fgv_D9T_A_1901,0.47957795,0.64414351,0.17311475,0.11501032,0.47938257,0.086018943,0.2137069
6fld_DQ5_A_604,0.47957795,0.64414351,0.17311475,0.11501032,0.47938257,0.086018943,0.2137069
6fld_NAG_A_601,0.47957795,0.64414351,0.17311475,0.11501032,0.47938257,0.086018943,0.2137069
6fld_NAG_A_602,0.47957795,0.64414351,0.17311475,0.11501032,0.47938257,0.086018943,0.2137069
6fld_NAG_A_603,0.47957795,0.64414351,0.17311475,0.11501032,0.47938257,0.086018943,0.2137069
6flu_DTK_A_401,0.47957795,0.64414351,0.17311475,0.11501032,0.47938257,0.086018943,0.2137069
6flu_DTK_A_402,0.41700712,0.94189285,0.14359879,0.0054054559,4.0045066e-07,0.091378616,0
6flu_DTK_A_404,0.47957795,0.64414351,0.17311475,0.11501032,0.47938257,0.086018943,0.2137069
6flu_DTK_A_405,0.47957795,0.64414351,0.17311475,0.11501032,0.47938257,0.086018943,0.2137069
6flu_DTK_A_406,0.47957795,0.64414351,0.17311475,0.11501032,0.47938257,0.086018943,0.2137069
6flu_DTK_B_401,0.47957795,0.64414351,0.17311475,0.11501032,0.47938257,0.086018943,0.2137069
6flu_DTK_B_402,0.47957795,0.64414351,0.17311475,0.11501032,0.47938257,0.086018943,0.2137069
6flu_DTK_B_403,0.47957795,0.64414351,0.17311475,0.11501032,0.47938257,0.086018943,0.2137069
6flu_DTK_B_404,0.47957795,0.64414351,0.17311475,0.11501032,0.47938257,0.086018943,0.2137069
6flu_DTK_B_405,0.47957795,0.64414351,0.17311475,0.11501032,0.47938257,0.086018943,0.2137069
6flu_DTK_B_406,0.47957795,0.64414351,0.17311475,0.11501032,0.47938257,0.086018943,0.2137069
6fs7_E4Z_A_903,0.47957795,0.64414351,0.17311475,0.11501032,0.47938257,0.086018943,0.2137069
6fs7_E4Z_C_903,0.47957795,0.64414351,0.17311475,0.11501032,0.47938257,0.086018943,0.2137069
6fs7_E4Z_D_903,0.47957795,0.64414351,0.17311475,0.11501032,0.47938257,0.086018943,0.2137069
6fs7_E4Z_E_903,0.47957795,0.64414351,0.17311475,0.11501032,0.47938257,0.086018943,0.2137069
6fs7_E4Z_F_903,0.47957795,0.64414351,0.17311475,0.11501032,0.47938257,0.086018943,0.2137069
6fw0_E92_A_602,0.47957795,0.64414351,0.17311475,0.11501032,0.47938257,0.086018943,0.2137069
6fw0_E92_B_602,0.47957795,0.64414351,0.17311475,0.11501032,0.47938257,0.086018943,0.2137069
6g5q_EMZ_A_401,0.47957795,0.64414351,0.17311475,0.11501032,0.47938257,0.086018943,0.2137069
6g5q_EMZ_B_402,0.47957795,0.64414351,0.17311475,0.11501032,0.47938257,0.086018943,0.2137069
6gck_EUB_A_302,0.47957795,0.64414351,0.17311475,0.11501032,0.47938257,0.086018943,0.2137069
6gck_EUB_B_302,0.47957795,0.64414351,0.17311475,0.11501032,0.47938257,0.086018943,0.2137069
6gck_EUB_C_302,0.47957795,0.64414351,0.17311475,0.11501032,0.47938257,0.086018943,0.2137069
6gl4_GLU_A_301,0.63757553,0,0,0.15114291,0.46674888,0.078336282,0.12442782
6gl4_GLU_B_301,0.47957795,0.64414351,0.17311475,0.11501032,0.47938257,0.086018943,0.2137069
6gqk_F88_B_1001,0.47957795,0.64414351,0.17311475,0.11501032,0.47938257,0.086018943,0.2137069
6h8p_OGA_A_504,0.47957795,0.64414351,0.17311475,0.11501032,0.47938257,0.086018943,0.2137069
6hgl_TES_A_401,0.47957795,0.64414351,0.17311475,0.11501032,0.47938257,0.086018943,0.2137069
6hl7_CP_A_401,0.47957795,0.64414351,0.17311475,0.11501032,0.47938257,0.086018943,0.2137069
6hl7_CP_C_401,0.47957795,0.64414351,0.17311475,0.11501032,0.47938257,0.086018943,0.2137069
6hl9_SIN_A_402,0.39147618,0.63908281,0.2143886,0,0.40314237,0.08648569,0.21602979
6hl9_SIN_B_402,0.47957795,0.64414351,0.17311475,0.11501032,0.47938257,0.086018943,0.2137069
6hmw_FUL_A_203,0.47957795,0.64414351,0.17311475,0.11501032,0.47938257,0.086018943,0.2137069
6hmw_FUL_B_204,0.47957795,0.64414351,0.17311475,0.11501032,0.47938257,0.086018943,0.2137069
6hmw_FUL_D_204,0.47957795,0.64414351,0.17311475,0.11501032,0.47938257,0.086018943,0.2137069
6hmw_FUL_E_204,0.47957795,0.64414351,0.17311475,0.11501032,0.47938257,0.086018943,0.2137069
6hmw_FUL_F_202,0.47957795,0.64414351,0.17311475,0.11501032,0.47938257,0.086018943,0.2137069
6hmw_FUL_G_202,0.47957795,0.64414351,0.17311475,0.11501032,0.47938257,0.086018943,0.2137069
6hmw_FUL_H_201,0.47957795,0.64414351,0.17311475,0.11501032,0.47938257,0.086018943,0.2137069
6hmw_FUL_I_201,0.47957795,0.64414351,0.17311475,0.11501032,0.47938257,0.086018943,0.2137069
6hmw_FUL_J_201,0.47957795,0.64414351,0.17311475,0.11501032,0.47938257,0.086018943,0.2137069
6hnz_GH5_A_301,0.47957795,0.64414351,0.17311475,0.11501032,0.47938257,0.086018943,0.2137069
6ho2_GHN_A_301,0.47957795,0.64414351,0.17311475,0.11501032,0.47938257,0.086018943,0.2137069
6ho7_GHQ_A_301,0.47957795,0.64414351,0.17311475,0.11501032,0.47938257,0.086018943,0.2137069
6hpx_GKQ_A_205,0.47957795,0.64414351,0.17311475,0.11501032,0.47938257,0.086018943,0.2137069
6hqr_3DM_A_502,0.47957795,0.64414351,0.17311475,0.11501032,0.47938257,0.086018943,0.2137069
6hsg_GM5_A_504,0.48008156,0.64073588,0.17293777,0.11526142,0.48012109,0,0.21385009
6hsg_GM5_C_504,0.47957795,0.64414351,0.17311475,0.11501032,0.47938257,0.086018943,0.2137069
6hsg_GM5_D_504,0.47957795,0.64414351,0.17311475,0.11501032,0.47938257,0.086018943,0.2137069
6i4b_E2N_B_603,0.63757553,0,0,0.15114291,0.46674888,0.078336282,0.12442782
6i4b_ORO_A_602,0.47957795,0.64414351,0.17311475,0.11501032,0.47938257,0.086018943,0.2137069
6i4b_ORO_B_602,0.47957795,0.64414351,0.17311475,0.11501032,0.47938257,0.086018943,0.2137069
6i6r_H62_A_704,0.47957795,0.64414351,0.17311475,0.11501032,0.47938257,0.086018943,0.2137069
6ijn_6MZ_A_401,0.47957795,0.64414351,0.17311475,0.11501032,0.47938257,0.086018943,0.2137069
6ijp_IMP_A_402,0.47957795,0.64414351,0.17311475,0.11501032,0.47938257,0.086018943,0.2137069
6j4t_IMP_A_401,0.47957795,0.64414351,0.17311475,0.11501032,0.47938257,0.086018943,0.2137069
6jc7_F0G_A_601,0.47957795,0.64414351,0.17311475,0.11501032,0.47938257,0.086018943,0.2137069
6jc7_F0G_B_601,0.47957795,0.64414351,0.17311475,0.11501032,0.47938257,0.086018943,0.2137069
6jc7_F0G_C_601,0.47957795,0.64414351,0.17311475,0.11501032,0.47938257,0.086018943,0.2137069
6jc7_F0G_D_601,0.47957795,0.64414351,0.17311475,0.11501032,0.47938257,0.086018943,0.2137069
6jea_NAG_A_501,0.47957795,0.64414351,0.17311475,0.11501032,0.47938257,0.086018943,0.2137069
6jk9_BU0_A_501,0.47957795,0.64414351,0.17311475,0.11501032,0.47938257,0.086018943,0.2137069
6jk9_BU0_B_501,0.47957795,0.64414351,0.17311475,0.11501032,0.47938257,0.086018943,0.2137069
6jmd_BVO_A_408,0.47957795,0.64414351,0.17311475,0.11501032,0.47938257,0.086018943,0.2137069
6jmd_ORO_A_402,0.47957795,0.64414351,0.17311475,0.11501032,0.47938257,0.086018943,0.2137069
6jme_BVU_A_409,0.47957795,0.64414351,0.17311475,0.11501032,0.47938257,0.086018943,0.2137069
6jme_ORO_A_402,0.47957795,0.64414351,0.17311475,0.11501032,0.47938257,0.086018943,0.2137069
6jws_PT1_A_801,0.47957795,0.64414351,0.17311475,0.11501032,0.47938257,0.086018943,0.2137069
6jx9_CQC_A_501,0.47957795,0.64414351,0.17311475,0.11501032,0.47938257,0.086018943,0.2137069
6jyg_FLC_A_401,0.47957795,0.64414351,0.17311475,0.11501032,0.47938257,0.086018943,0.2137069
6jyg_FLC_B_401,0.47957795,0.64414351,0.17311475,0.11501032,0.47938257,0.086018943,0.2137069
6jyg_FLC_C_401,0.42089777,0.74389791,0.14593707,0.0087261887,0.026896269,0.089015698,0
6jyg_FLC_D_401,0.47957795,0.64414351,0.17311475,0.11501032,0.47938257,0.086018943,0.2137069
6jyg_FLC_E_401,0.47957795,0.64414351,0.17311475,0.11501032,0.47938257,0.086018943,0.2137069
6jyg_FLC_E_402,0.47957795,0.64414351,0.17311475,0.11501032,0.47938257,0.086018943,0.2137069
6jz4_EVA_A_701,0.47957795,0.64414351,0.17311475,0.11501032,0.47938257,0.086018943,0.2137069
6jz4_EVA_B_701,0.47957795,0.64414351,0.17311475,0.11501032,0.47938257,0.086018943,0.2137069
6jzh_ZMA_A_2002,0.47957795,0.64414351,0.17311475,0.11501032,0.47938257,0.086018943,0.2137069
6k92_GT0_A_802,0.47957795,0.64414351,0.17311475,0.11501032,0.47938257,0.086018943,0.2137069
6krs_CIT_C_301,0.032461642,0.92480209,0.407685,0,0.43037939,0.090480201,0.39670732
6krs_CIT_D_301,0.47957795,0.64414351,0.17311475,0.11501032,0.47938257,0.086018943,0.2137069
6krs_CIT_F_301,0.47957795,0.64414351,0.17311475,0.11501032,0.47938257,0.086018943,0.2137069
6krs_CIT_G_301,0.47957795,0.64414351,0.17311475,0.11501032,0.47938257,0.086018943,0.2137069
6krs_CIT_H_301,0.47957795,0.64414351,0.17311475,0.11501032,0.47938257,0.086018943,0.2137069
6krs_CIT_I_301,0.47957795,0.64414351,0.17311475,0.11501032,0.47938257,0.086018943,0.2137069
6kxh_DY9_A_401,0.47957795,0.64414351,0.17311475,0.11501032,0.47938257,0.086018943,0.2137069
6kxh_DY9_C_402,0.47957795,0.64414351,0.17311475,0.11501032,0.47938257,0.086018943,0.2137069
6kxh_DY9_D_402,0.47957795,0.64414351,0.17311475,0.11501032,0.47938257,0.086018943,0.2137069
6l17_E2X_A_401,0.47957795,0.64414351,0.17311475,0.11501032,0.47938257,0.086018943,0.2137069
6l68_ALL_A_201,0.47957795,0.64414351,0.17311475,0.11501032,0.47938257,0.086018943,0.2137069
6l68_ALL_A_202,0.47957795,0.64414351,0.17311475,0.11501032,0.47938257,0.086018943,0.2137069
6l7v_3PO_A_302,0.47957795,0.64414351,0.17311475,0.11501032,0.47938257,0.086018943,0.2137069
6l86_LMR_B_302,0.47957795,0.64414351,0.17311475,0.11501032,0.47938257,0.086018943,0.2137069
6l86_LMR_B_303,0.47957795,0.64414351,0.17311475,0.11501032,0.47938257,0.086018943,0.2137069
6l86_LMR_D_302,0.47957795,0.64414351,0.17311475,0.11501032,0.47938257,0.086018943,0.2137069
6l86_MLT_A_303,0.47957795,0.64414351,0.17311475,0.11501032,0.47938257,0.086018943,0.2137069
6l8a_BAL_D_507,0.47957795,0.64414351,0.17311475,0.11501032,0.47938257,0.086018943,0.2137069
6l8a_BAL_E_503,0.47957795,0.64414351,0.17311475,0.11501032,0.47938257,0.086018943,0.2137069
6lit_2OH_A_501,0.47957795,0.64414351,0.17311475,0.11501032,0.47938257,0.086018943,0.2137069
6lit_2OH_B_501,0.47957795,0.64414351,0.17311475,0.11501032,0.47938257,0.086018943,0.2137069
6lj7_EFR_A_301,0.47957795,0.64414351,0.17311475,0.11501032,0.47938257,0.086018943,0.2137069
6lql_F0C_A_702,0.47957795,0.64414351,0.17311475,0.11501032,0.47938257,0.086018943,0.2137069
6lx5_C5F_A_502,0.47957795,0.64414351,0.17311475,0.11501032,0.47938257,0.086018943,0.2137069
6lx5_C5F_A_503,0.47957795,0.64414351,0.17311475,0.11501032,0.47938257,0.086018943,0.2137069
6lx5_C5F_B_502,5.4205958e-07,0.83880029,0.42425137,0,0.42896724,0.089582323,0.40971735
6ly4_TES_A_501,0.47957795,0.64414351,0.17311475,0.11501032,0.47938257,0.086018943,0.2137069
6m5m_NAG_B_202,0.47957795,0.64414351,0.17311475,0.11501032,0.47938257,0.086018943,0.2137069
6m92_J8V_A_601,0.47957795,0.64414351,0.17311475,0.11501032,0.47938257,0.086018943,0.2137069
6m9b_BTN_C_201,0.47957795,0.64414351,0.17311475,0.11501032,0.47938257,0.086018943,0.2137069
6m9b_BTN_D_201,0.47957795,0.64414351,0.17311475,0.11501032,0.47938257,0.086018943,0.2137069
6mae_JBA_A_301,0.47957795,0.64414351,0.17311475,0.11501032,0.47938257,0.086018943,0.2137069
6md2_GW9_A_501,0.47957795,0.64414351,0.17311475,0.11501032,0.47938257,0.086018943,0.2137069
6md2_GW9_B_501,0.47957795,0.64414351,0.17311475,0.11501032,0.47938257,0.086018943,0.2137069
6mnh_JVD_A_301,0.47957795,0.64414351,0.17311475,0.11501032,0.47938257,0.086018943,0.2137069
6mpa_NAG_B_502,0.47957795,0.64414351,0.17311475,0.11501032,0.47938257,0.086018943,0.2137069
6mry_FLC_B_101,0.47957795,0.64414351,0.17311475,0.11501032,0.47938257,0.086018943,0.2137069
6mry_FLC_C_102,0.47957795,0.64414351,0.17311475,0.11501032,0.47938257,0.086018943,0.2137069
6mry_FLC_I_102,0.47957795,0.64414351,0.17311475,0.11501032,0.47938257,0.086018943,0.2137069
6mry_FLC_K_101,0.47957795,0.64414351,0.17311475,0.11501032,0.47938257,0.086018943,0.2137069
6mwl_K5G_A_301,0.47957795,0.64414351,0.17311475,0.11501032,0.47938257,0.086018943,0.2137069
6n0z_DP6_A_401,0.47957795,0.64414351,0.17311475,0.11501032,0.47938257,0.086018943,0.2137069
6n0z_DP6_B_401,0.47957795,0.64414351,0.17311475,0.11501032,0.47938257,0.086018943,0.2137069
6n0z_DP6_C_401,0.47957795,0.64414351,0.17311475,0.11501032,0.47938257,0.086018943,0.2137069
6n0z_DP6_F_401,0.47957795,0.64414351,0.17311475,0.11501032,0.47938257,0.086018943,0.2137069
6n9r_OHN_A_303,0.47957795,0.64414351,0.17311475,0.11501032,0.47938257,0.086018943,0.2137069
6n9r_OHN_P_308,0.47957795,0.64414351,0.17311475,0.11501032,0.47938257,0.086018943,0.2137069
6n9r_OHN_X_305,0.47957795,0.64414351,0.17311475,0.11501032,0.47938257,0.086018943,0.2137069
6nba_P1T_A_501,0.47957795,0.64414351,0.17311475,0.11501032,0.47938257,0.086018943,0.2137069
6nba_P1T_B_501,0.47957795,0.64414351,0.17311475,0.11501032,0.47938257,0.086018943,0.2137069
6nba_P1T_C_501,0.47957795,0.64414351,0.17311475,0.11501032,0.47938257,0.086018943,0.2137069
6nba_P1T_D_501,0.47957795,0.64414351,0.17311475,0.11501032,0.47938257,0.086018943,0.2137069
6nbw_LAB_A_403,0.47872322,0.99437893,0.17176185,0.12028263,0.47849671,0.090006109,0.21482855
6ncx_ADA_A_601,0.47957795,0.64414351,0.17311475,0.11501032,0.47938257,0.086018943,0.2137069
6ncx_ADA_B_601,0.47957795,0.64414351,0.17311475,0.11501032,0.47938257,0.086018943,0.2137069
6ncx_ADA_D_601,0.47957795,0.64414351,0.17311475,0.11501032,0.47938257,0.086018943,0.2137069
6ng5_KMD_B_803,0.47957795,0.64414351,0.17311475,0.11501032,0.47938257,0.086018943,0.2137069
6nga_KL7_B_804,0.47957795,0.64414351,0.17311475,0.11501032,0.47938257,0.086018943,0.2137069
6ngp_KKY_A_803,0.47957795,0.64414351,0.17311475,0.11501032,0.47938257,0.086018943,0.2137069
6ngp_KKY_B_803,0.47957795,0.64414351,0.17311475,0.11501032,0.47938257,0.086018943,0.2137069
6ngu_KMJ_A_803,0.47957795,0.64414351,0.17311475,0.11501032,0.47938257,0.086018943,0.2137069
6ngu_KMJ_B_803,0.47957795,0.64414351,0.17311475,0.11501032,0.47938257,0.086018943,0.2137069
6nh0_KND_A_803,0.47957795,0.64414351,0.17311475,0.11501032,0.47938257,0.086018943,0.2137069
6nh0_KND_B_803,0.47957795,0.64414351,0.17311475,0.11501032,0.47938257,0.086018943,0.2137069
6nhd_KNV_A_803,0.47957795,0.64414351,0.17311475,0.11501032,0.47938257,0.086018943,0.2137069
6nhd_KNV_B_803,0.47957795,0.64414351,0.17311475,0.11501032,0.47938257,0.086018943,0.2137069
6nig_NAG_A_605,0.48008156,0.64073588,0.17293777,0.11526142,0.48012109,1.0605906e-08,0.21385009
6nig_NAG_B_803,0.47957795,0.64414351,0.17311475,0.11501032,0.47938257,0.086018943,0.2137069
6nig_NAG_D_602,0.47957795,0.64414351,0.17311475,0.11501032,0.47938257,0.086018943,0.2137069
6nni_CP6_A_203,0.47957795,0.64414351,0.17311475,0.11501032,0.47938257,0.086018943,0.2137069
6nni_CP6_B_203,0.47957795,0.64414351,0.17311475,0.11501032,0.47938257,0.086018943,0.2137069
6nnn_G1P_A_503,0.47957795,0.64414351,0.17311475,0.11501032,0.47938257,0.086018943,0.2137069
6nnp_G6P_A_502,0.94313773,0.88132966,0,0.14705925,0.00010054437,0.089298258,0
6nsu_DYA_A_402,0.47957795,0.64414351,0.17311475,0.11501032,0.47938257,0.086018943,0.2137069
6ny7_L8J_A_303,0.47957795,0.64414351,0.17311475,0.11501032,0.47938257,0.086018943,0.2137069
6nyo_U94_A_301,0.47957795,0.64414351,0.17311475,0.11501032,0.47938257,0.086018943,0.2137069
6o04_DNA_A_601,0.47957795,0.64414351,0.17311475,0.11501032,0.47938257,0.086018943,0.2137069
6o04_DNA_B_601,0.47957795,0.64414351,0.17311475,0.11501032,0.47938257,0.086018943,0.2137069
6o04_DNA_D_603,0.47957795,0.64414351,0.17311475,0.11501032,0.47938257,0.086018943,0.2137069
6o1s_7SD_E_803,0.47957795,0.64414351,0.17311475,0.11501032,0.47938257,0.086018943,0.2137069
6o2z_LJV_B_500,0.47957795,0.64414351,0.17311475,0.11501032,0.47938257,0.086018943,0.2137069
6o5m_G8K_B_506,0.47957795,0.64414351,0.17311475,0.11501032,0.47938257,0.086018943,0.2137069
6ock_9KL_A_601,0.47957795,0.64414351,0.17311475,0.11501032,0.47938257,0.086018943,0.2137069
6ock_9KL_A_602,0.47957795,0.64414351,0.17311475,0.11501032,0.47938257,0.086018943,0.2137069
6ofr_BOG_A_801,0.47957795,0.64414351,0.17311475,0.11501032,0.47938257,0.086018943,0.2137069
6ofr_BOG_A_802,0.47957795,0.64414351,0.17311475,0.11501032,0.47938257,0.086018943,0.2137069
6ofr_BOG_A_803,0.47957795,0.64414351,0.17311475,0.11501032,0.47938257,0.086018943,0.2137069
6ofr_BOG_A_804,0.41844099,0,0.14772154,0,0.00071881402,0.080658657,0
6ofr_BOG_A_805,0.47957795,0.64414351,0.17311475,0.11501032,0.47938257,0.086018943,0.2137069
6ofr_BOG_A_806,0.47957795,0.64414351,0.17311475,0.11501032,0.47938257,0.086018943,0.2137069
6ofr_BOG_A_807,0.47957795,0.64414351,0.17311475,0.11501032,0.47938257,0.086018943,0.2137069
6oha_XAN_A_501,0.0021679904,0.08738534,0.54372269,0,0,0.082118343,0.98474906
6ooi_PGA_B_301,0.47957795,0.64414351,0.17311475,0.11501032,0.47938257,0.086018943,0.2137069
6ooi_PGA_D_301,0.47957795,0.64414351,0.17311475,0.11501032,0.47938257,0.086018943,0.2137069
6ooi_PGA_E_301,0.47957795,0.64414351,0.17311475,0.11501032,0.47938257,0.086018943,0.2137069
6ooi_PGA_F_301,0.47957795,0.64414351,0.17311475,0.11501032,0.47938257,0.086018943,0.2137069
6ooi_PGA_G_301,0.47957795,0.64414351,0.17311475,0.11501032,0.47938257,0.086018943,0.2137069
6ooi_PGA_H_302,0.98955924,0.95599085,0.023621428,0.35400645,0.92883191,0.086389684,0.53983538
6oph_6QB_A_401,0.47957795,0.64414351,0.17311475,0.11501032,0.47938257,0.086018943,0.2137069
6p9t_O5D_A_307,0.47957795,0.64414351,0.17311475,0.11501032,0.47938257,0.086018943,0.2137069
6paf_O6A_A_509,0.47957795,0.64414351,0.17311475,0.11501032,0.47938257,0.086018943,0.2137069
6pdd_O9S_A_803,0.47957795,0.64414351,0.17311475,0.11501032,0.47938257,0.086018943,0.2137069
6pk1_3PY_A_502,0.47957795,0.64414351,0.17311475,0.11501032,0.47938257,0.086018943,0.2137069
6pk1_PLP_A_501,0.63227723,0.93649511,0,0.16435125,0.46462051,0.089004694,0.12908784
6pk1_PLP_B_501,0.47957795,0.64414351,0.17311475,0.11501032,0.47938257,0.086018943,0.2137069
6pmv_M16_A_803,0.47957795,0.64414351,0.17311475,0.11501032,0.47938257,0.086018943,0.2137069
6pmv_M16_B_803,0.47957795,0.64414351,0.17311475,0.11501032,0.47938257,0.086018943,0.2137069
6pn9_OU7_B_803,0.47957795,0.64414351,0.17311475,0.11501032,0.47938257,0.086018943,0.2137069
6pna_M16_A_803,0.47957795,0.64414351,0.17311475,0.11501032,0.47938257,0.086018943,0.2137069
6pna_M16_B_803,0.47957795,0.64414351,0.17311475,0.11501032,0.47938257,0.086018943,0.2137069
6png_OSG_A_802,0.47957795,0.64414351,0.17311475,0.11501032,0.47938257,0.086018943,0.2137069
6png_OSG_A_803,0.63201918,0.98210538,0,0.16499453,0.46451685,0.08952428,0.12931479
6png_OSG_B_804,0.47957795,0.64414351,0.17311475,0.11501032,0.47938257,0.086018943,0.2137069
6po9_OS7_A_803,0.48008156,0.64073588,0.17293777,0.11526142,0.48012109,3.7888357e-14,0.21385009
6po9_OS7_B_804,0.47957795,0.64414351,0.17311475,0.11501032,0.47938257,0.086018943,0.2137069
6ps7_ZMA_A_1201,0.47957795,0.64414351,0.17311475,0.11501032,0.47938257,0.086018943,0.2137069
6pvi_OZ7_A_501,0.47957795,0.64414351,0.17311475,0.11501032,0.47938257,0.086018943,0.2137069
6q4b_HHN_A_301,0.47957795,0.64414351,0.17311475,0.11501032,0.47938257,0.086018943,0.2137069
6q4k_HHW_A_301,0.47957795,0.64414351,0.17311475,0.11501032,0.47938257,0.086018943,0.2137069
6q4r_HJ5_A_1009,0.47957795,0.64414351,0.17311475,0.11501032,0.47938257,0.086018943,0.2137069
6q4r_MLT_A_1041,0.47957795,0.64414351,0.17311475,0.11501032,0.47938257,0.086018943,0.2137069
6q4y_MAN_A_402,0.47957795,0.64414351,0.17311475,0.11501032,0.47938257,0.086018943,0.2137069
6q4y_MAN_B_402,0.47957795,0.64414351,0.17311475,0.11501032,0.47938257,0.086018943,0.2137069
6qa7_PLP_A_902,0.47957795,0.64414351,0.17311475,0.11501032,0.47938257,0.086018943,0.2137069
6qdb_HWQ_A_1002,0.47957795,0.64414351,0.17311475,0.11501032,0.47938257,0.086018943,0.2137069
6qdb_HWQ_A_1003,0.47957795,0.64414351,0.17311475,0.11501032,0.47938257,0.086018943,0.2137069
6qdc_HXE_A_1003,0.47957795,0.64414351,0.17311475,0.11501032,0.47938257,0.086018943,0.2137069
6qdc_HXE_A_1004,0.47957795,0.64414351,0.17311475,0.11501032,0.47938257,0.086018943,0.2137069
6qde_HWW_A_502,0.47957795,0.64414351,0.17311475,0.11501032,0.47938257,0.086018943,0.2137069
6qde_HWW_A_503,0.47957795,0.64414351,0.17311475,0.11501032,0.47938257,0.086018943,0.2137069
6qhu_FAH_A_401,0.47957795,0.64414351,0.17311475,0.11501032,0.47938257,0.086018943,0.2137069
6qli_4LR_A_301,0.47957795,0.64414351,0.17311475,0.11501032,0.47938257,0.086018943,0.2137069
6qnj_GLC_A_402,0.47957795,0.64414351,0.17311475,0.11501032,0.47938257,0.086018943,0.2137069
6qo4_97T_A_301,0.47957795,0.64414351,0.17311475,0.11501032,0.47938257,0.086018943,0.2137069
6qo4_97T_B_301,0.47957795,0.64414351,0.17311475,0.11501032,0.47938257,0.086018943,0.2137069
6qol_JB5_A_301,0.47957795,0.64414351,0.17311475,0.11501032,0.47938257,0.086018943,0.2137069
6qol_JB5_B_301,0.47957795,0.64414351,0.17311475,0.11501032,0.47938257,0.086018943,0.2137069
6qor_JBK_A_301,0.47957795,0.64414351,0.17311475,0.11501032,0.47938257,0.086018943,0.2137069
6qot_6SD_A_301,0.47957795,0.64414351,0.17311475,0.11501032,0.47938257,0.086018943,0.2137069
6qot_6SD_B_301,0.47957795,0.64414351,0.17311475,0.11501032,0.47938257,0.086018943,0.2137069
6qqs_JCZ_A_301,0.47957795,0.64414351,0.17311475,0.11501032,0.47938257,0.086018943,0.2137069
6qqs_JCZ_B_301,0.47957795,0.64414351,0.17311475,0.11501032,0.47938257,0.086018943,0.2137069
6qrn_RIP_A_500,0.47957795,0.64414351,0.17311475,0.11501032,0.47938257,0.086018943,0.2137069
6r4j_GLU_A_704,0.47957795,0.64414351,0.17311475,0.11501032,0.47938257,0.086018943,0.2137069
6r5o_BGC_A_801,0.47957795,0.64414351,0.17311475,0.11501032,0.47938257,0.086018943,0.2137069
6r5o_BGC_A_802,0.47957795,0.64414351,0.17311475,0.11501032,0.47938257,0.086018943,0.2137069
6r5o_BGC_B_801,0.47957795,0.64414351,0.17311475,0.11501032,0.47938257,0.086018943,0.2137069
6r5o_BGC_B_802,0.47957795,0.64414351,0.17311475,0.11501032,0.47938257,0.086018943,0.2137069
6r6i_H50_A_201,0.47957795,0.64414351,0.17311475,0.11501032,0.47938257,0.086018943,0.2137069
6r6i_H50_B_201,0.47957795,0.64414351,0.17311475,0.11501032,0.47938257,0.086018943,0.2137069
6r73_LMP_B_301,0.47957795,0.64414351,0.17311475,0.11501032,0.47938257,0.086018943,0.2137069
6rbo_JXQ_A_302,0.47957795,0.64414351,0.17311475,0.11501032,0.47938257,0.086018943,0.2137069
6rbx_JYT_A_301,0.47957795,0.64414351,0.17311475,0.11501032,0.47938257,0.086018943,0.2137069
6rgg_K3Q_A_401,0.47957795,0.64414351,0.17311475,0.11501032,0.47938257,0.086018943,0.2137069
6rgg_K3Q_A_402,0.47957795,0.64414351,0.17311475,0.11501032,0.47938257,0.086018943,0.2137069
6rgg_K3Q_A_403,0.47957795,0.64414351,0.17311475,0.11501032,0.47938257,0.086018943,0.2137069
6rgg_K3Q_B_402,0.47957795,0.64414351,0.17311475,0.11501032,0.47938257,0.086018943,0.2137069
6rgg_K3Q_B_405,0.47957795,0.64414351,0.17311475,0.11501032,0.47938257,0.086018943,0.2137069
6rgr_RM4_A_402,0.47957795,0.64414351,0.17311475,0.11501032,0.47938257,0.086018943,0.2137069
6rgr_RM4_A_403,0.47957795,0.64414351,0.17311475,0.11501032,0.47938257,0.086018943,0.2137069
6rhk_K4B_A_302,0.47957795,0.64414351,0.17311475,0.11501032,0.47938257,0.086018943,0.2137069
6rlt_MLI_A_508,0.47957795,0.64414351,0.17311475,0.11501032,0.47938257,0.086018943,0.2137069
6rlt_MLI_B_511,0.47957795,0.64414351,0.17311475,0.11501032,0.47938257,0.086018943,0.2137069
6rlt_MLI_B_512,0.47957795,0.64414351,0.17311475,0.11501032,0.47938257,0.086018943,0.2137069
6rum_TOP_A_301,0.47957795,0.64414351,0.17311475,0.11501032,0.47938257,0.086018943,0.2137069
6s23_KSW_A_402,0.47957795,0.64414351,0.17311475,0.11501032,0.47938257,0.086018943,0.2137069
6s23_KSW_A_403,0.47957795,0.64414351,0.17311475,0.11501032,0.47938257,0.086018943,0.2137069
6s23_KSW_B_402,0.47957795,0.64414351,0.17311475,0.11501032,0.47938257,0.086018943,0.2137069
6s37_SAL_A_601,0.47957795,0.64414351,0.17311475,0.11501032,0.47938257,0.086018943,0.2137069
6s39_K5Z_A_301,0.47957795,0.64414351,0.17311475,0.11501032,0.47938257,0.086018943,0.2137069
6s4h_KUQ_A_901,0.47957795,0.64414351,0.17311475,0.11501032,0.47938257,0.086018943,0.2137069
6s51_KVQ_A_901,0.47957795,0.64414351,0.17311475,0.11501032,0.47938257,0.086018943,0.2137069
6s7u_KZK_A_501,0.47957795,0.64414351,0.17311475,0.11501032,0.47938257,0.086018943,0.2137069
6s7u_KZK_C_501,0.47957795,0.64414351,0.17311475,0.11501032,0.47938257,0.086018943,0.2137069
6s9g_L1Q_A_305,0.47957795,0.64414351,0.17311475,0.11501032,0.47938257,0.086018943,0.2137069
6s9g_L1Q_A_306,0.47957795,0.64414351,0.17311475,0.11501032,0.47938257,0.086018943,0.2137069
6si4_LEK_A_402,0.47957795,0.64414351,0.17311475,0.11501032,0.47938257,0.086018943,0.2137069
6si4_LEK_B_402,0.47957795,0.64414351,0.17311475,0.11501032,0.47938257,0.086018943,0.2137069
6sj8_44V_A_901,0.47957795,0.64414351,0.17311475,0.11501032,0.47938257,0.086018943,0.2137069
6sj8_44V_B_901,0.47957795,0.64414351,0.17311475,0.11501032,0.47938257,0.086018943,0.2137069
6sjs_THH_B_901,0.47957795,0.64414351,0.17311475,0.11501032,0.47938257,0.086018943,0.2137069
6sux_BEN_A_302,0.47957795,0.64414351,0.17311475,0.11501032,0.47938257,0.086018943,0.2137069
6svu_BEN_A_302,0.47957795,0.64414351,0.17311475,0.11501032,0.47938257,0.086018943,0.2137069
6sxr_KHP_A_506,0.47957795,0.64414351,0.17311475,0.11501032,0.47938257,0.086018943,0.2137069
6sxr_KHP_A_507,0.47957795,0.64414351,0.17311475,0.11501032,0.47938257,0.086018943,0.2137069
6sxr_KHP_A_513,0.47957795,0.64414351,0.17311475,0.11501032,0.47938257,0.086018943,0.2137069
6syz_M1E_A_601,0.47957795,0.64414351,0.17311475,0.11501032,0.47938257,0.086018943,0.2137069
6syz_M1E_B_601,0.47957795,0.64414351,0.17311475,0.11501032,0.47938257,0.086018943,0.2137069
6sz3_M1H_B_601,0.47957795,0.64414351,0.17311475,0.11501032,0.47938257,0.086018943,0.2137069
6szl_M3E_B_604,0.47957795,0.64414351,0.17311475,0.11501032,0.47938257,0.086018943,0.2137069
6szt_M4Q_A_601,0.47957795,0.64414351,0.17311475,0.11501032,0.47938257,0.086018943,0.2137069
6szt_M4Q_B_601,0.47957795,0.64414351,0.17311475,0.11501032,0.47938257,0.086018943,0.2137069
6t02_M5E_A_601,0.47957795,0.64414351,0.17311475,0.11501032,0.47938257,0.086018943,0.2137069
6t02_M5E_A_602,0.47957795,0.64414351,0.17311475,0.11501032,0.47938257,0.086018943,0.2137069
6t02_M5E_B_601,0.47957795,0.64414351,0.17311475,0.11501032,0.47938257,0.086018943,0.2137069
6t07_M45_B_601,0.47957795,0.64414351,0.17311475,0.11501032,0.47938257,0.086018943,0.2137069
6t0a_M58_A_601,0.47957795,0.64414351,0.17311475,0.11501032,0.47938257,0.086018943,0.2137069
6t0a_M58_B_601,0.47957795,0.64414351,0.17311475,0.11501032,0.47938257,0.086018943,0.2137069
6t0m_GOZ_A_305,0.47957795,0.64414351,0.17311475,0.11501032,0.47938257,0.086018943,0.2137069
6t10_M6Z_A_601,0.47957795,0.64414351,0.17311475,0.11501032,0.47938257,0.086018943,0.2137069
6t10_M6Z_B_601,0.47957795,0.64414351,0.17311475,0.11501032,0.47938257,0.086018943,0.2137069
6t5p_VD8_A_302,0.47957795,0.64414351,0.17311475,0.11501032,0.47938257,0.086018943,0.2137069
6t5p_VD8_B_302,0.47957795,0.64414351,0.17311475,0.11501032,0.47938257,0.086018943,0.2137069
6t5p_VD8_D_302,0.47957795,0.64414351,0.17311475,0.11501032,0.47938257,0.086018943,0.2137069
6t9c_MX8_A_501,0.47957795,0.64414351,0.17311475,0.11501032,0.47938257,0.086018943,0.2137069
6tbx_N0Z_B_302,0.47957795,0.64414351,0.17311475,0.11501032,0.47938257,0.086018943,0.2137069
6tbx_N0Z_C_303,0.47957795,0.64414351,0.17311475,0.11501032,0.47938257,0.086018943,0.2137069
6tbx_N0Z_D_302,0.47957795,0.64414351,0.17311475,0.11501032,0.47938257,0.086018943,0.2137069
6tfb_N6W_B_202,0.47957795,0.64414351,0.17311475,0.11501032,0.47938257,0.086018943,0.2137069
6tgi_N8Z_A_508,0.47957795,0.64414351,0.17311475,0.11501032,0.47938257,0.086018943,0.2137069
6tgi_N8Z_B_508,0.47957795,0.64414351,0.17311475,0.11501032,0.47938257,0.086018943,0.2137069
6to7_SUV_A_401,0.47957795,0.64414351,0.17311475,0.11501032,0.47938257,0.086018943,0.2137069
6to7_SUV_B_401,0.47957795,0.64414351,0.17311475,0.11501032,0.47938257,0.086018943,0.2137069
6tof_NQE_A_201,0.39147618,0.63908281,0.2143886,2.8512982e-33,0.40314237,0.08648569,0.21602979
6tog_NQH_A_201,0.47957795,0.64414351,0.17311475,0.11501032,0.47938257,0.086018943,0.2137069
6tol_NQW_A_201,0.47957795,0.64414351,0.17311475,0.11501032,0.47938257,0.086018943,0.2137069
6tor_PMP_A_504,0.47957795,0.64414351,0.17311475,0.11501032,0.47938257,0.086018943,0.2137069
6tor_PMP_B_504,0.47957795,0.64414351,0.17311475,0.11501032,0.47938257,0.086018943,0.2137069
6tot_NRK_A_401,0.47957795,0.64414351,0.17311475,0.11501032,0.47938257,0.086018943,0.2137069
6tt4_BMA_C_3,0.47957795,0.64414351,0.17311475,0.11501032,0.47938257,0.086018943,0.2137069
6tt4_FT8_B_711,0.47957795,0.64414351,0.17311475,0.11501032,0.47938257,0.086018943,0.2137069
6u30_PQM_A_501,0.47957795,0.64414351,0.17311475,0.11501032,0.47938257,0.086018943,0.2137069
6u6c_P1T_B_502,0.47957795,0.64414351,0.17311475,0.11501032,0.47938257,0.086018943,0.2137069
6u6c_P1T_D_505,0.47957795,0.64414351,0.17311475,0.11501032,0.47938257,0.086018943,0.2137069
6u6c_P1T_F_805,0.63757553,0,0,0.15114291,0.46674888,0.078336282,0.12442782
6u6c_P1T_H_504,0.47957795,0.64414351,0.17311475,0.11501032,0.47938257,0.086018943,0.2137069
6u6c_PZV_F_802,0.47957795,0.64414351,0.17311475,0.11501032,0.47938257,0.086018943,0.2137069
6uo7_QCP_A_504,0.47957795,0.64414351,0.17311475,0.11501032,0.47938257,0.086018943,0.2137069
6uqd_QF4_A_501,0.47957795,0.64414351,0.17311475,0.11501032,0.47938257,0.086018943,0.2137069
6uqd_QF4_B_501,0.47957795,0.64414351,0.17311475,0.11501032,0.47938257,0.086018943,0.2137069
6ur0_ETM_A_401,0.47957795,0.64414351,0.17311475,0.11501032,0.47938257,0.086018943,0.2137069
6ur0_ETM_B_401,0.47957795,0.64414351,0.17311475,0.11501032,0.47938257,0.086018943,0.2137069
6urx_JMG_A_316,0.47957795,0.64414351,0.17311475,0.11501032,0.47938257,0.086018943,0.2137069
6uvj_QJ1_A_205,0.47957795,0.64414351,0.17311475,0.11501032,0.47938257,0.086018943,0.2137069
6uxr_K6G_B_202,0.47957795,0.64414351,0.17311475,0.11501032,0.47938257,0.086018943,0.2137069
6uzr_QM1_B_301,0.47957795,0.64414351,0.17311475,0.11501032,0.47938257,0.086018943,0.2137069
6v1e_5SW_A_301,0.47957795,0.64414351,0.17311475,0.11501032,0.47938257,0.086018943,0.2137069
6v8n_QS1_A_1704,0.63178947,0.64193902,0.058385454,0.12542834,0.29730921,0.086301115,0
6v9f_QTS_B_2001,0.47957795,0.64414351,0.17311475,0.11501032,0.47938257,0.086018943,0.2137069
6vei_9UO_B_502,0.47957795,0.64414351,0.17311475,0.11501032,0.47938257,0.086018943,0.2137069
6vlu_CIT_A_701,0.47957795,0.64414351,0.17311475,0.11501032,0.47938257,0.086018943,0.2137069
6vmz_NAG_A_402,0.47957795,0.64414351,0.17311475,0.11501032,0.47938257,0.086018943,0.2137069
6vmz_NAG_C_402,0.47957795,0.64414351,0.17311475,0.11501032,0.47938257,0.086018943,0.2137069
6vmz_R3P_A_404,0.47957795,0.64414351,0.17311475,0.11501032,0.47938257,0.086018943,0.2137069
6vmz_R3P_C_404,0.47957795,0.64414351,0.17311475,0.11501032,0.47938257,0.086018943,0.2137069
6vo2_R67_A_403,0.47957795,0.64414351,0.17311475,0.11501032,0.47938257,0.086018943,0.2137069
6vo2_R67_B_403,0.47957795,0.64414351,0.17311475,0.11501032,0.47938257,0.086018943,0.2137069
6vv1_RMJ_A_501,0.47957795,0.64414351,0.17311475,0.11501032,0.47938257,0.086018943,0.2137069
6vv9_RQ1_A_202,0.47957795,0.64414351,0.17311475,0.11501032,0.47938257,0.086018943,0.2137069
6vv9_RQ1_B_304,0.47957795,0.64414351,0.17311475,0.11501032,0.47938257,0.086018943,0.2137069
6w0x_S6J_A_301,0.47957795,0.64414351,0.17311475,0.11501032,0.47938257,0.086018943,0.2137069
6w0x_S6J_B_301,0.47957795,0.64414351,0.17311475,0.11501032,0.47938257,0.086018943,0.2137069
6x9d_HYP_A_2002,0.47957795,0.64414351,0.17311475,0.11501032,0.47938257,0.086018943,0.2137069
6x9d_HYP_B_2002,0.47957795,0.64414351,0.17311475,0.11501032,0.47938257,0.086018943,0.2137069
6xim_XLS_A_397,0.47957795,0.64414351,0.17311475,0.11501032,0.47938257,0.086018943,0.2137069
6xim_XLS_B_397,0.47957795,0.64414351,0.17311475,0.11501032,0.47938257,0.086018943,0.2137069
6xim_XLS_C_397,0.38609179,0.96518031,0.24171925,0.11342526,0.58920017,0.089488889,0.34211676
6xim_XLS_D_397,0.47957795,0.64414351,0.17311475,0.11501032,0.47938257,0.086018943,0.2137069
6xu3_PLG_B_401,0.47957795,0.64414351,0.17311475,0.11501032,0.47938257,0.086018943,0.2137069
6xu3_PLP_D_401,0.47957795,0.64414351,0.17311475,0.11501032,0.47938257,0.086018943,0.2137069
6xzx_O5H_A_302,0.47957795,0.64414351,0.17311475,0.11501032,0.47938257,0.086018943,0.2137069
6y4f_GLU_A_202,0.47957795,0.64414351,0.17311475,0.11501032,0.47938257,0.086018943,0.2137069
6y4z_TLA_D_301,0.99618235,0,0,0.35689974,0.97516837,0.075511755,0.23605704
6yaw_P9H_A_301,0.47957795,0.64414351,0.17311475,0.11501032,0.47938257,0.086018943,0.2137069
6yk5_PVK_A_312,0.47957795,0.64414351,0.17311475,0.11501032,0.47938257,0.086018943,0.2137069
6yk6_OUB_A_311,0.47957795,0.64414351,0.17311475,0.11501032,0.47938257,0.086018943,0.2137069
6ypv_AKG_A_302,0.47957795,0.64414351,0.17311475,0.11501032,0.47938257,0.086018943,0.2137069
6zac_QDE_A_4000,0.4788369,0.9478002,0.17194178,0.11958143,0.47861452,0.089475832,0.21467937
6zi7_QR8_A_502,0.47957795,0.64414351,0.17311475,0.11501032,0.47938257,0.086018943,0.2137069
6zi7_QR8_C_502,0.47957795,0.64414351,0.17311475,0.11501032,0.47938257,0.086018943,0.2137069
6zi7_QR8_F_503,0.47957795,0.64414351,0.17311475,0.11501032,0.47938257,0.086018943,0.2137069
6zi7_RAM_D_503,0.47957795,0.64414351,0.17311475,0.11501032,0.47938257,0.086018943,0.2137069
6zug_QPW_H_1001,0.47957795,0.64414351,0.17311475,0.11501032,0.47938257,0.086018943,0.2137069
7ak3_RH8_A_501,0.47957795,0.64414351,0.17311475,0.11501032,0.47938257,0.086018943,0.2137069
7bp1_CAQ_A_401,0.47957795,0.64414351,0.17311475,0.11501032,0.47938257,0.086018943,0.2137069
7bp1_CAQ_C_401,0.47872034,0.99556071,0.17175728,0.12030042,0.47849372,0.090019563,0.21483233
7bp1_CAQ_D_401,0.47957795,0.64414351,0.17311475,0.11501032,0.47938257,0.086018943,0.2137069
7bqu_EF2_A_501,0.78958698,0.99578968,0.063225383,0.31822802,0.99712986,0.087259862,0.34272027
7bzm_GIM_B_501,0.47957795,0.64414351,0.17311475,0.11501032,0.47938257,0.086018943,0.2137069
7c7g_FJR_A_402,0.47957795,0.64414351,0.17311475,0.11501032,0.47938257,0.086018943,0.2137069
7cne_SIN_A_402,0.47957795,0.64414351,0.17311475,0.11501032,0.47938257,0.086018943,0.2137069
7cwd_GAL_A_902,0.47957795,0.64414351,0.17311475,0.11501032,0.47938257,0.086018943,0.2137069
7jis_VBS_A_1101,0.47957795,0.64414351,0.17311475,0.11501032,0.47938257,0.086018943,0.2137069
7jo3_VGS_A_302,0.47957795,0.64414351,0.17311475,0.11501032,0.47938257,0.086018943,0.2137069
7joc_ARZ_A_302,0.98923768,0.98719574,0,0.36793143,0.96316359,0.086803437,0.23690784
8cpp_TCM_A_422,0.47957795,0.64414351,0.17311475,0.11501032,0.47938257,0.086018943,0.2137069
8icd_ICT_A_418,0.47957795,0.64414351,0.17311475,0.11501032,0.47938257,0.086018943,0.2137069
