PDB_CCD_ID,surfdock,unimol,diffdock,diffdock_l,gnina,autodock,smina
19gs_BSP_A_210,0.007388756,0.98557239,0.039815541,0.13318321,0.0039881531,0.29948377,3.9076459e-06
19gs_BSP_B_210,0.0053721136,0.98854669,0.039793978,0.13310741,2.4252396e-05,0.30039221,2.9078849e-06
1a49_OXL_D_2333,0.99569192,0.96645288,0.033027198,0.1511633,9.8789352e-05,0.232353,0.23380905
1a49_OXL_F_4133,0.9892019,0.87115368,0.034123365,0.15217142,0.13037441,0.19380112,0.19168344
1a59_CIT_A_379,0,0.93714712,0.040000685,0.13271864,0,0.28499134,0.0063502094
1ac4_TMT_A_296,0,0.98176216,0.045880775,0.14652131,0.95959659,0,0
1aer_TIA_B_700,0,0,0.044062645,0.12966921,0.19126473,0,0
1aia_PMP_A_411,0.21621794,1,0.049008208,0.15713584,0.95144949,0.89941294,0.95587966
1aia_PMP_B_411,0.2344142,0.15237198,0.047280858,0.14677247,0.94866523,0.12778624,0.00028166046
1aiq_CB3_A_266,0.93128278,0,0.037044741,0.14572946,0.18852995,0,0
1aiq_UMP_B_266,0.96432939,0,0.041953106,0.15720951,0.90938269,0,0
1aj8_CIT_B_2000,0.060059918,0.94422312,0.050231225,0.15394552,0.96574497,0.87865931,0.87412835
1ajs_PLA_A_415,0.9487998,0.96056931,0.041858684,0.16712826,0.9641239,0.55592514,0.59314122
1amq_PMP_A_413,0,0.4966647,0.04587707,0.13888543,0.4671525,0.34836651,0.30364975
1anc_BEN_A_290,0,0.96829228,0.051387078,0.15429813,0.99375656,0.98945176,0.98920182
1aog_MAE_A_500,0,0,0.049038775,0.1401959,0.8868754,0,0
1aog_MAE_A_501,0.99516562,0.89660671,0.033038853,0.1504352,0.0026800362,0.1798701,0.17780113
1aua_BOG_A_2,0.15718129,0,0.041516177,0,9.016949e-09,0,0
1axg_ETF_A_404,0,0.95193289,0.050666495,0.15278735,0.92941759,0.92673304,0.92999069
1axg_ETF_B_404,0.99135464,0.98447323,0.043711885,0.17122898,0.9805795,0.97389817,0.97820694
1axg_ETF_C_404,0.99069673,0.96246439,0.043132514,0.16987071,0.92264914,0.92464831,0.93178758
1axg_ETF_D_404,0.41097855,0.97108532,0.047647792,0.16035701,0.96158857,0.90992849,0.91311732
1bcs_ARG_A_426,0,0,0.042694412,0.1267748,7.4498829e-08,0,0
1bit_BEN_A_246,0.97175269,0.94326616,0.034171426,0.15186551,0,0.42904126,0.45042671
1bit_BEN_A_247,0.010075766,0.83814091,0.040556519,0.13346177,0.077347776,1.2489247e-07,0.19944775
1bo8_U_A_318,0.95434796,0.42707856,0.041022122,0.16104698,0.98765853,0.079051348,0
1bqp_MAN_B_401,0.97770897,0.96333196,0.044096777,0.171246,0.99689744,0.99240612,0.99227775
1bqp_MAN_C_402,0,0.97204432,0.051219332,0.15402512,0.97895466,0.98157457,0.97879968
1c3s_SHH_A_952,0.96309139,0.90306974,0.033310357,0.14997829,4.7177354e-05,0.19524356,0.19256318
1c9c_PP3_A_413,0,0.62735349,0.04185878,0.13200781,0,0.2840653,0.23833132
1ca7_ENO_B_601,0.97789674,0.95974611,0.044013117,0.17104828,0.98746204,0.98667335,0.98735042
1cdk_MYR_A_403,0.97867701,0,0.045591589,0.16292129,0.94718211,0.65871296,0.66112392
1cdk_MYR_B_403,0.9745238,0.88011681,0.043061623,0.16799914,0.83482987,0.95143516,0.95304053
1cgk_NAR_A_390,0,0,0.042694411,0.1267748,0,0,0
1cib_HDA_A_437,0,0.93051469,0.048465271,0.15025938,0.95844255,0.0043340843,0.956209
1cib_IMP_A_440,0,0.37674272,0.041499841,0.12902062,0.00021334828,0.066636418,0
1ck6_SHA_A_900,0.98848707,0.98775244,0.031854282,0.14960757,3.130899e-07,1.3620498e-09,0.091816245
1cq1_BGC_A_455,0.11433033,0.96862762,0.038970825,0.1347973,0.0005490441,0.26952674,6.5584112e-05
1cq1_BGC_B_455,0.66765475,0.94477314,0.036007089,0.14598036,0.00039786642,0.32927394,0.32033036
1d3g_ORO_A_399,0.20925065,0,0.042292459,0.13286883,0.16362501,0,0
1d6u_HY1_A_2001,0.99426473,0.99667157,0.038641699,0.16437939,0.99548726,0.0056933056,0.0063647831
1d6u_HY1_B_3001,0.99514332,0.99613863,0.038467324,0.16403039,0.97149502,0.0066721363,0.0060246585
1d6u_PEA_A_2003,0.99015159,0.97472167,0.033078503,0.15116851,9.891639e-06,0.24055596,0.2422728
1d7a_AIR_A_300,0.67609753,0.96195378,0.035946862,0.14632193,0.0020084039,0.33986023,0.33204433
1d7a_AIR_C_400,0,0.9257566,0.040006138,0.13260659,1.1507757e-06,0.27733135,1.1449563e-06
1d7a_AIR_D_450,0.97994517,0.9712411,0.032777131,0.15010715,1.5505939e-06,0.16970729,0.1674413
1daf_DSD_A_225,0.87448279,0.98706643,0.034132327,0.14955733,0,0.289956,0.28901728
1dai_DSD_A_225,0.89260721,0.98709623,0.033967584,0.14983121,0,0.28371378,0.28329065
1diw_GAL_A_1400,0,0.97379023,0.03988763,0.13294099,0.0009117094,0.29650042,0.00096965744
1dna_CB3_A_601,0,0,0.042694411,0.1267748,1.4744818e-11,0,0
1dna_CB3_B_602,0.91066295,0,0.036118765,0.14308631,0.037427377,0,0
1dpm_EBP_A_901,0.00036292408,0.9780366,0.039862597,0.13295499,5.190402e-06,0.29740767,4.2039891e-07
1dpm_EBP_B_902,0.75421767,0.91797723,0.035212787,0.14699009,0.00014395142,0.2788429,0.27099427
1dpm_EBP_B_903,0,0.33156229,0.041471834,0.12851364,7.1840838e-10,6.6574301e-06,0.00027348366
1dxy_COI_A_404,0.96684591,0.94556853,0.033331431,0.15059382,0.0057999504,0.22778495,0.22742769
1dy3_87Y_A_201,0,1,0.05121911,0.15433588,0.98708305,0.98728064,0.9870738
1e26_GPB_A_208,0.61697191,0.98369541,0.041666568,0.15731163,0.90321794,0.3201281,0
1e2j_THM_A_500,0.98420793,0.97267684,0.032739476,0.15018905,0.0002166641,0.16923944,0.167163
1e2j_THM_B_500,0.98410595,0.95365063,0.03332432,0.15118655,0.068098697,0.17859497,0.17666182
1e48_13P_P_302,0.85673679,0,0.042210662,0.15418361,0.83234214,2.7996094e-05,2.6846964e-05
1e5f_PLP_A_405,0.4238894,0,0.039508996,0.13410373,0,0,0
1e5f_PLP_B_405,0.39337695,0,0.048388379,0.15091589,0.99235377,0.21091354,0.4022451
1e7h_PLM_A_1001,0.96268238,0.97538283,0.036885221,0.15885348,0.63660115,0.19797445,2.4858789e-06
1e7h_PLM_A_1007,0.99092652,0.96956467,0.031881286,0.14951463,0,0,0.083022854
1e8g_FCR_B_601,0.99606219,0.95815465,0.066889575,0.15138615,0.066671352,0.17715262,0.17573919
1ei6_PPF_A_410,0.97993212,0.83340009,0.036632722,0.15656291,0.43038769,0.24171615,0.24073549
1ei6_PPF_C_413,0,0.85570918,0.040657264,0.13306224,0.051749333,0.26851323,0.018355649
1ei6_PPF_D_412,0.99636031,0.88534888,0.04333054,0.16992916,0.97372118,0.72360068,0.99170829
1eow_U2G_A_130,0,0,0.046800232,0.13544209,0.57127266,0.016873505,0
1eyw_PEL_A_404,0.0035114931,0.96758981,0.041012803,0.13531121,0.15232892,0.31841526,0
1eyw_TEN_A_403,0.98636349,0,0.039191494,0.15136001,0.33580396,0.043803549,0.53925373
1fdk_GLE_A_150,0,0,0.042694411,0.1267748,6.3696569e-10,0,0
1fds_EST_A_350,0.99721255,0.83103234,0.033077727,0.14989369,0.011396672,0.1312609,0.12602405
1fhv_OSB_A_789,0.9865647,0.94487042,0.033105019,0.15078824,0,0.21901486,0.21911751
1fk1_DAO_A_201,0.94505784,0.97035544,0.03350935,0.15048458,0.0027017322,0.25347117,0.25371747
1foi_14W_A_810,0,0.99540042,0.0398188,0.1330626,2.4001213e-06,0.30417833,1.1915409e-07
1foi_14W_B_810,0,0.99301916,0.039825188,0.13304697,8.0473767e-08,0.30325994,5.5407762e-08
1fp2_HMO_A_2000,0,0.92100725,0.039846115,0.13268858,3.7590801e-09,0,0.22562307
1fqo_F6R_A_1268,0.93841667,0.87125905,0.035788059,0.15383484,0.30529828,0.21657618,0.21313287
1fqo_F6R_B_2268,0.94851056,0.49845408,0.040095271,0.15958952,0.8639032,0.09755686,0.034743563
1fs5_16G_A_1267,0.22979798,0.43189036,0.039388143,0.13299148,1.2464404e-07,4.6027592e-08,5.5937244e-08
1fs5_16G_B_2267,0.017154785,0.63337303,0.041699813,0.13232468,1.8410498e-06,0.28206361,0.23709058
1fsa_F6P_B_338,0.96123392,0.97265526,0.038850603,0.95619859,0.9842941,2.1935067e-05,2.1935784e-05
1fuq_CIT_B_1002,0.42350044,0.9669304,0.036378433,0.14006495,2.677879e-06,9.0724211e-05,0.17633628
1fuy_FIP_A_269,0,0.97591356,0.046069177,0.14574759,0.82269911,0.4355172,0
1fwn_PEP_A_1268,0,0.97246389,0.045629515,0.14585641,0.91753597,0.002611054,0.0030251786
1g4s_TPS_A_2001,0.98867079,0.9833517,0.039325811,0.16485914,0.99070117,0.25582913,0.0011261879
1g6n_CMP_A_621,5.0567369e-07,0.042591792,0.0498156,0.14295396,0.99550708,0.14823218,0
1g6n_CMP_B_622,0,0.04365291,0.049789192,0.1429097,0.99234586,0.14797306,0
1g6t_S3P_A_601,0.99198286,0.96177999,0.039882304,0.16276983,0.41918545,0.99608154,0.99609102
1g72_PQQ_A_701,0,0,0.053902265,0.14784502,0.99211557,0.5980064,0.99066592
1g72_PQQ_C_703,7.0264733e-06,0,0.053912952,0.14786339,0.99263592,0.59897807,0.99238536
1g79_PLP_A_260,8.7059167e-05,0.90095242,0.039933151,0.13261896,0.0047690718,0.00022594588,0.21732976
1g79_PLP_A_270,3.2833526e-06,0.002583767,0.042684708,0.12678861,1.7753979e-07,0,0
1g8z_GAL_F_104,0.98978258,0.97660964,0.038525836,0.16374174,0.9685009,1.876181e-06,1.8600377e-06
1g8z_GAL_G_104,0.99236488,0.95916607,0.036152134,0.15838242,0.56838283,3.1330551e-07,0.1787752
1g8z_GAL_H_104,0.96352562,0.96128231,0.033323264,0.15063093,0.00068052065,0.2396688,0.23995694
1gck_PLP_A_413,0,0.62735349,0.04185878,0.13200781,0,0.2840653,0.23833132
1gck_PLP_B_913,0,0.62735349,0.04185878,0.13200781,0,0.2840653,0.23833132
1gij_2PU_A_501,0.89587387,0,0.035962159,0.14226423,0,0,0
1gim_HDA_A_438,0,0.95115893,0.046917846,0,0.72330822,0.93288062,0.010349419
1gim_IMP_A_440,0,0,0.042696087,0.12677834,0.00023428362,0,0
1giu_ADE_A_300,0.98646955,0,0.036517201,0.1463906,0.1552893,0,0.0500229
1gkc_NFH_A_1448,0.99085417,0.97566059,0,0.16397169,0.98274896,0,0
1gkc_NFH_B_1449,0.96347199,0.93849705,0.039242327,0.16330586,0.93715389,0.23431092,0
1gsi_TMP_A_1210,0.97981491,0,0.037657729,0.14863682,0.32520119,0,0
1gsq_GDN_A_203,0.73101184,0.88388438,0.035084114,0.1455094,1.0867999e-07,0.19875726,0.18544919
1gxu_2HP_A_1092,0.98786244,0.62895653,0.044991532,0.16915963,0.97989811,0.96195406,0.96195406
1gz5_G6P_A_901,0.70041485,0.97877921,0.034200659,0.14460048,1.6373853e-06,0.1479531,2.0346666e-05
1gz5_G6P_C_901,0,0.95979779,0.039914605,0.13282954,3.3112043e-06,0.29045735,6.8706661e-06
1gz5_G6P_D_901,0.82702458,0.97549452,0.034561399,0.14871469,1.2766772e-06,0.29753078,0.29465968
1gz5_UDP_C_900,0.95703959,0.44963946,0.040462852,0.16020249,0.92366707,0.073611921,0
1h0v_UN4_A_1299,0,0.93373407,0.046162709,0.14648147,0.97385433,1.049296e-08,1.0691243e-08
1h18_DTL_A_9009,0.99448401,0,0.035514329,0.14458941,0.040986001,0,0
1h18_DTL_A_9010,0.99086552,0,0.035384864,0.14419545,0.019086985,0,0
1h18_DTL_B_9009,0.99240068,0,0.035236801,0.14393318,2.0181051e-06,0,0
1h18_DTL_B_9010,0.97209303,0,0.035771936,0.14439128,0.053475467,0,0
1h18_PYR_B_1001,0,0,0.043343688,0.12810014,0.075282129,0,0.044328048
1h1i_QUE_A_1358,0.99344516,0.44042303,0.040721776,0.16188858,0.99450636,0.07680494,0
1h1i_QUE_C_1358,0,0.046383357,0.049721241,0.14279584,0.98421302,0.14730632,0
1h1i_QUE_D_1357,0.99102434,0.97512951,0.032674442,0.15031175,0,0.16841415,0.1666396
1h1m_KMP_A_1360,0,0.98834119,0.047274357,0.14838945,0.98710826,0.46805621,0
1h1m_KMP_B_1358,0,0.33140494,0.041471681,0.12851169,0,0,0
1h1m_KMP_C_1358,0,0.98772055,0.047317303,0.14847071,0.99258705,0.46874164,0
1h48_C5P_B_901,0,0.044531857,0.049767318,0.14287305,0.98972785,0.14775843,0
1h48_C5P_C_901,0.97232855,0.43687243,0.04079299,0.16128155,0.9799157,0.077125285,0
1h48_C5P_D_204,0.98369946,0.45255336,0.040411984,0.16103428,0.94676052,0.073590555,0
1h48_C5P_E_901,0.98758089,0.45297604,0.040404617,0.16115545,0.95012735,0.073587825,0
1h48_CDI_A_201,0,0.043452587,0.049801274,0.1429324,0.99373842,0.14832177,0.00028864406
1h48_CDI_D_201,0,0.95023554,0.051230712,0.15365124,0.98409532,0.94065171,0.97633968
1h48_CDI_E_902,0.96100581,1,0.044014781,0.17101566,0.9893664,0.98921254,0.98930827
1h48_CDI_F_902,0,0,0.049641934,0.141997,0.99193123,2.3997231e-05,2.4271278e-05
1h48_GPP_C_904,0.96648463,0.94206179,0.033653816,0.15114554,0.08741935,0.18331074,0.18063802
1h48_GPP_E_904,0,0.6073938,0.042472481,0.13305821,0.071346744,0.29388582,0.2483072
1h5r_G1P_A_1294,0.84403737,0.4854717,0.037180211,0.14945723,0.3542036,0.0045279815,0
1h5r_G1P_B_1294,0.9828736,0.94365805,0.039345655,0.16422809,0.97336326,0.23842807,0.00032358229
1h5r_G1P_C_1294,0,0.97273598,0.039879879,0.13291443,1.6174966e-05,0.29544469,2.1540432e-06
1h5r_G1P_D_1294,0,0,0.042694411,0.1267748,0,0,0
1h5r_THM_A_1293,0.98071657,0.81457803,0.037595229,0.15838018,0.56096788,0.24683148,0.24582121
1h5r_THM_B_1293,0.98383148,0.83133651,0.037084698,0.15761331,0.50497134,0.23876033,0.2377663
1h5r_THM_C_1292,0,0.58078104,0.043290744,0.13445873,0.16647514,0.30697977,0.26160829
1h5r_THM_C_1293,0,0.62728598,0.041860855,0.13201137,0.00024132294,0.28409851,0.23836506
1h5r_THM_D_1292,0.98919434,0.86866739,0.035945049,0.15584683,0.37825773,0.220693,0.21966093
1h5r_THM_D_1293,0.45179086,0.2284784,0.045556445,0.15135788,0.9802655,0.11453689,0
1h69_ARH_A_1275,0,0,0.042694413,0.1267748,1.7418503e-07,0,0
1h69_ARH_B_1275,0,0,0.049329273,0.14067019,0.90696923,0.073530845,0
1h69_ARH_C_1275,0,0,0.042694445,0.12677487,4.7567371e-06,0,0
1h70_CIR_A_500,0,0,0.054977117,0.14905401,0.98628454,0.99240078,0.99223198
1h7q_TYD_A_1258,0.55942237,0,0.038491409,0.13644898,0.00012674876,0,0
1h82_GZZ_B_590,0.95906774,0.96076084,0.03544483,0.1555783,0.43630952,0.15930538,2.0652725e-10
1h82_GZZ_C_590,0,0.95350798,0.04117996,0.13532451,0.047992622,0.32080583,9.9680363e-09
1h8p_PC_A_1111,0.071628614,0.90533677,0.039319251,0.13376414,4.3345933e-06,0,0.20647114
1h8p_PC_B_1111,0,0.9354496,0.039810356,0.1327967,0.00013547327,0,0.23230707
1hdi_3PG_A_419,0.99369566,0.95282995,0.032367187,0.1502766,0.038082066,0.04265727,0.10494523
1hkn_N2M_C_4138,0.9783261,0.98289347,0.03318756,0.15107909,0,0.25087681,0.25267213
1ho5_ADN_A_1604,0.98369689,0.94587035,0.032072458,0.149205,1.1532432e-06,0.084223702,0.018576343
1ho5_ADN_B_2604,0.97807602,0.97888497,0.033189027,0.15103155,6.0170552e-09,0.24790451,0.24948965
1hot_16G_A_269,0.00032804334,0.6274686,0.04185574,0.13201387,2.5018792e-08,0.28402702,0.23830759
1hot_16G_B_271,0.27312227,0.72319902,0.039327617,0.13705231,4.3482707e-07,0.25219237,0.21857343
1hq2_PH2_A_181,0.99671125,0.96316756,0.038714222,0.16419213,0.99507507,0,0
1hsb_ALA_A_1001,0,1.1247562e-05,0.042694369,0.12677486,4.5035936e-10,0,0
1hsr_BHO_A_800,0.99664928,0.99188539,0.03177919,0.1497736,2.819143e-06,7.1842033e-10,0.092363539
1i8a_BGC_A_189,0.068665263,0.89975852,0.039666925,0.13417362,0.014920795,0.046985592,0.23275398
1ia1_TQ3_A_194,0.99704587,0,0.047581794,0.16648201,0.99667661,0.9968135,0.99649422
1ia1_TQ3_B_196,0,0.96735884,0.050655548,0.15347633,0.99739114,0.70707169,0.99761943
1if4_FBS_A_555,0.99666889,0.98795365,0.03862141,0.16432275,0.99503764,0,0
1ij8_BNI_A_501,0.74154892,0.95511663,0.035348236,0.14723047,0.0017244195,0.31194922,0.30564028
1iki_DAL_A_500,0.63914911,0,0.037891422,0.13782562,6.2995826e-06,0,0
1iri_E4P_A_601,0.99636509,0.75505432,0.039449229,0.16209069,0.79336733,0.27699395,0.27718386
1iri_E4P_C_603,0.99298605,0.88529946,0.035439434,0.1551116,0.323562,0.21272192,0.21173894
1iri_E4P_D_604,0.99168967,1,0.042312656,0.16908528,0.88063136,0.74716884,0.98105833
1isx_XYP_A_1461,0.032025759,0.96506034,0.046024659,0.1475235,0.97624465,0.038512995,0.038516264
1itw_ICT_A_743,0.98770296,0.92865869,0.033099859,0.15064557,0.0010421281,0.20650613,0.20583124
1itw_ICT_C_743,0.99213665,0.83316803,0.033418632,0.15043854,0.047695722,0.14354035,0.13866853
1iwe_IMP_A_460,0,0,0.042694411,0.1267748,0,0,0
1iwe_IMP_B_1443,0.97852813,0.76457984,0.032642621,0.14783859,0.011203601,0,0
1iwe_IMP_B_1452,0,0,0.04270145,0.12678968,0.00098386525,0,0
1ixo_G3P_A_1001,0.86584543,0,0.036382538,0.14215697,0.027220164,0,0
1ixo_G3P_D_1004,0,0,0.042806253,0.12701139,0.015634324,0,0
1j0n_CEG_A_780,0,0,0.042694469,0.12677492,8.1131681e-06,0,0
1j0y_BGC_A_1601,0.99715808,0.97425925,0.040156291,0.16624,0.99026507,0.36434358,0.22234628
1j0y_BGC_B_2601,0.9543416,0.98244992,0.042975589,0.16896947,0.91602912,0.76043468,0.99200104
1j0y_BGC_C_3601,0.99731894,0.97767278,0.040296285,0.16650831,0.99471414,0.38155107,0.25181758
1j0y_BGC_D_4601,0.99550916,0.9816682,0.043257509,0.17090709,0.99544638,0.76659328,0.99561829
1j3i_UMP_C_611,0.95413995,0,0.042467184,0.15795885,0.9705415,0,0
1j3i_WRA_A_609,0,0.99015522,0.044378932,0.14242589,0.60342269,0.40400265,7.4726446e-06
1j3i_WRA_B_709,0.97842315,0.99489507,0.034574555,0.15483789,0.35374769,0.15439351,8.4858114e-06
1j3k_UMP_C_611,0.98438715,0,0.042413377,0.15884883,0.99479399,0,0
1j3k_UMP_D_711,0.9814067,0,0.042424969,0.15877444,0.99328345,0,0
1j3k_WRA_A_609,0.97624103,0.9934278,0.040089911,0.16569347,0.97867757,0.3617134,0.19799587
1j3k_WRA_B_709,0.98990463,0.99566085,0.033527888,0.15229353,0.054633894,0.27000514,0.27337896
1j54_TMP_A_2000,0.98734221,0,0.04207635,0.15823394,0.95078537,0,0
1ja9_PYQ_A_406,0,0.97089405,0.042191499,0.13641253,0.013991928,0.5833217,0.55691395
1jf0_CZH_A_197,2.1247351e-08,0.99184997,0.047321094,0.14852855,0.99456484,0.47066731,0
1jho_NIO_A_991,0.74250038,0.99493667,0.039094942,0.15631696,0.70059852,0.26341213,0
1jho_RMB_A_990,0.95681204,0.42637579,0.041041612,0.1611644,0.99268842,0.079286746,0
1jhv_NIO_A_991,0.74166281,0.99598565,0.040462998,0.1598621,0.98879985,0,0
1jhv_PCR_A_990,0.99831,0.99501148,0.031798853,0.14990959,0.0054470704,0,0.09449398
1jl0_PUT_B_401,0.98213682,0.92266115,0.044040862,0.17076766,0.97865221,0.98378099,0.9840279
1jla_TNK_A_999,0.9910065,0,0.042304578,0.15883835,0.9865385,0,0
1jtk_THU_A_138,0,0.95567749,0.051198923,0.15379755,0.97278509,0.97042791,0.97610867
1jtk_THU_B_1138,0.98802818,0.96226708,0.04368507,0.17079258,0.96714939,0.96836954,0.96875062
1jw0_GUA_B_999,0,0,0.049219152,0.14129898,0.9406064,2.5129456e-06,2.5623888e-06
1jyw_147_C_2001,0.97471888,0.93992287,0.033732117,0.15156225,0.10539402,0.18482394,0.18255561
1jyx_IPT_A_2001,0,1,0.048536147,0.1489312,0.64785474,0.91547789,0.98760474
1jyx_IPT_A_2002,0.00063031565,0.62408571,0.041960214,0.13220307,0.012471473,0.28570838,0.24002951
1jyx_IPT_B_2001,0.98629703,1,0.043133216,0.17059862,0.98304585,0.76630744,0.98240995
1jyx_IPT_C_2001,0,0.95234589,0.051240435,0.15368912,0.98479017,0.94276588,0.97887138
1jyx_IPT_D_2001,0.99098755,1,0.043085964,0.17065717,0.9817712,0.76512444,0.98247548
1jyx_IPT_D_2002,0.00063084568,0.62475952,0.041939497,0.13216762,0.010063584,0.28537688,0.2396928
1k8z_IAG_A_501,0.99442625,0.96225639,0.031914549,0.14960792,0.0056558862,0,0.080072891
1kae_HSO_A_1001,0.97038463,0,0.045861696,0.16361983,0.9758712,0.37827598,0.97239001
1kar_HSM_A_502,0.0014684532,0,0.044867855,0.13141671,0.30388834,0,0.0042349464
1kar_HSM_B_503,0.0036272461,0.97095689,0.039856508,0.13296478,3.8082026e-06,0.29414468,0.00032031736
1kbq_936_A_703,0.99387654,0.98181182,0.033045996,0.151302,6.7692787e-07,0.24467638,0.24685798
1kbq_936_B_704,0.99325856,0.98518428,0.033052296,0.1513295,1.1322975e-06,0.24746352,0.24979846
1kbq_936_D_702,0.98438844,0.98973226,0.033133916,0.15124544,1.055005e-05,0.25400233,0.25631619
1kdo_C_A_5407,0.96351685,0.43016097,0.040952858,0.16124631,0.98940465,0.078536025,0
1kdo_C_B_6407,0.96329766,0.78661431,0.038428511,0.15920839,0.63907508,0.25961531,0.25800246
1kfc_IPL_A_674,0.99350644,0.94924874,0.03630775,0.15747014,0.37737549,0.33923124,0.39167382
1ki2_GA2_B_2,0.98928761,0.97438861,0.032694578,0.15028659,0.00046980284,0.16868149,0.16683093
1km6_OMP_A_2001,0.97817557,0,0.044429549,0.16176088,0.98694232,0.19001173,0.60637307
1knu_YPA_A_1001,0.98339956,0.72652695,0.033089839,0.14835626,2.0392343e-09,0.053498061,0.04244904
1kuj_MMA_C_502,0.99014569,0.94943352,0.043920027,0.17111411,0.98028587,0.98809704,0.99043813
1kuj_MMA_E_503,0.97973905,0.96051019,0.044052772,0.17118331,0.99148163,0.99229678,0.99216742
1kuj_MMA_G_504,0,0.96582449,0.051437026,0.1543513,0.99545417,0.99456837,0.99496109
1kwc_BPY_B_401,0.99651389,0.99116452,0.031805159,0.14981414,0.0030372542,8.0968853e-05,0.092636043
1kwu_MMA_A_501,0,0.95346127,0.04548642,0.14528259,0.88014446,0,0.027213787
1kwu_MMA_B_601,0.017913055,0.93323504,0.045835094,0.14634476,0.93648164,0,0.029012238
1kwu_MMA_C_701,0.01853816,0.93401632,0.045539117,0.14569059,0.88839844,0.024254861,0.024385922
1kya_XYD_B_612,0.9916317,0.9752551,0.038658832,0.16406652,0.98832672,0,0
1l4f_NCN_A_991,0.9681295,0.99178363,0.039508242,0.16465607,0.99647566,0.26386835,0
1l4n_NIO_A_991,0.76503037,0.99500638,0.04025071,0.16017554,0.98315863,0,0
1l5o_2MP_A_990,0.99710042,0.99368906,0.031877212,0.15001691,0.014184438,0,0.095634887
1l5o_NCN_A_991,0.96830921,0.9930576,0.039474611,0.16460796,0.99265934,0.26367691,0
1ldo_SNR_A_150,0,0.94881019,0.03994411,0.13275751,0,0.28621759,0
1lfw_AEP_A_683,0,0.62729616,0.041860542,0.13201083,0.0002049184,0.2840935,0.23835997
1lnf_VAL_E_1321,0.98727058,0,0.042270204,0.15864154,0.97777478,0,9.7473339e-05
1lo3_AN1_Y_500,0.99192112,0.97975166,0.033063351,0.15124998,0,0.24378009,0.24580185
1lqp_FCN_A_4002,0.99596532,0,0.035209999,0.14399478,8.1180276e-09,0,0
1lqp_FCN_A_4004,0,0,0.042711186,0.12681028,0.0023448928,0,0
1lqp_FCN_B_4003,0,0,0.042705735,0.12679875,0.001582878,0,0
1lro_PEP_A_1268,0,0.97226163,0.042559378,0.13923059,0.46288175,0.036958221,0.037611107
1lro_PEP_B_2268,0.0035607623,0.9731796,0.04352324,0.13957037,0.22775219,0.49870086,0.59693929
1lti_GAL_D_104,0.99229857,0.92993194,0.044016486,0.17113679,0.98717018,0.98718053,0.98758186
1luq_BTN_A_5100,0.99249329,0,0.04231497,0.15890967,0.98955304,0,0
1lzz_IHG_A_830,0.9916934,0.92919724,0.033055254,0.15069453,1.2220119e-06,0.20528265,0.20473674
1m3u_KPL_B_265,0.5774203,1,0.045695048,0.16248523,0.93483745,0.79632322,0.88857418
1m3u_KPL_C_265,0.63416872,0.70307772,0.040495945,0.15144737,0.52482113,0.28229771,0.26583671
1m3u_KPL_D_265,0.77151058,0.90010893,0.042439039,0.1617576,0.84598873,0.5342963,0.56146987
1m3u_KPL_E_265,0.99436588,1,0.043141486,0.17087488,0.99054643,0.7680526,0.98668302
1m3u_KPL_G_265,0.41429981,0.7867868,0.046936578,0.15768973,0.98914215,0.62381645,0.62253412
1m3u_KPL_H_265,0.2487361,0.70282403,0.039916962,0.1372238,0.042241716,0.26085251,0.22624384
1m3u_KPL_I_265,0.23320502,0.51507888,0.04785657,0.15102666,0.94391972,0.44488962,0.39089578
1m3u_KPL_J_265,0.99584105,0.68205597,0.041071543,0.16476361,0.99108144,0.28660355,0.25874524
1m7p_G3H_A_5401,0.99232306,0.97335821,0.031860576,0.14956568,0,0,0.08453969
1m7p_G3H_B_6401,0.98070982,0.96292308,0.031979041,0.14929608,0,0,0.081661241
1m9j_CLW_B_907,0.54462011,0,0.03860174,0.13619114,4.4000038e-07,0,0
1mex_RAC_H_601,0.95570862,0.98557876,0.03657145,0.15809579,0.59110997,0.19571762,0
1ml4_PAL_A_385,0.98836746,0.96753583,0.042941049,0.16994297,0.99335002,0.79644971,0.7954115
1mmx_FUC_A_348,0.12276465,0.95600972,0.042894508,0.14074688,0.0014398473,0.77566943,0.99569496
1mmy_G6D_A_348,0.060535724,0,0.042258316,0.12786124,0.0026300371,0,0
1mmy_G6D_B_348,0,0,0.042718709,0.12682619,0.0033965023,0,0
1moo_4MZ_A_264,0.055030513,0,0.042280874,0.12772626,3.0297935e-07,0,0
1moo_4MZ_A_265,0.99139843,0,0.035244379,0.14391595,8.5848719e-06,0,0
1mrj_ADN_A_300,0.99255623,0.98721051,0.03182346,0.14967122,0,0,0.090888752
1msv_PUT_A_355,0,0.91784837,0.050408876,0.15194681,0.90418271,0.89003568,0.89947524
1msv_PUT_B_355,0.93965909,0.91313909,0.043987269,0.16911143,0.92001553,0.98533611,0.98670242
1mvc_BM6_A_200,0.99246354,0.99215841,0.039307659,0.1650573,0.99609982,0.25874402,0
1n3o_GYP_B_1101,0.042341654,0.96103598,0.043869159,0.13979437,0.0016164724,0.96549363,0.96391073
1n5i_TMP_A_217,0.98863951,0,0.042341225,0.15883732,0.98917489,0,0
1ne4_RP1_A_401,0.9695519,0.97117567,0.039534229,0.16450768,0.99409321,0.25521773,0
1ne4_RP1_A_601,0,0.88313417,0.047050896,0.14665361,0.91988095,0.41615319,0
1nf0_13P_A_5001,0.99053029,0.48923259,0.039169812,0.15914691,0.81037383,0.00049370407,0.036802483
1nf0_13P_B_1150,0,0,0.042694412,0.1267748,5.8260375e-08,0,0
1ngp_NPA_H_302,0,0.95306656,0.050043522,0.15125033,0.79716352,0.99041332,0.99043765
1njr_XYL_A_285,0.9371685,0.83104973,0.033531613,0.14880084,6.1466915e-05,0.14925153,0.14218729
1nmm_NAG_B_403,0.98559406,0.97401938,0.043336048,0.17064695,0.99266223,0.76513661,0.99530916
1nmm_NAG_D_527,0.97095362,0.97198781,0.04328229,0.17005385,0.97613541,0.75780843,0.98193309
1nmz_NYM_A_301,0.97243404,0.8674528,0.035956878,0.15529166,0.3615752,0.22035264,0.21854079
1now_IFG_B_558,0.98726233,0.98739446,0.043865205,0.17141898,0.99245148,0.98505966,0.98528131
1nrg_PLP_A_320,8.6710282e-06,0.93683635,0.039979863,0.13268608,0.00033097656,0.281801,0.00028209236
1ns4_BGC_A_1400,0.071644719,0,0.050645293,0.14351748,0.64048264,0.51962063,0.98345498
1ns4_BGC_B_2400,0,0.77234344,0.051648731,0.15238785,0.95373104,0.95400933,0.95397826
1nsm_GAL_A_1400,0.018743792,0,0.042660613,0.12732534,0.014965331,0,0
1nsm_GLA_B_2400,0.019248487,0.93132093,0.041273278,0.13581514,0.16334207,0.32980674,0.052204213
1nuw_F6P_A_2336,0,0.57863893,0.043356607,0.13457146,0.1741322,0.30803372,0.26267892
1nux_F6P_A_2339,0.9712401,0.96440473,0.037883599,0.16106975,0.77438456,0.21516847,6.7003181e-06
1o28_UFP_A_703,0,0,0.042696851,0.12677996,0.00034104143,0,0
1o28_UFP_B_708,0,0,0.042694488,0.12677496,1.0721248e-05,0,0
1o28_UFP_D_718,9.5050001e-05,0,0.054060845,0.14771601,0.97546343,0.83103262,0.83562159
1o29_UFP_A_803,0.00012005399,0,0.042693566,0.12677699,7.9691224e-06,0,0
1o29_UFP_B_808,0,0,0.042697525,0.12678138,0.00043521144,0,0
1o29_UFP_C_813,0.0001942159,0,0.05167665,0.14433579,0.97169727,0.39040166,0.38081426
1o29_UFP_D_818,0,0,0.042696565,0.12677935,0.00030105738,0,0
1o2i_655_A_246,0.99334405,0,0.041533787,0.15728537,0.88124563,0,0
1o68_KIV_A_275,0.98739086,0.96902026,0.03713005,0.15811929,0.27572336,0.66708194,0.66696914
1o68_KIV_D_275,0.92939119,0.99160496,0.044238028,0.17032335,0.9821337,0.99031121,0.99047589
1o68_KIV_E_275,0.9968964,0.9215331,0.041863839,0.16793497,0.9452387,0.63603787,0.63647904
1o8a_NXA_A_702,0.98983562,0,0.047565073,0.16622845,0.99091045,0.99112529,0.99092957
1om5_INE_B_791,0.17961588,0.98772575,0.037646237,0.13514149,0.00029421017,8.8433738e-06,9.2685945e-06
1opr_ORO_A_220,0.99831537,0,0.036802324,0.14744124,0.22505904,0,0
1ovk_NYL_A_405,0.95630158,0.98703406,0.044139613,0.17093921,0.99258249,0.9925805,0.99273848
1oxp_IK2_A_411,0.96819645,0.94966152,0.033273016,0.15056346,8.2486259e-06,0.22902207,0.22884653
1p1w_AMQ_A_428,0.99363753,0,0.042131653,0.15855985,0.96512929,0,0
1p1w_AMQ_B_427,0.99633263,0,0.041663201,0.15765831,0.90247571,0,0
1p5g_G6P_X_658,0.98534318,0.89572445,0.033106234,0.15023316,5.5856306e-07,0.18193552,0.17951366
1p7c_THM_B_501,0.98834238,0.39742298,0.04063998,0.16119658,0.98697997,0,0
1p7l_MET_A_485,0.98409624,0,0.035299513,0.14379025,4.4855776e-05,0,0
1p7l_PPK_C_684,0.98636298,0,0.035327681,0.14392506,0.0063636828,0,0
1p7l_PPK_D_884,0.0071423959,0.8086712,0.042008949,0.13457625,0.0035126094,0.4544978,0.41995826
1pbd_PAB_A_396,0.99647336,0.98465301,0.038610227,0.16424887,0.99154026,0,0
1pi3_TZD_A_530,0.88033853,0,0.036081595,0.14200132,0.00037630647,0,0
1pke_2FD_A_446,0,0,0.046824728,0.13320126,0.049715168,0.4418371,0.99626836
1pke_2FD_B_447,0,0,0.042920244,0.12725253,0.031569023,0,0
1pl6_572_A_405,0.66601137,0.95325612,0.036020513,0.14604164,5.8115657e-07,0.33621773,0.32765292
1pl6_572_B_407,0.62174352,0.84553668,0.036096841,0.14349138,9.4804642e-06,0.21151001,0.19335508
1pl6_572_D_411,0,0.49286706,0.045993837,0.13908529,0.48072733,0.35023501,0.30554782
1poc_GEL_A_420,0.78301201,0.39642797,0.041661,0.15622927,0.87646659,0.082743665,0.00061945196
1pr0_NOS_A_1245,0,0,0.053783396,0.14762052,0.98120033,0.59141059,0.98143408
1pr0_NOS_B_1246,0,0,0.042854227,0.12711288,0.022340558,0,0
1pr0_NOS_C_1247,0.97562186,0,0.045996186,0.16401836,0.98695175,0.39113851,0.99591391
1pr6_XYA_A_1245,0.98852205,0,0.039058188,0.15188836,0.53011637,0,3.0300839e-06
1pr6_XYA_B_1246,0.98677071,0,0.035991073,0.14534195,0.099527104,0,0
1pt8_OXL_A_802,0.99584749,0.94714412,0.031899434,0.14943187,2.0559824e-08,2.0766007e-08,0.071864436
1pt8_OXL_B_801,0.99860125,0.9804017,0.031793395,0.14972231,1.5654447e-06,9.9719391e-05,0.086797265
1pvc_ILE_0_7,0,0,0.042694411,0.1267748,0,0,0
1pwz_RSO_B_256,0.9951624,0.93489993,0.033029733,0.15081904,0.00060101844,0.20858207,0.20843008
1pym_OXL_A_1001,0.99587261,0.87602299,0.033006552,0.15017695,1.8353189e-09,0.16326219,0.16014085
1pym_OXL_B_1002,0.9971198,0.92552503,0.03300518,0.15073631,1.9917075e-09,0.20060449,0.20002644
1pzy_NAG_B_405,0.96747266,0.96923682,0.04347007,0.17025962,0.98877682,0.76702158,0.99629568
1pzy_NAG_D_406,0.98454775,0.92616841,0.039239219,0.16385186,0.95472897,0.22823954,0.00043383384
1q20_PLO_A_401,4.5957738e-07,0.98976784,0.045835767,0.14653217,0.95749823,0,0
1q22_AND_A_401,0.97766242,0.99136811,0.0331953,0.15116162,1.1518876e-07,0.25757298,0.25977883
1q3a_NGH_B_479,0.96675714,0.45221731,0.04040659,0.16044248,0.92756993,0.073234009,0
1q3a_NGH_C_481,0.94462054,0.84258707,0.036679081,0.15557288,0.41556956,0.23103049,0.22810248
1q4g_BFL_A_701,0.98606175,0.9863461,0.039321023,0.1648011,0.98892805,0.25666241,0
1q6r_LX1_A_7301,0.99215021,0,0.035668919,0.14483899,0.060144459,0,0
1q92_DRM_A_1001,0.98807652,0.45470181,0.039988579,0.1604289,0.90616134,0,0.043281791
1qjc_PNS_B_1163,0.57135051,0,0.038502215,0.1368677,0.01416753,0,0
1qmh_CIT_B_401,0.95803441,0.89325502,0.033728255,0.15055463,0.04615932,0.20080223,0.19799033
1qxa_GLY_B_245,0.93014715,0.01303997,0.03565575,0.1429262,0,0,0
1r4f_AD3_B_330,0,0.28485877,0.041946497,0.12870407,0.0008071043,0.056599272,0
1r4s_MUA_A_800,0.082806303,0.97175427,0.045501639,0.14833476,0.98834243,0,0
1rf2_BV4_D_104,0,0.9208132,0.048887909,0.14913042,0.77020466,0.80322048,0.77256807
1rf2_BV4_E_105,0,0.92698486,0.044965155,0.14185111,0.42467202,0.57822008,0.44423549
1rf2_BV4_F_106,0,0.93492764,0.043438713,0.1398135,0.45889408,0.35832698,2.1305746e-05
1rf2_BV4_G_107,0.028399354,0.93442121,0.047431386,0.14748045,0.66931281,0.72954382,0.6641622
1rf2_BV4_H_108,0.022685385,0.95181606,0.045779548,0.14553961,0.78308449,0.43121969,0.032103827
1rnd_DGP_A_126,0,0,0.042694411,0.1267748,1.2575528e-08,0,0
1rqh_PYR_A_602,0.47410252,0.94853187,0.036144777,0.14102258,0.01606809,1.1974475e-06,0.1622263
1ruk_BEZ_H_601,0.99225605,0.96930848,0.031920428,0.14960863,0.0014399581,0.0090563881,0.087895543
1rvt_NDG_H_742,0,0,0.042694415,0.1267748,4.6338268e-07,0,0
1rvz_NAG_A_3321,2.3336708e-05,0.62736168,0.041858563,0.13200824,0,0.28406257,0.23832963
1s1f_PIM_A_431,0,0,0.042694411,0.1267748,6.1802859e-09,0,0
1s2c_FLF_A_2001,0,0.97556009,0.039872158,0.13293267,7.6263792e-07,0.29652966,0
1s2c_FLF_A_2002,0,0.93205554,0.040335421,0.13336357,0.045958932,0.28751551,0
1s3u_TQD_A_187,0.5475266,0.98836486,0.042850155,0.15749947,0.98746266,0.35100186,0
1s3v_TQD_A_187,0.87342551,0.9942192,0.040267107,0.16309669,0.99643915,0.28505954,0
1s6h_4BZ_A_1,0.99692146,0.97821881,0.038479253,0.16390144,0.97033242,0,0
1s83_4HA_A_5,0.97650847,0.96651693,0.038802342,0.16372108,0.9817371,0.0084111264,0.0083943497
1sep_BIO_A_801,0,0,0.048622174,0.1393146,0.82863904,1.6680786e-08,1.534551e-08
1sff_IK2_A_450,0,0.049427876,0.049645475,0.14266889,0.9751447,0.14656288,0
1sff_IK2_C_450,0.98606622,0.44695272,0.040553285,0.16135245,0.96626312,0.075019439,0
1sff_IK2_D_450,0.98612264,0.44225746,0.040670178,0.16155025,0.98031553,0.076167427,0
1sjc_SMG_A_1000,0.93247286,0.93730527,0.035421529,0.15360066,0.22523458,0.28713432,0.28780639
1sjc_SMG_B_1100,0.97844694,0.93954584,0.03893006,0.16097479,0.4088544,0.63430872,0.95542855
1sjc_SMG_C_1200,0,0.93408809,0.050760434,0.15273024,0.92459202,0.93107264,0.96032468
1sjc_SMG_D_1300,0,0.95002002,0.046327465,0.14450241,0.51207928,0.70120936,0.63719531
1syf_THP_A_180,0,0,0.045835281,0.13341911,0.43906068,0,0
1sz6_NAG_A_5003,0,0,0.042700713,0.12678813,0.00088095403,0,0
1sz6_NAG_B_5001,7.7799723e-05,0.9388798,0.039800008,0.13282108,1.9886327e-06,2.3373183e-07,0.23385239
1sz6_NAG_B_5002,0,0.96908857,0.039063829,0.1319326,2.1621625e-05,3.7557058e-09,3.428949e-09
1sz6_NAG_B_5004,6.220312e-05,0,0.042693946,0.12677587,2.4218257e-07,0,0
1t5z_DHT_A_931,0.98484995,0.99363905,0.039354617,0.16491845,0.9946907,0.26070562,0
1t87_CAM_A_1422,0.082516203,0.98911503,0.039427989,0.13492984,0.034438836,0.28991599,0
1t87_CAM_B_2422,0.081808415,0.97759823,0.03945098,0.13481432,0.032618709,0.28532054,0
1t93_FLV_A_431,0.99121425,0.97238069,0.031872059,0.1495404,5.7515578e-06,4.1849277e-05,0.084297457
1t93_FLV_A_432,0.99533845,0.9833779,0.031828426,0.14971691,0.00079637273,0.002667464,0.090259331
1tc2_7HP_B_810,0.99836053,0,0.042241447,0.15894885,0.98543863,1.5260322e-09,1.2944224e-07
1tf8_TRP_A_911,0,0,0.042694755,0.12677552,4.809949e-05,0,0
1tf8_TRP_A_913,0,0,0.054978621,0.1490702,0.98903114,0.98885047,0.98890516
1thc_FL9_A_130,3.6158123e-07,0.92919813,0.039996864,0.13262911,4.4278506e-08,0.27865721,4.8664819e-08
1thc_FL9_A_131,0.0034077821,0.9819991,0.039830095,0.1330373,0.00037338405,0.29834617,7.6225485e-07
1thc_FL9_B_130,0,0.94444694,0.039956562,0.13273001,1.7245159e-08,0.28462833,0.0001801194
1tiw_TFB_A_2002,0.62811862,0.97161368,0.042822149,0.15712131,0.46832062,0.97517751,0.97557413
1tke_SER_A_500,0.69310183,0,0.038345739,0.14057721,0.12019129,0,0
1tkh_DPN_A_911,0,0.96400167,0.039913304,0.13287207,2.9396386e-05,0.29335532,0.0024791323
1tkh_DPN_A_913,0,0,0.043002793,0.1274187,0.040389185,0,0.0077869709
1tkj_MED_A_913,0.83885921,0,0.036390609,0.14127846,0,0,0
1tl2_NDG_A_237,0.98017459,1,0.043474804,0.17076874,0.98518128,0.91981646,0.91973813
1tl2_NDG_A_238,0.00028478674,1,0.051174282,0.15420277,0.98335812,0.98014289,0.98017502
1tl2_NDG_A_240,0.90898353,0.94631548,0.033435488,0.14879773,8.5012011e-05,0.1779999,0.17258641
1tl2_NDG_A_241,0.98446654,0.97279715,0.032736171,0.15019227,0.00011101267,0.16919472,0.16712952
1toq_AMG_A_501,0.99549451,0.95893793,0.044007158,0.17157048,0.99717729,0.99716238,0.99724082
1toq_AMG_C_502,0,0.92745487,0.05141819,0.15393443,0.99230432,0.95678339,0.99302866
1toq_AMG_E_503,0,0.9581768,0.051455405,0.1542896,0.9941913,0.99442989,0.99461845
1toq_AMG_G_504,0.9657646,0.94595247,0.041380932,0.16749837,0.97921127,0,0.99399425
1tsd_UMP_A_267,0.96169717,0.43519634,0.040826069,0.16097128,0.97223778,0.077259339,0
1tsd_UMP_B_265,0.97418974,0.43469463,0.040848699,0.16143891,0.98862058,0.077705261,0
1tt6_DES_B_128,0.3116108,0,0.041088757,0.13371946,0.10288742,0,0
1tuu_PIS_B_2854,0.0094804323,0.89805393,0.03982954,0.13267769,0,0,0.21345979
1tvw_UMP_A_317,0.99132926,0.95086233,0.033421049,0.1516001,0.087126514,0.1803711,0.17879979
1u18_HSM_B_402,0.99603017,0,0.041417358,1.8079474e-07,0.86730843,1.181668e-07,5.3256683e-07
1u1g_BBB_A_3300,0,0.9690152,0.039890035,0.13289038,3.6819806e-05,0.29401272,0
1u1g_BBB_B_4300,0,0.95564832,0.041014222,0.13505247,0.14448488,0.31323916,0
1u1g_BBB_C_5300,0,0.98152727,0.042325254,0.13807602,0.32774737,0.35414555,0
1u1g_BBB_D_6300,0,0.95308125,0.047325993,0.14806925,0.98137212,0.45349559,0
1u1g_BBB_E_7300,0,0,0.049091156,0.14017795,0.87536247,0.0681964,0
1u1g_BBB_F_8300,0,0,0.049496068,0.141015,0.92910913,0.077267516,0
1u2o_NEC_A_1001,0.98248375,0.9842777,0.038460331,0.1628775,0.87010244,0.23657727,3.2642326e-06
1u6r_IOM_B_1601,0.9270924,0.97355557,0.032376243,0.14848296,8.499711e-09,0,0.095491792
1uay_ADN_A_1001,0.96927504,0.97851728,0.043978141,0.17094407,0.98484557,0.98488825,0.98503771
1uay_ADN_B_1002,0.99461596,0.95467063,0.044036264,0.17154433,0.99770245,0.99773771,0.99770735
1ubs_SER_B_398,0.96313177,0.94124263,0.042570055,0.16770926,0.84783539,0.86375274,0.87363587
1um4_SH4_H_1001,0.95339115,0.98374385,0.038905893,0.162275,0.77252682,0.34860997,0.23787646
1uqx_MMA_A_1116,0.90406872,0.92333776,0.039382897,0.16194717,0.95911907,0.015507171,0.01502514
1uux_PPI_A_1165,0.99515914,0.93079883,0.031950169,0.14930773,0.00041528366,0.00013294618,0.064587926
1uxi_FUM_A_1311,0,0.91529939,0.045424321,0.14467524,0.86098064,0,0
1uxi_FUM_B_1311,0.78912487,0.91581464,0.036109347,0.149961,0.14989793,0.30182428,0.29650974
1uxq_G1P_A_1503,0.95994683,0.8249602,0,0.14908803,0.00068559358,0.13668286,0.12996815
1v3v_5OP_A_1360,0.94873098,0.98622764,1.4170892e-44,0.14985413,0.058495961,2.5076912e-05,0.10799975
1v3v_5OP_B_2360,0,0.62734571,0.041859019,0.13200822,2.7811323e-05,0.28406912,0.23833521
1v5y_4HC_A_1455,0.99504592,0.98753036,0.031802976,0.14971499,1.7080079e-07,7.0082527e-06,0.090625575
1v5y_4HC_B_1201,0.0021852445,0.98407117,0.039831667,0.13302485,4.1809602e-06,0.29934978,1.169379e-05
1vje_MSE_A_301,0.98028098,0.96711162,0.031971783,0.14931971,1.1472612e-06,1.000921e-06,0.083664912
1vje_MSE_A_401,0.93868149,0.89802039,0.033530868,0.149554,3.1162682e-06,0.19981739,0.19618834
1vkf_CIT_C_502,0.92989323,0.757633,0.033583641,0.14789072,0.00014464409,0.095764765,0.084775585
1vkf_CIT_D_503,0.7903452,0.90373428,0.034880418,0.1473776,7.6385723e-06,0.25545316,0.24790617
1vl1_CIT_A_300,0.86706107,0.9080658,0.033386598,0.14777584,0.048999102,0.00040223073,0.084195832
1vzd_CB3_A_318,0,0.62735348,0.04185878,0.13200781,2.6442037e-08,0.2840653,0.23833132
1vzd_UFP_A_317,0.98543516,0.97316759,0.032726256,0.15020855,1.882708e-06,0.16906666,0.16704419
1vzu_UDP_A_1371,0,0.94178014,0.045812665,0.14480402,0.77646263,0.41455538,0
1vzu_UDP_B_2371,0.97566077,0.95794339,0.038683761,0.16279304,0.88303613,0.23006628,0
1w1a_NDG_1_1261,0,0.62700262,0.041869568,0.13202628,0.0012541785,0.28423793,0.23850668
1w1a_NDG_2_1261,0.89520071,0.92318646,0.034125653,0.14950582,0.065471508,0.18860846,0.18272597
1w3t_3GR_A_1297,0.97712517,0.98621475,0.033171544,0.15180268,0.1335584,0.052929794,0.145652
1w3t_3GR_C_1297,0.57352286,0,0.039581115,0.13919613,0.15890863,0,0.023939091
1w3t_3GR_D_1297,0.98036883,0,0.038366944,0.15013008,0.41675347,0,0.023396567
1w55_C_A_1373,0.9813245,0.4054649,0.040456933,0.16065263,0.95703139,0,0
1w55_GPP_A_1374,0,0.74513912,0.042032603,0.13371683,8.7802426e-08,0.40762662,0.369627
1w62_PYC_A_700,0,0,0.055047993,0.14919573,0.99455149,0.99455771,0.99453936
1wc7_PP3_A_1214,0,0.92140223,0.040017956,0.13257827,9.453789e-06,0.27565961,1.1723819e-05
1wmz_A2G_B_502,0.95253956,0.9375668,0.039152054,0.16261222,0.8830464,0.25654208,0.057064566
1wmz_NGA_A_501,0.93263607,0.97061428,0.03394619,0.15095809,0.042643793,0.26775039,0.2680985
1wmz_NGA_D_504,0.91030941,0.96748503,0.039661446,0.16275071,0.94607984,0.25836779,6.7848443e-06
1wq4_TYR_A_501,0.98465747,0,0.041722715,0.15739674,0.89852906,2.2508523e-06,2.2285523e-06
1x09_IPE_A_901,0.98596716,0.85467088,0.038193424,0.16061925,0.73411853,0.21962804,0.11013749
1x09_IPE_A_902,0.90629933,0.88982967,0.033823661,0.148976,1.4298886e-05,0.20476342,0.19980103
1x29_PMG_A_413,0.97441557,1,0.042479724,0.1690391,0.92648083,0.71734417,0.90099509
1x29_PMG_B_1413,0,0.89919483,0.050228314,0.15118335,0.88123728,0.85710405,0.88389943
1x2a_PDG_A_413,0.8805022,0.40060024,0.041621103,0.15951052,0.97851814,0.08360531,0
1x2a_PDG_B_1413,0.33942192,0,0.047083174,0.14732323,0.97005908,0.014281299,0
1x7j_GEN_A_201,0.99605635,0.99433284,0.033028698,0.15147161,1.8844286e-07,0.25347716,0.25635494
1x7j_GEN_B_202,0,0.57338218,0.043518237,0.1348481,0.19292268,0.31062014,0.26530625
1x82_PA5_A_301,0.96973567,0.95094844,0.034192247,0.15249669,0.11506645,0.25766744,0.25887121
1x8i_BMH_A_2,0.95697267,1,0.043739394,0.17040317,0.96709226,0.96127922,0.96169093
1x8x_TYR_A_952,0.99166536,0.95203449,0.033060157,0.15094358,7.4857321e-06,0.22272025,0.22333061
1xdj_HCS_A_1050,0.97585257,0.91853185,0.042337303,0.16805932,0.96099007,0.67478312,0.67014256
1xid_ASC_A_389,0.9912334,0.89814863,0.033062026,0.15036651,0.0010913964,0.18201662,0.17989668
1xin_XYL_A_397,0.77721827,0.89961405,0.034670818,0.14638836,0.0017350299,0.19360384,0.18234915
1xin_XYL_B_397,0.98988845,0.87768568,0.03566882,0.15539787,0.34689213,0.21629468,0.2152251
1xin_XYL_D_397,0.98686733,0.96958797,0.032838499,0.15044983,0.01459389,0.17090805,0.16898088
1xkw_188_A_1001,0,0,0.049825932,0.14186108,0.99691169,0,0
1xny_BTN_A_5602,0.96277469,0.88526479,0.03355678,0.15028129,0.03052433,0.18923518,0.18598029
1xny_BTN_B_5602,0.96483152,0.96439152,0.033593163,0.15125593,0.035352719,0.25008648,0.25095203
1xuf_BAZ_A_246,0,0.62735349,0.04185878,0.13200781,0,0.2840653,0.23833132
1y2x_NAG_C_2144,0.96157168,0.89133688,0.03332203,0.14982768,7.4309069e-05,0.18682254,0.18350494
1y2x_NAG_D_3144,0.96231023,0.96230572,0.044162447,0.17086707,0.99065152,0.9904881,0.99071689
1y5v_NE8_A_500,0,0,0.049786374,0.14177739,0.99138177,2.4702374e-07,2.4828784e-07
1y8j_STS_A_900,0.87107372,0,0.036148526,0.14183544,0,0,0
1yik_MM1_A_500,0.89632288,0,0.036125464,0.14262459,0.023299957,0,0
1yik_MM1_A_501,0.34175622,0.66515264,0.038914291,0.1380104,0.00053327132,0.22858923,0.19623687
1yqc_GLV_A_1001,0.78960375,0.97675436,0.033456045,0.14622131,5.0579488e-08,6.8151923e-08,0.11985919
1yw9_A84_A_482,0,0.96938546,0.04707894,0.14775595,0.95440083,0.45522867,0
1z11_8MO_A_501,0.97855457,0.94629097,0.03854178,0.16245492,0.86313496,0.22159649,0
1z11_8MO_B_501,0.97544795,0.92397906,0.038632733,0.1622692,0.86390692,0.21379021,0
1z11_8MO_C_501,0.98998631,0.94893196,0.033076737,0.15088831,0.00024697782,0.22099189,0.22140008
1z11_8MO_D_501,0.99423373,0.95399632,0.038016684,0.1619855,0.81301338,0.21275359,0
1z3n_3NA_A_320,0,0.95565247,0.051221173,0.1536787,0.98201005,0.94462114,0.98143503
1z4k_T3P_A_4341,0.99006705,0.97479347,0.032683316,0.15029408,3.6264113e-07,0.16852592,0.1667089
1z6k_OAA_A_274,0,0.95013558,0.039942668,0.13277006,0.00016303905,0.28687219,0.00022556493
1z8p_DEB_A_420,0,0,0.054966513,0.14904825,0.98814578,0.98805231,0.98747832
1zb6_DIN_A_401,0.99759157,0.98006294,0.033012834,0.15134092,0.00011901319,0.24208671,0.2442864
1zdq_MSM_A_1507,0.93784982,0.99225512,0.038773074,0.16274856,0.95670318,0,0
1zdq_MSM_B_1508,0.95106816,0.98801844,0.038965562,0.1635383,0.99527764,0,0
1zdq_MSM_C_1509,0.99417647,0.99510619,0.038605021,0.16430011,0.99387438,0,0
1zei_CRS_A_54,0.99802931,0.98369584,0.03509003,0.15576634,0.28861449,0.28803427,0.2876748
1zei_CRS_B_56,0.99702477,0.98598671,0.03864322,0.16435417,0.99736155,0.00017594343,1.311009e-06
1zei_CRS_C_56,0.99600051,0.99193138,0.03920899,0.16461254,0.88448169,0.26352222,0.26359788
1zei_CRS_E_54,0.99604346,0.98713007,0.043786925,0.17151766,0.98767554,0.99515623,0.98244692
1zei_CRS_E_55,0.99500818,0.99499985,0.03178434,0.14976935,9.8062974e-06,9.8650071e-06,0.094079636
1zei_CRS_F_54,0.99545588,0.99076024,0.038904844,0.16390006,0.83379369,0.27306059,0.27302846
1zei_CRS_F_55,0.24575348,0.98633146,0.039698976,0.14076313,0.21348986,0.31455265,0.059056671
1zg3_2HI_A_365,0.80538256,0.98039737,0.034759316,0.148442,2.6605662e-05,0.30875907,0.30552278
1zgj_P1S_A_0,0,0.98577978,0.047162706,0.14812762,0.97137338,0.46441314,0
1zha_PEP_A_1268,0.99620821,0.97795636,0.03199049,0.15001338,0.020921135,0.0037237175,0.091761104
1zha_PEP_B_2268,0,0.97050759,0.039921058,0.13346274,0.025008269,0.0032532312,0.25466492
1zha_R5P_A_1269,0.51672359,0.80867921,0.037070215,0.14155186,2.1169192e-05,0.2237673,0.20095396
1zjp_DR4_A_1,0.92249257,0.97041601,0.033692574,0.15010014,3.9146134e-07,0.26065543,0.26023492
1zk0_SS2_A_1260,0.78316205,0.96934391,0.037414989,0.15388936,0.5119674,0.21314784,0.00026403213
1zmt_RNO_A_1002,0,0.62733684,0.041859291,0.13200869,5.949699e-05,0.28407349,0.23833964
1zmt_RNO_D_1004,0,0.62735349,0.04185878,0.13200781,0,0.2840653,0.23833132
1zng_HE4_A_202,0.98427394,0.96792676,0.031939289,0.14939453,0.0001590073,0,0.083403409
1zoy_UQ1_B_1201,0.99492405,0.97649299,0.032638455,0.15038404,1.7945595e-05,0.16796153,0.16636
1zpd_CIT_A_610,0,0.605122,0.042542332,0.13317777,0.079467393,0.29500359,0.24944265
1zpd_CIT_E_610,0.98209188,0.95807856,0.033185109,0.15087913,0.049744436,0.17630363,0.17424118
1zuw_DGL_A_1301,0.0022358184,0.98705009,0.048560295,0.15125546,0.99264585,0,0.9926218
1zuw_DGL_B_2301,0.0010481364,0.98594309,0.05115296,0.15409463,0.98191536,0.99613861,0.95160411
1zuw_DGL_C_3301,0,0.98853667,0.051254815,0.15426801,0.98220046,0.99437359,0.99425373
1zwp_NIM_A_401,0.9545907,0.94488591,0.032233466,0.1487334,0.00024279211,0,0.07773549
227l_BNZ_A_169,0.99736557,0.99278316,0.031771392,0.14979242,2.3666409e-05,0,0.092661966
2a0x_DIH_A_300,0.11576265,0,0.042349249,0.1298864,0.073356347,0,0
2a15_NCA_A_1001,0.94465878,0.98346168,0,0.16332909,0.99032072,0,0
2a1m_CAM_A_1422,0.50253516,0.9879787,0.036703245,0.14328764,0.12311961,0.21459739,0
2a1m_CAM_B_2422,0,0.99117567,0.040108059,0.13360941,0.036889306,0.30877525,0
2a5t_GLU_B_2002,0,4.3225342e-05,0.042694249,0.12677503,0,0,0
2a5t_GLY_A_1001,0,0,0.042694411,0.1267748,0,0,0
2a9z_26A_A_1001,0.99335643,0,0.042372651,0.15906034,0.998523,0,0
2a9z_26A_A_1002,0.9726906,0.43913767,0.040736911,0.16120004,0.97359999,0.076581511,0
2agw_TSS_D_3001,0,0,0.043211669,0.12786839,0.072105097,0,0.00057872677
2agw_TSS_H_2001,0,0,0.043060446,0.12754846,0.050957705,0,0.00060152545
2ahc_VNL_A_166,0.14034678,0.99258572,0.038694374,0.1353835,0.00036360511,0.27313212,0
2ahc_VNL_B_266,0.99686779,0.96299562,0.033019179,0.15115014,0.00051382353,0.22941012,0.23072896
2ahc_VNL_C_366,0.99217359,0.99022294,0.031821291,0.14969215,0.00033027608,0,0.092400191
2ahc_VNL_D_466,0.99549928,0,0.035216138,0.1439923,0.00036857131,0,0
2ai1_P1G_A_293,0.89927666,0.40496371,0.041527758,0.1599999,0.98789627,0.083025838,0
2aiq_BEN_A_401,0.98927238,0.98338686,0.038513206,0.16378654,0.96948563,0.00036175764,0.00035627015
2ajv_COC_L_501,0.75708418,0.96674051,0.039838403,0.1579987,0.80486634,0.26702085,0
2ajx_TGN_L_501,0.02223558,0,0.049329133,0.14141128,0.93081373,0.072798722,0
2b04_CHO_A_200,0,0,0.042694411,0.1267748,1.1109683e-13,0,0
2b3f_GAL_A_3310,0,0.9895783,0.051304862,0.15444262,0.99721077,0.98374224,0.99726733
2b3f_GAL_B_3311,0.98877692,0.98933276,0.043326895,0.17091135,0.99844754,0.77317646,0.99888467
2b3f_GAL_C_3312,0,0.98916431,0.051291927,0.15441477,0.99623799,0.98254661,0.99557411
2b3f_GAL_D_3313,0,0.98832846,0.051312252,0.15444195,0.99755872,0.98350172,0.99762187
2b3f_GAL_E_3314,0,0.99032772,0.051300295,0.1544428,0.99699715,0.98387293,0.99703009
2b3f_GAL_F_3315,0.94250889,0.98768118,0.043691662,0.17010596,0.99735715,0.78153392,0.99748793
2bdg_PBZ_A_301,0.99473734,0.99621974,0.038561597,0.16424162,0.98897645,0,0
2bdg_PBZ_B_302,0.99058278,0.99566928,0.038649671,0.16428276,0.99663567,0,0
2bf7_HBI_A_1290,0,0.62735129,0.041858847,0.13200793,7.8600228e-06,0.28406638,0.23833242
2bf7_HBI_B_1290,0,0.62735324,0.041858787,0.13200783,9.0654154e-07,0.28406542,0.23833144
2bf7_HBI_D_1290,0,0.62692841,0.04187185,0.13203018,0.0015194765,0.28427444,0.23854377
2bgc_DTU_A_1238,0.58303984,0,0.042860006,0.14630929,0.5825949,0,0.1518423
2bjf_DXC_A_330,0,0.98847693,0.039837406,0.13301723,1.0000561e-07,0.30150891,0
2bk3_FOF_A_1503,0.91868267,0.9905141,0.035758788,0.15550861,0.44863987,5.0820905e-10,0.18426616
2bk3_FOF_B_1498,0,0.16084838,0.046872638,0.13802291,0.64327053,0.11935529,3.0404468e-10
2brk_CMF_A_1534,0,0.62735349,0.04185878,0.13200781,1.9432917e-09,0.2840653,0.23833132
2bs3_CIT_A_1657,0,0.5985569,0.042744189,0.13352326,0.10293461,0.29823373,0.25272389
2bs3_CIT_D_1657,0.99659677,0.97449919,0.032702305,0.15055076,0.0092431437,0.16903613,0.16752889
2bs8_NAG_A_1177,0.91733601,0.87833032,0.036697464,0.15600913,0.53439824,6.251768e-05,0.14799873
2bsc_NAG_A_1176,0,0.98456683,0.039990187,0.13328555,0.018844109,0.30322055,7.4872225e-05
2bx7_34D_B_1313,0.98041028,0.86320922,0.033251956,0.15002197,0.0132491,0.16207593,0.15801312
2bxh_IOS_A_1001,0.99680824,0.98585939,0.038442858,0.16392178,0.96910126,3.557264e-05,3.5537774e-05
2c3d_COM_A_1525,0.99153815,0.96119892,0.043664193,0.17088958,0.97526773,0.95850336,0.95704071
2c3d_COM_A_1526,0.97782818,0.97824818,0.031963122,0.14936121,2.6327133e-05,2.4102425e-05,0.089225961
2c3d_COM_B_1525,0.97631434,0.94499902,0.032180855,0.1493459,0.016208887,7.3293983e-06,0.077005759
2c3d_COM_B_1526,0.98382622,0.9832389,0.043930944,0.17136069,0.99029147,0.99266624,0.9927803
2c5b_5F1_A_500,0,0.62735349,0.04185878,0.13200781,0,0.2840653,0.23833132
2c5b_5F1_B_500,0,0.62735349,0.04185878,0.13200781,0,0.2840653,0.23833132
2c6q_IMP_A_1337,0.95838321,0.44706849,0.040527925,0.16035774,0.93292619,0.074274506,0
2c6q_IMP_D_1337,0.95736072,0.44967122,0.040462322,0.16021265,0.92395518,0.073612479,0
2c6q_IMP_E_1337,0.52824311,0.28386987,0.044240041,0.15178194,0.90639228,0.10299015,0
2c6q_IMP_F_1337,0.9927371,0.45383329,0.04038747,0.16130408,0.95371906,0.07351198,0
2c6q_IMP_G_1338,0.99621839,0.45822322,0.040281048,0.16124551,0.94479226,0.072530135,0
2c6q_IMP_H_1337,0,0.14591099,0.047244373,0.13864577,0.68776263,0.12300283,0
2caq_GSH_A_1208,0,0,0.042696482,0.12677917,0.00028941252,0,0
2cjz_PTR_A_1537,0.80875484,0.52913761,0.040631925,0.15622251,0.82590744,2.3093156e-05,0.057238497
2coj_GBN_A_420,0.99037458,0.99189584,0.033131106,0.15254136,0.2209652,0.0027675237,0.0027682582
2coj_GBN_B_420,0.99002875,0.98307273,0.038368099,0.16349545,0.94883069,0.0017155615,0.0017205918
2cxp_A5P_A_1601,0.99396606,0.81789679,0.037513358,0.15869493,0.56572498,0.24594008,0.24552788
2cxp_A5P_B_2601,0.99442931,0.95026194,0.032930561,0.15083544,0,0.20774967,0.25964518
2d0e_NQ_A_410,0.99111416,0.98804439,0.033072651,0.15132895,3.6539229e-05,0.25039589,0.2528153
2d1j_D01_A_700,0,0.6042025,0.046445832,0.14202539,0.73997009,0.27826209,0
2d20_NPO_B_953,0.99645267,0.99162815,0.031783932,0.14963064,0.0015166757,0.089825055,0
2d3n_GLC_A_608,0.013895512,0.93914262,0.039076473,0.13202378,0.00070214434,5.7596065e-07,5.8077887e-07
2dm5_ODI_A_312,0,0.96308835,0.045441445,0.17902372,0.82854696,0.015449858,0.15456901
2dv0_ZST_A_600,0,0.05033626,0.049622869,0.14263101,0.97243901,0.14634106,0
2e1a_MSE_D_301,0.98007347,0.96764968,0.040169512,0.16582208,0.99486628,0.2562013,0.25578773
2e40_LGC_A_1001,0.9583643,0.00092158409,0.035753827,0.14390957,0.037004959,0,0
2e40_LGC_B_2001,0,0,0.043036814,0.12746669,0.037437316,0,0.029858488
2e56_MYR_A_601,0,0.89674376,0.040084172,0.13241661,8.3647027e-10,0.26614659,5.8843662e-07
2e56_MYR_A_701,0.9766597,0.96573115,0.033199253,0.15086654,0,0.23835682,0.23923538
2eb5_OXL_A_2001,0.98917454,0.95631045,0.033250255,0.1512338,0.06494912,0.17756994,0.17585477
2eb5_OXL_B_2002,0.98365441,0.96505644,0.032972938,0.15056963,0.026761768,0.17295784,0.17091465
2eb5_OXL_D_2004,0.99310695,0.97586031,0.032655142,0.15035022,1.2538635e-07,0.16817113,0.16648896
2eb5_OXL_E_2005,0.99276216,0.97573935,0.032658336,0.15034385,0,0.16821135,0.16651389
2ef9_A5P_A_1269,0,0.58625472,0.043122444,0.13417067,0.14690924,0.30428662,0.25887254
2ef9_A5P_B_2269,0.96285241,0.95039448,0.033392081,0.15057286,0.053077539,0.17900764,0.17609902
2ef9_PEP_B_2268,0,0.96732874,0.0489072,2.1251499e-27,0.79352428,0.79017853,0.78803941
2eup_LG4_A_400,0.99484732,0.98113768,0.038459634,0.16382977,0.96693973,7.4025838e-08,6.8116109e-08
2euq_BVC_A_401,0.73427898,0.70256923,0.039611525,0.15381067,0.67039515,0,0.12150834
2eus_ABN_A_400,0.9957896,0.99203182,0.038452485,0.16399024,0.97263576,0,0
2exs_TRP_B_2100,0,0,0.042694411,0.1267748,0,0,0
2f3s_7GP_A_998,0.98231946,0.9892257,0.04010773,0.16629649,0.95983706,0,0.65451171
2f64_12Q_A_472,0,1.3388283e-33,0.043433343,0.12833796,0.10329489,0,0
2f64_12Q_B_471,0.0054556519,1.1648884e-33,0.042653462,0.12686922,6.7573112e-06,0,0
2f78_BEZ_A_1001,0.99520585,0.98845297,0.043856423,0.17164575,0.99379844,0.99381177,0.99368829
2f78_BEZ_A_1003,0.039227747,0.99297058,0.046599849,0.14596439,0.41110663,0.94525785,0.94535438
2f78_BEZ_B_1002,0.99407507,0.9960496,0.043778308,0.1715619,0.98932595,0.98902352,0.98852637
2f78_BEZ_B_1004,0,0.99145624,0.050222254,0.1528159,0.97528206,0.8065717,0.81331476
2f78_BEZ_B_1005,0.99813612,0.98672432,0.03315573,0.1517196,0.018186831,0.25140914,0.25416126
2f7x_4EA_E_351,0.97317141,0.76628062,0.039068743,0.16064318,0.72414433,0.27017242,0.26918278
2fcu_AKG_A_897,0.9939544,0.97609885,0.032649098,0.15036897,0.00021050051,0.16810119,0.16645707
2fhk_MFN_B_602,0,0,0.04587102,0.13349471,0.44405659,0,0
2fhn_BNI_X_501,0.97362038,0.96658839,0.038837514,0.16373196,0.98984509,0,0
2fhn_BNI_Y_502,0,0.95546413,0.046216065,0.14688221,0.99269362,0,0
2fib_GLY_B_2,0,0,0.042694411,0.1267748,0,0,0
2fkm_G16_X_464,5.105696e-06,0.62735331,0.041858793,0.13200801,7.0294861e-06,0.28406567,0.23833193
2fpu_HSO_B_509,0.86161198,0,0.036220166,0.14167298,7.5173096e-05,0,0
2fr6_CTN_A_1001,0.97399279,0.43295591,0.040891809,0.16150437,0.99356474,0.078124735,0
2fr6_CTN_C_1003,0.99263193,0.43958886,0.040741875,0.16189428,0.99602181,0.076987582,0
2fr6_CTN_D_1004,0.99356225,0.44050677,0.040719787,0.16188927,0.99439649,0.076787523,0
2fr6_URI_B_1002,0,0,0.049652347,0.14201395,0.99320035,0,0
2fu9_MP2_A_1410,0.98379741,0.98259031,0.038981239,0.16397759,0.94002741,0.24747271,5.2404979e-05
2fu9_MP2_B_2410,0.93812531,0.99086491,0.036122844,0.15664614,0.51457615,0.18860421,8.7977627e-06
2fyd_BGC_B_403,0.98348,0,0.043585188,0.16053842,0.95983845,0.10680689,0.45587006
2fyd_BGC_D_530,0,0.98317917,0.042441913,0.13783146,0.19660342,0.38386722,0.38487729
2fyd_NGA_B_404,0.97698155,0.97016519,0.032805701,0.1500543,0.00012987687,0.1700708,0.16767363
2fyd_NGA_D_529,0.9574603,0.96333146,0.032986098,0.14969286,6.9903463e-05,0.17234065,0.16907743
2fz8_ZST_A_600,0,0.97630949,0.047353732,0.14840785,0.99334807,0.46447119,0
2fzb_TOL_A_700,0.87667258,0.98333428,0.032750316,0.14771673,2.1866441e-09,0,0.10839622
2fzb_TOL_A_800,0.97663223,0.97003931,0.032809039,0.15004802,0.00014165223,0.17011319,0.16770055
2fzb_TOL_A_900,0,0.62735346,0.04185878,0.13200781,9.7095543e-08,0.28406531,0.23833133
2g21_L1B_A_885,0.98834116,0.99475628,0.039289624,0.16491402,0.99020939,0.25963315,0
2g21_L1B_B_985,0.98792541,0.9871289,0.039338585,0.16490902,0.99353872,0.25734369,0
2g5v_22M_A_301,0,0.98495266,0.045531577,0.14582487,0.91245337,0,0
2g9z_VNP_A_602,0,0.91551193,0.046080528,0.14606622,0.95282275,7.2037561e-08,7.5291343e-08
2giq_NN2_A_1001,0.99421199,0.97554643,0.032666475,0.15040756,0.0025082608,0.16838741,0.16675972
2giq_NN2_B_2001,0.98879051,0.4445858,0.040614401,0.16154856,0.9765599,0.075667938,0
2gn2_C5P_A_400,0,0.96464922,0.039901505,0.13286122,3.6028831e-07,0.29232351,0
2gnm_MAN_A_253,0.95037934,0.95594477,0.043781794,0.16969761,0.94370028,0.95776925,0.96363483
2gue_NAG_B_122,0,0.01964754,0.043340202,0.12840121,0.10056469,0,0
2gx5_PCG_C_514,0.85691377,0,0.036258613,0.1415984,0.00051424062,0,0
2gyv_HBP_A_1409,0,0.084249576,0.044438711,0.13158042,0.28789459,0.001523972,0
2gyv_HBP_B_545,0,0.95798112,0.042583408,0.13832458,0.35360649,0.34943303,0
2gyw_OBI_A_952,0.98696586,0.97968827,0.037439219,0.16086051,0.73773655,0.2115075,0
2gyw_OBI_B_953,0.95715683,0.9726299,0.038812155,0.16261933,0.88546444,0.24009593,0
2gzm_DGL_A_501,0.9912032,0.98553003,0.043889148,0.17154559,0.99304708,0.99319278,0.99320177
2gzm_DGL_C_503,0,0.98808556,0.051264926,0.15435071,0.99337429,0.98056676,0.99347535
2gzm_DGL_D_504,0,0.98563287,0.051239033,0.15427305,0.99033566,0.97786303,0.99105671
2hdk_COI_B_900,0,0,0.046162237,0.13410644,0.48413384,0.0016312522,6.9365813e-07
2hi4_BHF_A_800,0.99774251,0.99804217,0.038589768,0.16442509,0.99702579,0,0
2hjp_PPR_A_291,0,0,0.042694411,0.1267748,0,0,0
2hs3_FGR_A_2166,0.92818262,0.95307672,0.033256829,0.14915108,0,0.17574769,0.17118564
2ht8_G39_A_800,0.96659385,0.95885985,0.03951665,0.16422291,0.9840305,0.24955822,0.0002985737
2huu_ALA_A_701,0.96467164,0,0.035445163,0.14345372,1.0990168e-08,0,0
2i1v_F6P_B_720,0,0.62735349,0.04185878,0.13200781,0,0.2840653,0.23833132
2i1v_FDP_B_710,0,0.13011836,0.047639097,0.13930773,0.73499334,0.12693122,6.93364e-05
2i6p_4NP_A_401,0.96173383,0.90016554,0.033323031,0.14992795,0.00016037917,0.19352445,0.19065969
2iht_TPP_A_600,0,0.89916648,0.050249246,0.15122544,0.88359018,0.85796546,0.88472213
2iht_TPP_B_600,0.8056644,0.67613775,0.041585355,0.15919974,0.83624315,0.30515009,0.29697434
2iht_TPP_C_600,0.96034959,0.98288002,0.042664058,0,0.88245156,0.75151338,0.9892098
2ihu_TP9_A_600,0,0.9630083,0.051356588,0.15401607,0.99581896,0.95627955,0.99438923
2ihu_TP9_B_600,0,1,0.050321171,0.15227981,0.87192247,0.94599047,0.99422697
2ij7_TPF_A_2472,0,0.67248848,0.042018064,0.13292369,1.0580889e-05,0.35219183,0.31051164
2ij7_TPF_B_2470,2.9298203e-05,0.96769021,0.039904272,0.13290474,0.0014848938,0.29374008,0
2ij7_TPF_D_2473,0,0.73624655,0.042031571,0.13362127,9.3657847e-05,0.40086392,0.36241481
2ij7_TPF_F_2474,0.91679073,0.94907655,0.033362479,0.14894081,8.8298915e-06,0.17707833,0.17201097
2ipf_FFA_B_4,0.99172463,0.46642087,0.039710862,0.16009012,0.87675954,0,0.041191232
2isf_PAC_A_317,0.99146936,0.97666544,0.031873212,0.14960186,0.0012259024,0.0012136637,0.087088594
2ixi_TYD_A_1182,0,0.62566677,0.041910641,0.13209658,0.0060292577,0.28489519,0.23917434
2ixi_TYD_B_1182,0.97950715,0.9662369,0.032930329,0.15035432,0.017339826,0.17214493,0.16989727
2iyq_SKM_A_201,0.94684248,0.96253333,0.03906682,0.16323855,0.98451484,0.0096486996,0.0097245743
2izf_BTN_B_300,0.99576395,0.39860516,0.040618494,0.16141686,0.99254101,0,0
2izf_BTN_D_301,0.99433626,0.39741865,0.040643921,0.16140963,0.99405643,0,0
2j1s_FUL_B_1153,0.9963517,0.94123959,0.043530684,0.17051776,0.954016,0.95396598,0.95402937
2j5b_TYE_A_1336,0,0,0.044038441,0.12961801,0.18788128,0,0
2j5b_TYE_B_1338,0.83428746,0.95071983,0.037223188,0.15497258,0.53486462,0.19876049,0
2j5z_GAL_A_1278,0.9763693,0.85290041,0.033186773,0.14964552,0.00093620012,0.15258912,0.14775346
2j9e_AKG_C_1119,0.66424052,0.96067827,0.045542967,0.16385953,0.86686622,0.994463,0.99432455
2jav_5Z5_A_1280,0,0,0.053878388,0.14780358,0.99075997,0.59600466,0.98722271
2jfv_FLC_A_1271,0.89292768,0.75624317,0.035012665,0.14953937,0.13497512,0.1405226,0.12990327
2jhp_GUN_A_1647,0.003464884,0.98384697,0.040723962,0.13443728,0.011613809,0.40663796,0.20526832
2jhp_GUN_A_1648,0.0013521698,0.96686583,0.039892601,0.13291472,0.001057896,0.29307029,5.9324427e-06
2ji6_TPW_A_1566,0,0.090444815,0.048624718,0.14095858,0.85297273,0.13654702,0
2jig_PD2_A_1254,0,0.99521059,0.039819292,0.13306132,0,0.30410468,0
2no7_LDC_A_401,0.99018967,0.44078814,0.040710046,0.16175694,0.989539,0.076631504,0
2no7_LDC_B_401,0.98605472,0.96410023,0.033005993,0.15070861,0.033190703,0.17356264,0.17163992
2nos_AGU_A_903,0.15479364,0.91290436,0.038644066,0.13520647,0.00029350186,7.245235e-07,0.19616533
2npq_BOG_A_1000,0,0.96942837,0.050749485,0.15318527,0.94715117,0.93736644,0.9386955
2npq_BOG_A_2000,0,0.94598589,0.039951707,0.13273902,0,0.28512884,0
2nry_STU_B_502,0.93096274,0.92595381,0.033606628,0.14974247,0,0.22379983,0.22136699
2nry_STU_C_503,0.99268149,0.98307711,0.043241699,0.17079211,0.98965443,0.76789937,0.99782376
2nry_STU_D_501,0.99343246,0.974346,0.043164068,0.17058497,0.98483138,0.75594137,0.98302985
2ntk_IMP_A_205,0,0.047765581,0.049686843,0.14273821,0.98009597,0.14696879,0
2ntk_IMP_B_206,0.98439979,0,0.042353158,0.15872186,0.98638931,0,0
2ntk_IMP_D_208,0,0.37681182,0.041498121,0.12901774,7.5378311e-06,0.066619546,0
2nu7_COA_B_1025,0,0,0.042694411,0.1267748,3.4650486e-10,0,0
2nu7_COA_B_1325,0,0.62735348,0.04185878,0.13200781,2.279036e-08,0.2840653,0.23833132
2nu7_COA_E_1025,0.52875291,0,0.038720975,0.1359168,1.0251491e-10,0,0
2nu7_COA_E_1325,0.17455798,0.91821945,0.038616376,0.13546172,3.6358971e-07,0.23725262,0.00032591424
2nz5_226_A_432,0.0022024582,0.9632256,0.039887574,0.13288859,4.3177406e-07,0.29130955,1.1578051e-05
2nz5_226_B_432,0.99169374,0.97319403,0.031898037,0.14962122,0.0042822825,1.6870646e-09,0.085328104
2o1o_RIS_A_400,0,0.96428227,0.041158493,0.13545526,0.16671777,0.32031986,0
2o1o_RIS_B_400,0.92457638,0.97295504,0.039172923,0.16228276,0.89850276,0.24939121,0
2o7b_HC4_A_701,0.99474963,0.98904931,0.039163276,0.1647974,0.97827822,0.2540486,0
2o7b_HC4_D_701,0.99309925,0,0.042235395,0.15876145,0.97906581,0,0
2o7b_HC4_E_701,0.99667241,0.9877603,0.039169723,0.16485923,0.98073718,0.2535554,0
2o7b_HC4_G_701,0.99643873,0.9905619,0.039288733,0.16513138,0.99728374,0.25747804,0
2o7d_DHC_E_701,0.99706755,0,0.038610522,0.15122495,0.47651527,0,0
2o7d_DHC_G_701,0.98389492,0.99267455,0.039382243,0.16493203,0.99698834,0.26092589,0
2o7d_DHC_H_701,0.99861374,0.97777788,0.032604566,0.15045271,5.3417731e-05,0.16753583,0.16609805
2oci_TYC_A_401,0.99565989,0.85657699,0.033514258,0.15099717,0.062857317,0.16390051,0.160482
2okk_ABU_A_585,0,0.14589691,0.042147814,0.12755132,3.3406161e-07,0,0
2ot7_OGA_A_500,0.99467675,0.97626093,0.032645214,0.15038712,0.00053726649,0.16806187,0.1664505
2oxp_THP_A_300,0.96268291,0.96379952,0.032979658,0.14986114,0.0049480547,0.17240263,0.1693817
2p1e_LAC_A_303,0,0,0.042828053,0.12705751,0.018681664,0,0
2pd5_ZST_A_600,0.99154006,0.44162483,0.040690321,0.16177034,0.98865625,0.076462155,0
2pin_LEG_A_501,0.94474377,0.94859176,0.033485917,0.15019767,6.7850976e-08,0.23631052,0.23541547
2pin_LEG_B_502,8.4718178e-08,0.77751899,0.042039125,0.13407042,7.6301262e-07,0.4323348,0.39597565
2pir_DHT_A_931,0.99481516,0.99759974,0.038603175,0.16435044,0.99559318,0,0
2pir_NK_A_933,0.021549995,0.58580643,0.041837266,0.13236854,0.0040232903,0.27958181,0.23416563
2pnz_UDP_A_250,0.92954455,0.86432154,0.033665326,0.14916637,0.0071791023,0.1790197,0.17350344
2prg_BRL_A_1,0.94496135,0.88845374,0.033740482,0.15009021,0.033131172,0.19846482,0.19489501
2prl_ORO_A_399,0.0026259815,0.86085771,0.046408366,0.14612285,0.9727857,0,0
2pt6_S4M_B_502,0,0.97815566,0.051323153,0.15429138,0.98951126,0.98994238,0.99001806
2ptm_CMP_A_401,0,0,0.042694411,0.1267748,0,0,0
2pvy_ACP_D_802,0.97872743,0.96954153,0.03319296,0.1509632,0.0014472393,0.24090431,0.24205054
2q1a_2KT_X_295,0.99573964,0.98694753,0.037308849,0.15825759,0.16999174,0.86913979,0.86930508
2q28_TPP_A_4001,0.90482135,0.91504678,0.034390571,0.15028954,0.10663528,0.19315173,0.18778563
2q28_TPP_B_5001,0,0.97164976,0.049619178,0.1505769,0.79933846,0.88985423,0.93246613
2q6m_P34_A_1001,0.93265115,0,0.037704073,0.14716965,0.28213503,0,0
2qab_EI1_A_1,0.99637467,0.40556582,0.040464347,0.16118349,0.97449855,0,0
2qab_EI1_B_1,0.99581208,0.91179405,0.034629107,0.15382169,0.23240095,0.19984426,0.19878814
2qb3_PMP_A_700,0,0.55749246,0.044006798,0.13568431,0.24972116,0.31843817,0.27324796
2qb4_DSM_A_802,0.97363166,0.97583341,0.033326444,0.15112955,0.012040554,0.25006279,0.25150022
2qb4_LEU_A_601,0.99191571,0.99314671,0.043464598,0.17088953,0.96159178,0.96165993,0.96185469
2qca_DGP_A_200,0.95858971,0,0.035490867,0.14334857,5.5223923e-09,0,0
2qcx_PF1_A_300,0,0.97400987,0.042570444,0.13849186,0.35760892,0.35628753,0
2qd1_CHD_D_802,6.2332991e-11,0.62735349,0.04185878,0.13200781,5.6557695e-11,0.2840653,0.23833132
2qd4_CHD_A_802,0.83353854,0.97158938,0.034501392,0.14877035,2.2153881e-08,0.29229894,0.28941474
2qd4_CHD_A_803,0,0.6273534,0.041858782,0.13200782,3.1758291e-07,0.28406534,0.23833136
2qd4_CHD_B_927,2.0706733e-09,0.62735348,0.04185878,0.13200781,3.6144474e-08,0.2840653,0.23833132
2qg6_NMN_A_301,0,0.04581953,0.049735273,0.14281935,0.98589242,0.147444,0
2qgw_EES_B_1,0,0.62735331,0.041858785,0.13200782,6.3747921e-07,0.28406538,0.23833141
2qhv_OC9_A_1001,0.9896149,0.98433836,0.03559121,0.15483036,3.1956239e-06,0.72920703,0.80130958
2qim_ZEA_A_159,0.99028936,0.97675144,0.033077579,0.15119259,0,0.24205476,0.24387824
2qim_ZEA_A_160,0,0.99004032,0.04452962,0.14377269,0.77505353,1.6655096e-06,1.6855805e-06
2qim_ZEA_A_161,0,0.47978796,0.04205891,1.395384e-06,0.0099547218,0.20664834,0.15516247
2qs2_UBF_A_603,0,0.98507909,0.045114697,0.14388544,0.69927724,0.41821988,0
2qse_1HP_A_1,0.99307504,0.44444356,0.04062142,0.16170769,0.98208981,0.075813591,0
2qui_LTN_A_501,0,0,0.042761442,0.12691659,0.0093701276,0,0
2qui_LTN_B_478,0,0,0.046986976,0.13355101,0.074536037,0.44281566,0.99003313
2qvr_CIT_A_335,0.88736328,0.9596157,0.032970918,0.14820378,0.027459647,0.0092868135,0.10563073
2qvr_FDP_A_333,0.97305232,0,0.042167272,0.15795204,0.94848265,0,4.223438e-06
2qx4_ML1_B_233,0.98086065,0.97156272,0.032768637,0.15012404,3.1383347e-07,0.16960029,0.1673749
2qx9_ML2_A_233,0,0.62691987,0.041872112,0.13203063,0.001549975,0.28427864,0.23854804
2qxf_TMP_A_3000,0.97848271,0.96878914,0.032850296,0.15018216,0.0069316859,0.17083186,0.16851608
2r0g_7CK_A_1355,0.99235832,1,0.043044151,0.17062043,0.97860672,0.76340318,0.98073989
2r0g_7CK_B_1357,0.99379043,1,0.043106079,0.17078965,0.98686586,0.76595476,0.98357916
2r3d_ACM_A_303,0.72149965,0.99277008,0.045905777,0.0018423821,0.9937472,0.99574523,0.99373575
2r4j_13P_A_1968,0,0.95327715,0.039934307,0.13279084,0.00018027954,0.28808091,0.00021538478
2r4j_13P_B_816,0,0,0.047971671,0.13668182,0.4924148,0.34234293,0.32287587
2r4t_250_A_503,1.2679296e-07,0,0.042694412,0.1267748,1.9627898e-07,0,0
2r4t_GLC_A_502,0,0.089316973,0.049720781,0.14325777,0.97870714,0.11463924,0.11467481
2r5e_QLP_A_430,0,0.6273534,0.041858782,0.13200782,3.0195434e-07,0.28406534,0.23833136
2r5e_QLP_B_430,0,0.62735349,0.04185878,0.13200781,0,0.2840653,0.23833132
2rbu_273_X_4001,0.9926902,0.9861965,0.031824994,0.14966603,6.4436147e-07,1.7765627e-06,0.090399931
2rbx_3AY_X_2001,0,0.73531767,0.048368926,0.14598963,0.67999946,0.67975436,0.67344959
2ri1_GLP_B_234,0.66481448,0.82626162,0.036755063,0.14609668,0.12293717,0.22340407,0.20742734
2rtn_IMI_B_300,0.9909278,0.98033077,0.043843594,0.17138659,0.98680205,0.98928931,0.98855135
2rtn_IMI_D_300,0.99444179,0.97334573,0.040218527,0.1663131,0.9860596,0.29782452,0.30624612
2tio_BEN_A_247,0,0.98993655,0.051329141,0.15444684,0.99390666,0.99351093,0.9935403
2tmk_ATM_A_217,0.9804427,0.4407922,0.040702031,0.16140824,0.97791068,0.076378183,0
2tmk_ATM_B_217,0.99067127,0,0.03836714,0.15049782,0.43577392,0,0
2uuj_896_B_1250,0,0.043085742,0.049803307,0.14293334,0.99403521,0.14811155,0
2uyv_TLA_A_1275,0,0,0.044424726,0.1301453,0.16753244,0.035163932,0.16785782
2uyv_TLA_A_1277,0,0,0.042720123,0.12682919,0.0035942168,0,0
2uyv_TLA_B_1275,0,0,0.042887563,0.1271834,0.027000597,0,0
2uyv_TLA_C_1275,0.99323161,0,0.039805286,0.1536005,0.63159596,0,0.02263719
2uyv_TLA_D_1275,0,0,0.042703194,0.12679337,0.0012277301,0,0
2uza_HTL_B_1236,0,0.076357872,0.048975289,0.14154597,0.89493172,0.13998689,0
2v32_BEZ_A_1222,0.98959182,0.97463072,0.038937235,0.1643847,0.986335,0.052163348,0.052244784
2v32_BEZ_C_1222,0.99266246,0.98394586,0.039148153,0.1649243,0.99768711,0.087030557,0.088719752
2v32_BEZ_D_1221,0.9705932,0.9540522,0.037295223,0.15953979,0.65370823,0.2282753,0.072497837
2v60_C17_A_1503,0.98825756,0.99078766,0.039346449,0.16498065,0.99624544,0.25913989,0
2v60_C17_B_1498,0.9941897,0.99522476,0.039266286,0.16506645,0.99355552,0.25912741,0
2v7o_DRN_A_1303,0.94648488,0.90259409,0.033460831,0.14972167,0,0.20060932,0.19743329
2vag_V25_A_1482,0.99211943,0.44068825,0.040714099,0.16183011,0.99213639,0.076705855,0
2vjb_CCD_A_1539,0.87407036,0.9154629,0.034330961,0.14913177,0.066573815,0.19122607,0.18440869
2vjb_CCD_A_1540,0,0.9720178,0.039058713,7.650809e-77,0.00042257663,0,0
2vkg_CF4_A_1064,0.00012713225,0,0.042694024,0.1267782,7.9436959e-05,0,0
2vlf_PLI_A_1457,0.88468094,0,0.042079911,0.15483449,0.84343943,0,0
2vlf_PLI_B_1459,0,0,0.049965729,0.14198589,0.99144917,0.087790212,2.3826586e-06
2vmg_MBG_A_1179,0.98019659,0,0.046921322,0.16476216,0.93324889,0.93332741,0.93343649
2vmp_PLP_A_501,0.99157569,0.97531971,0.032669433,0.15032211,1.1721139e-05,0.16835143,0.16660136
2vmw_PLP_A_501,0,0.61700629,0.042176925,0.13255234,0.036986506,0.2891563,0.24350286
2vsu_V55_D_1251,0.0038107567,0.98219135,0.043915078,0.14149765,0.54310222,0.38993309,1.9703024e-07
2vzu_PNJ_B_1904,0.99140071,0.92848602,0.038083617,0.16172052,0.80974869,0.20297453,0
2w0b_CMW_A_1450,5.77721e-06,0.86660758,0.04016519,0.13221938,0,0.25452772,0
2w1a_TSA_D_1091,0.97137595,0.99394766,0.033252962,0.1510949,0,0.26171434,0.26387255
2w5t_GP9_A_1644,0,0.22158762,0.051306214,0.14624667,0.98853363,0.45116919,0.4486867
2w7k_PLP_A_501,0.79909884,0.907776,0.034453173,0.14676704,6.7505466e-06,0.19081252,0.18052463
2wch_B7M_A_1145,0,0.98608675,0.039843848,0.13300161,1.7528431e-06,0.30058779,0
2wdq_CBE_G_1130,0.99426637,0.98345321,0.033042778,0.15132579,7.6884478e-08,0.24579398,0.24806979
2wdq_CBE_K_1130,0.991867,0.98989522,0.033065912,0.15135998,3.4621361e-06,0.25153987,0.25407403
2wdq_TEO_A_1589,0.98038844,0.97074827,0.03279296,0.15014946,0.0023192583,0.16997458,0.1677333
2wdq_TEO_E_1589,0,0.94253182,0.051078537,0.15327697,0.96847194,0.92800443,0.9623516
2wdq_TEO_I_1589,0,0.87889196,0.0514265,0,0.98552239,0.92676256,0.97456397
2whq_HI6_A_1543,0.0044690692,0,0.042662328,0.12685524,0.00020978055,0,0
2whq_HI6_B_1545,0.00242729,0,0.04268919,0.1268443,0.001819943,0,0
2wj4_HQD_A_1281,0,0,0.054985135,0.14908149,0.98940949,0.98943247,0.98978407
2wj4_HQD_B_1278,0,1,0.051260208,0.15444285,0.99123582,0.99121738,0.99122628
2wj4_HQD_D_1278,0.0048803844,1,0.051260557,0.15459392,0.99412005,0.99434763,0.99431803
2wu4_HBP_A_1544,0.12293251,0.66976613,0.04074187,0.13431663,0.0026006642,0.27007721,0.22980189
2wzh_NGO_A_1589,0.98786212,1,0.043853658,0.99007224,0.99405449,0.99407697,0.99409787
2wzv_FMN_A_801,0.00037572046,0,0.049659592,0.14136556,0.95121793,0.080918568,0
2wzv_FMN_B_801,0.98355615,0,0.042036209,0.15802338,0.94119692,0,0
2x05_X05_A_1900,0.98629595,0.82262671,0.03735625,0.1581627,0.53919631,0.24318363,0.24237344
2x05_X05_B_1900,0,0.042038979,0.049829357,0.14297699,0.99715307,0.14836716,0
2x0u_X0U_B_1291,7.3080386e-05,0.99578285,0.04608015,0.14713124,0.99488689,0,0
2x6o_2TC_A_1209,0,0,0.042694414,0.1267748,4.399401e-07,0,0
2xh0_PEP_A_1440,0,1,0.05130203,0.15452109,0.99472856,0.99324194,0.99572164
2xh0_PEP_B_1440,0.99111711,1,0.043874295,0.17169676,0.99727669,0.99497305,0.99461301
2xh0_PEP_C_1440,0.98802835,0.9482127,0.044089467,0.17136052,0.9963273,0.99553368,0.99588447
2xhk_AKG_A_519,0.92365457,0.85769051,0.033661812,0.14889183,0.00030766263,0.17431187,0.16821672
2xhk_AKG_B_519,0.95040386,0,0.035555467,0.14321356,0.00043138965,0,0
2xmi_FLC_A_1379,0,0.9611541,0.039648727,0.13271892,0.0093724617,0.092617836,0.092777569
2xoz_AMP_B_1664,0.09174073,0,0.043586311,0.13170355,0.22022367,0,0.0023664657
2xta_TPP_A_2001,0.9785827,0.93910317,0.033763203,0.15174811,0.11317086,0.18544348,0.18336348
2xta_TPP_B_2001,0.99476056,0.97644064,0.032639816,0.15038076,0,0.16797814,0.16636932
2xta_TPP_C_2001,0.95225006,0.96152261,0.033033783,0.1495956,0,0.17293906,0.16944457
2xta_TPP_D_2001,0,0.62735349,0.04185878,0.13200781,0,0.2840653,0.23833132
2xul_AKG_A_201,0,0.62735347,0.04185878,0.13200781,6.1139197e-08,0.2840653,0.23833133
2xul_AKG_B_201,0.92692556,0.459528,0.039777366,0.157958,0.81448838,4.0967215e-09,0.035884851
2xul_AKG_C_201,0.93368965,0.95500897,0.033205802,0.14925281,1.1395584e-06,0.17510519,0.17078741
2xul_AKG_D_201,0,0.62735349,0.04185878,0.13200781,3.360094e-09,0.2840653,0.23833132
2xul_AKG_E_201,0.99308964,0.9127243,5.6692382e-69,0.15053531,1.5467365e-07,0.19202981,0.19069393
2xul_AKG_F_201,0.99389446,0.97564426,0.032662984,0.15039068,0.0017602733,0.16832151,0.1666781
2xum_OGA_A_601,0.99876942,0.97602299,0.031809109,0.14970308,0.00039266639,0.00080250545,0.085204063
2xyj_WLM_A_1441,0.98196518,0.97195037,0.032758399,0.15014444,1.568986e-07,0.16947137,0.16729497
2xyj_WLM_A_1442,0,0.62732634,0.041859614,0.13200924,9.7046703e-05,0.28407865,0.23834489
2xyj_WLM_B_1441,0.85546994,0.92755993,0.033930696,0.1478081,1.1398137e-07,0.18423318,0.17644576
2xyj_WLM_B_1442,0.92627018,0.43543519,0.040791357,0.15969454,0.9293051,0.076283871,0
2y00_Y00_A_601,0.98063099,0.98996936,0.039110788,0.1642293,0.95648764,0.25374572,0
2y2f_YI1_A_1469,0.83272339,0,0.040493524,0.14975429,0.56709888,0,0
2y4j_LAC_A_400,0.98384052,0.86898395,0.03870964,0.16250519,0.9311136,0.00064530415,0.00064166763
2y4j_LAC_B_400,0.9640357,0.94610881,0.03309052,0.15085879,0.12507775,4.9272776e-05,0.098889784
2ye5_2A7_A_1224,0.99016123,0.8793011,0.037314794,0.15947787,0.68504063,0.1669113,0.0071464511
2yi6_6QM_A_1225,0.97225952,0.96846476,0.032850795,0.14996937,0.00028484779,0.17064319,0.1680369
2yjd_YJD_A_1498,0.99391657,0.97565925,0.032662557,0.15039071,0.001734402,0.16831537,0.16667288
2yjd_YJD_B_1498,0,0.62689019,0.041873025,0.13203219,0.0016560646,0.28429325,0.23856287
2ynf_WHU_A_1563,0,0.04258285,0.049815822,0.14295431,0.99553311,0.14823435,0
2yp6_C6W_B_1186,1.2670129e-07,0.93108995,0.039820441,0.13276258,0,0,0.23027261
2z20_PLP_A_701,0,0.93983054,0.045696005,0.14557495,0.91180688,0,0
2z20_PLP_B_801,0,0.99387726,0.045681229,0.14625968,0.93804712,0,0
2z26_DOR_A_1410,0,0,0.042694411,0.1267748,0,0,0
2z48_A2G_A_1005,0.98852892,0.95606889,0.038296229,0.16294231,0.92433055,3.9640961e-07,4.0244369e-07
2z48_A2G_B_2005,0,0.93542738,0.045535358,0.14517678,0.88704387,3.0247217e-07,3.5234666e-07
2z48_NGA_A_1002,0,0.099840673,0.04232075,0.127307,5.4928245e-05,0,0
2z48_NGA_A_1003,0,0.98669889,0.050003428,0.1519999,0.8858936,0.88625975,0.88621048
2z48_NGA_A_1004,0,0.98465698,0.040948658,0.13526817,0.14613653,0.32470405,6.7392776e-06
2z48_NGA_A_1006,0,0,0.042837425,0.12707733,0.019991864,0,0
2z48_NGA_B_2002,0.97904807,0.94083218,0.033172977,0.1506316,5.4945047e-05,0.2185451,0.21823056
2z48_NGA_B_2003,0.98433886,0.98603065,0.041387146,0.16637183,0.70372509,0.90260081,0.90068636
2z48_NGA_B_2004,0,0.98066015,0.040758151,0.13482595,0.1194217,0.31865486,7.4545354e-06
2z48_NGA_B_2006,0.13471393,0,0.041858328,0.12947682,0.024638742,0,0
2z6j_TUI_A_501,3.3648333e-12,0.96635597,0.039896911,0.13287239,2.109236e-13,0.29298139,3.9338088e-09
2z7s_P01_A_1,0.73019444,0.95488661,0.036259831,0.14869945,0.10142447,0.34013039,0.3345886
2zce_PYL_A_601,0.72339306,0,0.042463611,0.15029357,0.7276469,0,0
2zgw_ADN_B_1302,0.36922621,0.74508115,0.042557947,0.14717707,0.4786991,0.39726097,0.37501696
2zgw_BTN_A_1401,0.95145951,0.9640034,0.038940459,0.16318004,0.97960222,0,0
2zgw_BTN_B_1402,0.96774481,0.96815357,0.038732685,0.16333594,0.9698386,0,0
2zi2_24U_H_801,0.94760229,0.98034485,0.038993099,0.16337987,0.99146739,0,0
2zka_AZA_A_302,0.1524748,0.97175762,0.050159398,0.15681816,0.9862864,0.98642913,0.98636755
2zm7_ACA_A_501,0,0.97720674,0.039867722,0.13294344,6.596368e-09,0.2971643,8.0300292e-12
2zm9_ACA_A_501,0,0.98674316,0.039842069,0.13300588,9.5734583e-11,0.30084054,0
2ztl_3HL_A_301,0.99795886,0.96113066,0.038692387,0.16415911,0.99201901,0.00033540325,0.00033717621
2ztl_3HL_B_301,0.987304,0.9548612,0.038693203,0.16369086,0.97108292,0.0092631356,0.0092645086
2ztl_3HL_C_301,0.99514346,0.96795015,0.038711534,0.16419667,0.99533857,0.00029581569,0.00029793126
2ztl_3HL_D_301,0,0.96960408,0.039890841,0.13289763,0,0.29457962,0.00067215566
2zut_A2G_A_4001,0,0.9534761,0.05115818,0.15353252,0.97535299,0.94020314,0.97666967
2zut_A2G_C_4003,0.9520775,0.96144911,0.03303578,0.1495931,4.6275467e-05,0.17296556,0.16946353
2zuw_NDG_B_4002,0,0.62669942,0.04187889,0.13204223,0.0023379972,0.28438711,0.23865822
2zuw_NDG_D_4004,0.99186384,0.97541306,0.032667001,0.15032784,3.9478236e-05,0.16832162,0.16658439
2zvq_1NP_X_501,0.18870299,0.064714539,0.048115099,0.14536166,0.98987691,0,0
2zvq_1NP_X_502,0,2.6746594e-06,0.042694401,0.12677481,0,0,0
2zwt_CAM_A_422,0,0,0.043028502,0.12748154,0.046702397,0,0
2zyv_NPO_X_1601,0,0.90029235,0.039898912,0.13253666,7.123906e-06,0,0.2160718
2zyv_NPO_X_1602,0.99812404,0.9939377,0.031763402,0.1498155,0.00015072095,0,0.093090618
3kt7_AKG_A_702,0,0.98618209,0.039844821,0.13300405,0,0.30078549,0.00031313887
3mk1_NPO_A_911,0.99454875,0.77704057,0.033210243,0.14950609,0.026093389,0.094583787,0.086698283
3mk1_NPO_A_913,0.9948701,0.99051552,0.031799718,0.14974019,0.00039834249,0,0.092098205
3qfx_CP6_B_702,0.98832834,0.39666855,0.04065672,0.16122373,0.98899696,0,0
3qgz_ADN_A_127,0.99129892,0.98362888,0.043798627,0.17136103,0.98518542,0.98538912,0.98556684
3qhd_795_A_167,0.82748813,5.4053409e-05,0.043563322,0.15607523,0.99075318,0,0
3qhd_CTN_A_165,0.98127813,0.39556877,0.040676615,0.16101362,0.98365153,0,0
3qhd_CTN_B_165,0.97247348,0.38855262,0.040826738,0.160958,0.99218562,0,0
3qk1_BEN_A_1010,0.99840518,0.99167222,0.043853003,0.17177426,0.99577539,0.99729181,0.99725208
3qss_MTG_A_405,0.81927462,0.9762163,0.039367571,0.15985514,0.90616657,0.00092309368,0.00092424007
3qss_MTG_B_405,0,0.97090356,0.045525223,0.14561857,0.90286485,0.0017827239,0.0018673786
3qt8_FM0_A_328,0.99100529,0.97512282,0.032674618,0.1503114,0,0.16841638,0.16664098
3qwi_CUE_A_272,0.99717939,0.97133823,0.032800383,0.15073863,0.021272968,0.17062399,0.16916878
3qwi_CUE_B_272,0.99810223,0.97601552,0.032657975,0.15052657,0.0057113971,0.16837432,0.16692616
3qxx_8AC_A_221,0.9584796,0.97202613,0.03336578,0.15066089,5.5505065e-07,0.24944467,0.25012649
3r3z_GOA_A_305,0.99377237,0.97609386,0.032648974,0.15036251,0,0.16809346,0.16644081
3r3z_GOA_B_305,0.96315003,0.83276809,0.037009195,0.15677405,0.47391131,0.23689857,0.23491953
3r3z_GOA_C_305,0.99618025,0.97693885,0.032626659,0.15040698,0,0.16781247,0.16626662
3r3z_GOA_D_305,0.9932017,0.89476918,0.035148597,0.15462122,0.2899826,0.20807472,0.20702818
3r51_MMA_A_200,0.97276311,0.96556947,0.044074392,0.17105829,0.98866503,0.99414591,0.99344042
3rgz_BLD_A_800,0.025871044,0.97353837,0.050897268,0.15406064,0.9708063,0.94515655,0.98551077
3ro7_TDR_A_300,0,0,0.043009794,0.12744197,0.04408724,0,0
3roe_THM_B_265,0,0.053635693,0.049540758,0.14249344,0.96261141,0.14553538,0
3roe_THM_C_265,0.44499075,0.22260061,0.045697199,0.15135982,0.98966867,0.11579613,0
3roe_THM_D_265,0,0,0.049572655,0.14188242,0.98352505,0,0
3roe_THM_E_265,0,0.046292479,0.049723503,0.14279963,0.98448371,0.14732851,0
3roe_THM_F_265,0.39800016,0.20426033,0.046115463,0.15044429,0.98829403,0.11905811,0
3rop_NCA_A_302,0.9264634,0.0047277993,0.03571633,0.14282199,0.00024541566,0,0
3rop_NCA_B_302,0.0029048687,0.009204335,0.042667867,0.12693698,0.0041614141,0,0
3rsc_TYD_A_397,0,0,0.049687522,0.14141078,0.95452215,0.08155661,0
3rsc_TYD_B_397,0.94311174,0,0.04247139,0.15760176,0.95954458,0,0
3ryd_SRT_A_271,0,0.4721969,0.041977662,0.13073642,3.093599e-08,0.19935319,0.14752555
3ryd_SRT_C_268,0.54297982,0.91538844,0.037132072,0.1437729,0.00010355424,0.34987498,0.33590311
3se2_3AB_C_4,0.9965687,0.97637724,0.03862677,0.1641774,0.98961868,0,0
3se2_3AB_D_3,0.99562959,0.98617436,0.03809753,0.16315645,0.91978108,0,0
3se2_LDR_A_1,0.99714113,0,0.042320155,0.15907489,0.9951603,0,0
3sj1_DXC_X_75,0.9831885,0.98290361,0.033143364,0.15115259,0,0.24920379,0.25113755
3sjh_LAR_A_503,0,0.041539107,0.049841797,0.14299784,0.99864198,0.14848922,0
3sli_SKD_A_760,0,0.9374417,0.047336508,0.14790161,0.97718353,0.4467597,0
3sp6_IL2_A_901,0,0.97239404,0.050937813,0.15325016,0.9470916,0.94616351,0.98685608
3sru_Q26_X_169,0,0.95059734,0.047207451,0.14779412,0.96475039,0.44973271,0
3t3q_9PL_A_501,0.76479508,0.8851482,0.035096687,0.14669076,0.037860187,0.20002605,0.18829896
3t3q_9PL_B_501,0.00011128351,0.59087831,0.042980452,0.13393146,0.13052166,0.30201796,0.25657313
3t3q_9PL_C_501,0.9875571,0.97378286,0.032710568,0.15025455,0.0004643414,0.16888269,0.16695535
3t3q_9PL_D_501,6.7448191e-05,0.59296655,0.042916178,0.13381995,0.12300214,0.30098806,0.25552491
3te7_TE7_A_1,0.97875617,0.96806214,0.033566609,0.15170793,0.047596639,0.25107458,0.25265625
3te7_TE7_B_1,0,0.97099631,0.039885841,0.13290569,0.00018748548,0.29480186,0
3tky_N7I_A_369,0,0.96752933,0.039893755,0.13288007,0,0.29343371,0
3tky_N7I_B_369,0.08238235,0.97805599,0.039199368,0.13431886,0,0.27986899,0
3tky_N7I_C_369,0.98277996,0.98836349,0.033148516,0.15120674,4.1924649e-05,0.25352155,0.25572079
3tky_N7I_D_369,0.91531158,0.93677682,0.033753531,0.14962942,0.00030304475,0.23754282,0.23521772
3tye_XHP_B_901,0.99356677,0.99357731,0.038634594,0.16432219,0.99656712,0,0
3tye_XTZ_A_801,0.92288041,0,0.041452351,0.15477464,0.79584104,0,0
3tye_YTZ_B_902,0.00096460382,0.40113449,0.04195497,0.12997579,4.7010081e-05,0.14480584,0.089405859
3tyn_CXW_A_800,0,0.62735339,0.041858783,0.13200782,3.4146513e-07,0.28406534,0.23833137
3tyn_CXW_B_800,0,0.37681435,0.041498058,0.12901763,0,0.066618928,0
3u1t_MLI_A_351,0.99667549,0.93668993,0.033011481,0.15085155,1.8274082e-06,0.2092781,0.20925311
3u1t_MLI_B_350,0.99701817,0.94240646,0.033011027,0.15092221,0.00018807884,0.21356739,0.21384379
3u3o_3QV_A_296,0,0.62735309,0.041858792,0.13200783,1.4329771e-06,0.28406549,0.23833152
3u3o_3QV_A_297,3.4594526e-05,0.98927618,0.039835084,0.13302326,1.4433102e-05,0.30181204,0
3uu7_2OH_A_1,0.99697205,0,0.042265523,0.15895371,0.98734571,0,0
3uu7_2OH_B_1,0.99680394,0,0.042249847,0.15891497,0.9849778,0,0
3uud_EST_A_600,0.98777222,0.97890557,0.03918174,0.16448011,0.96961901,0.25016935,0
3uud_EST_B_600,0.98162337,0.99303972,0.038720836,0.16410114,0.99579504,0,0
3v1m_HPK_A_288,0,0.44562483,0.049607724,0.14567765,0.88227148,0.45695158,0.41910781
3v1s_0LH_B_401,0.99373495,0.99579135,0.031892523,0.14996389,0.013387532,0,0.097023393
3v1v_GST_A_511,0.89846807,0.89578693,0.035748526,0.15268741,0.22847236,0.26800068,0.26564054
3v7u_MTA_A_301,0.14848019,0.62908917,0.042031459,0.13740096,0.18004913,0.29152073,0.25276503
3v8n_5NB_A_301,0.25908289,0.96570269,0.0379636,0.1375062,0.021190585,0.2408847,0
3vbn_TYD_A_301,0.86824118,0,0.040443718,0.15082764,0.59744717,0,0
3vbn_TYD_C_301,0.94415024,0,0.035713992,0.14334138,0.016022185,0,0
3vbn_TYD_E_301,0.5859874,0,0.044340004,0.14970292,0.84560493,0,0
3vc3_C6P_A_501,0,0,0.04269468,0.12677536,3.7563758e-05,0,0
3vc3_C6P_B_501,3.2435431e-05,0.93850982,0.04951489,0.15102496,0.94751591,0.75420288,0.60601819
3vc3_C6P_D_501,0,0.95943501,0.049299056,0.1508893,0.93963866,0.74791225,0.58070389
3vc3_C6P_E_501,0.95757499,0.94213267,0.0345089,0.15263934,0.14070435,0.2614266,0.26212188
3vcp_PRO_A_502,0,0.52442507,0.045023522,0.13742452,0.36792192,0.33470791,0.28977508
3vmg_9CA_B_2001,0,0.94755215,0.051183251,0.15374381,0.99351137,0.93286234,0.93328234
3vnj_PSJ_A_301,0,0.62735349,0.04185878,0.13200781,0,0.2840653,0.23833132
3vnj_PSJ_B_301,0.73477122,0.88412914,0.035082311,0.14563538,0.0038409607,0.19884722,0.18571427
3vnj_PSJ_C_301,0,0.62735349,0.04185878,0.13200781,0,0.2840653,0.23833132
3vnm_SDD_B_301,0.5488338,0.89647037,0.037074212,0.14365297,0,0.33339032,0.31862491
3vnm_SDD_C_301,0.49332286,0,0.039172658,0.1356965,0.025921881,0,0
3vnm_SDD_D_301,0,0,0,0.13403184,0.31267822,0.20125831,0.4431793
3vq4_0NX_A_304,0,0.98286377,0.045970078,0.14672475,0.9726435,1.8566134e-05,1.8473579e-05
3vq4_0NX_B_303,0.99589108,0.97810158,0.032820777,0.15175683,0.13361143,2.3662986e-05,0.1098382
3vq5_MMJ_A_1007,0.99438716,0.99052549,0.038411546,0.16357994,0.88242219,0.00092434595,0.24909157
3vq5_MMJ_B_307,0.9934769,0.99671805,0.032831005,0.15193415,0.13876908,2.0717686e-06,0.11972777
3vqe_FMQ_A_1006,0.98665076,0.44565346,0.040379634,0.16052553,0.94627712,0,0
3vqe_FMQ_B_306,0.9924809,0.47430214,0.033478897,0.14650046,0.0027551654,0,0
3vv5_SLZ_A_300,0.97458734,0,0.047446364,0.16546369,0.95686754,0.9933091,0.992605
3vv5_SLZ_B_301,0,0.88280155,0.05054331,0.15179317,0.91289648,0.87996909,0.87615467
3w4i_8LG_A_402,0.35536132,0.96877712,0.037026147,0.13918363,0.015176675,0,0.19117428
3w4i_8LG_B_402,0.34595657,0.74576174,0.038744764,0.13855524,0.010712321,0.24516715,0.21480229
3w4i_8LG_C_402,0.99651356,0.97396454,0.032718618,0.15057582,0.011049899,0.16929453,0.16778753
3w4i_8LG_D_402,0.98985977,0.97166461,0.032779204,0.15045108,0.01092459,0.17005377,0.16825135
3w7f_FPS_A_301,0,0.62735319,0.041858789,0.13200783,1.0788732e-06,0.28406544,0.23833147
3w7f_FPS_A_302,0.96497093,0.96598669,0.032915892,0.14983055,0,0.17145455,0.16852433
3w7f_FPS_B_301,0,0.62733827,0.041859248,0.13200861,5.4395098e-05,0.28407278,0.23833892
3w7f_FPS_B_302,0,0.58987071,0.043011263,0.13398038,0.13398375,0.30250749,0.25706526
3w8x_FTK_A_601,1.1143835e-07,0.9752265,0.03988073,0.13294209,4.2572477e-05,0.29736316,0.0018548253
3w8x_FTK_B_601,0,0,0.042696705,0.12677965,0.00032069343,0,0
3wat_BGC_A_403,0.010465657,0.63100071,0.041762572,0.13220245,9.098236e-05,0.28285649,0.23758694
3wat_BGC_B_403,0.012086556,0.63158594,0.041747045,0.13223152,3.2307756e-05,0.28265926,0.23746148
3wat_BMA_A_404,0.99386302,0.97152371,0.032789631,0.15060637,0.016449917,0.17034713,0.16873432
3wat_BMA_B_404,0.99042,0.97101943,0.032799894,0.15050573,0.013933567,0.17040256,0.16863155
3wca_FPS_A_501,0,0.62255305,0.042006379,0.13226044,0.017159375,0.2864272,0.24073058
3wca_FPS_B_401,0,0.61599943,0.042207883,0.13260533,0.040585563,0.2896517,0.24400609
3wca_FPS_C_402,0,0.91551948,0,0.1325401,2.990651e-06,0.27323421,0
3wca_FPS_D_401,0,0.6097297,0.042400659,0.13293528,0.062996951,0.29273651,0.24713971
3wgc_PLG_A_401,0,0.97673135,0.050749209,0.15310878,0.93901007,0.94286023,0.94045521
3wgc_PLG_B_401,0.99242287,0.84807368,0.036583159,0.15704984,0.45592065,0.23100615,0.2302864
3wgc_PLG_C_401,0.98540505,0.73131537,0.040720253,0.16473681,0.95621872,1.601904e-08,0.57466755
3wgc_PLG_D_401,0.97951194,0.97108699,0.03278121,0.15009925,8.9902259e-06,0.16975887,0.16747368
3wk1_O7E_A_301,0.98620248,0.43920272,0.040746264,0.16168048,0.98950946,0.076915426,0
3wlf_FEH_A_401,0.99626471,0.41658167,0.040350257,0.16104276,0.95949053,0.0052042243,0.0052109764
3wlf_FEH_B_401,0.99680978,0,0.043284474,0.16022275,0.95626562,0.23707281,0.23356925
3wlf_FEH_C_401,0.9948248,0.97645949,0.032639334,0.15038214,1.32047e-05,0.16797246,0.16636652
3wlf_FEH_D_401,0.99676535,0.41969912,0.040641019,0.16168103,0.99247392,0.019758724,0.019366173
3wqs_KBK_B_503,0.99157589,0.45156595,0.04006981,0.16068609,0.91971244,0,0.044308086
3wr4_GDE_B_502,0.98247533,0.98741293,0.03851261,0.16301245,0.87567593,0.24114882,0.0047040027
3wsg_CIT_A_302,0.98930535,0.7378061,0.039491706,0.16168274,0.79585381,0.25509026,0.25356778
3wsg_CIT_B_302,0.98773373,0.98369108,0.034202035,0.15392391,0.23730957,0.19976978,0.13855452
3wsg_CIT_C_302,0.91616998,0.4838645,0.034303098,0.14583819,0.042814166,0,0
3wsg_CIT_D_302,0,0.73575232,0.043410893,0.13641909,0.1702115,0.44217479,0.40557904
3wsg_CIT_E_302,0,0.63532418,0.045139379,0.13887613,0.38587088,0.41838942,0.37908694
3wsg_CIT_F_302,0.98695186,0.82511065,0.035633302,0.15468041,0.31520872,0.20473925,0.20226596
3wug_XYP_B_1,0.98385515,0,0.035480301,0.14416469,0.025063867,0,0
3wug_XYP_C_2,0.24022558,0,0.040889225,0.13092833,6.1534215e-06,0,0
3wur_O4B_A_202,0.97220594,0.38204476,0.039569502,0.15748971,0.78454159,0,0
3wur_O4B_B_201,0.83349925,0.10187215,0.042402603,0.15516813,0.88813638,0,0
3wur_O4B_B_202,0.63647398,0.86049093,0.039460385,0.1524553,0.66718391,0,0
3wur_O4B_B_204,0.61499371,0.057226008,0.044484178,0.15172864,0.9262004,0,0
3wwc_BUA_A_402,0,0,0.042694412,0.1267748,6.7551523e-08,0,0
3wwc_BUA_A_403,0.97680429,0.98285024,0,0.14937844,3.367669e-05,2.8717599e-05,0.091405101
3wxo_NIZ_A_802,0,0.94829447,0.04035095,0.1335923,0.053818481,0.29510202,0
3wxo_NIZ_A_803,0.0014440756,0.99258045,0.039815959,0.13307073,0.00016827594,0.30281027,0
3wxo_NIZ_A_804,0.0010568972,0.0018437698,0.042679579,0.12680292,2.4608157e-06,0,0
3wzo_ZOE_A_201,0,0.074794868,0.049014186,0.14161115,0.89958725,0.14036856,0
3wzo_ZOE_B_201,0,0.060298694,0.049374941,0.1422156,0.94276517,0.14390835,0
3zbs_OVE_A_1380,0,0.99336901,0.046744301,0.14707617,0.85478272,0.50998789,0.12104376
3zcm_PX3_A_1214,0,0.97542855,0.039873395,0.13293363,0.00011806347,0.29649875,0
3zcm_PX3_B_1216,0,0,0.042694411,0.1267748,0,0,0
3zjq_NCA_A_300,0.0025526084,0.98903597,0.039815309,0.13306343,6.0154675e-06,0.30117938,0
3zog_A2Q_A_200,0,0,0,0.1268825,0.0070547844,0,0
3zp7_PRE_A_1118,0,0,0.04961252,0.14140962,0.96707904,0,0
3zr0_8OG_B_1157,0.95974371,0,0.041867707,0.15687667,0.89262757,0,6.869501e-09
3zv6_4HB_A_1277,0,0.59540619,0.042841064,0.13368907,0.11419696,0.29978394,0.25429862
3zwe_FUC_A_110,0,0.97461679,0.051431007,0.15444517,0.99732843,0.99734029,0.99729766
3zwt_KFZ_A_1401,0.98430495,0.97277135,0.032736718,0.15018766,5.3647083e-07,0.16919837,0.16712576
3zwt_ORO_A_1398,0.20988912,0.70097246,0.039914751,0.13588633,0.00013061549,0.25958951,0.22316599
3zyx_MBT_A_601,0.99571843,0.97677678,0.032630939,0.15039845,0,0.16786636,0.16630003
3zyx_MBT_B_601,0,0.099210104,0.048406583,0.14059309,0.82686467,0.13440664,0
3zzm_JLN_A_1526,0.96898039,0.43090323,0.040938826,0.16141073,0.99370554,0.078496367,1.4604829e-07
3zzv_FUC_B_401,0,0.97359332,0.051437919,0.1544456,0.99761764,0.99747654,0.99755056
4a01_2PN_B_1773,0.99262336,0,0.035235113,0.143937,0,0,0
4a3u_NCA_A_1359,0.99429191,0.98028514,0.033042098,0.15129197,2.3506685e-05,0.24337343,0.24548973
4a7a_RGZ_A_601,0.99485876,0.9764751,0.032638906,0.15038257,1.0724182e-08,0.16796668,0.16636222
4a7a_RGZ_B_601,0.98458192,0.96547215,0.032961568,0.15058201,0.026439241,0.1728052,0.17080245
4a7x_UDP_B_1241,0.94721058,0.94395304,0.039801944,0.16398659,0.99593217,0.24981304,0
4a8p_PAO_A_1340,0.98902869,0.43795979,0.040779491,0.16183336,0.99657982,0.077292099,0
4a8p_PAO_C_1340,0,0.10795822,0.048188875,0.14022831,0.80080776,0.13227045,0
4a8p_PAO_D_1340,0.88022415,0.90804249,0.034568485,0.14974959,0.1008177,0.19522143,0.18875159
4a8p_PAO_F_1340,0,0.11973907,0.047895694,0.13973708,0.76571764,0.12939371,0
4a9j_TYL_A_1188,0.99415303,0.99128895,0.031802585,0.14973219,0.00028638637,0,0.092554408
4a9j_TYL_B_1187,0.99918209,0.99386227,0.038316225,0.16383882,0.95811048,0,0
4a9j_TYL_C_1184,0.99701044,0.99584009,0.036261933,0.15895728,0.5980144,0.19200359,0
4adl_LMR_D_1468,0,0.62735349,0.04185878,0.13200781,0,0.2840653,0.23833132
4adm_SRT_C_1466,0,0.62735349,0.04185878,0.13200781,0,0.2840653,0.23833132
4ajj_88R_B_1333,0.99150414,1,0.043770483,0.171521,0.98889625,0.98582353,0.98836276
4ajj_88R_C_1335,0.9930883,0.44155079,0.040693668,0.16182929,0.99074973,0.076530778,1.0073222e-05
4ajj_88S_A_1332,0.97726652,0.9830246,0.038874003,0.16354354,0.91896708,0.24545572,0
4ajj_88S_B_1332,0.99295854,0.98505575,0.033344522,0.15191194,0.035706876,0.25621897,0.25893314
4ajj_88S_C_1334,0.99264221,0.98744677,0.033058345,0.15134489,0,0.24940272,0.25183479
4ajj_88S_D_1332,0.96835044,0.97852735,0.033350242,0.15102896,0.0089882123,0.25319599,0.2545864
4ajj_MLI_A_1333,0.99369265,0.92703882,0.038183525,0.16145503,0.56591784,0,0.95322187
4ajj_MLI_D_1333,0,0.88498949,0.051298047,0.15311595,0.95931022,0.96001536,0.95990453
4al9_GLA_A_1123,0.94428736,1,0.044239551,0.17090646,0.99731625,0.99717157,0.9974034
4al9_GLA_B_1123,0.997371,1,0.043830273,0.17180514,0.9964365,0.9964507,0.99657122
4al9_GLA_C_1123,0.94486765,0.44052868,0.041202158,0.16120378,0.99489451,0.09759385,0.021251355
4al9_GLA_D_1123,0.91528956,1,0.044427068,0.17034961,0.9948591,0.99493079,0.99475716
4al9_GLA_E_1123,0.98905997,1,0.043901932,0.17167824,0.99723239,0.99724919,0.9970911
4al9_GLA_G_1123,0.96910569,0.43487168,0.04096147,0.16149506,0.99563934,0.082655243,0.0049342247
4aql_TXC_A_1452,0,0.061952343,0.049333788,0.14214665,0.93783965,0.14350455,0
4aw0_MJF_A_600,0,0,0.042694411,0.1267748,1.715285e-10,0,0
4b1f_DGL_A_1257,0.0014380996,0.98003017,0.051067313,0.1538977,0.97114198,0.97009739,0.96934558
4b1f_DGL_B_1256,0.0023638514,0.97911739,0.051190781,0.15413979,0.98135004,0.97997862,0.97999946
4b1f_KRH_A_1256,0.9184049,0.97506368,0.033730696,0.15008926,4.0960437e-06,0.26561578,0.26531484
4b1f_KRH_B_1257,0,0.95203713,0.039935431,0.13277864,1.8713326e-07,0.28746159,0
4b1y_LAB_B_1376,0.0017843648,0,0.049998883,0.14211392,0.99776604,0.088473418,0
4b5v_E8U_A_1253,0,0.62397889,0.041962538,0.1321854,0.012062637,0.28572566,0.24001795
4b5v_E8U_B_1254,0.88630508,0.97506043,0.034040201,0.14964074,0.0021895931,0.27724463,0.27605717
4b98_PXG_A_470,0,0.95105891,0.039938061,0.13277223,0,0.28708446,0
4b98_PXG_B_470,0,0.98621689,0.04726556,0.14834554,0.98518196,0.46691219,0
4b98_PXG_D_470,0.99305579,0,0.042332673,0.15896579,0.99261867,0,0
4bbx_LKF_A_1760,0.97978534,0,0.035331587,0.14371503,6.3422381e-09,0,0
4bdr_CYS_B_804,0,0.64059435,0.042011558,0.13257525,0,0.32785186,0.28455571
4bdr_KAI_B_900,0.92350269,0.96895492,0.044112952,0.16958235,0.95036284,0.98520634,0.98536359
4bq5_GAL_C_1,0,1,0.051311459,0.15453582,0.99531233,0.99527068,0.99557529
4bu7_25F_A_2165,0.99542246,0.44197474,0.040684766,0.16189458,0.992241,0.07647722,0
4bu7_25F_C_2165,0.99673568,0.44204421,0.040684103,0.16193864,0.99359914,0.076494252,0
4buf_F36_A_2162,0.97707337,0,0.042454762,0.15869366,0.99289624,0,0
4buf_F36_B_2162,0.97541797,0,0.042427878,0.15858185,0.98739917,0,0
4buv_16I_A_2165,0.99517154,0,0.041929366,0.15818284,0.93846317,0,0
4bux_F35_A_2166,0.81415458,0.39241418,0.041770948,0.15747942,0.92382908,0.08388663,0
4bvh_OCZ_A_1393,2.4791712e-05,0,0.049688546,0.14207455,0.99762243,0,0
4bvh_OCZ_C_1394,0.98447356,0,0.04243868,0.15890523,0.9984219,0,0
4bz6_SHH_B_700,0.97872213,0.97081234,0.032788453,0.15008453,8.8375209e-09,0.16984981,0.16752956
4bz6_SHH_C_700,0.93851565,0.93886631,0.033709488,0.1502806,0.063757479,0.18331774,0.17935286
4bz6_SHH_D_700,0.98935604,0.97454406,0.032689903,0.15028094,3.2331249e-09,0.16860884,0.16676029
4c2p_X8Z_A_709,0.98923888,0.94641592,0.038725868,0.16374687,0.9800801,0,0
4c2z_646_A_1498,0.95322667,0.96358836,0.034712341,0.15313233,0.16038667,0.28412502,0.2860013
4c7g_NGO_A_1495,0,0,0.049552828,0.14185685,0.98097349,0.00072545102,0.00072600716
4can_M7K_A_800,0,0.62735349,0.04185878,0.13200781,5.735535e-12,0.2840653,0.23833132
4can_M7K_B_800,0,0.62735349,0.04185878,0.13200781,7.1998869e-09,0.2840653,0.23833132
4cb5_93G_A_1484,0,0,0.042695255,0.12677658,0.00011797458,0,0
4cdt_M48_A_801,0.035791247,0.63991355,0.041527084,0.13266887,3.4183517e-08,0.27988851,0.23574215
4cdt_M48_B_801,0,0.62735349,0.04185878,0.13200781,1.4228179e-13,0.2840653,0.23833132
4cjs_L0Y_A_1217,0,0.62729214,0.041860666,0.13201104,0.000219282,0.28409548,0.23836198
4cjs_L0Y_B_1217,0.98314179,0.97217893,0.032753163,0.15017587,0.00065909587,0.16942476,0.16730199
4cju_JNS_A_1217,0,0,0.049662647,0.14203095,0.99445078,0,0
4cju_JNS_B_1214,0,0,0.049659606,0.14202593,0.99408154,0,0
4cjv_IV2_A_1212,0.99438721,0.99705003,0.038618872,0.1643576,0.99615102,0.0012203444,0.0012211086
4cjv_IV2_B_1215,0.9945621,0.99581782,0.038749793,0.16443513,0.97667082,0.05171607,0.052108639
4cjw_CBJ_A_1215,0.975414,0.96775917,0.032877292,0.15012302,0.0067639809,0.17116689,0.16871463
4cjw_CBJ_A_1216,4.6666931e-07,0.62735302,0.041858795,0.13200785,2.2569333e-06,0.28406555,0.2383316
4cjw_CBJ_B_1217,0.99189749,0.97322822,0.03273423,0.15044406,0.0078914951,0.16939848,0.16767985
4cjw_CBJ_B_1218,3.6857397e-07,0.62735014,0.041858883,0.132008,1.2422221e-05,0.28406696,0.23833303
4cld_JUO_B_1270,0,0,0.042694411,0.1267748,0,0,0
4cld_JUO_C_1270,0,0,0.042695351,0.12677678,0.0001313266,0,0
4cld_JUO_D_1270,0,0,0.042706501,0.12680037,0.0016900192,0,0
4cle_JR2_A_1270,0.99282038,0,0.035237468,0.14394852,0.00053617997,0,0
4cle_JR2_A_1271,0,0.62733562,0.041859329,0.13200875,6.3886891e-05,0.28407409,0.23834025
4cle_JR2_C_1270,0.99120331,0,0.035256048,0.14393416,0.0014347363,0,0
4cle_JR2_D_1270,0.99116582,0,0.035255218,1.0113227e-43,0.0008312329,0,0
4cle_JR2_D_1271,0,0.62731405,0.041859992,0.13200989,0.00014098235,0.2840847,0.23835103
4clo_XP0_B_1270,0,0.62488352,0.041934724,0.1321378,0.0088290075,0.28528057,0.23956581
4clo_XP0_D_1270,0.9637722,0.38617804,0.040873876,0.16073596,0.98833029,0,0
4clr_FDB_B_1270,0.1399195,0.99065635,0.04499105,0.14940045,0.98686323,0,0
4clr_FDB_C_1270,0.15304424,0.99520353,0.044541891,0.14894609,0.94024436,0,0
4clr_FDB_D_1270,0.99889934,0.99230682,0.038532152,0.16426562,0.98718323,0,0
4cme_KTZ_A_1270,0.9896458,0.4397427,0.040735622,0.16178109,0.99200478,0.07687271,0
4cme_KTZ_C_1270,0.99550674,0.44355645,0.040645471,0.16183164,0.98763019,0.076093166,0
4cme_KTZ_D_1270,0.95432119,0.43742208,0.040764689,0.16061473,0.95681769,0.076524888,0
4cmk_FQW_A_1270,0.9571559,0.96226252,0.033018502,0.14973787,0.003509029,0.17284955,0.16958032
4cmk_FQW_C_1270,0.95793718,0.96334987,0.032986258,0.14970951,0.00060229797,0.17235828,0.16911738
4cmk_FQW_D_1270,0.99061305,0.97370629,0.032717575,0.15037146,0.004571419,0.16909138,0.16730854
4cno_9PY_D_301,0.99007119,0.97488296,0.042653516,0.16946426,0.92287123,0.73739337,0.96551874
4cpp_ADM_A_422,0.99500518,0.9350857,0.038453902,0.16321281,0.94218556,0,0
4crg_J4X_A_1493,0,0.04210423,0.047894666,0.13911288,0.77980335,0,0
4cw2_XDS_A_1303,0,0,0.042694411,0.1267748,0,0,0
4cx6_Q16_A_800,0,0.62735344,0.041858781,0.13200782,1.8974404e-07,0.28406532,0.23833134
4cx6_Q16_B_800,1.7980389e-11,0.62735349,0.04185878,0.13200781,2.5222448e-13,0.2840653,0.23833132
4cxr_2BG_A_502,0.99651084,0.9942728,0.043695034,0.17145612,0.98196121,0.98565817,0.98467477
4d06_NAR_A_301,0,0.045751056,0.049736977,0.14282221,0.98609638,0.14746072,0
4d06_NAR_D_302,1.0028765e-06,0.62735369,0.041858775,0.13200784,5.4518072e-07,0.28406525,0.23833132
4d06_NAR_F_301,0.97458134,0.96935923,0.032826827,0.15000806,6.360607e-10,0.17033303,0.16782911
4d06_NAR_F_302,0.9941494,0.22789637,0.034401673,0.14524363,0.0044526342,0,0
4d06_X8W_B_301,0.99502186,0.9762164,0.032647109,0.15040221,0.0011293498,0.1681031,0.16650833
4d06_X8W_D_303,0.99223868,0.97548387,0.032665395,0.15033796,0.0002565592,0.16830776,0.16658763
4d0z_BBK_E_1584,0.92336522,0,0.0357564,0.1427413,0.00011604205,0,0
4d2c_ALA_A_508,0.99307788,0.97327179,0.041968984,0.16821753,0.85472701,0.7050131,0.92742494
4d3s_BOG_F_1000,0.96742037,0.45784854,0.040266988,0.16023139,0.91158733,0.071876099,6.1716387e-10
4d3s_BOG_H_1000,0.95094108,0.9610632,0.033045916,0.14957143,2.0973815e-07,0.17309184,0.1695393
4d4u_FUC_A_950,0.98504497,0.96898335,0.043986125,0.17133134,0.99233232,0.99216204,0.99187064
4d5e_TPP_B_1590,0,0.93239528,0.051292647,0.15362248,0.99438554,0.9288679,0.96079979
4d96_5PA_A_501,0,0.050168868,0.049627034,0.14263799,0.9729376,0.14638194,0
4d96_5PA_C_402,0,0.53687875,0.044640608,0.13676913,0.32340574,0.32858048,0.28355072
4d96_5PA_D_501,0,0.10733852,0.048204297,0.14025415,0.80265359,0.13242178,0
4dab_HPA_A_301,0.26485807,0.99653745,0.043815358,0.15113755,0.95683889,8.6265855e-07,7.7131415e-07
4dch_4DC_A_502,0.96829989,0,0.040711957,0.1547157,0.74005399,0,0
4dch_GLC_A_501,0,0.98351441,0.045951224,0.14667496,0.96669289,0.0049832634,0.0049831128
4dd8_BAT_A_1000,0,0.94422995,0.046016696,0.14525546,0.80441982,0.42021826,0
4dd8_BAT_B_1000,0.93643228,0.95764167,0.033563291,0.15017105,3.0038879e-07,0.24608925,0.24541696
4dd8_BAT_C_1000,0.59027314,0.82103748,0.036682348,0.14345473,0,0.26150581,0.24409416
4dd8_BAT_D_1000,0,0.85697465,0.040205129,0.13218511,0.0018555858,0.2511287,0
4do1_ANN_A_502,0.99576008,0.98213036,0.033028934,0.15133389,2.6620655e-08,0.24426821,0.24651938
4do1_ANN_B_502,0.99638973,0.98563776,0.033023916,0.1513817,1.6661633e-08,0.24672695,0.24917366
4do1_ANN_C_502,0.99806827,0.97909159,0.033007341,0.15133555,8.3470383e-08,0.24115158,0.24331426
4dt8_ADN_A_401,0,0.99032548,0.039834296,0.13303266,0.00012771171,0.30235995,0.0002270098
4dt8_ADN_B_401,0.9783334,0.44500606,0.040612774,0.16119215,0.96478848,0.076026471,0.00070465027
4dta_ADN_A_401,0.99050774,0.95769081,0.033209843,0.1512104,0.061687314,0.17696539,0.17530225
4dta_ADN_B_401,0.98202126,0.93776089,0.033809709,0.15194576,0.12228223,0.18629634,0.1843887
4dtb_GMP_A_401,0,0,0.049900028,0.14185007,0.98272948,0.086317315,0
4dtb_GMP_B_401,0.99279644,0,0.041155472,0.15646689,0.82778591,0,0
4du7_DP6_B_401,0.98082006,1,0.042505327,0.16956829,0.9694456,0.60183365,0.93118625
4dvw_0M4_A_512,0.74357877,0.98815446,0.037790916,0.15318793,0.43757487,0.30284521,0.16832069
4dvw_0M4_B_512,0.62514079,0.99097395,0.041697579,0.15661737,0.65702038,0.51528455,0.51498492
4dwv_PFB_A_378,0.99004499,0.98319331,0.043550158,0.17081179,0.95270841,0.97711035,0.98385887
4dwv_PFB_B_378,0.99182577,0.98198648,0.043614799,0.17100487,0.96671165,0.97598258,0.97443221
4e7v_CRS_A_101,0.99772182,0.98615407,0.033229451,0.15249293,0.16944603,0.13861125,0.044329111
4e7v_CRS_C_101,0.039583284,0.99096455,0.050643211,0.1544378,0.96273961,0.9626923,0.96299322
4e7v_CRS_I_101,0.9978539,0.98707028,0.035217622,0.15669564,0.4515021,0.16925486,0.010759305
4e7v_CRS_K_101,0.99652202,0.9820967,0.043722128,0.17136584,0.98189861,0.98183247,0.98171348
4e7v_CRS_M_101,0.99555703,0.98743952,0.039797313,0.16591983,0.99087744,0.22673155,0.22714645
4e7v_CRS_O_101,0.9942327,0.98736929,0.042878147,0.17023063,0.99386439,0.80625289,0.80527909
4e7v_CRS_Q_101,0.99832261,0.98753869,0.038680242,0.16379264,0.86585662,0.18847811,0.1888693
4e7v_CRS_U_101,0.99700699,0.99039757,0.039587491,0.16562251,0.97613473,0.21048884,0.21217742
4e9z_651_A_301,0.99823689,0,0.036634078,0.14708272,0.2014575,0,0
4ea0_651_B_305,0.88660388,0.99105793,0.034022958,0.14978387,9.1467988e-07,0.28881218,0.2884195
4eip_K2C_A_601,5.6946077e-06,0.62735549,0.041858727,0.13200792,0,0.28406463,0.23833091
4ejh_0QA_D_502,0,0.62603384,0.041899355,0.13207726,0.0047171411,0.28471459,0.23899088
4ejh_0QA_E_502,0.72563523,9.265573e-05,0,0.14717165,0.51869388,0,0
4ejh_0QA_F_502,0,0.061761816,0.04933853,0.1421546,0.93840715,0.14355108,0
4ek1_CAM_A_502,0.066424545,0.63765977,0.041643017,0.13391899,0.046482637,0.28271175,0.24002542
4ek1_CAM_B_502,0.072793645,0.64077788,0.041556841,0.13399016,0.043326237,0.28153402,0.23912333
4ekr_0R0_A_202,0.9971705,0.99177384,0.037674583,0.15870861,0.13947097,0.98534401,0.98582054
4ekr_0R0_A_203,0.0064548937,0.94166089,0.039946175,0.13287013,0,0.28662477,0.0088247875
4ekr_0R0_B_203,0,0.99207739,0.045094068,0.14129788,0.12591395,0.99014366,0.99016093
4evi_C9M_A_402,0,0,0.049622044,0.14196393,0.98952122,0,0
4evq_PHB_A_406,0.99542033,0.99270094,0.038624094,0.16434988,0.99658743,0,0
4evq_PHB_B_402,0.98976449,0.99211104,0.03865884,0.16422787,0.99519428,0,0
4evs_PHB_A_408,0.9955027,0.39716442,0.040650314,0.16146038,0.99611657,0,0
4f06_PHB_A_401,0.98213379,0.99116736,0.038718584,0.16408851,0.99503577,0,0
4f8n_GAL_A_204,0.98184816,0.96241952,0.041211095,0.16643025,0.80353539,0.63072865,0.80339719
4f8n_PC_A_202,0.9663152,0.92965042,0.033286023,0.15031642,2.5810723e-07,0.21440056,0.21315776
4fa2_SB0_A_402,0,0.62735349,0.04185878,0.13200781,0,0.2840653,0.23833132
4fh7_TBP_A_202,0.02861531,0.020652629,0.042402287,0.12738007,4.0272779e-05,0,0
4fm6_TYR_C_259,0,0,0.042694411,0.1267748,0,0,0
4fxr_BMP_A_301,0.9869602,0.45669659,0.039938621,0.16030658,0.89895044,0,0.042744709
4fxr_BMP_B_301,0.99338946,0.47730205,0.039450339,0.15971147,0.84727252,0,0.039070458
4g1q_T27_A_601,0,0,0.042694413,0.1267748,2.6334242e-07,0,0
4g1x_TQU_A_409,0,0.62735245,0.041858812,0.13200787,3.7308404e-06,0.28406581,0.23833184
4g1x_TQU_A_410,0.9971105,0.93159247,0.034022341,0.15282774,0.1632594,0.19017575,0.18902666
4gcq_0JM_A_401,0,0.91666671,0.046644362,0.14621924,0.87789235,0.42199315,8.7788002e-09
4gcq_0JM_B_401,0.00023758942,0.97055429,0.039883715,0.13290387,2.3658596e-06,0.29454946,1.3648693e-07
4gh8_MTX_B_201,0.97815095,0,0.042355866,0.15852021,0.98020355,0,0
4ghf_4NC_A_402,0,0.6265321,0.041884035,0.13205104,0.002936082,0.28446943,0.23874185
4ghf_4NC_C_402,0,0.94652896,0.03996789,0.13277905,0.002341934,0.28573345,0
4ghf_4NC_D_402,0,0.62735349,0.04185878,0.13200781,0,0.2840653,0.23833132
4gim_PSU_A_400,0,0.86227518,0.041897271,0.13574734,0.22835766,0.29140001,0
4gim_PSU_B_400,0.97830455,0.91511043,0.034017939,0.15205341,0.10406538,0.22466281,0.2241725
4gim_PSU_C_400,0.94561269,0.79013062,0.033449679,0.14848769,0.00043871067,0.11520106,0.10630742
4gps_CIT_A_501,0,0.52911454,0.044879335,0.13717773,0.35115921,0.33240061,0.28743128
4gt9_MEF_A_304,0,0,0.042694445,0.12677487,4.637946e-06,0,0
4gy9_ZIP_A_201,0.99409346,0.98823186,0.03691853,0.16011808,0.67768399,0.20474192,0.0031092819
4h0x_LAR_B_403,0,0.98401795,0.046146593,1.6227145e-41,0.99747829,0,0
4h4c_10D_B_402,0,0.90521305,0.040365408,0.13310054,0.040354752,0.27622204,0
4h9x_HL4_A_404,0.58616657,0.9850088,0.03931566,0.15144056,0.55857501,0.26905681,0
4hey_4MZ_A_307,0.071537657,0,0.042156943,0.12801191,1.6473936e-05,0,0
4hey_4MZ_A_308,0.8286018,0,0.03646988,0.14110574,0.00030598116,0,0
4hez_1MZ_A_302,0,0.98590196,0.039844332,0.13300037,2.7716504e-08,0.30051626,0
4hez_1MZ_A_307,0.076795885,0.78738104,0.039582103,0.13299145,0.0004586778,0,0.1512969
4hgg_SYN_A_502,0.99810189,0.86131549,0.032983479,0.1500503,1.8623296e-05,0.15127336,0.14747033
4hmx_WUB_A_302,0.0001287914,0,0.042702188,0.12679552,0.0012224197,0,0
4hon_AKG_A_401,0.99662671,0,0.047564672,0.16643806,0.99502428,0.99507849,0.99503453
4hon_AKG_B_401,0.99329821,0,0.047462349,0.16616698,0.99500132,0.99470678,0.94454028
4hoz_GLC_A_703,0.99290205,0.59604478,0.040823847,0.1634199,0.97618737,0.20673701,0.16170067
4hrq_AZG_A_201,0.012747853,0.97877727,0.040200439,0.13398314,0.037300879,0.32196741,0.040063501
4hrq_AZG_B_201,0,0.62735349,0.04185878,0.13200781,0,0.2840653,0.23833132
4hxk_1AJ_A_201,1.5991157e-05,0.94145401,0.039794046,0.13283916,1.5934067e-05,0,0.23505211
4hzf_CMP_A_301,0.48825785,0.99347446,0.042401402,0.85692209,0.99443786,0,0
4hzf_CMP_A_302,0.8709495,0.98035391,0.040333965,0.16298446,0.99770562,0.28045795,0
4hzf_CMP_B_301,0,0.042842937,0.049809349,0.14294347,0.99475842,0.14817084,0
4i02_CMP_A_301,0,0.50314765,0.045677739,0.13854426,0.44397894,0.34517678,0.30040957
4i02_CMP_A_302,0.87754944,0.86847968,0.035780851,0.15173282,0.23888144,0.21453735,0.20824949
4i02_CMP_B_301,0.96012242,0.42731789,0.041020855,0.16124349,0.99382756,0.079142396,0
4i02_CMP_B_302,0.18131332,0.11447697,0.048173878,0.14643984,0.99747704,0.13537253,0
4i02_CMP_C_301,0,0.043289704,0.049798231,0.14292484,0.9934277,0.14806175,0
4i0b_CMP_A_301,0.53440727,0.25687487,0.04491685,0.15312799,0.99414521,0.10974159,0
4i0b_CMP_A_302,0.97462773,0.43245913,0.040904687,0.16154778,0.99580115,0.078262481,0
4i0b_CMP_B_301,0.89837496,0.99509246,0.040055245,0.16350116,0.99540471,0.27988457,0
4i0g_1B9_A_504,0.80440916,0.98539928,0.033743396,0.14720097,0.052870756,0.13757793,0.00078862754
4i4v_NGA_A_201,0,0.94789829,0.051354889,0.15398672,0.9838492,0.98220294,0.98213771
4i4v_NGA_A_202,0.96863382,0.93122381,0.043051719,0.16831694,0.8267704,0.9916923,0.98645358
4i4v_NGA_B_202,0,0.97947437,0.044876373,0.14436622,0.81798704,8.7807817e-06,8.7304767e-06
4i4v_NGA_D_201,0.98665319,0.98194089,0.038153045,0.1629199,0.91589457,2.3976367e-07,2.39634e-07
4i6s_FUC_A_102,0,0.92303043,0.051626017,0.15417384,0.99747072,0.99744441,0.99747106
4i6s_FUC_B_101,0.52744812,0.95106866,0.047562593,0.16345193,0.99787803,0.99790919,0.99789244
4i6s_FUC_C_101,0.74154165,0.96938942,0.044900545,0.16584616,0.99215671,0.81237836,0.82584714
4i6w_1CO_A_501,0.00035806334,0.97878582,0.040907905,0.1346544,0,0.34718919,0.3689567
4i6w_1CO_B_1001,0.98595935,0.97242646,0.033204601,0.15125992,0.010918322,0.24292681,0.24452891
4i6y_MEV_A_501,0,0.97424084,0.041565208,0.1355192,0.00099556579,0.47162222,0.48337873
4i6y_MEV_B_1001,0.99439308,0.97619063,0.040371244,0.16595157,0.86946354,0.49691222,0.48466494
4i9n_1E5_A_402,0.88465507,0.40460155,0.041524898,0.15949217,0.97154926,0.082735746,0
4i9n_1E5_D_402,0.8644883,0.71963362,0.04033754,0.15908353,0.754554,0.28704132,0.28129698
4i9n_1E5_G_402,0.86354281,0.7185533,0.040369317,0.15910546,0.75722964,0.28751995,0.28173949
4i9n_1E5_H_402,0.89727759,0.94223135,0.033543242,0.14858028,8.9851661e-09,0.17935427,0.17342134
4i9n_1E6_B_401,0.89919613,0.7105874,0.040668524,0.16084162,0.83042756,0.29343458,0.28939501
4i9n_1E6_C_401,0.97730695,0.97467738,0.042189021,0.16815488,0.8655176,0.71269796,0.93120851
4i9n_1E6_F_401,0,0.96750572,0.049699369,0.15070331,0.80910911,0.88989707,0.93153309
4i9n_1E6_G_401,0,0.59974284,0.042707725,0.13346085,0.098695396,0.29765022,0.25213116
4i9n_1E6_H_401,0.7574588,0.70622741,0.040586799,0.15583565,0.66821738,0.28764771,0.2769678
4ict_1ED_A_406,0.98235538,0.96989592,0.033244564,0.15119357,0.011869561,0.24247471,0.24385688
4ioq_BAQ_A_201,0.99515791,0.98961076,0.031796926,0.14973242,2.1962924e-05,0,0.091566317
4iph_1FJ_A_201,0.98293708,0,0.037656115,0.14873702,0.32825542,0,0
4iph_1FJ_A_202,0.0023835989,0,0.042713837,0.12689499,0.0052194573,0,0
4itu_1HS_A_302,7.9335427e-06,0.62735627,0.041858706,0.13200796,0,0.28406437,0.23833074
4itu_1HS_B_302,7.3478855e-06,0.16886437,0.045372644,0.13523619,0.48153044,1.5339157e-06,0.00048087843
4itu_1HS_C_302,7.119074e-06,0.54512244,0.04438715,0.13633556,0.29394724,0.32452484,0.27943124
4itu_1HS_D_302,5.1528215e-06,0,0.049178354,0.14123182,0.935659,1.8188675e-06,1.8979311e-06
4ixw_IXW_A_302,0.96004684,0.49229062,0.039248658,0.15829176,0.78511343,0.0084774878,0.04180736
4ixw_IXW_B_302,0.00090207446,0.8743118,0.040168071,0.13234748,0.0038590219,0.25818806,0.00044829318
4j0k_EGR_B_501,0.9409488,0.77542336,0.033489867,0.14825823,0.00053170677,0.10561335,0.095843338
4j4b_0TF_A_904,0.97641548,0,0.041432474,0.15650924,0.8492999,0,8.7735336e-09
4j4b_0TF_B_301,0.97586855,0,0.042087542,0.15787685,0.94029711,0,1.0313586e-08
4j7u_YTZ_C_802,0.95342618,0.9616107,0.033032865,0.14963441,0.0011604346,0.17296153,0.16952175
4jb0_ENO_A_402,0.93883266,1,0.044249101,0.17075355,0.99453131,0.99515966,0.9950233
4jh6_FCN_A_202,0.99536604,0.92701857,0.036373457,0.15871686,0.64751537,0,0
4jhh_H35_A_201,0.96983172,0,0.035412878,0.14355667,0.00090745135,0,0
4jm8_26D_A_302,0.99824273,0.99634861,0.033886913,0.15409482,0.28426601,0.13898299,0
4jmz_1M2_A_302,0.99655803,0.99511189,0.036264937,0.1560969,0.01217083,0.8932061,0.89138669
4jp3_CIT_A_301,0,0.95892052,0.040571131,0.13441114,0.060732711,0.086898461,0.30143819
4jwx_1N4_A_301,0.99003527,0.39812512,0.040625477,0.16123098,0.98708271,0,0
4jxh_HRC_A_301,0.98481105,0,0.035302253,0.14381977,0.0011788271,0,0
4jzx_476_A_402,0.98889299,0.45536658,0.040346191,0.16110269,0.94457069,0.073038051,0
4jzx_476_B_402,0,0.057288898,0.049449844,0.14234111,0.95173007,0.14464331,0
4jzx_IPE_B_401,0.98659831,0.97311959,0.033110399,0.15109722,2.6341609e-09,0.24055928,0.24209406
4k5g_Q13_A_803,0.021061927,0.63474466,0.041663588,0.13239682,6.8728764e-13,0.2816074,0.23680768
4k5g_Q13_B_803,0.22522573,0.70639101,0.039771496,0.13616767,2.6709003e-13,0.25778177,0.22203826
4k5u_GAL_A_301,0.99269207,0.989861,0.042620377,0.16937046,0.89886766,0.88552765,0.88534041
4kcf_FMN_A_502,0,0.62734926,0.04185891,0.13200804,1.5124636e-05,0.28406738,0.23833343
4kfj_1R0_A_202,0,0.62728102,0.041861008,0.13201163,0.0002590492,0.28410095,0.23836754
4kp7_1UQ_A_503,0,0,0.049248936,0.14134812,0.94422287,0,0
4kp7_1UQ_B_502,0.99343385,0.41157569,0.040329031,0.16085881,0.95483281,0,0
4kqx_HIO_A_402,0.81156222,0.95520729,0.039057802,0.15805006,0.75291498,0.24477693,0.005095586
4kqx_HIO_B_401,0.80305821,0.92153853,0.037060451,0.15313782,0.44556243,0.20235092,0.045117141
4kux_FPS_B_405,0,0.13378947,0.045859092,0.13575315,0.53266792,0,0
4kwk_CSS_A_302,0,0,0.042694411,0.1267748,0,0,0
4kwl_3SS_A_302,0.98946674,0.99136081,0.041292763,0.167437,0.90050951,0.6277726,0.62750063
4l1x_STR_A_402,0.98821587,0.9838654,0.033097865,0.15123899,7.4621985e-07,0.24820011,0.25032519
4l1x_STR_B_402,0,0,0.042739387,0.12686994,0.006287124,0,0
4l4d_CAM_A_503,0,0.61410772,0.042266047,0.13270488,0.047347539,0.29058245,0.24495157
4l7p_M95_A_601,0.97495861,0.96936564,0.032827205,0.15002165,0.00045034415,0.17035099,0.16786478
4l80_OXL_A_402,0.99550802,0.92323582,0.039324684,0.16423809,0.94922082,0.25078178,0.052766983
4l80_OXL_B_402,0.98072824,0.97151634,0.032769861,0.15012159,0,0.16961569,0.16738443
4l80_OXL_C_402,0.99606764,0.89754559,0.035067594,0.15458097,0.28365325,0.20686906,0.20593587
4l80_OXL_D_402,0.99482162,0.97646207,0.03263925,0.15038189,0,0.16797102,0.1663649
4l80_OXL_E_402,0.99179727,0.97540075,0.032667278,0.15032603,0,0.16832395,0.16658369
4l80_OXL_F_402,0.99232612,0.75577593,0.039420892,0.16190352,0.78572142,0.27641287,0.27640697
4lcq_URQ_A_603,0,0.92246362,0.051311617,0.15359189,0.97097524,0.97287356,0.97387911
4lek_1DN_X_202,0,0.99418086,0.047048973,0.14799423,0.95927662,0.46561007,0
4lo1_GAL_A_301,0.97194241,0.96615984,0.043831161,0.17060715,0.97033081,0.971706,0.97187122
4lo1_GAL_B_301,0,0.95478858,0.044571549,0.14328634,0.74117009,0.029019616,0.028775082
4lol_1YE_A_401,0.99795073,0.46325196,0.039797107,0.16045011,0.89386936,0,0.04250895
4lol_1YE_A_402,0.99567078,0.97676006,0.032631381,0.15039757,3.5719712e-09,0.16787192,0.16630347
4luu_BTM_A_704,0.00048386375,0,0.042690775,0.12678316,0,0,0
4lvb_20N_A_601,0.99175998,0.99096027,0.033067074,0.15136994,3.6617963e-07,0.2523888,0.25497386
4lxi_22J_A_301,0.90201603,0.7321021,0.040011304,0.15981355,0.75705965,0.28300678,0.27893253
4lz7_1YW_B_804,0.19717189,0.69654619,0.040031485,0.13564952,3.3472084e-09,0.26105561,0.2240677
4lz7_1YW_C_804,0,0.62735348,0.04185878,0.13200781,4.1166882e-08,0.2840653,0.23833132
4lz7_GLU_A_802,0,0.62735349,0.04185878,0.13200781,0,0.2840653,0.23833132
4m2c_DAR_C_402,0.97985841,0,0.035331038,0.1437163,0,0,0
4m2c_DAR_D_402,0,0,0.042694411,0.1267748,0,0,0
4m54_AE5_A_403,5.927046e-05,0,0.042693966,0.12677582,0,0,0
4m72_M72_A_402,0,0.54258652,0.044465111,0.13646875,0.30300305,0.32577215,0.28069796
4m72_M72_B_402,0,0.5594749,0.043945844,0.13557999,0.24263483,0.31746277,0.27225713
4ma8_Z80_C_301,0,0.73788609,0.042031149,0.13363764,8.2069673e-07,0.40209225,0.36372518
4mgj_CPZ_A_502,8.6485453e-05,0.98116181,0.039692448,0.13313189,2.4505765e-05,0,0.25335286
4mig_G3F_A_802,0.95445049,0.96016728,0.033078805,0.14974821,0.0076048913,0.17372905,0.17034873
4mig_G3F_B_802,0.98360732,0.97552988,0.035515028,0.15671906,0.47691941,0.16691337,0.00060204633
4mig_G3F_C_802,0.95042455,0.95856389,0.033121976,0.14968388,0.0082861636,0.17429264,0.17073522
4mju_27S_A_501,0.67541437,0.63308555,0.042710789,0.15665429,0.82674956,0.31904334,0.30506935
4mog_G3F_A_802,0.94564143,0.95896525,0.033102353,0.14948608,0.0008515307,0.17382748,0.17004171
4mol_2FG_A_802,0,0.22228776,0.049657804,0.14418606,0.94412743,0.2866134,0.17548204
4mol_2FG_B_802,0.0084512268,0.63031924,0.041780458,0.1321639,0,0.28307905,0.23771995
4mol_2FG_D_802,0.0070901202,0.56439549,0.043805345,0.13558293,0.23393983,0.31543854,0.27052846
4mop_2H5_A_802,0.011034262,0.63122501,0.041756541,0.13221165,2.4594775e-06,0.28277795,0.23753343
4mop_2H5_C_703,0.95564687,0.79603708,0.038127141,0.1584299,0.59579586,0.25455098,0.25250451
4mpr_TPP_A_602,0,0.60877811,0.042429917,0.13298536,0.066398459,0.29320471,0.24761532
4mr7_2BV_A_501,0,0.620865,0.042058281,0.13234928,0.02319336,0.28725775,0.24157427
4mr8_2BW_A_507,0,0.95022785,0.039945581,0.13277649,0.00041973873,0.28711034,0.00053486694
4mux_2E4_A_402,0,0.072244976,0.047225488,0.1380084,0.69855967,0,0
4n36_2F8_B_401,0,0.96811359,0.049110977,0.14969261,0.75492842,0.86585288,0.871185
4n36_2F8_C_401,0,0.62735349,0.04185878,0.13200781,0,0.2840653,0.23833132
4n36_2F8_D_401,0.95954446,0.9240054,0,0.16646022,0.80176874,0.80499103,0.82354371
4n4j_HG1_A_605,0.96596352,0.94848261,0.034685312,0.15429555,0.34090253,7.5086421e-05,0.13794812
4n4j_HG1_A_606,0.5819457,0.83157325,0.036465586,0.14275619,6.1360333e-09,0.21615306,0.19623277
4n4j_HG1_A_607,3.3184418e-08,0.90865764,0.040052369,0.13249512,3.2952515e-05,0.27074457,2.4527108e-10
4n94_2HO_A_401,0.0019292408,0.99624085,0.039838693,0.13317822,0.005013606,0.30493532,0
4n9v_AZA_A_401,0.017437472,0.97544483,0.044166937,0.13966494,9.354593e-09,0.99818906,0.99818656
4n9v_AZA_A_402,0,0.69008367,0.042021524,0.13311566,5.1500805e-07,0.36561569,0.32482681
4ndn_PPK_A_406,0.90226474,0,0.035963131,0.14247837,0.0068493319,0,0
4ndn_PPK_C_404,0,0.94931982,0.039983748,0.13282411,0.00051717749,0.29131668,0.009351784
4nf4_2JK_A_301,0,0,0.055061398,0.14922039,0.99571387,0.99558671,0.99543615
4ni1_2JX_A_203,2.3874317e-06,0,0.042694463,0.12677498,9.7643079e-06,0,0
4ni1_2JX_A_204,0,0,0.042908058,0.12722675,0.029865494,0,0
4nir_6DH_A_307,0.99514521,0,0.035216162,0.1439806,1.4013414e-09,0,0
4nir_6DH_A_308,0,0.62522622,0.041924187,0.13211976,0.0076040251,0.28511195,0.23939453
4nkw_PLO_A_601,0.98700299,0.99535151,0.033111198,0.15134609,2.1286123e-07,0.2573839,0.2600565
4nkw_PLO_B_601,0.99066857,0.9938415,0.033077574,0.15138493,2.0627168e-07,0.2549646,0.25766467
4nkw_PLO_C_601,7.6450406e-07,0.043571728,0.049791213,0.14291311,0.99258858,0.1479929,0
4nkw_PLO_D_601,0.98034375,0.99394282,0.033171446,0.1512302,1.8629093e-07,0.25861084,0.26102318
4np7_DPJ_A_403,0,0,0.054225592,0.14765046,0.91772187,0.94195671,0.94365657
4npm_SIN_A_301,0.99523311,0.40064671,0.040613504,0.16070885,0.96441396,0,0
4npm_SIN_B_301,0.99470736,0.68122719,0.039703013,0.16237978,0.95058507,0,0.11798844
4nr9_ALY_A_2005,0.87533355,0.98503991,0.032784609,0.14776577,0.0037448917,2.9051413e-09,0.11006976
4nv0_MG7_A_403,0.97470418,0.43269799,0.040898805,0.16154056,0.99518081,0.078206135,0
4o7g_ASC_A_303,0.10506859,0.66011167,0.04101152,0.13416486,0.014702431,0.27382766,0.23278628
4o7g_ASC_B_303,0.98358203,0.96904907,0.032850067,0.15035684,0.012399145,0.17098934,0.16891167
4o7g_ASC_B_304,0.12732296,0,0.04175803,2.6980964e-56,0.0017570331,0.0017746249,0
4o95_245_A_602,0.93665459,0.98405158,0.032273859,0.14871894,8.0319187e-07,4.7233173e-08,0.098739991
4ocj_NDG_A_401,0,0,0.054968859,0.1490497,0.98777253,0.98897583,0.98846261
4ofu_DHT_A_1001,0.99281794,0.44166794,0.040690286,0.16181424,0.99005079,0.076484709,0
4ovl_1TD_B_308,0.9966803,0.95866923,0.031863498,0.14953029,0,0,0.077040475
4ox5_DAL_A_307,0,0,0.043788328,0.12908891,0.15291809,0,0
4oxy_1TN_A_302,0.98129797,0.97170104,0.032765049,0.15013291,5.4457692e-05,0.1695567,0.16735083
4oxy_1TN_B_302,0.98677158,0.44071381,0.040709121,0.16163782,0.98568679,0.076561167,0
4oxy_1TN_D_302,0,0.044896633,0.04975824,0.14285783,0.98864134,0.14766936,0
4p7q_NAG_A_703,0.084504057,0.65652241,0.041090572,0.13359414,0.0017362879,0.27444278,0.23246098
4p7q_NAG_A_704,0,0.62734891,0.041858921,0.13200805,1.6376658e-05,0.28406755,0.23833361
4p8c_Y22_A_502,0.99552788,0.97670991,0.032632705,0.15039493,2.6849032e-09,0.1678886,0.16631381
4pb4_PLP_A_401,0,0.94958664,0.039942021,0.13276259,0,0.28651691,0
4pb4_PLP_B_401,0,0.81198516,0.042046057,0.13444676,0,0.45863467,0.42402166
4pbr_2L7_A_401,0.99532386,0.98982832,0.038414414,0.16386506,0.96567063,0,0
4pik_MAN_A_501,0,0.96623289,0.047679931,0.14905595,0.99454936,0.28940064,0.27597947
4pik_MAN_A_502,0.9902741,0.97879827,0.032014114,0.14984712,0.012903344,0.012925779,0.096752252
4pik_MAN_B_503,0,0.97859407,0.047911047,0.14998707,0.98873006,0,0.72453528
4pik_MAN_C_503,0.76768728,0.98020728,0.045605462,0.16768289,0.99442552,0.99472734,0.99424236
4pik_MAN_D_503,0,0.97858034,0.04007917,0.13367653,0.010066564,0.072082555,0.2934107
4ptx_BGC_A_501,0.99132429,0.98803223,0.039426801,0.16530125,0.99392041,0.14740896,0.14621366
4ptx_BGC_B_501,0.9378411,0.97701658,0.039228682,0.16340357,0.99143986,0.028726199,0.028180783
4pxd_1AL_A_502,0,1,0.051334075,0.15457672,0.9971479,0.99723205,0.99719807
4q3a_2YC_A_904,0.86737563,0.41670573,0.041209639,0.15836958,0.91490274,0.079332713,0
4q3a_2YC_B_904,0,0.047824485,0.049685377,0.14273575,0.97992052,0.14695441,0
4q3a_2YC_C_904,0.92837893,0.43078281,0.04090885,0.15996393,0.94567573,0.077474521,0
4q3a_2YC_D_904,0.95388296,0.43322662,0.040868742,0.160774,0.9687919,0.077538024,0
4q40_VAL_A_403,0,0.62735333,0.041858785,0.13200782,5.8593925e-07,0.28406538,0.2383314
4q40_VAL_B_403,0,0.62735339,0.041858783,0.13200782,3.6309704e-07,0.28406535,0.23833137
4q40_VAL_C_404,0,0.62735337,0.041858783,0.13200782,4.1151926e-07,0.28406535,0.23833137
4q40_VAL_D_403,0.99675676,0.87552772,0.035745627,0.15576513,0.36322147,0.21774081,0.21701145
4qbz_D80_A_917,6.5425734e-05,0.62435909,0.041950948,0.13216781,0.010785658,0.28554225,0.23983466
4qbz_D80_B_901,0.99623849,0.9781326,0.040144219,0.16624446,0.99207644,0.36338944,0.21661766
4qe1_RUU_A_403,0,0,0.047431439,0.13679307,0.66167179,0.00070058129,0.00069800512
4qpe_37E_A_901,0.99374267,0,0,0.15361965,0.63849856,0,9.8130057e-07
4qxc_OGA_A_600,0.99713744,0.98663997,0.033017921,0.15140514,7.3929275e-05,0.24725135,0.24977087
4qya_LU2_A_201,0.98717476,0,0.035276058,0.1438428,2.03726e-11,0,0
4qya_LU2_B_201,0,0,0.042694418,0.12677481,9.3388017e-07,0,0
4r08_URI_A_901,0,0.62734633,0.041859,0.13200819,2.557471e-05,0.28406882,0.23833489
4r08_URI_B_901,0.98503086,0.85102906,0.036481036,0.15662127,0.436084,0.22913837,0.22804753
4r2n_PHE_D_402,0.74142151,0.96054985,0.034087817,0.14551376,0.022532918,0.13594617,1.5079407e-08
4r2n_PLP_A_401,0,0.95438462,0.051197448,0.15361978,0.97958681,0.94259544,0.97918659
4r2n_PLP_B_401,0.9848017,1,0.043121043,0.17052765,0.98075028,0.76533588,0.98065689
4r3n_3GQ_B_404,0.86026705,0.95777435,0.034963155,0.15046068,0.087253294,0.29389977,0.29203723
4rg3_ECE_A_603,0.39722291,0.98836796,0.048094862,0.16084486,0.97367801,0.97258257,0.97253955
4rii_TYD_A_401,0,0.068976848,0.049158975,0.14185375,0.91691665,0.14178925,0
4rii_TYD_B_401,0.94001228,0.41812649,0.041233264,0.16090765,0.99723792,0.080866213,0
4rje_PYR_B_402,0.99591366,1,0.043408751,0.17099532,0.96169063,0.9615893,0.96159897
4rje_PYR_D_402,0,0.53073515,0.049327759,0.14722798,0.89271597,0,0.94165
4rkz_3S4_A_402,0.98471835,0.78306604,0.038570221,0.16018634,0.67862861,0.2625599,0.26198334
4rm3_FOA_A_1000,0.97910876,0.95960393,0.033133666,0.15068867,0.040549919,0.17538618,0.17317138
4rm3_FOA_B_1000,0.98819616,0.99223581,0.036115401,0.15568616,0.023662431,0.83188786,0.83713343
4rp9_ASC_A_501,0,0.93065976,0.043815264,0.0047800268,0.00059072088,0.77387229,0.96157962
4rql_SNE_A_505,0.99305665,0.89078395,0.033089274,0.15040568,0.0066785632,0.17713578,0.17475614
4rql_SNE_B_502,0.98532899,0,0.038189368,0.14994446,0.40531124,0,0
4rvg_TYD_A_502,0.9743768,0.44849732,0.040505354,0.16087006,0.94773118,0.074339647,0
4s38_CDI_A_900,0,0,0.042730824,0.12685182,0.0050901669,0,0
4tq4_DMA_A_403,0.95627539,0.96283085,0.032999687,0.14967544,0.00037300084,0.17252065,0.16920553
4tq4_DMA_C_403,0.95790485,0.96180838,0.033033605,0.14978944,0.0060718716,0.17311491,0.16988448
4tq4_DMA_D_403,0.9842704,0.96819866,0.032877262,0.15042702,0.016302459,0.17144628,0.16940764
4tqi_6BD_A_201,0.92487826,0.95191683,0.033287461,0.14909007,1.1004356e-06,0.17613346,0.17142483
4tqi_6BD_B_201,0.95377808,0.96205882,0.033019622,0.14962383,2.1020935e-08,0.17276074,0.16933404
4trj_665_A_501,0.87354375,0.93355506,0.033773879,0.14816021,0.0012420697,0.18229494,0.17531194
4tsk_TLA_A_404,0,0,0.04270543,0.1267981,0.0015403094,0,0
4tyv_BGC_B_701,0.0043567237,0.94268702,0.040003084,0.13294032,0.0079766368,0.28655932,0.004443237
4u2a_A2G_A_303,0.99307719,1,0.043771341,0.17156623,0.98926857,0.98890218,0.98895915
4u7g_K17_A_303,0,0.95633956,0.039756252,0.13294808,8.8602677e-06,8.0255186e-06,0.24192227
4u7g_K17_B_303,0,0.96404198,0.039736578,0.13300449,3.2205703e-06,3.2808022e-06,0.24547059
4u8p_UDP_A_603,0.89250141,0.94055362,0.033587555,0.14849215,5.873032e-06,0.17991245,0.17376767
4u8p_UDP_C_603,0.97078699,0.96802217,0.032862161,0.14993827,1.9734331e-05,0.17077854,0.16810635
4u8y_MIY_B_1102,0,0.62735349,0.04185878,0.13200781,0,0.2840653,0.23833132
4ubp_HAE_C_800,0,0.96412458,0.050524328,0.1529628,0.97836021,0.8431804,0.84384405
4uc9_ASP_C_1300,0.70422773,0,0.037402484,0.13895104,2.171486e-05,0,0
4uc9_ASP_D_1300,0,2.9363854e-06,0.0426944,0.12677481,3.2324417e-09,0,0
4uch_OLW_A_800,0,0.62735348,0.04185878,0.13200781,1.6165646e-08,0.2840653,0.23833132
4uch_OLW_B_800,0,0.62746346,0,0.13200801,1.0721144e-06,0.28386542,0.23814078
4ud9_FQI_H_1257,0.99553818,0.99824518,0.038625831,0.16441573,0.99684691,0.004033556,0.0041502751
4udc_DEX_A_1778,0.99319767,0.44011786,0.04072917,0.16189245,0.99512038,0.076873052,0
4ug6_H4B_A_902,0.4849042,0.98518447,0.035845666,0.14121893,1.4144579e-07,3.3565817e-10,0.17448001
4ug6_XFJ_A_904,0.038658154,0.64091963,0.041500514,0.13272182,4.008391e-09,0.27955394,0.23553475
4ug7_1EV_A_904,0.96100584,0.96459503,0.032952645,0.14975733,7.4270546e-07,0.17191737,0.16881127
4ugg_S5D_A_904,0.10672969,0.66480769,0.04086966,0.13397908,6.972228e-09,0.27161009,0.23061038
4uoc_NCN_A_400,0.88952884,0.40385866,0.041547343,0.15969742,0.97957049,0.083043326,0
4uoc_NCN_B_400,0,0.055210582,0.049501565,0.14242777,0.95792048,0.14515081,0
4upd_7P9_A_1550,0,0.12159582,0.047850047,0.13966079,0.76024999,0.12896398,2.2784387e-05
4upd_7P9_B_1550,7.8624181e-05,0.62738108,0.041858051,0.13200927,0,0.28405612,0.23832563
4uqs_INE_A_904,0.99602178,0.98460568,0.033027674,0.15136614,7.6627665e-05,0.24608536,0.24847019
4ur9_BK9_A_1717,0.99030694,0.99511855,0.03236411,0.15082998,0.072516129,5.7195987e-06,0.10777185
4ur9_BK9_B_1717,0.0012290962,0.99591362,0.039819508,0.13311125,0.0015978673,0.30438337,1.7833965e-06
4ur9_OAN_A_1718,0,0,0,0.14306271,0.97740844,0.19817078,0.21932456
4uy7_HIS_A_800,0,0.62735349,0.04185878,0.13200781,0,0.2840653,0.23833132
4uy7_HIS_B_800,0,0.49317786,0.045984281,0.13906893,0.47961638,0.3500821,0.30539248
4uzi_IMD_B_1455,0.86494796,0.64089495,0.034149389,0.14563353,8.9129817e-06,0.029101722,0.010354633
4uzi_IMD_B_1456,0.8941696,0.99299115,0.038959369,0.1617028,0.93724548,0,0
4v2z_Y70_B_151,0.99349922,0.39555924,0.040684666,0.16144804,0.99808184,0,0
4v2z_Y70_C_151,0.98637397,0.92942267,0.034072711,0.15254534,0.15754756,0.19064248,0.18900471
4v36_LYN_A_1851,0,1.1230582e-09,0.042694411,0.1267748,2.1146423e-09,0,0
4v3w_E2Z_B_800,0.19068595,0.69427011,0.040091594,0.13552973,1.3316878e-13,0.26181252,0.2245369
4w1v_3GS_B_502,0,0.59067887,0.042986415,0.13393785,0.13109496,0.30210986,0.25666134
4wbd_CIT_A_602,0.89966864,0.74672196,0.039558213,0.15895746,0.7018558,0.27568218,0.2713836
4wca_CIT_A_401,0,0.85602974,0.040635156,0.13346535,0.073860612,0.016717042,0.21790608
4wdd_CIT_A_401,0.98767434,0.93049019,0.034041868,0.1525372,0.15536286,0.19019002,0.18860517
4wdx_WDX_A_402,0,0.62719015,0.041863802,0.13201641,0.00058387903,0.28414566,0.23841296
4wdx_WDX_B_402,0,0.050373339,0.049621946,0.14262947,0.97232857,0.14633201,0
4wmz_TPF_A_602,0,0.62735034,0.041858877,0.13200798,1.1269131e-05,0.28406685,0.23833289
4wqq_MAN_B_204,0.017094036,0.95570808,0.039351309,0.13290329,0.045734904,0.0073662928,0.0073612754
4wqq_MAN_D_204,0.81890647,0.95995344,0.033903032,0.14785116,0.073111727,0.021003208,0.13169263
4ws1_URF_A_301,0.035058805,0,0.042430957,0.12738096,3.8771334e-07,0,0
4ws2_6UA_A_303,0.11268026,0.9576682,0.039850064,0.13642732,0.11160692,0.28436499,0
4wua_3UL_A_701,0.98708508,0.97374712,0.032710949,0.150239,0,0.16887386,0.16692457
4wxb_CIT_A_501,0.79853253,0.69313786,0.041051795,0.15804166,0.76652937,0.29638662,0.28774271
4wxb_CIT_B_501,0.90996692,0.94668437,0.033425643,0.14881465,0,0.17787344,0.17250338
4wxb_CIT_C_501,0.31199923,0.73684207,0.03896732,0.13777035,0,0.24765543,0.21576097
4wxb_CIT_D_501,0,0.62212215,0.042019628,0.13228312,0.018699635,0.28663921,0.24094595
4x2f_3WJ_A_601,0.99857514,0.98539369,0.038594973,0.16429617,0.99200375,0,0
4x36_CHT_A_408,0.99463491,0.97509629,0.032294566,0.15057414,0.060996447,0,0.095772289
4x36_CHT_A_409,0.99646917,0.97188093,0.038637442,0.16413711,0.98865111,0,0
4x36_CHT_A_410,0.95947472,0.94872947,0.032280333,0.14904253,0.012970805,0,0.080951678
4x36_CHT_A_411,0.87202325,0.92654684,0.033267752,0.14792706,0.04488214,0,0.090941826
4xf0_CYS_A_502,0.99501274,0.94212112,0.043730242,0.17084791,0.96923581,0.96974753,0.97012731
4xh4_PPI_A_504,0.99779281,0.98414873,0.037676344,0.16231041,0.86211515,0,0
4xp2_TT4_A_401,0,0.98063021,0.039876777,0.13300342,0.0023823017,0.29892714,7.968525e-05
4xpq_FUL_A_1002,0.99573926,0.97678139,0.032630829,0.15039898,9.6600138e-06,0.16786526,0.16629987
4xpq_FUL_A_1003,0.017863074,0.63321168,0.041705852,0.13235934,0.0014670546,0.28218263,0.23724421
4xpq_FUL_A_1004,0.0056294515,0.62919958,0.041810588,0.1321186,0.00046264559,0.28347203,0.23798877
4xti_IMP_A_601,0.96372754,0,0.042119848,0.15754227,0.93205912,0,0
4xti_IMP_B_601,0.96915676,0,0.042037464,0.15754817,0.926246,0,0
4xv4_25T_A_302,0.99781225,0.99723952,0.033738285,0.15259271,0.010143747,0.41737998,0.42025833
4xv4_25T_A_303,0.77106562,0.99754875,0.044122007,0.1658924,0.99796524,0.7249455,0.72554105
4xz9_G3P_B_302,0.9904519,0.94481558,0.035412617,0.15618114,0.39112219,0.12698805,0.21054848
4xzh_48I_A_402,0.99561665,0.97674106,0.032631882,0.15039657,0,0.16787824,0.16630739
4xzh_48I_B_402,0.99490213,0.97649014,0.03263851,0.15038338,6.5610199e-07,0.16796171,0.16635917
4y14_C0A_A_407,0.96805373,0.98888046,0.043383543,1.7355343e-72,0.9954446,0.76431852,0.97576256
4y14_C0A_B_404,0.97211292,1,0.042444532,0.9913896,0.95733781,0.69085664,0.83172858
4y6n_3PG_A_402,0.98158737,0,0.042040188,0.15796047,0.93853534,0.0016738038,0.0014364564
4ynu_LGC_A_602,0,0.62569066,0.041909907,0.13209532,0.0059438459,0.28488344,0.2391624
4ynu_LGC_A_603,0.003144213,0,0.042670785,0.12682916,2.5022509e-07,0,0
4ysx_MLI_E_701,0.98895814,0.51593105,0.040806149,0.16258492,0.98534629,0.11557525,0.10787287
4yu7_DHC_A_203,0.43601167,0.12943757,0.038963469,0.13506674,0.0042653599,0,0
4yu7_DHC_A_204,0.57327386,0.88076034,0.005383885,0.14384996,1.507307e-08,0.31277061,0.29790732
4yu7_DHC_B_203,0,0.83104606,0.040075175,0.13202834,1.9919171e-07,0,0.18413815
4yu7_DHC_B_204,0.065174607,0.87599011,0.039445021,0.13344144,1.2759985e-06,0,0.1940122
4ywb_OXD_C_704,0.9971287,0.97725544,0.032618369,0.15042535,5.8043281e-05,0.16770977,0.16620612
4ywd_NTM_A_704,0.044634742,0.64278693,0.041452199,0.13284431,0.00082228475,0.27896967,0.23521737
4z1d_PEP_B_300,0.88488139,0.94770958,0.037522908,0.15445403,0.04670795,0.87409549,0.91020797
4z2w_AKG_A_401,0.99517206,0.97646963,0.032639551,0.15039443,0.00041255541,0.16798691,0.16639724
4z69_DIF_A_1006,0,0.026364422,0.048244118,0.13968965,0.82222964,0,0
4z69_DIF_A_1007,0.9943386,0.97629256,0.032643727,0.15037297,0,0.16802738,0.16639985
4z69_DIF_A_1008,0,0.62331439,0.04198297,0.13222037,0.014437936,0.28605261,0.24035007
4z69_DIF_I_1006,0.97985257,0.97119143,0.032778518,0.15010634,6.2971082e-05,0.16972655,0.16745658
4z6p_DHY_C_403,0.98436267,1,0.043312557,0.1708714,0.99711357,0.77658397,0.99694303
4zb2_FRU_A_404,0,0.92363692,0.039839792,0.13270866,4.9786474e-05,3.665518e-08,0.22684457
4zb2_GLC_A_403,0,0.52762437,0.044925153,0.13725615,0.35648588,0.3331338,0.28817607
4zb5_GLC_A_403,0.98060384,0.97145899,0.032771435,0.15012001,4.8949895e-05,0.16963695,0.16740028
4zbc_FRU_A_409,0.99597874,0.97680336,0.032630518,0.15040667,0.00023153372,0.16786785,0.16631357
4zbc_FRU_B_408,0.0056344966,0.629204,0.04181046,0.13211855,0.00045318814,0.28347014,0.23798708
4zbc_FRU_B_409,0,0.87942438,0.040130759,0.13230321,2.5275219e-08,0.25946977,1.1156819e-08
4zbc_GLC_A_407,0,0.53010726,0.044848812,0.13712549,0.3476107,0.33191217,0.28693512
4zbc_GLC_B_406,0,0.6256297,0.041911781,0.13209853,0.0061617544,0.28491343,0.23919287
4zbc_GLC_B_407,0.081255711,0.65586795,0.041105749,0.1335086,9.5312856e-07,0.274583,0.23245333
4zdz_TPF_A_602,3.7063607e-05,0.99033853,0.039832301,0.13303045,2.6890642e-05,0.30222314,0
4zhd_4OZ_A_202,0,0.79465962,0.042042578,0.13425759,1.0505516e-06,0.44541436,0.4099236
4zhd_4OZ_C_202,0.015308782,0.70443927,0.041885258,0.13350347,5.2323397e-07,0.37127829,0.33165093
4zib_4OG_A_512,0.078209433,0.97114356,0.044267189,0.14556272,0.81063047,0,0
4zjz_BEZ_A_1001,0.99225216,0.98938959,0.038625311,0.16420344,0.99169519,7.8630469e-08,7.4747403e-08
4zjz_BEZ_B_601,0.99635403,0.98838298,0.038615598,0.16430568,0.99411853,8.5791979e-07,8.4606511e-07
4zo7_BGC_A_805,0.76289475,0.89507277,0.034788643,0.14609827,6.2179074e-07,0.19503664,0.18314282
4zo7_GLC_A_806,0.99400109,1,0.043837889,0.17171477,0.99503436,0.99505388,0.99504636
4zqp_IMP_A_601,0.99112463,0.45316539,0.040030439,0.16060453,0.91449427,0,0.043923746
4zsy_RW2_B_502,0,0,0.042694411,0.1267748,0,0,0
4zsy_RW2_C_502,0,0,0.053908622,0.14784966,0.99101208,0.59972359,0.99436256
4zsy_RW2_D_502,0,0,0.042694411,0.1267748,0,0,0
4zu3_4SD_A_301,0.9567195,0.73585284,0.03997926,0.16163677,0.81227243,0.28422273,0.28269522
4zu3_4SD_B_301,0.93852138,1,0.042790399,0.16842388,0.91529896,0.73672115,0.92738975
4zu3_4SD_B_302,0.95106907,1,0.04205241,0.16780255,0.94175236,0.6301054,0.71791004
4zu3_4SD_C_301,0.030118337,0.92464342,0.050442383,0.15286348,0.93362789,0.886436,0.91737285
4zu3_4SD_D_301,0.098106271,0.96836325,0.049509609,0.15367388,0.89565204,0.88174663,0.92144207
4zu3_4SD_E_301,0.98420085,1,0.042256096,0.16887813,0.90159167,0.71662818,0.91181571
4zu3_4SD_F_301,0.98242217,1,0.042036678,0.16839376,0.87708507,0.70649302,0.89943864
4zvv_GN0_A_405,0.40960682,0.7820357,0.044458938,1.1599832e-45,0.97904804,0.29889573,0
4zvv_GN0_B_404,0.81865592,0.3701613,0.042328393,0.15856827,0.99547552,0.089437054,0
4zvv_GN0_C_403,0,0.043151084,0.049801681,0.14293062,0.99384059,0.1480956,0
4zvv_GN0_D_403,0,0.047885746,0.049683853,0.1427332,0.97973805,0.14693945,0
4zvz_4TF_B_503,0.87903441,0.88575995,0.035251795,0.15087828,0.17897515,0.20611826,0.19976582
4zvz_4TF_C_503,0.97449052,0.96774826,0.032876222,0.15008948,0.0056445703,0.17112057,0.16862491
4zvz_4TF_D_503,0.7568858,0.74702982,0.039331374,0.15366722,0.52164871,0.26754013,0.25651565
5a02_GOL_B_1342,0.99563457,0.75620879,0.032987434,0.1488708,0.00034967447,0.072003803,0.062809446
5a02_GOL_C_1341,0.99558525,0.84873149,0.033009058,0.14988555,0.00066432178,0.14269905,0.13819423
5a02_GOL_D_1341,0.99496701,0.58751,0.033016442,0.14710452,7.2261559e-06,0,0
5a02_GOL_F_1342,0.99547269,0.84756922,0.033004566,0.14986042,1.3083337e-05,0.14169148,0.13711739
5a2r_MLT_A_1615,0,0.90303237,0.040431128,0.13320999,0.048298263,0.27672338,2.549425e-06
5a66_3PO_A_1000,0.98577299,0.80998541,0.033085938,0.14930519,0.00010782283,0.11638854,0.10963627
5a7p_6Z1_B_1361,0.9926639,0.97533938,0.032670485,0.15036127,0.001306454,0.16840265,0.16670367
5a86_D7E_A_1433,0.98957987,0.43980337,0.040734058,0.1617762,0.99174548,0.076856188,0
5a8k_COM_A_556,0,0,0.042694411,0.1267748,0,0,0
5a8k_COM_D_555,0,0,0.042694411,0.1267748,0,0,0
5a8k_TP7_A_558,0,0.98155333,0.051269126,0.15429728,0.99548915,0.9746034,0.98609124
5a8k_TP7_D_554,0,0.97442664,0.051278907,0.15420945,0.98925938,0.97567589,0.99555154
5abz_Z47_A_201,0.98239623,0,0.041881812,0.15765827,0.91839536,0,0
5ack_SVQ_A_600,0.98842987,0.45811974,0.040277299,0.16097133,0.93581828,0.072353773,0
5adi_TUE_A_800,0.99028658,0.97487017,0.032681292,0.15029815,1.5762146e-06,0.16850047,0.16669319
5adi_TUE_B_800,0,0.62735269,0.041858804,0.13200786,2.8514416e-06,0.28406569,0.23833172
5aew_BNL_C_462,0,0.62720473,0.041863353,0.13201564,0.00053173872,0.28413849,0.23840567
5aew_BNL_I_462,0.99844431,1,0.043095235,0.17092511,0.99104103,0.76505761,0.9823986
5af9_SJR_H_1250,2.8190952e-07,5.5768495e-07,0.049666698,0.14152424,0.97465303,0,0
5afy_WCE_H_1248,0.99677034,0.99125566,0.031785269,0.14978238,0.00072854404,0,0.092181671
5ag5_DLR_A_1422,1.8081241e-05,0.62735666,0.04185871,0.13200831,1.1351478e-05,0.28406475,0.2383316
5agl_CCW_A_800,0.92788286,0.81659983,0.03745263,0.15632224,0.48746632,0.24287998,0.23936608
5agl_CCW_B_800,0.82902421,0.88264772,0.035271352,0.14919481,0.12736723,0.2048508,0.19616766
5agn_4JK_A_800,0,0.95312571,0.039932648,0.13278601,5.6689466e-06,0.28789566,2.6228226e-05
5agn_4JK_B_800,2.7294901e-06,0.93870554,0.039801041,0.13281854,1.4849271e-06,1.2897988e-08,0.23378432
5ahn_IMP_A_1468,0.94831195,0,0.03580813,0.14367863,0.033553405,0,0
5aov_GLV_A_1336,0,0.92334261,0.039840168,0.13270572,0,0,0.2267
5aov_GLV_A_1356,0.25342018,0.94675033,0.037775315,0.1370896,6.9610012e-06,1.6504097e-06,0.19530125
5av2_KMP_A_300,0.99688126,0,0.035203121,0.14401063,6.8713438e-07,0,0
5av4_GEN_A_400,1.1952507e-06,0.91708029,0.046327644,0.1466098,0.98818979,0,0
5awd_IDQ_A_901,5.1274426e-06,0.6273416,0.041859153,0.13200863,4.8913406e-05,0.28407143,0.23833779
5b4o_6DQ_A_201,3.9933693e-06,0.93239412,0.043804543,0,0.64306672,0,0
5b4o_6DQ_B_201,0.91413971,0.41899765,0.040737588,0.15912337,0.91596001,0,0.043097424
5b4o_6DQ_B_202,0.25459049,0.63901468,0.041887822,0.14079807,0.27767462,0.29257547,0.25873914
5b4o_6DQ_C_201,1.2912694e-06,0.17275222,0.046576397,0.1375266,0.6078156,0.11644855,0
5b4u_MLA_A_302,0,0.62735349,0.04185878,0.13200781,0,0.2840653,0.23833132
5bk9_SIN_A_301,0.99492289,0.45026204,0.040106511,0.16086343,0.9277497,0,0.044932194
5bkd_AKG_A_502,0.9889843,0.80023323,0.038048875,0.15944048,0.62261497,0.25435207,0.25384277
5bkd_AKG_B_502,0.97236046,0.80392464,0.037910067,0.15863217,0.58856697,0.25160551,0.25028468
5bkd_RCF_A_503,0,0.62735349,0.04185878,0.13200781,0,0.2840653,0.23833132
5bwd_FUM_A_901,0.025442201,0.0015168631,0.048812098,0.14150383,0.91919363,0,0
5bwr_4VT_A_402,0,0,0.042694411,0.1267748,1.7144744e-08,0,0
5bwr_4VT_B_402,2.370869e-05,0,0.042694236,0.12677521,3.847832e-07,0,0
5c38_DA8_A_403,0.8342698,0.92011702,0.034127268,0.14741671,1.167558e-05,0.18670879,0.17798102
5c4i_TPP_C_402,0.10518923,0.53499726,0.044858599,0.14075357,0.46208042,0.33539293,0.29533106
5c4i_TPP_F_402,0.12796442,0.93954369,0.046328971,0.14782043,0.45696125,0.84514791,0.99580665
5c8w_PCG_A_302,0.99197156,0.39511411,0.040693569,0.16141009,0.99748107,0,0
5c8w_PCG_B_303,0,0,0.049661001,0.14202823,0.99425099,0,0
5c8w_PCG_C_302,0.98628668,0.39271338,0.040743223,0.16129615,0.99725159,0,0
5c8w_PCG_E_302,0.90661575,0.35806972,0.041461264,0.15973588,0.99672699,0,0
5cak_4Z9_A_802,0.97813324,0,0.045977468,0.16313623,0.88575084,0.8155807,0.81595932
5cfw_53W_A_201,6.2280362e-05,0.97609097,0.039123518,0.1321537,0.012098236,0,0
5cga_KP6_A_301,0.99670158,0.98172379,0.038610944,0.16421916,0.99034609,0,0
5cga_KP6_B_301,0.99601473,0.98382462,0.036367558,0.15926773,0.60939695,0,0.19681115
5cga_KP6_C_301,0.99698746,0.98213717,0.038591108,0.16419216,0.98809012,0,0
5cga_KP6_E_301,0.99686063,0.96607774,0.038669898,0.16389664,0.91174818,0,0.24210005
5cga_KP6_F_301,0.99586843,0.9762993,0.038606882,0.16411106,0.98606218,0,0
5cga_KP6_H_301,0.99648687,0.98654367,0.038602445,0.16425791,0.99145683,0,0
5ci9_549_A_401,0,0.00047604393,0.04269263,0.12677733,3.1141058e-07,0,0
5ci9_549_A_402,0.91531654,0.98041395,0.032451978,0.14833761,2.0183795e-06,0,0.10061556
5cjn_52F_A_809,0.99020367,0.89757279,0.03505783,0.15436293,0.27620025,0.20652751,0.20531798
5clo_NS8_M_101,0,0.98830412,0.040102805,0.13343757,0.0062618977,0.33075279,0.05487094
5cpn_531_A_401,0.9526016,0.96133093,0.033040212,0.14961868,0.0011261313,0.17305304,0.1695766
5cpn_531_B_401,0.99198861,0.97504648,0.032678462,0.15035174,0.0015063447,0.16850897,0.16678047
5cpp_ADO_A_422,0.99587133,0.96500324,0.033566348,0.15315295,0.22872553,0,0.12065418
5cr1_STL_B_201,0,0.99110272,0.039830344,0.13303442,2.3943964e-07,0.30252116,0
5d41_57N_A_1103,0,0.62735349,0.04185878,0.13200781,0,0.2840653,0.23833132
5d8u_0N8_A_203,0.96603555,0.75383028,0.032712801,0.14734403,2.3288307e-08,2.8469653e-08,2.5664386e-08
5d9w_ASC_A_301,0.19998192,0,0.044637965,0.13751033,0.47769333,0,0.011661129
5ddu_PMP_A_601,0.98996833,0.97013566,0.03282638,0.15053555,0.016526033,0.17081211,0.16902671
5ddu_PMP_B_601,0.21266363,0.67730809,0.040646584,0.13723417,0.08820023,0.27138807,0.23527939
5ddu_PMP_C_601,0.9915381,0.97512001,0.032675516,0.15033123,0.00067841933,0.16844758,0.16669729
5ddu_PMP_D_601,0.99385418,0.95424727,0.033320816,0.15151523,0.078194155,0.17884695,0.17736819
5del_D59_A_603,0.54678837,0.97301067,0.041944466,0.15622446,0.97914902,3.7770101e-08,3.7822159e-08
5del_ORO_A_602,0,0.85510364,0.040211005,0.132618,0.026322163,0,0.1998996
5di7_5CQ_A_601,0.99054191,0.80611965,0.037870257,0.15918823,0.60352761,0.25154302,0.25106125
5di7_5CQ_B_601,0.98966724,0,0.041769943,0.15766292,0.91039536,0,0
5did_5CK_B_601,0,0.56706272,0.043712541,0.13518067,0.21551187,0.31372943,0.26846473
5die_5CJ_A_601,0.9934629,0.93030143,0.034056484,0.15276095,0.16329875,0.19060684,0.18929603
5die_5CJ_B_601,0,0.12787086,0.047693324,0.139398,0.74149651,0.12740802,0
5dky_NOJ_A_1000,0,0.99009643,0.051333413,0.1544556,0.99409784,0.994114,0.99427407
5dne_ASN_A_601,0,0.98411263,0.0513909,0.15448767,0.99699319,0.99691052,0.99692051
5dne_ASN_C_601,0,0.98503793,0.051341159,0.15440867,0.99329093,0.99319027,0.99312344
5dnx_5LD_A_203,0.93684412,0.97989056,0.032300817,0.14872899,0.0023865991,0,0.097212635
5dnx_5LD_B_201,0.98986377,0.98562376,0.031849063,0.14961536,3.4394565e-05,0,0.090611437
5dnx_5LD_B_205,0,0.91687414,0.042429348,0.13750837,0.3184792,0.3276579,0
5dr9_SKE_A_401,0,0,0.042694411,0.1267748,0,0,0
5dt0_SKE_A_401,0.96918022,0,0.035411282,0.14353167,0,0,0
5dw3_TRP_A_402,0,0,0.048399817,0.13758163,0.5162837,0.26888512,0.50745142
5dw3_TRP_B_402,0,0.6091476,0.042418556,0.13296591,0.065077692,0.29302292,0.24743064
5dw3_TRP_C_402,0,0.61882961,0.042120864,0.13245639,0.030468958,0.2882592,0.24259156
5dw3_TRP_D_402,0,0.49798294,0.045836539,0.13881606,0.46244041,0.34771791,0.30299089
5dz2_212_A_404,0.98873409,0.9652972,0.033169071,0.15120592,0.0098241803,0.23625945,0.23756698
5dz2_212_B_404,0.99036767,0.94835662,0.038722091,0.16380205,0.98175431,0,0
5dzh_5KG_A_900,0.98964519,0.97464553,0.032687223,0.15028628,0,0.1685751,0.16673937
5e4o_L57_A_201,0.0010655202,0.0084379782,0.0486428,0.1403844,0.87180585,0,0
5e4o_L57_B_201,0.98319123,0.78162619,0.038612167,0.16020571,0.68185981,0.26318287,0.26254561
5e4r_40E_A_504,0.66599474,0.94907426,0.035489669,0.14588168,0.10567557,0.045907592,0.17154131
5e9m_BAE_A_2001,0.99808118,0.98347443,0.031912026,0.1499794,0.014004822,0.0042430234,0.09305168
5edh_5MF_A_803,0,0.6273319,0.041859444,0.13200895,7.7184361e-05,0.28407592,0.23834211
5edh_5MF_B_803,0,0.042663151,0.049813823,0.14295097,0.99529393,0.14821475,0
5edh_5MF_C_803,0.98998004,0.43874322,0.040760766,0.16183471,0.99538012,0.077125423,0
5eo7_SFU_A_401,0,0.74938955,0.050521645,0.15048338,0.94221486,0.74857608,0.7441878
5eo7_SFU_A_402,0,0.95650044,0.051058285,0.1533566,0.96358229,0.93842406,0.97566781
5eo7_SFU_A_403,0.01341422,0.63206088,0.041734463,0.13225557,0,0.28249988,0.23736092
5eo7_SFU_A_405,0.86463364,1,0.04350719,0.16742511,0.9272411,0.75836348,0.93485937
5eo7_SFU_B_401,0.94623429,0.72931402,0.040164347,0.16159359,0.82249309,0.28685316,0.28488281
5eo7_SFU_B_402,0.97909445,0.94413689,0.044152785,0.17114223,0.99336824,0.99612178,0.9960647
5eo7_SFU_B_403,0,0.7137944,0.047123558,0.14330375,0.56777105,0.57628484,0.56993597
5eo7_SFU_B_404,0,0.62562482,0.041911931,0.13209879,0.0061792143,0.28491583,0.23919531
5eo7_SFU_B_405,0,0.93331321,0.051263858,0.15357219,0.99098463,0.92839259,0.96055797
5eo7_SFU_C_403,0.70668546,0.63524188,0.042692095,0.15769588,0.85826809,0.31973242,0.30721416
5eo7_SFU_C_405,0,0.97355612,0.050744254,0.15286873,0.92516502,0.93892421,0.98015925
5eo8_TFU_A_401,0,0.97926896,0.05107976,0.1538059,0.97604573,0.95865219,0.9555576
5eo8_TFU_A_402,0.86508143,0,0.03941487,0.14676652,0.0036373978,0.24012665,0.97902047
5eo8_TFU_A_403,0.9876577,1,0.043085179,0.1705512,0.97962171,0.76398038,0.97957955
5eo8_TFU_A_404,0,0.99014398,0.051162625,0.15407251,0.98362263,0.97038637,0.96960337
5eo8_TFU_A_405,0,0.96351824,0.051224054,0.15375243,0.98085887,0.95109197,0.98951449
5eo8_TFU_A_406,0.89876625,0.71017252,0.040680626,0.16084758,0.83137131,0.29361465,0.28955807
5eso_ISC_A_602,0.98798575,1,0.041911903,0.1688887,0.99596121,0.59888627,0.65527448
5eso_ISC_B_602,0,0.98687219,0.051026907,0.15376758,0.96883954,0.96151877,0.96180469
5ew8_5SF_B_802,0.9519242,0.42575483,0.041053096,0.16101551,0.98871276,0.079311839,0
5ezp_IPJ_A_201,0.98673532,0.97362436,0.032714191,0.15023254,6.617497e-08,0.16891469,0.16694988
5ezp_IPJ_B_201,0,0.62735349,0.04185878,0.13200781,2.4363858e-09,0.2840653,0.23833132
5ezp_IPJ_C_201,0,0.62726956,0.04186136,0.13201223,0.00029999675,0.28410659,0.23837326
5ezp_IPJ_F_201,0.99677704,0.94883296,0.03349174,0.15190812,0.10121426,0.18167446,0.18037548
5f35_FLC_A_302,0.97670893,0.97010489,0.03280714,0.1500474,3.4505883e-06,0.17008522,0.16767568
5f79_4V7_A_4000,0.96011011,0.96422199,0.032962751,0.14974388,0.00021057915,0.17205079,0.16890541
5faj_DCS_A_401,0,0.62735339,0.041858783,0.13200782,3.6731228e-07,0.28406535,0.23833137
5faj_DCS_B_401,0,0.043803881,0.049785435,0.1429034,0.99189618,0.14793619,0
5faj_DCS_C_401,0,0.62735349,0.04185878,0.13200781,0,0.2840653,0.23833132
5faj_DCS_D_401,0,0.62735349,0.04185878,0.13200781,0,0.2840653,0.23833132
5fal_SKT_A_502,0,0,0.049678377,0.14205691,0.9963605,0,0
5fay_CHT_A_908,0.98010434,0.39256437,0.040742565,0.16108202,0.99036631,0,0
5fc5_PC_A_516,0.98828868,0.93064361,0.038001224,0.16197345,0.86952398,0,0
5fe1_12Q_B_901,0.99708093,0.99310914,0.038543894,0.16424074,0.98733452,0,0
5fes_9SE_A_409,0.00058938415,0.97577998,0.040655153,0.13509823,0.12730118,1.186284e-07,0.27335637
5fiu_Y3J_A_1299,0,0.96039263,0.051296759,0.15387249,0.98959908,0.95164064,0.98930789
5fiu_Y3J_B_1299,0,0.95720974,0.051297476,0.15384647,0.99027605,0.94910174,0.98611511
5fiu_Y3J_C_1299,0.98945543,1,0.043116288,0.17066553,0.98340815,0.76645557,0.98388759
5fkl_TDC_A_222,0,0.62735349,0.04185878,0.13200781,0,0.2840653,0.23833132
5fli_QUE_A_301,0,0.98549107,0.039845438,0.13299768,4.0423739e-08,0.30035787,0
5fli_QUE_C_301,0,0.051029065,0.049605627,0.14260213,0.97037544,0.14617189,0
5fli_QUE_F_301,0,0.051457634,0.049594962,0.14258426,0.96909891,0.14606724,0
5fli_QUE_G_301,0.82699134,0.39800613,0.041642209,0.15770526,0.92247166,0.082853462,0
5fli_QUE_J_301,0,0.62735349,0.04185878,0.13200781,0,0.2840653,0.23833132
5fli_QUE_K_301,0.99383522,0.45923,0.040254058,0.16111832,0.93895326,0.072222594,0
5fp9_4SV_A_1342,0.99651004,0.95046191,0.031931505,0.14956315,0.0061118203,0,0.07436784
5fqf_NGA_A_1588,0.96236063,1,0.04367545,0.17057572,0.98934478,0.92689137,0.92670362
5fuv_THM_A_1388,0,0,0.0496758,0.14205266,0.99604766,0,0
5fuv_THM_B_1385,0.97727579,0.43400551,0.040868354,0.16157799,0.99435105,0.077953427,0
5fwd_GJV_A_1446,0.97693357,0.98077474,0.043118109,0.17004837,0.9703424,0.75263919,0.96969867
5fwe_OGA_A_1358,0.99620838,0.90992515,0.037532242,0.16051548,0.73491417,0.1823357,0.00033973026
5fwe_OGA_B_1359,0,0.62735349,0.04185878,0.13200781,0,0.2840653,0.23833132
5g03_OE2_A_1263,0,0.95915618,0.041329502,0.13523474,0.040872468,0.35866923,0.37743604
5g09_6DF_B_1474,0.98969785,1,0.043213777,0.17085726,0.99251462,0.77194224,0.99165245
5g09_6DF_C_1475,0,1,0.049831061,0.15140237,0.81448353,0.93592248,0.98763188
5g09_6DF_D_1476,0.9898245,0.75174777,0.039540938,0.16202311,0.79698222,0.2782548,0.27816245
5g21_YN4_A_1002,0.95834817,0.46003312,0.040205255,0.15981589,0.89426831,0.071107786,0
5g44_I6G_A_1510,0.99529456,0.0014132077,0.042293675,0.1589747,0.98994113,0.00043261275,0.00043100361
5g44_SWX_A_1511,1.3399904e-05,0.62735761,0.041858673,0.13200809,2.076966e-06,0.28406402,0.23833064
5g44_YTZ_A_1512,0.00010079617,0.98901905,0.046585527,0.14697705,0.89602537,0.45292341,0
5g4r_LF1_B_1739,0,0.18236254,0.046337232,0.13712582,0.57918902,0.11410179,0
5g4r_LF1_C_1739,0.98728553,0.39343879,0.040727758,0.16130504,0.99647359,0,0
5g4r_LF1_D_1739,0.36085273,0.11931287,0.046411983,0.14910045,0.99701573,0,0
5g6g_H8B_A_1367,0.99125968,0.97521203,0.032672263,0.1503161,2.3138427e-07,0.16838672,0.16662261
5g6k_M94_A_904,0,0.98335847,0.039851248,0.13298387,9.852619e-06,0.29953742,0
5gnx_BGC_A_502,0,0.60348843,0.042592559,0.13326373,0.085306647,0.29580733,0.25025911
5gnx_BGC_B_503,0,0.62735349,0.04185878,0.13200781,0,0.2840653,0.23833132
5goo_FRU_A_501,0.97635857,0.97909459,0.033204715,0.15100798,4.2896074e-06,0.24865917,0.25020626
5goo_FRU_C_501,0.99390848,0,0.035225459,0.14395923,4.083696e-07,0,0
5gto_MYR_A_502,0,0.91446168,0.040036512,0.13253262,0,0.2729769,8.8720452e-07
5gwt_SIN_B_302,0.99454225,0.96882625,0.032873604,0.15077341,0.026944133,0.17171234,0.17015251
5gwt_SIN_C_301,0,0.018690295,0.048414497,0.13997087,0.84291507,0,0
5gwt_SIN_D_301,0.99502357,0.96259103,0.033066051,0.15111932,0.049835931,0.17480712,0.17331848
5gzz_GSH_D_301,0.98052436,0.97144474,0.032771752,0.15011782,1.8636896e-07,0.16963951,0.16739921
5gzz_GSH_E_301,0.89858757,0.94269106,0.033531101,0.14860447,0,0.17920139,0.17332657
5h24_LQG_B_501,0.93618506,0.95588398,0.033182697,0.14929894,3.6062827e-06,0.17481432,0.17060724
5h5k_C5P_A_206,0,0.97518633,0.044012567,0.1414873,0.54945172,0.38911941,0
5h5k_C5P_B_203,0.98619093,0.98134925,0.035689034,0.15723676,0.50518412,0.17306442,0
5h8f_GLU_A_302,0,0.62735349,0.04185878,0.13200781,0,0.2840653,0.23833132
5h8q_5YE_B_302,0.98891678,0.99544219,0.039310166,0.16498399,0.99379881,0.26038024,0
5h8q_GLU_A_302,0,0.62735349,0.04185878,0.13200781,0,0.2840653,0.23833132
5h8q_GLY_B_301,0,0,0.042694411,0.1267748,0,0,0
5h9i_XAN_A_301,0,0,0.054823054,0.14878368,0.97615154,0.97845374,0.97503983
5ha7_WY1_A_402,0.59192995,0.83493548,0.036377408,0.14294804,0.00050580634,0.21505753,0.19558122
5ha7_WY1_B_402,0,0.3767423,0.041499851,0.12902064,0.00021459129,0.06663652,0
5hc0_NPO_A_402,0.9968218,0.96444565,0.031960395,0.14981131,0.015055082,0,0.082350272
5hc0_NPO_A_407,0.0024416399,0.62821032,0.041836152,0.13205291,0,0.28378036,0.23815469
5hfa_FP1_A_607,0.00070349745,0.99142359,0.039670578,0.13323662,0.0012453548,0,0.25819875
5hfa_FP1_A_608,0.0055357731,0.99015668,0.039793496,0.13363866,0.022337836,0,0.2605501
5hfa_FP1_B_609,0.0041199842,0.98771627,0.039656275,0.13327309,0.0016849908,0,0.25599825
5hpu_IPH_A_101,0.99360749,0.98832659,0.038600244,0.16418131,0.98905824,0,0
5hpu_IPH_C_101,0.99534277,0.97854959,0.031823465,0.14965397,3.1054782e-07,0,0.086430923
5hss_64Z_A_402,0.97133303,0.91768181,0.034410809,0.15260764,0.18064841,0.19557745,0.19332281
5hss_64Z_D_403,0,0.57369709,0.043508554,0.13483153,0.19179703,0.3104652,0.26514886
5hss_64Z_E_402,0.90557479,0.84585064,0.036519293,0.15395888,0.35492486,0.22723963,0.22244759
5hss_650_B_402,0.99662284,0.94607063,0.033013945,0.15095339,1.3837209e-05,0.21645735,0.21690625
5hss_650_C_401,0.99721166,0.89806518,0.03505336,0.15459588,0.28323102,0.20667744,0.20579408
5htd_MYR_A_201,0.98150334,0.97166517,0.033165219,0.15102232,0.0010852526,0.24147655,0.24280511
5hxi_5HN_A_403,0.99486855,0.98846321,0.036821514,0.15995332,0.6673586,0.20132174,2.2305846e-07
5hyv_TPP_A_701,0.85123816,0.92340758,0.034051926,0.14787031,0.009534525,0.18603938,0.17808502
5i0d_GLC_A_1124,0.90418987,0.9889307,0.032518385,0.14821528,7.9565379e-06,6.0959707e-07,0.10639701
5i0d_GLC_B_1122,0.98080117,0.99150468,0.033166943,0.15121078,1.8145499e-05,0.25659666,0.25889865
5i0m_UMP_A_201,0.98195797,0,0.040442948,0.1545999,0.71679683,0,0
5i3p_68T_A_1003,0.63926864,0.6181792,0.043114086,0.15610361,0.83469176,0.3243547,0.30879466
5i5s_NVU_A_402,0.96649614,0.99177429,0.037889806,0.16125573,0.77987337,0.22767672,3.8294434e-05
5i5s_NVU_B_402,0.99564549,0.99177946,0.031791067,0.14976306,0.00035780691,0.00023832251,0.092675212
5i5t_67X_A_402,0.96197103,0.990089,0.038181248,0.15879257,0.21340523,0.93320957,0.92630777
5i5t_67X_B_402,0.99593959,0.98907564,0.033029448,0.15141396,9.2281678e-05,0.24952849,0.25213763
5i7r_68W_A_402,0.8057277,0.98304264,0.040067558,0.16098022,0.99404188,0,0
5i8z_JA1_A_302,0.98746334,0.39831153,0.040619689,0.1611328,0.9835488,0,0
5i93_69O_A_202,0.67255295,0.98940062,0.040990848,0.15640528,0.56977725,0.6215499,0.50436265
5i95_AKG_A_508,0.8047017,0.92387108,0.034753964,0.14781415,6.5355906e-06,0.2658561,0.2597365
5i9m_69K_A_302,0,0.50749573,0.045544049,0.13831544,0.42843656,0.34303745,0.29823639
5i9m_69K_B_302,0.99556728,0.9888055,0.034714208,0.1556227,0.38810506,0.15457252,0.00077597292
5i9m_69K_C_302,0,0.045883085,0.049748849,0.14284736,0.98740314,0.14806884,0.00061655009
5iav_MLI_A_302,0.98892606,0.64405971,0.038076301,0.15830665,0.71451342,0.00011500955,0.060013723
5iav_MLI_B_302,0,0.62897078,0.042009218,0.13244832,0,0.31898229,0.27509725
5ice_2H4_A_402,0,0.11523166,0.048007866,0.13992503,0.77914328,0.13049436,0
5icf_SAU_A_402,0,0.9098824,0.04248771,0.13754435,0.32372939,0.32584873,0
5igs_GMP_A_403,0.97818636,0,0.042433151,0.15868488,0.99104438,0,0
5ihe_D5M_A_701,0,0,0.042694572,0.12677514,2.2519875e-05,0,0
5ijz_AKG_A_502,0,0.62735349,0.04185878,0.13200781,0,0.2840653,0.23833132
5ijz_AKG_B_502,0,0.62708466,0.041867045,0.13202196,0.00096094983,0.28419757,0.23846568
5ijz_AKG_C_502,0,0.62735349,0.04185878,0.13200781,0,0.2840653,0.23833132
5ijz_AKG_D_502,0.99187262,0.82026802,0.037437262,0.15849282,0.55462288,0.24465623,0.244127
5ijz_AKG_E_502,0.97827861,0.9706567,0.032792563,0.15007634,0,0.16990156,0.16756164
5ijz_AKG_H_502,0,0.49159564,0.046032929,0.1391522,0.48527209,0.35086058,0.30618328
5in3_G1P_A_416,0.98500283,0.98369825,0.038612243,0.16385623,0.97856571,0.00096699054,0.00095174312
5in3_G1P_B_418,0,0.98134431,0.044997197,0.14461308,0.82688479,0.0038948247,0.021391389
5ioq_DUR_B_302,0.00010326938,0.62728313,0.0418611,0.13201533,0.00038103628,0.28410569,0.23837712
5ioq_DUR_C_302,0.76390532,0.8954273,0.03477928,0.14611694,9.8145322e-07,0.19491876,0.18306976
5ioq_DUR_D_302,0,0.62722669,0.041862678,0.13201449,0.00045323262,0.28412768,0.23839469
5ip6_6C9_A_301,0.88842373,0,0.042482693,0.15581076,0.90367597,0,0
5irw_D9P_A_202,0.92349947,0.96752547,0.042272216,0.16586895,0.73171199,0.93181556,0.93168131
5ita_6DC_A_801,0.97928989,0.43463158,0.040854409,0.16162391,0.99488663,0.077852689,0
5ita_6DC_B_801,0.51378784,0.24963048,0.045080392,0.15269276,0.99114931,0.11097679,0
5iuy_BOG_B_503,0.86112427,0,0.042760501,0.15549247,0.91383303,0,3.6326165e-12
5iuy_BOG_C_503,0.084318658,0.97060563,0.039209187,0.13431351,0.00072106536,0.2767045,1.6136138e-07
5ivg_FPS_A_704,0,0.62353993,0.041976035,0.13220851,0.013631731,0.28594164,0.24023734
5j5i_6GM_A_302,0.86870557,0.99500192,0.040287749,0.16299147,0.99439326,0.28602564,0
5j5i_6GM_A_303,0,0.98802078,0.047334282,0.14850944,0.994948,0.46925585,0
5j5i_6GM_B_302,0.95485162,0.99110342,0.039616448,0.16442881,0.99634598,0.26642456,0
5j5i_6GM_C_302,0.94990699,0.99640057,0.039630847,0.16435785,0.99484226,0.26927052,0
5j5i_6GM_E_302,0,0.98878924,0.047047277,0.14792544,0.95712634,0.46316872,0
5j5i_6GM_F_302,0,0.99197501,0.039828004,0.13304015,1.1065327e-06,0.30285757,0
5j5i_6GM_F_303,0.95778132,0.98841696,0.039567912,0.16439363,0.99208838,0.26404367,0
5j5i_6GM_G_302,0.89147907,0.98368478,0.040137719,0.16330361,0.99487807,0.27687321,0
5j5i_6GM_I_302,0.96099703,0.9960377,0.039562051,0.164581,0.99748265,0.26720396,0
5j5i_6GM_I_303,0,0.98261416,0.039853176,0.13297884,7.1498723e-10,0.29924883,0
5j61_A3G_B_501,0.95025229,0.83025311,0.037066888,0.15642999,0.46672228,0.23741419,0.23484737
5j61_A3G_C_501,0,0.26089002,0.049719757,0.1446446,0.94384045,0.32038985,0.21707787
5j61_A3G_D_501,0.97440373,1,0.042555272,0.16899933,0.8917282,0.75523832,0.98591974
5j61_A3G_G_501,0,0.54522058,0.044384122,0.13633013,0.2935875,0.32447615,0.27938146
5j61_A3G_H_501,0,0.95567645,0.051120862,0.15347604,0.97075508,0.94040264,0.97737906
5jdv_EVF_B_302,0.9943729,0.98593701,0.038664518,0.16431055,0.99750222,0.00012677624,0.00012658825
5je1_TOF_A_302,0.0032439393,0,0.049804694,0.14192381,0.9973506,0,0
5je1_TOF_B_302,0.0033249225,0,0.04980153,0.1419198,0.9969934,0,0
5je5_AZ9_A_302,0.00041595415,0,0.042691286,0.12678199,0,0,0
5jeh_EVF_B_302,0.99037332,0.41495036,0.040268291,0.16065944,0.94396135,0.00064479874,0.00064346712
5jep_EVF_B_302,0.99295943,1,0.043891211,0.17177941,0.99872965,0.9987308,0.99859952
5jep_EVF_B_303,0.45918749,0.96962177,0.042003312,0.15147377,0.51415964,0.51514023,0.51538962
5jfx_6K4_A_4000,0.94136716,0.95770352,0.033134641,0.1493946,0,0.17420908,0.17023185
5jg5_EVF_B_301,0.992079,0.98036964,0.038697665,0.16423071,0.99679406,0.00014915668,0.0001483911
5jg5_EVF_B_302,0,0.19853612,0.044658145,0.13404039,0.39567733,0.00011921058,0
5jj2_MLI_A_301,0.9768498,0.95185752,0.039470502,0.16422818,0.92516581,0.20238548,0.20184878
5jj2_MLI_A_302,0.88094184,0.86098166,0.034048824,0.14827922,7.2630691e-05,0.19152991,0.18438739
5jj2_MLI_A_303,0.99342226,0.93313281,0.039896617,0.16320528,0.55265081,0.79774644,0.80087995
5joy_6LW_A_602,0,0.95993939,0.039747272,0.13297489,3.3946291e-05,7.6885043e-06,0.24358657
5jp9_DCM_A_401,0,0.049275535,0.049649266,0.14267524,0.97559846,0.14660008,0
5jp9_DCM_B_401,0.9815708,0.43983842,0.040726683,0.16148835,0.98209601,0.076640288,0
5jtt_6MY_A_902,0,0,0.97382811,0.14583735,0.99699959,0.42157449,0.63970914
5jtu_6NE_A_902,0,0,0.053957468,0.14794587,0.99640524,0.60169975,0.99643267
5kas_PC_A_517,0,0.93784104,0.039180745,0.13176597,0,0,0
5kcj_6RM_B_302,0,0.14100211,0.047366537,0.13885046,0.70238409,0.12420152,0
5kcj_GLU_A_302,0,0.62735349,0.04185878,0.13200781,0,0.2840653,0.23833132
5kcp_PFB_A_378,0,0.18670864,0.049744002,0.1441604,0.96436567,0.1994283,0.20405932
5kcp_PFB_A_379,0.98490993,0.044106051,0.035201694,0.14419462,0.010325126,0,0
5kcp_PFB_B_378,0,0,0.049358517,0.14152898,0.95752684,1.687954e-07,1.9108277e-07
5kcp_PFB_B_379,0.91561617,0.045693112,0.036655352,0.14499114,0.14157073,0,0
5kf2_COA_A_401,0.91137968,0.8176069,0.037396541,0.15565965,0.46316492,0.24146091,0.23716206
5kjw_53C_A_800,0.94584594,0.98725683,0.037960175,0.16065807,0.7654594,0.22790017,0
5kjw_53C_B_800,0.99900078,0.99665836,0.033020136,0.15157749,0.0021873312,0.25476988,0.25787314
5kjz_PCG_A_401,0.9532402,0.96187008,0.033024607,0.14961389,0,0.17282351,0.16937295
5kmj_6UF_A_901,0.00087032259,0.99438944,0.00090728579,0.13872642,0.00062762797,0.79594428,0.95626855
5kts_CIZ_A_402,0,0.023160639,0.042607639,0.12689806,0,0,0
5kxb_NGA_A_307,0.98461004,0.87903793,0.035619206,0.15513173,0.33543723,0.21533395,0.21400529
5kxb_NGA_C_305,0,0.54331898,0.04444259,0.13643021,0.30038483,0.32541177,0.28033188
5kxb_NGA_D_301,0,0.53604011,0.044666394,0.13681326,0.32640348,0.32899311,0.28396987
5l1v_7PF_A_401,0,0,0.055044757,0.14919005,0.99431958,0.99422414,0.9942777
5l7u_NGA_B_601,0.96959322,0.43658637,0.04079927,0.16119846,0.9776628,0.077182702,5.6208175e-05
5l9v_OGA_A_502,0.99676817,0,0.041643979,0.15763074,0.89997525,0.00036504976,0.00037146538
5l9v_OGA_B_502,0.99753535,0.84530028,0.032988922,0.14987402,0.00045241003,0.1393548,0.13472911
5la1_XYP_A_601,0.99594295,0,0.042395715,0.15910613,0.98693706,0.023796233,0.023808841
5la2_ARB_B_606,0,0.57153576,0.043575009,0.13494527,0.19952281,0.31152861,0.2662291
5lik_W8X_X_402,0.98541046,0.97315414,0.032726632,0.15020835,1.8965233e-05,0.1690719,0.16704837
5lqs_NTM_A_302,0.04883897,0.94638099,0.039430005,0.13375981,0.0046690651,0,0.23002009
5lu8_5KN_A_306,0,1.5998133e-06,0.042694658,0.12677534,3.5290489e-05,0,0
5lwy_OLB_A_402,0.7943107,0,0.036761577,0.1405848,0.0050600677,0,0
5lwy_OLB_A_403,0,0.62735349,0.04185878,0.13200781,0,0.2840653,0.23833132
5lwy_OLB_A_404,0,0,0.042694411,0.1267748,2.1533707e-15,0,0
5lwy_OLB_A_406,0,0,0.042694412,0.1267748,7.6217506e-08,0,0
5lwy_OLB_A_407,0,0.6273534,0.041858783,0.13200782,3.3360992e-07,0.28406534,0.23833136
5lwy_OLB_A_409,0,0.62735349,0.04185878,0.13200781,0,0.2840653,0.23833132
5m0e_7CR_A_922,0.89477815,0.42591125,0.0410028,0.15896558,0.92014125,0.077794235,0
5m0t_AKG_A_302,0.99488046,0.97642398,0.032640511,0.15038607,0.00020997059,0.16799305,0.16639
5m0t_AKG_B_302,0.99435051,0.97632286,0,0.15037618,0.00020001647,0.167882,0.16626263
5m5a_KSA_A_404,0.9903893,1,0.043167099,0.17077363,0.9847279,0.77276037,0.99607813
5m62_BGC_A_409,0,0,0.042733873,0.12685827,0.005516375,0,0
5m66_ADN_A_502,0.98782215,1,0.043115406,0.17063534,0.98751088,0.76165969,0.97255891
5m66_ADN_B_502,0.99174247,1,0.043150201,0.17083624,0.99594017,0.7626312,0.97330705
5m66_ADN_C_502,0.9892735,1,0.042673249,0.16984566,0.94776885,0.73764379,0.93957345
5m66_ADN_D_502,0.98273753,0.81170236,0,0.15028576,0.061282038,0.13353663,0.12746581
5m8d_UGI_B_501,0.98035145,0.43485126,0.040849804,0.1616527,0.99549744,0.077826528,0
5mdh_MAK_A_335,0,0.84825966,0.047221202,0.145689,0.70234831,0.50881286,0.50891523
5mdh_MAK_B_335,0.48841866,0.50144035,0.037543867,0.13842756,2.3498881e-07,0.052839042,0.016346667
5mot_HBD_A_401,0.001269066,0.92876472,0.045894499,0.14589037,0.93509195,0,0
5mot_HBD_A_402,0.94229475,0.90821287,0.033500552,0.1497208,6.188253e-05,0.20636037,0.20335084
5mzp_CFF_A_2401,0.045077042,0.98745026,0.039781371,0.13439192,0.040571855,0.29831807,0
5n5k_8NW_A_307,0,0.20145277,0.045862148,0.13632981,0.52232736,0.10944018,0
5n5k_HAE_A_306,0.26727682,0.96926924,0.043003147,0.1491384,0.83156046,2.486857e-07,2.4947079e-07
5n63_8OW_A_401,0.98231541,0.4393991,0.04073822,0.1615333,0.98429197,0.076766842,0
5n8c_8Q8_A_403,0,0.51806597,0.045219045,0.13775917,0.39065277,0.3378367,0.29295337
5n8c_8Q8_B_403,0.78343251,0.76994144,0.038667325,0.15344204,0.47305032,0.25775284,0.24780009
5nh9_XLS_A_503,0.78732848,0.85570801,0.03603619,0.1490724,0.17136124,0.21577219,0.20533533
5nh9_XLS_B_503,0,0.56080606,0.043904915,0.13550993,0.23787657,0.31680782,0.27159182
5nh9_XLS_D_504,0.97576516,0.89256977,0.035189677,0.1540929,0.27597213,0.20818106,0.20633058
5nj0_8YW_A_301,0.98833615,0.44311743,0.040650574,0.16159354,0.98039207,0.076014736,0
5nnw_GCS_D_302,0,0,0.042694466,0.12677491,7.5903389e-06,0,0
5nov_93B_A_201,0.99570964,0.99266668,0.033381661,0.15326899,0.26403636,0,0
5nuk_Z80_A_201,0.97926673,0.97100346,0.032783406,0.15009459,0,0.16978625,0.16749016
5o3b_9HZ_C_501,0,0.62735349,0.04185878,0.13200781,0,0.2840653,0.23833132
5o3b_9HZ_D_501,7.0236726e-05,0.62737814,0.041858129,0.13200911,0,0.2840571,0.23832624
5o3d_9J5_A_501,0.9679773,0.40337916,0.040494678,0.16025499,0.94692149,0,0
5o3f_9HT_A_501,0,0.1103206,0.048130084,0.14012981,0.79377123,0.13169359,0
5o3g_9J8_A_501,0,0.083793738,0.048790238,0.14123592,0.87278345,0.13817114,0
5o4j_9KH_B_302,0,0.96169539,0.039913084,0.13284939,0.00048254295,0.29126621,0
5o4j_9KH_C_302,0,0.96566868,0.039900575,0.13287164,0.00024096733,0.29275712,0
5o4j_PJL_A_304,0.24224215,0.93433296,0.038025386,0.13669241,7.6158928e-05,0.2288711,7.8432664e-05
5o4k_9KE_A_405,0.94895827,0.96021775,0.033068892,0.14954268,0.00053507212,0.17339685,0.16975752
5o72_9MH_A_303,0.96568365,0.97380036,0.033300649,0.15078898,2.3224154e-10,0.2483082,0.24928424
5ocm_9RH_B_302,0.0016603815,0.12849373,0.047679172,0.1394314,0.74162006,0.12729891,0
5ocm_9RH_C_302,0.0016974413,0.62102286,0.042056012,0.13240367,0.024758382,0.28727507,0.2416703
5ocm_9RH_D_302,0.001855516,0.13015741,0.047637927,0.13936901,0.7368972,0.12689771,0
5ocm_9RH_E_302,0.9950276,0.77564774,0.038814006,0.16095754,0.71807757,0.26678677,0.26675341
5ocm_9RH_F_302,0.76143858,0.68825978,0.041145309,0.15692821,0.73743566,0.29671082,0.28635817
5oew_9TE_C_301,0.75081606,0.89083422,0.034900577,0.14587517,3.1051339e-09,0.19644612,0.18401652
5oew_GLU_A_301,0,0,0.042694411,0.1267748,0,0,0
5oew_GLU_B_902,0,0,0.042694411,0.1267748,0,0,0
5oew_GLU_C_302,0,0,0.042694411,0.1267748,0,0,0
5oip_9WE_A_302,0.93587628,0.41638373,0.041273277,0.16083243,0.99749967,0.081184702,0
5oo4_URI_A_201,0.97431333,0.43326531,0.040884369,0.16150293,0.99302518,0.078057482,0
5ooa_URI_A_201,0.98805986,0.39768625,0,0.16118741,0.98657926,0,0
5r0i_SYV_A_2501,0.99776035,0.99338809,0.031766562,0.14980308,1.4983411e-06,0,0.092871267
5r0j_RBJ_B_401,0,0.94617903,0.045926585,0.14614683,0.94736451,0,0
5r28_RDJ_A_401,0.9852464,0.97562402,0.031912253,0.14946694,5.437714e-05,0.00024665989,0.086907484
5r9o_54F_A_401,0.99296671,0.98521549,0.037896875,0.1620736,0.80689795,0.2240273,0
5r9u_JMM_A_401,0.98952802,0.4122657,0.040311206,0.1606948,0.94836922,0,0
5sga_TYR_P_1,0,0.62735349,0.04185878,0.13200781,0,0.2840653,0.23833132
5syi_NIZ_A_805,0.0015552842,0.98768055,0.039888751,0.13316559,0.0082002149,0.30225319,0
5syi_NIZ_B_805,0.95171259,0.86008703,0.033469548,0.14946809,0.0079905635,0.16832464,0.16323159
5t6b_TMP_A_504,0,0.050831361,0.049610547,0.14261037,0.97096432,0.14622016,0
5t6b_TMP_C_503,0.98733835,0.48130147,0.039699507,0.15996567,0.86546893,0.066664808,0
5t6b_TMP_D_503,0,0.62735304,0.041858793,0.13200784,1.5910565e-06,0.28406552,0.23833154
5tch_MLI_A_301,0.99560524,1,0.041022274,0.1673,0.88528734,0.57931265,0.65645534
5tch_MLI_B_501,0.99862595,0.96406622,0.033026177,0.15117475,0.049081611,0.1742829,0.17295241
5tch_MLI_C_301,0.99645158,0.82811483,0.037202967,0.15824901,0.532318,0.24105172,0.24067703
5tch_MLI_E_301,0.99810456,0.91501341,0.034533611,0.15373694,0.22376891,0.19838858,0.19741534
5tch_MLI_F_501,0.99787196,0.91799466,0.034441593,0.15357146,0.21282054,0.19690873,0.19590134
5tch_MLI_G_301,0.99705808,0.92487106,0.034228925,0.15317952,0.18721962,0.19347987,0.19238063
5tde_2HP_A_502,0.99540916,0.97430035,0.034393059,0.15441075,0.24861088,0.19945812,0.19945812
5tde_2HP_B_901,0.9961562,0.94388161,0.043807699,0.17100347,0.96861979,0.98872415,0.98793898
5tde_FLC_A_501,0.98575395,0.5514456,0.03856187,0.15827184,0.72458447,0.036585412,0.063101698
5tdt_MBN_A_502,0,0.18263659,0.042940732,0.12962349,0.11663416,0.017291445,0
5tdt_MBN_A_504,0.99857112,0.098557181,0.034821204,0.14456443,5.042636e-06,0,0
5tdt_MBN_D_501,0.088836549,0.99120345,0.050331525,0.15555881,0.99751706,0.93258846,0.93351141
5thu_GGG_B_405,0,0.97810953,0.039865298,0.13294936,5.5683206e-07,0.29751244,5.424622e-08
5tix_OQR_A_302,0,0.61029453,0.042383292,0.13290556,0.060977967,0.29245861,0.24685741
5tix_OQR_B_302,0,0.60890624,0.042425977,0.13297862,0.065940444,0.29314167,0.24755128
5tlg_7EG_A_601,0.98490613,0.44009654,0.040722967,0.16159685,0.98530216,0.076663604,0
5tlg_7EG_B_601,0.9922672,0.44064626,0.040715264,0.16183715,0.99243756,0.076719933,0
5tm5_7EV_A_601,0,0.050046663,0.049630076,0.14264309,0.9733016,0.14641178,0
5tm5_7EV_B_601,0,0.62735349,0.04185878,0.13200781,0,0.2840653,0.23833132
5tvr_AKG_A_402,0.99076666,0.97488961,0.032681425,0.15031486,0.00053428109,0.16851777,0.16673295
5tvr_AKG_B_402,0.99751272,0.97725247,0.032619045,0.15043969,0.00055039333,0.16773273,0.16624718
5tzr_MLI_A_2403,0.97586197,0.93019761,0.033200221,0.15046825,0.00010712918,0.21154432,0.21060121
5u5g_7VD_A_302,0.88365286,0.91119604,0.040795168,0.16084104,0.4864854,0.88752517,0.88740571
5u5g_7VD_B_302,0.86719422,0.93180979,0.042156957,0.16357691,0.69592775,0.8537781,0.85159144
5u5g_7VD_C_302,0,0.88341962,0.049665673,0.14967825,0.74006961,0.95593109,0.9364544
5u5x_TP5_A_302,0.99792246,0.49411684,0.03905078,0.15919928,0.8041954,0,0.035997705
5u5z_7VP_A_302,0.00020115681,0,0.0426929,0.12677827,1.7737456e-09,0,0
5u8z_83D_B_602,3.3227494e-07,0.62735318,0.04185879,0.13200784,1.5370638e-06,0.28406547,0.23833151
5u8z_83D_C_602,2.5714219e-07,0.62735348,0.04185878,0.13200782,3.5625618e-07,0.28406532,0.23833135
5u8z_83D_D_602,0,0.62735348,0.04185878,0.13200781,4.3888664e-08,0.2840653,0.23833132
5uap_82S_A_505,0.042905437,0.95570769,0.039905942,0.13419267,0.043442223,0.28703047,0
5uap_82S_B_505,0.99603508,0.93715165,0.033257123,0.1513341,0.029566402,0.2170967,0.21740337
5ud0_13P_B_405,0.99341643,0.7669521,0.042686476,0.16711701,0.8977546,0.74190483,0.74208696
5ud0_G3H_B_406,0,0,0.042694421,0.12677482,1.3249226e-06,0,0
5ud3_P6F_A_404,0,0.62501675,0.041930627,0.13213079,0.0083527538,0.28521501,0.23949922
5ud3_P6F_B_404,0,0.52057345,0.049929271,0.14731007,0.91866482,0.5388534,0.48846927
5uda_CAE_A_502,0.47926931,0.9961013,0.037051517,0.14369771,0.15880663,0,0.20861237
5uda_CAE_B_502,0.50867144,0.9871517,0.036040264,0.14244098,0.051776905,0,0.18061104
5uim_TYD_B_403,0,0.530177,0.044846667,0.13712182,0.3473614,0.33187786,0.28690026
5uio_8DM_A_202,0.98649564,0.44600405,0.040196439,0.16072226,0.92941387,0,0.04495092
5uio_8DM_D_202,0,0.045099536,0.049753191,0.14284937,0.98803698,0.14761981,0
5uio_8DM_E_202,0.98849882,0.4012187,0.040555809,0.16106305,0.97693308,0,0
5uio_LG3_A_201,0.9922251,0,0.042335819,0.15894488,0.99218586,0,0
5uio_LG3_B_201,0.99814409,0.32725675,0.041067868,0.1607944,0.99255094,0,0
5uio_LG3_C_201,0.9928667,0.99352153,0.038621397,0.1642703,0.99395769,0,0
5uio_LG3_E_201,0.99610047,0.99514181,0.038574185,0.1642992,0.99160355,0,0
5uj3_CE4_A_302,0,0.97415116,0.03987693,0.13292547,0.0001311768,0.29600853,0
5unr_8EV_A_803,0,0.62735193,0.041858828,0.1320079,5.5719371e-06,0.28406606,0.2383321
5unr_8EV_B_803,0.65032883,0.85556982,0.03583187,0.14401925,2.9837856e-06,0.20817325,0.19128628
5unt_8J1_A_803,0.99376867,0.97609132,0.032649047,0.15036251,4.4516273e-06,0.16809451,0.1664417
5unx_8F1_A_803,0.97968162,0.9711467,0.032779633,0.15010238,8.3994277e-06,0.16973899,0.16746132
5unx_8F1_B_803,0.98437922,0.97279615,0.032736069,0.15018909,5.054284e-06,0.16919033,0.16712102
5uo3_8EY_A_803,0.99177634,0.97539177,0.032667523,0.15032573,5.8257169e-06,0.1683272,0.16658602
5uo5_M4R_A_803,0.98346452,0.97244928,0.032745341,0.15017356,9.7530062e-05,0.1693098,0.16720012
5uo5_M4R_B_803,0.9880854,1,0.04246301,0.16924416,0.88944907,0.75653554,0.99485386
5urz_BOG_B_201,0.69756857,0.83071366,0.036668041,0.14707224,0.14810985,0.22304661,0.20857758
5v31_ARG_A_401,0,0,0.042694413,0.1267748,2.2027105e-07,0,0
5v7y_AKG_B_302,0,0.62725727,0.041861738,0.13201288,0.00034394334,0.28411264,0.23837941
5ve5_GSH_B_402,0,0.48849352,0.042647284,0.1322685,0.082177041,0.23192639,0.18183176
5ved_STU_A_601,0,0.095466221,0.04869266,0.14113934,0.85965169,0.14347059,0.0078466256
5vjg_0BP_A_403,0.99877021,0.77175123,0.039385868,0.1631198,0.98581697,0.0068971911,0.00684306
5vka_AKG_A_402,0.99425499,0.40632953,0.040451922,0.16109178,0.97059111,0.00048981706,0
5vl0_BNF_A_404,0,0.98251589,0.044256364,0.14309496,0.73291573,0,0
5vl0_BNF_D_404,0,0.98820202,0.045246944,0.1452658,0.87436639,0,0
5vrj_R07_A_204,0,0.12073252,0.047870971,0.13969565,0.76275858,0.12915112,0
5vut_9OG_A_803,0.93034317,0.95383492,0.033236806,0.14919099,7.835862e-13,0.17549556,0.17102934
5vut_9OG_B_803,0,0.62735349,0.04185878,0.13200781,2.4527493e-13,0.2840653,0.23833132
5vuu_9OJ_A_805,0.0001329821,0.62740016,0.041857547,0.13201027,0,0.28404978,0.2383217
5vuu_9OJ_B_803,0.69973667,0.87290914,0.035373956,0.14493175,0,0.20240701,0.18771165
5vv0_9OM_A_803,4.6152954e-10,0.6251408,0.041861117,1.3022585e-42,3.6093483e-13,0.28239816,0.23645077
5vv0_9OM_B_803,0.7012228,0.87343066,0.035360183,0.1449592,3.5623766e-10,0.20223359,0.18760414
5vv5_9OJ_B_803,0,0.62735349,0.04185878,0.13200781,3.090196e-10,0.2840653,0.23833132
5vyr_B62_A_301,0.98878633,0.98331507,0.038697318,0.16416028,0.99493885,0,0
5vyr_B62_B_301,0.97738831,0.96035943,0.038869603,0.16382895,0.99237914,0.0035918544,0.0035990669
5vyr_GMP_B_302,0,0,0.042694425,0.12677482,1.9450684e-06,0,0
5vyr_GMP_B_303,0.99858409,0.99382816,0.031763449,0.14982808,0.00035778169,0.00044031685,0.093241222
5vys_1YJ_A_301,0.99314773,0.98434714,0.043872155,0.17155861,0.99217786,0.99329901,0.99284637
5vys_1YJ_B_301,0.98921784,0.9774128,0.043568676,0.17073415,0.94978735,0.98250049,0.98250282
5vys_GMP_B_303,0.97877942,0,0.035361668,0.14374529,0.0031482846,0,0
5w3k_9TY_A_401,0.99604281,0.40378731,0.04050362,0.16123687,0.97890133,0,0
5w5t_9X7_D_508,0,0,0.042709212,0.12680611,0.0020690356,0,0
5w7b_MYR_B_208,0.98258875,0.7064787,0.033093174,0.1481251,4.7302411e-11,0.038480161,0.026392441
5w8q_BU4_A_400,0.99492649,0.97220017,0.040978257,0.1662259,0.75869276,0.7540742,0.75537341
5w8q_BU4_B_400,0.025831113,0.995276,0.048188566,0.14961095,0.75891852,0.7589495,0.75503505
5wct_GY4_A_303,0,0,0.042697303,0,6.8158649e-10,0,0
5wcz_NOJ_A_601,0,0,0.042694411,0.1267748,0,0,0
5wgk_AGJ_A_816,0.9639104,0.96967884,0.036965825,0.15899199,0.64658277,0.19719627,0
5wgr_PM7_A_711,0,0.62735349,0.04185878,0.13200781,0,0.2840653,0.23833132
5wgr_PM7_A_712,0,0.62734697,0.04185898,0.13200816,2.3301768e-05,0.2840685,0.23833458
5wgv_PM7_A_712,0,0.62735349,0.04185878,0.13200781,0,0.2840653,0.23833132
5wgv_PM7_A_713,0,0,0.042694618,0.12677523,2.8890057e-05,0,0
5wgw_MB5_A_715,0.54284463,0.81785161,0.036827958,0.142034,2.5172938e-07,0.22071613,0.19906142
5x0j_SEP_A_302,0,0,0.042694411,0.1267748,0,0,0
5x23_LSN_A_502,0,0.047111199,0.049703128,0.14276549,0.98204509,0.14712858,0
5x23_LSN_A_503,0,0.62723397,0.041862455,0.1320141,0.00042723731,0.2841241,0.23839105
5x23_LSN_A_504,0.05913547,0.64810565,0.04131074,0.13310003,9.8855416e-12,0.27716427,0.2340534
5x2m_GLN_A_951,0.93053849,0,0.040614752,0.1532569,0.68679809,0,0
5x2m_GLN_B_951,0.99257231,0.76106608,0.033020567,0.1488864,0.00088236842,0.076899294,0.067870044
5x2m_GLN_D_951,0,0,0.042694411,0.1267748,0,0,0
5x5d_UMP_A_401,0.96627977,0.43167586,0.040917401,0.16128194,0.98818523,0.078237633,0
5x5d_UMP_C_401,0.73875451,0.34247437,0.042952535,0.15686567,0.98271806,0.094129375,0
5x5d_UMP_E_401,0.96373128,0,0,0.15842794,0.99051924,0,0
5x86_TMP_A_205,0,0.62735349,0.04185878,0.13200781,0,0.2840653,0.23833132
5x86_TMP_B_207,0.99407495,0.40031332,0.040579487,0.16129428,0.98594595,0,0
5xdt_MB3_A_404,0.38395684,0.99568175,0.036713872,0.13944926,2.3614621e-05,0.22215678,0
5xdt_ZI7_A_403,0.76888049,0.9912725,0.040839802,0.16075918,0.959208,0.30000348,0
5xh2_NPO_A_305,0.99645798,0.96943591,0.03261388,0.15123222,0.10364469,0,0.10042098
5xin_XLS_A_397,0.99144466,0.97420469,0.032703517,0.15037595,0.0038330375,0.1688927,0.16714514
5xin_XLS_B_397,0.98670937,0.96729152,0.032908867,0.15056485,0.022604521,0.1720291,0.17011237
5xin_XLS_C_397,0.95556714,0.93135993,0.033966246,0.15130547,0.11197871,0.18796527,0.18486176
5xin_XLS_D_397,0.95246752,0.92030803,0.03430134,0.15177259,0.14759603,0.19322954,0.19006609
5xj7_87O_A_309,0.94204549,0,0.046624306,0.16284893,0.85377942,0.95095894,0.90779839
5xmq_PLG_B_501,2.7062575e-05,0.95497124,0.051204776,0.15364059,0.98032854,0.94337831,0.98007759
5xmq_PLG_C_501,0.99155092,0.47235868,0.03992549,0.16048922,0.89712726,0.068958012,4.0833952e-07
5xoi_SIN_A_401,0.99751015,0.92729051,0.038691433,0.16347167,0.90212068,0,0.22239828
5xrv_F6R_A_702,0,0.51859721,0.045202711,0.13773121,0.38875384,0.33757532,0.29268785
5xsm_8EO_A_705,0.96814297,0.96707791,0.03288717,0.1498903,7.8406877e-05,0.17109517,0.16830583
5xvt_8FL_A_709,0.43280237,0.77923501,0.037847775,0.14000155,1.273413e-09,0.23355787,0.20702195
5xvv_AKG_A_508,0,0.62710392,0.041866453,0.13202095,0.00089210218,0.28418809,0.23845605
5xvv_AKG_B_506,0,0.60529266,0.042537085,0.13316878,0.078857365,0.29491962,0.24935735
5xvv_AKG_C_504,0.98379346,0.87912575,0.035615263,0.15509695,0.33409901,0.21524505,0.21387725
5xz7_F6P_A_407,0,0.97935305,0.044123061,0.13920502,0.0091575623,0.95544649,0.95519279
5y1g_AKB_A_401,0.9331461,0,0.042120357,0.15620346,0.85245806,0.12281315,0
5y7a_KYN_A_502,0.9182321,0.74085774,0.039766781,0.15995176,0.74610367,0.27960635,0.27622755
5y7r_58K_B_403,0,0.99361126,0.03966125,0.13322144,0,0,0.25910388
5y8k_SER_A_301,0,0.0080345712,0.042664429,0.12681781,1.675565e-05,0,0
5y8k_SER_B_301,0,0.0027195521,0.042684267,0.12678936,6.20462e-06,0,0
5y8p_3OH_B_301,0.41505808,0.8388111,0.038281378,0.14100986,0.00034065989,0.33571737,0.31424007
5yaq_ISE_B_402,0.97140153,0.87765673,0.035641565,0.15471653,0.32380565,0.21527434,0.21333445
5yaq_ISE_C_402,0.8109495,1,0.043268241,0.16488211,0.81138986,0.87531947,0.87499586
5yaq_ISE_D_402,0,0.13549169,0.049711306,0.14354499,0.96639665,0.21881335,0.08979739
5yb7_ORN_A_602,0.98493186,0.96468881,0.032986187,0.15063616,0.029678287,0.17321021,0.17123003
5yb7_ORN_A_603,0.98024333,0.97128371,0.032776275,0.15011592,0.0002232725,0.16970301,0.16745073
5yb7_ORN_B_602,0,0.59169729,0.042955101,0.13388425,0.12745456,0.30160878,0.25615233
5yb7_ORN_B_603,0,0.62735348,0.04185878,0.13200781,1.8982984e-08,0.2840653,0.23833132
5yb7_ORN_C_602,0.985926,0.95410605,0.033313088,0.15122981,0.068753855,0.17847275,0.17662176
5yb7_ORN_C_603,0,0.62735349,0.04185878,0.13200781,8.4247704e-09,0.2840653,0.23833132
5yb7_ORN_D_602,0.99589612,0,0.035382225,0.14435682,0.024002727,0,0
5yb7_ORN_D_603,0.9779181,0.88647202,0.035380442,0.15449332,0.30046943,0.21130175,0.20960011
5ybl_AKG_C_302,0.9948874,0.97631711,0.032643807,0.15039195,0.00060066452,0.16804602,0.16644413
5ybp_8SX_B_303,0,0.62735349,0.04185878,0.13200781,0,0.2840653,0.23833132
5ybp_AKG_A_302,0.99764391,0.39162652,0.040847643,0.16113967,0.99128515,0.025643879,5.9948306e-05
5ybp_AKG_B_302,0,0.33199684,0.050284236,0.14640005,0.99382219,0.40163373,0.31201769
5ybq_8T0_B_303,0,0.52051527,0.045143737,0.13763027,0.38189765,0.3366316,0.2917292
5ybq_AKG_A_302,0.99649565,0.97698232,0.032625803,0.15041634,0.00024023266,0.16780873,0.16627739
5ybq_AKG_B_302,0,0.62723865,0.041862311,0.13201386,0.0004105101,0.2841218,0.23838872
5yfj_RUB_B_401,0,0.83315882,0.049956036,0.15006263,0.86307711,0.79229788,0.80597813
5yfj_RUB_C_401,0,0.88221436,0.049618755,0.14980399,0.81605438,0.81764558,0.84191633
5ykt_PMP_A_501,0.99034576,0.93256553,0.033982124,0.15252666,0.1512955,0.18931841,0.18784321
5ykt_PMP_B_501,0.99295307,0.94159193,0.033708558,0.15214794,0.12230085,0.18502317,0.18360049
5ylf_BGC_A_401,0,0.95010361,0.040147363,0.13315995,0.0197927,0.29753281,0.014519174
5ysh_5AD_D_605,0.21274926,0.98677077,0.038140289,0.13658171,0.0024414504,0.25575331,0
5ysh_5AD_G_605,0.99857816,0.98270107,0.03302448,0.15142543,0.0025956571,0.24436566,0.24675433
5ysh_5AD_J_605,0.21831849,0.98087692,0.038656301,0.13776274,0.074807582,0.26450356,0
5z54_0HZ_A_303,0.19287987,0.9839039,0.044649894,0.15034688,0.99127067,0,0
5z54_0HZ_B_303,0,0,0.049811882,0.14183136,0.99494768,0,0
5z54_0HZ_C_303,0.9675157,0.97021343,0.034851274,0.15474742,0.36996428,0.14994472,0
5z9b_AX7_A_304,0.99593375,0,0.035626147,0.14487407,0.058139927,0,0
5z9b_HX3_A_303,0.97892104,0.99146747,0.031926555,0.1494885,0.00080650781,0,0.095265128
5z9b_HX3_B_303,0.97160376,0.98667353,0.03199404,0.1493262,0.00045624252,0,0.09421068
5z9p_AX7_A_301,0.99849684,0,0.036950112,0.14775989,0.24590882,0,0
5z9p_AX7_B_301,0.99588736,0,0.042121542,0.15861313,0.96607933,0,0
5zg2_9C0_A_902,0.99541605,0.99583963,0.03303569,0.15148017,0.00010728631,0.25487452,0.25781166
5zg2_ZK1_A_901,0.91170789,0.94729532,0.033409508,0.1488468,0,0.17767027,0.17237744
5zg2_ZK1_B_901,0,0.047875691,0.049684103,0.14273361,0.979768,0.1469419,0
5zge_ZZ7_A_301,0.37748873,0.93609056,0.044308971,0.15414048,0.96338292,0.37935653,0.031455512
5zge_ZZ7_B_302,0,0.90970714,0.047267777,0.14742371,0.95815713,0.43285717,3.3937472e-07
5zgr_ZZ7_A_303,0.53211402,0.94264671,0.043067785,0.15680419,0.96568782,0.3503962,0.033785488
5zgr_ZZ7_B_303,0.99201471,0.93892784,0.033054282,0.15080561,0,0.21259639,0.21255256
5zi4_OAA_A_401,0.99549711,0.96906793,0.031875395,0.14964771,0.0038665598,1.4321799e-05,0.082726232
5zi4_OAA_B_401,0.46207415,0.94449702,0.036129945,0.14054092,1.6949924e-06,3.5823939e-06,0.15952079
5zpt_HY1_A_702,0.0056048982,0.19421101,0.046046919,0.13683219,0.5505773,0.11135363,0
5zpt_HY1_B_703,0.98684521,0.45404659,0.040377378,0.16108451,0.94606189,0.073307365,0
6a1f_9OF_A_807,0.97926501,0.38914617,0.040817917,0.16117747,0.99859068,0,0
6a1l_BEZ_A_403,0.99315221,0.9676315,0.039008742,0.16450342,0.9536112,1.8423438e-06,0.25085827
6a1l_BEZ_A_404,0.98537155,0.99620122,0.037722648,0.16072688,0.58055684,0.38411707,0.37966528
6a2m_9QR_A_701,0,0.62735348,0.04185878,0.13200781,3.3245888e-08,0.2840653,0.23833132
6a2m_9QR_B_701,0.9312779,0.95416294,0.033228143,0.14920825,1.4774125e-08,0.17538648,0.17096172
6a2m_UMP_A_703,0.9910418,0.44053793,0.040716965,0.16179785,0.99129983,0.076714663,0
6a2m_UMP_B_703,0.97735796,0.43759748,0.04077903,0.16143115,0.98375005,0.077078438,0
6a2n_UMP_A_703,0.98025962,0.43868492,0.040754324,0.16148957,0.98396917,0.076888017,0
6a2n_UMP_B_703,0.97628209,0.43767174,0.040776309,0.16138959,0.98224664,0.077032451,0
6a3j_SOE_A_402,0.0089691686,0.958897,0.051132177,0.15383271,0.98129301,0.94340477,0.98080315
6a3j_SOE_B_401,0,0,0.053770153,1.3061439e-51,0.98044686,0.58941756,0.97903093
6a3j_SOE_C_402,0.99701948,1,0.043099639,0.17085703,0.98330113,0.77069812,0.99529092
6a3j_SOE_D_401,0,0.9559356,0.051217785,0.1536743,0.98157698,0.94470653,0.98158381
6a6s_FSA_A_502,0,0.96672292,0.039897355,0.13287694,4.2923524e-06,0.29330505,0.00035245064
6a7e_9QR_A_201,0,0.98056636,0.044305397,0.14215775,0.59023253,0.3980854,1.7912526e-05
6abm_9VR_A_505,0,0.50137444,0.04573226,0.13863758,0.45031734,0.34604923,0.30129582
6acn_TRC_A_899,0.93096665,0.95404035,0.033231438,0.14920321,4.7748096e-05,0.17542937,0.17099091
6ald_2FP_A_700,0,0.62735288,0.041858798,0.13200784,2.1624969e-06,0.28406559,0.23833162
6ald_2FP_B_700,0,0.62735256,0.041858808,0.13200786,3.3368578e-06,0.28406576,0.23833178
6auq_BYJ_A_803,0.81040098,0.91171713,0.034349202,0.14697711,9.6432322e-05,0.18950592,0.17971956
6av2_BY7_A_803,0.43517616,0.78006803,0.037825776,0.14004539,9.2788243e-09,0.23328085,0.20685023
6ayv_F6P_A_401,0,0.90933855,0.051032996,0.15303686,0.98057571,0.92827897,0.86093906
6ayv_F6P_B_401,0.97666965,0.73901938,0.039912271,0.16220704,0.82597896,0.28378121,0.28316848
6ayv_MLI_A_409,0,0.96546027,0.043700542,0.13841728,0,0.8776113,0.87773787
6b5k_TYD_A_304,0.94791251,0.95999971,0.033074004,0.14951553,2.6706697e-06,0.17344561,0.16975873
6b5k_TYD_B_304,0.97336789,0.96893269,0.032838095,0.14998568,2.5534735e-06,0.17047499,0.16791724
6b6r_BEN_A_302,0.99817632,0.99287871,0.043830224,0.17174398,0.9948327,0.99468222,0.99484727
6b9p_D0J_A_1001,0.83438537,0.71066709,0.033867259,0.14493241,2.260473e-08,0.0066967251,0
6ba2_7KM_A_809,0.99141067,0.97526508,0.032670861,0.15031889,4.6528061e-10,0.16836907,0.16661165
6bds_DJ4_A_302,0.86628976,0.93135692,0.033830422,0.14800794,0,0.1829705,0.17566303
6bmm_OLB_A_404,0,0.62735349,0.04185878,0.13200781,2.8375525e-13,0.2840653,0.23833132
6btq_E8S_A_305,0,0.62715332,0.041864934,0.13201835,0.00071552896,0.28416379,0.23843136
6bvl_EBY_B_2001,0,0.62735349,0.04185878,0.13200781,0,0.2840653,0.23833132
6bxk_MTA_A_401,0.95733431,0.96225607,0.033018971,0.1497448,0.0037558768,0.17286271,0.16960193
6c1i_EEY_B_501,0.99469493,0.97641761,0.032640424,0.15037955,3.5019191e-10,0.1679858,0.16637407
6c1x_DNX_A_203,0,0.9296904,0.046195045,0.14649631,0.97625687,0,0
6c6w_TFX_A_502,0,0.92190229,0.039843836,0.13269515,5.8058256e-09,0,0.22603581
6cdy_EY1_A_501,0,0,0.049712559,0.14146253,0.95784545,0.082117502,0
6cdy_EY1_B_501,0,0,0.043442536,0.12835741,0.10458001,0,0
6cgc_F0A_A_402,0.72459197,0,0.037586978,0.14001715,0.047204281,0,0
6cgn_DA_A_801,0,0.9779484,0.041222097,0.13575189,0.17996551,0.32789681,0.00014145737
6cqu_HI6_B_601,0,0.58957764,0.043020275,0.1339958,0.13503135,0.30265169,0.25721174
6cut_FEJ_C_401,0.95382874,1,0.043441595,0.17014908,0.98810039,0.7751178,0.98439731
6cut_FEJ_D_401,0,0.94469369,0.05123593,0.15361395,0.98571921,0.93639883,0.97094206
6cwr_6LA_A_201,0.97222635,0,0.047650333,0.16585472,0.9902869,0.98296262,0.98292288
6dl7_ONC_C_301,0.98777042,0.97398762,0.032704597,0.15025165,0,0.16879388,0.16687499
6dl7_ONC_E_301,0.86878442,0.39086066,0.04185397,0.15949763,0.99356315,0.085680248,0
6dl7_ONC_G_301,2.3043627e-07,0.62735357,0.041858778,0.13200782,0,0.28406527,0.2383313
6dmi_5T5_A_504,0.98771329,0.8126569,0.037664949,0.15873972,0.57661169,0.24816827,0.24750242
6dqt_LEU_B_1,0.99303874,0.97583641,0.032655773,0.15034896,0,0.16817908,0.16649388
6dyt_F0G_A_503,0.99150775,0.48436877,0.039626618,0.15998698,0.86130837,0.066026233,2.3928733e-06
6dyt_PP3_B_1501,0.97243767,0.96860696,0.032846694,0.14996846,0,0.17058319,0.16798418
6e40_BBJ_A_502,0.96757395,0.86917614,0.033262419,0.14967509,1.5178846e-06,0.16781979,0.16354891
6e40_BBJ_B_502,0,0.91643021,0.040031219,0.13254552,9.0146057e-07,0.27373545,0
6e43_BEZ_B_502,0.99747155,0.98789407,0.038906288,0.16470292,0.98653016,0.066192897,0.067339126
6e43_BEZ_C_502,0.99858528,0.9766264,0.039133822,0.16494586,0.9888876,0.10030501,0.10030386
6ezf_C6Z_A_1003,0.99549646,0,0.042130058,0.15861817,0.96685908,0,0
6f2b_AKG_B_402,0,0.86151591,0.050621508,0.15165329,0.93239866,0.84330156,0.86175175
6f2b_AKG_C_402,0.71480457,0.87819686,0.035234314,0.14521005,1.6155747e-09,0.20064861,0.18662162
6f2v_AMP_A_1001,0,0.61654776,0.042191023,0.13257647,0.03862551,0.2893819,0.24373203
6f2v_AMP_B_1001,0,0.074517532,0.049021088,0.14162271,0.90041331,0.14043628,0
6f3s_CKW_A_902,0.99020573,0.82364405,0.037330922,0.15825358,0.54046421,0.24290188,0.24226788
6f3s_PLP_A_901,0,0.95540007,0.040183093,0.13328137,0.022631377,0.30376339,0.021723768
6f48_XQB_A_302,0,0.62735349,0.04185878,0.13200781,0,0.2840653,0.23833132
6f66_CUT_B_300,0.99767746,0.98783084,0.039091378,0.16473164,0.97144165,0.25179874,0
6f6a_CU5_A_301,0.01624386,0.63305245,0.041708283,0.13230791,5.0960845e-06,0.28217036,0.23715693
6f6a_CU5_B_301,0.90033323,1,0.043979947,0.16945179,0.99606021,0.79385752,0.99598924
6f76_CVK_A_203,0,0.96674668,0.04161779,0.13643457,0.22856339,0.3317079,0
6f76_CVK_B_203,0.48931418,0.99226554,0.035871058,0.14117842,2.4457992e-09,0.19829851,0
6f76_CVK_C_203,0.98460263,0.80154271,0.033094003,0.14919356,0,0.11032431,0.10310993
6f76_CVK_F_203,0,0.97452173,0.041530698,0.13634867,0.21977916,0.33322257,0
6f77_PLP_C_600,0,0.62734409,0.041859069,0.13200831,3.3601838e-05,0.28406992,0.23833602
6f77_PLP_D_600,0,0.046481645,0.049718795,0.14279174,0.98392027,0.14728231,0
6f77_PLP_E_600,0.96609486,0.45090153,0.040438797,0.16047366,0.9306998,0.073538163,0
6f7r_CIT_A_1002,0.89067245,0.85204219,0.036306234,0.15308259,0.31409942,0.22335929,0.21781733
6fa1_D2Z_A_203,0.0022376178,0.7693485,0.042017135,0.13401496,1.0133335e-11,0.42532654,0.3886169
6fa1_D2Z_B_203,0.13906551,0.98597812,0.03871977,0.13531327,2.1235065e-07,0.27079768,0
6fa1_D2Z_F_203,0.07383777,0,0.04213954,0.12805143,5.9615987e-11,0,0
6fgv_D9T_A_1901,0.93222785,0.8918838,0.033768161,0.1497551,0.022185131,0.20280134,0.19892326
6fld_DQ5_A_604,0,0.62735349,0.04185878,0.13200781,0,0.2840653,0.23833132
6fld_NAG_A_601,0,0,0.042694419,0.12677481,1.0459528e-06,0,0
6fld_NAG_A_602,0.60495081,0.71453914,0.036527492,0.14251335,2.2550837e-08,0.17516681,0.15277598
6fld_NAG_A_603,0,0.62735349,0.04185878,0.13200781,3.643899e-10,0.2840653,0.23833132
6flu_DTK_A_401,0.15435641,0.68152103,0.040428282,0.13485874,3.7168075e-07,0.26605217,0.22716507
6flu_DTK_A_402,0,0.62735338,0.041858783,0.13200782,4.0045066e-07,0.28406535,0.23833137
6flu_DTK_A_404,0.78265699,0.85011175,0.036201146,0.14919436,0.1855054,0.21826422,0.20765094
6flu_DTK_A_405,0,0.97813573,0.05122515,0.15419077,0.99696657,0.96141655,0.96103359
6flu_DTK_A_406,0.98205729,0.99025352,0.038871301,0.16428925,0.99458142,0.028850092,0.028848672
6flu_DTK_B_401,0,0.62735338,0.041858783,0.13200782,3.7667334e-07,0.28406535,0.23833137
6flu_DTK_B_402,0.080564702,0.63841795,0.041641232,0.1344014,0.061509909,0.28313004,0.24110365
6flu_DTK_B_403,0.93482349,0.97592084,0.044089371,0.1700658,0.97549626,0.96769158,0.96787132
6flu_DTK_B_404,0.99150481,0.97802153,0.043936639,0.17154265,0.99333461,0.99696166,0.99685739
6flu_DTK_B_405,0,0.56047239,0.043915174,0.13552749,0.23906928,0.31697199,0.27175858
6flu_DTK_B_406,0.11624599,0.66814711,0.040781471,0.13415485,3.4084104e-07,0.2704996,0.22992201
6fs7_E4Z_A_903,0,0.052711793,0.049563751,0.14253196,0.96536331,0.14576098,0
6fs7_E4Z_C_903,0.62171293,0.30634301,0.043756669,0.15418713,0.95085,0.099922235,0
6fs7_E4Z_D_903,0.59360106,0.83334884,0.036360102,0,0,0.21305305,0.19342451
6fs7_E4Z_E_903,0,0.6273313,0.041859462,0.13200898,7.9319298e-05,0.28407621,0.23834241
6fs7_E4Z_F_903,0.00056997011,0.049864315,0.049635076,0.14267107,0.97452401,0.14647106,0
6fw0_E92_A_602,0.54614392,0.26246135,0.044787354,0.15331472,0.99149301,0.10868128,0
6fw0_E92_B_602,0.98620506,0.43867718,0.040759345,0.16170248,0.9910779,0.077043824,0
6g5q_EMZ_A_401,0.97669323,0.96878941,0.033199564,0.15090044,1.4772679e-09,0.24067889,0.24171335
6g5q_EMZ_B_402,0.96654761,0.97977599,0.039518927,0.16448002,0.99190876,0.25880708,8.56782e-10
6gck_EUB_A_302,0.82353599,0.99210447,0.034599715,0.14885004,0.00040353673,0.31150974,0.30938564
6gck_EUB_B_302,0.98790333,0.9764824,0.033099386,0.15115399,2.1236478e-05,0.24267943,0.24442183
6gck_EUB_C_302,0.99039091,0.98488417,0.033083969,0.15129446,0.00070002957,0.24839702,0.25064314
6gl4_GLU_A_301,0,0,0.042694411,0.1267748,0,0,0
6gl4_GLU_B_301,0,0,0.042694411,0.1267748,0,0,0
6gqk_F88_B_1001,0.99052505,0.46393305,0.040134329,0.16080385,0.9209999,0.070988471,0
6h8p_OGA_A_504,0,0.62735349,0.04185878,0.13200781,0,0.2840653,0.23833132
6hgl_TES_A_401,0.97795019,0,0.04246822,0.15875123,0.99569856,0,0
6hl7_CP_A_401,0.99479686,0.9671758,0.031923877,0.14965133,3.3135942e-06,0.015898196,0.089979023
6hl7_CP_C_401,0.92243022,0.95044712,0.033328924,0.14907699,0.0021838172,0.17671958,0.17190712
6hl9_SIN_A_402,0,0.88736706,0.040130197,0.13239822,0.0027613893,0.26299767,0
6hl9_SIN_B_402,0.98131883,0.84672457,0.033138493,0.14964863,0.00068395039,0.14610384,0.1410929
6hmw_FUL_A_203,0.99471794,0.97812596,0.033447389,0.1521072,0.050537344,0.25395716,0.25653391
6hmw_FUL_B_204,0.99029071,0.97755438,0.043746486,0.17126411,0.99879277,0.95132747,0.95134835
6hmw_FUL_D_204,0.98560724,0.963058,0.033131712,0.15100151,0.0017671826,0.23365723,0.23467367
6hmw_FUL_E_204,0.96679926,0.97489835,2.4570879e-37,0.15173991,0.055983019,0.26227681,0.26396339
6hmw_FUL_F_202,0.98868244,0.96677423,0.044003862,0.17144874,0.9951536,0.99517371,0.99518184
6hmw_FUL_G_202,0.90053132,0.97047051,0.044663545,0.16996449,0.99605811,0.99606139,0.99605066
6hmw_FUL_H_201,0.95566509,0.97175853,0.03340397,0.15064121,0.0015617879,0.25059593,0.2512016
6hmw_FUL_I_201,0,0.96987268,0.050505532,0.15330313,0.99453974,0.66644587,0.99454261
6hmw_FUL_J_201,0.98788541,0.97262845,0.033438371,0.15180175,0.041902257,0.25000789,0.25201698
6hnz_GH5_A_301,0.97526871,1,0.043151812,0.17027704,0.97543327,0.76566732,0.97909173
6ho2_GHN_A_301,0,0.065736254,0.049239621,0.14198887,0.926569,0.14258056,0
6ho7_GHQ_A_301,0,0.95918563,0.051274294,0.15381664,0.98730573,0.94971728,0.98717229
6hpx_GKQ_A_205,0.95569734,0.96273235,0.033001835,0.14965927,5.2846481e-12,0.17253676,0.16919519
6hqr_3DM_A_502,0.99658488,0.9589593,0.039105921,0.16437568,0.96189051,0.23929065,0
6hsg_GM5_A_504,0,0.6273524,0.041858813,0.13200787,3.8754286e-06,0.28406583,0.23833186
6hsg_GM5_C_504,0,0.62735348,0.04185878,0.13200781,1.5175612e-08,0.2840653,0.23833132
6hsg_GM5_D_504,0,0.17112133,0.0067981726,0.13760372,0.61323574,0.1167907,0
6i4b_E2N_B_603,7.2887036e-08,0,0.043014062,0.127451,0.044683861,0,0
6i4b_ORO_A_602,0.2092047,0,0.041122714,0.13039278,5.8732403e-05,0,0
6i4b_ORO_B_602,0.0075869235,0,0.042637853,0.12690693,6.3670224e-05,0,0
6i6r_H62_A_704,0.92511346,0.60889849,0.039299028,0.15778167,0.7033315,0.15624093,0.14534527
6ijn_6MZ_A_401,0.95466967,0.98973567,0.033403973,0.15079675,0,0.26427507,0.26574603
6ijp_IMP_A_402,0,0.045389905,0.049745965,0.14283727,0.98717209,0.1475489,0
6j4t_IMP_A_401,0,0.62735349,0.04185878,0.13200781,0,0.2840653,0.23833132
6jc7_F0G_A_601,0.99311049,0.97585376,0.032655349,0.1503507,2.7980336e-05,0.16817455,0.1664926
6jc7_F0G_B_601,0,0.62735018,0.041858881,0.13200799,1.1831009e-05,0.28406692,0.23833297
6jc7_F0G_C_601,0.96058201,0.9644382,0.032956822,0.14974993,2.9693368e-05,0.17197082,0.16884598
6jc7_F0G_D_601,0.9843174,0.97277454,0.032736639,0.15018795,4.752329e-06,0.1691975,0.16712545
6jea_NAG_A_501,0,0.80222474,0.047659144,0.14693098,0.97165207,0.39377499,0.0001441617
6jk9_BU0_A_501,0,0.62734323,0.041859095,0.13200835,3.6679374e-05,0.28407034,0.23833645
6jk9_BU0_B_501,0,0.043891802,0.049783247,0.14289973,0.9916343,0.14791472,0
6jmd_BVO_A_408,0.99417619,0.43985413,0.040736527,0.16193844,0.99707209,0.076962783,0
6jmd_ORO_A_402,0.013339302,0.86529912,0.046306546,0.14632184,0.97213268,0,0
6jme_BVU_A_409,0.99346171,0.44005629,0.040730916,0.16190446,0.99561846,0.076894923,0
6jme_ORO_A_402,0,0.85171822,0.040023003,0.13218103,6.2110735e-05,0,0.19368194
6jws_PT1_A_801,0.99481599,0.39941885,0.040599821,0.16135338,0.98923041,0,0
6jx9_CQC_A_501,0,0.971403,0.040111064,0.13337621,0.030228069,0.30002875,0
6jyg_FLC_A_401,0.99004638,0.83009987,0.037132182,0.15790795,0.51718771,0.23971659,0.23902483
6jyg_FLC_B_401,0.95031269,0.7896585,0.038315143,0.15856855,0.61190516,0.25739084,0.25514284
6jyg_FLC_C_401,0.99005395,0.96726457,0.032914787,0.15068981,0.026896269,0.17222953,0.1704705
6jyg_FLC_D_401,0.88282996,0.83721319,0.036750242,0.1535733,0.35726869,0.23021654,0.2244207
6jyg_FLC_E_401,0,0.53656531,0.044650246,0.13678563,0.32452613,0.3287347,0.28370737
6jyg_FLC_E_402,0.0017093796,0.0094643747,0.042649014,0,1.9979184e-06,0,0
6jz4_EVA_A_701,0.97526108,0.96349106,0.033008291,0.15034198,0.021828691,0.17325831,0.17083207
6jz4_EVA_B_701,0.97516707,0.96292664,0.033025502,0.15036821,0.023728291,0.17353076,0.17110448
6jzh_ZMA_A_2002,0.94377523,0.99274981,0.033503609,0.15066523,2.2099096e-09,0.27034088,0.27165553
6k92_GT0_A_802,0.99321628,1,0.043568646,0.17120235,0.97320732,0.97324662,0.97158807
6krs_CIT_C_301,0.032461642,0.63424824,0.041696206,0.13284402,0.016074281,0.28248961,0.23823056
6krs_CIT_D_301,0,0.54981857,0.044242747,0.13608816,0.27715179,0.32221386,0.27708338
6krs_CIT_F_301,0,0.62487671,0.041934933,0.13213816,0.0088533478,0.28528392,0.23956921
6krs_CIT_G_301,0,0.56995188,0.043623708,0.13502863,0.20518446,0.31230791,0.26702072
6krs_CIT_H_301,0.015301673,0.62849484,0.041846982,0.13251295,0.015114598,0.28436006,0.23933774
6krs_CIT_I_301,0.014972373,0.90395463,0.048422507,0.14808314,0.69429343,0.78452991,0.81477041
6kxh_DY9_A_401,0,0.04228485,0.049823238,0.14296674,0.99642073,0.14830712,0
6kxh_DY9_C_402,0.025170642,0.63614788,0.041626698,0.13247474,0.00013810416,0.28114693,0.23652976
6kxh_DY9_D_402,0.99606636,0.97689888,0.032627715,0.15040488,0,0.16782576,0.16627486
6l17_E2X_A_401,0.99032057,0.80278192,0.037972545,0.15935571,0.6151808,0.25317285,0.25270664
6l68_ALL_A_201,0,0,0.054001866,0.14725859,0.90275732,0.92068561,0.92053352
6l68_ALL_A_202,0.00076258625,0,0.044446283,0.13050435,0.24513817,0,0.0015928251
6l7v_3PO_A_302,0,0.90889819,0.043897007,0.14044515,0.51030105,0.35709724,0.00027034254
6l86_LMR_B_302,0,0.0055025462,0.042695096,0.12684914,0.0029775904,0,0
6l86_LMR_B_303,0.0041605763,0.0072965683,0.042635809,0.12688556,5.2428017e-09,0,0
6l86_LMR_D_302,0.95079546,0.030345472,0.036525049,0.14567965,0.15227293,0,0
6l86_MLT_A_303,0,0.62567409,0.041910416,0.13209619,0.0060030823,0.28489159,0.23917068
6l8a_BAL_D_507,0.99811306,0.9740703,0.033349543,0.15288164,0.20411744,0.0019598228,0.12117125
6l8a_BAL_E_503,0.07984342,0.86044633,0.043565891,0.14183673,0.53487891,0.32534872,6.7640213e-08
6lit_2OH_A_501,0.99498036,0.39764409,0.040639329,0.16142425,0.99420795,0,0
6lit_2OH_B_501,0.99754227,0.39873768,0.040616693,0.16147517,0.99427985,0,0
6lj7_EFR_A_301,0.95921318,0.96395442,0.032969613,0.14972483,4.1916056e-05,0.17213224,0.16894671
6lql_F0C_A_702,0.9818878,0,0.035315791,0.14375139,4.1876293e-07,0,0
6lx5_C5F_A_502,0,0,0.042694411,0.1267748,0,0,0
6lx5_C5F_A_503,4.578077e-07,0.77909612,0.04334203,0.13673473,0.16064342,0.47290419,0.43839872
6lx5_C5F_B_502,5.4205958e-07,0.83880029,0.041058786,0.13372977,0.10867837,0.26215153,0
6ly4_TES_A_501,0.99030392,0.98696943,0,0.16407628,0.98631157,0,0
6m5m_NAG_B_202,0,0.96075757,0.050132504,0.15172243,0.84963001,0.94187661,0.94115924
6m92_J8V_A_601,0,0.91713175,0.0407726,0.13408661,0.098659851,0.2906571,0
6m9b_BTN_C_201,0.99481187,0.44112658,0.040705377,0.16190811,0.99403961,0.076668523,0
6m9b_BTN_D_201,0.99366944,0.96285678,0.039338908,0.16480731,0.99107935,0.24634311,0
6mae_JBA_A_301,0.96698926,0,0.042366266,0.15817179,0.96993224,0,0
6md2_GW9_A_501,0.98498776,0.97301101,0.032730389,0.15020026,3.7605267e-07,0.16911867,0.16707635
6md2_GW9_B_501,0,0.62735349,0.04185878,0.13200781,0,0.2840653,0.23833132
6mnh_JVD_A_301,0.99653529,0,0.042222794,0.15884882,0.98091392,0,0
6mpa_NAG_B_502,0.00029477578,0.62743509,0.041856719,0.13201441,7.807765e-05,0.28404164,0.23832091
6mry_FLC_B_101,0.81909782,0.76706195,0.044638224,0.16459393,0.8163096,0.97468402,0.97431607
6mry_FLC_C_102,0.76872413,0.76214548,0.042349661,0.16035085,0.96441395,0.48472971,0.018377331
6mry_FLC_I_102,0,0.29354884,0.04579478,0.13661579,0.47518284,0.17947788,0.12384627
6mry_FLC_K_101,0.98904505,0.32610286,0.034107876,0.14575372,0.0094543097,0,0
6mwl_K5G_A_301,0,0.98274612,0.043250196,0.14060626,0.47563187,0,0.3384336
6n0z_DP6_A_401,0,0.89320808,0.051010356,0.15271329,0.97007,0.88531065,0.90964942
6n0z_DP6_B_401,0.98471677,1,0.042631659,0.16972321,0.96379025,0.71548747,0.88943597
6n0z_DP6_C_401,0,0.80766327,0.047039991,0.1436615,0.42066499,0.76302134,0.89377971
6n0z_DP6_F_401,0,0.62735349,0.04185878,0.13200781,0,0.2840653,0.23833132
6n9r_OHN_A_303,0,0.62735349,0.04185878,0.13200781,0,0.2840653,0.23833132
6n9r_OHN_P_308,0,0.51078539,0.045442901,0.13814232,0.41667752,0.34141888,0.29659221
6n9r_OHN_X_305,0,0.62735349,0.04185878,0.13200781,0,0.2840653,0.23833132
6nba_P1T_A_501,0,0.046974397,0.049706533,0.1427712,0.98245257,0.14716199,0
6nba_P1T_B_501,0,0.62735349,0.04185878,0.13200781,0,0.2840653,0.23833132
6nba_P1T_C_501,0.98408643,0.43882496,0.040754004,0.16162068,0.98811926,0.076955338,2.3587361e-06
6nba_P1T_D_501,0,0.049556387,0.049642277,0.14266353,0.97476192,0.1465315,0
6nbw_LAB_A_403,0,0.99437893,0.046104588,0.14716192,0.99749101,0,0
6ncx_ADA_A_601,0,0.62716043,0.041864716,0.13201797,0.00069010586,0.28416029,0.23842781
6ncx_ADA_B_601,0,0.62709674,0.041866674,0.13202132,0.00091774808,0.28419162,0.23845964
6ncx_ADA_D_601,0,0.62705764,0.041867876,0.13202338,0.00105751,0.28421086,0.23847918
6ng5_KMD_B_803,0,0.62735349,0.04185878,0.13200781,3.2003711e-10,0.2840653,0.23833132
6nga_KL7_B_804,0,0.62735218,0.04185882,0.13200788,4.6654064e-06,0.28406594,0.23833197
6ngp_KKY_A_803,0.86967087,0.93254212,0.033799128,0.14807046,4.7234139e-06,0.18257658,0.1754191
6ngp_KKY_B_803,0.96855217,0.96724343,0.032882703,0.1498967,2.9304963e-08,0.17103663,0.16826527
6ngu_KMJ_A_803,0.50490236,0.80453624,0.037179603,0.14133324,1.8426388e-06,0.22514416,0.20180642
6ngu_KMJ_B_803,0.73171411,0.88413085,0.035077604,0.14552237,0,0.19867529,0.18539837
6nh0_KND_A_803,0.89640649,0.98166553,0.033931956,0.14982925,1.9893493e-08,0.27825651,0.27766602
6nh0_KND_B_803,0.94546941,0.75106083,0.032854523,0.14700669,3.7608893e-09,0,0
6nhd_KNV_A_803,0.97458954,0.9693621,0.032826752,0.15000821,3.887511e-08,0.17033208,0.16782852
6nhd_KNV_B_803,0.61085218,0.60558497,0.035882368,0.14049214,5.2273014e-12,0,0
6nig_NAG_A_605,0.092778866,0.65991198,0.04099895,0.13372141,1.3892135e-08,0.27323814,0.2316196
6nig_NAG_B_803,0,0.62735348,0.04185878,0.13200781,2.7718025e-08,0.2840653,0.23833132
6nig_NAG_D_602,3.2248292e-05,0,0.042694286,0.1267756,1.6289119e-05,0,0
6nni_CP6_A_203,0.99389583,0.989564,0.038631585,0.16427357,0.99439024,0,0
6nni_CP6_B_203,0.99069624,0.99058239,0.038649424,0.16421862,0.9940562,0,0
6nnn_G1P_A_503,0,0.8018727,0.042044022,0.13433633,5.7281713e-08,0.45091819,0.41579285
6nnp_G6P_A_502,0.94313773,0.95829673,0.033119097,0.14942878,0.00010054437,0.17401629,0.17011783
6nsu_DYA_A_402,0,0.90184971,0.039947061,0.13261783,0,0.012358516,0.22355293
6ny7_L8J_A_303,0.012106808,0,0.042603974,0.12698526,7.5711598e-05,0,0
6nyo_U94_A_301,0,0.76755758,0.050416185,0.15042693,0.92698156,0.75878563,0.75828904
6o04_DNA_A_601,6.0293111e-05,0.62737341,0.041858259,0.13200899,4.4221977e-06,0.28405887,0.23832757
6o04_DNA_B_601,0.0005838815,0.99467557,0.039817598,0.13306989,0,0.30397955,0.00040008891
6o04_DNA_D_603,0.00058579621,0.62755438,0.041853495,0.13201888,1.6718269e-05,0.28399924,0.23829128
6o1s_7SD_E_803,0.93003853,0.86594613,0.03593866,0.15380497,0.31377997,0.21872136,0.21492488
6o2z_LJV_B_500,0.98356638,0.48602745,0.039578857,0.15963379,0.84689974,0.065414207,1.0386905e-06
6o5m_G8K_B_506,0.63976748,0.85186441,0.035929722,0.14382414,0,0.20940533,0.19204988
6ock_9KL_A_601,0.86336569,0.93033079,0.033857521,0.14795393,0,0.18331174,0.17587456
6ock_9KL_A_602,0.99487708,0.9764534,0.032639601,0.15038439,0.00010056827,0.16797839,0.16637495
6ofr_BOG_A_801,6.755853e-09,0.62090148,0.04205716,0.13234736,0.023062997,0.2872398,0.24155604
6ofr_BOG_A_802,0,0.62727626,0.041861154,0.13201188,0.00027605543,0.28410329,0.23836992
6ofr_BOG_A_803,0,0.62727792,0.041861103,0.13201179,0.00027012175,0.28410248,0.23836909
6ofr_BOG_A_804,0,0.6271524,0.041864963,0.1320184,0.00071881402,0.28416424,0.23843182
6ofr_BOG_A_805,1.6278771e-08,0.62735349,0.041858779,0.13200781,2.2532843e-10,0.28406529,0.23833132
6ofr_BOG_A_806,1.7497465e-10,0.62734752,0.041858963,0.13200813,2.1324041e-05,0.28406823,0.2383343
6ofr_BOG_A_807,0.79017682,0.90464686,0.034535802,0.14660216,2.4961561e-07,0.19185281,0.18116915
6oha_XAN_A_501,0.0021679904,0.08738534,0.042350727,0.12727735,0,0,0
6ooi_PGA_B_301,0.98859826,0.51475892,0.040617315,0.16215367,0.96352225,0.13243527,0.071158905
6ooi_PGA_D_301,0.99094368,1,0.041474541,0.16814144,0.95421701,0.57839901,0.63102214
6ooi_PGA_E_301,0.98413419,0.55973421,0.040796078,0.16275117,0.97022802,0.17632839,0.12410474
6ooi_PGA_F_301,0.99383737,0.80990845,0.037758779,0.15911057,0.5941182,0.24986328,0.2495072
6ooi_PGA_G_301,0,0.097011893,0.04973181,0.14325427,0.97590874,0.18861931,0.051679523
6ooi_PGA_H_302,0.98955924,0.96065108,0.041043756,0.16689811,0.92883191,0.51035987,0.53983538
6oph_6QB_A_401,0,0.18621959,0.046241244,0.13696499,0.5677005,0.11315994,0
6p9t_O5D_A_307,1.7834601e-05,0.62735975,0.041858614,0.13200814,1.5596822e-09,0.28406322,0.23833003
6paf_O6A_A_509,0.98378176,0.96035018,0.034741524,0.15494345,0.36933115,0.14255611,0
6pdd_O9S_A_803,0.98388279,0.97262335,0.032740626,0.15017985,4.2141736e-09,0.16924756,0.16715623
6pk1_3PY_A_502,0.99504973,0.95355827,0.033343821,0.15159565,0.082156728,0.17925286,0.17783576
6pk1_PLP_A_501,0.96975824,0.46767114,0.040291648,0.16044581,0.91508531,0.080826876,0.010868952
6pk1_PLP_B_501,0.9891685,0.46700673,0.040311604,0.16114262,0.93881311,0.080970287,0.010367014
6pmv_M16_A_803,7.8065312e-09,0.6273522,0.041858819,0.13200788,4.6073657e-06,0.28406593,0.23833196
6pmv_M16_B_803,0.96203394,0.96495531,0.032943133,0.14977635,2.5545968e-06,0.17179764,0.16873715
6pn9_OU7_B_803,0.53555805,0.81529463,0.036895485,0.14189942,7.8365214e-11,0.22156643,0.1995885
6pna_M16_A_803,0.98512807,0.97305999,0.032729096,0.15020287,1.2825517e-06,0.16910242,0.16706632
6pna_M16_B_803,0.81867137,0.91464616,0.034271734,0.14712846,8.6516959e-07,0.18852762,0.17910791
6png_OSG_A_802,0.98981277,0.97252344,0.03308113,0.15113937,8.5792804e-06,0.23899535,0.2405912
6png_OSG_A_803,0.21349137,0.98210538,0.038669853,0.13764469,0.071864658,0.26551303,1.3882327e-08
6png_OSG_B_804,0.46300822,0.96980867,0.036144261,0.14059416,9.5026989e-06,0.19527487,8.8280756e-06
6po9_OS7_A_803,0.26412292,0.72004104,0.039411015,0.13688609,8.3485485e-12,0.25324252,0.21922439
6po9_OS7_B_804,0.40392794,0.76910223,0.038115369,0.13946825,8.5416241e-12,0.23692748,0.20911076
6ps7_ZMA_A_1201,0,0.96276576,0.039906768,0.1328493,2.6371419e-05,0.29160184,0
6pvi_OZ7_A_501,0,0.62735349,0.04185878,0.13200781,0,0.2840653,0.23833132
6q4b_HHN_A_301,0.99333107,0.98043184,0.032124944,0.15023271,0.036972606,0.0032037636,0.095943396
6q4k_HHW_A_301,0.98913197,0.9802355,0.031872019,0.14957088,0.00049452879,0,0.088330117
6q4r_HJ5_A_1009,0,0.62735349,0.04185878,0.13200781,0,0.2840653,0.23833132
6q4r_MLT_A_1041,0,0,0.042694411,0.1267748,0,0,0
6q4y_MAN_A_402,0.0028326016,0,0.043415783,0.12839482,0.10381571,0,0
6q4y_MAN_B_402,0.091252207,0,0.042341781,0.12905719,0.046564699,0,0
6qa7_PLP_A_902,0.99308094,0.96874905,0.032873753,0.1507235,0.025386994,0.17166854,0.1700405
6qdb_HWQ_A_1002,0,0.62735336,0.041858784,0.13200782,4.5346732e-07,0.28406536,0.23833138
6qdb_HWQ_A_1003,0.98756333,0.97391495,0.032706517,0.15024783,7.572648e-09,0.16881805,0.16688998
6qdc_HXE_A_1003,0.95424498,0.010210932,0.035485262,0.14332779,1.6308105e-07,0,0
6qdc_HXE_A_1004,0.0014868794,0.62316528,0.041989818,0.13228314,0.016836085,0.28620918,0.24057782
6qde_HWW_A_502,0,0.62735349,0.04185878,0.13200781,0,0.2840653,0.23833132
6qde_HWW_A_503,0,0.62735349,0.04185878,0.13200781,0,0.2840653,0.23833132
6qhu_FAH_A_401,0.95298176,0.95389507,0.041987022,0.1671789,0.93570513,0.63294804,0.63294804
6qli_4LR_A_301,0,0.8430435,0.040612585,0.13330665,0.075820346,6.0738288e-05,0.20314852
6qnj_GLC_A_402,0.98690736,0.97367685,0.032712839,0.15023613,2.8243893e-05,0.16889849,0.16694138
6qo4_97T_A_301,0.33094554,0.99258974,0.043616946,0.15285525,0.99576951,0.00093715661,0.00093734222
6qo4_97T_B_301,0.9439596,0,0.042742518,0.15819992,0.99763953,0.00094619977,0.00094564925
6qol_JB5_A_301,0.99391945,0.99184126,0.031806721,0.1497401,0.00077986611,0,0.0929355
6qol_JB5_B_301,0.00073635277,0.99321922,0.039823295,0.13307003,0.00061054468,0.30328255,0
6qor_JBK_A_301,0.99854079,0.95783462,0.03306994,0.1512552,0.0087774616,0.22691866,0.22811473
6qot_6SD_A_301,0.99085635,0.99076658,0.03930989,0.16499147,0.9941742,0.25822628,0
6qot_6SD_B_301,0,0.99433931,0.047312953,0.14854186,0.99437303,0.47159456,0
6qqs_JCZ_A_301,0.53484623,0,0.045806025,0.15110699,0.99681659,0,0
6qqs_JCZ_B_301,0.92756935,0,0.035724022,0.14281233,6.3193828e-06,0,0
6qrn_RIP_A_500,0.026538018,0,0.049717931,0.14232124,0.97174706,0.051348744,0.05173119
6r4j_GLU_A_704,0,0,0.042694411,0.1267748,0,0,0
6r5o_BGC_A_801,0,0,0.053639198,0.14743246,0.98725877,0.56780187,0.93359819
6r5o_BGC_A_802,0.0020964094,0,0.042678658,0.12681104,1.0989753e-07,0,0
6r5o_BGC_B_801,0.99279429,0.90896179,0.03328222,0.15098003,0.029728356,0.19674583,0.1955342
6r5o_BGC_B_802,0.066333765,0,0.042195946,0.12792172,2.0561331e-06,0,0
6r6i_H50_A_201,0,0.56137533,0.043887411,0.13547997,0.23584167,0.31652772,0.27130729
6r6i_H50_B_201,0.76088164,0.85227763,0.036101401,0.14827605,0.15044841,0.21597995,0.20432443
6r73_LMP_B_301,0.47154947,0.77848894,0.037929703,0.14147203,0.051271179,0.23609336,0.21138781
6rbo_JXQ_A_302,0.77378289,0.94318625,0.033671457,5.2019588e-07,0.00037822043,7.5561634e-05,0.1062759
6rbx_JYT_A_301,0.98338246,0.97331559,0.036249661,0.15820479,0.57371739,0.18213499,0
6rgg_K3Q_A_401,0,0,0.042823893,0.1270487,0.018100136,0,0
6rgg_K3Q_A_402,0.00075329736,0.62742426,0.04185775,0.13203191,0.00069195418,0.28407263,0.23837357
6rgg_K3Q_A_403,2.8875836e-06,0.62729252,0.041860659,0.13201113,0.00022155766,0.28409546,0.23836209
6rgg_K3Q_B_402,0.0071367634,0.62981023,0.041794107,0.13214214,0.00017064237,0.28325593,0.2378389
6rgg_K3Q_B_405,0.081699856,0.0022476272,0.048843077,0.14349835,0.9848106,0.00022295567,0.00064653271
6rgr_RM4_A_402,0.054839278,0.27236586,0.047051106,0.1412174,0.70274651,0.21644853,0.1183336
6rgr_RM4_A_403,0.22235516,0.64096628,0.041778741,0.13950467,0.23026258,0.28981126,0.25444181
6rhk_K4B_A_302,0,0.15802734,0.046942843,0.13814055,0.6516732,0.12004416,0
6rlt_MLI_A_508,0.99526779,0.54215619,0.040063069,0.15938011,0.59734535,0.62902966,0.33541522
6rlt_MLI_B_511,0.96251104,0.38015543,0.041314499,0.15880994,0.66561134,0.64528093,0.28716377
6rlt_MLI_B_512,0.98949235,0.81859592,0.038302905,0.15749265,0.12911536,0.98390738,0.9857655
6rum_TOP_A_301,0.99616858,0.9743454,0.038399681,0.16362776,0.95067302,0.0078148814,0.0077059447
6s23_KSW_A_402,0.22710281,0.97221637,0.037918679,0.136839,2.0806847e-06,0,0.21142488
6s23_KSW_A_403,0.20075418,0.99324105,0.038306005,0.13660268,0.013875394,0.26274325,0
6s23_KSW_B_402,0.21864376,0.97933453,0.037967522,0.13675072,6.1288765e-06,0,0.21611654
6s37_SAL_A_601,0.99590925,0.9883116,0.033028822,0.15140364,0,0.24893335,0.2515019
6s39_K5Z_A_301,1.0010585e-05,0.97379937,0.045897051,0.14645059,0.95771196,4.2662101e-10,4.51464e-10
6s4h_KUQ_A_901,0.99250904,0.82070157,0.037424901,0.15849351,0.55387147,0.24447853,0.2439759
6s51_KVQ_A_901,0.92601743,0.41308042,0.041347479,0.16061764,0.99558929,0.081736134,3.1062005e-08
6s7u_KZK_A_501,0,0.62735349,0.04185878,0.13200781,3.3737824e-11,0.2840653,0.23833132
6s7u_KZK_C_501,0,0.031003213,0.048141128,0.13951967,0.80972588,0,0
6s9g_L1Q_A_305,0.99700611,1,0.043526919,0.17115963,0.95528941,0.99422471,0.99433744
6s9g_L1Q_A_306,0.94764216,0.86333119,0.033460218,0.1493466,0.0021964177,0.17078728,0.16567916
6si4_LEK_A_402,0.94630379,0.42498367,0.041067724,0.1608467,0.98431142,0.079354646,0
6si4_LEK_B_402,0.95633218,0.74958357,0.03280086,0.147155,9.7879364e-06,0,0
6sj8_44V_A_901,0,0,0.049326404,0.14080436,0.92708296,0,0
6sj8_44V_B_901,0.99360757,0,0.039196113,0.15234891,0.55474017,0,0
6sjs_THH_B_901,0.9801108,0,0.040521858,0.15470552,0.72588721,0,0
6sux_BEN_A_302,0.99755928,0.99561953,0.043834226,0.17176511,0.99563407,0.99569921,0.99528147
6svu_BEN_A_302,0.99585252,0.99658208,0.043828866,0.17171191,0.99395164,0.9950621,0.99496937
6sxr_KHP_A_506,0.97275358,0.94644052,0.033273265,0.15068308,0.0052276365,0.22626801,0.22611619
6sxr_KHP_A_507,0.98652342,0.93065747,0.038536762,0.16304795,0.94253946,0,0
6sxr_KHP_A_513,0,0.96611619,0.046039627,0.14665008,0.97360822,0,0
6syz_M1E_A_601,0.99781947,0.9932638,0.036803902,0.15686345,0.010496457,0.99742835,0.9974067
6syz_M1E_B_601,0,0.99006114,0.051353979,0.15449214,0.99566072,0.99583611,0.99606932
6sz3_M1H_B_601,0.00048584639,0.9731615,0.040251091,0.13370316,0.049964074,0.30393367,0
6szl_M3E_B_604,0.34560644,0.97528887,0.043544044,0.15296188,0.99260877,0,0
6szt_M4Q_A_601,0,0.30764856,0.04198177,0.12901529,0.0045914643,0.074916794,0.014803374
6szt_M4Q_B_601,0.037841621,0.98712058,0.039558667,0.1336863,0.0031281087,0.29341915,0
6t02_M5E_A_601,0,0,0.042705816,0.12679892,0.0015942901,0,0
6t02_M5E_A_602,0.00016206908,0,0.042693195,0.1267776,2.5297171e-07,0,0
6t02_M5E_B_601,0,0.99082976,0.040512046,0.13444015,0.090342279,0.31770982,9.0031431e-05
6t07_M45_B_601,0.00023881849,0,0.042693874,0.12678158,0.00017573677,0,0
6t0a_M58_A_601,0.0026412827,0.99388745,0.039830649,0.13315684,0.0038696588,0.30368272,0
6t0a_M58_B_601,0.88004269,0,0.036081127,0.14199051,0,0,0
6t0m_GOZ_A_305,0,0.98022933,0.043720342,0.14094427,0.51246344,0.38482074,0
6t10_M6Z_A_601,0.99516666,0,0.04209319,0.15852923,0.9613588,0,0
6t10_M6Z_B_601,0,0,0.042694411,0.1267748,2.2701391e-10,0,0
6t5p_VD8_A_302,0.99121313,1,0.04378449,0.17152988,0.98868421,0.98949598,0.98963038
6t5p_VD8_B_302,0,0.022649804,0.04834309,0.13985949,0.83411429,0.00066477262,0.00065221674
6t5p_VD8_D_302,0.99554728,1,0.04378054,0.17165893,0.99169574,0.9918212,0.98988526
6t9c_MX8_A_501,0,0.62735349,0.04185878,0.13200781,0,0.2840653,0.23833132
6tbx_N0Z_B_302,0.99118029,0.98663721,0.033782351,0.15275861,0.087669676,0.27077409,0.2740917
6tbx_N0Z_C_303,0.99274841,0,0.036230809,0.14604748,0.13931925,0,0
6tbx_N0Z_D_302,0,0.98290155,0.040275275,0.1338549,0.056130628,0.30883309,0
6tfb_N6W_B_202,0.074752336,0.95043155,0.04571399,0.14823422,0.99839897,0,0
6tgi_N8Z_A_508,0.99346529,0,0.035363624,0.1442368,0.018848965,0,0
6tgi_N8Z_B_508,0.99641959,0,0.035342708,0.14429059,0.019028467,0,0
6to7_SUV_A_401,0,0.04184129,0.049834276,0.14298524,0.9977419,0.14841543,0
6to7_SUV_B_401,0,0.041973531,0.049830985,0.14297972,0.99734801,0.14838314,0
6tof_NQE_A_201,0.99410309,0.98998999,0.031804144,0.14971733,1.8441739e-07,0,0.091912969
6tog_NQH_A_201,0.97943118,0.99100723,0.038654975,0.16386214,0.98322104,0,0
6tol_NQW_A_201,0,0.62709017,0.041866876,0.13202167,0.00094125083,0.28419485,0.23846293
6tor_PMP_A_504,0.98598829,0.98341715,0.031885103,0.14953423,0,2.8837284e-06,0.090234632
6tor_PMP_B_504,0,0,0.044117436,0.12978511,0.19892391,0,0
6tot_NRK_A_401,0,0.93930502,0.04962881,0.15031716,0.80648131,0.86415302,0.90011638
6tt4_BMA_C_3,0,0,0.042694412,0.1267748,3.533859e-08,0,0
6tt4_FT8_B_711,0.43769216,0.15512169,0,0.15052894,0.99176423,0,0
6u30_PQM_A_501,0.88886852,0.93928039,0.033621173,0.14842496,0,0.18033559,0.17402966
6u6c_P1T_B_502,0.97466412,0.43837071,0.0407576,0.16130259,0.97823644,0.076819884,0
6u6c_P1T_D_505,0.97175868,0.4369851,0.040789723,0.16125647,0.97890094,0.077083018,0
6u6c_P1T_F_805,0,0.047809907,0.04968574,0.14273636,0.97996394,0.14695797,0
6u6c_P1T_H_504,0.93312254,0.42198228,0.041131714,0.16050052,0.97754211,0.079746311,0
6u6c_PZV_F_802,0.82493413,0.37820482,0.042133319,0.15845737,0.97899957,0.087635453,0
6uo7_QCP_A_504,0.9840092,0.47737811,0.039794441,0.16001023,0.87318732,0.06753666,0
6uqd_QF4_A_501,0,0.62735349,0.04185878,0.13200781,4.0563183e-10,0.2840653,0.23833132
6uqd_QF4_B_501,0,0.62735345,0.041858781,0.13200782,1.4150074e-07,0.28406532,0.23833134
6ur0_ETM_A_401,0.75018752,0.76054029,0.035216563,0.14520775,0,0.16006564,0.14412491
6ur0_ETM_B_401,0.98154439,0.96809039,0.031991863,0.14941617,0.004351588,0,0.084676783
6urx_JMG_A_316,0.99728875,0.98789856,0.037251787,0.15775158,0.075619508,0.98976023,0.98906749
6uvj_QJ1_A_205,0.90871613,0.99132732,0.039181453,0.16263331,0.98269995,0,0
6uxr_K6G_B_202,0,0.89948728,0.040083108,0.13244546,0.00034241582,0.26774678,0.00094209117
6uzr_QM1_B_301,0.017598742,0.98665208,0.045987551,0.14739602,0.99557091,0,0
6v1e_5SW_A_301,0.98806437,0.40944767,0.040372832,0.16074607,0.95424,0,0
6v8n_QS1_A_1704,0,0.99183913,0.046793346,0.14743744,0.92450931,0.45883948,0
6v9f_QTS_B_2001,0.99519611,0.99388312,0.033881909,0.15395304,0.2794519,0.13787177,0
6vei_9UO_B_502,0,0.0498006,0.049636199,0.14265335,0.97403451,0.14647186,0
6vlu_CIT_A_701,0.32936247,0.5216739,0.038995789,0.13625198,0.00025217842,0.12332042,0.083344379
6vmz_NAG_A_402,0,0.60849094,0.042438747,0.13300047,0.067424982,0.29334601,0.24775885
6vmz_NAG_C_402,0,0.62719219,0.041863739,0.1320163,0.00057656782,0.28414466,0.23841193
6vmz_R3P_A_404,0,0.058970628,0.049407992,0.14227098,0.94672091,0.14423265,0
6vmz_R3P_C_404,1.4709773e-07,0.62735354,0.041858778,0.13200782,0,0.28406528,0.23833131
6vo2_R67_A_403,0,0.61356331,0.042282786,0.13273353,0.04929356,0.29085031,0.24522367
6vo2_R67_B_403,0,0.92688462,0.03983115,0.13273171,0,0,0.22833337
6vv1_RMJ_A_501,0,0.62734564,0.041859021,0.13200823,2.8041633e-05,0.28406916,0.23833524
6vv9_RQ1_A_202,0.0013911405,0.62784057,0.041845921,0.13203357,3.9642595e-06,0.2839035,0.23823124
6vv9_RQ1_B_304,0.49085464,0.77975697,0.037920105,0.14211839,0.07095495,0.23654985,0.21274349
6w0x_S6J_A_301,0.96992206,0.7628809,0.039168328,0.16070207,0.7322208,0.2716633,0.27054711
6w0x_S6J_B_301,0.98126651,0.45467128,0.040357302,0.16085898,0.93755264,0.073010408,6.2312273e-09
6x9d_HYP_A_2002,0.97339818,0,0.042546834,0.15875697,0.9988529,0,0.0087431302
6x9d_HYP_B_2002,0.96682013,0,0.046171933,0.16408076,0.99912904,0.39674304,0.99915038
6xim_XLS_A_397,0.99491317,0.97568048,0.032663421,0.1504264,0.0029086705,0.1683607,0.16676498
6xim_XLS_B_397,0,0.58472194,0.046551433,0.14103245,0.52779664,0.44792906,0.4160084
6xim_XLS_C_397,0,0.62735349,0.04185878,0.13200781,0,0.2840653,0.23833132
6xim_XLS_D_397,0.99130531,0.86638244,0.036018518,0.15604505,0.38907336,0.22193537,0.22102049
6xu3_PLG_B_401,0,1,0.05036845,0.15265259,0.88567603,0.96570307,0.96482165
6xu3_PLP_D_401,0,1,0.051250637,0.15436925,0.99131844,0.98505485,0.98538643
6xzx_O5H_A_302,0.86854814,0.69762855,0.041020311,0.16039153,0.83830471,0.29809541,0.29271352
6y4f_GLU_A_202,0.95041491,0,0.037067503,0.14641126,0.21139587,0,0.0011851029
6y4z_TLA_D_301,0.99618235,0,0.042628533,0.15950224,0.97516837,0,0.17780734
6yaw_P9H_A_301,0,0.57205627,0.043559004,0.13491788,0.19766221,0.31127251,0.26596894
6yk5_PVK_A_312,0.99633508,0.39703978,0.040653615,0.16149451,0.99743363,0,0
6yk6_OUB_A_311,0.99551536,0.3976808,0.040638857,0.16144191,0.99473959,0,0
6ypv_AKG_A_302,0.99691914,0.95992978,0.03789376,0.1623115,0.85743381,0.0292738,0.029032794
6zac_QDE_A_4000,0,0.051553615,0.049592573,0.14258025,0.96881303,0.1460438,0
6zi7_QR8_A_502,0,0.04254447,0.049819924,0.14296228,0.99600034,0.14837666,0.00012799026
6zi7_QR8_C_502,0.053298546,0.1247551,0.047816257,0.14143803,0.81453428,0.12963794,8.5968832e-05
6zi7_QR8_F_503,0,0.045905498,0.049739136,0.14282791,0.98630957,0.14767659,0.00024415529
6zi7_RAM_D_503,0.007081322,0.60928803,0.042425019,0.13322009,0.073458542,0.29335012,0.2480902
6zug_QPW_H_1001,0.99218168,0.44021355,0.040725963,0.16185213,0.99362453,0.076823384,0
7ak3_RH8_A_501,0,0,0.049960011,0.14197407,0.99069143,0.087661097,0
7bp1_CAQ_A_401,0.99365204,1,0.04322969,0.17101193,0.99656832,0.7740305,0.99601565
7bp1_CAQ_C_401,0.99441545,0.61617017,0.041002494,0.16400656,0.99411729,0.23051649,0.1892896
7bp1_CAQ_D_401,0.98569628,0.97325975,0.032723819,0.15021335,0,0.16903593,0.16702504
7bqu_EF2_A_501,0.78958698,0.99578968,0.040945929,0.16172366,0.99712986,0.30371571,0
7bzm_GIM_B_501,0,0.8692706,0.04593176,0.14513893,0.90780873,0,0
7c7g_FJR_A_402,0.99076541,0,0.035261321,0.14393078,0.0017118082,0,0
7cne_SIN_A_402,0,0.73499798,0.042292451,0.1341383,0.032297775,0.40780291,0.36964614
7cwd_GAL_A_902,0.92003339,0.44292045,0.034121217,0.14503922,4.5540684e-06,0,0
7jis_VBS_A_1101,0.99470933,0.97642267,0.032640291,0.15037981,0,0.16798412,0.16637303
7jo3_VGS_A_302,0.98560844,0.97441824,0.043971827,0.17138523,0.99243681,0.99382982,0.99384505
7joc_ARZ_A_302,0.98923768,0.40665016,0.040435695,0.16089026,0.96316359,0,0
8cpp_TCM_A_422,0.078946401,0.99610981,0.039358555,0.13524017,0.043855689,0,0.25488786
8icd_ICT_A_418,0.86263823,0.93969954,0.033209754,0.14765884,0.03138311,0.0005452244,0.096474476
