PDB_CCD_ID,surfdock,unimol,diffdock,diffdock_l,gnina,autodock,smina
19gs_BSP_A_210,0.007388756,0.98557239,0.037574869,0.17773592,0.0039881531,3.8791757e-06,3.9076459e-06
19gs_BSP_B_210,0.0053721136,0.98854669,0.037544349,0.17765876,2.4252396e-05,3.1679323e-06,2.9078849e-06
1a49_OXL_D_2333,0.99569192,0.96645288,0.0316315,0.2005821,9.8789352e-05,2.2577212e-05,2.9561683e-05
1a49_OXL_F_4133,0.9892019,0.87115368,0.03306334,0.20144181,0.13037441,2.3385089e-05,2.3377895e-05
1a59_CIT_A_379,0,0.93714712,0.037964354,0.17710788,0,0.0062496038,0.0063502094
1ac4_TMT_A_296,0,0.98176216,0.043184397,0.19193834,0.95959659,0,0
1aer_TIA_B_700,0,0,0.045293721,0.17052685,0.19126473,0,0
1aia_PMP_A_411,0.21621794,0.658535,0.050394644,0.20681942,0.95144949,0.89941294,0.95587966
1aia_PMP_B_411,0.2344142,0,0.048251062,0.18743278,0.94866523,0.00030287459,0.00028166046
1aiq_CB3_A_266,0.93128278,0,0.039578069,0.19224889,0.18852995,0,0
1aiq_UMP_B_266,0.96432939,0,0.043553992,0.20389365,0.90938269,0,0
1aj8_CIT_B_2000,0.060059918,0.94422312,0.049183085,0.20548528,0.96574497,0.87865931,0.87412835
1ajs_PLA_A_415,0.9487998,0.96056931,0.041666984,0.22239174,0.9641239,0.59515238,0.59314122
1amq_PMP_A_413,0,0,0.047666889,0.17627028,0.4671525,0.11153272,0.11163794
1anc_BEN_A_290,0,0.96829228,0.050335503,0.20634717,0.99375656,0.98945176,0.98920182
1aog_MAE_A_500,0,0,0.049325593,0.18101861,0.8868754,0,0
1aog_MAE_A_501,0.99516562,0.89660671,0.032116397,0.19990952,0.0026800362,0,0
1aua_BOG_A_2,0.15718129,0,0.043235934,0,9.016949e-09,0,0
1axg_ETF_A_404,0,0.95193289,0.049648966,0.20434924,0.92941759,0.92673304,0.92999069
1axg_ETF_B_404,0.99135464,0.98447323,0.044007873,1.6435668e-48,0.9805795,0.97389817,0.97820694
1axg_ETF_C_404,0.99069673,0.96246439,0.043491253,0,0.92264914,0.92464831,0.93178758
1axg_ETF_D_404,0.41097855,0.97108532,0.047075252,0.21439154,0.96158857,0.90992849,0.91311732
1bcs_ARG_A_426,0,0,0.044185119,0.16764204,7.4498829e-08,3.0271719e-09,3.0732203e-09
1bit_BEN_A_246,0.97175269,0.94326616,0.034982409,0.20602796,0,0.42904126,0.45042671
1bit_BEN_A_247,0.010075766,0.83814091,0.038969125,0.17743003,0.077347776,1.2489247e-07,1.7893769e-07
1bo8_U_A_318,0.95434796,0,0.044068781,0.20484102,0.98765853,0,0
1bqp_MAN_B_401,0.97770897,0.96333196,0.04436732,0.99694475,0.99689744,0.99240612,0.99227775
1bqp_MAN_C_402,0,0.97204432,0.050161264,0.20603141,0.97895466,0.98157457,0.97879968
1c3s_SHH_A_952,0.96309139,0.90306974,0.032254832,0.19918612,4.7177354e-05,0.00012693888,4.3502039e-05
1c9c_PP3_A_413,0,0,0.050486858,0.18052679,0,0.89965685,0.91724237
1ca7_ENO_B_601,0.97789674,0.95974611,0.044371488,0,0.98746204,0.98667335,0.98735042
1cdk_MYR_A_403,0.97867701,0,0.048263158,0.21415699,0.94718211,0.65871296,0.66112392
1cdk_MYR_B_403,0.9745238,0.88011681,0.043781987,0.22531611,0.83482987,0.95143516,0.95304053
1cgk_NAR_A_390,0,0,0.044185119,0.16764204,0,0,0
1cib_HDA_A_437,0,0.93051469,0.046837259,0.19838904,0.95844255,0.0043340843,0.956209
1cib_IMP_A_440,0,0.46055372,0.041078334,0.17229732,0.00021334828,0,0
1ck6_SHA_A_900,0.98848707,0.98775244,0.031532466,0.20062498,3.130899e-07,1.3620498e-09,1.881675e-09
1cq1_BGC_A_455,0.11433033,0.96862762,0.03701411,0.18001452,0.0005490441,6.5453714e-05,6.5584112e-05
1cq1_BGC_B_455,0.66765475,0.94477314,0.033786136,0.19270429,0.00039786642,6.5250751e-05,6.5070003e-05
1d3g_ORO_A_399,0.20925065,0,0.043852824,0.17499997,0.16362501,0,0
1d6u_HY1_A_2001,0.99426473,0.99667157,0.037249302,0.21594959,0.99548726,0.0056933056,0.0063647831
1d6u_HY1_B_3001,0.99514332,0.99613863,0.03711066,0.21560721,0.97149502,0.0066721363,0.0060246585
1d6u_PEA_A_2003,0.99015159,0.97472167,0.031609616,0.20053399,9.891639e-06,4.9888501e-05,8.737185e-07
1d7a_AIR_A_300,0.67609753,0.96195378,0.033628523,0.19309691,0.0020084039,3.3173537e-06,3.2892273e-06
1d7a_AIR_C_400,0,0.9257566,0.037996808,0.1769046,1.1507757e-06,1.158207e-06,1.1449563e-06
1d7a_AIR_D_450,0.97994517,1,0.031502893,0.20054794,1.5505939e-06,1.5696127e-06,1.6476325e-06
1daf_DSD_A_225,0.87448279,0.98706643,0.032272821,0.19803397,0,1.4507832e-06,0.011009728
1dai_DSD_A_225,0.89260721,0.98709623,0.032123677,0.19837779,0,7.4889794e-07,8.9489172e-07
1diw_GAL_A_1400,0,0.97379023,0.037687711,0.17741265,0.0009117094,0.00096751677,0.00096965744
1dna_CB3_A_601,0,0,0.044185119,0.16764204,1.4744818e-11,0,0
1dna_CB3_B_602,0.91066295,0,0.038828455,0.18948797,0.037427377,0,0
1dpm_EBP_A_901,0.00036292408,0.9780366,0.037645134,0.17743621,5.190402e-06,3.8350776e-07,4.2039891e-07
1dpm_EBP_B_902,0.75421767,0.91797723,0.033434606,0.19445653,0.00014395142,0.00015149946,0.000157394
1dpm_EBP_B_903,0,0.97920817,0.037640458,0.1774414,7.1840838e-10,6.6574301e-06,0.00027348366
1dxy_COI_A_404,0.96684591,0.94556853,0.031980534,0.19978469,0.0057999504,2.555098e-06,2.5624335e-06
1dy3_87Y_A_201,0,0.5348199,0.053130953,0.20195174,0.98708305,0.98728064,0.9870738
1e26_GPB_A_208,0.61697191,0.98369541,0.039068594,0.20552545,0.90321794,0,0
1e2j_THM_A_500,0.98420793,1,0.031478039,0.20065078,0.0002166641,0,0
1e2j_THM_B_500,0.98410595,1,0.031872119,0.20167225,0.068098697,0,0
1e48_13P_P_302,0.85673679,0,0.04376615,0.20021771,0.83234214,2.7996094e-05,2.6846964e-05
1e5f_PLP_A_405,0.4238894,0,0.041590757,0.17754797,0,0,0
1e5f_PLP_B_405,0.39337695,0,0.050313023,0.19749278,0.99235377,0.40030985,0.4022451
1e7h_PLM_A_1001,0.96268238,0.97538283,0.035462938,0.20949993,0.63660115,4.0955763e-07,2.4858789e-06
1e7h_PLM_A_1007,0.99092652,0.96956467,0.031639112,0.20050001,0,0,0
1e8g_FCR_B_601,0.99606219,0.97599423,0.066889575,0.20168748,0.066671352,0,0
1ei6_PPF_A_410,0.97993212,0.83340009,0.037817628,0.21090417,0.43038769,0.3902304,0.39004258
1ei6_PPF_C_413,0,0.85570918,0.038891243,0.17724239,0.051749333,0.018047647,0.018355649
1ei6_PPF_D_412,0.99636031,0.88534888,0.044708856,2.1058182e-33,0.97372118,0.99174824,0.99170829
1eow_U2G_A_130,0,0,0.047496308,0.17625843,0.57127266,0,0
1eyw_PEL_A_404,0.0035114931,0.96758981,0.038578587,0.17970273,0.15232892,0,0
1eyw_TEN_A_403,0.98636349,0,0.043845825,0.20342448,0.33580396,0.54223483,0.53925373
1fdk_GLE_A_150,0,0,0.044186628,0.16764516,6.3696569e-10,0.00012637484,0.0003095865
1fds_EST_A_350,0.99721255,0.83103234,0.032592731,0.19943273,0.011396672,0,0
1fhv_OSB_A_789,0.9865647,0.94487042,0.037802544,0.21235569,0,0.86475453,0.85686902
1fk1_DAO_A_201,0.94505784,0.97035544,0.031930219,0.19947675,0.0027017322,0,0
1foi_14W_A_810,0,0.99540042,0.037531266,0.17760142,2.4001213e-06,7.0712547e-08,1.1915409e-07
1foi_14W_B_810,0,0.99301916,0.03754717,0.17757756,8.0473767e-08,6.416827e-08,5.5407762e-08
1fp2_HMO_A_2000,0,0.92100725,0.038028541,0.17685705,3.7590801e-09,0,0
1fqo_F6R_A_1268,0.93841667,0.87072529,0.03468797,0.20331625,0.30529828,0.037040356,0.034036905
1fqo_F6R_B_2268,0.94851056,0.38127416,0.040885715,0.20732781,0.8639032,0.025836928,0.034743563
1fs5_16G_A_1267,0.22979798,0.97451995,0.036264381,0.18276265,1.2464404e-07,4.6027592e-08,5.5937244e-08
1fs5_16G_B_2267,0.017154785,0,0.044080136,0.16804296,1.8410498e-06,1.1535836e-07,0
1fsa_F6P_B_338,0.96123392,0.97265526,0.037450949,0.95619859,0.9842941,2.1935067e-05,2.1935784e-05
1fuq_CIT_B_1002,0.42350044,0.9669304,0.035129936,0.18721409,2.677879e-06,9.0724211e-05,6.8308857e-06
1fuy_FIP_A_269,0,0.97591356,0.042430012,0.18981502,0.82269911,0,0
1fwn_PEP_A_1268,0,0.97246389,0.043022305,0.19125095,0.91753597,0.002611054,0.0030251786
1g4s_TPS_A_2001,0.98867079,0.9833517,0.037310773,0.21554364,0.99070117,0.0011085084,0.0011261879
1g6n_CMP_A_621,5.0567369e-07,0,0.049955237,0.1826571,0.99550708,0,0
1g6n_CMP_B_622,0,0,0.049936917,0.1826094,0.99234586,0,0
1g6t_S3P_A_601,0.99198286,0.96177999,0.041024307,0.22089357,0.41918545,0.99608154,0.99609102
1g72_PQQ_A_701,0,0,0.056808574,0.1966546,0.99211557,0.9908487,0.99066592
1g72_PQQ_C_703,7.0264733e-06,0,0.056822589,0.19668524,0.99263592,0.99231392,0.99238536
1g79_PLP_A_260,8.7059167e-05,0.90095242,0.038191231,0.17673347,0.0047690718,0.00022594588,0.00021267812
1g79_PLP_A_270,3.2833526e-06,0.002583767,0.044169997,0.16767227,1.7753979e-07,0.00062233711,0
1g8z_GAL_F_104,0.98978258,0.97660964,0.037212622,0.21515151,0.9685009,1.876181e-06,1.8600377e-06
1g8z_GAL_G_104,0.99236488,0.95916607,0.034994261,0.20900239,0.56838283,3.1330551e-07,3.1325451e-07
1g8z_GAL_H_104,0.96352562,0.96128231,0.031866257,0.19978734,0.00068052065,1.6188243e-05,2.2046911e-05
1gck_PLP_A_413,0,0.48883696,0.040973735,0.17285948,0,0.026883384,2.8632988e-11
1gck_PLP_B_913,0,0.48883696,0.040973735,0.17285948,0,0.026883384,1.6960941e-11
1gij_2PU_A_501,0.89587387,0,0.038702035,0.18857786,0,0,0
1gim_HDA_A_438,0,0.95115893,0.045319645,0,0.72330822,0.93288062,0.010349419
1gim_IMP_A_440,0,0,0.044186477,0.16764557,0.00023428362,0,0
1giu_ADE_A_300,0.98646955,0,0.039391937,0.19374113,0.1552893,0.049243801,0.0500229
1gkc_NFH_A_1448,0.99085417,0.97566059,0,0.2153847,0.98274896,0,0
1gkc_NFH_B_1449,0.96347199,0.93849705,0.037446716,0.21368249,0.93715389,0,0
1gsi_TMP_A_1210,0.97981491,0,0.040073203,0.19544444,0.32520119,0,0
1gsq_GDN_A_203,0.73101184,0.9688686,0.033329957,0.19427617,1.0867999e-07,0,5.0084023e-06
1gxu_2HP_A_1092,0.98786244,0.62895653,0.046303806,0,0.97989811,0.96195406,0.96195406
1gz5_G6P_A_901,0.70041485,0.97877921,0.033355704,0.19380349,1.6373853e-06,1.9424014e-05,2.0346666e-05
1gz5_G6P_C_901,0,0.95979779,0.037769285,0.17724526,3.3112043e-06,3.0069225e-08,6.8706661e-06
1gz5_G6P_D_901,0.82702458,0.97549452,0.032602625,0.19672911,1.2766772e-06,8.2658123e-08,9.9203644e-07
1gz5_UDP_C_900,0.95703959,0.33896849,0.041380709,0.20800938,0.92366707,0.043620449,0
1h0v_UN4_A_1299,0,0.93373407,0.043588086,0.19167285,0.97385433,1.049296e-08,1.0691243e-08
1h18_DTL_A_9009,0.99448401,0,0.038336066,0.19150048,0.040986001,0,4.641402e-08
1h18_DTL_A_9010,0.99086552,0,0.038277776,0.19118349,0.019086985,0,0.013464461
1h18_DTL_B_9009,0.99240068,0,0.038111268,0.19083364,2.0181051e-06,0,5.4925283e-07
1h18_DTL_B_9010,0.97209303,0,0.039271044,0.19267065,0.053475467,0.052652801,0.15699072
1h18_PYR_B_1001,0,0,0.044929228,0.16940657,0.075282129,0.044400805,0.044328048
1h1i_QUE_A_1358,0.99344516,0.30349399,0.04180011,0.20962978,0.99450636,0.046985158,0
1h1i_QUE_C_1358,0,0,0.049889778,0.18248674,0.98421302,0,0
1h1i_QUE_D_1357,0.99102434,1,0.031435065,0.20080681,0,0,0
1h1m_KMP_A_1360,0,0.98834119,0.04478667,0.19536809,0.98710826,0.43399012,0
1h1m_KMP_B_1358,0,0.46074145,0.041075924,0.17229585,0,0,0
1h1m_KMP_C_1358,0,0.98772055,0.044827076,0.19545345,0.99258705,0.4353343,0
1h48_C5P_B_901,0,0,0.049921743,0.18256992,0.98972785,0,0
1h48_C5P_C_901,0.97232855,0.26653297,0.041918707,0.20813099,0.9799157,0,0
1h48_C5P_D_204,0.98369946,0.30351808,0.041424608,0.20824437,0.94676052,0,0
1h48_C5P_E_901,0.98758089,0.30322226,0.041421818,0.20838369,0.95012735,0,0
1h48_CDI_A_201,0,0,0.049946924,0.18263437,0.99373842,0.0002693897,0.00028864406
1h48_CDI_D_201,0,0.91815537,0.050525052,0.2055167,0.98409532,0.97648273,0.97633968
1h48_CDI_E_902,0.96100581,0.97437693,0.0444037,4.7541062e-84,0.9893664,0.98921254,0.98930827
1h48_CDI_F_902,0,0,0.049934682,0.18260349,0.99193123,2.3997231e-05,2.4271278e-05
1h48_GPP_C_904,0.96648463,1,0.032091954,0.20155187,0.08741935,0,0
1h48_GPP_E_904,0,0.39796393,0.041881833,0.17278471,0.071346744,0,0
1h5r_G1P_A_1294,0.84403737,0.4854717,0.040221144,0.20245987,0.3542036,0.3446321,0.345579
1h5r_G1P_B_1294,0.9828736,0.94365805,0.037504473,0.21473604,0.97336326,2.5445998e-06,0.00032358229
1h5r_G1P_C_1294,0,0.97273598,0.037682864,0.17737489,1.6174966e-05,2.2143827e-06,2.1540432e-06
1h5r_G1P_D_1294,0,0,0.044185119,0.16764204,0,0,0
1h5r_THM_A_1293,0.98071657,0,0.041434227,0.19902153,0.56096788,0,0
1h5r_THM_B_1293,0.98383148,0,0.041090598,0.19824974,0.50497134,0,0
1h5r_THM_C_1292,0,0,0.045150036,0.17015295,0.16647514,0,0
1h5r_THM_C_1293,0,0,0.044186518,0.16764567,0.00024132294,0,0
1h5r_THM_D_1292,0.98919434,0,0.040323322,0.19646387,0.37825773,0,0
1h5r_THM_D_1293,0.45179086,0,0.047101768,0.19298517,0.9802655,0,0
1h69_ARH_A_1275,0,0,0.04418512,0.16764204,1.7418503e-07,0,0
1h69_ARH_B_1275,0,0,0.049442061,0.18132168,0.90696923,0,0
1h69_ARH_C_1275,0,0,0.044185147,0.16764211,4.7567371e-06,0,0
1h70_CIR_A_500,0,0,0.056785592,0.19658876,0.98628454,0.99240078,0.99223198
1h7q_TYD_A_1258,0.55942237,0,0.040761979,0.18071718,0.00012674876,0,0
1h82_GZZ_B_590,0.95906774,0.96076084,0.034645941,0.20669264,0.43630952,0.064306638,2.0652725e-10
1h82_GZZ_C_590,0,0.95350798,0.040076543,0.18259832,0.25737024,0.22220202,9.9680363e-09
1h8p_PC_A_1111,0.071628614,0.90533677,0.037694924,0.17837423,4.3345933e-06,0,0
1h8p_PC_B_1111,0,0.9354496,0.037932785,0.17700359,0.00013547327,0,0
1hdi_3PG_A_419,0.99369566,0.95282995,0.032257459,0.20159081,0.038082066,0.04265727,0.044621543
1hkn_N2M_C_4138,0.9783261,0.98289347,0.031627133,0.2003389,0,0,0
1ho5_ADN_A_1604,0.98369689,0.94587035,0.033631016,0.20365081,1.1532432e-06,0.49515264,0.018576343
1ho5_ADN_B_2604,0.97807602,0.97888497,0.032421934,0.20186104,6.0170552e-09,0.10723162,0.11377593
1hot_16G_A_269,0.00032804334,0.97630555,0.037656886,0.177418,2.5018792e-08,3.6840767e-08,3.6810302e-08
1hot_16G_B_271,0.27312227,0.968443,0.036039858,0.18371433,4.3482707e-07,4.1145175e-06,4.207831e-08
1hq2_PH2_A_181,0.99671125,0.96316756,0.037414087,0.21557972,0.99507507,0,0
1hsb_ALA_A_1001,0,1.1247562e-05,0.044185044,0.16764215,4.5035936e-10,9.2307248e-09,0
1hsr_BHO_A_800,0.99664928,0.99188539,0.031454897,0.20085711,2.819143e-06,7.1842033e-10,7.7953214e-10
1i8a_BGC_A_189,0.068665263,0.89975852,0.0381622,0.17913923,0.014920795,0.046985592,0.046825916
1ia1_TQ3_A_194,0.99704587,0,0.050773623,0.22010711,0.99667661,0.9968135,0.99649422
1ia1_TQ3_B_196,0,0.96735884,0.049408061,0.20450245,0.99739114,0.70707169,0.99761943
1if4_FBS_A_555,0.99666889,0.98795365,0.037248444,0.21582616,0.99503764,0,0
1ij8_BNI_A_501,0.74154892,0.95511663,0.033271971,0.19455371,0.0017244195,0,0
1iki_DAL_A_500,0.63914911,0,0.040273323,0.18257851,6.2995826e-06,0,0
1iri_E4P_A_601,0.99636509,0.95515978,0.041822709,0.22373635,0.79336733,0.79667444,0.79536845
1iri_E4P_C_603,0.99298605,0.96082443,0.038350079,0.21513171,0.323562,0.68958416,0.69132489
1iri_E4P_D_604,0.99168967,0.97216147,0.043524996,0.22773328,0.88063136,0.98046264,0.98105833
1isx_XYP_A_1461,0.032025759,0.96506034,0.043463707,0.19331688,0.97624465,0.038512995,0.038516264
1itw_ICT_A_743,0.98770296,0.92865869,0.031938336,0.20003114,0.0010421281,2.0668767e-06,2.0515986e-06
1itw_ICT_C_743,0.99213665,0.83316803,0.032819932,0.199883,0.047695722,2.1980054e-06,2.1848661e-06
1iwe_IMP_A_460,0,0,0.044185119,0.16764204,0,0,0
1iwe_IMP_B_1443,0.97852813,1,0.031576484,0.20068376,0.011203601,0,0
1iwe_IMP_B_1452,0,0,0.044190822,0.16765687,0.00098386525,0,0
1ixo_G3P_A_1001,0.86584543,0,0.040498415,0.19126444,0.027220164,0.2001684,0.21934923
1ixo_G3P_D_1004,0,0,0.044327554,0.16798062,0.015634324,0.014872458,0
1j0n_CEG_A_780,0,0,0.044187925,0.1676478,8.1131681e-06,0.00039239251,0.00040304714
1j0y_BGC_A_1601,0.99715808,0.97425925,0.038855492,0.21878879,0.99026507,0.22341513,0.22234628
1j0y_BGC_B_2601,0.9543416,0.98244992,0.043968266,0.22765721,0.91602912,0.99208799,0.99200104
1j0y_BGC_C_3601,0.99731894,0.97767278,0.039057615,0.21930316,0.99471414,0.25165007,0.25181758
1j0y_BGC_D_4601,0.99550916,0.9816682,0.044149711,0.99715728,0.99544638,0.9954937,0.99561829
1j3i_UMP_C_611,0.95413995,0,0.043970841,0.20457798,0.9705415,0,0
1j3i_WRA_A_609,0,0.99015522,0.041063905,0.18665032,0.60342269,8.207072e-06,7.4726446e-06
1j3i_WRA_B_709,0.97842315,0.99489507,0.033596768,0.20579692,0.35374769,1.340248e-05,8.4858114e-06
1j3k_UMP_C_611,0.98438715,0,0.043926289,0.20565063,0.99479399,0,0
1j3k_UMP_D_711,0.9814067,0,0.043935775,0.2055582,0.99328345,0,0
1j3k_WRA_A_609,0.97624103,0.9934278,0.038623452,0.21797996,0.97867757,0.20025817,0.19799587
1j3k_WRA_B_709,0.98990463,0.99566085,0.032183363,0.20236857,0.054633894,0.060990819,0.05307699
1j54_TMP_A_2000,0.98734221,0,0.043653121,0.20505591,0.95078537,0,0
1ja9_PYQ_A_406,0,0.97089405,0.037776167,0.17756722,0.013991928,0,0
1jf0_CZH_A_197,2.1247351e-08,0.99184997,0.044816776,0.19553618,0.99456484,0.43703304,0
1jho_NIO_A_991,0.74250038,0.99493667,0.037050754,0.20551535,0.70059852,0,0
1jho_RMB_A_990,0.95681204,0,0.044082854,0.20497446,0.99268842,0,0
1jhv_NIO_A_991,0.74166281,0.99598565,0.03871933,0.20985316,0.98879985,0,0
1jhv_PCR_A_990,0.99831,0.99501148,0.031455392,0.20100931,0.0054470704,0,0
1jl0_PUT_B_401,0.98213682,0.92266115,0.044504314,0.22853772,0.97865221,0.98378099,0.9840279
1jla_TNK_A_999,0.9910065,0,0.043837926,0.2056808,0.9865385,0,0
1jtk_THU_A_138,0,0.95567749,0.050186783,0.20567801,0.97278509,0.97042791,0.97610867
1jtk_THU_B_1138,0.98802818,0.96226708,0.044030386,0.22868061,0.96714939,0.96836954,0.96875062
1jw0_GUA_B_999,0,0.88972707,0.043689563,0.19073111,0.9406064,2.5129456e-06,2.5623888e-06
1jyw_147_C_2001,0.97471888,1,0.032145741,0.2020154,0.10539402,0,0
1jyx_IPT_A_2001,0,0.76042959,0.049668921,0.19825681,0.64785474,0.935699,0.98760474
1jyx_IPT_A_2002,0.00063031565,0.47922416,0.041108851,0.17298622,0.012471473,0.028201787,0.00046079002
1jyx_IPT_B_2001,0.98629703,1,0.043596021,0.22869796,0.98304585,0.88713059,0.98240995
1jyx_IPT_C_2001,0,0.47227399,0.053468688,0.20075132,0.98479017,0.9538449,0.97887138
1jyx_IPT_D_2001,0.99098755,1,0.043556677,0.22878194,0.9817712,0.88592446,0.98247548
1jyx_IPT_D_2002,0.00063084568,0.48111396,0.041081405,0.17296417,0.010063584,0.027892321,0.00031660898
1k8z_IAG_A_501,0.99442625,0.96225639,0.031699328,0.20059398,0.0056558862,0,0
1kae_HSO_A_1001,0.97038463,0,0.050649904,0.21883026,0.9758712,0.97297035,0.97239001
1kar_HSM_A_502,0.0014684532,0,0.045966961,0.17232002,0.30388834,0.0042535524,0.0042349464
1kar_HSM_B_503,0.0036272461,0.97095689,0.038739167,0.17955757,3.8082026e-06,0.30585222,0.00032031736
1kbq_936_A_703,0.99387654,0.98181182,0.031539193,0.20069149,6.7692787e-07,0,0
1kbq_936_B_704,0.99325856,0.98518428,0.031520434,0.2007108,1.1322975e-06,0,0
1kbq_936_D_702,0.98438844,0.98973226,0.031544376,0.20054916,1.055005e-05,0,0
1kdo_C_A_5407,0.96351685,0.97707829,0.037491394,0.21485765,0.98940465,0,0
1kdo_C_B_6407,0.96329766,0.56023189,0.038163662,0.20552514,0.63907508,0,0
1kfc_IPL_A_674,0.99350644,0.94924874,0.036662212,0.21160012,0.37737549,0.39129296,0.39167382
1ki2_GA2_B_2,0.98928761,0,0.038133031,0.19076794,0.00046980284,0,0
1km6_OMP_A_2001,0.97817557,0,0.048159885,0.21405393,0.98694232,0.61630842,0.60637307
1knu_YPA_A_1001,0.98339956,0.72652695,0.033309793,0.19789243,2.0392343e-09,0,0
1kuj_MMA_C_502,0.99014569,0.94943352,0.04433949,0,0.98028587,0.98809704,0.99043813
1kuj_MMA_E_503,0.97973905,0.96051019,0.044414641,0,0.99148163,0.99229678,0.99216742
1kuj_MMA_G_504,0,0.96582449,0.050399553,0.20642531,0.99545417,0.99456837,0.99496109
1kwc_BPY_B_401,0.99651389,0.99116452,0.0314787,0.20089366,0.0030372542,8.0968853e-05,8.2689359e-05
1kwu_MMA_A_501,0,0.95346127,0.043007031,0.19065464,0.88014446,0,0.027213787
1kwu_MMA_B_601,0.017913055,0.93323504,0.043365351,0.19173368,0.93648164,0,0.029012238
1kwu_MMA_C_701,0.01853816,0.93401632,0.043146134,0.19116486,0.88839844,0.024254861,0.024385922
1kya_XYD_B_612,0.9916317,0.9752551,0.03732526,0.21548017,0.98832672,0,0
1l4f_NCN_A_991,0.9681295,0.99178363,0.037405848,0.21521922,0.99647566,0,0
1l4n_NIO_A_991,0.76503037,0.99500638,0.038550161,0.21030435,0.98315863,0,0
1l5o_2MP_A_990,0.99710042,0.99368906,0.031522278,0.2010996,0.014184438,0,0
1l5o_NCN_A_991,0.96830921,0.9930576,0.037374112,0.21517861,0.99265934,0,0
1ldo_SNR_A_150,0,0.94881019,0.037842689,0.17713523,0,0,0
1lfw_AEP_A_683,0,0.96861445,0.037711493,0.17733647,0.0002049184,0,0
1lnf_VAL_E_1321,0.98727058,0,0.043810421,0.2054622,0.97777478,2.5760612e-05,9.7473339e-05
1lo3_AN1_Y_500,0.99192112,0.97975166,0.031564928,0.20062517,0,0,0
1lqp_FCN_A_4002,0.99596532,0,0.038089438,0.19091691,8.1180276e-09,0,0
1lqp_FCN_A_4004,0,0,0.04419871,0.1676774,0.0023448928,0,0
1lqp_FCN_B_4003,0,0,0.044194294,0.16766591,0.001582878,0,0
1lro_PEP_A_1268,0,0.97226163,0.040627501,0.18488023,0.46288175,0.036958221,0.037611107
1lro_PEP_B_2268,0.0035607623,0.9731796,0.042776852,0.18868299,0.22775219,0.49870086,0.59693929
1lti_GAL_D_104,0.99229857,0.92993194,0.044483516,4.8448273e-59,0.98717018,0.98718053,0.98758186
1luq_BTN_A_5100,0.99249329,0,0.043846299,0.20576102,0.98955304,0,0
1lzz_IHG_A_830,0.9916934,0.92919724,0.031910617,0.20012665,1.2220119e-06,0.0018228382,1.4909617e-08
1m3u_KPL_B_265,0.5774203,0.88124463,0.04637513,0.21654988,0.93483745,0.88406971,0.88857418
1m3u_KPL_C_265,0.63416872,1,0.043353367,0.21406204,0.52482113,0.96571796,0.96368376
1m3u_KPL_D_265,0.77151058,0.90010893,0.042274362,0.21545761,0.84598873,0.56996392,0.56146987
1m3u_KPL_E_265,0.99436588,1,0.044015122,2.4779751e-56,0.99054643,0.98606712,0.98668302
1m3u_KPL_G_265,0.41429981,0.46941671,0.048462549,0.20591684,0.98914215,0.62243271,0.62253412
1m3u_KPL_H_265,0.2487361,1,0.03968525,0.1913785,0.042241716,0.017237616,0.98526252
1m3u_KPL_I_265,0.23320502,0.16287979,0.049643035,0.19479382,0.94391972,0.38922512,0.39089578
1m3u_KPL_J_265,0.99584105,0.8560647,0.04247962,5.5254003e-65,0.99108144,0.99064025,0.25874524
1m7p_G3H_A_5401,0.99232306,0.97335821,0.031605206,0.2005706,0,0,0
1m7p_G3H_B_6401,0.98070982,0.96292308,0.031746038,0.2001948,0,0,0
1m9j_CLW_B_907,0.54462011,0,0.040851842,0.18036936,4.4000038e-07,0,0
1mex_RAC_H_601,0.95570862,0.98557876,0.03517378,0.20875282,0.59110997,0,0
1ml4_PAL_A_385,0.98836746,0.96753583,0.042947426,0.22668834,0.99335002,0.79644971,0.7954115
1mmx_FUC_A_348,0.12276465,0.95600972,0.043958817,0.19421667,0.0014398473,0.99570412,0.99569496
1mmy_G6D_A_348,0.060535724,0,0.043838893,0.16911538,0.0026300371,0,0.0026153768
1mmy_G6D_B_348,0,0,0.044216739,0.16771693,0.0033965023,0.0034250862,0
1moo_4MZ_A_264,0.055030513,0,0.043848334,0.1689281,3.0297935e-07,6.0380104e-06,0
1moo_4MZ_A_265,0.99139843,0,0.038121183,0.1908182,8.5848719e-06,0,0.0010843713
1mrj_ADN_A_300,0.99255623,0.98721051,0.031511182,0.20071464,0,0,0
1msv_PUT_A_355,0,0.91784837,0.049517919,0.20319305,0.90418271,0.89594961,0.89947524
1msv_PUT_B_355,0.93965909,0.91313909,0.04450273,0.22659556,0.92001553,0.98533611,0.98670242
1mvc_BM6_A_200,0.99246354,0.99215841,0.037252231,0.21578597,0.99609982,0,0
1n3o_GYP_B_1101,0.042341654,0.96103598,0.044203453,0.19195039,0.0016164724,0.96549363,0.96391073
1n5i_TMP_A_217,0.98863951,0,0.043867693,0.20566525,0.98917489,0,0
1ne4_RP1_A_401,0.9695519,0.97117567,0.03752109,0.21501034,0.99409321,0,0
1ne4_RP1_A_601,0,0.88313417,0.043613488,0.19035251,0.91988095,0,0
1nf0_13P_A_5001,0.99053029,0.9324785,0.036589927,0.2123494,0.81037383,0.00049370407,0.00049362274
1nf0_13P_B_1150,0,0,0.044246118,0.16776866,5.8260375e-08,0.0042045637,0.013422669
1ngp_NPA_H_302,0,0.95306656,0.049305413,0.20324529,0.79716352,0.99041332,0.99043765
1njr_XYL_A_285,0.9371685,0.83104973,0.032894421,0.19785879,6.1466915e-05,2.2137589e-06,2.1740645e-06
1nmm_NAG_B_403,0.98559406,0.97401938,0.044302549,0.22951007,0.99266223,0.9959926,0.99530916
1nmm_NAG_D_527,0.97095362,0.97198781,0.044217303,0.22870897,0.97613541,0.98266007,0.98193309
1nmz_NYM_A_301,0.97243404,0,0.040329207,0.19582057,0.3615752,0,0
1now_IFG_B_558,0.98726233,0.98739446,0.044128992,0.22953126,0.99245148,0.98505966,0.98528131
1nrg_PLP_A_320,8.6710282e-06,0.93683635,0.03792645,0.17702442,0.00033097656,0.00025285032,0.00028209236
1ns4_BGC_A_1400,0.071644719,0,0.054281182,0.19292152,0.64048264,0.98342128,0.98345498
1ns4_BGC_B_2400,0,0.77234344,0.051168239,0.20328196,0.95373104,0.95400933,0.95397826
1nsm_GAL_A_1400,0.018743792,0,0.044185723,0.16836595,0.014965331,0,0.0082771604
1nsm_GLA_B_2400,0.019248487,0.93132093,0.039111602,0.18053643,0.16334207,0.040983904,0.052204213
1nuw_F6P_A_2336,0,0.94570488,0.045338507,0.19294731,0.1741322,0.93102363,0.93309476
1nux_F6P_A_2339,0.9712401,0.96440473,0.036282597,0.21166831,0.77438456,6.3216665e-06,6.7003181e-06
1o28_UFP_A_703,0,0,0.044187109,0.1676472,0.00034104143,3.687095e-06,0
1o28_UFP_B_708,0,0,0.044188238,0.16764845,1.0721248e-05,0.00043916229,0.00044210494
1o28_UFP_D_718,9.5050001e-05,0,0.05561929,0.19417419,0.97546343,0.83103262,0.83562159
1o29_UFP_A_803,0.00012005399,0,0.044184448,0.167645,7.9691224e-06,5.0222173e-06,0
1o29_UFP_B_808,0,0,0.044187662,0.16764864,0.00043521144,5.9623021e-06,0
1o29_UFP_C_813,0.0001942159,0,0.052491198,0.18776861,0.97169727,0.39040166,0.38081426
1o29_UFP_D_818,0,0,0.047006611,0.17340532,0.00030105738,0.41814403,0.39469764
1o2i_655_A_246,0.99334405,0,0.043213324,0.20414732,0.88124563,0,0
1o68_KIV_A_275,0.98739086,0.96902026,0.037889757,0.21402886,0.27572336,0.66708194,0.66696914
1o68_KIV_D_275,0.92939119,0.99160496,0.044447928,1.5945075e-45,0.9821337,0.99031121,0.99047589
1o68_KIV_E_275,0.9968964,0.9215331,0.04181619,0.22343788,0.9452387,0.63603787,0.63647904
1o8a_NXA_A_702,0.98983562,0,0.050745298,0.21977188,0.99091045,0.99112529,0.99092957
1om5_INE_B_791,0.17961588,0.98772575,0.036485005,0.18172663,0.00029421017,8.8433738e-06,9.2685945e-06
1opr_ORO_A_220,0.99831537,0,0.039379533,0.19436635,0.22505904,0,0
1ovk_NYL_A_405,0.95630158,0.98703406,0.044373605,0.22891228,0.99258249,0.9925805,0.99273848
1oxp_IK2_A_411,0.96819645,0.94966152,0.031911325,0.19976982,8.2486259e-06,6.0301969e-07,6.5273528e-07
1p1w_AMQ_A_428,0.99363753,0,0.043697731,0.20541938,0.96512929,0,0
1p1w_AMQ_B_427,0.99633263,0,0.043318086,0.20453737,0.90247571,0,0
1p5g_G6P_X_658,0.98534318,0.89572445,0.032166891,0.19963076,5.5856306e-07,1.2337798e-06,1.7549752e-06
1p7c_THM_B_501,0.98834238,0.27131906,0.041830084,0.208659,0.98697997,0,0
1p7l_MET_A_485,0.98409624,0,0.038162347,0.19064023,4.4855776e-05,0,1.8441435e-06
1p7l_PPK_C_684,0.98636298,0,0.038234806,0.19089315,0.0063636828,0,0.014396916
1p7l_PPK_D_884,0.0071423959,0.8086712,0.038848314,0.17614139,0.0035126094,0.013434329,0.013147268
1pbd_PAB_A_396,0.99647336,0.98465301,0.037251432,0.21573581,0.99154026,0,0
1pi3_TZD_A_530,0.88033853,0,0.038799298,0.18822048,0.00037630647,0,0
1pke_2FD_A_446,0,0,0.051383244,0.18251625,0.049715168,0.99590907,0.99626836
1pke_2FD_B_447,0,0,0.045439325,0.17030821,0.031569023,0.15351332,0.1553345
1pl6_572_A_405,0.66601137,0.95325612,0.033736734,0.19274385,5.8115657e-07,0,0
1pl6_572_B_407,0.62174352,0.94468091,0.034065043,0.19162368,9.4804642e-06,0,0
1pl6_572_D_411,0,0.95630496,0.040578964,0.18446094,0.48072733,0,0
1poc_GEL_A_420,0.78301201,0.22806199,0.042741772,0.20176604,0.87646659,0.00057284577,0.00061945196
1pr0_NOS_A_1245,0,0,0.056679395,0.19635535,0.98120033,0.98108004,0.98143408
1pr0_NOS_B_1246,0,0,0.044364442,0.16808085,0.022340558,0.0072024819,0.0071646285
1pr0_NOS_C_1247,0.97562186,0,0.050842433,0.21944773,0.98695175,0.99568188,0.99591391
1pr6_XYA_A_1245,0.98852205,0,0.041207655,0.19873866,0.53011637,3.0581629e-06,3.0300839e-06
1pr6_XYA_B_1246,0.98677071,0,0.03912322,0.19304657,0.099527104,0,0.11602122
1pt8_OXL_A_802,0.99584749,0.94714412,0.031758867,0.20039068,2.0559824e-08,2.0766007e-08,2.0752616e-08
1pt8_OXL_B_801,0.99860125,0.9804017,0.031520402,0.20078923,1.5654447e-06,9.9719391e-05,0.00010061526
1pvc_ILE_0_7,0,0,0.044185119,0.16764204,0,0,0
1pwz_RSO_B_256,0.9951624,0.93489993,0.038029175,0.21289559,0.00060101844,0.88966781,0.89229285
1pym_OXL_A_1001,0.99587261,0.87602299,0.032302063,0.19981889,1.8353189e-09,0.0089501257,0.010642768
1pym_OXL_B_1002,0.9971198,0.92552503,0.031915906,0.20024564,1.9917075e-09,0.0028945493,0.0029616839
1pzy_NAG_B_405,0.96747266,0.96923682,0.044444598,1.2645346e-88,0.98877682,0.99650131,0.99629568
1pzy_NAG_D_406,0.98454775,0.92616841,0.037505008,0.21432288,0.95472897,0.00043205745,0.00043383384
1q20_PLO_A_401,4.5957738e-07,0.98976784,0.043118716,0.1919868,0.95749823,0,0
1q22_AND_A_401,0.97766242,0.99136811,0.031574546,0.20040819,1.1518876e-07,0,0
1q3a_NGH_B_479,0.96675714,0.30876398,0.041386021,0.20760546,0.92756993,0,0
1q3a_NGH_C_481,0.94462054,0.74406126,0.035835445,0.20343435,0.41556956,0,0
1q4g_BFL_A_701,0.98606175,0.9863461,0.037288697,0.21547004,0.98892805,0,0
1q6r_LX1_A_7301,0.99215021,0,0.039682588,0.19423124,0.060144459,0.17566166,0.1764175
1q92_DRM_A_1001,0.98807652,0,0.043389979,0.20440002,0.90616134,0,0
1qjc_PNS_B_1163,0.57135051,0,0.040770357,0.1812077,0.01416753,0,0
1qmh_CIT_B_401,0.95803441,0.89325502,0.032618072,0.19966405,0.04615932,4.0887583e-08,4.9616493e-08
1qxa_GLY_B_245,0.93014715,0.01303997,0.038405102,0.18950926,0,0,0
1r4f_AD3_B_330,0,0.28485877,0.042285626,0.17050432,0.0008071043,0,0
1r4s_MUA_A_800,0.082806303,0.97175427,0.042911105,0.19420689,0.98834243,0,0
1rf2_BV4_D_104,0,0.9208132,0.047834089,0.19938838,0.77020466,0.76700901,0.77256807
1rf2_BV4_E_105,0,0.92698486,0.043536692,0.18963104,0.42467202,0.44565088,0.44423549
1rf2_BV4_F_106,0,0.93492764,0.040595462,0.18391805,0.45889408,2.1489679e-05,2.1305746e-05
1rf2_BV4_G_107,0.028399354,0.93442121,0.046249967,0.19716394,0.66931281,0.66361627,0.6641622
1rf2_BV4_H_108,0.022685385,0.95181606,0.042445928,0.18996294,0.78308449,0.032270878,0.032103827
1rnd_DGP_A_126,0,0,0.044185119,0.16764204,1.2575528e-08,0,0
1rqh_PYR_A_602,0.47410252,0.94853187,0.035036006,0.18845419,0.01606809,1.1974475e-06,1.1997045e-06
1ruk_BEZ_H_601,0.99225605,0.96930848,0.031703762,0.20067845,0.0014399581,0.0090563881,0.0090286193
1rvt_NDG_H_742,0,0,0.044193492,0.16765919,4.6338268e-07,0.0011155813,0.0012984567
1rvz_NAG_A_3321,2.3336708e-05,0,0.044184977,0.16764258,0,2.7317177e-07,0
1s1f_PIM_A_431,0,0,0.044185119,0.16764204,6.1802859e-09,0,0
1s2c_FLF_A_2001,0,0.97556009,0.037663881,0.17740288,7.6263792e-07,0,0
1s2c_FLF_A_2002,0,0.93205554,0.038221073,0.17766078,0.045958932,0,0
1s3u_TQD_A_187,0.5475266,0.98836486,0.039950708,0.20521994,0.98746266,0,0
1s3v_TQD_A_187,0.87342551,0.9942192,0.03796898,0.21302989,0.99643915,0,0
1s6h_4BZ_A_1,0.99692146,0.97821881,0.037168776,0.21536203,0.97033242,0,0
1s83_4HA_A_5,0.97650847,0.96651693,0.037496328,0.21505908,0.9817371,0.0084111264,0.0083943497
1sep_BIO_A_801,0,0,0.048988046,0.18014024,0.82863904,1.6680786e-08,1.534551e-08
1sff_IK2_A_450,0,0,0.050385225,0.18343695,0.9751447,0.15856831,0
1sff_IK2_C_450,0.98606622,0.2879839,0.041620012,0.20844888,0.96626312,0,0
1sff_IK2_D_450,0.98612264,0.27565804,0.04177815,0.20854686,0.98031553,0,0
1sjc_SMG_A_1000,0.93247286,0.93730527,0.037362395,0.21006642,0.22523458,0.55436742,0.55398552
1sjc_SMG_B_1100,0.97844694,0.93954584,0.040914415,0.21962356,0.4088544,0.95559015,0.95542855
1sjc_SMG_C_1200,0,0.93408809,0.050100291,0.20482473,0.92459202,1,0.96032468
1sjc_SMG_D_1300,0,0.95002002,0.045214185,0.19388875,0.51207928,0.63466847,0.63719531
1syf_THP_A_180,0,0,0.046729986,0.17426431,0.43906068,0,0
1sz6_NAG_A_5003,0,0,0.044190226,0.16765532,0.00088095403,2.6792258e-07,0
1sz6_NAG_B_5001,7.7799723e-05,0.9388798,0.037908607,0.17703772,1.9886327e-06,2.3373183e-07,2.3483403e-07
1sz6_NAG_B_5002,0,0.96908857,0.037707262,0.17733845,2.1621625e-05,3.7557058e-09,3.428949e-09
1sz6_NAG_B_5004,6.220312e-05,0,0.04418474,0.16764349,2.4218257e-07,8.1965957e-12,0
1t5z_DHT_A_931,0.98484995,0.99363905,0.037280764,0.21560161,0.9946907,0,0
1t87_CAM_A_1422,0.082516203,0.98911503,0.03726785,0.17998626,0.034438836,0,0
1t87_CAM_B_2422,0.081808415,0.97759823,0.037338618,0.17982704,0.032618709,0,0
1t93_FLV_A_431,0.99121425,0.97238069,0.031618832,0.20053555,5.7515578e-06,4.1849277e-05,3.6435712e-05
1t93_FLV_A_432,0.99533845,0.9833779,0.031543022,0.20079142,0.00079637273,0.002667464,0.0027046301
1tc2_7HP_B_810,0.99836053,0,0.043786542,0.20583607,0.98543863,1.5260322e-09,1.2944224e-07
1tf8_TRP_A_911,0,0,0.044185448,0.16764286,4.809949e-05,1.4474757e-05,0
1tf8_TRP_A_913,0,0,0.056777654,0.19658147,0.98903114,0.98885047,0.98890516
1thc_FL9_A_130,3.6158123e-07,0.92919813,0.037973787,0.17693901,4.4278506e-08,1.4305246e-11,4.8664819e-08
1thc_FL9_A_131,0.0034077821,0.9819991,0.037602147,0.17755257,0.00037338405,7.7106375e-07,7.6225485e-07
1thc_FL9_B_130,0,0.94444694,0.037873118,0.17709415,1.7245159e-08,0.00018364857,0.0001801194
1tiw_TFB_A_2002,0.62811862,0.97161368,0.043326677,0.21293625,0.46832062,0.97517751,0.97557413
1tke_SER_A_500,0.69310183,0,0.040825199,0.18604252,0.12019129,0,0.053712693
1tkh_DPN_A_911,0,0.96400167,0.037758151,0.17732211,2.9396386e-05,0.0023764111,0.0024791323
1tkh_DPN_A_913,0,0,0.04444611,0.16830782,0.040389185,0,0.0077869709
1tkj_MED_A_913,0.83885921,0,0.041430159,0.19196456,0,0.68288373,0
1tl2_NDG_A_237,0.98017459,1,0.043592334,0.22845478,0.98518128,0.91981646,0.91973813
1tl2_NDG_A_238,0.00028478674,0.53159446,0.053079425,0.20177206,0.98335812,0.98014289,0.98017502
1tl2_NDG_A_240,0.90898353,0.95031599,0.039040024,0.21223238,8.5012011e-05,0.97603187,0.97585545
1tl2_NDG_A_241,0.98446654,1,0.037813056,0.21360827,0.00011101267,0.91474386,0.9122928
1toq_AMG_A_501,0.99549451,0.95893793,0.044396237,2.1252845e-58,0.99717729,0.99716238,0.99724082
1toq_AMG_C_502,0,0.92745487,0.050625978,0.20596968,0.99230432,0.99309577,0.99302866
1toq_AMG_E_503,0,0.9581768,0.050441689,0.2063263,0.9941913,0.99442989,0.99461845
1toq_AMG_G_504,0.9657646,0.94595247,0.041058977,0.22167058,0.97921127,0,0.99399425
1tsd_UMP_A_267,0.96169717,0,0.04393442,0.20478017,0.97223778,0,0
1tsd_UMP_B_265,0.97418974,0,0.043952918,0.20531921,0.98862058,0,0
1tt6_DES_B_128,0.3116108,0,0.042874296,0.17647595,0.10288742,0,0
1tuu_PIS_B_2854,0.0094804323,0.89805393,0.038123952,0.17684894,0,0,0
1tvw_UMP_A_317,0.99132926,0,0.038622812,0.19212268,0.087126514,0,0
1u18_HSM_B_402,0.99603017,0,0.043130961,1.8079474e-07,0.86730843,1.181668e-07,5.3256683e-07
1u1g_BBB_A_3300,0,0.9690152,0.03770784,0.17733794,3.6819806e-05,0,0
1u1g_BBB_B_4300,0,0.95564832,0.039304881,0.18071272,0.14448488,0.19153849,0
1u1g_BBB_C_5300,0,0.98152727,0.040389829,0.18412395,0.32774737,0.24950103,0
1u1g_BBB_D_6300,0,0.95308125,0.044949641,0.19485048,0.98137212,0.42257314,0
1u1g_BBB_E_7300,0,0,0.049258863,0.18084496,0.87536247,0,0
1u1g_BBB_F_8300,0,0,0.05004626,0.18259945,0.92910913,0.14243411,0
1u2o_NEC_A_1001,0.98248375,0.9842777,0.036635712,0.21357355,0.87010244,3.2212937e-06,3.2642326e-06
1u6r_IOM_B_1601,0.9270924,0.97355557,0.032003123,0.19904819,8.499711e-09,0,0
1uay_ADN_A_1001,0.96927504,0.97851728,0.044197991,0.97471557,0.98484557,0.98488825,0.98503771
1uay_ADN_B_1002,0.99461596,0.95467063,0.044436796,2.2281517e-62,0.99770245,0.99773771,0.99770735
1ubs_SER_B_398,0.96313177,0.94124263,0.042938812,0.22467449,0.84783539,0.86375274,0.87363587
1um4_SH4_H_1001,0.95339115,0.98374385,0.037934454,0.21485413,0.77252682,0.24721289,0.23787646
1uqx_MMA_A_1116,0.90406872,0.92333776,0.038144844,0.21269029,0.95911907,0.015507171,0.01502514
1uux_PPI_A_1165,0.99515914,0.93079883,0.031875629,0.20021911,0.00041528366,0.00013294618,0.00012097063
1uxi_FUM_A_1311,0,0.91529939,0.04305708,0.18978595,0.86098064,0,0
1uxi_FUM_B_1311,0.78912487,0.91581464,0.034102345,0.19750716,0.14989793,0,0
1uxq_G1P_A_1503,0.95994683,0.8249602,0,0.19835296,0.00068559358,0.00074464649,0.00079274531
1v3v_5OP_A_1360,0.94873098,0.98622764,1.4170892e-44,0.20056582,0.058495961,2.5076912e-05,3.6442312e-05
1v3v_5OP_B_2360,0,0.98491371,0.042452322,0.18737382,2.7811323e-05,0.78971774,0.60798342
1v5y_4HC_A_1455,0.99504592,0.98753036,0.031493858,0.20077613,1.7080079e-07,7.0082527e-06,7.7755802e-06
1v5y_4HC_B_1201,0.0021852445,0.98407117,0.037593719,0.17753933,4.1809602e-06,1.32008e-05,1.169379e-05
1vje_MSE_A_301,0.98028098,0.96711162,0.031720678,0.20022672,1.1472612e-06,1.000921e-06,1.0317359e-06
1vje_MSE_A_401,0.93868149,0.89802039,0.032437142,0.19856332,3.1162682e-06,1.0310659e-06,1.1335214e-06
1vkf_CIT_C_502,0.92989323,0.757633,0.033435736,0.1969668,0.00014464409,0.00080046386,0.0008018413
1vkf_CIT_D_503,0.7903452,0.90373428,0.033310948,0.19516245,7.6385723e-06,0.00058821034,0.0005962425
1vl1_CIT_A_300,0.86706107,0.9080658,0.033095103,0.19773479,0.048999102,0.00040223073,0.00040064112
1vzd_CB3_A_318,0,0.46074142,0.041075924,0.17229585,2.6442037e-08,0,0
1vzd_UFP_A_317,0.98543516,0,0.038426609,0.19121178,1.882708e-06,0.078275439,0
1vzu_UDP_A_1371,0,0.94178014,0.042390187,0.18877613,0.77646263,0,0
1vzu_UDP_B_2371,0.97566077,0.95794339,0.036928449,0.21334565,0.88303613,0,0
1w1a_NDG_1_1261,0,0.91813182,0.038055063,0.17684726,0.0012541785,4.4411338e-06,4.5442916e-06
1w1a_NDG_2_1261,0.89520071,0.90850903,0.033012647,0.19863967,0.065471508,5.9186171e-06,5.8839044e-06
1w3t_3GR_A_1297,0.97712517,0.98621475,0.032639021,0.20286786,0.1335584,0.052929794,0.019751942
1w3t_3GR_C_1297,0.57352286,0,0.041678668,0.18361559,0.15890863,0,0.023939091
1w3t_3GR_D_1297,0.98036883,0,0.040797576,0.19723904,0.41675347,0.033386965,0.023396567
1w55_C_A_1373,0.9813245,0.9810874,0.037167965,0.21482563,0.95703139,0,0
1w55_GPP_A_1374,0,0.74513912,0.039204152,0.17509743,8.7802426e-08,0,0
1w62_PYC_A_700,0,0,0.056848991,0.19674513,0.99455149,0.99455771,0.99453936
1wc7_PP3_A_1214,0,0.92140223,0.038026067,0.17686137,9.453789e-06,2.0243211e-05,1.1723819e-05
1wmz_A2G_B_502,0.95253956,0.9375668,0.037599742,0.21340611,0.8830464,0.056390025,0.057064566
1wmz_NGA_A_501,0.93263607,0.97061428,0.032236283,0.19979202,0.042643793,3.7117296e-05,3.7168088e-05
1wmz_NGA_D_504,0.91030941,0.96748503,0.0376301,0.21286489,0.94607984,6.779952e-06,6.7848443e-06
1wq4_TYR_A_501,0.98465747,0,0.043366682,0.20420503,0.89852906,2.2508523e-06,2.2285523e-06
1x09_IPE_A_901,0.98596716,0.85467088,0.037137781,0.21123649,0.73411853,0.018630758,0.11013749
1x09_IPE_A_902,0.90629933,0.88982967,0.032690175,0.19772484,1.4298886e-05,4.75072e-06,4.7284273e-06
1x29_PMG_A_413,0.97441557,1,0.042818801,0.2264974,0.92648083,0.8179813,0.90099509
1x29_PMG_B_1413,0,0.48055788,0.052165822,0.19798167,0.88123728,0.86329757,0.88389943
1x2a_PDG_A_413,0.8805022,0.20467581,0.042868662,0.20537124,0.97851814,0,0
1x2a_PDG_B_1413,0.33942192,0,0.047988452,0.19071716,0.97005908,0.079641215,0
1x7j_GEN_A_201,0.99605635,0.99433284,0.031442151,0.2008677,1.8844286e-07,0,0
1x7j_GEN_B_202,0,0.99376865,0.03941283,0.18198738,0.19292268,0.21557769,0
1x82_PA5_A_301,0.96973567,0.95094844,0.032665581,0.2017695,0.11506645,0.015140213,0.015243954
1x8i_BMH_A_2,0.95697267,1,0.043918816,0.22823123,0.96709226,0.96127922,0.96169093
1x8x_TYR_A_952,0.99166536,0.95203449,0.03175183,0.20034202,7.4857321e-06,2.0777837e-06,2.1509289e-06
1xdj_HCS_A_1050,0.97585257,0.91853185,0.042307578,0.2236661,0.96099007,0.67478312,0.67014256
1xid_ASC_A_389,0.9912334,0.89814863,0.032140264,0.19984858,0.0010913964,0.002789767,0.0027791524
1xin_XYL_A_397,0.77721827,1,0.032931105,0.19582839,0.0017350299,0.010509857,0.010465592
1xin_XYL_B_397,0.98988845,0.83960843,0.034587462,0.20441714,0.34689213,0.0042091835,0.0042073303
1xin_XYL_D_397,0.98686733,1,0.031571757,0.20098428,0.01459389,0.0038376243,0.0038490129
1xkw_188_A_1001,0,0,0.049963382,0.18267827,0.99691169,0,0
1xny_BTN_A_5602,0.96277469,0.88526479,0.032551848,0.19945906,0.03052433,0,0
1xny_BTN_B_5602,0.96483152,0.96439152,0.032038314,0.20037165,0.035352719,0,0
1xuf_BAZ_A_246,0,0.64714897,0.039859178,0.174117,0,0,0
1y2x_NAG_C_2144,0.96157168,0.89133688,0.03924077,0.21313358,7.4309069e-05,0.99443852,0.99447237
1y2x_NAG_D_3144,0.96231023,0.96230572,0.044493162,2.6117491e-70,0.99065152,0.9904881,0.99071689
1y5v_NE8_A_500,0,0,0.049931331,0.18259487,0.99138177,2.4702374e-07,2.4828784e-07
1y8j_STS_A_900,0.87107372,0,0.038853821,0.1879983,0,0,0
1yik_MM1_A_500,0.89632288,0,0.038834337,0.18893978,0.023299957,0,0
1yik_MM1_A_501,0.34175622,0.66515264,0.037650245,0.18229173,0.00053327132,0,0
1yqc_GLV_A_1001,0.78960375,0.97675436,0.032823223,0.1958672,5.0579488e-08,6.8151923e-08,6.8626509e-08
1yw9_A84_A_482,0,0.96938546,0.043237015,0.19173614,0.95440083,0,0
1z11_8MO_A_501,0.97855457,0.94629097,0.036873279,0.21299653,0.86313496,0,0
1z11_8MO_B_501,0.97544795,0.92397906,0.037045914,0.21271233,0.86390692,0,0
1z11_8MO_C_501,0.98998631,0.94893196,0.031784219,0.20027532,0.00024697782,0,0
1z11_8MO_D_501,0.99423373,0.95399632,0.036435297,0.21268405,0.81301338,0,0
1z3n_3NA_A_320,0,0.53373399,0.053068284,0.2017822,0.98201005,0.98128678,0.98143503
1z4k_T3P_A_4341,0.99006705,1,0.031440926,0.20078444,3.6264113e-07,0,0
1z6k_OAA_A_274,0,0.95013558,0.037836353,0.17715417,0.00016303905,0.00022952786,0.00022556493
1z8p_DEB_A_420,0,0,0.056764815,0.19655223,0.98814578,0.98805231,0.98747832
1zb6_DIN_A_401,0.99759157,0.98006294,0.031528832,0.2007626,0.00011901319,0,0
1zdq_MSM_A_1507,0.93784982,0.99225512,0.037357492,0.21391645,0.95670318,0,0
1zdq_MSM_B_1508,0.95106816,0.98801844,0.037528495,0.21476477,0.99527764,0,0
1zdq_MSM_C_1509,0.99417647,0.99510619,0.037209144,0.21582193,0.99387438,0,0
1zei_CRS_A_54,0.99802931,0.98369584,0.035170918,0.20924214,0.28861449,0.28803427,0.2876748
1zei_CRS_B_56,0.99702477,0.98598671,0.037273501,0.21585107,0.99736155,0.00017594343,1.311009e-06
1zei_CRS_C_56,0.99600051,0.99193138,0.038413487,0.21792007,0.88448169,0.26352222,0.26359788
1zei_CRS_E_54,0.99604346,0.98713007,0.044091278,5.5476296e-23,0.98767554,0.99515623,0.98244692
1zei_CRS_E_55,0.99500818,0.99499985,0.031444231,0.20085017,9.8062974e-06,9.8650071e-06,9.805556e-06
1zei_CRS_F_54,0.99545588,0.99076024,0.03819665,0.21726558,0.83379369,0.27306059,0.27302846
1zei_CRS_F_55,0.24575348,0.98633146,0.0377323,0.18730602,0.21348986,0.058317537,0.059056671
1zg3_2HI_A_365,0.80538256,0.98039737,0.032702452,0.19627279,2.6605662e-05,0,0
1zgj_P1S_A_0,0,0.98577978,0.043225801,0.19215617,0.97137338,0,0
1zha_PEP_A_1268,0.99620821,0.97795636,0.031697433,0.20107501,0.020921135,0.0037237175,0.0036218456
1zha_PEP_B_2268,0,0.97050759,0.037865132,0.17777556,0.025008269,0.0032532312,0.0032420671
1zha_R5P_A_1269,0.51672359,0,0.0410227,0.17971775,2.1169192e-05,3.1695319e-08,0
1zjp_DR4_A_1,0.92249257,0.97041601,0.038150751,0.21137954,3.9146134e-07,0.86809469,0.890226
1zk0_SS2_A_1260,0.78316205,0.96934391,0.03588145,0.20336814,0.5119674,0.00026054651,0.00026403213
1zmt_RNO_A_1002,0,0.93791651,0.037915854,0.17702713,5.949699e-05,0,0
1zmt_RNO_D_1004,0,0.95191147,0.037821959,0.17716626,0,0,0
1zng_HE4_A_202,0.98427394,0.96792676,0.031691698,0.20033055,0.0001590073,0,0
1zoy_UQ1_B_1201,0.99492405,0.96770075,0.031627209,0.20057505,1.7945595e-05,0,0
1zpd_CIT_A_610,0,0.67860861,0.042249873,0.17982976,0.079467393,0.3010482,0.30172994
1zpd_CIT_E_610,0.98209188,1,0.0320266,0.20185636,0.049744436,0.035871269,0.035783236
1zuw_DGL_A_1301,0.0022358184,0.98705009,0.046754543,0.19975757,0.99264585,0,0.9926218
1zuw_DGL_B_2301,0.0010481364,0.98594309,0.050035934,0.20614258,0.98191536,0.99613861,0.95160411
1zuw_DGL_C_3301,0,0.98853667,0.050167789,0.20644616,0.98220046,0.99437359,0.99425373
1zwp_NIM_A_401,0.9545907,0.94488591,0.032027876,0.19940761,0.00024279211,0,0
227l_BNZ_A_169,0.99736557,0.99278316,0.031444633,0.20088315,2.3666409e-05,0,0
2a0x_DIH_A_300,0.11576265,0,0.043901793,0.17145373,0.073356347,0,0
2a15_NCA_A_1001,0.94465878,0.98346168,0,0.21449743,0.99032072,0,0
2a1m_CAM_A_1422,0.50253516,0.9879787,0.035218781,0.19112794,0.12311961,0,0
2a1m_CAM_B_2422,0,0.99117567,0.037773309,0.1781155,0.036889306,0,0
2a5t_GLU_B_2002,0,4.3225342e-05,0.044184831,0.16764247,0,2.0607556e-07,0
2a5t_GLY_A_1001,0,0,0.044185119,0.16764204,0,0,0
2a9z_26A_A_1001,0.99335643,0,0.043893007,0.20591648,0.998523,0,0
2a9z_26A_A_1002,0.9726906,0.27233887,0.041843559,0.20809856,0.97359999,0,0
2agw_TSS_D_3001,0,0,0.04460505,0.16873379,0.072105097,0,0.00057872677
2agw_TSS_H_2001,0,0,0.044482555,0.16841499,0.050957705,0,0.00060152545
2ahc_VNL_A_166,0.14034678,0.99258572,0.036693199,0.18085849,0.00036360511,0,0
2ahc_VNL_B_266,0.99686779,0.96299562,0.031649639,0.20058087,0.00051382353,0,0
2ahc_VNL_C_366,0.99217359,0.99022294,0.031495301,0.20074082,0.00033027608,0,0
2ahc_VNL_D_466,0.99549928,0,0.038094426,0.19091158,0.00036857131,0,0
2ai1_P1G_A_293,0.89927666,0.20932255,0.042777143,0.20599779,0.98789627,0,0
2aiq_BEN_A_401,0.98927238,0.98338686,0.037178627,0.21522731,0.96948563,0.00036175764,0.00035627015
2ajv_COC_L_501,0.75708418,0.96674051,0.03775433,0.2071467,0.80486634,0,0
2ajx_TGN_L_501,0.02223558,0,0.049444177,0.18220095,0.93081373,0,0
2b04_CHO_A_200,0,0,0.044185119,0.16764204,1.1109683e-13,0,0
2b3f_GAL_A_3310,0,0.9895783,0.050277837,0.20674377,0.99721077,1,0.99726733
2b3f_GAL_B_3311,0.98877692,0.98933276,0.043876983,0.22915739,0.99844754,0.9034656,0.99888467
2b3f_GAL_C_3312,0,0.98916431,0.050269119,0.20671265,0.99623799,1,0.99557411
2b3f_GAL_D_3313,0,0.98832846,0.050289432,0.20673909,0.99755872,1,0.99762187
2b3f_GAL_E_3314,0,0.99032772,0.05027077,0.20674632,0.99699715,1,0.99703009
2b3f_GAL_F_3315,0.94250889,0.98768118,0.044189016,0.22809046,0.99735715,0.91185497,0.99748793
2bdg_PBZ_A_301,0.99473734,0.99621974,0.037169878,0.2157723,0.98897645,0,0
2bdg_PBZ_B_302,0.99058278,0.99566928,0.037243379,0.21578523,0.99663567,0,0
2bf7_HBI_A_1290,0,0,0.044185165,0.16764215,7.8600228e-06,0,0
2bf7_HBI_B_1290,0,0,0.044185124,0.16764205,9.0654154e-07,0,0
2bf7_HBI_D_1290,0,0,0.044193926,0.16766495,0.0015194765,0,0
2bgc_DTU_A_1238,0.58303984,0,0.045057447,0.19222845,0.5825949,0.15488173,0.1518423
2bjf_DXC_A_330,0,0.98847693,0.037577533,0.17753211,1.0000561e-07,0,0
2bk3_FOF_A_1503,0.91868267,0.9905141,0.034541622,0.20578809,0.44863987,5.0820905e-10,4.9209616e-10
2bk3_FOF_B_1498,0,0,0.04791362,0.17734437,0.64327053,2.9162507e-10,3.0404468e-10
2brk_CMF_A_1534,0,0.46074144,0.041075924,0.17229585,1.9432917e-09,0,0
2bs3_CIT_A_1657,0,0.37017225,0.042238641,0.1730012,0.10293461,4.7201925e-08,4.603761e-06
2bs3_CIT_D_1657,0.99659677,1,0.031454582,0.20107654,0.0092431437,6.8803411e-06,6.8432718e-06
2bs8_NAG_A_1177,0.91733601,0.87833032,0.035797272,0.20592854,0.53439824,6.251768e-05,6.2355563e-05
2bsc_NAG_A_1176,0,0.98456683,0.037713413,0.17777827,0.018844109,7.483704e-05,7.4872225e-05
2bx7_34D_B_1313,0.98041028,0.86320922,0.03258451,0.19958066,0.0132491,0.013439892,0.013457812
2bxh_IOS_A_1001,0.99680824,0.98585939,0.037111505,0.21541777,0.96910126,3.557264e-05,3.5537774e-05
2c3d_COM_A_1525,0.99153815,0.96119892,0.04400478,1.728695e-51,0.97526773,0.95850336,0.95704071
2c3d_COM_A_1526,0.97782818,0.97824818,0.031661551,0.20028153,2.6327133e-05,2.4102425e-05,2.3624236e-05
2c3d_COM_B_1525,0.97631434,0.94499902,0.031986756,0.20015732,0.016208887,7.3293983e-06,7.3106425e-06
2c3d_COM_B_1526,0.98382622,0.9832389,0.044234218,2.5807027e-51,0.99029147,0.99266624,0.9927803
2c5b_5F1_A_500,0,0,0.044185119,0.16764204,0,0,0
2c5b_5F1_B_500,0,0,0.044185119,0.16764204,0,0,0
2c6q_IMP_A_1337,0.95838321,0.33211814,0.04147136,0.20812191,0.93292619,0.044252339,0
2c6q_IMP_D_1337,0.95736072,0.3389364,0.041380598,0.208021,0.92395518,0.043624397,0
2c6q_IMP_E_1337,0.52824311,0.075410068,0.045684866,0.19540749,0.90639228,0.066422837,0
2c6q_IMP_F_1337,0.9927371,0.33704826,0.041346102,0.20928554,0.95371906,0.043908486,0
2c6q_IMP_G_1338,0.99621839,0.34674919,0.04120858,0.20931591,0.94479226,0.043030558,0
2c6q_IMP_H_1337,0,0,0.048508722,0.17868473,0.68776263,0.085567276,0
2caq_GSH_A_1208,0,0,0.044186921,0.16764665,0.00028941252,3.5656017e-05,0
2cjz_PTR_A_1537,0.80875484,0.52913761,0.043378914,0.21038472,0.82590744,2.3093156e-05,0.83796774
2coj_GBN_A_420,0.99037458,0.99189584,0.032793166,0.20408256,0.2209652,0.0027675237,0.0027682582
2coj_GBN_B_420,0.99002875,0.98307273,0.037065806,0.21494958,0.94883069,0.0017155615,0.0017205918
2cxp_A5P_A_1601,0.99396606,0.96801873,0.04173545,0.22304022,0.56572498,0.98359898,0.98424829
2cxp_A5P_B_2601,0.99442931,0.95026194,0.033435561,0.20384763,0,0.22740379,0.25964518
2d0e_NQ_A_410,0.99111416,0.98804439,0.031514688,0.20068992,3.6539229e-05,6.0710915e-06,6.1722315e-06
2d1j_D01_A_700,0,0.6042025,0.044435246,0.18484813,0.73997009,0,0
2d20_NPO_B_953,0.99645267,0.99162815,0.031466595,0.20087278,0.0015166757,0,0
2d3n_GLC_A_608,0.013895512,0.93914262,0.037826341,0.17737383,0.00070214434,5.7596065e-07,5.8077887e-07
2dm5_ODI_A_312,0,0.96308835,0.043138183,0.17902372,0.82854696,0.015449858,0.15456901
2dv0_ZST_A_600,0,0,0.049821534,0.18230915,0.97243901,0,0
2e1a_MSE_D_301,0.98007347,0.96764968,0.039260612,0.21886247,0.99486628,0.2562013,0.25578773
2e40_LGC_A_1001,0.9583643,0.00092158409,0.038655822,0.19087487,0.037004959,0,0.037046778
2e40_LGC_B_2001,0,0,0.044505216,0.16842374,0.037437316,0,0.029858488
2e56_MYR_A_601,0,0.89674376,0.038190737,0.17661429,8.3647027e-10,3.7900225e-07,5.8843662e-07
2e56_MYR_A_701,0.9766597,0.96573115,0.031752063,0.20012826,0,9.7381531e-07,1.1473271e-06
2eb5_OXL_A_2001,0.98917454,0.839325,0.033481847,0.20133126,0.06494912,0.084320578,0.084324625
2eb5_OXL_B_2002,0.98365441,0.96461801,0.032357281,0.2016766,0.026761768,0.069881934,0.070084887
2eb5_OXL_D_2004,0.99310695,0.95054763,0.031879087,0.20061863,1.2538635e-07,0.018217689,0.018165699
2eb5_OXL_E_2005,0.99276216,0.97439962,0.03182743,0.20106531,0,0.033241381,0.033610164
2ef9_A5P_A_1269,0,0,0.048726487,0.17738122,0.14690924,0.57640037,0.48700468
2ef9_A5P_B_2269,0.96285241,0,0.039535926,0.19285912,0.053077539,0.13052149,0.13942276
2ef9_PEP_B_2268,0,0.96732874,0.047807198,2.1251499e-27,0.79352428,0.79017853,0.78803941
2eup_LG4_A_400,0.99484732,0.98113768,0.037142295,0.2152916,0.96693973,7.4025838e-08,6.8116109e-08
2euq_BVC_A_401,0.73427898,0.70256923,0.038880372,0.20194243,0.67039515,0,0
2eus_ABN_A_400,0.9957896,0.99203182,0.037096719,0.21550853,0.97263576,0,0
2exs_TRP_B_2100,0,0,0.044185119,0.16764204,0,0,2.8800246e-11
2f3s_7GP_A_998,0.98231946,0.9892257,0.039383828,0.21973042,0.95983706,0,0.65451171
2f64_12Q_A_472,0,1.3388283e-33,0.044783833,0.16920001,0.10329489,0,0
2f64_12Q_B_471,0.0054556519,1.1648884e-33,0.044151767,0.16776963,6.7573112e-06,0,0
2f78_BEZ_A_1001,0.99520585,0.98845297,0.044157194,2.8891925e-35,0.99379844,0.99381177,0.99368829
2f78_BEZ_A_1003,0.039227747,0.99297058,0.046247934,0.19809867,0.41110663,0.94525785,0.94535438
2f78_BEZ_B_1002,0.99407507,0.9960496,0.044052898,1.7697688e-16,0.98932595,0.98902352,0.98852637
2f78_BEZ_B_1004,0,0.99145624,0.048829069,0.20375793,0.97528206,0.8065717,0.81331476
2f78_BEZ_B_1005,0.99813612,0.98672432,0.031728411,0.20140612,0.018186831,0.02077401,0.020369962
2f7x_4EA_E_351,0.97317141,0.96053476,0.0360054,0.21091687,0.72414433,0,0
2fcu_AKG_A_897,0.9939544,0.97442057,0.031590898,0.20062571,0.00021050051,0.00022400846,0.00022507216
2fhk_MFN_B_602,0,0,0.046758943,0.17433966,0.44405659,0,0
2fhn_BNI_X_501,0.97362038,0.96658839,0.037502231,0.21499545,0.98984509,0,0
2fhn_BNI_Y_502,0,0.95546413,0.043552025,0.19217442,0.99269362,0,0
2fib_GLY_B_2,0,0,0.044185119,0.16764204,0,0,0
2fkm_G16_X_464,5.105696e-06,0.32133086,0.04203719,0.17085736,7.0294861e-06,0,9.8347923e-06
2fpu_HSO_B_509,0.86161198,0,0.03891314,0.18778031,7.5173096e-05,0.00014238156,0.00013822346
2fr6_CTN_A_1001,0.97399279,0.25566666,0.042055379,0.20827435,0.99356474,0,0
2fr6_CTN_C_1003,0.99263193,0.26631022,0.041887105,0.20884942,0.99602181,0,0
2fr6_CTN_D_1004,0.99356225,0.26837949,0.041858961,0.20886615,0.99439649,0,0
2fr6_URI_B_1002,0,0,0.04994187,0.18262229,0.99320035,0,0
2fu9_MP2_A_1410,0.98379741,0.98259031,0.037044564,0.21464268,0.94002741,4.5384745e-05,5.2404979e-05
2fu9_MP2_B_2410,0.93812531,0.99086491,0.034802522,0.20724059,0.51457615,9.4709077e-06,8.7977627e-06
2fyd_BGC_B_403,0.98348,0,0.046892133,0.21156729,0.95983845,0.45600832,0.45587006
2fyd_BGC_D_530,0,0.98317917,0.041418907,0.18589492,0.19660342,0.38386722,0.38487729
2fyd_NGA_B_404,0.97698155,0.47133659,0.035055804,0.19519139,0.00012987687,1.8509025e-05,1.8509693e-05
2fyd_NGA_D_529,0.9574603,0.9702943,0.032068632,0.20019512,6.9903463e-05,0.032075558,0.034002733
2fz8_ZST_A_600,0,0.97630949,0.043416475,0.19239285,0.99334807,0,0
2fzb_TOL_A_700,0.87667258,0.98333428,0.032246344,0.19796776,2.1866441e-09,0,0
2fzb_TOL_A_800,0.97663223,1,0.031523971,0.20047261,0.00014165223,0,0
2fzb_TOL_A_900,0,0.96631681,0.037725665,0.17731039,9.7095543e-08,0,0
2g21_L1B_A_885,0.98834116,0.99475628,0.037225954,0.21562678,0.99020939,0,0
2g21_L1B_B_985,0.98792541,0.9871289,0.037298782,0.21559097,0.99353872,0,0
2g5v_22M_A_301,0,0.98495266,0.04288982,0.19125921,0.91245337,0,0
2g9z_VNP_A_602,0,0.91551193,0.043587992,0.19117332,0.95282275,7.2037561e-08,7.5291343e-08
2giq_NN2_A_1001,0.99421199,1,0.031430093,0.20091913,0.0025082608,0,0
2giq_NN2_B_2001,0.98879051,0.28079548,0.04170767,0.20860103,0.9765599,0,0
2gn2_C5P_A_400,0,0.96464922,0.037736814,0.17729371,3.6028831e-07,0,0
2gnm_MAN_A_253,0.95037934,0.95594477,0.044128962,0,0.94370028,0.95776925,0.96363483
2gue_NAG_B_122,0,0.01964754,0.044666375,0.16941614,0.10056469,0.0042577735,0.0043058003
2gx5_PCG_C_514,0.85691377,0,0.038943466,0.18767515,0.00051424062,0,0
2gyv_HBP_A_1409,0,0.084249576,0.045290627,0.17282724,0.28789459,0,0
2gyv_HBP_B_545,0,0.95798112,0.040698393,0.18428093,0.35360649,0.25009855,0
2gyw_OBI_A_952,0.98696586,0.97968827,0.035871722,0.21163588,0.73773655,0,0
2gyw_OBI_B_953,0.95715683,0.9726299,0.036957601,0.2130968,0.88546444,0,0
2gzm_DGL_A_501,0.9912032,0.98553003,0.044176474,0.22972746,0.99304708,0.99319278,0.99320177
2gzm_DGL_C_503,0,0.98808556,0.050229501,0.20659782,0.99337429,0.99340326,0.99347535
2gzm_DGL_D_504,0,0.98563287,0.05020926,0.2064887,0.99033566,0.99034023,0.99105671
2hdk_COI_B_900,0,0,0.046996923,0.17495541,0.48413384,0.0016312522,6.9365813e-07
2hi4_BHF_A_800,0.99774251,0.99804217,0.037185958,0.21598217,0.99702579,0,0
2hjp_PPR_A_291,0,0,0.044185119,0.16764204,0,0,0
2hs3_FGR_A_2166,0.92818262,0,0.038504293,0.18933288,0,3.7044662e-08,0
2ht8_G39_A_800,0.96659385,0.95885985,0.037565257,0.21467043,0.9840305,0.00029563579,0.0002985737
2huu_ALA_A_701,0.96467164,0,0.044204736,0.20229428,1.0990168e-08,0.85340625,0.85444858
2i1v_F6P_B_720,0,0.95616508,0.037793526,0.17720882,0,1.1540211e-07,1.1663864e-07
2i1v_FDP_B_710,0,0.91477937,0.042330807,0.18788151,0.73499334,7.2858691e-05,6.93364e-05
2i6p_4NP_A_401,0.96173383,0.90016554,0.032282618,0.19912585,0.00016037917,0,0
2iht_TPP_A_600,0,0.47927205,0.052193579,0.19801721,0.88359018,0.86419318,0.88472213
2iht_TPP_B_600,0.8056644,1,0.043141246,0.22013594,0.83624315,0.77598421,0.83959179
2iht_TPP_C_600,0.96034959,0.98288002,0.043281578,0,0.88245156,0.86675878,0.9892098
2ihu_TP9_A_600,0,0.53385613,0.053236029,0.20217488,0.99581896,0.99403306,0.99438923
2ihu_TP9_B_600,0,0.64262567,0.051836279,0.20131999,0.87192247,0.99367501,0.99422697
2ij7_TPF_A_2472,0,0.67248848,0.039689855,0.17437069,1.0580889e-05,0,0
2ij7_TPF_B_2470,2.9298203e-05,0.96769021,0.037724911,0.17734721,0.0014848938,0,0
2ij7_TPF_D_2473,0,0.73624655,0.039264138,0.17500986,9.3657847e-05,0,0
2ij7_TPF_F_2474,0.91679073,1,0.031889453,0.19907216,8.8298915e-06,0,0
2ipf_FFA_B_4,0.99172463,0.37062496,0.040549499,0.20800509,0.87675954,0,0
2isf_PAC_A_317,0.99146936,0.97666544,0.031603837,0.20061941,0.0012259024,0.0012136637,0.0012103723
2ixi_TYD_A_1182,0,0,0.044220066,0.16773297,0.0060292577,0,0
2ixi_TYD_B_1182,0.97950715,0,0.038290672,0.19079383,0.017339826,0,0
2iyq_SKM_A_201,0.94684248,0.96253333,0.037729529,0.21438607,0.98451484,0.0096486996,0.0097245743
2izf_BTN_B_300,0.99576395,0.28789159,0.041919156,0.20876298,0.99254101,0,0
2izf_BTN_D_301,0.99433626,0.96010645,0.037443181,0.21547822,0.99405643,0,0
2j1s_FUL_B_1153,0.9963517,0.94123959,0.043942864,0.2282601,0.954016,0.95396598,0.95402937
2j5b_TYE_A_1336,0,0,0.045274109,0.17047581,0.18788128,0,0
2j5b_TYE_B_1338,0.83428746,0.95071983,0.035823935,0.2047182,0.53486462,0,0
2j5z_GAL_A_1278,0.9763693,0.85290041,0.032522377,0.19902483,0.00093620012,0.0012811003,0.0012813208
2j9e_AKG_C_1119,0.66424052,0.96067827,0.04562067,0.21995174,0.86686622,0.994463,0.99432455
2jav_5Z5_A_1280,0,0,0.056764446,0.19656077,0.99075997,0.98385078,0.98722271
2jfv_FLC_A_1271,0.89292768,0.75624317,0.034586055,0.19839502,0.13497512,0.020208052,0.019819547
2jhp_GUN_A_1647,0.003464884,0.98384697,0.039071637,0.18063885,0.011613809,0.20328149,0.20526832
2jhp_GUN_A_1648,0.0013521698,0.96686583,0.037719892,0.17736352,0.001057896,5.9230887e-06,5.9324427e-06
2ji6_TPW_A_1566,0,0,0.04957211,0.18138605,0.85297273,0.12575313,0
2jig_PD2_A_1254,0,0.99521059,0.037532521,0.17759948,0,0,0
2no7_LDC_A_401,0.99018967,0.98859086,0.037251968,0.21559818,0.989539,0,0
2no7_LDC_B_401,0.98605472,0.98496326,0.031758374,0.20104083,0.033190703,0,0
2nos_AGU_A_903,0.15479364,0.91290436,0.037137017,0.18039781,0.00029350186,7.245235e-07,7.2369047e-07
2npq_BOG_A_1000,0,0.96942837,0.049729994,0.20498423,0.94715117,0.94542792,0.9386955
2npq_BOG_A_2000,0,0.94598589,0.037861569,0.17710697,0,0,0
2nry_STU_B_502,0.93096274,0.92595381,0.038668748,0.21168527,0,0.91826342,0.91855967
2nry_STU_C_503,0.99268149,0.98307711,0.044196333,0.22975205,0.98965443,0.99784655,0.99782376
2nry_STU_D_501,0.99343246,0.974346,0.044120425,0.22940152,0.98483138,0.98331284,0.98302985
2ntk_IMP_A_205,0,0,0.049865915,0.18242464,0.98009597,0,0
2ntk_IMP_B_206,0.98439979,0,0.043877496,0.20552416,0.98638931,0,0
2ntk_IMP_D_208,0,0.48883067,0.04097382,0.17285954,7.5378311e-06,0.02688396,0
2nu7_COA_B_1025,0,0,0.044185119,0.16764204,3.4650486e-10,0,1.6292504e-09
2nu7_COA_B_1325,0,0.9252946,0.037999896,0.17689997,2.279036e-08,1.9179583e-06,1.9962582e-06
2nu7_COA_E_1025,0.52875291,0,0.040948953,0.17999855,1.0251491e-10,0,0
2nu7_COA_E_1325,0.17455798,0.91821945,0.036981181,0.18091326,3.6358971e-07,0.00035503812,0.00032591424
2nz5_226_A_432,0.0022024582,0.9632256,0.037732931,0.1773311,4.3177406e-07,1.1686217e-05,1.1578051e-05
2nz5_226_B_432,0.99169374,0.97319403,0.031634976,0.20061884,0.0042822825,1.6870646e-09,1.7530974e-09
2o1o_RIS_A_400,0,0.96428227,0.038705588,0.1798046,0.16671777,0,0
2o1o_RIS_B_400,0.92457638,0.97295504,0.037230405,0.21253533,0.89850276,0,0
2o7b_HC4_A_701,0.99474963,0.98904931,0.03788499,0.21698594,0.97827822,0.21448024,0
2o7b_HC4_D_701,0.99309925,0,0.043781804,0.205617,0.97906581,0,0
2o7b_HC4_E_701,0.99667241,0.9877603,0.037895684,0.21705426,0.98073718,0.21438192,0
2o7b_HC4_G_701,0.99643873,0.9905619,0.03799259,0.21736269,0.99728374,0.21979595,0
2o7d_DHC_E_701,0.99706755,0,0.040844652,0.19812986,0.47651527,0,0
2o7d_DHC_G_701,0.98389492,0.99267455,0.038064757,0.2171085,0.99698834,0.22304272,0
2o7d_DHC_H_701,0.99861374,1,0.031388924,0.20098497,5.3417731e-05,0,0
2oci_TYC_A_401,0.99565989,0.85657699,0.032729911,0.20042853,0.062857317,2.2676383e-05,2.3054853e-05
2okk_ABU_A_585,0,0.14589691,0.043209856,0.16910179,3.3406161e-07,0,0
2ot7_OGA_A_500,0.99467675,0.91103574,0.034239938,0.20470211,0.00053726649,0.0029750985,0.64262793
2oxp_THP_A_300,0.96268291,0,0.038321818,0.19021376,0.0049480547,0,0
2p1e_LAC_A_303,0,0,0.044293401,0.16792381,0.018681664,0,0
2pd5_ZST_A_600,0.99154006,0.27204099,0.041815389,0.20876626,0.98865625,0,0
2pin_LEG_A_501,0.94474377,0.94859176,0.032061964,0.19921091,6.7850976e-08,0,0
2pin_LEG_B_502,8.4718178e-08,0.77751899,0.038987709,0.17542141,7.6301262e-07,0,0
2pir_DHT_A_931,0.99481516,0.99759974,0.037198529,0.21588773,0.99559318,0,0
2pir_NK_A_933,0.021549995,0.58580643,0.043862199,0.18163444,0.0040232903,0.53172694,0.53546217
2pnz_UDP_A_250,0.92954455,0.86432154,0.032759913,0.19812085,0.0071791023,0,0
2prg_BRL_A_1,0.94496135,0.88845374,0.032654665,0.199114,0.033131172,0,0
2prl_ORO_A_399,0.0026259815,0.86085771,0.04405297,0.19098894,0.9727857,0,0
2pt6_S4M_B_502,0,0.97815566,0.050249492,0.20639115,0.98951126,0.98994238,0.99001806
2ptm_CMP_A_401,0,0,0.044185119,0.16764204,0,0,0
2pvy_ACP_D_802,0.97872743,0.96954153,0.03172253,0.20023695,0.0014472393,3.570043e-05,2.5507597e-05
2q1a_2KT_X_295,0.99573964,0.98694753,0.038508641,0.21567576,0.16999174,0.86913979,0.86930508
2q28_TPP_A_4001,0.90482135,1,0.038651387,0.21277901,0.10663528,0.9467307,0.80282524
2q28_TPP_B_5001,0,0.59091077,0.050892802,0.19801715,0.79933846,0.81038949,0.93246613
2q6m_P34_A_1001,0.93265115,0,0.040112245,0.1936927,0.28213503,0,0
2qab_EI1_A_1,0.99637467,0.28781974,0.041604622,0.20881404,0.97449855,0,0
2qab_EI1_B_1,0.99581208,0.94039987,0.033228049,0.20371249,0.23240095,0,0
2qb3_PMP_A_700,0,0.98104076,0.045960244,0.19529864,0.24972116,0.99257171,0.9925727
2qb4_DSM_A_802,0.97363166,0.97583341,0.031772848,0.20034017,0.012040554,0,0
2qb4_LEU_A_601,0.99191571,0.99314671,0.043664129,0.99837616,0.96159178,0.96165993,0.96185469
2qca_DGP_A_200,0.95858971,0,0.03831819,0.19004347,5.5223923e-09,0,0
2qcx_PF1_A_300,0,0.97400987,0.039746999,0.18278111,0.35760892,0,0
2qd1_CHD_D_802,6.2332991e-11,0,0.044185119,0.16764204,5.6557695e-11,0,0
2qd4_CHD_A_802,0.83353854,0.97158938,0.032588851,0.19684224,2.2153881e-08,0,0
2qd4_CHD_A_803,0,0.9894045,0.037571334,0.17754139,3.1758291e-07,0,0
2qd4_CHD_B_927,2.0706733e-09,0.99041594,0.037564571,0.17755151,3.6144474e-08,0,0
2qg6_NMN_A_301,0,0.96742342,0.04343266,0.19219149,0.98589242,0,0
2qgw_EES_B_1,0,0.98903237,0.038142039,0.17866475,6.3747921e-07,0.16083365,0
2qhv_OC9_A_1001,0.9896149,0.98433836,0.036855965,0.21148133,3.1956239e-06,0.72920703,0.80130958
2qim_ZEA_A_159,0.99028936,0.97675144,0.031595284,0.20055766,0,4.496414e-05,4.5357142e-05
2qim_ZEA_A_160,0,0.99004032,0.04205943,0.18923776,0.77505353,1.6655096e-06,1.6855805e-06
2qim_ZEA_A_161,0,0.47978796,0.041048536,1.395384e-06,0.0099547218,9.6438689e-08,9.8116473e-08
2qs2_UBF_A_603,0,0.98507909,0.04286896,0.19045625,0.69927724,0.35337486,0
2qse_1HP_A_1,0.99307504,0.27887333,0.041725073,0.20876724,0.98208981,0,0
2qui_LTN_A_501,0,0,0.047654662,0.17497287,0.0093701276,2.0929702e-05,0.98901349
2qui_LTN_B_478,0,0,0.051484012,0.18280251,0.074536037,0.98971903,0.99003313
2qvr_CIT_A_335,0.88736328,0.9596157,0.032563162,0.19852637,0.027459647,0.0092868135,0.0093200346
2qvr_FDP_A_333,0.97305232,0,0.043731147,0.204695,0.94848265,0.0011190378,4.223438e-06
2qx4_ML1_B_233,0.98086065,0.95711943,0.031783912,0.20014026,3.1383347e-07,0,0
2qx9_ML2_A_233,0,0,0.044194103,0.16766541,0.001549975,0,0
2qxf_TMP_A_3000,0.97848271,0,0.038236615,0.1906129,0.0069316859,0,0
2r0g_7CK_A_1355,0.99235832,1,0.043516449,0.22873874,0.97860672,0.88363209,0.98073989
2r0g_7CK_B_1357,0.99379043,1,0.043577759,0.22894201,0.98686586,0.88743596,0.98357916
2r3d_ACM_A_303,0.72149965,0.99277008,0.0458096,0.0018423821,0.9937472,0.99574523,0.99373575
2r4j_13P_A_1968,0,0.95327715,0.03896343,0.17946288,0.00018027954,0.3297385,0.00021538478
2r4j_13P_B_816,0,0,0.049346883,0.17978187,0.4924148,0.34234293,0.32287587
2r4t_250_A_503,1.2679296e-07,0,0.044185119,0.16764204,1.9627898e-07,0,0
2r4t_GLC_A_502,0,0.97573251,0.044130858,0.19379207,0.97870714,0.11463924,0.11467481
2r5e_QLP_A_430,0,0.4888367,0.040973738,0.17285948,3.0195434e-07,0.026883407,0
2r5e_QLP_B_430,0,0.48883696,0.040973735,0.17285948,0,0.026883384,0
2rbu_273_X_4001,0.9926902,0.9861965,0.031517182,0.20070772,6.4436147e-07,1.7765627e-06,9.3409725e-06
2rbx_3AY_X_2001,0,0.73531767,0.047904949,0.19484839,0.67999946,0.67975436,0.67344959
2ri1_GLP_B_234,0.66481448,0,0.040951501,0.1852908,0.12293717,0,0.03554256
2rtn_IMI_B_300,0.9909278,0.98033077,0.044090912,0.99215538,0.98680205,0.98928931,0.98855135
2rtn_IMI_D_300,0.99444179,0.97334573,0.039402805,0.21977684,0.9860596,0.29782452,0.30624612
2tio_BEN_A_247,0,0.98993655,0.050220813,0.20662559,0.99390666,0.99351093,0.9935403
2tmk_ATM_A_217,0.9804427,0.2738718,0.041810722,0.20836027,0.97791068,0,0
2tmk_ATM_B_217,0.99067127,0,0.040647656,0.19736589,0.43577392,0,0
2uuj_896_B_1250,0,0.98661085,0.043351597,0.19250629,0.99403521,0,0
2uyv_TLA_A_1275,0,0,0.046321788,0.17255141,0.16753244,0.16819538,0.16785782
2uyv_TLA_A_1277,0,0,0.044225669,0.16773536,0.0035942168,0.0056594033,0
2uyv_TLA_B_1275,0,0,0.045440298,0.17029474,0.027000597,0.15905658,0.15769175
2uyv_TLA_C_1275,0.99323161,0,0.041923796,0.20069978,0.63159596,0.022567394,0.02263719
2uyv_TLA_D_1275,0,0,0.049731229,0.17897914,0.0012277301,0.80641514,0.79043126
2uza_HTL_B_1236,0,0,0.049850298,0.18208829,0.89493172,0.13689947,0
2v32_BEZ_A_1222,0.98959182,0.97463072,0.037692518,0.21613647,0.986335,0.052163348,0.052244784
2v32_BEZ_C_1222,0.99266246,0.98394586,0.037924685,0.21697874,0.99768711,0.087030557,0.088719752
2v32_BEZ_D_1221,0.9705932,0.9540522,0.036159295,0.21075762,0.65370823,0.072531026,0.072497837
2v60_C17_A_1503,0.98825756,0.99078766,0.03728798,0.21567616,0.99624544,0,0
2v60_C17_B_1498,0.9941897,0.99522476,0.037206422,0.21581861,0.99355552,0,0
2v7o_DRN_A_1303,0.94648488,0.90259409,0.032358784,0.19879138,0,0,0
2vag_V25_A_1482,0.99211943,0.9788465,0.03732035,0.21558496,0.99213639,0,0
2vjb_CCD_A_1539,0.87407036,0,0.039221353,0.18907245,0.066573815,0,0
2vjb_CCD_A_1540,0,0.9720178,0.037703225,7.650809e-77,0.00042257663,0,0
2vkg_CF4_A_1064,0.00012713225,0,0.044184801,0.1676462,7.9436959e-05,0,0
2vlf_PLI_A_1457,0.88468094,0,0.043659252,0.20103773,0.84343943,0,0
2vlf_PLI_B_1459,0,0,0.049931975,0.18259639,0.99144917,7.0874941e-05,2.3826586e-06
2vmg_MBG_A_1179,0.98019659,0,0.050070179,0.21785958,0.93324889,0.93332741,0.93343649
2vmp_PLP_A_501,0.99157569,0.89087392,0.032161236,0.19972805,1.1721139e-05,1.6562163e-06,1.8090978e-06
2vmw_PLP_A_501,0,0.92697569,0.038203034,0.17747465,0.036986506,8.5169984e-07,1.8867364e-06
2vsu_V55_D_1251,0.0038107567,0.98219135,0.040744137,0.18574979,0.54310222,2.8671276e-07,1.9703024e-07
2vzu_PNJ_B_1904,0.99140071,0.92848602,0.037120449,0.21333725,0.80974869,0.1516609,0
2w0b_CMW_A_1450,5.77721e-06,0.86660758,0.038392147,0.1763129,0,0,0
2w1a_TSA_D_1091,0.97137595,0.99394766,0.032244444,0.20161255,0,0.094539405,0.092464829
2w5t_GP9_A_1644,0,0.22158762,0.05155483,0.1911484,0.98853363,0.45116919,0.4486867
2w7k_PLP_A_501,0.79909884,0.93437374,0.033048602,0.19566548,6.7505466e-06,1.9439347e-06,4.3136047e-05
2wch_B7M_A_1145,0,0.98608675,0.03759352,0.17750822,1.7528431e-06,0,0
2wdq_CBE_G_1130,0.99426637,0.98345321,0.031525832,0.20071702,7.6884478e-08,0,0
2wdq_CBE_K_1130,0.991867,0.98989522,0.031497474,0.20072545,3.4621361e-06,0,0
2wdq_TEO_A_1589,0.98038844,1,0.031523033,0.20061252,0.0023192583,0.0013397252,0.0013792425
2wdq_TEO_E_1589,0,0.079836177,0.052368454,0.1903888,0.96847194,0.0013421307,0.9623516
2wdq_TEO_I_1589,0,0.87889196,0.050797209,0,0.98552239,0.97433427,0.97456397
2whq_HI6_A_1543,0.0044690692,0,0.044158982,0.16774964,0.00020978055,0,0
2whq_HI6_B_1545,0.00242729,0,0.044180812,0.16772621,0.001819943,0,0
2wj4_HQD_A_1281,0,0,0.05678491,0.19659759,0.98940949,0.98943247,0.98978407
2wj4_HQD_B_1278,0,0.53503042,0.053181551,0.20207405,0.99123582,0.99121738,0.99122628
2wj4_HQD_D_1278,0.0048803844,0.53881564,0.053165659,0.20231211,0.99412005,0.99434763,0.99431803
2wu4_HBP_A_1544,0.12293251,0.56635831,0.03971316,0.17645368,0.0026006642,0.020166418,0
2wzh_NGO_A_1589,0.98786212,1,0.044056236,0.99007224,0.99405449,0.99407697,0.99409787
2wzv_FMN_A_801,0.00037572046,0,0.050192412,0.18298197,0.95121793,0.1484744,0
2wzv_FMN_B_801,0.98355615,0,0.043620717,0.20482282,0.94119692,0,0
2x05_X05_A_1900,0.98629595,0.66391492,0.03679359,0.20552958,0.53919631,0,0
2x05_X05_B_1900,0,0,0.049964781,0.18268191,0.99715307,0,0
2x0u_X0U_B_1291,7.3080386e-05,0.99578285,0.043294775,0.19261261,0.99488689,0,0
2x6o_2TC_A_1209,0,0,0.044185122,0.16764204,4.399401e-07,0,0
2xh0_PEP_A_1440,0,0.53509863,0.053223764,0.20217431,0.99472856,0.99324194,0.99572164
2xh0_PEP_B_1440,0.99111711,0.98057397,0.044245721,0.22976222,0.99727669,0.99497305,0.99461301
2xh0_PEP_C_1440,0.98802835,0.9482127,0.044481789,0.22936505,0.9963273,0.99553368,0.99588447
2xhk_AKG_A_519,0.92365457,0.85769051,0.032802579,0.19781754,0.00030766263,0.00030801117,0.00030277252
2xhk_AKG_B_519,0.95040386,0,0.038372272,0.18986162,0.00043138965,0.00042500498,0
2xmi_FLC_A_1379,0,0.9611541,0.038457551,0.17871456,0.0093724617,0.092617836,0.092777569
2xoz_AMP_B_1664,0.09174073,0,0.045128429,0.17356145,0.22022367,0.063195439,0.0023664657
2xta_TPP_A_2001,0.9785827,1,0.037892482,0.21399633,0.11317086,0.65907084,0.99330168
2xta_TPP_B_2001,0.99476056,1,0.037026382,0.21244751,0,0.62495556,0.99441083
2xta_TPP_C_2001,0.95225006,1,0.037318249,0.2115169,0,0.63419753,0.99434829
2xta_TPP_D_2001,0,0.80330206,0.041502778,0.18070571,0,0.35973324,0.38254252
2xul_AKG_A_201,0,0,0.044185129,0.16764206,6.1139197e-08,1.4048389e-06,1.456169e-06
2xul_AKG_B_201,0.92692556,0.90914845,0.037158805,0.21069142,0.81448838,4.0967215e-09,0.00093150627
2xul_AKG_C_201,0.93368965,0.93619629,0.032212497,0.19882861,1.1395584e-06,1.7674182e-06,1.8312659e-06
2xul_AKG_D_201,0,1.7462243e-05,0.044185002,0.16764221,3.360094e-09,8.4719253e-09,0
2xul_AKG_E_201,0.99308964,0.9127243,5.6692382e-69,0.20020435,1.5467365e-07,0.015644091,0.015398723
2xul_AKG_F_201,0.99389446,0.89667176,0.03211842,0.19986661,0.0017602733,1.5023285e-06,1.1211021e-06
2xum_OGA_A_601,0.99876942,0.97602299,0.031555763,0.20076517,0.00039266639,0.00080250545,0.00079700692
2xyj_WLM_A_1441,0.98196518,1,0.031490511,0.20059511,1.568986e-07,0,0
2xyj_WLM_A_1442,0,0.46065605,0.04107702,0.17229652,9.7046703e-05,0,0
2xyj_WLM_B_1441,0.85546994,1,0.032264709,0.19763902,1.1398137e-07,0,0
2xyj_WLM_B_1442,0.92627018,0.27942172,0.041831424,0.20640478,0.9293051,0,0
2y00_Y00_A_601,0.98063099,0.98996936,0.037109685,0.21489009,0.95648764,0,0
2y2f_YI1_A_1469,0.83272339,0,0.042375537,0.19565553,0.56709888,0,0
2y4j_LAC_A_400,0.98384052,0.86898395,0.037756174,0.213381,0.9311136,0.00064530415,0.00064166763
2y4j_LAC_B_400,0.9640357,0.94610881,0.032685813,0.20152416,0.12507775,4.9272776e-05,5.3116648e-05
2ye5_2A7_A_1224,0.99016123,0.8793011,0.036267123,0.21001222,0.68504063,0.0070797576,0.0071464511
2yi6_6QM_A_1225,0.97225952,0.94474047,0.031920952,0.19981969,0.00028484779,0,0
2yjd_YJD_A_1498,0.99391657,0.99626683,0.031452371,0.2008632,0.001734402,0,0
2yjd_YJD_B_1498,0,0.99442516,0.038122348,0.17875709,0.0016560646,0.16279528,0
2ynf_WHU_A_1563,0,0,0.049955391,0.18265748,0.99553311,0,0
2yp6_C6W_B_1186,1.2670129e-07,0.93108995,0.037961142,0.17695793,0,0,0
2z20_PLP_A_701,0,0.93983054,0.043187696,0.190798,0.91180688,0,0
2z20_PLP_B_801,0,0.99387726,0.042978508,0.19173453,0.93804712,0,0
2z26_DOR_A_1410,0,0,0.044185119,0.16764204,0,0,0
2z48_A2G_A_1005,0.98852892,0.95606889,0.037101573,0.21425046,0.92433055,3.9640961e-07,4.0244369e-07
2z48_A2G_B_2005,0,0.93542738,0.043073602,0.19038045,0.88704387,3.0247217e-07,3.5234666e-07
2z48_NGA_A_1002,0,0.099840673,0.043518055,0.16864183,5.4928245e-05,3.8795859e-06,0
2z48_NGA_A_1003,0,0.98669889,0.04887211,0.20344268,0.8858936,0.88625975,0.88621048
2z48_NGA_A_1004,0,0.98465698,0.038450146,0.17969813,0.14613653,6.797241e-06,6.7392776e-06
2z48_NGA_A_1006,0,0,0.049969626,0.17953031,0.019991864,0.81760958,0.81667902
2z48_NGA_B_2002,0.97904807,0.94083218,0.031904236,0.19993585,5.4945047e-05,6.3879477e-06,4.9751395e-06
2z48_NGA_B_2003,0.98433886,0.98603065,0.041903094,0.22390971,0.70372509,0.90260081,0.90068636
2z48_NGA_B_2004,0,0.98066015,0.038322028,0.17925523,0.1194217,8.6941602e-06,7.4545354e-06
2z48_NGA_B_2006,0.13471393,0,0.043503429,0.17116181,0.024638742,0,0
2z6j_TUI_A_501,3.3648333e-12,0.96635597,0.037725403,0.17731078,2.109236e-13,1.4391312e-13,3.9338088e-09
2z7s_P01_A_1,0.73019444,0.95488661,0.039942947,0.20809893,0.10142447,0.86874322,0.86744091
2zce_PYL_A_601,0.72339306,0,0.043975242,0.19552209,0.7276469,0,0
2zgw_ADN_B_1302,0.36922621,0.74508115,0.044210887,0.20012906,0.4786991,0.64114893,0.65383734
2zgw_BTN_A_1401,0.95145951,0.9640034,0.037595774,0.21429721,0.97960222,0,0
2zgw_BTN_B_1402,0.96774481,0.96815357,0.037411768,0.21457205,0.9698386,0,0
2zi2_24U_H_801,0.94760229,0.98034485,0.037578918,0.21454953,0.99146739,0,0
2zka_AZA_A_302,0.1524748,0.97175762,0.049315519,0.20979089,0.9862864,0.98642913,0.98636755
2zm7_ACA_A_501,0,0.97720674,0.037652871,0.17741935,6.596368e-09,4.0357491e-07,8.0300292e-12
2zm9_ACA_A_501,0,0.98674316,0.037589122,0.17751476,9.5734583e-11,0,0
2ztl_3HL_A_301,0.99795886,0.96113066,0.037404686,0.21554717,0.99201901,0.00033540325,0.00033717621
2ztl_3HL_B_301,0.987304,0.9548612,0.037452389,0.21504626,0.97108292,0.0092631356,0.0092645086
2ztl_3HL_C_301,0.99514346,0.96795015,0.037395299,0.21559911,0.99533857,0.00029581569,0.00029793126
2ztl_3HL_D_301,0,0.96960408,0.037706462,0.17734906,0,0.00012938608,0.00067215566
2zut_A2G_A_4001,0,0.47833394,0.053358878,0.20063127,0.97535299,0.95120812,0.97666967
2zut_A2G_C_4003,0.9520775,1,0.031673904,0.19989777,4.6275467e-05,0,5.8330036e-05
2zuw_NDG_B_4002,0,1,0.043061457,0.18904644,0.0023379972,0.74688965,0.85860414
2zuw_NDG_D_4004,0.99186384,1,0.031430176,0.20082707,3.9478236e-05,0,5.9823439e-06
2zvq_1NP_X_501,0.18870299,0.064714539,0.048335082,0.18762949,0.98987691,0,0
2zvq_1NP_X_502,0,2.6746594e-06,0.044185101,0.16764206,0,0,0
2zwt_CAM_A_422,0,0,0.044455814,0.16834644,0.046702397,0,0
2zyv_NPO_X_1601,0,0.90029235,0.038167054,0.1766499,7.123906e-06,0,0
2zyv_NPO_X_1602,0.99812404,0.9939377,0.03143301,0.20091434,0.00015072095,0,0
3kt7_AKG_A_702,0,0.98618209,0.037595043,0.17751358,0,0.0003125509,0.00031313887
3mk1_NPO_A_911,0.99454875,0.77704057,0.033055133,0.19905194,0.026093389,0,0
3mk1_NPO_A_913,0.9948701,0.99051552,0.031477236,0.20080779,0.00039834249,0,0
3qfx_CP6_B_702,0.98832834,0.99489177,0.037218099,0.21560955,0.98899696,0,0
3qgz_ADN_A_127,0.99129892,0.98362888,0.044089477,0.22948267,0.98518542,0.98538912,0.98556684
3qhd_795_A_167,0.82748813,5.4053409e-05,0.044862787,0.20192363,0.99075318,0,0
3qhd_CTN_A_165,0.98127813,0.91463334,0.037766763,0.21456116,0.98365153,0,0
3qhd_CTN_B_165,0.97247348,0.97521263,0.037465167,0.21509023,0.99218562,0,0
3qk1_BEN_A_1010,0.99840518,0.99167222,0.044135418,0.23005614,0.99577539,0.99729181,0.99725208
3qss_MTG_A_405,0.81927462,0.9762163,0.037903919,0.21023584,0.90616657,0.00092309368,0.00092424007
3qss_MTG_B_405,0,0.97090356,0.042940815,0.19099992,0.90286485,0.0017827239,0.0018673786
3qt8_FM0_A_328,0.99100529,0.95169809,0.036348698,0.20980784,0,0.42275641,0.90288506
3qwi_CUE_A_272,0.99717939,0.99556184,0.031550362,0.2012271,0.021272968,0,0
3qwi_CUE_B_272,0.99810223,0.9948852,0.03145904,0.20100718,0.0057113971,0,0
3qxx_8AC_A_221,0.9584796,0.97202613,0.031821251,0.19976639,5.5505065e-07,8.3584542e-09,6.1878833e-07
3r3z_GOA_A_305,0.99377237,0.970365,0.038233373,0.21409998,0,0.95397998,0.95373911
3r3z_GOA_B_305,0.96315003,0,0.047727199,0.21097278,0.47391131,0.96427277,0.96450152
3r3z_GOA_C_305,0.99618025,0.96495594,0.038097804,0.21378128,0,0.93125091,0.93120844
3r3z_GOA_D_305,0.9932017,0.95215468,0.039917121,0.21802843,0.2899826,0.93602526,0.93644861
3r51_MMA_A_200,0.97276311,0.96556947,0.044353187,0.88493867,0.98866503,0.99414591,0.99344042
3rgz_BLD_A_800,0.025871044,0,0.056488835,0.19686047,0.9708063,0.98508357,0.98551077
3ro7_TDR_A_300,0,0,0.044440656,0.16830699,0.04408724,0,0
3roe_THM_B_265,0,0,0.050301643,0.18322622,0.96261141,0.15518255,0
3roe_THM_C_265,0.44499075,0,0.047500607,0.19364821,0.98966867,0.077469312,0
3roe_THM_D_265,0,0,0.049885791,0.18247636,0.98352505,0,0
3roe_THM_E_265,0,0,0.050447506,0.18359397,0.98448371,0.16109116,0
3roe_THM_F_265,0.39800016,0,0.047813888,0.19251702,0.98829403,0.084105217,0
3rop_NCA_A_302,0.9264634,0.0047277993,0.038484634,0.18934371,0.00024541566,0,0
3rop_NCA_B_302,0.0029048687,0.009204335,0.044129933,0.16786478,0.0041614141,0,0
3rsc_TYD_A_397,0,0,0.049717685,0.18203892,0.95452215,0,0
3rsc_TYD_B_397,0.94311174,0,0.043974598,0.2041544,0.95954458,0,0
3ryd_SRT_A_271,0,0.4721969,0.041028666,0.17236654,3.093599e-08,8.4402158e-08,7.8617525e-08
3ryd_SRT_C_268,0.54297982,0.91538844,0.035250726,0.19052823,0.00010355424,0.073171899,0.073074456
3se2_3AB_C_4,0.9965687,0.97637724,0.037295031,0.21562626,0.98961868,0,0
3se2_3AB_D_3,0.99562959,0.98617436,0.036830499,0.21464899,0.91978108,0,0
3se2_LDR_A_1,0.99714113,0,0.043850353,0.2059542,0.9951603,0,0
3sj1_DXC_X_75,0.9831885,0.98290361,0.031597306,0.20045264,0,0,0
3sjh_LAR_A_503,0,0,0.049973411,0.18270437,0.99864198,0,0
3sli_SKD_A_760,0,0.9374417,0.043582598,0.19176016,0.97718353,0,0
3sp6_IL2_A_901,0,0,0.056520526,0.1959202,0.9470916,0.98685155,0.98685608
3sru_Q26_X_169,0,0.95059734,0.043422594,0.19170426,0.96475039,0,0
3t3q_9PL_A_501,0.76479508,0,0.03972373,0.18608569,0.037860187,0,0
3t3q_9PL_B_501,0.00011128351,0,0.044940963,0.16961327,0.13052166,0,0
3t3q_9PL_C_501,0.9875571,0,0.038143591,0.19072742,0.0004643414,0,0
3t3q_9PL_D_501,6.7448191e-05,0,0.044897647,0.16949883,0.12300214,0,0
3te7_TE7_A_1,0.97875617,0.96806214,0.031999521,0.20091845,0.047596639,0,0
3te7_TE7_B_1,0,0.97099631,0.03769547,0.17736004,0.00018748548,0,0
3tky_N7I_A_369,0,0.96752933,0.037717559,0.17732252,0,0,0
3tky_N7I_B_369,0.08238235,0.97805599,0.037142982,0.17935305,0,0,0
3tky_N7I_C_369,0.98277996,0.98836349,0.031563552,0.20049835,4.1924649e-05,0,0
3tky_N7I_D_369,0.91531158,0.93677682,0.032322834,0.19840946,0.00030304475,0,0
3tye_XHP_B_901,0.99356677,0.99357731,0.037238703,0.215833,0.99656712,0,0
3tye_XTZ_A_801,0.92288041,0,0.043149569,0.2012125,0.79584104,0,0
3tye_YTZ_B_902,0.00096460382,0.40113449,0.041498059,0.17167878,4.7010081e-05,0,0
3tyn_CXW_A_800,0,0.46074114,0.041075928,0.17229586,3.4146513e-07,0,0
3tyn_CXW_B_800,0,0.46074145,0.041075924,0.17229585,0,0,0
3u1t_MLI_A_351,0.99667549,0.93668993,0.031823706,0.20030549,1.8274082e-06,8.6945825e-07,3.2828902e-06
3u1t_MLI_B_350,0.99701817,0.94240646,0.031785769,0.20037615,0.00018807884,0.00018983944,0.00018737299
3u3o_3QV_A_296,0,0.99201587,0.037553884,0.17756754,1.4329771e-06,0,0
3u3o_3QV_A_297,3.4594526e-05,0.98927618,0.037572062,0.17754113,1.4433102e-05,0,0
3uu7_2OH_A_1,0.99697205,0,0.043806093,0.20583239,0.98734571,0,0
3uu7_2OH_B_1,0.99680394,0,0.043793397,0.20579274,0.9849778,0,0
3uud_EST_A_600,0.98777222,0.97890557,0.037216047,0.21514433,0.96961901,0,0
3uud_EST_B_600,0.98162337,0.99303972,0.037310919,0.21553687,0.99579504,0,0
3v1m_HPK_A_288,0,0.44562483,0.049237977,0.19137149,0.88227148,0.42212259,0.41910781
3v1s_0LH_B_401,0.99373495,0.99579135,0.031524204,0.20102997,0.013387532,0,0
3v1v_GST_A_511,0.89846807,0.89578693,0.034022431,0.20104716,0.22847236,0,0
3v7u_MTA_A_301,0.14848019,0.71963435,0.039830737,0.18166497,0.18004913,0.092180088,2.899878e-05
3v8n_5NB_A_301,0.25908289,0.96570269,0.036266909,0.18367841,0.021190585,0,0
3vbn_TYD_A_301,0.86824118,0,0.042334059,0.19694329,0.59744717,0,0
3vbn_TYD_C_301,0.94415024,0,0.038499433,0.18994769,0.016022185,0,0
3vbn_TYD_E_301,0.5859874,0,0.04549992,0.19409017,0.84560493,0,0
3vc3_C6P_A_501,0,0,0.047521582,0.17452875,3.7563758e-05,0.32197228,0.63976275
3vc3_C6P_B_501,3.2435431e-05,0.93850982,0.048334014,0.20135863,0.94751591,0.82290486,0.60601819
3vc3_C6P_D_501,0,0.95943501,0.048014212,0.20117108,0.93963866,0.80927932,0.58070389
3vc3_C6P_E_501,0.95757499,0.94213267,0.036083223,0.20823571,0.14070435,0.3655779,0.5682615
3vcp_PRO_A_502,0,0,0.053007342,0.18686543,0.36792192,0.96418416,0.96448523
3vmg_9CA_B_2001,0,0.47750876,0.053153893,0.20074128,0.99351137,0.93286234,0.93328234
3vnj_PSJ_A_301,0,0.54272346,0.041064391,0.174204,0,0.083920288,0.065552202
3vnj_PSJ_B_301,0.73477122,1,0.03388376,0.1966398,0.0038409607,0.10178312,0.14649393
3vnj_PSJ_C_301,0,0.53106713,0.041044781,0.17391317,0,0.071582485,0.051372432
3vnm_SDD_B_301,0.5488338,0.89647037,0.037545155,0.19498104,0,0.38865938,0.39314566
3vnm_SDD_C_301,0.49332286,0,0.041316045,0.17956155,0.025921881,0,0
3vnm_SDD_D_301,0,0,0,0.17864012,0.31267822,0.44236041,0.4431793
3vq4_0NX_A_304,0,0.98286377,0.043252783,0.19214641,0.9726435,1.8566134e-05,1.8473579e-05
3vq4_0NX_B_303,0.99589108,0.97810158,0.032326259,0.20271701,0.13361143,2.3662986e-05,2.3770666e-05
3vq5_MMJ_A_1007,0.99438716,0.99052549,0.036598896,0.21411312,0.88242219,0.00092434595,0.00092565632
3vq5_MMJ_B_307,0.9934769,0.99671805,0.032246335,0.20292434,0.13876908,2.0717686e-06,2.0719189e-06
3vqe_FMQ_A_1006,0.98665076,0.44565346,0.040652202,0.20943068,0.94627712,0,0
3vqe_FMQ_B_306,0.9924809,0.47430214,0.034956206,0.1956226,0.0027551654,0,0
3vv5_SLZ_A_300,0.97458734,0,0.050654699,0.21892935,0.95686754,0.9933091,0.992605
3vv5_SLZ_B_301,0,0.88280155,0.049666496,0.20269386,0.91289648,0.87996909,0.87615467
3w4i_8LG_A_402,0.35536132,0.96877712,0.03562224,0.18586841,0.015176675,0,0
3w4i_8LG_B_402,0.34595657,0,0.042129825,0.17588832,0.010712321,0,0
3w4i_8LG_C_402,0.99651356,0,0.038150129,0.19109638,0.011049899,0,0
3w4i_8LG_D_402,0.98985977,0,0.038190127,0.190939,0.01092459,0,0
3w7f_FPS_A_301,0,0.48883606,0.040973747,0.17285949,1.0788732e-06,0.026883466,0
3w7f_FPS_A_302,0.96497093,1,0.031594521,0.20019796,0,0,0
3w7f_FPS_B_301,0,0.48879159,0.04097435,0.17285991,5.4395098e-05,0.02688754,0
3w7f_FPS_B_302,0,0.37710553,0.04248953,0.17392266,0.13398375,0.037120906,0
3w8x_FTK_A_601,1.1143835e-07,0.9752265,0.037679898,0.17742782,4.2572477e-05,0.0020496011,0.0018548253
3w8x_FTK_B_601,0,0,0.044186978,0.16764687,0.00032069343,1.2276133e-08,0
3wat_BGC_A_403,0.010465657,0.98657801,0.037527298,0.17776028,9.098236e-05,8.7429787e-05,8.4966266e-05
3wat_BGC_B_403,0.012086556,0.98493243,0.037527901,0.17778053,3.2307756e-05,6.7627404e-05,6.5421146e-05
3wat_BMA_A_404,0.99386302,0,0.03825484,0.19122933,0.016449917,0.016414696,0
3wat_BMA_B_404,0.99042,0,0.038252917,0.19109423,0.013933567,0.014000653,0
3wca_FPS_A_501,0,0.47452745,0.041167864,0.17299564,0.017159375,0.028194509,0
3wca_FPS_B_401,0,0.45499193,0.041432891,0.17318153,0.040585563,0.029984473,0
3wca_FPS_C_402,0,0.91551948,0,0.17778982,2.990651e-06,0.14014183,0
3wca_FPS_D_401,0,0.43630268,0.041686437,0.17335937,0.062996951,0.031696898,0
3wgc_PLG_A_401,0,0.53362907,0.052546399,0.20056611,0.93901007,0.94286023,0.94045521
3wgc_PLG_B_401,0.99242287,0.74140415,0.035788503,0.20514264,0.45592065,5.4200236e-09,1.2689565e-05
3wgc_PLG_C_401,0.98540505,0.5773989,0.041723854,0.21519284,0.95621872,1.601904e-08,0.57466755
3wgc_PLG_D_401,0.97951194,1,0.031505577,0.20053791,8.9902259e-06,6.3889686e-08,6.0492355e-08
3wk1_O7E_A_301,0.98620248,0,0.043884548,0.20561335,0.98950946,0,0
3wlf_FEH_A_401,0.99626471,0,0.043685094,0.20546957,0.95949053,0.0052042243,0.0052109764
3wlf_FEH_B_401,0.99680978,0,0.045259442,0.20869599,0.95626562,0.23707281,0.23356925
3wlf_FEH_C_401,0.9948248,0,0.038169445,0.19104403,1.32047e-05,0,0.02112609
3wlf_FEH_D_401,0.99676535,0,0.043972795,0.20618223,0.99247392,0.019758724,0.019366173
3wqs_KBK_B_503,0.99157589,0.89480911,0.037465653,0.21363908,0.91971244,0,0
3wr4_GDE_B_502,0.98247533,0.98741293,0.036679808,0.21375562,0.87567593,0.0047293151,0.0047040027
3wsg_CIT_A_302,0.98930535,0.7378061,0.037889675,0.21030746,0.79585381,0.011459776,0.011178379
3wsg_CIT_B_302,0.98773373,0.98369108,0.0339004,0.20610976,0.23730957,0.13841815,0.13855452
3wsg_CIT_C_302,0.91616998,0.4838645,0.036385239,0.19616154,0.042814166,0.11443442,0.11439658
3wsg_CIT_D_302,0,0.73575232,0.041731341,0.18059163,0.1702115,0.21299228,0.21308463
3wsg_CIT_E_302,0,0.63532418,0.043076312,0.1816612,0.38587088,0.13054598,0.12936088
3wsg_CIT_F_302,0.98695186,0.82511065,0.040128489,0.21531062,0.31520872,0.81800155,0.81738388
3wug_XYP_B_1,0.98385515,0,0.038308831,0.19101194,0.025063867,0,3.8928045e-10
3wug_XYP_C_2,0.24022558,0,0.042714884,0.173256,6.1534215e-06,0,0
3wur_O4B_A_202,0.97220594,0.38204476,0.040228363,0.20601726,0.78454159,0,0
3wur_O4B_B_201,0.83349925,0.10187215,0.043550598,0.20153508,0.88813638,0,0
3wur_O4B_B_202,0.63647398,0.86049093,0.038404717,0.20118844,0.66718391,0,0
3wur_O4B_B_204,0.61499371,0.057226008,0.045407002,0.1965562,0.9262004,0,0
3wwc_BUA_A_402,0,0,0.044724482,0.1687444,6.7551523e-08,0.078037693,0.077460388
3wwc_BUA_A_403,0.97680429,0.98285024,0,0.20030623,3.367669e-05,2.8717599e-05,2.6542606e-05
3wxo_NIZ_A_802,0,0.94829447,0.038158078,0.1779418,0.053818481,0,0
3wxo_NIZ_A_803,0.0014440756,0.99258045,0.037542239,0.17760945,0.00016827594,0,0
3wxo_NIZ_A_804,0.0010568972,0.0018437698,0.04416634,0.16768522,2.4608157e-06,0,0
3wzo_ZOE_A_201,0,0.97706116,0.042867997,0.1909862,0.89958725,0,0
3wzo_ZOE_B_201,0,0.96949058,0.04316887,0.19156169,0.94276517,0,0
3zbs_OVE_A_1380,0,0.99336901,0.043325367,0.19216295,0.85478272,0.11713531,0.12104376
3zcm_PX3_A_1214,0,0.97542855,0.03766544,0.17740333,0.00011806347,0,0
3zcm_PX3_B_1216,0,0,0.044185119,0.16764204,0,0,0
3zjq_NCA_A_300,0.0025526084,0.98903597,0.037558208,0.17759744,6.0154675e-06,0,0
3zog_A2Q_A_200,0,0,0,0.16775172,0.0070547844,5.2351469e-06,5.2171254e-06
3zp7_PRE_A_1118,0,0,0.049790467,0.18222831,0.96707904,0,0
3zr0_8OG_B_1157,0.95974371,0,0.043484943,0.20353378,0.89262757,6.7561888e-09,6.869501e-09
3zv6_4HB_A_1277,0,0.89869674,0.038839583,0.17835624,0.11419696,0,0
3zwe_FUC_A_110,0,0.97461679,0.050369369,0.20657769,0.99732843,0.99734029,0.99729766
3zwt_KFZ_A_1401,0.98430495,0,0.038160807,0.19064442,5.3647083e-07,0,0
3zwt_ORO_A_1398,0.20988912,0,0.042901276,0.17254894,0.00013061549,0,0
3zyx_MBT_A_601,0.99571843,0,0.038090949,0.19091114,0,0,0
3zyx_MBT_B_601,0,0,0.048977761,0.18011348,0.82686467,0,0
3zzm_JLN_A_1526,0.96898039,0.25209928,0.042109685,0.2081252,0.99370554,1.5472854e-07,1.4604829e-07
3zzv_FUC_B_401,0,0.97359332,0.050379234,0.20657459,0.99761764,0.99747654,0.99755056
4a01_2PN_B_1773,0.99262336,0,0.038109892,0.19083881,0,0,0
4a3u_NCA_A_1359,0.99429191,0.98028514,0.031546988,0.20068627,2.3506685e-05,0,0
4a7a_RGZ_A_601,0.99485876,0.99223694,0.031463493,0.20081875,1.0724182e-08,4.8117537e-07,5.6383404e-07
4a7a_RGZ_B_601,0.98458192,0.99237717,0.031678732,0.20097883,0.026439241,4.9742044e-06,5.1278685e-06
4a7x_UDP_B_1241,0.94721058,0.94395304,0.037850459,0.21424361,0.99593217,0,0
4a8p_PAO_A_1340,0.98902869,0.26334372,0.041931303,0.20874533,0.99657982,0,0
4a8p_PAO_C_1340,0,0,0.048826731,0.17972047,0.80080776,0,0
4a8p_PAO_D_1340,0.88022415,0.97676744,0.032957372,0.19934908,0.1008177,0,0
4a8p_PAO_F_1340,0,0,0.048623343,0.17919121,0.76571764,0,0
4a9j_TYL_A_1188,0.99415303,0.99128895,0.031475806,0.20079709,0.00028638637,0,0
4a9j_TYL_B_1187,0.99918209,0.99386227,0.036979529,0.21538704,0.95811048,0,0
4a9j_TYL_C_1184,0.99701044,0.99584009,0.034892424,0.20992482,0.5980144,0,0
4adl_LMR_D_1468,0,0.46074145,0.041075924,0.17229585,0,0,0
4adm_SRT_C_1466,0,0.48883696,0.040973735,0.17285948,0,0.026883384,0
4ajj_88R_B_1333,0.99150414,1,0.044011463,0.22973056,0.98889625,0.98582353,0.98836276
4ajj_88R_C_1335,0.9930883,0.27127228,0.041822762,0.2088272,0.99074973,1.0128197e-05,1.0073222e-05
4ajj_88S_A_1332,0.97726652,0.9830246,0.036959225,0.21417606,0.91896708,0,0
4ajj_88S_B_1332,0.99295854,0.98505575,0.031730086,0.20124105,0.035706876,0,0
4ajj_88S_C_1334,0.99264221,0.98744677,0.031509076,0.20071902,0,0,0
4ajj_88S_D_1332,0.96835044,0.97852735,0.031769471,0.20019766,0.0089882123,0,0
4ajj_MLI_A_1333,0.99369265,0.92703882,0.03847817,0.21560398,0.56591784,0,0.95322187
4ajj_MLI_D_1333,0,0.88498949,0.05048897,0.20457776,0.95931022,0.96001536,0.95990453
4al9_GLA_A_1123,0.94428736,0.982636,0.044536077,0.22872455,0.99731625,0.99717157,0.9974034
4al9_GLA_B_1123,0.997371,0.97171405,0.04427371,0.22983149,0.9964365,0.9964507,0.99657122
4al9_GLA_C_1123,0.94486765,0.97494753,0.03774364,0.21467481,0.99489451,0.0053556945,0.021251355
4al9_GLA_D_1123,0.91528956,0.96796943,0.044780408,0.22782837,0.9948591,0.99493079,0.99475716
4al9_GLA_E_1123,0.98905997,0.98367711,0.044253799,0.22977827,0.99723239,0.99724919,0.9970911
4al9_GLA_G_1123,0.96910569,0.96471079,0.037610311,0.21502868,0.99563934,0.0049582242,0.0049342247
4aql_TXC_A_1452,0,0,0.049620991,0.1817873,0.93783965,0,0
4aw0_MJF_A_600,0,0,0.044185119,0.16764204,1.715285e-10,0,0
4b1f_DGL_A_1257,0.0014380996,0.98003017,0.049981164,0.20587904,0.97114198,0.97009739,0.96934558
4b1f_DGL_B_1256,0.0023638514,0.97911739,0.050111982,0.20619124,0.98135004,0.97997862,0.97999946
4b1f_KRH_A_1256,0.9184049,0.97506368,0.032046236,0.19886032,4.0960437e-06,0,0
4b1f_KRH_B_1257,0,0.95203713,0.038353516,0.17822355,1.8713326e-07,0.15052129,0
4b1y_LAB_B_1376,0.0017843648,0,0.049957413,0.18273285,0.99776604,0,0
4b5v_E8U_A_1253,0,0.97680147,0.037747838,0.17764204,0.012062637,0.0052506603,0.00117252
4b5v_E8U_B_1254,0.88630508,0.97506043,0.032277523,0.19818771,0.0021895931,0.0046984579,0.001669429
4b98_PXG_A_470,0,0.95105891,0.038359107,0.17821188,0,0.15024857,0
4b98_PXG_B_470,0,0.98621689,0.044785855,0.19531015,0.98518196,0.43286455,0
4b98_PXG_D_470,0.99305579,0,0.043860625,0.2058204,0.99261867,0,0
4bbx_LKF_A_1760,0.97978534,0,0.038188465,0.1905388,6.3422381e-09,0,0
4bdr_CYS_B_804,0,0.64059435,0.039902993,0.17405142,0,0,0
4bdr_KAI_B_900,0.92350269,0.96895492,0.044399329,0.22722355,0.95036284,0.98520634,0.98536359
4bq5_GAL_C_1,0,0.53545844,0.053231423,0.20219949,0.99531233,0.99527068,0.99557529
4bu7_25F_A_2165,0.99542246,0.2715541,0.04181505,0.20890709,0.992241,0,0
4bu7_25F_C_2165,0.99673568,0.27126129,0.04181658,0.20895573,0.99359914,0,0
4buf_F36_A_2162,0.97707337,0,0.043960052,0.20545109,0.99289624,0,0
4buf_F36_B_2162,0.97541797,0,0.043938322,0.20532949,0.98739917,0,0
4buv_16I_A_2165,0.99517154,0,0.043533781,0.20505302,0.93846317,0,0
4bux_F35_A_2166,0.81415458,0.24620923,0.042881911,0.2038571,0.92382908,0.051670952,0
4bvh_OCZ_A_1393,2.4791712e-05,0,0.04996735,0.18268957,0.99762243,0,0
4bvh_OCZ_C_1394,0.98447356,0,0.043946788,0.20570737,0.9984219,0,0
4bz6_SHH_B_700,0.97872213,1,0.034995367,0.2076527,8.8375209e-09,0.47908991,0.52586251
4bz6_SHH_C_700,0.93851565,1,0.035992313,0.20846764,0.063757479,0.50231158,0.61286102
4bz6_SHH_D_700,0.98935604,1,0.03406285,0.20615555,3.2331249e-09,0.28933524,0.46611149
4c2p_X8Z_A_709,0.98923888,0.94641592,0.037484885,0.21501132,0.9800801,0,0
4c2z_646_A_1498,0.95322667,0.96358836,0.032839426,0.20197828,0.16038667,0,0
4c7g_NGO_A_1495,0,0,0.049876036,0.18244817,0.98097349,0.00072545102,0.00072600716
4can_M7K_A_800,0,0.97516882,0.037666492,0.17739896,5.735535e-12,0,0
4can_M7K_B_800,0,0.9803628,0.037631772,0.17745092,7.1998869e-09,0,0
4cb5_93G_A_1484,0,0,0.044185803,0.16764381,0.00011797458,0,0
4cdt_M48_A_801,0.035791247,0.98176314,0.037403356,0.17830135,3.4183517e-08,0,0
4cdt_M48_B_801,0,0.97329413,0.037679024,0.1773802,1.4228179e-13,0,0
4cjs_L0Y_A_1217,0,0.48865409,0.040976216,0.17286122,0.000219282,0.026900139,0
4cjs_L0Y_B_1217,0.98314179,1,0.031487129,0.20063254,0.00065909587,0,0
4cju_JNS_A_1217,0,0.92148333,0.043789358,0.19186093,0.99445078,0,0
4cju_JNS_B_1214,0,0.98273282,0.043377788,0.19246818,0.99408154,0,0
4cjv_IV2_A_1212,0.99438721,0.99705003,0.037216524,0.21589795,0.99615102,0.0012203444,0.0012211086
4cjv_IV2_B_1215,0.9945621,0.99581782,0.037462427,0.21631476,0.97667082,0.05171607,0.052108639
4cjw_CBJ_A_1215,0.975414,0.94785945,0.03191835,0.20002234,0.0067639809,0,0
4cjw_CBJ_A_1216,4.6666931e-07,0.46073978,0.041075944,0.17229588,2.2569333e-06,0,0
4cjw_CBJ_B_1217,0.99189749,0.9296023,0.031946042,0.20024188,0.0078914951,0,0
4cjw_CBJ_B_1218,3.6857397e-07,0.66709005,0.039725949,0.17431671,1.2422221e-05,0,0
4cld_JUO_B_1270,0,0,0.044188563,0.16764897,0,0.00073885532,0.00025177489
4cld_JUO_C_1270,0,0,0.044188892,0.16765017,0.0001313266,0.00045152712,0.00041674971
4cld_JUO_D_1270,0,0,0.044196146,0.16766997,0.0016900192,0.00035335744,0
4cle_JR2_A_1270,0.99282038,0,0.038111794,0.1908515,0.00053617997,0,0
4cle_JR2_A_1271,0,0,0.044185489,0.167643,6.3886891e-05,0,0
4cle_JR2_C_1270,0.99120331,0,0.038126899,0.19082726,0.0014347363,0,0
4cle_JR2_D_1270,0.99116582,0,0.03813765,1.0113227e-43,0.0008312329,0,0
4cle_JR2_D_1271,0,0,0.044185936,0.16764416,0.00014098235,0,0
4clo_XP0_B_1270,0,0,0.044236293,0.1677752,0.0088290075,0,0
4clo_XP0_D_1270,0.9637722,0,0.044014995,0.20507138,0.98833029,0,0
4clr_FDB_B_1270,0.1399195,0.99065635,0.042426624,0.19570839,0.98686323,0,0
4clr_FDB_C_1270,0.15304424,0.99520353,0.042045689,0.19535746,0.94024436,0,0
4clr_FDB_D_1270,0.99889934,0.99230682,0.037160168,0.21580337,0.98718323,0,0
4cme_KTZ_A_1270,0.9896458,0.26779325,0.041873135,0.20873247,0.99200478,0,0
4cme_KTZ_C_1270,0.99550674,0.27566902,0.041762081,0.20887803,0.98763019,0,0
4cme_KTZ_D_1270,0.95432119,0.27448527,0.041847184,0.20743341,0.95681769,0,0
4cmk_FQW_A_1270,0.9571559,0.95357381,0.032466284,0.2006118,0.003509029,0.071517055,0.070685963
4cmk_FQW_C_1270,0.95793718,0.9273197,0.034805148,0.20478659,0.00060229797,0.39398829,0.37809199
4cmk_FQW_D_1270,0.99061305,0.94127894,0.033312647,0.20325449,0.004571419,0.21070477,0.20907125
4cno_9PY_D_301,0.99007119,0.97488296,0.043671925,1.0483719e-57,0.92287123,0.96542026,0.96551874
4cpp_ADM_A_422,0.99500518,0.9350857,0.037305689,0.21446116,0.94218556,0,0
4crg_J4X_A_1493,0,0,0.048704986,0.17940366,0.77980335,0,0
4cw2_XDS_A_1303,0,0,0.044185119,0.16764204,0,0,0
4cx6_Q16_A_800,0,0.98599476,0.037594126,0.17750728,1.8974404e-07,1.4724354e-09,3.8766353e-12
4cx6_Q16_B_800,1.7980389e-11,0.98227784,0.037618971,0.17747008,2.5222448e-13,6.4462239e-09,7.5478345e-09
4cxr_2BG_A_502,0.99651084,0.9942728,0.043982147,2.1022996e-37,0.98196121,0.98565817,0.98467477
4d06_NAR_A_301,0,0,0.049900694,0.18251514,0.98609638,0,0
4d06_NAR_D_302,1.0028765e-06,0.48883715,0.04097373,0.17285951,5.4518072e-07,0.026883369,0
4d06_NAR_F_301,0.97458134,1,0.031535702,0.20042255,6.360607e-10,0,0
4d06_NAR_F_302,0.9941494,0.22789637,0.036602961,0.19322182,0.0044526342,9.656669e-09,1.6169152e-08
4d06_X8W_B_301,0.99502186,0.98425318,0.031522406,0.20075971,0.0011293498,0,0
4d06_X8W_D_303,0.99223868,0.035432403,0.037876881,0.1911882,0.0002565592,0,3.7738387e-08
4d0z_BBK_E_1584,0.92336522,0,0.038534891,0.18922298,0.00011604205,0,0.00012755483
4d2c_ALA_A_508,0.99307788,0.97327179,0.042984696,0.2266213,0.85472701,0.92620486,0.92742494
4d3s_BOG_F_1000,0.96742037,0.98758705,0.036946509,0.21388089,0.91158733,8.4628785e-05,6.1716387e-10
4d3s_BOG_H_1000,0.95094108,0,0.038365004,0.18986473,2.0973815e-07,0,5.9587577e-10
4d4u_FUC_A_950,0.98504497,0.96898335,0.044312442,0.22939041,0.99233232,0.99216204,0.99187064
4d5e_TPP_B_1590,0,0.44941668,0.053552251,0.2004568,0.99438554,0.938854,0.96079979
4d96_5PA_A_501,0,0,0.049824424,0.18231667,0.9729376,0,0
4d96_5PA_C_402,0,0.21914317,0.044632515,0.17542575,0.32340574,0.051594392,0
4d96_5PA_D_501,0,0,0.049243757,0.18055434,0.80265359,0.11299487,0
4dab_HPA_A_301,0.26485807,0.99653745,0.04144862,0.1982341,0.95683889,8.6265855e-07,7.7131415e-07
4dch_4DC_A_502,0.96829989,0,0.042548234,0.20143249,0.74005399,0,0
4dch_GLC_A_501,0,0.98351441,0.043248384,0.19213357,0.96669289,0.0049832634,0.0049831128
4dd8_BAT_A_1000,0,0.94422995,0.043809808,0.19174914,0.80441982,0.37110439,0
4dd8_BAT_B_1000,0.93643228,0.95764167,0.032052339,0.19910723,3.0038879e-07,0,0
4dd8_BAT_C_1000,0.59027314,0.82103748,0.035084108,0.189651,0,0,0
4dd8_BAT_D_1000,0,0.85697465,0.038909415,0.17712127,0.0018555858,0.12453692,0
4do1_ANN_A_502,0.99576008,0.98213036,0.031525532,0.20073869,2.6620655e-08,0,0
4do1_ANN_B_502,0.99638973,0.98563776,0.031498233,0.20078849,1.6661633e-08,0,0
4do1_ANN_C_502,0.99806827,0.97909159,0.031531718,0.20076222,8.3470383e-08,0,0
4dt8_ADN_A_401,0,0.99032548,0.0375667,0.17755418,0.00012771171,4.2404636e-08,0.0002270098
4dt8_ADN_B_401,0.9783334,0.28466291,0.041685353,0.20822404,0.96478848,0.00075033924,0.00070465027
4dta_ADN_A_401,0.99050774,1,0.031796211,0.20172604,0.061687314,6.6431388e-05,5.8986343e-05
4dta_ADN_B_401,0.98202126,1,0.032232046,0.20250833,0.12228223,0.0047483054,0.0047934545
4dtb_GMP_A_401,0,0,0.049881179,0.18246436,0.98272948,0,0
4dtb_GMP_B_401,0.99279644,0,0.042906815,0.2033282,0.82778591,0,0
4du7_DP6_B_401,0.98082006,0.96139828,0.042686891,0.22573208,0.9694456,0.60183365,0.93118625
4dvw_0M4_A_512,0.74357877,0.98815446,0.036765106,0.20395673,0.43757487,0.17764459,0.16832069
4dvw_0M4_B_512,0.62514079,0.99097395,0.041116491,0.20938026,0.65702038,0.51528455,0.51498492
4dwv_PFB_A_378,0.99004499,0.98319331,0.04387708,0.22888954,0.95270841,0.97711035,0.98385887
4dwv_PFB_B_378,0.99182577,0.98198648,0.043918933,0.22905397,0.96671165,0.97598258,0.97443221
4e7v_CRS_A_101,0.99772182,0.98615407,0.032776315,0.20400916,0.16944603,0.044338988,0.044329111
4e7v_CRS_C_101,0.039583284,0.99096455,0.049578173,0.20665578,0.96273961,0.9626923,0.96299322
4e7v_CRS_I_101,0.9978539,0.98707028,0.034171282,0.20779947,0.4515021,0.010750326,0.010759305
4e7v_CRS_K_101,0.99652202,0.9820967,0.044039543,4.0478201e-21,0.98189861,0.98183247,0.98171348
4e7v_CRS_M_101,0.99555703,0.98743952,0.038808866,0.2189503,0.99087744,0.22673155,0.22714645
4e7v_CRS_O_101,0.9942327,0.98736929,0.042866541,1.4047648e-32,0.99386439,0.80625289,0.80527909
4e7v_CRS_Q_101,0.99832261,0.98753869,0.037801185,0.21658766,0.86585662,0.18847811,0.1888693
4e7v_CRS_U_101,0.99700699,0.99039757,0.038586487,0.21857036,0.97613473,0.21048884,0.21217742
4e9z_651_A_301,0.99823689,0,0.039243215,0.19400854,0.2014575,0,0
4ea0_651_B_305,0.88660388,0.99105793,0.032133937,0.19827713,9.1467988e-07,0,0
4eip_K2C_A_601,5.6946077e-06,0.48884503,0.040973682,0.17285975,0,0.026887699,5.3278008e-06
4ejh_0QA_D_502,0,0.45659086,0.041129207,0.17232818,0.0047171411,0,0
4ejh_0QA_E_502,0.72563523,9.265573e-05,0,0.19242692,0.51869388,0,0
4ejh_0QA_F_502,0,0,0.04962428,0.18179586,0.93840715,0,0
4ek1_CAM_A_502,0.066424545,0.98567145,0.037459164,0.17975741,0.046482637,0,0
4ek1_CAM_B_502,0.072793645,0,0.04399072,0.16999664,0.043326237,0,0
4ekr_0R0_A_202,0.9971705,0.99177384,0.039097915,0.21694716,0.13947097,0.98534401,0.98582054
4ekr_0R0_A_203,0.0064548937,0.94166089,0.037912275,0.17733984,0,0.0088487332,0.0088247875
4ekr_0R0_B_203,0,0.99207739,0.045152074,0.1935074,0.12591395,0.99014366,0.99016093
4evi_C9M_A_402,0,0.97820645,0.043381613,0.19235411,0.98952122,0,0
4evq_PHB_A_406,0.99542033,0.99270094,0.037233334,0.21586785,0.99658743,0,0
4evq_PHB_B_402,0.98976449,0.99211104,0.037263818,0.21570876,0.99519428,0,0
4evs_PHB_A_408,0.9955027,0.26819913,0.041857983,0.20893605,0.99611657,0,0
4f06_PHB_A_401,0.98213379,0.99116736,0.03731591,0.21551861,0.99503577,0,0
4f8n_GAL_A_204,0.98184816,0.96241952,0.041962584,0.22370704,0.80353539,0.80037569,0.80339719
4f8n_PC_A_202,0.9663152,0.92965042,0.032056555,0.19952551,2.5810723e-07,0,0
4fa2_SB0_A_402,0,0.48883696,0.040973735,0.17285948,0,0.026883384,0
4fh7_TBP_A_202,0.02861531,0.020652629,0.043872195,0.16851807,4.0272779e-05,0,9.9408767e-06
4fm6_TYR_C_259,0,0,0.044185119,0.16764204,0,0,0
4fxr_BMP_A_301,0.9869602,0.34782605,0.040850268,0.20801444,0.89895044,0,0
4fxr_BMP_B_301,0.99338946,0.39771415,0.040198915,0.20785291,0.84727252,0,0
4g1q_T27_A_601,0,0,0.04418512,0.16764204,2.6334242e-07,0,0
4g1x_TQU_A_409,0,0.94765954,0.037850403,0.17712377,3.7308404e-06,0,0
4g1x_TQU_A_410,0.9971105,0.99486641,0.032378409,0.20336008,0.1632594,0,0
4gcq_0JM_A_401,0,0.91666671,0.043145963,0.19005471,0.87789235,8.6339573e-09,8.7788002e-09
4gcq_0JM_B_401,0.00023758942,0.97055429,0.037695899,0.17735838,2.3658596e-06,1.3999968e-07,1.3648693e-07
4gh8_MTX_B_201,0.97815095,0,0.043879888,0.20528483,0.98020355,0,0
4ghf_4NC_A_402,0,0.45815801,0.041109089,0.17231597,0.002936082,0,0
4ghf_4NC_C_402,0,0.94652896,0.038400757,0.1781975,0.002341934,0.14963439,0
4ghf_4NC_D_402,0,0.46074145,0.041075924,0.17229585,0,0,0
4gim_PSU_A_400,0,0.86227518,0.039744741,0.17971369,0.22835766,0,0
4gim_PSU_B_400,0.97830455,0.91511043,0.032683548,0.2012298,0.10406538,0,0
4gim_PSU_C_400,0.94561269,0.79013062,0.03311844,0.19765237,0.00043871067,0,0
4gps_CIT_A_501,0,0.76290794,0.041296666,0.18093119,0.35115921,0.025527117,0.025188863
4gt9_MEF_A_304,0,0,0.044185146,0.16764211,4.637946e-06,0,0
4gy9_ZIP_A_201,0.99409346,0.98823186,0.035444176,0.21102565,0.67768399,0.0030213452,0.0031092819
4h0x_LAR_B_403,0,0.98401795,0.043403069,1.6227145e-41,0.99747829,0,0
4h4c_10D_B_402,0,0.90521305,0.038368022,0.17730769,0.040354752,0,0
4h9x_HL4_A_404,0.58616657,0.9850088,0.037250748,0.19962051,0.55857501,0,0
4hey_4MZ_A_307,0.071537657,0,0.043762703,0.16934446,1.6473936e-05,0.0043988899,0
4hey_4MZ_A_308,0.8286018,0,0.039115539,0.18701038,0.00030598116,6.1877194e-08,5.9772251e-08
4hez_1MZ_A_302,0,0.98590196,0.037594745,0.17750634,2.7716504e-08,0,0
4hez_1MZ_A_307,0.076795885,0.78738104,0.03845442,0.17732164,0.0004586778,0,0
4hgg_SYN_A_502,0.99810189,0.86131549,0.03231891,0.1995849,1.8623296e-05,3.0328448e-07,3.0795128e-07
4hmx_WUB_A_302,0.0001287914,0,0.044191416,0.16766348,0.0012224197,0,0
4hon_AKG_A_401,0.99662671,0,0.050755526,0.22004979,0.99502428,0.99507849,0.99503453
4hon_AKG_B_401,0.99329821,0,0.050600108,0.21960204,0.99500132,0.99470678,0.94454028
4hoz_GLC_A_703,0.99290205,0,0.044890683,0.20786705,0.97618737,0.16245312,0.16170067
4hrq_AZG_A_201,0.012747853,0.97877727,0.038050669,0.17884817,0.037300879,0.037822596,0.040063501
4hrq_AZG_B_201,0,0,0.044185119,0.16764204,0,0,0
4hxk_1AJ_A_201,1.5991157e-05,0.94145401,0.037891857,0.17706224,1.5934067e-05,0,0
4hzf_CMP_A_301,0.48825785,0.99347446,0.040271833,0.85692209,0.99443786,0,0
4hzf_CMP_A_302,0.8709495,0.98035391,0.038916435,0.21450317,0.99770562,0.2444753,0
4hzf_CMP_B_301,0,0,0.050516026,0.18376673,0.99475842,0.16386679,0
4i02_CMP_A_301,0,0.11859504,0.045996593,0.17638252,0.44397894,0.060807232,0
4i02_CMP_A_302,0.87754944,0.86017044,0.0344791,0.20031367,0.23888144,0,0
4i02_CMP_B_301,0.96012242,0.28245884,0.042142104,0.20865572,0.99382756,0.048807892,0
4i02_CMP_B_302,0.18131332,0,0.048856953,0.18692394,0.99747704,0,0
4i02_CMP_C_301,0,0,0.050507152,0.18374435,0.9934277,0.1635073,0
4i0b_CMP_A_301,0.53440727,0,0.046676489,0.19512572,0.99414521,0,0
4i0b_CMP_A_302,0.97462773,0.25413507,0.042073963,0.20830869,0.99580115,0,0
4i0b_CMP_B_301,0.89837496,0.99509246,0.037804447,0.21360607,0.99540471,0,0
4i0g_1B9_A_504,0.80440916,0.98539928,0.032986695,0.19710822,0.052870756,0.00077628399,0.00078862754
4i4v_NGA_A_201,0,0.94789829,0.050364756,0.20589225,0.9838492,0.98220294,0.98213771
4i4v_NGA_A_202,0.96863382,0.93122381,0.043685326,0.22608933,0.8267704,0.9916923,0.98645358
4i4v_NGA_B_202,0,0.97947437,0.042378958,0.1897797,0.81798704,8.7807817e-06,8.7304767e-06
4i4v_NGA_D_201,0.98665319,0.98194089,0.036891212,0.21433824,0.91589457,2.3976367e-07,2.39634e-07
4i6s_FUC_A_102,0,0.92303043,0.05071599,0.20606568,0.99747072,0.99744441,0.99747106
4i6s_FUC_B_101,0.52744812,0.95106866,0.047321699,8.9100882e-21,0.99787803,0.99790919,0.99789244
4i6s_FUC_C_101,0.74154165,0.96938942,0.044599378,0.22125209,0.99215671,0.81237836,0.82584714
4i6w_1CO_A_501,0.00035806334,0.97878582,0.040123776,0.18252481,0,0.34718919,0.3689567
4i6w_1CO_B_1001,0.98595935,0.97242646,0.03541577,0.20814402,0.010918322,0.53481818,0.53250516
4i6y_MEV_A_501,0,0.97424084,0.040990756,0.18417764,0.00099556579,0.47162222,0.48337873
4i6y_MEV_B_1001,0.99439308,0.97619063,0.040017997,0.22071834,0.86946354,0.49691222,0.48466494
4i9n_1E5_A_402,0.88465507,0.2136608,0.042746268,0.20544787,0.97154926,0,0
4i9n_1E5_D_402,0.8644883,0.3907384,0.040507256,0.20335707,0.754554,0,0
4i9n_1E5_G_402,0.86354281,0.38773456,0.040547423,0.20334709,0.75722964,0,0
4i9n_1E5_H_402,0.89727759,1,0.03200883,0.19861603,8.9851661e-09,0,0
4i9n_1E6_B_401,0.89919613,1,0.042687897,0.2232218,0.83042756,0.80759105,0.89966543
4i9n_1E6_C_401,0.97730695,0.97467738,0.04275123,0.22567111,0.8655176,0.81886697,0.93120851
4i9n_1E6_F_401,0,0.5798636,0.051415692,0.19838632,0.80910911,0.89923235,0.93153309
4i9n_1E6_G_401,0,1,0.044246928,0.19178239,0.098695396,0.83656875,0.9515381
4i9n_1E6_H_401,0.7574588,0.5978066,0.040879777,0.20455187,0.66821738,0.22076263,0.21311731
4ict_1ED_A_406,0.98235538,0.96989592,0.031758154,0.20048205,0.011869561,0,0
4ioq_BAQ_A_201,0.99515791,0.98961076,0.031655408,0.20117043,2.1962924e-05,0,0.050988144
4iph_1FJ_A_201,0.98293708,0,0.040071797,0.19556347,0.32825542,0,0
4iph_1FJ_A_202,0.0023835989,0,0.044200783,0.16777646,0.0052194573,0,0
4itu_1HS_A_302,7.9335427e-06,0,0.044185076,0.16764223,0,1.6021101e-06,0
4itu_1HS_B_302,7.3478855e-06,0.95851648,0.040568801,0.18449537,0.48153044,1.5339157e-06,1.5778906e-06
4itu_1HS_C_302,7.119074e-06,0,0.045888865,0.1720758,0.29394724,3.4230233e-06,3.3644676e-06
4itu_1HS_D_302,5.1528215e-06,0.96064718,0.043186777,0.19136618,0.935659,1.8188675e-06,1.8979311e-06
4ixw_IXW_A_302,0.96004684,0,0.042923437,0.20204937,0.78511343,0.0084774878,0.0098413604
4ixw_IXW_B_302,0.00090207446,0.8743118,0.038390918,0.17653555,0.0038590219,0.0091393461,0.00044829318
4j0k_EGR_B_501,0.9409488,0.77542336,0.033245836,0.19739763,0.00053170677,0,2.0937666e-10
4j4b_0TF_A_904,0.97641548,0,0.043131771,0.20326988,0.8492999,1.0595972e-08,8.7735336e-09
4j4b_0TF_B_301,0.97586855,0,0.043662553,0.20462959,0.94029711,1.030041e-08,1.0313586e-08
4j7u_YTZ_C_802,0.95342618,0.95107983,0.031998918,0.19945621,0.0011604346,0,0
4jb0_ENO_A_402,0.93883266,1,0.04442202,0.2286976,0.99453131,0.99515966,0.9950233
4jh6_FCN_A_202,0.99536604,0.92701857,0.035649449,0.20994442,0.64751537,0,0
4jhh_H35_A_201,0.96983172,0,0.045111606,0.20433563,0.00090745135,0.98890399,0.98798569
4jm8_26D_A_302,0.99824273,0.99634861,0.033062946,0.20522649,0.28426601,0,0
4jmz_1M2_A_302,0.99655803,0.99511189,0.037694399,0.21372301,0.01217083,0.8932061,0.89138669
4jp3_CIT_A_301,0,0.95892052,0.038733726,0.17939256,0.060732711,0.086898461,0.087993149
4jwx_1N4_A_301,0.99003527,0.96906381,0.037369207,0.21536215,0.98708271,0,0
4jxh_HRC_A_301,0.98481105,0,0.038250646,0.19085529,0.0011788271,0,0.024936202
4jzx_476_A_402,0.98889299,0.88049137,0.037721864,0.21380806,0.94457069,0,0
4jzx_476_B_402,0,0.87253111,0.043868968,0.1907268,0.95173007,0,0
4jzx_IPE_B_401,0.98659831,0.97311959,0.031641911,0.20043457,2.6341609e-09,1.1589667e-05,9.2338681e-06
4k5g_Q13_A_803,0.021061927,0,0.044056212,0.16813423,6.8728764e-13,7.7436588e-13,0
4k5g_Q13_B_803,0.22522573,0.98911506,0.036194801,0.18280183,2.6709003e-13,1.2172231e-09,3.7728674e-11
4k5u_GAL_A_301,0.99269207,0.989861,0.042844969,0.226857,0.89886766,0.88552765,0.88534041
4kcf_FMN_A_502,0,0,0.044185207,0.16764226,1.5124636e-05,0,0
4kfj_1R0_A_202,0,0.46053721,0.041078872,0.1722982,0.0002590492,2.4011398e-05,2.5587374e-05
4kp7_1UQ_A_503,0,0,0.049657989,0.18188357,0.94422287,0,0
4kp7_1UQ_B_502,0.99343385,0.94583919,0.037316728,0.21472278,0.95483281,0,0
4kqx_HIO_A_402,0.81156222,0.95520729,0.037231545,0.20759174,0.75291498,0.0048993114,0.005095586
4kqx_HIO_B_401,0.80305821,0.92153853,0.035848319,0.20267746,0.44556243,0,0.045117141
4kux_FPS_B_405,0,0,0.047092765,0.17594559,0.53266792,0,0
4kwk_CSS_A_302,0,0,0.044185127,0.16764205,0,0,2.370583e-06
4kwl_3SS_A_302,0.98946674,0.99136081,0.041075833,0.22316588,0.90050951,0.6277726,0.62750063
4l1x_STR_A_402,0.98821587,0.9838654,0.031560111,0.20057976,7.4621985e-07,0,0
4l1x_STR_B_402,0,0,0.04422156,0.16773686,0.006287124,0,0
4l4d_CAM_A_503,0,0.97883744,0.037916403,0.1781498,0.047347539,0,0
4l7p_M95_A_601,0.97495861,0,0.038220617,0.19043279,0.00045034415,0,0
4l80_OXL_A_402,0.99550802,0.92323582,0.037788706,0.21520879,0.94922082,0.052783011,0.052766983
4l80_OXL_B_402,0.98072824,0.95583577,0.032257228,0.20107238,0,0.067410516,0.066336833
4l80_OXL_C_402,0.99606764,0.9239691,0.034042317,0.20543547,0.28365325,0.069382981,0.07067587
4l80_OXL_D_402,0.99482162,0.80685954,0.034640073,0.20292212,0,0.28082667,0.27765711
4l80_OXL_E_402,0.99179727,0.96785202,0.033626842,0.20454371,0,0.3092919,0.26180432
4l80_OXL_F_402,0.99232612,0.93433118,0.03693363,0.21308039,0.78572142,0.074205979,0.073805683
4lcq_URQ_A_603,0,0.92246362,0.050399136,0.20531909,0.97097524,0.97287356,0.97387911
4lek_1DN_X_202,0,0.99418086,0.043099528,0.19205777,0.95927662,0,0
4lo1_GAL_A_301,0.97194241,0.96615984,0.044143655,0.22843738,0.97033081,0.971706,0.97187122
4lo1_GAL_B_301,0,0.95478858,0.042299137,0.18878369,0.74117009,0.029019616,0.028775082
4lol_1YE_A_401,0.99795073,0.35984761,0.040677286,0.20830879,0.89386936,0,0
4lol_1YE_A_402,0.99567078,1,0.031406627,0.20091539,3.5719712e-09,0,0
4luu_BTM_A_704,0.00048386375,0,0.044182158,0.16765334,0,0,0
4lvb_20N_A_601,0.99175998,0.99096027,0.031490991,0.20073356,3.6617963e-07,0,0
4lxi_22J_A_301,0.90201603,0,0.045662359,0.20563412,0.75705965,0,0.75580724
4lz7_1YW_B_804,0.19717189,0.95077782,0.036622771,0.18176266,3.3472084e-09,0,0
4lz7_1YW_C_804,0,0.46074141,0.041075924,0.17229585,4.1166882e-08,0,0
4lz7_GLU_A_802,0,0.46074145,0.041075924,0.17229585,0,5.1338818e-09,5.3198566e-09
4m2c_DAR_C_402,0.97985841,0,0.041755158,0.19769121,0,0.84620049,0.17925047
4m2c_DAR_D_402,0,0,0.050254554,0.18004841,0,0.87453292,0.87531709
4m54_AE5_A_403,5.927046e-05,0,0.044186575,0.16764725,0,0,0.00052666377
4m72_M72_A_402,0,0,0.052514068,0.18564691,0.30300305,0.9478249,0.94711027
4m72_M72_B_402,0,0,0.052096852,0.18460011,0.24263483,0.93504036,0.94051593
4ma8_Z80_C_301,0,0.73788609,0.03925264,0.17502487,8.2069673e-07,0,0
4mgj_CPZ_A_502,8.6485453e-05,0.98116181,0.037626044,0.17746131,2.4505765e-05,0,0
4mig_G3F_A_802,0.95445049,1,0.031704487,0.20006996,0.0076048913,0,0.00043361116
4mig_G3F_B_802,0.98360732,0.97552988,0.034412511,0.20759047,0.47691941,0.00060186616,0.00060204633
4mig_G3F_C_802,0.95042455,1,0.031733062,0.19998613,0.0082861636,0,0.00042972899
4mju_27S_A_501,0.67541437,0.19747891,0.043311408,0.198193,0.82674956,0.0001687637,0.00017287432
4mog_G3F_A_802,0.94564143,0.92957132,0.032197233,0.19907218,0.0008515307,0.0012490775,0.0012544621
4mol_2FG_A_802,0,0,0.051218117,0.18505151,0.94412743,0.27206927,0.17548204
4mol_2FG_B_802,0.0084512268,0.62162311,0.041099229,0.17628161,0,0.16115853,0.1548681
4mol_2FG_D_802,0.0070901202,0.44081934,0.043785652,0.17847678,0.23393983,0.19516187,0.17331627
4mop_2H5_A_802,0.011034262,0.49796735,0.040861305,0.17322965,2.4594775e-06,0.028358126,0.0024081128
4mop_2H5_C_703,0.95564687,0.59354822,0.03775573,0.2050114,0.59579586,0.0005141431,0.00051532968
4mpr_TPP_A_602,0,1,0.043642241,0.19041688,0.066398459,0.82827071,0.83147879
4mr7_2BV_A_501,0,0,0.044319551,0.16799186,0.02319336,0,0
4mr8_2BW_A_507,0,0.95022785,0.037839267,0.17716315,0.00041973873,0.00050932403,0.00053486694
4mux_2E4_A_402,0,0,0.048234085,0.17817828,0.69855967,0,0
4n36_2F8_B_401,0,0.96049557,0.048165191,0.20095494,0.75492842,0.86585288,0.871185
4n36_2F8_C_401,0,0.95707559,0.044158506,0.19024033,0,0.91923255,0.91756857
4n36_2F8_D_401,0.95954446,0.9240054,0,0.22295626,0.80176874,0.80499103,0.82354371
4n4j_HG1_A_605,0.96596352,0.94848261,0.033909294,0.2048486,0.34090253,7.5086421e-05,8.2795518e-05
4n4j_HG1_A_606,0.5819457,0,0.040623393,0.18124162,6.1360333e-09,0,5.7641084e-08
4n4j_HG1_A_607,3.3184418e-08,0.90865764,0.038111284,0.17673398,3.2952515e-05,1.2281019e-10,2.4527108e-10
4n94_2HO_A_401,0.0019292408,0.99624085,0.037542886,0.17773049,0.005013606,0,0
4n9v_AZA_A_401,0.017437472,0.97544483,0.044482458,0.19196328,9.354593e-09,0.99818906,0.99818656
4n9v_AZA_A_402,0,0.69008367,0.039572198,0.17454662,5.1500805e-07,2.7575916e-06,2.7624551e-06
4ndn_PPK_A_406,0.90226474,0,0.038773302,0.18897497,0.0068493319,0.010234755,0.010142655
4ndn_PPK_C_404,0,0.94931982,0.037907102,0.17728063,0.00051717749,0.0093365419,0.009351784
4nf4_2JK_A_301,0,0,0.05686241,0.19677629,0.99571387,0.99558671,0.99543615
4ni1_2JX_A_203,2.3874317e-06,0,0.044186161,0.16764428,9.7643079e-06,0.00014496389,0.00014336016
4ni1_2JX_A_204,0,0,0.044358409,0.16809286,0.029865494,5.3013031e-05,0
4nir_6DH_A_307,0.99514521,0,0.038094457,0.19089774,1.4013414e-09,0,0
4nir_6DH_A_308,0,0,0.044229193,0.16775673,0.0076040251,0,0
4nkw_PLO_A_601,0.98700299,0.99535151,0.031490751,0.20066633,2.1286123e-07,0,0
4nkw_PLO_B_601,0.99066857,0.9938415,0.031478411,0.20073688,2.0627168e-07,0,0
4nkw_PLO_C_601,7.6450406e-07,0,0.04993832,0.18261308,0.99258858,0,0
4nkw_PLO_D_601,0.98034375,0.99394282,0.031540925,0.20049661,1.8629093e-07,0,0
4np7_DPJ_A_403,0,0,0.056044708,0.19485294,0.91772187,0.94195671,0.94365657
4npm_SIN_A_301,0.99523311,0.40064671,0.041005651,0.20945449,0.96441396,0,0
4npm_SIN_B_301,0.99470736,0.68122719,0.039053142,0.21204094,0.95058507,0,0
4nr9_ALY_A_2005,0.87533355,0.98503991,0.032264844,0.19801001,0.0037448917,2.9051413e-09,1.0496015e-08
4nv0_MG7_A_403,0.97470418,0.25473342,0.042066152,0.20830673,0.99518081,0,0
4o7g_ASC_A_303,0.10506859,0.83793357,0.04044267,0.18326507,0.014702431,0.33466706,0.33136759
4o7g_ASC_B_303,0.98358203,0.97739772,0.031703572,0.20059376,0.012399145,3.8624993e-07,3.6517667e-07
4o7g_ASC_B_304,0.12732296,0,0.043435004,2.6980964e-56,0.0017570331,0.0017746249,0
4o95_245_A_602,0.93665459,0.98405158,0.031874442,0.19937668,8.0319187e-07,4.7233173e-08,4.3826212e-08
4ocj_NDG_A_401,0,0,0.056769268,0.19656014,0.98777253,0.98897583,0.98846261
4ofu_DHT_A_1001,0.99281794,0.27169188,0.041817702,0.20881408,0.99005079,0,0
4ovl_1TD_B_308,0.9966803,0.95866923,0.031676728,0.20052545,0,0,0
4ox5_DAL_A_307,0,0,0.049208021,0.17840295,0.15291809,0.598305,0.59426775
4oxy_1TN_A_302,0.98129797,1,0.031494909,0.20058033,5.4457692e-05,0,0
4oxy_1TN_B_302,0.98677158,0.98767604,0.037256675,0.21545105,0.98568679,0,0
4oxy_1TN_D_302,0,0,0.049915445,0.18255353,0.98864134,0,0
4p7q_NAG_A_703,0.084504057,0,0.050035161,0.18263575,0.0017362879,0.92021658,0.9125523
4p7q_NAG_A_704,0,0,0.044185214,0.16764228,1.6376658e-05,2.980487e-08,0
4p8c_Y22_A_502,0.99552788,0.97189381,0.03159538,0.20063084,2.6849032e-09,0,0
4pb4_PLP_A_401,0,0.94958664,0.037837499,0.177143,0,0,0
4pb4_PLP_B_401,0,0.81198516,0.038757312,0.17576624,0,0,0
4pbr_2L7_A_401,0.99532386,0.98982832,0.037073928,0.21537054,0.96567063,0,0
4pik_MAN_A_501,0,0.96623289,0.045452054,0.19631622,0.99454936,0.28940064,0.27597947
4pik_MAN_A_502,0.9902741,0.97879827,0.031745911,0.2009552,0.012903344,0.012925779,0.012946514
4pik_MAN_B_503,0,0.97859407,0.045876327,0.19761287,0.98873006,0,0.72453528
4pik_MAN_C_503,0.76768728,0.98020728,0.045596985,0.22448978,0.99442552,0.99472734,0.99424236
4pik_MAN_D_503,0,0.97858034,0.038200059,0.17860278,0.010066564,0.072082555,0.07149762
4ptx_BGC_A_501,0.99132429,0.98803223,0.038292618,0.21776673,0.99392041,0.14740896,0.14621366
4ptx_BGC_B_501,0.9378411,0.97701658,0.037858142,0.21469107,0.99143986,0.028726199,0.028180783
4pxd_1AL_A_502,0,0.97824081,0.050343376,0.20660976,0.9971479,0.99723205,0.99719807
4q3a_2YC_A_904,0.86737563,0.98231189,0.037613005,0.21153957,0.91490274,0,0
4q3a_2YC_B_904,0,0.98686118,0.043268112,0.1922959,0.97992052,0,0
4q3a_2YC_C_904,0.92837893,0,0.043984382,0.20360092,0.94567573,0,0
4q3a_2YC_D_904,0.95388296,0,0.043962273,0.20454559,0.9687919,0,0
4q40_VAL_A_403,0,0,0.044185122,0.16764204,5.8593925e-07,0,0
4q40_VAL_B_403,0,0.00019816725,0.044183799,0.16764403,3.6309704e-07,8.2874211e-07,0
4q40_VAL_C_404,0,0,0.044185224,0.16764225,4.1151926e-07,1.5460987e-05,1.4088198e-05
4q40_VAL_D_403,0.99675676,0.99115117,0.033568858,0.2063397,0.36322147,0.00064083493,0.00063821345
4qbz_D80_A_917,6.5425734e-05,0.48378628,0.04122845,0.17316076,0.010785658,0.034920239,0.033174843
4qbz_D80_B_901,0.99623849,0.9781326,0.041504023,0.2241037,0.99207644,0.99209185,0.21661766
4qe1_RUU_A_403,0,0,0.048025128,0.17763182,0.66167179,0.00070058129,0.00069800512
4qpe_37E_A_901,0.99374267,0,0,0.20049839,0.63849856,1.0164431e-06,9.8130057e-07
4qxc_OGA_A_600,0.99713744,0.98663997,0.031490596,0.20082367,7.3929275e-05,0.00046178909,0.00046379457
4qya_LU2_A_201,0.98717476,0,0.038143239,0.19071148,2.03726e-11,0,4.8022599e-08
4qya_LU2_B_201,0,0,0.044185124,0.16764205,9.3388017e-07,1.9953127e-09,0
4r08_URI_A_901,0,0,0.044185267,0.16764242,2.557471e-05,0,0
4r08_URI_B_901,0.98503086,0,0.040683975,0.19723875,0.436084,0,0
4r2n_PHE_D_402,0.74142151,0.96054985,0.033357041,0.19491895,0.022532918,1.4352776e-08,1.5079407e-08
4r2n_PLP_A_401,0,0.47687229,0.053410257,0.20071649,0.97958681,0.95372159,0.97918659
4r2n_PLP_B_401,0.9848017,1,0.043580557,0.22860522,0.98075028,0.8856139,0.98065689
4r3n_3GQ_B_404,0.86026705,0.95777435,0.033023345,0.19864466,0.087253294,0,0
4rg3_ECE_A_603,0.39722291,0.98836796,0.047537464,0.21529027,0.97367801,0.97258257,0.97253955
4rii_TYD_A_401,0,0,0.049499717,0.18147172,0.91691665,0,0
4rii_TYD_B_401,0.94001228,0.22908923,0.042454245,0.20728181,0.99723792,0,0
4rje_PYR_B_402,0.99591366,0.92116628,0.044176909,0.22827249,0.96169063,0.9615893,0.96159897
4rje_PYR_D_402,0,0.8902379,0.046660158,0.19685893,0.89271597,0,0.94165
4rkz_3S4_A_402,0.98471835,0.91618871,0.036033279,0.21019471,0.67862861,0.0013919428,0.017688802
4rm3_FOA_A_1000,0.97910876,0.99066461,0.038612686,0.21496134,0.040549919,0.98023675,0.98233621
4rm3_FOA_B_1000,0.98819616,0.99223581,0.037430434,0.21285403,0.023662431,0.83188786,0.83713343
4rp9_ASC_A_501,0,0.93065976,0.044652402,0.0047800268,0.00059072088,0.96175507,0.96157962
4rql_SNE_A_505,0.99305665,0.89078395,0.032191403,0.19986229,0.0066785632,0,0
4rql_SNE_B_502,0.98532899,0,0.040503786,0.19678158,0.40531124,0,0
4rvg_TYD_A_502,0.9743768,0,0.043714772,0.20470686,0.94773118,0,0
4s38_CDI_A_900,0,0,0.044214938,0.16771944,0.0050901669,9.0593954e-05,0
4tq4_DMA_A_403,0.95627539,0.83452901,0.036054206,0.20528446,0.00037300084,0.0081736772,0.94689402
4tq4_DMA_C_403,0.95790485,0.55932884,0.039719006,0.20613979,0.0060718716,0.73722447,0.73320581
4tq4_DMA_D_403,0.9842704,0.91636666,0.036836985,0.20967823,0.016302459,0.68146827,0.67556563
4tqi_6BD_A_201,0.92487826,0,0.038524539,0.18925571,1.1004356e-06,4.4676309e-06,0
4tqi_6BD_B_201,0.95377808,0,0.038347641,0.18993103,2.1020935e-08,4.0254379e-07,0
4trj_665_A_501,0.87354375,0.97642702,0.032318865,0.19784426,0.0012420697,0,0
4tsk_TLA_A_404,0,0,0.044242785,0.1677649,0.0015403094,0.007003036,0.0070485528
4tyv_BGC_B_701,0.0043567237,0.94268702,0.037934099,0.17735926,0.0079766368,0.0044681215,0.004443237
4u2a_A2G_A_303,0.99307719,0.92950045,0.044434429,0.95718719,0.98926857,0.98890218,0.98895915
4u7g_K17_A_303,0,0.95633956,0.037802018,0.17723092,8.8602677e-06,8.0255186e-06,0.0027742723
4u7g_K17_B_303,0,0.96404198,0.037740958,0.17728782,3.2205703e-06,3.2808022e-06,1.6533587e-05
4u8p_UDP_A_603,0.89250141,1,0.032038096,0.1985045,5.873032e-06,0,0
4u8p_UDP_C_603,0.97078699,0,0.038243653,0.19032881,1.9734331e-05,0,0
4u8y_MIY_B_1102,0,0.48883696,0.040973735,0.17285948,0,0.026883384,0
4ubp_HAE_C_800,0,0.96412458,0.049262578,0.2040058,0.97836021,0.8431804,0.84384405
4uc9_ASP_C_1300,0.70422773,0,0.039875107,0.18409957,2.171486e-05,0,0
4uc9_ASP_D_1300,0,2.9363854e-06,0.044185101,0.16764207,3.2324417e-09,3.8153916e-07,0
4uch_OLW_A_800,0,0.9817659,0.037622393,0.17746496,1.6165646e-08,0,0
4uch_OLW_B_800,0,0.9800868,0,0.17745097,1.0721144e-06,0,0
4ud9_FQI_H_1257,0.99553818,0.99824518,0.03722544,0.21598803,0.99684691,0.004033556,0.0041502751
4udc_DEX_A_1778,0.99319767,0.30282152,0.041809654,0.20962746,0.99512038,0.047045997,0
4ug6_H4B_A_902,0.4849042,0.98518447,0.034631747,0.18883097,1.4144579e-07,3.3565817e-10,3.3907886e-10
4ug6_XFJ_A_904,0.038658154,0.97219741,0.037449753,0.17827263,4.008391e-09,1.7870893e-09,9.8059185e-09
4ug7_1EV_A_904,0.96100584,0.94913861,0.031958782,0.19959643,7.4270546e-07,1.1037441e-09,1.1954215e-09
4ugg_S5D_A_904,0.10672969,0.97986887,0.036981848,0.17994016,6.972228e-09,7.5578847e-09,1.2449659e-08
4uoc_NCN_A_400,0.88952884,0.20995137,0.042785616,0.2056488,0.97957049,0,0
4uoc_NCN_B_400,0,0,0.049737382,0.18209017,0.95792048,0,0
4upd_7P9_A_1550,0,0,0.048910408,0.17974097,0.76024999,0.095689316,2.2784387e-05
4upd_7P9_B_1550,7.8624181e-05,0,0.044184812,0.16764424,0,0,5.057529e-05
4uqs_INE_A_904,0.99602178,0.98460568,0.031508042,0.20077116,7.6627665e-05,3.1063579e-05,3.0684545e-05
4ur9_BK9_A_1717,0.99030694,0.99511855,0.031892441,0.20183503,0.072516129,5.7195987e-06,5.7791018e-06
4ur9_BK9_B_1717,0.0012290962,0.99591362,0.037529575,0.17765937,0.0015978673,2.369465e-06,1.7833965e-06
4ur9_OAN_A_1718,0,0,0,0.1854963,0.97740844,0.21911917,0.21932456
4uy7_HIS_A_800,0,0,0.048720722,0.17685316,0,0.79507028,0.51130064
4uy7_HIS_B_800,0,0,0.051741271,0.18463912,0.47961638,0.68777183,0.68924053
4uzi_IMD_B_1455,0.86494796,0.64089495,0.03460723,0.19426767,8.9129817e-06,0,0
4uzi_IMD_B_1456,0.8941696,0.99299115,0.037507131,0.21260957,0.93724548,0,0
4v2z_Y70_B_151,0.99349922,0.99131937,0.037262989,0.21583167,0.99808184,0,0
4v2z_Y70_C_151,0.98637397,0.98745801,0.032460536,0.20294891,0.15754756,0,0
4v36_LYN_A_1851,0,1.1230582e-09,0.044185119,0.16764204,2.1146423e-09,1.957567e-09,1.9726198e-09
4v3w_E2Z_B_800,0.19068595,0.98831743,0.036411529,0.18198668,1.3316878e-13,0,0
4w1v_3GS_B_502,0,0.37951454,0.042456849,0.17389974,0.13109496,0.036900178,0
4wbd_CIT_A_602,0.89966864,0.97166556,0.043061798,0.00024705773,0.7018558,0.97916952,0.97958002
4wca_CIT_A_401,0,0.85602974,0.039010822,0.17756611,0.073860612,0.016717042,0.017833404
4wdd_CIT_A_401,0.98767434,0.92971153,0.032841004,0.20239938,0.15536286,0.0021793975,0.0021672794
4wdx_WDX_A_402,0,0.46022769,0.041082519,0.17229986,0.00058387903,0,0
4wdx_WDX_B_402,0,0,0.049820894,0.18230749,0.97232857,0,0
4wmz_TPF_A_602,0,0.98900676,0.037574056,0.17753758,1.1269131e-05,0,0
4wqq_MAN_B_204,0.017094036,0.95570808,0.038008128,0.17839794,0.045734904,0.0073662928,0.0073612754
4wqq_MAN_D_204,0.81890647,0.95995344,0.033326678,0.19778658,0.073111727,0.021003208,0.021299423
4ws1_URF_A_301,0.035058805,0,0.043970643,0.16846152,3.8771334e-07,2.7300729e-05,0
4ws2_6UA_A_303,0.11268026,0.9576682,0.037740723,0.18154045,0.11160692,0,0
4wua_3UL_A_701,0.98708508,0,0.038143788,0.19070939,0,0,0
4wxb_CIT_A_501,0.79853253,0.96946531,0.039075634,0.21127556,0.76652937,0.26065163,0.26274747
4wxb_CIT_B_501,0.90996692,0.97124322,0.037361496,0.20933187,0,0.75484099,0.7553303
4wxb_CIT_C_501,0.31199923,0.67509249,0.037794614,0.18164014,0,2.0089921e-07,2.1206378e-07
4wxb_CIT_D_501,0,0.89851491,0.040523284,0.18134937,0.018699635,0.64130999,0.00048475968
4x2f_3WJ_A_601,0.99857514,0.98539369,0.037236304,0.21579933,0.99200375,0,0
4x36_CHT_A_408,0.99463491,0.97509629,0.031932984,0.20156201,0.060996447,0,0
4x36_CHT_A_409,0.99646917,0.97188093,0.037320088,0.21556435,0.98865111,0,0
4x36_CHT_A_410,0.95947472,0.94872947,0.032046065,0.19975218,0.012970805,0,0
4x36_CHT_A_411,0.87202325,0.92654684,0.032914546,0.19796788,0.04488214,0,0
4xf0_CYS_A_502,0.99501274,0.94212112,0.044143954,0.22869327,0.96923581,0.96974753,0.97012731
4xh4_PPI_A_504,0.99779281,0.98414873,0.036496559,0.21380951,0.86211515,0,0
4xp2_TT4_A_401,0,0.98063021,0.037644342,0.17749065,0.0023823017,7.861235e-05,7.968525e-05
4xpq_FUL_A_1002,0.99573926,0.97736956,0.031557568,0.20069077,9.6600138e-06,4.1120149e-06,4.0538942e-06
4xpq_FUL_A_1003,0.017863074,0,0.050852899,0.18191688,0.0014670546,0.9758683,0.97555087
4xpq_FUL_A_1004,0.0056294515,0,0.044166271,0.16780778,0.00046264559,0,0.0037429782
4xti_IMP_A_601,0.96372754,0,0.043689112,0.20422161,0.93205912,0,0
4xti_IMP_B_601,0.96915676,0,0.043622189,0.20426081,0.926246,0,0
4xv4_25T_A_302,0.99781225,0.99723952,0.034376116,0.20703009,0.010143747,0.41737998,0.42025833
4xv4_25T_A_303,0.77106562,0.99754875,0.04361313,0.22097804,0.99796524,0.7249455,0.72554105
4xz9_G3P_B_302,0.9904519,0.94481558,0.034542713,0.20707243,0.39112219,0.12698805,0.0074782438
4xzh_48I_A_402,0.99561665,0.98719046,0.031492585,0.20078596,0,0,0
4xzh_48I_B_402,0.99490213,0.99381686,0.031452667,0.20083557,6.5610199e-07,0,0
4y14_C0A_A_407,0.96805373,0.98888046,0.044204847,1.7355343e-72,0.9954446,0.97565494,0.97576256
4y14_C0A_B_404,0.97211292,1,0.042812975,0.9913896,0.95733781,0.83166408,0.83172858
4y6n_3PG_A_402,0.98158737,0,0.043628132,0.20475867,0.93853534,0.0016738038,0.0014364564
4ynu_LGC_A_602,0,0,0.044317193,0.16793166,0.0059438459,0.013065699,0.015088213
4ynu_LGC_A_603,0.003144213,0,0.044165882,0.16771553,2.5022509e-07,0,1.6143967e-06
4ysx_MLI_E_701,0.98895814,0.93643956,0.038358976,0.21656721,0.98534629,0.11557525,0.10787287
4yu7_DHC_A_203,0.43601167,0.12943757,0.040676047,0.17919067,0.0042653599,0,0
4yu7_DHC_A_204,0.57327386,0.88076034,0.005383885,0.18985352,1.507307e-08,0,0
4yu7_DHC_B_203,0,0.83104606,0.038629898,0.17595696,1.9919171e-07,0,0
4yu7_DHC_B_204,0.065174607,0.87599011,0.037930578,0.17792973,1.2759985e-06,0,0
4ywb_OXD_C_704,0.9971287,0.84385435,0.032441878,0.19938817,5.8043281e-05,9.4840629e-06,9.1255734e-06
4ywd_NTM_A_704,0.044634742,0.94738022,0.037583833,0.1781764,0.00082228475,0,0
4z1d_PEP_B_300,0.88488139,0.94770958,0.038893361,0.21116462,0.04670795,0.87409549,0.91020797
4z2w_AKG_A_401,0.99517206,0.87459617,0.037943638,0.21129304,0.00041255541,0.81964589,0.82176603
4z69_DIF_A_1006,0,0.43761168,0.046025631,0.18442204,0.82222964,0,0
4z69_DIF_A_1007,0.9943386,0.98504842,0.031514726,0.20073466,0,0,0
4z69_DIF_A_1008,0,0,0.044268804,0.1678598,0.014437936,0,0
4z69_DIF_I_1006,0.97985257,0.4758969,0.035007232,0.19530284,6.2971082e-05,0,0
4z6p_DHY_C_403,0.98436267,1,0.043787833,0.22906628,0.99711357,0.90128405,0.99694303
4zb2_FRU_A_404,0,0.92363692,0.038011252,0.17688411,4.9786474e-05,3.665518e-08,3.7184125e-08
4zb2_GLC_A_403,0,0.75531922,0.041452077,0.18108652,0.35648588,0.036047604,0.035948937
4zb5_GLC_A_403,0.98060384,0.034694196,0.038446631,0.19191705,4.8949895e-05,0.07168745,0.070965102
4zbc_FRU_A_409,0.99597874,0.94106988,0.031800051,0.20033655,0.00023153372,5.5458109e-06,6.6816229e-06
4zbc_FRU_B_408,0.0056344966,0.97584926,0.037641534,0.17756767,0.00045318814,0.0016547124,0.001646051
4zbc_FRU_B_409,0,0.87942438,0.038306507,0.176441,2.5275219e-08,1.2959161e-08,1.1156819e-08
4zbc_GLC_A_407,0,0.15587005,0.045003369,0.17470163,0.3476107,0.0010345115,0.0010367392
4zbc_GLC_B_406,0,0.45820549,0.041148297,0.17240816,0.0061617544,0.003025409,0.003019102
4zbc_GLC_B_407,0.081255711,0,0.043687817,0.16954094,9.5312856e-07,1.1450016e-06,1.1673423e-06
4zdz_TPF_A_602,3.7063607e-05,0.99033853,0.037565017,0.17755201,2.6890642e-05,0,0
4zhd_4OZ_A_202,0,0.79465962,0.038873133,0.17559291,1.0505516e-06,0,0
4zhd_4OZ_C_202,0.015308782,0.70443927,0.039382522,0.17504797,5.2323397e-07,0,0
4zib_4OG_A_512,0.078209433,0.97114356,0.041913275,0.19141296,0.81063047,0,0
4zjz_BEZ_A_1001,0.99225216,0.98938959,0.037246504,0.2156869,0.99169519,7.8630469e-08,7.4747403e-08
4zjz_BEZ_B_601,0.99635403,0.98838298,0.037242179,0.21580924,0.99411853,8.5791979e-07,8.4606511e-07
4zo7_BGC_A_805,0.76289475,0,0.039515954,0.18547032,6.2179074e-07,5.0249144e-06,4.6578789e-06
4zo7_GLC_A_806,0.99400109,0.8277337,0.045238529,0.22827028,0.99503436,0.99505388,0.99504636
4zqp_IMP_A_601,0.99112463,0,0.043419622,0.20459693,0.91449427,0,0
4zsy_RW2_B_502,0,0,0.049562716,0.17872443,0,0.56131053,0.99031391
4zsy_RW2_C_502,0,0,0.05625324,0.19555058,0.99101208,0.83850521,0.99436256
4zsy_RW2_D_502,0,0,0.044185167,0.16764214,0,0,1.3975031e-05
4zu3_4SD_A_301,0.9567195,1,0.04271896,0.22526896,0.81227243,0.91686176,0.91845638
4zu3_4SD_B_301,0.93852138,1,0.043495794,0.22653683,0.91529896,0.92761038,0.92738975
4zu3_4SD_B_302,0.95106907,0.9631664,0.042360268,0.22369096,0.94175236,0.70108251,0.71791004
4zu3_4SD_C_301,0.030118337,0.53585849,0.052146311,0.20086789,0.93362789,0.91729175,0.91737285
4zu3_4SD_D_301,0.098106271,0.6213498,0.0510078,0.20277422,0.89565204,0.92454201,0.92144207
4zu3_4SD_E_301,0.98420085,1,0.043029903,0.22717907,0.90159167,0.91237303,0.91181571
4zu3_4SD_F_301,0.98242217,1,0.042820163,0.22660681,0.87708507,0.90208511,0.89943864
4zvv_GN0_A_405,0.40960682,0.7820357,0.043103956,1.1599832e-45,0.97904804,0.28261353,0
4zvv_GN0_B_404,0.81865592,0.18937996,0.043645232,0.20455647,0.99547552,0.056892135,0
4zvv_GN0_C_403,0,0,0.050509905,0.1837513,0.99384059,0.16361884,0
4zvv_GN0_D_403,0,0,0.050415858,0.18351418,0.97973805,0.15980916,0
4zvz_4TF_B_503,0.87903441,0.81991149,0.039431246,0.20944572,0.17897515,0.74024808,0.72124788
4zvz_4TF_C_503,0.97449052,0.82818961,0.033168096,0.19970767,0.0056445703,0.064926983,0.064993554
4zvz_4TF_D_503,0.7568858,0.85398393,0.0398739,0.20788685,0.52164871,0.433653,0.43304494
5a02_GOL_B_1342,0.99563457,0.75620879,0.033040222,0.19848407,0.00034967447,0.00024560851,0.00024366674
5a02_GOL_C_1341,0.99558525,0.84873149,0.032422441,0.19941046,0.00066432178,3.9482064e-05,3.7947752e-05
5a02_GOL_D_1341,0.99496701,0.58751,0.034168392,0.1967721,7.2261559e-06,1.1621411e-05,1.1294917e-05
5a02_GOL_F_1342,0.99547269,0.84756922,0.032426926,0.19938598,1.3083337e-05,1.0009698e-05,1.0092719e-05
5a2r_MLT_A_1615,0,0.90303237,0.038428659,0.17740571,0.048298263,2.5113644e-06,2.549425e-06
5a66_3PO_A_1000,0.98577299,0.80998541,0.039610149,0.21283153,0.00010782283,0.99062928,0.99064232
5a7p_6Z1_B_1361,0.9926639,0,0.038117216,0.19085946,0.001306454,0,0
5a86_D7E_A_1433,0.98957987,0.98934574,0.037263443,0.21562476,0.99174548,0,0
5a8k_COM_A_556,0,0,0.044185119,0.16764204,0,0,4.6477801e-08
5a8k_COM_D_555,0,0,0.044185129,0.16764206,0,0,2.821489e-06
5a8k_TP7_A_558,0,0.98155333,0.050282909,0.20655627,0.99548915,1,0.98609124
5a8k_TP7_D_554,0,0.97442664,0.050327107,0.20645977,0.98925938,1,0.99555154
5abz_Z47_A_201,0.98239623,0,0.043495655,0.2044518,0.91839536,0,0
5ack_SVQ_A_600,0.98842987,0.78258648,0.038328425,0.21268565,0.93581828,0,0
5adi_TUE_A_800,0.99028658,0.98303656,0.031552983,0.20061987,1.5762146e-06,0,0
5adi_TUE_B_800,0,0.98780125,0.037582066,0.17752539,2.8514416e-06,0,0
5aew_BNL_C_462,0,0.48880055,0.040980435,0.17287385,0.00053173872,0.027354826,0.00049513032
5aew_BNL_I_462,0.99844431,1,0.043566758,0.22909992,0.99104103,0.88674399,0.9823986
5af9_SJR_H_1250,2.8190952e-07,5.5768495e-07,0.049834361,0.18234256,0.97465303,0,0
5afy_WCE_H_1248,0.99677034,0.99125566,0.031462572,0.20086459,0.00072854404,0,0
5ag5_DLR_A_1422,1.8081241e-05,0,0.044185074,0.16764263,1.1351478e-05,0,0
5agl_CCW_A_800,0.92788286,0.95427018,0.034952714,0.20622623,0.48746632,2.7391898e-06,2.0071799e-05
5agl_CCW_B_800,0.82902421,0.95835841,0.0334432,0.19852549,0.12736723,8.0221472e-08,9.8445202e-06
5agn_4JK_A_800,0,0.95312571,0.037814054,0.17717886,5.6689466e-06,2.5341168e-05,2.6228226e-05
5agn_4JK_B_800,2.7294901e-06,0.93870554,0.037910227,0.17703421,1.4849271e-06,1.2897988e-08,1.6326438e-08
5ahn_IMP_A_1468,0.94831195,0,0.038575575,0.19030937,0.033553405,0,0
5aov_GLV_A_1336,0,0.92334261,0.03801293,0.17688042,0,0,0
5aov_GLV_A_1356,0.25342018,0.94675033,0.036305484,0.18303696,6.9610012e-06,1.6504097e-06,1.717509e-06
5av2_KMP_A_300,0.99688126,0,0.038083836,0.19093832,6.8713438e-07,0,0
5av4_GEN_A_400,1.1952507e-06,0.91708029,0.043782493,0.19172247,0.98818979,0,0
5awd_IDQ_A_901,5.1274426e-06,4.1607498e-09,0.044185371,0.16764289,4.8913406e-05,0,0
5b4o_6DQ_A_201,3.9933693e-06,0.93239412,0.04169353,0,0.64306672,0,0
5b4o_6DQ_B_201,0.91413971,0.98808155,0.037294351,0.21270608,0.91596001,0,0
5b4o_6DQ_B_202,0.25459049,0.94140142,0.037943472,0.18719878,0.27767462,0,0
5b4o_6DQ_C_201,1.2912694e-06,0.93000866,0.041491361,0.18611471,0.6078156,0,0
5b4u_MLA_A_302,0,0.93913408,0.037914547,0.17705307,0,0.0010590099,0.0010097194
5bk9_SIN_A_301,0.99492289,0,0.043473206,0.20488562,0.9277497,0,0
5bkd_AKG_A_502,0.9889843,0.98298466,0.035170096,0.20997973,0.62261497,3.8693564e-06,3.7492852e-06
5bkd_AKG_B_502,0.97236046,0.89527235,0.035660799,0.20820008,0.58856697,1.4505428e-06,1.4474867e-06
5bkd_RCF_A_503,0,0.46074145,0.041075924,0.17229585,0,0,0
5bwd_FUM_A_901,0.025442201,0,0.049357199,0.18210062,0.91919363,0,0
5bwr_4VT_A_402,0,0,0.044185211,0.16764223,1.7144744e-08,0,2.6624167e-05
5bwr_4VT_B_402,2.370869e-05,0,0.044184993,0.16764263,3.847832e-07,0,4.9928011e-06
5c38_DA8_A_403,0.8342698,1,0.03239455,0.19714363,1.167558e-05,3.4928936e-09,4.1242047e-09
5c4i_TPP_C_402,0.10518923,0.99098744,0.04647593,0.20002631,0.46208042,0.92347141,0.99666659
5c4i_TPP_F_402,0.12796442,0.93954369,0.046418374,0.2005303,0.45696125,0.92554657,0.99580665
5c8w_PCG_A_302,0.99197156,0,0.043895444,0.2058684,0.99748107,0,0
5c8w_PCG_B_303,0,0,0.04994796,0.18263814,0.99425099,0,0
5c8w_PCG_C_302,0.98628668,0,0.043928907,0.20573209,0.99725159,0,0
5c8w_PCG_E_302,0.90661575,0,0.044413483,0.20386233,0.99672699,0,0
5cak_4Z9_A_802,0.97813324,0,0.04899161,0.2154273,0.88575084,0.8155807,0.81595932
5cfw_53W_A_201,6.2280362e-05,0.97609097,0.03773007,0.17759211,0.012098236,0,0
5cga_KP6_A_301,0.99670158,0.98172379,0.037262695,0.21569383,0.99034609,0,0
5cga_KP6_B_301,0.99601473,0.98382462,0.035044812,0.20995301,0.60939695,0,0
5cga_KP6_C_301,0.99698746,0.98213717,0.037245106,0.21567062,0.98809012,0,0
5cga_KP6_E_301,0.99686063,0.96607774,0.036910743,0.21435552,0.91174818,0,0
5cga_KP6_F_301,0.99586843,0.9762993,0.037279224,0.21555547,0.98606218,0,0
5cga_KP6_H_301,0.99648687,0.98654367,0.037238228,0.21575379,0.99145683,0,0
5ci9_549_A_401,0,0.00047604393,0.044181939,0.1676468,3.1141058e-07,0,0
5ci9_549_A_402,0.91531654,0.98041395,0.032029362,0.19884165,2.0183795e-06,0,0
5cjn_52F_A_809,0.99020367,0,0.039725603,0.19494814,0.27620025,0,0
5clo_NS8_M_101,0,0.98830412,0.041203287,0.18476528,0.0062618977,0.97555121,0.05487094
5cpn_531_A_401,0.9526016,0.95912631,0.031949978,0.19951693,0.0011261313,0,0
5cpn_531_B_401,0.99198861,0,0.038122508,0.1908467,0.0015063447,0,0
5cpp_ADO_A_422,0.99587133,0.96500324,0.03296507,0.20401975,0.22872553,0,0
5cr1_STL_B_201,0,0.99110272,0.037559982,0.17755838,2.3943964e-07,0,0
5d41_57N_A_1103,0,0.98561914,0.038161546,0.17862403,0,0.15988205,0
5d8u_0N8_A_203,0.96603555,0.98452081,0.031691478,0.20006797,2.3288307e-08,2.8469653e-08,2.5664386e-08
5d9w_ASC_A_301,0.19998192,0,0.045818559,0.17970107,0.47769333,0.013877261,0.011661129
5ddu_PMP_A_601,0.98996833,0.98548249,0.03180475,0.20123445,0.016526033,0.024491113,0.024633794
5ddu_PMP_B_601,0.21266363,0.98889566,0.043384966,0.1973283,0.08820023,0.95145058,0.95153077
5ddu_PMP_C_601,0.9915381,0.98647136,0.038238354,0.21441338,0.00067841933,0.96776627,0.96735237
5ddu_PMP_D_601,0.99385418,0.99089148,0.038576044,0.21554209,0.078194155,0.95807338,0.95747374
5del_D59_A_603,0.54678837,0.97301067,0.040009676,0.20492367,0.97914902,3.7770101e-08,3.7822159e-08
5del_ORO_A_602,0,0.85510364,0.038621649,0.17659467,0.026322163,0,0
5di7_5CQ_A_601,0.99054191,0.61022731,0.0374756,0.20609753,0.60352761,0,0
5di7_5CQ_B_601,0.98966724,0,0.043404784,0.20450105,0.91039536,0,0
5did_5CK_B_601,0,0.99679055,0.039547523,0.18240585,0.21551187,0.22267541,0
5die_5CJ_A_601,0.9934629,0.99384331,0.032407801,0.2032652,0.16329875,0,0
5die_5CJ_B_601,0,0.98932259,0.041869714,0.18872442,0.74149651,0,0
5dky_NOJ_A_1000,0,0.99009643,0.050225487,0.20663957,0.99409784,0.994114,0.99427407
5dne_ASN_A_601,0,0.98411263,0.05030115,0.20666193,0.99699319,0.99691052,0.99692051
5dne_ASN_C_601,0,0.98503793,0.050247433,0.20656204,0.99329093,0.99319027,0.99312344
5dnx_5LD_A_203,0.93684412,0.97989056,0.031914925,0.19937546,0.0023865991,0,0
5dnx_5LD_B_201,0.98986377,0.98562376,0.031538467,0.20063637,3.4394565e-05,0,0
5dnx_5LD_B_205,0,0.91687414,0.039902127,0.18161926,0.3184792,0,0
5dr9_SKE_A_401,0,0,0.044185119,0.16764204,0,0,0
5dt0_SKE_A_401,0.96918022,0,0.038253372,0.19029096,0,0,0
5dw3_TRP_A_402,0,0,0.050724343,0.18267718,0.5162837,0.51506201,0.50745142
5dw3_TRP_B_402,0,0.92723681,0.042314074,0.18546196,0.065077692,0.54880647,0.54824948
5dw3_TRP_C_402,0,0.83809189,0.041823404,0.18231838,0.030468958,0.4982665,0.35183236
5dw3_TRP_D_402,0,0.51580169,0.046743259,0.18668374,0.46244041,0.48436117,0.48326717
5dz2_212_A_404,0.98873409,0.9652972,0.031737999,0.20055425,0.0098241803,0,0
5dz2_212_B_404,0.99036767,0.94835662,0.037474708,0.21508237,0.98175431,0,0
5dzh_5KG_A_900,0.98964519,1,0.031443506,0.20077458,0,0,0
5e4o_L57_A_201,0.0010655202,0.96973711,0.042749409,0.19051879,0.87180585,0,0
5e4o_L57_B_201,0.98319123,0.97697248,0.035589107,0.21067772,0.68185981,0,0
5e4r_40E_A_504,0.66599474,0.94907426,0.034691818,0.19493814,0.10567557,0.045907592,0.044764487
5e9m_BAE_A_2001,0.99808118,0.98347443,0.03160534,0.20106175,0.014004822,0.0042430234,0.0020392714
5edh_5MF_A_803,0,0.48877259,0.040974608,0.17286009,7.7184361e-05,0.026889281,0
5edh_5MF_B_803,0,0,0.049954005,0.18265387,0.99529393,0,0
5edh_5MF_C_803,0.98998004,0.26505294,0.041907746,0.2087656,0.99538012,0,0
5eo7_SFU_A_401,0,0.90897838,0.049092618,0.20221427,0.94221486,0.84749629,0.7441878
5eo7_SFU_A_402,0,0.93662884,0.050277363,0.20538133,0.96358229,0.97562604,0.97566781
5eo7_SFU_A_403,0.01341422,0.93299468,0.041914896,0.18556602,0,0.58348336,0.58374412
5eo7_SFU_A_405,0.86463364,0.95290717,0.044399016,0,0.9272411,0.93477357,0.93485937
5eo7_SFU_B_401,0.94623429,0.93659269,0.039867676,0.2175938,0.82249309,0.43420721,0.42122763
5eo7_SFU_B_402,0.97909445,0.94413689,0.044565749,2.8103466e-75,0.99336824,0.99612178,0.9960647
5eo7_SFU_B_403,0,0.92059197,0.045277344,0.19350087,0.56777105,0.57034555,0.56993597
5eo7_SFU_B_404,0,0.95250126,0.044761684,0.19138536,0.0061792143,0.99570935,0.99585731
5eo7_SFU_B_405,0,0.95929019,0.050181154,0.20580962,0.99098463,0.96087899,0.96055797
5eo7_SFU_C_403,0.70668546,0.73820063,0.045510064,0.21595347,0.85826809,0.81217591,0.80519618
5eo7_SFU_C_405,0,0.89753061,0.050348946,0.20447784,0.92516502,0.9806174,0.98015925
5eo8_TFU_A_401,0,0,0.056482025,0.19593452,0.97604573,0.95865219,0.9555576
5eo8_TFU_A_402,0.86508143,0,0.045703997,0.20179709,0.0036373978,0.9792641,0.97902047
5eo8_TFU_A_403,0.9876577,0,0.050613049,0.21938698,0.97962171,0.97937038,0.97957955
5eo8_TFU_A_404,0,0,0.056615326,0.19623199,0.98362263,0.97038637,0.96960337
5eo8_TFU_A_405,0,0.84348533,0.051112564,0.20493881,0.98085887,0.99417401,0.98951449
5eo8_TFU_A_406,0.89876625,0,0.050289735,0.21505735,0.83137131,0.97765486,0.9789705
5eso_ISC_A_602,0.98798575,0.89353906,0.042541706,0.22401914,0.99596121,0.66531517,0.65527448
5eso_ISC_B_602,0,0,0.056471816,0.19589105,0.96883954,0.96151877,0.96180469
5ew8_5SF_B_802,0.9519242,0.28140973,0.042170267,0.20837682,0.98871276,0.048878275,0
5ezp_IPJ_A_201,0.98673532,0.98455747,0.031564543,0.20055207,6.617497e-08,0,0
5ezp_IPJ_B_201,0,0,0.044185119,0.16764204,2.4363858e-09,0,0
5ezp_IPJ_C_201,0,0.37656898,0.04166964,0.17141427,0.00029999675,0,0
5ezp_IPJ_F_201,0.99677704,1.7026874e-07,0.038671123,0.19246248,0.10121426,0,0
5f35_FLC_A_302,0.97670893,0.89337888,0.032372138,0.19968501,3.4505883e-06,0.019665981,0.019750358
5f79_4V7_A_4000,0.96011011,0,0.038310106,0.19008218,0.00021057915,0,0
5faj_DCS_A_401,0,0.48883665,0.040973739,0.17285948,3.6731228e-07,0.026883412,0
5faj_DCS_B_401,0,0,0.050496938,0.1837186,0.99189618,0.16309358,0
5faj_DCS_C_401,0,0.48883696,0.040973735,0.17285948,0,0.026883384,0
5faj_DCS_D_401,0,1,0.043779135,0.19051374,0,0.83221666,0.98276286
5fal_SKT_A_502,0,0,0.049960187,0.18266996,0.9963605,0,0
5fay_CHT_A_908,0.98010434,0.96037222,0.03750712,0.21509264,0.99036631,0,0
5fc5_PC_A_516,0.98828868,0.93064361,0.036955331,0.21316381,0.86952398,0,0
5fe1_12Q_B_901,0.99708093,0.99310914,0.037166811,0.21577118,0.98733452,0,0
5fes_9SE_A_409,0.00058938415,0.97577998,0.038396659,0.17933891,0.12730118,1.186284e-07,1.1477818e-07
5fiu_Y3J_A_1299,0,0.47684298,0.053537526,0.20100354,0.98959908,0.96329314,0.98930789
5fiu_Y3J_B_1299,0,0.47365385,0.053540769,0.20094342,0.99027605,0.96056683,0.98611511
5fiu_Y3J_C_1299,0.98945543,1,0.043968328,0.2295507,0.98340815,0.9834096,0.98388759
5fkl_TDC_A_222,0,0.93251321,0.037951628,0.17697217,0,0,0
5fli_QUE_A_301,0,0.98549107,0.038162278,0.17862251,4.0423739e-08,0.15984636,0
5fli_QUE_C_301,0,0,0.05035342,0.18335676,0.97037544,0.15727994,0
5fli_QUE_F_301,0,0,0.050344907,0.1833353,0.96909891,0.15693509,0
5fli_QUE_G_301,0.82699134,0.25566254,0.042731851,0.20421948,0.92247166,0.05084509,0
5fli_QUE_J_301,0,0.48883696,0.040973735,0.17285948,0,0.026883384,0
5fli_QUE_K_301,0.99383522,0.35007356,0.041167529,0.2092003,0.93895326,0.042718475,0
5fp9_4SV_A_1342,0.99651004,0.95046191,0.031768058,0.20053154,0.0061118203,0,0
5fqf_NGA_A_1588,0.96236063,0,0.05045881,0.21819544,0.98934478,0.92689137,0.92670362
5fuv_THM_A_1388,0,0,0.049958374,0.18266524,0.99604766,0,0
5fuv_THM_B_1385,0.97727579,0,0.043967245,0.20547776,0.99435105,0,0
5fwd_GJV_A_1446,0.97693357,0.98077474,0.04400342,0.22867559,0.9703424,0.97039775,0.96969867
5fwe_OGA_A_1358,0.99620838,0.90992515,0.036267487,0.21111611,0.73491417,0.00033863201,0.00033973026
5fwe_OGA_B_1359,0,0,0.044188683,0.16764932,0,0.00051661914,0.00051081234
5g03_OE2_A_1263,0,0.95915618,0.040563364,0.18307748,0.040872468,0.35866923,0.37743604
5g09_6DF_B_1474,0.98969785,1,0.043690394,0.22904375,0.99251462,0.8953469,0.99165245
5g09_6DF_C_1475,0,0.6214972,0.051554077,0.19957959,0.81448353,0.9484545,0.98763188
5g09_6DF_D_1476,0.9898245,1,0.042376073,0.22573876,0.79698222,0.84137135,0.98832998
5g21_YN4_A_1002,0.95834817,0.33228869,0.041098294,0.20712544,0.89426831,0,0
5g44_I6G_A_1510,0.99529456,0.0014132077,0.043824952,0.20585259,0.98994113,0.00043261275,0.00043100361
5g44_SWX_A_1511,1.3399904e-05,0.95621643,0.03779312,0.17720969,2.076966e-06,1.2245725e-06,1.261645e-06
5g44_YTZ_A_1512,0.00010079617,0.98901905,0.042766801,0.19105447,0.89602537,0,0
5g4r_LF1_B_1739,0,0.98223903,0.040976305,0.1862055,0.57918902,0,0
5g4r_LF1_C_1739,0.98728553,0.20596405,0.042541495,0.20780444,0.99647359,0,0
5g4r_LF1_D_1739,0.36085273,0.9944272,0.041108069,0.20106227,0.99701573,0,0
5g6g_H8B_A_1367,0.99125968,0.98773209,0.031515632,0.20068957,2.3138427e-07,0,0
5g6k_M94_A_904,0,0.98335847,0.037611805,0.17748104,9.852619e-06,0,0
5gnx_BGC_A_502,0,0.012735073,0.044599168,0.16906578,0.085306647,0.00067797605,0.00068479845
5gnx_BGC_B_503,0,0,0.04418592,0.16764372,0,0,0.00023209025
5goo_FRU_A_501,0.97635857,0.97909459,0.031664621,0.20025504,4.2896074e-06,3.8913104e-06,3.892378e-06
5goo_FRU_C_501,0.99390848,0,0.044770911,0.20450034,4.083696e-07,0.96136505,0.96130441
5gto_MYR_A_502,0,0.91446168,0.038072302,0.17679157,0,8.711096e-07,8.8720452e-07
5gwt_SIN_B_302,0.99454225,0.21047902,0.036847349,0.19339597,0.026944133,0,0
5gwt_SIN_C_301,0,0.22806921,0.047546238,0.18263748,0.84291507,0,0
5gwt_SIN_D_301,0.99502357,0.48420553,0.035147332,0.19649122,0.049835931,0,0
5gzz_GSH_D_301,0.98052436,1,0.03149933,0.20056144,1.8636896e-07,7.4471198e-10,7.0259186e-10
5gzz_GSH_E_301,0.89858757,1,0.032000812,0.19864664,0,1.7491373e-09,5.2959235e-09
5h24_LQG_B_501,0.93618506,0.99551025,0.031800735,0.19948039,3.6062827e-06,0,0
5h5k_C5P_A_206,0,0.97518633,0.040851087,0.18568641,0.54945172,0,0
5h5k_C5P_B_203,0.98619093,0.98134925,0.03451745,0.20812685,0.50518412,0,0
5h8f_GLU_A_302,0,0.46074168,0.041075924,0.17229586,0,3.0965378e-07,1.9111024e-07
5h8q_5YE_B_302,0.98891678,0.99544219,0.037238651,0.21570124,0.99379881,0,0
5h8q_GLU_A_302,0,0.46074186,0.041075924,0.17229586,0,4.3748714e-07,4.2929981e-07
5h8q_GLY_B_301,0,0,0.044185119,0.16764204,0,0,0
5h9i_XAN_A_301,0,0,0.056618901,0.19621457,0.97615154,0.97845374,0.97503983
5ha7_WY1_A_402,0.59192995,0.97798684,0.034139461,0.1914893,0.00050580634,0.028611957,0
5ha7_WY1_B_402,0,0.97731341,0.0376534,0.17742365,0.00021459129,0,0
5hc0_NPO_A_402,0.9968218,0.96444565,0.031724511,0.20081363,0.015055082,0,0
5hc0_NPO_A_407,0.0024416399,0.94634404,0.037844231,0.17716761,0,0,0
5hfa_FP1_A_607,0.00070349745,0.99142359,0.037560748,0.17759681,0.0012453548,0,0
5hfa_FP1_A_608,0.0055357731,0.99015668,0.037661897,0.1780152,0.022337836,0,0
5hfa_FP1_B_609,0.0041199842,0.98771627,0.037567168,0.17764619,0.0016849908,0,0
5hpu_IPH_A_101,0.99360749,0.98832659,0.03723003,0.21566816,0.98905824,0,0
5hpu_IPH_C_101,0.99534277,0.97854959,0.031552024,0.20069311,3.1054782e-07,0,0
5hss_64Z_A_402,0.97133303,0.98992821,0.034364286,0.20643359,0.18064841,0.24473154,0.24374141
5hss_64Z_D_403,0,0.97149108,0.041393743,0.18555085,0.19179703,0.37402607,0.37296076
5hss_64Z_E_402,0.90557479,0.86807189,0.040457689,0.21420994,0.35492486,0.79985757,0.80329013
5hss_650_B_402,0.99662284,0.94607063,0.031761462,0.20039844,1.3837209e-05,1.2270582e-05,1.2159889e-05
5hss_650_C_401,0.99721166,0.96225441,0.033291386,0.20484612,0.28323102,3.2362723e-05,3.1785392e-05
5htd_MYR_A_201,0.98150334,0.97166517,0.03172627,0.20039556,0.0010852526,5.4724994e-11,0.010783164
5hxi_5HN_A_403,0.99486855,0.98846321,0.035356866,0.21084704,0.6673586,2.5978356e-05,2.2305846e-07
5hyv_TPP_A_701,0.85123816,1,0.037630412,0.20848415,0.009534525,0.76560103,0.75792227
5i0d_GLC_A_1124,0.90418987,0.9889307,0.032040569,0.19866694,7.9565379e-06,6.0959707e-07,6.2300799e-07
5i0d_GLC_B_1122,0.98080117,0.99150468,0.031554533,0.20048319,1.8145499e-05,0,1.5495395e-06
5i0m_UMP_A_201,0.98195797,0,0.042329839,0.20140088,0.71679683,0,0
5i3p_68T_A_1003,0.63926864,0.20717389,0.043708647,0.19806597,0.83469176,0.054698453,0
5i5s_NVU_A_402,0.96649614,0.99177429,0.036160717,0.21191454,0.77987337,4.0015315e-05,3.8294434e-05
5i5s_NVU_B_402,0.99564549,0.99177946,0.031465472,0.20084135,0.00035780691,0.00023832251,0.00024191423
5i5t_67X_A_402,0.96197103,0.990089,0.039366006,0.21642997,0.21340523,0.93320957,0.92630777
5i5t_67X_B_402,0.99593959,0.98907564,0.038107058,0.21436293,9.2281678e-05,0.9550951,0.95594087
5i7r_68W_A_402,0.8057277,0.98304264,0.038444132,0.21129987,0.99404188,0,0
5i8z_JA1_A_302,0.98746334,0.97862476,0.037300554,0.21534441,0.9835488,0,0
5i93_69O_A_202,0.67255295,0.98940062,0.040664702,0.20981376,0.56977725,0.6215499,0.50436265
5i95_AKG_A_508,0.8047017,0.92387108,0.033085994,0.19569435,6.5355906e-06,0.00023407192,0.0002370638
5i9m_69K_A_302,0,0.98917837,0.040061108,0.18401133,0.42843656,0.00072155336,0.00071310436
5i9m_69K_B_302,0.99556728,0.9888055,0.033736895,0.20666549,0.38810506,0.00074760597,0.00077597292
5i9m_69K_C_302,0,0.9894816,0.043298289,0.19244381,0.98740314,0.00062968485,0.00061655009
5iav_MLI_A_302,0.98892606,0.64405971,0.037969254,0.20797452,0.71451342,0.00011500955,5.400759e-05
5iav_MLI_B_302,0,0.62897078,0.041334888,0.17678588,0,0,0.39216844
5ice_2H4_A_402,0,0,0.04870116,0.17939371,0.77914328,0,0
5icf_SAU_A_402,0,0.9098824,0.039979295,0.18162849,0.32372939,0,0
5igs_GMP_A_403,0.97818636,0,0.043942506,0.20544917,0.99104438,0,0
5ihe_D5M_A_701,0,0,0.044211254,0.16769555,2.2519875e-05,0.0037117511,0.0037859471
5ijz_AKG_A_502,0,0.50797969,0.04100594,0.17333711,0,0.047145273,0.023286878
5ijz_AKG_B_502,0,0.49793601,0.041001262,0.17311413,0.00096094983,0.037436028,0.012043709
5ijz_AKG_C_502,0,0.48883696,0.040973735,0.17285948,0,0.026883384,0
5ijz_AKG_D_502,0.99187262,0.65490202,0.036909896,0.20582002,0.55462288,0.00077328412,0.00075522284
5ijz_AKG_E_502,0.97827861,1,0.032946356,0.20350911,0,0.040328219,0.37438243
5ijz_AKG_H_502,0,0.084159945,0.046463754,0.17671018,0.48527209,0.063962387,0
5in3_G1P_A_416,0.98500283,0.98369825,0.037259471,0.21527611,0.97856571,0.00096699054,0.00095174312
5in3_G1P_B_418,0,0.98134431,0.042505407,0.19011491,0.82688479,0.0038948247,0.021391389
5ioq_DUR_B_302,0.00010326938,0,0.044186695,0.1676502,0.00038103628,0,0
5ioq_DUR_C_302,0.76390532,0,0.039509738,0.18549388,9.8145322e-07,0,0
5ioq_DUR_D_302,0,0,0.044187746,0.16764887,0.00045323262,0,0
5ip6_6C9_A_301,0.88842373,0,0.043985486,0.20203373,0.90367597,0,0
5irw_D9P_A_202,0.92349947,0.96752547,0.042770184,0.22315211,0.73171199,0.93181556,0.93168131
5ita_6DC_A_801,0.97928989,0.25814277,0.042014601,0.20844206,0.99488663,0,0
5ita_6DC_B_801,0.51378784,0,0.046785337,0.19459858,0.99114931,0,0
5iuy_BOG_B_503,0.86112427,0,0.044211441,0.20154896,0.91383303,4.7557496e-12,3.6326165e-12
5iuy_BOG_C_503,0.084318658,0.97060563,0.037185116,0.17933464,0.00072106536,8.1247854e-07,1.6136138e-07
5ivg_FPS_A_704,0,0.47746921,0.041127954,0.17296765,0.013631731,0.027924967,0
5j5i_6GM_A_302,0.86870557,0.99500192,0.038825843,0.2145727,0.99439326,0.2481312,0
5j5i_6GM_A_303,0,0.98802078,0.044841243,0.195497,0.994948,0.43607178,0
5j5i_6GM_B_302,0.95485162,0.99110342,0.038269069,0.21644361,0.99634598,0.2287702,0
5j5i_6GM_C_302,0.94990699,0.99640057,0.038262663,0.21637316,0.99484226,0.2309103,0
5j5i_6GM_E_302,0,0.98878924,0.044582408,0.19486585,0.95712634,0.42581243,0
5j5i_6GM_F_302,0,0.99197501,0.03812522,0.17869985,1.1065327e-06,0.16165402,0
5j5i_6GM_F_303,0.95778132,0.98841696,0.037466259,0.21487754,0.99208838,0,0
5j5i_6GM_G_302,0.89147907,0.98368478,0.038737245,0.21494409,0.99487807,0.24013692,0
5j5i_6GM_I_302,0.96099703,0.9960377,0.037426902,0.2151103,0.99748265,0,0
5j5i_6GM_I_303,0,0.98261416,0.038178724,0.1785882,7.1498723e-10,0.15904443,0
5j61_A3G_B_501,0.95025229,1,0.040227364,0.2188725,0.46672228,0.73522271,0.95303339
5j61_A3G_C_501,0,0,0.051465414,0.18555848,0.94384045,0.30120052,0.21707787
5j61_A3G_D_501,0.97440373,1,0.043098949,0.22696374,0.8917282,0.8685797,0.98591974
5j61_A3G_G_501,0,1,0.045634255,0.19504905,0.2935875,0.89180551,0.96826855
5j61_A3G_H_501,0,0.48275136,0.053307842,0.20060934,0.97075508,0.95147404,0.97737906
5jdv_EVF_B_302,0.9943729,0.98593701,0.03729114,0.21579129,0.99750222,0.00012677624,0.00012658825
5je1_TOF_A_302,0.0032439393,0,0.049946072,0.1827607,0.9973506,0,0
5je1_TOF_B_302,0.0033249225,0,0.049943506,0.1827572,0.9969934,0,0
5je5_AZ9_A_302,0.00041595415,0,0.044182573,0.16765176,0,0,0
5jeh_EVF_B_302,0.99037332,0.9302559,0.037381084,0.21434051,0.94396135,0.00064479874,0.00064346712
5jep_EVF_B_302,0.99295943,0.99046955,0.044203577,0.22998114,0.99872965,0.9987308,0.99859952
5jep_EVF_B_303,0.45918749,0.96962177,0.041447769,0.20313564,0.51415964,0.51514023,0.51538962
5jfx_6K4_A_4000,0.94136716,1,0.031738985,0.19964636,0,0,0
5jg5_EVF_B_301,0.992079,0.98036964,0.037338444,0.21567161,0.99679406,0.00014915668,0.0001483911
5jg5_EVF_B_302,0,0.98420915,0.039900247,0.18345892,0.39567733,0.00011921058,0.00010441745
5jj2_MLI_A_301,0.9768498,0.95185752,0.03860816,0.21681386,0.92516581,0.20238548,0.20184878
5jj2_MLI_A_302,0.88094184,0.86098166,0.033038662,0.19684474,7.2630691e-05,2.0313968e-05,2.1948505e-05
5jj2_MLI_A_303,0.99342226,0.93313281,0.040615496,0.21986398,0.55265081,0.79774644,0.80087995
5joy_6LW_A_602,0,0.95993939,0.037768545,0.1772472,3.3946291e-05,7.6885043e-06,7.6209818e-06
5jp9_DCM_A_401,0,0,0.049839847,0.18235681,0.97559846,0,0
5jp9_DCM_B_401,0.9815708,0.27096418,0.041846134,0.20842273,0.98209601,0,0
5jtt_6MY_A_902,0,0,0.97382811,0.19166811,0.99699959,0.63756057,0.63970914
5jtu_6NE_A_902,0,0,0.056301577,0.19566666,0.99640524,0.84141211,0.99643267
5kas_PC_A_517,0,0.93784104,0.037916014,0.17702548,0,0,0
5kcj_6RM_B_302,0,0,0.048256252,0.17823596,0.70238409,0,0
5kcj_GLU_A_302,0,0.46074187,0.041075924,0.17229586,0,4.5363194e-07,4.4607011e-07
5kcp_PFB_A_378,0,0,0.051174186,0.18504889,0.96436567,0.1994283,0.20405932
5kcp_PFB_A_379,0.98490993,0.044106051,0.037958151,0.19133144,0.010325126,0,0.01043589
5kcp_PFB_B_378,0,0,0.049735102,0.18208424,0.95752684,1.687954e-07,1.9108277e-07
5kcp_PFB_B_379,0.91561617,0.045693112,0.045086818,0.20387613,0.14157073,0.86444697,0.86263017
5kf2_COA_A_401,0.91137968,1,0.037150318,0.21113056,0.46316492,0.36469823,0.36853679
5kjw_53C_A_800,0.94584594,0.98725683,0.036233484,0.21116881,0.7654594,0,0
5kjw_53C_B_800,0.99900078,0.99665836,0.031421262,0.20099277,0.0021873312,0,0
5kjz_PCG_A_401,0.9532402,0,0.038350931,0.18991846,0,0,0
5kmj_6UF_A_901,0.00087032259,0.99438944,0.00090728579,0.19118376,0.00062762797,0.95625447,0.95626855
5kts_CIZ_A_402,0,0.023160639,0.044486933,0.16881537,0,0.046417927,0.085405541
5kxb_NGA_A_307,0.98461004,1,0.040263362,0.21970731,0.33543723,0.98670514,0.98667984
5kxb_NGA_C_305,0,1,0.04605002,0.19609476,0.30038483,0.9815442,0.98135855
5kxb_NGA_D_301,0,1,0.045862923,0.19579661,0.32640348,0.93258687,0.93289856
5l1v_7PF_A_401,0,0,0.056845581,0.19673743,0.99431958,0.99422414,0.9942777
5l7u_NGA_B_601,0.96959322,0.97647665,0.037390558,0.21481732,0.9776628,5.6162434e-05,5.6208175e-05
5l9v_OGA_A_502,0.99676817,0,0.043303482,0.20451505,0.89997525,0.00036504976,0.00037146538
5l9v_OGA_B_502,0.99753535,0.84530028,0.032435882,0.19942601,0.00045241003,0.00056429695,0.00057084481
5la1_XYP_A_601,0.99594295,0,0.043975143,0.20613969,0.98693706,0.023796233,0.023808841
5la2_ARB_B_606,0,0,0.045342104,0.17065246,0.19952281,7.4678572e-05,7.4678572e-05
5lik_W8X_X_402,0.98541046,1,0.031469534,0.2006759,1.8965233e-05,0,0
5lqs_NTM_A_302,0.04883897,0.94638099,0.037587077,0.17832267,0.0046690651,0,0
5lu8_5KN_A_306,0,1.5998133e-06,0.044185313,0.16764258,3.5290489e-05,0,0
5lwy_OLB_A_402,0.7943107,0,0.03935369,0.18628225,0.0050600677,0,0.00020885845
5lwy_OLB_A_403,0,0,0.044185119,0.16764204,0,4.2320165e-13,2.6875576e-13
5lwy_OLB_A_404,0,0,0.044185119,0.16764204,2.1533707e-15,0,5.8311891e-11
5lwy_OLB_A_406,0,0,0.044185119,0.16764204,7.6217506e-08,0,4.3040388e-10
5lwy_OLB_A_407,0,0.4888367,0.040973739,0.17285948,3.3360992e-07,0.026883432,2.5687368e-08
5lwy_OLB_A_409,0,0.46074145,0.041075924,0.17229585,0,0,0
5m0e_7CR_A_922,0.89477815,0.30154821,0.041994163,0.2061715,0.92014125,0.046853619,0
5m0t_AKG_A_302,0.99488046,0.97201306,0.031599795,0.20062014,0.00020997059,4.5728452e-06,4.8489843e-06
5m0t_AKG_B_302,0.99435051,0.92740159,0,0.20016372,0.00020001647,4.5188032e-06,1.0037154e-05
5m5a_KSA_A_404,0.9903893,1,0.044056654,0.2297689,0.9847279,0.99612388,0.99607813
5m62_BGC_A_409,0,0,0.044253344,0.16779714,0.005516375,0.010405159,0
5m66_ADN_A_502,0.98782215,1,0.043555931,0.22868447,0.98751088,0.88104432,0.97255891
5m66_ADN_B_502,0.99174247,1,0.043589158,0.22892012,0.99594017,0.88293038,0.97330705
5m66_ADN_C_502,0.9892735,1,0.043089285,0.22765405,0.94776885,0.84752166,0.93957345
5m66_ADN_D_502,0.98273753,0.81170236,0,0.21332481,0.061282038,0.96345097,0.96440149
5m8d_UGI_B_501,0.98035145,0.25833463,0.042010336,0.20847803,0.99549744,0,0
5mdh_MAK_A_335,0,0.84825966,0.046115799,0.19393816,0.70234831,0.50881286,0.50891523
5mdh_MAK_B_335,0.48841866,0.50144035,0.037843884,0.18407307,2.3498881e-07,1.1047746e-06,0
5mot_HBD_A_401,0.001269066,0.92876472,0.043388864,0.19106814,0.93509195,0,0
5mot_HBD_A_402,0.94229475,0.90821287,0.032347228,0.19875061,6.188253e-05,0,0
5mzp_CFF_A_2401,0.045077042,0.98745026,0.037543668,0.17918719,0.040571855,0,0
5n5k_8NW_A_307,0,0.8035874,0.041840942,0.18356039,0.52232736,0,0
5n5k_HAE_A_306,0.26727682,0.96926924,0.040889956,0.19612824,0.83156046,2.486857e-07,2.4947079e-07
5n63_8OW_A_401,0.98231541,0.90858496,0.037804558,0.21453454,0.98429197,0,0
5n8c_8Q8_A_403,0,0.16306468,0.045393299,0.17595937,0.39065277,0.056732649,0
5n8c_8Q8_B_403,0.78343251,0.60220628,0.038104508,0.19938703,0.47305032,0.018955837,0
5nh9_XLS_A_503,0.78732848,0.91385644,0.034792197,0.19857976,0.17136124,0.06850949,0.06352995
5nh9_XLS_B_503,0,0.43589988,0.043940323,0.1784057,0.23787657,0.19452896,0.19190741
5nh9_XLS_D_504,0.97576516,0.98896934,0.034006407,0.20585842,0.27597213,0,0.20587611
5nj0_8YW_A_301,0.98833615,0.27711143,0.041755735,0.20861367,0.98039207,0,0
5nnw_GCS_D_302,0,0,0.044185165,0.16764215,7.5903389e-06,0,6.3879794e-07
5nov_93B_A_201,0.99570964,0.99266668,0.032985807,0.20482534,0.26403636,0,0
5nuk_Z80_A_201,0.97926673,0.96381253,0.031748925,0.20016997,0,0,0
5o3b_9HZ_C_501,0,0.48883696,0.040973735,0.17285948,0,0.026883384,0
5o3b_9HZ_D_501,7.0236726e-05,0.48888249,0.040972998,0.17286152,0,0.026879433,0
5o3d_9J5_A_501,0.9679773,0.29257495,0.041591777,0.2077746,0.94692149,0,0
5o3f_9HT_A_501,0,0,0.049185796,0.18040753,0.79377123,0.11074278,0
5o3g_9J8_A_501,0,0,0.049702595,0.1817159,0.87278345,0.1309163,0
5o4j_9KH_B_302,0,0.96169539,0.037759354,0.17727143,0.00048254295,0,0
5o4j_9KH_C_302,0,0.96566868,0.037731394,0.17730754,0.00024096733,0,0
5o4j_PJL_A_304,0.24224215,0.93433296,0.03645771,0.18265338,7.6158928e-05,4.207921e-05,7.8432664e-05
5o4k_9KE_A_405,0.94895827,0.92683115,0.032184732,0.19909975,0.00053507212,0,0
5o72_9MH_A_303,0.96568365,0.97380036,0.031765294,0.19995248,2.3224154e-10,0,0
5ocm_9RH_B_302,0.0016603815,0.91880368,0.04233166,0.18805952,0.74162006,0,0
5ocm_9RH_C_302,0.0016974413,0.91761066,0.038184361,0.17723616,0.024758382,0,0
5ocm_9RH_D_302,0.001855516,0.9926915,0.04180918,0.18873212,0.7368972,0,0
5ocm_9RH_E_302,0.9950276,0.94805926,0.035919862,0.21121131,0.71807757,0,0
5ocm_9RH_F_302,0.76143858,0.99175557,0.037169624,0.2064817,0.73743566,0,0
5oew_9TE_C_301,0.75081606,0.96287768,0.033153378,0.19482192,3.1051339e-09,0,0
5oew_GLU_A_301,0,0,0.044185265,0.16764234,0,0,4.2324782e-05
5oew_GLU_B_902,0,0,0.044185283,0.16764238,0,0,4.7408746e-05
5oew_GLU_C_302,0,0,0.044185395,0.16764262,0,0,7.9825128e-05
5oip_9WE_A_302,0.93587628,0.98589462,0.037648551,0.21442202,0.99749967,0,0
5oo4_URI_A_201,0.97431333,0.25636162,0.042045913,0.20828026,0.99302518,0,0
5ooa_URI_A_201,0.98805986,0.27207132,0,0.20865548,0.98657926,0,0
5r0i_SYV_A_2501,0.99776035,0.99338809,0.031438044,0.20089809,1.4983411e-06,0,0
5r0j_RBJ_B_401,0,0.94617903,0.043351357,0.19139782,0.94736451,0,0
5r28_RDJ_A_401,0.9852464,0.97562402,0.031635377,0.20043216,5.437714e-05,0.00024665989,0.00024046419
5r9o_54F_A_401,0.99296671,0.98521549,0.036198917,0.21287457,0.80689795,0,0
5r9u_JMM_A_401,0.98952802,4.6928444e-07,0.043625736,0.20507056,0.94836922,0,0
5sga_TYR_P_1,0,0.48883696,0.040973735,0.17285948,0,0.026883384,0
5syi_NIZ_A_805,0.0015552842,0.98768055,0.037620867,0.17768417,0.0082002149,0,0
5syi_NIZ_B_805,0.95171259,0.86008703,0.032657246,0.19860877,0.0079905635,0,0
5t6b_TMP_A_504,0,0,0.049812987,0.18228691,0.97096432,0,0
5t6b_TMP_C_503,0.98733835,0.377546,0.040468095,0.20779636,0.86546893,0,0
5t6b_TMP_D_503,0,0.46074005,0.041075942,0.17229587,1.5910565e-06,0,0
5tch_MLI_A_301,0.99560524,0.68681562,0.040845298,0.21598474,0.88528734,0,0.65645534
5tch_MLI_B_501,0.99862595,1,0.035212205,0.20896107,0.049081611,0.50526223,0.51514403
5tch_MLI_C_301,0.99645158,1,0.0410357,0.22234791,0.532318,0.94376677,0.94418383
5tch_MLI_E_301,0.99810456,1,0.038424591,0.21607186,0.22376891,0.82642758,0.82725085
5tch_MLI_F_501,0.99787196,1,0.03662866,0.21234841,0.21282054,0.59708013,0.55652378
5tch_MLI_G_301,0.99705808,1,0.036784276,0.21256506,0.18721962,0.61518691,0.62485001
5tde_2HP_A_502,0.99540916,0.97430035,0.034404672,0.20723016,0.24861088,0.19945812,0.19945812
5tde_2HP_B_901,0.9961562,0.94388161,0.044265746,0,0.96861979,0.98872415,0.98793898
5tde_FLC_A_501,0.98575395,0.97183955,0.036109275,0.21184966,0.72458447,0.036585412,0.036615954
5tdt_MBN_A_502,0,0.18263659,0.044475667,0.17293627,0.11663416,0.12000425,0.12084137
5tdt_MBN_A_504,0.99857112,0.098557181,0.037414706,0.19196399,5.042636e-06,4.7428552e-07,6.9929805e-07
5tdt_MBN_D_501,0.088836549,0.99120345,0.049308028,0.20798677,0.99751706,0.94349846,0.93351141
5thu_GGG_B_405,0,0.97810953,0.037646838,0.17742839,5.5683206e-07,6.6883134e-08,5.424622e-08
5tix_OQR_A_302,0,0.97293635,0.038034854,0.17829634,0.060977967,0,0
5tix_OQR_B_302,0,0.9639552,0.038123652,0.17828133,0.065940444,0,0
5tlg_7EG_A_601,0.98490613,0.27043456,0.041847272,0.20854459,0.98530216,0,0
5tlg_7EG_B_601,0.9922672,0.2692134,0.041850454,0.20881394,0.99243756,0,0
5tm5_7EV_A_601,0,0,0.049826534,0.18232216,0.9733016,0,0
5tm5_7EV_B_601,0,0.48883696,0.040973735,0.17285948,0,0.026883384,0
5tvr_AKG_A_402,0.99076666,0.94842987,0.037845488,0.2126824,0.00053428109,0.8724767,0.87495559
5tvr_AKG_B_402,0.99751272,0.91276923,0.037783285,0.21195338,0.00055039333,0.83489415,0.83775767
5tzr_MLI_A_2403,0.97586197,0.93019761,0.031995121,0.19975576,0.00010712918,4.892547e-06,4.9461216e-06
5u5g_7VD_A_302,0.88365286,0.91119604,0.041662031,0.21733071,0.4864854,0.88752517,0.88740571
5u5g_7VD_B_302,0.86719422,0.93180979,0.042597686,0.21981776,0.69592775,0.8537781,0.85159144
5u5g_7VD_C_302,0,0.88341962,0.049133505,0.2010566,0.74006961,0.95593109,0.9364544
5u5x_TP5_A_302,0.99792246,0.98966674,0.036123167,0.21299415,0.8041954,0,0
5u5z_7VP_A_302,0.00020115681,0,0.044184503,0.16764796,1.7737456e-09,0.00017647346,0
5u8z_83D_B_602,3.3227494e-07,0.48883589,0.040973749,0.1728595,1.5370638e-06,0.026883483,0
5u8z_83D_C_602,2.5714219e-07,0.48883682,0.040973736,0.17285949,3.5625618e-07,0.026883397,0
5u8z_83D_D_602,0,0.48883692,0.040973735,0.17285948,4.3888664e-08,0.026883387,0
5uap_82S_A_505,0.042905437,0.95570769,0.037785783,0.17886213,0.043442223,0,0
5uap_82S_B_505,0.99603508,0.93715165,0.031995886,0.20074103,0.029566402,0,0
5ud0_13P_B_405,0.99341643,0.7669521,0.043329093,0.222593,0.8977546,0.74190483,0.74208696
5ud0_G3H_B_406,0,0,0.044185128,0.16764206,1.3249226e-06,4.8550065e-07,0
5ud3_P6F_A_404,0,0.85110463,0.042000179,0.18334428,0.0083527538,0.50637768,0.48991596
5ud3_P6F_B_404,0,0.78959554,0.047782616,0.19664667,0.91866482,0.53506614,0.48846927
5uda_CAE_A_502,0.47926931,0.9961013,0.035513728,0.19120377,0.15880663,0,0
5uda_CAE_B_502,0.50867144,0.9871517,0.034773239,0.19018701,0.051776905,0,0
5uim_TYD_B_403,0,0,0.046198482,0.17288122,0.3473614,0,0
5uio_8DM_A_202,0.98649564,0.96228972,0.037101895,0.21434185,0.92941387,0,0
5uio_8DM_D_202,0,0.97178992,0.043415902,0.19226753,0.98803698,0,0
5uio_8DM_E_202,0.98849882,0.97354823,0.037289805,0.21521803,0.97693308,0,0
5uio_LG3_A_201,0.9922251,0,0.0438632,0.20579446,0.99218586,0,0
5uio_LG3_B_201,0.99814409,0.32725675,0.041641505,0.20921261,0.99255094,0,0
5uio_LG3_C_201,0.9928667,0.99352153,0.037228236,0.21577672,0.99395769,0,0
5uio_LG3_E_201,0.99610047,0.99514181,0.037183968,0.215833,0.99160355,0,0
5uj3_CE4_A_302,0,0.97415116,0.037674055,0.17739075,0.0001311768,0,0
5unr_8EV_A_803,0,0.98263102,0.037616642,0.1774737,5.5719371e-06,0,0
5unr_8EV_B_803,0.65032883,0.98659967,0.033609842,0.19271101,2.9837856e-06,0,0
5unt_8J1_A_803,0.99376867,0.98032046,0.031549844,0.20067411,4.4516273e-06,1.0389526e-10,8.8451123e-11
5unx_8F1_A_803,0.97968162,0.96582153,0.031733005,0.2001999,8.3994277e-06,9.5061606e-12,3.6575773e-10
5unx_8F1_B_803,0.98437922,0.97370697,0.031651524,0.20038852,5.054284e-06,9.6259705e-08,2.2144278e-07
5uo3_8EY_A_803,0.99177634,0.9809537,0.031557817,0.20063391,5.8257169e-06,5.7524708e-07,5.6091763e-07
5uo5_M4R_A_803,0.98346452,1,0.038365059,0.21470141,9.7530062e-05,0.99151323,0.99294021
5uo5_M4R_B_803,0.9880854,1,0.043509562,0.22825974,0.88944907,0.99477095,0.99485386
5urz_BOG_B_201,0.69756857,0,0.040774207,0.18617754,0.14810985,0,0
5v31_ARG_A_401,0,0,0.04418518,0.16764216,2.2027105e-07,7.6035285e-06,9.7121824e-06
5v7y_AKG_B_302,0,0.89361154,0.043966833,0.18834636,0.00034394334,0.83289745,0.825736
5ve5_GSH_B_402,0,0.48849352,0.041402313,0.17378187,0.082177041,0.00090366598,0.00090477109
5ved_STU_A_601,0,0,0.049223208,0.1807212,0.85965169,0.0081264092,0.0078466256
5vjg_0BP_A_403,0.99877021,0.77175123,0.038675027,0.21367041,0.98581697,0.0068971911,0.00684306
5vka_AKG_A_402,0.99425499,0,0.043727316,0.20551957,0.97059111,0.00048981706,0
5vl0_BNF_A_404,0,0.98251589,0.041865479,0.1885269,0.73291573,0,0
5vl0_BNF_D_404,0,0.98820202,0.04264734,0.19071726,0.87436639,0,0
5vrj_R07_A_204,0,0.81204554,0.043177981,0.18727139,0.76275858,0,0
5vut_9OG_A_803,0.93034317,0.93234506,0.032258703,0.19871183,7.835862e-13,0,0
5vut_9OG_B_803,0,0.97247357,0.037684509,0.17737199,2.4527493e-13,0,0
5vuu_9OJ_A_805,0.0001329821,0.97742841,0.037650574,0.17742467,0,6.4182134e-10,6.8467562e-10
5vuu_9OJ_B_803,0.69973667,0.97720375,0.033370239,0.19377157,0,1.3941575e-14,4.1056667e-09
5vv0_9OM_A_803,4.6152954e-10,0.98688188,0.037601424,1.3022585e-42,3.6093483e-13,0,0
5vv0_9OM_B_803,0.7012228,0.98348631,0.033319146,0.19386916,3.5623766e-10,0,0
5vv5_9OJ_B_803,0,0.95755597,0.037784227,0.17722273,3.090196e-10,2.9443168e-10,2.9998577e-10
5vyr_B62_A_301,0.98878633,0.98331507,0.037327122,0.21559405,0.99493885,0,0
5vyr_B62_B_301,0.97738831,0.96035943,0.037560437,0.21511038,0.99237914,0.0035918544,0.0035990669
5vyr_GMP_B_302,0,0,0.04418513,0.16764206,1.9450684e-06,0,0
5vyr_GMP_B_303,0.99858409,0.99382816,0.031435164,0.20093333,0.00035778169,0.00044031685,0.00043544301
5vys_1YJ_A_301,0.99314773,0.98434714,0.044183142,3.7079378e-54,0.99217786,0.99329901,0.99284637
5vys_1YJ_B_301,0.98921784,0.9774128,0.043861814,0.99135422,0.94978735,0.98250049,0.98250282
5vys_GMP_B_303,0.97877942,0,0.03821287,0.19056277,0.0031482846,0,0
5w3k_9TY_A_401,0.99604281,0.9492589,0.037417406,0.21518099,0.97890133,0,0
5w5t_9X7_D_508,0,0,0.044202791,0.1676852,0.0020690356,0,0.0016447594
5w7b_MYR_B_208,0.98258875,0.7064787,0.03344877,0.19767289,4.7302411e-11,8.6867313e-12,5.9725503e-14
5w8q_BU4_A_400,0.99492649,0.97220017,0.041230099,0.22276511,0.75869276,0.7540742,0.75537341
5w8q_BU4_B_400,0.025831113,0.995276,0.047024199,0.20038368,0.75891852,0.7589495,0.75503505
5wct_GY4_A_303,0,0,0.044197717,0,6.8158649e-10,0,0
5wcz_NOJ_A_601,0,0,0.044199621,0.16767256,0,0,0.0041996553
5wgk_AGJ_A_816,0.9639104,0.96967884,0.035551397,0.20962209,0.64658277,0,0
5wgr_PM7_A_711,0,0.46074145,0.041075924,0.17229585,0,0,0
5wgr_PM7_A_712,0,0.98458436,0.037603688,0.17749351,2.3301768e-05,0,0
5wgv_PM7_A_712,0,0.46074145,0.041075924,0.17229585,0,0,0
5wgv_PM7_A_713,0,0,0.044185286,0.16764247,2.8890057e-05,0,0
5wgw_MB5_A_715,0.54284463,0,0.040862708,0.18032786,2.5172938e-07,0,0
5x0j_SEP_A_302,0,0,0.050953082,0.18147611,0,0.97551666,0.97571952
5x23_LSN_A_502,0,0,0.049877212,0.18245404,0.98204509,0,0
5x23_LSN_A_503,0,0,0.044187595,0.16764848,0.00042723731,0,0
5x23_LSN_A_504,0.05913547,0.52717109,0.040353195,0.1745785,9.8855416e-12,0.023556665,0
5x2m_GLN_A_951,0.93053849,0,0.042479619,0.19976454,0.68679809,0.002568986,0
5x2m_GLN_B_951,0.99257231,0.76106608,0.033033169,0.19847615,0.00088236842,0.0015163767,0
5x2m_GLN_D_951,0,0,0.044185119,0.16764204,0,0,1.7817596e-08
5x5d_UMP_A_401,0.96627977,0,0.043998807,0.2051278,0.98818523,0,0
5x5d_UMP_C_401,0.73875451,0,0.045359658,0.19972826,0.98271806,0,0
5x5d_UMP_E_401,0.96373128,0,0,0.20510664,0.99051924,0,0
5x86_TMP_A_205,0,0,0.044185119,0.16764204,0,0,0
5x86_TMP_B_207,0.99407495,0,0.043815711,0.20574357,0.98594595,0,0
5xdt_MB3_A_404,0.38395684,0.99568175,0.035179548,0.1865773,2.3614621e-05,0,0
5xdt_ZI7_A_403,0.76888049,0.9912725,0.038412734,0.20999573,0.959208,0,0
5xh2_NPO_A_305,0.99645798,0.96943591,0.032206859,0.20219124,0.10364469,0,0
5xin_XLS_A_397,0.99144466,1,0.03273351,0.20348636,0.0038330375,0.18908056,0.17956137
5xin_XLS_B_397,0.98670937,1,0.032369432,0.20263506,0.022604521,0.111888,0.11210808
5xin_XLS_C_397,0.95556714,1,0.03306434,0.20322715,0.11197871,0.11014605,0.10989176
5xin_XLS_D_397,0.95246752,1,0.03352501,0.20417292,0.14759603,0.14378575,0.14407991
5xj7_87O_A_309,0.94204549,0,0.049815957,0.21570487,0.85377942,0.95095894,0.90779839
5xmq_PLG_B_501,2.7062575e-05,0,0.056668181,0.19633038,0.98032854,0.98070366,0.98007759
5xmq_PLG_C_501,0.99155092,0.94502419,0.036999233,0.21380027,0.89712726,3.8951967e-07,4.0833952e-07
5xoi_SIN_A_401,0.99751015,0.92729051,0.037110243,0.21383741,0.90212068,0,0
5xrv_F6R_A_702,0,0.85788709,0.040704648,0.18209083,0.38875384,0.00013646623,0.00012062773
5xsm_8EO_A_705,0.96814297,1,0.031575562,0.20027327,7.8406877e-05,0,0
5xvt_8FL_A_709,0.43280237,0.76939791,0.036432107,0.18544074,1.273413e-09,0.0025356972,0
5xvv_AKG_A_508,0,0.97411038,0.038925295,0.17987455,0.00089210218,0.35735266,0.00044500508
5xvv_AKG_B_506,0,0,0.044732973,0.16901699,0.078857365,0.01308056,0.013092889
5xvv_AKG_C_504,0.98379346,0.94491382,0.03422835,0.20603553,0.33409901,0.060459117,0.067669
5xz7_F6P_A_407,0,0.97935305,0.044318759,0.1911251,0.0091575623,0.95544649,0.95519279
5y1g_AKB_A_401,0.9331461,0,0.044267352,0.20404882,0.85245806,0.12281315,0.12295326
5y7a_KYN_A_502,0.9182321,0,0.045223892,0.20512463,0.74610367,0.33691442,0.33603053
5y7r_58K_B_403,0,0.99361126,0.037543212,0.17758348,0,0,0
5y8k_SER_A_301,0,0.0080345712,0.044131571,0.1677228,1.675565e-05,1.80608e-05,0
5y8k_SER_B_301,0,0.0027195521,0.044167044,0.16766948,6.20462e-06,1.9725801e-05,0
5y8p_3OH_B_301,0.41505808,0.8388111,0.036039654,0.18573934,0.00034065989,7.2497337e-09,1.3522448e-08
5yaq_ISE_B_402,0.97140153,0.89531502,0.034567297,0.20487331,0.32380565,0.054558974,0.054592476
5yaq_ISE_C_402,0.8109495,1,0.043311205,0.22124612,0.81138986,0.87531947,0.87499586
5yaq_ISE_D_402,0,0,0.050409485,0.1834914,0.96639665,0.08980866,0.08979739
5yb7_ORN_A_602,0.98493186,1,0.031657795,0.2011395,0.029678287,0.001928889,0.0019406813
5yb7_ORN_A_603,0.98024333,1,0.031518168,0.20059065,0.0002232725,0.0021141918,0.0024499293
5yb7_ORN_B_602,0,0.34945696,0.042516438,0.17319008,0.12745456,0.00091405297,0.00089183754
5yb7_ORN_B_603,0,1,0.044176309,0.19129296,1.8982984e-08,0.96255378,0.96210958
5yb7_ORN_C_602,0.985926,1,0.03187897,0.20175369,0.068753855,0.0020178893,0.0020743766
5yb7_ORN_C_603,0,1,0.04438097,0.19171137,8.4247704e-09,0.99188131,0.99178823
5yb7_ORN_D_602,0.99589612,0,0.038231169,0.19128192,0.024002727,0,0.00063249683
5yb7_ORN_D_603,0.9779181,0.86991176,0.034186753,0.20368421,0.30046943,0.0017851978,0.0017726506
5ybl_AKG_C_302,0.9948874,0.82885764,0.036966005,0.20821807,0.00060066452,0.59756646,0.67335344
5ybp_8SX_B_303,0,0.48883696,0.040973735,0.17285948,0,0.026883384,0
5ybp_AKG_A_302,0.99764391,0.39162652,0.041207166,0.20982634,0.99128515,4.6524479e-06,5.9948306e-05
5ybp_AKG_B_302,0,0.78793953,0.046859401,0.19497235,0.99382219,0.31675314,0.31201769
5ybq_8T0_B_303,0,0.12471229,0.045389714,0.17491254,0.38189765,0,0
5ybq_AKG_A_302,0.99649565,0.4460164,0.038561284,0.20224888,0.00024023266,0.99144357,0.00027452361
5ybq_AKG_B_302,0,0.9799796,0.037643595,0.17746697,0.0004105101,0.0018791606,9.7007669e-05
5yfj_RUB_B_401,0,0.95933851,0.048245819,0.20144839,0.86307711,0.77148208,0.80597813
5yfj_RUB_C_401,0,0.96687094,0.048291404,0.20156051,0.81605438,0.84162842,0.84191633
5ykt_PMP_A_501,0.99034576,0.99035337,0.039109101,0.21672957,0.1512955,0.97019731,0.96964837
5ykt_PMP_B_501,0.99295307,0.99484012,0.038889201,0.21638624,0.12230085,0.96884314,0.96930818
5ylf_BGC_A_401,0,0.95010361,0.038049667,0.17765294,0.0197927,0.014571025,0.014519174
5ysh_5AD_D_605,0.21274926,0.98677077,0.036300983,0.18252363,0.0024414504,0,0
5ysh_5AD_G_605,0.99857816,0.98270107,0.031519514,0.2008494,0.0025956571,0,0
5ysh_5AD_J_605,0.21831849,0.98087692,0.036725742,0.1836863,0.074807582,0,0
5z54_0HZ_A_303,0.19287987,0.9839039,0.042173171,0.19694494,0.99127067,0,0
5z54_0HZ_B_303,0,0,0.049951998,0.18264865,0.99494768,0,0
5z54_0HZ_C_303,0.9675157,0.97021343,0.033922431,0.20553951,0.36996428,0,0
5z9b_AX7_A_304,0.99593375,0,0.038426619,0.19179309,0.058139927,0,0
5z9b_HX3_A_303,0.97892104,0.99146747,0.031570853,0.20045076,0.00080650781,0,0
5z9b_HX3_B_303,0.97160376,0.98667353,0.031645653,0.20022651,0.00045624252,0,0
5z9p_AX7_A_301,0.99849684,0,0.039499271,0.19468507,0.24590882,0,0
5z9p_AX7_B_301,0.99588736,0,0.043689468,0.20548628,0.96607933,0,0
5zg2_9C0_A_902,0.99541605,0.99583963,0.031436618,0.20086943,0.00010728631,0,0
5zg2_ZK1_A_901,0.91170789,0,0.038605125,0.18894788,0,0,0
5zg2_ZK1_B_901,0,0,0.049864014,0.18241969,0.979768,0,0
5zge_ZZ7_A_301,0.37748873,0.93609056,0.041309887,0.20058874,0.96338292,1.9272137e-07,0.031455512
5zge_ZZ7_B_302,0,0.90970714,0.043658718,0.19119769,0.95815713,0.00028793968,3.3937472e-07
5zgr_ZZ7_A_303,0.53211402,0.94264671,0.04353235,0.21064935,0.96568782,0.91597011,0.033785488
5zgr_ZZ7_B_303,0.99201471,0.93892784,0.032077352,0.2007098,0,0.034349678,0.034876088
5zi4_OAA_A_401,0.99549711,0.96906793,0.031636972,0.20066037,0.0038665598,1.4321799e-05,1.5186214e-05
5zi4_OAA_B_401,0.46207415,0.94449702,0.035043489,0.18789043,1.6949924e-06,3.5823939e-06,3.5866236e-06
5zpt_HY1_A_702,0.0056048982,0.98585529,0.040751989,0.18594111,0.5505773,0,0
5zpt_HY1_B_703,0.98684521,0.99297244,0.036991148,0.21490811,0.94606189,0,0
6a1f_9OF_A_807,0.97926501,0.99073044,0.037356994,0.21550081,0.99859068,0,0
6a1l_BEZ_A_403,0.99315221,0.9676315,0.037165711,0.21491584,0.9536112,1.8423438e-06,1.832623e-06
6a1l_BEZ_A_404,0.98537155,0.99620122,0.037509346,0.21480746,0.58055684,0.38411707,0.37966528
6a2m_9QR_A_701,0,0.48883697,0.040973735,0.17285948,3.3245888e-08,0.026883427,4.6543124e-08
6a2m_9QR_B_701,0.9312779,1,0.031800735,0.19941058,1.4774125e-08,4.2103664e-10,3.8643968e-10
6a2m_UMP_A_703,0.9910418,0,0.043865307,0.20575344,0.99129983,0,0
6a2m_UMP_B_703,0.97735796,0,0.043905297,0.20531979,0.98375005,0,0
6a2n_UMP_A_703,0.98025962,0,0.043888808,0.2053909,0.98396917,0,0
6a2n_UMP_B_703,0.97628209,0,0.043903168,0.20527197,0.98224664,0,0
6a3j_SOE_A_402,0.0089691686,0.48259253,0.053337677,0.20102392,0.98129301,0.95475395,0.98080315
6a3j_SOE_B_401,0,0,0.056100575,1.3061439e-51,0.98044686,0.82297994,0.97903093
6a3j_SOE_C_402,0.99701948,1,0.044002335,0.22989115,0.98330113,0.99533405,0.99529092
6a3j_SOE_D_401,0,0.53433449,0.05306362,0.20178456,0.98157698,0.98160167,0.98158381
6a6s_FSA_A_502,0,0.96672292,0.037724833,0.17731835,4.2923524e-06,0.00018407613,0.00035245064
6a7e_9QR_A_201,0,0.98056636,0.041051623,0.18635559,0.59023253,1.8747284e-05,1.7912526e-05
6abm_9VR_A_505,0,0.064510272,0.04616256,0.17538134,0.45031734,1.2422621e-09,1.3863942e-09
6acn_TRC_A_899,0.93096665,0.21080806,0.037078495,0.19150815,4.7748096e-05,1.9388197e-05,1.9524921e-05
6ald_2FP_A_700,0,0.46074203,0.041075951,0.17229593,2.1624969e-06,5.33192e-06,0
6ald_2FP_B_700,0,0.46075179,0.041075973,0.1722962,3.3368578e-06,1.0420042e-05,1.7238832e-05
6auq_BYJ_A_803,0.81040098,0.98275258,0.032656401,0.19641468,9.6432322e-05,3.6385851e-07,3.6826273e-07
6av2_BY7_A_803,0.43517616,0.9794432,0.034974478,0.18761142,9.2788243e-09,0,0
6ayv_F6P_A_401,0,0.8748753,0.050227531,0.20385859,0.98057571,0.92827897,0.86093906
6ayv_F6P_B_401,0.97666965,0.89550451,0.042778579,0.22367743,0.82597896,0.83145779,0.83195777
6ayv_MLI_A_409,0,0.96546027,0.04381991,0.18974706,0,0.8776113,0.87773787
6b5k_TYD_A_304,0.94791251,0,0.038383554,0.189794,2.6706697e-06,0,0
6b5k_TYD_B_304,0.97336789,0,0.038227757,0.19038886,2.5534735e-06,0,0
6b6r_BEN_A_302,0.99817632,0.99287871,0.044105894,0.23001313,0.9948327,0.99468222,0.99484727
6b9p_D0J_A_1001,0.83438537,1,0.032393758,0.19714626,2.260473e-08,0,0
6ba2_7KM_A_809,0.99141067,0.99520573,0.038380324,0.21490356,4.6528061e-10,0.99704444,0.996747
6bds_DJ4_A_302,0.86628976,1,0.032198487,0.19789187,0,0,0
6bmm_OLB_A_404,0,0.66940902,0.039710378,0.17433972,2.8375525e-13,5.4460516e-15,9.887511e-15
6btq_E8S_A_305,0,0.48824026,0.04098183,0.17286516,0.00071552896,0.026938056,0
6bvl_EBY_B_2001,0,0.48883696,0.040973735,0.17285948,0,0.026883384,0
6bxk_MTA_A_401,0.95733431,0.9580954,0.031943193,0.19965698,0.0037558768,5.9764846e-06,7.6114155e-06
6c1i_EEY_B_501,0.99469493,0.82094813,0.032609492,0.19910111,3.5019191e-10,0,0
6c1x_DNX_A_203,0,0.9296904,0.043629042,0.19166863,0.97625687,0,0
6c6w_TFX_A_502,0,0.92190229,0.038022558,0.176866,5.8058256e-09,0,0
6cdy_EY1_A_501,0,0,0.049736947,0.18208904,0.95784545,0,0
6cdy_EY1_B_501,0,0,0.044791282,0.1692194,0.10458001,0,0
6cgc_F0A_A_402,0.72459197,0,0.040023948,0.18528712,0.047204281,0,0
6cgn_DA_A_801,0,0.9779484,0.038692008,0.18014317,0.17996551,0.00014305438,0.00014145737
6cqu_HI6_B_601,0,0.34192827,0.042601193,0.17322106,0.13503135,0,0
6cut_FEJ_C_401,0.95382874,1,0.043858394,0.22808441,0.98810039,0.89623785,0.98439731
6cut_FEJ_D_401,0,0.46498104,0.053468233,0.20059605,0.98571921,0.9470166,0.97094206
6cwr_6LA_A_201,0.97222635,0,0.050793372,0.21923635,0.9902869,0.98296262,0.98292288
6dl7_ONC_C_301,0.98777042,1,0.03145498,0.20073077,0,0,0
6dl7_ONC_E_301,0.86878442,0.18338741,0.043161842,0.20512338,0.99356315,0,0
6dl7_ONC_G_301,2.3043627e-07,0.4888371,0.040973732,0.17285949,0,0.026883371,0
6dmi_5T5_A_504,0.98771329,0.63196712,0.037201316,0.20582839,0.57661169,0,0
6dqt_LEU_B_1,0.99303874,0.9205872,0.03195358,0.20005933,0,0,0
6dyt_F0G_A_503,0.99150775,0.38407355,0.040377251,0.20789278,0.86130837,2.2641135e-06,2.3928733e-06
6dyt_PP3_B_1501,0.97243767,0,0.038233436,0.19036709,0,0,0
6e40_BBJ_A_502,0.96757395,0.86917614,0.032453106,0.19894987,1.5178846e-06,0,0
6e40_BBJ_B_502,0,0.91643021,0.038059142,0.17681127,9.0146057e-07,0,0
6e43_BEZ_B_502,0.99747155,0.98789407,0.037657764,0.21666293,0.98653016,0.066192897,0.067339126
6e43_BEZ_C_502,0.99858528,0.9766264,0.037972609,0.21708714,0.9888876,0.10030501,0.10030386
6ezf_C6Z_A_1003,0.99549646,0,0.04369638,0.20548891,0.96685908,0,0
6f2b_AKG_B_402,0,0.84478557,0.049897979,0.20233248,0.93239866,0.85530146,0.86175175
6f2b_AKG_C_402,0.71480457,0.8351685,0.038563057,0.20156478,1.6155747e-09,0.62486499,0.62510664
6f2v_AMP_A_1001,0,0.45662646,0.041410716,0.17316598,0.03862551,0.029834708,0
6f2v_AMP_B_1001,0,0,0.049886854,0.18218046,0.90041331,0.13838027,0
6f3s_CKW_A_902,0.99020573,0.68002786,0.036697397,0.20593272,0.54046421,0.01247463,0
6f3s_PLP_A_901,0,0.95540007,0.038083162,0.1778558,0.022631377,0.022483982,0.021723768
6f48_XQB_A_302,0,0,0.044185119,0.16764204,0,0,0
6f66_CUT_B_300,0.99767746,0.98783084,0.037106325,0.2154926,0.97144165,0,0
6f6a_CU5_A_301,0.01624386,1,0.044261372,0.19204976,5.0960845e-06,0.9889204,0.98892323
6f6a_CU5_B_301,0.90033323,1,0.044672991,0.22783422,0.99606021,0.99606177,0.99598924
6f76_CVK_A_203,0,0.96674668,0.039047582,0.18076207,0.22856339,0,0
6f76_CVK_B_203,0.48931418,0.99226554,0.034557421,0.18900488,2.4457992e-09,0,0
6f76_CVK_C_203,0.98460263,0.80154271,0.032800978,0.1986711,0,0,0
6f76_CVK_F_203,0,0.97452173,0.038944694,0.18070737,0.21977916,0,0
6f77_PLP_C_600,0,0.48882149,0.040974136,0.17286006,3.3601838e-05,0.026899247,1.5280249e-05
6f77_PLP_D_600,0,0,0.050443748,0.1835845,0.98392027,0.16093895,0
6f77_PLP_E_600,0.96609486,0.33897379,0.04136525,0.20832841,0.9306998,0.043648398,0
6f7r_CIT_A_1002,0.89067245,0.15752996,0.039502251,0.19477166,0.31409942,0.00012050557,0.00012091377
6fa1_D2Z_A_203,0.0022376178,0.7693485,0.039028626,0.17539194,1.0133335e-11,0,0
6fa1_D2Z_B_203,0.13906551,0.98597812,0.036743104,0.18075695,2.1235065e-07,0,0
6fa1_D2Z_F_203,0.07383777,0,0.043733204,0.16936756,5.9615987e-11,0,0
6fgv_D9T_A_1901,0.93222785,0.8918838,0.032646225,0.19868566,0.022185131,0,0
6fld_DQ5_A_604,0,0.46074145,0.041075924,0.17229585,0,0,0
6fld_NAG_A_601,0,0,0.044185125,0.16764205,1.0459528e-06,8.1226561e-09,0
6fld_NAG_A_602,0.60495081,0.71453914,0.035706178,0.18892846,2.2550837e-08,4.1500057e-07,4.359441e-07
6fld_NAG_A_603,0,0.93993159,0.037902055,0.17704643,3.643899e-10,2.3469227e-06,2.1078032e-06
6flu_DTK_A_401,0.15435641,1,0.042165308,0.19272142,3.7168075e-07,0.80692441,0.81034132
6flu_DTK_A_402,0,0.69390067,0.041299982,0.17795847,4.0045066e-07,0.24485704,0.24354271
6flu_DTK_A_404,0.78265699,0.84820824,0.034952535,0.19732267,0.1855054,0.013442029,0.013754316
6flu_DTK_A_405,0,0.97813573,0.050093367,0.20609558,0.99696657,0.96141655,0.96103359
6flu_DTK_A_406,0.98205729,0.99025352,0.037519985,0.2159099,0.99458142,0.028850092,0.028848672
6flu_DTK_B_401,0,0.59509661,0.041204941,0.17555888,3.7667334e-07,0.14062263,0.14078958
6flu_DTK_B_402,0.080564702,0.71836422,0.041169027,0.18135721,0.061509909,0.26544265,0.27144741
6flu_DTK_B_403,0.93482349,0.97592084,0.044324158,4.416488e-27,0.97549626,0.96769158,0.96787132
6flu_DTK_B_404,0.99150481,0.97802153,0.044268796,2.0410375e-20,0.99333461,0.99696166,0.99685739
6flu_DTK_B_405,0,0.76641863,0.044272915,0.18646641,0.23906928,0.54520203,0.53588805
6flu_DTK_B_406,0.11624599,1,0.04049392,0.18794268,3.4084104e-07,0.52009402,0.54816003
6fs7_E4Z_A_903,0,0,0.049780522,0.18220243,0.96536331,0,0
6fs7_E4Z_C_903,0.62171293,0.051226473,0.04527783,0.19743101,0.95085,0,0
6fs7_E4Z_D_903,0.59360106,0.87145805,0.034799835,0,0,0,0
6fs7_E4Z_E_903,0,0.46067165,0.04107682,0.1722964,7.9319298e-05,0,0
6fs7_E4Z_F_903,0.00056997011,0,0.049830131,0.18235392,0.97452401,0,0
6fw0_E92_A_602,0.54614392,0.99212087,0.039957424,0.205286,0.99149301,0,0
6fw0_E92_B_602,0.98620506,0.26624493,0.041898851,0.20862307,0.9910779,0,0
6g5q_EMZ_A_401,0.97669323,0.96878941,0.031731418,0.20015965,1.4772679e-09,1.504891e-06,1.4880124e-06
6g5q_EMZ_B_402,0.96654761,0.97977599,0.037469326,0.21499323,0.99190876,9.5633177e-10,8.56782e-10
6gck_EUB_A_302,0.82353599,0.99210447,0.032515274,0.19681983,0.00040353673,0,0
6gck_EUB_B_302,0.98790333,0.9764824,0.031611496,0.20049889,2.1236478e-05,0,0
6gck_EUB_C_302,0.99039091,0.98488417,0.031544042,0.20065132,0.00070002957,0,0
6gl4_GLU_A_301,0,0,0.044185119,0.16764204,0,0,2.0639974e-09
6gl4_GLU_B_301,0,0,0.044185203,0.16764221,0,0,2.4383845e-05
6gqk_F88_B_1001,0.99052505,0.3628994,0.040999153,0.20896161,0.9209999,0.041532899,0
6h8p_OGA_A_504,0,0.91901503,0.044543302,0.19012656,0,0.93674889,0.93765158
6hgl_TES_A_401,0.97795019,0,0.043970928,0.20551385,0.99569856,0,0
6hl7_CP_A_401,0.99479686,0.9671758,0.031741445,0.2007915,3.3135942e-06,0.015898196,0.015824515
6hl7_CP_C_401,0.92243022,0.90433662,0.032761127,0.19879891,0.0021838172,0.036896977,0.03636165
6hl9_SIN_A_402,0,0.88736706,0.038269418,0.17656212,0.0027613893,0,0
6hl9_SIN_B_402,0.98131883,0.84672457,0.032523017,0.19905674,0.00068395039,0,0
6hmw_FUL_A_203,0.99471794,0.97812596,0.038773682,0.21558556,0.050537344,0.99784598,0.99782233
6hmw_FUL_B_204,0.99029071,0.97755438,0.043978292,0.22911944,0.99879277,0.95132747,0.95134835
6hmw_FUL_D_204,0.98560724,0.963058,0.038622077,0.21443444,0.0017671826,0.99399064,0.99435363
6hmw_FUL_E_204,0.96679926,0.97489835,2.4570879e-37,0.21494572,0.055983019,0.99495498,0.99505195
6hmw_FUL_F_202,0.98868244,0.96677423,0.044343226,0.22954075,0.9951536,0.99517371,0.99518184
6hmw_FUL_G_202,0.90053132,0.97047051,0.044869371,0.22754381,0.99605811,0.99606139,0.99605066
6hmw_FUL_H_201,0.95566509,0.97175853,0.038711661,0.21374844,0.0015617879,0.98922809,0.98921896
6hmw_FUL_I_201,0,0.96987268,0.049222565,0.20418148,0.99453974,0.66644587,0.99454261
6hmw_FUL_J_201,0.98788541,0.97262845,0.038301253,0.21421669,0.041902257,0.92563913,0.92560413
6hnz_GH5_A_301,0.97526871,0.98294524,0.044037255,0.89955221,0.97543327,0.97775031,0.97909173
6ho2_GHN_A_301,0,0,0.049555664,0.1816173,0.926569,0,0
6ho7_GHQ_A_301,0,0.99041379,0.050136223,0.20644256,0.98730573,0.98744015,0.98717229
6hpx_GKQ_A_205,0.95569734,0.98627814,0.031743004,0.19984395,5.2846481e-12,0,0
6hqr_3DM_A_502,0.99658488,0.9589593,0.037250648,0.21503414,0.96189051,0,0
6hsg_GM5_A_504,0,0.46073804,0.041075967,0.17229588,3.8754286e-06,0,0
6hsg_GM5_C_504,0,0.46074143,0.041075924,0.17229585,1.5175612e-08,0,0
6hsg_GM5_D_504,0,0,0.0067981726,0.17689441,0.61323574,0,0
6i4b_E2N_B_603,7.2887036e-08,0,0.044444113,0.168316,0.044683861,0,0
6i4b_ORO_A_602,0.2092047,0,0.042905048,0.17253186,5.8732403e-05,0,0
6i4b_ORO_B_602,0.0075869235,0,0.044139053,0.1678203,6.3670224e-05,0,0
6i6r_H62_A_704,0.92511346,0.60889849,0.038781614,0.20647706,0.7033315,0.036356706,0.036343028
6ijn_6MZ_A_401,0.95466967,0.98973567,0.037335301,0.21139566,0,0.62786942,0.98911803
6ijp_IMP_A_402,0,0,0.049906929,0.18253137,0.98717209,0,0
6j4t_IMP_A_401,0,0,0.044185119,0.16764204,0,0,0
6jc7_F0G_A_601,0.99311049,1,0.031422459,0.20085598,2.7980336e-05,6.5211902e-08,4.334176e-08
6jc7_F0G_B_601,0,0.46073109,0.041076057,0.17229594,1.1831009e-05,5.1286256e-08,6.772339e-08
6jc7_F0G_C_601,0.96058201,1,0.031621556,0.20009584,2.9693368e-05,5.2539774e-09,8.5592851e-08
6jc7_F0G_D_601,0.9843174,1,0.031476142,0.20065015,4.752329e-06,1.2794161e-07,1.9152359e-07
6jea_NAG_A_501,0,0.80222474,0.047840179,0.19703957,0.97165207,0.97165953,0.0001441617
6jk9_BU0_A_501,0,0.48880637,0.04097415,0.17285977,3.6679374e-05,0.026886186,0
6jk9_BU0_B_501,0,0,0.050495192,0.1837142,0.9916343,0.16302283,0
6jmd_BVO_A_408,0.99417619,0.26644704,0.041882727,0.20890287,0.99707209,0,0
6jmd_ORO_A_402,0.013339302,0.86529912,0.043953927,0.19127389,0.97213268,0,0
6jme_BVU_A_409,0.99346171,0.26723521,0.041873822,0.20887151,0.99561846,0,0
6jme_ORO_A_402,0,0.85171822,0.038492072,0.17616472,6.2110735e-05,0,0
6jws_PT1_A_801,0.99481599,0.27378643,0.041787421,0.2088683,0.98923041,0,0
6jx9_CQC_A_501,0,0.971403,0.037866872,0.1778172,0.030228069,0,0
6jyg_FLC_A_401,0.99004638,0.70705342,0.036525902,0.2060059,0.51718771,0.022202729,0.02219523
6jyg_FLC_B_401,0.95031269,0.61100935,0.038032437,0.20581876,0.61190516,0.060917606,0.01516299
6jyg_FLC_C_401,0.99005395,1,0.031673693,0.20134676,0.026896269,0.011096425,0.011043333
6jyg_FLC_D_401,0.88282996,0.7568103,0.035831276,0.20127895,0.35726869,0.0079255596,0.00042984273
6jyg_FLC_E_401,0,0.1790189,0.044745338,0.17461236,0.32452613,0.0040078129,0.0040056042
6jyg_FLC_E_402,0.0017093796,0.0094643747,0.044124285,0,1.9979184e-06,7.9191084e-05,0
6jz4_EVA_A_701,0.97526108,0.59333139,0.034416387,0.19678036,0.021828691,0.0057469868,0.0057564934
6jz4_EVA_B_701,0.97516707,0.54291179,0.035843385,0.19850641,0.023728291,0.16164414,0.16075643
6jzh_ZMA_A_2002,0.94377523,0.99274981,0.031772712,0.1996301,2.2099096e-09,0,0
6k92_GT0_A_802,0.99321628,0.96383066,0.044050084,0.2289632,0.97320732,0.97324662,0.97158807
6krs_CIT_C_301,0.032461642,0.84554609,0.041358437,0.18251572,0.016074281,0.79297667,0.014850249
6krs_CIT_D_301,0,0.97599713,0.044935111,0.19263125,0.27715179,0.79274839,0.7971693
6krs_CIT_F_301,0,0.46291458,0.041185495,0.17259849,0.0088533478,0.010429791,0.01043843
6krs_CIT_G_301,0,1,0.044175437,0.19195443,0.20518446,0.79155543,0.78996466
6krs_CIT_H_301,0.015301673,1,0.043007621,0.18950172,0.015114598,0.79564946,0.79381223
6krs_CIT_I_301,0.014972373,0.6398218,0.049510142,0.19643751,0.69429343,0.81844691,0.81477041
6kxh_DY9_A_401,0,0,0.049960536,0.18267086,0.99642073,0,0
6kxh_DY9_C_402,0.025170642,0.50503847,0.040711168,0.17359227,0.00013810416,0.025477939,0
6kxh_DY9_D_402,0.99606636,1,0.031404206,0.20092464,0,0,0
6l17_E2X_A_401,0.99032057,0,0.041689674,0.20006365,0.6151808,0,0
6l68_ALL_A_201,0,0,0.055804016,0.19431215,0.90275732,0.92068561,0.92053352
6l68_ALL_A_202,0.00076258625,0,0.045612284,0.17137966,0.24513817,0.0015704174,0.0015928251
6l7v_3PO_A_302,0,0.90889819,0.04106907,0.18443635,0.51030105,0.00024765947,0.00027034254
6l86_LMR_B_302,0,0.0055025462,0.050094076,0.17986264,0.0029775904,0.84859081,0.8606717
6l86_LMR_B_303,0.0041605763,0.0072965683,0.044121141,0.16783387,5.2428017e-09,0,0.0029716466
6l86_LMR_D_302,0.95079546,0.030345472,0.039077561,0.19252689,0.15227293,0.0045867324,0.0046149491
6l86_MLT_A_303,0,0.45911989,0.041147247,0.17242589,0.0060030823,0.0038274079,0.0038394938
6l8a_BAL_D_507,0.99811306,0.9740703,0.03276169,0.20381946,0.20411744,0.0019598228,0.0019563319
6l8a_BAL_E_503,0.07984342,0.86044633,0.041044942,0.18618447,0.53487891,7.2360643e-08,6.7640213e-08
6lit_2OH_A_501,0.99498036,0.81148325,0.038433605,0.21400853,0.99420795,0,0
6lit_2OH_B_501,0.99754227,0,0.043842794,0.2059503,0.99427985,0,0
6lj7_EFR_A_301,0.95921318,0.93139768,0.032088591,0.19937766,4.1916056e-05,9.9733101e-07,9.6629975e-07
6lql_F0C_A_702,0.9818878,0,0.0381756,0.19058794,4.1876293e-07,0,0
6lx5_C5F_A_502,0,0,0.044185119,0.16764204,0,0,0
6lx5_C5F_A_503,4.578077e-07,0.77909612,0.039908275,0.17786014,0.16064342,0,0
6lx5_C5F_B_502,5.4205958e-07,0.83880029,0.039207977,0.17767373,0.10867837,0,0
6ly4_TES_A_501,0.99030392,0.98696943,0,0.21553872,0.98631157,0,0
6m5m_NAG_B_202,0,0.96075757,0.049218841,0.20341995,0.84963001,0.94187661,0.94115924
6m92_J8V_A_601,0,0.91713175,0.038626296,0.17830634,0.098659851,0,0
6m9b_BTN_C_201,0.99481187,0.26955203,0.041841788,0.20890113,0.99403961,0,0
6m9b_BTN_D_201,0.99366944,0.96285678,0.037411621,0.21544526,0.99107935,0,0
6mae_JBA_A_301,0.96698926,0,0.043888667,0.20486907,0.96993224,0,0
6md2_GW9_A_501,0.98498776,0.97140064,0.03166325,0.20037972,3.7605267e-07,8.5853751e-06,9.0758768e-06
6md2_GW9_B_501,0,0.93732375,0.037919472,0.1770203,0,1.6271005e-08,1.67707e-08
6mnh_JVD_A_301,0.99653529,0,0.043771486,0.20572517,0.98091392,0,0
6mpa_NAG_B_502,0.00029477578,0,0.044201455,0.16768734,7.807765e-05,0,0.0051221782
6mry_FLC_B_101,0.81909782,0.76706195,0.0455361,0.22058876,0.8163096,0.97468402,0.97431607
6mry_FLC_C_102,0.76872413,0.76214548,0.041727753,0.21126142,0.96441395,0.48472971,0.018377331
6mry_FLC_I_102,0,0.29354884,0.050217502,0.18845673,0.47518284,0.75800844,0.75280187
6mry_FLC_K_101,0.98904505,0.32610286,0.036136077,0.19442496,0.0094543097,0.018687582,0.018606391
6mwl_K5G_A_301,0,0.98274612,0.040372681,0.18464864,0.47563187,0,0
6n0z_DP6_A_401,0,0.47400538,0.052865587,0.19999469,0.97007,0.90587333,0.90964942
6n0z_DP6_B_401,0.98471677,1,0.043053489,0.22745782,0.96379025,0.8387536,0.88943597
6n0z_DP6_C_401,0,0.80766327,0.047438017,0.19476783,0.42066499,0.89760495,0.89377971
6n0z_DP6_F_401,0,1,0.042243245,0.18721358,0,0.98618914,0.37845675
6n9r_OHN_A_303,0,0.46074145,0.041075924,0.17229585,0,0,0
6n9r_OHN_P_308,0,0.09410972,0.045782576,0.17515085,0.41667752,0,0
6n9r_OHN_X_305,0,0.46074145,0.041075924,0.17229585,0,0,0
6nba_P1T_A_501,0,0,0.049879574,0.18246018,0.98245257,0,0
6nba_P1T_B_501,0,0.48883696,0.040973735,0.17285948,0,0.026883384,0
6nba_P1T_C_501,0.98408643,0.26739491,0.041887716,0.2085394,0.98811926,2.3489833e-06,2.3587361e-06
6nba_P1T_D_501,0,0,0.049834998,0.18234419,0.97476192,0,0
6nbw_LAB_A_403,0,0.99437893,0.043319701,0.19263613,0.99749101,0,0
6ncx_ADA_A_601,0,0,0.044193752,0.1676622,0.00069010586,0,0.0013417143
6ncx_ADA_B_601,0,0,0.04419337,0.16766205,0.00091774808,0,0.00084903012
6ncx_ADA_D_601,0,0,0.044197919,0.16767203,0.00105751,0,0.0019318826
6ng5_KMD_B_803,0,0.46074144,0.041075924,0.17229585,3.2003711e-10,0,0
6nga_KL7_B_804,0,0.97054311,0.03769744,0.17735274,4.6654064e-06,0,0
6ngp_KKY_A_803,0.86967087,0.98926935,0.032249551,0.19786359,4.7234139e-06,0,0
6ngp_KKY_B_803,0.96855217,0.98629407,0.031664222,0.20014452,2.9304963e-08,0,0
6ngu_KMJ_A_803,0.50490236,0.98193727,0.034531067,0.18926585,1.8426388e-06,0,0
6ngu_KMJ_B_803,0.73171411,0.97601027,0.033182503,0.19450692,0,0,0
6nh0_KND_A_803,0.89640649,0.98166553,0.03213672,0.19841223,1.9893493e-08,0,0
6nh0_KND_B_803,0.94546941,1,0.031713878,0.19974223,3.7608893e-09,0,0
6nhd_KNV_A_803,0.97458954,0.98535107,0.031633574,0.20027617,3.887511e-08,0,0
6nhd_KNV_B_803,0.61085218,0,0.040446474,0.18191714,5.2273014e-12,0,0
6nig_NAG_A_605,0.092778866,0.52448272,0.040100164,0.17507455,1.3892135e-08,1.0605906e-08,1.0173681e-08
6nig_NAG_B_803,0,0.46074173,0.041075924,0.17229586,2.7718025e-08,3.2225808e-07,3.1926119e-07
6nig_NAG_D_602,3.2248292e-05,0,0.044185028,0.16764306,1.6289119e-05,0,3.5406834e-06
6nni_CP6_A_203,0.99389583,0.989564,0.037250899,0.2157677,0.99439024,0,0
6nni_CP6_B_203,0.99069624,0.99058239,0.037261738,0.21569808,0.9940562,0,0
6nnn_G1P_A_503,0,0.8018727,0.038831562,0.17567866,5.7281713e-08,0.00095237061,0.00096546167
6nnp_G6P_A_502,0.94313773,0.88132966,0.039297574,0.2123499,0.00010054437,0.98049124,0.97290531
6nsu_DYA_A_402,0,0.90184971,0.038236559,0.17682845,0,0.012358516,0.010686055
6ny7_L8J_A_303,0.012106808,0,0.044115478,0.16793456,7.5711598e-05,0,0.0011636268
6nyo_U94_A_301,0,0.98537485,0.048288025,0.20234696,0.92698156,0.77450255,0.75828904
6o04_DNA_A_601,6.0293111e-05,0.4892024,0.040973707,0.1728695,4.4221977e-06,0.027229677,0.00040150315
6o04_DNA_B_601,0.0005838815,0.99467557,0.037535298,0.17761344,0,0.0003997795,0.00040008891
6o04_DNA_D_603,0.00058579621,1,0.043677922,0.19029511,1.6718269e-05,0.89167,0.89030773
6o1s_7SD_E_803,0.93003853,0.83067013,0.034769753,0.2024039,0.31377997,0,2.1887179e-11
6o2z_LJV_B_500,0.98356638,0,0.0430741,0.2034008,0.84689974,1.0328545e-06,1.0386905e-06
6o5m_G8K_B_506,0.63976748,0,0.044645736,0.19153801,0,0.63102388,0.63066326
6ock_9KL_A_601,0.86336569,0.98199323,0.032336752,0.19764337,0,0,0
6ock_9KL_A_602,0.99487708,0.98425859,0.031517293,0.20074086,0.00010056827,0,0
6ofr_BOG_A_801,6.755853e-09,0,0.04432573,0.16800449,0.023062997,0,0.0020081832
6ofr_BOG_A_802,0,0.97883327,0.037730785,0.17761847,0.00027605543,0.011456445,0.013690281
6ofr_BOG_A_803,0,0,0.044186685,0.16764611,0.00027012175,0,1.8185546e-10
6ofr_BOG_A_804,0,0,0.044189285,0.16765288,0.00071881402,0,1.9470265e-11
6ofr_BOG_A_805,1.6278771e-08,0.15842019,0.043126141,0.16922709,2.2532843e-10,6.8052248e-09,0
6ofr_BOG_A_806,1.7497465e-10,0,0.044185243,0.16764236,2.1324041e-05,0,7.0532008e-10
6ofr_BOG_A_807,0.79017682,0,0.039348942,0.18610781,2.4961561e-07,0,7.8318103e-08
6oha_XAN_A_501,0.0021679904,0.08738534,0.050419012,0.18253051,0,0.9847464,0.98474906
6ooi_PGA_B_301,0.98859826,0.97005871,0.039468015,0,0.96352225,0.56591291,0.071158905
6ooi_PGA_D_301,0.99094368,0.97571874,0.041449411,0.22378949,0.95421701,0.6147413,0.63102214
6ooi_PGA_E_301,0.98413419,0.91870723,0.038324308,0.21586723,0.97022802,0.07219184,0.12410474
6ooi_PGA_F_301,0.99383737,0.94178934,0.039356804,0.21764196,0.5941182,0.59775368,0.58604062
6ooi_PGA_G_301,0,0.96724684,0.043777729,0.19285773,0.97590874,0.064093046,0.051679523
6ooi_PGA_H_302,0.98955924,0.95599085,0.039274895,0.21883889,0.92883191,0.082925709,0.53983538
6oph_6QB_A_401,0,0,0.047614915,0.17648086,0.5677005,0.042353091,0
6p9t_O5D_A_307,1.7834601e-05,0.91543393,0.038065688,0.1768017,1.5596822e-09,2.0246057e-09,2.0627904e-09
6paf_O6A_A_509,0.98378176,0.96035018,0.034027805,0.20609439,0.36933115,0.040246806,0
6pdd_O9S_A_803,0.98388279,0.99039585,0.038396617,0.21455278,4.2141736e-09,0.98846031,0.98747259
6pk1_3PY_A_502,0.99504973,0.92494601,0.032388347,0.20138913,0.082156728,4.6268683e-06,8.2027209e-07
6pk1_PLP_A_501,0.96975824,0.93649511,0.037368885,0.21363018,0.91508531,0.0108045,0.010868952
6pk1_PLP_B_501,0.9891685,0.93665424,0.037383981,0.21443795,0.93881311,0.010563591,0.010367014
6pmv_M16_A_803,7.8065312e-09,0.965763,0.037729393,0.17730492,4.6073657e-06,0,0
6pmv_M16_B_803,0.96203394,0.94180622,0.032001515,0.19954712,2.5545968e-06,0,0
6pn9_OU7_B_803,0.53555805,0.82868249,0.035443436,0.18833565,7.8365214e-11,0,0
6pna_M16_A_803,0.98512807,0.96987566,0.031672529,0.20036763,1.2825517e-06,0,0
6pna_M16_B_803,0.81867137,0.97516257,0.032655963,0.19653057,8.6516959e-07,0,0
6png_OSG_A_802,0.98981277,0.97252344,0.031626267,0.20050385,8.5792804e-06,8.4064503e-06,1.0934366e-05
6png_OSG_A_803,0.21349137,0.98210538,0.036730016,0.18354139,0.071864658,2.2759622e-08,1.3882327e-08
6png_OSG_B_804,0.46300822,0.96980867,0.034868661,0.18816572,9.5026989e-06,1.0445237e-05,8.8280756e-06
6po9_OS7_A_803,0.26412292,0.64220014,0.038298131,0.18020625,8.3485485e-12,3.7888357e-14,7.5325515e-14
6po9_OS7_B_804,0.40392794,0.74689067,0.036743049,0.18452026,8.5416241e-12,8.1778819e-12,0
6ps7_ZMA_A_1201,0,0.96276576,0.037749555,0.17727526,2.6371419e-05,0,0
6pvi_OZ7_A_501,0,0,0.044185119,0.16764204,0,0,0
6q4b_HHN_A_301,0.99333107,0.98043184,0.031789205,0.20126996,0.036972606,0.0032037636,0.0034727076
6q4k_HHW_A_301,0.98913197,0.9802355,0.031581631,0.20057229,0.00049452879,0,0
6q4r_HJ5_A_1009,0,0.5702232,0.041110656,0.17489015,0,0.11302776,0.099005259
6q4r_MLT_A_1041,0,0,0.044224254,0.16772201,0,0.0056940495,0.0055882558
6q4y_MAN_A_402,0.0028326016,0,0.0515623,0.18315883,0.10381571,0.97919176,0.97919966
6q4y_MAN_B_402,0.091252207,0,0.050630288,0.18424099,0.046564699,0.97068548,0.97069181
6qa7_PLP_A_902,0.99308094,1,0.031701388,0.20150715,0.025386994,0.018880456,0.019108435
6qdb_HWQ_A_1002,0,0,0.044185122,0.16764204,4.5346732e-07,0,0
6qdb_HWQ_A_1003,0.98756333,0,0.038140861,0.19072056,7.572648e-09,0,0
6qdc_HXE_A_1003,0.95424498,0.010210932,0.038276527,0.19004411,1.6308105e-07,0,0
6qdc_HXE_A_1004,0.0014868794,0.94070004,0.037985387,0.17734277,0.016836085,0,0
6qde_HWW_A_502,0,0.46074145,0.041075924,0.17229585,0,0,0
6qde_HWW_A_503,0,0.87217611,0.038354959,0.17636848,0,0,0
6qhu_FAH_A_401,0.95298176,0.95389507,0.04179042,0.22254461,0.93570513,0.63294804,0.63294804
6qli_4LR_A_301,0,0.8430435,0.038989586,0.17722144,0.075820346,6.0738288e-05,6.0391719e-05
6qnj_GLC_A_402,0.98690736,0,0.038276885,0.19097521,2.8243893e-05,0.018873484,0.019139398
6qo4_97T_A_301,0.33094554,0.99258974,0.041302673,0.20033947,0.99576951,0.00093715661,0.00093734222
6qo4_97T_B_301,0.9439596,0,0.044196776,0.2047622,0.99763953,0.00094619977,0.00094564925
6qol_JB5_A_301,0.99391945,0.99184126,0.031476404,0.2008046,0.00077986611,0,0
6qol_JB5_B_301,0.00073635277,0.99321922,0.037544864,0.17760597,0.00061054468,0,0
6qor_JBK_A_301,0.99854079,0.95783462,0.031721796,0.20069297,0.0087774616,0,0
6qot_6SD_A_301,0.99085635,0.99076658,0.03726021,0.21570544,0.9941742,0,0
6qot_6SD_B_301,0,0.99433931,0.043301893,0.19258871,0.99437303,0,0
6qqs_JCZ_A_301,0.53484623,0,0.046689371,0.19517574,0.99681659,0,0
6qqs_JCZ_B_301,0.92756935,0,0.038508083,0.18931865,6.3193828e-06,0,0
6qrn_RIP_A_500,0.026538018,0,0.050012633,0.18364978,0.97174706,0.051348744,0.05173119
6r4j_GLU_A_704,0,0,0.044185119,0.16764204,0,0,0
6r5o_BGC_A_801,0,0,0.056382776,0.19576864,0.98725877,0.93327511,0.93359819
6r5o_BGC_A_802,0.0020964094,0,0.044172291,0.16769103,1.0989753e-07,0,6.2702144e-07
6r5o_BGC_B_801,0.99279429,0.90896179,0.038193162,0.21262567,0.029728356,0.86294012,0.86344889
6r5o_BGC_B_802,0.066333765,0,0.043779148,0.16919224,2.0561331e-06,0,1.446089e-06
6r6i_H50_A_201,0,0.78044657,0.040335112,0.17900784,0.23584167,0,0
6r6i_H50_B_201,0.76088164,0.98586324,0.033810147,0.19755631,0.15044841,0,0
6r73_LMP_B_301,0.47154947,0,0.041596235,0.17943506,0.051271179,0,0
6rbo_JXQ_A_302,0.77378289,0.94318625,0.033161217,5.2019588e-07,0.00037822043,7.5561634e-05,2.5258768e-06
6rbx_JYT_A_301,0.98338246,0.97331559,0.03498557,0.20901451,0.57371739,0,0
6rgg_K3Q_A_401,0,0,0.044390822,0.16811496,0.018100136,0.028929747,0
6rgg_K3Q_A_402,0.00075329736,0.46268269,0.041077769,0.17237252,0.00069195418,0.0021249476,0.0021321993
6rgg_K3Q_A_403,2.8875836e-06,0.48865555,0.040976214,0.17286136,0.00022155766,0.026901722,1.8063713e-06
6rgg_K3Q_B_402,0.0071367634,0.49332741,0.040900786,0.17306845,0.00017064237,0.026501708,7.7819968e-06
6rgg_K3Q_B_405,0.081699856,0,0.049396217,0.18441125,0.9848106,0.00022295567,0.00064653271
6rgr_RM4_A_402,0.054839278,0.94657568,0.042418438,0.19067636,0.70274651,0.1190003,0.1183336
6rgr_RM4_A_403,0.22235516,0.96693027,0.043918084,0.19870554,0.23026258,0.89676992,0.89728833
6rhk_K4B_A_302,0,0.97478261,0.041446278,0.18722416,0.6516732,0,0
6rlt_MLI_A_508,0.99526779,0.54215619,0.042295863,0.21425486,0.59734535,0.62902966,0.62911768
6rlt_MLI_B_511,0.96251104,0.38015543,0.044057866,0.21306581,0.66561134,0.64528093,0.63673615
6rlt_MLI_B_512,0.98949235,0.81859592,0.040237317,0.2148685,0.12911536,0.98390738,0.9857655
6rum_TOP_A_301,0.99616858,0.9743454,0.037139163,0.21511919,0.95067302,0.0078148814,0.0077059447
6s23_KSW_A_402,0.22710281,0.97221637,0.036296286,0.18267665,2.0806847e-06,0,0
6s23_KSW_A_403,0.20075418,0.99324105,0.036397419,0.18248051,0.013875394,0,0
6s23_KSW_B_402,0.21864376,0.97933453,0.0363005,0.18255025,6.1288765e-06,0,0
6s37_SAL_A_601,0.99590925,0.9883116,0.033703434,0.20534226,0,0.31959997,0.32047915
6s39_K5Z_A_301,1.0010585e-05,0.97379937,0.04322664,0.19183048,0.95771196,4.2662101e-10,4.51464e-10
6s4h_KUQ_A_901,0.99250904,0,0.045027681,0.20676809,0.55387147,0.53144596,0.53725617
6s51_KVQ_A_901,0.92601743,0.22092509,0.042582807,0.20685138,0.99558929,3.1085023e-08,3.1062005e-08
6s7u_KZK_A_501,0,0.48883696,0.040973735,0.17285948,3.3737824e-11,0.026883384,0
6s7u_KZK_C_501,0,0,0.048878422,0.17985498,0.80972588,0,0
6s9g_L1Q_A_305,0.99700611,0.97132235,0.043988537,0.71769614,0.95528941,0.99422471,0.99433744
6s9g_L1Q_A_306,0.94764216,0.86333119,0.032637321,0.19848019,0.0021964177,0.0011221725,0.0018887934
6si4_LEK_A_402,0.94630379,0.99375653,0.037455736,0.21454544,0.98431142,0,0
6si4_LEK_B_402,0.95633218,0.99317932,0.031693044,0.19992799,9.7879364e-06,0,0
6sj8_44V_A_901,0,0,0.049558643,0.18162505,0.92708296,0,0
6sj8_44V_B_901,0.99360757,0,0.041319233,0.19922885,0.55474017,0,0
6sjs_THH_B_901,0.9801108,0,0.042393834,0.20149482,0.72588721,0,0
6sux_BEN_A_302,0.99755928,0.99561953,0.044101036,0.2300484,0.99563407,0.99569921,0.99528147
6svu_BEN_A_302,0.99585252,0.99658208,0.044091999,0.2299861,0.99395164,0.9950621,0.99496937
6sxr_KHP_A_506,0.97275358,0.94644052,0.031935213,0.1999228,0.0052276365,0,0
6sxr_KHP_A_507,0.98652342,0.93065747,0.037389252,0.21422398,0.94253946,0,0
6sxr_KHP_A_513,0,0.96611619,0.043370197,0.19199313,0.97360822,0,0
6syz_M1E_A_601,0.99781947,0.9932638,0.038418536,0.21519966,0.010496457,0.99742835,0.9974067
6syz_M1E_B_601,0,0.99006114,0.050246981,0.20668774,0.99566072,0.99583611,0.99606932
6sz3_M1H_B_601,0.00048584639,0.9731615,0.037966537,0.17814382,0.049964074,0,0
6szl_M3E_B_604,0.34560644,0.97528887,0.041303771,0.20044802,0.99260877,0,0
6szt_M4Q_A_601,0,0.30764856,0.04215522,0.17078942,0.0045914643,0,0
6szt_M4Q_B_601,0.037841621,0.98712058,0.037373125,0.17845004,0.0031281087,0,0
6t02_M5E_A_601,0,0,0.044669723,0.1686384,0.0015942901,0.066983099,0.070080203
6t02_M5E_A_602,0.00016206908,0,0.044184809,0.16764718,2.5297171e-07,0.00019518945,0
6t02_M5E_B_601,0,0.99082976,0.038086026,0.17891946,0.090342279,7.7953203e-05,9.0031431e-05
6t07_M45_B_601,0.00023881849,0,0.044187095,0.16765507,0.00017573677,0.00069444645,0
6t0a_M58_A_601,0.0026412827,0.99388745,0.037547629,0.17770633,0.0038696588,0,0
6t0a_M58_B_601,0.88004269,0,0.038798928,0.18820789,0,0,0
6t0m_GOZ_A_305,0,0.98022933,0.040602986,0.18517898,0.51246344,0,0
6t10_M6Z_A_601,0.99516666,0,0.043666518,0.20539824,0.9613588,0,0
6t10_M6Z_B_601,0,0,0.044185119,0.16764204,2.2701391e-10,0,0
6t5p_VD8_A_302,0.99121313,0.88937562,0.044768668,0.22864832,0.98868421,0.98949598,0.98963038
6t5p_VD8_B_302,0,0.97990153,0.042474087,0.19003643,0.83411429,0.00066477262,0.00065221674
6t5p_VD8_D_302,0.99554728,0.96797953,0.044243141,0.22959941,0.99169574,0.9918212,0.98988526
6t9c_MX8_A_501,0,0.46074145,0.041075924,0.17229585,0,0,0
6tbx_N0Z_B_302,0.99118029,0.98663721,0.032031583,0.20199906,0.087669676,0,0
6tbx_N0Z_C_303,0.99274841,0,0.038916643,0.19294306,0.13931925,0,0
6tbx_N0Z_D_302,0,0.98290155,0.037940144,0.17832293,0.056130628,0,0
6tfb_N6W_B_202,0.074752336,0.95043155,0.043161222,0.19395702,0.99839897,0,0
6tgi_N8Z_A_508,0.99346529,0,0.03821399,0.19114278,0.018848965,0,0
6tgi_N8Z_B_508,0.99641959,0,0.038196949,0.19121453,0.019028467,0,0
6to7_SUV_A_401,0,0.9844912,0.04338725,0.19254098,0.9977419,0,0
6to7_SUV_B_401,0,0.98395451,0.043388555,0.19252967,0.99734801,0,0
6tof_NQE_A_201,0.99410309,0.98998999,0.031483136,0.2007786,1.8441739e-07,0,0
6tog_NQH_A_201,0.97943118,0.99100723,0.037265042,0.21527565,0.98322104,0,0
6tol_NQW_A_201,0,0,0.044190575,0.16765623,0.00094125083,0,0
6tor_PMP_A_504,0.98598829,0.98341715,0.031576747,0.20052322,0,2.8837284e-06,7.0428982e-08
6tor_PMP_B_504,0,0,0.045338115,0.17064237,0.19892391,1.3793101e-07,1.423287e-07
6tot_NRK_A_401,0,0.61350453,0.051014514,0.19876582,0.80648131,0.90634678,0.90011638
6tt4_BMA_C_3,0,0,0.044185119,0.16764204,3.533859e-08,1.2244437e-08,1.5582774e-08
6tt4_FT8_B_711,0.43769216,0,0,0.19283254,0.99176423,0,0
6u30_PQM_A_501,0.88886852,0.96138617,0.032318415,0.19803317,0,0,0
6u6c_P1T_B_502,0.97466412,0.3048871,0.041813124,0.20895472,0.97823644,0.046798538,0
6u6c_P1T_D_505,0.97175868,0.30244953,0.04185113,0.20887554,0.97890094,0.04701276,0
6u6c_P1T_F_805,0,0,0.050417364,0.18351798,0.97996394,0.15987018,0
6u6c_P1T_H_504,0.93312254,0.27853709,0.042241187,0.20774163,0.97754211,0.049082445,0
6u6c_PZV_F_802,0.82493413,0.20718934,0.043392954,0.20460823,0.97899957,0.055280044,0
6uo7_QCP_A_504,0.9840092,0.95007497,0.036872866,0.21331347,0.87318732,0,0
6uqd_QF4_A_501,0,0.48883695,0.040973735,0.17285948,4.0563183e-10,0.026883384,0
6uqd_QF4_B_501,0,0.48883684,0.040973736,0.17285948,1.4150074e-07,0.026883395,0
6ur0_ETM_A_401,0.75018752,0.76054029,0.034509772,0.19278277,0,0,0
6ur0_ETM_B_401,0.98154439,0.96809039,0.031731611,0.20033164,0.004351588,0,0
6urx_JMG_A_316,0.99728875,0.98789856,0.0387796,0.21600221,0.075619508,0.98976023,0.98906749
6uvj_QJ1_A_205,0.90871613,0.99132732,0.037692684,0.21361844,0.98269995,0,0
6uxr_K6G_B_202,0,0.89948728,0.038177632,0.17665375,0.00034241582,2.6512688e-12,0.00094209117
6uzr_QM1_B_301,0.017598742,0.98665208,0.043252511,0.19294113,0.99557091,0,0
6v1e_5SW_A_301,0.98806437,0.97313131,0.037163718,0.21486143,0.95424,0,0
6v8n_QS1_A_1704,0,0.99183913,0.042913664,0.19150995,0.92450931,0,0
6v9f_QTS_B_2001,0.99519611,0.99388312,0.03307017,0.20505802,0.2794519,0,0
6vei_9UO_B_502,0,0,0.049830782,0.18233322,0.97403451,0,0
6vlu_CIT_A_701,0.32936247,0.5216739,0.038683615,0.18056239,0.00025217842,1.2736722e-05,0
6vmz_NAG_A_402,0,0,0.044575925,0.16865899,0.067424982,1.4349269e-11,0
6vmz_NAG_C_402,0,0,0.044188461,0.16765073,0.00057656782,1.0166685e-10,0
6vmz_R3P_A_404,0,0.88964592,0.043725528,0.19082248,0.94672091,0,0
6vmz_R3P_C_404,1.4709773e-07,0.95983833,0.03776897,0.17724557,0,0,0
6vo2_R67_A_403,0,0.85925299,0.038727058,0.17698266,0.04929356,0,0
6vo2_R67_B_403,0,0.92688462,0.037989253,0.17691585,0,0,0
6vv1_RMJ_A_501,0,0.97525195,0.037666099,0.17740021,2.8041633e-05,0,0
6vv9_RQ1_A_202,0.0013911405,0.48973545,0.040959182,0.17289995,3.9642595e-06,0.026805428,1.368556e-09
6vv9_RQ1_B_304,0.49085464,0.74785928,0.036625667,0.18769131,0.07095495,0.0046914896,7.5524823e-10
6w0x_S6J_A_301,0.96992206,0.48282474,0.039146136,0.20636176,0.7322208,1.1278973e-08,1.1301253e-08
6w0x_S6J_B_301,0.98126651,0.30994855,0.041346187,0.20810841,0.93755264,6.3441516e-09,6.2312273e-09
6x9d_HYP_A_2002,0.97339818,0,0.044077677,0.20557893,0.9988529,0.0087299294,0.0087431302
6x9d_HYP_B_2002,0.96682013,0,0.050990145,0.21947321,0.99912904,0.99915074,0.99915038
6xim_XLS_A_397,0.99491317,1,0.032694691,0.20353052,0.0029086705,0.18248869,0.18266953
6xim_XLS_B_397,0,0.39413796,0.047419902,0.18557339,0.52779664,0.4172419,0.4160084
6xim_XLS_C_397,0,0.78743001,0.041389667,0.18022997,0,0.34215446,0.34211676
6xim_XLS_D_397,0.99130531,1,0.035534285,0.21045573,0.38907336,0.26342687,0.26875162
6xu3_PLG_B_401,0,0.60311396,0.05196546,0.20074851,0.88567603,0.96570307,0.96482165
6xu3_PLP_D_401,0,0.98993726,0.050148189,0.20646885,0.99131844,0.98505485,0.98538643
6xzx_O5H_A_302,0.86854814,0.98847073,0.037120684,0.21047328,0.83830471,0,0
6y4f_GLU_A_202,0.95041491,0,0.039601726,0.19305768,0.21139587,0.0011841873,0.0011851029
6y4z_TLA_D_301,0.99618235,0,0.04497616,0.20815619,0.97516837,0.17848104,0.17780734
6yaw_P9H_A_301,0,0.95287341,0.040106876,0.1825196,0.19766221,0.11649187,0.21424433
6yk5_PVK_A_312,0.99633508,0.26761213,0.041864106,0.20897001,0.99743363,0,0
6yk6_OUB_A_311,0.99551536,0.26941942,0.041842296,0.208927,0.99473959,0,0
6ypv_AKG_A_302,0.99691914,0.95992978,0.03683891,0.21388951,0.85743381,0.0292738,0.029032794
6zac_QDE_A_4000,0,0,0.049800517,0.18225446,0.96881303,0,0
6zi7_QR8_A_502,0,0,0.049958987,0.18266634,0.99600034,0.00012790121,0.00012799026
6zi7_QR8_C_502,0.053298546,0,0.048580678,0.18117426,0.81453428,8.4784072e-05,8.5968832e-05
6zi7_QR8_F_503,0,0,0.04990362,0.18252181,0.98630957,0.00024311065,0.00024415529
6zi7_RAM_D_503,0.007081322,0.40099006,0.041831231,0.17301173,0.073458542,2.013822e-05,2.0185657e-05
6zug_QPW_H_1001,0.99218168,0.26811025,0.041864761,0.20881951,0.99362453,0,0
7ak3_RH8_A_501,0,0,0.049927328,0.18258445,0.99069143,0,0
7bp1_CAQ_A_401,0.99365204,1,0.044104691,0.23002248,0.99656832,0.996007,0.99601565
7bp1_CAQ_C_401,0.99441545,0.44998827,0.042020453,0.21328023,0.99411729,0.18936116,0.1892896
7bp1_CAQ_D_401,0.98569628,1,0.038374891,0.21480096,0,0.99569163,0.99569098
7bqu_EF2_A_501,0.78958698,0.99578968,0.038475609,0.21109678,0.99712986,0,0
7bzm_GIM_B_501,0,0.8692706,0.043636188,0.19003172,0.90780873,0,0
7c7g_FJR_A_402,0.99076541,0,0.038131185,0.19082121,0.0017118082,0,0
7cne_SIN_A_402,0,0.73499798,0.039459145,0.1754831,0.032297775,0,0
7cwd_GAL_A_902,0.92003339,0.44292045,0.035595666,0.19357877,4.5540684e-06,0,0.00064360178
7jis_VBS_A_1101,0.99470933,1,0.031412511,0.20089292,0,0,0
7jo3_VGS_A_302,0.98560844,0.97441824,0.044230838,0.97728643,0.99243681,0.99382982,0.99384505
7joc_ARZ_A_302,0.98923768,0.98719574,0.037114244,0.21516416,0.96316359,0,0
8cpp_TCM_A_422,0.078946401,0.99610981,0.037297523,0.18011486,0.043855689,0,0
8icd_ICT_A_418,0.86263823,0.93969954,0.032811998,0.19768932,0.03138311,0.0005452244,0.0012382394
