PDB_CCD_ID,surfdock,unimol,diffdock,diffdock_l,gnina,autodock,smina
19gs_BSP_A_210,0.007388756,0.98557239,0.11928726,0.12099808,0.0039881531,3.8791757e-06,0.17797915
19gs_BSP_B_210,0.0053721136,0.98854669,0.11915114,0.1209141,2.4252396e-05,3.1679323e-06,0.17804706
1a49_OXL_A_533,0.98958419,0.93781074,0.13765168,0.1317697,0.00010669079,0,0.14031928
1a49_OXL_F_4133,0.9892019,0.87115368,0.14018326,0.13388699,0.13037441,0.023636402,0.14250042
1a9r_HPA_A_290,0,0,0.14783187,0.13715114,0.9870541,0.22001477,0.17699174
1ac4_TMT_A_296,0,0.98176216,0.12896867,0.13568938,0.95959659,0,0.20731917
1aej_NVI_A_296,0.82686768,0.98628294,0.1339511,0.13097784,0.04936543,0.057164396,0.15161867
1aia_PMP_B_411,0.2344142,0,0.15273352,0.13830912,0.94866523,0.00030287459,0.16060493
1aiq_CB3_A_266,0.93128278,0,0.15746469,0.13416479,0.18852995,0,0.11145258
1aiq_UMP_A_265,0.97899523,0.81022196,0.14942194,0.14563959,0.90941846,0,0.16280703
1aiq_UMP_B_266,0.96432939,0,0.1654015,0.14566789,0.90938269,0,0.13225952
1aj8_CIT_A_1000,0,0.93700491,0.11895257,0.12170236,0,0.19566247,0.18299515
1aj8_CIT_B_2000,0.060059918,0.94422312,0.12647441,0.13967718,0.96574497,0.87865931,0.22982274
1ajs_PLA_A_415,0.9487998,0.96056931,0.14345492,0.1483073,0.9641239,0.59515238,0.18897472
1amq_PMP_A_413,0,0,0.14305517,0.12873114,0.4671525,0.12228733,0.15801076
1anc_BEN_A_290,0,0.96829228,0.12464928,0.13985607,0.99375656,0.98945176,0.23711248
1anc_BEN_A_384,0.010602554,0.8829061,0.12031562,0.12176546,4.0040124e-06,0.17905579,0.17999944
1aog_MAE_A_500,0,0,0.14786328,3.2482276e-40,0.8868754,0,0.16739938
1aog_MAE_A_501,0.99516562,0.89660671,0.1386645,0.13183534,0.0026800362,0,0.13824969
1aua_BOG_A_1,0,0,0.13887207,0.1210856,1.1729994e-07,0,0.14031125
1axg_ETF_A_404,0,0.95193289,0.12463462,0.13863493,0.92941759,0.92673304,0.23266285
1bcs_ARG_A_426,0,0,0.13887207,0.1210856,7.4498829e-08,0,0.14031125
1bit_BEN_A_246,0.97175269,0.94326616,0.1371963,0.13159107,0,0,0.14134065
1bit_BEN_A_247,0.010075766,0.83814091,0.12192453,0.12301521,0.077347776,0.19644444,0.18106393
1bo8_U_A_318,0.95434796,0,0.16602041,0.14676888,0.98765853,0,0.13502338
1bqp_MAN_C_402,0,0.97204432,0.12446255,0.13959745,0.97895466,0.98157457,0.236571
1c3s_SHH_A_952,0.96309139,0.90306974,0.13789665,0.13147048,4.7177354e-05,0,0.13983053
1c9c_PP3_A_413,0,0,0.13887206,0.1210856,0,0,0.14031125
1ca7_ENO_A_501,0,0.90604403,0.12576972,0.13948739,0.97297985,0.97256644,0.2335892
1ca7_ENO_B_601,0.97789674,0.95974611,0.14227637,0.15042439,0.98746204,0.98667335,0.20015523
1ca7_ENO_C_701,0.97770249,0.90243739,0.14323474,0.14990194,0.95822014,0.96444004,0.19641177
1cib_HDA_A_437,0,0.93051469,0.12996264,0.13569942,0.95844255,0.0043340843,0.2054455
1cib_IMP_A_440,0,0,0.13887424,0.1210889,0.00021334828,0,0.14031777
1ck6_SHA_A_900,0.98848707,0.98775244,0.13655686,0.13179812,3.130899e-07,0.0056249714,0.14270547
1cq1_BGC_A_455,0.11433033,0.96862762,0.12043999,0.12290055,0.0005490441,0.18075647,0.17956575
1d3g_ORO_A_399,0.20925065,0,0.14446468,0.12587528,0.16362501,0,0
1d6u_HY1_A_2001,0.99426473,0.99667157,0.14680615,0.14711408,0.99548726,0.0056933056,0.17219362
1d6u_HY1_B_3001,0.99514332,0.99613863,0.1465832,0.14675654,0.97149502,0.0066721363,0.17143605
1d6u_PEA_A_2003,0.99015159,0.97472167,0.13686843,0.13180442,9.891639e-06,0.001811325,0.14202263
1d7a_AIR_A_300,0.67609753,0.96195378,0.13122022,0.12863304,0.0020084039,0.063838071,0.15506175
1d7a_AIR_B_350,0.95471767,0.88806388,0.13808108,0.13141291,0.0024426256,0,0.13958528
1daf_DSD_A_225,0.87448279,0.98706643,0.13441549,0.13063803,0,0.028919948,0.14759457
1dai_DSD_A_225,0.89260721,0.98709623,0.13475763,0.13082239,0,0.025195355,0.14681358
1dna_CB3_A_601,0,0,0.13887206,0.1210856,1.4744818e-11,0,0.14031125
1dpm_EBP_A_900,0,0.74387868,0.13017094,0.13033697,0.60968361,0.00021876715,0.18750068
1dpm_EBP_B_902,0.75421767,0.91797723,0.13362681,0.12936003,0.00014395142,0.035320008,0.14955047
1dpm_EBP_B_903,0,0.97920817,0.11804569,0.1217373,7.1840838e-10,0.20691538,0.18497523
1duc_DUD_A_201,0.49790609,0,0.14822199,0.12718251,0.042842225,0,0.1231105
1dy3_87Y_A_201,0,0.97766173,0.12440429,0.13974275,0.98708305,0.98728064,0.23720381
1e2j_THM_A_500,0.98420793,0,0.1564933,0.13183167,0.0002166641,0,0.10372853
1e2j_THM_B_500,0.98410595,0,0.15718316,0.13287982,0.068098697,0,0.10580738
1e2s_CSN_P_701,0.89353797,0.29911644,0.14917312,0.13122633,0.029593188,0,0.11947567
1e5f_PLP_A_405,0.4238894,0,0.14646042,0.12571239,0,0,0.12455254
1e7h_PLM_A_1001,0.96268238,0.97538283,0.14303904,0.14120602,0.63660115,4.0955763e-07,0.16141175
1e7h_PLM_A_1007,0.99092652,0.96956467,0.13699382,0.13180786,0,0.00027295647,0.14174682
1e8m_P0H_A_724,0.97430306,0.88926204,0.14028103,0.13526237,0.22087112,0.065717636,0.14766952
1ei6_PPF_C_413,0,0.85570918,0.12113903,0.12249961,0.051749333,0.19353411,0.18128322
1euu_GAL_A_2,0.052775123,0.74695083,0.12476445,0.12351726,0.08592342,0.16657578,0.17529065
1eyw_PEL_A_404,0.0035114931,0.96758981,0.1210899,0.12325288,0.15232892,0,0.18196769
1eyw_TEN_A_403,0.98636349,0,0.15724557,0.13903477,0.33580396,0.54223483,0.12994505
1f5f_DHT_A_253,0.98975694,0.99476085,0.14681444,0.14707821,0.99767391,0,0.17218633
1fdk_GLE_A_150,0,0,0.13887206,0.1210856,6.3696569e-10,0,0.14031125
1fds_EST_A_350,0.99721255,0.83103234,0.14017923,0.13195275,0.011396672,0,0.13548109
1fhv_OSB_A_789,0.9865647,0.94487042,0.13744196,0.13174305,0,0,0.14077652
1fk1_DAO_A_201,0.94505784,0.97035544,0.65382583,0.13139178,0.0027017322,0,0.14183971
1fm8_DDC_A_501,1.2272612e-05,0.99245385,0.11897663,0.12085431,6.0014969e-08,0,0.17839543
1foi_14W_B_810,0,0.99301916,0.11896508,0.12085404,8.0473767e-08,6.416827e-08,0.17841758
1fqo_F6R_A_1268,0.93841667,0,0.15859739,0.13618367,0.30529828,0.037040356,0.11585239
1fqo_F6R_B_2268,0.94851056,0.94831394,0.14551518,0.14466604,0.8639032,0.025836928,0.16861237
1fs5_16G_B_2267,0.017154785,0,0.13917918,0.12127288,1.8410498e-06,0,0.13967355
1fsa_F6P_A_338,0.98133986,0.91052122,0.13832802,0.13214684,0.029052086,0,0.14057069
1fsa_F6P_B_338,0.96123392,0.97265526,0.14661054,0.1465653,0.9842941,2.1935067e-05,0.17199007
1fuq_CIT_A_1001,0.7328087,0.89260135,0.13376612,0.12911914,1.6959119e-05,0.032914866,0.14927891
1fuq_CIT_B_1002,0.42350044,0.9669304,0.126319,0.12603453,2.677879e-06,0.11642714,0.16611778
1fuy_FIP_A_269,0,0.97591356,0.12769099,0.13357469,0.82269911,0,0.20290996
1fwn_PEP_A_1268,0,0.97246389,0.12871347,0.135051,0.91753597,0.002611054,0.20575385
1fwn_PEP_B_2268,0.9953144,0.96362355,0.14635459,0.14537398,0.882534,0.0020669718,0.16732632
1g4s_TPS_B_2002,0,0.98254196,0.11424093,0.12448957,0,0.98878813,0.20726187
1g6n_CMP_A_621,5.0567369e-07,0.99572185,0.12905475,0.13624121,0.99550708,0,0.20895258
1g6n_CMP_B_622,0,0.99243928,0.12908833,0.13619311,0.99234586,0,0.20872999
1g72_PQQ_A_701,0,0,0.14403688,0.14006163,0.99211557,0.9908487,0.19994617
1g79_PLP_A_260,8.7059167e-05,0.90095242,0.11976943,0.12175306,0.0047690718,0.18783313,0.18149363
1g79_PLP_A_270,3.2833526e-06,0.002583767,0.13877859,3.6459078e-24,1.7753979e-07,0,0.14038979
1g8z_GAL_D_104,0.94144543,0.97509055,0.13594128,0.13131315,0.00023796911,0.012026368,0.14415173
1g8z_GAL_F_104,0.98978258,0.97660964,0.14688151,0.14663179,0.9685009,1.876181e-06,0.17059711
1g8z_GAL_H_104,0.96352562,0.96128231,0.13665935,0.13153369,0.00068052065,0.0039645759,0.14256871
1gck_PLP_A_413,0,0,0.13887206,0.1210856,0,0,0.14031125
1gck_PLP_B_913,0,0,0.13887206,0.1210856,0,0,0.14031125
1gey_PPE_A_413,0,0.94881201,0.12352688,0.12644006,0.36071842,0,0.18774783
1gij_2PU_A_501,0.89587387,0,0.15490976,0.13086414,0,0,0.10700585
1gim_HDA_A_438,0,0.95115893,0.12251929,0.13547182,0.72330822,0.93288062,0.2265145
1gim_IMP_A_440,0,0,0.13887445,0.12108922,0.00023428362,0,0.14031841
1gkc_NFH_B_1449,0.96347199,0.93849705,0.14685514,0.14586895,0.93715389,0,0.16915442
1gsi_TMP_A_1210,0.97981491,0,0.15972612,0.13680708,0.32520119,0,0.11382618
1gxu_2HP_A_1092,0.98786244,0.62895653,0.14913237,0.15040256,0.97989811,0.96195406,0.18612858
1gz5_G6P_B_901,0,0.9722514,0.11819519,0.12173156,1.2221562e-06,0.20506092,0.18464889
1gz5_G6P_C_901,0,0.95979779,0.11846282,0.12172128,3.3112043e-06,0.20174112,0.18406468
1gz5_G6P_D_901,0.82702458,0.97549452,0.13376661,0.13014578,1.2766772e-06,0.035608469,0.14910035
1gz5_UDP_C_900,0.95703959,0.95589697,0.14625375,0.14558622,0.92366707,0,0.16964898
1gz5_UDP_D_900,0,0.96637626,0.12775613,0.1333857,0.81032892,0,0.20216583
1h18_DTL_A_9010,0.99086552,0,0.1567599,0,0.019086985,9.7072703e-09,0.10403584
1h18_DTL_B_9009,0.99240068,0,0.15663778,0.13191777,2.0181051e-06,0,0.10341739
1h18_DTL_B_9010,0.97209303,0,0.15681911,0.13252267,0.053475467,0,0.10580697
1h18_PYR_A_1001,0,0.98341294,0,0.13548923,0.9379037,0.048925837,0.20833224
1h18_PYR_B_1001,0,0,0.13963882,0.12224929,0.075282129,0,0.14261372
1h1i_QUE_A_1358,0.99344516,0.99337223,0.14687603,0.14706983,0.99450636,0,0.1718991
1h1i_QUE_B_1356,0.99406393,0,0.15666753,0.1319359,0,0,0.10335549
1h1i_QUE_C_1358,0,0,0.14890083,0.13629882,0.98421302,0,0.1703973
1h1m_KMP_B_1358,0,0.99018301,0.11902194,0.1208547,0,0,0.17830874
1h1m_KMP_C_1358,0,0.98772055,0.12918539,0.13619794,0.99258705,0,0.20855629
1h48_C5P_A_203,0.99086604,0.92561991,0.14786467,0.14656686,0.9627664,0,0.16842479
1h48_C5P_B_901,0,0.95327625,0.12984676,0.13616177,0.98972785,0,0.20714711
1h48_C5P_C_901,0.97232855,0.97198425,0.1467781,0.14661879,0.9799157,0,0.17141738
1h48_C5P_D_204,0.98369946,0.92967262,0.14749204,0.14624029,0.94676052,0,0.16835746
1h48_C5P_E_901,0.98758089,0.95238654,0.14714048,0.1463294,0.95012735,0,0.16918771
1h48_C5P_F_901,0.9961927,0.85419986,0.14952424,0.14684261,0.97576667,0,0.16588348
1h48_CDI_A_201,0,0,0.14899654,0.13644705,0.99373842,0.0002693897,0.17069645
1h48_CDI_B_902,0.90556716,0.96987863,0.14063847,0.14912636,0.96092771,0.96053776,0.20164885
1h48_CDI_C_902,0.89463906,0,0.16004944,0.14986021,0.99347825,0.99423717,0.16682857
1h48_CDI_D_201,0,0.91815537,0.12562065,0.13967077,0.98409532,0.97648273,0.23450959
1h48_CDI_E_902,0.96100581,0.97437693,0.14168743,0.15027537,0.9893664,0.98921254,0.20147794
1h48_CDI_F_902,0,0,0.14897935,0.13641822,0.99193123,2.3997231e-05,0.17063395
1h48_GPP_C_904,0.96648463,0.051061276,0.15604096,0.13297422,0.08741935,0,0.10901252
1h5r_G1P_B_1294,0.9828736,0.94365805,0.14746794,0.14663923,0.97336326,2.5445998e-06,0.16973813
1h5r_G1P_D_1294,0,0,0.13887206,0.1210856,0,0,0.14031125
1h5r_THM_A_1292,0.99569826,0,0.15669695,0.13195399,1.6440774e-05,0,0.10329524
1h5r_THM_A_1293,0.98071657,0,0.16214464,0.14046123,0.56096788,0,0.12099973
1h5r_THM_B_1292,0.95763577,0,0.1560158,0.13153889,3.9230732e-05,0,0.10471096
1h5r_THM_B_1293,0.98383148,0,0.16162982,0.13962968,0.50497134,0,0.11917219
1h5r_THM_C_1292,0,0,0.14050128,0.12370775,0.16647514,0.0087081338,0.14579598
1h5r_THM_C_1293,0,0,0.13887452,0.12108933,0.00024132294,0,0.14031862
1h5r_THM_D_1292,0.98919434,0,0.16043466,0.13772957,0.37825773,0,0.11509936
1h5r_THM_D_1293,0.45179086,0,0.15694844,0.14116914,0.9802655,0,0.15348066
1h69_ARH_A_1275,0,0,0.13887207,0.1210856,1.7418503e-07,0,0.14031125
1h69_ARH_B_1275,0,0,0.14811374,0.13510485,0.90696923,0,0.16803606
1h69_ARH_C_1275,0,0,0.13887211,0.12108568,4.7567371e-06,0,0.14031139
1h70_CIR_A_500,0,0,0.14396972,0.1399772,0.98628454,0.99240078,0.19981383
1h82_GZZ_A_590,0,0.94736517,0.11872995,0.12171093,0,0.19842489,0.18348123
1h82_GZZ_B_590,0.95906774,0.96076084,0.14122656,0.13807401,0.43630952,6.5641882e-08,0.15486237
1h82_GZZ_C_590,0,0.95350798,0.12237966,0.12484149,0.25737024,1.5977566e-08,0.18476882
1h8p_PC_A_1110,0,0.87982616,0.13129782,0.13614647,0.98762949,0,0.20426438
1h8p_PC_A_1111,0.071628614,0.90533677,0.12098778,0.12240473,4.3345933e-06,0.17246906,0.17841749
1h8p_PC_B_1110,0.98868054,0.91480008,0.14197996,0.13734898,0.36779961,0,0.14990351
1h8p_PC_B_1111,0,0.9354496,0.11898714,0.12170333,0.00013547327,0.19529894,0.18292768
1hdi_3PG_A_419,0.99369566,0.95282995,0.13772925,0.1324584,0.038082066,0.0096258881,0.14238919
1hkn_N2M_C_4138,0.9783261,0.98289347,0.1364691,0.13169074,0,0.006421822,0.14291611
1hkn_N2M_D_5139,0.99528217,0.25884882,0.15150021,0.13188883,0,0,0.11324333
1ho5_ADN_A_1604,0.98369689,0.94587035,0.13736625,0.13171473,1.1532432e-06,0,0.14094727
1hot_16G_A_269,0.00032804334,0.97630555,0.11811427,0.12173824,2.5018792e-08,0.20607389,0.18482489
1hot_16G_B_271,0.27312227,0.968443,0.12344245,0.12450628,4.3482707e-07,0.14779844,0.17268013
1hq2_PH2_A_181,0.99671125,0.96316756,0.1475458,0.14712131,0.99507507,0,0.17063598
1hsb_ALA_A_1001,0,1.1247562e-05,0.13887184,0.1210856,4.5035936e-10,0,0.14031168
1hsb_ALA_C_1,0,0,0.13887206,0.1210856,0,0,0.14031125
1hsr_BHO_A_800,0.99664928,0.99188539,0.13662244,0.1318846,2.819143e-06,0.0050469902,0.14254714
1i8a_BGC_A_189,0.068665263,0.89975852,0.1211783,0.12261918,0.014920795,0.17722658,0.17888967
1ia1_TQ3_A_194,0.99704587,0,0.16079449,2.1913477e-60,0.99667661,0.9968135,0.99649422
1ia1_TQ3_B_196,0,0.96735884,0.12611414,0.13887492,0.99739114,0.70707169,0.22883553
1if4_FBS_A_555,0.99666889,0.98795365,0.14704778,0.14711449,0.99503764,0,0.17158756
1ij8_BNI_B_502,0.83194396,0.95623627,0.13586427,0.1333089,0.18729102,0.10020809,0.15559294
1iki_DAL_A_500,0.63914911,0,0.15031401,0.12806207,6.2995826e-06,0,0.11655015
1iki_REY_A_400,0.85864645,0,0.1625615,0.14307615,0.81633863,7.4554068e-08,0.1333442
1iri_E4P_A_601,0.99636509,0.95515978,0.1416693,0.14692876,0.79336733,0.79667444,0.18773965
1iri_E4P_B_602,0.98966565,0.95990547,0.13718312,0.13179804,0.00065815938,0,0.1413748
1iri_E4P_C_603,0.99298605,0.96082443,0.13724251,0.13923518,0.323562,0.68958416,0.17055381
1iri_E4P_D_604,0.99168967,0.97216147,0.14121683,0.14889791,0.88063136,0.98046264,0.19666952
1isx_XYP_A_1461,0.032025759,0.96506034,0.12985426,0.13644168,0.97624465,0.038512995,0.20713569
1isx_XYP_B_961,0.94605276,0.97208371,0.14615263,0.14633841,0.97528673,0.02122679,0.17288438
1itw_ICT_A_743,0.98770296,0.92865869,0.13782071,0.13175862,0.0010421281,0,0.1400091
1itw_ICT_B_744,0,0.92113103,0.1194105,0.12191899,0.013753761,0.19662532,0.18280912
1itw_ICT_C_743,0.99213665,0.83316803,0.14035276,0.13250408,0.047695722,0,0.13723277
1itw_ICT_D_743,0.98668586,0.78255559,0.14085794,0.13168958,0.0010759672,0,0.13369488
1iwe_IMP_A_460,0,0,0.13887206,0.1210856,0,0,0.14031125
1iwe_IMP_B_1443,0.97852813,0,0.15650357,0.1319395,0.011203601,0,0.10427554
1iwe_IMP_B_1452,0,0,0.13888209,0.12110081,0.00098386525,0,0.14034132
1ixo_G3P_A_1001,0.86584543,0,0.15464956,0.13095713,0.027220164,0,0.10895428
1ixo_G3P_B_1002,0.83841247,0,0.16227239,0.14300965,0.82159133,0.025070372,0.024492461
1j0y_BGC_A_1601,0.99715808,0.97425925,0.14616757,0.14787014,0.99026507,0.22341513,0.17750614
1j0y_BGC_B_2601,0.9543416,0.98244992,0.14064466,0.14907772,0.91602912,0.99208799,0.19987871
1j0y_BGC_C_3601,0.99731894,0.97767278,0.14600645,0.14804362,0.99471414,0.25165007,0.17860229
1j3i_UMP_C_611,0.95413995,0,0.16584227,0.14650202,0.9705415,0,0.13450787
1j3i_UMP_D_711,0.98312368,0,0.16641952,0.14690696,0.97627229,0,0.13360554
1j3i_WRA_A_609,0,0.99015522,0.1251711,0.13018199,0.60342269,8.207072e-06,0.19675373
1j3k_UMP_C_611,0.98438715,0,0.16680543,0.14718418,0.99479399,0,0
1j3k_UMP_D_711,0.9814067,0,0.16673675,0.14712829,0.99328345,0,0
1j54_TMP_A_2000,0.98734221,0,0.16623534,0.14655905,0.95078537,0,0.13266961
1ja9_PYQ_A_406,0,0.97089405,0.11834319,0.12196418,0.013991928,0.20998391,0.18515356
1jf0_CZH_A_197,2.1247351e-08,0.99184997,0.12912276,0.13622754,0.99456484,0,0.20877521
1jho_NIO_A_991,0.74250038,0.99493667,0.13935751,0.13978737,0.70059852,0,0.172304
1jho_RMB_A_990,0.95681204,0,0.16611578,0.14687352,0.99268842,0,0.13508553
1jhv_PCR_A_990,0.99831,0.99501148,0.13663291,0.13199504,0.0054470704,0.0075950429,0.14284328
1jl0_PUT_A_401,0.045505925,0.90215522,0.12792963,0.13798622,0.92656634,0.62382934,0.22001449
1jl0_PUT_B_401,0.98213682,0.92266115,0.14302038,0.15033251,0.97865221,0.98378099,0.19821964
1jla_TNK_A_999,0.9910065,0,0.16666525,0.14715169,0.9865385,0,0.13362631
1jtk_THU_A_138,0,0.95567749,0.12478341,0.13946495,0.97278509,0.97042791,0.23542464
1jyw_147_A_2001,0.98575778,0.96233771,0.13819413,0.1339971,0.13454226,0.050233025,0.14709655
1jyw_147_C_2001,0.97471888,0.96856532,0.13760396,0.133403,0.10539402,0.043156294,0.14668113
1jyx_IPT_A_2001,0,0.97448388,0.12101082,0.13450037,0.64785474,0.98739332,0.22671544
1jyx_IPT_A_2002,0.00063031565,0.97431897,0.11947607,0.12105971,0.012471473,0.00045190446,0.17807114
1jyx_IPT_B_2001,0.98629703,0.96488624,0.14229992,0.150431,0.98304585,0.98242336,0.19977948
1jyx_IPT_D_2001,0.99098755,0.9567982,0.14253281,0.15046455,0.9817712,0.98246992,0.19925714
1jyx_IPT_D_2002,0.00063084568,0.96610554,0.11842465,0.121901,0.010063584,0.2070933,0.18474208
1k5s_GRO_B_601,0,0.96654426,0.12394786,0.13822899,0.89925485,0.94406847,0.23281426
1k8z_IAG_A_501,0.99442625,0.96225639,0.13726509,0.1319319,0.0056558862,0,0.14148263
1kar_HSM_A_502,0.0014684532,0,0.14169621,0.12601844,0.30388834,0.060312791,0.15131489
1kar_HSM_B_503,0.0036272461,0.97095689,0.11829163,0.12176742,3.8082026e-06,0.20396974,0.18443167
1kbq_936_A_703,0.99387654,0.98181182,0.13678644,0.13184802,6.7692787e-07,0.0029312185,0.14219411
1kbq_936_B_704,0.99325856,0.98518428,0.13670229,0.13184454,1.1322975e-06,0.0039578758,0.14237904
1kbq_936_C_701,0.99192282,0.9607106,0.13720292,0.13181067,8.1288974e-08,0,0.14128841
1kbq_936_D_702,0.98438844,0.98973226,0.13643689,0.13175824,1.055005e-05,0.0070007991,0.1429757
1kdo_C_B_6407,0.96329766,0.96558044,0.14327177,0.14125326,0.63907508,0,0.16108833
1kep_TDX_A_3500,0.14504393,0,0.14146938,0.12266994,7.5800224e-05,0,0.13492134
1kfc_IPL_A_674,0.99350644,0.94924874,0.13952073,0.13897936,0.37737549,0.39129296,0.16291241
1ki2_GA2_A_1,0.95137752,0,0.15590337,0.13146997,0,0,0.10494242
1ki2_GA2_B_2,0.98928761,0,0.15658681,0.13189103,0.00046980284,0,0.10354742
1klk_PMD_A_653,0.99428941,0.98386265,0.14703459,0.14700967,0.98987492,0,0.17136121
1klz_U_A_2001,0.96733147,0,0.16605337,0.14660801,0.96808301,0,0.1339423
1km6_OMP_A_2001,0.97817557,0,0.16336421,0.14928238,0.98694232,0.61630842,0.15234482
1knu_YPA_A_1001,0.98339956,0.72652695,0.14191189,0.13165008,2.0392343e-09,0,0.13163218
1kuj_MMA_A_501,0.97735509,0.94941724,0.14252925,0.15057454,0.99593486,0.99284993,0.2002207
1kuj_MMA_C_502,0.99014569,0.94943352,0.14262216,0.1504548,0.98028587,0.98809704,0.19912686
1kuj_MMA_E_503,0.97973905,0.96051019,0.14230693,0.15052711,0.99148163,0.99229678,0.20040526
1kwc_BPY_B_401,0.99651389,0.99116452,0.13666114,0.13193332,0.0030372542,0.0060289007,0.14264243
1kwu_MMA_A_501,0,0.95346127,0.12872643,0.13446787,0.88014446,0,0.2038044
1kwu_MMA_B_601,0.017913055,0.93323504,0.13002664,0.13553893,0.93648164,0,0.20408444
1kwu_MMA_C_701,0.01853816,0.93401632,0.12941118,0.13489146,0.88839844,0.024254861,0.20333875
1kya_XYD_D_814,0.015163434,0.97004199,0.12981793,0.13637771,0.99324334,0,0.20733423
1l4f_150_A_990,0.99368633,0.98467331,0.13691641,0.13223212,0.022965378,0.012408154,0.1432695
1l4f_NCN_A_991,0.9681295,0.99178363,0.14647475,0.14682431,0.99647566,0,0.17283948
1l4n_NIO_A_991,0.76503037,0.99500638,0.14263862,0.14440087,0.98315863,0,0.18010657
1l5o_2MP_A_990,0.99710042,0.99368906,0.13671267,0.13212761,0.014184438,0.010792032,0.1431884
1l5o_NCN_A_991,0.96830921,0.9930576,0.14641354,0.14676699,0.99265934,0,0.17276503
1lc8_33P_A_800,0,0,0.14398029,0.13988601,0.98265197,0.98286393,0.19942071
1ldo_SNR_A_150,0,0.94881019,0.11869889,0.12171213,0,0.19881018,0.18354903
1ldo_SNR_B_350,0.98395114,0.97356556,0.13677592,0.13174023,0,0.002776246,0.14223565
1lnf_VAL_E_1321,0.98727058,0,0.16650894,0.14697555,0.97777478,2.5760612e-05,0.13349806
1lo3_AN1_Y_500,0.99192112,0.97975166,0.13679372,0.13182642,0,0.0027843491,0.14218184
1lqp_FCN_A_4002,0.99596532,0,0.15670157,0.13195665,8.1180276e-09,0,0.10328481
1lqp_FCN_A_4004,0,0,0.13889596,0.12112185,0.0023448928,0,0.14038293
1lqp_FCN_B_4001,0,0,0.13887206,0.1210856,0,0,0.14031125
1lqp_FCN_B_4003,0,0,0.13888819,0.12111007,0.001582878,0,0.14035963
1lro_PEP_B_2268,0.0035607623,0.9731796,0.11925867,0.12625032,0.22775219,0.49870086,0.19923651
1lti_GAL_D_104,0.99229857,0.92993194,0.14312637,0.15058589,0.98717018,0.98718053,0.1984818
1lti_GAL_E_104,0.99412383,0.96631519,0.13911716,0.14563406,0.66476972,0.99266592,0.19011702
1lti_GAL_H_104,0.98568147,0.95699148,0.14247437,0.15054358,0.98903389,0.98919914,0.19988287
1luq_BTN_A_5100,0.99249329,0,0.16689665,0.14719171,0.98955304,0,0
1luq_BTN_B_5200,0.98717775,0.96500406,0.14721052,0.14682295,0.98253231,0,0.17067746
1lzz_IHG_A_830,0.9916934,0.92919724,0.13787576,0.13178226,1.2220119e-06,0,0.13981982
1lzz_IHG_B_1830,0.87990769,0.9348825,0.14092157,0.1381385,0.4955154,0.0019952689,0.15868105
1m3u_KPL_A_265,0.42182256,0.84788602,0.12907167,0.12636409,0.026650278,0.095097126,0.16168746
1m3u_KPL_C_265,0.63416872,0.88688332,0.13648103,0.13687902,0.52482113,0.24994598,0.17458845
1m3u_KPL_D_265,0.77151058,0.90010893,0.14041512,0.14446767,0.84598873,0.56996392,0.18888933
1m3u_KPL_E_265,0.99436588,0.96072578,0.14258601,0.15064937,0.99054643,0.98606712,0.19965691
1m3u_KPL_F_265,0.27282851,0.83831478,0.13410498,0.14137022,0.99172852,0.59134484,0.21014471
1m3u_KPL_G_265,0.41429981,0.85666867,0.13608813,0.14298436,0.98914215,0.62243271,0.20643009
1m3u_KPL_H_265,0.2487361,0.87787079,0.12528628,0.12488897,0.042241716,0.1446271,0.1711994
1m7p_G3H_A_5401,0.99232306,0.97335821,0.13693871,0.13182521,0,0.00099684813,0.14186452
1m7p_G3H_B_6401,0.98070982,0.96292308,0.13694331,0.13169845,0,0.00060609207,0.14187625
1m9j_CLW_A_906,0.0010600658,0,0.13889108,0.12109723,3.6529426e-06,0,0.14027195
1m9j_CLW_B_907,0.54462011,0,0.14862171,0.12703019,4.4000038e-07,0,0.12006422
1mex_RAC_H_601,0.95570862,0.98557876,0.14224626,0.14042435,0.59110997,0,0.16067166
1mmx_FUC_B_348,0.084803449,0.92972479,0.12692365,0.14082869,0.99486867,0.99511246,0.23268122
1mmy_G6D_B_348,0,0,0.13890667,0.1211381,0.0033965023,0,0.14041507
1moo_4MZ_A_264,0.055030513,0,0.13985721,0.12168627,3.0297935e-07,0,0.13826542
1moo_4MZ_A_265,0.99139843,0,0.1566199,0.13190694,8.5848719e-06,0,0.10345485
1mrq_STR_A_501,0.98824881,0.97981706,0.13672287,0.13178912,0,0.0035580604,0.14234343
1msv_PUT_A_355,0,0.91784837,0.12521439,0.13813971,0.90418271,0.89594961,0.22967298
1mvc_BM6_A_200,0.99246354,0.99215841,0.14689903,0.14708403,0.99609982,0,0.17193772
1n1i_HIS_C_501,0.8243796,0,0.15379442,0.13008621,0.0014285187,0,1.6626319e-07
1n3o_GYP_A_1001,0,0.94680066,0.12982989,0.13596442,0.9763628,0.0021027743,0.20655226
1n3o_GYP_B_1101,0.042341654,0.96103598,0.1192507,0.12217991,0.0016164724,0.1939608,0.18236051
1ne4_RP1_A_401,0.9695519,0.97117567,0.14688906,0.14680782,0.99409321,0,0.17192296
1ne4_RP1_A_601,0,0.88313417,0.13054118,0.13509849,0.91988095,0,0.20232034
1nf0_13P_A_5001,0.99053029,0.9324785,0.14616588,0.14420784,0.81037383,0.00049370407,0.16405663
1ngp_NPA_H_302,0,0.95306656,0.1229465,0.13682437,0.79716352,0.99041332,0.23054706
1njr_XYL_A_285,0.9371685,0.83104973,0.1389541,0.13114743,6.1466915e-05,0,0.13757113
1nme_159_B_9002,0.97329797,0.96439468,0.13677152,0.1316243,8.3719521e-07,0.0025251848,0.14226528
1nmm_NAG_B_403,0.98559406,0.97401938,0.14213452,0.1506197,0.99266223,0.9959926,0.2008514
1nmm_NAG_D_527,0.97095362,0.97198781,0.14181128,0.15015592,0.97613541,0.98266007,0.20041817
1nmz_NYM_A_301,0.97243404,0,0.15996463,0.13728876,0.3615752,0,0.11521248
1now_IFG_A_557,0.93767286,0.98300879,0.14107443,0.14993792,0.98513541,0.98503202,0.20242363
1now_IFG_B_558,0.98726233,0.98739446,0.14194866,0.15059136,0.99245148,0.98505966,0.20097282
1nrg_PLP_A_320,8.6710282e-06,0.93683635,0.11895917,0.12170783,0.00033097656,0.19574076,0.18300031
1ns4_BGC_B_2400,0,0.77234344,0.12834647,0.13915285,0.95373104,0.95400933,0.22732125
1nsm_GLA_B_2400,0.019248487,0.93132093,0.1220064,0.12375393,0.16334207,0.040983904,0.18153973
1nux_F6P_A_2339,0.9712401,0.96440473,0.14481624,0.14343176,0.77438456,6.3216665e-06,0.16488436
1o28_UFP_A_703,0,0,0.13887554,0.12109087,0.00034104143,0,0.14032167
1o28_UFP_C_713,0,0,0.14855821,0.13578184,0.9507085,0.00024442035,0.16938034
1o29_UFP_A_803,0.00012005399,0,0.1388743,0.12108704,7.9691224e-06,0,0.14030703
1o29_UFP_B_808,0,0,0.1388765,0.12109233,0.00043521144,0,0.14032455
1o29_UFP_C_813,0.0001942159,0,0.14682861,0.13754193,0.97169727,0.39040166,0.18155478
1o29_UFP_D_818,0,0,0.13887513,0.12109026,0.00030105738,0,0.14032045
1o2i_655_A_246,0.99334405,0,0.1656342,0.14554967,0.88124563,0,0.13032075
1o68_KIV_A_275,0.98739086,0.96902026,0.13660287,0.13835006,0.27572336,0.66708194,0.1689484
1o68_KIV_B_275,0.9921679,0.97842617,0.1414523,0.14578384,0.75614116,0.65562162,0.1834785
1o6g_SIN_A_724,0.96743382,0.91780026,0.14535693,0.14290732,0.74244214,2.8905475e-08,0.16226083
1okm_SAB_A_555,0.99019112,0.98194388,0.14684436,0.14672976,0.97463114,0,0.17097396
1om5_INE_A_790,0.00020521086,0.98684058,0.11909284,0.1208582,2.7932529e-05,1.2631974e-05,0.17817407
1om5_INE_B_791,0.17961588,0.98772575,0.12126215,0.12357611,0.00029421017,0.17230757,0.17763321
1opr_ORO_A_220,0.99831537,0,0.1590369,0.1354611,0.22505904,0,0.11007719
1ov5_2LP_A_403,0.99352793,0.99478198,0.14188552,0.15073165,0.99478527,0.99527819,0.20139696
1ovk_NYL_A_405,0.95630158,0.98703406,0.14136544,0.15028316,0.99258249,0.9925805,0.20233646
1owz_4FA_A_409,0.98487937,0.97461893,0.14705172,0.14690954,0.98990214,0,0.17135716
1oxp_IK2_A_411,0.96819645,0.94966152,0.13699169,0.13156034,8.2486259e-06,0,0.14179455
1p2s_ETF_A_400,0,0.7009665,0.12409157,0.12163852,0.0078780893,0.135702,0.17224082
1p5g_G6P_X_658,0.98534318,0.89572445,0.13847493,0.13168994,5.5856306e-07,0,0.13852345
1p7l_MET_B_385,0.97969341,0,0.15641028,0.13177905,6.4489877e-07,0,0.10388976
1p7l_PPK_C_684,0.98636298,0,0.15659451,0.13195021,0.0063636828,0,0.10383632
1p7l_PPK_D_884,0.0071423959,0.8086712,0.12187517,0.12172742,0.0035126094,0.16130003,0.17680841
1pbd_PAB_A_396,0.99647336,0.98465301,0.14707481,0.14705907,0.99154026,0,0.17136126
1pfw_MF3_A_553,0.98994574,0.99201225,0.14173909,0.14947356,0.93724513,0.90540392,0.19700663
1pi3_TZD_A_530,0.88033853,0,0.15463548,0.13070039,0.00037630647,0,0.1075949
1pke_2FD_A_446,0,0,0.13937856,0.12185407,0.049715168,0,0.14183128
1pke_2FD_B_447,0,0,0.13919374,0.12157357,0.031569023,0,0.14127627
1pke_2FD_C_448,0.99291476,0,0.15736119,0.13300682,0.070094079,0,0.1055409
1pl6_572_A_405,0.66601137,0.95325612,0.13119931,0.12848971,5.8115657e-07,0.062837659,0.15500751
1pl6_572_B_407,0.62174352,0.94468091,0.13054643,0.12803252,9.4804642e-06,0.069671067,0.15651648
1pl6_572_C_409,0,0.958854,0.12247466,0.12514692,0.27721091,0,0.18558048
1pl6_572_D_411,0,0.95630496,0.12459952,0.12829332,0.48072733,0,0.19170388
1poc_GEL_A_420,0.78301201,0.95165088,0.14273966,0.14296019,0.87646659,0.00057284577,0.17452986
1pr0_NOS_C_1247,0.97562186,0,0.16142546,0.15064857,0.98695175,0.99568188,0.16366115
1pr6_XYA_A_1245,0.98852205,0,0.16196999,0.14006956,0.53011637,3.0581629e-06,0.11976655
1pr6_XYA_B_1246,0.98677071,0,0.15696869,0.13382355,0.099527104,0.11671545,0.11012125
1pr6_XYA_C_1247,0.95218787,0,0.15640717,0.13222105,0.048018603,0,0.10638016
1pt8_OXL_A_802,0.99584749,0.94714412,0.13756867,0.13183935,2.0559824e-08,0,0.14048248
1pt8_OXL_B_801,0.99860125,0.9804017,0.13690611,0.13189492,1.5654447e-06,0.0015825601,0.14192404
1pvc_ILE_0_7,0,0,0.13887206,0.1210856,0,0,0.14031125
1pwz_RSO_A_256,0.99704689,0.95304311,0.13747193,0.13187088,0.00086467767,0,0.14074259
1pwz_RSO_B_256,0.9951624,0.93489993,0.13782392,0.13183228,0.00060101844,0,0.139962
1pym_OXL_A_1001,0.99587261,0.87602299,0.13909742,0.13178071,1.8353189e-09,0,0.13714455
1pym_OXL_B_1002,0.9971198,0.92552503,0.13805729,0.13183439,1.9917075e-09,0,0.13941324
1pzy_NAG_B_405,0.96747266,0.96923682,0.14186386,0.15036483,0.98877682,0.99650131,0.20123784
1pzy_NAG_D_406,0.98454775,0.92616841,0.14765651,0.14637512,0.95472897,0.00043205745,0.16844782
1q22_AND_A_401,0.97766242,0.99136811,0.13627444,0.13169101,1.1518876e-07,0.0088181909,0.14334237
1q3a_NGH_A_480,0.99064438,0.85950608,0.1472819,0.1436913,0.7758924,0,0.16018348
1q3a_NGH_B_479,0.96675714,0.95346286,0.14651627,0.14575318,0.92756993,0,0.16931362
1q3a_NGH_C_481,0.94462054,0,0.1600169,0.13781978,0.41556956,0,0.11789702
1q4g_BFL_A_701,0.98606175,0.9863461,0.14682787,0.14690465,0.98892805,0,0.17173345
1q4g_BFL_B_1701,0.9911122,0.9888112,0.14687871,0.14697415,0.98989504,0,0.17166984
1q6r_LX1_A_7301,0.99215021,0,0.15724612,0.13284468,0.060144459,0,0.10526517
1q6r_LX1_B_9301,0.98713275,0,0.15683177,0.13229762,0.028295898,0,0.10447814
1qit_MAE_A_411,0,0.85142394,0.12079174,0.12163184,2.0989431e-05,0.17285141,0.17898074
1qjc_PNS_B_1163,0.57135051,0,0.14924459,0.12754093,0.01416753,1.6941437e-12,0.11950355
1qmh_CIT_A_401,0,0.88300113,0.12831028,0.13189164,0.70857955,0.016128707,0.19633309
1qmh_CIT_B_401,0.95803441,0.89325502,0.13840358,0.13218132,0.04615932,0.0041362619,0.14146161
1qxa_GLY_B_245,0.93014715,0.01303997,0.1552619,0.1312352,0,0,0.10623209
1r4s_MUA_A_800,0.082806303,0.97175427,0.13094459,0.13703989,0.98834243,0,0.2047354
1rf2_BV4_D_104,0,0.9208132,0.1244332,0.13559433,0.77020466,0.76700901,0.22187742
1rf2_BV4_F_106,0,0.93492764,0.12480549,0.1279609,0.45889408,2.1489679e-05,0.19021676
1rf2_BV4_G_107,0.028399354,0.93442121,0.1241567,0.13396173,0.66931281,0.66361627,0.21520155
1rf2_BV4_H_108,0.022685385,0.95181606,0.12801548,0.13333416,0.78308449,0.032270878,0.20088542
1rqh_PYR_A_602,0.47410252,0.94853187,0.12780782,0.12680237,0.01606809,0.10716907,0.16372284
1ruk_BEZ_H_601,0.99225605,0.96930848,0.1370367,0.13184523,0.0014399581,0.00047477967,0.14173591
1rum_BEZ_H_1601,0.98712959,0.9750919,0.13685754,0.13188065,0.0063939891,0.0049439491,0.1424298
1rvt_NDG_H_742,0,0,0.13887207,0.12108561,4.6338268e-07,0,0.14031126
1rvz_NAG_F_3331,8.6951221e-05,0.00015058308,0.13887563,0.12109415,0.0004935975,0,0.14032888
1s2c_FLF_A_2001,0,0.97556009,0.11812409,0.12173429,7.6263792e-07,0.20594296,0.1848041
1s2c_FLF_A_2002,0,0.93205554,0.11944929,0.12246609,0.045958932,0.21170352,0.18462998
1s3v_TQD_A_187,0.87342551,0.9942192,0.14473019,0.14578948,0.99643915,0,0.17645259
1s5s_PG3_A_1,0.97213715,0.94968726,0.14279066,0.1462655,0.82229427,0.56609449,0.18249452
1s83_4HA_A_5,0.97650847,0.96651693,0.14693911,0.14672475,0.9817371,0.0084111264,0.17135664
1sep_BIO_A_801,0,0,0.14731559,0.13389408,0.82863904,1.6680786e-08,0.16564161
1sff_IK2_A_450,0,0.96971756,0.12936856,0.13593252,0.9751447,0,0.20733225
1sff_IK2_B_450,0,0.96952305,0.12929061,0.1358084,0.96711162,0,0.20707923
1sff_IK2_C_450,0.98606622,0.97676207,0.14678913,0.1465566,0.96626312,0,0.17067266
1sff_IK2_D_450,0.98612264,0.97445498,0.14697958,0.14677496,0.98031553,0,0.1710116
1sjc_SMG_A_1000,0.93247286,0.93730527,0.1384946,0.1349496,0.22523458,0.088790474,0.15190657
1sjc_SMG_B_1100,0.97844694,0.93954584,0.13695049,0.14137721,0.4088544,0.95559015,0.18075297
1sjc_SMG_C_1200,0,0.93408809,0.12477422,0.13868891,0.92459202,0.96059253,0.23283206
1sjc_SMG_D_1300,0,0.95002002,0.12187789,0.13111135,0.51207928,0.63466847,0.2111933
1sqk_LAR_A_378,0,0,0.13887206,0.1210856,0,0,0.14031125
1syf_THP_A_180,0,0,0.14281656,0.12826181,0.43906068,0.1116758,0.15686955
1sz6_NAG_B_5001,7.7799723e-05,0.9388798,0.11891377,0.12170473,1.9886327e-06,0.19614711,0.18307984
1sz6_NAG_B_5002,0,0.96908857,0.11944504,0.12085995,2.1621625e-05,3.7557058e-09,0.17749992
1t5z_DHT_A_931,0.98484995,0.99363905,0.14671869,0.1469788,0.9946907,0,0.17223451
1t87_CAM_A_1422,0.082516203,0.98911503,0.11968591,0.12316013,0.034438836,0.20557263,0.18327706
1t93_FLV_A_431,0.99121425,0.97238069,0.1369388,0.13181322,5.7515578e-06,0.00096672587,0.14186676
1tc2_7HP_A_800,0.99734029,0,0.16700532,0.14727804,0.99171433,1.0220562e-07,1.0491379e-07
1tf8_TRP_A_911,0,0,0.13887256,0.12108635,4.809949e-05,0,0.14031272
1tf8_TRP_A_913,0,0,0.14401542,0.14000661,0.98903114,0.98885047,0.19979278
1thc_FL9_A_130,3.6158123e-07,0.92919813,0.11912033,0.1216959,4.4278506e-08,0.19358084,0.18262886
1thc_FL9_B_130,0,0.94444694,0.11879265,0.12170852,1.7245159e-08,0.19764679,0.18334432
1thc_FL9_B_131,0.030091695,0.98618795,0.11846488,0.12204926,7.0184595e-06,0.20258202,0.184004
1tke_SER_A_500,0.69310183,0,0.15250449,0.1305087,0.12019129,0,0.11821827
1tkh_DPN_A_911,0,0.96400167,0.1183727,0.1217252,2.9396386e-05,0.20287188,0.18426297
1tkh_DPN_A_913,0,0,0.13928361,0.12170991,0.040389185,0,0.14154589
1tkj_MED_A_913,0.83885921,0,0.1538891,0.13024182,0,0,0.10912545
1tl2_NDG_A_237,0.98017459,0.96795077,0.14246306,0.15016643,0.98518128,0.91981646,0.19833818
1tl2_NDG_A_238,0.00028478674,0.95188419,0.12492381,0.13966807,0.98335812,0.98014289,0.23587904
1tl2_NDG_A_239,0.97786416,0.95421403,0.14235551,0.15031784,0.98178096,0.9813205,0.19961216
1tl2_NDG_A_240,0.90898353,0.95031599,0.13585841,0.13095992,8.5012011e-05,0.012047992,0.14438446
1toq_AMG_A_501,0.99549451,0.95893793,0.14265426,0.15080537,0.99717729,0.99716238,0.20007722
1toq_AMG_C_502,0,0.92745487,0.12543497,0.13985653,0.99230432,0.99309577,0.23560877
1toq_AMG_E_503,0,0.9581768,0.12483165,0.13988344,0.9941913,0.99442989,0.23688484
1toq_AMG_G_504,0.9657646,0.94595247,0.14717527,0.14654233,0.97921127,0,0.17064092
1tsd_UMP_A_267,0.96169717,0,0.16599484,0.14661073,0.97223778,0,0.13427877
1tsd_UMP_B_265,0.97418974,0,0.16638542,0.14700032,0.98862058,0,0.13431514
1tt6_DES_A_129,0.33418096,0,0.14485448,0.12473322,0,0,0.12788758
1tt6_DES_B_128,0.3116108,0,0.14549882,0.12607722,0.10288742,0,0.13187179
1tuu_PIS_B_2854,0.0094804323,0.89805393,0.11996886,0.12176653,0,0.18332433,0.18075841
1tvw_CB3_A_318,0.18547571,0,0.1421924,0.12311009,7.7561149e-11,0,0.13341591
1tvw_UMP_A_317,0.99132926,0,0.15750636,0.13325278,0.087126514,0,0.1061205
1u18_HSM_A_401,0.88445605,0,0.15550225,0.13194836,0.078205628,4.1784382e-08,0.10982096
1u18_HSM_B_402,0.99603017,0,0.16554027,0.14536356,0.86730843,1.181668e-07,0.12979485
1u1g_BBB_A_3300,0,0.9690152,0.11940497,5.9787632e-61,3.6819806e-05,0,0.17747711
1u1g_BBB_B_4300,0,0.95564832,0.1211865,0.12309609,0.14448488,0,0.1814002
1u1g_BBB_C_5300,0,0.98152727,0.12253508,0.12592279,0.32774737,0,0.18799538
1u1g_BBB_D_6300,0,0.95308125,0.12976552,0.13603266,0.98137212,0,0.20688421
1u1g_BBB_E_7300,0,0,0.14779168,0.1346163,0.87536247,0,0.16706989
1u1g_BBB_F_8300,0,0,0.14833934,0.13544707,0.92910913,0,0.16871285
1u2o_NEC_B_1002,0,0.98398553,0.12414469,0.1393852,0.96731487,0.97353227,0.23643554
1u6r_IOM_B_1601,0.9270924,0.97355557,0.1357008,0.13116192,8.499711e-09,0.014483056,0.14468964
1ubs_SER_B_398,0.96313177,0.94124263,0.14157364,0.14765765,0.84783539,0.86375274,0.19209014
1uk7_BUA_A_1300,0.99759868,0.97235082,0.14194583,0.14900459,0.90257817,0.89962695,0.19473703
1uqx_MMA_A_1116,0.90406872,0.92333776,0.14624205,0.14562059,0.95911907,0.015507171,0.17191121
1uux_PPI_A_1165,0.99515914,0.93079883,0.13791041,0.13182575,0.00041528366,0,0.13976218
1uxi_FUM_B_1311,0.78912487,0.91581464,0.13560544,0.1322152,0.14989793,0.084123334,0.15402578
1v03_BGC_A_1498,0.91451413,0,0.16419601,0.14464827,0.87859552,0,0.13317035
1v3v_5OP_A_1360,0.94873098,0.98622764,0.13633458,0.13236978,0.058495961,0.035502165,0.14672645
1v3v_5OP_B_2360,0,0.98491371,0.11518705,0.123758,2.7811323e-05,0.78971774,0.20146564
1v5g_HTL_A_1602,0.17612155,0,0.14292716,0.1243766,0.088541991,0,0.13647028
1v5y_4HC_A_1455,0.99504592,0.98753036,2.0460578e-40,0.13166985,1.7080079e-07,7.0082527e-06,0.14138918
1vje_MSE_A_301,0.98028098,0.96711162,0,0.13151341,1.1472612e-06,1.000921e-06,0.14115454
1vje_MSE_A_401,0.93868149,0.89802039,0.13754313,0.1312173,3.1162682e-06,0,0.14064555
1vkf_CIT_A_501,0,0.86734174,0.1269454,0.13841773,0.93882056,0.82269317,0.22662688
1vkf_CIT_C_502,0.92989323,0.757633,0.14033125,0.13106111,0.00014464409,0,0.13482184
1vl1_CIT_A_300,0.86706107,0.9080658,0.13638891,0.13131575,0.048999102,0.027893088,0.14619897
1vzd_CB3_A_318,0,0,0.13887207,0.1210856,2.6442037e-08,0,0.14031125
1vzu_UDP_A_1371,0,0.94178014,0.12790413,0.13286796,0.77646263,0,0.20018673
1w1a_NDG_1_1261,0,0.91813182,0.11936877,0.12170768,0.0012541785,0.19110398,0.18216062
1w1a_NDG_2_1261,0.89520071,0.90850903,0.13705149,0.13187752,0.065471508,0.028438557,0.14567422
1w3t_3GR_A_1297,0.97712517,0.98621475,0.13750943,0.13391263,0.1335584,0.058005655,0.14854948
1w3t_3GR_B_1297,0.97220018,0.79823146,0.14260902,0.13597534,0.26933799,0.060186748,0.14545829
1w3t_3GR_C_1297,0.57352286,0,0.15075834,0.12980194,0.15890863,0,0.12384733
1w3t_3GR_D_1297,0.98036883,0,0.16050232,0.13835095,0.41675347,0.033386965,0.11759174
1w55_C_A_1372,1.4510704e-05,0.94860626,0.11870357,0.12171214,1.9918047e-06,0.19875357,0.18353891
1w55_C_A_1373,0.9813245,0.9810874,0.14652347,0.14636113,0.95703139,0,0.17073272
1w55_GPP_A_1374,0,0.74513912,0.12307545,0.12154348,8.7802426e-08,0.14450414,0.17399326
1w78_PD8_A_1421,0,0,0.14839916,0.13553782,0.93497985,0,0.16889231
1wc7_PP3_A_1214,0,0.92140223,0.11928793,0.12168959,9.453789e-06,0.1915058,0.18226349
1wmz_A2G_B_502,0.95253956,0.9375668,0.14584535,0.14512068,0.8830464,0.056390025,0.16953906
1wmz_NGA_A_501,0.93263607,0.97061428,0.13623105,0.13192832,0.042643793,0.028665593,0.1460447
1wmz_NGA_C_503,0,0.96623915,0.1183625,0.12180156,0.0044891239,0.20515312,0.18454912
1wmz_NGA_D_504,0.91030941,0.96748503,0.14541323,0.14541991,0.94607984,6.779952e-06,0.17251626
1x09_IPE_A_901,0.98596716,0.85467088,0.14677647,0.14306412,0.73411853,0.018630758,0.15944591
1x09_IPE_A_902,0.90629933,0.88982967,0.1371068,0.13088135,1.4298886e-05,0,0.14165958
1x29_PMG_A_413,0.97441557,0,0.16111098,0.14946265,0.92648083,0.93089626,0.15994125
1x29_PMG_B_1413,0,0.95116231,0.12438057,0.13772733,0.88123728,0.88235829,0.22984796
1x2a_PDG_A_413,0.8805022,0,0.16460531,0.14582156,0.97851814,0,0.13748929
1x2a_PDG_B_1413,0.33942192,0,0.15483284,0.13978486,0.97005908,0,0.15734614
1x7j_GEN_A_201,0.99605635,0.99433284,0.13655861,0.13188055,1.8844286e-07,0.00582068,0.14268745
1x82_PA5_A_301,0.96973567,0.95094844,0.13797042,0.13349933,0.11506645,0.043138941,0.14646264
1x8i_BMH_A_2,0.95697267,0,0.16106092,0.15001164,0.96709226,0.96127922,0.16272982
1x8x_TYR_A_952,0.99166536,0.95203449,0.13738455,0.13180099,7.4857321e-06,0,0.14089276
1xc7_GL6_A_998,0.95675401,0.97966028,0.140494,0.14675498,0.80567889,0.81681138,0.19112439
1xdj_HCS_A_1049,0.99616954,0.98594286,0.14262896,0.14531237,0.7740503,0.44055216,0.17780432
1xdj_HCS_A_1050,0.97585257,0.91853185,0.14435263,0.14885653,0.96099007,0.67478312,0.18861536
1xid_ASC_A_389,0.9912334,0.89814863,0.1385435,0.13177008,0.0010913964,0,0.13842724
1xin_XYL_A_397,0.77721827,0.9799924,0.13274272,0.12967189,0.0017350299,0.047719778,0.15153183
1xin_XYL_B_397,0.98988845,0.97847839,0.14049099,0.13703961,0.34689213,0.0042091835,0.15178759
1xin_XYL_C_397,0.98328384,0.97677191,0.13670893,0.13176467,0.001710163,0.0044146039,0.14248436
1xkw_188_A_1001,0,0,0.14903022,0.13649511,0.99691169,0,0.17078548
1xl0_OX2_A_998,0.99585109,0.99262944,0.14320551,0.14946305,0.97801986,0.71350578,0.19238124
1xny_BTN_A_5602,0.96277469,0.88526479,0.13853213,0.1319617,0.03052433,0,0.14024694
1xny_BTN_B_5602,0.96483152,0.96439152,0.13691173,0.13212881,0.035352719,0.017621896,0.14406675
1xuf_BAZ_A_246,0,0.64714897,0.1251811,0.12146234,0,0.11837639,0.16939578
1xuz_PEP_A_2001,0.9135682,0.84420816,0.14319047,0.14883441,0.93958689,0.93911206,0.19524281
1y2x_NAG_A_144,0,0.88494877,0.12628193,0.13983313,0.99068784,0.99082803,0.23386114
1y2x_NAG_B_1144,0,0.96207865,0.12475322,0.13986716,0.99351531,0.99309163,0.23697432
1y2x_NAG_C_2144,0.96157168,0.89133688,0.13812026,0.13144577,7.4309069e-05,0,0.13934675
1y42_TYR_X_701,0.85924668,0.84976395,0.14339704,0.13963822,0.60631816,3.8395308e-06,0.15951099
1y5v_NE8_A_500,0,0,0.14897387,0.13640963,0.99138177,2.4702374e-07,0.17061645
1y5x_E89_A_500,0,0,0.1488636,0.13624236,0.98055976,0,0.17028563
1y5x_E89_D_1500,0,0,0.14840709,0.13554984,0.93575804,0,0.1689161
1yee_PNB_H_551,0.98948095,0.98016125,0.13811248,0.13450396,0.16173101,0.064489073,0.14887659
1yik_MM1_A_500,0.89632288,0,0.15515521,0.1312292,0.023299957,0,0.1077014
1yik_MM1_A_501,0.34175622,0.66515264,0.13126223,0.1249621,0.00053327132,0.052997085,0.15550933
1yqc_GLV_A_1001,0.78960375,0.97675436,0.1330318,0.1297662,5.0579488e-08,0.043650359,0.15077478
1yw9_A84_A_482,0,0.96938546,0.12916385,0.13561196,0.95440083,0,0.20668539
1z11_8MO_A_501,0.97855457,0.94629097,0.14621467,0.14488763,0.86313496,0,0.16663013
1z11_8MO_B_501,0.97544795,0.92397906,0.14661421,0.14487086,0.86390692,0,0.16591301
1z11_8MO_C_501,0.98998631,0.94893196,0.1374215,0.13178534,0.00024697782,0,0.1408294
1z11_8MO_D_501,0.99423373,0.95399632,0.14583017,0.14428223,0.81301338,0,0.16481077
1z3n_3NA_A_320,0,0.98693705,0.12419656,0.13964015,0.98201005,0.98128678,0.23722738
1z6k_OAA_A_274,0,0.95013558,0.1186718,0.12171595,0.00016303905,0.19922517,0.18361784
1z8p_DEB_A_420,0,0,0.14401038,0.13999,0.98814578,0.98805231,0.19974211
1zb6_DIN_A_401,0.99759157,0.98006294,0.13689529,0.13188633,0.00011901319,0.0017445329,0.1419565
1zb6_GST_A_502,0,0.91291662,0.12463148,0.12703247,0.3985028,0,0.18752539
1zdq_MSM_A_1507,0.93784982,0.99225512,0.14551797,0.14587893,0.95670318,0,0.17276748
1zdq_MSM_C_1509,0.99417647,0.99510619,0.14684792,0.14706764,0.99387438,0,0.17191913
1zei_CRS_A_54,0.99802931,0.98369584,0.13852198,0.13726929,0.28861449,0.28803427,0.15829866
1zei_CRS_B_56,0.99702477,0.98598671,0.14711638,0.1471554,0.99736155,0.00017594343,0.17157509
1zei_CRS_C_56,0.99600051,0.99193138,0.14451454,0.14636563,0.88448169,0.26352222,0.17617996
1zei_CRS_D_54,0.036488016,0.96964612,0.12819497,0.1381028,0.99369211,0.40424061,0.2184966
1zei_CRS_E_55,0.99500818,0.99499985,0.13652453,0.1318706,9.8062974e-06,0.006218025,0.14276439
1zei_CRS_F_54,0.99545588,0.99076024,0.14396418,0.14561151,0.83379369,0.27306059,0.17488793
1zei_CRS_F_55,0.24575348,0.98633146,0.12538293,0.12705226,0.21348986,0.058317537,0.17727571
1zfj_IMP_A_500,0.98325547,0,0.1657141,0.14583472,0.90681112,0,0.13147731
1zg3_2HI_A_365,0.80538256,0.98039737,0.13325216,0.12993014,2.6605662e-05,0.041382266,0.15026564
1zgj_P1S_A_0,0,0.98577978,0.12900813,0.13587048,0.97137338,0,0.20783334
1zha_PEP_B_2268,0,0.97050759,0.11965496,0.1212578,0.025008269,0.0032532312,0.1784144
1zjp_DR4_A_1,0.92249257,0.97041601,0.13568127,0.13111255,3.9146134e-07,0.01459337,0.14474091
1zk0_SS2_A_1260,0.78316205,0.96934391,0.1386751,0.13732241,0.5119674,0.00026054651,0.16405175
1zmt_RNO_A_1002,0,0.93791651,0.11893349,0.1217041,5.949699e-05,0.19592801,0.18304034
1zmt_RNO_B_1001,0.98887301,0.96317512,0.13709228,0.13178169,0,0,0.14153569
1zmt_RNO_C_1003,0.00013013306,0,0.13887439,0.12108702,0,0,0.14030641
1zmt_RNO_D_1004,0,0.95191147,0.11863225,0.1217147,0,0.19963709,0.18369453
1zoy_UQ1_B_1201,0.99492405,0.96770075,0.13710962,0.13184728,1.7945595e-05,0,0.14148754
1zpd_CIT_A_610,0,0.91406054,0.12012059,0.12301101,0.079467393,0.21956303,0.18514696
1zpd_CIT_B_610,0,0.91502785,0.12958591,0.13502685,0.9069543,0.0369084,0.20424076
1zpd_CIT_E_610,0.98209188,0.96266732,0.13739746,0.13254337,0.049744436,0.019043961,0.14382542
1zpd_CIT_F_610,0.89851557,0.93843822,0.14422371,0.14619588,0.93513786,0.29041843,0.18009537
1zuw_DGL_A_1301,0.0022358184,0.98705009,0.12923945,0.13622341,0.99264585,0,0.20844924
1zuw_DGL_C_3301,0,0.98853667,0.12410113,0.13969081,0.98220046,0.99437359,0.23768167
1zwp_NIM_A_401,0.9545907,0.94488591,0,0.13124191,0.00024279211,0,0.14126406
227l_BNZ_A_169,0.99736557,0.99278316,0.13661687,0.13189298,2.3666409e-05,0.0051467271,0.14255918
2a0x_DIH_A_300,0.11576265,0,0.14169189,0.12348305,0.073356347,0,0.13825001
2a15_NCA_A_1001,0.94465878,0.98346168,0.1461587,0.14647493,0.99032072,0,0.17320454
2a1m_CAM_A_1422,0.50253516,0.9879787,0.12840717,0.12891271,0.12311961,0.15226973,0.16869511
2a5t_GLU_B_2002,0,4.3225342e-05,0.1388712,0.12108559,0,0,0.14031291
2a5t_GLY_A_1001,0,0,0.13887206,0.1210856,0,0,0.14031125
2a9z_26A_A_1001,0.99335643,0,0.16700375,0.14733975,0.998523,0,0
2a9z_26A_A_1002,0.9726906,0.98943181,0.14637045,0.14652105,0.97359999,0,0.17188039
2agw_TSS_D_3001,0,0,0.13960648,0.12220018,0.072105097,0,0.14251649
2agw_TSS_H_2001,0,0,0.13939121,0.12187328,0.050957705,0,0.14186931
2ahc_VNL_A_166,0.14034678,0.99258572,0.12041563,0.1231819,0.00036360511,0.1817167,0.17955921
2ahc_VNL_C_366,0.99217359,0.99022294,0.13657629,0.13184317,0.00033027608,0.0056491369,0.14267565
2ahc_VNL_D_466,0.99549928,0,0.15669698,0.13195726,0.00036857131,0,0.1033134
2ai1_P1G_A_293,0.89927666,0,0.16503696,0.14617144,0.98789627,0,0.137078
2aiq_BEN_A_401,0.98927238,0.98338686,0.14674475,0.14664119,0.96948563,0.00036175764,0.1709169
2ajv_COC_L_501,0.75708418,0.96674051,0.14124628,0.14156482,0.80486634,0,0.17386715
2ajx_TGN_L_501,0.02223558,0,0.14875476,0.13571612,0.93081373,0,0.16793832
2as1_TP5_A_500,0.84014149,0.99355835,0.1336351,0.13031103,0.0010120522,0.038105461,0.1494227
2b3f_GAL_A_3310,0,0.9895783,0.12421909,0.13993297,0.99721077,0.99720114,0.23826412
2b3f_GAL_B_3311,0.98877692,0.98933276,0.14192877,0.15075111,0.99844754,0.99893698,0.20158465
2b3f_GAL_C_3312,0,0.98916431,0.12422625,0.13991157,0.99623799,0.9954422,0.23816647
2bdg_PBZ_A_301,0.99473734,0.99621974,0.14678573,0.14699779,0.98897645,0,0.17179129
2bdg_PBZ_B_302,0.99058278,0.99566928,0.14680044,0.14707096,0.99663567,0,0.17215875
2bf7_HBI_A_1290,0,0,0.13887215,0.12108572,7.8600228e-06,0,0.14031149
2bf7_HBI_C_1290,0,0,0.13898573,0.12125803,0.011155367,0,0.14065225
2bgc_DTT_F_1238,0.36626258,0,0.15387019,0.1383133,0.84692595,0.037766753,0.15370135
2bgc_DTU_A_1238,0.58303984,0,0.15447303,0.13702393,0.5825949,0.15488173,0.14102613
2bjf_DXC_A_330,0,0.98847693,0.11905614,0.1208551,1.0000561e-07,0,0.17824327
2bk3_FOF_A_1503,0.91868267,0.9905141,0.14003278,0.13781686,0.44863987,5.0820905e-10,0.15788242
2bk3_FOF_B_1498,0,0.98677395,0.12564496,0.13079869,0.64327053,2.9162507e-10,0.19784183
2brk_CMF_A_1534,0,0,0.13887206,0.1210856,1.9432917e-09,0,0.14031125
2bs3_CIT_A_1657,0,0.98364729,0.12020182,0.12244731,0.10293461,4.7201925e-08,0.18120451
2bs3_CIT_D_1657,0.99659677,0.97435028,0.13707673,0.13202392,0.0092431437,0.0038727876,0.14210208
2bs8_NAG_A_1177,0.91733601,0.87833032,0.14313114,0.13915414,0.53439824,6.251768e-05,0.15625089
2bsc_NAG_A_1176,0,0.98456683,0.11932617,0.12114756,0.018844109,7.483704e-05,0.17867147
2bx7_34D_B_1313,0.98041028,0.86320922,0.13919287,0.13183419,0.0132491,0,0.13774907
2bxh_IOS_A_1001,0.99680824,0.98585939,0.1468278,0.14671573,0.96910126,3.557264e-05,0.17071023
2bxh_IOS_A_1002,0.21960481,0,0.14280342,0.12348268,4.7310786e-06,0,0.13214726
2bxh_IOS_B_1002,0.00019830868,0.92637842,0.11918467,0.12169557,2.4831414e-08,0.19278823,0.18248802
2c3d_COM_B_1525,0.97631434,0.94499902,0.13738301,0.1319097,0.016208887,0.0028549108,0.14188351
2c3d_COM_B_1526,0.98382622,0.9832389,0.14191049,0.15054938,0.99029147,0.99266624,0.20110006
2c5b_5F1_B_500,0,0,0.13887206,0.1210856,0,0,0.14031125
2c5b_5F1_C_500,0,0,0.13887206,0.1210856,0,0,0.14031125
2c6q_IMP_A_1337,0.95838321,0,0.16553495,0.14596691,0.93292619,0,0.13320027
2c6q_IMP_B_1339,0,0,0.14858039,0.13581274,0.95276595,0,0.16943601
2c6q_IMP_C_1337,0.99548347,0,0.15669323,0.13195184,2.8661999e-05,0,0.1033036
2c6q_IMP_D_1337,0.95736072,0,0.16542523,0.14581708,0.92395518,0,0.13296405
2c6q_IMP_E_1337,0.52824311,0,0.15756433,0.14086175,0.90639228,0,0.14838024
2c6q_IMP_F_1337,0.9927371,0,0.16636181,0.14666329,0.95371906,0,0.13255872
2c6q_IMP_H_1337,0,0,0.14588011,0.13171652,0.68776263,0,0.16133521
2caq_GSH_A_1208,0,0,0.13887501,0.12109008,0.00028941252,0,0.14032009
2ci0_1CM_A_1450,2.7426361e-05,0,0.13887264,0.12108603,8.2726627e-06,0,0.14031048
2cjz_PTR_A_1537,0.80875484,0.52913761,0.15115816,0.14255618,0.82590744,2.3093156e-05,0.15579743
2coj_GBN_B_420,0.99002875,0.98307273,0.14654737,0.14633522,0.94883069,0.0017155615,0.17028537
2cxp_A5P_B_2601,0.99442931,0.95026194,0.13747485,0.13182751,0,0,0.14068998
2d0e_NQ_A_409,0.02018451,0.96322172,0.11877149,0.12193042,6.3525041e-05,0.19852002,0.18335645
2d20_NPO_B_953,0.99645267,0.99162815,0.1368448,0.13186742,0.0015166757,0.00036709936,0
2d3n_GLC_A_608,0.013895512,0.93914262,0.1191754,0.12185718,0.00070214434,0.19363605,0.18252414
2dcf_ACA_A_501,9.6187547e-07,0.97065714,0.1252275,0.13892456,0.97327166,0.82225419,0.23163163
2dv0_ZST_A_600,0,0.97126264,0.12956272,0.13585723,0.97243901,0,0
2e1a_MSE_D_301,0.98007347,0.96764968,0.1458775,0.14787679,0.99486628,0.2562013,0.17899805
2e40_LGC_A_1001,0.9583643,0.00092158409,0.15615685,0,0.037004959,0.03713509,0.10692559
2e56_MYR_A_501,0.65949861,0.92168717,0.13175493,0.12839817,5.1003655e-05,0.055780517,0.15380955
2eb5_OXL_C_2003,0.98853298,0.96425191,0.14376923,0.14187332,0.65468291,0.028047556,0.16140589
2eb5_OXL_D_2004,0.99310695,0.95054763,0.1374437,0.1318143,1.2538635e-07,0,0.14076047
2eb5_OXL_E_2005,0.99276216,0.97439962,0.13692464,0.13183054,0,0.0011840976,0.14189443
2ef9_A5P_A_1269,0,0,0.1403351,0.12338087,0.14690924,0.0013172258,0.14500113
2ef9_PEP_A_1268,0.99276944,0.97739451,0.14067106,0.14742853,0.80141553,0.91092724,0.19235195
2ef9_PEP_B_2268,0,0.96732874,0.12362271,0.13602907,0.79352428,0.79017853,0.22506057
2ei7_D93_A_700,0,0,0.14896912,0.13640242,0.99091535,0,0.17060218
2eup_LG4_A_400,0.99484732,0.98113768,0.1468655,0.14666188,0.96693973,7.4025838e-08,0.17053481
2eus_ABN_A_400,0.9957896,0.99203182,0.14672202,0.14675767,0.97263576,0,0.17109195
2evd_D10_A_304,0.97933701,0.95994292,0.13703673,0.13179087,0.0065154614,0.0025553689,0.14206037
2ex1_C5P_A_1427,0,0.98395765,0.12924743,0.1361785,0.99127305,0,0.20837172
2f3s_7GP_A_998,0.98231946,0.9892257,0.14608028,0.99527021,0.95983706,0,0.65451171
2f64_12Q_A_472,0,1.3388283e-33,0.13992398,0.12268232,0.10329489,0,0.14347102
2f64_12Q_B_471,0.0054556519,1.1648884e-33,0.1389698,0.12114526,6.7573112e-06,0,0.14010863
2f78_BEZ_A_1003,0.039227747,0.99297058,0.11914035,0.13110994,0.41110663,0.94525785,0.21748315
2f78_BEZ_B_1004,0,0.99145624,0.12490926,0.13889315,0.97528206,0.8065717,0.23202742
2f78_BEZ_B_1005,0.99813612,0.98672432,0.13691591,0.13219925,0.018186831,0.010233569,0.14297952
2f7x_4EA_E_351,0.97317141,0.96053476,0.1444165,0.14267714,0.72414433,0,0.16312809
2fc0_DGP_A_239,0.0015877382,0,0.13890101,0.12110372,5.0921204e-05,0,0.14025378
2fcu_AKG_A_897,0.9939544,0.97442057,0.13694852,0.1318462,0.00021050051,0.0010236678,0.1418525
2fcu_AKG_B_898,0.9951317,0.9798058,0.13685523,0.13186294,0.00022896457,0.0022240866,0.14205509
2fhk_MFN_A_600,0,0,0.13887206,0.1210856,9.425511e-17,0,0.14031125
2fhk_MFN_B_602,0,0,0.142859,0.12834528,0.44405659,0.11356298,0.15707251
2fhk_MFN_C_601,0.80400458,0.97345808,0.13337499,0.12990994,2.2382074e-18,0.039805731,0.14999847
2fhn_BNI_X_501,0.97362038,0.96658839,0.14701057,0.14678763,0.98984509,0,0.17146582
2fhn_BNI_Y_502,0,0.95546413,0.12983312,0.13620711,0.99269362,0,0.20732173
2fpu_HSO_B_509,0.86161198,0,0.15429718,0.13049133,7.5173096e-05,0,0.10828188
2fr6_CTN_C_1003,0.99263193,0,0.16696525,0.14729319,0.99602181,0,0
2fr6_URI_B_1002,0,0,0.1489924,0.13643774,0.99320035,0,0.17067203
2fu9_MP2_A_1410,0.98379741,0.98259031,0.14636412,0.14612511,0.94002741,4.5384745e-05,0.17018002
2fu9_MP2_B_2410,0.93812531,0.99086491,0.14104562,0.13904823,0.51457615,9.4709077e-06,0.15918894
2fyd_BGC_B_403,0.98348,0,0.16398291,0.14833233,0.95983845,0.45600832,0.14657774
2fyd_BGC_D_530,0,0.98317917,0.11925011,0.12530572,0.19660342,0.38386722,0.19540389
2fyd_NGA_D_529,0.9574603,0.9702943,0.1363458,0.13146926,6.9903463e-05,0.0073859326,0.14322855
2fzb_TOL_A_600,0.8933844,0.99113834,0.14496692,0.14573147,0.97854583,0,0.17504539
2fzb_TOL_A_700,0.87667258,0.98333428,0.13485319,0.13042526,2.1866441e-09,0,0.14545437
2fzb_TOL_A_800,0.97663223,0.96882965,0.13674047,0.13166424,0.00014165223,0.0030742437,0.14233514
2g21_L1B_A_885,0.98834116,0.99475628,0.14671313,0.14694737,0.99020939,0,0.17201061
2g21_L1B_B_985,0.98792541,0.9871289,0.14689252,0.14699608,0.99353872,0,0.17183514
2g8t_MI2_A_401,0,0,0.14745842,0.13411076,0.84265686,0,0.16607012
2g9z_VNP_A_602,0,0.91551193,0.13022777,0.13560013,0.95282275,7.2037561e-08,0.2045698
2g9z_VNP_B_601,0,0.91507657,0.11942378,0.12168421,8.3709139e-07,0.18981589,0.18196636
2giq_NN2_A_1001,0.99421199,0.97800861,0.13689581,0.13189018,0.0025082608,0.0027952871,0.14210306
2giq_NN2_B_2001,0.98879051,0.9778921,0.14692017,0.14674523,0.9765599,0,0.17092951
2gn2_C5P_A_400,0,0.96464922,0.11835854,0.12172525,3.6028831e-07,0.20303357,0.18429217
2gnm_MAN_A_253,0.95037934,0.95594477,0.14155829,0.14934228,0.94370028,0.95776925,0.19883969
2gue_NAG_B_122,0,0.01964754,0.13950212,0.12263555,0.10056469,0,0.14414211
2gx5_PCG_C_514,0.85691377,0,0.15421755,0.13044684,0.00051424062,0,0.10846997
2gyv_HBP_A_1409,0,0.084249576,0.13972221,0.12580606,0.28789459,0.07703764,0.15468134
2gyv_HBP_B_545,0,0.95798112,0.1232706,0.12632799,0.35360649,0,0.18788229
2gyw_OBI_A_952,0.98696586,0.97968827,0.14441797,0.14303334,0.73773655,0,0.16376576
2gyw_OBI_B_953,0.95715683,0.9726299,0.14553113,0.14499309,0.88546444,0,0.16911894
2gzm_DGL_A_501,0.9912032,0.98553003,0.14202207,0.1506739,0.99304708,0.99319278,0.20101354
2gzm_DGL_B_502,0,0.98339294,0.12430947,0.13981749,0.99104021,0.99133766,0.2376647
2gzm_DGL_D_504,0,0.98563287,0.12426237,0.13980241,0.99033566,0.99034023,0.23769962
2hdk_COI_B_900,0,0,0.1431994,0.12901485,0.48413384,0.12870194,0.15870062
2hjp_PPR_A_291,0,0,0.13887206,0.1210856,0,0,0.14031125
2hs3_FGR_A_2166,0.92818262,0,0.15548814,0.1312168,0,0,0.10580472
2htu_BCZ_A_801,0,0,0.14395418,0.13992861,0.98366966,0.99017526,0.19966807
2huu_ALA_A_701,0.96467164,0,0.15614136,0.13161508,1.0990168e-08,0,0.10444819
2i1v_F6P_B_720,0,0.95616508,0.11854085,0.12171822,0,0.20077126,0.1838941
2i1v_FDP_B_710,0,0.91477937,0.12802249,0.13223352,0.73499334,7.2858691e-05,0.19788509
2i6p_4NP_A_401,0.96173383,0.90016554,0.13793435,0.13145616,0.00016037917,0,0.13975747
2iht_TPP_A_600,0,0.98384218,0.1281525,0.13451405,0.88359018,0,0.20507557
2iht_TPP_C_600,0.96034959,0.98288002,0.14041208,0.14861636,0.88245156,0.98995768,0.19858243
2iht_TPP_D_600,0.41478749,0.99062302,0.13048384,0.14264713,0.88169532,0.9897185,0.21913142
2ihu_TP9_A_600,0,0,0.14405873,0.14013058,0.99581896,0.99403306,0.20015357
2ihu_TP9_B_600,0,0.98807997,0.12299008,0.13798375,0.87192247,0.99367501,0.23427243
2ij7_TPF_A_2472,0,0.67248848,0.12463669,0.1214835,1.0580889e-05,0.12513682,0.17058508
2ij7_TPF_B_2470,2.9298203e-05,0.96769021,0.11830636,0.12175287,0.0014848938,0.20439915,0.18449389
2ij7_TPF_C_2471,8.3067248e-05,0.96741354,0.11830086,0.12172867,1.7637408e-05,0.20376006,0.18441899
2ij7_TPF_F_2474,0.91679073,0.12362351,0.15280602,0.13106376,8.8298915e-06,0,0.11097246
2ipf_FFA_A_3,0.97721847,0,0.15649791,0.13195218,0.012948833,0,0.10437758
2ipf_FFA_B_4,0.99172463,0.98383379,0.14583665,0.14523323,0.87675954,0,0.16799767
2ixi_TYD_A_1182,0,0,0.13889173,4.9632981e-45,0.0060292577,0,0.14047505
2iyq_SKM_A_201,0.94684248,0.96253333,0.14651003,0.14644936,0.98451484,0.0096486996,0.17242816
2izf_BTN_D_301,0.99433626,0.96010645,0.14755427,0.14708036,0.99405643,0,0.17057567
2j1s_FUL_A_1153,0,0.95944846,0.12483636,0.13989463,0.9956599,0.99137786,0.23688826
2j1s_FUL_B_1153,0.9963517,0.94123959,0.14280016,0.14999298,0.954016,0.95396598,0.19676915
2j51_DKI_A_1314,0,0.94976977,0.12658174,0.13110306,0.66240364,0,0.1970067
2j5b_TYE_B_1338,0.83428746,0.95071983,0.14019831,0.13823776,0.53486462,0,0.16212863
2j5z_GAL_A_1278,0.9763693,0.85290041,0.13923338,0.13157884,0.00093620012,0,0.13693964
2j9e_AKG_C_1119,0.66424052,0.96067827,0.135375,0.14516513,0.86686622,0.994463,0.20839557
2jav_5Z5_A_1280,0,0,0.14405799,0.14001497,0.99075997,0.98385078,0.19969775
2jhp_GUN_A_1647,0.003464884,0.98384697,0.11831492,0.12182043,0.011613809,0.20328149,0.18430446
2jhp_GUN_A_1648,0.0013521698,0.96686583,0.11834547,0.12175851,0.001057896,0.20374562,0.18438076
2ji6_TPW_A_1566,0,0.97678162,0.12798206,0.13404243,0.85297273,0,0.2038687
2ji6_TPW_B_1566,0,0.98429137,0.12813733,0.13450459,0.88298473,0,0.2050743
2jig_PD2_A_1254,0,0.99521059,0.11892115,0.12085353,0,0,0.17850167
2no7_LDC_A_401,0.99018967,0.98859086,0.14686299,0.14695863,0.989539,0,0.1716848
2no7_LDC_B_401,0.98605472,0.98496326,0.1368527,0.13232558,0.033190703,0.017919677,0.14402794
2nos_AGU_A_903,0.15479364,0.91290436,0.12240048,0.12326168,0.00029350186,0.1574691,0.17519426
2npq_BOG_A_1000,0,0.96942837,0.1243713,0.13897366,0.94715117,0.94542792,0.23442928
2npq_BOG_A_2000,0,0.94598589,0.11875958,0.12170979,0,0.19805712,0.18341652
2nry_STU_A_504,0.99421219,0.97284677,0.14236549,0.15075489,0.99614686,0.99245054,0.20048777
2nry_STU_B_502,0.93096274,0.92595381,0.13679688,0.13116187,0,0.00099364881,0.1422892
2nry_STU_C_503,0.99268149,0.98307711,0.14203991,0.15065526,0.98965443,0.99784655,0.20089839
2ntk_IMP_A_205,0,0,0.14885887,0.13623519,0.98009597,0,0.17027145
2ntk_IMP_C_207,0,0,0.14890513,0.13630536,0.98463583,0,0.17041023
2ntk_IMP_D_208,0,0,0.13887214,0.12108572,7.5378311e-06,0,0.14031148
2nu7_COA_B_1025,0,0,0.13887206,0.1210856,3.4650486e-10,0,0.14031125
2nu7_COA_E_1025,0.52875291,0,0.14833766,0.12685699,1.0251491e-10,0,0.12065409
2nu7_COA_E_1325,0.17455798,0.91821945,0.12265757,0.12346221,3.6358971e-07,0.1547053,0.17457854
2nz5_226_A_431,0.029638301,0.9844627,0.11849333,0.12204313,2.1495134e-06,0.20221354,0.18394243
2nz5_226_A_432,0.0022024582,0.9632256,0.11843079,0.12174648,4.3177406e-07,0.20220044,0.18413031
2nz5_226_B_432,0.99169374,0.97319403,0.13696671,0.13189022,0.0042822825,0.0027002798,0.14205795
2o1o_RIS_A_400,0,0.96428227,0.12123996,0.12343774,0.16671777,0,0.18241115
2o1o_RIS_B_400,0.92457638,0.97295504,0.14507422,0.14483893,0.89850276,0,0.1707412
2o7b_HC4_A_701,0.99474963,0.98904931,0.14682069,0.14683423,0.97827822,0,0.17118864
2o7b_HC4_C_701,0.99752334,0.98769799,0.14712694,0.14686014,0.97979032,0,0
2o7b_HC4_D_701,0.99309925,0,0.16662657,0.14705903,0.97906581,0,0.13332008
2o7b_HC4_E_701,0.99667241,0.9877603,0.146906,0.14689353,0.98073718,0,0.17114286
2o7b_HC4_G_701,0.99643873,0.9905619,0.14701426,0.14714609,0.99728374,0,0.17176487
2o7d_DHC_A_701,0.98973217,0.9909985,0.13651123,0.13181461,6.8856486e-05,0.0062599656,0.1428068
2o7d_DHC_B_701,0.99689158,0.99055784,0.14699828,0.14711437,0.99491203,0,0.17167538
2o7d_DHC_E_701,0.99706755,0,0.16157681,0.1393343,0.47651527,0,0.11781026
2o7d_DHC_H_701,0.99861374,0.98837384,0.13673548,0.13190252,5.3417731e-05,0.0037252372,0.14229964
2oci_TYC_A_401,0.99565989,0.85657699,0.14004515,0.1328126,0.062857317,0,0.1387949
2okk_ABU_A_585,0,0.14589691,0.13594624,0.12105169,3.3406161e-07,0,0.14591362
2ot7_OGA_A_500,0.99467675,0.91103574,0.138327,0.13180652,0.00053726649,0,0.13886072
2ot7_OGA_B_500,0,0.86386315,0.12859072,0.1315596,0.69061319,0.0001255398,0.19457614
2oxp_THP_A_300,0.96268291,0,0.15615617,0.13166985,0.0049480547,0,0.10467338
2pd5_ZST_A_600,0.99154006,0.97849725,0.14708051,0.14696207,0.98865625,0,0.17122028
2pin_LEG_A_501,0.94474377,0.94859176,0.13657106,0.13132078,6.7850976e-08,0.0041917069,0.14275643
2pin_LEG_B_502,8.4718178e-08,0.77751899,0.12237967,0.12157031,7.6301262e-07,0.15313803,0.17551247
2pir_DHT_A_931,0.99481516,0.99759974,0.14682688,0.14710059,0.99559318,0,0.17204362
2pir_NK_A_933,0.021549995,0.58580643,0.12694099,0.12169794,0.0040232903,0.09910203,0.16575091
2pnz_UDP_A_250,0.92954455,0.86432154,0.13815541,0.13121635,0.0071791023,0,0.13975042
2prg_BRL_B_2,0.79932773,0.91630435,0.13860256,0.13785573,0.48127914,0.20733014,0.16707043
2prl_ORO_A_399,0.0026259815,0.86085771,0.13157384,0.13595011,0.9727857,0,0.2029851
2prl_R2C_A_400,0.98308756,0.98716578,0.13646734,0.13174271,7.9024643e-09,0.0065804044,0.14291102
2pt6_S4M_A_501,0,0.96804149,0.1246055,0.13977458,0.98863972,0.98878402,0.23692669
2pt6_S4M_B_502,0,0.97815566,0.12440585,0.13978995,0.98951126,0.98994238,0.23737572
2pt6_S4M_C_503,0.93775205,0.95214038,0.1408627,0.14864601,0.90183548,0.98166078,0.19859005
2ptm_CMP_A_401,0,0,0.13887206,0.1210856,0,0,0.14031125
2pvy_ACP_A_802,0.98973713,0.98687089,0.14549419,0.14485604,0.85341808,0.0016350058,0.16752295
2pvy_ACP_D_802,0.97872743,0.96954153,0.13677589,0.13170795,0.0014472393,0.0033257492,0.14233114
2pwf_BGC_D_9999,0.95640016,0.77324991,0.14049163,0.13134512,3.6474947e-05,0,0.13443229
2pye_7PE_A_504,0,0.82942184,0.12126436,0.12161327,7.8604028e-10,0.16697693,0.1779476
2q1a_2KT_X_295,0.99573964,0.98694753,0.13815519,0.13471125,0.16999174,0.068130072,0.1492604
2q28_TPP_A_4001,0.90482135,0.97597414,0.13613336,0.13271896,0.10663528,0.059995308,0.15009647
2q28_TPP_B_5001,0,0.97857761,0.12335559,0.13619058,0.79933846,0.81038949,0.22626777
2q6m_P34_A_1001,0.93265115,0,0.15844298,0.1356266,0.28213503,0,0.11426309
2q6m_P34_A_1002,0.95753292,0,0.16471722,0.14474025,0.85416859,0,0.13082437
2qab_EI1_B_1,0.99581208,0.98596643,0.1393013,0.13531734,0.23240095,0,0.14823038
2qb4_DSM_A_801,0.9771008,0.98902921,0.14529126,0.14480018,0.85914879,0,0.16820237
2qb4_DSM_A_802,0.97363166,0.97583341,0.13663429,0.13183831,0.012040554,0.010054379,0.14327665
2qca_DGP_A_300,0.97119515,0,0.15853624,0.13514207,0.22357045,0,0.11103992
2qcx_PF1_A_300,0,0.97400987,0.12299006,0.12638612,0.35760892,0,0.18861973
2qcx_PF1_B_300,0,0.98388824,0.12500776,0.12974499,0.57505882,0,0.19564595
2qd4_CHD_A_801,3.7933756e-08,0.98483548,0.11912914,0.12085595,6.6848361e-08,0,0.17810353
2qd4_CHD_A_802,0.83353854,0.97158938,0.13397371,0.13020877,2.2153881e-08,0.03322526,0.14863589
2qd4_CHD_A_803,0,0.9894045,0.11903755,0.12085489,3.1758291e-07,0,0.17827887
2qd4_CHD_B_926,0,0.98872195,0.11905131,0.12085516,7.7195174e-06,0,0.17825291
2qd4_CHD_B_928,0,0.94293071,0.11882524,0.12170726,1.3717421e-07,0.19724255,0.18327318
2qg6_NMN_A_301,0,0.96742342,0.12952407,0.13609919,0.98589242,0,0.20757276
2qgw_EES_A_1,0,0.98420675,0.11914175,0.1208561,6.0958722e-07,0,0.17807942
2qim_ZEA_A_159,0.99028936,0.97675144,0.13682733,0.13180733,0,0.0023204266,0.14211151
2qim_ZEA_A_162,0,0,0.13887206,0.1210856,1.8596019e-09,0,0.14031125
2qs2_UBF_B_602,0.97744816,0.98449707,0.14175559,0.1392943,0.50263432,0,0.15711737
2qse_1HP_A_1,0.99307504,0.97611122,0.14708891,0.14687789,0.98208981,0,0.17087093
2qui_LTN_A_501,0,0,0.13892576,8.7531508e-43,0.0093701276,0,0.14057717
2qui_LTN_B_478,0,0,0.13963123,0.12223776,0.074536037,0,0.14259089
2qvr_CIT_A_335,0.88736328,0.9596157,0.1354822,0.13120507,0.027459647,0.029320715,0.14686615
2qvr_FDP_A_333,0.97305232,0,0.16595048,0.1463716,0.94848265,0.0011190378,0.13316356
2qx4_ML1_A_233,0.43266812,0.98553668,0.12609264,0.12614333,1.1428709e-05,0.11950356,0.16659535
2qx4_ML1_B_233,0.98086065,0.95711943,0.13707088,0.13169519,3.1383347e-07,0,0.14159745
2qx9_ML2_A_233,0,0,0.13888786,0.12110956,0.001549975,0,0.14035863
2qx9_ML2_A_234,0,0,0.13887223,0.12108585,1.6245054e-05,0,0.14031174
2r0g_7CK_B_1357,0.99379043,0.98391776,0.14208588,0.15057151,0.98686586,0.98354276,0.2003811
2r4j_13P_B_816,0,0,0.14326974,0.1291532,0.4924148,0.13183003,0.15903702
2r4t_250_A_503,1.2679296e-07,0,0.13887207,0.12108561,1.9627898e-07,0,0.14031125
2r4t_GLC_A_502,0,0.97573251,0.12871221,0.1364074,0.97870714,0.11463924,0.21106277
2r5e_QLP_B_430,0,0,0.13887207,0.1210856,0,0,0.14031124
2rbu_273_X_4001,0.9926902,0.9861965,0.13666979,0.13183958,6.4436147e-07,0.0043446353,0.14245104
2rhx_MLY_A_537,0.95165604,0,0.1563206,0.13209837,0.040457057,0,0.10616878
2ri1_GLP_A_234,0,0.89474045,0.1241595,0.12606437,0.32933184,0.026358342,0.18549306
2ri1_GLP_B_234,0.66481448,0,0.15202608,0.13024238,0.12293717,0,0.11935383
2tio_BEN_A_247,0,0.98993655,0.12419665,0.13986826,0.99390666,0.99351093,0.23806771
2tmk_ATM_A_217,0.9804427,0,0.16638823,0.14690303,0.97791068,0,0.13375529
2tmk_ATM_B_217,0.99067127,0,0.16104717,0.13863473,0.43577392,0,0.11680264
2uuj_896_B_1250,0,0.98661085,0.12922239,0.13622058,0.99403521,0,0.20855797
2uyv_TLA_A_1275,0,0,0.14051026,0.12372542,0.16753244,0.009107524,0.14583893
2uyv_TLA_A_1277,0,0,0.13890869,0.12114116,0.0035942168,0,0.14042112
2uyv_TLA_B_1275,0,0,0.13914719,0.12150296,0.027000597,0,0.14113662
2uyv_TLA_C_1275,0.99323161,0,0.16297574,0.14177247,0.63159596,0.022567394,0.12336097
2uyv_TLA_D_1275,0,0,0.13888458,0.12110458,0.0012277301,0,0.14034878
2uza_HTL_B_1236,0,0,0.14799108,0.13491878,0.89493172,0,0.16766809
2v32_BEZ_A_1222,0.98959182,0.97463072,0.14683919,0.14709749,0.986335,0.052163348,0.17261626
2v32_BEZ_B_1220,0.99633597,0.96973012,0.14105864,0.14866241,0.85883692,0.99409631,0.19614051
2v32_BEZ_C_1222,0.99266246,0.98394586,0.1466491,0.14743242,0.99768711,0.087030557,0.17423789
2v32_BEZ_D_1221,0.9705932,0.9540522,0.14342064,0.14182826,0.65370823,0.072531026,0.16296736
2v7o_DRN_A_1303,0.94648488,0.90259409,0.1375924,0.1313004,0,0,0.14052316
2vag_V25_A_1482,0.99211943,0.9788465,0.14711934,0.14702211,0.99213639,0,0.17131853
2vez_G6P_A_202,0.86239075,0,0.15431786,0.13051006,0.00073660641,0,0.10827315
2vjb_CCD_A_1539,0.87407036,0,0.1551978,0.13165521,0.066573815,0,0.1098515
2vjb_CCD_A_1540,0,0.9720178,0.11820379,0.12173841,0.00042257663,0.2051578,0.18465504
2vjb_CCD_B_1539,0,0,0.14073417,0.12416583,0.19389386,0.019065401,0.14690984
2vjb_CCD_B_1540,0.00014870783,0.9911866,0.11931364,0.12132507,0.030340774,0,0.1792692
2vkg_CF4_A_1064,0.00012713225,0,0.13887515,0.12108822,7.9436959e-05,0,0.14030895
2vlf_PLI_A_1457,0.88468094,0,0.16330371,0.14377922,0.84343943,0,0.13320477
2vlf_PLI_B_1459,0,0,0.14918764,0.13638297,0.99144917,7.0874941e-05,2.3826586e-06
2vmg_MBG_A_1179,0.98019659,0,0.1612713,0.1496393,0.93324889,0.93332741,0.16000513
2vmp_PLP_A_501,0.99157569,0.89087392,0.13865445,0,1.1721139e-05,0,0.13799289
2vmw_PLP_A_501,0,0.92697569,0.11948224,0.12231198,0.036986506,0.20695976,0.18402715
2vp5_DCZ_A_1210,0.99219234,0.98930056,0.14691635,0.14702846,0.99265351,0,0.17173279
2vp5_DCZ_B_1210,0.98266904,0.9933593,0.14662818,0.14686847,0.98908917,0,0.17213363
2vss_V55_D_1250,0.002850117,0.97471469,0.11988555,0.12165169,0.049314917,5.8421619e-07,0.1791167
2vzu_PNJ_A_1901,0,0.95148102,0.12326742,0.12612701,0.34050616,0,0.18723239
2vzu_PNJ_B_1904,0.99140071,0.92848602,0.14625759,0.1442068,0.80974869,0,0.16383736
2w1a_TSA_C_1091,0.94764895,0.99316705,0.14557003,0.14687974,0.99227351,0.093690121,0.17629668
2w5t_GP9_A_1644,0,0.22158762,0.1422513,0.13797166,0.98853363,0.45116919,0.1923773
2w7k_PLP_A_501,0.79909884,0.93437374,0.13412213,0.12982779,6.7505466e-06,0.030397269,0.14837677
2wch_B7M_A_1145,0,0.98608675,0.11910407,0.12085568,1.7528431e-06,0,0.1781516
2wd2_MS5_A_1263,0.67091075,0.96556406,0.13751736,0.13727224,0.58799277,0,0.17039609
2wdq_CBE_C_1130,0.98982153,0.98605125,0.13661868,0.13181034,3.5757344e-06,0.0048977869,0.14256818
2wdq_CBE_G_1130,0.99426637,0.98345321,0.13675854,0.13185333,7.6884478e-08,0.0032883657,0.14225427
2wdq_CBE_K_1130,0.991867,0.98989522,0.13657476,0.13183432,3.4621361e-06,0.0055014408,0.14266023
2wdq_TEO_E_1589,0,0.67679416,0.13516609,0.13590262,0.96847194,0.0013421307,0.19592726
2wdq_TEO_I_1589,0,0.87889196,0.12643302,0.13969409,0.98552239,0.97433427,0.23298296
2whq_HI6_A_1543,0.0044690692,0,0.13895421,0.12113763,0.00020978055,0,0.14015152
2whq_HI6_B_1545,0.00242729,0,0.1388923,0,0.001819943,0,0.14025615
2wj4_HQD_B_1278,0,0.9934234,0.12411098,0.13981773,0.99123582,0.99121738,0.23805203
2wj4_HQD_C_1277,0.026462154,0,0.1494542,0.1367085,0.99203035,0,0.1696525
2wj4_HQD_D_1278,0.0048803844,0.99555117,0.12416947,0.13992659,0.99412005,0.99434763,0.238133
2wu4_HBP_A_1544,0.12293251,0.97444016,0.1204952,0.12302713,0.0026006642,0.18130976,0.17955047
2wu4_HBP_B_1545,0.98368864,0.98260099,0.13659278,0.13177648,0.0018817005,0.0059502786,0.14274734
2wzh_NGO_A_1589,0.98786212,0.98723503,0.14193393,0.15065585,0.99405449,0.99407697,0.20126012
2wzv_FMN_A_801,0.00037572046,0,0.14852534,2.1374885e-33,0.95121793,0,0.16935214
2wzv_FMN_B_801,0.98355615,0,0.16606986,0.14636952,0.94119692,0,0.13251726
2x05_X05_A_1900,0.98629595,0,0.16202268,0.1401856,0.53919631,0,0.12012678
2x05_X05_B_1900,0,0,0.14903268,0.13649884,0.99715307,0,0.17079286
2x6o_2TC_A_1209,0,0,0.13887207,0.12108561,4.399401e-07,0,0.14031126
2xh0_PEP_A_1440,0,0.92730214,0.125462,0.13989458,0.99472856,0.99324194,0.23568133
2xh0_PEP_B_1440,0.99111711,0.98057397,0.1421541,0.15074603,0.99727669,0.99497305,0.2010085
2xh0_PEP_C_1440,0.98802835,0.9482127,0.14273508,0.15070725,0.9963273,0.99553368,0.19986905
2xhk_AKG_A_519,0.92365457,0.85769051,0.13812814,0.13103615,0.00030766263,0,0.13941442
2xmi_FLC_A_1379,0,0.9611541,0.1192372,0.12134665,0.0093724617,0.092617836,0.18022073
2xoz_AMP_B_1664,0.09174073,0,0.14269286,0.1255388,0.22022367,0.010118281,0.14401924
2xta_TPP_A_2001,0.9785827,0.97150021,0.13768002,0.13357466,0.11317086,0.046080786,0.14696797
2xta_TPP_B_2001,0.99476056,0,0.15668,0.1319435,0,0,0.1033296
2xta_TPP_C_2001,0.95225006,0.97577661,0.13612886,0.13141964,0,0.0098943032,0.14370784
2xta_TPP_D_2001,0,0.97076316,0.11822716,0.12173031,0,0.20466364,0.18457901
2xul_AKG_B_201,0.92692556,0.90914845,0.14553933,0.14358082,0.81448838,4.0967215e-09,0.16563713
2xul_AKG_C_201,0.93368965,0.93619629,0.13662837,0.13119811,1.1395584e-06,0.0031635153,0.14265208
2xul_AKG_D_201,0,1.7462243e-05,0.13887171,0.1210856,3.360094e-09,0,0.14031192
2xum_OGA_A_601,0.99876942,0.97602299,0.1370067,0.13189954,0.00039266639,0.00052814152,0.14172723
2xya_7L4_A_1181,0.99324319,0.97457555,0.14723913,0.14705674,0.99351733,5.1238793e-06,0.17115522
2xyj_WLM_A_1441,0.98196518,0.98875404,0.13641199,0.13173261,1.568986e-07,0.0072350922,0.14303399
2xyj_WLM_B_1441,0.85546994,0.98612151,0.13407621,0.13044387,1.1398137e-07,0.032583542,0.14837098
2xyj_WLM_B_1442,0.92627018,0.94354713,1.1643983e-29,0.14529124,0.9293051,0,0.17067549
2y00_Y00_A_601,0.98063099,0.98996936,0.14632746,0.14634309,0.95648764,0,0.17108272
2y00_Y00_B_601,0.99473563,0.9853551,0.14698776,0.14697642,0.98743094,0,0.17132719
2y4j_LAC_A_400,0.98384052,0.86898395,0.14854853,0.14601649,0.9311136,0.00064530415,0.16556412
2y4j_LAC_B_400,0.9640357,0.94610881,0.13805165,0.1336046,0.12507775,0.046804085,0.14688833
2y5a_3AP_A_1295,0.15692001,0.99601294,0.12621962,0.12940067,0.44215715,0,0.18621488
2ye5_2A7_A_1224,0.99016123,0.8793011,0.14591535,0.14230311,0.68504063,0.0070797576,0.15839325
2yi6_6QM_A_1225,0.97225952,0.94474047,0.13717663,0.13160221,0.00028484779,0,0.14139951
2yjd_YJD_B_1498,0,0.99442516,0.11895377,0.12087931,0.0016560646,0,0.17852215
2ynf_WHU_A_1563,0,0,0.14901617,0.1364738,0.99553311,0,0.17074334
2z1z_MLT_A_433,0.97083013,0,0.15794553,0.13425193,0.16624079,1.177544e-06,0.10930103
2z20_PLP_A_701,0,0.93983054,0.12957184,0.13492777,0.91180688,0,0
2z20_PLP_B_801,0,0.99387726,0.12850622,0.13535346,0.93804712,0,0.20712534
2z26_DOR_A_1410,0,0,0.13887206,0.1210856,0,0,0.14031125
2z48_A2G_A_1001,0,0.94753717,0.12669111,0.1312016,0.66874474,0,0.19711486
2z48_A2G_A_1005,0.98852892,0.95606889,0.14682077,0.14594014,0.92433055,3.9640961e-07,0.16850521
2z48_A2G_B_2001,0,0.94658738,0.12455347,0.13809395,0.89976222,0.90391461,0.23087627
2z48_A2G_B_2005,0,0.93542738,0.12915826,0.13457872,0.88704387,3.0247217e-07,0.20332328
2z48_NGA_A_1002,0,0.099840673,0.13687054,0.12106323,5.4928245e-05,0,0.1441463
2z48_NGA_A_1003,0,0.98669889,0.12369615,0.13780536,0.8858936,0.88625975,0.23146938
2z48_NGA_A_1004,0,0.98465698,0.12062176,0.12311488,0.14613653,6.797241e-06,0.18256408
2z48_NGA_A_1006,0,0,0.13907577,0.12139462,0.019991864,0,0.14092237
2z48_NGA_B_2002,0.97904807,0.94083218,0.13738705,0.13166418,5.4945047e-05,0,0.14091376
2z48_NGA_B_2004,0,0.98066015,0.12042966,0.12270288,0.1194217,8.6941602e-06,0.18159412
2z48_NGA_B_2006,0.13471393,0,0.14153474,0.12293686,0.024638742,0,0.13605623
2z6j_TUI_A_501,3.3648333e-12,0.96635597,0.11832186,0.12172666,2.109236e-13,0.20348852,0.18437224
2z6j_TUI_B_502,0.86731063,0.95188172,0.13503591,0.13053595,1.5816314e-08,0.021015467,0.14625339
2z7s_P01_A_1,0.73019444,0.95488661,0.1332396,0.13083834,0.10142447,0.088366872,0.15643364
2zce_PYL_A_601,0.72339306,0,0.1592365,0.14022892,0.7276469,0,0.13566125
2zgw_ADN_A_1301,0.9912198,0.96445073,0.14244227,0.15066646,0.99241541,0.99243767,0.20016237
2zgw_ADN_B_1302,0.36922621,0.74508115,0.13412565,0.13329635,0.4786991,0.24927623,0.17749869
2zgw_BTN_A_1401,0.95145951,0.9640034,0.1465613,0.14638802,0.97960222,0,0.17187737
2zgw_BTN_B_1402,0.96774481,0.96815357,0.14667015,0.14641389,0.9698386,0,0.17113274
2zi2_24U_H_801,0.94760229,0.98034485,0.14628556,0.14652551,0.99146739,0,0.17301056
2zka_AZA_A_302,0.1524748,0.97175762,0.12724834,0.14139296,0.9862864,0.98642913,0.23125923
2zm7_ACA_A_501,0,0.97720674,0.1180887,0.12173564,6.596368e-09,0.20638173,0.18488133
2zm9_ACA_A_501,0,0.98674316,0.1190909,0.1208555,9.5734583e-11,0,0.17817674
2ztl_3HL_A_301,0.99795886,0.96113066,0.14757616,0.1470894,0.99201901,0.00033540325,0.17042794
2ztl_3HL_C_301,0.99514346,0.96795015,0.14742307,0.14710824,0.99533857,0.00029581569,0.1708946
2ztl_3HL_D_301,0,0.96960408,0.11825207,0.12172935,0,0.20435459,0.18452463
2zut_A2G_A_4001,0,0.95362633,0.12484723,0.13950767,0.97535299,0.97112257,0.23544497
2zut_A2G_B_4002,0.00016298939,0.95070439,0.11866141,0.12171562,1.5791426e-05,0.19928764,0.18363151
2zut_A2G_C_4003,0.9520775,0.95122427,0.13665358,0.13139832,4.6275467e-05,0.0034007787,0.14256523
2zut_A2G_D_4004,0.98132327,0.95655525,0.14723299,0.14669773,0.97842607,5.1269497e-05,0.17044689
2zuw_NDG_C_4003,8.3746197e-05,0.98483904,0.11516317,0.123779,3.9824174e-05,0.79512923,0.20162009
2zuw_NDG_D_4004,0.99186384,0.98591184,0.1366606,0.13183159,3.9478236e-05,0.0044535846,0.14247494
2zvq_1NP_X_501,0.18870299,0.064714539,0.15103932,0.13843099,0.98987691,0,0.16603851
2zvq_1NP_X_502,0,2.6746594e-06,0.13887201,0.1210856,0,0,0.14031135
2zwt_CAM_A_422,0,0,0.13934789,0.1218075,0.046702397,0,0.14173908
2zyv_NPO_X_1601,0,0.90029235,0.11974152,0.12167207,7.123906e-06,0.18587626,0.18127297
2zyv_NPO_X_1602,0.99812404,0.9939377,0.13660748,0.13190377,0.00015072095,0.0053463662,0.14258577
3kt7_AKG_A_702,0,0.98618209,0.11910058,0.12085678,0,0.0003125509,0.17816445
3mk1_NPO_A_911,0.99454875,0.77704057,0.14136404,0.1321634,0.026093389,0,0.13395617
3mk1_NPO_A_912,0,0.42969763,0.14039468,0.13636242,0.99480978,0,0.18721054
3mk1_NPO_A_913,0.9948701,0.99051552,0.13662158,0.13187198,0.00039834249,0.005197543,0.14257574
3qfx_CP6_A_602,0.99170231,0.9942075,0.14677146,0.14696471,0.98894938,0,0.17182608
3qfx_CP6_B_702,0.98832834,0.99489177,0.14669783,0.14692846,0.98899696,0,0.17197922
3qgz_ADN_A_127,0.99129892,0.98362888,0.14202073,0.15052519,0.98518542,0.98538912,0.20046589
3qhd_CTN_A_165,0.98127813,0.91463334,0.14812609,0.1467876,0.98365153,0,0.16899807
3qhd_CTN_B_165,0.97247348,0.97521263,0.146841,0.14680928,0.99218562,0,0.17191095
3qhd_MSR_A_166,0,0.99091825,0.11900899,0.12085724,0.0001756332,0,0.17834232
3qk1_BEN_A_1010,0.99840518,0.99167222,0.14203521,0.15080831,0.99577539,0.99729181,0.20118614
3qss_MTG_A_405,0.81927462,0.9762163,0.14319725,0.14381064,0.90616657,0.00092309368,0.17504267
3qt8_FM0_A_328,0.99100529,0.95169809,0.13737923,0.13179387,0,0,0.14090516
3qt8_FM0_B_328,0,0.95611105,0.1185643,0.12176202,0.002624238,0.20174815,0.18399818
3qwi_CUE_A_272,0.99717939,0.99556184,0.13673412,0.13224839,0.021272968,0.013952771,0.14356083
3qwi_CUE_D_272,3.9190748e-06,0.99827145,0.11885987,0.12085287,6.3207392e-07,0,0.178619
3qxx_8AC_A_221,0.9584796,0.97202613,0.13632728,0.1314799,5.5505065e-07,0.0076115903,0.14326299
3r3z_GOA_A_305,0.99377237,0.970365,0.13703044,0.13183747,0,0,0.14166152
3r3z_GOA_B_305,0.96315003,0,0.15613124,0.14246684,0.47391131,0.96427277,0.14751283
3r3z_GOA_C_305,0.99618025,0.96495594,0.13719221,0.13185748,0,0,0.1413038
3r3z_GOA_D_305,0.9932017,0.95215468,0.13584823,0.139626,0.2899826,0.93602526,0.17647586
3rgz_BLD_A_800,0.025871044,0,0.14431165,0.13999345,0.9708063,0.98508357,0.19816246
3roe_THM_A_265,0,0,0.13990576,0.12265466,0.10150533,0,0.14341625
3roe_THM_B_265,0,0,0.14868071,0.13596492,0.96261141,0,0.16973697
3roe_THM_C_265,0.44499075,0,0.15692252,0.14124027,0.98966867,0,0.15402091
3roe_THM_D_265,0,0,0.14889382,0.13628819,0.98352505,0,0.17037627
3roe_THM_E_265,0,0,0.14890358,0.13630301,0.98448371,0,0.17040558
3roe_THM_F_265,0.39800016,0,0.1560673,0.14070611,0.98829403,0,0.15572583
3rop_NCA_A_302,0.9264634,0.0047277993,0.15536509,0.13120072,0.00024541566,0,0.10605757
3rop_NCA_B_302,0.0029048687,0.009204335,0.13878195,0.12117949,0.0041614141,0,0.14068367
3rsc_TYD_A_397,0,0,0.14859829,0.13583989,0.95452215,0,0.16948969
3rsc_TYD_B_397,0.94311174,0,0.16553279,0.14621167,0.95954458,0,0.1345817
3ryd_SRT_A_267,0.977592,0.11164381,0.15508863,0.13317739,0.093633642,0,0.11111436
3ryd_SRT_C_268,0.54297982,0.91538844,0.12968706,0.12720874,0.00010355424,0.078116746,0.15854601
3se2_3AB_C_4,0.9965687,0.97637724,0.14722284,0.14703233,0.98961868,0,0.1709814
3se2_3AB_D_3,0.99562959,0.98617436,0.14629801,0.1459403,0.91978108,0,0.16925743
3se2_LDR_A_1,0.99714113,0,0.16703698,0.14732912,0.9951603,0,0
3se2_LDR_B_2,0.99832843,0,0.15675448,0.13199854,0.0010412299,0,0.10322878
3sjh_LAR_A_503,0,0,0.14904785,0.13652186,0.99864198,0,0.17083837
3sli_SKD_A_760,0,0.9374417,0.13003637,0.13597156,0.97718353,0,0.20615601
3sp6_IL2_A_901,0,0,0.14359805,0.139351,0.9470916,0.98685155,0.19845162
3sru_Q26_X_169,0,0.95059734,0.12964595,0.13577631,0.96475039,0,0.20628079
3t2e_F6R_A_3469,0,0.89464447,0.11986283,0.12166728,1.1495919e-09,0.18436764,0.1810077
3t3q_9PL_C_501,0.9875571,0,0.15655578,0.13187205,0.0004643414,0,0.10361159
3t3q_9PL_D_501,6.7448191e-05,0,0.1401258,0.1229877,0.12300214,0,0.14407162
3te7_TE7_A_1,0.97875617,0.96806214,0.13720021,0.13247803,0.047596639,0.020358051,0.14413527
3te7_TE7_B_1,0,0.97099631,0.11822374,0.12173363,0.00018748548,0.20479663,0.18459757
3tky_N7I_A_369,0,0.96752933,0.11829665,0.12172763,0,0.20380138,0.18442729
3tky_N7I_B_369,0.08238235,0.97805599,0.11962851,0.12257424,0,0.18964237,0.18136492
3tky_N7I_C_369,0.98277996,0.98836349,0.13643614,0.13174127,4.1924649e-05,0.0069789383,0.14298219
3tky_N7I_D_369,0.91531158,0.93677682,0.13627088,0.13101671,0.00030304475,0.0072171213,0.14348492
3tye_XHP_B_901,0.99356677,0.99357731,0.14689509,0.14710296,0.99656712,0,0.17196544
3tye_XTZ_A_801,0.92288041,0,0.16350254,0.14346043,0.79584104,0,0.13032963
3tye_YTZ_B_902,0.00096460382,0.40113449,0.1304862,0.12126922,4.7010081e-05,0.052599145,0.15781362
3tyn_CXW_A_800,0,0.98668384,0.11909209,0.12085552,3.4146513e-07,0,0.17817447
3tyn_CXW_B_800,0,0.98077541,0.11921053,0.12085689,0,0,0.17794773
3u1t_MLI_A_351,0.99667549,0.93668993,0.13780898,0.13183914,1.8274082e-06,0,0.13995632
3u3o_3QV_A_296,0,0.99201587,0.1192085,0.12082504,1.4329771e-06,0,0
3u3o_3QV_A_297,3.4594526e-05,0.98927618,0.11904088,0.12085551,1.4433102e-05,0,0.17827309
3ucc_2PG_A_601,0,0,0.14900818,0.13646168,0.99474864,0,0.17071936
3ucc_2PG_B_601,0,0,0.13887206,0.1210856,0,0,0.14031125
3ucl_CYH_A_543,0.12866598,0.98810365,0.12028795,0.12305334,2.0293749e-06,0.18279057,0.17983846
3uu7_2OH_A_1,0.99697205,0,0.16678027,0.14722929,0.98734571,0,0.13342921
3uu7_2OH_B_1,0.99680394,0,0.16675313,0.14719085,0.9849778,0,0.13336307
3uwb_BB2_A_154,0.98515746,0.93840398,0.14706759,0.14583624,0.91972278,0,0.16781181
3v1v_GST_A_511,0.89846807,0.89578693,0.13877115,0.13462346,0.22847236,0.085946173,0.15155807
3v7u_MTA_A_301,0.14848019,0.71963435,0.12796094,0.12604059,0.18004913,0.1751382,0.17370145
3v7u_MTA_A_302,0.98556534,0.94818033,0.1373568,0.13174519,0.00057250105,0,0.14099821
3vbn_TYD_A_301,0.86824118,0,0.16050285,0.13979742,0.59744717,0,0.12629629
3vbn_TYD_C_301,0.94415024,0,0.15593725,0.13163874,0.016022185,0,0.10570088
3vbn_TYD_E_301,0.5859874,0,0.15797865,0.14055243,0.84560493,0,0.14437532
3vc3_C6P_A_501,0,0,0.13887245,0.12108618,3.7563758e-05,0,0.1403124
3vc3_C6P_C_501,0,0.95290279,0.12446794,0.13919147,0.94894499,0.99611354,0.23534913
3vc3_C6P_D_501,0,0.95943501,0.1267904,0.13716981,0.93963866,0.48545856,0.22021118
3vc3_C6P_E_501,0.95757499,0.94213267,0.13814763,0.13379667,0.14070435,0.052977282,0.14761549
3vc3_C6P_F_501,0.64304037,0.95816048,0.13748955,0.14479169,0.93901863,0.65211051,0.2011666
3vca_PRO_A_504,0.90096218,0.044626171,0.15410623,0.13090928,4.7754138e-08,0,0.10852918
3vcp_PRO_A_502,0,0,0.14221233,0.12707331,0.36792192,0.084803534,0.1539796
3vmg_9CA_B_2001,0,0,0.14434046,0.13987015,0.99351137,0.93286234,0.19827372
3vmg_9CA_C_2002,0,0,0.14394562,0.13908188,0.94651671,0.91602575,0.19633917
3vnj_PSJ_A_301,0,0,0.13887206,0.1210856,0,0,0.14031125
3vnj_PSJ_B_301,0.73477122,0,0.15206488,0.12916507,0.0038409607,0,0.11311248
3vnj_PSJ_C_301,0,0,0.13887206,0.1210856,0,0,0.14031125
3vnj_PSJ_D_301,0.91312897,0,0.15729223,0.13476895,0.22836561,0.050776225,0.11484705
3vnm_SDD_A_301,0.5634226,0,0.14895831,0.12723541,0,0,0.1193652
3vnm_SDD_B_301,0.5488338,0.89647037,0,0.12825101,0,0.38865938,0.16597013
3vnm_SDD_C_301,0.49332286,0,0.14796753,0.12687095,0.025921881,0,0.12276365
3vnm_SDD_D_301,0,0,0.1417431,0.12615035,0.31267822,0.063935535,0.15173537
3vq4_0NX_A_304,0,0.98286377,0.12907944,0.13589086,0.9726435,1.8566134e-05,0.20776082
3vq4_0NX_A_305,0.99491314,0.9885928,0.14194304,0.15035762,0.97484415,0.97286549,0.19983547
3vq4_0NX_B_303,0.99589108,0.97810158,0.13803913,0.13409766,0.13361143,0.051997778,0.14736091
3vqe_FMQ_B_306,0.9924809,0.47430214,0.14715896,0.1318506,0.0027551654,0,0.12169954
3vv5_SLZ_A_300,0.97458734,0,0.16111223,0.15016354,0.95686754,0.9933091,0.16270979
3vv5_SLZ_B_301,0,0.88280155,0.12608551,0.13822386,0.91289648,0.87996909,0.22812178
3w4i_8LG_A_402,0.35536132,0.96877712,0.12511952,0.12559654,0.015176675,0.13668399,0.16976226
3w4i_8LG_B_402,0.34595657,0,0.14517444,0.12502733,0.010712321,0,0.12777727
3w4i_8LG_C_402,0.99651356,0,0.15682398,0.13213344,0.011049899,0,0.10360221
3w4i_8LG_D_402,0.98985977,0,0.15670359,0.13205887,0.01092459,0,0.10384574
3w7f_FPS_A_301,0,0.80097035,0.12187574,0.12158973,1.0788732e-06,0.15939114,0.17661277
3w7f_FPS_A_302,0.96497093,0.94500709,0.13703063,0.13152354,0,0,0.14171508
3w7f_FPS_B_301,0,0,0.13887262,0.12108644,5.4395098e-05,0,0.14031291
3w7f_FPS_B_302,0,0,0.14022531,0.12316492,0.13398375,0,0.14447604
3w8x_FTK_A_601,1.1143835e-07,0.9752265,0.11813161,0.12173472,4.2572477e-05,0.20586978,0.18479014
3w8x_FTK_B_601,0,0,0.13887533,0.12109056,0.00032069343,0,0.14032105
3wat_BGC_A_403,0.010465657,0.98657801,0.11928205,0.1209715,9.098236e-05,8.7429787e-05,0.17778669
3wat_BGC_B_403,0.012086556,0.98493243,0.11815155,0.12186551,3.2307756e-05,0.20596478,0.18472336
3wat_BMA_A_404,0.99386302,0,0.15683155,0.13218798,0.016449917,0,0.10386581
3wat_BMA_B_404,0.99042,0,0.15674428,0.1321115,0.013933567,0,0.10391689
3wca_FPS_A_501,0,0.82798246,0.12144103,0.12189876,0.017159375,0.173075,0.17857716
3wca_FPS_B_401,0,0.95102449,0.11899604,0.12239202,0.040585563,0.21473157,0.18530168
3wca_FPS_C_401,0.93488302,0.90343579,0,0.13103589,0.00021400814,0,0.14040572
3wca_FPS_D_401,0,0.772551,0.1230215,0.12261866,0.062996951,0.17560986,0.17783856
3wgc_PLG_A_401,0,0.95990179,0.12449214,0.1388406,0.93901007,0.94286023,0.23373889
3wgc_PLG_B_401,0.99242287,0.95506587,0.14213767,0.13874255,0.45592065,5.4200236e-09,0.15400329
3wgc_PLG_C_401,0.98540505,0.98238279,0.14656227,0.14639281,0.95621872,1.601904e-08,0.17060589
3wgc_PLG_D_401,0.97951194,0.97069312,0.13675377,0.13169285,8.9902259e-06,0.002927952,0.14229287
3wjz_NUP_A_301,0,0,0.14102423,0.12473636,0.22804329,0.03196516,0.14829714
3wk1_O7E_A_301,0.98620248,0,0.16660952,0.14714518,0.98950946,0,0.13389572
3wlf_FEH_B_401,0.99680978,0,0.16516189,0.14763334,0.95626562,0.23707281,0.23356925
3wlf_FEH_C_401,0.9948248,0,0.15668129,0.13194441,1.32047e-05,0,0.10332761
3wlf_FEH_D_401,0.99676535,0,0.16688029,0.14735924,0.99247392,0.019758724,0.019366173
3wqs_KBK_B_503,0.99157589,0.89480911,0.14805633,0.1459163,0.91971244,0,0.16589996
3wr4_GDE_B_502,0.98247533,0.98741293,0.14556468,0.14513207,0.87567593,0.0047293151,0.16858563
3wsg_CIT_A_302,0.98930535,0.7378061,0.14984386,0.14405572,0.79585381,0.011459776,0.15651227
3wsg_CIT_B_302,0.98773373,0.98369108,0.13856159,0.13581415,0.23730957,0.13841815,0.15268757
3wsg_CIT_D_302,0,0.73575232,0.1247229,0.12437942,0.1702115,0.2062977,0.18046756
3wsg_CIT_E_302,0,0.63532418,0.1294162,0.12738161,0.38587088,0.13054598,0.18034815
3wsg_CIT_F_302,0.98695186,0.82511065,0.14270004,0.13691399,0.31520872,0.081643171,0.14794606
3wug_XYP_B_1,0.98385515,0,0.15674017,0.13221189,0.025063867,0,0.10450119
3wug_XYP_B_2,0,0,0.13887208,0.12108563,1.7576778e-06,0,0.1403113
3wur_O4B_A_201,0,0.18494934,0.13511302,0.12107962,2.5142775e-07,0,0.14771046
3wur_O4B_B_204,0.61499371,0.057226008,0.15817194,0.14210148,0.9262004,0,0.14795667
3wwc_BUA_A_403,0.97680429,0.98285024,0.13644153,0.13167579,3.367669e-05,0.0067364167,0.14298114
3wxo_NIZ_A_803,0.0014440756,0.99258045,0.11900144,0.1208725,0.00016827594,0,0.1783522
3wzo_ZOE_A_201,0,0.97706116,0.12845144,0.1347629,0.89958725,0,0.20530437
3wzo_ZOE_C_201,0,0,0.14657351,0.13276837,0.75581194,0,0.16341539
3wzo_ZOE_D_201,0.94673785,0.95271276,0,0.1311507,0,0,0.14184861
3zbs_OVE_A_1380,0,0.99336901,0.12708346,0.13449693,0.85478272,0.11713531,0.20802518
3zcm_PX3_B_1216,0,0,0.13887206,0.1210856,0,0,0.14031125
3zjq_NCA_A_300,0.0025526084,0.98903597,0.11909069,0.12088292,6.0154675e-06,0,0.17817001
3zjq_NCA_B_300,0.62367951,0.98803469,0.12965142,0.12808805,5.9838391e-06,0.080830734,0.15846682
3zks_WZV_A_1398,0,0.96643685,0.11833134,0.12174879,0.0013204761,0.20400889,0.18442967
3zog_A2Q_A_200,0,0,0.13894395,0.12119465,0.0070547844,0,0.1405269
3zp7_PRE_A_1118,0,0,0.14872624,0.13603398,0.96707904,0,0.16987354
3zr0_8OG_A_1157,0.9732504,0.98001581,0.14455276,0.14347045,0.77570494,5.4587909e-08,0.16544886
3zr0_8OG_B_1157,0.95974371,0,0.16514868,0.14535885,0.89262757,6.7561888e-09,0.13191782
3zv6_4HB_A_1277,0,0.89869674,0,0.12259886,0.11419696,0,0.17844754
3zwe_FUC_A_110,0,0.97461679,0.12451953,0.13993879,0.99732843,0.99734029,0.23769769
3zwe_FUC_B_110,0.94357148,0.97349123,0.14143355,0.150229,0.99692369,0.99653469,0.20253968
3zwe_FUC_C_110,0.99039133,0.97849478,0.14217403,0.15075681,0.99778929,0.99777355,0.2010542
3zwt_KFZ_A_1401,0.98430495,0,0.15649283,0.13182939,5.3647083e-07,0,0.10371831
3zyx_MBT_B_601,0,0,0.14729751,0.13386665,0.82686467,0,0.16558737
4a01_2PN_A_1773,0,0,0.13887206,0.1210856,0,0,0.14031125
4a01_2PN_B_1773,0.99262336,0,0.15664174,0.13192017,0,0,0.10340905
4a3u_NCA_A_1359,0.99429191,0.98028514,0.1368273,0.13185136,2.3506685e-05,0.0024472321,0.14210548
4a3u_NCA_B_1359,0.77207458,0.94658498,0.13348798,0.12983714,0.016413314,0.045416083,0.15078277
4a78_JZ3_A_1296,0.24517586,0.98732924,0.12469151,0.12708873,0.19416268,0.15132865,0.17949575
4a7a_RGZ_A_601,0.99485876,0.99223694,0.13658099,0.13186663,1.0724182e-08,0.0055084006,0.14264081
4a7x_UDP_B_1241,0.94721058,0.94395304,0.14705358,0.14659874,0.99593217,0,0.1717651
4a8p_PAO_A_1340,0.98902869,0.99050105,0.14687565,0.14705434,0.99657982,0,0.17201649
4a8p_PAO_B_1340,0.98914774,0.98281577,0.14395845,0.1423952,0.69495888,0,0.162497
4a8p_PAO_C_1340,0,0.9623727,0.12773938,0.13323947,0.80080776,0,0.20172115
4a8p_PAO_D_1340,0.88022415,0.11285953,0.15339441,0.13222537,0.1008177,0,0.11500041
4a8p_PAO_E_1338,0.96495038,0,0.16526616,0.14545251,0.89500987,0,0.13179708
4a8p_PAO_F_1340,0,0.98320382,0.12696422,0.13269221,0.76571764,0,0.20144787
4a9j_TYL_A_1188,0.99415303,0.99128895,0.13659045,0.13186345,0.00028638637,0.0055091492,0.14263843
4a9j_TYL_B_1187,0.99918209,0.99386227,0.14659805,0.14656975,0.95811048,0,0.17059205
4a9j_TYL_C_1184,0.99701044,0.99584009,0.14285028,0.14097949,0.5980144,0,0.15974103
4adl_LMR_D_1468,0,0,0.13887206,0.1210856,0,0,0.14031125
4adm_SRT_C_1466,0,0,0.13887206,0.1210856,0,0,0.14031125
4ajj_88R_B_1333,0.99150414,0.97761899,0.14218053,0.15058779,0.98889625,0.98582353,0.20035392
4ajj_88S_A_1332,0.97726652,0.9830246,0.14602413,0.14572802,0.91896708,0,0.16979435
4ajj_MLI_A_1333,0.99369265,0.92703882,0.14384309,0.1404632,0.56591784,0,0.15624303
4ajj_MLI_D_1333,0,0.88498949,0.12611514,0.13923489,0.95931022,0.96001536,0.23199215
4al9_GLA_B_1123,0.997371,0.97171405,0.14242773,0.1508088,0.9964365,0.9964507,0.20045404
4al9_GLA_E_1123,0.98905997,0.98367711,0.14204325,0.15073053,0.99723239,0.99724919,0.20127003
4al9_GLA_G_1123,0.96910569,0.96471079,0.14700169,0.14684657,0.99563934,0.0049582242,0.17188538
4b1f_DGL_A_1257,0.0014380996,0.98003017,0.12430587,0.13944836,0.97114198,0.97009739,0.23624569
4b1f_DGL_B_1256,0.0023638514,0.97911739,0.12439544,0.13965277,0.98135004,0.97997862,0.23678056
4b1y_LAB_B_1376,0.0017843648,0,0.14907087,0.13652779,0.99776604,0,0.17074526
4b5v_E8U_A_1253,0,0.97680147,0.11938691,0.12106357,0.012062637,0.0052506603,0.17831927
4b5v_E8U_B_1254,0.88630508,0.97506043,0.13491567,0.13078491,0.0021895931,0.024111141,0.14660988
4b98_PXG_A_470,0,0.95105891,0.11865057,0.12171399,0,0.19940977,0.18365453
4b98_PXG_B_470,0,0.98621689,0.12914008,0.13608382,0.98518196,0,0.20827222
4b98_PXG_C_470,0,0,0.14895012,0.1363736,0.98905054,0,0.17054518
4b98_PXG_D_470,0.99305579,0,0.16693803,0.14724523,0.99261867,0,0
4bbx_LKF_A_1760,0.97978534,0,0.15641192,0.13178005,6.3422381e-09,0,0.10388632
4bbx_LKF_B_1760,0.89580478,0,0.15809301,0.13569413,0.31252281,0,0.11656182
4bdr_KAI_B_900,0.92350269,0.96895492,0.14074731,0.14924968,0.95036284,0.98520634,0.20135332
4buf_F36_A_2162,0.97707337,0,0.16665539,0.14707499,0.99289624,0,0
4buv_16I_A_2165,0.99517154,0,0.16624994,0.14645404,0.93846317,0,0.13200187
4buv_16I_C_2165,0.9953134,0,0.16660213,0.14698599,0.97277691,0,0.13304552
4bux_F35_A_2166,0.81415458,0,0.16286031,0.14425202,0.92382908,0,0.13828409
4bux_F35_C_2165,0.80383236,0,0.16304546,0.14470054,0.96013428,0,0.13977763
4bvh_OCZ_A_1393,2.4791712e-05,0,0.14903791,0.13650637,0.99762243,0,0.17080629
4bvh_OCZ_B_1392,0.9877122,0,0.16688831,0.14725601,0.99709252,0,0
4bz6_SHH_A_700,0.95973613,0.93972826,0.13704518,0.13146615,1.3235952e-05,0,0.14169392
4bz6_SHH_B_700,0.97872213,0.95147877,0.13715164,0.13166876,8.8375209e-09,0,0.14142511
4bz6_SHH_C_700,0.93851565,0.94664435,0.13703666,0.13232101,0.063757479,0.029039081,0.14552401
4bz6_SHH_D_700,0.98935604,0.92309055,0.13796277,0.13175341,3.2331249e-09,0,0.13963416
4c2z_646_A_1498,0.95322667,0.96358836,0.13777153,0.13409904,0.16038667,0.067028523,0.14960943
4c2z_646_B_1498,0,0.87918413,0.1232344,0.12389521,0.19502984,0,0.18001104
4c67_L5S_A_1170,0,0.98503551,0.12928905,0.13627417,0.99747818,0,0.20860277
4c7g_NGO_A_1495,0,0,0.1488642,0.13625142,0.98097349,0.00072545102,0.17031973
4can_M7K_A_800,0,0.97516882,0.11813249,0.12173396,5.735535e-12,0.20583835,0.18478571
4cb5_93G_A_1484,0,0,0.13887327,0.12108743,0.00011797458,0,0.14031485
4ccu_AWF_A_1500,0.9827705,0.98554819,0.14665295,0.14666868,0.9759741,0,0.1714292
4cdt_M48_A_801,0.035791247,0.98176314,0.11866769,0.12210344,3.4183517e-08,0.2002258,0.18355008
4cdt_M48_B_801,0,0.97329413,0.11817277,0.1217324,1.4228179e-13,0.20533848,0.18469776
4cjs_L0Y_B_1217,0.98314179,0.96678194,0.13691198,0.13173739,0.00065909587,0.0013831335,0.14197909
4cju_JNS_A_1217,0,0.92148333,0.13053223,0.13624219,0.99445078,0,0.20607146
4cju_JNS_B_1214,0,0.98273282,0.1293006,0.1362222,0.99408154,0,0.20841057
4cjv_IV2_A_1212,0.99438721,0.99705003,0.14682983,0.14710916,0.99615102,0.0012203444,0.17209158
4cjv_IV2_B_1215,0.9945621,0.99581782,0.14640719,0.14699578,0.97667082,0.05171607,0.17293587
4cjw_CBJ_A_1215,0.975414,0.94785945,0.1372243,0.13174512,0.0067639809,0.00023526147,0.14167289
4cjw_CBJ_A_1216,4.6666931e-07,0,0.1388721,0.12108564,2.2569333e-06,0,0.1403113
4cjw_CBJ_B_1217,0.99189749,0.9296023,0.13793793,0.13191649,0.0078914951,0,0.14015055
4cjw_CBJ_B_1218,3.6857397e-07,0.66709005,0.12475271,0.12147906,1.2422221e-05,0.12369802,0.17033186
4cld_JUO_A_1270,0.99589984,0,0.15670652,0.13196523,0.00060131922,0,0.10330562
4cld_JUO_B_1270,0,0,0.13887206,0.1210856,0,0,0.14031125
4cld_JUO_C_1270,0,0,0.1388734,0.12108763,0.0001313266,0,0.14031526
4cle_JR2_A_1271,0,0,0.13887272,0.12108659,6.3886891e-05,0,0.1403132
4cle_JR2_B_1270,0.99593436,0,0.16644575,0.14673869,0.95633931,0,0.13251996
4cle_JR2_C_1270,0.99120331,0,0.15663094,0.13192685,0.0014347363,0,0.1035057
4cle_JR2_D_1270,0.99116582,0,0.15662412,0.13191711,0.0008312329,0,0.10348864
4cle_JR2_D_1271,0,0,0.1388735,0.12108778,0.00014098235,0,0.14031556
4clo_XP0_B_1270,0,0,0.13896203,0.12122207,0.0088290075,0,0.14058114
4clr_FDB_A_1270,0.14254979,0.99387604,0.13138235,0.13740123,0.96986567,0,0.20279845
4clr_FDB_B_1270,0.1399195,0.99065635,0.13157301,0.13763601,0.98686323,0,0.20329227
4cme_KTZ_A_1270,0.9896458,0,0.16687085,0.1471985,0.99200478,0,0
4cme_KTZ_B_1270,0.98976229,0,0.16685028,0.14716553,0.98978889,0,0
4cmk_FQW_A_1270,0.9571559,0.95357381,0.13672855,0.13150977,0.003509029,0.0042894427,0.14259692
4cmk_FQW_B_1270,0,0.95095874,0.12054195,0.12197695,0.072009048,1.2439855e-05,0.17900512
4cmk_FQW_C_1270,0.95793718,0.9273197,0.1372828,0.13144742,0.00060229797,0,0.14121333
4cmk_FQW_D_1270,0.99061305,0.94127894,0.13763453,0.13185763,0.004571419,0,0.14061896
4cno_9PY_B_301,0,0.94810296,0.12502994,0.13986287,0.99307578,0.99288681,0.23641852
4cno_9PY_C_301,0,0.92928702,0.12238386,1.7816544e-130,0.42788562,0.43582655,0.20192105
4cpp_ADM_A_422,0.99500518,0.9350857,0.14753929,0.14629171,0.94218556,0,0.16800503
4cvb_PQQ_A_1608,0,0,0.14895294,0.13637788,0.98932721,4.8039679e-09,0.17055363
4cw2_XDS_A_1303,0,0,0.13887206,0.1210856,0,0,0.14031125
4cx6_Q16_A_800,0,0.98599476,0.1191059,0.12085568,1.8974404e-07,1.4724354e-09,0.17814802
4cx6_Q16_B_800,1.7980389e-11,0.98227784,0.11918041,0.12085654,2.5222448e-13,6.4462239e-09,0.17800538
4d06_NAR_A_301,0,0.99396333,0.1289941,0.13609615,0.98609638,0,0.20859744
4d06_NAR_C_301,0,0.992269,0.12908467,0.13618241,0.99165115,0,0.20870222
4d06_NAR_D_302,1.0028765e-06,0.97662485,0.11810123,0.12173518,5.4518072e-07,0.20622658,0.18485401
4d06_NAR_E_301,0.99419914,0.99335969,0.14680915,0.14695574,0.98659306,0,0.17162869
4d06_NAR_F_301,0.97458134,0.95399504,0.13701925,0.13162873,6.360607e-10,0,0.14172192
4d06_NAR_F_302,0.9941494,0.22789637,0.15214581,0.13195251,0.0044526342,0,0.11223377
4d06_X8W_B_301,0.99502186,0.98425318,0.13676523,0.13188055,0.0011293498,0.0037726558,0.14230507
4d06_X8W_D_303,0.99223868,0.035432403,0.15592716,0.13191168,0.0002565592,0,0.10479088
4d0z_BBK_A_1581,0.93187622,0.9382103,0.13655185,0.13118341,0.0001254788,0.0041209483,0.14282991
4d0z_BBK_B_1580,0.95713481,0,0.15600644,0.13153282,1.3578964e-07,0,0.10472839
4d0z_BBK_E_1584,0.92336522,0,0.15540308,0.13116601,0.00011604205,0,0.10598737
4d2c_ALA_A_508,0.99307788,0.97327179,0.14122622,0.14831304,0.85472701,0.92620486,0.19426382
4d3s_BOG_F_1000,0.96742037,0.98758705,0.14568078,0.14550572,0.91158733,8.4628785e-05,0.17011239
4d3s_BOG_H_1000,0.95094108,0,0.15589556,0.13146521,2.0973815e-07,0,0.10495865
4d4u_FUC_A_950,0.98504497,0.96898335,0.1422414,0.1505957,0.99233232,0.99216204,0.20055518
4d4u_FUC_B_950,0.99300574,0.99048334,0.14198271,0.15078167,0.99782195,0.99739769,0.20140694
4d5e_TPP_A_1589,0.36990274,0.94448105,0.12741078,0.12866328,0.19108937,0.19366116,0.17514095
4d5e_TPP_B_1590,0,0,0.14404134,0.14011047,0.99438554,0.99459087,0.20012625
4d6z_PK9_A_1600,8.3803221e-06,0.74007658,0.12318456,0.12153969,1.8683987e-05,0.14315959,0.17375613
4d96_5PA_A_501,0,0,0.14878593,0.13612454,0.9729376,0,0.17005263
4d96_5PA_B_501,0,0.97304911,0.11817804,0.1217322,0,0.20527315,0.18468626
4d96_5PA_C_402,0,0.98107244,0.12249996,0.12585579,0.32340574,0,0.1878452
4dab_HPA_A_301,0.26485807,0.99653745,0.13338579,0.13853426,0.95683889,8.6265855e-07,0.19795541
4dch_4DC_A_502,0.96829989,0,0.16374718,0.14309388,0.74005399,0,0.12693576
4dch_GLC_A_501,0,0.98351441,0.12898099,0.13581697,0.96669289,0.0049832634,0.20775073
4dd8_BAT_B_1000,0.93643228,0.95764167,0.1362194,0.13124374,3.0038879e-07,0.0083164934,0.14353982
4dd8_BAT_D_1000,0,0.85697465,0.12068805,0.12166709,0.0018555858,0.17502444,0.1793157
4do1_ANN_A_502,0.99576008,0.98213036,0.13681521,0.13186743,2.6620655e-08,0.0026280116,0.14212772
4do1_ANN_C_502,0.99806827,0.97909159,0.13692417,0.13188839,8.3470383e-08,0.0013424392,0.14188552
4do1_ANN_D_502,0.99500566,0.97936974,0.13686027,0.13185747,4.11256e-08,0.0020473003,0.14203077
4dt8_ADN_A_401,0,0.99032548,0.11902038,0.12085664,0.00012771171,4.2404636e-08,0.17831811
4dt8_ADN_B_401,0.9783334,0.98551584,0.14645644,0.14645011,0.96478848,0.00075033924,0.17127318
4dta_ADN_A_401,0.99050774,0.97481296,0.13739708,0.13283855,0.061687314,0.025060622,0.14451714
4dta_ADN_B_401,0.98202126,0.95390452,0.13820054,0.13374728,0.12228223,0.044122771,0.14636413
4dtb_GMP_A_401,0,0,0.14888571,0.13627589,0.98272948,0,0.17035195
4dtb_GMP_B_401,0.99279644,0,0.16507966,0.14471735,0.82778591,0,0.12870691
4du7_DP6_A_401,0.98583086,0.94204749,0.14562105,0.14745704,0.94559839,0.33049682,0.178493
4du7_DP6_B_401,0.98082006,0.96139828,0.14403241,0.14876341,0.9694456,0.60183365,0.18817643
4dvw_0M4_A_512,0.74357877,0.98815446,0.1359462,0.13638782,0.43757487,0.17764459,0.16921774
4dvw_0M4_B_512,0.62514079,0.99097395,0.13432063,0.13972701,0.65702038,0.51528455,0.19042389
4dwv_PFB_A_378,0.99004499,0.98319331,0.1417174,0.14997919,0.95270841,0.97711035,0.19925814
4dwv_PFB_B_378,0.99182577,0.98198648,0.14192179,0.15021121,0.96671165,0.97598258,0.19954033
4e7v_CRS_1_101,0,0.98431918,0.12059375,0.12620001,0.27938768,0.27906952,0.19487853
4e7v_CRS_3_101,0.99789088,0.97780262,0.14278528,0.14361093,0.69783633,0.29247855,0.17071847
4e7v_CRS_A_101,0.99772182,0.98615407,0.13820509,0.13472164,0.16944603,0.067304163,0.14911544
4e7v_CRS_C_101,0.039583284,0.99096455,0.12472086,0.13970508,0.96273961,0.9626923,0.23477131
4e7v_CRS_E_101,0.25271518,0.9905427,0.126296,0.12834847,0.29467062,0.049166394,0.17938942
4e7v_CRS_G_101,0.99448582,0.99519348,0.14224487,0.15047149,0.99424206,0.92394001,0.1992505
4e7v_CRS_I_101,0.9978539,0.98707028,0.14149464,0.13876557,0.4515021,0.010750326,0.15521243
4e7v_CRS_K_101,0.99652202,0.9820967,0.1421292,0.15051869,0.98189861,0.98183247,0.20000724
4e7v_CRS_M_101,0.99555703,0.98743952,0.14586437,0.14787124,0.99087744,0.22673155,0.17818826
4e7v_CRS_O_101,0.9942327,0.98736929,0.14298062,0.1500323,0.99386439,0.80625289,0.19546717
4e7v_CRS_S_101,0.18070844,0.98539739,0.12536005,0.12792903,0.31859733,0.047936036,0.18256394
4e7v_CRS_Y_101,0.99746277,0.98949961,0.13837015,0.13718236,0.28434399,0.28439151,0.15830415
4e9z_651_A_301,0.99823689,0,0.15879501,0.13509542,0.2014575,0,0.10935864
4ea0_651_A_306,0.82475567,0.99071232,0.13339668,0.13013529,4.7640612e-07,0.040133042,0.14991224
4eip_K2C_A_601,5.6946077e-06,0.98996642,0.11902635,0.12085483,0,5.2691248e-06,0.17830037
4ejh_0QA_A_502,0.99249055,0.59102642,0.15330425,0.14469501,0.83547295,0,0.15163345
4ejh_0QA_D_502,0,0.68886984,0.12432466,0.12157569,0.0047171411,0.13128256,0.17154486
4ejh_0QA_E_502,0.72563523,9.265573e-05,0.15714563,0.13702353,0.51869388,0,0.12919404
4ek1_CAM_A_502,0.066424545,0.98567145,0.11955787,0.12319483,0.046482637,0.21251783,0.1842994
4ekr_0R0_A_202,0.9971705,0.99177384,0.1378193,0.13421989,0.13947097,0.057593224,0.14818519
4ekr_0R0_B_203,0,0.99207739,2.5371354e-36,0.12639833,0.12591395,0.99014366,0.21166784
4evi_C9M_A_402,0,0.97820645,0.12934488,0.13615277,0.98952122,0,0.20809748
4evi_N7I_B_401,0.99517936,0.99259439,0.14695456,0.14713732,0.99763647,0,0.17190046
4evq_PHB_A_406,0.99542033,0.99270094,0.14694605,0.14712371,0.99658743,0,0.17186353
4evq_PHB_B_402,0.98976449,0.99211104,0.14684243,0.14704058,0.99519428,0,0.17200857
4evs_PHB_A_408,0.9955027,0.98997319,0.14699741,0.14711797,0.99611657,0,0.17174139
4f06_PHB_A_401,0.98213379,0.99116736,0.14672313,0.14695506,0.99503577,0,0.17225119
4f8n_PC_A_202,0.9663152,0.92965042,0.13738605,0.1315245,2.5810723e-07,0,0.14093656
4fa2_SB0_A_402,0,0,0.13887206,0.1210856,0,0,0.14031125
4fh7_TBP_A_202,0.02861531,0.020652629,0.13897072,0.12139375,4.0272779e-05,0,0.14004119
4fm6_TYR_C_259,0,0,0.13887206,0.1210856,0,0,0.14031125
4fra_GAL_A_402,0.9772443,0.98949227,0.1462624,0.14628505,0.95511636,4.4971291e-06,0.17114853
4fxr_BMP_A_301,0.9869602,0.9526753,0.14660211,0.1455315,0.89895044,0,0.16765746
4fxr_BMP_B_301,0.99338946,0.96170767,0.14600955,0.14480077,0.84727252,0,0.16618533
4g1x_TQU_A_410,0.9971105,0.99486641,0.13795377,0.13461927,0.1632594,0.067416115,0.14929926
4gcq_0JM_A_401,0,0.91666671,0.1294411,0.13444164,0.87789235,8.6339573e-09,0.20232359
4gh8_MTX_B_201,0.97815095,0,0.16637056,0.14691345,0.98020355,0,0.13391058
4ghf_4NC_A_402,0,0.93823821,0.11895101,0.12175243,0.002936082,0.1971004,0.18317229
4ghf_4NC_C_402,0,0.94652896,0.11876781,0.12174937,0.002341934,0.19908658,0.18353714
4ghf_4NC_D_402,0,0.93203626,0.11905934,0.12169824,0,0.19433765,0.18276203
4gim_PSU_A_400,0,0.86227518,0.12391297,0.12441431,0.22835766,0,0.18038096
4gim_PSU_C_400,0.94561269,0.79013062,0.13996396,0.13122968,0.00043871067,0,0.13549427
4gmu_OXL_A_705,0,0.48852067,0.13198172,0.12800283,0.39934617,0.22693114,0.17817644
4gnp_PEP_A_703,0.99025742,0.95707198,0.14595133,0.14462343,0.83794124,3.2526556e-07,0.16583864
4gps_CIT_A_501,0,0.76290794,0.1270289,0.12642945,0.35115921,0.025527117,0.18107674
4gt9_MEF_A_304,0,0,0.13887211,0.12108567,4.637946e-06,0,0.14031139
4gt9_UMP_A_302,0.49790126,0,0.14778536,0.12652024,0,0,0.12180105
4gy9_ZIP_A_201,0.99409346,0.98823186,0.14374731,0.142192,0.67768399,0.0030213452,0.16208227
4h0x_LAR_B_403,0,0.98401795,0.12930945,0.1362744,0.99747829,0,0.20856372
4h4c_10D_A_402,0,0.92458211,0.12852052,0.13328402,0.80311995,0,0.20034165
4h4c_10D_B_402,0,0.90521305,0.11997849,0.12235023,0.040354752,0.20242939,0.18314293
4h9g_14J_A_512,0.0034863285,0.97718225,0.12620576,0.13141846,0.67832617,0.010239809,0.19871862
4h9x_HL4_A_404,0.58616657,0.9850088,0.13531073,0.135888,0.55857501,0,0.17339349
4h9x_HL4_B_404,0.54444563,0.69167149,0.13977502,0.13737069,0.61854745,0.25177758,0.17311026
4hey_4MZ_A_303,0.8082825,0,0.15338171,0.24828796,0,0,0.11028181
4hey_4MZ_A_308,0.8286018,0,0.15370859,0.13013459,0.00030598116,0,0.10951614
4hez_1MZ_A_302,0,0.98590196,0.11910776,0.1208557,2.7716504e-08,0,0.17814446
4hez_1MZ_A_304,0.22115159,0.80111648,0.12605588,0.12384062,8.9247272e-05,0.11391952,0.16707662
4hez_1MZ_A_306,0.19139974,0.99592302,0.12130637,0.12369785,1.0054297e-06,0.17195574,0.17749722
4hez_1MZ_A_307,0.076795885,0.78738104,0.12362404,0.1223672,0.0004586778,0.14012527,0.17267868
4hgg_SYN_A_502,0.99810189,0.86131549,0.13945578,0.13179152,1.8623296e-05,0,0.13635904
4hgg_SYN_B_502,0.99201502,0.94275026,0.13759208,0.13179963,0.00017374498,0,0.14044882
4hmx_WUB_A_302,0.0001287914,0,0.13888683,0.1211059,0.0012224197,0,0.14034383
4hoz_GLC_A_703,0.99290205,0,0.16578305,0.14760928,0.97618737,0.16245312,0.13804445
4hrq_AZG_B_201,0,0,0.13887206,0.1210856,0,0,0.14031125
4hxk_1AJ_A_201,1.5991157e-05,0.94145401,0.1188574,0.12170647,1.5934067e-05,0.19685148,0.18320385
4hzf_CMP_A_301,0.48825785,0.99347446,0.13782956,0.14155458,0.99443786,0,0.19068199
4hzf_CMP_B_301,0,0.99239072,0.12911389,0.13623041,0.99475842,0,0.20880188
4i02_CMP_A_301,0,0.99317321,0.12348597,0.12771669,0.44397894,0,0.19199532
4i02_CMP_A_302,0.87754944,0.9840467,0.1365239,6.9601278e-25,0.23888144,0.11713725,0.1569899
4i02_CMP_B_301,0.96012242,0.99292378,0.14628157,0.14669572,0.99382756,0,0.17309996
4i02_CMP_C_301,0,0.99143817,0.12911943,0.13621006,0.9934277,0,0.20872465
4i02_CMP_D_301,0.95881996,0.99265204,0.1462611,0.14667762,0.99357243,0,0.17313016
4i02_CMP_D_302,0.92813279,0.98902808,0.14575551,0.14629969,0.99073737,0,0.17404526
4i02_CMP_F_301,0.52976567,0.99406744,0.13856496,0.14201392,0.99485296,0,0.18917432
4i0b_CMP_A_301,0.53440727,0.99449971,0.13863218,0.14205354,0.99414521,0,0.18899671
4i0b_CMP_B_301,0.89837496,0.99509246,0.14514878,0.14604561,0.99540471,0,0.17552694
4i0g_1B9_A_504,0.80440916,0.98539928,0.13357512,0.13080725,0.052870756,0.062878001,0.15268909
4i2p_G73_A_601,0.9862799,0.99185268,0.14181353,0.15062126,0.99336257,0.99256628,0.20143031
4i4v_NGA_A_201,0,0.94789829,0.12398431,4.6270867e-41,0.9838492,0.98220294,0.98213771
4i4v_NGA_A_202,0.96863382,0.93122381,0.1410199,0.14786452,0.8267704,0.9916923,0.19464139
4i4v_NGA_B_201,0,0.95332484,0.12854002,0.13418097,0.86158138,5.8854098e-10,0.20323171
4i4v_NGA_B_202,0,0.97947437,0.12757155,0.13350106,0.81798704,8.7807817e-06,0.20290282
4i4v_NGA_D_202,0,0.97422943,0.12766794,0.13349494,0.81738689,0.00053691905,0.20269883
4i6s_FUC_A_101,0.98624321,0.94468373,0.14277291,0.15070428,0.99698009,0.99705745,0.19986502
4i6s_FUC_A_102,0,0.92303043,0.12555461,0.1399534,0.99747072,0.99744441,0.23572553
4i6s_FUC_B_101,0.52744812,0.95106866,0.13443659,0.14571201,0.99787803,0.99790919,0.21721904
4i6s_FUC_B_102,0.97359678,0.96207217,0.14219508,0.15054973,0.99634592,0.99633428,0.20096166
4i6w_1CO_A_501,0.00035806334,0.97878582,0.11806154,0.12174059,0,0.20672903,0.18493996
4i6w_1CO_B_1001,0.98595935,0.97242646,0.13693112,0.13194212,0.010918322,0.0061832866,0.14253906
4i6y_MEV_A_501,0,0.97424084,0.11816089,0.12174982,0.00099556579,0.20596698,0.18478262
4i6y_MEV_B_1001,0.99439308,0.97619063,0.14348364,0.14697716,0.86946354,0.49691222,0.1820798
4i7n_1DJ_A_202,0.99716477,0.99635442,0.14192228,0.15077208,0.99493549,0.99494818,0.20131693
4i7n_1DJ_B_203,0.99866992,0.99500498,0.14197879,0.15079607,0.99533162,0.99525262,0.20123031
4i9n_1E5_A_402,0.88465507,0.95647777,0.1454342,0.14553612,0.97154926,0,0.17382596
4i9n_1E5_B_402,0.99031155,0.96515591,0.14714339,0.1466748,0.97073742,0,0.17020623
4i9n_1E5_C_402,0.8633477,0.97546465,0.14433688,0.14479057,0.93864857,0,0.17434097
4i9n_1E5_D_402,0.8644883,0.96793648,0.14263237,0.14195918,0.754554,0,0.16838216
4i9n_1E5_F_402,0.93713698,0.96809782,0.14604895,0.14596697,0.96253824,0,0.17204533
4i9n_1E5_G_402,0.86354281,0.95200925,0.14296199,0.14199393,0.75722964,0,0.1678879
4i9n_1E5_H_402,0.89727759,0.028893908,0.15435565,0.13087273,8.9851661e-09,0,0.10806244
4i9n_1E6_A_401,0.99021964,0.98345979,0.14076726,0.1482369,0.84634554,0.94988091,0.19520511
4i9n_1E6_B_401,0.89919613,0.9803116,0.13918219,0.1468924,0.83042756,0.92112501,0.1971311
4i9n_1E6_C_401,0.97730695,0.97467738,0.14103337,0.14830169,0.8655176,0.92466044,0.19518824
4i9n_1E6_D_401,0.94817512,0.98167436,0.13838419,0.14557528,0.69695683,0.97873412,0.19298647
4i9n_1E6_H_401,0.7574588,0.97830177,0.13834476,0.14039947,0.66821738,0.25732069,0.17773072
4ict_1ED_A_406,0.98235538,0.96989592,0.13692541,0.13191927,0.011869561,0.0066100799,0.14261455
4ioq_BAQ_A_201,0.99515791,0.98961076,0.13664327,0.13186787,2.1962924e-05,0.0047548522,0.14250557
4iph_1FJ_A_201,0.98293708,0,0.15981314,0.13688837,0.32825542,0,0.11380348
4iph_1FJ_A_202,0.0023835989,0,0.13896792,0.1211923,0.0052194573,0,0.14038219
4itu_1HS_A_302,7.9335427e-06,0,0.13887221,0.12108569,0,0,0.14031095
4itu_1HS_C_302,7.119074e-06,0,0.14158414,0.12583749,0.29394724,0.056858544,0.15097413
4itu_1HS_D_302,5.1528215e-06,0.96064718,0.12914813,0.13532436,0.935659,1.8188675e-06,0.20577702
4ixw_IXW_A_302,0.96004684,0,0.16401627,0.14373144,0.78511343,0.0084774878,0.12887073
4ixw_IXW_B_302,0.00090207446,0.8743118,0.12034958,0.12172409,0.0038590219,0.18021817,0.18017157
4j0k_EGR_A_501,0.9034004,0.7287984,0.14044216,0.13078931,0.00083448998,0,0.13472098
4j0k_EGR_B_501,0.9409488,0.77542336,0.14017636,0.13118363,0.00053170677,0,0.13510572
4j4b_0TF_A_904,0.97641548,0,0.16500564,0.1448711,0.8492999,1.0595972e-08,0.12997355
4j4b_0TF_B_301,0.97586855,0,0.16592307,0.1462717,0.94029711,1.030041e-08,0.13277555
4j5h_1K4_A_303,0,0.94585595,0.12473583,0.13816047,0.90802991,0.88719246,0.23060633
4j7u_YTZ_A_802,0.95283946,0.95988885,0.13649099,0.13143131,0.0011275768,0.0059626069,0.14298279
4j7u_YTZ_B_802,0.94858893,0.89629386,0.13800712,0.13178776,0.028202588,0.00010867047,0.14128245
4j7u_YTZ_C_802,0.95342618,0.95107983,0.13669166,0.13143053,0.0011604346,0.0035053864,0.1425455
4j7u_YTZ_D_802,0.99379934,0.98712551,0.13667861,0.13186701,0.00092071355,0.0047114775,0.14248413
4jb0_ENO_A_402,0.93883266,0,0.16084671,0.15036226,0.99453131,0.99515966,0.16524509
4jb0_FER_A_401,0,0,0.13887206,0.1210856,0,0,0.14031125
4jh6_FCN_A_202,0.99536604,0.92701857,0.1447049,0.14174274,0.64751537,0,0.15867437
4jh6_FCN_B_202,0,0,0.14858987,0.13582712,0.95369612,0,0.16946444
4jm8_26D_A_302,0.99824273,0.99634861,0.13966517,0.13614314,0.28426601,0,0.15012387
4jmz_1M2_A_302,0.99655803,0.99511189,0.13665473,0.13208963,0.01217083,0.010522479,0.14319677
4jp3_CIT_A_301,0,0.95892052,0.11983386,0.12212004,0.060732711,0.086898461,0.18153586
4jwx_1N4_A_301,0.99003527,0.96906381,0.14722665,0.14692353,0.98708271,0,0.17086612
4jzx_476_B_402,0,0.87253111,0.13107827,0.13559326,0.95173007,0,0.20288704
4jzx_IPE_A_401,0,0.97079023,0.11822888,0.12173486,0.00027107356,0.20477325,0.18459129
4jzx_IPE_B_401,0.98659831,0.97311959,0.13683557,0.13176679,2.6341609e-09,0.0021121772,0.14210045
4k5g_Q13_A_803,0.021061927,0,0.13924911,0.12131549,6.8728764e-13,7.7436588e-13,0.13952823
4k5g_Q13_B_803,0.22522573,0.98911506,0.12209239,0.12403624,2.6709003e-13,0.16317399,0.17571758
4k5u_GAL_A_301,0.99269207,0.989861,0.14065697,0.14895343,0.89886766,0.88552765,0.88534041
4k5u_GAL_B_301,0,0.98416174,0.12427481,0.13975349,0.98764343,0.98825887,0.2374993
4k5u_GAL_C_301,0.92530297,0.98466455,0.14123737,0.14961621,0.99041217,0.91212839,0.20095199
4k5u_GAL_D_301,0,0.98754743,0.12452532,0.13919808,0.97369752,0.89598039,0.23447351
4k90_MLA_A_704,0.98196275,0.87380436,0.13888241,0.13163815,4.518149e-05,0,0.13764275
4kcf_FMN_A_502,0,0,0.13887222,0.12108584,1.5124636e-05,0,0.14031171
4kp7_1UQ_A_503,0,0,0.14849334,0.13568069,0.94422287,0,0.16917486
4kqk_PCR_A_403,0.99598812,0.9984589,0.14682013,0.14709724,0.99456061,0,0.17200142
4kqk_PCR_B_703,0.99704905,0.99768388,0.14684526,0.14709474,0.99363817,0,0.17190404
4kqx_HIO_B_401,0.80305821,0.92153853,0.13825726,0.13730129,0.44556243,0.19446572,0.16570401
4kux_FPS_A_704,0.86740178,0.92710586,0.14054704,0.13751636,0.46445401,0,0.15783904
4kux_FPS_B_405,0,0.94015224,0.12545258,0.12909995,0.53266792,0,0.19267179
4kux_FPS_C_705,0,0.90848005,0.12022201,0.12297003,0.077290912,0.21725292,0.18479672
4kux_FPS_D_704,0,0.90060287,0.12524468,0.12759108,0.43445555,0,0.18815189
4kwk_CSS_A_302,0,0,0.13887206,0.1210856,0,0,0.14031125
4l1x_STR_A_402,0.98821587,0.9838654,0.13663526,0.13179215,7.4621985e-07,0.0046445594,0.14253482
4l1x_STR_B_402,0,0,0.13893613,0.12118278,0.006287124,0,0.14050344
4l4d_CAM_A_503,0,0.97883744,0.11973183,0.12158921,0.047347539,0,0.17932071
4l80_OXL_A_402,0.99550802,0.92323582,0.14759414,0.14660265,0.94922082,0.052783011,0.16930788
4l80_OXL_B_402,0.98072824,0.95583577,0.13709595,0.13169277,0,0,0.14154293
4l80_OXL_C_402,0.99606764,0.9239691,0.14072474,0.13638174,0.28365325,0.069382981,0.1494607
4l80_OXL_D_402,0.99482162,0.80685954,0.14050522,0.1317561,0,0,0.13429279
4l80_OXL_E_402,0.99179727,0.96785202,0.13704709,0.1318153,0,0,0.14162888
4l8q_XMM_A_303,0.12899927,0.82378864,0.12418418,0.12362693,0.042275572,0.15487821,0.17383213
4l91_X29_A_301,0.99558306,0.9896262,0.14680462,0.14681373,0.97637226,0,0.17112153
4lcq_URQ_A_603,0,0.92246362,0.1254186,0.13945371,0.97097524,0.97287356,0.2341671
4lek_1DN_X_202,0,0.99418086,0.12871646,0.13568154,0.95927662,0,0.20778594
4lm7_U5P_A_201,0.7553354,0.86152891,0.13581116,0.13119371,0.11201742,0.062298239,0.15139857
4lol_1YE_A_401,0.99795073,0.97465019,0.14630655,0.1455678,0.89386936,0,0.16793682
4lol_1YE_A_402,0.99567078,0.97010127,0.13707201,0.13185656,3.5719712e-09,0,0.1415672
4luu_BTM_A_704,0.00048386375,0,0.13888073,0.12109088,0,0,0.14029326
4lvb_20N_A_601,0.99175998,0.99096027,0.13654983,0.13183406,3.6617963e-07,0.0058062908,0.14271469
4lvb_20N_B_601,0.99380289,0.99418104,0.13651925,0.13185751,3.032122e-07,0.0062443262,0.14277761
4lz3_BTM_A_409,0.98642741,0.98622247,0.14597657,0.14560361,0.90449749,0,0.16913418
4lz7_1YW_C_804,0,3.440424e-08,0.13887206,0.1210856,4.1166882e-08,0,0.14031125
4lz7_GLU_A_802,0,0,0.13887206,0.1210856,0,0,0.14031125
4m2c_DAR_C_402,0.97985841,0,0.15641323,0.13178084,0,0,0.1038836
4m54_AE5_A_403,5.927046e-05,0,0.13887313,0.12108625,0,0,0.14030904
4m72_M72_A_402,0,0,0.14166092,0.12598871,0.30300305,0.060280791,0.15134232
4m72_M72_B_402,0,0,0.14114817,0.12498014,0.24263483,0.037477034,0.14888991
4ma8_Z80_C_301,0,0.73788609,0.12323132,0.12153749,8.2069673e-07,0.1425705,0.17365299
4mgj_CPZ_A_502,8.6485453e-05,0.98116181,0.11920458,0.12085813,2.4505765e-05,0,0.17796009
4mig_G3F_A_802,0.95445049,0.98144063,0.13611336,0.13157376,0.0076048913,0.013824084,0.14418754
4mig_G3F_B_802,0.98360732,0.97552988,0.14178058,0.13896835,0.47691941,0.00060186616,0.15577602
4mig_G3F_C_802,0.95042455,0.97419619,0.13619868,0.1315382,0.0082861636,0.012978902,0.14404912
4mig_G3F_D_802,0.96683168,0.98279634,0.14168865,0.13964892,0.52596377,0.029798966,0.15904133
4mol_2FG_A_802,0,0.97251366,4.6277335e-34,0.13606069,0.94412743,0.17754603,0.21190809
4mol_2FG_B_802,0.0084512268,0.96715893,0.11846444,0.12181328,0,0.20196218,0.18404509
4mol_2FG_C_703,0.0074979064,0,0.1399238,0.12255998,0.090086444,0,0.14278786
4mop_2H5_A_802,0.011034262,0.91595387,0.11961363,0.12179719,2.4594775e-06,0.18777804,0.18153126
4mop_2H5_B_802,0.99591975,0.88983296,0.13889591,0.13197821,0.011108163,0,0.13824171
4mop_2H5_C_703,0.95564687,0.91563809,0.14369243,0.14051431,0.59579586,0.0005141431,0.15814848
4mpr_TPP_A_602,0,0.95581788,0.11625424,0.12493235,0.066398459,0.82827071,0.20351829
4mr7_2BV_A_501,0,0,0.1391084,0.12144411,0.02319336,0,0.14102024
4mr8_2BW_A_507,0,0.95022785,0.118672,0.12172032,0.00041973873,0.19934674,0.18363259
4mux_2E4_A_402,0,0,0.14599013,0.13188341,0.69855967,0,0.16166526
4n36_2F8_A_401,0,0.97125361,0.1246209,0.1380487,0.91606176,0.82459446,0.22997495
4n36_2F8_B_401,0,0.96049557,0.12298879,0.13571212,0.75492842,0.86585288,0.22585683
4n36_2F8_C_401,0,0.95707559,0.11852128,0.12171897,0,0.20101404,0.18393682
4n36_2F8_D_401,0.95954446,0.9240054,0.1416788,0.14669454,0.80176874,0.80499103,0.18841579
4n4j_HG1_A_605,0.96596352,0.94848261,0.14062361,0.13667769,0.34090253,7.5086421e-05,0.1512206
4n4j_HG1_A_606,0.5819457,0,0.1492899,0.12743759,6.1360333e-09,0,0.11867658
4n4j_HG1_A_607,3.3184418e-08,0.90865764,0.11956199,0.12167943,3.2952515e-05,0.1881165,0.1816665
4n4j_HG1_A_608,0.0016010646,0.86529873,0.1205237,0.12165926,0,0.17621328,0.17956175
4n5p_2H0_E_412,0.99056021,0.98671827,0.1383451,0.13521492,0.20330346,0.081718912,0.15082649
4n6w_FLC_A_203,0,0.98522969,0.12430771,0.13992875,0.99702905,0.99654123,0.23807217
4n94_2HO_A_401,0.0019292408,0.99624085,0.11898612,0.12095184,0.005013606,0,0.17862274
4n9v_AZA_A_402,0,0.69008367,0.12425851,0.1214979,5.1500805e-07,0.12982453,0.1714102
4n9v_AZA_A_403,0,0.027836011,0.13831404,0.12107911,2.6852909e-08,0,0.14137944
4ndn_PPK_A_406,0.90226474,0,0.15509396,0.13103977,0.0068493319,0,0.10697763
4ndn_PPK_C_404,0,0.94931982,0.11869234,0.12172119,0.00051717749,0.19914143,0.18359395
4nf4_2JK_A_301,0,0,0.14332365,0.99584031,0.99571387,0.99558671,0.99543615
4ni1_2JX_A_203,2.3874317e-06,0,0.13887221,0.12108578,9.7643079e-06,0,0.14031146
4nir_6DH_B_306,1.003211e-05,0,0.13892291,0.12116257,0.004971992,0,0.14046286
4nkw_PLO_A_601,0.98700299,0.99535151,0.1363655,0.13178931,2.1286123e-07,0.0079567497,0.14312606
4nkw_PLO_B_601,0.99066857,0.9938415,0.13646727,0.13182535,2.0627168e-07,0.0067992367,0.14289698
4nkw_PLO_C_601,7.6450406e-07,0.99336545,0.12907225,0.13619665,0.99258858,0,0.20877293
4nkw_PLO_D_601,0.98034375,0.99394282,0.13626982,0.13172042,1.8629093e-07,0.0089525355,0.14334743
4np7_DPJ_A_403,0,0,0.14352281,0.13873207,0.91772187,0.94195671,0.19622593
4npm_SIN_B_301,0.99470736,0.68122719,0.15270863,0.14647749,0.95058507,0,0.15853124
4nr9_ALY_A_2005,0.87533355,0.98503991,0.13450693,0.13070757,0.0037448917,0.029619008,0.14761489
4nv0_MG7_A_403,0.97470418,0,0.16663642,0.14708442,0.99518081,0,0
4nv0_MG7_B_402,7.2887944e-06,0,0.14359546,0.12979367,0.53074633,0.14630805,0.1605939
4o7g_ASC_A_303,0.10506859,0,0.14090279,0.12245969,0.014702431,0,0.1368546
4o7g_ASC_B_303,0.98358203,0.97739772,0.13679191,0.1319468,0.012399145,0.0085577607,0.14293508
4o7g_ASC_B_304,0.12732296,0,0.14116927,0.1225025,0.0017570331,0,0.13563154
4o95_245_A_602,0.93665459,0.98405158,0.1356561,0.13126788,8.0319187e-07,0.015312741,0.14476934
4ocj_NDG_A_401,0,0,0.14299342,0.14011976,0.98777253,0.98897583,0.98846261
4ocu_NDG_A_401,0,0.94216536,0.11884202,0.12170729,3.9679713e-05,0.19705342,0.18323888
4ovl_1TD_A_308,0.99390769,0.94330338,0.14784394,0.14701965,0.99017838,0,0.16982825
4ovl_1TD_B_308,0.9966803,0.95866923,0.13733676,0.13185736,0,0,0.14098726
4ox5_DAL_A_307,0,0,0.14038613,0.12348125,0.15291809,0.0035870356,0.14524523
4oxy_1TN_A_302,0.98129797,0.97494096,0.13669665,0.1317153,5.4457692e-05,0.0037099412,0.14241692
4oxy_1TN_D_302,0,0.99031155,0.12909324,0.13613634,0.98864134,0,0.2085351
4p5y_NGA_A_201,0.9865421,0.99005169,0.13582356,0.1408592,0.37464,0.93770073,0.18081512
4p7q_NAG_A_703,0.084504057,0,0.14040253,0.12203481,0.0017362879,0,0.13722276
4p7q_NAG_A_706,0.11122306,0,0.1408632,0.12229968,4.4280901e-06,0,0.1361765
4p8c_2J3_A_504,0.68942883,0,0.1513361,0.12879594,0.011979095,0,0.11504692
4p8c_Y22_A_502,0.99552788,0.97189381,0.13703079,0.13185659,2.6849032e-09,0,0.14165747
4p8c_Y22_B_502,0,0.92256795,0.1192628,0.1216904,2.5917568e-08,0.19181306,0.1823178
4pb4_PLP_A_401,0,0.94958664,0.11868221,0.12171277,0,0.19901721,0.18358546
4pb4_PLP_B_401,0,0.81198516,0.12163904,0.12159883,0,0.16232768,0.17712952
4pbr_2L7_A_401,0.99532386,0.98982832,0.14668688,0.14664544,0.96567063,0,0.17081179
4pgi_Y69_A_303,0.96262219,0.91791807,0.13756831,0.13147722,1.5890366e-09,0,0.14054552
4pik_MAN_A_501,0,0.96623289,0.128192,0.13729662,0.99454936,0.28940064,0.21635159
4pik_MAN_A_502,0.9902741,0.97879827,0,0.13186668,0.012903344,0.012925779,0.14200819
4pik_MAN_B_503,0,0.97859407,0.12932904,0.13614045,0.98873006,0,0.20808817
4pik_MAN_C_503,0.76768728,0.98020728,0.13813384,0.14826239,0.99442552,0.99472734,0.20920633
4pik_MAN_D_503,0,0.97858034,0.11899741,0.12127786,0.010066564,0.072082555,0.18030327
4ptx_BGC_A_501,0.99132429,0.98803223,0.14620355,0.14758049,0.99392041,0.14740896,0.17611518
4ptx_BGC_B_501,0.9378411,0.97701658,0.14603391,0.14652487,0.99143986,0.028726199,0.17409455
4pxd_1AL_A_502,0,0.97824081,0.12341951,1.34796e-55,0.9971479,0.99723205,0.99719807
4pxd_1AL_B_502,0,0.98657202,0.11411994,0.12451822,0,0.99684289,0.20765477
4q3a_2YC_A_904,0.86737563,0.98231189,0.14402976,0.14446589,0.91490274,0,0.17372811
4q3a_2YC_B_904,0,0.98686118,0.12907355,0.13600235,0.97992052,0,0.20813611
4q3a_2YC_C_904,0.92837893,0,0.16512773,0.14583648,0.94567573,0,0.13470546
4q3a_2YC_D_904,0.95388296,0,0.16581984,0.14647217,0.9687919,0,0.13446394
4q40_VAL_B_403,0,0.00019816725,0.1388681,0.12108556,3.6309704e-07,0,0.14031886
4q40_VAL_C_404,0,0,0.13887207,0.12108561,4.1151926e-07,0,0.14031126
4qbz_D80_A_917,6.5425734e-05,0.89518882,0.11994398,0.12184859,0.010785658,0.18857354,0.18146857
4qck_ASD_A_404,0.97764501,0,0.16672091,0.14716486,0.99830789,0,0
4qe1_RUU_A_403,0,0,0.14561076,0.1313158,0.66167179,0.00070058129,0.16055837
4qpe_37E_A_901,0.99374267,0,0.16316783,0.14180182,0.63849856,1.0164431e-06,0.12288551
4qxc_OGA_A_600,0.99713744,0.98663997,0.13670227,0,7.3929275e-05,0.0030023468,0.14224843
4qxc_OGA_C_600,0,0.97780523,0.11807584,0.12173614,0,0.20654131,0.18490941
4r08_URI_A_901,0,0,0.13887233,0.121086,2.557471e-05,0,0.14031203
4r08_URI_B_901,0.98503086,0,0.16094935,0.13857796,0.436084,0,0.11702181
4r08_URI_D_901,0,0,0.13887289,0.12108686,8.1160254e-05,0,0.14031373
4r2n_PHE_C_402,0.00085510106,0.8765809,0.12027,0.12166661,0.00033469632,0.17950157,0.18013688
4r2n_PHE_D_402,0.74142151,0.96054985,0.13266015,0.12963918,0.022532918,0.057763953,0.15300979
4r2n_PLP_A_401,0,0,0.14396643,0.13982584,0.97958681,0.9793826,0.19922404
4r2n_PLP_B_401,0.9848017,0.9714612,0.14212506,0.15037242,0.98075028,0.98099767,0.19997504
4r3n_3GQ_B_404,0.86026705,0.95777435,0.13551718,0.13192692,0.087253294,0.056996649,0.15037851
4rcv_DE2_A_403,0,0.80684301,0.12175264,0.12160068,0.00036552727,0.16109467,0.17690311
4rii_TYD_A_401,0,0,0.14842621,0.13523095,0.91691665,0,0
4rje_PYR_A_402,0.74839893,0.8933772,0.13404416,0.12927807,0,0.029904684,0.14864163
4rje_PYR_B_402,0.99591366,0.92116628,0.14323489,0.15013952,0.96169063,0.9615893,0.19647522
4rje_PYR_C_402,0,0.453138,0.13211987,0.12674974,0.32609573,0.1898269,0.17354063
4rje_PYR_D_402,0,0.8902379,0.13012197,0.13467694,0.89271597,0,0.20176254
4rkz_3S4_A_402,0.98471835,0.91618871,0.14504148,0.14211509,0.67862861,0.0013919428,0.15964689
4rkz_3S4_B_401,0,0.94027835,0.12863869,0.13633843,0.95019174,0.2135772,0.21175695
4rm3_FOA_A_1000,0.97910876,0.99066461,0.13666133,0.1323826,0.040549919,0.023650215,0.14489424
4rm3_FOA_B_1000,0.98819616,0.99223581,0.136656,0.13219419,0.023662431,0.015818542,0.14388963
4rp9_ASC_A_501,0,0.93065976,0.11909393,0.12170697,0.00059072088,0.19419376,0.18272145
4rql_SNE_A_505,0.99305665,0.89078395,0.1387837,0.13187587,0.0066785632,0,0.13822997
4rql_SNE_B_502,0.98532899,0,0.16064113,0.13810555,0.40531124,0,0.11607005
4rvg_TYD_A_502,0.9743768,0,0.97062632,0.14662201,0.94773118,0,0
4s38_CDI_A_900,0,0,0.13892393,0.12116428,0.0050901669,0,0.14046685
4tq4_DMA_A_403,0.95627539,0.83452901,0.13924334,0.13134985,0.00037300084,0,0.13692222
4tq4_DMA_B_403,0,0.91673464,0.11937837,0.13002522,0.36287912,0.96461932,0.21511443
4tq4_DMA_D_403,0.9842704,0.91636666,0.13814954,0.13196848,0.016302459,0,0.1402005
4tqi_6BD_B_201,0.95377808,0,0.15594634,0.13149617,2.1020935e-08,0,0.10485318
4trj_665_A_501,0.87354375,0.97642702,0.1346369,0.13064042,0.0012420697,0.026745665,0.14718638
4tsk_TLA_A_404,0,0,0.13888776,0.12110941,0.0015403094,0,0.14035833
4tyv_BGC_B_701,0.0043567237,0.94268702,0.11898062,0.12188464,0.0079766368,0.19929343,0.18339772
4u2a_A2G_A_303,0.99307719,0.92950045,0.14316175,0.15063325,0.98926857,0.98890218,0.19855137
4u7g_K17_A_303,0,0.95633956,0.11853718,0.12171851,8.8602677e-06,0.20082113,0.18390265
4u7g_K17_B_303,0,0.96404198,0.11837161,0.1217248,3.2205703e-06,0.20287274,0.1842638
4u8p_UDP_A_603,0.89250141,0,0.15484945,0.13082742,5.873032e-06,0,0.1071314
4u8p_UDP_C_603,0.97078699,0,0.15625103,0.13168213,1.9734331e-05,0,0.10422145
4u8y_MIY_B_1102,0,0.9426336,0,0.12082403,0,0,0.17664055
4ubp_HAE_C_800,0,0.96412458,0.12530586,0.13908161,0.97836021,0.8431804,0.23215549
4uc9_ASP_A_1300,0,0,0.13887207,0.1210856,6.0201099e-08,0,0.14031125
4uc9_ASP_B_1300,0,2.1667471e-05,0.13887163,0.1210856,2.8807033e-09,0,0.14031208
4uc9_ASP_C_1300,0.70422773,0,0.15147918,0.12877265,2.171486e-05,0,0.11413123
4uc9_ASP_D_1300,0,2.9363854e-06,0.13887201,0.1210856,3.2324417e-09,0,0.14031136
4uch_OLW_A_800,0,0.9817659,0.11919067,0.12085666,1.6165646e-08,0,0.17798574
4uch_OLW_B_800,0,0.9800868,0.11802682,0.12173805,1.0721144e-06,0.20715006,0.1850165
4ud9_FQI_H_1257,0.99553818,0.99824518,0.14681953,0.14714254,0.99684691,0.004033556,0.17219914
4udc_DEX_A_1778,0.99319767,0.99631688,0.14681883,0.14707593,0.99512038,0,0.17204007
4ug6_H4B_A_902,0.4849042,0.98518447,0.12708802,0.12667413,1.4144579e-07,0.1086479,0.16432346
4ug6_XFJ_A_904,0.038658154,0.97219741,0.11892746,0.12212468,4.008391e-09,0.19708481,0.18297752
4ug7_1EV_A_904,0.96100584,0.94913861,0.13686687,0.13148664,7.4270546e-07,0.00098876614,0.14208012
4ugf_Q16_A_904,0,0.97343389,0.11816978,0.12173253,6.7127896e-07,0.205376,0.18470434
4ugg_S5D_A_904,0.10672969,0.97986887,0.12005002,0.12282338,6.972228e-09,0.18511167,0.18039896
4umd_CIT_A_1174,0.75898469,0.66789634,0.1392026,0.12942134,0.013306951,0,0.13814621
4uoc_NCN_A_400,0.88952884,0.93701261,0.1459934,0.14571785,0.97957049,0,0.17314301
4uoc_NCN_B_400,0,0,0.14863291,0.13589241,0.95792048,0,0.16959357
4upd_7P9_A_1550,0,0,0.14661869,0.132837,0.76024999,8.5053047e-06,0.1635513
4upd_7P9_B_1550,7.8624181e-05,0,0.13887347,0.12108646,0,0,0.14030832
4uqs_INE_A_904,0.99602178,0.98460568,0.13676762,0.13187342,7.6627665e-05,0.0032630607,0.14223567
4ur9_BK9_A_1717,0.99030694,0.99511855,0.13704892,0.13303424,0.072516129,0.034606705,0.14591841
4ur9_OAN_A_1718,0,0,0.14773806,0.13699875,0.97740844,0.21911917,0.1766704
4ur9_OAN_B_1718,0.89753483,0,0.15533287,0.13147902,0.038606106,0,0.10812424
4uy7_HIS_A_800,0,0,0.13887206,0.1210856,0,0,0.14031125
4uzi_IMD_B_1455,0.86494796,0.64089495,0.14150819,0.13037728,8.9129817e-06,0,0.13274986
4uzi_IMD_B_1456,0.8941696,0.99299115,0.144523,0.14510122,0.93724548,0,0.1738248
4v2z_Y70_A_151,0.99272155,0.99119661,0.14693102,0.14709934,0.99689397,0,0.1719155
4v2z_Y70_B_151,0.99349922,0.99131937,0.14695458,0.14712616,0.99808184,0,0.17192761
4v2z_Y70_C_151,0.98637397,0.98745801,0.13786139,0.13440851,0.15754756,0.065494229,0.14918311
4v3w_E2Z_A_800,0.0007964011,0.98496681,0.11914076,0.12086461,1.0010576e-10,0,0.17807896
4w1v_3GS_B_502,0,0,0.14020077,0.12311666,0.13109496,0,0.14435869
4wca_CIT_A_401,0,0.85602974,0.12131995,0.12286929,0.073860612,0.20197199,0.18219651
4wdd_CIT_A_401,0.98767434,0.92971153,0.1391083,0.13433742,0.15536286,0.049003875,0.14632889
4wdx_WDX_A_402,0,0,0.13887801,0.12109463,0.00058387903,0,0.1403291
4wdx_WDX_B_402,0,0,0.14877973,0.13611512,0.97232857,0,0.17003401
4wmz_TPF_A_602,0,0.98900676,0.11904563,0.12085515,1.1269131e-05,0,0.17826394
4wqq_MAN_A_204,0.91004476,0.90842341,0.13697533,0.1313228,0.023236129,0.0094045699,0.14331364
4wqq_MAN_C_204,0,0.93793687,0.11913924,0.1221097,0.024335351,0.2051035,0.18402748
4wqq_MAN_D_204,0.81890647,0.95995344,0.13456801,0.13127179,0.073111727,0.060753563,0.15169169
4ws2_6UA_A_303,0.11268026,0.9576682,0.12158758,0.12473012,0.11160692,0.2201256,0.18363443
4ws6_WBU_A_301,0,0.96191823,0.11841723,0.12172299,5.1519438e-07,0.20230545,0.18416405
4wxb_CIT_B_501,0.90996692,0.97124322,0.1354266,0.13098583,0,0.017393314,0.14532041
4x2f_3WJ_A_601,0.99857514,0.98539369,0.14760596,0.99768804,0.99200375,0,0
4x36_CHT_A_410,0.95947472,0.94872947,0.1369142,3.2170558e-34,0.012970805,0.0055226898,0.14261953
4x36_CHT_A_411,0.87202325,0.92654684,0.13605066,0.13131274,0.04488214,0.03024373,0.1466846
4x36_CHT_A_412,0,0.91100396,0.12003761,0.12271609,0.061966186,0.21213706,0.18429258
4x3j_3WR_A_1201,0.98624027,0.97209732,0.14704312,0.14679829,0.98170602,0,0.17095926
4xf0_CYS_A_502,0.99501274,0.94212112,0.14283485,0.1502714,0.96923581,0.96974753,0.19778479
4xfh_CYS_A_502,0,0.81774772,0.12596987,0.12808257,0.42501001,0.16824409,0.18965997
4xp0_42A_A_404,0.99687933,0.98992031,0,0.13190434,0.013915543,0,0.14183804
4xp2_TT4_A_401,0,0.98063021,0.11923732,0.12089404,0.0023823017,7.861235e-05,0.17801731
4xp3_DX4_A_401,0,0,0.13906358,0.12137613,0.018795449,0,0.1408858
4xpq_FUL_A_1002,0.99573926,0.97736956,0.1369172,0.13186344,9.6600138e-06,0.0013665353,0.14190565
4xpq_FUL_A_1004,0.0056294515,0,0.13897756,0.1211542,0.00046264559,0,0.14011611
4xti_IMP_B_601,0.96915676,0,0.16565974,0.14598125,0.926246,0,0.13259554
4xv4_25T_A_302,0.99781225,0.99723952,0.13661551,0.13207028,0.010143747,0.010065771,0.1431601
4xz9_G3P_C_302,0.99723439,0.95554234,0.13831107,0.13362407,0.10556462,0.035111502,0.14510511
4xzh_48I_A_402,0.99561665,0.98719046,0.13670377,0.13187016,0,0.0040067444,0.14237132
4y14_C0A_A_407,0.96805373,0.98888046,0.14165244,0.15039306,0.9954446,0.97565494,0.20155728
4y14_C0A_B_404,0.97211292,0.98843218,0.14206433,0.14931938,0.95733781,0.83166408,0.19596534
4y6n_3PG_A_402,0.98158737,0,0.16599914,0.14631304,0.93853534,0.0016738038,0.13255859
4yjs_4DN_A_701,0,0,0.13888258,0.12110156,0.001032364,0,0.14034281
4ynu_LGC_A_602,0,0,0.13893263,0.12117748,0.0059438459,0,0.14049294
4ynu_LGC_A_603,0.003144213,0,0.13892835,0.12111993,2.5022509e-07,0,0.14019436
4ysx_MLI_A_701,0.99129179,0.83010616,0.14939379,0.14686282,0.96187262,0.076981092,0.16699332
4yu7_DHC_A_204,0.57327386,0.88076034,0.13100322,0.12748645,1.507307e-08,0.062605785,0.15560941
4yu7_DHC_B_203,0,0.83104606,0.12122946,0.12161462,1.9919171e-07,0.16741008,0.17802382
4yu7_DHC_B_204,0.065174607,0.87599011,0.1214963,0.12231473,1.2759985e-06,0.16597216,0.1773191
4ywb_OXD_C_704,0.9971287,0.84385435,0.13980513,0.13177359,5.8043281e-05,0,0.13562969
4z1d_PEP_A_300,0.82637592,0.97958178,0.13367429,0.13015787,0.00091743283,0.037177937,0.14935733
4z1d_PEP_B_300,0.88488139,0.94770958,0.13585459,0.13149155,0.04670795,0.033928171,0.14719663
4z2w_AKG_A_401,0.99517206,0.87459617,0.13911833,0.1317793,0.00041255541,0,0.13712461
4z69_DIF_A_1007,0.9943386,0.98504842,0.13672563,0.13185539,0,0.0036988022,0.14232599
4z69_DIF_A_1008,0,0,0.13901918,0.12130877,0.014437936,0,0.1407526
4za7_4LV_A_606,0.98510271,0.85111147,0.14917562,0.14640067,0.95496015,0,0.16554122
4zb2_FRU_A_404,0,0.92363692,0.11924025,0.12169212,4.9786474e-05,0.19211689,0.18236998
4zb2_GLC_A_403,0,0.75531922,0.12718281,0.12655221,0.35648588,0.036047604,0.18125953
4zbc_FRU_A_409,0.99597874,0.94106988,0.13770364,0.13183952,0.00023153372,0,0.14020123
4zbc_FRU_A_410,0.007092705,0.97979015,0.11816736,0.12181,4.5660184e-06,0.20561162,0.18469655
4zbc_FRU_B_409,0,0.87942438,0.12018988,0.12165468,2.5275219e-08,0.18030943,0.18029361
4zbc_GLC_A_407,0,0.038054895,0.14122207,0.12676548,0.3476107,0.087277892,0.15493992
4zbc_GLC_A_408,0.087158684,0,0.1404351,0.12204111,0.00026931061,0,0.13707923
4zbc_GLC_B_406,0,0,0.13893485,0.12118085,0.0061617544,0,0.1404996
4zbc_GLC_B_407,0.081255711,0,0.14032669,0.12197253,9.5312856e-07,0,0.13729048
4zdz_TPF_A_602,3.7063607e-05,0.99033853,0.11901976,0.12085548,2.6890642e-05,0,0.17831415
4zhd_4OZ_A_202,0,0.79465962,0.12201135,0.1215845,1.0505516e-06,0.15770846,0.17631668
4zhd_4OZ_B_202,0.017621969,0.61909143,0.12626246,0.12190388,0.017091423,0.11372236,0.16801302
4zib_4OG_A_512,0.078209433,0.97114356,0.12906372,0.13424292,0.81063047,0,0.19945045
4zjz_BEZ_A_1001,0.99225216,0.98938959,0.14690587,0.14701428,0.99169519,7.8630469e-08,0.17170469
4zo7_BGC_A_801,0,0,0.14915297,1.8143341e-45,0.99254537,3.6809133e-06,3.7122335e-06
4zo7_BGC_A_802,0.9834413,0,0.15647737,0.13181996,8.2086896e-07,0,0.10375043
4zo7_BGC_A_805,0.76289475,0,0.15252921,0.12941268,6.2179074e-07,0,0.11194956
4zo7_GLC_A_806,0.99400109,0.8277337,0.14524645,0.15077879,0.99503436,0.99505388,0.19497001
4zqp_IMP_A_601,0.99112463,0,0.16593326,0.14603938,0.91449427,0,0.13141962
4zsy_RW2_A_502,0,0.93005886,0.13031198,0.13616697,0.98971159,1.0114213e-05,0.20625597
4zsy_RW2_B_502,0,0,0.13887206,0.1210856,0,0,0.14031125
4zsy_RW2_D_502,0,0,0.13887206,0.1210856,0,0,0.14031125
4zu3_4SD_A_301,0.9567195,0,0.15970048,0.14745258,0.81227243,0.91686176,0.15669282
4zu3_4SD_B_301,0.93852138,0.17594275,0.15684376,0.14884492,0.91529896,0.92761038,0.16758833
4zu3_4SD_C_301,0.030118337,0.85692165,0.12716849,0.13901622,0.93362789,0.91729175,0.22774663
4zu3_4SD_F_301,0.98242217,0.90510997,0.14275008,0.1484696,0.87708507,0.90208511,0.19201434
4zvv_GN0_A_405,0.40960682,0.7820357,0.14050345,0.14050752,0.97904804,0,0.18502171
4zvv_GN0_B_404,0.81865592,0,0.16367094,0.14540861,0.99547552,0,0.14030688
4zvv_GN0_D_403,0,0,0.14885523,0.13622965,0.97973805,0,0.17026051
4zvz_4TF_A_503,0,0.95377214,0.11862441,0.12177945,0.0037835134,0.20156242,0.18393553
5a02_GOL_A_1341,0.9922155,0.86432338,0.13927978,0.13173407,1.4487754e-05,0,0.13675409
5a02_GOL_C_1341,0.99558525,0.84873149,0.13968408,0.13176629,0.00066432178,0,0.13590349
5a02_GOL_D_1341,0.99496701,0.58751,0.144906,0.13180886,7.2261559e-06,0,0.12586738
5a02_GOL_E_1341,0.99371558,0,0.15668584,0.13196933,0.0024088277,0,0.10344208
5a02_GOL_F_1342,0.99547269,0.84756922,0.13970051,0.13175395,1.3083337e-05,0,0.1358326
5a2r_MLT_A_1615,0,0.90303237,0.12009282,0.12248114,0.048298263,0.20484856,0.18336332
5a66_3PO_A_1000,0.98577299,0.80998541,0.14028158,0.13165828,0.00010782283,0,0.13475277
5a66_3PO_B_1000,0.99077318,0.93241025,0.13918314,0.14478476,0.61127011,0.99438689,0.18735601
5a7p_6Z1_A_1361,0.92192178,0.91689295,0.13683017,0.13108124,0.0011269688,0.0008652919,0.14230014
5a7p_6Z1_B_1361,0.9926639,0,0.15665578,0.13194081,0.001306454,0,0.10344748
5a86_D7E_A_1433,0.98957987,0.98934574,0.14685942,0.1469859,0.99174548,0,0.17180389
5a86_D7E_B_1432,0,0.99396087,0.11894623,0.12085386,2.7101685e-06,0,0.17845379
5a8k_COM_A_556,0,0,0.13887206,0.1210856,0,0,0.14031125
5a8k_COM_D_555,0,0,0.13887206,0.1210856,0,0,0.14031125
5a8k_TP7_A_558,0,0.98155333,0.12440145,0.1398795,0.99548915,0.98938108,0.23767223
5a8k_TP7_D_554,0,0.97442664,0.1244744,0.1397896,0.98925938,0.99067126,0.23724648
5abz_Z47_A_201,0.98239623,0,0.16581676,0.14600441,0.91839536,0,0.13186336
5abz_Z47_B_201,0.18177379,0,0.14563379,0.12888997,0.36599928,0.046642822,0.14605475
5ack_SVQ_A_600,0.98842987,0.78258648,0.15041385,0.14615708,0.93581828,0,0.1622028
5adi_TUE_A_800,0.99028658,0.98303656,0.13669224,0.13181254,1.5762146e-06,0.0039974334,0.14240658
5adi_TUE_B_800,0,0.98780125,0.11906971,0.1208553,2.8514416e-06,0,0.17821743
5aew_BNL_C_462,0,0.99458514,0.11893659,0.12086375,0.00053173872,0.00050467566,0.17850885
5af9_SJR_H_1250,2.8190952e-07,5.5768495e-07,0.1487573,0,0.97465303,0,0.17008245
5ag5_DLR_A_1422,1.8081241e-05,0,0.1388725,0.12108598,1.1351478e-05,0,0.14031092
5agl_CCW_A_800,0.92788286,0.95427018,0.14131967,0.13852589,0.48746632,2.7391898e-06,0.15733651
5agl_CCW_B_800,0.82902421,0.95835841,0.13525447,0.13227982,0.12736723,0.078739337,0.15338419
5agn_4JK_A_800,0,0.95312571,0.11860621,0.1217158,5.6689466e-06,0.199963,0.18375173
5aov_GLV_A_1336,0,0.92334261,0.11924615,0.12169104,0,0.1920196,0.18235415
5aov_GLV_A_1356,0.25342018,0.94675033,0.12353603,0.12428804,6.9610012e-06,0.1460743,0.17251312
5av2_KMP_A_300,0.99688126,0,0.15671797,0.13196666,6.8713438e-07,0,0.10325078
5av3_KMP_A_300,0.99742038,0.97086888,0.13708861,0.131875,7.4367066e-07,0,0.14152772
5av4_GEN_A_400,1.1952507e-06,0.91708029,0.13055672,0.13614645,0.98818979,0,0.20571106
5awd_IDQ_A_901,5.1274426e-06,4.1607498e-09,0.13887266,0.12108641,4.8913406e-05,0,0.14031255
5b4o_6DQ_A_201,3.9933693e-06,0.93239412,0.1267331,0.13080826,0.64306672,0,0.19574867
5b4o_6DQ_C_201,1.2912694e-06,0.93000866,0.12642168,0.1302639,0.6078156,0,0.19457965
5b4u_MLA_A_302,0,0.93913408,0.11890682,0.12170412,0,0.19623018,0.18309505
5bk9_SIN_A_301,0.99492289,0,0.16630838,0.14626319,0.9277497,0,0
5bkd_RCF_A_503,0,0,0.13887206,0.1210856,0,0,0.14031125
5bkd_RCF_B_503,0.78975612,0,0.15301007,0.12970586,0,0,0.11095093
5bwd_FUM_A_901,0.025442201,0,0.14869376,0.13557151,0.91919363,0,0.1674639
5bwr_4VT_B_402,2.370869e-05,0,0.13887249,0.12108587,3.847832e-07,0,0.14031038
5c38_DA8_A_403,0.8342698,0.96315662,0.13416884,0.13020942,1.167558e-05,0.03083059,0.14820915
5c4i_TPP_F_402,0.12796442,0.93954369,0.12201453,0.13298579,0.45696125,0.99588867,0.2150333
5c7v_PYC_A_804,0.0094924231,0,0.14898667,0.13627507,0.97596914,1.7462792e-05,0.16979292
5c8w_PCG_C_302,0.98628668,0,0.16686448,0.1472429,0.99725159,0,0
5c8w_PCG_D_302,0,0,0.14901242,0.13646812,0.99516523,0,0.17073209
5c8w_PCG_E_302,0.90661575,0,0.16525833,0.14638805,0.99672699,0,0.1370751
5c8w_PCG_F_302,0,0,0.14903815,0.13650714,0.99769005,0,0.17080928
5cak_4Z9_A_802,0.97813324,0,0.1605007,0.14855965,0.88575084,0.8155807,0.81595932
5cga_KP6_A_301,0.99670158,0.98172379,0.14712545,0.14704378,0.99034609,0,0.17120386
5cga_KP6_C_301,0.99698746,0.98213717,0.14709929,0.14701193,0.98809012,0,0.17114014
5cga_KP6_E_301,0.99686063,0.96607774,0.14664107,0.14583426,0.91174818,0,0.16819491
5cga_KP6_F_301,0.99586843,0.9762993,0.14717563,0.14696973,0.98606218,0,0.17089572
5cga_KP6_H_301,0.99648687,0.98654367,0.1470363,0.14705748,0.99145683,0,0.17143076
5ci9_549_A_401,0,0.00047604393,0.13886252,0.1210855,3.1141058e-07,0,0.14032953
5ci9_549_A_402,0.91531654,0.98041395,0.13533073,0.13104786,2.0183795e-06,0.018737629,0.14551983
5cjn_52F_A_809,0.99020367,0,0.1594128,0.13616306,0.27620025,0,0.11194207
5cmb_GLY_A_301,0,0,0.14406561,0.14019457,0.99882663,0.99879572,0.20038638
5cpn_531_A_401,0.9526016,0.95912631,0.13670922,0.13127708,0.0011261313,0,0.14173706
5cpn_531_B_401,0.99198861,0,0.15664573,0.13193653,0.0015063447,0,0.10347869
5cr1_STL_B_201,0,0.99110272,0.1190035,0.12085449,2.3943964e-07,0,0.17834404
5cyf_FLC_A_301,0.98374886,0.95465406,0.13844565,0.134215,0.14918866,0.054130598,0.14741777
5cyf_FLC_C_301,0.99120391,0.97583711,0.14401122,0.14291726,0.71267358,0.061009297,0.16449881
5d41_57N_A_1103,0,0.98561914,0.11911343,0.12085576,0,0,0.1781336
5d9w_ASC_A_301,0.19998192,0,0.14692686,0.13094123,0.47769333,0.085084852,0.14980623
5dav_58J_A_402,0,0.99097036,0.1291398,0.13622685,0.99450685,0,0.20873968
5ddu_PMP_D_601,0.99385418,0.99089148,0.13725507,0.13316168,0.078194155,0.034893939,0.14579762
5del_D59_A_603,0.54678837,0.97301067,0.1391318,0.14196189,0.97914902,3.7770101e-08,0.18725339
5del_ORO_A_602,0,0.85510364,0.12093607,0.1220743,0.026322163,0.18376768,0.18022185
5did_5CK_A_601,0.99497961,0.99718757,0.14326845,0.14168749,0.64527221,0,0.16131285
5did_5CK_B_601,0,0.99679055,0.12108546,0.12418438,0.21551187,0,0.1851502
5die_5CJ_B_601,0,0.98932259,0.12659475,0.13231639,0.74149651,0,0.20094227
5dky_NOJ_A_1000,0,0.99009643,0.12419239,0.13987339,0.99409784,0.994114,0.23809753
5dmm_HCS_A_505,0.55866903,0.48373169,0.13918454,0.12708483,0.0009088102,0,0.13813461
5dne_ASN_A_601,0,0.98411263,0.12432789,0.13992981,0.99699319,0.99691052,0.23803913
5dne_ASN_B_601,0,0.97875276,0.12441486,0.13985863,0.99318145,0.9932311,0.2376081
5dne_ASN_C_601,0,0.98503793,0.12429018,0.1398587,0.99329093,0.99319027,0.23785142
5dne_ASN_D_601,0,0.9763926,0.1277162,0.13748485,0.99412384,0.34306394,0.2183157
5dnx_5LD_A_203,0.93684412,0.97989056,0.13576937,0.13130622,0.0023865991,0.015065451,0.14466285
5dnx_5LD_B_205,0,0.91687414,0.12373674,0.12579461,0.3184792,0,0.18523105
5dw3_TRP_B_402,0,0,0.13953494,0.12209155,0.065077692,0,0.14230143
5dz2_212_A_404,0.98873409,0.9652972,0.1371275,0.13194616,0.0098241803,0.0032976317,0.14204035
5dz2_212_B_404,0.99036767,0.94835662,0.14759342,0.14684962,0.98175431,0,0.16989626
5dzh_5KG_A_900,0.98964519,0.96594865,0.13704729,0.13179184,0,0,0.14163248
5dzh_5KG_B_901,0,0.98898475,0.12377206,0.12802428,0.46381498,0,0.19244095
5e4o_L57_B_201,0.98319123,0.97697248,0.14383548,0.14212907,0.68185981,0,0.16209379
5e4r_40E_A_504,0.66599474,0.94907426,0.13218643,0.13025158,0.10567557,0.10164419,0.15910499
5edh_5MF_A_803,0,0,0.13887285,0.1210868,7.7184361e-05,0,0.14031361
5edh_5MF_B_803,0,0,0.14901374,0.13647011,0.99529393,0,0.17073603
5edh_5MF_C_803,0.98998004,0,0.16691132,0.14725431,0.99538012,0,0
5edh_5MF_D_803,0,0,0.13887207,0.1210856,1.1401345e-08,0,0.14031125
5eo7_SFU_A_401,0,0.90897838,0.12602153,0.13855162,0.94221486,0.84749629,0.22906204
5eo7_SFU_A_402,0,0.93662884,0.12504557,0.13934624,0.96358229,0.97562604,0.2345661
5eo7_SFU_A_403,0.01341422,0.93299468,0.11929244,0.12183547,0,0.19183067,0.18222794
5eo7_SFU_A_405,0.86463364,0.95290717,0.14003123,0.14806816,0.9272411,0.93477357,0.20072754
5eo7_SFU_B_402,0.97909445,0.94413689,0.14262376,0.15056711,0.99336824,0.99612178,0.19997172
5eo7_SFU_B_403,0,0.92059197,0.12335629,0.13174271,0.56777105,0.57034555,0.2098639
5eo7_SFU_B_405,0,0.95929019,0.12494408,0.13971034,0.99098463,0.96087899,0.23583717
5eo7_SFU_C_401,0.84803217,0.8047914,0.1420872,0.14685211,0.86090734,0.92278691,0.19327862
5eo7_SFU_C_402,0,0.90657278,0.12538407,0.13911149,0.94458545,0.98974494,0.23324962
5eo7_SFU_C_404,0.96825835,0.98627008,0.13628298,0.13174229,0.0090471548,0.012813012,0.14387667
5eo8_TFU_A_401,0,0,0.1440338,0.13969494,0.97604573,0.95865219,0.19850263
5eo8_TFU_A_403,0.9876577,0,0.16164763,0.15060671,0.97962171,0.97937038,0.16250716
5eo8_TFU_A_404,0,0,0.14405245,0.13985517,0.98362263,0.97038637,0.19908132
5eo8_TFU_A_405,0,0.84348533,0.12699629,0.13970316,0.98085887,0.99417401,0.23206852
5eo8_TFU_A_406,0.89876625,0,0.15746774,1.6346823e-37,0.83137131,0.97765486,0.9789705
5eso_ISC_A_602,0.98798575,0.83818863,0.14658406,0.14951347,0.99596121,0.66531517,0.18587016
5ew8_5SF_A_803,0.98966429,0.96646893,0.14729948,0.14696172,0.98977639,0,0.17086268
5ew8_5SF_B_802,0.9519242,0.9640563,0.14666139,0.14653391,0.98871276,0,0.17214062
5ewc_5SJ_A_801,0.99223491,0,0.16691469,0.14722314,0.99176909,0,0
5ezp_IPJ_A_201,0.98673532,0.98455747,0.13659238,0.13177765,6.617497e-08,0.0051337386,0.14263118
5ezp_IPJ_F_201,0.99677704,1.7026874e-07,0.15774743,0.13353001,0.10121426,0,0.10634862
5ezp_IPJ_G_202,0.99217538,0.98536504,0.13667792,0.13183366,6.8820985e-07,0.0042289754,0.14243426
5f35_FLC_A_302,0.97670893,0.89337888,0.13836206,0.13160023,3.4505883e-06,0,0.13878624
5faj_DCS_B_401,0,0.9597297,0.12973948,0.13619378,0.99189618,0,0.20746104
5faj_DCS_D_401,0,0.97271179,0.11818529,0.12173192,0,0.20518321,0.18467044
5fal_SKT_A_502,0,0,0.1490246,0.13648659,0.9963605,0,0.17076863
5fay_CHT_A_908,0.98010434,0.96037222,0.14725657,0.14686791,0.99036631,0,0.17100216
5fay_CHT_B_906,0.98960278,0.96335208,0.14741895,0.14704989,0.9954769,0,0.17091961
5fc5_PC_A_516,0.98828868,0.93064361,0.14676771,0.14509629,0.86952398,0,0.16586309
5fe1_12Q_A_901,0.99711882,0.99322233,0.14690216,0.14704528,0.99032203,0,0.17162886
5fe1_12Q_B_901,0.99708093,0.99310914,0.14687331,0.14699872,0.98733452,0,0.17153461
5fe4_5WY_A_903,0.9972424,0.99298581,0.13697262,0.13260479,0.042694497,0.021344798,0.14430748
5fe4_5WY_B_904,0.99617209,0.99050938,0.13689053,0.13179154,0.0041152133,0,0.14141294
5fes_9SE_A_409,0.00058938415,0.97577998,0.12061838,0.12283222,0.12730118,1.186284e-07,0.18162555
5fh3_OXL_A_703,0.99741032,0.68061426,0.1441974,0.13350491,0.10940755,0,0.13269578
5fiu_Y3J_A_1299,0,0.68544196,0.13027604,0.13985862,0.98959908,0.98968506,0.22613813
5fiu_Y3J_B_1299,0,0.78350732,0.12833388,0.1398338,0.99027605,0.98630665,0.22982208
5fkl_TDC_A_222,0,0.93251321,0.11904909,0.12169864,0,0.19446482,0.18278441
5fli_QUE_C_301,0,0,0.14875983,0.13608493,0.97037544,0,0.1699743
5fli_QUE_D_301,0,0,0.14836058,0.1354793,0.93119399,0,0.16877658
5fli_QUE_E_301,0.99697999,0.99193769,0.13662754,0.13188796,0,0.0049917616,0.1425352
5fli_QUE_G_301,0.82699134,0,0.16307628,0.14437116,0.92247166,0,0.13776537
5fli_QUE_H_301,0,0.99093803,0.1190068,0.12085452,0,0,0.17833771
5fli_QUE_K_301,0.99383522,0,0.16623101,0.14644703,0.93895326,0,0.13206653
5fp9_4SV_A_1342,0.99651004,0.95046191,0.13756181,0.13195094,0.0061118203,0,0.14085783
5fqf_NGA_A_1589,0.51472543,0.97663452,0.127836,0.12697087,3.0577442e-05,0.1002383,0.16263624
5fqf_NGA_B_1585,0.9868576,0.97254082,0.14217368,0.15054944,0.98856648,0.99025395,0.20045275
5fqf_NGA_B_1586,0.11588472,0.97927225,0.12023602,0.12291606,3.8888974e-06,0.18306867,0.17997593
5fuv_THM_A_1388,0,0,0.14902142,0.13648176,0.99604766,0,0.17075907
5fv3_OGA_A_1770,0.99799561,0.98032821,0.13689704,0.13189028,9.6099507e-05,0.0017234006,0.14195057
5fwd_GJV_A_1446,0.97693357,0.98077474,0.14174435,0.15008455,0.9703424,0.97039775,0.19999327
5fzn_FB2_A_1615,0.92541509,0.99330165,0.13526985,0.13121056,0.0029536857,0.021209238,0.14580847
5g03_OE2_A_1263,0,0.95915618,0.1182706,0.12281156,0.040872468,0.35866923,0.18897624
5g09_6DF_A_1475,0,0,0.14123693,0.12515474,0.25308546,0.041424702,0.14931446
5g09_6DF_B_1474,0.98969785,0.97162296,0.14227373,0.15064862,0.99251462,0.99214345,0.20048851
5g09_6DF_D_1476,0.9898245,0,0.15978535,0.14783674,0.79698222,0.98739362,0.15708088
5g0v_JDD_B_1271,2.0925589e-10,0.91805016,0.11936006,0.12168703,2.2011629e-05,0.19061676,0.18210673
5g44_I6G_A_1510,0.99529456,0.0014132077,0.16691969,0.14722962,0.98994113,0.00043261275,0.00043100361
5g44_SWX_A_1511,1.3399904e-05,0.95621643,0.11854002,0.12171843,2.076966e-06,0.20078298,0.18389602
5g44_YTZ_A_1512,0.00010079617,0.98901905,0.12817723,0.13470616,0.89602537,0,0.20565061
5g4r_LF1_A_1739,0.93962611,0.9900072,0.14231816,0.14092825,0.6351329,0,0.16278521
5g6g_H8B_A_1367,0.99125968,0.98773209,0.13660973,0.1318263,2.3138427e-07,0.0050485227,0.14258482
5g6i_M85_A_904,0.96293771,0.98884147,0.13605029,0.13153923,4.55622e-06,0.011178575,0.14385964
5g6k_M94_A_904,0,0.98335847,0.11915885,0.12085644,9.852619e-06,0,0.17804715
5gnx_BGC_A_502,0,0.012735073,0.13948544,0.1224013,0.085306647,0,0.14340966
5goo_FRU_B_501,0,0,0.13887209,0.12108565,2.9199673e-06,0,0.14031134
5goo_FRU_C_501,0.99390848,0,0.15666475,0.13193421,4.083696e-07,0,0.10336128
5gri_CIT_B_401,0.71560247,0.55984175,0.14075301,0.12921208,0.028861052,0,0.13607538
5gto_MYR_A_502,0,0.91446168,0.11943699,0.12168369,0,0.18965163,0.18193748
5gwt_SIN_A_302,0.99381726,0.21048408,0.15260446,0.13212821,0.015791442,0,0.11192455
5gwt_SIN_B_302,0.99454225,0.21047902,0.15273118,0.13230852,0.026944133,0,0.11223833
5gwt_SIN_D_301,0.99502357,0.48420553,0.14748568,0.13260379,0.049835931,0,0.12342424
5gwx_SAR_A_302,0,0.89604445,0.12521208,0.13670835,0.82752785,0.82748064,0.22446786
5gzz_GSH_C_301,0.9453332,0.89594864,0.13771342,0.13128318,2.5837688e-08,0,0.14026109
5gzz_GSH_D_301,0.98052436,0.83232286,0.13973847,0.13159414,1.8636896e-07,0,0.13580269
5gzz_GSH_E_301,0.89858757,0.92094639,0.13629218,0.13082844,0,0.0063258218,0.14345182
5gzz_JAA_A_601,0,0.80081838,0.12187956,0.12159068,6.5754048e-05,0.15937505,0.17660827
5h24_LQG_A_501,0.99173182,0.9911564,0.1365451,0.13183399,3.2715486e-06,0.0058654852,0.14272523
5h5k_C5P_A_206,0,0.97518633,0.12492128,0.12935121,0.54945172,0,0.19452925
5h5k_C5P_B_203,0.98619093,0.98134925,0.14200118,0.13942988,0.50518412,0,0.15674949
5h8f_GLU_A_302,0,0,0.13887206,0.1210856,0,0,0.14031125
5h8q_5YE_B_302,0.98891678,0.99544219,0.14674626,0.14700898,0.99379881,0,0.17212525
5h8q_GLU_A_302,0,0,0.13887206,0.1210856,0,0,0.14031125
5ha7_WY1_A_402,0.59192995,0.97798684,0.12986816,0.12732633,0.00050580634,0,0.15585034
5ha7_WY1_B_402,0,0.97731341,0.11808823,0.12173932,0.00021459129,0.20649123,0.18489505
5hc0_NPO_A_407,0.0024416399,0.94634404,0.11879806,0.12173492,0,0.19764979,0.18332792
5hfa_FP1_A_607,0.00070349745,0.99142359,0.11806424,0.12172628,0.0012453548,0.20405309,0
5hgz_MLA_A_302,0.87498562,0.95220147,0.14474211,0.14452072,0.9124851,0.00057554326,0.17223285
5hgz_MLA_A_303,0.97848244,0.6770346,0.14281612,0.13160795,0,0,0.12991544
5hpu_IPH_C_101,0.99534277,0.97854959,0.13688427,0.13186023,3.1054782e-07,0.0017592983,0.14197775
5hss_64Z_E_402,0.90557479,0.86807189,0.14057517,0.13678542,0.35492486,0.12485951,0.155088
5hss_650_B_402,0.99662284,0.94607063,0.13760651,0.13184658,1.3837209e-05,0,0.1403992
5hss_650_C_401,0.99721166,0.96225441,0.14031949,0.13612396,0.28323102,3.2362723e-05,0.14882318
5htd_MYR_A_201,0.98150334,0.97166517,0.13677968,0.13173189,0.0010852526,0.0031835797,0.14229624
5hxi_5HN_A_403,0.99486855,0.98846321,0.14366628,0.1420298,0.6673586,2.5978356e-05,0.16165811
5hyv_TPP_A_701,0.85123816,0.96544375,0.1345215,0.130543,0.009534525,0.031543164,0.14797083
5i0d_GLC_A_1124,0.90418987,0.9889307,0.13493733,0.13094185,7.9565379e-06,0.023302167,0.14639997
5i0m_UMP_A_201,0.98195797,0,0.1637547,0.14288346,0.71679683,0,0.12571706
5i0m_UMP_B_201,0,0,0.14361697,0.12983618,0.53329478,0.14727221,0.16069774
5i3p_68T_A_1003,0.63926864,0.93984835,0.1399802,0.14074615,0.83469176,0,0.17812686
5i5s_NVU_A_402,0.96649614,0.99177429,0.1442384,0.14345856,0.77987337,4.0015315e-05,0.16627979
5i5s_NVU_B_402,0.99564549,0.99177946,0.13660874,0.13188023,0.00035780691,0.0053595602,0.14259992
5i5t_67X_A_402,0.96197103,0.990089,0.13781778,0.1350957,0.21340523,0.092321204,0.15262914
5i5t_67X_B_402,0.99593959,0.98907564,0.13667015,0.13187655,9.2281678e-05,0.0044777549,0.14244958
5i8s_LEA_A_202,0.99427968,0.98192232,0.14103174,0.14880837,0.8744518,0.97501359,0.19659772
5i8z_JA1_A_302,0.98746334,0.97862476,0.14695293,0.1468386,0.9835488,0,0.1712206
5i93_69O_A_202,0.67255295,0.98940062,0.13378168,0.13928679,0.56977725,0.6215499,0.18907711
5i95_AKG_A_508,0.8047017,0.92387108,0.13445377,0.12987607,6.5355906e-06,0.026442946,0.14764214
5i9m_69K_A_302,0,0.98917837,0.12363971,0.12744916,0.42843656,0.00072155336,0.00071310436
5i9m_69K_B_302,0.99556728,0.9888055,0.14082284,0.13772351,0.38810506,0.00074760597,0.15313021
5i9m_69K_C_302,0,0.9894816,0.12934727,0.13608654,0.98740314,0.00062968485,0.00061655009
5iav_MLI_A_302,0.98892606,0.64405971,0.15094418,0.14277446,0.71451342,0.00011500955,0.1501069
5iav_MLI_B_302,0,0.62897078,0.12557172,0.12144729,0,0.11352943,0.1685429
5ihe_D5M_A_701,0,0,0.13887229,0.12108595,2.2519875e-05,0,0.14031194
5ihe_D5M_B_701,0.56347226,0,0.14896181,0.12723992,0.00025643383,0,0.11937119
5ijz_AKG_A_502,0,0,0.13887206,0.1210856,0,0,0.14031125
5ijz_AKG_B_502,0,0.69949005,0.12406454,0.12152173,0.00096094983,0.13269541,0.17189054
5ijz_AKG_D_502,0.99187262,0.80909723,0.14605592,0.14029909,0.55462288,0.00077328412,0.15146238
5ijz_AKG_E_502,0.97827861,0.90479394,0.13814643,0.13162559,0,0,0.13925391
5in3_G1P_A_416,0.98500283,0.98369825,0.14675158,0.14673709,0.97856571,0.00096699054,0.17138304
5ioq_DUR_B_302,0.00010326938,0,0.1388778,0.12109262,0.00038103628,0,0.14031906
5ioq_DUR_B_303,0.94775038,0,0.15583844,0.13143038,1.3671399e-09,0,0.10507727
5ioq_DUR_C_302,0.76390532,0,0.1525473,0.12942371,9.8145322e-07,0,0.111912
5ioq_DUR_D_302,0,0,0.13887668,0.12109261,0.00045323262,0,0.1403251
5ip6_6C9_A_301,0.88842373,0,0.1639845,0.14475117,0.90367597,0,0.13490697
5irw_D9P_A_202,0.92349947,0.96752547,0.13881437,0.14567407,0.73171199,0.93181556,0.19303553
5irw_D9P_B_202,0.92073588,0.97439807,0.14094173,0.14970168,0.98274255,0.98057083,0.20251775
5ita_6DC_A_801,0.97928989,0.98794143,0.14673537,0.14692247,0.99488663,0,0.17222856
5ita_6DC_B_801,0.51378784,0.98211419,0.13848082,0.14178506,0.99114931,0,0.18919641
5iuy_BOG_C_503,0.084318658,0.97060563,0.11983135,0.12259982,0.00072106536,0.18752945,0.18096108
5ivg_FPS_A_704,0,0.91136301,0.11961936,0.12190887,0.013631731,0.19397472,0.18234587
5ivg_FPS_B_704,0,0.90848534,0.11957102,0.12168978,0.00066076776,0.18830772,0.18168392
5ivg_FPS_C_704,0,0.95714237,0.12737565,0.13252988,0.75482214,0,0.20011472
5ivg_FPS_D_704,0,0.94506983,0.11877927,0.12170903,0,0.19781287,0.18337354
5j4k_6FZ_A_404,0.98689663,0.96632288,0.14188326,0.14751073,0.84280335,0.77593065,0.18941766
5j5i_6GM_A_302,0.86870557,0.99500192,0.14460915,0.14570616,0.99439326,0,0.17659555
5j5i_6GM_A_303,0,0.98802078,0.12920343,0.13623436,0.994948,0,0.20863998
5j5i_6GM_B_302,0.95485162,0.99110342,0.14624937,0.14667754,0.99634598,0,0.17330304
5j5i_6GM_C_302,0.94990699,0.99640057,0.14603934,0.14659909,0.99484226,0,0.17364417
5j5i_6GM_E_302,0,0.98878924,0.12880263,0.13564956,0.95712634,0,0.20751331
5j5i_6GM_F_302,0,0.99197501,0.11898602,0.1208543,1.1065327e-06,0,0.17837754
5j5i_6GM_G_302,0.89147907,0.98368478,0.14524865,0.14596486,0.99487807,0,0.17532945
5j5i_6GM_I_302,0.96099703,0.9960377,0.14627205,0.14676104,0.99748265,0,0.17329867
5j5i_6GM_I_303,0,0.98261416,0.11917367,0.12085646,7.1498723e-10,0,0.17801829
5j61_A3G_A_501,0.98920645,0.98003429,0.13516935,0.13999337,0.30661128,0.97969112,0.17949411
5j61_A3G_B_501,0.95025229,0.96542331,0.13652975,0.14194826,0.46672228,0.95296519,0.18448548
5j61_A3G_C_501,0,0.98354299,0.12807819,0.13595659,0.94384045,0.13912076,0.21102077
5j61_A3G_E_501,0,0.97138985,0.11821369,0.12173083,0,0.20483074,0.18460841
5j61_A3G_F_501,0,0.96691498,0.12448599,0.13946107,0.97041666,0.9800483,0.23606802
5j61_A3G_G_501,0,0.97690648,0.11744813,0.12895333,0.2935875,0.96821125,0.21541157
5j61_A3G_H_501,0,0.97603713,0.12432785,0.1394485,0.97075508,0.97578423,0.2363023
5j6y_GLC_A_309,0,0,0.13941306,0.12190647,0.053104879,0,0.14193502
5jdv_EVF_B_302,0.9943729,0.98593701,0.14707159,0.14712846,0.99750222,0.00012677624,0.17167462
5je1_TOF_A_302,0.0032439393,0,0.14909276,0.1365373,0.9973506,0,0.1706783
5je1_TOF_B_302,0.0033249225,0,0.14909057,0.13653267,0.9969934,0,0.17066437
5je5_AZ9_A_302,0.00041595415,0,0.13887951,0.12109014,0,0,0.14029578
5je7_EVF_B_302,0.99305987,0.99127975,0.14694644,0.1471219,0.99807033,0.0001914125,0.17194773
5jeh_EVF_B_302,0.99037332,0.9302559,0.14756808,0.1462721,0.94396135,0.00064479874,0.16806524
5jep_EVF_B_302,0.99295943,0.99046955,0.14198476,0.1508001,0.99872965,0.9987308,0.20147531
5jep_EVF_B_303,0.45918749,0.96962177,0.13032285,0.13571183,0.51415964,0.51514023,0.19140274
5jg5_EVF_B_301,0.992079,0.98036964,0.1471348,0.14709386,0.99679406,0.00014915668,0.17152527
5jg5_EVF_B_302,0,0.98420915,0.1231729,0.12697261,0.39567733,0.00011921058,0.19017834
5jj2_MLI_A_301,0.9768498,0.95185752,0.1456947,0.14657018,0.92516581,0.20238548,0.17478947
5jj2_MLI_A_302,0.88094184,0.86098166,0.13724762,0.13060053,7.2630691e-05,0,0.14140309
5jj2_MLI_A_305,0.024031921,0.2272155,0.13467166,0.12138336,0.001456144,0.0020078696,0.14871523
5joy_6LW_A_602,0,0.95993939,0.11846003,0.12172191,3.3946291e-05,0.20179045,0.18407256
5joy_6LW_B_602,0.0075773133,0.93147422,0.11921477,0.12177493,5.2882408e-06,0.19262931,0.18240878
5jp9_DCM_B_401,0.9815708,0.92004257,0.14800704,0.14676549,0.98209601,0,0.16914721
5k2c_ZMA_A_1201,0,0.99248909,0.12891131,0.13550933,0.95025355,0,0
5k5m_68T_A_1003,0.33246179,0.94907178,0.12514396,0.12541437,0.01919026,0.13766186,0.1699893
5kas_PC_A_517,0,0.93784104,0.1189346,0.12170305,0,0.19588541,0.18303438
5kcj_GLU_A_302,0,0,0.13887206,0.1210856,0,0,0.14031125
5kcp_PFB_A_379,0.98490993,0.044106051,7.0490077e-68,0.13550183,0.010325126,0.97073759,0.1346046
5kcp_PFB_B_378,0,0.95406069,0.12975445,0.13563089,0.95752684,1.687954e-07,1.9108277e-07
5kjw_53C_A_800,0.94584594,0.98725683,0.14381262,0.14301127,0.7654594,0,0.16643234
5kjz_PCG_A_401,0.9532402,0,0.15593671,0.1314903,0,0,0.10487317
5kmj_6UF_A_901,0.00087032259,0.99438944,0.11418775,0.12438647,0.00062762797,0.95625447,0.20674106
5kts_CIZ_A_402,0,0.023160639,0.13840776,0.1210802,0,0,0.14120002
5kxb_NGA_A_307,0.98461004,0.91079338,0.13673386,0.14043069,0.33543723,0.98670514,0.17809655
5kxb_NGA_B_305,0,0.91942647,0.11911661,0.12939689,0.32887604,0.9368291,0.21335632
5kxb_NGA_C_305,0,0.94395803,0.11811137,0.12911507,0.30038483,0.9815442,0.21474934
5kxb_NGA_D_301,0,0.95943679,0.1183105,0.12933376,0.32640348,0.93258687,0.21469062
5l1u_7PF_A_401,0,0,0.14900378,0.13645502,0.99431735,1.9992173e-06,0.17070624
5l1v_7PF_A_401,0,0,0.14404249,0.1401081,0.99431958,0.99422414,0.20011339
5l7u_NGA_A_601,0.17864294,0.98914271,0.12832842,0.14122136,0.99733982,0.81659209,0.22626799
5l9v_OGA_A_502,0.99676817,0,0.99628737,0.14613868,0.89997525,0.00036504976,0.00037146538
5l9v_OGA_B_502,0.99753535,0.84530028,0.13978743,0.13178379,0.00045241003,0,0.13568217
5la1_XYP_A_601,0.99594295,0,0.16663894,0.14729917,0.98693706,0.023796233,0.13415882
5la1_XYP_A_602,0.088004989,0.96419172,0.12276984,0.12432819,0.16214341,0.00015270078,0.17900065
5la2_ARB_A_606,0.046580092,0,0.14144016,0.12429546,0.1732959,0.0016919471,0.14406231
5lik_W8X_X_402,0.98541046,0.91823304,0.13799269,0.13170957,1.8965233e-05,0,0.13957735
5lqs_NTM_A_302,0.04883897,0.94638099,0.11971442,0.12228486,0.0046690651,0.1898683,0.18151647
5lu8_5KN_A_306,0,1.5998133e-06,0.13887239,0.12108615,3.5290489e-05,0,0.14031239
5lwy_OLB_A_402,0.7943107,0,0.15314316,0.12983379,0.0050600677,0,0.11093628
5lwy_OLB_A_403,0,0,0.13887206,0.1210856,0,0,0.14031125
5lwy_OLB_A_404,0,0,0.13887206,0.1210856,2.1533707e-15,0,0.14031125
5lwy_OLB_A_407,0,0,0.13887207,0.12108561,3.3360992e-07,0,0.14031126
5lwy_OLB_A_409,0,0.90933075,0.11954724,0.12167944,0,0.18828354,0.18169674
5m0e_7CR_A_922,0.89477815,0,0.16426603,0.14507503,0.92014125,0,0.13517406
5m0t_AKG_A_302,0.99488046,0.97201306,0.13701777,0.13185361,0.00020997059,0.00019082728,0.14169954
5m0t_AKG_B_302,0.99435051,0.92740159,0.13796629,0.13181112,0.00020001647,0,0.13962895
5m62_BGC_A_409,0,0,0.13892827,0.12117087,0.005516375,0,0.14047988
5m66_ADN_A_502,0.98782215,0.83674327,0.14499113,0.15051007,0.98751088,0.97249574,0.19464825
5m66_ADN_B_502,0.99174247,0.92244549,0.14342459,0.15066652,0.99594017,0.97340726,0.19807589
5m66_ADN_C_502,0.9892735,0.83591872,0.14479214,0.14979145,0.94776885,0.93974099,0.19237897
5m66_ADN_D_502,0.98273753,0.81170236,0.14075166,0.13261769,0.061282038,0,0.13718332
5mdh_MAK_A_335,0,0.84825966,0.12648468,0.13361369,0.70234831,0.50881286,0.20938204
5mdh_MAK_B_335,0.48841866,0.50144035,0,0.12625313,2.3498881e-07,1.1047746e-06,0.14157092
5mot_HBD_A_401,0.001269066,0.92876472,0.12980414,0.13533682,0.93509195,0,0.20448918
5mxh_GAL_A_401,0.11528099,0.92612869,0.12753559,0.14102327,0.9886336,0.98353369,0.2308771
5mxh_GAL_A_402,0.11106635,0.94048845,0.12724329,0.14089413,0.98743605,0.96685665,0.23105495
5mzj_TEP_A_2401,0.99759144,0,0.16670081,0.1470987,0.97845991,0,0.13313455
5mzp_CFF_A_2401,0.045077042,0.98745026,0.12029709,0.12197449,0.040571855,0,0.17776829
5n5k_HAE_A_306,0.26727682,0.96926924,0,0.13658515,0.83156046,2.486857e-07,0.19315964
5n63_8OW_A_401,0.98231541,0.90858496,0.14827243,0.14681023,0.98429197,0,0.16874698
5n8c_8Q8_A_403,0,0.5425519,0.13074684,0.12790233,0.39065277,0.23805394,0.1803583
5n8c_8Q8_B_403,0.78343251,0.97325276,0.13820634,0.13672194,0.47305032,0,0.16299434
5nh9_XLS_A_503,0.78732848,0.9841186,0.13428603,0.13261207,0.17136124,0.11081323,0.15817992
5nh9_XLS_B_503,0,0,0.14110775,0.12490065,0.23787657,0.035679627,0.14869661
5nh9_XLS_C_504,0.97912871,0.98372897,0.13797861,0.1346742,0.17804614,0.073735247,0.15015365
5nh9_XLS_D_504,0.97576516,0.98417865,0.13942224,0.13577243,0.27597213,0,0.15023896
5nj0_8YW_A_301,0.98833615,0.95160543,0.14747805,0.14680563,0.98039207,0,0.17005481
5njb_BB2_A_502,0.95977064,0.96036736,0.14649066,0.14603615,0.95091423,0,0.17055191
5njb_BB2_C_502,0.96875337,0.95452207,0.1468795,0.14630373,0.96179374,0,0.17032623
5o3b_9HZ_A_501,0,0,0.13887206,0.1210856,0,0,0.14031125
5o3b_9HZ_B_501,0,0,0.13887206,0.1210856,0,0,0.14031125
5o3b_9HZ_C_501,0,0,0.13887206,0.1210856,0,0,0.14031125
5o3d_9J5_A_501,0.9679773,0,0.16584931,0.14628796,0.94692149,0,0.13327141
5o3f_9HT_A_501,0,0,0.14716758,0.13332796,0.79377123,0,0
5o3g_9J8_A_501,0,0,0.1477654,0.13457643,0.87278345,0,0.16699105
5o3g_9J8_B_501,0.19507364,0,0.15170932,0.13739099,0.91711929,0,0.1610942
5o4j_9KH_B_302,0,0.96169539,0.11842611,0.12173086,0.00048254295,0.20242812,0.18417317
5o4j_9KH_C_302,0,0.96566868,0.11833868,0.12173012,0.00024096733,0.20339629,0.18434978
5o4k_9KE_A_405,0.94895827,0.92683115,0.13712291,0.13135457,0.00053507212,0,0.14157527
5o72_9MH_A_303,0.96568365,0.97380036,0.13642539,0.13155463,2.3224154e-10,0.006600854,0.14303523
5ocm_9RH_A_302,0.0016953332,0.98582706,0.12628716,0.13171677,0.70145434,0,0.19952107
5ocm_9RH_B_302,0.0016603815,0.91880368,0.12803942,0.13235287,0.74162006,0,0.19817821
5ocm_9RH_C_302,0.0016974413,0.91761066,0.11961172,0.1221172,0.024758382,0.19949403,0.18301773
5ocm_9RH_D_302,0.001855516,0.9926915,0.12651357,0.13226477,0.7368972,0,0.20086197
5ocm_9RH_E_302,0.9950276,0.94805926,0.14499604,0.14282484,0.71807757,0,0.16165137
5ocm_9RH_F_302,0.76143858,0.99175557,0.14013567,0.14056423,0.73743566,0,0.17260393
5oew_9TE_B_901,0.98736748,0.99412695,0.1422018,0.14010069,0.54794392,0,0.1585032
5oew_9TE_C_301,0.75081606,0.96287768,0.13259642,0.1293602,3.1051339e-09,0.047938243,0.15179809
5oew_GLU_A_301,0,0,0.13887206,0.1210856,0,0,0.14031125
5oew_GLU_C_302,0,0,0.13887206,0.1210856,0,0,0.14031125
5oip_9WE_A_302,0.93587628,0.98589462,0.14602585,0.14648947,0.99749967,0,0.17384386
5oir_9W8_A_302,0.45972074,0.88519895,0.13229873,0.13329523,0.41659568,0.24454107,0.17764336
5oo4_URI_A_201,0.97431333,0,0.16660741,0.14704684,0.99302518,0,0
5ooa_URI_A_201,0.98805986,0,0.16661292,0.14712016,0.98657926,0,0.1337371
5osf_A9E_A_404,0.94604718,0.98273034,0.13586213,0.13136231,3.9295155e-07,0.013025986,0.14430188
5r0i_SYV_A_2501,0.99776035,0.99338809,0.13661115,0.13189712,1.4983411e-06,0.0052183512,0.14256962
5r0j_RBJ_B_401,0,0.94617903,0.12955737,0.13550861,0.94736451,0,0.20557977
5r28_RDJ_A_401,0.9852464,0.97562402,0.13675665,0.13175602,5.437714e-05,0.0030789017,0.14227852
5r9o_54F_A_401,0.99296671,0.98521549,0,0.1441177,0.80689795,0,0.16605215
5r9u_JMM_A_401,0.98952802,4.6928444e-07,0.16624984,0.14654556,0.94836922,0,0.13251451
5sga_TYR_P_1,0,0.94206676,0.1188438,0.12170655,0,0.19701214,0.18323264
5syi_NIZ_B_805,0.95171259,0.86008703,0.13867255,0.13145187,0.0079905635,0,0.13862777
5t3h_BEN_A_302,0.99801722,0.99452993,0.14197344,0.15077795,0.99474533,0.99469528,0.20120193
5t63_ALA_C_1,0,0,0.13887206,0.1210856,0,0,0.14031125
5t6b_TMP_A_504,0,0,0.14876583,0.13609404,0.97096432,0,0.16999231
5t6b_TMP_B_504,0,0,0.14826031,0.13532719,0.92135352,0,0.16847577
5t6b_TMP_C_503,0.98733835,0,0.16536593,0.14524025,0.86546893,0,0.13006174
5t6b_TMP_D_503,0,0,0.13887208,0.12108563,1.5910565e-06,0,0.1403113
5t85_44G_L_301,0.011390865,0,0.13907612,0.12121015,1.3983781e-05,0,0.1398882
5tbo_78Z_A_1001,0.97538858,0.98144847,0.14668546,0.14671417,0.9840683,0,0.17179374
5tch_MLI_A_301,0.99560524,0.98119821,0.14604585,0.14540802,0.88528734,0,0.16801295
5tch_MLI_C_301,0.99645158,0.75480395,0.14229336,0.14348178,0.532318,0.94376677,0.1764187
5tch_MLI_D_501,0.99581503,0.41035373,0.14847255,0.13185933,7.6492707e-07,0,0.11903742
5tch_MLI_G_301,0.99705808,0.8127758,0.14206912,0.13486826,0.18721962,0.027925808,0.14173162
5tch_MLI_H_501,0.93544723,0.66183885,0.14792316,0.14847241,0.93353675,0.78947332,0.18282019
5tde_2HP_A_502,0.99540916,0.97430035,0.13869781,0.13629909,0.24861088,0.19945812,0.15419277
5tde_2HP_B_902,0,0.94934669,0.11876697,0.12186916,0.009372456,0.20249363,0.18395495
5tdt_MBN_A_502,0,0.18263659,0.13615338,0.12302629,0.11663416,0.038578499,0.15234011
5tdt_MBN_A_503,0.08580802,0.17139023,0.13871969,0.12527013,0.19925902,0.049119617,0.1514649
5tdt_MBN_A_504,0.99857112,0.098557181,0.1547725,0.13196219,5.042636e-06,0,0.10697014
5tdt_MBN_D_501,0.088836549,0.99120345,0.12604794,0.14070967,0.99751706,0.94349846,0.2334448
5tdt_MBN_D_502,0.97062039,0.23324648,0.151572,0.13162566,2.3893224e-06,0,0.11317777
5thu_B3N_A_404,0.83072565,0.9608277,0.13415179,0.1301713,3.0764625e-06,0.030936247,0.14825252
5thu_B3N_B_404,0,0.36454961,0.13125371,0.12122834,5.6350685e-07,0.043025399,0.1561369
5tix_OQR_A_302,0,0.97293635,0.11998902,0.12180127,0.060977967,0,0.17951093
5tlg_7EG_A_601,0.98490613,0.98939023,0.14670921,0.14683528,0.98530216,0,0.17178238
5tlg_7EG_B_601,0.9922672,0.9944011,0.14681324,0.14702475,0.99243756,0,0.17191913
5tm5_7EV_A_601,0,0.96033788,0.12953781,0.13590622,0.9733016,0,0.20691597
5tm5_7EV_B_601,0,0.93737523,0.11894461,0.12170266,0,0.19576121,0.18301253
5tvr_AKG_A_402,0.99076666,0.94842987,0.13744948,0.13179766,0.00053428109,0,0.14078383
5tvr_AKG_B_402,0.99751272,0.91276923,0.13834349,0.13183702,0.00055039333,0,0.13882016
5tzr_MLI_A_2403,0.97586197,0.93019761,0.13755575,0.13162384,0.00010712918,0,0.14055447
5u5g_7VD_A_302,0.88365286,0.91119604,0.13695253,0.14129901,0.4864854,0.88752517,0.18354902
5u5g_7VD_B_302,0.86719422,0.93180979,0.13854719,0.14422796,0.69592775,0.8537781,0.19035613
5u5g_7VD_C_302,0,0.88341962,0.12393302,0.13583139,0.74006961,0.95593109,0.22510922
5u5g_7VD_D_302,0.99126469,0.90543956,0.14199819,0.14757737,0.80504719,0.93606119,0.1905011
5u5x_TP5_A_302,0.99792246,0.98966674,0.14509127,0.14417788,0.8041954,0,0.16577291
5u8z_83D_A_602,0,0.94477862,0.11878553,0.12170879,0,0.19773522,0.18335988
5u8z_83D_C_602,2.5714219e-07,0,0.13887207,0.12108561,3.5625618e-07,0,0.14031125
5uap_82S_B_505,0.99603508,0.93715165,0.13803807,0.13232695,0.029566402,0.0017469611,0.14120667
5ud0_13P_B_405,0.99341643,0.7669521,0.14672647,0.14835276,0.8977546,0.74190483,0.18219795
5ud0_G3H_B_406,0,0,0.13887208,0.12108562,1.3249226e-06,0,0.14031129
5ud3_P6F_A_404,0,0.85110463,0.12086937,0.12177077,0.0083527538,0.17591355,0.17930423
5uda_CAE_A_502,0.47926931,0.9961013,0.12809574,0.12927903,0.15880663,0.17270744,0.17153029
5uda_CAE_B_502,0.50867144,0.9871517,0.12793503,0.12778252,0.051776905,0.1238362,0.16549318
5uim_TYD_B_403,0,0,0.14203769,0.1267298,0.3473614,0.077036912,0.15314434
5uio_8DM_A_202,0.98649564,0.96228972,0.14671146,0.14599507,0.92941387,0,0.1689749
5uio_8DM_C_202,0,0.9648822,0.12641343,0.13130379,0.67561793,0,0.19799057
5uio_8DM_D_202,0,0.97178992,0.12945838,0.13613132,0.98803698,0,0.20780588
5uio_8DM_E_202,0.98849882,0.97354823,0.14700583,0.14674883,0.97693308,0,0.17078507
5uio_LG3_E_201,0.99610047,0.99514181,0.14685851,0.14705353,0.99160355,0,0.17177956
5uj3_CE4_A_302,0,0.97415116,0.11815547,0.12173531,0.0001311768,0.20561655,0.1847433
5unr_8EV_A_803,0,0.98263102,0.11917339,0.12085655,5.5719371e-06,0,0.17801911
5unr_8EV_B_803,0.65032883,0.98659967,0.13018623,0.12835786,2.9837856e-06,0.07495882,0.15724898
5unt_8J1_A_803,0.99376867,0.98032046,0.13681648,0.13184575,4.4516273e-06,0.0025572084,0.14212895
5unt_8J1_B_803,0.95879282,0.97755988,0.13621433,0.13148776,6.0379245e-06,0.0090246536,0.14350932
5uo3_8EY_B_804,0.9837912,0.98067482,0.13662015,0.13174452,1.8925637e-06,0.0047054851,0.14257618
5uo5_M4R_A_803,0.98346452,0.98605174,0.13649924,0.13174725,9.7530062e-05,0.0062425693,0.14284644
5ut1_7DZ_A_905,0,0,0.13887207,0.1210856,1.608975e-08,0,0.14031125
5v7y_AKG_B_302,0,0.89361154,0.11988794,0.12167217,0.00034394334,0.18422215,0.18097321
5ve5_GSH_B_402,0,0.48849352,0.12928834,0.12270389,0.082177041,0.10711503,0.16529042
5ved_STU_A_601,0,0.89515545,0.12964592,0.13419457,0.85965169,0.0081264092,0.20118088
5vjg_0BP_A_403,0.99877021,0.77175123,0.15129122,0.14707066,0.98581697,0.0068971911,0.16313498
5vka_AKG_A_402,0.99425499,0,0.16655846,0.14694245,0.97059111,0.00048981706,0.13303254
5vl0_BNF_A_404,0,0.98251589,0.12664377,0.13218535,0.73291573,0,0.20041876
5vl0_BNF_B_404,0.9898405,0.98161095,0.14410684,0.1425727,0.70593462,0,0.16276053
5vl0_BNF_C_404,0.99308429,0.98575008,0.14294962,0.14088946,0.59481012,0,0.15940185
5vl0_BNF_D_404,0,0.98820202,0.12797111,0.13437046,0.87436639,0,0.20496092
5vut_9OG_B_803,0,0.97247357,0.11819041,0.12173173,2.4527493e-13,0.2051197,0.18465926
5vuu_9OJ_A_805,0.0001329821,0.97742841,0.11808645,0.12173718,0,0.20641345,0.18488599
5vv0_9OM_A_803,4.6152954e-10,0.98688188,0.11908811,0.12085547,3.6093483e-13,0,0.17818206
5vv0_9OM_B_803,0.7012228,0.98348631,0.13121564,0.12887286,3.5623766e-10,0.06364647,0.15490582
5vv5_9OJ_A_803,0.06298845,0.97378209,0.11935356,0.12237345,2.1060541e-08,0.19249678,0.18200159
5vv5_9OJ_B_803,0,0.95755597,0.11851096,0.12171937,3.090196e-10,0.20114212,0.18395936
5vyr_B62_A_301,0.98878633,0.98331507,0.14721339,0.14699987,0.99493885,0,0
5vyr_B62_B_301,0.97738831,0.96035943,0.14721079,0.14688258,0.99237914,0.0035918544,0.17127041
5vyr_GMP_B_302,0,0,0.13887208,0.12108563,1.9450684e-06,0,0.14031131
5w3k_9TY_A_401,0.99604281,0.9492589,0.14764786,0.14686726,0.97890133,0,0.16963269
5w3k_9TY_B_401,0.26141844,0.95938069,0.13427171,0.13881275,0.97672361,0,0.19726524
5w5t_9X7_A_506,0,0,0.13883032,0,0,0,0.14029076
5w5t_9X7_D_508,0,0,0.13889315,0.12111758,0.0020690356,0,0.1403745
5w7b_MYR_B_208,0.98258875,0.7064787,0.14229937,0.1316459,4.7302411e-11,0,0.13089268
5w8q_BU4_A_400,0.99492649,0.97220017,0.1411612,0.14621659,0.75869276,0.7540742,0.18612706
5w8q_BU4_B_400,0.025831113,0.995276,0.12332809,0.13565485,0.75891852,0.7589495,0.22319118
5wcz_NOJ_A_601,0,0,0.13887206,0.1210856,0,0,0.14031125
5wcz_NOJ_B_601,0.9846017,0.75339008,0.14139463,0.13165697,0,0,0.13261926
5wgk_AGJ_A_816,0.9639104,0.96967884,0.14327708,0.14137504,0.64658277,0,0.16145233
5wgr_PM7_A_712,0,0.98458436,0.11913441,0.12085637,2.3301768e-05,0,0.17809461
5wgv_PM7_A_712,0,0,0.13887206,0.1210856,0,0,0.14031125
5wgw_MB5_A_714,0,0,0.13887206,0.1210856,0,0,0.14031125
5wgw_MB5_A_715,0.54284463,0,0.14858993,0.1270108,2.5172938e-07,0,0.12013022
5wqp_NCA_A_302,0,0.98082532,0.11920959,0.12085697,5.5159792e-06,0,0.17794981
5x0j_SEP_A_302,0,0,0.13887206,0.1210856,0,0,0.14031125
5x23_LSN_A_502,0,0,0.14887874,0.13626531,0.98204509,0,0.17033103
5x23_LSN_A_503,0,0,0.13883467,3.6352885e-06,0.00042723731,0,0.14030382
5x23_LSN_A_504,0.05913547,0,0.13993069,0.12173107,9.8855416e-12,0,0.1381128
5x2m_GLN_A_951,0.93053849,0,0.16251571,0.14186796,0.68679809,0.002568986,0.12678762
5x2m_GLN_B_951,0.99257231,0.76106608,0.1413924,0.13175582,0.00088236842,0,0.13264458
5x2m_GLN_D_951,0,0,0.13887206,0.1210856,0,0,0.14031125
5x5d_UMP_A_401,0.96627977,0,0.16623938,0.14690725,0.98818523,0,0.1345959
5x5d_UMP_B_401,0.96184083,0,0.16636815,0.14688572,0.99141311,0,0
5x5d_UMP_D_401,0,0,0.14396284,0.1305165,0.57401564,0.16265429,0.162352
5x5d_UMP_E_401,0.96373128,0,0.16621754,0.14691551,0.99051924,0,0.13476199
5x6r_7ZR_A_402,0.87822792,0.96677782,0.13492229,0.13065932,3.095097e-09,0.022739,0.146481
5x6r_7ZR_B_402,5.6017311e-10,0.96804219,0.11828563,0.12172806,2.2208678e-10,0.20393813,0.18445135
5x86_TMP_B_207,0.99407495,0,0.16671414,0.14717603,0.98594595,0,0.13349412
5xdt_MB3_A_404,0.38395684,0.99568175,0.12495349,0.1256565,2.3614621e-05,0.1322448,0.16917458
5xh2_NPO_A_305,0.99645798,0.96943591,0.13798153,0.1335956,0.10364469,0.038250681,0.14571249
5xin_XLS_B_397,0.98670937,0.98270856,0.13682362,0.13215351,0.022604521,0.013184802,0.14346384
5xin_XLS_C_397,0.95556714,0,0.15656975,0.13365129,0.11197871,0.11014605,0.1114676
5xin_XLS_D_397,0.95246752,0.97466888,0.13741043,0.1338868,0.14759603,0.065307735,0.14964246
5xmq_PLG_A_501,0,0.9832718,0,0.12442201,0,0.98132607,0.20721895
5xoi_SIN_A_401,0.99751015,0.92729051,0.14733216,0.14570158,0.90212068,0,0.16638804
5xrv_F6R_A_702,0,0.85788709,0.12563464,0.12689512,0.38875384,0.00013646623,0.1851197
5xsm_8EO_A_705,0.96814297,0,0.15634854,0.13163528,7.8406877e-05,0,0
5xvv_AKG_B_506,0,0,0.13967522,0.12230456,0.078857365,0,0.14272314
5xz7_F6P_A_407,0,0.97935305,0.11456455,0.12450936,0.0091575623,0.95544649,0.20643326
5y1g_AKB_A_401,0.9331461,0,0.16365037,0.14489888,0.85245806,0.12281315,0.13531126
5y7a_KYN_A_502,0.9182321,0,0.16123127,0.14387881,0.74610367,0.33691442,0.13894728
5y7r_AKG_B_402,0.99479759,0.95622241,0.13735505,0.13183878,0.00015502519,0,0.14096003
5y8k_SER_A_301,0,0.0080345712,0.13871117,0.12108399,1.675565e-05,0,0.14062008
5y8k_SER_B_301,0,0.0027195521,0.13881761,0.12108506,6.20462e-06,0,0.1404158
5y8p_3OH_B_301,0.41505808,0.8388111,0.12891528,0.12584822,0.00034065989,0.08413219,0.16048489
5yaq_ISE_B_402,0.97140153,0,0.15928903,0.13689414,0.32380565,0.054558974,0.11571005
5yaq_ISE_C_402,0.8109495,0.85006194,0.14024812,0.14549698,0.81138986,0.87531947,0.19347677
5yaq_ISE_D_402,0,0,0.14827113,0.13635342,0.96639665,0.08980866,0.17250904
5yb7_ORN_A_602,0.98493186,0,0.15680646,0.13229496,0.029678287,0,0.10460222
5yb7_ORN_B_602,0,0,0.14016985,0.12305584,0.12745456,0,0.1442108
5yb7_ORN_B_603,0,1.9944559e-09,0.13887207,0.1210856,1.8982984e-08,0,0.14031125
5yb7_ORN_C_602,0.985926,0,0.15722242,0.13290982,0.068753855,0,0.10575975
5yb7_ORN_C_603,0,0.95913373,0.11847706,0.12172068,8.4247704e-09,0.20156281,0.18403339
5yb7_ORN_D_602,0.99589612,0,0.15694491,0.13232691,0.024002727,0,0.10402111
5yb7_ORN_D_603,0.9779181,0.9274764,0.14020432,0.13666062,0.30046943,0.1052303,0.15254002
5ybl_AKG_A_302,0.00032760129,0.91683579,0.11939217,0.12168899,0,0.19021718,0.18203472
5ybp_8SX_B_303,0,0,0.13887206,0.1210856,0,0,0.14031125
5ybq_8T0_A_303,0.94937369,0,0.16594547,0.14673598,0.98904324,0,0.13525063
5ybq_AKG_A_302,0.99649565,0.4460164,0.14777225,0.13186215,0.00024023266,0,0.12038797
5ybq_AKG_B_302,0,0.9799796,0.1180326,0.1217448,0.0004105101,0.20727614,0.1850281
5yfj_RUB_A_401,0.8848409,0.96737131,0.13971787,0.14685757,0.85270405,0.85975278,0.1960339
5yfj_RUB_B_401,0,0.95933851,0.1245849,0.13703733,0.86307711,0.77148208,0.22632709
5ykt_PMP_A_501,0.99034576,0.99035337,0.13782119,0.13434685,0.1512955,0.06308661,0.14889351
5ykt_PMP_B_501,0.99295307,0.99484012,0.13752781,0.13389267,0.12230085,0.052793423,0.14781358
5ylf_BGC_A_401,0,0.95010361,0.11883921,0.12204388,0.0197927,0.20663164,0.18441378
5ysh_5AD_D_605,0.21274926,0.98677077,0.12192754,0.12394819,0.0024414504,0.16604057,0.17624535
5ysh_5AD_G_605,0.99857816,0.98270107,0.13687829,0.13193993,0.0025956571,0.0031803132,0.1421383
5ysh_5AD_J_605,0.21831849,0.98087692,0.12277418,0.12520897,0.074807582,0.19065803,0.17866823
5z54_0HZ_A_303,0.19287987,0.9839039,0.13270137,0.13828378,0.99127067,0,0.201199
5z54_0HZ_B_303,0,0,0.14922375,0.13643677,0.99494768,0,0
5z54_0HZ_C_303,0.9675157,0.97021343,0.14051226,0.1371385,0.36996428,0,0.15288296
5z54_0HZ_D_303,0.98743691,0,0.16664738,0.14689617,0.97400102,0,0
5z9b_AX7_A_304,0.99593375,0,0.15729343,0.13285499,0.058139927,0,0.10506324
5z9b_HX3_A_303,0.97892104,0.99146747,0.13630296,0.13171737,0.00080650781,0.0088900917,0.14332546
5z9b_HX3_B_303,0.97160376,0.98667353,0.13626461,0.13163312,0.00045624252,0.0089864647,0.14340218
5z9p_AX7_B_301,0.99588736,0,0.16654415,0.14688873,0.96607933,0,0.13281945
5zg2_9C0_A_902,0.99541605,0.99583963,0.13651503,0.13187708,0.00010728631,0.0063947639,0.14279014
5zg2_ZK1_A_901,0.91170789,0,0.15519321,0.13103697,0,0,0.1064172
5zg2_ZK1_B_901,0,0,0.14885553,0.13623012,0.979768,0,0.17026142
5zge_ZZ7_A_301,0.37748873,0.93609056,0.13668053,0.13987888,0.96338292,1.9272137e-07,0.19164862
5zgr_ZZ7_A_303,0.53211402,0.94264671,0.13476983,0.14496626,0.96568782,0.91597011,0.21331479
5zgr_ZZ7_B_303,0.99201471,0.93892784,0.13767273,0.13179356,0,0,0.14026244
5zi4_OAA_A_401,0.99549711,0.96906793,0.13712377,0.13191854,0.0038665598,0.00065981178,0.14168329
5zi4_OAA_B_401,0.46207415,0.94449702,0.12753057,0.12640827,1.6949924e-06,0.10250136,0.16340008
6a1f_9OF_A_807,0.97926501,0.99073044,0.14671676,0.1469788,0.99859068,0,0.17244974
6a2m_9QR_B_701,0.9312779,0.98566592,0.13551972,0.13121452,1.4774125e-08,0.016850155,0.14507715
6a2m_UMP_A_703,0.9910418,0,0.16688858,0.14720286,0.99129983,0,0
6a2n_9QR_A_701,3.0441704e-09,0.9696163,0.1182518,0.12172936,1.6686715e-08,0.20435785,0.1845252
6a2n_UMP_A_703,0.98025962,0,0.16644668,0.14699468,0.98396917,0,0.1339473
6a2n_UMP_B_703,0.97628209,0,0.16635793,0.14692464,0.98224664,0,0.13404251
6a3j_SOE_A_402,0.0089691686,0,0.1441375,0.13995519,0.98129301,0.98076225,0.19898356
6a3j_SOE_B_401,0,0,0.14886245,0.13624061,0.98044686,0,0.17028217
6a3j_SOE_C_402,0.99701948,0,0.16177305,0.15082442,0.98330113,0.99533405,0.16274378
6a3j_SOE_D_401,0,0,0.14397564,0.13986476,0.98157698,0.98160167,0.19935051
6a6s_FSA_A_502,0,0.96672292,0.11831401,0.12172703,4.2923524e-06,0.20358798,0.18438963
6a7e_9QR_A_201,0,0.98056636,0.12522887,0.12998038,0.59023253,1.8747284e-05,0.19598287
6abm_9VR_A_505,0,0.93913438,0.12463387,0.12782727,0.45031734,1.2422621e-09,0.19011538
6acn_TRC_A_899,0.93096665,0.21080806,0.15131241,0.13119876,4.7748096e-05,0,0.11379228
6ald_2FP_A_700,0,0,0.13887209,0.12108564,2.1624969e-06,0,0.14031131
6auq_BYJ_A_803,0.81040098,0.98275258,0.13329706,0.1299843,9.6432322e-05,0.041003132,0.15016235
6auq_BYJ_B_803,0.98728891,0.98302471,0.13663585,0.13178213,7.2020778e-06,0.0046137398,0.14253566
6av2_BY7_A_803,0.43517616,0.9794432,0.12627091,0.1261636,9.2788243e-09,0.117358,0.16620073
6av2_BY7_B_803,0.64943977,0.97909838,0.13033058,0.12834255,1.4010208e-12,0.073140669,0.1569353
6axu_BTM_A_401,0.98361336,0.98805821,0.13700223,0.13281906,0.064060977,0.030908748,0.14553262
6ayv_F6P_A_401,0,0.8748753,0.12669296,0.13944935,0.98057571,0.92827897,0.23131539
6ayv_F6P_B_401,0.97666965,0.89550451,0.14267135,0.14735958,0.82597896,0.83145779,0.18820834
6b5k_TYD_A_304,0.94791251,0,0.15584137,0.13143219,2.6706697e-06,0,0.10507132
6b6r_BEN_A_302,0.99817632,0.99287871,0.14201034,0.15078137,0.9948327,0.99468222,0.20113494
6b83_6NA_B_201,0.99297664,0.89047247,0.13880554,0.13190758,0.0086406301,0,0.13829852
6b9p_D0J_A_1001,0.83438537,0.20965552,0.14960606,0.1301441,2.260473e-08,0,0.11733714
6b9p_D0J_B_1001,0.17947829,0,0.14208504,0.12304462,1.8128942e-08,0,0.13363888
6ba2_7KM_A_809,0.99141067,0.99520573,0.13645199,0.13183402,4.6528061e-10,0.0070100842,0.14292894
6bds_DJ4_A_302,0.86628976,0,0.15438015,0.13054123,0,0,0.10810568
6bds_DJ4_A_303,2.6134336e-05,0.97148897,0.11821206,0.12173118,4.4369736e-07,0.20485195,0.18461195
6bkk_308_B_101,0.99665064,0.99379357,0.13927562,0.13550096,0.24380635,0,0.14884821
6bmm_OLB_B_404,0.41789111,0,0.14631002,0,0,0,0.12475442
6bqx_9AG_A_201,0.99148885,0.90934025,0.13829859,0.13176375,1.9870696e-06,0,0.13889704
6br1_E3Y_B_505,0,0,0.13910775,0.12144313,0.023130243,0,0.14101831
6btn_E8M_A_304,0,0,0.14098552,0.12466022,0.22348533,0.030243414,0.14811197
6bvl_EBY_B_2001,0,0,0.13887206,0.1210856,0,0,0.14031125
6bxk_MTA_A_401,0.95733431,0.9580954,0.13663686,0.13151945,0.0037558768,0.0055515665,0.14281139
6bxk_MTA_B_401,0.99068009,0.94032302,0.13837556,0.1332722,0.089247854,0.026239704,0.14401114
6c17_DNX_A_202,0.0062003955,0.91605381,0.12022296,0.12313069,0.082757418,0.22006039,0.18510647
6c1i_EEY_A_501,0.9899883,0.96816012,0.14719866,0.14685456,0.98264032,0,0.17069739
6c1i_EEY_B_501,0.99469493,0.82094813,0.14022038,0.13175144,3.5019191e-10,0,0.13483864
6c1i_KNA_A_502,0.00045524375,0.98234471,0.11918722,0.1208615,3.1599622e-09,4.1911544e-07,0.17799104
6c6w_TFX_A_502,0,0.92190229,0.1192771,0.12168985,5.8058256e-09,0.19163557,0.18228657
6cdy_EY1_A_501,0,0,0.14863215,0.13589125,0.95784545,0,0.16959128
6cdy_EY1_B_501,0,0,0.13993706,0.12270219,0.10458001,0,0.14351035
6cgc_F0A_B_402,0.96937185,0,0.16615654,0.14673137,0.97462333,0,0.13406638
6cgn_DA_A_801,0,0.9779484,0.12110027,0.12363985,0.17996551,0.00014305438,0.18334478
6cqu_HI6_A_601,0,0.97211864,0.11821339,0.12176164,0.0018079118,0.20570799,0.18471605
6cut_FEJ_A_401,0,0.92714295,0.12431832,0.13957983,0.96912011,0.98164583,0.96674825
6cut_FEJ_B_401,0,0.9377936,0.12513046,0.1394289,0.97066546,0.9683978,0.23461352
6cut_FEJ_D_401,0,0.93343857,0.12537373,0.13966071,0.98571921,0.96788203,0.23489132
6cwr_6LA_A_201,0.97222635,0,0.16146213,0.15061633,0.9902869,0.98296262,0.16351312
6dl7_ONC_A_301,0.9216076,0.97769207,0.14393396,0.14330036,0.80113347,0,0.1680569
6dl7_ONC_B_301,0,0.97745983,0.12797878,0.13405792,0.85398494,0,0.20392566
6dl7_ONC_C_301,0.98777042,0.96753328,0.13697778,0.13177408,0,0.00038128022,0.14178776
6dl7_ONC_D_301,0,0.97222376,0.1293397,0.13596437,0.97724254,0,0.20749255
6dl7_ONC_E_301,0.86878442,0.98454203,0.1448118,0.14569662,0.99356315,0,0.17616586
6dl7_ONC_F_301,0.93854984,0.97245093,0.13594122,0.13127754,0,0.011828975,0.14414322
6dl7_ONC_G_301,2.3043627e-07,0.98095509,0.11920693,0.12085685,0,0,0.17795462
6dmi_5T5_A_504,0.98771329,0.94616264,0.14346164,0.14055877,0.57661169,0,0.15752608
6dqt_LEU_B_1,0.99303874,0.9205872,0.13808621,0.13178879,0,0,0.13935773
6dyt_F0G_A_503,0.99150775,0.96223611,0.14610828,0.14499707,0.86130837,2.2641135e-06,0.16670469
6dyt_PP3_B_1501,0.97243767,0,0.15628038,0.13169985,0,0,0.10415948
6e2w_DP6_A_403,0.98644199,0.9524336,0.14728016,0.14656987,0.96630616,0.00076996725,0.1697492
6e40_BBJ_A_502,0.96757395,0.86917614,0.13870936,0.13148725,1.5178846e-06,0,0.13804496
6e40_BBJ_B_502,0,0.91643021,0.11939469,0.12168533,9.0146057e-07,0.19017685,0.18202987
6e40_BBJ_D_502,0,0,0.13887207,0.1210856,9.9077512e-08,0,0.14031125
6e43_BEZ_A_502,0.99782941,0.96889248,0.146822,0.14734999,0.9843882,0.10423775,0.17357056
6e43_BEZ_B_502,0.99747155,0.98789407,0.14664634,0.14723497,0.98653016,0.066192897,0.17325322
6e43_BEZ_C_502,0.99858528,0.9766264,0.14674596,0.14741154,0.9888876,0.10030501,0.17386046
6e43_BEZ_D_502,0.99779232,0.97326257,0.14664415,0.1474641,0.9865475,0.12659876,0.17446704
6e8i_PTR_A_201,0.97849353,0,0.1586086,0.13513331,0.21785012,4.8445845e-07,0.11059374
6ezf_C6Z_A_1003,0.99549646,0,0.1665451,0.14689651,0.96685908,0,0.13285781
6f2b_AKG_A_402,0,0.84809917,0.12662866,0.13641421,0.82883501,0.73888527,0.22004748
6f2b_AKG_B_402,0,0.84478557,0.12716943,0.13844354,0.93239866,0.85530146,0.22652948
6f2v_AMP_A_1001,0,0.8493365,0.1211645,0.12227507,0.03862551,0.18687747,0.18045108
6f3s_PLP_A_901,0,0.95540007,0.11874951,0.12209569,0.022631377,0.20911616,0.18477759
6f48_XQB_A_302,0,0,0.13887206,0.1210856,0,0,0.14031125
6f66_CUT_A_300,0.99597963,0.98986534,0.14696787,0.14706215,0.99216737,0,0.1715988
6f66_CUT_B_300,0.99767746,0.98783084,0.14682786,0.1467608,0.97144165,0,0.17082405
6f6a_CU5_A_301,0.01624386,0.99413742,0.11429866,0.12466473,5.0960845e-06,0.9889204,0.20710702
6f6a_CU5_B_301,0.90033323,0.97649721,0.14059281,0.14974127,0.99606021,0.99606177,0.2042221
6f76_CVK_A_203,0,0.96674668,0.12182074,0.12439313,0.22856339,0,0.18439626
6f76_CVK_B_203,0.48931418,0.99226554,0.12725214,0.12668009,2.4457992e-09,0.10378256,0
6f76_CVK_F_203,0,0.97452173,0.12157536,0.12425553,0.21977916,0,0.1844261
6f77_PLP_A_600,0,0.9751423,0.11813306,0.12173393,0,0.20583128,0.18478447
6f77_PLP_C_600,0,0,0.13887241,0.12108612,3.3601838e-05,0,0.14031228
6f77_PLP_D_600,0,0.97230485,0.12940611,0.13606757,0.98392027,0,0.20769979
6f77_PLP_E_600,0.96609486,0.96682991,0.14626834,0.14579121,0.9306998,0,0.16994687
6f7r_CIT_A_1002,0.89067245,0.15752996,0.15485921,0.13562575,0.31409942,0,0.1228459
6f7r_CIT_A_1003,0.84794682,0.93129812,0.13521383,0.13052225,0.011988733,0.024043587,0.14661057
6fa1_D2Z_B_203,0.13906551,0.98597812,0.12053029,0.12315732,2.1235065e-07,0.18008147,0.17928974
6fa1_D2Z_F_203,0.07383777,0,0.14019389,0.12189155,5.9615987e-11,0,0.13756622
6fgv_D9T_A_1901,0.93222785,0.8918838,0.13774135,0.13151717,0.022185131,2.9123886e-05,0.14153735
6fjj_LSA_A_302,0.99771514,0.97872173,0.14650323,0.14625035,0.93281075,0.022900966,0.16996957
6fld_DQ5_A_604,0,0.97025935,0.11823799,0.12172989,0,0.2045293,0.18455537
6fld_NAG_A_601,0,0,0.13887208,0.12108562,1.0459528e-06,0,0.14031128
6fld_NAG_A_603,0,0.93993159,0.11888968,0.12170478,3.643899e-10,0.19644283,0.18313246
6flu_DTK_A_402,0,0.94189285,0.11884754,0.12170641,4.0045066e-07,0.19696592,0.1832245
6flu_DTK_A_403,0.92117095,0,0.15536263,0.13114028,7.9429325e-07,0,0.10606542
6flu_DTK_A_404,0.78265699,0.95702323,0.13490005,0.13277843,0.1855054,0.10989355,0.15768492
6flu_DTK_A_405,0,0.97813573,0.12462456,0.13980038,0.99696657,0.96141655,0.23675911
6flu_DTK_B_401,0,0.95374834,0.11859278,0.12171623,3.7667334e-07,0.20012701,0.18378073
6flu_DTK_B_402,0.080564702,0.95812533,0.12054486,0.12356689,0.061509909,0.20793749,0.18300708
6flu_DTK_B_403,0.93482349,0.97592084,0.14115383,0.14969576,0.97549626,0.96769158,0.20145001
6flu_DTK_B_404,0.99150481,0.97802153,0.14216211,0.15069723,0.99333461,0.99696166,0.20083446
6flu_DTK_B_405,0,0.97971491,0.11894718,0.12655572,0.23906928,0.54520203,0.20134103
6flu_DTK_B_406,0.11624599,0,0.14095307,0.12235444,3.4084104e-07,0,0.13598964
6fs7_E4Z_A_903,0,0,0.14870875,0.13600746,0.96536331,0,0.16982109
6fs7_E4Z_B_903,0,0,0.14879932,0.13614484,0.97425128,0,0.17009278
6fs7_E4Z_C_903,0.62171293,0,0.1596906,0.14256918,0.95085,0,0.14626437
6fs7_E4Z_D_903,0.59360106,0,0.14949855,0.12756481,0,0,0.11824327
6fs7_E4Z_F_903,0.00056997011,0,0.1488123,0.13615528,0.97452401,0,0.17007993
6fw0_E92_A_602,0.54614392,0.99212087,0.13886295,0.14214121,0.99149301,0,0.18838803
6g3f_FUM_A_601,0.97490132,0,0.15650499,0.13200055,0.017714108,0,0.10460939
6g5q_EMZ_A_401,0.97669323,0.96878941,0.13674129,0.13166246,1.4772679e-09,0.002997446,0.14232487
6g5q_EMZ_B_402,0.96654761,0.97977599,0.14664061,0.14673926,0.99190876,9.5633177e-10,0.1722979
6gck_EUB_A_302,0.82353599,0.99210447,0.13330489,1.8238526e-44,0.00040353673,0.040341433,0.15001251
6gck_EUB_B_302,0.98790333,0.9764824,0.13678817,0.1317832,2.1236478e-05,0.0027480884,0.14220275
6gck_EUB_C_302,0.99039091,0.98488417,0.13666044,0.1318268,0.00070002957,0.0047324234,0.14251714
6gck_EUB_D_302,0.99379371,0.99049962,0.13659994,0.13185782,0.00020704967,0.005342714,0.14261368
6gl4_GLU_A_301,0,0,0.13887206,0.1210856,0,0,0.14031125
6gnf_GLC_B_602,0.98433106,0.97035018,0.14717059,0.1469842,0.99475402,0.0012679712,0.17139955
6gpn_OGA_B_402,0.99673849,0.92691014,0.13802031,0.13183166,2.5254973e-10,0,0.13949468
6gqk_F88_A_1001,0.9841873,0.9866345,0.14680071,0.1469026,0.99012321,0,0.17185073
6gqk_F88_B_1001,0.99052505,0.99162408,0.1461098,0.14590215,0.9209999,0,0.16969358
6gxk_FFW_A_402,0.98787049,0,0.156561,0.13187488,0.00042606784,0,0.10359877
6gxk_FFW_B_402,0.99106229,0,0.15661976,0.13191218,0.00058527566,0,0.10348497
6hmw_FUL_B_204,0.99029071,0.97755438,0.14243308,0.15060079,0.99879277,0.95132747,0.19967875
6hmw_FUL_C_203,0.73038698,0,0.15194726,0.12905784,3.7350092e-10,0,0.11315806
6hmw_FUL_D_204,0.98560724,0.963058,0.13704804,0.1317779,0.0017671826,0.00030103649,0.14174296
6hmw_FUL_E_204,0.96679926,0.97489835,0.1368984,0.13250219,0.055983019,0.027811142,0.14531285
6hmw_FUL_H_201,0.95566509,0.97175853,0.13629306,0.13147714,0.0015617879,0.0087096045,0.14343535
6hmw_FUL_I_201,0,0.96987268,0.12623742,0.13868099,0.99453974,0.66644587,0.22764321
6hmw_FUL_J_201,0.98788541,0.97262845,0.13722637,0.13247953,0.041902257,0.017544499,0.14372409
6ho2_GHN_A_301,0,0.98649849,0.12853719,0.13517776,0.926569,0,0.20649131
6ho7_GHQ_A_301,0,0.99041379,0.12415012,0.13974381,0.98730573,0.98744015,0.23770468
6hqr_3DM_A_502,0.99658488,0.9589593,0.14728977,0.14660797,0.96189051,0,0.16946478
6hsg_GM5_B_504,0.99615439,0.94497661,0.14165002,0.13763773,0.38165738,0,0.15120727
6hsg_GM5_C_504,0,0.87708232,0,0.12083895,1.5175612e-08,0,0.17412645
6hsg_GM5_D_504,0,0.94751495,0.12612594,0.13034359,0.61323574,0,0.19541717
6i4b_E2N_A_603,0.99096788,0,0.15717128,0.13275035,0.054876931,0,0.10514811
6i4b_E2N_B_603,7.2887036e-08,0,0.13932734,0.1217763,0.044683861,0,0.1416773
6i4b_ORO_A_602,0.2092047,0,0.14261779,0.12337,5.8732403e-05,0,0.13253555
6i6r_H62_A_704,0.92511346,0.60889849,0.15021191,0.14204646,0.7033315,0.036356706,0.15186008
6ijn_6MZ_A_401,0.95466967,0.98973567,0.13587467,0.1314558,0,0.013118,0.14425832
6ijp_IMP_A_402,0,0,0.14893098,0.13634456,0.98717209,0,0.17048776
6ix8_B3O_A_408,0,0,0.14901971,0.13647917,0.99588047,0,0.17075396
6ix8_B3O_B_408,0.99101666,0,0.1665135,0.14692134,0.97162843,0,0.13317015
6j4t_IMP_A_401,0,0,0.13887206,0.1210856,0,0,0.14031125
6jc7_F0G_B_601,0,0,0.13887219,0.12108579,1.1831009e-05,0,0.14031161
6jc7_F0G_C_601,0.96058201,0,0.15606845,0.1315709,2.9693368e-05,0,0.10460114
6jea_NAG_A_501,0,0.80222474,0,0.13944388,0.97165207,0.97165953,0.22970219
6jk9_BU0_A_501,0,0,0.13887244,0.12108617,3.6679374e-05,0,0.14031237
6jmd_BVO_A_408,0.99417619,0.99350664,0.14691257,0.14711743,0.99707209,0,0.17195551
6jmd_ORO_A_402,0.013339302,0.86529912,0.13166994,0.13605592,0.97213268,0,0.20273729
6jme_BVU_A_409,0.99346171,0.99573727,0.14684025,0.14708665,0.99561846,0,0.17202324
6jme_ORO_A_402,0,0.85171822,0.12078577,0.12163277,6.2110735e-05,0.17294542,0.17899622
6jq8_CIT_A_302,0.99450081,0.74709195,0.14169861,0.13176705,3.749705e-05,0,0.13201025
6jws_PT1_A_801,0.99481599,0,0.16693485,0.14721209,0.98923041,0,0
6jws_PT1_B_801,0.99679335,0,0.16702459,0.14731597,0.9945555,0,0
6jwy_PH2_A_802,0.9927468,0,0.16657266,0.14698298,0.97439447,0,0.13319038
6jyg_FLC_A_401,0.99004638,0.9169113,0.1433735,0.13975411,0.51718771,0.022202729,0.15515705
6jyg_FLC_B_401,0.95031269,0.94246707,0.14292183,0.14092077,0.61190516,0.060917606,0.16165538
6jyg_FLC_D_401,0.88282996,0.76988306,0.14249093,0.13647024,0.35726869,0.09881906,0.00042984273
6jz6_CKX_B_701,0.85205996,0.96911284,0.13979253,0.14896927,0.98261223,0.98546156,0.20500874
6jzh_ZMA_A_2002,0.94377523,0.99274981,0.13560386,0.13134749,2.2099096e-09,0.016165276,0.14487003
6k92_GT0_B_602,0.99388675,0.98208068,0.14634475,0.14593699,0.92029185,0.0018684568,0.16923601
6krs_CIT_B_301,0.016753714,0.89600046,0.12028818,0.12210952,0.016204057,0.18739994,0.18100638
6krs_CIT_C_301,0.032461642,0.92480209,0.11996525,0.12229096,0.016074281,0.19179558,0.18167434
6krs_CIT_D_301,0,0.93287703,0.1190389,0.12806485,0.27715179,0.79274839,0.20802972
6krs_CIT_F_301,0,0.89264526,0.11998099,0.12181354,0.0088533478,0.18717888,0.18127356
6krs_CIT_G_301,0,0.88727106,0.11922579,0.12695868,0.20518446,0.79155543,0.20404439
6krs_CIT_H_301,0.015301673,0.89309537,0.12031389,0.12207414,0.015114598,0.18651283,0.1808885
6krs_CIT_I_301,0.014972373,0.93918274,0.12330279,0.13476909,0.69429343,0.81844691,0.22122664
6krs_CIT_J_301,0.015352468,0.8965839,0.12023333,0.12206466,0.014343283,0.18714118,0.18101865
6kxh_DY9_A_401,0,0.99549778,0.12906854,0.13625538,0.99642073,0,0.20897193
6kxh_DY9_B_402,0.024699116,0.99740043,0.12948683,0.13654618,0.99782159,0,0.20816954
6l17_E2X_A_401,0.99032057,0,0.1632913,0.90590847,0.6151808,0,0
6l59_CIT_B_403,0,0.60173941,0.12650778,0.12211495,0.041312805,0.12187424,0.16894357
6l68_ALL_A_202,0.00076258625,0,0.14118385,0.12502972,0.24513817,0.03826561,0.14895868
6l7v_3PO_A_302,0,0.90889819,0.12584999,0.12876241,0.51030105,0.00024765947,0.19079604
6l86_LMR_A_302,0,0.063331167,0.13766253,0.1211624,0.0059220457,0,0.14292355
6l86_LMR_B_302,0,0.0055025462,0.1387921,0.12113034,0.0029775904,0,0.14061343
6l86_LMR_B_303,0.0041605763,0.0072965683,0.13880027,0.12112931,5.2428017e-09,0,0.14043657
6l86_LMR_C_302,0.0034258343,0,0.14853065,0.13572921,0.94393725,0.0042308176,0.1691639
6l86_LMR_D_302,0.95079546,0.030345472,0.15681333,0.13382712,0.15227293,0.0045867324,0.11091899
6l8a_BAL_C_504,0.97370188,0.9793028,0.13817836,0.13502306,0.20245014,0.082891147,0.15117164
6l8a_BAL_D_507,0.99811306,0.9740703,0.13876664,0.13529486,0.20411744,0.077098552,0.1499401
6l8a_BAL_E_503,0.07984342,0.86044633,0.12850231,0.13002421,0.53487891,7.2360643e-08,0.18671243
6lit_2OH_B_501,0.99754227,0,0.16703515,0.14731989,0.99427985,0,0
6lj7_EFR_A_301,0.95921318,0.93139768,0.13721454,0.13145441,4.1916056e-05,0,0.14132681
6lql_F0C_A_702,0.9818878,0,0.15644956,0.131803,4.1876293e-07,0,0.10380817
6lx5_C5F_A_502,0,0,0.13887206,0.1210856,0,0,0.14031125
6lx5_C5F_A_503,4.578077e-07,0.77909612,0.12371025,0.12425546,0.16064342,0.21424034,0.18211243
6lx5_C5F_B_501,0.99204312,0,0.16564014,0.14557981,0.88411398,0,0.13045679
6lx5_C5F_B_502,5.4205958e-07,0.83880029,0.12198593,0.12343672,0.10867837,0.2105301,0.18280257
6m5m_NAG_A_202,0.00024894146,0.96336168,0.11839143,0.12172773,6.1126849e-05,0.20266196,0.18422349
6m92_J8V_A_601,0,0.91713175,0.1214917,0.12239674,0.098659851,0,0.17852135
6m9b_BTN_A_201,0.9921411,0.98453752,0.14702632,0.14705238,0.99416538,0,0.17159813
6m9b_BTN_B_201,0,0.97831792,0.12937519,0.13620211,0.99271549,0,0.2081994
6m9b_BTN_C_201,0.99481187,0.98202831,0.14712315,0.14708018,0.99403961,0,0.17139871
6mae_JBA_A_301,0.96698926,0,0.16606609,0.14663286,0.96993224,0,0.13401155
6md2_GW9_A_501,0.98498776,0.97140064,0.13684205,0.13174899,3.7605267e-07,0.001985661,0.14208934
6md2_GW9_B_501,0,0.93732375,0.11894572,0.12170262,0,0.19574748,0.18301011
6mnh_JVD_A_301,0.99653529,0,0.16670691,0.1471251,0.98091392,0,0.13324883
6mpa_NAG_B_502,0.00029477578,0,0.13887814,0.12109003,7.807765e-05,0,0.14030268
6mry_FLC_A_101,0.98769566,0.96231771,0.13722723,0.13204201,0.016340912,0.0051787057,0.14221012
6mry_FLC_C_102,0.76872413,0.76214548,0.14476302,0.14598679,0.96441395,0.48472971,0.18479772
6mry_FLC_I_102,0,0.29354884,0,0.13110171,0.47518284,0.75800844,0.18869283
6mry_FLC_K_101,0.98904505,0.32610286,0.15013666,0.13195121,0.0094543097,0,0.11634503
6mwl_K5G_A_301,0,0.98274612,0.12401753,0.12820839,0.47563187,0,0.19256278
6mwl_K5G_B_301,0.98814662,0.97405846,0.14295136,0.14061948,0.58065383,0,0.15870402
6n0z_DP6_A_401,0,0.92336664,0.12572561,0.13919333,0.97007,0.90587333,0.23219235
6n0z_DP6_B_401,0.98471677,0.87887475,0.14362523,0.14972508,0.96379025,0.8387536,0.88943597
6n0z_DP6_C_401,0,0.80766327,0.12248814,0.13069764,0.42066499,0.89760495,0.21071319
6n0z_DP6_E_401,0.97835863,0.93371131,0.14244344,0.14892268,0.90992776,0.90111942,0.19423836
6n0z_DP6_F_401,0,0.95159846,0.11863898,0.12171444,0,0.19955364,0.18367985
6n9r_OHN_A_303,0,0,0.13887206,0.1210856,0,0,0.14031125
6n9r_OHN_P_308,0,0,0.14262645,0.12788786,0.41667752,0.10322069,0.15596026
6n9r_OHN_X_305,0,0.52429221,0.12782109,0.12136061,0,0.08561834,0.16363163
6nba_P1T_A_501,0,0,0.14888289,0.13627161,0.98245257,0,0.17034349
6nba_P1T_B_501,0,0,0.13887206,0.1210856,0,0,0.14031125
6nba_P1T_C_501,0.98408643,0,0.16655746,0.1471006,0.98811926,2.3489833e-06,0.13393196
6nba_P1T_D_501,0,0.98758176,0.12900654,0.13592244,0.97476192,0,0.20800607
6nbw_LAB_A_403,0,0.99437893,0.12910188,0.13627219,0.99749101,0,0.20896171
6ncx_ADA_A_601,0,0,0.1388791,0.12109627,0.00069010586,0,0.14033234
6ncx_ADA_B_601,0,0,0.13888142,0.12109979,0.00091774808,0,0.1403393
6ncx_ADA_C_601,0,0,0.13888164,0.12110013,0.00094015983,0,0.14033999
6ncx_ADA_D_601,0,0,0.13888284,0.12110195,0.00105751,0,0.14034357
6ng5_KMD_A_803,0.80596235,0.9844779,0.13317522,0.12993897,0,0.04234083,0.15043098
6ng5_KMD_B_803,0,0.9781587,0.11806824,0.12173643,3.2003711e-10,0.20663556,0.18492599
6nga_KL7_A_803,0,0.97926643,0.11804445,0.12173736,7.403723e-07,0.2069312,0.18497799
6nga_KL7_B_804,0,0.97054311,0.11823193,0.1217302,4.6654064e-06,0.20460673,0.18456888
6ngp_KKY_A_803,0.86967087,0.98926935,0.13427719,0.13059099,4.7234139e-06,0.030500074,0.14790583
6ngp_KKY_B_803,0.96855217,0.98629407,0.13621117,0.13159415,2.9304963e-08,0.009341397,0.14349758
6ngu_KMJ_A_803,0.50490236,0.98193727,0.12753603,0.12687487,1.8426388e-06,0.10366431,0.16330791
6ngu_KMJ_B_803,0.73171411,0.97601027,0.13195295,0.1291768,0,0.055373715,0.15323882
6nh0_KND_A_803,0.89640649,0.98166553,0.13494618,0.13085654,1.9893493e-08,0.022964918,0.14639477
6nh0_KND_B_803,0.94546941,0.98536833,0.13579451,0.13135861,3.7608893e-09,0.013848208,0.14445057
6nhd_KNV_A_803,0.97458954,0.98535107,0.13634562,0.13165478,3.887511e-08,0.0078466282,0.14319271
6nig_NAG_A_604,0,0,0.1388722,0.12108581,1.3383661e-05,0,0.14031166
6nig_NAG_B_803,0,0,0.13887207,0.1210856,2.7718025e-08,0,0.14031125
6nig_NAG_C_802,0.030090878,0,0.13941075,0.12141406,7.5100423e-07,0,0.1391926
6nig_NAG_D_602,3.2248292e-05,0,0.13887281,0.12108621,1.6289119e-05,0,0.14031055
6nni_CP6_A_203,0.99389583,0.989564,0.14695926,0.14707384,0.99439024,0,0.17173266
6nni_CP6_B_203,0.99069624,0.99058239,0.14687816,0.14703351,0.9940562,0,0.17188048
6nnn_G1P_A_503,0,0.8018727,0.12185634,0.12159046,5.7281713e-08,0.15963136,0.17665506
6nnp_G6P_A_502,0.94313773,0.88132966,0.13319615,0.13477867,0.00010054437,0.98049124,0.16807311
6ny7_L8J_A_303,0.012106808,0,0.13908957,0.12121892,7.5711598e-05,0,0.13986347
6o04_DNA_A_601,6.0293111e-05,0.9909206,0.11900627,0.12085673,4.4221977e-06,0.00040132739,0.17834681
6o04_DNA_B_601,0.0005838815,0.99467557,0.11894033,0.12086149,0,0.0003997795,0.17847125
6o04_DNA_C_603,0,0.99207757,0.11898295,0.120855,0,0.00020100781,0.17838739
6o04_DNA_D_603,0.00058579621,0.99178724,0.11455088,0.12413722,1.6718269e-05,0.89167,0.20472283
6o1s_7SD_E_803,0.93003853,0.96773219,0.13854682,0.13642936,0.31377997,0.13085224,0.15703631
6o2z_LJV_A_500,0.98556962,0,0.16189072,0.15084189,0.99444416,0.99453884,2.1512187e-09
6o2z_LJV_B_500,0.98356638,0,0.16510919,0.14491206,0.84689974,1.0328545e-06,0.12963437
6o5m_G8K_B_506,0.63976748,0,0.15032501,0.12806872,0,0,0.11652697
6ock_9KL_A_601,0.86336569,0.98199323,0.13431425,0.13052076,0,0.0298567,0.14783644
6ofr_BOG_A_801,6.755853e-09,0,0.13910707,0.12144209,0.023062997,0,0.14101625
6ofr_BOG_A_802,0,0.97883327,0.11805609,0.1217416,0.00027605543,0.2069197,0.18496886
6ofr_BOG_A_803,0,0,0.13887482,0.12108978,0.00027012175,0,0.14031951
6ofr_BOG_A_804,0,0,0.13887939,0.12109671,0.00071881402,0,0.14033322
6ofr_BOG_A_806,1.7497465e-10,0,0.13887228,0.12108593,2.1324041e-05,0,0.1403119
6ofr_BOG_A_807,0.79017682,0,0.1530176,0.12971046,2.4961561e-07,0,0.11093529
6oha_XAN_A_501,0.0021679904,0.08738534,0.13715862,0.12108893,0,0,0.14358557
6ooi_PGA_A_301,0.92030802,0.95526312,0.14240612,0.1478778,0.93821991,0.67153723,0.19129778
6ooi_PGA_C_302,0,0.96086329,0.12638988,0.13818732,0.97204413,0.62615197,0.225418
6ooi_PGA_D_301,0.99094368,0.97571874,0.14370697,0.14868261,0.95421701,0.6147413,0.18826587
6ooi_PGA_E_301,0.98413419,0.91870723,0.14759852,0.14687559,0.97022802,0.07219184,0.17077317
6ooi_PGA_F_301,0.99383737,0.94178934,0.14085445,0.14309355,0.5941182,0.59775368,0.17534609
6ooi_PGA_G_301,0,0.96724684,0.12910604,0.13618041,0.97590874,0.064093046,0.20915654
6oph_6QB_A_401,0,0,0.1439092,0.13041099,0.5677005,0.16026878,0.16209545
6p9t_O5D_A_307,1.7834601e-05,0.91543393,0.11941643,0.12168467,1.5596822e-09,0.18990719,0.18198232
6paf_O6A_A_509,0.98378176,0.96035018,0.14099473,0.13730856,0.36933115,0,0.15188039
6pdd_O9S_A_803,0.98388279,0.99039585,0.13641297,0.13175347,4.2141736e-09,0.0072778873,0.14302824
6pk1_3PY_A_502,0.99504973,0.92494601,0.1387284,0.13318544,0.082156728,0.018561121,0.14281298
6pk1_PLP_A_501,0.96975824,0.93649511,0.14672902,0.14563661,0.91508531,0.0108045,0.16848886
6pmv_M16_A_803,7.8065312e-09,0.965763,0.11833464,0.12172625,4.6073657e-06,0.20333215,0.1843446
6pmv_M16_B_803,0.96203394,0.94180622,0.13704389,0.13149106,2.5545968e-06,0,0.14169179
6pn9_OU7_A_803,0,0.94792021,0.11871806,0.12171148,5.2374488e-06,0.19857486,0.18350749
6pna_M16_A_803,0.98512807,0.96987566,0.13687748,0.13174917,1.2825517e-06,0.0015504943,0.14201177
6pna_M16_B_803,0.81867137,0.97516257,0.13361576,0.13006054,8.6516959e-07,0.037240063,0.14944535
6png_OSG_A_802,0.98981277,0.97252344,0.13690925,0.13179913,8.5792804e-06,0.0012944773,0.14193407
6png_OSG_B_801,0.44401434,0.9774117,0.12752896,0.12831169,0.12329537,0.16157033,0.17073267
6png_OSG_B_804,0.46300822,0.96980867,0.1270044,0.12643886,9.5026989e-06,0.10906095,0.16454764
6ps7_ZMA_A_1201,0,0.96276576,0.11839924,0.12172413,2.6371419e-05,0.2025412,0.18420486
6pvi_OZ7_A_501,0,0,0.13887206,0.1210856,0,0,0.14031125
6q4b_HHN_A_301,0.99333107,0.98043184,0.13711981,0.13245902,0.036972606,0.016641539,0.14365487
6q4k_HHW_A_301,0.98913197,0.9802355,0.13673478,0.13180671,0.00049452879,0.0036745587,0.14234503
6q4k_HHW_A_302,0.96633229,0.97261115,0.13646372,0.13156123,5.9196144e-05,0.006172547,0.14295384
6q4r_MLT_A_1041,0,0,0.13887206,0.1210856,0,0,0.14031125
6q4y_MAN_A_402,0.0028326016,0,0.13998001,0.12272129,0.10381571,0,0.14338158
6q4y_MAN_B_402,0.091252207,0,0.14098011,0.12280139,0.046564699,0,0.13834224
6qa7_HTW_A_901,0,0.99036886,0.12251431,0.1261581,0.34310385,0,0.18880409
6qa7_PLP_A_902,0.99308094,0.95106431,0.13764774,0.1322386,0.025386994,0.004486206,0.14181716
6qaw_HVE_A_402,0,0.97889613,0.12933881,0.13616438,0.99028299,0,0.20814723
6qdb_HWQ_A_1002,0,0,0.13887207,0.12108561,4.5346732e-07,0,0.14031126
6qdc_HXE_A_1003,0.95424498,0.010210932,0.15575001,0.13149889,1.6308105e-07,0,0.10522766
6qdc_HXE_A_1004,0.0014868794,0.94070004,0.11904429,0.12200182,0.016836085,0.20270125,0.18378829
6qde_HWW_A_502,0,0.92510741,0.11920823,0.1216925,0,0.19249016,0.18243695
6qhu_FAH_A_401,0.95298176,0.95389507,0.1431854,0.1480541,0.93570513,0.63294804,0.18881233
6qli_4LR_A_301,0,0.8430435,0.12161565,0.12289127,0.075820346,0.19924967,0.18166684
6qni_GLC_A_402,0,0,0.13887238,0.12108607,3.0515154e-05,0,0.14031218
6qnj_GLC_A_402,0.98690736,0,0.1565397,0.13185822,2.8243893e-05,0,0.10362241
6qo4_97T_A_301,0.33094554,0.99258974,0.13504002,0.13986174,0.99576951,0.00093715661,0.19656477
6qo4_97T_B_301,0.9439596,0,0.1661065,0.1467903,0.99763953,0.00094619977,0.00094564925
6qol_JB5_B_301,0.00073635277,0.99321922,0.11898047,0.12087147,0.00061054468,0,0.17841654
6qor_JBK_A_301,0.99854079,0.95783462,0.13746443,0.13202224,0.0087774616,0,0.14122436
6qor_JBK_B_301,0.99780293,0.981224,0.13695946,0.13205687,0.010140233,0.0057960449,0.14240895
6qot_6SD_B_301,0,0.99433931,0.1290709,0.136224,0.99437303,0,0.20886487
6qqs_JCZ_A_301,0.53484623,0,0.15860392,0.14233153,0.99681659,0,0.1508989
6qqs_JCZ_B_301,0.92756935,0,0.15547723,0.1312102,6.3193828e-06,0,0.10582772
6qrn_RIP_A_500,0.026538018,0,0.14899264,0.13658447,0.97174706,0.051348744,0.17054844
6r0i_JNB_A_901,0.99443317,0.99332085,0.14190492,0.15063546,0.98931382,0.989335,0.2009642
6r4j_GLU_A_704,0,0,0.13887206,0.1210856,0,0,0.14031125
6r5o_BGC_A_802,0.0020964094,0,0.1389096,0.12110849,1.0989753e-07,0,0.14023331
6r5o_BGC_B_801,0.99279429,0.90896179,0.1385839,0.13227335,0.029728356,0,0.14003054
6r5o_BGC_B_802,0.066333765,0,0.14005958,0.12180967,2.0561331e-06,0,0.13784525
6r6i_H50_A_201,0,0.78044657,0.12431994,0.1255129,0.23584167,0.24300623,0.18523068
6r6i_H50_B_201,0.76088164,0.98586324,0.13357074,0.13199514,0.15044841,0.10882517,0.15855386
6r73_LMP_A_301,0,0,0.13887206,0.1210856,0,0,0.14031125
6r73_LMP_B_301,0.47154947,0,0.14783605,0.12702512,0.051271179,0,0.124348
6r7w_CIT_A_406,0.96275909,0.72064174,0.14227577,0.1323608,0.060461382,0,0.13402432
6rbr_JXN_A_302,0.98075432,0.95237674,0.13733382,0.13201088,0.019195882,0.0050360289,0.14215933
6rbx_JYT_A_301,0.98338246,0.97331559,0.14281028,0.14046043,0.57371739,0,0.15864059
6rgg_K3Q_A_401,0,0,0.1390565,0.12136538,0.018100136,0,0.14086455
6rgg_K3Q_A_402,0.00075329736,0,0.1388926,0.12110452,0.00069195418,0,0.1403044
6rgg_K3Q_A_403,2.8875836e-06,0,0.13887437,0.12108906,0.00022155766,0,0.14031791
6rgg_K3Q_B_401,0.034880406,0,0.13968153,0.12174703,0.01816007,0,0.13956965
6rgg_K3Q_B_402,0.0071367634,0,0.13900156,0.12116614,0.00017064237,0,0.14005114
6rgg_K3Q_B_405,0.081699856,0,0.15036837,0.13720064,0.9848106,0.00022295567,0.16738485
6rgr_RM4_A_402,0.054839278,0.94657568,0.12744474,0.13276321,0.70274651,0.1190003,0.19959841
6rgr_RM4_A_403,0.22235516,0.96693027,0.12133991,0.13014136,0.23026258,0.89676992,0.20271352
6rhc_K48_A_305,0.9953123,0.96944913,0.14235064,1.444832e-25,0.9896873,0.98979112,0.20001578
6rhk_K4B_A_302,0,0.97478261,0.12597097,0.13093136,0.6516732,0,0.19763853
6rlt_MLI_B_512,0.98949235,0.81859592,0.14130744,0.13382539,0.12911536,0.0090871861,0.13997084
6rq3_OUC_A_401,0.028560803,0.9571468,0.11905998,0.12200965,7.8062697e-06,0.19515417,0.18270758
6rum_TOP_A_301,0.99616858,0.9743454,0.14682057,0.14645516,0.95067302,0.0078148814,0.16995894
6s23_KSW_A_402,0.22710281,0.97221637,0.12249103,0.12404137,2.0806847e-06,0.15828242,0.17484378
6s23_KSW_A_403,0.20075418,0.99324105,0.12165877,0.12402257,0.013875394,0.17455515,0.17753121
6s37_SAL_A_601,0.99590925,0.9883116,0.13668521,0.13187407,0,0.0042454246,0.14241129
6s4h_KUQ_A_901,0.99250904,0,0.15963145,0.14243294,0.55387147,0.53144596,0.1360635
6s51_KVQ_A_901,0.92601743,0.99396802,0.14566805,0.14635045,0.99558929,3.1085023e-08,0.17446179
6s7u_KZK_A_501,0,0,0.13887206,0.1210856,3.3737824e-11,0,0.14031125
6s7u_KZK_C_501,0,0,0.14712287,0.13360173,0.80972588,0,0.16506346
6s9g_L1Q_A_305,0.99700611,0.97132235,0.14202089,0.15016071,0.95528941,0.99422471,0.19912892
6s9g_L1Q_A_306,0.94764216,0.86333119,0.13847664,0.13131635,0.0021964177,0,0.13872031
6sds_L8N_A_302,0.98422833,0.98793427,0.14680551,0.14694844,0.99307996,0,0.17198947
6si4_LEK_A_402,0.94630379,0.99375653,0.14592053,0.1463976,0.98431142,0,0.17335475
6sux_BEN_A_302,0.99755928,0.99561953,0.14194744,0.15079012,0.99563407,0.99569921,0.20131763
6svu_BEN_A_302,0.99585252,0.99658208,0.14188363,0.15074292,0.99395164,0.9950621,0.20134775
6sxr_KHP_A_506,0.97275358,0.94644052,0.13719142,0.13169122,0.0052276365,0,0.14165874
6syz_M1E_A_601,0.99781947,0.9932638,0.13670408,0.13207296,0.010496457,0.0091374483,0.14298759
6syz_M1E_B_601,0,0.99006114,0.12420043,0.13990388,0.99566072,0.99583611,0.23819489
6sz3_M1H_B_601,0.00048584639,0.9731615,0.11988098,0.12163628,0.049964074,0,0.17916482
6szt_M4Q_A_601,0,0.30764856,0.13275144,0.12108483,0.0045914643,0,0.15225736
6szt_M4Q_B_601,0.037841621,0.98712058,0.11861792,0.122181,0.0031281087,0.20241365,0.18384001
6t02_M5E_A_601,0,0,0.13888831,0.12111025,0.0015942901,0,0.14035998
6t02_M5E_A_602,0.00016206908,0,0.13887497,0.12108738,2.5297171e-07,0,0.14030523
6t02_M5E_B_601,0,0.99082976,0.11992914,0.12225128,0.090342279,7.7953203e-05,0.1810975
6t0a_M58_B_601,0.88004269,0,0.15462635,0.13069135,0,0,0.1075944
6t0m_GOZ_A_305,0,0.98022933,0.12444329,0.12877829,0.51246344,0,0.19359209
6t10_M6Z_A_601,0.99516666,0,0.16648315,0.14680789,0.9613588,0,0.13270194
6t10_M6Z_B_601,0,0,0.13887206,0.1210856,2.2701391e-10,0,0.14031125
6t5p_VD8_A_302,0.99121313,0.88937562,0.14392384,0.15061541,0.98868421,0.98949598,0.19708061
6t5p_VD8_C_302,0,0.88272155,0.12634787,0.13988541,0.99362511,0.99255884,0.23391665
6t5p_VD8_D_302,0.99554728,0.96797953,0.14244475,0.15069948,0.99169574,0.9918212,0.20009668
6t9c_MX8_A_501,0,0.9766465,0.11810074,0.12173518,0,0.20623235,0.18485504
6tbx_N0Z_A_302,0,0.98603214,0.11916385,0.12094471,0.0057607347,0,0.17832555
6tbx_N0Z_B_302,0.99118029,0.98663721,0.1373764,0.13328927,0.087669676,0.037889585,0.14609839
6tbx_N0Z_C_303,0.99274841,0,0.15806359,0.13407503,0.13931925,0,0.1076632
6tbx_N0Z_D_302,0,0.98290155,0.11973986,0.12172402,0.056130628,0,0.17974516
6tgi_N8Z_A_508,0.99346529,0,0.15684888,0.13222072,0.018848965,0,0.10395394
6tgi_N8Z_B_508,0.99641959,0,0.15690359,0.13225574,0.019028467,0,0.10384959
6tgl_LVP_B_201,0.98485135,0.98655078,0.13651393,0.13176017,1.9877009e-06,0.0060539351,0.1428061
6to7_SUV_A_401,0,0.9844912,0.12930265,0.13627837,0.9977419,0,0.20858994
6to7_SUV_B_401,0,0.98395451,0.1293094,0.13627241,0.99734801,0,0.20855731
6tog_NQH_A_201,0.97943118,0.99100723,0.14655757,0.14674297,0.98322104,0,0.17198436
6toj_NQQ_A_201,0.97418721,0.98904011,0.14108655,0.13846945,0.45164225,0,0.15585418
6tol_NQW_A_201,0,0,0.13888166,0.12110015,0.00094125083,0,0.14034002
6tor_PMP_A_504,0.98598829,0.98341715,0.13660275,0.13176911,0,0.0049835057,0.14260992
6tot_NRK_A_401,0,0.97666494,0.12298788,0.13665401,0.80648131,0.90634678,0.22925094
6tot_NRK_B_401,8.9394841e-07,0.97663485,0.12334153,0.13685717,0.82665079,0.8767863,0.22899197
6tt4_BMA_C_3,0,0,0.13887207,0.1210856,3.533859e-08,0,0.14031125
6tt4_FT8_A_709,0.99238354,0.93501598,0.14797043,0.1469862,0.98896537,0,0.16952981
6tt4_FT8_B_711,0.43769216,0.94421967,0.13788451,0.14097281,0.99176423,0,0.19059
6u30_PQM_A_501,0.88886852,0.96138617,0.13523939,0.13076308,0,0.019110067,0.14576871
6u6c_P1T_D_505,0.97175868,0.92609289,0.14767754,0.14660759,0.97890094,0,0.1696465
6u6c_P1T_F_805,0,0,0.14885753,0.13623315,0.97996394,0,0.17026741
6u6c_P1T_H_504,0.93312254,0.93915945,0.14671009,0.14616182,0.97754211,0,0.17154273
6u6c_PZV_F_802,0.82493413,0.9741068,0.1440876,0.14499531,0.97899957,0,0.17695042
6ufd_Q6D_A_305,0.99286006,0.97896061,0.1430105,0.14078057,0.58782142,0,0.15893601
6uo7_QCP_A_504,0.9840092,0.95007497,0.14633889,0.14510167,0.87318732,0,0.16687984
6uqd_QF4_A_501,0,0.91513294,0.11942256,0.12168424,4.0563183e-10,0.18983061,0.18196897
6ur0_ETM_A_401,0.75018752,0.76054029,0.13693243,0.12918626,0,0,0.14233202
6ur0_ETM_B_401,0.98154439,0.96809039,0.13688502,0.13178392,0.004351588,0.0034557998,0.14225944
6urx_JMG_A_316,0.99728875,0.98789856,0.13736247,0.13315112,0.075619508,0.032416047,0.14540435
6uvj_QJ1_A_205,0.90871613,0.99132732,0.14527993,0.14596298,0.98269995,0,0.17460964
6uxr_K6G_B_202,0,0.89948728,0.11976167,0.12167701,0.00034241582,0.18578826,0.18124882
6uzr_QM1_B_301,0.017598742,0.98665208,0.12955226,0.1364364,0.99557091,0,0.20795224
6v1e_5SW_A_301,0.98806437,0.97313131,0.14677517,0.14639341,0.95424,0,0.17009152
6v8n_QS1_A_1704,0,0.99183913,0.12840914,0.13514468,0.92450931,0,0.20663329
6v9f_QTS_B_2001,0.99519611,0.99388312,0.9756022,0.1363195,0.2794519,0,0.14893323
6vei_9UO_B_502,0,0.97717331,0.12920778,0.13591362,0.97403451,0,0.20758442
6vlu_CIT_A_701,0.32936247,0.5216739,0.13410857,0.12471254,0.00025217842,0.017186651,0.14930123
6vmz_NAG_A_402,0,0,0.13955884,0.12212783,0.067424982,0,0.14237327
6vmz_NAG_E_402,0,0,0.13887209,0.12108565,2.8668874e-06,0,0.14031134
6vmz_R3P_A_404,0,0.88964592,0.13068412,0.13551184,0.94672091,0,0.20339069
6vmz_R3P_C_404,1.4709773e-07,0.95983833,0.11846192,0.12172126,0,0.20175065,0.18406644
6vmz_R3P_E_403,2.4401517e-07,0.94925063,0.11868943,0.1217125,0,0.19892757,0.18356968
6vo2_R67_A_403,0,0.85925299,0.12104202,0.12246152,0.04929356,0.19355136,0.18134972
6vo2_R67_B_403,0,0.92688462,0.11917004,0.12169397,0,0.19296403,0.18252033
6vv1_RMJ_A_501,0,0.97525195,0.11813094,0.12173449,2.8041633e-05,0.20587111,0.18479075
6vv9_RQ1_A_202,0.0013911405,0.96348996,0.11840979,0.1217385,3.9642595e-06,0.20243935,0.18417788
6vv9_RQ1_B_304,0.49085464,0.94839311,0.12859382,0.12788962,0.07095495,0.12441535,0.16522291
6w0x_S6J_A_301,0.96992206,0,0.1636964,0.1429905,0.7322208,1.1278973e-08,0.126636
6w0x_S6J_B_301,0.98126651,0,0.16599174,0.14628819,0.93755264,6.3441516e-09,0.13249097
6wdv_TWM_A_701,0.9648928,0.86864687,0.14831199,0.14594798,0.94020952,0,0.16651456
6wdw_TWV_A_701,0,0.91347871,0.12702568,0.13068134,0.63457327,0,0.19476332
6wiw_I14_A_601,0.97131085,0.89293307,0.13937151,0.13371247,0.12974085,0.032888729,0.14426883
6wiw_I14_B_601,0.95102656,0.84863349,0.13883785,0.13130197,3.7073442e-06,0,0.13779555
6x9d_HYP_B_2002,0.96682013,0,0.16026478,2.5376306e-46,0.99912904,0.99915074,0.99915038
6xeb_V1P_A_411,0,0,0.13893987,0.12118846,0.0066541823,0,0.14051466
6xim_XLS_A_397,0.99491317,0.96216152,0.137253,0.13189088,0.0029086705,0,0.14134555
6xim_XLS_B_397,0,0.96626568,0.12279736,0.13055162,0.52779664,0.4172419,0.20586613
6xim_XLS_C_397,0,0.96518031,0.11834713,0.12172569,0,0.20317505,0.18431708
6xim_XLS_D_397,0.99130531,0.97127908,0.13979695,0.1386612,0.38907336,0.26342687,0.16041521
6xp1_T2C_A_401,0.9852694,0.98470695,0.14668242,0.14664742,0.97282158,0,0.17120765
6xu3_GAB_B_402,0.0051727137,0.99025138,0.11922783,0.12108508,0.011252634,0,0.17846304
6xu3_PLG_C_401,0.98334706,0.93084,0.14336417,0.15014022,0.98537327,0.90009699,0.19621875
6xu3_PLP_D_401,0,0.98993726,0.12421246,0.13979718,0.99131844,0.98505485,0.23773851
6xzx_O5H_A_302,0.86854814,0.98847073,0.14314678,0.14329326,0.83830471,0,0.17157936
6xzx_O5H_B_302,0.97270403,0.98645791,0.14351708,0.14210264,0.6876984,0,0.16302614
6y4f_GLU_A_202,0.95041491,0,0.15803427,0.13473141,0.21139587,0.0011841873,0.11147532
6y4z_TLA_D_301,0.99618235,0,0.1657514,0.14768823,0.97516837,0.17848104,0.13836543
6yaw_P9H_A_301,0,0.95287341,0.12120267,0.12434674,0.19766221,0.11649187,0.18636487
6yaw_P9H_B_502,0,0.96220098,0.12485559,0.12885971,0.51745813,1.0750873e-06,0.19305298
6yk5_PVK_A_312,0.99633508,0,0.16704582,0.14735545,0.99743363,0,0
6yk6_OUB_A_311,0.99551536,0,0.16700365,0.14730486,0.99473959,0,0
6ypv_AKG_A_302,0.99691914,0.95992978,0.14606584,0.14510434,0.85743381,0.0292738,0.16716236
6yta_IYZ_A_702,0.98236373,0.9046758,0.14758681,0.14565142,0.90923012,0,0.16630063
6zi7_QR8_A_502,0,0.92625916,0.13045164,0.1362655,0.99600034,0.00012790121,0.20630588
6zi7_QR8_B_502,0.92980244,0.92592633,0.14709521,0.1464007,0.99513931,8.0220833e-06,0.17169651
6zi7_QR8_C_502,0.053298546,0.92444065,0.12959338,0.13404256,0.81453428,8.4784072e-05,0.1987062
6zi7_QR8_D_502,2.0707183e-06,0.90169411,0.11971738,0.12168494,0.00070660118,0.18651382,0.18136707
6zi7_QR8_F_503,0,0.91595984,0.13055879,0.13611853,0.98630957,0.00024311065,0.20561783
6zi7_RAM_D_503,0.007081322,0,0.13974707,0.12229839,0.073458542,0,0.14229449
6zjw_GAL_A_1101,0.99808136,0.95277401,0.13762634,0.13213503,0.016058939,0.00038866833,0.14130257
6zjw_GAL_A_1102,0.080685273,0.99699921,0.11919107,0.12257605,0.00020239148,0.19511927,0.18233517
6zug_QPW_H_1001,0.99218168,0.98546177,0.14700301,0.14704425,0.99362453,0,0.17161556
7a2h_QX2_A_401,0,0.9754679,0.11815248,0.12178616,0.0031100341,0.20709289,0.18492609
7ak3_RH8_A_501,0,0,0.14896684,0.13639896,0.99069143,0,0.17059534
7bp1_CAQ_A_401,0.99365204,0.99648061,0.14186822,0.15076284,0.99656832,0.996007,0.2015336
7bp1_CAQ_D_401,0.98569628,0.99593816,0.13632818,0.13177651,0,0.0083821947,0.14320998
7bqu_EF2_A_501,0.78958698,0.99578968,0.14320489,0.14488469,0.99712986,0,0.17965078
7bzm_GIM_A_501,0.99316825,0.84724148,0.14879024,0.14556828,0.89535569,0,0.16327084
7bzm_GIM_B_501,0,0.8692706,0.13069609,0.13491512,0.90780873,0,0.20141931
7c7g_FJR_B_402,0.99153711,0.99128371,0.13657056,0.1318948,0.0037554411,0.0073568887,0.14289203
7cne_SIN_A_402,0,0.73499798,0.1235677,0.12207468,0.032297775,0.15400042,0.17482953
7cwd_GAL_A_902,0.92003339,0.44292045,0.14646311,0.13102463,4.5540684e-06,0,0.12310455
7cwd_GLC_A_901,0,0.99043121,0.1191583,0.12107164,0.013983677,0.00023011238,0.17875253
7est_0Z2_E_1,0.97246926,0.94813664,0.14682031,0.14596089,0.93689354,0,0.16918188
7jis_VBS_A_1101,0.99470933,0.99448006,0.13652997,0.13186697,0,0.0061372678,0.1427525
7jo3_VGS_A_302,0.98560844,0.97441824,0.14213527,0.15060833,0.99243681,0.99382982,0.20079531
7joc_ARZ_A_302,0.98923768,0.98719574,0.14660516,0.14654087,0.96316359,0,0.17086039
7kje_NRD_A_405,0,0.66866689,0.12471872,0.12148016,0,0.12411385,0.17040535
7kjg_BTM_A_406,0.98037926,0.97567133,0.13666312,0.13170565,0,0.0040733107,0.14248863
8cpp_TCM_A_422,0.078946401,0.99610981,0.11954808,0.12328694,0.043855689,0.21173001,0.18414189
8icd_ICT_A_418,0.86263823,0.93969954,0.13547588,0.13100265,0.03138311,0.030584281,0.14715844
