PDB_CCD_ID,surfdock,unimol,diffdock,diffdock_l,gnina,autodock,smina
19gs_BSP_A_210,0.007388756,0.98557239,0.03427471,0.22240985,0.0039881531,0.15190967,3.9076459e-06
1a49_OXL_A_533,0.98958419,0.93781074,0.037075258,0.23492334,0.00010669079,0.042633187,4.3796092e-05
1a49_OXL_D_2333,0.99569192,0.96645288,0.037235163,0.23554554,9.8789352e-05,0.047323123,2.9561683e-05
1a59_CIT_A_379,0,0.93714712,0.034080494,0.22166658,0,0.14939733,0.0063502094
1a9r_HPA_A_290,0,0,0.035184122,0.21342762,0.9870541,0.22001477,0.22012759
1ac4_TMT_A_296,0,0.98176216,0.036377769,0.219791,0.95959659,0,0
1aej_NVI_A_296,0.82686768,0.98628294,0.036947208,0.23358161,0.04936543,0.067440625,0
1aer_TIA_B_700,0,0,0.029986683,0.20385579,0.19126473,0,0
1aia_PMP_A_411,0.21621794,0,0.045015927,0.2478872,0.95144949,0.89941294,0.95587966
1aiq_CB3_A_266,0.93128278,0,0.033219529,0.21777449,0.18852995,0,0
1aiq_UMP_A_265,0.97899523,0.81022196,0.038915551,0.23162391,0.90941846,0,0
1aiq_UMP_B_266,0.96432939,0.82428014,0.039148835,0.23251133,0.90938269,0,0
1aj8_CIT_A_1000,0,0.93700491,0.045856949,0.26169837,0,0.96473294,0.96176815
1ajs_PLA_A_415,0.9487998,0.96056931,0.047108495,0.25913781,0.9641239,0.5651754,0.59314122
1amq_PMP_A_413,0,0,0.031808054,0.20724773,0.4671525,0.11153272,0.026502741
1anc_BEN_A_384,0.010602554,0.8829061,0.033537631,0.21972497,4.0040124e-06,2.1297789e-07,0.091806031
1aog_MAE_A_501,0.99516562,0.89660671,0.036709371,0.23358021,0.0026800362,0,0
1aua_BOG_A_1,0,0,0.031624931,0.21137536,1.1729994e-07,0.13140972,0.10729307
1aua_BOG_A_2,0.15718129,0,0.031983656,0.21308433,9.016949e-09,0.10605256,0.081759602
1axg_ETF_A_404,0,0.95193289,0.048204594,0.26025015,0.92941759,0.92673304,0.92999069
1axg_ETF_B_404,0.99135464,0.98447323,0.052560707,0.27769355,0.9805795,0.97389817,0.97820694
1axg_ETF_C_404,0.99069673,0.96246439,0.051675234,0.27522469,0.92264914,0.92464831,0.93178758
1axg_ETF_D_404,0.41097855,0.97108532,0.049591676,0.26595768,0.96158857,0.90992849,0.91311732
1bcs_ARG_A_426,0,0,0.03162493,0.21137536,7.4498829e-08,0.13140972,0.10729307
1bit_BEN_A_246,0.97175269,0.94326616,0.042478122,0.2532443,0,0.42904126,0.45042671
1bit_BEN_A_247,0.010075766,0.83814091,0.033532796,0.21882794,0.077347776,1.2489247e-07,0.08377999
1bo8_U_A_318,0.95434796,0,0.03565276,0.21798521,0.98765853,0,0
1bqp_MAN_B_401,0.97770897,0.96333196,0.052683073,0.27785792,0.99689744,0.99240612,0.99227775
1ca7_ENO_A_501,0,0.90604403,0.045798252,0.25157825,0.97297985,0.97256644,0.53163124
1ca7_ENO_C_701,0.97770249,0.90243739,0.051959511,0.27566557,0.95822014,0.96444004,0.96569604
1cdk_MYR_A_403,0.97867701,0,0.044177598,0.24745904,0.94718211,0.65871296,0.66112392
1cdk_MYR_B_403,0.9745238,0.88011681,0.051324906,0.27470783,0.83482987,0.95143516,0.95304053
1cgk_NAR_A_390,0,0,0.03162493,0.21137536,0,0.13140973,0.10729307
1cib_HDA_A_437,0,0.93051469,0.042506869,0.24043384,0.95844255,0.0043340843,0.956209
1cib_IMP_A_440,0,0.40612067,0.034650379,0.22245682,0.00021334828,0.28407291,0.26434341
1ck6_SHA_A_900,0.98848707,0.98775244,0.037144003,0.23525121,3.130899e-07,1.3620498e-09,0.016742277
1cq1_BGC_B_455,0.66765475,0.94477314,0.036112168,0.23066022,0.00039786642,0.076880445,6.5070003e-05
1d3g_ORO_A_399,0.20925065,0,0.032522049,0.2134112,0.16362501,0.092068257,0.071298011
1d6u_HY1_A_2001,0.99426473,0.99667157,0.040084505,0.23515455,0.99548726,0.0056933056,0.0063647831
1d6u_PEA_A_2003,0.99015159,0.97472167,0.037083655,0.23502441,9.891639e-06,4.9888501e-05,0.013985775
1d7a_AIR_A_300,0.67609753,0.96195378,0.036226784,0.23109542,0.0020084039,0.079130272,3.2892273e-06
1d7a_AIR_B_350,0.95471767,0.88806388,0.036727976,0.2335072,0.0024426256,0.036870878,1.3100869e-06
1d7a_AIR_C_400,0,0.9257566,0.033945771,0.2211849,1.1507757e-06,0.14160361,1.1449563e-06
1d7a_AIR_D_450,0.97994517,0.91292722,0.036921909,0.23432141,1.5505939e-06,0.038955134,1.6476325e-06
1daf_DSD_A_225,0.87448279,0.98706643,0.036782236,0.23366426,0,1.4507832e-06,0.027832483
1dai_DSD_A_225,0.89260721,0.98709623,0.036839341,0.233915,0,7.4889794e-07,0.026052848
1diw_GAL_A_1400,0,0.97379023,0.034197045,0.22212968,0.0009117094,0.15138846,0.00096965744
1dna_CB3_A_601,0,0,0.03162493,0.21137536,1.4744818e-11,0.13140973,0.10729307
1dna_CB3_B_602,0.91066295,0,0.033799252,0.22122192,0.037427377,0,0
1dpm_EBP_A_900,0,0.74387868,0.034350088,0.2159676,0.60968361,0.00021876715,0.00024718902
1dpm_EBP_A_901,0.00036292408,0.9780366,0.03407218,1.7996752e-59,5.190402e-06,0.14339178,4.2039891e-07
1dpm_EBP_B_902,0.75421767,0.91797723,0.036055355,0.23067474,0.00014395142,0.00015149946,0.025822945
1duc_DUD_A_201,0.49790609,0,0.032871126,0.21672625,0.042842225,0.049623222,0.025885736
1dxy_COI_A_404,0.96684591,0.94556853,0.036878381,0.23413512,0.0057999504,2.555098e-06,0.010403008
1dy3_87Y_A_201,0,0.97766173,0.049244981,0.26325416,0.98708305,0.98728064,0.9870738
1e26_GPB_A_208,0.61697191,0.98369541,0.038680337,0.23012371,0.90321794,0.074263974,0
1e2j_THM_A_500,0.98420793,0,0.033871686,0.22207596,0.0002166641,0,0
1e2j_THM_B_500,0.98410595,0,0.033048756,0.21858414,0.068098697,0,0
1e2s_CSN_P_701,0.89353797,0.29911644,0.033878134,0.22213132,0.029593188,0,0
1e48_13P_P_302,0.85673679,0,0.034855933,0.21655304,0.83234214,2.7996094e-05,0
1e5f_PLP_A_405,0.4238894,0,0.032592348,0.21598414,0,0.06302605,0.038433936
1e5f_PLP_B_405,0.39337695,0,0.03891914,0.2272977,0.99235377,0.40030985,0.4022451
1e7h_PLM_A_1007,0.99092652,0.96956467,0.0370592,0.23493321,0,0,0.012816731
1e8g_FCR_B_601,0.99606219,0.97599423,0.037190705,0.23473273,0.066671352,0,0
1e8m_P0H_A_724,0.97430306,0.88926204,0.03740777,0.233658,0.22087112,0.031463597,0
1ei6_PPF_A_410,0.97993212,0.83340009,0.042665815,0.24930261,0.43038769,0.3902304,0.39004258
1ei6_PPF_C_413,0,0.85570918,0.033748722,0.21982729,0.051749333,0.018047647,0.10524565
1ei6_PPF_D_412,0.99636031,0.88534888,0.052343834,0.27683753,0.97372118,0.99174824,0.99170829
1eow_U2G_A_130,0,0,0.031105583,0.20379207,0.57127266,0,0
1euu_GAL_A_2,0.052775123,0.74695083,0.036368934,0.22833433,0.08592342,0.26003484,0.25925457
1eyw_PEL_A_404,0.0035114931,0.96758981,0.034590425,0.22192363,0.15232892,0.14649622,0
1eyw_TEN_A_403,0.98636349,0,0.040857852,0.2424191,0.33580396,0.54223483,0.53925373
1f5f_DHT_A_253,0.98975694,0.99476085,0.03998894,0.23478945,0.99767391,0,0
1fdk_GLE_A_150,0,0,0.03162493,0.21137536,6.3696569e-10,0.13140973,0.10729307
1fds_EST_A_350,0.99721255,0.83103234,0.036422416,0.2323876,0.011396672,0,0
1fm8_DDC_A_501,1.2272612e-05,0.99245385,0.034274503,0.22244112,6.0014969e-08,0.15400704,0
1foi_14W_A_810,0,0.99540042,0.034288995,0.22249645,2.4001213e-06,0.15455643,1.1915409e-07
1foi_14W_B_810,0,0.99301916,0.034277252,0.2224516,8.0473767e-08,0.15411349,5.5407762e-08
1fp2_HMO_A_2000,0,0.92100725,0.033698006,0.2203153,3.7590801e-09,0,0.10057021
1fqo_F6R_B_2268,0.94851056,0.94831394,0.039650166,0.23477409,0.8639032,0.025836928,0.034743563
1fs5_16G_A_1267,0.22979798,0.97451995,0.034898812,0.22524039,1.2464404e-07,0.12716096,5.5937244e-08
1fsa_F6P_A_338,0.98133986,0.91052122,0.036996085,0.23427719,0.029052086,0.037894316,1.454127e-05
1fsa_F6P_B_338,0.96123392,0.97265526,0.03992154,0.23456491,0.9842941,0.035661535,2.1935784e-05
1fuq_CIT_A_1001,0.7328087,0.89260135,0.035858119,0.22988666,1.6959119e-05,0.0001074462,0.022745934
1fuq_CIT_B_1002,0.42350044,0.9669304,0.035462279,0.22774214,2.677879e-06,0.10593674,6.8308857e-06
1fwn_PEP_A_1268,0,0.97246389,0.036251424,0.21977032,0.91753597,0.002611054,0.0030251786
1fwn_PEP_B_2268,0.9953144,0.96362355,0.039565098,0.23447341,0.882534,0.0020669718,0.0020633448
1g4s_TPS_A_2001,0.98867079,0.9833517,0.040091007,0.23518331,0.99070117,0.035724575,0.0011261879
1g4s_TPS_B_2002,0,0.98254196,0.046458,0.26383673,0,1,0.98985005
1g6n_CMP_A_621,5.0567369e-07,0.99572185,0.036542214,0.2200134,0.99550708,0,0
1g6n_CMP_B_622,0,0.99243928,0.036519099,0.21996021,0.99234586,0,0
1g6t_S3P_A_601,0.99198286,0.96177999,0.051361067,0.98003328,0.41918545,0.99608154,0.99609102
1g72_PQQ_A_701,0,0,0,0.24477804,0.99211557,0.83799309,0.99066592
1g72_PQQ_C_703,7.0264733e-06,0,0.044453613,0.24487612,0.99263592,0.8399728,0.99238536
1g79_PLP_A_260,8.7059167e-05,0.90095242,0.033613067,0.21993714,0.0047690718,0.00022594588,0.096775106
1g8z_GAL_D_104,0.94144543,0.97509055,0.036932652,0.23435754,0.00023796911,1.3857291e-05,0.018825897
1g8z_GAL_G_104,0.99236488,0.95916607,0.038584317,0.23431801,0.56838283,3.1330551e-07,3.1325451e-07
1g8z_GAL_H_104,0.96352562,0.96128231,0.036933158,0.23439532,0.00068052065,1.6188243e-05,0.013861326
1gck_PLP_B_913,0,0,0.03162493,0.21137536,0,0.13140973,0.10729307
1gey_PPE_A_413,0,0.3231616,0.032289408,0.21073954,0.36071842,0.036351563,0
1gim_HDA_A_438,0,0.95115893,0.041554821,0.23983656,0.72330822,0.93288062,0.010349419
1gim_IMP_A_440,0,0.40612071,0.03465045,0.22245685,0.00023428362,0.28407307,0.26434405
1giu_ADE_A_300,0.98646955,0,0.033957542,0.22079394,0.1552893,0.049243801,0.0500229
1gkc_NFH_A_1448,0.99085417,0.97566059,0,0.23447979,0.98274896,0,0
1gsi_TMP_A_1210,0.97981491,0,0.033790839,0.2184769,0.32520119,0,0
1gsq_GDN_A_203,0.73101184,0.95409597,0.036352761,0.23169847,1.0867999e-07,0.072085053,5.0084023e-06
1gz5_G6P_A_901,0.70041485,0.76860813,0.038240939,0.23751611,1.6373853e-06,0.25979201,0.24190848
1gz5_G6P_B_901,0,0.40612031,0.034649662,0.22245649,1.2221562e-06,0.28407133,0.26433694
1gz5_G6P_D_901,0.82702458,0.83413285,0.038890111,0.24023834,1.2766772e-06,0.25540318,0.23785421
1gz5_UDP_C_900,0.95703959,0.95589697,0.039655479,0.23422973,0.92366707,0.033960209,0
1gz5_UDP_D_900,0,0.96637626,0.036420653,0.22143385,0.81032892,0.13570943,0
1h0v_UN4_A_1299,0,0.93373407,0.036217768,0.21900275,0.97385433,1.049296e-08,1.0691243e-08
1h18_DTL_A_9009,0.99448401,0,0.033999677,0.22212807,0.040986001,0,0
1h18_DTL_A_9010,0.99086552,0,0.033935267,0.22212075,0.019086985,0,0
1h18_DTL_B_9009,0.99240068,0,0.033889834,0.22216535,2.0181051e-06,0,0
1h18_DTL_B_9010,0.97209303,0,0,0.22182173,0.053475467,0,0
1h18_PYR_A_1001,0,0.98341294,0.036955222,0.22197869,0.9379037,0.048925837,0.048898879
1h1i_QUE_A_1358,0.99344516,0.83971383,0.039595009,0.23329874,0.99450636,0,0
1h1i_QUE_B_1356,0.99406393,0,0.033893625,0.22218343,0,0,0
1h1i_QUE_D_1357,0.99102434,0,0.033886687,0.22215039,0,0,0
1h1m_KMP_A_1360,0,0.98834119,0.036486443,0.21989403,0.98710826,0,0
1h1m_KMP_B_1358,0,0.99018301,0.034263273,0.22239819,0,0.15358592,0
1h1m_KMP_C_1358,0,0.98772055,0.036499965,0.21988296,0.99258705,0,0
1h48_C5P_A_203,0.99086604,0.92561991,0.039599246,0.23368057,0.9627664,0,0
1h48_C5P_B_901,0,0.95327625,0.036346691,0.21931985,0.98972785,0,0
1h48_C5P_E_901,0.98758089,0.95238654,0.039663166,0.23407156,0.95012735,0,0
1h48_C5P_F_901,0.9961927,0.85419986,0.039355704,0.23258939,0.97576667,0,0
1h48_CDI_A_201,0,0.31856767,0.034191626,0.21088657,0.99373842,0.0002693897,0.00028864406
1h48_CDI_B_902,0.90556716,0.96987863,0.05194688,0.27550972,0.96092771,0.96053776,0.9614032
1h48_CDI_C_902,0.89463906,1,0.052566143,0.27731216,0.99347825,0.99423717,0.99475667
1h48_CDI_F_902,0,0,0.032344489,0.2037226,0.99193123,2.3997231e-05,2.4271278e-05
1h48_GPP_C_904,0.96648463,0.82746939,0.036527952,0.23180784,0.08741935,0.015510115,0
1h48_GPP_E_904,0,0.40624225,0.034890961,0.22256572,0.071346744,0.2846023,0.26651437
1h5r_G1P_A_1294,0.84403737,0.8713916,0.041367929,0.24523376,0.3542036,0.3446321,0.345579
1h5r_G1P_B_1294,0.9828736,0.83418172,0.039468308,0.2330356,0.97336326,2.5445998e-06,0.00032358229
1h5r_G1P_C_1294,0,0.40612033,0.034649712,0.22245652,1.6174966e-05,0.28407144,0.2643374
1h5r_G1P_D_1294,0,0.40612031,0.034649658,0.22245649,0,0.28407132,0.2643369
1h5r_THM_A_1292,0.99569826,0,0.033897397,0.22220118,1.6440774e-05,0,0
1h5r_THM_A_1293,0.98071657,0.83548593,0.038191569,0.23280293,0.56096788,0.017701751,0
1h5r_THM_B_1292,0.95763577,0,0.033810587,0.22178731,3.9230732e-05,0,0
1h5r_THM_C_1292,0,0,0.032051796,0.21113193,0.16647514,0.12572821,0.10525505
1h5r_THM_C_1293,0,0,0.031625549,0.211375,0.00024132294,0.13140149,0.10729012
1h5r_THM_D_1292,0.98919434,0,0.0339797,0.21860818,0.37825773,0,0
1h5r_THM_D_1293,0.45179086,0,0.033882075,0.21047562,0.9802655,0,0
1h69_ARH_A_1275,0,0,0.031624931,0.21137536,1.7418503e-07,0.13140972,0.10729307
1h69_ARH_B_1275,0,0,0.032094035,0.20373587,0.90696923,0,0
1h69_ARH_C_1275,0,0,0.031624942,0.21137535,4.7567371e-06,0.13140956,0.10729301
1h7q_TYD_A_1258,0.55942237,0,0.032901992,0.21745756,0.00012674876,0.041156957,0.016415594
1h82_GZZ_A_590,0,0.94736517,0.03405225,0.22159181,0,0.14562183,2.9702904e-08
1h82_GZZ_B_590,0.95906774,0.96076084,0.038317658,0.23465935,0.43630952,0.042745696,2.0652725e-10
1h82_GZZ_C_590,0,0.95350798,0.034804999,0.22154361,0.25737024,0.14249299,9.9680363e-09
1h8p_PC_A_1110,0,0.87982616,0.036031618,0.21811837,0.98762949,0,0
1h8p_PC_B_1110,0.98868054,0.91480008,0.037840888,0.23372825,0.36779961,0,0.0066619026
1h8p_PC_B_1111,0,0.9354496,0.033771826,0.22059451,0.00013547327,0,0.10349832
1hkn_N2M_D_5139,0.99528217,0.25884882,0.035771355,0.2291055,0,0.062183909,0.039597737
1ho5_ADN_A_1604,0.98369689,0.94587035,0.037325821,0.23577463,1.1532432e-06,0.061301551,0.018576343
1ho5_ADN_B_2604,0.97807602,0.97888497,0.038649486,0.24032549,6.0170552e-09,0.15311077,0.11377593
1hot_16G_A_269,0.00032804334,0.97630555,0.034195897,0.22214131,2.5018792e-08,0.15097118,3.6810302e-08
1hot_16G_B_271,0.27312227,0.968443,0.035003236,0.2257174,4.3482707e-07,0.12159793,4.207831e-08
1hq2_PH2_A_181,0.99671125,0.96316756,0.039872624,0.23437688,0.99507507,0,0
1hsb_ALA_C_1,0,0,0.03162493,0.21137536,0,0.13140973,0.10729307
1hsr_BHO_A_800,0.99664928,0.99188539,0.037190676,0.23544379,2.819143e-06,7.1842033e-10,0.016775883
1if4_FBS_A_555,0.99666889,0.98795365,0.039976604,0.23478182,0.99503764,0,0
1ij8_BNI_A_501,0.74154892,0.95511663,0.036395251,0.23186023,0.0017244195,0.071163707,0
1ij8_BNI_B_502,0.83194396,0.95623627,0.037202047,0.23299722,0.18729102,0.059043517,0
1iki_REY_A_400,0.85864645,0,0.034725564,1.2379981e-07,0.81633863,0,7.6439142e-08
1iri_E4P_A_601,0.99636509,0.95515978,0.049253218,0.26830339,0.79336733,0.74289572,0.79536845
1iri_E4P_B_602,0.98966565,0.95990547,0.046584073,0.26728821,0.00065815938,0.72537698,0.7592962
1iri_E4P_C_603,0.99298605,0.96082443,0.047002028,0.68941631,0.323562,0.68958416,0.69132489
1iri_E4P_D_604,0.99168967,0.97216147,0.051865964,0.27631768,0.88063136,0.91106555,0.98105833
1isx_XYP_A_1461,0.032025759,0.96506034,0.036967529,0.22169207,0.97624465,0.038512995,0.038516264
1isx_XYP_B_961,0.94605276,0.97208371,0.03995089,0.23470516,0.97528673,0.02122679,0.021229635
1itw_ICT_A_743,0.98770296,0.92865869,0.037026427,0.23472294,0.0010421281,0.041070544,2.0515986e-06
1itw_ICT_B_744,0,0.92113103,0.033961596,0.22108909,0.013753761,0.14051619,2.4540418e-06
1itw_ICT_D_743,0.98668586,0.78255559,0.036303311,0.2319575,0.0010759672,0.013998785,1.9571152e-06
1iwe_IMP_A_460,0,0,0.03162493,0.21137536,0,0.13140973,0.10729307
1iwe_IMP_B_1443,0.97852813,0,0.033886896,0.22199814,0.011203601,0,0
1iwe_IMP_B_1452,0,0,0.031627453,0.21137392,0.00098386525,0.13137615,0.10728103
1ixo_G3P_A_1001,0.86584543,0,0.033670795,0.22074956,0.027220164,0,0
1ixo_G3P_B_1002,0.83841247,0,0.034919777,0.21682525,0.82159133,0.025070372,0
1ixo_G3P_D_1004,0,0,0.031665019,0.2113525,0.015634324,0.13087615,0.10710167
1j0n_CEG_A_780,0,0,0.031624951,0.21137535,8.1131681e-06,0.13140945,0.10729297
1j0y_BGC_B_2601,0.9543416,0.98244992,0.052035649,0.27643948,0.91602912,0.92599403,0.99200104
1j0y_BGC_C_3601,0.99731894,0.97767278,0.043204197,0.24574052,0.99471414,0.25779535,0.25181758
1j0y_BGC_D_4601,0.99550916,0.9816682,0.05242719,0.27708841,0.99544638,0.92355181,0.99561829
1j3i_UMP_C_611,0.95413995,0,0.035601637,0.21798497,0.9705415,0,0
1j3i_UMP_D_711,0.98312368,0,0.035719375,0.21841718,0.97627229,0,0
1j3i_WRA_A_609,0,0.99015522,0.035957122,0.22201374,0.60342269,0.14357287,7.4726446e-06
1j3i_WRA_B_709,0.97842315,0.99489507,0.03831426,0.23561936,0.35374769,0.048492127,8.4858114e-06
1j3k_UMP_C_611,0.98438715,0,0.035778308,0.21843296,0.99479399,0,0
1j3k_WRA_A_609,0.97624103,0.9934278,0.042505241,0.24349497,0.97867757,0.21504041,0.19799587
1j3k_WRA_B_709,0.98990463,0.99566085,0.038170878,0.23821402,0.054633894,0.099858867,0.05307699
1j54_TMP_A_2000,0.98734221,0,0.035659012,0.2184845,0.95078537,0,0
1ja9_PYQ_A_406,0,0.97089405,0.033992236,0.22127551,0.013991928,0,0.11085808
1jf0_CZH_A_197,2.1247351e-08,0.32394516,0.034414563,0.21164849,0.99456484,0.03966768,0
1jho_NIO_A_991,0.74250038,0.99493667,0.038254506,0.23114684,0.70059852,0,0
1jhv_NIO_A_991,0.74166281,0.99598565,0.039104586,0.23110316,0.98879985,0,0
1jhv_PCR_A_990,0.99831,0.99501148,0.037227585,0.23552546,0.0054470704,0,0.017315621
1jl0_PUT_A_401,0.045505925,0.90215522,0.042847566,0.24212555,0.92656634,0.62382934,0.41996822
1jla_TNK_A_999,0.9910065,0,0.035777036,0.21853327,0.9865385,0,0
1jtk_THU_A_138,0,0.95567749,0.048930766,0.26228531,0.97278509,0.97042791,0.97610867
1jtk_THU_B_1138,0.98802818,0.96226708,0.052318532,0.27695108,0.96714939,0.96836954,0.96875062
1jw0_GUA_B_999,0,0.88972707,0.035934834,0.21828837,0.9406064,2.5129456e-06,2.5623888e-06
1jyw_147_A_2001,0.98575778,0.83759103,0.036788741,0.23230336,0.13454226,0.015369553,0
1jyw_147_C_2001,0.97471888,0.83179109,0.036632136,0.23201645,0.10539402,0.015438771,0
1jyx_IPT_A_2001,0,0.62795329,0.046281096,0.25580548,0.64785474,0.94888341,0.98760474
1jyx_IPT_B_2001,0.98629703,1,0,0.27669099,0.98304585,0.9149505,0.98240995
1jyx_IPT_C_2001,0,0.62567768,0.047295555,0.25589378,0.98479017,0.94258996,0.97887138
1jyx_IPT_D_2001,0.99098755,1,0.052291138,0.27678898,0.9817712,0.91508198,0.98247548
1jyx_IPT_D_2002,0.00063084568,0.40646399,0.034686928,0.22248546,0.010063584,0.28412435,0.26462384
1k5s_GRO_B_601,0,0.96654426,0.048400382,0.26125308,0.89925485,0.94406847,0.94707091
1k8z_IAG_A_501,0.99442625,0.96225639,0.037049454,0.23483845,0.0056558862,0,0.011063811
1kae_HSO_A_1001,0.97038463,0,0.048289315,0.26112228,0.9758712,0.97297035,0.97239001
1kar_HSM_A_502,0.0014684532,0,0.030350456,0.2039513,0.30388834,0.0042535524,0
1kbq_936_A_703,0.99387654,0.98181182,0.037304586,0.23580883,6.7692787e-07,0.05034083,0
1kbq_936_C_701,0.99192282,0.9607106,0.03719453,0.23538476,8.1288974e-08,0.046615907,0
1kbq_936_D_702,0.98438844,0.98973226,0.037314221,0.23582845,1.055005e-05,0.052784638,0
1kdo_C_A_5407,0.96351685,0.97707829,0.039798912,0.23410935,0.98940465,0,0
1kep_TDX_A_3500,0.14504393,0,0.03195615,0.21295225,7.5800224e-05,0.10800802,0.083730339
1kfc_IPL_A_674,0.99350644,0.94924874,0.043061706,0.25146951,0.37737549,0.39129296,0.39167382
1ki2_GA2_A_1,0.95137752,0,0.033796204,0.22171932,0,0,0
1ki2_GA2_B_2,0.98928761,0,0.033883928,0.22213082,0.00046980284,0,0
1klk_PMD_A_653,0.99428941,0.98386265,0.039935918,0.23468018,0.98987492,0,0
1klz_U_A_2001,0.96733147,0,0.035640305,0.21818254,0.96808301,0,0
1km6_OMP_A_2001,0.97817557,0,0.04269337,0.24199088,0.98694232,0.39495242,0.60637307
1knu_YPA_A_1001,0.98339956,0.72652695,0.036013942,0.23085807,2.0392343e-09,0.0039298011,0
1kuj_MMA_A_501,0.97735509,0.94941724,0.052641259,0.27769549,0.99593486,0.99284993,0.994993
1kuj_MMA_C_502,0.99014569,0.94943352,0.052579427,0.27768437,0.98028587,0.98809704,0.99043813
1kuj_MMA_E_503,0.97973905,0.96051019,0.0526609,0.27783816,0.99148163,0.99229678,0.99216742
1kuj_MMA_G_504,0,0.96582449,0.049318332,0.26339387,0.99545417,0.99456837,0.99496109
1kwc_BPY_B_401,0.99651389,0.99116452,0.037368408,0.23602251,0.0030372542,0.051834108,8.2689359e-05
1kwu_MMA_A_501,0,0.95346127,0.036204691,0.21994992,0.88014446,0,0.027213787
1kwu_MMA_B_601,0.017913055,0.93323504,0.036359735,0.21991747,0.93648164,0,0.029012238
1kya_XYD_B_612,0.9916317,0.9752551,0.039885911,0.23449988,0.98832672,0,0
1kya_XYD_D_814,0.015163434,0.97004199,0.036480319,0.21982021,0.99324334,0,0
1l4f_150_A_990,0.99368633,0.98467331,0.03721139,0.23525649,0.022965378,5.2145705e-06,0.015906046
1l4f_NCN_A_991,0.9681295,0.99178363,0.040071123,0.23501061,0.99647566,0.038292118,0
1l4n_NIO_A_991,0.76503037,0.99500638,0.039165178,0.23143731,0.98315863,0,0
1l5o_2MP_A_990,0.99710042,0.99368906,0.037242412,0.23548046,0.014184438,0,0.017278936
1l5o_NCN_A_991,0.96830921,0.9930576,0.040067246,0.23503949,0.99265934,0.038574026,0
1lc8_33P_A_800,0,0.6266284,0,0.25604352,0.98265197,0.94581359,0.98291876
1ldo_SNR_B_350,0.98395114,0.97356556,0.037057619,0.23491428,0,0,0.014314387
1lfw_AEP_A_683,0,0.96861445,0.03415755,0.22199186,0.0002049184,0.14957077,0
1lnf_VAL_E_1321,0.98727058,0,0.035738875,0.21848109,0.97777478,0,9.7473339e-05
1lo3_AN1_Y_500,0.99192112,0.97975166,0,0.23572094,0,0.049766687,0
1lqp_FCN_A_4002,0.99596532,0,0.033897964,0.22220411,8.1180276e-09,0,0
1lqp_FCN_A_4004,0,0,0.031630943,0.21137193,0.0023448928,0.1313297,0.10726437
1lqp_FCN_B_4001,0,0,0.03162493,0.21137536,0,0.13140973,0.10729307
1lro_PEP_A_1268,0,0.97226163,0.035777866,0.22278082,0.46288175,0.036958221,0.1522055
1lro_PEP_B_2268,0.0035607623,0.9731796,0.041316643,0.24401665,0.22775219,0.49870086,0.59693929
1lti_GAL_D_104,0.99229857,0.92993194,0.052500466,0.27731249,0.98717018,0.98718053,0.98758186
1lti_GAL_E_104,0.99412383,0.96631519,0.051777806,0.2782179,0.66476972,0.99266592,0.99247915
1lti_GAL_H_104,0.98568147,0.95699148,0.05261923,0.27773262,0.98903389,0.98919914,0.98904427
1luq_BTN_A_5100,0.99249329,0,0.035791086,0.21855499,0.98955304,0,0
1luq_BTN_B_5200,0.98717775,0.96500406,0.03981024,0.23426655,0.98253231,0,0
1lzz_IHG_A_830,0.9916934,0.92919724,0.036879868,0.23424314,1.2220119e-06,0.0018228382,0.0063032771
1lzz_IHG_B_1830,0.87990769,0.9348825,0.03790251,0.23234135,0.4955154,0.0019952689,0.0020482913
1m3u_KPL_A_265,0.42182256,0.84788602,0.041872811,0.24901013,0.026650278,0.5837779,0.55967398
1m3u_KPL_B_265,0.5774203,0.89648717,0.049451722,0.26611811,0.93483745,0.88406971,0.88857418
1m3u_KPL_C_265,0.63416872,0.88688332,0.049417309,0.27033232,0.52482113,0.96571796,0.96368376
1m3u_KPL_D_265,0.77151058,0.90010893,0.04572096,0.25495007,0.84598873,0.56996392,0.56146987
1m3u_KPL_E_265,0.99436588,0.96072578,0.052634083,0.27780238,0.99054643,0.98606712,0.98668302
1m3u_KPL_F_265,0.27282851,0.83831478,0.044495694,0.24761978,0.99172852,0.59134484,0.59247501
1m3u_KPL_H_265,0.2487361,0.87787079,0.04072752,0.24437377,0.042241716,0.017237616,0.98526252
1m3u_KPL_I_265,0.23320502,0.88935954,0.041813811,0.23896935,0.94391972,0.38922512,0.39089578
1m3u_KPL_J_265,0.99584105,0.93830312,0.047763975,0.26127547,0.99108144,0.99064025,0.25874524
1m7p_G3H_A_5401,0.99232306,0.97335821,0.037258103,0.23562841,0,0.048927414,0
1m7p_G3H_B_6401,0.98070982,0.96292308,0.037170656,0.23527335,0,0.048174683,0
1m9j_CLW_A_906,0.0010600658,0,0.031627359,0.21138688,3.6529426e-06,0.13123859,0.10712082
1m9j_CLW_B_907,0.54462011,0,0.032867886,0.2172968,4.4000038e-07,0.043549232,0.018821709
1mex_RAC_H_601,0.95570862,0.98557876,0.038634744,0.23419852,0.59110997,0,0
1ml4_PAL_A_385,0.98836746,0.96753583,0.050179858,0.26942449,0.99335002,0.79644971,0.7954115
1mmx_FUC_A_348,0.12276465,0.95600972,0.046789567,0.26527579,0.0014398473,0.99570412,0.99569496
1mmx_FUC_B_348,0.084803449,0.92972479,0.049460825,0.26407391,0.99486867,0.99511246,0.99457609
1mmy_G6D_A_348,0.060535724,0,0.031769831,0.21202969,0.0026300371,0.12155408,0.097427089
1moo_4MZ_A_264,0.055030513,0,0.029615069,0.20471044,3.0297935e-07,6.0380104e-06,0
1moo_4MZ_A_265,0.99139843,0,0.035600129,0.22802156,8.5848719e-06,0.42756819,0.0010843713
1mrj_ADN_A_300,0.99255623,0.98721051,0.037154036,0.2352969,0,0,0.016231707
1mrq_STR_A_501,0.98824881,0.97981706,0.037102909,0.23509448,0,0,0.015157833
1msv_PUT_B_355,0.93965909,0.91313909,0.052031382,0.27620251,0.92001553,0.98533611,0.98670242
1n1i_HIS_C_501,0.8243796,0,0.033510027,0.22033643,0.0014285187,0,0
1n3o_GYP_A_1001,0,0.94680066,0.036307371,0.21930884,0.9763628,0.0021027743,0.0021016581
1n3o_GYP_B_1101,0.042341654,0.96103598,0.046129122,0.26278857,0.0016164724,0.96549363,0.96391073
1n5i_TMP_A_217,0.98863951,0,0.035776561,0.21849745,0.98917489,0,0
1ne4_RP1_A_401,0.9695519,0.83019176,0.039584199,0.23317614,0.99409321,0.020191988,0
1ne4_RP1_A_601,0,0.31834109,0.033938095,0.21076043,0.91988095,0,0
1nf0_13P_A_5001,0.99053029,0.9324785,0.039184617,0.2338351,0.81037383,0.00049370407,0.00049362274
1nf0_13P_B_1150,0,0,0.03162493,0.21137536,5.8260375e-08,0.13140972,0.10729307
1ngp_NPA_H_302,0,0.95306656,0.048624503,0.26302689,0.79716352,0.99041332,0.99043765
1njr_XYL_A_285,0.9371685,0.83104973,0.036186225,0.23151294,6.1466915e-05,2.2137589e-06,0
1nme_159_B_9002,0.97329797,0.96439468,0.036866397,0.23421389,8.3719521e-07,0,0
1nmm_NAG_B_403,0.98559406,0.97401938,0.052785836,0.2782971,0.99266223,0.9959926,0.99530916
1nmm_NAG_D_527,0.97095362,0.97198781,0.052504472,0.27745888,0.97613541,0.98266007,0.98193309
1nmz_NYM_A_301,0.97243404,0,0.033872253,0.21836049,0.3615752,0,0
1now_IFG_A_557,0.93767286,0.98300879,0.05249745,0.27726246,0.98513541,0.98503202,0.98508921
1now_IFG_B_558,0.98726233,0.98739446,0.052711454,0.27807901,0.99245148,0.98505966,0.98528131
1nrg_PLP_A_320,8.6710282e-06,0.93683635,0.033782729,0.22063246,0.00033097656,0.00025285032,0.10402253
1ns4_BGC_A_1400,0.071644719,0,0.044313752,0.24822126,0.64048264,0.98342128,0.98345498
1nsm_GAL_A_1400,0.018743792,0,0.031706081,0.21155727,0.014965331,0.12787515,0.10406501
1nsm_GLA_B_2400,0.019248487,0.93132093,0.035137592,0.22364508,0.16334207,0.18461962,0.052204213
1nuw_F6P_A_2336,0,0.61742973,0.044246738,0.25360707,0.1741322,0.93102363,0.93309476
1nux_F6P_A_2339,0.9712401,0.82765847,0.038730137,0.23246113,0.77438456,6.3216665e-06,6.7003181e-06
1o28_UFP_A_703,0,0,0.031625805,0.21137486,0.00034104143,0.13139809,0.1072889
1o28_UFP_B_708,0,0,0.031624958,0.21137534,1.0721248e-05,0.13140936,0.10729294
1o28_UFP_C_713,0,0,0.032224429,0.20373397,0.9507085,0,0.00024364902
1o28_UFP_D_718,9.5050001e-05,0,0.042465239,0.23829191,0.97546343,0.70012675,0.83562159
1o29_UFP_A_803,0.00012005399,0,0.031625225,0.21137665,7.9691224e-06,0.13139009,0.10727347
1o29_UFP_B_808,0,0,0.031626046,0.21137472,0.00043521144,0.13139487,0.10728775
1o29_UFP_C_813,0.0001942159,0,0.036825311,0.21915817,0.97169727,0.29365323,0.38081426
1o29_UFP_D_818,0,0,0.031625702,0.21137492,0.00030105738,0.13139945,0.10728939
1o68_KIV_A_275,0.98739086,0.96902026,0.046397948,0.26387004,0.27572336,0.66708194,0.66696914
1o68_KIV_B_275,0.9921679,0.97842617,0.047720694,0.26351159,0.75614116,0.65562162,0.65560804
1o68_KIV_D_275,0.92939119,0.99160496,0.052565123,0.27751506,0.9821337,0.99031121,0.99047589
1o68_KIV_E_275,0.9968964,0.9215331,0.047803674,0.26176616,0.9452387,0.63603787,0.63647904
1o6g_SIN_A_724,0.96743382,0.91780026,0.03883609,0.23323936,0.74244214,2.8905475e-08,2.8431668e-08
1o8a_NXA_A_702,0.98983562,0,0.048639296,0.2622197,0.99091045,0.99112529,0.99092957
1okm_SAB_A_555,0.99019112,0.98194388,0.039868702,0.23459009,0.97463114,0,0
1om5_INE_A_790,0.00020521086,0.98684058,0.034247866,0.22233921,2.7932529e-05,0.15296811,2.8345976e-05
1ov5_2LP_A_403,0.99352793,0.99478198,0.052902385,0.27873923,0.99478527,0.99527819,0.99529623
1ovk_NYL_A_405,0.95630158,1,0.052754231,0.27815278,0.99258249,0.9925805,0.99273848
1owz_4FA_A_409,0.98487937,0.97461893,0.039864376,0.23438829,0.98990214,0,0
1oxp_IK2_A_411,0.96819645,0.82015148,0.035990844,0,8.2486259e-06,6.0301969e-07,0
1p1w_AMQ_A_428,0.99363753,0,0.035723154,0.21857618,0.96512929,0,0
1p1w_AMQ_B_427,0.99633263,0,0.035548055,0.21862697,0.90247571,0,0
1p2s_ETF_A_400,0,0.7009665,0.033934915,0.22059009,0.0078780893,0.10343369,0.1549035
1p5g_G6P_X_658,0.98534318,0.89572445,0.036853867,0.23407114,5.5856306e-07,0.035203236,1.7549752e-06
1p7c_THM_B_501,0.98834238,0,0.035769064,0.21849338,0.98697997,0,0
1p7l_MET_A_485,0.98409624,0,0.033870991,0.22207499,4.4855776e-05,0,0
1p7l_MET_B_385,0.97969341,0,0.033860829,0.22202719,6.4489877e-07,0,0
1pbd_PAB_A_396,0.99647336,0.98465301,0.039951745,0.23472547,0.99154026,0,0
1pfw_MF3_A_553,0.98994574,0.99201225,0.051497271,0.27453114,0.93724513,0.90540392,0.89847451
1pke_2FD_C_448,0.99291476,0,0.03308531,0.21871553,0.070094079,0,3.5142707e-06
1pl6_572_C_409,0,0.958854,0.034887042,0.22163166,0.27721091,0.14315806,0
1pl6_572_D_411,0,0.95630496,0.035445779,0.22145406,0.48072733,0.13930633,0
1pr0_NOS_A_1245,0,0.63477609,0.04765212,0.25716271,0.98120033,0.98108004,0.98143408
1pr0_NOS_B_1246,0,0.40615849,0.034725216,0.22249069,0.022340558,0.28423759,0.26501872
1pr0_NOS_C_1247,0.97562186,1,0.052845601,0.2785809,0.98695175,0.99568188,0.99591391
1pr6_XYA_A_1245,0.98852205,0,0.034424515,0.21857274,0.53011637,0,3.0300839e-06
1pr6_XYA_B_1246,0.98677071,0,0.034159289,0.22204015,0.099527104,0,0.11602122
1pr6_XYA_C_1247,0.95218787,0,0.045824682,0.26213019,0.048018603,0.99813831,0.99820066
1pt8_OXL_A_802,0.99584749,0.94714412,0.036960677,0.23456763,2.0559824e-08,2.0766007e-08,0.0077891493
1pt8_OXL_B_801,0.99860125,0.9804017,0.037139707,0.23525307,1.5654447e-06,9.9719391e-05,0.014352015
1pwz_RSO_A_256,0.99704689,0.95304311,0.048492451,0.27378787,0.00086467767,0.89865906,0.88854085
1pwz_RSO_B_256,0.9951624,0.93489993,0.048376431,0.27335139,0.00060101844,0.88966781,0.89229285
1pym_OXL_A_1001,0.99587261,0.87602299,0.036714491,0.23358496,1.8353189e-09,0.0089501257,0.0019264819
1pym_OXL_B_1002,0.9971198,0.92552503,0.036892058,0.234294,1.9917075e-09,0.0028945493,0.0060486416
1q20_PLO_A_401,4.5957738e-07,0.98976784,0.03640526,0.21992235,0.95749823,0,0
1q22_AND_A_401,0.97766242,0.99136811,0.037301393,0.23576744,1.1518876e-07,0.05377725,0
1q3a_NGH_A_480,0.99064438,0.85950608,0.038770199,0.23262681,0.7758924,0,0
1q3a_NGH_B_479,0.96675714,0.95346286,0.039434228,0,0.92756993,0,0
1q3a_NGH_C_481,0.94462054,0,0.033934443,0.21793576,0.41556956,0,0
1q4g_BFL_A_701,0.98606175,0.9863461,0.039914941,0.23459801,0.98892805,0,0
1q4g_BFL_B_1701,0.9911122,0.9888112,0.039945731,0.23471366,0.98989504,0,0
1q6r_LX1_A_7301,0.99215021,0,0.034813014,0.22468003,0.060144459,0.024591664,0.1764175
1q6r_LX1_B_9301,0.98713275,0,0.033950361,0.2220667,0.028295898,0,0
1q92_DRM_A_1001,0.98807652,0,0.035530176,0.21850296,0.90616134,0,0
1qit_MAE_A_411,0,0.85142394,0.033344296,0.21896987,2.0989431e-05,0,0.086471189
1qjc_PNS_B_1163,0.57135051,0.70183728,0.037627091,0.23476278,0.01416753,0.26437135,0.24647367
1qmh_CIT_A_401,0,0.88300113,0.03543469,0.21893574,0.70857955,0.016128707,0.016457058
1qmh_CIT_B_401,0.95803441,0.89325502,0.036701789,0.23298924,0.04615932,4.0887583e-08,0.001186417
1qxa_GLY_B_245,0.93014715,0.01303997,0.032715306,0.2180025,0,0,0
1r4f_AD3_B_330,0,0.28485877,0.033690351,0.21897722,0.0008071043,0.23189747,0.2107113
1r4s_MUA_A_800,0.082806303,0.97175427,0.03670849,0.22085998,0.98834243,0,0
1rf2_BV4_D_104,0,0.9208132,0.045646411,0.25310963,0.77020466,0.81845439,0.77256807
1rf2_BV4_E_105,0,0.92698486,0.040642725,0.23963022,0.42467202,0.53185942,0.44423549
1rf2_BV4_F_106,0,0.93492764,0.035279397,0.22106626,0.45889408,0.13571154,2.1305746e-05
1rf2_BV4_G_107,0.028399354,0.93442121,0.044176479,0.24925632,0.66931281,0.72285651,0.6641622
1rf2_BV4_H_108,0.022685385,0.95181606,0.036740161,0.22283756,0.78308449,0.15982809,0.032103827
1rnd_DGP_A_126,0,0,0.03162493,0.21137536,1.2575528e-08,0.13140973,0.10729307
1rqh_PYR_A_602,0.47410252,0.94853187,0.03537461,0.22738718,0.01606809,1.1974475e-06,0.059662278
1ruk_BEZ_H_601,0.99225605,0.96930848,0.037182948,0.23534296,0.0014399581,0.0090563881,0.021304597
1rum_BEZ_H_1601,0.98712959,0.9750919,0.03720444,0.23536147,0.0063939891,0.0085771839,0.02258711
1rvt_NDG_H_742,0,0,0.031624931,0.21137536,4.6338268e-07,0.13140971,0.10729307
1rvz_NAG_A_3321,2.3336708e-05,0,0.031624984,0.21137561,0,0.13140596,0.10728928
1rvz_NAG_F_3331,8.6951221e-05,0.00015058308,0.031627485,0.2113796,0.0004935975,0.13143199,0.10732758
1s1f_PIM_A_431,0,0,0.03162493,0.21137536,6.1802859e-09,0.13140973,0.10729307
1s2c_FLF_A_2001,0,0.97556009,0.034191208,0.22212279,7.6263792e-07,0.15086605,0
1s2c_FLF_A_2002,0,0.93205554,0.034105811,0.22127422,0.045958932,0.14201147,0
1s3u_TQD_A_187,0.5475266,0.98836486,0.038724448,0.22920994,0.98746266,0.080839609,0
1s5s_PG3_A_1,0.97213715,0.94968726,0.046507394,0.25859201,0.82229427,0.56609449,0.55755448
1s6h_4BZ_A_1,0.99692146,0.97821881,0.039863801,0.23463045,0.97033242,0,0
1sep_BIO_A_801,0,0,0.031863376,0.20374892,0.82863904,1.6680786e-08,1.534551e-08
1sff_IK2_A_450,0,0.96971756,0.036899781,0.22139183,0.9751447,0.13359559,0
1sff_IK2_B_450,0,0.96952305,0.036876273,0.22139328,0.96711162,0.13369273,0
1sff_IK2_D_450,0.98612264,0.97445498,0.039996163,0.2349402,0.98031553,0.033496228,0
1sjc_SMG_A_1000,0.93247286,0.93730527,0.04438436,0.25729968,0.22523458,0.53978257,0.55398552
1sjc_SMG_B_1100,0.97844694,0.93954584,0.050022553,0.2747446,0.4088544,0.89127473,0.95542855
1sjc_SMG_C_1200,0,0.93408809,0.048469298,0.26116179,0.92459202,0.986186,0.96032468
1sjc_SMG_D_1300,0,0.95002002,0.043390098,0.24812779,0.51207928,0.70716891,0.63719531
1sqk_LAR_A_378,0,0.40612031,0.034649658,0.22245649,0,0.28407132,0.2643369
1sz6_NAG_A_5003,0,0,0.031627189,0.21137407,0.00088095403,0.13137966,0.10728229
1sz6_NAG_B_5001,7.7799723e-05,0.9388798,0.033789126,0.22066196,1.9886327e-06,2.3373183e-07,0.10418421
1sz6_NAG_B_5004,6.220312e-05,0,0.031625073,0.21137603,2.4218257e-07,0.13139968,0.10728297
1t5z_DHT_A_931,0.98484995,0.99363905,0.039958362,0.23469826,0.9946907,0,0
1t87_CAM_A_1422,0.082516203,0.98911503,0.034610613,0.22348265,0.034438836,0.14437311,0
1t87_CAM_B_2422,0.081808415,0.97759823,0.034546549,0.22325725,0.032618709,0.14233361,0
1t93_FLV_A_432,0.99533845,0.9833779,0.037060117,0.23497224,0.00079637273,0.002667464,0.0027046301
1tc2_7HP_A_800,0.99734029,0,0.035814319,0.21862707,0.99171433,1.0220562e-07,1.0491379e-07
1tc2_7HP_B_810,0.99836053,0,0.03579939,0.21864337,0.98543863,1.5260322e-09,1.2944224e-07
1tf8_TRP_A_911,0,0,0.031625054,0.21137529,4.809949e-05,0.13140808,0.10729248
1tf8_TRP_A_913,0,0,0.045161251,0.24733197,0.98903114,0.98885047,0.98890516
1thc_FL9_A_130,3.6158123e-07,0.92919813,0.033962717,0.22124968,4.4278506e-08,0.14224274,4.8664819e-08
1thc_FL9_A_131,0.0034077821,0.9819991,0.034019901,0.22154157,0.00037338405,7.7106375e-07,0.11259857
1thc_FL9_B_130,0,0.94444694,0.033819543,0.22077657,1.7245159e-08,0.00018364857,0.10549512
1thc_FL9_B_131,0.030091695,0.98618795,0.034123988,0.221991,7.0184595e-06,0,0.1108139
1tiw_TFB_A_2002,0.62811862,0.97161368,0.049724984,0.2721093,0.46832062,0.97517751,0.97557413
1tke_SER_A_500,0.69310183,0,0.032530598,0.21539215,0.12019129,0.053642627,0
1tkh_DPN_A_911,0,0.96400167,0.03416501,0.22200942,2.9396386e-05,0.15093166,0.0024791323
1tl2_NDG_A_237,0.98017459,1,0.051870216,0.2752966,0.98518128,0.91981646,0.91973813
1tl2_NDG_A_238,0.00028478674,0.63457447,0.047645804,0.2571205,0.98335812,0.98014289,0.98017502
1tl2_NDG_A_239,0.97786416,1,0.052649854,0.27797496,0.98178096,0.9813205,0.98124082
1tl2_NDG_A_241,0.98446654,1,0.048366561,0.27333089,0.00011101267,0.85624926,0.9122928
1toq_AMG_A_501,0.99549451,0.95893793,0.052790367,0.27826617,0.99717729,0.99716238,0.99724082
1toq_AMG_C_502,0,0.92745487,0.049125555,0.26269135,0.99230432,0.99309577,0.99302866
1toq_AMG_G_504,0.9657646,0.94595247,0.046512988,0.98404209,0.97921127,0,0.99399425
1tsd_UMP_A_267,0.96169717,0.82301531,0.039347008,0.23254806,0.97223778,0,0
1tt6_DES_A_129,0.33418096,0,0.032387612,0.21500878,0,0.077498203,0.053006712
1tt6_DES_B_128,0.3116108,0,0.03259992,0.21461294,0.10288742,0.077627946,0.055413577
1tvw_CB3_A_318,0.18547571,0,0.032048231,0.21339196,7.7561149e-11,0.10148798,0.077163286
1u18_HSM_A_401,0.88445605,0,0.032641746,4.6266156e-07,0.078205628,4.1784382e-08,0
1u18_HSM_B_402,0.99603017,0,0.035443456,0.21862835,0.86730843,1.181668e-07,0
1u1g_BBB_A_3300,0,0.9690152,0.034159053,0.22199951,3.6819806e-05,0.1496481,0
1u1g_BBB_B_4300,0,0.95564832,0.034498662,0.2216558,0.14448488,0.14476456,0
1u1g_BBB_C_5300,0,0.98152727,0.035140648,0.22202648,0.32774737,0.14653657,0
1u1g_BBB_E_7300,0,0,0.032000975,0.20374118,0.87536247,0,0
1u2o_NEC_A_1001,0.98248375,0.9842777,0.039723944,0.23514582,0.87010244,0.037527608,3.2642326e-06
1u2o_NEC_B_1002,0,0.98398553,0.049029012,0.26273418,0.96731487,0.97353227,0.97241114
1uay_ADN_A_1001,0.96927504,0.97851728,0.052586429,0.27765704,0.98484557,0.98488825,0.98503771
1uay_ADN_B_1002,0.99461596,0.95467063,0.052777653,0.27820606,0.99770245,0.99773771,0.99770735
1ubs_SER_B_398,0.96313177,0.94124263,0.050498106,0.27185388,0.84783539,0.86375274,0.87363587
1uk7_BUA_A_1300,0.99759868,0.97235082,0.051304028,0.27420956,0.90257817,0.89962695,0.89872057
1um4_SH4_H_1001,0.95339115,0.98374385,0.042301596,0.24481002,0.77252682,0.25464534,0.23787646
1uqx_MMA_A_1116,0.90406872,0.92333776,0.039474791,0.23301972,0.95911907,0.015507171,0.01502514
1uux_PPI_A_1165,0.99515914,0.93079883,0.03687833,0.23424778,0.00041528366,0.00013294618,0.004677308
1uxi_FUM_A_1311,0,0.91529939,0.035807894,0.21872004,0.86098064,0,0
1uxq_G1P_A_1503,0.95994683,0.8249602,0.036438058,0.23242459,0.00068559358,0.025335153,0.00079274531
1v03_BGC_A_1498,0.91451413,0,0.035193011,0.21740817,0.87859552,0,0
1v3v_5OP_A_1360,0.94873098,0.98622764,0.037350983,0.23523995,0.058495961,0.05484299,3.6442312e-05
1v3v_5OP_B_2360,0,0.98491371,0.042606938,0.25076559,2.7811323e-05,0.78971774,0.60798342
1v5g_HTL_A_1602,0.17612155,0,0.032253917,0.21316079,0.088541991,0.099975244,0.077598882
1v5y_4HC_A_1455,0.99504592,0.98753036,0.037163578,0.23533776,1.7080079e-07,7.0082527e-06,0.016058015
1v5y_4HC_B_1201,0.0021852445,0.98407117,0.034240086,0.2223134,4.1809602e-06,0.15223592,1.169379e-05
1vje_MSE_A_301,0.98028098,0.96711162,0.037013288,0.23473887,1.1472612e-06,1.000921e-06,0.013369091
1vje_MSE_A_401,0.93868149,0.89802039,0.036531284,0.23282871,3.1162682e-06,1.0310659e-06,0.0034665302
1vkf_CIT_A_501,0,0.86734174,0.046538012,0.25431301,0.93882056,0.82269317,0.82759415
1vkf_CIT_C_502,0.92989323,0.757633,0.035851384,0.23019965,0.00014464409,0.00080046386,0
1vkf_CIT_D_503,0.7903452,0.81515007,0.038702065,0.23944971,7.6385723e-06,0.25667469,0.23902894
1vzd_CB3_A_318,0,0,0.03162493,0.21137536,2.6442037e-08,0.13140972,0.10729307
1vzd_UFP_A_317,0.98543516,0.85738528,0.03719084,0.23503459,1.882708e-06,0.078275439,0.052492075
1vzu_UDP_B_2371,0.97566077,0.95794339,0.039469795,0,0.88303613,0.024794646,0
1w1a_NDG_1_1261,0,0.91813182,0.033911753,0.22104065,0.0012541785,0.14016765,4.5442916e-06
1w1a_NDG_2_1261,0.89520071,0.90850903,0.03682113,0.23303978,0.065471508,0.045721172,5.8839044e-06
1w3t_3GR_A_1297,0.97712517,0.98621475,0.038170011,0.23734192,0.1335584,0.052929794,0.069831613
1w3t_3GR_B_1297,0.97220018,0.79823146,0.037447155,0.23310158,0.26933799,0.04162915,0.023172984
1w3t_3GR_D_1297,0.98036883,0,0.034216983,0.21899313,0.41675347,0,0.023396567
1w55_C_A_1372,1.4510704e-05,0.94860626,0.034058417,0.22161538,1.9918047e-06,0.14585113,0
1w55_C_A_1373,0.9813245,0.83328514,0.039402378,0.23296783,0.95703139,0,0
1w62_PYC_A_700,0,0,0.045251044,0.2475811,0.99455149,0.99455771,0.99453936
1w78_PD8_A_1421,0,0,0.032176507,0.20373116,0.93497985,0,0
1wc7_PP3_A_1214,0,0.92140223,0.033924465,0.22110334,9.453789e-06,0.14080302,1.1723819e-05
1wmz_A2G_B_502,0.95253956,0.83633457,0.039776588,0.23488231,0.8830464,0.056390025,0.057064566
1wmz_NGA_A_501,0.93263607,0.80620953,0.036048933,0.23048047,0.042643793,3.7117296e-05,0
1wmz_NGA_C_503,0,0.40612798,0.03466484,0.22246337,0.0044891239,0.28410473,0.26447391
1wmz_NGA_D_504,0.91030941,0.79600731,0.038979105,0.23134844,0.94607984,6.779952e-06,6.7848443e-06
1wq4_TYR_A_501,0.98465747,0,0.035495834,0.21845324,0.89852906,2.2508523e-06,2.2285523e-06
1x09_IPE_A_902,0.90629933,0.88982967,0.03638795,0.23222348,1.4298886e-05,4.75072e-06,0.0049997775
1x29_PMG_A_413,0.97441557,1,0.051071811,0.27315523,0.92648083,0.8445632,0.90099509
1x2a_PDG_B_1413,0.33942192,0.5011425,0.036142746,0.21915001,0.97005908,0.032722263,0
1x7j_GEN_A_201,0.99605635,0.99433284,0.037373054,0.23607439,1.8844286e-07,0.052446721,0
1x7j_GEN_B_202,0,0.99376865,0.034822506,0.22234287,0.19292268,0.15105106,0
1x82_PA5_A_301,0.96973567,0.95094844,0.037426906,0.23490809,0.11506645,0.015140213,0.02707304
1x8i_BMH_A_2,0.95697267,1,0.052277217,0.27679236,0.96709226,0.96127922,0.96169093
1xc7_GL6_A_998,0.95675401,0.97966028,0.049531055,0.26905036,0.80567889,0.76902086,0.81519252
1xdj_HCS_A_1049,0.99616954,0.98594286,0.044981863,0.2540454,0.7740503,0.44055216,0.43332523
1xdj_HCS_A_1050,0.97585257,0.91853185,0.048233128,0.26299493,0.96099007,0.67478312,0.67014256
1xid_ASC_A_389,0.9912334,0.89814863,0.036736189,0.23367847,0.0010913964,0.002789767,0.0009951408
1xin_XYL_B_397,0.98988845,0.83758073,0.037418837,0.2323418,0.34689213,0.0042091835,0
1xin_XYL_C_397,0.98328384,0.83613507,0.036330188,0.23205794,0.001710163,0.014724299,0
1xin_XYL_D_397,0.98686733,0.83920859,0.036443275,0.23233002,0.01459389,0.018270305,0.0038490129
1xkw_188_A_1001,0,0,0.03235884,0.2037207,0.99691169,0,0
1xl0_OX2_A_998,0.99585109,0.99262944,0.049189623,0.26628859,0.97801986,0.71350578,0.71233137
1xny_BTN_B_5602,0.96483152,0.96439152,0.037053463,0.23446191,0.035352719,0,0.014792259
1xuf_BAZ_A_246,0,0.40612031,0.034649658,0.22245649,0,0.28407132,0.2643369
1xuz_PEP_A_2001,0.9135682,0.84420816,0.051146622,0.27277089,0.93958689,0.93911206,0.94619993
1y2x_NAG_A_144,0,0.88494877,0.048908786,0.26188312,0.99068784,0.99082803,0.99018027
1y2x_NAG_B_1144,0,0.96207865,0.04927491,0.26325828,0.99351531,0.99309163,0.99305975
1y2x_NAG_D_3144,0.96231023,0.96230572,0.052584263,0.27753544,0.99065152,0.9904881,0.99071689
1y42_TYR_X_701,0.85924668,0.84976395,0.037772714,0.23053224,0.60631816,3.8395308e-06,3.968174e-06
1y5v_NE8_A_500,0,0,0.032342561,0.20372164,0.99138177,2.4702374e-07,2.4828784e-07
1y5x_E89_A_500,0,0,0.032310693,0.20372345,0.98055976,0,0
1y5x_E89_D_1500,0,0,0.032178779,0.20373096,0.93575804,0,0
1y8j_STS_A_900,0.87107372,0,0.033612931,0.22084621,0,0,0
1yee_PNB_H_551,0.98948095,0.98016125,0.040229109,0.24408705,0.16173101,0.22777128,0.20134637
1yik_MM1_A_500,0.89632288,0,0.032611362,0.21727971,0.023299957,0,0
1yqc_GLV_A_1001,0.78960375,0.97675436,0.03646303,0.23229312,5.0579488e-08,6.8151923e-08,0.034101081
1yw9_A84_A_482,0,0.96938546,0.036839914,0.22139879,0.95440083,0.13387809,0
1z11_8MO_A_501,0.97855457,0.94629097,0.039349978,0.23385151,0.86313496,0,0
1z11_8MO_B_501,0.97544795,0.92397906,0.039247607,0.23343987,0.86390692,0,0
1z11_8MO_D_501,0.99423373,0.95399632,0.039289368,0.23422032,0.81301338,0,0
1z3n_3NA_A_320,0,0.98693705,0.049152246,0.26300881,0.98201005,1,0.98143503
1z4k_T3P_A_4341,0.99006705,0.83967478,0.036360634,0.23220611,3.6264113e-07,0.014579115,0
1z6k_OAA_A_274,0,0.95013558,0.034069153,0.22165337,0.00016303905,0.14633601,0.00022556493
1z8p_DEB_A_420,0,0,0.045144136,0.24728285,0.98814578,0.98805231,0.98747832
1zb6_GST_A_502,0,0.91291662,0.035001127,0.22068929,0.3985028,0.13260071,0
1zdq_MSM_B_1508,0.95106816,0.98801844,0.039818891,0.23410132,0.99527764,0,0
1zdq_MSM_C_1509,0.99417647,0.99510619,0.039994586,0.23486179,0.99387438,0,0
1zei_CRS_A_54,0.99802931,0.98369584,0.04161682,0.24754532,0.28861449,0.28803427,0.2876748
1zei_CRS_B_56,0.99702477,0.98598671,0.039977541,0.23475841,0.99736155,0.00017594343,1.311009e-06
1zei_CRS_C_56,0.99600051,0.99193138,0.043083831,0.24647858,0.88448169,0.26352222,0.26359788
1zei_CRS_D_54,0.036488016,0.96964612,0.041838855,0.23810072,0.99369211,0.40424061,0.41055306
1zei_CRS_E_54,0.99604346,0.98713007,0.052772317,0.27836277,0.98767554,0.99515623,0.98244692
1zei_CRS_F_54,0.99545588,0.99076024,0.043050763,0.24687801,0.83379369,0.27306059,0.27302846
1zei_CRS_F_55,0.24575348,0.98633146,0.036336818,0.22802971,0.21348986,0.17696957,0.059056671
1zfj_IMP_A_500,0.98325547,0,0.035515311,0.2184308,0.90681112,0,0
1zg3_2HI_A_365,0.80538256,0.98039737,0.036713063,0.23320887,2.6605662e-05,0.069362991,0
1zgj_P1S_A_0,0,0.98577978,0.036429341,0.21985476,0.97137338,0,0
1zha_PEP_A_1268,0.99620821,0.97795636,0.037227148,0.23532499,0.020921135,0.0037237175,0.017822982
1zha_R5P_A_1269,0.51672359,0,0.032804273,0.21699346,2.1169192e-05,0.048048912,0.023353133
1zk0_SS2_A_1260,0.78316205,0.96934391,0.037893947,0.23191216,0.5119674,0.00026054651,0.040053799
1zmt_RNO_B_1001,0.98887301,0.96317512,0.036915467,0.23442671,0,0,0
1zmt_RNO_C_1003,0.00013013306,0,0.031625227,0.21137677,0,0.13138873,0.10727193
1zmt_RNO_D_1004,0,0.95191147,0.033426784,0.21946347,0,0,0
1zng_HE4_A_202,0.98427394,0.96792676,0.037030426,0.23480966,0.0001590073,0,0.013142075
1zoy_UQ1_B_1201,0.99492405,0.96770075,0.037238338,0.23555736,1.7945595e-05,0.047608709,0
1zpd_CIT_B_610,0,0.33020846,0.034402144,0.2124815,0.9069543,0.0369084,0.036868219
1zpd_CIT_F_610,0.89851557,0.88354625,0.042880892,0.2447897,0.93513786,0.29041843,0.29120456
1zuw_DGL_A_1301,0.0022358184,0.98705009,0.043066239,0.24210681,0.99264585,0,0.9926218
1zuw_DGL_B_2301,0.0010481364,0.98594309,0.049090125,0.26280538,0.98191536,0.99613861,0.95160411
2a0x_DIH_A_300,0.11576265,0,0.032077225,0.21252674,0.073356347,0.11023086,0.087589851
2a15_NCA_A_1001,0.94465878,0.98346168,0.039762828,0.2339318,0.99032072,0,0
2a1m_CAM_A_1422,0.50253516,0.9879787,0.035975119,0.22850885,0.12311961,0,0.066227797
2a1m_CAM_B_2422,0,0.99117567,0.034371719,0.22239339,0.036889306,0.15315833,0
2a5t_GLY_A_1001,0,0,0.03162493,0.21137536,0,0.13140973,0.10729307
2a9z_26A_A_1002,0.9726906,0.98943181,0.039836254,0.23445123,0.97359999,0,0
2agw_TSS_D_3001,0,0,0.031809818,0.21126992,0.072105097,0.1289489,0.10641035
2agw_TSS_H_2001,0,0,0.031755593,0.21130085,0.050957705,0.12967063,0.10666924
2ahc_VNL_B_266,0.99686779,0.96299562,0.037045966,0.23488805,0.00051382353,0,0.010907143
2ahc_VNL_C_366,0.99217359,0.99022294,0.037169107,0.23534976,0.00033027608,0,0.016884024
2ahc_VNL_D_466,0.99549928,0,0.033897845,0.2221985,0.00036857131,0,0
2aiq_BEN_A_401,0.98927238,0.98338686,0.039861079,0.23461666,0.96948563,0.00036175764,0.00035627015
2as1_TP5_A_500,0.84014149,0.99355835,0.036888498,0.23393063,0.0010120522,0.068238233,0
2b04_CHO_A_200,0,0.40612031,0.034649658,0.22245649,1.1109683e-13,0.28407132,0.2643369
2b3f_GAL_A_3310,0,0.9895783,0.049403908,0.26371507,0.99721077,1,0.99726733
2b3f_GAL_C_3312,0,0.98916431,0.049378178,0.26363664,0.99623799,1,0.99557411
2b3f_GAL_D_3313,0,0.98832846,0.049403113,0.26370623,0.99755872,1,0.99762187
2b3f_GAL_E_3314,0,0.99032772,0.049404065,0.26371933,0.99699715,1,0.99703009
2b3f_GAL_F_3315,0.94250889,0.98768118,0.052320948,0.27655556,0.99735715,0.93173238,0.99748793
2bdg_PBZ_A_301,0.99473734,0.99621974,0.039986799,0.23488922,0.98897645,0,0
2bdg_PBZ_B_302,0.99058278,0.99566928,0.039992578,0.23481684,0.99663567,0,0
2bf7_HBI_A_1290,0,0,0.03162495,0.21137535,7.8600228e-06,0.13140946,0.10729298
2bf7_HBI_B_1290,0,0,0.031624933,0.21137536,9.0654154e-07,0.13140969,0.10729306
2bf7_HBI_C_1290,0,0,0.031653534,0.21135905,0.011155367,0.13102901,0.10715651
2bf7_HBI_D_1290,0,0,0.031628826,0.21137314,0.0015194765,0.13135787,0.10727447
2bgc_DTT_F_1238,0.36626258,0,0.033656777,0.21080107,0.84692595,0.037766753,0.034002664
2bjf_DXC_A_330,0,0.98847693,0.034254865,0.22236605,1.0000561e-07,0.15326859,0
2bk3_FOF_A_1503,0.91868267,0.9905141,0.038373651,0.2346605,0.44863987,0.052207147,4.9209616e-10
2bk3_FOF_B_1498,0,0.98677395,0.036052224,0.22192438,0.64327053,0.14227595,3.0404468e-10
2brk_CMF_A_1534,0,0.40612031,0.034649658,0.22245649,1.9432917e-09,0.28407132,0.2643369
2bs3_CIT_A_1657,0,0.98364729,0.034520072,0.22220975,0.10293461,0.15066606,4.603761e-06
2bs8_NAG_A_1177,0.91733601,0.87833032,0.037884,0.23188245,0.53439824,6.251768e-05,6.2355563e-05
2bxh_IOS_A_1001,0.99680824,0.84144284,0.039527908,0.23333747,0.96910126,3.557264e-05,3.5537774e-05
2bxh_IOS_A_1002,0.21960481,0,0.032126134,0.21376303,4.7310786e-06,0.095981964,0.071619092
2bxh_IOS_B_1002,0.00019830868,0.92637842,0.033949436,0.22119928,2.4831414e-08,0.14169816,2.0482927e-07
2c3d_COM_A_1525,0.99153815,0.96119892,0.052210008,0.27650836,0.97526773,0.95850336,0.95704071
2c3d_COM_A_1526,0.97782818,0.97824818,0.037062569,0.23492135,2.6327133e-05,2.4102425e-05,0.01588959
2c3d_COM_B_1525,0.97631434,0.94499902,0.036935506,0.23425176,0.016208887,7.3293983e-06,0.0094932617
2c3d_COM_B_1526,0.98382622,0.9832389,0.052773605,0.27829307,0.99029147,0.99266624,0.9927803
2c5b_5F1_A_500,0,0.40612031,0.034649658,0.22245649,0,0.28407132,0.2643369
2c5b_5F1_B_500,0,0.40612031,0.034649658,0.22245649,0,0.28407132,0.2643369
2c5b_5F1_C_500,0,0.40612031,0.034649658,0.22245649,0,0.28407132,0.2643369
2c6q_IMP_A_1337,0.95838321,0,0.035505649,0.2180547,0.93292619,0,0
2c6q_IMP_B_1339,0,0,0.032228874,0.20372817,0.95276595,0,0
2c6q_IMP_C_1337,0.99548347,0,0.033896938,0.22219883,2.8661999e-05,0,0
2c6q_IMP_F_1337,0.9927371,0,0.035686424,0.21856464,0.95371906,0,0
2c6q_IMP_G_1338,0.99621839,0,0.035672255,0.21861816,0.94479226,0,0
2ci0_1CM_A_1450,2.7426361e-05,0,0.031625014,0.21137564,8.2726627e-06,0.13140502,0.10728852
2cjz_PTR_A_1537,0.80875484,0.52913761,0.042434155,0.24323725,0.82590744,2.3093156e-05,0.83796774
2coj_GBN_A_420,0.99037458,0.99189584,0.037997968,0.23592671,0.2209652,0.051381958,0.0027682582
2coj_GBN_B_420,0.99002875,0.98307273,0.039819201,0.23468623,0.94883069,0.0017155615,0.0017205918
2cxp_A5P_A_1601,0.99396606,1,0.051515083,0.27840167,0.56572498,0.98359898,0.98424829
2d0e_NQ_A_409,0.02018451,0.96322172,0.034193187,0.22216597,6.3525041e-05,0.14650548,6.4729174e-07
2d0e_NQ_A_410,0.99111416,0.98804439,0.037153928,0.23529337,3.6539229e-05,6.0710915e-06,0.016548964
2d1j_D01_A_700,0,0.6042025,0.034143271,0.21365002,0.73997009,0,0
2d3n_GLC_A_608,0.013895512,0.93914262,0.033835925,0.22085758,0.00070214434,5.7596065e-07,0.10288593
2dcf_ACA_A_501,9.6187547e-07,0.97065714,0.047115688,0.25613889,0.97327166,0.82225419,0.83433157
2dm5_ODI_A_312,0,0.96308835,0.03703332,0.22330037,0.82854696,0.015449858,0.15456901
2e1a_MSE_D_301,0.98007347,0.96764968,0.04315312,0.24549093,0.99486628,0.2562013,0.25578773
2e40_LGC_A_1001,0.9583643,0.00092158409,0.033913711,0.22176577,0.037004959,0,0
2e40_LGC_B_2001,0,0,0.031720925,0.21132062,0.037437316,0.13013205,0.10683476
2e56_MYR_A_501,0.65949861,0.92168717,0.035971316,0.23011159,5.1003655e-05,0.073368553,1.476801e-08
2e56_MYR_A_601,0,0.89674376,0.033802774,0.22063849,8.3647027e-10,0.13620675,5.8843662e-07
2e56_MYR_A_701,0.9766597,0.96573115,0.037171947,0.23527099,0,0.049112396,1.1473271e-06
2eb5_OXL_A_2001,0.98917454,0.839325,0.037666479,0.23606489,0.06494912,0.084320578,0.067990795
2eb5_OXL_B_2002,0.98365441,0.96461801,0.037889873,0.2374542,0.026761768,0.069881934,0.070084887
2eb5_OXL_C_2003,0.98853298,0.96425191,0.03921134,0.2355701,0.65468291,0.028047556,0.028213748
2eb5_OXL_D_2004,0.99310695,0.95054763,0.037204107,0.2353938,1.2538635e-07,0.018217689,0.026153374
2ef9_A5P_A_1269,0,0,0.032001627,0.21116054,0.14690924,0.12639596,0.10549458
2ef9_A5P_B_2269,0.96285241,0,0.033958491,0.22176647,0.053077539,0,0
2ef9_PEP_A_1268,0.99276944,0.97739451,0.051192367,0.27485445,0.80141553,0.91092724,0.9153514
2ei7_D93_A_700,0,0,0.032341184,0.20372171,0.99091535,0,0
2eup_LG4_A_400,0.99484732,0.98113768,0.03985887,0.23464778,0.96693973,7.4025838e-08,6.8116109e-08
2euq_BVC_A_401,0.73427898,0.70256923,0.036907413,0.22624518,0.67039515,0,0
2eus_ABN_A_400,0.9957896,0.99203182,0.039924735,0.23483916,0.97263576,0,0
2evd_D10_A_304,0.97933701,0.95994292,0.036992763,0.23458515,0.0065154614,0,0.012092156
2ex1_C5P_A_1427,0,0.98395765,0.036480271,0.21982161,0.99127305,0,0
2exs_TRP_B_2100,0,0,0.03162493,0.21137536,0,0.13140973,0.10729307
2f64_12Q_A_472,0,1.3388283e-33,0.031889793,0.21122432,0.10329489,0.12788444,0.10602852
2f64_12Q_B_471,0.0054556519,1.1648884e-33,0.031637399,0.21143466,6.7573112e-06,0.13052937,0.10640674
2f78_BEZ_A_1001,0.99520585,0.98845297,0.052858748,0.27859308,0.99379844,0.99381177,0.99368829
2f78_BEZ_A_1003,0.039227747,0.99297058,0.04720694,0.26234105,0.41110663,0.94525785,0.94535438
2f78_BEZ_B_1002,0.99407507,0.9960496,0.052809018,0.27848171,0.98932595,0.98902352,0.98852637
2f78_BEZ_B_1004,0,0.99145624,0.046970415,0.25566795,0.97528206,0.8065717,0.81331476
2f7x_4EA_E_351,0.97317141,0.83174797,0.038698422,0.2328694,0.72414433,0.01870699,0
2fc0_DGP_A_239,0.0015877382,0,0.031628684,0.21139255,5.0921204e-05,0.13115185,0.10703453
2fcu_AKG_B_898,0.9951317,0.9798058,0.037302014,0.23579749,0.00022896457,0.050036304,0.00022465322
2fhk_MFN_A_600,0,0.40612031,0.034649658,0.22245649,9.425511e-17,0.28407132,0.2643369
2fhk_MFN_C_601,0.80400458,0.82221923,0.038772075,0.23974339,2.2382074e-18,0.25620114,0.23859131
2fhn_BNI_X_501,0.97362038,0.82930367,0.039471398,0.23284413,0.98984509,0,0
2fhn_BNI_Y_502,0,0.31847573,0.034184251,0.2108718,0.99269362,0,0
2fib_GLY_B_2,0,0,0.03162493,0.21137536,0,0.13140973,0.10729307
2fkm_G16_X_464,5.105696e-06,0.40612296,0.034649708,0.22245661,7.0294861e-06,0.2840712,0.26433695
2fpu_HSO_B_509,0.86161198,0,0.03359153,0.22074322,7.5173096e-05,0,0
2fr6_CTN_A_1001,0.97399279,0.82950594,0.039485999,0.23285822,0.99356474,0,0
2fr6_CTN_C_1003,0.99263193,0.83928996,0.039595708,0.23328271,0.99602181,0,0
2fr6_CTN_D_1004,0.99356225,0.83977507,0.039595274,0.23330122,0.99439649,0,0
2fu9_MP2_A_1410,0.98379741,0.98259031,0.039747918,0.23451307,0.94002741,4.5384745e-05,5.2404979e-05
2fu9_MP2_B_2410,0.93812531,0.99086491,0.038620883,0.23489092,0.51457615,0.049196699,8.7977627e-06
2fyd_BGC_D_530,0,0.98317917,0.039122543,0.23689341,0.19660342,0.38386722,0.38487729
2fyd_NGA_B_404,0.97698155,0.83284811,0.036291519,0.23191658,0.00012987687,0.014859686,1.8509693e-05
2fz8_ZST_A_600,0,0.32394365,0.034410483,0.21164675,0.99334807,0.039661315,0
2fzb_TOL_A_600,0.8933844,0.99113834,0.039785785,0.23398947,0.97854583,0.046117175,0
2fzb_TOL_A_700,0.87667258,0.98333428,0.036948572,0.23423744,2.1866441e-09,0.06261569,0
2fzb_TOL_A_900,0,0.96631681,0.034145651,0.22194872,9.7095543e-08,0.14914681,0
2g21_L1B_B_985,0.98792541,0.9871289,0.039938295,0.2346379,0.99353872,0,0
2g5v_22M_A_301,0,0.98495266,0.036252378,0.21985111,0.91245337,0,0
2g8t_MI2_A_401,0,0,0.03190465,0.20374657,0.84265686,0,0
2g9z_VNP_B_601,0,0.40612031,0.03464966,0.22245649,8.3709139e-07,0.28407133,0.26433693
2giq_NN2_A_1001,0.99421199,0.97800861,0.037293922,0.23574018,0.0025082608,0.049557494,0
2giq_NN2_B_2001,0.98879051,0.9778921,0.040010835,0.23504374,0.9765599,0.033924899,0
2gn2_C5P_A_400,0,0.96464922,0.034137433,0.22191731,3.6028831e-07,0.14883663,0
2gue_NAG_B_122,0,0.01964754,0.029829332,0.20428502,0.10056469,0.0042577735,0
2gx5_PCG_C_514,0.85691377,0,0.032407126,0.21669456,0.00051424062,0,0
2gyv_HBP_A_1409,0,0.32307158,0.032045245,0.2106351,0.28789459,0.035970568,0
2gyv_HBP_B_545,0,0.32315281,0.032265564,0.21072934,0.35360649,0.036314356,0
2gyw_OBI_A_952,0.98696586,0.97968827,0.039343616,0.23520473,0.73773655,0.038409251,0
2gyw_OBI_B_953,0.95715683,0.9726299,0.039631069,0.23457078,0.88546444,0.03769456,0
2gzm_DGL_B_502,0,0.63807215,0.047825347,0.25765765,0.99104021,0.99133766,0.99151646
2gzm_DGL_C_503,0,0.98808556,0.049388596,0.26369991,0.99337429,0.99340326,0.99347535
2gzm_DGL_D_504,0,0.63783772,0.047813013,0.25762239,0.99033566,0.99034023,0.99105671
2hi4_BHF_A_800,0.99774251,0.99804217,0.040028622,0.2349626,0.99702579,0,0
2hs3_FGR_A_2166,0.92818262,0.88648547,0.03940878,0.24241334,0,0.25189661,0.23461491
2ht8_G39_A_800,0.96659385,0.95885985,0.039721032,0.23387124,0.9840305,0.00029563579,0.0002985737
2htu_BCZ_A_801,0,0,0.044405199,0.24480279,0.98366966,0.83844532,0.99050918
2huu_ALA_A_701,0.96467164,0,0.043856063,0.25596399,1.0990168e-08,0.85340625,0.85444858
2i1v_F6P_B_720,0,0.95616508,0.03409562,0.22175754,0,0.14725869,1.1663864e-07
2i1v_FDP_B_710,0,0.31802211,0.033314028,0.21048097,0.73499334,7.2858691e-05,6.93364e-05
2iht_TPP_A_600,0,0.98384218,0.04766359,0.25894368,0.88359018,0.928544,0.88472213
2iht_TPP_B_600,0.8056644,1,0.049257166,0.26727258,0.83624315,0.79715084,0.83959179
2iht_TPP_C_600,0.96034959,1,0.051994606,0.27669661,0.88245156,0.92544402,0.9892098
2iht_TPP_D_600,0.41478749,0.81183197,0.047865566,0.26051204,0.88169532,0.84305354,0.88058444
2ihu_TP9_A_600,0,0.63047481,0.047537252,0.25661123,0.99581896,0.95696232,0.99438923
2ihu_TP9_B_600,0,0.63027164,0.047119712,0.25642622,0.87192247,0.95616445,0.99422697
2ij7_TPF_A_2472,0,0.40612032,0.034649693,0.22245651,1.0580889e-05,0.2840714,0.26433722
2ij7_TPF_B_2470,2.9298203e-05,0.40613801,0.03465483,0.2224594,0.0014848938,0.28408136,0.26438128
2ij7_TPF_C_2471,8.3067248e-05,0.40616333,0.034650143,0.22245831,1.7637408e-05,0.28406857,0.26433478
2ij7_TPF_D_2473,0,0.40612047,0.034649974,0.22245664,9.3657847e-05,0.28407202,0.26433976
2ipf_FFA_A_3,0.97721847,0,0.033888382,0.22198135,0.012948833,0,0
2ipf_FFA_B_4,0.99172463,0.98383379,0.039593813,0.23466034,0.87675954,0,0
2isf_PAC_A_317,0.99146936,0.97666544,0.037116203,0.2351308,0.0012259024,0.0012136637,0.015377295
2ixi_TYD_A_1182,0,0,0.03164039,0.21136654,0.0060292577,0.13120396,0.10721926
2ixi_TYD_B_1182,0.97950715,0,0.033904864,0.22199981,0.017339826,0,0
2iyq_SKM_A_201,0.94684248,0.96253333,0.039790962,0.23405018,0.98451484,0.0096486996,0.0097245743
2izf_BTN_B_300,0.99576395,0.28789159,0.037021993,0.22331398,0.99254101,0,0
2j1s_FUL_A_1153,0,0.95944846,0.049248933,0.26314268,0.9956599,0.99137786,0.99149687
2j51_DKI_A_1314,0,0.94976977,0.035368167,0.21931736,0.66240364,0,0
2j5b_TYE_A_1336,0,0,0.029976721,0.20385636,0.18788128,0,0
2j5z_GAL_A_1278,0.9763693,0.85290041,0.036439536,0.23253234,0.00093620012,0.0012811003,0
2jav_5Z5_A_1280,0,0,0.045123422,0.24718538,0.99075997,0.98385078,0.98722271
2jfv_FLC_A_1271,0.89292768,0.75624317,0.036318668,0.2302989,0.13497512,0.020208052,0.00028268588
2jhp_GUN_A_1648,0.0013521698,0.96686583,0.033938553,0.2212206,0.001057896,5.9230887e-06,0.10974835
2ji6_TPW_B_1566,0,0.98429137,0.036712901,0.22172498,0.88298473,0.13783583,0
2no7_LDC_A_401,0.99018967,0.98859086,0.039940546,0.23469633,0.989539,0,0
2no7_LDC_B_401,0.98605472,0.98496326,0.037389027,0.23574026,0.033190703,0.051176453,0
2nos_AGU_A_903,0.15479364,0.91290436,0.034144162,0.22229539,0.00029350186,7.245235e-07,0.083687814
2npq_BOG_A_1000,0,0.61324663,0.046639339,0.25402326,0.94715117,0.90533224,0.9386955
2npq_BOG_A_2000,0,0.94598589,0.034045452,0.22156583,0,0.14536526,0
2nry_STU_A_504,0.99421219,0.97284677,0.052345124,0.27677993,0.99614686,0.91939388,0.99266674
2nry_STU_B_502,0.93096274,0.92595381,0.048204211,0.27254934,0,0.86743544,0.91855967
2nry_STU_C_503,0.99268149,0.98307711,0.052436404,0.27717283,0.98965443,0.92617065,0.99782376
2nry_STU_D_501,0.99343246,0.974346,0.052199043,0.27639922,0.98483138,0.91132645,0.98302985
2ntk_IMP_A_205,0,0.32392726,0.034366052,0.21162774,0.98009597,0.039591983,0
2ntk_IMP_B_206,0.98439979,0.837935,0.039637562,0.23349479,0.98638931,0.019853467,0
2ntk_IMP_C_207,0,0.32393288,0.034381273,0.21163425,0.98463583,0.039615735,0
2nu7_COA_B_1325,0,0.9252946,0.033943501,0.22117624,2.279036e-08,0.14151846,1.9962582e-06
2nz5_226_A_431,0.029638301,0.9844627,0.034327018,0.22269509,2.1495134e-06,0.14948987,4.3509303e-07
2nz5_226_A_432,0.0022024582,0.9632256,0.034137392,0.22192106,4.3177406e-07,0.14835684,1.1578051e-05
2nz5_226_B_432,0.99169374,0.97319403,0.036980027,0.23463208,0.0042822825,1.6870646e-09,1.7530974e-09
2o1o_RIS_A_400,0,0.96428227,0.034603624,0.22180424,0.16671777,0.14600149,0
2o1o_RIS_B_400,0.92457638,0.97295504,0.039378405,0.23347515,0.89850276,0,0
2o7b_HC4_C_701,0.99752334,0.98769799,0.040095316,0.23534557,0.97979032,0.034801687,0
2o7b_HC4_D_701,0.99309925,0,0.035762316,0.2185658,0.97906581,0,0
2o7b_HC4_G_701,0.99643873,0.9905619,0.040155173,0.23537356,0.99728374,0.035155019,0
2o7d_DHC_A_701,0.98973217,0.9909985,0.037337199,0.23592521,6.8856486e-05,0.052472451,0
2o7d_DHC_B_701,0.99689158,0.99055784,0.0401499,0.23538118,0.99491203,0.035147291,0
2o7d_DHC_E_701,0.99706755,0,0.03429641,0.21870937,0.47651527,0,0
2o7d_DHC_G_701,0.98389492,0.99267455,0.04012585,0.23524229,0.99698834,0.036836289,0
2o7d_DHC_H_701,0.99861374,0.98837384,0.037351767,0.23599704,5.3417731e-05,0.051075807,0
2okk_ABU_A_585,0,0.14589691,0.032681724,0.21526943,3.3406161e-07,0.18289091,0.16026613
2ot7_OGA_B_500,0,0.86386315,0.035091591,0.21791257,0.69061319,0.0001255398,0.0001279635
2oxp_THP_A_300,0.96268291,0,0.032788262,0.21827456,0.0049480547,0,0
2p1e_LAC_A_303,0,0,0.031672833,0.21134804,0.018681664,0.13077215,0.10706437
2pir_DHT_A_931,0.99481516,0.99759974,0.040012356,0.23491185,0.99559318,0,0
2pnz_UDP_A_250,0.92954455,0.86432154,0.036546168,0.23271333,0.0071791023,0.034950601,0
2prg_BRL_A_1,0.94496135,0.88845374,0.036785768,0.23336175,0.033131172,0.037431121,0
2prg_BRL_B_2,0.79932773,0.74067604,0.036956931,0.22866102,0.48127914,0.020927993,0
2prl_R2C_A_400,0.98308756,0.98716578,0.037297508,0.23576237,7.9024643e-09,0.052440547,0
2pt6_S4M_A_501,0,0.96804149,0.049168491,0.26295726,0.98863972,1,0.98876726
2pt6_S4M_B_502,0,0.97815566,0.049236266,0.26319981,0.98951126,1,0.99001806
2pt6_S4M_C_503,0.93775205,0.95214038,0.051673938,0.27523978,0.90183548,0.9135492,0.98222283
2ptm_CMP_A_401,0,0,0.03162493,0.21137536,0,0.13140973,0.10729307
2pvy_ACP_A_802,0.98973713,0.84104391,0.039241022,0.23349396,0.85341808,0.0205062,0.0015779511
2pvy_ACP_D_802,0.97872743,0.96954153,0.037201504,0.23537108,0.0014472393,0.049607322,2.5507597e-05
2pwf_BGC_D_9999,0.95640016,0.77324991,0.036165663,0.23138668,3.6474947e-05,0.015749645,0.00041119874
2pye_7PE_A_504,0,0.82942184,0.033470979,0.21937061,7.8604028e-10,0.12368451,1.9219944e-07
2q6m_P34_A_1001,0.93265115,0,0.033499903,0.21777925,0.28213503,0,0
2q6m_P34_A_1002,0.95753292,0,0.035270795,0.2180552,0.85416859,0,0
2qab_EI1_A_1,0.99637467,0.98420168,0.040059667,0.23526742,0.97449855,0.034356722,0
2qab_EI1_B_1,0.99581208,0.98596643,0.037983446,0.23576551,0.23240095,0.047058576,0
2qb3_PMP_A_700,0,0.63706989,0.045334928,0.25657769,0.24972116,0.99257171,0.9925727
2qb4_DSM_A_801,0.9771008,0.98902921,0.039512917,0.23452975,0.85914879,0,0
2qb4_DSM_A_802,0.97363166,0.97583341,0.037071652,0.23481191,0.012040554,0,0.015944771
2qb4_LEU_A_601,0.99191571,0.99314671,0.052357306,0.27721532,0.96159178,0.96165993,0.96185469
2qca_DGP_A_200,0.95858971,0.90222215,0.039564688,0.24306712,5.5223923e-09,0.25084257,0.23364123
2qca_DGP_A_300,0.97119515,0.83009727,0.037009562,0.23210768,0.22357045,0.016127812,0
2qcx_PF1_A_300,0,0.97400987,0.035187425,0.22186589,0.35760892,0.14464274,0
2qcx_PF1_B_300,0,0.98388824,0.035254473,0.21989026,0.57505882,0,0
2qd1_CHD_D_802,6.2332991e-11,0,0.03162493,0.21137536,5.6557695e-11,0.13140973,0.10729307
2qd4_CHD_A_801,3.7933756e-08,0.98483548,0.034236919,0.22229748,6.6848361e-08,0.15259128,0
2qd4_CHD_A_802,0.83353854,0.97158938,0.036756906,0.23342739,2.2153881e-08,0.064844379,0
2qd4_CHD_A_803,0,0.9894045,0.034259437,0.22238352,3.1758291e-07,0.15344111,0
2qd4_CHD_B_926,0,0.98872195,0.034256094,0.22237066,7.7195174e-06,0.15331404,0
2qd4_CHD_B_927,2.0706733e-09,0.99041594,0.034264421,0.22240257,3.6144474e-08,0.15362925,0
2qd4_CHD_B_928,0,0.94293071,0.034030395,0.22150829,1.3717421e-07,0.14479699,0
2qg6_NMN_A_301,0,0.96742342,0.036394894,0.21955197,0.98589242,0,0
2qgw_EES_A_1,0,0.98420675,0.034233821,0.22228564,6.0958722e-07,0.15247433,0
2qgw_EES_B_1,0,0.98903237,0.034257604,0.22237652,6.3747921e-07,0.15337189,0
2qhv_OC9_A_1001,0.9896149,0.98433836,0.046941365,0.26855509,3.1956239e-06,0.72920703,0.80130958
2qim_ZEA_A_160,0,0.99004032,0.035869234,0.21995747,0.77505353,1.6655096e-06,1.6855805e-06
2qim_ZEA_A_161,0,0.47978796,0.035125761,0.22416661,0.0099547218,0.30036801,0.28137529
2qim_ZEA_A_162,0,0,0.03162493,0.21137536,1.8596019e-09,0.13140973,0.10729307
2qs2_UBF_A_603,0,0.98507909,0.03620109,0.22185679,0.69927724,0.1410312,0
2qs2_UBF_B_602,0.97744816,0.98449707,0.038677831,0.23531506,0.50263432,0.044179306,0
2qse_1HP_A_1,0.99307504,0.83949668,0.039551019,0.2332714,0.98208981,0,0
2qui_LTN_A_501,0,0,0.031648957,0.21136166,0.0093701276,0.13108994,0.10717836
2qvr_CIT_A_335,0.88736328,0.9596157,0.036882473,0.23370953,0.027459647,0.0092868135,0.030225173
2qvr_FDP_A_333,0.97305232,0.82910656,0.039336048,0.23279412,0.94848265,0.0011190378,4.223438e-06
2qx4_ML1_A_233,0.43266812,0.63004037,0.03686814,0.2317593,1.1428709e-05,0.26907331,0.25048248
2qx4_ML1_B_233,0.98086065,0.83143259,0.036166963,0.23150325,3.1383347e-07,0,0
2qx9_ML2_A_234,0,0,0.031624972,0.21137533,1.6245054e-05,0.13140917,0.10729287
2qxf_TMP_A_3000,0.97848271,0,0.033875838,0.22200389,0.0069316859,0,0
2r0g_7CK_A_1355,0.99235832,0.98968096,0.05222547,0.27658097,0.97860672,0.91234509,0.98073989
2r0g_7CK_B_1357,0.99379043,0.98391776,0.052259838,0.27660619,0.98686586,0.9135274,0.98357916
2r3d_ACM_A_303,0.72149965,0.99277008,0.051936855,0.2746162,0.9937472,0.99574523,0.99373575
2r4j_13P_A_1968,0,0.95327715,0.035531603,0.22665713,0.00018027954,0.3297385,0.00021538478
2r4j_13P_B_816,0,0,0.035184858,0.21846735,0.4924148,0.34234293,0.32287587
2r4t_250_A_503,1.2679296e-07,0,0.031624931,0.21137536,1.9627898e-07,0.1314097,0.10729305
2r4t_GLC_A_502,0,0.97573251,0.037895771,0.22474557,0.97870714,0.11463924,0.11467481
2r5e_QLP_A_430,0,0.98567842,0.034241074,0.22231335,3.0195434e-07,0.15274806,0
2r5e_QLP_B_430,0,0,0.03162493,0.21137536,0,0.13140973,0.10729307
2rbu_273_X_4001,0.9926902,0.9861965,0.037149326,0.23527922,6.4436147e-07,1.7765627e-06,0.016014756
2rbx_3AY_X_2001,0,0.73531767,0.043292743,0.24564188,0.67999946,0.67975436,0.67344959
2rhx_MLY_A_537,0.95165604,0,0.033900577,0.22166319,0.040457057,0,0
2ri1_GLP_A_234,0,0.32491057,0.032263977,0.21096418,0.32933184,0.026358342,0.023100455
2ri1_GLP_B_234,0.66481448,0.75039389,0.038474186,0.23693887,0.12293717,0.26194098,0.24680039
2rtn_IMI_B_300,0.9909278,0.98033077,0.053018721,0.99215538,0.98680205,0.98928931,0.98855135
2rtn_IMI_D_300,0.99444179,0.97334573,0.043799394,0.24783356,0.9860596,0.29782452,0.30624612
2tio_BEN_A_247,0,0.98993655,0.049399062,0.2637339,0.99390666,0.99351093,0.9935403
2uyv_TLA_B_1275,0,0.40616646,0.034740977,0.22249783,0.027000597,0.28427227,0.26516095
2uza_HTL_B_1236,0,0.32382199,0.034080514,0.21150562,0.89493172,0.039146427,0
2v32_BEZ_A_1222,0.98959182,0.85450587,0.040265004,0.23566296,0.986335,0.052163348,0.052244784
2v32_BEZ_B_1220,0.99633597,1,0.05250407,0.27878847,0.85883692,0.99409631,0.99193351
2v32_BEZ_C_1222,0.99266246,0.8676422,0.040811314,0.23743367,0.99768711,0.087030557,0.088719752
2v32_BEZ_D_1221,0.9705932,0.9540522,0.039678771,0.23709254,0.65370823,0.072531026,0.072497837
2v60_C17_A_1503,0.98825756,0.99078766,0.040127996,0.23526679,0.99624544,0.036051294,0
2v60_C17_B_1498,0.9941897,0.99522476,0.040160712,0.23543305,0.99355552,0.036314294,0
2v7o_DRN_A_1303,0.94648488,0.8959575,0.039502622,0.24280685,0,0.25126217,0.23402884
2vag_V25_A_1482,0.99211943,0.9788465,0.040069589,0.23509724,0.99213639,0.033503309,0
2vez_G6P_A_202,0.86239075,0,0.033595003,0.22075072,0.00073660641,0,0
2vjb_CCD_B_1539,0,0,0.032122102,0.21109184,0.19389386,0.12479246,0.10491939
2vjb_CCD_B_1540,0.00014870783,0.9911866,0.034353851,0.2223998,0.030340774,0.15325383,0
2vlf_PLI_A_1457,0.88468094,0,0.034985676,0.2169682,0.84343943,0,0
2vmg_MBG_A_1179,0.98019659,0,0.047688357,0.25954322,0.93324889,0.93332741,0.93343649
2vmp_PLP_A_501,0.99157569,0.89087392,0.036849324,0.23406487,1.1721139e-05,0.033663225,1.8090978e-06
2vp5_DCZ_A_1210,0.99219234,0.98930056,0.03995967,0.23473735,0.99265351,0,0
2vp5_DCZ_B_1210,0.98266904,0.9933593,0.040103249,0.23524348,0.98908917,0.037220174,0
2vss_V55_D_1250,0.002850117,0.97471469,0.03433432,0.22211441,0.049314917,0.1495993,6.0635982e-07
2vsu_V55_D_1251,0.0038107567,0.98219135,0.035760274,0.22195389,0.54310222,0.14269628,1.9703024e-07
2vzu_PNJ_A_1901,0,0.95148102,0.035028383,0.2214525,0.34050616,0.14073622,0
2vzu_PNJ_B_1904,0.99140071,0.84137214,0.039082664,0.23339693,0.80974869,0.018788718,0
2w0b_CMW_A_1450,5.77721e-06,0.86660758,0.033654261,0.22007099,0,0.1306003,0
2w1a_TSA_C_1091,0.94764895,0.99316705,0.041025683,0.2382354,0.99227351,0.093690121,0.092288641
2w1a_TSA_D_1091,0.97137595,0.99394766,0.038439149,0.23962096,0,0.13754919,0.092464829
2w5t_GP9_A_1644,0,0.22158762,0.039101251,0.22718905,0.98853363,0.45116919,0.4486867
2wd2_MS5_A_1263,0.67091075,0.66985038,0.036467819,0.22540357,0.58799277,0,0.0016658254
2wdq_CBE_C_1130,0.98982153,0.98605125,0.037139558,0.23523674,3.5757344e-06,0,0.016266189
2wdq_TEO_A_1589,0.98038844,0.6876402,0.038849227,0.24038486,0.0023192583,0.21581085,0.19767673
2wdq_TEO_E_1589,0,0.47688752,0.040870498,0.23393896,0.96847194,0.0013421307,0.9623516
2wdq_TEO_I_1589,0,0.63258906,0.047573005,0.25684799,0.98552239,0.97433427,0.97456397
2whq_HI6_A_1543,0.0044690692,0.40843356,0.034673282,0.2225529,0.00020978055,0.28391797,0.2642002
2whq_HI6_B_1545,0.00242729,0.40737962,0.034668258,0.22251147,0.001819943,0.28400073,0.26431472
2wj4_HQD_A_1281,0,0,0.045171876,0.24736421,0.98940949,0.98943247,0.98978407
2wj4_HQD_B_1278,0,0.9934234,0.049375979,0.2636898,0.99123582,0.99121738,0.99122628
2wj4_HQD_C_1277,0.026462154,0,0.032436557,0.20411701,0.99203035,0,0
2wj4_HQD_D_1278,0.0048803844,0.99555117,0.049450748,0.26393425,0.99412005,0.99434763,0.99431803
2wu4_HBP_A_1544,0.12293251,0.97444016,0.034574269,0.22377831,0.0026006642,0.13803681,0
2wu4_HBP_B_1545,0.98368864,0.98260099,0.037282157,0.23568341,0.0018817005,0.051498768,0
2wzv_FMN_A_801,0.00037572046,0,0.032225624,0.20373404,0.95121793,0,0
2wzv_FMN_B_801,0.98355615,0,0.035617604,0.21842953,0.94119692,0,0
2x05_X05_A_1900,0.98629595,0,0.034443483,0.21853788,0.53919631,0,0
2x0u_X0U_B_1291,7.3080386e-05,0.99578285,0.036540897,0.22001558,0.99488689,0,0
2x6o_2TC_A_1209,0,0,0.031624931,0.21137536,4.399401e-07,0.13140971,0.10729307
2xh0_PEP_C_1440,0.98802835,1,0.052915245,0.27876087,0.9963273,0.99553368,0.99588447
2xhk_AKG_A_519,0.92365457,0.85769051,0.036283853,0.23185483,0.00030766263,0.00030801117,0
2xhk_AKG_B_519,0.95040386,0,0.033795088,0.2217081,0.00043138965,0,0
2xta_TPP_A_2001,0.9785827,0.97150021,0.049819231,0.27713016,0.11317086,0.93596419,0.99330168
2xta_TPP_B_2001,0.99476056,0,0.033895214,0.22219101,0,0,0
2xta_TPP_C_2001,0.95225006,0.97577661,0.049453903,0.27696731,0,0.94226753,0.99434829
2xta_TPP_D_2001,0,0.97076316,0.038902724,0.23812917,0,0.49190639,0.38254252
2xul_AKG_A_201,0,0,0.03162493,0.21137536,6.1139197e-08,0.13140972,0.10729307
2xul_AKG_B_201,0.92692556,0.90914845,0.038877026,0.23250115,0.81448838,4.0967215e-09,0.00093150627
2xul_AKG_D_201,0,1.7462243e-05,0,0.21133378,3.360094e-09,0.13059801,0.10645722
2xul_AKG_E_201,0.99308964,0.9127243,0.036978592,0.23454947,1.5467365e-07,0.015644091,0.016032393
2xul_AKG_F_201,0.99389446,0.89667176,0.036703057,0.23356428,0.0017602733,1.5023285e-06,0
2xum_OGA_A_601,0.99876942,0.97602299,0.037128164,0.23520139,0.00039266639,0.00080250545,0.014124662
2xya_7L4_A_1181,0.99324319,0.97457555,0.039904011,0.2345122,0.99351733,5.1238793e-06,5.118026e-06
2xyj_WLM_A_1441,0.98196518,0.83544442,0.036317421,0.23202621,1.568986e-07,0.014741838,0
2xyj_WLM_A_1442,0,0.40612047,0.034649986,0.22245664,9.7046703e-05,0.28407204,0.26433986
2xyj_WLM_B_1441,0.85546994,0.84885426,0.039035957,0.24084994,1.1398137e-07,0.25441714,0.2369433
2xyj_WLM_B_1442,0.92627018,0.80751232,0.03913613,0.23212219,0.9293051,0.020722337,0
2y00_Y00_B_601,0.99473563,0.9853551,0.040096571,0.23525853,0.98743094,0.034524325,0
2y2f_YI1_A_1469,0.83272339,0,0.033991202,0.21623802,0.56709888,0,0
2y4j_LAC_A_400,0.98384052,0.86898395,0.039157448,0,0.9311136,0.00064530415,0.00064166763
2y4j_LAC_B_400,0.9640357,0.94610881,0.037218984,0.2340715,0.12507775,4.9272776e-05,0.012364785
2y5a_3AP_A_1295,0.15692001,0.99601294,0.035855446,0.22379342,0.44215715,0,0.10598876
2ye5_2A7_A_1224,0.99016123,0.8793011,0.038676525,0.23327243,0.68504063,0.0070797576,0.0071464511
2yjd_YJD_A_1498,0.99391657,0.99626683,0.037380817,0.2360805,0.001734402,0.052996593,0
2yjd_YJD_B_1498,0,0.99442516,0.038832215,0.2379147,0.0016560646,0.48224616,0.46833423
2ynf_WHU_A_1563,0,0,0.032354793,0.20372098,0.99553311,0,0
2yp6_C6W_B_1186,1.2670129e-07,0.93108995,0.033972039,0.2212853,0,0.1425946,0
2z1z_MLT_A_433,0.97083013,0,0.033291535,0.2183693,0.16624079,0,1.2495812e-06
2z20_PLP_B_801,0,0.99387726,0.036365269,0.21999284,0.93804712,0,0
2z26_DOR_A_1410,0,0,0.03162493,0.21137536,0,0.13140973,0.10729307
2z48_A2G_A_1001,0,0.94753717,0.041726632,0.24076396,0.66874474,0,0.96055526
2z48_A2G_A_1005,0.98852892,0.95606889,0.039606,0.23415032,0.92433055,3.9640961e-07,4.0244369e-07
2z48_A2G_B_2001,0,0.94658738,0.047757167,0.25902033,0.89976222,0.90391461,0.90086712
2z48_A2G_B_2005,0,0.93542738,0.035969288,0.21904503,0.88704387,3.0247217e-07,3.5234666e-07
2z48_NGA_A_1002,0,0.099840673,0.032348259,0.21404008,5.4928245e-05,0.16663764,0.14354311
2z48_NGA_A_1006,0,0.40615448,0.034717272,0.2224871,0.019991864,0.28422011,0.26494704
2z48_NGA_B_2003,0.98433886,0.98603065,0.050761816,0.27437717,0.70372509,0.90260081,0.90068636
2z48_NGA_B_2004,0,0.98066015,0.034551667,0.22214311,0.1194217,0.14983938,7.4545354e-06
2z6j_TUI_B_502,0.86731063,0.95188172,0.036764525,0.23351729,1.5816314e-08,0.057723376,3.9244441e-13
2z7s_P01_A_1,0.73019444,0.95488661,0.047376067,0.26813779,0.10142447,0.84598309,0.86744091
2zgw_ADN_A_1301,0.9912198,0.96445073,0.052263989,0.27651535,0.99241541,0.91675612,0.99105103
2zgw_ADN_B_1302,0.36922621,0.74508115,0.043637547,0.25003037,0.4786991,0.6467024,0.65383734
2zgw_BTN_A_1401,0.95145951,0.8176575,0.039316208,0.23232824,0.97960222,0,0
2zgw_BTN_B_1402,0.96774481,0.82618391,0.039371798,0.2326809,0.9698386,0,0
2zi2_24U_H_801,0.94760229,0.98034485,0.03976334,0.2339246,0.99146739,0,0
2zka_AZA_A_302,0.1524748,0.97175762,0.04973834,0.26540215,0.9862864,0.98642913,0.98636755
2ztl_3HL_A_301,0.99795886,0.96113066,0.039863763,0.23437754,0.99201901,0.00033540325,0.00033717621
2ztl_3HL_B_301,0.987304,0.9548612,0.039854462,0.23451294,0.97108292,0.0092631356,0.0092645086
2ztl_3HL_C_301,0.99514346,0.96795015,0.039891908,0.23444475,0.99533857,0.00029581569,0.00029793126
2zut_A2G_B_4002,0.00016298939,0.40620469,0.034650547,0.22246002,1.5791426e-05,0.28406579,0.26433216
2zut_A2G_C_4003,0.9520775,0.89843094,0,0.24287582,4.6275467e-05,0.25011536,0.23286927
2zut_A2G_D_4004,0.98132327,0.83633459,0.039595131,0.23341737,0.97842607,0.019920952,5.1335633e-05
2zuw_NDG_B_4002,0,0.4061243,0.034657565,0.22246007,0.0023379972,0.28408872,0.26440826
2zuw_NDG_C_4003,8.3746197e-05,0.40616372,0.034650222,0.22245835,3.9824174e-05,0.28406871,0.26433544
2zuw_NDG_D_4004,0.99186384,0.84061486,0.036370427,0.23224633,3.9478236e-05,0.01454875,5.9823439e-06
2zvq_1NP_X_501,0.18870299,0.064714539,0.033266977,0.20760098,0.98987691,0,0
2zvq_1NP_X_502,0,2.6746594e-06,0.03162495,0.21137543,0,0.13141067,0.10729404
2zwt_CAM_A_422,0,0,0.031744682,0.21130707,0.046702397,0.12981585,0.10672133
2zyv_NPO_X_1602,0.99812404,0.9939377,0.037206174,0.23550379,0.00015072095,0,0.017048384
3kt7_AKG_A_702,0,0.98618209,0.034247431,0.22233601,0,0.15312165,0.00031313887
3mk1_NPO_A_912,0,0.42969763,0.034159744,0.21075196,0.99480978,0,0
3mk1_NPO_A_913,0.9948701,0.99051552,0.037211646,4.6934604e-38,0.00039834249,0.043504606,0
3qfx_CP6_A_602,0.99170231,0.9942075,0.039967695,0.23481094,0.98894938,0,0
3qfx_CP6_B_702,0.98832834,0.99489177,0.039958971,0.2347717,0.98899696,0,0
3qgz_ADN_A_127,0.99129892,1,0.052761102,0.27836036,0.98518542,0.98538912,0.98556684
3qhd_795_A_167,0.82748813,5.4053409e-05,0.035220623,0.21608963,0.99075318,0,0
3qhd_CTN_A_165,0.98127813,0.91463334,0.03958117,0.23335401,0.98365153,0,0
3qhd_CTN_B_165,0.97247348,0.97521263,0.039830424,0.23421221,0.99218562,0,0
3qhd_MSR_A_166,0,0.99091825,0.03426739,0.22241192,0.0001756332,0.15371976,0
3qk1_BEN_A_1010,0.99840518,0.99167222,0.05293493,0.27884858,0.99577539,0.99729181,0.99725208
3qss_MTG_A_405,0.81927462,0.9762163,0.039060211,0.2319942,0.90616657,0.00092309368,0.00092424007
3qss_MTG_B_405,0,0.97090356,0.036188743,0.21970335,0.90286485,0.0017827239,0.0018673786
3qt8_FM0_A_328,0.99100529,0.95169809,0.04553132,0.26365329,0,0.42275641,0.90288506
3qt8_FM0_B_328,0,0.95611105,0.041494377,0.24688206,0.002624238,0.68096696,0.59715475
3qwi_CUE_A_272,0.99717939,0.99556184,0.03744231,0.23609932,0.021272968,0.052207363,0
3qwi_CUE_B_272,0.99810223,0.8404914,0.036280101,0.23190129,0.0057113971,0,0
3qwi_CUE_D_272,3.9190748e-06,0.40612234,0.03464968,0.22245658,6.3207392e-07,0.28407119,0.2643368
3qxx_8AC_A_221,0.9584796,0.97202613,0.036969741,0.2345329,5.5505065e-07,8.3584542e-09,0.016511066
3r3z_GOA_A_305,0.99377237,0.970365,0.049334149,0.2766831,0,0.95397998,0.95373911
3r3z_GOA_C_305,0.99618025,1,0.049065847,0.27578667,0,0.93125091,0.93120844
3r3z_GOA_D_305,0.9932017,1,0.050081774,0.27633258,0.2899826,0.93602526,0.93644861
3r51_MMA_A_200,0.97276311,0.96556947,0.052918687,0.88493867,0.98866503,0.99414591,0.99344042
3ro7_TDR_A_300,0,0,0.031737976,0.21131089,0.04408724,0.1299051,0.10675335
3roe_THM_A_265,0,0,0.031885205,0.21122693,0.10150533,0.12794552,0.10605042
3roe_THM_C_265,0.44499075,0,0.033886098,0.21037241,0.98966867,0,0
3roe_THM_D_265,0,0,0.032319424,0.20372295,0.98352505,0,0
3roe_THM_E_265,0,0,0.032322247,0.20372279,0.98448371,0,0
3rop_NCA_A_302,0.9264634,0.0047277993,0.032668253,0.21781139,0.00024541566,0,0
3rop_NCA_B_302,0.0029048687,0.009204335,0.031708901,0.21164652,0.0041614141,0.13404692,0.11011221
3ryd_SRT_A_267,0.977592,0.11164381,0.034904805,0.22484726,0.093633642,0.0098994318,0
3ryd_SRT_A_271,0,0.4721969,0.03504525,0.22397856,3.093599e-08,0.29802917,0.27874095
3ryd_SRT_C_268,0.54297982,0.91538844,0.036319075,0.23090803,0.00010355424,0.073171899,0.11586362
3se2_3AB_C_4,0.9965687,0.84134363,0.039595478,0.23336177,0.98961868,0,0
3se2_3AB_D_3,0.99562959,0.84072177,0.039354271,0.23323375,0.91978108,0,0
3se2_LDR_B_2,0.99832843,0,0.033906027,0.22222828,0.0010412299,0,0
3sj1_DXC_X_75,0.9831885,0.98290361,0.037276815,0.23568347,0,0.051637456,0
3sru_Q26_X_169,0,0.95059734,0.036776371,0.22103836,0.96475039,0.13021173,0
3t2e_F6R_A_3469,0,0.89464447,0.03379242,0.22059893,1.1495919e-09,0.13581576,5.307697e-09
3t3q_9PL_A_501,0.76479508,0,0.033467457,0.21963532,0.037860187,0.0067375617,0
3t3q_9PL_B_501,0.00011128351,0,0.031959861,0.21118572,0.13052166,0.12693729,0.10567712
3t3q_9PL_C_501,0.9875571,0,0.033879965,0.22211201,0.0004643414,0,0
3te7_TE7_B_1,0,0.97099631,0.03416924,0.22203673,0.00018748548,0.15001409,0
3tky_N7I_B_369,0.08238235,0.97805599,0.03445902,0.22329447,0,0.14290138,0
3tyn_CXW_A_800,0,0.40612031,0.034649659,0.22245649,3.4146513e-07,0.28407132,0.26433691
3u1t_MLI_A_351,0.99667549,0.93668993,0.036910145,0.23437696,1.8274082e-06,8.6945825e-07,0.0055901617
3u1t_MLI_B_350,0.99701817,0.94240646,0.036943261,0.23450045,0.00018807884,0.00018983944,0.006897649
3u3o_3QV_A_296,0,0.99201587,0.03427231,0.2224327,1.4329771e-06,0.15392681,0
3ucc_2PG_A_601,0,0.48208627,0.041179315,0.23472982,0.99474864,0,0.99496091
3ucc_2PG_B_601,0,0.40612031,0.034649658,0.22245649,0,0.28407132,0.2643369
3ucl_CYH_A_543,0.12866598,0.98810365,0.034653441,0.22412013,2.0293749e-06,0.14013184,0.00010864387
3uud_EST_A_600,0.98777222,0.97890557,0.039832749,0.23450507,0.96961901,0,0
3uud_EST_B_600,0.98162337,0.99303972,0.039947865,0.23464005,0.99579504,0,0
3uwb_BB2_A_154,0.98515746,0.93840398,0.039645403,0.23428666,0.91972278,0.027895107,0
3v1m_HPK_A_288,0,0.44562483,0.039350311,0.22957979,0.88227148,0.42212259,0.41910781
3v1s_0LH_B_401,0.99373495,0.99579135,0.037410623,0.23606164,0.013387532,0.052733338,0
3v1v_GST_A_511,0.89846807,0.89578693,0.037226058,0.23274075,0.22847236,0.040310099,0
3v7u_MTA_A_301,0.14848019,0.48327146,0.036019915,0.22592461,0.18004913,0.28026434,0.26507733
3v7u_MTA_A_302,0.98556534,0.83737509,0.036340688,0.23211433,0.00057250105,0.014822584,0.00016267302
3v8n_5NB_A_301,0.25908289,0.96570269,0.03500567,0.22546063,0.021190585,0.12217295,0
3vbn_TYD_A_301,0.86824118,0,0.034204163,0.21676376,0.59744717,0,0
3vbn_TYD_C_301,0.94415024,0,0.033820793,0.22161731,0.016022185,0,0
3vbn_TYD_E_301,0.5859874,0,0.033952588,0.2125038,0.84560493,0,0
3vc3_C6P_B_501,3.2435431e-05,0.93850982,0.04416989,0.24632232,0.94751591,0.66993066,0.60601819
3vc3_C6P_C_501,0,0.95290279,0.049078157,0.26302277,0.94894499,1,0.99649901
3vc3_C6P_F_501,0.64304037,0.95816048,0.0468273,0.25748203,0.93901863,0.65054877,0.65369008
3vca_PRO_A_504,0.90096218,0.044626171,0.03400439,0.22236227,4.7754138e-08,0.0018093916,0
3vcp_PRO_A_502,0,0,0.043014159,0.24635383,0.36792192,0.96418416,0.96448523
3vmg_9CA_B_2001,0,0,0.044450699,0.24487029,0.99351137,0.93286234,0.93328234
3vmg_9CA_C_2002,0,0,0.044101321,0.24416058,0.94651671,0.91602575,0.91755955
3vnj_PSJ_A_301,0,0.40612031,0.034649658,0.22245649,0,0.28407132,0.2643369
3vnj_PSJ_C_301,0,0.40612031,0.034649658,0.22245649,0,0.28407132,0.2643369
3vnj_PSJ_D_301,0.91312897,0.8155305,0.037389831,0.23313486,0.22836561,0.064440079,0.051081607
3vnm_SDD_A_301,0.5634226,0,0.032910797,0.21750124,0,0.040515948,0.015767325
3vnm_SDD_B_301,0.5488338,0.89647037,0.040370067,0.24466881,0,0.43141178,0.39314566
3vnm_SDD_C_301,0.49332286,0,0.03281728,0.21670116,0.025921881,0.050940072,0.026837407
3vq4_0NX_A_304,0,0.98286377,0.036421058,0.21980765,0.9726435,1.8566134e-05,1.8473579e-05
3vq4_0NX_A_305,0.99491314,0.9885928,0.052528447,0.27766234,0.97484415,0.97286549,0.9723803
3vq4_0NX_B_303,0.99589108,0.97810158,0.037396378,0.23475447,0.13361143,2.3662986e-05,2.3770666e-05
3vq5_MMJ_A_1007,0.99438716,0.99052549,0.039659891,0.23484947,0.88242219,0.00092434595,0.00092565632
3vq5_MMJ_B_307,0.9934769,0.99671805,0.037766379,0.23599582,0.13876908,0.050853092,2.0719189e-06
3vqe_FMQ_A_1006,0.98665076,0.44565346,0.037517527,0.22576691,0.94627712,0,0
3vqe_FMQ_B_306,0.9924809,0.47430214,0.03488018,0.22648101,0.0027551654,0,0
3vv5_SLZ_B_301,0,0.88280155,0.047211949,0.25690128,0.91289648,0.87996909,0.87615467
3w4i_8LG_A_402,0.35536132,0.96877712,0.035167534,9.5868154e-39,0.015176675,0.10494081,0
3w4i_8LG_B_402,0.34595657,0,0.032441955,0.21512115,0.010712321,0.075232917,0.050962669
3w4i_8LG_D_402,0.98985977,0,0.033912042,0.22212175,0.01092459,0,0
3w7f_FPS_A_301,0,0.80097035,0.033330759,0.21883478,1.0788732e-06,0.11839235,0
3w7f_FPS_B_301,0,0,0.029423806,0.2038883,5.4395098e-05,0,0
3w8x_FTK_B_601,0,0,0.031625753,0.21137489,0.00032069343,0.13139878,0.10728915
3wat_BMA_B_404,0.99042,0,0.033921036,0.22212344,0.013933567,0,0
3wca_FPS_A_501,0,0.82798246,0.033512052,0.21933257,0.017159375,0.12313184,0
3wca_FPS_B_401,0,0.95102449,0.034184214,0.22163488,0.040585563,0.14562887,0
3wca_FPS_C_401,0.93488302,0.90343579,0.036735944,0.23352728,0.00021400814,0.041795244,0
3wca_FPS_C_402,0,0.91551948,0.033895309,0.22099206,2.990651e-06,0.13969846,0
3wca_FPS_D_401,0,0.40622798,0.034862721,0.22255294,0.062996951,0.28454016,0.26625954
3wgc_PLG_A_401,0,0.61377901,0.046635259,0.25409115,0.93901007,0.90691292,0.94045521
3wgc_PLG_C_401,0.98540505,1,0.047123073,0.25945722,0.95621872,0.54978545,0.57466755
3wgc_PLG_D_401,0.97951194,0.83416351,0.036304367,0.23197175,8.9902259e-06,0.014791213,6.0492355e-08
3wjz_NUP_A_301,0,0.56555219,0.042225186,0.2461267,0.22804329,0.7615042,0.78685662
3wk1_O7E_A_301,0.98620248,0,0.035769065,0.21846098,0.98950946,0,0
3wlf_FEH_A_401,0.99626471,0,0.035783237,0.21884605,0.95949053,0.0052042243,0.0052109764
3wlf_FEH_B_401,0.99680978,0,0.038759738,0.22900173,0.95626562,0.23707281,0.23356925
3wlf_FEH_C_401,0.9948248,0,0.033895395,0.22219169,1.32047e-05,0,0
3wlf_FEH_D_401,0.99676535,0,0.036068226,0.21948093,0.99247392,0.019758724,0.019366173
3wqs_KBK_B_503,0.99157589,0.83859477,0.039331985,0.23314215,0.91971244,0,0
3wr4_GDE_B_502,0.98247533,0.98741293,0.039634657,0.23478885,0.87567593,0.0047293151,0.0047040027
3wsg_CIT_B_302,0.98773373,0.98369108,0.039676001,0.24143938,0.23730957,0.17122627,0.13855452
3wsg_CIT_C_302,0.91616998,0.4838645,0.037330467,0.23418853,0.042814166,0.15288451,0.133625
3wsg_CIT_D_302,0,0.73575232,0.036124732,0.22646439,0.1702115,0.29390092,0.21308463
3wsg_CIT_E_302,0,0.63532418,0.035198825,0.22091277,0.38587088,0.19680635,0.12936088
3wug_XYP_B_1,0.98385515,0,0.032921171,0.21858761,0.025063867,3.8282314e-10,0
3wug_XYP_B_2,0,0,0.031624935,0.21137535,1.7576778e-06,0.13140967,0.10729305
3wug_XYP_C_2,0.24022558,0,0.030259684,0.20747861,6.1534215e-06,2.3731515e-05,0
3wur_O4B_A_201,0,0.18494934,0.032964596,0.21631176,2.5142775e-07,0.19667096,0.17444551
3wur_O4B_A_202,0.97220594,0.38204476,0.036723536,0.22453735,0.78454159,0,0
3wur_O4B_B_201,0.83349925,0.10187215,0.035367592,0.21786267,0.88813638,0,0
3wur_O4B_B_202,0.63647398,0.86049093,0.037221732,0.22736799,0.66718391,0,0
3wur_O4B_B_204,0.61499371,0.057226008,0.034531501,0.21386015,0.9262004,0,0
3wwc_BUA_A_402,0,0,0.03162493,0.21137536,6.7551523e-08,0.13140972,0.10729307
3wwc_BUA_A_403,0.97680429,0.98285024,0.03708283,0.2349964,3.367669e-05,2.8717599e-05,0.016927422
3wxo_NIZ_A_802,0,0.94829447,0.034207906,0.22157504,0.053818481,0.14490147,0
3wxo_NIZ_A_803,0.0014440756,0.99258045,0.03428004,0.22246294,0.00016827594,0.1538813,0
3wxo_NIZ_A_804,0.0010568972,0.0018437698,0.031640704,0.21143606,2.4608157e-06,0.13188973,0.1077908
3wzo_ZOE_B_201,0,0.32388112,0.034240889,0.21157421,0.94276517,0.039396678,0
3wzo_ZOE_C_201,0,0.32365001,0.033614074,0.21130611,0.75581194,0.038418589,0
3wzo_ZOE_D_201,0.94673785,0.89608842,0.03950392,0.24281229,0,0.25125341,0.23402074
3zbs_OVE_A_1380,0,0.99336901,0.03766303,0.22525162,0.85478272,0.11713531,0.12104376
3zcm_PX3_A_1214,0,0.40612051,0.034650057,0.22245667,0.00011806347,0.2840722,0.2643405
3zcm_PX3_B_1216,0,0.40612031,0.034649658,0.22245649,0,0.28407132,0.2643369
3zjq_NCA_A_300,0.0025526084,0.98903597,0.034265554,0.22241143,6.0154675e-06,0.1531113,0
3zjq_NCA_B_300,0.62367951,0.98803469,0.035998924,0.23022076,5.9838391e-06,0,0.052727981
3zks_WZV_A_1398,0,0.96643685,0.034149949,0.22195014,0.0013204761,0.14914722,0
3zp7_PRE_A_1118,0,0,0.032271001,0.20372571,0.96707904,0,0
3zr0_8OG_A_1157,0.9732504,0.83185297,0.038871716,0.23294509,0.77570494,0.018975206,5.5442939e-08
3zr0_8OG_B_1157,0.95974371,0.82494503,0.039191693,0.23281285,0.89262757,0.019858149,6.869501e-09
3zv6_4HB_A_1277,0,0.89869674,0.034132959,0.22060253,0.11419696,0.13467423,0
3zwe_FUC_A_110,0,0.97461679,0.0493939,0.26364992,0.99732843,0.99734029,0.99729766
3zwe_FUC_B_110,0.94357148,0.97349123,0.052660762,0.2776965,0.99692369,0.99653469,0.99642748
3zwe_FUC_C_110,0.99039133,0.97849478,0.052864196,0.27853544,0.99778929,0.99777355,0.9977935
3zwt_ORO_A_1398,0.20988912,0,0.032104283,0.21365721,0.00013061549,0.097545044,0.073195825
3zyx_MBT_A_601,0.99571843,0.83922991,0.036247821,0.23183874,0,0,0
3zyx_MBT_B_601,0,0.31816909,0.033623637,0.21061815,0.82686467,0,0
3zzm_JLN_A_1526,0.96898039,0.95957127,0.039756965,0.23390383,0.99370554,1.5472854e-07,1.4604829e-07
3zzv_FUC_B_401,0,0.97359332,0.049392985,0.26364175,0.99761764,0.99747654,0.99755056
4a01_2PN_A_1773,0,0,0.03162493,0.21137536,0,0.13140973,0.10729307
4a3u_NCA_A_1359,0.99429191,0.98028514,0.037298414,0.23578573,2.3506685e-05,0.05001399,0
4a3u_NCA_B_1359,0.77207458,0.94658498,0.036489115,0.23210694,0.016413314,0.066209819,0
4a78_JZ3_A_1296,0.24517586,0.98732924,0.03696826,0.23036488,0.19416268,0.15132865,0.15206974
4a7a_RGZ_A_601,0.99485876,0.84217693,0.036386197,0.23231253,1.0724182e-08,0.014483393,5.6383404e-07
4a7a_RGZ_B_601,0.98458192,0.83660469,0,0.23209773,0.026439241,0.014422673,5.1278685e-06
4a7x_UDP_B_1241,0.94721058,0.94395304,0.039768987,0.23382459,0.99593217,0.031544958,0
4a8p_PAO_A_1340,0.98902869,0.84036456,0.039696418,0.23361218,0.99657982,0.019813811,0
4a8p_PAO_B_1340,0.98914774,0.84005386,0.038685781,0.23318229,0.69495888,0.018233419,0
4a8p_PAO_D_1340,0.88022415,0.11285953,0.034709815,0.22381056,0.1008177,0.025791036,0.0040476177
4a8p_PAO_E_1338,0.96495038,0.82766661,0.03922745,0.23293188,0.89500987,0.019766031,0
4a9j_TYL_A_1188,0.99415303,0.99128895,0.037180621,0.23539771,0.00028638637,0,0.016904513
4adl_LMR_D_1468,0,0,0.03162493,0.21137536,0,0.13140973,0.10729307
4adm_SRT_C_1466,0,0,0.03162493,0.21137536,0,0.13140973,0.10729307
4ajj_88R_C_1335,0.9930883,0.83952291,0.039580506,0.23328542,0.99074973,1.0128197e-05,1.0073222e-05
4ajj_88S_A_1332,0.97726652,0.83108564,0.039251619,0.23281801,0.91896708,0,0
4ajj_88S_B_1332,0.99295854,0.8412287,0.036495772,0.23232152,0.035706876,0.014707847,0
4ajj_88S_C_1334,0.99264221,0.83745353,0.03622854,0.2317594,0,0,0
4ajj_88S_D_1332,0.96835044,0.82488376,0.036129262,0.23123452,0.0089882123,0,0
4ajj_MLI_D_1333,0,0.88498949,0.048420481,0.2605422,0.95931022,0.96001536,0.95990453
4al9_GLA_A_1123,0.94428736,1,0.052786393,0.27817655,0.99731625,0.99717157,0.9974034
4al9_GLA_B_1123,0.997371,1,0.05295845,0.27893577,0.9964365,0.9964507,0.99657122
4al9_GLA_C_1123,0.94486765,0.81856748,0.039517408,0.2328367,0.99489451,0.0053556945,0.021251355
4al9_GLA_D_1123,0.91528956,1,0.052646502,0.2776357,0.9948591,0.99493079,0.99475716
4al9_GLA_G_1123,0.96910569,0.82854004,0.039534505,0.2329845,0.99563934,0.0049582242,0.0049342247
4aql_TXC_A_1452,0,0,0.032184908,0.20373061,0.93783965,0,0
4aw0_MJF_A_600,0,0,0.03162493,0.21137536,1.715285e-10,0.13140973,0.10729307
4b1f_DGL_A_1257,0.0014380996,0.98003017,0,0.26252792,0.97114198,0.97009739,0.96934558
4b1f_DGL_B_1256,0.0023638514,0.97911739,0.049149248,0.26299733,0.98135004,0.97997862,0.97999946
4b1f_KRH_A_1256,0.9184049,0.97506368,0.037486269,0.98608808,4.0960437e-06,0.083581539,0
4b1f_KRH_B_1257,0,0.40612031,0.034649658,0.22245649,1.8713326e-07,0.28407132,0.26433691
4b1y_LAB_B_1376,0.0017843648,0,0.032367577,0.20374727,0.99776604,0,0
4b5v_E8U_A_1253,0,0.97680147,0.034245699,0.22218783,0.012062637,0.15194481,0.00117252
4b5v_E8U_B_1254,0.88630508,0.97506043,0.036825227,0.23380043,0.0021895931,0.0046984579,0.028750942
4b98_PXG_A_470,0,0.40612031,0.034649658,0.22245649,0,0.28407132,0.2643369
4b98_PXG_C_470,0,0.32393833,0.034396074,0.21164058,0.98905054,0.039638831,0
4b98_PXG_D_470,0.99305579,0.84246239,0.039704616,0.23369592,0.99261867,0.019712204,0
4bbx_LKF_B_1760,0.89580478,0,0.03346115,0.21722347,0.31252281,0,0
4bdr_CYS_B_804,0,0.64059435,0.032272348,0.21489338,0,0,0.043751665
4bdr_KAI_B_900,0.92350269,0.96895492,0.052289571,0.27683648,0.95036284,0.98520634,0.98536359
4bq5_GAL_C_1,0,0.6308398,0.0475512,0.25666413,0.99531233,0.95805376,0.99557529
4bu7_25F_A_2165,0.99542246,0,0.035809194,0.21859831,0.992241,0,0
4bu7_25F_C_2165,0.99673568,0,0.035817763,0.21861771,0.99359914,0,0
4buf_F36_A_2162,0.97707337,0,0.035747268,0.21832397,0.99289624,0,0
4buf_F36_B_2162,0.97541797,0,0.035725321,0.21830015,0.98739917,0,0
4buv_16I_A_2165,0.99517154,0.84350018,0.039534328,0.23366524,0.93846317,0.019386382,0
4buv_16I_C_2165,0.9953134,0.84361666,0.039650132,0.2337176,0.97277691,0.019563053,0
4bux_F35_A_2166,0.81415458,0.74896489,0.038519788,0.22962488,0.92382908,0.022945504,0
4bux_F35_C_2165,0.80383236,0.74362007,0.038586457,0.22944774,0.96013428,0.023342763,0
4bvh_OCZ_A_1393,2.4791712e-05,0,0.032361019,0.20372096,0.99762243,0,0
4bvh_OCZ_B_1392,0.9877122,0,0.035796647,0.21848227,0.99709252,0,0
4bvh_OCZ_C_1394,0.98447356,0,0.03578929,0.21843364,0.9984219,0,0
4bz6_SHH_A_700,0.95973613,0.93972826,0.042981544,0.25491334,1.3235952e-05,0.47856803,0.48393553
4bz6_SHH_B_700,0.97872213,0.95147877,0.043617282,0.25715805,8.8375209e-09,0.5162874,0.52586251
4bz6_SHH_C_700,0.93851565,0.94664435,0.044724608,0.26013826,0.063757479,0.59620669,0.61286102
4c2p_X8Z_A_709,0.98923888,0.94641592,0.03973202,0.23399362,0.9800801,0,0
4c2z_646_B_1498,0,0.32295678,0.031733889,0.21050193,0.19502984,0.035484724,0
4c67_L5S_A_1170,0,0.98503551,0.036503074,0.21983821,0.99747818,0,0
4c7g_NGO_A_1495,0,0,0.032321324,0.20375538,0.98097349,0.00072545102,0.00072600716
4can_M7K_A_800,0,0.97516882,0.034189277,0.22211543,5.735535e-12,0.15079328,0
4can_M7K_B_800,0,0.9803628,0.034214875,0.22221324,7.1998869e-09,0.15175936,0
4ccu_AWF_A_1500,0.9827705,0.98554819,0.040028251,0.23510611,0.9759741,0.035974588,0
4cdt_M48_A_801,0.035791247,0.98176314,0.038817936,0.23796831,3.4183517e-08,0.47206076,0.45794296
4cdt_M48_B_801,0,0.97329413,0.038674907,0.23735312,1.4228179e-13,0.47484638,0.46068213
4cjs_L0Y_A_1217,0,0.40612068,0.034650399,0.22245683,0.000219282,0.28407295,0.26434359
4cjs_L0Y_B_1217,0.98314179,0.83581976,1.6361261e-38,0.2320286,0.00065909587,0.014312781,0
4cju_JNS_A_1217,0,0.31847898,0.034190191,0.21087449,0.99445078,0,0
4cju_JNS_B_1214,0,0.98273282,0.036394387,1.1129907e-40,0.99408154,0,0
4cjv_IV2_A_1212,0.99438721,0.99705003,0.04002603,0.2349502,0.99615102,0.0012203444,0.0012211086
4cjw_CBJ_A_1215,0.975414,0.83203212,0.036305157,0.23189045,0.0067639809,0.014908804,0
4cjw_CBJ_B_1217,0.99189749,0.9296023,0.037063289,0.23479353,0.0078914951,0.040701387,0
4cld_JUO_A_1270,0.99589984,0,0.033899356,0.22220252,0.00060131922,0,0
4cld_JUO_C_1270,0,0,0.031625267,0.21137517,0.0001313266,0.13140524,0.10729147
4cld_JUO_D_1270,0,0,0.031629264,0.21137289,0.0016900192,0.13135205,0.10727238
4cle_JR2_A_1270,0.99282038,0,0.033892161,0.22216913,0.00053617997,0,0
4cle_JR2_A_1271,0,0.40612042,0.034649874,0.22245659,6.3886891e-05,0.2840718,0.26433885
4cle_JR2_B_1270,0.99593436,0,0.035705266,0.21861198,0.95633931,0,0
4cle_JR2_C_1270,0.99120331,0,0.032877169,0.21870139,0.0014347363,0,0
4cle_JR2_D_1270,0.99116582,0,0.033889142,0.22215071,0.0008312329,0,0
4cle_JR2_D_1271,0,0,0.031625292,0.21137515,0.00014098235,0.13140491,0.10729135
4clo_XP0_B_1270,0,0,0.031647569,0.21136245,0.0088290075,0.13110841,0.10718499
4clo_XP0_D_1270,0.9637722,0,0.035687535,0.21812595,0.98833029,0,0
4clr_FDB_A_1270,0.14254979,0.99387604,0.036955029,0.22211793,0.96986567,0,0
4clr_FDB_B_1270,0.1399195,0.99065635,0.036982383,0.22202309,0.98686323,0,0
4clr_FDB_C_1270,0.15304424,0.99520353,0.036909916,0.22230146,0.94024436,0,0
4clr_FDB_D_1270,0.99889934,0.99230682,0.039979547,0.2348877,0.98718323,0,0
4cme_KTZ_B_1270,0.98976229,0.8377728,0.039559025,0.2332084,0.98978889,0,0
4cme_KTZ_C_1270,0.99550674,0.84078277,0.039582978,0.23333476,0.98763019,0,0
4cme_KTZ_D_1270,0.95432119,0.81911681,0.03925475,0.23235798,0.95681769,0,0
4cmk_FQW_B_1270,0,0.40624339,0.034893201,0.22256673,0.072009048,0.28460723,0.26653458
4cmk_FQW_D_1270,0.99061305,0.90441334,0.039137045,0.24167787,0.004571419,0.20745273,0.20907125
4cno_9PY_B_301,0,0.63856039,0.047852916,0.2577317,0.99307578,0.99288681,0.99297493
4cno_9PY_C_301,0,0.45785995,0.038271029,0.23056623,0.42788562,0.43582655,0.43542829
4cno_9PY_D_301,0.99007119,1,0.052313834,0.27747006,0.92287123,0.96542026,0.96551874
4cpp_ADM_A_422,0.99500518,0.9350857,0.03959286,0.23390076,0.94218556,0,0
4crg_J4X_A_1493,0,0.32367967,0.033694512,0.21134052,0.77980335,0.038544105,0
4cvb_PQQ_A_1608,0,0,0.032336508,0.20372198,0.98932721,4.8039679e-09,2.7020321e-09
4cw2_XDS_A_1303,0,0,0.031360935,0,0,0.11398828,0.089398826
4cx6_Q16_A_800,0,0.40612031,0.034649658,0.22245649,1.8974404e-07,0.28407132,0.26433691
4cxr_2BG_A_502,0.99651084,0.9942728,0.052741476,0.27833098,0.98196121,0.98565817,0.98467477
4d06_NAR_A_301,0,0.32393468,0.03438617,0.21163635,0.98609638,0.039623376,0
4d06_NAR_C_301,0,0.32394155,0.034404794,0.21164431,0.99165115,0.039652437,0
4d06_NAR_D_302,1.0028765e-06,0.40612083,0.034649665,0.22245652,5.4518072e-07,0.28407129,0.26433689
4d06_NAR_E_301,0.99419914,0.84305194,0.039690511,0.23371267,0.98659306,0.019657716,0
4d06_NAR_F_301,0.97458134,0.82813723,0.036132788,0.23136147,6.360607e-10,0,0
4d06_NAR_F_302,0.9941494,0.22789637,0.035555986,0.22826053,0.0044526342,0.051292806,0.028488852
4d0z_BBK_A_1581,0.93187622,0.9382103,0.036900008,0.23414885,0.0001254788,0.048735278,0.00018220982
4d0z_BBK_B_1580,0.95713481,0,0.033809344,0.22178192,1.3578964e-07,0,0
4d0z_BBK_E_1584,0.92336522,0,0.033732571,0.22141458,0.00011604205,0,0
4d2c_ALA_A_508,0.99307788,0.97327179,0.051510043,0.27538475,0.85472701,0.92620486,0.92742494
4d3s_BOG_F_1000,0.96742037,0.8289768,0.039296205,0.2330105,0.91158733,0.019803151,6.1716387e-10
4d4u_FUC_B_950,0.99300574,0.99048334,0.052917098,0.27874788,0.99782195,0.99739769,0.99713997
4d5e_TPP_A_1589,0.36990274,0.59788381,0.037192567,0.23070231,0.19108937,0.27267107,0.25832394
4d5e_TPP_B_1590,0,0.62011884,0.047089317,0.25509044,0.99438554,0.92596977,0.96079979
4d6z_PK9_A_1600,8.3803221e-06,0.74007658,0.032778216,0.21681705,1.8683987e-05,4.5253488e-07,0.063909057
4d96_5PA_A_501,0,0.32391841,0.034342051,0.21161748,0.9729376,0.039554533,0
4d96_5PA_B_501,0,0.40612031,0.034649658,0.22245649,0,0.28407132,0.2643369
4d96_5PA_C_402,0,0.32311548,0.032164307,0.21068603,0.32340574,0.036156353,0
4d96_5PA_D_501,0,0.32370791,0.033771124,0.21137329,0.80265359,0.038663652,0
4dab_HPA_A_301,0.26485807,0.99653745,0.037353513,0.22399162,0.95683889,8.6265855e-07,7.7131415e-07
4dch_4DC_A_502,0.96829989,0,0.034972264,0.21823524,0.74005399,0,0
4dch_GLC_A_501,0,0.98351441,0.036470664,0.22003824,0.96669289,0.0049832634,0.0049831128
4dd8_BAT_A_1000,0,0.3237101,0.033777046,0.21137582,0.80441982,0.038672892,0
4dd8_BAT_B_1000,0.93643228,0.89075495,0.03945108,0.24259071,3.0038879e-07,0.25161064,0.23435076
4dd8_BAT_C_1000,0.59027314,0.71160616,0.037676198,0.23514795,0,0.26360997,0.24543535
4dd8_BAT_D_1000,0,0.40612348,0.034655933,0.22245933,0.0018555858,0.28408513,0.26439353
4do1_ANN_A_502,0.99576008,0.98213036,0.037311996,0.23584054,2.6620655e-08,0.050207376,0
4do1_ANN_B_502,0.99638973,0.98563776,0.037331235,0.23591519,1.6661633e-08,0.050795329,0
4do1_ANN_D_502,0.99500566,0.97936974,0.037296051,0.23577825,4.11256e-08,0.049771088,0
4dt8_ADN_A_401,0,0.99032548,0.034267144,0.22241034,0.00012771171,0.15381321,0.0002270098
4dt8_ADN_B_401,0.9783334,0.8319645,0.039422337,0.2329465,0.96478848,0.00075033924,0.00070465027
4dtb_GMP_B_401,0.99279644,0,0.035315832,0.21858664,0.82778591,0,0
4du7_DP6_A_401,0.98583086,0.94204749,0.04756439,0.26089631,0.94559839,0.33049682,0.8868785
4dvw_0M4_A_512,0.74357877,0.98815446,0.03987136,0.23931525,0.43757487,0.22031967,0.16832069
4dwv_PFB_A_378,0.99004499,0.98319331,0.05252649,0.27785394,0.95270841,0.97711035,0.98385887
4dwv_PFB_B_378,0.99182577,0.98198648,0.052499362,0.27762311,0.96671165,0.97598258,0.97443221
4e7v_CRS_1_101,0,0.98431918,0.038006395,0.23225802,0.27938768,0.27906952,0.27925035
4e7v_CRS_3_101,0.99789088,0.97780262,0.042852766,0.24756964,0.69783633,0.29247855,0.29191525
4e7v_CRS_A_101,0.99772182,0.98615407,0.038362282,0.23770049,0.16944603,0.08756612,0.044329111
4e7v_CRS_C_101,0.039583284,0.99096455,0.048946963,1.9801488e-33,0.96273961,0.9626923,0.96299322
4e7v_CRS_E_101,0.25271518,0.9905427,0.03648462,0.22773617,0.29467062,0.16685236,0.049165754
4e7v_CRS_G_101,0.99448582,0.99519348,0.051980435,0.27561375,0.99424206,0.92394001,0.92393251
4e7v_CRS_I_101,0.9978539,0.98707028,0.03851611,0.2353505,0.4515021,0.010750326,0.010759305
4e7v_CRS_K_101,0.99652202,0.9820967,0.052646219,0.27798255,0.98189861,0.98183247,0.98171348
4e7v_CRS_M_101,0.99555703,0.98743952,0.042901743,0.24476572,0.99087744,0.22673155,0.22714645
4e7v_CRS_O_101,0.9942327,0.98736929,0.050412765,0.27027035,0.99386439,0.80625289,0.80527909
4e7v_CRS_Q_101,0.99832261,0.98753869,0.042047373,0.24314211,0.86585662,0.18847811,0.1888693
4e7v_CRS_S_101,0.18070844,0.98539739,0.036287872,0.22658926,0.31859733,0.17176641,0.047936036
4e7v_CRS_U_101,0.99700699,0.99039757,0.042673573,0.24415044,0.97613473,0.21048884,0.21217742
4e7v_CRS_Y_101,0.99746277,0.98949961,0.041586945,0.24749729,0.28434399,0.28439151,0.28516806
4e9z_651_A_301,0.99823689,0,0.033490596,0.21877297,0.2014575,0,0
4ea0_651_A_306,0.82475567,0.99071232,0.036823912,0.23366763,4.7640612e-07,0.069299854,0
4ea0_651_B_305,0.88660388,0.99105793,0.037017443,0.23451848,9.1467988e-07,0.063036157,0
4eip_K2C_A_601,5.6946077e-06,0.98996642,0.034262289,0.22239441,0,0.15354982,5.3278008e-06
4ejh_0QA_A_502,0.99249055,0.59102642,0.037823016,0.22825162,0.83547295,0,0
4ejh_0QA_D_502,0,0.68886984,0.032791521,0.21672061,0.0047171411,0.097463385,0
4ejh_0QA_E_502,0.72563523,9.265573e-05,0.033476396,0.2146472,0.51869388,0,0
4ejh_0QA_F_502,0,0,0.032186598,0.20373058,0.93840715,0,0
4ek1_CAM_B_502,0.072793645,0,0.031902158,0.21210346,0.043326237,0.11818769,0.094937628
4ekr_0R0_A_202,0.9971705,0.99177384,0.050258199,0.27846002,0.13947097,0.98534401,0.98582054
4ekr_0R0_A_203,0.0064548937,0.94166089,0.033937317,0.22119146,0,0.0088487332,0.11257327
4ekr_0R0_B_203,0,0.99207739,0.046808584,0.2637657,0.12591395,0.99014366,0.99016093
4evi_C9M_A_402,0,0.97820645,0.036450926,0.2197278,0.98952122,0,0
4evi_N7I_B_401,0.99517936,0.99259439,0.039998589,0.23483505,0.99763647,0,0
4evq_PHB_A_406,0.99542033,0.99270094,0.039996787,0.23484057,0.99658743,0,0
4f06_PHB_A_401,0.98213379,0.99116736,0.039939531,0.23461717,0.99503577,0,0
4f8n_GAL_A_204,0.98184816,0.96241952,0.049654515,0.26953911,0.80353539,0.80037569,0.80339719
4fa2_SB0_A_402,0,0.40612031,0.034649658,0.22245649,0,0.28407132,0.2643369
4fra_GAL_A_402,0.9772443,0.98949227,0.039797988,0.23452357,0.95511636,4.4971291e-06,4.1850984e-06
4fxr_BMP_A_301,0.9869602,0.9526753,0.039663018,0.23459327,0.89895044,0.030709867,0
4fxr_BMP_B_301,0.99338946,0.96170767,0.039582407,0.23488405,0.84727252,0.032589742,0
4g1q_T27_A_601,0,0,0.031624931,0.21137536,2.6334242e-07,0.13140972,0.10729307
4g1x_TQU_A_409,0,0.94765954,0.034053711,0.22159735,3.7308404e-06,0.14567649,0
4g1x_TQU_A_410,0.9971105,0.84025993,0.036807286,0.23211975,0.1632594,0,0
4gcq_0JM_B_401,0.00023758942,0.97055429,0.03416728,0.22203177,2.3658596e-06,0.14991075,1.3648693e-07
4gh8_MTX_B_201,0.97815095,0,0.035713645,0.2183422,0.98020355,0,0
4ghf_4NC_D_402,0,0.93203626,0.033976702,0.22130312,0,0.14277063,0
4gim_PSU_A_400,0,0.32299798,0.031845631,0.21054973,0.22835766,0.035659087,0
4gim_PSU_B_400,0.97830455,0.83366169,0.036646805,0.23209416,0.10406538,0.015359803,0
4gmu_OXL_A_705,0,0.48852067,0.032971376,0.99508744,0.39934617,3.5516884e-05,3.5458718e-05
4gnp_PEP_A_703,0.99025742,0.95707198,0.039361867,0.23420705,0.83794124,3.2526556e-07,3.2525816e-07
4gps_CIT_A_501,0,0.76290794,0.034242025,0.21826697,0.35115921,0.025527117,0.097430391
4gt9_UMP_A_302,0.49790126,0,0.032761261,0.21678885,0,0.051086135,0.026411005
4gy9_ZIP_A_201,0.99409346,0.98823186,0.03907416,0.2349363,0.67768399,0.0030213452,0.0031092819
4h0x_LAR_B_403,0,0.98401795,0.036498795,0.21982156,0.99747829,0,0
4h4c_10D_A_402,0,0.92458211,0.035676567,0.21888163,0.80311995,0,0
4h4c_10D_B_402,0,0.90521305,0.033734796,0.21999729,0.040354752,0,0.097887858
4h9g_14J_A_512,0.0034863285,0.97718225,0.035671868,0.22025538,0.67832617,0.010239809,0.0097244858
4h9x_HL4_A_404,0.58616657,0.9850088,0.037250531,0.22867176,0.55857501,0,0
4h9x_HL4_B_404,0.54444563,0.69167149,0.036217069,0.22381522,0.61854745,0.032092484,0
4hey_4MZ_A_303,0.8082825,0,0.032236373,0.21596784,0,0,0
4hey_4MZ_A_307,0.071537657,0,0.0297005,0.20505261,1.6473936e-05,0.0043988899,0
4hez_1MZ_A_304,0.22115159,0.80111648,0.033783767,0.22104997,8.9247272e-05,0,0.054498199
4hez_1MZ_A_306,0.19139974,0.99592302,0.03468043,0.22440597,1.0054297e-06,0,0.096899799
4hgg_SYN_B_502,0.99201502,0.94275026,0.036926805,0.23442974,0.00017374498,5.8029756e-07,0.0072790547
4hon_AKG_A_401,0.99662671,0,0.048727318,0.26249824,0.99502428,0.99507849,0.99503453
4hon_AKG_B_401,0.99329821,0,0.048379541,0.26131104,0.99500132,0.99470678,0.94454028
4hoz_GLC_A_703,0.99290205,0.89164007,0.041760951,0.24090706,0.97618737,0.16245312,0.16170067
4hrq_AZG_A_201,0.012747853,0.97877727,0.034627364,0.22325378,0.037300879,0.037822596,0.14763381
4hzf_CMP_A_302,0.8709495,0.98035391,0.039716836,0.23346789,0.99770562,0.046088707,0
4i02_CMP_A_301,0,0.99317321,0.035524322,0.22217179,0.44397894,0.14677371,0
4i02_CMP_A_302,0.87754944,0.9840467,0.037625377,0.23411072,0.23888144,0.058693945,0
4i02_CMP_B_302,0.18131332,0.99049252,0.037627213,0.22424413,0.99747704,0.1185381,0
4i02_CMP_C_301,0,0.99143817,0.037058152,0.22178925,0.9934277,0.13733219,0
4i02_CMP_D_301,0.95881996,0.99265204,0.040038379,0.23490172,0.99357243,0.039454327,0
4i02_CMP_D_302,0.92813279,0.98902808,0.039917382,0.23441634,0.99073737,0.041967066,0
4i02_CMP_F_301,0.52976567,0.99406744,0.038718211,0.22907016,0.99485296,0.083594839,0
4i0b_CMP_A_302,0.97462773,0.97654145,0.040014264,0.2348127,0.99580115,0.034803403,0
4i0g_1B9_A_504,0.80440916,0.98539928,0.036892798,0.23328932,0.052870756,0.070220832,0.00078862754
4i2p_G73_A_601,0.9862799,1,0.052432226,0.27713597,0.99336257,0.92426418,0.99240886
4i4v_NGA_A_201,0,0.94789829,0.049045368,0.26254693,0.9838492,0.98220294,0.98213771
4i4v_NGA_A_202,0.96863382,0.93122381,0.051972499,0.27707967,0.8267704,0.9916923,0.98645358
4i4v_NGA_B_201,0,0.95332484,0.035969579,0.21934213,0.86158138,5.8854098e-10,1.0038648e-10
4i4v_NGA_D_201,0.98665319,0.98194089,0,0.23453105,0.91589457,2.3976367e-07,2.39634e-07
4i4v_NGA_D_202,0,0.97422943,0.035934276,0.21971508,0.81738689,0.00053691905,0.00052865784
4i6s_FUC_A_101,0.98624321,0.94468373,0.052695191,0.27788638,0.99698009,0.99705745,0.99697048
4i6s_FUC_A_102,0,0.92303043,0.049179181,0.26281196,0.99747072,0.99744441,0.99747106
4i6s_FUC_B_101,0.52744812,0.95106866,0.051139575,0.27117303,0.99787803,0.99790919,0.99789244
4i6s_FUC_B_102,0.97359678,0.96207217,0.0527138,0.2779526,0.99634592,0.99633428,0.99635898
4i6s_FUC_C_101,0.74154165,0.96938942,0.049627659,0.26679308,0.99215671,0.81237836,0.82584714
4i6w_1CO_A_501,0.00035806334,0.97878582,0.038187927,0.2357066,0,0.34718919,0.3689567
4i6w_1CO_B_1001,0.98595935,0.97242646,0.04389761,0.25806668,0.010918322,0.53481818,0.53250516
4i6y_MEV_A_501,0,0.97424084,0.039718206,0.24089035,0.00099556579,0.47162222,0.48337873
4i6y_MEV_B_1001,0.99439308,0.97619063,0.045913402,0.25621649,0.86946354,0.49691222,0.48466494
4i7n_1DJ_A_202,0.99716477,0.99635442,0.052917637,0.27880412,0.99493549,0.99494818,0.99493901
4i7n_1DJ_B_203,0.99866992,0.99500498,0.052922252,0.27881768,0.99533162,0.99525262,0.99523392
4i9n_1E5_A_402,0.88465507,0.95647777,0.039568248,0.23322199,0.97154926,0.040679564,0
4i9n_1E5_B_402,0.99031155,0.96515591,0.039936439,0.23482835,0.97073742,0.031496975,0
4i9n_1E5_C_402,0.8633477,0.77466918,0.038831852,0.23073843,0.93864857,0.022035003,0
4i9n_1E5_D_402,0.8644883,0.96793648,0.038953036,0.23330065,0.754554,0.048475548,0
4i9n_1E5_F_402,0.93713698,0.96809782,0.039762997,0.23416305,0.96253824,0.037620777,0
4i9n_1E5_G_402,0.86354281,0.95200925,0.038879119,0.23298609,0.75722964,0.045565415,0
4i9n_1E6_A_401,0.99021964,1,0.051284154,0.27474189,0.84634554,0.8723136,0.93247842
4i9n_1E6_D_401,0.94817512,1,0.051263104,0.27605985,0.69695683,0.91726384,0.97723324
4i9n_1E6_F_401,0,0.61086812,0.046082023,0.25350146,0.80910911,0.89800298,0.93153309
4i9n_1E6_G_401,0,0.406289,0.034983457,0.22260759,0.098695396,0.28480584,0.26734904
4i9n_1E6_H_401,0.7574588,0.7847405,0.040171933,0.23763544,0.66821738,0.21933994,0.21311731
4ict_1ED_A_406,0.98235538,0.96989592,0.037243444,0.23541957,0.011869561,0.049106277,0
4ioq_BAQ_A_201,0.99515791,0.98961076,0.03717448,0.23537922,2.1962924e-05,0,0.016462109
4iph_1FJ_A_201,0.98293708,0,0.033810697,0.21852305,0.32825542,0,0
4itu_1HS_A_302,7.9335427e-06,0,0.031624948,0.21137544,0,0.13140845,0.10729178
4itu_1HS_B_302,7.3478855e-06,0.95851648,0.034872432,0.21949098,0.48153044,1.5339157e-06,1.5778906e-06
4itu_1HS_C_302,7.119074e-06,0,0.030289092,0.20383883,0.29394724,3.4230233e-06,3.3644676e-06
4itu_1HS_D_302,5.1528215e-06,0.96064718,0.03621853,0.21944968,0.935659,1.8188675e-06,1.8979311e-06
4ixw_IXW_A_302,0.96004684,0,0.035130133,0.2182886,0.78511343,0.0084774878,0
4j0k_EGR_A_501,0.9034004,0.7287984,0.03896784,0.2406485,0.00083448998,0.24280465,0.22514526
4j0k_EGR_B_501,0.9409488,0.77542336,0.035960729,0.23063853,0.00053170677,0,0
4j4b_0TF_A_904,0.97641548,0.83359656,0.039135345,0.23312091,0.8492999,0.019296623,8.7735336e-09
4j5h_1K4_A_303,0,0.94585595,0.047807897,0.2591031,0.90802991,0.88719246,0.92141415
4j7u_YTZ_A_802,0.95283946,0.95988885,0.037072425,0.234835,0.0011275768,0.050443146,0
4j7u_YTZ_B_802,0.94858893,0.89629386,0.036821823,0.23356206,0.028202588,0.038600025,0
4j7u_YTZ_C_802,0.95342618,0.95107983,0.037030923,0.23467709,0.0011604346,0.048744093,0
4j7u_YTZ_D_802,0.99379934,0.98712551,0.037333117,0.23590726,0.00092071355,0.051321806,0
4jb0_FER_A_401,0,0,0,0.21133332,0,0.13059185,0.10645088
4jh6_FCN_B_202,0,0,0.032231596,0.20372795,0.95369612,0,0
4jhh_H35_A_201,0.96983172,0,0.033840648,0.22191864,0.00090745135,0,0
4jm8_26D_A_302,0.99824273,0.99634861,0.03804317,0.23546316,0.28426601,0,0.02117176
4jmz_1M2_A_302,0.99655803,0.99511189,0.04868509,0.27441215,0.01217083,0.8932061,0.89138669
4jp3_CIT_A_301,0,0.95892052,0.03476938,0.22342471,0.060732711,0.086898461,0.087993149
4jxh_HRC_A_301,0.98481105,0,0.03387553,0.22208111,0.0011788271,0,0
4jzx_476_A_402,0.98889299,0.88049137,0.039349016,0.23291572,0.94457069,0,0
4jzx_476_B_402,0,0.87253111,0.035895236,0.21800503,0.95173007,0,0
4jzx_IPE_A_401,0,0.97079023,0.033951998,0.22127814,0.00027107356,7.9058826e-06,0.1106685
4jzx_IPE_B_401,0.98659831,0.97311959,0.037239286,0.23554615,2.6341609e-09,0.049477009,9.2338681e-06
4k5g_Q13_A_803,0.021061927,0.41702055,0.03475765,0.22290935,6.8728764e-13,0.28334123,0.26366246
4k5g_Q13_B_803,0.22522573,0.52268206,0.03580447,0.22729907,2.6709003e-13,0.27626405,0.25712479
4k5u_GAL_A_301,0.99269207,0.989861,0.051171554,0.27381766,0.89886766,0.88552765,0.88534041
4k5u_GAL_B_301,0,0.98416174,0.049287962,0.26340798,0.98764343,0.98825887,0.98824991
4k5u_GAL_C_301,0.92530297,0.98466455,0.051524228,0.2738646,0.99041217,0.91212839,0.9111077
4k5u_GAL_D_301,0,0.98754743,0.048065518,0.25940033,0.97369752,0.89598039,0.89615582
4k90_MLA_A_704,0.98196275,0.87380436,0.038745546,0.24044285,4.518149e-05,0.17083463,0.15750765
4kcf_FMN_A_502,0,0.40612033,0.034649709,0.22245652,1.5124636e-05,0.28407143,0.26433736
4kfj_1R0_A_202,0,0.40612075,0.034650534,0.22245689,0.0002590492,0.28407325,0.26434481
4kp7_1UQ_A_503,0,0,0.032203703,0.20372954,0.94422287,0,0
4kp7_1UQ_B_502,0.99343385,0.94583919,0.039669854,0.23405111,0.95483281,0,0
4kqk_PCR_A_403,0.99598812,0.9984589,0.040017011,0.23494361,0.99456061,0,0
4kqk_PCR_B_703,0.99704905,0.99768388,0.040014727,0.23494694,0.99363817,0,0
4kqx_HIO_A_402,0.81156222,0.95520729,0.038546644,0.23174059,0.75291498,0.0048993114,0.005095586
4kqx_HIO_B_401,0.80305821,0.92153853,0.037517396,0.23127183,0.44556243,0,0.02730655
4kux_FPS_A_704,0.86740178,0.92710586,0.037946491,0.23275619,0.46445401,0.045397538,0
4kux_FPS_C_705,0,0.90848005,0.034077574,0.22081027,0.077290912,0.13710643,0
4kux_FPS_D_704,0,0.90060287,0.035041365,0.2204345,0.43445555,0.12971368,0
4kwk_CSS_A_302,0,0,0.03162493,0.21137536,0,0.13140973,0.10729307
4kwl_3SS_A_302,0.98946674,0.99136081,0.047827865,0.26242473,0.90050951,0.6277726,0.62750063
4l4d_CAM_A_503,0,0.97883744,0.034340269,0.22215437,0.047347539,0.15068985,0
4l7p_M95_A_601,0.97495861,0,0.033851176,0.22197505,0.00045034415,0,0
4l80_OXL_D_402,0.99482162,0.80685954,0.039900116,0.24427159,0,0.28082667,0.27765711
4l80_OXL_F_402,0.99232612,0.93433118,0.040079464,0.23713817,0.78572142,0.074205979,0.073805683
4l8q_XMM_A_303,0.12899927,0.82378864,0.033961987,0.22099868,0.042275572,0.10873645,0
4l91_X29_A_301,0.99558306,0.840802,0.039545334,0.23331926,0.97637226,0,0
4lcq_URQ_A_603,0,0.92246362,0.048786574,0.26174544,0.97097524,0.97287356,0.97387911
4lm7_U5P_A_201,0.7553354,0.86152891,0.036094527,0.22955708,0.11201742,0,0.01556618
4lo1_GAL_A_301,0.97194241,0.96615984,0.99458905,0.27729984,0.97033081,0.971706,0.97187122
4lo1_GAL_B_301,0,0.32732525,0.03373166,0.21185072,0.74117009,0.029019616,0.028775082
4lol_1YE_A_401,0.99795073,0.97465019,0.039627236,0.23460026,0.89386936,0,0
4lvb_20N_A_601,0.99175998,0.99096027,0.037343108,0.23595222,3.6617963e-07,0.052259001,0
4lvb_20N_B_601,0.99380289,0.99418104,0.037365317,0.23604077,3.032122e-07,0.052649047,0
4lxi_22J_A_301,0.90201603,0,0.039787483,0.23414648,0.75705965,0,0.75580724
4lz3_BTM_A_409,0.98642741,0.98622247,0.039667096,0.23461561,0.90449749,0,0
4lz7_1YW_B_804,0.19717189,0.50816327,0.035660628,0.22669588,3.3472084e-09,0.27723651,0.25802312
4lz7_1YW_C_804,0,0.40612031,0.034649658,0.22245649,4.1166882e-08,0.28407132,0.2643369
4lz7_GLU_A_802,0,0,0.03162493,0.21137536,0,0.13140973,0.10729307
4m2c_DAR_C_402,0.97985841,0.88959971,0.038670946,0.24008417,0,0.18013622,0.17925047
4m2c_DAR_D_402,0,0,0.040771274,0.24247267,0,0.87453292,0.87531709
4m54_AE5_A_403,5.927046e-05,0.40615098,0.034649961,0.22245777,0,0.28406927,0.264335
4m72_M72_A_402,0,0,0.041957273,0.24341006,0.30300305,0.81095007,0.94711027
4ma8_Z80_C_301,0,0.73788609,0,0.21762648,8.2069673e-07,0.10630437,0
4mig_G3F_B_802,0.98360732,0.97552988,0.038588007,0.23527198,0.47691941,0.042846142,0.00060204633
4mig_G3F_C_802,0.95042455,0.97419619,0.037160862,0.23508501,0.0082861636,0.053616695,0.00042972899
4mig_G3F_D_802,0.96683168,0.98279634,0.039024232,0.2362186,0.52596377,0.067830099,0.026031548
4mju_27S_A_501,0.67541437,0.67645559,0.037456595,0.22641283,0.82674956,0.025383645,0.00017287432
4mog_G3F_A_802,0.94564143,0.92957132,0.036915436,0.23421873,0.0008515307,0.046666422,0.0012544621
4mol_2FG_A_802,0,0.97251366,0.038998631,0.22884822,0.94412743,0.29148364,0.17548204
4mol_2FG_B_802,0.0084512268,0.96715893,0.03609299,0.22859653,0,0.28686637,0.1548681
4mol_2FG_C_703,0.0074979064,0,0.031873037,0.21132515,0.090086444,0.12712563,0.10497221
4mol_2FG_D_802,0.0070901202,0.95670906,0.036922324,0.22900845,0.23393983,0.29766918,0.17331627
4mop_2H5_A_802,0.011034262,0.91595387,0.03396148,0.22125221,2.4594775e-06,0.14080277,0.0024081128
4mop_2H5_B_802,0.99591975,0.88983296,0.037584341,0.23646187,0.011108163,0.083065801,0.056191623
4mpr_TPP_A_602,0,0.95581788,0.044572448,0.25669588,0.066398459,0.88930269,0.83147879
4n36_2F8_A_401,0,0.58368758,0.045255598,0.24960181,0.91606176,0.82459446,0.82176799
4n36_2F8_D_401,0.95954446,1,0.049892132,0.27037143,0.80176874,0.80499103,0.82354371
4n4j_HG1_A_608,0.0016010646,0.86529873,0.033419808,0.21926025,0,0,0.089124611
4n5p_2H0_E_412,0.99056021,0.8401836,0.037044897,0.2325086,0.20330346,0.015632838,0
4n6w_FLC_A_203,0,0.98522969,0.049426133,0.26378448,0.99702905,0.99654123,0.99632401
4n94_2HO_A_401,0.0019292408,0.99624085,0.034313186,0.22253542,0.005013606,0.15443208,0
4n9v_AZA_A_401,0.017437472,0.97544483,0.046532793,0.26412963,9.354593e-09,0.99818906,0.99818656
4n9v_AZA_A_403,0,0.027836011,0.031826558,0.21211832,2.6852909e-08,0.14123194,0.11739993
4nf4_2JK_A_301,0,0,0.045266939,0.24762333,0.99571387,0.99558671,0.99543615
4ni1_2JX_A_204,0,0,0.03170151,0.21133169,0.029865494,0.13039047,0.10692745
4nir_6DH_A_307,0.99514521,0,0.033896092,0.22219519,1.4013414e-09,0,0
4nir_6DH_A_308,0,0,0.031644428,0.21136424,0.0076040251,0.13115021,0.10719998
4nir_6DH_B_306,1.003211e-05,0,0.031637702,0.2113682,0.004971992,0.13123842,0.10723058
4nkw_PLO_A_601,0.98700299,0.99535151,0.037349995,0.23596998,2.1286123e-07,0.053562484,0
4nkw_PLO_D_601,0.98034375,0.99394282,0.037322399,0.23585254,1.8629093e-07,0.053981806,0
4npm_SIN_A_301,0.99523311,0.40064671,0.03741152,0.22515571,0.96441396,0,0
4npm_SIN_B_301,0.99470736,0.68122719,0.038548954,0.22974116,0.95058507,0,0
4nr9_ALY_A_2005,0.87533355,0.98503991,0.036785454,0.23363559,0.0037448917,2.9051413e-09,0.027384752
4nv0_MG7_A_403,0.97470418,0,0.035745749,0.21828818,0.99518081,0,0
4nv0_MG7_B_402,7.2887944e-06,0,0.030986347,0.20379921,0.53074633,0,0
4o7g_ASC_A_303,0.10506859,0,0.031902421,0.21249623,0.014702431,0.11395784,0.09004511
4o7g_ASC_B_303,0.98358203,0.97739772,0.037111923,0.23497942,0.012399145,3.8624993e-07,0.015286738
4o95_245_A_602,0.93665459,0.98405158,0.036962289,0.23446414,8.0319187e-07,4.7233173e-08,0.021097217
4ocj_NDG_A_401,0,0,0.045155417,0.247325,0.98777253,0.98897583,0.98846261
4ocu_NDG_A_401,0,0.40612037,0.034649792,0.22245655,3.9679713e-05,0.28407162,0.26433811
4ofu_DHT_A_1001,0.99281794,0.99453362,0.039976192,0.23483276,0.99005079,0,0
4ovl_1TD_A_308,0.99390769,0.94330338,0.039764911,0.23401078,0.99017838,0,0
4ovl_1TD_B_308,0.9966803,0.95866923,0.037021889,0.23480197,0,0,0.010042378
4oxy_1TN_A_302,0.98129797,0.97494096,0.037231862,0.23550767,5.4457692e-05,0.050348928,0
4oxy_1TN_B_302,0.98677158,0.98767604,0.040078413,0.23519463,0.98568679,0.035799806,0
4oxy_1TN_D_302,0,0.99031155,0.037039164,0.22177108,0.98864134,0.13720207,0
4p5y_NGA_A_201,0.9865421,0.99005169,0.050284555,0.2761192,0.37464,0.93770073,0.93758387
4p7q_NAG_A_703,0.084504057,0,0.031822241,0.2122916,0.0017362879,0.11771791,0.093544471
4p7q_NAG_A_704,0,0,0.031624972,0.21137533,1.6376658e-05,0.13140917,0.10729287
4p7q_NAG_A_706,0.11122306,0,0.03187878,0.21258464,4.4280901e-06,0.11346659,0.089225278
4p8c_2J3_A_504,0.68942883,0,0.03322909,0.21885374,0.011979095,0.01977925,0
4p8c_Y22_A_502,0.99552788,0.97189381,0.037260826,0.23564459,2.6849032e-09,0.048327135,0
4p8c_Y22_B_502,0,0.40612031,0.034649658,0.22245649,2.5917568e-08,0.28407132,0.2643369
4pbr_2L7_A_401,0.99532386,0.98982832,0.039893339,0.23479731,0.96567063,0,0
4pgi_Y69_A_303,0.96262219,0.90430909,0.039585364,0.24315382,1.5890366e-09,0.25070279,0.2335121
4pik_MAN_A_501,0,0.96623289,0.040080149,0.23199354,0.99454936,0.28940064,0.27597947
4pik_MAN_A_502,0.9902741,0.97879827,0.037308086,0.23566504,0.012903344,0.012925779,0.0272665
4pik_MAN_B_503,0,0.97859407,0.041239339,0.23593955,0.98873006,0,0.72453528
4pik_MAN_C_503,0.76768728,0.98020728,0.052043629,0.27509003,0.99442552,0.99472734,0.99424236
4pik_MAN_D_503,0,0.97858034,0.035119355,0.22518176,0.010066564,0.21516833,0.07149762
4ptx_BGC_A_501,0.99132429,0.88592255,0.041602129,0.24017797,0.99392041,0.14740896,0.14621366
4ptx_BGC_B_501,0.9378411,0.81970472,0.039673715,0.23338155,0.99143986,0.028726199,0.028180783
4pxd_1AL_A_502,0,0.97824081,0.049407263,0.26370467,0.9971479,0.99723205,0.99719807
4pxd_1AL_B_502,0,0.98657202,0.046501606,0.26399227,0,0.99684289,0.99686467
4q3a_2YC_A_904,0.86737563,0.77674298,0.038773721,0.23079382,0.91490274,0.021829872,0
4q3a_2YC_B_904,0,0.32392705,0.034365463,0.21162749,0.97992052,0.039591065,0
4q3a_2YC_C_904,0.92837893,0.80863363,0.039202264,0.23219249,0.94567573,0.020765631,0
4q3a_2YC_D_904,0.95388296,0.82197902,0.039415797,0.23279194,0.9687919,0.020374326,0
4q40_VAL_A_403,0,0,0.031624932,0.21137536,5.8593925e-07,0.13140971,0.10729307
4q40_VAL_C_404,0,0,0.031624931,0.21137536,4.1151926e-07,0.13140971,0.10729307
4q40_VAL_D_403,0.99675676,0.99115117,0.038138324,0.23496959,0.36322147,0.00064083493,0.00063821345
4qbz_D80_A_917,6.5425734e-05,0.4061726,0.034686471,0.22247441,0.010785658,0.28414932,0.26466398
4qbz_D80_B_901,0.99623849,1,0.047758476,0.26137987,0.99207644,0.99209185,0.21661766
4qck_ASD_A_404,0.97764501,0,0.035765191,0.21833161,0.99830789,0,0
4qxc_OGA_C_600,0,0.97780523,0,0.21989989,0,0.00059943517,0.00060091925
4qya_LU2_A_201,0.98717476,0.83474623,0.036201325,0.23164582,2.03726e-11,4.8444962e-08,0
4qya_LU2_B_201,0,0.40612031,0.034649661,0.22245649,9.3388017e-07,0.28407133,0.26433693
4r08_URI_A_901,0,0,0,0.20387573,2.557471e-05,0,0
4r08_URI_B_901,0.98503086,0.83758424,0.03779587,0.23271964,0.436084,0.01696174,0
4r08_URI_D_901,0,0,0.02942376,0.20388785,8.1160254e-05,0,0
4r2n_PHE_C_402,0.00085510106,0.8765809,0.033707112,0.22027062,0.00033469632,0.1323719,1.0080883e-05
4r2n_PHE_D_402,0.74142151,0.96054985,0.036480045,0.23194757,0.022532918,0.071841991,1.5079407e-08
4r2n_PLP_B_401,0.9848017,0.9714612,0.052117228,0.27612982,0.98075028,0.90961961,0.98065689
4r3n_3GQ_B_404,0.86026705,0.95777435,0.037016652,0.23347655,0.087253294,0.058091988,0
4rcv_DE2_A_403,0,0.80684301,0.045626179,0.2606411,0.00036552727,0.98726575,0.98782625
4rg3_ECE_A_603,0.39722291,0.98836796,0.050443337,0.26872365,0.97367801,0.97258257,0.97253955
4rii_TYD_B_401,0.94001228,0.81168405,0.039313553,0.23209683,0.99723792,0,0
4rje_PYR_A_402,0.74839893,0.8933772,0.047993551,0.27120227,0,0.94140767,0.9411885
4rje_PYR_B_402,0.99591366,0.92116628,0.052066657,0.27609002,0.96169063,0.9615893,0.96159897
4rje_PYR_C_402,0,0.453138,0.032295834,0.21126978,0.32609573,0.0010190426,0.012197729
4rje_PYR_D_402,0,0.8902379,0.042020161,0.23936601,0.89271597,0,0.94165
4rkz_3S4_A_402,0.98471835,0.83767948,0.038613274,0.23307501,0.67862861,0.0013919428,0.017688802
4rkz_3S4_B_401,0,0.38770424,0.036999939,0.22095287,0.95019174,0.2135772,0.2163614
4rp9_ASC_A_501,0,0.93065976,0.045811819,0.26152551,0.00059072088,0.96175507,0.96157962
4rql_SNE_A_505,0.99305665,0.89078395,0.036684741,0.23343726,0.0066785632,0,0
4rvg_TYD_A_502,0.9743768,0.83265375,0.039454491,0.23321679,0.94773118,0.019852528,0
4tq4_DMA_A_403,0.95627539,0.82003418,0.036092865,0.23115144,0.00037300084,0.0081736772,0
4tq4_DMA_B_403,0,0.62852555,0.045343709,0.25546913,0.36287912,0.96461932,0.96618452
4tq4_DMA_C_403,0.95790485,1,0.046179509,0.26568,0.0060718716,0.73722447,0.73320581
4tq4_DMA_D_403,0.9842704,1,0.045576834,0.26361431,0.016302459,0.68146827,0.67556563
4tqi_6BD_A_201,0.92487826,0.80205404,0.035862329,0.2302393,1.1004356e-06,4.4676309e-06,0
4tqi_6BD_B_201,0.95377808,0.81721982,0.036019575,0.23089175,2.1020935e-08,4.0254379e-07,0
4tsk_TLA_A_404,0,0,0.03162888,0.21137311,0.0015403094,0.13135716,0.10727422
4u2a_A2G_A_303,0.99307719,0.92950045,0.052527593,0.27738494,0.98926857,0.98890218,0.98895915
4u7g_K17_A_303,0,0.95633956,0.034130844,0.22187755,8.8602677e-06,0.14977065,0.0027742723
4u8p_UDP_A_603,0.89250141,0.86801928,0.03922585,0.24164616,5.873032e-06,0.25313351,0.23575767
4u8p_UDP_C_603,0.97078699,0,0.032801953,0.2183965,1.9734331e-05,0,0
4ubp_HAE_C_800,0,0.96412458,0.047299161,0.25669871,0.97836021,0.8431804,0.84384405
4uc9_ASP_A_1300,0,0,0.03162493,0.21137536,6.0201099e-08,0.13140972,0.10729307
4uc9_ASP_B_1300,0,0.31672554,0.030829616,0.20935856,2.8807033e-09,2.5633483e-10,0
4uc9_ASP_D_1300,0,0.39741308,0.034357073,0,3.2324417e-09,0.26542045,0.2451762
4uch_OLW_A_800,0,0.40612031,0.034649658,0.22245649,1.6165646e-08,0.28407132,0.2643369
4uch_OLW_B_800,0,0.40612031,0.034649661,0.22245649,1.0721144e-06,0.28407133,0.26433693
4udc_DEX_A_1778,0.99319767,0.99631688,0.040167411,0.23543908,0.99512038,0.036592957,0
4ug6_H4B_A_902,0.4849042,0.98518447,0.035548268,0.22824996,1.4144579e-07,3.3565817e-10,0.065817809
4ug6_XFJ_A_904,0.038658154,0.42612718,0.034847872,0.22328768,4.008391e-09,0.28273127,0.263099
4ug7_1EV_A_904,0.96100584,0.90347258,0.039577079,0.24311907,7.4270546e-07,0.25075882,0.23356388
4ugf_Q16_A_904,0,0.40612031,0.03464966,0.22245649,6.7127896e-07,0.28407133,0.26433692
4umd_CIT_A_1174,0.75898469,0.66789634,0.038229091,0.23743458,0.013306951,0.24418684,0.22633966
4uoc_NCN_A_400,0.88952884,0.93701261,0.039343979,0.23234965,0.97957049,0,0
4upd_7P9_A_1550,0,0.32366252,0.033629255,0.21131351,0.76024999,0.038462825,2.2784387e-05
4uqs_INE_A_904,0.99602178,0.98460568,0.037152307,0.23529571,7.6627665e-05,3.1063579e-05,0.015393256
4ur9_BK9_B_1717,0.0012290962,0.99591362,0.034299836,0.22252195,0.0015978673,0.15450114,1.7833965e-06
4ur9_OAN_A_1718,0,0,0.034841801,0.21235668,0.97740844,0.14923205,0.21932456
4ur9_OAN_B_1718,0.89753483,0,0.033772313,0.22107746,0.038606106,0,0
4uy7_HIS_B_800,0,0,0.039765722,0.23417132,0.47961638,0.68777183,0.68924053
4uzi_IMD_B_1455,0.86494796,0.64089495,0.038241244,0.23788544,8.9129817e-06,0.21801852,0.19948534
4uzi_IMD_B_1456,0.8941696,0.99299115,0.039470924,0.23334206,0.93724548,0,0
4v2z_Y70_A_151,0.99272155,0.83933859,0.039599144,0.23328606,0.99689397,0,0
4v2z_Y70_B_151,0.99349922,0.83974881,0.03960739,0.23330543,0.99808184,0,0
4v2z_Y70_C_151,0.98637397,0.83445608,0.036727056,0.2318589,0.15754756,0,0
4v36_LYN_A_1851,0,1.1230582e-09,0.03162493,0.21137536,2.1146423e-09,0.13140973,0.10729307
4v3w_E2Z_A_800,0.0007964011,0.40653247,0.034653741,0.22247362,1.0010576e-10,0.28404371,0.2643114
4v3w_E2Z_B_800,0.19068595,0.50480658,0.035627372,0.22655643,1.3316878e-13,0.27746134,0.25823081
4w1v_3GS_B_502,0,0.31696388,0.031272741,0.20955883,0.13109496,0,0
4wbd_CIT_A_602,0.89966864,0.97166556,0.051409697,0.27630573,0.7018558,0.97916952,0.97958002
4wca_CIT_A_401,0,0.85602974,0.033797362,0.21976827,0.073860612,0.016717042,0.10432317
4wdd_CIT_A_401,0.98767434,0.92971153,0.03732523,0.23416462,0.15536286,0.0021793975,0.009137986
4wdx_WDX_B_402,0,0.31843807,0.034115403,0.21084065,0.97232857,0,0
4wqq_MAN_A_204,0.91004476,0.90842341,0.037208576,0.23482726,0.023236129,0.050212888,0.056664038
4wqq_MAN_B_204,0.017094036,0.95570808,0.03401671,2.9001834e-56,0.045734904,0.0073662928,0.10496613
4wqq_MAN_C_204,0,0.93793687,0.033938779,0.22092097,0.024335351,0.0065261141,0.11054778
4wqq_MAN_D_204,0.81890647,0.95995344,0.037123059,0.23385819,0.073111727,0.082002105,0.021299423
4ws1_URF_A_301,0.035058805,0,0.029545702,0.20441242,3.8771334e-07,2.7300729e-05,0
4ws2_6UA_A_303,0.11268026,0.9576682,0.034171742,0.22122298,0.11160692,0,0
4ws6_WBU_A_301,0,0.96191823,0.034123974,0.22186588,5.1519438e-07,0.14832867,0
4wua_3UL_A_701,0.98708508,0,0.033877697,0.22210756,0,0,0
4wxb_CIT_A_501,0.79853253,0.82139563,0.041366414,0.24090159,0.76652937,0.26065163,0.26274747
4wxb_CIT_C_501,0.31199923,0.56759022,0.036249389,0.22916479,0,0.27325612,0.25434616
4wxb_CIT_D_501,0,0.40615227,0.034712902,0.22248512,0.018699635,0.28421049,0.26490761
4x36_CHT_A_408,0.99463491,0.97509629,0.037275961,0.23507228,0.060996447,0,0.014355224
4x36_CHT_A_409,0.99646917,0.97188093,0.039889511,0.23451691,0.98865111,0,0
4x36_CHT_A_410,0.95947472,0.94872947,0.036892058,0.23409213,0.012970805,0,0.011859047
4x36_CHT_A_411,0.87202325,0.92654684,0.036597024,0.23244603,0.04488214,0,0.016386622
4x36_CHT_A_412,0,0.91100396,0.033437202,0.21878373,0.061966186,0,0
4x3j_3WR_A_1201,0.98624027,0.97209732,0.039988812,0.23489652,0.98170602,0.03302259,0
4xfh_CYS_A_502,0,0.81774772,0.036280853,0.22456511,0.42501001,0.16824409,0.16594253
4xh4_PPI_A_504,0.99779281,0.98414873,0.039573135,0.23475864,0.86211515,0,0
4xp0_42A_A_404,0.99687933,0.98992031,0.037392922,0.23599366,0.013915543,0.051310845,0
4xp2_TT4_A_401,0,0.98063021,0.034009063,0.22147084,0.0023823017,7.861235e-05,0.11275697
4xp3_DX4_A_401,0,0,0.042299906,0.24747916,0.018795449,0.98875067,0.98830967
4xpq_FUL_A_1002,0.99573926,0.97736956,0.037288546,0.23575076,9.6600138e-06,0.04932746,4.0538942e-06
4xpq_FUL_A_1003,0.017863074,0,0.03166946,0.21156743,0.0014670546,0.12847791,0.10437333
4xpq_FUL_A_1004,0.0056294515,0,0.031638964,0.21143589,0.00046264559,0.13048577,0.10637293
4xti_IMP_A_601,0.96372754,0,0.035521694,0.21813472,0.93205912,0,0
4xti_IMP_B_601,0.96915676,0,0.035523472,0.21821683,0.926246,0,0
4xv4_25T_A_302,0.99781225,0.99723952,0.042552087,0.25358699,0.010143747,0.41737998,0.42025833
4xv4_25T_A_303,0.77106562,0.99754875,0.048646847,0.26355035,0.99796524,0.7249455,0.72554105
4xz9_G3P_B_302,0.9904519,0.94481558,0.038852444,0.23701154,0.39112219,0.12698805,0.0074782438
4xz9_G3P_C_302,0.99723439,0.95554234,0.038984912,0.24039768,0.10556462,0.12967404,0.13459629
4xzh_48I_A_402,0.99561665,0.84257248,0.036390232,0.23232933,0,0.014467651,0
4xzh_48I_B_402,0.99490213,0.8421994,0.036386423,0.23231347,6.5610199e-07,0.014482005,0
4y14_C0A_A_407,0.96805373,1,0.052583701,0.27758039,0.9954446,0.97565494,0.97576256
4y6n_3PG_A_402,0.98158737,0,0.035623056,0.21846906,0.93853534,0.0016738038,0.0014364564
4yjs_4DN_A_701,0,0,0.031627577,0.21137385,0.001032364,0.13137449,0.10728043
4ynu_LGC_A_603,0.003144213,0,0.031632107,0.21140954,2.5022509e-07,0.13090248,0.10678231
4ysx_MLI_A_701,0.99129179,0.83010616,0.040183751,0.2354816,0.96187262,0.076981092,0.075302474
4ysx_MLI_E_701,0.98895814,0.87312477,0,0.23843432,0.98534629,0.11557525,0.10787287
4yu7_DHC_A_203,0.43601167,0.12943757,0.033568522,0.21956447,0.0042653599,0.10659822,0.083409419
4yu7_DHC_A_204,0.57327386,0.88076034,0.035295092,0.22745074,1.507307e-08,0,0.035955738
4yu7_DHC_B_204,0.065174607,0.87599011,0.03367397,0.22034456,1.2759985e-06,0,0.085029858
4ywd_NTM_A_704,0.044634742,0.94738022,0.03356548,0.22005626,0.00082228475,0,0
4z1d_PEP_A_300,0.82637592,0.97958178,0.036644276,0.23302051,0.00091743283,0.0037749872,0.034670674
4z2w_AKG_A_401,0.99517206,0.87459617,0.047210791,0.26926556,0.00041255541,0.81964589,0.82176603
4z69_DIF_A_1006,0,0.43761168,0.03368488,0.21091039,0.82222964,0,0
4z69_DIF_A_1007,0.9943386,0.83850578,0.036240312,0.23180758,0,0,0
4z69_DIF_I_1006,0.97985257,0.83090368,0.036161688,0.23148059,6.2971082e-05,0,0
4z6p_DHY_C_403,0.98436267,1,0.052492987,0.27729838,0.99711357,0.9284548,0.99694303
4za7_4LV_A_606,0.98510271,0.85111147,0.039242859,0.2323766,0.95496015,0,0
4zb2_GLC_A_403,0,0.75531922,0.034551456,0.21926072,0.35648588,0.13611759,0.035948937
4zb5_GLC_A_403,0.98060384,0.034694196,0.034114335,0.22296302,4.8949895e-05,0,0
4zbc_FRU_A_410,0.007092705,0.97979015,0.034234118,0.22229947,4.5660184e-06,0.15093099,4.3647509e-06
4zbc_FRU_B_408,0.0056344966,0.97584926,0.034231754,0.22227414,0.00045318814,0.15180714,0.001646051
4zbc_FRU_B_409,0,0.87942438,0.03371741,0.22031229,2.5275219e-08,0.13298483,1.1156819e-08
4zbc_GLC_A_407,0,0.31752421,0.03201163,0.20991383,0.3476107,0.0010345115,0.001157575
4zbc_GLC_A_408,0.087158684,0,0.031824538,0.21232261,0.00026931061,0.11733972,0.093131196
4zbc_GLC_B_406,0,0.40613084,0.034670497,0.22246593,0.0061617544,0.28411718,0.26452496
4zbc_GLC_B_407,0.081255711,0,0.031810378,0.21225882,9.5312856e-07,0.11830117,0.094093396
4zdz_TPF_A_602,3.7063607e-05,0.99033853,0.03426423,0.2224016,2.6890642e-05,0.15361061,0
4zhd_4OZ_A_202,0,0.79465962,0.033299657,0.21871593,1.0505516e-06,0.11721855,0
4zhd_4OZ_B_202,0.017621969,0.61909143,0.035921955,0,0.017091423,0.32856463,0.31064747
4zhd_4OZ_C_202,0.015308782,0.41404311,0.034728153,0.22278565,5.2323397e-07,0.28354066,0.2638467
4zib_4OG_A_512,0.078209433,0.97114356,0.036166667,0.22081109,0.81063047,0,0
4zjz_BEZ_B_601,0.99635403,0.98838298,0.039974619,0.23478433,0.99411853,8.5791979e-07,8.4606511e-07
4zo7_BGC_A_801,0,0.31847665,0.0341838,0.21087175,0.99254537,3.6809133e-06,3.7122335e-06
4zo7_BGC_A_802,0.9834413,0.83621713,0.03632538,0.23205928,8.2086896e-07,0.014718047,6.3444466e-06
4zo7_GLC_A_806,0.99400109,1,0.052923632,0.27882117,0.99503436,0.99505388,0.99504636
4zqp_IMP_A_601,0.99112463,0,0.035565319,0.21854712,0.91449427,0,0
4zsy_RW2_A_502,0,0.3239417,0.0343984,0.21164191,0.98971159,0.039649918,8.2692632e-06
4zsy_RW2_B_502,0,0.40612031,0.034649658,0.22245649,0,0.28407132,0.2643369
4zsy_RW2_C_502,0,0.63046065,0.047520784,0.25660313,0.99101208,0.95691256,0.99436256
4zsy_RW2_D_502,0,0.40612031,0.034649658,0.22245649,0,0.28407132,0.2643369
4zu3_4SD_B_302,0.95106907,1,0.048915751,0.26560039,0.94175236,0.70108251,0.71791004
4zu3_4SD_C_301,0.030118337,0.6298826,0.046775204,0.25475288,0.93362789,0.91729175,0.91737285
4zu3_4SD_D_301,0.098106271,0.66729801,0.04709415,0.25649532,0.89565204,0.92454201,0.92144207
4zu3_4SD_E_301,0.98420085,1,0.051538399,0.27503182,0.90159167,0.91237303,0.91181571
4zu3_4SD_F_301,0.98242217,1,0.05131281,0.27450892,0.87708507,0.90208511,0.89943864
4zvv_GN0_A_405,0.40960682,0.53780034,0.036547224,0.22072132,0.97904804,0.031359643,0
4zvv_GN0_B_404,0.81865592,0.75140381,0.038784012,0.22982757,0.99547552,0.023229931,0
4zvv_GN0_C_403,0,0.32394425,0.034412134,0.21164745,0.99384059,0.039663892,0
4zvv_GN0_D_403,0,0.32392682,0.034364852,0.21162723,0.97973805,0.039590111,0
4zvz_4TF_A_503,0,0.95377214,0.034725044,0.22385371,0.0037835134,0.19228703,0.050944493
4zvz_4TF_B_503,0.87903441,0.81991149,0.045933031,0.26263127,0.17897515,0.74024808,0.72124788
4zvz_4TF_C_503,0.97449052,0.82818961,0.037156888,0.23486692,0.0056445703,0.064926983,0.064993554
4zvz_4TF_D_503,0.7568858,0.85398393,0.042764183,0.2480557,0.52164871,0.42922878,0.43304494
5a02_GOL_A_1341,0.9922155,0.8407997,0.036372273,0.23225429,1.4487754e-05,0.014545292,1.0032423e-05
5a02_GOL_B_1342,0.99563457,0.84265738,0.036394715,0.23234125,0.00034967447,0.014693894,0.00024366674
5a02_GOL_C_1341,0.99558525,0.8425686,0.036392793,0.23233131,0.00066432178,0.014506762,3.7947752e-05
5a02_GOL_D_1341,0.99496701,0.84223676,0.03638694,0.23231543,7.2261559e-06,0.014491156,1.1294917e-05
5a02_GOL_E_1341,0.99371558,0.84158619,0.036388313,0.23229107,0.0024088277,0.014528511,1.0922324e-05
5a02_GOL_F_1342,0.99547269,0.84250044,0.036389641,0.23232661,1.3083337e-05,0.014479921,1.0092719e-05
5a2r_MLT_A_1615,0,0.31681375,0.03099289,0.2094324,0.048298263,2.5113644e-06,0
5a66_3PO_A_1000,0.98577299,0.80998541,0.049109167,0.27556126,0.00010782283,0.99062928,0.99064232
5a66_3PO_B_1000,0.99077318,0.93241025,0.051489195,0.27770077,0.61127011,0.99438689,0.99432739
5a7p_6Z1_A_1361,0.92192178,0.91689295,0.036577809,0.23296187,0.0011269688,0,0.0089546111
5a86_D7E_A_1433,0.98957987,0.84064638,0.039683149,0.23361749,0.99174548,0.019777449,0
5a86_D7E_B_1432,0,0.40612031,0.034649667,0.2224565,2.7101685e-06,0.28407134,0.26433698
5a8k_TP7_A_558,0,0.63687928,0.047789094,0.25748895,0.99548915,0.98938108,0.98609124
5a8k_TP7_D_554,0,0.63862712,0.047843175,0.2577362,0.98925938,0.99067126,0.99555154
5abz_Z47_A_201,0.98239623,0.83377601,0.039277593,0.23293293,0.91839536,0,0
5abz_Z47_B_201,0.18177379,0.41268883,0.033054505,0.21401622,0.36599928,0,0
5ack_SVQ_A_600,0.98842987,0.78258648,0.038909895,0.2313083,0.93581828,0,0
5adi_TUE_A_800,0.99028658,0.98303656,0.03729949,0.23578288,1.5762146e-06,0.050935922,0
5adi_TUE_B_800,0,0.98780125,0.034251543,0.22235333,2.8514416e-06,0.15314287,0
5aew_BNL_C_462,0,0.40612121,0.034651456,0.22245731,0.00053173872,0.28407528,0.26435313
5aew_BNL_I_462,0.99844431,1,0.052340167,0.27688448,0.99104103,0.9141569,0.9823986
5afy_WCE_H_1248,0.99677034,0.99125566,0.03718996,0.23543306,0.00072854404,0,0.016645674
5ag5_DLR_A_1422,1.8081241e-05,0.40612968,0.034649789,0.2224569,1.1351478e-05,0.28407078,0.26433667
5agl_CCW_A_800,0.92788286,0.80452466,0.037526515,0.2310523,0.48746632,2.7391898e-06,0
5agl_CCW_B_800,0.82902421,0.75198294,0.035771192,0.22826955,0.12736723,8.0221472e-08,0
5agn_4JK_B_800,2.7294901e-06,0.93870554,0.033788,0.22065755,1.4849271e-06,1.2897988e-08,0.10415608
5ahn_IMP_A_1468,0.94831195,0,0.033875243,0.22163693,0.033553405,0,0
5aov_GLV_A_1336,0,0.92334261,0.03370988,0.22036046,0,0,0.10104341
5aov_GLV_A_1356,0.25342018,0.94675033,0.034625388,0.22431141,6.9610012e-06,1.6504097e-06,0.080829711
5av2_KMP_A_300,0.99688126,0,0.033900056,0.22221406,6.8713438e-07,0,0
5av3_KMP_A_300,0.99742038,0.97086888,0.037261647,0.23565112,7.4367066e-07,0.047942856,0
5b4o_6DQ_A_201,3.9933693e-06,0.93239412,0.035238172,0.21903635,0.64306672,0,0
5b4o_6DQ_B_201,0.91413971,0.98808155,0.039457101,0.23356375,0.91596001,0,0
5b4o_6DQ_B_202,0.25459049,0.94140142,0.035591958,0.22477832,0.27767462,0.11385587,0
5b4u_MLA_A_302,0,0.93913408,0.034024182,0.22147928,0,0.14499335,0.0010097194
5bk9_SIN_A_301,0.99492289,0,0.035617566,0.21860166,0.9277497,0,0
5bkd_AKG_A_502,0.9889843,0.98298466,0.038832448,0.23464828,0.62261497,3.8693564e-06,3.7492852e-06
5bkd_AKG_B_502,0.97236046,0.89527235,0.038305441,0.23297025,0.58856697,1.4505428e-06,1.4474867e-06
5bkd_RCF_A_503,0,0.40612031,0.034649658,0.22245649,0,0.28407132,0.2643369
5bkd_RCF_B_503,0.78975612,0.81484519,0.038699018,0.23943703,0,0.25669505,0.23904757
5bwd_FUM_A_901,0.025442201,0,0.032218546,0.20411398,0.91919363,0,0
5bwr_4VT_A_402,0,0.40612031,0.034649658,0.22245649,1.7144744e-08,0.28407132,0.2643369
5bwr_4VT_B_402,2.370869e-05,0,0.031624985,0.21137561,3.847832e-07,0.13140589,0.10728922
5c4i_TPP_C_402,0.10518923,0.96004788,0.048114385,0.26504508,0.46208042,0.99668848,0.99666659
5c7v_PYC_A_804,0.0094924231,0,0.032330439,0.20386686,0.97596914,1.7462792e-05,1.7746324e-05
5c8w_PCG_A_302,0.99197156,0.83894618,0.039597048,0.23327003,0.99748107,0,0
5c8w_PCG_B_303,0,0.31847861,0.034189515,0.21087418,0.99425099,0,0
5c8w_PCG_C_302,0.98628668,0.83596304,0.039565345,0.23314136,0.99725159,0,0
5c8w_PCG_D_302,0,0.3184803,0.034192606,0.21087558,0.99516523,0,0
5c8w_PCG_E_302,0.90661575,0.79416082,0.039130139,0.23134222,0.99672699,0,0
5c8w_PCG_F_302,0,0.31848497,0.034201142,0.21087944,0.99769005,0,0
5cfw_53W_A_201,6.2280362e-05,0.40617322,0.034690895,0.22247635,0.012098236,0.2841592,0.26470414
5cga_KP6_A_301,0.99670158,0.98172379,0.039936705,0.23468115,0.99034609,0,0
5cga_KP6_B_301,0.99601473,0.98382462,0.038821478,0.23476914,0.60939695,0,0
5cga_KP6_C_301,0.99698746,0.98213717,0.039932795,0.23469257,0.98809012,0,0
5cga_KP6_E_301,0.99686063,0.96607774,0.039640034,0.2344407,0.91174818,0,0
5cga_KP6_F_301,0.99586843,0.9762993,0.039898379,0.23458066,0.98606218,0,0
5cga_KP6_H_301,0.99648687,0.98654367,0.039959498,0.23475662,0.99145683,0,0
5ci9_549_A_401,0,0.00047604393,0.031628379,0.21138806,3.1141058e-07,0.13157769,0.10746591
5ci9_549_A_402,0.91531654,0.98041395,0.036876735,0.23409925,2.0183795e-06,0,0.022461614
5cjn_52F_A_809,0.99020367,0,0.033682713,0.21864038,0.27620025,0,0
5clo_NS8_M_101,0,0.98830412,0.034950791,0.22466769,0.0062618977,0.20217847,0.05487094
5cmb_GLY_A_301,0,0,0.04531871,0.24776766,0.99882663,0.99879572,0.99879427
5cpn_531_A_401,0.9526016,0.95912631,0.036888949,0.23420198,0.0011261313,0,0.014490585
5cpn_531_B_401,0.99198861,0,0.033892751,0.22215867,0.0015063447,0,0
5cpp_ADO_A_422,0.99587133,0.96500324,0.037715201,0.23484172,0.22872553,0,0.014341119
5cr1_STL_B_201,0,0.99110272,0.034267807,0.22241551,2.3943964e-07,0.15375698,0
5cyf_FLC_A_301,0.98374886,0.95465406,0.038456143,0.23811684,0.14918866,0.10869707,0.072548995
5cyf_FLC_C_301,0.99120391,0.97583711,0.03984298,0.23716012,0.71267358,0.061009297,0.05744854
5d41_57N_A_1103,0,0.40612031,0.034649658,0.22245649,0,0.28407132,0.2643369
5d8u_0N8_A_203,0.96603555,0.82365243,0.03608628,0.23116851,2.3288307e-08,2.8469653e-08,0
5dav_58J_A_402,0,0.31847909,0.03419038,0.21087457,0.99450685,0,0
5ddu_PMP_A_601,0.98996833,0.84723722,0.036740496,0.23334142,0.016526033,0.037391339,0.024633794
5ddu_PMP_B_601,0.21266363,0.51633151,0.036038363,0.227164,0.08820023,0.27735591,0.26021888
5ddu_PMP_C_601,0.9915381,1,0.049132554,0.27597822,0.00067841933,0.90690067,0.96735237
5ddu_PMP_D_601,0.99385418,1,0.049274477,0.27569415,0.078194155,0.89814701,0.95747374
5del_D59_A_603,0.54678837,0.97301067,0.038301379,0.22781641,0.97914902,3.7770101e-08,3.7822159e-08
5del_ORO_A_602,0,0.85510364,0.033439317,0.21903279,0.026322163,0,0.087554357
5di7_5CQ_A_601,0.99054191,0.84066879,0.038386667,0.23308213,0.60352761,0.017727073,0
5di7_5CQ_B_601,0.98966724,0.83757612,0.039290104,0.23308481,0.91039536,0,0
5did_5CK_A_601,0.99497961,0.84303752,0.038550297,0.23324053,0.64527221,0.017856339,0
5die_5CJ_A_601,0.9934629,0.84164977,0.036926251,0.23251569,0.16329875,0.015365244,0
5die_5CJ_B_601,0,0.32363231,0.033566078,0.21128558,0.74149651,0.038343694,0
5dmm_HCS_A_505,0.55866903,0.48373169,0.03640615,0.23035929,0.0009088102,0.21194141,0.19216439
5dne_ASN_A_601,0,0.63985188,0.047920995,0.25792571,0.99699319,0.99691052,0.99692051
5dne_ASN_B_601,0,0.6386572,0.047857398,0.25774601,0.99318145,0.9932311,0.99323185
5dne_ASN_C_601,0,0.98503793,0.049371853,0.26363756,0.99329093,0.99319027,0.99312344
5dne_ASN_D_601,0,0.42942933,0.038926623,0.22711666,0.99412384,0.34306394,0.34525333
5dnx_5LD_B_201,0.98986377,0.98562376,0.037137607,0.23522904,3.4394565e-05,0,0.016175804
5dr9_SKE_A_401,0,0.40612031,0.034649658,0.22245649,0,0.28407132,0.2643369
5dt0_SKE_A_401,0.96918022,0.82530274,0.036103394,0.23123951,0,0,0
5dw3_TRP_A_402,0,0,0.03757365,0.22634552,0.5162837,0.51506201,0.50745142
5dw3_TRP_B_402,0,0,0.031791799,0.2112802,0.065077692,0.12918873,0.10649638
5dw3_TRP_C_402,0,0,0.031703057,0.2113308,0.030468958,0.13036987,0.10692007
5dw3_TRP_D_402,0,0,0.037060002,0.22514638,0.46244041,0.48436117,0.48326717
5dz2_212_B_404,0.99036767,0.94835662,0.039749039,0.23404196,0.98175431,0,0
5dzh_5KG_A_900,0.98964519,0.83945451,0.036358383,0.23219674,0,0.014587586,0
5dzh_5KG_B_901,0,0.32328905,0.03263507,0.21088738,0.46381498,0.036890937,0
5e4o_L57_A_201,0.0010655202,0.96973711,0.036072414,0.21962488,0.87180585,0,0
5e9m_BAE_A_2001,0.99808118,0.98347443,0.037247713,0.23548245,0.014004822,0.0042430234,0.019163977
5edh_5MF_A_803,0,0.40612044,0.034649919,0.22245661,7.7184361e-05,0.2840719,0.26433926
5edh_5MF_C_803,0.98998004,0.84085982,0.03969747,0.23363158,0.99538012,0.019788427,0
5edh_5MF_D_803,0,0.40612031,0.034649658,0.22245649,1.1401345e-08,0.28407132,0.2643369
5eo7_SFU_A_402,0,0.632934,0.047515293,0.25687089,0.96358229,0.97562604,0.97566781
5eo7_SFU_A_405,0.86463364,1,0.051492449,0.27424225,0.9272411,0.93477357,0.93485937
5eo7_SFU_B_401,0.94623429,0.95246325,0.044642202,0.25215028,0.82249309,0.43420721,0.42122763
5eo7_SFU_B_402,0.97909445,1,0.052880373,0.27864466,0.99336824,0.99612178,0.9960647
5eo7_SFU_B_404,0,0.40613087,0.034670556,0.22246595,0.0061792143,0.28411731,0.26452549
5eo7_SFU_C_401,0.84803217,1,0.051073013,0.27342559,0.86090734,0.92278691,0.92547719
5eo7_SFU_C_402,0,0.63740932,0.047643664,0.25750217,0.94458545,0.98974494,0.98953764
5eo7_SFU_C_403,0.70668546,0.9496739,0.048704683,0.26477916,0.85826809,0.81217591,0.80519618
5eo7_SFU_C_404,0.96825835,1,0.04933549,0.27649822,0.0090471548,0.92832209,0.99002
5eo7_SFU_C_405,0,0.63438979,0.047450611,0.25703569,0.92516502,0.9806174,0.98015925
5eo8_TFU_A_402,0.86508143,0,0.045144054,0.2599966,0.0036373978,0.9792641,0.97902047
5eo8_TFU_A_403,0.9876577,0,0.048448695,0.2616797,0.97962171,0.97937038,0.97957955
5eo8_TFU_A_405,0,0.84348533,0.04872235,0.26126415,0.98085887,0.99417401,0.98951449
5eo8_TFU_A_406,0.89876625,0,0.047687903,0.26032515,0.83137131,0.97765486,0.9789705
5eso_ISC_B_602,0,0,0.044748838,0.24613518,0.96883954,0.96151877,0.96180469
5ew8_5SF_A_803,0.98966429,0.84068802,0.039676997,0.23361654,0.98977639,0.019765451,0
5ew8_5SF_B_802,0.9519242,0.82098089,0.03947214,0.23277702,0.98871276,0.020517888,0
5ewc_5SJ_A_801,0.99223491,0,0.035796711,0.21855075,0.99176909,0,0
5ezp_IPJ_A_201,0.98673532,0.8345156,0.036198933,0.2316359,6.617497e-08,0,0
5ezp_IPJ_B_201,0,0.40612031,0.034649658,0.22245649,2.4363858e-09,0.28407132,0.2643369
5ezp_IPJ_C_201,0,0.40612082,0.034650672,0.22245695,0.00029999675,0.28407355,0.26434606
5ezp_IPJ_F_201,0.99677704,0.84330349,0.036735771,0.23250024,0.10121426,0.014973871,0
5ezp_IPJ_G_202,0.99217538,0.83737053,0.036228541,0.23175874,6.8820985e-07,0,0
5f35_FLC_A_302,0.97670893,0.89337888,0.036880588,0.2341255,3.4505883e-06,0.019665981,0.017568258
5f79_4V7_A_4000,0.96011011,0,0.032765359,0.2182369,0.00021057915,0,0
5faj_DCS_A_401,0,0.40612031,0.034649659,0.22245649,3.6731228e-07,0.28407132,0.26433691
5faj_DCS_C_401,0,0.94729317,0.033919715,0,0,0.13772165,0
5faj_DCS_D_401,0,0.40612031,0.034649658,0.22245649,0,0.28407132,0.2643369
5fal_SKT_A_502,0,0,0.032357217,0.2037208,0.9963605,0,0
5fay_CHT_B_906,0.98960278,0.96335208,0.039849846,0.23427359,0.9954769,0,0
5fc5_PC_A_516,0.98828868,0.93064361,0.03933686,0.23373988,0.86952398,0,0
5fe1_12Q_A_901,0.99711882,0.99322233,0.039986443,0.23487554,0.99032203,0,0
5fe4_5WY_A_903,0.9972424,0.99298581,0.037322005,0.2354599,0.042694497,0,0.017488378
5fe4_5WY_B_904,0.99617209,0.99050938,0.037194112,0.23540931,0.0041152133,0,0.016596845
5fes_9SE_A_409,0.00058938415,0.97577998,0.034551471,0.22205393,0.12730118,0.14873403,1.1477818e-07
5fh3_OXL_A_703,0.99741032,0.68061426,0.036079056,0.22991273,0.10940755,7.3645059e-06,0
5fiu_Y3J_A_1299,0,0.63744533,0.047793823,0.25756412,0.98959908,0.98968506,0.98930789
5fiu_Y3J_B_1299,0,0.63638803,0.047750913,0.25741017,0.99027605,0.98630665,0.98611511
5fiu_Y3J_C_1299,0.98945543,1,0.052725765,0.27825253,0.98340815,0.9834096,0.98388759
5fkl_TDC_A_222,0,0.40612031,0.034649658,0.22245649,0,0.28407132,0.2643369
5fli_QUE_A_301,0,0.40612031,0.034649658,0.22245649,4.0423739e-08,0.28407132,0.2643369
5fli_QUE_C_301,0,0.32391525,0.034333461,0.2116138,0.97037544,0.039541128,0
5fli_QUE_D_301,0,0.32386681,0.034202093,0.21155762,0.93119399,0.039336141,0
5fli_QUE_E_301,0.99697999,0.84328434,0.036397504,0.23235961,0,0.014440268,0
5fli_QUE_F_301,0,0.32391367,0.034329181,0.21161197,0.96909891,0.03953445,0
5fli_QUE_G_301,0.82699134,0.75566587,0.038583704,0.22990796,0.92247166,0.022680579,0
5fli_QUE_H_301,0,0.40612031,0.034649658,0.22245649,0,0.28407132,0.2643369
5fli_QUE_J_301,0,0.40612031,0.034649658,0.22245649,0,0.28407132,0.2643369
5fli_QUE_K_301,0.99383522,0.84280303,0.039528844,0.23363627,0.93895326,0.019415786,0
5fp9_4SV_A_1342,0.99651004,0.95046191,0.036997361,0.23463902,0.0061118203,0,0.0084745864
5fqf_NGA_A_1588,0.96236063,1,0.05191152,0.27533923,0.98934478,0.92689137,0.92670362
5fqf_NGA_A_1589,0.51472543,0.67250777,0.037288941,0.23352365,3.0577442e-05,0.266229,0.24785545
5fqf_NGA_B_1585,0.9868576,1,0.052804936,0.2784614,0.98856648,0.99025395,0.98834972
5fqf_NGA_B_1586,0.11588472,0.46609448,0.035243853,0.22494813,3.8888974e-06,0.2800543,0.26062619
5fuv_THM_A_1388,0,0.32394698,0.034419534,0.21165062,0.99604766,0.039675438,0
5fuv_THM_B_1385,0.97727579,0.8312299,0.039506517,0.23293353,0.99435105,0,0
5fv3_OGA_A_1770,0.99799561,0.84043869,0.036261065,0.23189213,9.6099507e-05,7.3653076e-05,0
5fwe_OGA_A_1358,0.99620838,0.90992515,0.038885341,0.23355677,0.73491417,0.00033863201,0.00033973026
5fwe_OGA_B_1359,0,0,0.03162493,0.21137536,0,0.13140973,0.10729307
5fzn_FB2_A_1615,0.92541509,0.99330165,0.036982561,0.23448692,0.0029536857,0,0.024116296
5g09_6DF_A_1475,0,0.62779058,0.044971439,0.25528708,0.25308546,0.94779152,0.98866
5g09_6DF_C_1475,0,0.62816764,0.046840126,0.25604565,0.81448353,0.9497802,0.98763188
5g0v_JDD_B_1271,2.0925589e-10,0.40612034,0.034649732,0.22245653,2.2011629e-05,0.28407149,0.26433757
5g21_YN4_A_1002,0.95834817,0.82421839,0.039189751,0.23278422,0.89426831,0.019894755,0
5g44_SWX_A_1511,1.3399904e-05,0.95621643,0.034095935,0.22175873,2.076966e-06,0.14726786,1.261645e-06
5g44_YTZ_A_1512,0.00010079617,0.98901905,0.036221459,0.2199219,0.89602537,0,0
5g4r_LF1_A_1739,0.93962611,0.81412241,0.038221068,0.2319969,0.6351329,0.018915055,0
5g4r_LF1_B_1739,0,0.32343167,0.033021895,0.21105283,0.57918902,0.037494544,0
5g4r_LF1_C_1739,0.98728553,0.20596405,0.036659521,0.22184607,0.99647359,0,0
5g4r_LF1_D_1739,0.36085273,0.51236582,0.03634743,0.21966453,0.99701573,0.03243286,0
5g6g_H8B_A_1367,0.99125968,0.98773209,0.037152614,0.23528909,2.3138427e-07,0,0.016465087
5g6i_M85_A_904,0.96293771,0.90447239,0.039586997,0.24316061,4.55622e-06,0.25069188,0.23350214
5g6k_M94_A_904,0,0.98335847,0.034229667,0.22226965,9.852619e-06,0.15231639,0
5gnx_BGC_B_503,0,0.40612031,0.034649658,0.22245649,0,0.28407132,0.2643369
5goo_FRU_A_501,0.97635857,0.83251817,0.036287583,0.2319019,4.2896074e-06,0.014858058,3.892378e-06
5goo_FRU_B_501,0,0.40612031,0.034649667,0.2224565,2.9199673e-06,0.28407134,0.26433699
5gri_CIT_B_401,0.71560247,0.55984175,0.03738728,0.23405612,0.028861052,0.21252646,0.19396345
5gto_MYR_A_502,0,0.91446168,0.033890099,0.22097218,0,0.13950255,8.8720452e-07
5gwt_SIN_A_302,0.99381726,0.21048408,0.035458177,0.2277756,0.015791442,0.044815311,0.022081843
5gwt_SIN_B_302,0.99454225,0.21047902,0.035488393,0.22776704,0.026944133,0.044315945,0.021825701
5gwt_SIN_C_301,0,0.22806921,0.032864556,0.2074783,0.84291507,0,0
5gwt_SIN_D_301,0.99502357,0.48420553,0.037530905,0.23504471,0.049835931,0.1400442,0.12085341
5gwx_SAR_A_302,0,0.89604445,0.046343149,0.25484335,0.82752785,0.82748064,0.82482136
5gzz_GSH_C_301,0.9453332,0.89536146,0.039496717,0.24278209,2.5837688e-08,0.2513021,0.23406572
5gzz_GSH_E_301,0.89858757,0.87116906,0.039257036,0.24177701,0,0.2529225,0.2355626
5gzz_JAA_A_601,0,0.80081838,0.03308714,0.21799137,6.5754048e-05,0,0.076217834
5h24_LQG_A_501,0.99173182,0.9911564,0.037343995,0.23595553,3.2715486e-06,0.052298315,0
5h24_LQG_B_501,0.93618506,0.99551025,0.037193172,0.23527921,3.6062827e-06,0.058791368,0
5h5k_C5P_A_206,0,0.97518633,0.035567704,0.221191,0.54945172,0,0.11860031
5h5k_C5P_B_203,0.98619093,0.98134925,0.038470035,0.23459929,0.50518412,0,0
5h8f_GLU_A_302,0,0,0.03162493,0.21137536,0,0.13140973,0.10729307
5h8q_5YE_B_302,0.98891678,0.8373366,0.039567981,0.23319545,0.99379881,0,0
5h8q_GLU_A_302,0,0,0.03162493,0.21137536,0,0.13140973,0.10729307
5h8q_GLY_B_301,0,0,0.03162493,0.21137536,0,0.13140973,0.10729307
5h9i_XAN_A_301,0,0,0.044965556,0.24679805,0.97615154,0.97845374,0.97503983
5ha7_WY1_A_402,0.59192995,0.71246448,0.037686404,0.23518435,0.00050580634,0.2635563,0.24539773
5hc0_NPO_A_402,0.9968218,0.96444565,0.037095385,0.23491091,0.015055082,0,0.011392116
5hc0_NPO_A_407,0.0024416399,0.94634404,0.033834496,0.22083891,0,0,0.1054636
5hfa_FP1_A_607,0.00070349745,0.99142359,0.034275065,0.22243036,0.0012453548,0.15372402,0
5hfa_FP1_A_608,0.0055357731,0.99015668,0.034343018,0.22245904,0.022337836,0.15264391,0
5hfa_FP1_B_609,0.0041199842,0.98771627,0.034268624,0.2224069,0.0016849908,0.15267761,0
5hgz_MLA_A_302,0.87498562,0.95220147,0.039167092,0.23241715,0.9124851,0.00057554326,0.00056184696
5hgz_MLA_A_303,0.97848244,0.6770346,0.035791326,0.22998378,0,0.018121431,0
5hpu_IPH_A_101,0.99360749,0.98832659,0.039949913,0.23474317,0.98905824,0,0
5hss_64Z_A_402,0.97133303,0.98992821,0.04066643,0.24534264,0.18064841,0.24473154,0.24374141
5hss_64Z_D_403,0,0.97149108,0.03891788,0.23622256,0.19179703,0.37402607,0.37296076
5hss_64Z_E_402,0.90557479,0.86807189,0.047667405,0.26691699,0.35492486,0.79985757,0.80329013
5hss_650_B_402,0.99662284,0.94607063,0.036957854,0.23455811,1.3837209e-05,1.2270582e-05,0.0075071524
5hss_650_C_401,0.99721166,0.96225441,0.038014005,0.23530702,0.28323102,0.041689765,3.1785392e-05
5i0d_GLC_B_1122,0.98080117,0.99150468,0.037138977,0.23521766,1.8145499e-05,0,0.018259754
5i0m_UMP_A_201,0.98195797,0,0.034951316,0.21844327,0.71679683,0,0
5i0m_UMP_B_201,0,0,0.030993825,0.20379867,0.53329478,0,0
5i3p_68T_A_1003,0.63926864,0.65753879,0.037288155,0.22561381,0.83469176,0.025991705,0
5i5s_NVU_B_402,0.99564549,0.99177946,0.037191083,0.23543822,0.00035780691,0.00023832251,0.01708552
5i5t_67X_B_402,0.99593959,1,0.049399295,0.27692795,9.2281678e-05,0.9550951,0.95594087
5i7r_68W_A_402,0.8057277,0.74122252,0.038572201,0.22906085,0.99404188,0,0
5i8s_LEA_A_202,0.99427968,0.98192232,0.052234477,0.27766891,0.8744518,0.97501359,0.97513702
5i8z_JA1_A_302,0.98746334,0.83655507,0.039525422,0.23314696,0.9835488,0,0
5i93_69O_A_202,0.67255295,0.98940062,0.044889431,0.25482236,0.56977725,0.6215499,0.50436265
5i95_AKG_A_508,0.8047017,0.92387108,0.036244648,0.23148926,6.5355906e-06,0.00023407192,0.022122336
5i9m_69K_B_302,0.99556728,0.9888055,0.038199177,0.23491466,0.38810506,0.00074760597,0.00077597292
5i9m_69K_C_302,0,0.9894816,0.036500187,0.21994012,0.98740314,0.00062968485,0.00061655009
5iav_MLI_B_302,0,0.62897078,0.032213252,0.21466863,0,0,0.041396445
5ice_2H4_A_402,0,0.97953153,0.035837059,0.21978476,0.77914328,0,0
5icf_SAU_A_402,0,0.32311588,0.032165392,0.21068649,0.32372939,0.036158047,0
5igs_GMP_A_403,0.97818636,0,0.035745688,0.21834092,0.99104438,0,0
5ihe_D5M_A_701,0,0.40612034,0.034649734,0.22245653,2.2519875e-05,0.28407149,0.26433759
5ihe_D5M_B_701,0.56347226,0.69773625,0.037539648,0.2345721,0.00025643383,0.26454091,0.24630139
5ijz_AKG_B_502,0,0.40612195,0.034652908,0.22245796,0.00096094983,0.28407847,0.26436623
5ijz_AKG_C_502,0,0.40612031,0.034649658,0.22245649,0,0.28407132,0.2643369
5ijz_AKG_D_502,0.99187262,0.84153596,0.03823976,0.23307569,0.55462288,0.018141155,0.00075522284
5ijz_AKG_E_502,0.97827861,0.94892576,0.0412368,0.24887191,0,0.36017012,0.37438243
5ijz_AKG_H_502,0,0.32331557,0.032707011,0.21091815,0.48527209,0.037003195,0
5in3_G1P_A_416,0.98500283,0.98369825,0.039882051,0.2345829,0.97856571,0.00096699054,0.00095174312
5in3_G1P_B_418,0,0.98134431,0.03615142,0.22036951,0.82688479,0.0038948247,0.021391389
5ioq_DUR_B_302,0.00010326938,0,0.031626143,0.21137592,0.00038103628,0.13138006,0.10727163
5ioq_DUR_B_303,0.94775038,0,0.033787926,0.22167988,1.3671399e-09,0,0
5ioq_DUR_C_302,0.76390532,0,0.033368349,0.21968101,9.8145322e-07,0.0081731729,0
5ip6_6C9_A_301,0.88842373,0.78444387,0.038716594,0.23078925,0.90367597,0,0
5irw_D9P_B_202,0.92073588,1,0.052452853,0.27711738,0.98274255,0.98057083,0.98180725
5ita_6DC_B_801,0.51378784,0.59221295,0.037143458,0.22305195,0.99114931,0.029330502,0
5iuy_BOG_B_503,0.86112427,0.77347754,0.038736792,0.23065348,0.91383303,0.021949832,3.6326165e-12
5iuy_BOG_C_503,0.084318658,0.44975923,0.035084428,0.22427053,0.00072106536,0.28115385,0.26165888
5ivg_FPS_A_704,0,0.91136301,0.033913082,0.2209051,0.013631731,0.13869917,0
5ivg_FPS_B_704,0,0.90848534,0.033862489,0.22085917,0.00066076776,0.13837919,0
5ivg_FPS_C_704,0,0.95714237,0.036219329,0.2212953,0.75482214,0.13491313,0
5ivg_FPS_D_704,0,0.94506983,0.034040937,0.22154858,0,0.14519487,0
5j4k_6FZ_A_404,0.98689663,0.96632288,0.049452575,0.26847708,0.84280335,0.77593065,0.77373321
5j5i_6GM_A_302,0.86870557,0.77753567,0.039047329,0.23093734,0.99439326,0.022219033,0
5j5i_6GM_A_303,0,0.32394562,0.034415847,0.21164904,0.994948,0.039669685,0
5j5i_6GM_B_302,0.95485162,0.82251886,0.039513346,0.23285296,0.99634598,0.020499026,0
5j5i_6GM_C_302,0.94990699,0.81993519,0.039481932,0.23274101,0.99484226,0.020590471,0
5j5i_6GM_E_302,0,0.32389887,0.034289039,0.2115948,0.95712634,0.039471812,0
5j5i_6GM_F_303,0.95778132,0.82404333,0.039514697,0.23291191,0.99208838,0.020417909,0
5j5i_6GM_I_302,0.96099703,0.82572906,0.039549935,0.23299105,0.99748265,0.020381544,0
5j5i_6GM_I_303,0,0.40612031,0.034649658,0.22245649,7.1498723e-10,0.28407132,0.2643369
5j61_A3G_A_501,0.98920645,1,0.050309637,0.27691905,0.30661128,0.92061706,0.98098989
5j61_A3G_B_501,0.95025229,1,0.050285995,0.27508239,0.46672228,0.89695936,0.95303339
5j61_A3G_C_501,0,0.39079837,0.037108295,0.22139085,0.94384045,0.23964879,0.21707787
5j61_A3G_D_501,0.97440373,1,0.052025465,0.2767508,0.8917282,0.92105317,0.98591974
5j61_A3G_E_501,0,0.40612031,0.034649658,0.22245649,0,0.28407132,0.2643369
5j61_A3G_F_501,0,0.62609618,0.047266035,0.25593716,0.97041666,0.94382031,0.98028666
5j6y_GLC_A_309,0,0,0.031761099,0.21129771,0.053104879,0.12959735,0.10664295
5je1_TOF_A_302,0.0032439393,0.32018635,0.034217642,0.21095215,0.9973506,0,0
5je1_TOF_B_302,0.0033249225,0.32022818,0.034216875,0.21095343,0.9969934,0,0
5je5_AZ9_A_302,0.00041595415,0.40633558,0.03465179,0.22246544,0,0.2840569,0.26432358
5je7_EVF_B_302,0.99305987,0.99127975,0.039989275,0.23478966,0.99807033,0.0001914125,0.00016567211
5jeh_EVF_B_302,0.99037332,0.9302559,0.039570012,0.23378062,0.94396135,0.00064479874,0.00064346712
5jep_EVF_B_302,0.99295943,0.99046955,0.052937678,0.27880843,0.99872965,0.9987308,0.99859952
5jep_EVF_B_303,0.45918749,0.96962177,0,0.24923595,0.51415964,0.51514023,0.51538962
5jfx_6K4_A_4000,0.94136716,0.89330891,0.039476382,0.24269682,0,0.25143958,0.23419272
5jg5_EVF_B_301,0.992079,0.98036964,0.039935838,0.23459539,0.99679406,0.00014915668,0.0001483911
5jj2_MLI_A_302,0.88094184,0.86098166,0.036161958,0.23131631,7.2630691e-05,2.0313968e-05,0.0016674375
5jj2_MLI_A_303,0.99342226,0.93313281,0.04879956,0.2691615,0.55265081,0.79774644,0.80087995
5jj2_MLI_A_305,0.024031921,0.2272155,0.033329328,0.21769903,0.001456144,0.20765838,0.18587003
5joy_6LW_A_602,0,0.40612036,0.034649772,0.22245654,3.3946291e-05,0.28407157,0.26433794
5joy_6LW_B_602,0.0075773133,0.93147422,0.033997513,0.22139619,5.2882408e-06,0.14189536,5.1831319e-06
5jp9_DCM_A_401,0,0.93097189,0.036578261,2.1218712e-37,0.97559846,0.11851286,0
5jp9_DCM_B_401,0.9815708,0.83645255,0.039608079,0.23342581,0.98209601,0.019887825,0
5jtt_6MY_A_902,0,0.52114341,0.042862092,0.24057619,0.99699959,0.62978895,0.63970914
5jtu_6NE_A_902,0,0,0.044514271,0.24504393,0.99640524,0.84352862,0.99643267
5k2c_ZMA_A_1201,0,0.99248909,0.036395372,0.21996808,0.95025355,0,0
5k5m_68T_A_1003,0.33246179,0.57821307,0.036419211,0.22963413,0.01919026,0.27268962,0.25427659
5kas_PC_A_517,0,0.93784104,0.034005311,0.22141244,0,0.14385032,0
5kcj_6RM_B_302,0,0.3179389,0.033202809,0.21042774,0.70238409,0,0
5kcj_GLU_A_302,0,0,0.03162493,0.21137536,0,0.13140973,0.10729307
5kcp_PFB_A_378,0,0.38347305,0.036866073,0.2203511,0.96436567,0.1994283,0.20405932
5kcp_PFB_B_378,0,0.31841076,0.034065366,0.21081802,0.95752684,1.687954e-07,1.9108277e-07
5kcp_PFB_B_379,0.91561617,1,0.048174163,0.2709895,0.14157073,0.86444697,0.86263017
5kf2_COA_A_401,0.91137968,0.91386989,0.042399166,0.2479368,0.46316492,0.36469823,0.36853679
5kjw_53C_A_800,0.94584594,0.98725683,0.039120835,0.23404935,0.7654594,0,0
5kjw_53C_B_800,0.99900078,0.99665836,0.037228671,0.23556786,0.0021873312,0,0.01753945
5kts_CIZ_A_402,0,0.023160639,0.031792693,0.21199353,0,0.13958219,0.11570237
5kxb_NGA_A_307,0.98461004,0.91079338,0.050465267,0.2769632,0.33543723,0.98670514,0.98667984
5kxb_NGA_B_305,0,0.91942647,0.046453218,0.26034077,0.32887604,0.9368291,0.94351
5kxb_NGA_D_301,0,0.95943679,0.04651708,0.26066631,0.32640348,0.93258687,0.93289856
5l1u_7PF_A_401,0,0,0.032351227,0.20372123,0.99431735,1.9992173e-06,1.8954547e-06
5l1v_7PF_A_401,0,0,0.04524651,0.24756804,0.99431958,0.99422414,0.9942777
5l7u_NGA_A_601,0.17864294,0.98914271,0.047724048,0.25855804,0.99733982,0.81659209,0.81528177
5l7u_NGA_B_601,0.96959322,0.97647665,0.039783684,0.23419476,0.9776628,5.6162434e-05,5.6208175e-05
5l9v_OGA_B_502,0.99753535,0.84530028,0.036456777,0.23264631,0.00045241003,0.00056429695,0
5la1_XYP_A_601,0.99594295,0.84868345,0.039910644,0.23446686,0.98693706,0.023796233,0.023808841
5la1_XYP_A_602,0.088004989,0.96419172,0.0348651,0.22301304,0.16214341,0.13718705,0.00014619765
5la2_ARB_A_606,0.046580092,0.43052325,0.035474597,0.22372331,0.1732959,0.28374637,0.26813424
5la2_ARB_B_606,0,0.32298536,0.031749939,0.21051175,0.19952281,0.035577119,7.4678572e-05
5lqs_NTM_A_302,0.04883897,0.94638099,0.03399405,0.22147864,0.0046690651,0,0.10096152
5lu8_5KN_A_306,0,1.5998133e-06,0.031625032,0.21137535,3.5290489e-05,0.13140909,0.10729322
5lwy_OLB_A_402,0.7943107,0.81721098,0.038739485,0.23954271,0.0050600677,0.25657483,0.23905615
5lwy_OLB_A_403,0,0,0.03162493,0.21137536,0,0.13140973,0.10729307
5lwy_OLB_A_404,0,0,0.03162493,0.21137536,2.1533707e-15,0.13140973,0.10729307
5lwy_OLB_A_406,0,0,0.03162493,0.21137536,7.6217506e-08,0.13140972,0.10729307
5lwy_OLB_A_409,0,0.40612031,0.034649658,0.22245649,0,0.28407132,0.2643369
5m0t_AKG_B_302,0.99435051,0.83851323,0.036241085,0.23180827,0.00020001647,4.5188032e-06,0
5m5a_KSA_A_404,0.9903893,1,0.052466205,0.27735215,0.9847279,0.9272707,0.99607813
5m62_BGC_A_409,0,0,0.031639075,0.21136729,0.005516375,0.13122146,0.10722554
5m66_ADN_B_502,0.99174247,1,0.052220161,0.27640582,0.99594017,0.90660315,0.97330705
5m66_ADN_C_502,0.9892735,1,0.051657474,0.27497566,0.94776885,0.87733941,0.93957345
5m66_ADN_D_502,0.98273753,1,0.049249877,0.27573629,0.061282038,0.90467241,0.96440149
5m8d_UGI_B_501,0.98035145,0.83583243,0.039646508,0.23341796,0.99549744,0.019982429,0
5mdh_MAK_B_335,0.48841866,0.50144035,0.036371763,0.23006947,2.3498881e-07,0.22955419,0.21001717
5mot_HBD_A_401,0.001269066,0.92876472,0.036087153,0.2189469,0.93509195,0,0
5mot_HBD_A_402,0.94229475,0.90821287,0.036594617,0.2330756,6.188253e-05,0,0.0051756917
5mxh_GAL_A_401,0.11528099,0.69602517,0.048336453,0.2598861,0.9886336,0.98353369,0.98364106
5mxh_GAL_A_402,0.11106635,0.68332293,0.047959195,9.2462012e-41,0.98743605,0.96685665,0.96641087
5mzj_TEP_A_2401,0.99759144,0,0.035776165,0.21863304,0.97845991,0,0
5n5k_8NW_A_307,0,0.8035874,0.034340955,0.21694894,0.52232736,0,0
5n5k_HAE_A_306,0.26727682,0.96926924,0.036878375,0.22360258,0.83156046,2.486857e-07,2.4947079e-07
5n63_8OW_A_401,0.98231541,0.83385546,0.039499928,0.2330319,0.98429197,0,0
5n8c_8Q8_A_403,0,0.32319861,0.032389772,0.21078246,0.39065277,0.036508172,0
5n8c_8Q8_B_403,0.78343251,0.73236625,0.036844562,0.22829628,0.47305032,0.021204194,0
5nh9_XLS_A_503,0.78732848,0.9841186,0.037942749,0.23559661,0.17136124,0.12584456,0.06352995
5nh9_XLS_B_503,0,0,0.03223488,0.21102753,0.23787657,0.1232914,0.10438094
5nh9_XLS_C_504,0.97912871,0.98372897,0.040169057,0.24369207,0.17804614,0.22262844,0.19396828
5nj0_8YW_A_301,0.98833615,0.83998294,0.03963845,0.23357359,0.98039207,0.01974303,0
5njb_BB2_A_502,0.95977064,0.96036736,0.039762468,0.23433385,0.95091423,0.034060075,0
5njb_BB2_C_502,0.96875337,0.95452207,0.039792061,0.23433947,0.96179374,0.031873229,0
5nnw_GCS_D_302,0,0,0.03162495,0.21137535,7.5903389e-06,0.13140947,0.10729298
5nov_93B_A_201,0.99570964,0.99266668,0.037957793,0.23536333,0.26403636,0,0.020415542
5nuk_Z80_A_201,0.97926673,0.96381253,0.037170563,0.2352704,0,0.04848777,0
5o3b_9HZ_A_501,0,0.40612031,0.034649658,0.22245649,0,0.28407132,0.2643369
5o3b_9HZ_B_501,0,0.40612031,0.034649658,0.22245649,0,0.28407132,0.2643369
5o3b_9HZ_D_501,7.0236726e-05,0.40615666,0.034650018,0.222458,0,0.28406889,0.26433465
5o3f_9HT_A_501,0,0,0.031760746,0.20375489,0.79377123,0,0
5o3g_9J8_A_501,0,0,0.031993382,0.20374161,0.87278345,0,0
5o3g_9J8_B_501,0.19507364,0,0.032802762,0.20664951,0.91711929,0,0
5o4j_9KH_B_302,0,0.96169539,0.034124229,0.22186138,0.00048254295,0.14827922,0
5o4j_PJL_A_304,0.24224215,0.93433296,0.03419688,0.22279886,7.6158928e-05,4.207921e-05,7.8432664e-05
5o4k_9KE_A_405,0.94895827,0.89723848,0.039517114,0.24286085,0.00053507212,0.25118042,0.23396597
5o72_9MH_A_303,0.96568365,0.97380036,0.037177659,0.23527306,2.3224154e-10,0.051735253,0
5ocm_9RH_A_302,0.0016953332,0.32446802,0.033440867,0.21126581,0.70145434,0.038100154,0
5ocm_9RH_B_302,0.0016603815,0.32449943,0.033575348,0.21132263,0.74162006,0.038310992,0
5ocm_9RH_C_302,0.0016974413,0.40665178,0,0.22248316,0.024758382,0.28330784,0.2641227
5ocm_9RH_D_302,0.001855516,0.32459548,0.033560554,0.21132019,0.7368972,0.038282364,0
5ocm_9RH_E_302,0.9950276,0.84315258,0.038794654,0.233346,0.71807757,0.018236274,0
5ocm_9RH_F_302,0.76143858,0.72120905,0.037613683,0.22818706,0.73743566,0.023029131,0
5oew_9TE_B_901,0.98736748,0.83894257,0.038183375,0.23293194,0.54794392,0.017500031,0
5oew_9TE_C_301,0.75081606,0.79469242,0.038499359,0.23859978,3.1051339e-09,0.25804488,0.24029449
5oew_GLU_A_301,0,0.40612031,0.034649658,0.22245649,0,0.28407132,0.2643369
5oew_GLU_B_902,0,0.40612031,0.034649658,0.22245649,0,0.28407132,0.2643369
5oew_GLU_C_302,0,0.40612031,0.034649658,0.22245649,0,0.28407132,0.2643369
5oip_9WE_A_302,0.93587628,0.80951448,0.039291937,0.23200387,0.99749967,0,0
5oir_9W8_A_302,0.45972074,0.88519895,0.036341164,0.22643183,0.41659568,0.08010883,0
5osf_A9E_A_404,0.94604718,0.98273034,0.036985089,0.23456825,3.9295155e-07,0,0.01990441
5r0j_RBJ_B_401,0,0.94617903,0.036192108,0.21921082,0.94736451,0,0
5r28_RDJ_A_401,0.9852464,0.97562402,0.037075491,0.23498275,5.437714e-05,0.00024665989,0.014840267
5r9u_JMM_A_401,0.98952802,4.6928444e-07,0.035659506,0.21851758,0.94836922,0,0
5syi_NIZ_A_805,0.0015552842,0.98768055,0.034278783,0.22236707,0.0082002149,0.15282524,0
5t3h_BEN_A_302,0.99801722,0.99452993,0.052909329,0.2787767,0.99474533,0.99469528,0.99472224
5t63_ALA_C_1,0,0,0.03162493,0.21137536,0,0.13140973,0.10729307
5t6b_TMP_A_504,0,0.32391598,0.034335435,0.21161465,0.97096432,0.039544209,0
5t6b_TMP_B_504,0,0.32385465,0.0341691,0.2115435,0.92135352,0.039284658,0
5t6b_TMP_C_503,0.98733835,0.83931988,0.039247815,0.23338663,0.86546893,0.019161823,0
5t6b_TMP_D_503,0,0.40612031,0.034649663,0.2224565,1.5910565e-06,0.28407133,0.26433695
5t85_44G_L_301,0.011390865,0,0.031650963,0.21149919,1.3983781e-05,0.12957162,0.1054425
5tbo_78Z_A_1001,0.97538858,0.98144847,0.039842892,0.23435917,0.9840683,0,0
5tch_MLI_A_301,0.99560524,0.98119821,0.047917738,0.26287964,0.88528734,0.62212471,0.65645534
5tch_MLI_B_501,0.99862595,1,0.043451193,0.25605125,0.049081611,0.50526223,0.51514403
5tch_MLI_C_301,0.99645158,1,0.050534619,0.27540928,0.532318,0.88501037,0.94418383
5tch_MLI_D_501,0.99581503,1,0.047162,0.26924815,7.6492707e-07,0.76758738,0.8164263
5tch_MLI_E_301,0.99810456,1,0.048067263,0.27010931,0.22376891,0.77869735,0.82725085
5tch_MLI_F_501,0.99787196,1,0.044457746,0.25784762,0.21282054,0.52890881,0.55652378
5tch_MLI_G_301,0.99705808,1,0.045268965,0.26088218,0.18721962,0.5918197,0.62485001
5tch_MLI_H_501,0.93544723,1,0.048268148,0.26341378,0.93353675,0.65468668,0.687427
5tde_2HP_A_502,0.99540916,0.97430035,0.040303957,0.24346093,0.24861088,0.19945812,0.19945812
5tde_2HP_B_901,0.9961562,0.94388161,0.052530114,0.27764304,0.96861979,0.98872415,0.98793898
5tde_2HP_B_902,0,0.94934669,0.033870193,0.22086343,0.009372456,7.0661557e-05,0.10650028
5tde_FLC_A_501,0.98575395,0.97183955,0.039549236,0.23601449,0.72458447,0.036585412,0.036615954
5tdt_MBN_A_502,0,0.18263659,0.03324691,0.21607949,0.11663416,0.19187436,0.17217792
5tdt_MBN_A_503,0.08580802,0.17139023,0.033573145,0.21659146,0.19925902,0.1712432,0.15314385
5tdt_MBN_A_504,0.99857112,0.098557181,0.034617815,0.22486298,5.042636e-06,0.0050926248,0
5tdt_MBN_D_501,0.088836549,0.99120345,0.04889913,0.26227553,0.99751706,0.96254307,0.93351141
5tdt_MBN_D_502,0.97062039,0.23324648,0.035529629,0.22815402,2.3893224e-06,0.05712833,0.034308077
5thu_B3N_A_404,0.83072565,0.83604828,0.038909094,0.24031792,3.0764625e-06,0.2552749,0.23773575
5thu_B3N_B_404,0,0.40612031,0.034649659,0.22245649,5.6350685e-07,0.28407133,0.26433692
5thu_GGG_B_405,0,0.97810953,0.034203772,0.22217081,5.5683206e-07,0.15134029,5.424622e-08
5tix_OQR_A_302,0,0.40622453,0.034855892,0.22254985,0.060977967,0.28452513,0.26619792
5tix_OQR_B_302,0,0.40623301,0.034872676,0.22255744,0.065940444,0.28456207,0.26634937
5tlg_7EG_A_601,0.98490613,0.98939023,0.040079995,0.23520169,0.98530216,0.03631589,0
5tm5_7EV_A_601,0,0.32391886,0.034343271,0.211618,0.9733016,0.039556437,0
5tm5_7EV_B_601,0,0.93737523,0.033781223,0.22063179,0,0,0.10388676
5tvr_AKG_A_402,0.99076666,1,0.047909011,0.2717832,0.00053428109,0.82168271,0.87495559
5tvr_AKG_B_402,0.99751272,1,0.047454312,0.27025112,0.00055039333,0.78723357,0.83775767
5u5g_7VD_D_302,0.99126469,0.90543956,0.051194986,0.27467371,0.80504719,0.93606119,0.93651939
5u5x_TP5_A_302,0.99792246,0.98966674,0.039426253,0.23486058,0.8041954,0,0
5u5z_7VP_A_302,0.00020115681,0,1.9133469e-33,0.2113355,1.7737456e-09,0.13055939,0.1064182
5u8z_83D_A_602,0,0.32271569,0.031079995,0.21022225,0,0.03446438,0
5u8z_83D_B_602,3.3227494e-07,0.40612048,0.034649664,0.2224565,1.5370638e-06,0.28407132,0.26433694
5u8z_83D_C_602,2.5714219e-07,0.40612044,0.03464966,0.2224565,3.5625618e-07,0.28407132,0.2643369
5u8z_83D_D_602,0,0.40612031,0.034649658,0.22245649,4.3888664e-08,0.28407132,0.2643369
5uap_82S_A_505,0.042905437,0.95570769,0.034135321,0.22156494,0.043442223,0,0.10393336
5ud0_G3H_B_406,0,0,0.031624934,0.21137536,1.3249226e-06,0.13140968,0.10729306
5ud3_P6F_A_404,0,0.40613458,0.034677908,0.22246928,0.0083527538,0.28413348,0.26459182
5ud3_P6F_B_404,0,0.48316192,0.040971716,0.23489269,0.91866482,0.53506614,0.48846927
5uim_TYD_B_403,0,0.32314509,0.032244625,0.21072038,0.3473614,0.036281683,0
5uio_8DM_A_202,0.98649564,0.96228972,0.039794477,0.23474859,0.92941387,0.032040102,0
5uio_8DM_C_202,0,0.9648822,0.03547063,0.21956242,0.67561793,0,0
5uio_LG3_A_201,0.9922251,0,0.035797905,0.21855054,0.99218586,0,0
5uio_LG3_B_201,0.99814409,0.32725675,0.037195856,0.22399366,0.99255094,0,0
5uio_LG3_C_201,0.9928667,0.99352153,0.039983609,0.23481628,0.99395769,0,0
5uio_LG3_E_201,0.99610047,0.99514181,0.039994745,0.23489151,0.99160355,0,0
5uj3_CE4_A_302,0,0.97415116,0.03418463,0.22209618,0.0001311768,0.15060182,0
5unr_8EV_A_803,0,0.40612032,0.034649676,0.2224565,5.5719371e-06,0.28407136,0.26433707
5unr_8EV_B_803,0.65032883,0.74268696,0.037984135,0.23643921,2.9837856e-06,0.26152821,0.24351236
5unt_8J1_A_803,0.99376867,0.98032046,0.037296912,0.23577926,4.4516273e-06,0.050074411,8.8451123e-11
5unt_8J1_B_803,0.95879282,0.97755988,0.037174832,0.23524979,6.0379245e-06,0.053139455,3.5277879e-12
5unx_8F1_A_803,0.97968162,0.83081386,0.036160574,0.23147664,8.3994277e-06,9.5061606e-12,0
5unx_8F1_B_803,0.98437922,0.83670498,0.036330316,0.23207983,5.054284e-06,0.014693582,2.2144278e-07
5uo3_8EY_A_803,0.99177634,0.83716123,0.036226391,0.23174975,5.8257169e-06,5.7524708e-07,0
5uo3_8EY_B_804,0.9837912,0.83297088,0.03618293,0.23156947,1.8925637e-06,1.8456196e-06,0
5uo5_M4R_A_803,0.98346452,1,0.049425113,0.27695506,9.7530062e-05,0.93066364,0.99294021
5uo5_M4R_B_803,0.9880854,1,0.052173102,0.27731843,0.88944907,0.92775044,0.99485386
5urz_BOG_B_201,0.69756857,0,0.033596725,0.21874318,0.14810985,0.013820199,0
5ut1_7DZ_A_905,0,0,0.03162493,0.21137536,1.608975e-08,0.13140973,0.10729307
5v31_ARG_A_401,0,0,0.031624931,0.21137536,2.2027105e-07,0.13140972,0.10729307
5v7y_AKG_B_302,0,0.89361154,0.043937844,0.25508043,0.00034394334,0.83289745,0.825736
5ve5_GSH_B_402,0,0.48849352,0.031749128,0.21196632,0.082177041,0.00090366598,0.014850362
5ved_STU_A_601,0,0.89515545,0.035822815,0.21874278,0.85965169,0.0081264092,0.0078466256
5vjg_0BP_A_403,0.99877021,0.77175123,0.039136626,0.23158012,0.98581697,0.0068971911,0.00684306
5vka_AKG_A_402,0.99425499,0,0.0357445,0.21859514,0.97059111,0.00048981706,0
5vl0_BNF_B_404,0.9898405,0.98161095,0.039074929,0.23462446,0.70593462,0,0
5vl0_BNF_C_404,0.99308429,0.98575008,0.038776428,0.2347593,0.59481012,0,0
5vl0_BNF_D_404,0,0.98820202,0.036153899,0.21991066,0.87436639,0,0
5vrj_R07_A_204,0,0.31805054,0.033406916,0.21052009,0.76275858,0,0
5vut_9OG_A_803,0.93034317,0.88760363,0.039419858,0.24245979,7.835862e-13,0.25182171,0.23454573
5vuu_9OJ_A_805,0.0001329821,0.40618913,0.034650339,0.22245935,0,0.28406671,0.26433264
5vuu_9OJ_B_803,0.69973667,0.76825715,0.038237457,0.23750152,0,0.25981551,0.24193014
5vv0_9OM_A_803,4.6152954e-10,0.98688188,0.034247004,0.22233602,3.6093483e-13,0.15297191,0
5vv5_9OJ_A_803,0.06298845,0.43871891,0.034972622,0.22381081,2.1060541e-08,0.28188788,0.2623199
5vyr_B62_B_301,0.97738831,0.96035943,0.039832266,0.23420116,0.99237914,0.0035918544,0.0035990669
5vyr_GMP_B_302,0,0.40612031,0.034649664,0.2224565,1.9450684e-06,0.28407134,0.26433696
5vyr_GMP_B_303,0.99858409,0.99382816,0.037213337,0.23552725,0.00035778169,0.00044031685,0.017404205
5vys_1YJ_A_301,0.99314773,0.98434714,0.05282072,0.27846543,0.99217786,0.99329901,0.99284637
5vys_1YJ_B_301,0.98921784,0.9774128,0.052516019,0.2778343,0.94978735,0.98250049,0.98250282
5vys_GMP_B_303,0.97877942,0.83378489,0.036310984,0.23195999,0.0031482846,0.014822293,0
5w3k_9TY_A_401,0.99604281,0.9492589,0.039764183,0.23414202,0.97890133,0,0
5w3k_9TY_B_401,0.26141844,0.95938069,0.037243819,0.22332887,0.97672361,0,0
5w5t_9X7_A_506,0,0,0.03162493,0.21137536,0,0.13140973,0.10729307
5w7b_MYR_B_208,0.98258875,0.7064787,0.035912621,0.23046943,4.7302411e-11,0.00028378592,5.9725503e-14
5w8q_BU4_B_400,0.025831113,0.995276,0.045751211,0.25381425,0.75891852,0.7589495,0.75503505
5wct_GY4_A_303,0,0.40612031,0.034649658,0.22245649,6.8158649e-10,0.28407132,0.2643369
5wcz_NOJ_A_601,0,0,0.03162493,0.21137536,0,0.13140973,0.10729307
5wcz_NOJ_B_601,0.9846017,0.75339008,0.036048173,0.23103219,0,0.0046767077,0
5wgk_AGJ_A_816,0.9639104,0.82681649,0.03838898,0.23255254,0.64658277,0.018487214,0
5wgr_PM7_A_711,0,0.40612031,0.034649658,0.22245649,0,0.28407132,0.2643369
5wgv_PM7_A_712,0,0.40612031,0.034649658,0.22245649,0,0.28407132,0.2643369
5wgv_PM7_A_713,0,0.40612036,0.034649755,0.22245654,2.8890057e-05,0.28407154,0.26433778
5wgw_MB5_A_714,0,0.40612031,0.034649658,0.22245649,0,0.28407132,0.2643369
5wgw_MB5_A_715,0.54284463,0.68706033,0.037433016,0.23412819,2.5172938e-07,0.26525405,0.2469541
5wqp_NCA_A_302,0,0.98082532,0.03421717,0.22222195,5.5159792e-06,0.1518453,0
5x0j_SEP_A_302,0,0,0.03162493,0.21137536,0,0.13140973,0.10729307
5x23_LSN_A_503,0,0.40612104,0.034651103,0.22245715,0.00042723731,0.2840745,0.26434994
5x2m_GLN_B_951,0.99257231,0.76106608,0.036090668,0.231208,0.00088236842,0.0015163767,0
5x5d_UMP_B_401,0.96184083,0.82312614,0.039412615,0.23258064,0.99141311,0,0
5x5d_UMP_C_401,0.73875451,0.7060625,0.038169565,0.2275318,0.98271806,0,0
5x5d_UMP_D_401,0,0.31770152,0.032768838,0.21023138,0.57401564,0,0
5x5d_UMP_E_401,0.96373128,0.82411636,0.039419877,0.23262194,0.99051924,0,0
5x6r_7ZR_A_402,0.87822792,0.86063227,0.039152645,0.24133926,3.095097e-09,0.25362825,0.23621455
5x6r_7ZR_B_402,5.6017311e-10,0.40612031,0.034649658,0.22245649,2.2208678e-10,0.28407132,0.2643369
5x86_TMP_A_205,0,0,0.03162493,0.21137536,0,0.13140973,0.10729307
5xdt_MB3_A_404,0.38395684,0.99568175,0.035284444,0.22705941,2.3614621e-05,0,0.077887021
5xdt_ZI7_A_403,0.76888049,0.72182534,0.038253979,0.22817585,0.959208,0,0
5xh2_NPO_A_305,0.99645798,0.96943591,0.037376657,0.23497466,0.10364469,0,0.013576124
5xin_XLS_A_397,0.99144466,0.89575,0.038749696,0.24036099,0.0038330375,0.18021036,0.17956137
5xin_XLS_C_397,0.95556714,0.85567421,0.038001812,0.23656935,0.11197871,0.11722905,0.10989176
5xj7_87O_A_309,0.94204549,1,0.050835732,0.27299183,0.85377942,0.85401512,0.90779839
5xmq_PLG_A_501,0,0.40612031,0.034649658,0.22245649,0,0.28407132,0.2643369
5xmq_PLG_B_501,2.7062575e-05,0.62605812,0.047296654,0.25594252,0.98032854,0.94367876,0.98007759
5xmq_PLG_C_501,0.99155092,0.84155871,0.039376432,0.23352559,0.89712726,0.01924322,4.0833952e-07
5xrv_F6R_A_702,0,0.31745431,0.032144603,0.20995566,0.38875384,0.00013646623,0.0019648689
5xvt_8FL_A_709,0.43280237,0.63010983,0.036868789,0.23176217,1.273413e-09,0.26906857,0.25047783
5xvv_AKG_A_508,0,0.40612183,0.034652675,0.22245786,0.00089210218,0.28407796,0.26436413
5xvv_AKG_B_506,0,0,0.029766678,0.20425098,0.078857365,0,0.013092889
5xvv_AKG_C_504,0.98379346,0.85767155,0.038340059,0.23560554,0.33409901,0.078875238,0.067669
5xz7_F6P_A_407,0,0.97935305,0.045959484,0.26204086,0.0091575623,0.95544649,0.95519279
5y1g_AKB_A_401,0.9331461,0,0.036774687,0.22311026,0.85245806,0.12281315,0.12295326
5y7a_KYN_A_502,0.9182321,0,0.039179729,0.23232425,0.74610367,0.33691442,0.33603053
5y7r_58K_B_403,0,0.99361126,0.034067135,0.22171914,0,0,0.11528156
5y7r_AKG_B_402,0.99479759,0.95622241,0.03700418,0.2347293,0.00015502519,1.5386315e-05,0.0097487045
5yaq_ISE_C_402,0.8109495,1,0.049669095,0.26895508,0.81138986,0.82957363,0.87499586
5yaq_ISE_D_402,0,0.34737619,0.035331456,0.21506964,0.96639665,0.08980866,0.08979739
5yb7_ORN_A_602,0.98493186,0.83762838,0.036458351,0.23222239,0.029678287,0.016627729,0.0019406813
5yb7_ORN_A_603,0.98024333,0.83530086,0.036341306,0.23209907,0.0002232725,0.017037559,0.0024499293
5yb7_ORN_B_602,0,0,0.031687806,1.5490601e-35,0.12745456,0.10964157,0.087841696
5yb7_ORN_C_602,0.985926,0.83823698,0.036596429,0.23230655,0.068753855,0.016935524,0.0020743766
5yb7_ORN_C_603,0,0.40612031,0.034649658,0.22245649,8.4247704e-09,0.28407132,0.2643369
5ybl_AKG_A_302,0.00032760129,0.40628985,0.034651337,0.22246354,0,0.28405997,0.26432641
5ybl_AKG_C_302,0.9948874,1,0.045000378,0.26182894,0.00060066452,0.59756646,0.67335344
5ybp_AKG_A_302,0.99764391,0.84192144,0.039607414,0.23339014,0.99128515,4.6524479e-06,5.9948306e-05
5ybp_AKG_B_302,0,0.41980847,0.038514807,0.22570849,0.99382219,0.31675314,0.31201769
5ybq_8T0_A_303,0.94937369,0.81964956,0.039459645,0.23272086,0.98904324,0.020570843,0
5ybq_8T0_B_303,0,0.32318778,0.032360418,0.21076991,0.38189765,0.036462368,0
5ybq_AKG_A_302,0.99649565,0.99609676,0.04293572,0.25487187,0.00024023266,0.99144357,0.00027452361
5ybq_AKG_B_302,0,0.40612101,0.034651046,0.22245712,0.0004105101,0.28407438,0.26434943
5yfj_RUB_A_401,0.8848409,0.96737131,0.049898608,0.26957204,0.85270405,0.81080126,0.85713375
5yfj_RUB_B_401,0,0.95933851,0.046510539,0.25518186,0.86307711,0.85394207,0.80597813
5yfj_RUB_C_401,0,0.96687094,0.046860511,0.25686588,0.81605438,0.88824658,0.84191633
5ykt_PMP_A_501,0.99034576,0.99035337,0.050060062,0.27764188,0.1512955,0.97019731,0.96964837
5ykt_PMP_B_501,0.99295307,0.99484012,0.049991771,0.27772208,0.12230085,0.96884314,0.96930818
5ylf_BGC_A_401,0,0.95010361,0.034091116,0.22151012,0.0197927,0.014571025,0.12064066
5ysh_5AD_D_605,0.21274926,0.98677077,0.034913164,0.2252368,0.0024414504,0.13114338,0
5ysh_5AD_G_605,0.99857816,0.98270107,0.037330836,0.23588811,0.0025956571,0.049982119,0
5ysh_5AD_J_605,0.21831849,0.98087692,0.035104532,0.22515575,0.074807582,0.1282763,0
5z54_0HZ_A_303,0.19287987,0.9839039,0.037151267,0.22270337,0.99127067,0,0
5z54_0HZ_B_303,0,0,0.032353057,0.20372103,0.99494768,0,0
5z54_0HZ_C_303,0.9675157,0.97021343,0.038204205,0.23499494,0.36996428,0.044740612,0
5z54_0HZ_D_303,0.98743691,0,0.035727698,0.21848202,0.97400102,0,0
5z9b_AX7_A_304,0.99593375,0,0.033060594,0.21876258,0.058139927,0,0
5z9b_HX3_A_303,0.97892104,0.99146747,0.037135166,0.23519074,0.00080650781,0,0.018447498
5z9b_HX3_B_303,0.97160376,0.98667353,0.037086779,0.23499714,0.00045624252,0,0.018192284
5z9p_AX7_A_301,0.99849684,0,0.033622383,0.2187694,0.24590882,0,0
5z9p_AX7_B_301,0.99588736,0,0.035733781,0.21860965,0.96607933,0,0
5zg2_9C0_A_902,0.99541605,0.99583963,0.037378795,0.23609396,0.00010728631,0.052790719,0
5zg2_ZK1_B_901,0,0.32392686,0.034364952,0.21162727,0.979768,0.039590268,0
5zge_ZZ7_A_301,0.37748873,0.93609056,0.038261201,0.22724306,0.96338292,0.11702983,0.031455512
5zge_ZZ7_B_302,0,0.90970714,0.036556343,0.2202725,0.95815713,0.12271588,3.3937472e-07
5zgr_ZZ7_A_303,0.53211402,0.94264671,0.038808403,0.22957403,0.96568782,0.10447323,0.033785488
5zgr_ZZ7_B_303,0.99201471,0.93892784,0.037519161,0.23644331,0,0.073728624,0.034876088
5zi4_OAA_B_401,0.46207415,0.94449702,0.035269707,0.22714825,1.6949924e-06,3.5823939e-06,0.059825414
5zpt_HY1_A_702,0.0056048982,0.98585529,0.035642828,0.22147431,0.5505773,0,0.12022455
5zpt_HY1_B_703,0.98684521,0.99297244,0.039819319,0.23472533,0.94606189,0,0
6a1f_9OF_A_807,0.97926501,0.99073044,0.039938178,0.23456655,0.99859068,0,0
6a1l_BEZ_A_403,0.99315221,0.9676315,0.039756949,0.23440376,0.9536112,1.8423438e-06,1.832623e-06
6a1l_BEZ_A_404,0.98537155,0.99620122,0.043704091,0.25165757,0.58055684,0.38411707,0.37966528
6a2m_9QR_A_701,0,0.86586771,0.033650597,0.22005698,3.3245888e-08,0.13046332,4.6543124e-08
6a2m_UMP_B_703,0.97735796,0,0.035721328,0.21832976,0.98375005,0,0
6a2n_9QR_A_701,3.0441704e-09,0.9696163,0.034161912,0.22201086,1.6686715e-08,0.14976051,2.2326095e-09
6a2n_UMP_A_703,0.98025962,0,0.035732071,0.21837309,0.98396917,0,0
6a3j_SOE_A_402,0.0089691686,0.63932822,0.047694655,0.2573428,0.98129301,0.98076225,0.98080315
6a3j_SOE_B_401,0,0.47944037,0.041019081,0.23432602,0.98044686,0,0.97903093
6a3j_SOE_C_402,0.99701948,1,0.052902987,0.27887981,0.98330113,0.99533405,0.99529092
6a3j_SOE_D_401,0,0.63488379,0.047657961,0.25717899,0.98157698,0.98160167,0.98158381
6a6s_FSA_A_502,0,0.96672292,0.034152027,0.22197119,4.2923524e-06,0.14953731,0.00035245064
6a7e_9QR_A_201,0,0.32345084,0.033059157,0.21106948,0.59023253,0.037568844,1.7912526e-05
6ald_2FP_A_700,0,0,0.029423652,0.20388831,2.1624969e-06,0,0
6ald_2FP_B_700,0,0.40612031,0.034649669,0.2224565,3.3368578e-06,0.28407135,0.264337
6auq_BYJ_A_803,0.81040098,0.82552975,0.038805198,0.23988106,9.6432322e-05,0.25598013,0.23838943
6auq_BYJ_B_803,0.98728891,0.83822421,0.03634584,0.23214443,7.2020778e-06,0.014634998,5.3526708e-08
6av2_BY7_B_803,0.64943977,0.74222684,0.037979566,0.23642009,1.4010208e-12,0.26155901,0.24354073
6axu_BTM_A_401,0.98361336,0.98805821,0.037483365,0.23574556,0.064060977,0.051489569,0
6ayv_F6P_A_401,0,0.8748753,0.047584566,0.25746988,0.98057571,0.92827897,0.86093906
6ayv_F6P_B_401,0.97666965,0.89550451,0.049807629,0.26967739,0.82597896,0.83145779,0.83195777
6ayv_MLI_A_409,0,0.96546027,0.044867096,0.25839101,0,0.8776113,0.87773787
6b5k_TYD_A_304,0.94791251,0,0.033788303,0.22168164,2.6706697e-06,0,0
6b5k_TYD_B_304,0.97336789,0,0.033846398,0.22195841,2.5534735e-06,0,0
6b6r_BEN_A_302,0.99817632,0.99287871,0.05290394,0.27875456,0.9948327,0.99468222,0.99484727
6b83_6NA_B_201,0.99297664,0.89047247,0.036697505,0.23345981,0.0086406301,0.00069123337,0
6b9p_D0J_B_1001,0.17947829,0.49900625,0.035569907,0.22631545,1.8128942e-08,0.27784985,0.2585897
6ba2_7KM_A_809,0.99141067,0.99520573,0.049700808,0.27796876,4.6528061e-10,0.94401871,0.996747
6bds_DJ4_A_302,0.86628976,0.85445388,0.039091434,0.24108258,0,0.25404207,0.23659683
6bds_DJ4_A_303,2.6134336e-05,0.97148897,0.034171224,0.22204648,4.4369736e-07,0.15010615,0
6bkk_308_B_101,0.99665064,0.99379357,0.037907782,0.23540444,0.24380635,0,0.020291555
6bmm_OLB_A_404,0,0.40612031,0.034649658,0.22245649,2.8375525e-13,0.28407132,0.2643369
6bmm_OLB_B_404,0.41789111,0.62239276,0.036792334,0.23144157,0,0.26958546,0.25095532
6bqx_9AG_A_201,0.99148885,0.90934025,0.036780316,0.23386332,1.9870696e-06,0.0019815198,0.0024515181
6br1_E3Y_B_505,0,0.40615984,0.034727887,0.2224919,0.023130243,0.28424346,0.26504283
6btn_E8M_A_304,0,0.32299196,0.031829295,0.21054274,0.22348533,0.035633596,0
6btq_E8S_A_305,0,0.40612153,0.034652078,0.22245759,0.00071552896,0.28407665,0.26435874
6bxk_MTA_A_401,0.95733431,0.9580954,0.037085,0.23486124,0.0037558768,0.04961286,7.6114155e-06
6bxk_MTA_B_401,0.99068009,0.94032302,0.037341588,0.23492993,0.089247854,0.041531894,6.9483617e-05
6c17_DNX_A_202,0.0062003955,0.91605381,0.033932431,0.22027923,0.082757418,0,0.10001804
6c1i_EEY_A_501,0.9899883,0.96816012,0.039833611,0.23436018,0.98264032,0,0
6c1i_EEY_B_501,0.99469493,0.82094813,0.036514321,0.23279048,3.5019191e-10,0.02033646,0
6c1i_KNA_A_502,0.00045524375,0.98234471,0.034226057,0.22225679,3.1599622e-09,0.15208157,1.6652359e-07
6c1x_DNX_A_203,0,0.9296904,0.036207836,0.21893618,0.97625687,0,0
6cdy_EY1_B_501,0,0,0.031893088,0.21122244,0.10458001,0.12784059,0.10601278
6cgc_F0A_A_402,0.72459197,0,0.032084116,0.21470915,0.047204281,0,0
6cgc_F0A_B_402,0.96937185,0.83007368,0.03951796,0.23314423,0.97462333,0.020093744,0
6cqu_HI6_A_601,0,0.4061234,0.034655772,0.22245926,0.0018079118,0.28408478,0.26439208
6cqu_HI6_B_601,0,0.40635111,0.035106349,0.22266322,0.13503135,0.28507626,0.26845799
6cut_FEJ_A_401,0,0.62192126,0.047083082,0.25532316,0.96912011,0.93132482,0.96674825
6cut_FEJ_B_401,0,0.62343382,0.047152915,0.25554696,0.97066546,0.93585352,0.97164883
6cut_FEJ_C_401,0.95382874,1,0.052215067,0.2763504,0.98810039,0.92032386,0.98439731
6cut_FEJ_D_401,0,0.62323455,0.047194063,0.25553659,0.98571921,0.93528031,0.97094206
6dl7_ONC_A_301,0.9216076,0.97769207,0.03930903,0.2342345,0.80113347,0.043672907,0
6dl7_ONC_B_301,0,0.97745983,0.036597826,0.22161479,0.85398494,0.13704645,0
6dl7_ONC_D_301,0,0.97222376,0.036918022,0.2214377,0.97724254,0.13402692,0
6dl7_ONC_E_301,0.86878442,0.98454203,0.039719133,0.23351984,0.99356315,0.047157965,0
6dl7_ONC_F_301,0.93854984,0.97245093,0.037086851,0.23487722,0,0.054260442,0
6dl7_ONC_G_301,2.3043627e-07,0.98095509,0.034217795,0.2222244,0,0.15186951,0
6dqt_LEU_B_1,0.99303874,0.9205872,0.037000246,0.23464436,0,0.039038781,0
6dyt_F0G_A_503,0.99150775,0.8414925,0.039256135,0.23347335,0.86130837,0.019058523,2.3928733e-06
6dyt_PP3_B_1501,0.97243767,0.82701224,0.036121122,0.23131306,0,0,0
6e2w_DP6_A_403,0.98644199,0.83623297,0.039472063,0.2331335,0.96630616,0.00076996725,0.00075448676
6e40_BBJ_A_502,0.96757395,0.86917614,0.036667895,0.2333285,1.5178846e-06,0.032081718,0
6e40_BBJ_B_502,0,0.91643021,0.033899792,0.22100921,9.0146057e-07,0.13986789,0
6e40_BBJ_D_502,0,0,0.031624931,0.21137536,9.9077512e-08,0.13140972,0.10729307
6e43_BEZ_A_502,0.99782941,0.96889248,0.041222595,0.23909113,0.9843882,0.10423775,0.10446788
6e43_BEZ_B_502,0.99747155,0.98789407,0.040820187,0.23773903,0.98653016,0.066192897,0.067339126
6e43_BEZ_D_502,0.99779232,0.97326257,0.041532574,0.24013213,0.9865475,0.12659876,0.12612577
6e8i_PTR_A_201,0.97849353,0,0.033470158,0.21847516,0.21785012,0,4.6629395e-07
6f2b_AKG_A_402,0,0.84809917,0.045167346,0.25073034,0.82883501,0.73888527,0.76210396
6f2b_AKG_C_402,0.71480457,0.8351685,0.043529376,0.2557984,1.6155747e-09,0.62486499,0.62510664
6f2v_AMP_A_1001,0,0.40618633,0.034780294,0.22251563,0.03862551,0.28435878,0.26551573
6f2v_AMP_B_1001,0,0.32382876,0.034098892,0.21151348,0.90041331,0.039175105,0
6f3s_CKW_A_902,0.99020573,0,0.034460822,0.2185961,0.54046421,0,0
6f66_CUT_A_300,0.99597963,0.98986534,0.039973794,0.23480328,0.99216737,0,0
6f6a_CU5_A_301,0.01624386,0.41452705,0.034732963,0.22280576,5.0960845e-06,0.28350828,0.2638169
6f6a_CU5_B_301,0.90033323,1,0.052613327,0.27746411,0.99606021,0.99606177,0.99598924
6f76_CVK_A_203,0,0.32299824,0.03184632,0.21055002,0.22856339,0.035660163,0
6f76_CVK_B_203,0.48931418,0.65935656,0.037158546,0.23297723,2.4457992e-09,0.26710963,0.24866823
6f76_CVK_C_203,0.98460263,0.83682156,0.036331488,0.23208477,0,0.014688865,0
6f76_CVK_F_203,0,0.32298738,0.031816869,0.21053742,0.21977916,0.035614206,0
6f77_PLP_A_600,0,0.40612031,0.034649658,0.22245649,0,0.28407132,0.2643369
6f77_PLP_D_600,0,0.32393199,0.034378874,0.21163323,0.98392027,0.039611991,0
6f7r_CIT_A_1002,0.89067245,0.15752996,0.034111989,0.21972941,0.31409942,0.00012050557,0.00012091377
6f7r_CIT_A_1003,0.84794682,0.93129812,0.036484744,0.23233575,0.011988733,0.012203881,0.012231345
6fa1_D2Z_A_203,0.0022376178,0.40727835,0.034661131,0.2225046,1.0133335e-11,0.28399376,0.26426525
6fa1_D2Z_B_203,0.13906551,0.4780913,0.035362697,0.22544654,2.1235065e-07,0.27925073,0.25988379
6fa1_D2Z_F_203,0.07383777,0.44433379,0.03502825,0.22404408,5.9615987e-11,0.28151179,0.26197249
6fgv_D9T_A_1901,0.93222785,0.8918838,0.03654415,0.23261398,0.022185131,0,0.0031424165
6fjj_LSA_A_302,0.99771514,0.97872173,0.040049772,0.23564833,0.93281075,0.022900966,0.022076591
6fld_DQ5_A_604,0,0.40612031,0.034649658,0.22245649,0,0.28407132,0.2643369
6fld_NAG_A_601,0,0,0.031624933,0.21137536,1.0459528e-06,0.13140969,0.10729306
6fld_NAG_A_602,0.60495081,0.71453914,0.038181281,0.23702421,2.2550837e-08,0.28594879,0.26846009
6fld_NAG_A_603,0,0.93993159,0.03379425,0.22068132,3.643899e-10,2.3469227e-06,0.10440699
6flu_DTK_A_401,0.15435641,0,0.03197721,0.21305362,3.7168075e-07,0.10650827,0.082218488
6flu_DTK_A_402,0,0.94189285,0.037039883,0.23173659,4.0045066e-07,0.36229264,0.24354271
6flu_DTK_A_403,0.92117095,0,0.033727267,0.2213909,7.9429325e-07,0,0
6flu_DTK_A_406,0.98205729,0.99025352,0.040308257,0.23587342,0.99458142,0.028850092,0.028848672
6flu_DTK_B_406,0.11624599,0,0.031890233,0.21263926,3.4084104e-07,0.11265641,0.088409373
6fs7_E4Z_A_903,0,0.31842519,0.034091856,0.21083,0.96536331,0,0
6fs7_E4Z_B_903,0,0.31844163,0.034121903,0.21084359,0.97425128,0,0
6fs7_E4Z_E_903,0,0.40612044,0.034649926,0.22245661,7.9319298e-05,0.28407191,0.26433932
6fs7_E4Z_F_903,0.00056997011,0.31856171,0,0.21084073,0.97452401,0,0
6fw0_E92_A_602,0.54614392,0.99212087,0.038749984,0.22925924,0.99149301,0.081612808,0
6fw0_E92_B_602,0.98620506,0.8359088,0.03954403,0.23313008,0.9910779,0,0
6g3f_FUM_A_601,0.97490132,0,0.033895312,0.22194918,0.017714108,0,0
6g5q_EMZ_A_401,0.97669323,0.96878941,0.037187128,0.23532906,1.4772679e-09,0.049678107,1.4880124e-06
6gck_EUB_A_302,0.82353599,0.99210447,0.036462939,0.232429,0.00040353673,0,0
6gck_EUB_B_302,0.98790333,0.9764824,0.037084931,0.23502523,2.1236478e-05,0,0.014516446
6gck_EUB_C_302,0.99039091,0.98488417,0.037170917,6.490074e-51,0.00070002957,0.042914499,0
6gck_EUB_D_302,0.99379371,0.99049962,0.037175248,0.23537752,0.00020704967,0,0.016778945
6gl4_GLU_A_301,0,0,0.03162493,0.21137536,0,0.13140973,0.10729307
6gl4_GLU_B_301,0,0,0.03162493,0.21137536,0,0.13140973,0.10729307
6gnf_GLC_B_602,0.98433106,0.83534086,0.039563705,0.2331532,0.99475402,0.0012679712,0.0012664955
6gpn_OGA_B_402,0.99673849,0.92691014,0.036860605,0.2341887,2.5254973e-10,2.4002445e-10,0.0036014764
6gqk_F88_A_1001,0.9841873,0.83782866,0.039648948,0.23349542,0.99012321,0.01987727,0
6gqk_F88_B_1001,0.99052505,0.84105244,0.039450995,0.23353702,0.9209999,0.019388343,0
6gxk_FFW_A_402,0.98787049,0.83852838,0.036350346,0.23215795,0.00042606784,0.014625459,0
6gxk_FFW_B_402,0.99106229,0.84019516,0.036367903,0.23222905,0.00058527566,0.014562186,0
6h8p_OGA_A_504,0,0.91901503,0.045443907,0.26025641,0,0.93674889,0.93765158
6hgl_TES_A_401,0.97795019,0.83158623,0.039514742,0.23295081,0.99569856,0,0
6hl7_CP_A_401,0.99479686,0.84224747,0.036384192,0.23230602,3.3135942e-06,0.015898196,0
6hl7_CP_C_401,0.92243022,0.81103874,0.036287157,0.23166751,0.0021838172,0.036896977,0.012356722
6hl9_SIN_A_402,0,0.88736706,0.033764306,0.22046011,0.0027613893,0.13441633,0
6hl9_SIN_B_402,0.98131883,0.84672457,0.036406453,0.2324252,0.00068395039,0,0
6hmw_FUL_A_203,0.99471794,1,0.050145533,0.27897423,0.050537344,0.99784598,0.99782233
6hmw_FUL_C_203,0.73038698,0.7841197,0.038394612,0.23816054,3.7350092e-10,0.25875304,0.24094867
6hmw_FUL_D_204,0.98560724,1,0.04988074,0.27852131,0.0017671826,0.99399064,0.99435363
6hmw_FUL_E_204,0.96679926,1,2.4570879e-37,0.2781966,0.055983019,0.99495498,0.99505195
6hmw_FUL_F_202,0.98868244,1,0.052907131,0.2787473,0.9951536,0.99517371,0.99518184
6hmw_FUL_G_202,0.90053132,1,0.052614414,0.27746843,0.99605811,0.99606139,0.99605066
6hmw_FUL_J_201,0.98788541,1,0.049085186,0.27539887,0.041902257,0.92563913,0.92560413
6hnz_GH5_A_301,0.97526871,1,0.052181346,0.27643138,0.97543327,0.91367176,0.97909173
6ho7_GHQ_A_301,0,0.99041379,0.049300931,0.26346844,0.98730573,0.98744015,0.98717229
6hpx_GKQ_A_205,0.95569734,0.98627814,0.037208181,0.23537172,5.2846481e-12,0.055077865,0
6hqr_3DM_A_502,0.99658488,0.9589593,0.039756777,0.2343117,0.96189051,0,0
6hsg_GM5_A_504,0,0.96087191,0.034118827,0.22184617,3.8754286e-06,0.14813399,0
6hsg_GM5_B_504,0.99615439,0.94497661,0.038201477,0.23490319,0.38165738,0.036922347,0
6hsg_GM5_C_504,0,0.87708232,0.033705867,0.22026818,1.5175612e-08,0.13254919,0
6hsg_GM5_D_504,0,0.94751495,0.035774428,0.22120414,0.61323574,0.13547224,0
6i4b_E2N_A_603,0.99096788,0.84021298,0.036549428,0.23230481,0.054876931,0.014848122,0
6i4b_E2N_B_603,7.2887036e-08,0.40619672,0.034800784,0.2225249,0.044683861,0.28440387,0.26570063
6i4b_ORO_A_602,0.2092047,0,0.032102537,0.21364987,5.8732403e-05,0.097657912,0.073307888
6i4b_ORO_B_602,0.0075869235,0,0.031642409,0.21145775,6.3670224e-05,0.1301836,0.10605983
6i6r_H62_A_704,0.92511346,0.60889849,0.037746021,0.22916208,0.7033315,0.036356706,0.036343028
6ijp_IMP_A_402,0,0.31846552,0.034165584,0.21086336,0.98717209,0,0
6ix8_B3O_A_408,0,0,0.032355816,0.20372092,0.99588047,0,0
6ix8_B3O_B_408,0.99101666,0,0.03573317,0.21853592,0.97162843,0,0
6j4t_IMP_A_401,0,0,0.03162493,0.21137536,0,0.13140973,0.10729307
6jc7_F0G_A_601,0.99311049,0.84126395,0.03637696,0.23227373,2.7980336e-05,0.014518173,4.334176e-08
6jc7_F0G_D_601,0.9843174,0.94463311,0.03709172,0.23497815,4.752329e-06,0.044403733,1.9152359e-07
6jk9_BU0_A_501,0,0.40612037,0.034649782,0.22245655,3.6679374e-05,0.28407159,0.26433802
6jk9_BU0_B_501,0,0.31847377,0.034180669,0.21087018,0.9916343,0,0
6jmd_BVO_A_408,0.99417619,0.99350664,0.040162074,0.23539827,0.99707209,0.035937745,0
6jmd_ORO_A_402,0.013339302,0.86529912,0.035971317,0.21808263,0.97213268,0,0
6jme_BVU_A_409,0.99346171,0.99573727,0.040166771,0.23543145,0.99561846,0.036449868,0
6jme_ORO_A_402,0,0.85171822,0.033345911,0.21897555,6.2110735e-05,0,0.086531346
6jq8_CIT_A_302,0.99450081,0.74709195,0.036026455,0.23097527,3.749705e-05,8.9620402e-08,0
6jws_PT1_A_801,0.99481599,0,0.035798219,0.21858975,0.98923041,0,0
6jws_PT1_B_801,0.99679335,0,0.035820779,0.21861841,0.9945555,0,0
6jwy_PH2_A_802,0.9927468,0,0.035747335,0.21856132,0.97439447,0,0
6jx9_CQC_A_501,0,0.40617197,0.034751892,0.22250277,0.030228069,0.28429629,0.26525945
6jyg_FLC_B_401,0.95031269,0.82848973,0.038584059,0.2335178,0.61190516,0.060917606,0.01516299
6jyg_FLC_C_401,0.99005395,0.84310538,0.03659643,0.23274371,0.026896269,0.024907166,0.011043333
6jyg_FLC_E_401,0,0.31801228,0.031954595,0.20995129,0.32452613,0.0040078129,0.0019377551
6jyg_FLC_E_402,0.0017093796,0.40700497,0.034658429,0.22249325,1.9979184e-06,0.28401208,0.26428223
6jz4_EVA_A_701,0.97526108,0.59333139,0.038204432,0.23778343,0.021828691,0.18269437,0.16402864
6jz4_EVA_B_701,0.97516707,0.54291179,0.037843878,0.2364339,0.023728291,0.16485364,0.14571403
6jz6_CKX_B_701,0.85205996,0.96911284,0.05213567,0.27576295,0.98261223,0.98546156,0.98498229
6jzh_ZMA_A_2002,0.94377523,0.99274981,0.037203099,0.23533084,2.2099096e-09,0.057501401,0
6k92_GT0_A_802,0.99321628,0.96383066,0.052410772,0.27722265,0.97320732,0.97324662,0.97158807
6k92_GT0_B_602,0.99388675,0.98208068,0.039936048,0.23538683,0.92029185,0.038489842,0.003774098
6krs_CIT_B_301,0.016753714,0.89600046,0.034044038,0.22134423,0.016204057,0.14473496,0.011914928
6krs_CIT_D_301,0,0.93287703,0.044626314,0.25468595,0.27715179,0.8508707,0.7971693
6krs_CIT_F_301,0,0.89264526,0.033936628,0.22099487,0.0088533478,0.14462727,0.01043843
6krs_CIT_G_301,0,0.88727106,0.044110346,0.25356973,0.20518446,0.83714257,0.78996466
6krs_CIT_H_301,0.015301673,0.89309537,0.043700583,0.25417124,0.015114598,0.84325388,0.79381223
6krs_CIT_I_301,0.014972373,0.93918274,0.046092673,0.25548411,0.69429343,0.85932129,0.81477041
6krs_CIT_J_301,0.015352468,0.8965839,0.042600659,0.25044742,0.014343283,0.76338675,0.70372516
6kxh_DY9_A_401,0,0.31848263,0.034196851,0.2108775,0.99642073,0,0
6kxh_DY9_B_402,0.024699116,0.3314442,0.034335957,0.21143716,0.99782159,0,0
6kxh_DY9_C_402,0.025170642,0.41914718,0.034779184,0.2229979,0.00013810416,0.28319983,0.26353511
6kxh_DY9_D_402,0.99606636,0.84280729,0.036392631,0.23233932,0,0.014458618,0
6l59_CIT_B_403,0,0.60173941,0.032464836,0.2150564,0.041312805,0.080649772,0
6l68_ALL_A_201,0,0,0.044021769,0.24433571,0.90275732,0.92068561,0.92053352
6l68_ALL_A_202,0.00076258625,0,0.03225524,0.2110252,0.24513817,0.12292055,0.10416816
6l7v_3PO_A_302,0,0.90889819,0.035120281,0.21993238,0.51030105,0.00024765947,0.10490282
6l86_LMR_A_302,0,0.40613043,0.034669687,0.22246556,0.0059220457,0.28411539,0.26451764
6l86_LMR_C_302,0.0034258343,0.32153312,0.034095707,0.21107221,0.94393725,0.0042308176,0.0041471852
6l86_LMR_D_302,0.95079546,0.81677731,0.036550884,0.23117095,0.15227293,0.0045867324,0
6l86_MLT_A_303,0,0.40613057,0.034669961,0.22246568,0.0060030823,0.284116,0.26452011
6l8a_BAL_C_504,0.97370188,0.9793028,0.047612319,0.26872296,0.20245014,0.77445714,0.78067883
6l8a_BAL_D_507,0.99811306,0.9740703,0.037722197,0.23514155,0.20411744,0.0019598228,0.017514073
6lit_2OH_A_501,0.99498036,0.81148325,0.039259443,0.23198306,0.99420795,0.0020466491,0
6lit_2OH_B_501,0.99754227,0,0.035822574,0.21862965,0.99427985,0,0
6lj7_EFR_A_301,0.95921318,0.93139768,0.036948742,0.23438618,4.1916056e-05,0.044510545,9.6629975e-07
6lql_F0C_A_702,0.9818878,0,0.032840527,0.21856241,4.1876293e-07,0,0
6lx5_C5F_A_503,4.578077e-07,0.77909612,0.033673902,0.21832054,0.16064342,0.11165763,0
6lx5_C5F_B_501,0.99204312,0,0.035479063,0.21856594,0.88411398,0,0
6lx5_C5F_B_502,5.4205958e-07,0.83880029,0.033822275,0.21947803,0.10867837,0.12362503,0
6ly4_TES_A_501,0.99030392,0.98696943,0.039924622,0.23467205,0.98631157,0,0
6m5m_NAG_A_202,0.00024894146,0.40624925,0.034651141,0.22246194,6.1126849e-05,0.28406315,0.2643308
6m5m_NAG_B_202,0,0.62171891,0.046660177,0.25508565,0.84963001,0.94187661,0.94115924
6m92_J8V_A_601,0,0.91713175,0.034180199,0.2209596,0.098659851,0.138361,0
6m9b_BTN_A_201,0.9921411,0.83902899,0.039586761,0.23326879,0.99416538,0,0
6m9b_BTN_B_201,0,0.31847577,0.034184324,0.21087183,0.99271549,0,0
6m9b_BTN_D_201,0.99366944,0.83982517,0.039584643,0.23329857,0.99107935,0,0
6mae_JBA_A_301,0.96698926,0,0.035644559,0.21817711,0.96993224,0,0
6md2_GW9_A_501,0.98498776,0.83360007,0.036189485,0.23159665,3.7605267e-07,8.5853751e-06,0
6mnh_JVD_A_301,0.99653529,0,0.035779715,0.21861684,0.98091392,0,0
6mry_FLC_A_101,0.98769566,0.96231771,0.040881875,0.24774104,0.016340912,0.300024,0.30527774
6mry_FLC_B_101,0.81909782,0.76706195,0.050542525,0.27151935,0.8163096,0.97468402,0.97431607
6mry_FLC_C_102,0.76872413,0.76214548,0.041347873,0.23863163,0.96441395,0.48472971,0.018377331
6mry_FLC_I_102,0,0.29354884,0.041854023,0.2419234,0.47518284,0.75800844,0.75280187
6mwl_K5G_A_301,0,0.98274612,0.034956916,0.21988825,0.47563187,0,0
6mwl_K5G_B_301,0.98814662,0.97405846,0.038668394,0.23449657,0.58065383,0,0
6n0z_DP6_A_401,0,0.6110744,0.046603332,0.25367851,0.97007,0.90587333,0.90964942
6n0z_DP6_E_401,0.97835863,1,0.047025901,0.25963648,0.90992776,0.90111942,0.24550605
6n0z_DP6_F_401,0,0.40612031,0.034649658,0.22245649,0,0.28407132,0.2643369
6n9r_OHN_A_303,0,0,0.03162493,0.21137536,0,0.13140973,0.10729307
6n9r_OHN_P_308,0,0,0.030650469,0.20381827,0.41667752,0,0
6n9r_OHN_X_305,0,0.52429221,0.035422598,0.22536901,0,0.31641153,0.29765601
6nba_P1T_A_501,0,0.3184568,0.034149629,0.21085614,0.98245257,0,0
6nba_P1T_C_501,0.98408643,0,0.035757638,0.21842969,0.98811926,2.3489833e-06,2.3587361e-06
6nbw_LAB_A_403,0,0.99437893,0.036542406,0.21999108,0.99749101,0,0
6ncx_ADA_A_601,0,0.40612149,0.034651992,0.22245755,0.00069010586,0.28407646,0.26435796
6ncx_ADA_B_601,0,0.40612187,0.034652762,0.2224579,0.00091774808,0.28407815,0.26436491
6ncx_ADA_C_601,0,0.40612191,0.034652837,0.22245793,0.00094015983,0.28407832,0.26436559
6ncx_ADA_D_601,0,0.40612211,0.034653234,0.22245811,0.00105751,0.28407919,0.26436918
6ng5_KMD_A_803,0.80596235,0.82323245,0.038782113,0.23978548,0,0.25613328,0.23852862
6ng5_KMD_B_803,0,0.32271569,0.031079995,0.21022225,3.2003711e-10,0.03446438,0
6nga_KL7_A_803,0,0.40612031,0.03464966,0.22245649,7.403723e-07,0.28407133,0.26433692
6nga_KL7_B_804,0,0.40612031,0.034649673,0.2224565,4.6654064e-06,0.28407136,0.26433704
6ngp_KKY_B_803,0.96855217,0.82844088,0.036245881,0.23172838,2.9304963e-08,0.015011235,0
6ngu_KMJ_A_803,0.50490236,0.66742396,0.037238478,0.2333124,1.8426388e-06,0.2665693,0.24816912
6nh0_KND_A_803,0.89640649,0.87004028,0.039245853,0.24173012,1.9893493e-08,0.2529981,0.23563244
6nh0_KND_B_803,0.94546941,0.89543196,0.039497416,0.24278502,3.7608893e-09,0.25129737,0.23406136
6nhd_KNV_B_803,0.61085218,0.72225649,0.037781714,0.23559042,5.2273014e-12,0.26289662,0.24477638
6nig_NAG_A_604,0,0.40612033,0.034649703,0.22245651,1.3383661e-05,0.28407142,0.26433731
6nig_NAG_A_605,0.092778866,0.45413643,0.035125368,0.22445133,1.3892135e-08,0.28085522,0.26136596
6nig_NAG_B_803,0,0.40612031,0.034649658,0.22245649,2.7718025e-08,0.28407132,0.2643369
6nig_NAG_C_802,0.030090878,0.42169333,0.034803947,0.22310348,7.5100423e-07,0.28302825,0.26337336
6nig_NAG_D_602,3.2248292e-05,0.40613702,0.034649878,0.22245721,1.6289119e-05,0.28407032,0.26433637
6nni_CP6_B_203,0.99069624,0.84123214,0.039696851,0.23364559,0.9940562,0.019767116,0
6nnn_G1P_A_503,0,0.40612031,0.034649658,0.22245649,5.7281713e-08,0.28407132,0.2643369
6nnp_G6P_A_502,0.94313773,0.88132966,0.049079094,0.27547438,0.00010054437,0.98049124,0.97290531
6nsu_DYA_A_402,0,0.90184971,0.033759849,0.22048636,0,0.012358516,0.10849542
6ny7_L8J_A_303,0.012106808,0,0.031652755,0.21150688,7.5711598e-05,0.12945402,0.10532544
6nyo_U94_A_301,0,0.98537485,0.04623495,0.25364882,0.92698156,0.77450255,0.75828904
6o04_DNA_A_601,6.0293111e-05,0.9909206,0.034272078,0.22242979,4.4221977e-06,0.15407575,0.00040150315
6o04_DNA_C_603,0,0.99207757,0.034275094,0.22244231,0,0.15411767,0.00020066346
6o04_DNA_D_603,0.00058579621,0.99178724,0.045293386,0.25989896,1.6718269e-05,0.94961851,0.89030773
6o1s_7SD_E_803,0.93003853,0.80871904,0.037092502,0.23132318,0.31377997,0.017426386,2.1887179e-11
6o2z_LJV_A_500,0.98556962,0.83855578,0.039670808,0.23353231,0.99444416,0.019872114,2.1512187e-09
6o2z_LJV_B_500,0.98356638,0.83425808,0.03904227,0.23285003,0.84689974,1.0328545e-06,1.0386905e-06
6o5m_G8K_B_506,0.63976748,0.85566849,0.042992099,0.25356547,0,0.63102388,0.63066326
6ock_9KL_A_601,0.86336569,0.98199323,0.036721486,0.23341264,0,0,0.02789802
6ock_9KL_A_602,0.99487708,0.98425859,0.037146614,0.23527183,0.00010056827,0,0.015406295
6ofr_BOG_A_801,6.755853e-09,0,0.031684067,0.21134163,0.023062997,0.13062262,0.10701073
6ofr_BOG_A_802,0,0.40612078,0.034650591,0.22245692,0.00027605543,0.28407338,0.26434533
6ofr_BOG_A_805,1.6278771e-08,0.15842019,0.032772434,0.21560368,2.2532843e-10,0.18730989,0.16481316
6ofr_BOG_A_806,1.7497465e-10,0,0,0.21133328,2.1324041e-05,0.13059113,0.10645062
6ofr_BOG_A_807,0.79017682,0,0.033428305,0.21996665,2.4961561e-07,0.0039349658,0
6oha_XAN_A_501,0.0021679904,0.08738534,0.032262847,0.21373129,0,0.16189478,0.13866925
6ooi_PGA_A_301,0.92030802,1,0.048353946,0.26360731,0.93821991,0.67153723,0.68629142
6ooi_PGA_B_301,0.98859826,0.93818754,0.043778585,0.24798694,0.96352225,0.56591291,0.071158905
6ooi_PGA_C_302,0,0.5185876,0.042660693,0.24014258,0.97204413,0.62615197,0.61582659
6ooi_PGA_F_301,0.99383737,1,0.046389174,0.26062405,0.5941182,0.59775368,0.58604062
6ooi_PGA_G_301,0,0.33706467,0.034922539,0.21357324,0.97590874,0.064093046,0.051679523
6ooi_PGA_H_302,0.98955924,0.9391981,0,0.24795899,0.92883191,0.082925709,0.53983538
6oph_6QB_A_401,0,0.32341747,0.032983376,0.21103635,0.5677005,0.037434439,0
6paf_O6A_A_509,0.98378176,0.96035018,0.037973332,0.23424247,0.36933115,0,0
6pdd_O9S_A_803,0.98388279,0.99039585,0.049538955,0.27738516,4.2141736e-09,0.93560443,0.98747259
6pk1_PLP_A_501,0.96975824,0.83355227,0.039463791,0.23355886,0.91508531,0.029800711,0.010868952
6pk1_PLP_B_501,0.9891685,0.84356186,0.039640251,0.23400119,0.93881311,0.029071978,0.010367014
6pmv_M16_A_803,7.8065312e-09,0.40612032,0.034649673,0.2224565,4.6073657e-06,0.28407136,0.26433704
6pn9_OU7_A_803,0,0.40612031,0.034649675,0.2224565,5.2374488e-06,0.28407136,0.26433706
6pn9_OU7_B_803,0.53555805,0.68328929,0.037395654,0.23397152,7.8365214e-11,0.26550663,0.24718742
6pna_M16_A_803,0.98512807,0.96987566,0.037218628,0.2354646,1.2825517e-06,0.049015791,0
6pna_M16_B_803,0.81867137,0.82980978,0.03884728,0.24005874,8.6516959e-07,0.25569273,0.23812168
6png_OSG_A_802,0.98981277,0.83954539,0.03635945,0.23220097,8.5792804e-06,0.014594352,1.0934366e-05
6png_OSG_A_803,0.21349137,0.51673198,0.035987358,0.22715679,0.071864658,0.27720565,0.25969382
6png_OSG_B_801,0.44401434,0.63612314,0.037343276,0.232192,0.12329537,0.26959751,0.25388172
6png_OSG_B_804,0.46300822,0.64574237,0.037023698,0.23241164,9.5026989e-06,0.26802158,0.24951088
6po9_OS7_A_803,0.26412292,0.54281264,0.03600391,0.2281354,8.3485485e-12,0.27491571,0.25587924
6po9_OS7_B_804,0.40392794,0.61516636,0.03672074,0.23114134,8.5416241e-12,0.27006948,0.25140244
6ps7_ZMA_A_1201,0,0.40612035,0.034649747,0.22245653,2.6371419e-05,0.28407152,0.26433771
6pvi_OZ7_A_501,0,0.40612031,0.034649658,0.22245649,0,0.28407132,0.2643369
6q4b_HHN_A_301,0.99333107,0.98043184,0.037270565,0.23530533,0.036972606,0.0032037636,0.018317198
6q4k_HHW_A_301,0.98913197,0.9802355,0.037109247,0.23511461,0.00049452879,0,0.015161987
6q4k_HHW_A_302,0.96633229,0.97261115,0.036997565,0.23465259,5.9196144e-05,0,0.015856969
6q4r_HJ5_A_1009,0,0.40612031,0.034649658,0.22245649,0,0.28407132,0.2643369
6qa7_HTW_A_901,0,0.32313983,0.03223035,0.21071428,0.34310385,0.036259409,0
6qaw_HVE_A_402,0,0.97889613,0.03645607,0.21973896,0.99028299,0,0
6qdb_HWQ_A_1003,0.98756333,0.83495014,0.036203439,0.2316546,7.572648e-09,0,0
6qde_HWW_A_502,0,0.40612031,0.034649658,0.22245649,0,0.28407132,0.2643369
6qde_HWW_A_503,0,0.40612031,0.034649658,0.22245649,0,0.28407132,0.2643369
6qhu_FAH_A_401,0.95298176,0.95389507,0.047715887,0.26149484,0.93570513,0.63294804,0.63294804
6qli_4LR_A_301,0,0.8430435,0.033522404,0.21878678,0.075820346,6.0738288e-05,0.085804002
6qni_GLC_A_402,0,0,0.031625009,0.21137531,3.0515154e-05,0.13140868,0.1072927
6qnj_GLC_A_402,0.98690736,0,0.033877364,0.22210558,2.8243893e-05,0,0
6qo4_97T_A_301,0.33094554,0.99258974,0.037693671,0.22494949,0.99576951,0.00093715661,0.00093734222
6qo4_97T_B_301,0.9439596,0,0.035658265,0.21787,0.99763953,0.00094619977,0.00094564925
6qol_JB5_A_301,0.99391945,0.99184126,0.037184127,0.23540501,0.00077986611,0,0.017045763
6qol_JB5_B_301,0.00073635277,0.99321922,0.034282235,0.22246503,0.00061054468,0.15406518,0
6qor_JBK_B_301,0.99780293,0.981224,0.037169511,0.2352504,0.010140233,0,0.014632114
6qot_6SD_A_301,0.99085635,0.83835494,0.039579802,0.2332398,0.9941742,0,0
6qqs_JCZ_A_301,0.53484623,0,0.034219844,0.21171412,0.99681659,0,0
6qqs_JCZ_B_301,0.92756935,0,0.033741884,0.22146045,6.3193828e-06,0,0
6qrn_RIP_A_500,0.026538018,0,0.033045612,0.2063946,0.97174706,0.051348744,0.05173119
6r0i_JNB_A_901,0.99443317,1,0.052405104,0.27711034,0.98931382,0.92053353,0.98906135
6r5o_BGC_A_801,0,0,0.044437001,0.24488737,0.98725877,0.93327511,0.93359819
6r5o_BGC_B_802,0.066333765,0,0.031776325,0.21209658,2.0561331e-06,0.1207084,0.096517393
6r6i_H50_A_201,0,0.78044657,0.033667675,0.21752371,0.23584167,0,0.075116136
6r73_LMP_A_301,0,0,0.03162493,0.21137536,0,0.13140973,0.10729307
6r7w_CIT_A_406,0.96275909,0.72064174,0.036591481,0.23212983,0.060461382,0.055174376,0.018641087
6rbo_JXQ_A_302,0.77378289,0.94318625,0.036244712,0.23142885,0.00037822043,7.5561634e-05,0.02893447
6rbr_JXN_A_302,0.98075432,0.95237674,0.036995542,0.23445445,0.019195882,0,0.010582227
6rbx_JYT_A_301,0.98338246,0.97331559,0.038628266,0.23441438,0.57371739,0,0
6rgg_K3Q_B_401,0.034880406,0,0.031751101,0.21172804,0.01816007,0.12516289,0.10140457
6rgg_K3Q_B_405,0.081699856,0,0.03261322,0.20496306,0.9848106,0.00022295567,0.00064653271
6rgr_RM4_A_402,0.054839278,0.38496391,0.035135693,0.21726612,0.70274651,0.1190003,0.1183336
6rgr_RM4_A_403,0.22235516,0.52159002,0.036568526,0.22758986,0.23026258,0.27807722,0.26424422
6rhc_K48_A_305,0.9953123,0.96944913,0.052714332,0.27810502,0.9896873,0.98979112,0.98957485
6rhk_K4B_A_302,0,0.31784513,0.033031372,0.21035017,0.6516732,0,0
6rlt_MLI_A_508,0.99526779,0.54215619,0.045084966,0.25527566,0.59734535,0.62902966,0.62911768
6rlt_MLI_B_511,0.96251104,0.38015543,0.044644395,0.25264753,0.66561134,0.64528093,0.63673615
6rq3_OUC_A_401,0.028560803,0.42090148,0.034796125,0.22307059,7.8062697e-06,0.28308134,0.26342257
6rum_TOP_A_301,0.99616858,0.9743454,0.039887644,0.23490132,0.95067302,0.0078148814,0.0077059447
6s23_KSW_A_402,0.22710281,0.97221637,0.034672114,0.22444045,2.0806847e-06,0,0.088580011
6s23_KSW_B_402,0.21864376,0.97933453,0.03468173,0.22446131,6.1288765e-06,0,0.090855475
6s37_SAL_A_601,0.99590925,0.9883116,0.041196643,0.24905732,0,0.31959997,0.32047915
6s39_K5Z_A_301,1.0010585e-05,0.97379937,0.036338768,0.21966117,0.95771196,4.2662101e-10,4.51464e-10
6s4h_KUQ_A_901,0.99250904,1,0.045456257,0.25782339,0.55387147,0.53144596,0.53725617
6s7u_KZK_A_501,0,0.40612031,0.034649658,0.22245649,3.3737824e-11,0.28407132,0.2643369
6s7u_KZK_C_501,0,0.32371666,0.033794836,0.21138343,0.80972588,0.038700652,0
6s9g_L1Q_A_305,0.99700611,1,0.052807104,0.27883887,0.95528941,0.99422471,0.99433744
6s9g_L1Q_A_306,0.94764216,0.81421004,0.036001628,0.23078438,0.0021964177,0.0011221725,0
6sds_L8N_A_302,0.98422833,0.98793427,0.039927465,0.2345959,0.99307996,0,0
6si4_LEK_B_402,0.95633218,0.90105382,0.039553146,0.2430186,9.7879364e-06,0.2509209,0.23371382
6sj8_44V_A_901,0,0,0.032153236,0.20373241,0.92708296,0,0
6sj8_44V_B_901,0.99360757,0,0.034514695,0.21864455,0.55474017,0,0
6sjs_THH_B_901,0.9801108,0,0.034971653,0.21841414,0.72588721,0,0
6sux_BEN_A_302,0.99755928,0.99561953,0.052925016,0.27882186,0.99563407,0.99569921,0.99528147
6sxr_KHP_A_506,0.97275358,0.94644052,0.037079421,0.23485099,0.0052276365,0.045836206,0
6sxr_KHP_A_507,0.98652342,0.93065747,0.039545762,0.23370149,0.94253946,0,0
6sxr_KHP_A_513,0,0.96611619,0.036353226,0.21953264,0.97360822,0,0
6syz_M1E_B_601,0,0.99006114,0.049436255,0.26384274,0.99566072,0.99583611,0.99606932
6szl_M3E_B_604,0.34560644,0.97528887,0.03765047,0.22484471,0.99260877,0,0
6szt_M4Q_A_601,0,0.30764856,0.033865131,0.21957996,0.0045914643,0.23980993,0.21893962
6szt_M4Q_B_601,0.037841621,0.98712058,0.034374329,0.22285513,0.0031281087,0.14909265,0
6t02_M5E_A_602,0.00016206908,0,0.031625301,0.21137712,2.5297171e-07,0.13138357,0.10726674
6t02_M5E_B_601,0,0.99082976,0.034521179,0.22235663,0.090342279,0.15228735,9.0031431e-05
6t07_M45_B_601,0.00023881849,0,0.031625926,0.2113777,0.00017573677,0.1313652,0.10725213
6t0a_M58_A_601,0.0026412827,0.99388745,0.034300585,0.22250154,0.0038696588,0.15394048,0
6t0a_M58_B_601,0.88004269,0,0.0336334,0.22094372,0,0,0
6t0m_GOZ_A_305,0,0.31765724,0.032561837,0.21014146,0.51246344,0,0.0056447652
6t10_M6Z_B_601,0,0,0.03162493,0.21137536,2.2701391e-10,0.13140973,0.10729307
6t5p_VD8_A_302,0.99121313,0.88937562,0.052358854,0.27672855,0.98868421,0.98949598,0.98963038
6t5p_VD8_B_302,0,0.97990153,0.036009012,0.21981063,0.83411429,0.00066477262,0.00065221674
6t5p_VD8_C_302,0,0.88272155,0.048938782,0.26195048,0.99362511,0.99255884,0.99316166
6t5p_VD8_D_302,0.99554728,0.96797953,0.052729846,0.27813521,0.99169574,0.9918212,0.98988526
6t9c_MX8_A_501,0,0.40612031,0.034649658,0.22245649,0,0.28407132,0.2643369
6tbx_N0Z_A_302,0,0.31673601,0.030849088,0.20936736,0.0057607347,0,0
6tbx_N0Z_B_302,0.99118029,0.83700912,0.036519486,0.23187029,0.087669676,0,0
6tbx_N0Z_C_303,0.99274841,0,0.033288535,0.21870136,0.13931925,0,0
6tfb_N6W_B_202,0.074752336,0.95043155,0.036620399,0.22038904,0.99839897,0,0
6tgi_N8Z_A_508,0.99346529,0,0.03394059,0.22214936,0.018848965,0,0
6tgl_LVP_B_201,0.98485135,0.98655078,0.037126476,0.2351778,1.9877009e-06,2.8920934e-07,0.016857153
6to7_SUV_A_401,0,0.9844912,0.037036026,0.22165567,0.9977419,0.13596845,0
6to7_SUV_B_401,0,0.98395451,0.037032275,0.22164582,0.99734801,0.13587517,0
6tof_NQE_A_201,0.99410309,0.98998999,0.037205569,2.8512982e-33,1.8441739e-07,0.04349247,0
6tog_NQH_A_201,0.97943118,0.99100723,0.039894665,0.23457614,0.98322104,0,0
6toj_NQQ_A_201,0.97418721,0.8319415,0.037790198,0.23250118,0.45164225,0.017260929,0
6tol_NQW_A_201,0,0.40612191,0.034652841,0.22245793,0.00094125083,0.28407833,0.26436563
6tor_PMP_A_504,0.98598829,0.8341241,0.036194888,0.2316191,0,2.8837284e-06,0
6tor_PMP_B_504,0,0.31700796,0.031500777,0.20965764,0.19892391,1.3793101e-07,1.423287e-07
6tot_NRK_B_401,8.9394841e-07,0.59374248,0.045406967,0.25101143,0.82665079,0.84677983,0.87590499
6tt4_FT8_A_709,0.99238354,0.83914658,0.039570501,0.23326631,0.98896537,0,0
6u30_PQM_A_501,0.88886852,0.96138617,0.036696868,0.23336624,0,0,0.02121085
6u6c_P1T_B_502,0.97466412,0.83284148,0.039558301,0.23326692,0.97823644,0.020006352,0
6u6c_P1T_F_805,0,0.3239271,0.034365609,0.21162755,0.97996394,0.039591293,0
6ufd_Q6D_A_305,0.99286006,0.97896061,0,0.23463037,0.58782142,0,0
6uo7_QCP_A_504,0.9840092,0.83453869,0.039133534,0.23290018,0.87318732,0,0
6uqd_QF4_B_501,0,0.9267378,0.03395059,0.22120333,1.4150074e-07,0.14178511,0
6ur0_ETM_A_401,0.75018752,0.76054029,0.035239888,0.22756839,0,0,0
6ur0_ETM_B_401,0.98154439,0.96809039,0.037034844,0.23477383,0.004351588,0,0.013497865
6uvj_QJ1_A_205,0.90871613,0.99132732,0.039648386,0.23352461,0.98269995,0,0
6uxr_K6G_B_202,0,0.89948728,0.03382891,0.22072955,0.00034241582,0.13755291,0.00094209117
6v9f_QTS_B_2001,0.99519611,0.99388312,0.038152631,0.23587623,0.2794519,0.047813232,0
6vei_9UO_B_502,0,0.32391977,0.034345729,0.21161905,0.97403451,0.039560271,0
6vlu_CIT_A_701,0.32936247,0.5216739,0.036155964,0.22887979,0.00025217842,0.26234484,0.24319864
6vmz_NAG_C_402,0,0,0.031626409,0.21137451,0.00057656782,0.13139005,0.10728601
6vmz_NAG_E_402,0,0,0.031624938,0.21137535,2.8668874e-06,0.13140963,0.10729304
6vmz_R3P_C_404,1.4709773e-07,0.95983833,0.034113723,0.22182671,0,0.1479418,0
6vmz_R3P_E_403,2.4401517e-07,0.94925063,0.034061542,0.22162732,0,0.14597248,0
6vo2_R67_A_403,0,0.85925299,0.033527065,0.21910583,0.04929356,0,0.088689951
6vv1_RMJ_A_501,0,0.97525195,0.034189766,0.22211697,2.8041633e-05,0.15080828,0
6w0x_S6J_A_301,0.96992206,0.83006132,0.03870817,0.23280883,0.7322208,0.018814517,1.1301253e-08
6w0x_S6J_B_301,0.98126651,0.8362386,0.039457112,0.23335518,0.93755264,0.019660904,6.2312273e-09
6wdv_TWM_A_701,0.9648928,0.86864687,0.039202841,0.23236396,0.94020952,0,0
6wdw_TWV_A_701,0,0.91347871,0.035666581,0.22054956,0.63457327,0.12878737,0
6wiw_I14_A_601,0.97131085,0.8300417,0.036695588,0.23197569,0.12974085,0.015634597,0
6wiw_I14_B_601,0.95102656,0.89830797,0.039525922,0.24290451,3.7073442e-06,0.25110477,0.23388353
6x9d_HYP_A_2002,0.97339818,0,0.03586533,0.21865333,0.9988529,0.0087299294,0.0087431302
6x9d_HYP_B_2002,0.96682013,1,0.05289428,0.2785951,0.99912904,0.99915074,0.99915038
6xeb_V1P_A_411,0,0.40613168,0.034672163,0.22246668,0.0066541823,0.28412084,0.26453998
6xim_XLS_B_397,0,0.45191636,0.038347118,0.22982196,0.52779664,0.4172419,0.4160084
6xim_XLS_C_397,0,0.40612031,0.034649658,0.22245649,0,0.28407132,0.2643369
6xim_XLS_D_397,0.99130531,0.92326608,0.041199978,0.2448839,0.38907336,0.26342687,0.26875162
6xp1_T2C_A_401,0.9852694,0.98470695,0.039857867,0.23456205,0.97282158,0,0
6xu3_GAB_B_402,0.0051727137,0.99025138,0.034311241,0.22246292,0.011252634,0.15288264,0
6xu3_PLG_B_401,0,0.62122422,0.046777895,0.25511639,0.88567603,0.92911106,0.96482165
6xu3_PLG_C_401,0.98334706,1,0.051331692,0.27346699,0.98537327,0.84750134,0.90618198
6xzx_O5H_A_302,0.86854814,0.98847073,0.039071428,0.23290176,0.83830471,0,0
6xzx_O5H_B_302,0.97270403,0.98645791,0.038981982,0.23445071,0.6876984,0,0
6yaw_P9H_A_301,0,0.38900249,0.034569134,0.22019268,0.19766221,0.23313113,0.21424433
6yaw_P9H_B_502,0,0.53658513,0.041940519,0.24224043,0.51745813,0.67526356,0.69172576
6yk5_PVK_A_312,0.99633508,0.84123551,0.039620627,0.23336845,0.99743363,0,0
6yk6_OUB_A_311,0.99551536,0.84080044,0.03960706,0.23334583,0.99473959,0,0
6ypv_AKG_A_302,0.99691914,0.95992978,0.039832543,0.23563569,0.85743381,0.0292738,0.029032794
6yta_IYZ_A_702,0.98236373,0.8367765,0.039368004,0.23333893,0.90923012,0.019490684,0
6zac_QDE_A_4000,0,0.31843157,0.034103518,0.21083527,0.96881303,0,0
6zi7_QR8_A_502,0,0.32398638,0.034421064,0.21165634,0.99600034,0.039793257,0.00012799026
6zi7_QR8_B_502,0.92980244,0.80944053,0.039375804,0.23229539,0.99513931,0.021003217,8.0185423e-06
6zi7_QR8_D_502,2.0707183e-06,0.90169411,0.033829164,0.2207313,0.00070660118,0.13711576,7.9558799e-07
6zjw_GAL_A_1101,0.99808136,0.95277401,0.037997016,0.23794656,0.016058939,0.074045983,0.079657581
6zjw_GAL_A_1102,0.080685273,0.99699921,0.034596717,0.22379461,0.00020239148,0.15013581,0.0039612279
7a2h_QX2_A_401,0,0.9754679,0.034114272,0.22181061,0.0031100341,0.010116723,0.12131044
7bp1_CAQ_A_401,0.99365204,0.99648061,0.052924601,0.27880051,0.99656832,0.996007,0.99601565
7bp1_CAQ_C_401,0.99441545,0.99556071,0.042453559,0.24322207,0.99411729,0.18936116,0.1892896
7bp1_CAQ_D_401,0.98569628,0.99593816,0.049956174,0.27882572,0,0.99569163,0.99569098
7bqu_EF2_A_501,0.78958698,0.99578968,0.039295067,0.23181479,0.99712986,0,0
7bzm_GIM_A_501,0.99316825,0.84724148,0.039152561,0.23269469,0.89535569,0.010523664,0
7bzm_GIM_B_501,0,0.8692706,0.035752201,0.21795904,0.90780873,0,0
7c7g_FJR_A_402,0.99076541,0,0.033890486,0.22214507,0.0017118082,0,0
7c7g_FJR_B_402,0.99153711,0.99128371,0.037182438,0.23536042,0.0037554411,0,0.017205606
7cne_SIN_A_402,0,0.73499798,0.032846022,0.21670862,0.032297775,0,0.063294694
7cwd_GLC_A_901,0,0.40614421,0.034696952,0.2224779,0.013983677,0.28417539,0.26476368
7est_0Z2_E_1,0.97246926,0.94813664,0.039553738,0.23377839,0.93689354,0,0
7jis_VBS_A_1101,0.99470933,0.84209873,0.036385393,0.23230919,0,0.014485874,0
7kje_NRD_A_405,0,0.40612031,0.034649658,0.22245649,0,0.28407132,0.2643369
7kjg_BTM_A_406,0.98037926,0.97567133,0.037232459,0.23550892,0,0.050579678,0
8cpp_TCM_A_422,0.078946401,0.99610981,0.034016526,0.22135918,0.043855689,0,0
8icd_ICT_A_418,0.86263823,0.93969954,0.036602256,0.2325989,0.03138311,0.0005452244,0.020323612
