PDB_CCD_ID,surfdock,unimol,diffdock,diffdock_l,gnina,autodock,smina
19gs_BSP_A_210,0.007388756,0.98557239,0.17898638,0.23270222,0.46232385,0.15536197,0.14382231
1a49_OXL_A_533,0.98958419,0.93781074,0.17300889,0.2425637,0.46107517,0.15089829,0.14108833
1a49_OXL_D_2333,0.99569192,0.96645288,0.079688375,0,9.8789352e-05,0.096613822,0.010623418
1a59_CIT_A_379,0,0.93714712,0.17890847,0.23281747,0.46228887,0.15547437,0.14329976
1a9r_HPA_A_290,0,0,0.17654789,0.23645645,0.46143638,0.15698837,0.13286656
1ac4_TMT_A_296,0,0.98176216,0.17902085,0.23264423,0.46232945,0.15540229,0.14379646
1aej_NVI_A_296,0.82686768,0.98628294,0.088337275,0,0.04936543,0.10177087,0.021857048
1aer_TIA_B_700,0,0,0.17654789,0.23645645,0.46143638,0.15698837,0.13286656
1aia_PMP_A_411,0.21621794,0,0.1752585,0.2385865,0.46117106,0.15598876,0.13238176
1aiq_CB3_A_266,0.93128278,0,0.17099431,0.2456309,0.46029362,0.15268291,0.13077846
1aiq_UMP_A_265,0.97899523,0.81022196,0.17275065,0.24295481,0.4609721,0.15115337,0.13969163
1aiq_UMP_B_266,0.96432939,0,0.17079724,0.24595646,0.46025307,0.15253013,0.13070436
1aj8_CIT_A_1000,0,0.93700491,0.17890811,0.23281802,0.46228874,0.1554746,0.14329818
1ajs_PLA_A_415,0.9487998,0.96056931,0.17330942,0.24207354,0.46114592,0.15105008,0.14143314
1amq_PMP_A_413,0,0,0.17654789,0.23645645,0.46143638,0.15698837,0.13286656
1anc_BEN_A_384,0.010602554,0.8829061,0.17870861,0.23313254,0.46222652,0.15551298,0.14267212
1aog_MAE_A_501,0.99516562,0.89660671,0.17287181,0.24277868,0.46103084,0.15093906,0.14061709
1aua_BOG_A_1,0,0,0.11242441,0,0.16813249,0.11975299,0.043042811
1aua_BOG_A_2,0.15718129,0,0.17561056,0.2380049,0.46124351,0.1562617,0.13251413
1axg_ETF_A_404,0,0.95193289,0.17894571,0.23276005,0.46230232,0.15545048,0.14346437
1axg_ETF_B_404,0.99135464,0.98447323,0.22773508,1.6435668e-48,0.9805795,0.18253037,0.21810048
1axg_ETF_C_404,0.99069673,0.96246439,0.17306435,0.24247893,0.46109623,0.15085332,0.1413603
1axg_ETF_D_404,0.41097855,0.97108532,0.17654314,0.23673441,0.46181543,0.15351952,0.14275611
1bcs_ARG_A_426,0,0,0.17654789,0.23645645,0.46143638,0.15698837,0.13286656
1bit_BEN_A_246,0.97175269,0.94326616,0.17312896,0.24236685,0.46110201,0.15097192,0.14118904
1bit_BEN_A_247,0.010075766,0.83814091,0.178599,0.23330117,0.46218644,0.15558773,0.14217494
1bo8_U_A_318,0.95434796,0,0.17085676,0.24585813,0.46026532,0.15257627,0.13072674
1bqp_MAN_B_401,0.97770897,0.96333196,0.17314399,0.24234761,0.46111296,0.15091196,0.14139908
1ca7_ENO_A_501,0,0.90604403,0.17883012,0.23293824,0.46226057,0.15552461,0.14295349
1ca7_ENO_C_701,0.97770249,0.90243739,0.17299064,0.242584,0.46105757,0.15101037,0.14072116
1cdk_MYR_A_403,0.97867701,0,0.17071168,0.2460978,0.46023546,0.15246379,0.13067219
1cdk_MYR_B_403,0.9745238,0.88011681,0.17295337,0.24263936,0.46104117,0.15106113,0.14047979
1cgk_NAR_A_390,0,0,0.17654789,0.23645645,0.46143638,0.15698837,0.13286656
1cib_HDA_A_437,0,0.93051469,0.17889176,0.23284322,0.46228283,0.15548508,0.14322592
1cib_IMP_A_440,0,0,0.17654789,0.23645645,0.46143638,0.15698837,0.13286656
1ck6_SHA_A_900,0.98848707,0.98775244,0.078591004,0,3.130899e-07,0.095920189,1.881675e-09
1cq1_BGC_B_455,0.66765475,0.94477314,0.17494621,0.2393652,0.46147654,0.15237538,0.14188766
1d3g_ORO_A_399,0.20925065,0,0.17530005,0.23851786,0.46117961,0.15602097,0.13239738
1d6u_HY1_A_2001,0.99426473,0.99667157,0.22999816,0,0.99548726,0.18380356,0.22138089
1d6u_PEA_A_2003,0.99015159,0.97472167,0.079734003,0,9.891639e-06,0.096621293,0.010716358
1d7a_AIR_A_300,0.67609753,0.96195378,0.17493914,0.23938166,0.46148181,0.15230859,0.14206
1d7a_AIR_B_350,0.95471767,0.88806388,0.1730915,0.24241338,0.4610727,0.15113986,0.14061268
1d7a_AIR_C_400,0,0.9257566,0.17887978,0.2328617,0.4622785,0.15549277,0.14317295
1d7a_AIR_D_450,0.97994517,0.91292722,0.17300369,0.24256536,0.46106436,0.15098306,0.14083291
1daf_DSD_A_225,0.87448279,0.98706643,0.080537053,0,0,0.097183826,0.011228287
1dai_DSD_A_225,0.89260721,0.98709623,0.080416239,0,0,0.097092549,0.011170036
1diw_GAL_A_1400,0,0.97379023,0.17900077,0.23267518,0.4623222,0.15541517,0.1437077
1dna_CB3_A_601,0,0,0.17654789,0.23645645,0.46143638,0.15698837,0.13286656
1dna_CB3_B_602,0.91066295,0,0.17111727,0.24542777,0.46031892,0.15277823,0.13082469
1dpm_EBP_A_900,0,0.74387868,0.17842164,0.23356794,0.46211306,0.1557866,0.14114811
1dpm_EBP_A_901,0.00036292408,0.9780366,0.1790093,0.23266227,0.46232562,0.15540663,0.14375416
1dpm_EBP_B_902,0.75421767,0.91797723,0.1743625,0.24032202,0.46134594,0.15201847,0.14139526
1duc_DUD_A_201,0.49790609,0,0.17357869,0.24136153,0.46082541,0.15468647,0.13175017
1dxy_COI_A_404,0.96684591,0.94556853,0.16458935,0.21683226,0.42190737,2.555098e-06,0.12922087
1dy3_87Y_A_201,0,0.97766173,0.17901052,0.23266015,0.46232572,0.15540891,0.14375081
1e26_GPB_A_208,0.61697191,0.98369541,0.26902153,0.51722936,0.90321794,0.20694198,0.27365215
1e2j_THM_A_500,0.98420793,0,0.1706787,0.24615229,0.46022868,0.15243822,0.13065979
1e2j_THM_B_500,0.98410595,0,0.17067931,0.24615129,0.4602288,0.1524387,0.13066002
1e2s_CSN_P_701,0.89353797,0.29911644,0.17197284,0.24409758,0.46061203,0.15237417,0.13419314
1e48_13P_P_302,0.85673679,0,0.17143886,0.24489652,0.46038509,0.15302754,0.13094561
1e5f_PLP_A_405,0.4238894,0,0.17402008,0.24063236,0.46091623,0.15502866,0.13191612
1e5f_PLP_B_405,0.39337695,0,0.17420204,0.24033177,0.46095367,0.15516973,0.13198454
1e7h_PLM_A_1007,0.99092652,0.96956467,0.07971355,0,0,0.096624391,0.010653226
1e8g_FCR_B_601,0.99606219,0.97599423,0.090002967,0,0.066671352,0.1025734,0.025145831
1e8m_P0H_A_724,0.97430306,0.88926204,0.99009784,0.19488167,0.22087112,0.14175806,0.11815856
1ei6_PPF_A_410,0.97993212,0.83340009,0.17280345,0.24287404,0.46099204,0.1511116,0.13994757
1ei6_PPF_C_413,0,0.85570918,0.17870333,0.23313369,0.46221479,0.15560593,0.14239311
1ei6_PPF_D_412,0.99636031,0.88534888,0.17283633,0.24283416,0.46101913,0.15095172,0.14048908
1eow_U2G_A_130,0,0,0.17654789,0.23645645,0.46143638,0.15698837,0.13286656
1euu_GAL_A_2,0.052775123,0.74695083,0.17811467,0.23407592,0.46205109,0.15553765,0.14106398
1eyw_PEL_A_404,0.0035114931,0.96758981,0.17896421,0.23273385,0.46231225,0.15540895,0.1436308
1eyw_TEN_A_403,0.98636349,0,0.17066584,0.24617353,0.46022603,0.15242826,0.13065496
1f5f_DHT_A_253,0.98975694,0.99476085,0.32726789,0.9890426,0.99767391,0.24029817,0.35761356
1fdk_GLE_A_150,0,0,0.17654789,0.23645645,0.46143638,0.15698837,0.13286656
1fds_EST_A_350,0.99721255,0.83103234,0.17269443,0.24305347,0.46096868,0.15103553,0.13988247
1fm8_DDC_A_501,1.2272612e-05,0.99245385,0.17904771,0.23260283,0.46233916,0.15538496,0.14391546
1foi_14W_A_810,0,0.99540042,0.1790552,0.23259127,0.46234186,0.15538026,0.14394829
1foi_14W_B_810,0,0.99301916,0.1790492,0.23260051,0.46233969,0.1553841,0.14392178
1fp2_HMO_A_2000,0,0.92100725,0.17886781,0.23288014,0.46227418,0.15550044,0.14312007
1fqo_F6R_B_2268,0.94851056,0.94831394,0.17328028,0.24211828,0.46113512,0.15107122,0.14129735
1fs5_16G_A_1267,0.22979798,0.97451995,0.16895297,0.20914821,0.42236005,4.6027592e-08,0.13104939
1fsa_F6P_A_338,0.98133986,0.91052122,0.17298931,0.24258845,0.46106046,0.1509805,0.140803
1fsa_F6P_B_338,0.96123392,0.97265526,0.3221616,0.95619859,0.9842941,0.23743417,0.35011785
1fuq_CIT_A_1001,0.7328087,0.89260135,0.17442625,0.24020965,0.46134913,0.15215844,0.14116075
1fuq_CIT_B_1002,0.42350044,0.9669304,0.176458,0.2368739,0.46179629,0.15346834,0.14268177
1fwn_PEP_A_1268,0,0.97246389,0.17899743,0.23268033,0.46232099,0.15541731,0.14369294
1fwn_PEP_B_2268,0.9953144,0.96362355,0.26255751,0.50867418,0.882534,0.20281123,0.26675701
1g4s_TPS_A_2001,0.98867079,0.9833517,0.22927758,5.9896447e-64,0.99070117,0.18343263,0.2202361
1g4s_TPS_B_2002,0,0.98254196,0.17902281,0.2326412,0.46233016,0.15540103,0.14380514
1g6n_CMP_A_621,5.0567369e-07,0.99572185,0.17905601,0.23259002,0.46234215,0.15537973,0.14395187
1g6n_CMP_B_622,0,0.99243928,0.17904774,0.23260277,0.46233916,0.15538504,0.14391532
1g6t_S3P_A_601,0.99198286,0.96177999,0.17305496,0.24249426,0.46109403,0.15084848,0.1413498
1g72_PQQ_A_701,0,0,0.17654789,0.23645645,0.46143638,0.15698837,0.13286656
1g72_PQQ_C_703,7.0264733e-06,0,0.17654785,0.23645651,0.46143637,0.15698834,0.13286654
1g79_PLP_A_260,8.7059167e-05,0.90095242,0.17881678,0.23295887,0.46225583,0.15553244,0.14289661
1g8z_GAL_D_104,0.94144543,0.97509055,0.080094346,0,0.00023796911,0.096885918,0.01092628
1g8z_GAL_G_104,0.99236488,0.95916607,0.1730461,0.24250817,0.46109118,0.15085094,0.14131984
1g8z_GAL_H_104,0.96352562,0.96128231,0.17322341,0.24221584,0.4611285,0.15098085,0.14140806
1gck_PLP_B_913,0,0,0.17654789,0.23645645,0.46143638,0.15698837,0.13286656
1gey_PPE_A_413,0,0.94881201,0.17893785,0.23277217,0.46229948,0.15545552,0.14342962
1gim_HDA_A_438,0,0.95115893,0.11489424,0,0.16933667,0.11825931,0.053735645
1gim_IMP_A_440,0,0,0.17654789,0.23645645,0.46143638,0.15698837,0.13286656
1giu_ADE_A_300,0.98646955,0,0.17066521,0.24617457,0.4602259,0.15242777,0.13065472
1gkc_NFH_A_1448,0.99085417,0.97566059,0,0.19396323,0.38653122,0.14135914,0.11866084
1gsi_TMP_A_1210,0.97981491,0,0.1707049,0.24610901,0.46023407,0.15245853,0.13066964
1gsq_GDN_A_203,0.73101184,0.95409597,0.081405893,0,1.0867999e-07,0.097956312,0.011317874
1gz5_G6P_A_901,0.70041485,0.97877921,0.081676213,0,1.6373853e-06,0.098072805,0.011697262
1gz5_G6P_B_901,0,0.9722514,0.17899689,0.23268116,0.4623208,0.15541765,0.14369057
1gz5_G6P_D_901,0.82702458,0.97549452,0.080822861,0,1.2766772e-06,0.097440478,0.011250627
1gz5_UDP_C_900,0.95703959,0.95589697,0.17324852,0.24217286,0.46113156,0.15101953,0.14136265
1gz5_UDP_D_900,0,0.96637626,0.17898209,0.23270397,0.46231546,0.15542715,0.14362516
1h0v_UN4_A_1299,0,0.93373407,0.17889987,0.23283072,0.46228576,0.15547988,0.14326176
1h18_DTL_A_9009,0.99448401,0,0.17061742,0.24625352,0.46021607,0.15239072,0.13063675
1h18_DTL_A_9010,0.99086552,0,0.170639,0.24621788,0.46022051,0.15240744,0.13064487
1h18_DTL_B_9009,0.99240068,0,0.17062984,0.246233,0.46021862,0.15240035,0.13064142
1h18_DTL_B_9010,0.97209303,0,0.17075094,0.24603294,0.46024354,0.15249423,0.13068696
1h18_PYR_A_1001,0,0.98341294,0.17902501,0.23263782,0.46233095,0.15539962,0.14381483
1h1i_QUE_A_1358,0.99344516,0.99337223,0.22984678,0,0.99450636,0.18372677,0.22113874
1h1i_QUE_B_1356,0.99406393,0,0.17061992,0.24624939,0.46021658,0.15239266,0.13063769
1h1i_QUE_D_1357,0.99102434,0,0.17063805,0.24621944,0.46022031,0.15240671,0.13064451
1h1m_KMP_A_1360,0,0.98834119,0.17903742,0.23261868,0.46233544,0.15539166,0.1438697
1h1m_KMP_B_1358,0,0.99018301,0.17904206,0.23261153,0.46233711,0.15538868,0.1438902
1h1m_KMP_C_1358,0,0.98772055,0.17032422,0.20673696,0.42250605,0,0.13166628
1h48_C5P_A_203,0.99086604,0.92561991,0.17297053,0.24262366,0.46106251,0.15091206,0.14094973
1h48_C5P_B_901,0,0.95327625,0.1789491,0.23275484,0.46230354,0.15544831,0.14347932
1h48_C5P_E_901,0.98758089,0.95238654,0.17305755,0.24248737,0.46109089,0.15088401,0.14125509
1h48_C5P_F_901,0.9961927,0.85419986,0.17275887,0.24295347,0.460991,0.15100282,0.14014268
1h48_CDI_A_201,0,0,0.17654789,0.23645645,0.46143638,0.15698837,0.13286656
1h48_CDI_B_902,0.90556716,0.96987863,0.27963952,0.55691585,0.96092771,0.21281528,0.29018414
1h48_CDI_C_902,0.89463906,0,0.17121283,0.24526991,0.46033859,0.15285231,0.13086062
1h48_CDI_F_902,0,0,0.17654789,0.23645645,0.46143638,0.15698837,0.13286656
1h48_GPP_C_904,0.96648463,0.051061276,0.17091301,0.24577942,0.46029687,0.15243767,0.13126799
1h48_GPP_E_904,0,0.83435966,0.17864956,0.23321659,0.46219536,0.15564042,0.14215543
1h5r_G1P_A_1294,0.56002045,0.4854717,0.17443117,0.24008817,0.46119071,0.15361504,0.13701561
1h5r_G1P_B_1294,0.9828736,0.94365805,0.17306363,0.24247488,0.46108872,0.15091987,0.14116847
1h5r_G1P_C_1294,0,0.97273598,0.17899811,0.23267927,0.46232124,0.15541687,0.14369597
1h5r_G1P_D_1294,0,0,0.17654789,0.23645645,0.46143638,0.15698837,0.13286656
1h5r_THM_A_1292,0.99569826,0,0.17061018,0.24626549,0.46021458,0.1523851,0.13063403
1h5r_THM_A_1293,0.98071657,0,0.17069952,0.2461179,0.46023296,0.15245437,0.13066762
1h5r_THM_B_1292,0.95763577,0,0.17083716,0.24589052,0.46026128,0.15256107,0.13071937
1h5r_THM_C_1292,0,0,0.17654789,0.23645645,0.46143638,0.15698837,0.13286656
1h5r_THM_C_1293,0,0,0.17654789,0.23645645,0.46143638,0.15698837,0.13286656
1h5r_THM_D_1292,0.98919434,0,0.17064896,0.24620141,0.46022256,0.15241517,0.13064861
1h5r_THM_D_1293,0.45179086,0,0.1738537,0.24090723,0.460882,0.15489967,0.13185356
1h69_ARH_A_1275,0,0,0.17654789,0.23645645,0.46143638,0.15698837,0.13286656
1h69_ARH_B_1275,0,0,0.17654789,0.23645645,0.46143638,0.15698837,0.13286656
1h69_ARH_C_1275,0,0,0.17654789,0.23645645,0.46143638,0.15698837,0.13286656
1h7q_TYD_A_1258,0.55942237,0,0.080018426,0,0.00012674876,0.10028665,0.0010702766
1h82_GZZ_A_590,0,0.94736517,0.17893421,0.23277779,0.46229816,0.15545786,0.14341352
1h82_GZZ_B_590,0.95906774,0.96076084,0.17324868,0.24217395,0.46113349,0.1510023,0.14141225
1h82_GZZ_C_590,0,0.95350798,0.17894968,0.23275394,0.46230375,0.15544793,0.1434819
1h8p_PC_A_1110,0,0.87982616,0.17876408,0.23304005,0.46223672,0.15556697,0.14266161
1h8p_PC_B_1110,0.98868054,0.91480008,0.17295631,0.24264415,0.46105535,0.15093965,0.14083418
1h8p_PC_B_1111,0,0.9354496,0.17890419,0.23282406,0.46228732,0.15547711,0.14328086
1hkn_N2M_D_5139,0.99528217,0.25884882,0.17126467,0.24525627,0.46045055,0.15196884,0.13351671
1ho5_ADN_A_1604,0.98369689,0.94587035,0.1730643,0.2424744,0.46108973,0.15091249,0.14119126
1ho5_ADN_B_2604,0.97807602,0.97888497,0.16922825,0.23054322,0.44305206,0.14859057,0.11377593
1hot_16G_A_269,0.00032804334,0.97630555,0.17900515,0.23266865,0.46232408,0.15540959,0.14373497
1hot_16G_B_271,0.27312227,0.968443,0.17735857,0.23538659,0.46198219,0.15416112,0.14303579
1hq2_PH2_A_181,0.99671125,0.96316756,0.17303026,0.24253545,0.46108949,0.15082438,0.14135464
1hsb_ALA_C_1,0,0,0.17654789,0.23645645,0.46143638,0.15698837,0.13286656
1hsr_BHO_A_800,0.99664928,0.99188539,0.17310296,0.24242333,0.46111569,0.15077827,0.1416745
1if4_FBS_A_555,0.99666889,0.98795365,0.17309294,0.24243879,0.46111209,0.15078453,0.14163068
1ij8_BNI_A_501,0.74154892,0.95511663,0.1745316,0.240053,0.46139527,0.15201704,0.14183713
1ij8_BNI_B_502,0.83194396,0.95623627,0.17399536,0.24093917,0.46128537,0.15159732,0.14164692
1iki_REY_A_400,0.85864645,0,0.17142747,0.24491533,0.46038275,0.15301871,0.13094132
1iri_E4P_A_601,0.99636509,0.95515978,0.17301215,0.24256313,0.46108263,0.15083892,0.14126627
1iri_E4P_B_602,0.98966565,0.95990547,0.17306405,0.24247871,0.46109517,0.15086222,0.14133413
1iri_E4P_C_603,0.99298605,0.96082443,0.17304657,0.24250785,0.46109193,0.15084539,0.14133691
1iri_E4P_D_604,0.99168967,0.97216147,0.17308286,0.24245106,0.46110383,0.15083307,0.14146603
1isx_XYP_A_1461,0.032025759,0.96506034,0.1787878,0.23302458,0.46227496,0.15528121,0.14353871
1isx_XYP_B_961,0.94605276,0.97208371,0.17335481,0.24200177,0.46115976,0.15104418,0.14156749
1itw_ICT_A_743,0.98770296,0.92865869,0.17299705,0.2425807,0.46106915,0.15092178,0.14099066
1itw_ICT_B_744,0,0.92113103,0.17886813,0.23287966,0.4622743,0.15550024,0.14312145
1itw_ICT_D_743,0.98668586,0.78255559,0.1726351,0.24313801,0.4609375,0.15116252,0.13936638
1iwe_IMP_A_460,0,0,0.15571805,0.17454779,0.36618629,0.14489633,0
1iwe_IMP_B_1443,0.97852813,0,0.17071257,0.24609634,0.46023565,0.15246448,0.13067253
1iwe_IMP_B_1452,0,0,0.17654789,0.23645645,0.46143638,0.15698837,0.13286656
1ixo_G3P_A_1001,0.86584543,0,0.17138454,0.24498625,0.46037392,0.15298543,0.13092518
1ixo_G3P_B_1002,0.83841247,0,0.17154813,0.244716,0.46040758,0.15311226,0.13098669
1ixo_G3P_D_1004,0,0,0.17654789,0.23645645,0.46143638,0.15698837,0.13286656
1j0n_CEG_A_780,0,0,0.17654789,0.23645645,0.46143638,0.15698837,0.13286656
1j0y_BGC_B_2601,0.9543416,0.98244992,0.17333149,0.24204317,0.46115902,0.15098911,0.14166431
1j0y_BGC_C_3601,0.99731894,0.97767278,0.17306317,0.24248511,0.46110194,0.15079814,0.14151477
1j0y_BGC_D_4601,0.99550916,0.9816682,0.17308403,0.24245177,0.46110779,0.15080005,0.14156331
1j3i_UMP_C_611,0.95413995,0,0.170858,0.24585608,0.46026557,0.15257723,0.13072721
1j3i_UMP_D_711,0.98312368,0,0.17068516,0.24614161,0.46023001,0.15244324,0.13066222
1j3i_WRA_A_609,0,0.99015522,0.17904199,0.23261163,0.46233709,0.15538873,0.14388989
1j3i_WRA_B_709,0.97842315,0.99489507,0.17321923,0.24223209,0.46114079,0.15085767,0.14174887
1j3k_UMP_C_611,0.98438715,0,0.17067763,0.24615406,0.46022846,0.1524374,0.13065939
1j3k_WRA_A_609,0.97624103,0.9934278,0.17322855,0.24221629,0.46114214,0.15087013,0.14173743
1j3k_WRA_B_709,0.98990463,0.99566085,0.17315269,0.24234222,0.4611274,0.15080335,0.14173165
1j54_TMP_A_2000,0.98734221,0,0.17066001,0.24618317,0.46022483,0.15242373,0.13065277
1ja9_PYQ_A_406,0,0.97089405,0.17899347,0.23268643,0.46231956,0.15541985,0.14367546
1jf0_CZH_A_197,2.1247351e-08,0.99184997,0.17904626,0.23260505,0.46233863,0.15538599,0.14390876
1jho_NIO_A_991,0.74250038,0.99493667,0.17462623,0.23990775,0.46143033,0.15194831,0.14227831
1jhv_NIO_A_991,0.74166281,0.99598565,0.17463387,0.23989543,0.46143231,0.15195049,0.14229187
1jhv_PCR_A_990,0.99831,0.99501148,0.17310093,0.24242755,0.4611165,0.15076554,0.14170558
1jl0_PUT_A_401,0.045505925,0.90215522,0.17854896,0.23340164,0.4622012,0.15532052,0.14280816
1jla_TNK_A_999,0.9910065,0,0.17063816,0.24621927,0.46022033,0.15240679,0.13064455
1jtk_THU_A_138,0,0.95567749,0.17895514,0.23274551,0.46230572,0.15544443,0.14350606
1jtk_THU_B_1138,0.98802818,0.96226708,0.24049346,0,0.96714939,0.96836954,0.23574962
1jw0_GUA_B_999,0,0.88972707,0.17878902,0.2330016,0.46224573,0.15555098,0.14277183
1jyw_147_A_2001,0.98575778,0.96233771,0.17309349,0.24243076,0.46110218,0.15087636,0.14136997
1jyw_147_C_2001,0.97471888,0.96856532,0.173175,0.24229783,0.46112139,0.15091733,0.14146405
1jyx_IPT_A_2001,0,0.97448388,0.17900252,0.23267249,0.46232283,0.15541405,0.14371543
1jyx_IPT_B_2001,0.98629703,0.96488624,0.17309669,0.24242618,0.46110383,0.15086975,0.14139713
1jyx_IPT_C_2001,0,0.98310258,0.17902423,0.23263902,0.46233067,0.15540012,0.14381138
1jyx_IPT_D_2001,0.99098755,0.9567982,0.17304834,0.2425038,0.46109072,0.15086113,0.14129657
1jyx_IPT_D_2002,0.00063084568,0.96610554,0.17897765,0.23271124,0.46231443,0.15542467,0.14362074
1k5s_GRO_B_601,0,0.96654426,0.17898252,0.23270332,0.46231561,0.15542687,0.14362704
1k8z_IAG_A_501,0.99442625,0.96225639,0.17304159,0.24251648,0.46109147,0.15083642,0.14134962
1kae_HSO_A_1001,0.97038463,0,0.17076113,0.24601611,0.46024564,0.15250213,0.13069079
1kar_HSM_A_502,0.0014684532,0,0.17653913,0.23647091,0.46143458,0.15698158,0.13286326
1kbq_936_A_703,0.99387654,0.98181182,0.17309412,0.24243513,0.46110993,0.15080736,0.14156857
1kbq_936_C_701,0.99192282,0.9607106,0.17305262,0.24249782,0.46109313,0.15085049,0.14133803
1kbq_936_D_702,0.98438844,0.98973226,0.17317065,0.2423109,0.46112878,0.15083843,0.14167802
1kdo_C_A_5407,0.96351685,0.97707829,0.17326325,0.24215442,0.46114288,0.15095537,0.14158394
1kep_TDX_A_3500,0.14504393,0,0.17568294,0.23788533,0.4612584,0.15631781,0.13254134
1kfc_IPL_A_674,0.99350644,0.94924874,0.17301431,0.24255792,0.46108076,0.15086168,0.14120687
1ki2_GA2_A_1,0.95137752,0,0.17087448,0.24582886,0.46026896,0.15259,0.1307334
1ki2_GA2_B_2,0.98928761,0,0.17064841,0.24620233,0.46022244,0.15241474,0.1306484
1klk_PMD_A_653,0.99428941,0.98386265,0.17309683,0.24243123,0.46111129,0.15080214,0.14159047
1klz_U_A_2001,0.96733147,0,0.17077934,0.24598603,0.46024939,0.15251625,0.13069763
1km6_OMP_A_2001,0.97817557,0,0.17071467,0.24609286,0.46023608,0.15246611,0.13067332
1knu_YPA_A_1001,0.5600377,0.72652695,0.17503829,0.23915225,0.46140995,0.15322554,0.13969923
1kuj_MMA_A_501,0.97735509,0.94941724,0.17311105,0.24239816,0.46110073,0.15093608,0.14124496
1kuj_MMA_C_502,0.99014569,0.94943352,0.17303481,0.2425241,0.46108505,0.15087692,0.14121647
1kuj_MMA_E_503,0.97973905,0.96051019,0.17312477,0.24237857,0.4611079,0.15090714,0.14136311
1kuj_MMA_G_504,0,0.96582449,0.1789807,0.23270611,0.46231495,0.15542804,0.14361902
1kwc_BPY_B_401,0.99651389,0.99116452,0.17310195,0.24242479,0.4611152,0.15078006,0.14166678
1kwu_MMA_A_501,0,0.95346127,0.17894956,0.23275412,0.46230371,0.15544801,0.14348138
1kwu_MMA_B_601,0.017913055,0.93323504,0.17879179,0.23300913,0.46226333,0.15539787,0.14321604
1kya_XYD_B_612,0.9916317,0.9752551,0.17309099,0.24243847,0.46110672,0.15082834,0.1415006
1kya_XYD_D_814,0.015163434,0.97004199,0.1789009,0.23283912,0.46230018,0.15535112,0.14363198
1l4f_150_A_990,0.99368633,0.98467331,0.17310247,0.24242214,0.46111277,0.15080362,0.14160085
1l4f_NCN_A_991,0.9681295,0.99178363,0.17327278,0.24214276,0.46115059,0.15091029,0.14173731
1l4n_NIO_A_991,0.76503037,0.99500638,0.17449205,0.24012943,0.46140274,0.15184404,0.14222857
1l5o_2MP_A_990,0.99710042,0.99368906,0.17310482,0.24242077,0.46111678,0.15077327,0.14169357
1l5o_NCN_A_991,0.96830921,0.9930576,0.17327492,0.24213958,0.46115153,0.1509074,0.14175109
1lc8_33P_A_800,0,0,0.17654789,0.23645645,0.46143638,0.15698837,0.13286656
1ldo_SNR_B_350,0.98395114,0.97356556,0.17313254,0.24236937,0.46111461,0.15086657,0.14149902
1lfw_AEP_A_683,0,0.96861445,0.17898773,0.23269528,0.46231749,0.15542353,0.14365008
1lnf_VAL_E_1321,0.98727058,0,0.17066043,0.24618246,0.46022492,0.15242406,0.13065293
1lo3_AN1_Y_500,0.99192112,0.97975166,0.17310059,0.24242386,0.46111045,0.15081973,0.14155001
1lqp_FCN_A_4002,0.99596532,0,0.17060858,0.24626812,0.46021425,0.15238387,0.13063343
1lqp_FCN_A_4004,0,0,0.17654789,0.23645645,0.46143638,0.15698837,0.13286656
1lqp_FCN_B_4001,0,0,0.17654789,0.23645645,0.46143638,0.15698837,0.13286656
1lro_PEP_A_1268,0,0.97226163,0.17899692,0.23268112,0.46232081,0.15541764,0.14369069
1lro_PEP_B_2268,0.0035607623,0.9731796,0.178978,0.23271263,0.46231727,0.15539969,0.14369292
1lti_GAL_D_104,0.99229857,0.92993194,0.17297285,0.24262103,0.46106467,0.15089847,0.14099453
1lti_GAL_E_104,0.99412383,0.96631519,0.17305361,0.24249774,0.46109553,0.15083126,0.14139549
1lti_GAL_H_104,0.98568147,0.95699148,0.17308047,0.24245077,0.46109741,0.15088535,0.14131062
1luq_BTN_A_5100,0.99249329,0,0.17062929,0.24623391,0.46021851,0.15239992,0.13064122
1luq_BTN_B_5200,0.98717775,0.96500406,0.17309173,0.2424344,0.46110286,0.15086549,0.14139647
1lzz_IHG_A_830,0.9916934,0.92919724,0.17297461,0.24261792,0.46106475,0.15090246,0.14098771
1lzz_IHG_B_1830,0.87990769,0.9348825,0.17365555,0.2414946,0.46120709,0.15141008,0.14130164
1m3u_KPL_A_265,0.42182256,0.84788602,0.17616815,0.23731962,0.46169006,0.15366842,0.14136022
1m3u_KPL_B_265,0.5774203,0.89648717,0.17536268,0.23866376,0.46154334,0.15287055,0.14155242
1m3u_KPL_C_265,0.63416872,0.88688332,0.17500008,0.23926011,0.46146497,0.15262371,0.14131826
1m3u_KPL_D_265,0.77151058,0.90010893,0.17421437,0.24056176,0.46130847,0.15196739,0.14115756
1m3u_KPL_E_265,0.99436588,0.96072578,0.17303809,0.24252183,0.46109015,0.15083917,0.14133272
1m3u_KPL_F_265,0.27282851,0.83831478,0.17703254,0.23588899,0.46186418,0.15437271,0.14158774
1m3u_KPL_H_265,0.2487361,0.87787079,0.17727585,0.23549804,0.46192973,0.15442018,0.14208213
1m3u_KPL_I_265,0.23320502,0.88935954,0.17739741,0.23530043,0.46195923,0.15447343,0.14224486
1m3u_KPL_J_265,0.99584105,0.93830312,0.17297281,0.24262343,0.46106794,0.15086857,0.14107978
1m7p_G3H_A_5401,0.99232306,0.97335821,0.17308209,0.24245265,0.46110415,0.1508282,0.14147794
1m7p_G3H_B_6401,0.98070982,0.96292308,0.078585652,0,0,0.096002529,0
1m9j_CLW_A_906,0.0010600658,0,0.17654157,0.23646689,0.46143508,0.15698347,0.13286418
1m9j_CLW_B_907,0.54462011,0,0.17330012,0.24182173,0.46076809,0.15447051,0.13164542
1mex_RAC_H_601,0.95570862,0.98557876,0.17333122,0.24204449,0.46116019,0.15097773,0.14169608
1ml4_PAL_A_385,0.98836746,0.96753583,0.17309102,0.24243629,0.4611037,0.1508559,0.14142198
1mmx_FUC_A_348,0.12276465,0.95600972,0.17822389,0.23395363,0.46215538,0.15487633,0.1432345
1mmx_FUC_B_348,0.084803449,0.92972479,0.17838406,0.23368172,0.46217805,0.1550943,0.14302698
1mmy_G6D_A_348,0.060535724,0,0.17618689,0.23705281,0.4613621,0.1567085,0.13273083
1moo_4MZ_A_264,0.055030513,0,0.17621972,0.23699857,0.46136885,0.15673395,0.13274317
1moo_4MZ_A_265,0.99139843,0,0.17063582,0.24622313,0.46021985,0.15240498,0.13064367
1mrj_ADN_A_300,0.99255623,0.98721051,0.1731156,0.24240116,0.46111646,0.15080475,0.14163163
1mrq_STR_A_501,0.98824881,0.97981706,0.17312266,0.24238743,0.46111502,0.1508366,0.14155898
1msv_PUT_B_355,0.93965909,0.91313909,0.17324446,0.24216767,0.46111399,0.15116896,0.1409256
1n1i_HIS_C_501,0.8243796,0,0.17163181,0.24457775,0.4604248,0.15317714,0.13101816
1n3o_GYP_A_1001,0,0.94680066,0.17893278,0.23277998,0.46229765,0.15545877,0.14340723
1n3o_GYP_B_1101,0.042341654,0.96103598,0.17871614,0.23314183,0.46225864,0.15524002,0.14347077
1n5i_TMP_A_217,0.98863951,0,0.17065227,0.24619595,0.46022324,0.15241774,0.13064986
1ne4_RP1_A_401,0.9695519,0.97117567,0.17321239,0.2422368,0.4611301,0.150937,0.14150469
1ne4_RP1_A_601,0,0.88313417,0.17877242,0.2330272,0.46223973,0.15556163,0.14269844
1nf0_13P_A_5001,0.99053029,0.9324785,0.17298981,0.24259372,0.46106916,0.15090253,0.14102684
1nf0_13P_B_1150,0,0,0.17654789,0.23645645,0.46143638,0.15698837,0.13286656
1ngp_NPA_H_302,0,0.95306656,0.17894857,0.23275565,0.46230335,0.15544865,0.14347699
1njr_XYL_A_285,0.9371685,0.83104973,0.17305254,0.24246189,0.46104237,0.1513131,0.14001729
1nme_159_B_9002,0.97329797,0.96439468,0.17317297,0.24230003,0.46111934,0.15093064,0.1414208
1nmm_NAG_B_403,0.98559406,0.97401938,0.17312389,0.24238379,0.461113,0.15085824,0.14150038
1nmm_NAG_D_527,0.97095362,0.97198781,0.17320608,0.24224745,0.46112912,0.15092921,0.14151059
1nmz_NYM_A_301,0.97243404,0,0.17074891,0.2460363,0.46024312,0.15249266,0.13068619
1now_IFG_A_557,0.93767286,0.98300879,0.1734323,0.24187679,0.46117998,0.15106527,0.14170791
1now_IFG_B_558,0.98726233,0.98739446,0.17314763,0.24234829,0.46112312,0.15082892,0.14164555
1nrg_PLP_A_320,8.6710282e-06,0.93683635,0.17890763,0.23281876,0.46228857,0.15547483,0.14329628
1ns4_BGC_A_1400,0.071644719,0,0.17612065,0.23716225,0.46134847,0.15665714,0.13270592
1nsm_GAL_A_1400,0.018743792,0,0.17643611,0.2366411,0.46141338,0.15690171,0.13282453
1nsm_GLA_B_2400,0.019248487,0.93132093,0.17877901,0.23302972,0.46225995,0.15539479,0.14319174
1nuw_F6P_A_2336,0,0.94570488,0.17893002,0.23278424,0.46229665,0.15546054,0.14339503
1nux_F6P_A_2339,0.9712401,0.96440473,0.17318527,0.24227972,0.46112187,0.15094014,0.14142553
1o28_UFP_A_703,0,0,0.17654789,0.23645645,0.46143638,0.15698837,0.13286656
1o28_UFP_B_708,0,0,0.17654789,0.23645645,0.46143638,0.15698837,0.13286656
1o28_UFP_C_713,0,0,0.17654789,0.23645645,0.46143638,0.15698837,0.13286656
1o28_UFP_D_718,9.5050001e-05,0,0.17654732,0.23645738,0.46143626,0.15698793,0.13286634
1o29_UFP_A_803,0.00012005399,0,0.17654718,0.23645763,0.46143623,0.15698781,0.13286629
1o29_UFP_B_808,0,0,0.17654789,0.23645645,0.46143638,0.15698837,0.13286656
1o29_UFP_C_813,0.0001942159,0,0.17654673,0.23645836,0.46143614,0.15698747,0.13286612
1o29_UFP_D_818,0,0,0.17654789,0.23645645,0.46143638,0.15698837,0.13286656
1o68_KIV_A_275,0.98739086,0.96902026,0.17310058,0.2424209,0.46110625,0.15085801,0.1414407
1o68_KIV_B_275,0.9921679,0.97842617,0.17309578,0.24243144,0.46110895,0.15082073,0.1415347
1o68_KIV_D_275,0.92939119,0.99160496,0.17350334,0.24176183,0.46119797,0.15108967,0.14182218
1o68_KIV_E_275,0.9968964,0.9215331,0.17292428,0.24269894,0.46105139,0.15089079,0.14089072
1o6g_SIN_A_724,0.96743382,0.91780026,0.17309057,0.24242319,0.46108415,0.15103303,0.14091522
1o8a_NXA_A_702,0.98983562,0,0.17064514,0.24620773,0.46022177,0.15241221,0.13064718
1okm_SAB_A_555,0.99019112,0.98194388,0.17311643,0.24239831,0.46111457,0.15082419,0.1415783
1om5_INE_A_790,0.00020521086,0.98684058,0.17903242,0.23262653,0.46233382,0.15539314,0.14385253
1ov5_2LP_A_403,0.99352793,0.99478198,0.17312887,0.24238133,0.46112216,0.15078802,0.14171374
1ovk_NYL_A_405,0.95630158,0.98703406,0.3273758,0.9959169,0.99258249,0.24042345,0.35750174
1owz_4FA_A_409,0.98487937,0.97461893,0.17312966,0.24237442,0.46111443,0.15086058,0.14150866
1oxp_IK2_A_411,0.96819645,0.94966152,0.17316628,0.24230698,0.46111219,0.15097803,0.14126822
1p1w_AMQ_A_428,0.99363753,0,0.17062247,0.24624518,0.46021711,0.15239463,0.13063865
1p1w_AMQ_B_427,0.99633263,0,0.17060639,0.24627174,0.4602138,0.15238217,0.13063261
1p2s_ETF_A_400,0.56003587,0.7009665,0.17497391,0.23925149,0.4613867,0.15326684,0.13941467
1p5g_G6P_X_658,0.98534318,0.89572445,0.17292817,0.24268534,0.46104209,0.15098589,0.14062929
1p7c_THM_B_501,0.98834238,0,0.17065404,0.24619302,0.4602236,0.15241911,0.13065052
1p7l_MET_A_485,0.98409624,0,0.17067936,0.24615119,0.46022881,0.15243874,0.13066004
1p7l_MET_B_385,0.97969341,0,0.17070562,0.24610782,0.46023422,0.1524591,0.13066992
1pbd_PAB_A_396,0.99647336,0.98465301,0.17308579,0.24244968,0.46110933,0.15079077,0.14159437
1pfw_MF3_A_553,0.98994574,0.99201225,0.17314326,0.24235679,0.46112403,0.15080906,0.14169094
1pke_2FD_C_448,0.99291476,0,0.17062678,0.24623806,0.46021799,0.15239797,0.13064027
1pl6_572_C_409,0,0.958854,0.17896315,0.23273318,0.46230861,0.1554393,0.14354142
1pl6_572_D_411,0,0.95630496,0.17895672,0.23274308,0.46230629,0.15544342,0.14351304
1pr0_NOS_A_1245,0,0,0.17654789,0.23645645,0.46143638,0.15698837,0.13286656
1pr0_NOS_B_1246,0,0,0.17654789,0.23645645,0.46143638,0.15698837,0.13286656
1pr0_NOS_C_1247,0.97562186,0,0.1707299,0.2460677,0.46023921,0.15247792,0.13067904
1pr6_XYA_A_1245,0.98852205,0,0.17065297,0.24619479,0.46022338,0.15241828,0.13065012
1pr6_XYA_B_1246,0.98677071,0,0.17066342,0.24617754,0.46022553,0.15242638,0.13065405
1pr6_XYA_C_1247,0.95218787,0,0.17086965,0.24583685,0.46026797,0.15258626,0.13073159
1pt8_OXL_A_802,0.99584749,0.94714412,0.17299505,0.24258916,0.46107597,0.15085426,0.14117819
1pt8_OXL_B_801,0.99860125,0.9804017,0.077627799,0,1.5654447e-06,9.9719391e-05,0.0078654895
1pwz_RSO_A_256,0.99704689,0.95304311,0.17300275,0.24257807,0.46107987,0.15083918,0.14124118
1pwz_RSO_B_256,0.9951624,0.93489993,0.17296829,0.24262996,0.46106568,0.15087721,0.14104342
1pym_OXL_A_1001,0.99587261,0.87602299,0.17281575,0.24286557,0.46101125,0.15096904,0.14038635
1pym_OXL_B_1002,0.9971198,0.92552503,0.172933,0.24268564,0.46105475,0.1508833,0.14093466
1q20_PLO_A_401,4.5957738e-07,0.98976784,0.17904101,0.23261314,0.46233673,0.15538935,0.14388558
1q22_AND_A_401,0.97766242,0.99136811,0.17321489,0.24223829,0.46113852,0.15086689,0.14171131
1q3a_NGH_A_480,0.99064438,0.85950608,0.17280532,0.2428782,0.46100264,0.1510199,0.14021419
1q3a_NGH_B_479,0.96675714,0.95346286,0.17318444,0.24227804,0.46111742,0.15097854,0.14131377
1q3a_NGH_C_481,0.94462054,0,0.17091477,0.2457623,0.46027725,0.15262124,0.13074856
1q4g_BFL_A_701,0.98606175,0.9863461,0.17315215,0.24234053,0.46112364,0.15083617,0.14163657
1q4g_BFL_B_1701,0.9911122,0.9888112,0.17312824,0.24238072,0.46111969,0.15080884,0.14165269
1q6r_LX1_A_7301,0.99215021,0,0.17063134,0.24623053,0.46021893,0.15240151,0.13064199
1q6r_LX1_B_9301,0.98713275,0,0.17066126,0.2461811,0.46022509,0.1524247,0.13065324
1q92_DRM_A_1001,0.98807652,0,0.17065563,0.2461904,0.46022393,0.15242034,0.13065112
1qit_MAE_A_411,0,0.85142394,0.17869254,0.23315033,0.46221089,0.15561286,0.14234541
1qjc_PNS_B_1163,0.57135051,0,0.17314072,0.24208506,0.46073529,0.15434693,0.13158549
1qmh_CIT_A_401,0,0.88300113,0.17877208,0.23302772,0.46223961,0.15556184,0.14269695
1qmh_CIT_B_401,0.95803441,0.89325502,0.1730848,0.2424259,0.46107335,0.15111614,0.14066303
1qxa_GLY_B_245,0.93014715,0.01303997,0.17103393,0.24556908,0.46030688,0.15266709,0.13092618
1r4f_AD3_B_330,0,0.28485877,0.17726542,0.23535033,0.46169551,0.15652817,0.13603787
1r4s_MUA_A_800,0.082806303,0.97175427,0.17850184,0.23349885,0.46221874,0.15503563,0.14349937
1rf2_BV4_D_104,0,0.9208132,0.17886732,0.23288089,0.46227401,0.15550075,0.14311791
1rf2_BV4_E_105,0,0.92698486,0.17888287,0.23285693,0.46227962,0.15549078,0.14318662
1rf2_BV4_F_106,0,0.93492764,0.17890288,0.23282609,0.46228685,0.15547795,0.14327505
1rf2_BV4_G_107,0.028399354,0.93442121,0.17873225,0.23310783,0.46225154,0.15534748,0.14320573
1rf2_BV4_H_108,0.022685385,0.95181606,0.17881014,0.23298399,0.46227437,0.15534579,0.1434122
1rnd_DGP_A_126,0,0,0.17654789,0.23645645,0.46143638,0.15698837,0.13286656
1rqh_PYR_A_602,0.47410252,0.94853187,0.1761099,0.23744384,0.46171746,0.15326412,0.14236348
1ruk_BEZ_H_601,0.99225605,0.96930848,0.17307229,0.24246771,0.46110054,0.15083506,0.141433
1rum_BEZ_H_1601,0.98712959,0.9750919,0.17311743,0.24239475,0.4611121,0.15084941,0.14150888
1rvt_NDG_H_742,0,0,0.16785395,0.21062497,0.42168856,0.0011155813,0.12069485
1rvz_NAG_A_3321,2.3336708e-05,0,0.17654775,0.23645668,0.46143635,0.15698826,0.1328665
1rvz_NAG_F_3331,8.6951221e-05,0.00015058308,0.17654775,0.23645672,0.46143641,0.15698772,0.13286804
1s1f_PIM_A_431,0,0,0.17654789,0.23645645,0.46143638,0.15698837,0.13286656
1s2c_FLF_A_2001,0,0.97556009,0.17900523,0.23266831,0.46232381,0.15541231,0.14372741
1s2c_FLF_A_2002,0,0.93205554,0.17889564,0.23283724,0.46228423,0.15548259,0.14324307
1s3u_TQD_A_187,0.5475266,0.98836486,0.17577238,0.2380125,0.4616636,0.15286032,0.14264231
1s5s_PG3_A_1,0.97213715,0.94968726,0.17314284,0.2423457,0.46110738,0.15095977,0.14125967
1s6h_4BZ_A_1,0.99692146,0.97821881,0.17306691,0.24247908,0.46110292,0.15079909,0.14152174
1sep_BIO_A_801,0,0,0.17654789,0.23645645,0.46143638,0.15698837,0.13286656
1sff_IK2_A_450,0,0.96971756,0.17899051,0.232691,0.46231849,0.15542175,0.14366236
1sff_IK2_B_450,0,0.96952305,0.17899002,0.23269175,0.46231832,0.15542206,0.1436602
1sff_IK2_D_450,0.98612264,0.97445498,0.17312183,0.24238731,0.46111275,0.1508551,0.14150405
1sjc_SMG_A_1000,0.93247286,0.93730527,0.17334819,0.24200303,0.46114479,0.15116315,0.14121075
1sjc_SMG_B_1100,0.97844694,0.93954584,0.17307967,0.24244724,0.46109041,0.15094698,0.14113262
1sjc_SMG_C_1200,0,0.93408809,0.17890076,0.23282935,0.46228608,0.15547931,0.1432657
1sjc_SMG_D_1300,0,0.95002002,0.17894089,0.23276748,0.46230058,0.15545357,0.14344307
1sqk_LAR_A_378,0,0,0.17654789,0.23645645,0.46143638,0.15698837,0.13286656
1sz6_NAG_A_5003,0,0,0.17654789,0.23645645,0.46143638,0.15698837,0.13286656
1sz6_NAG_B_5001,7.7799723e-05,0.9388798,0.17891237,0.23281151,0.46229035,0.15547121,0.14331887
1sz6_NAG_B_5004,6.220312e-05,0,0.17654752,0.23645706,0.4614363,0.15698808,0.13286642
1t5z_DHT_A_931,0.98484995,0.99363905,0.17317774,0.24230028,0.46113176,0.15082999,0.14172048
1t87_CAM_A_1422,0.082516203,0.98911503,0.1785473,0.23342858,0.46223489,0.15500892,0.1436933
1t87_CAM_B_2422,0.081808415,0.97759823,0.17852251,0.23346632,0.46222528,0.1550308,0.14356667
1t93_FLV_A_432,0.99533845,0.9833779,0.17308935,0.24244345,0.46110956,0.15079808,0.14158272
1tc2_7HP_A_800,0.99734029,0,0.17060038,0.24628166,0.46021256,0.15237751,0.13063035
1tc2_7HP_B_810,0.99836053,0,0.1705943,0.24629171,0.46021131,0.15237279,0.13062806
1tf8_TRP_A_911,0,0,0.17654789,0.23645645,0.46143638,0.15698837,0.13286656
1tf8_TRP_A_913,0,0,0.17654789,0.23645645,0.46143638,0.15698837,0.13286656
1thc_FL9_A_130,3.6158123e-07,0.92919813,0.17888844,0.23284834,0.46228164,0.15548721,0.14321126
1thc_FL9_A_131,0.0034077821,0.9819991,0.17900112,0.23267688,0.46232548,0.15538615,0.14379145
1thc_FL9_B_130,0,0.94444694,0.086256251,8.1366343e-24,1.7245159e-08,0.10165076,0.01357162
1thc_FL9_B_131,0.030091695,0.98618795,0.17885255,0.23292349,0.46229655,0.15525602,0.14377826
1tiw_TFB_A_2002,0.62811862,0.97161368,0.17524958,0.23887149,0.46154947,0.15251479,0.14227512
1tke_SER_A_500,0.69310183,0,0.17241467,0.24328448,0.46058589,0.15378405,0.1313125
1tkh_DPN_A_911,0,0.96400167,0.17897611,0.23271319,0.46231329,0.15543098,0.14359873
1tl2_NDG_A_237,0.98017459,0.96795077,0.17314092,0.24235397,0.46111413,0.1508931,0.14144497
1tl2_NDG_A_238,0.00028478674,0.95188419,0.17894389,0.23276305,0.46230192,0.15544924,0.14346319
1tl2_NDG_A_239,0.97786416,0.95421403,0.17312009,0.24238455,0.46110447,0.15092598,0.14129722
1tl2_NDG_A_241,0.98446654,0.96463607,0.17310697,0.24240912,0.46110585,0.15087862,0.14139845
1toq_AMG_A_501,0.99549451,0.95893793,0.17302686,0.24253989,0.46108714,0.15083684,0.14131028
1toq_AMG_C_502,0,0.92745487,0.17888405,0.2328551,0.46228005,0.15549002,0.14319186
1toq_AMG_G_504,0.9657646,0.94595247,0.17317144,0.24229743,0.4611118,0.15099526,0.14123238
1tsd_UMP_A_267,0.96169717,0,0.17081294,0.24593053,0.4602563,0.15254229,0.13071027
1tt6_DES_A_129,0.33418096,0,0.17455505,0.2397486,0.46102631,0.1554434,0.13211727
1tt6_DES_B_128,0.3116108,0,0.17468964,0.23952625,0.46105401,0.15554774,0.13216787
1tvw_CB3_A_318,0.18547571,0,0.17544183,0.23828364,0.46120879,0.15613089,0.13245069
1u18_HSM_A_401,0.88445605,0,0.17127355,0.24516959,0.46035108,0.15289939,0.13088345
1u18_HSM_B_402,0.99603017,0,6.6754921e-45,0.19829485,0.38639463,0.14300763,0.10801927
1u1g_BBB_A_3300,0,0.9690152,0,0.18333821,0.38637212,0.14577684,0.12038911
1u1g_BBB_B_4300,0,0.95564832,0.17895507,0.23274563,0.4623057,0.15544448,0.14350573
1u1g_BBB_C_5300,0,0.98152727,0.17902026,0.23264514,0.46232924,0.15540267,0.14379384
1u1g_BBB_E_7300,0,0,0.17654789,0.23645645,0.46143638,0.15698837,0.13286656
1u2o_NEC_A_1001,0.98248375,0.9842777,0.17316827,0.24231332,0.46112615,0.15085605,0.14162156
1u2o_NEC_B_1002,0,0.98398553,0.17902645,0.23263559,0.46233147,0.1553987,0.14382121
1uay_ADN_A_1001,0.96927504,0.97851728,0.17323253,0.24220556,0.46113712,0.15092642,0.14158705
1uay_ADN_B_1002,0.99461596,0.95467063,0.17302135,0.2425478,0.46108433,0.15084779,0.14126475
1ubs_SER_B_398,0.96313177,0.94124263,0.17317528,0.24228978,0.46111075,0.15101504,0.14118585
1uk7_BUA_A_1300,0.99759868,0.97235082,0.1730481,0.24250853,0.46109676,0.15080544,0.14145489
1um4_SH4_H_1001,0.95339115,0.98374385,0.17334042,0.24202879,0.46116137,0.15099141,0.14168085
1uqx_MMA_A_1116,0.90406872,0.92333776,0.17348239,0.24177745,0.46116694,0.15131703,0.14111894
1uux_PPI_A_1165,0.99515914,0.93079883,0.17295798,0.24264585,0.46106195,0.15088385,0.14099777
1uxi_FUM_A_1311,0,0.91529939,0.17885344,0.2329023,0.46226899,0.15550966,0.14305653
1uxq_G1P_A_1503,0.95994683,0.8249602,0.17290137,0.24270993,0.46100888,0.15121763,0.13989842
1v03_BGC_A_1498,0.91451413,0,0.17109431,0.24546571,0.4603142,0.15276043,0.13081606
1v3v_5OP_A_1360,0.94873098,0.98622764,0.17337447,0.24197323,0.46116934,0.15100895,0.14171895
1v3v_5OP_B_2360,0,0.98491371,0.17902879,0.23263199,0.46233232,0.1553972,0.14383154
1v5g_HTL_A_1602,0.17612155,0,0.17549761,0.23819149,0.46122026,0.15617413,0.13247166
1v5y_4HC_A_1455,0.99504592,0.98753036,0.17310155,0.24242444,0.4611137,0.15079272,0.14162961
1v5y_4HC_B_1201,0.0021852445,0.98407117,0.17901363,0.23265679,0.46232887,0.15538846,0.14381726
1vje_MSE_A_301,0.98028098,0.96711162,0.17313817,0.24235827,0.46111324,0.15089397,0.14143539
1vje_MSE_A_401,0.93868149,0.89802039,0.17321221,0.24221674,0.46110144,0.15119791,0.14075948
1vkf_CIT_A_501,0,0.86734174,0.17873264,0.23308852,0.46222537,0.15558714,0.14252262
1vkf_CIT_C_502,0.56003993,0.757633,0.17511663,0.23903148,0.46143824,0.15317528,0.14004553
1vkf_CIT_D_503,0.7903452,0.90373428,0.17411119,0.24073323,0.46128865,0.15187446,0.14115569
1vzd_CB3_A_318,0,0,0.17654789,0.23645645,0.46143638,0.15698837,0.13286656
1vzd_UFP_A_317,0.98543516,0,0.17067138,0.24616438,0.46022717,0.15243255,0.13065704
1vzu_UDP_B_2371,0.97566077,0.95794339,0.17314263,0.24234836,0.46111057,0.15093014,0.14134368
1w1a_NDG_1_1261,0,0.91813182,0.17886057,0.2328913,0.46227157,0.15550509,0.14308806
1w1a_NDG_2_1261,0.89520071,0.90850903,0.17349792,0.24174767,0.46116433,0.15138198,0.14097374
1w3t_3GR_A_1297,0.97712517,0.98621475,0.10427932,0.037323079,0.1335584,0.1108539,0.045105755
1w3t_3GR_B_1297,0.97220018,0.79823146,0.17276097,0.24293443,0.46096953,0.15120416,0.13957338
1w3t_3GR_D_1297,0.98036883,0,0.17070159,0.24611447,0.46023339,0.15245597,0.1306684
1w55_C_A_1372,1.4510704e-05,0.94860626,0.17893725,0.23277311,0.46229927,0.15545579,0.1434273
1w55_C_A_1373,0.9813245,0.9810874,0.17316715,0.24231428,0.46112467,0.15086656,0.14158864
1w62_PYC_A_700,0,0,0.17654789,0.23645645,0.46143638,0.15698837,0.13286656
1w78_PD8_A_1421,0,0,0.17654789,0.23645645,0.46143638,0.15698837,0.13286656
1wc7_PP3_A_1214,0,0.92140223,0.17886881,0.23287861,0.46227454,0.1554998,0.14312447
1wmz_A2G_B_502,0.95253956,0.9375668,0.17322918,0.2421997,0.4611204,0.15106995,0.14116867
1wmz_NGA_A_501,0.93263607,0.97061428,0.17343112,0.2418753,0.46117489,0.15110858,0.14158122
1wmz_NGA_C_503,0,0.96623915,0.17898175,0.2327045,0.46231533,0.15542737,0.14362364
1wmz_NGA_D_504,0.91030941,0.96748503,0.17355638,0.2416675,0.46119944,0.15121685,0.14159644
1wq4_TYR_A_501,0.98465747,0,0.17067602,0.24615672,0.46022813,0.15243615,0.13065879
1x09_IPE_A_902,0.90629933,0.88982967,0.17338468,0.24192954,0.46113372,0.15136085,0.1407409
1x29_PMG_A_413,0.97441557,0,0.17073709,0.24605582,0.46024069,0.1524835,0.13068175
1x2a_PDG_B_1413,0.33942192,0,0.17452379,0.23980023,0.46101988,0.15541917,0.13210551
1x7j_GEN_A_201,0.99605635,0.99433284,0.17311266,0.24240798,0.46111864,0.15077706,0.14170307
1x7j_GEN_B_202,0,0.99376865,0.17905109,0.2325976,0.46234037,0.15538289,0.14393012
1x82_PA5_A_301,0.96973567,0.95094844,0.17316034,0.24231715,0.46111148,0.15096883,0.14127909
1x8i_BMH_A_2,0.95697267,0,0.17084111,0.24588398,0.4602621,0.15256414,0.13072086
1xc7_GL6_A_998,0.95675401,0.97966028,0.17331008,0.24207777,0.46115352,0.15098246,0.14162785
1xdj_HCS_A_1049,0.99616954,0.98594286,0.17309085,0.24244168,0.46111087,0.15079009,0.14160942
1xdj_HCS_A_1050,0.97585257,0.91853185,0.17304221,0.24250328,0.46107448,0.15099292,0.14090449
1xid_ASC_A_389,0.9912334,0.89814863,0.17289915,0.24273396,0.46103707,0.15095475,0.14064308
1xin_XYL_B_397,0.98988845,0.97847839,0.17310951,0.24240878,0.46111179,0.15083119,0.1415404
1xin_XYL_C_397,0.98328384,0.97677191,0.1731446,0.24235034,0.46111834,0.15086448,0.14153621
1xin_XYL_D_397,0.98686733,0.98115463,0.17313427,0.24236863,0.46111793,0.15084083,0.14157697
1xkw_188_A_1001,0,0,0.17654789,0.23645645,0.46143638,0.15698837,0.13286656
1xl0_OX2_A_998,0.99585109,0.99262944,0.1731096,0.24241257,0.46111735,0.15078076,0.14168457
1xny_BTN_B_5602,0.96483152,0.96439152,0.17322345,0.24221664,0.46112972,0.15096979,0.14143975
1xuf_BAZ_A_246,0.56003202,0.64714897,0.17483837,0.23946044,0.46133776,0.1533538,0.13881553
1xuz_PEP_A_2001,0.9135682,0.84420816,0.17322642,0.2421783,0.4610833,0.15140095,0.1402167
1y2x_NAG_A_144,0,0.88494877,0.17877699,0.23302016,0.46224138,0.1555587,0.14271864
1y2x_NAG_B_1144,0,0.96207865,0.17897127,0.23272066,0.46231155,0.15543409,0.14357732
1y2x_NAG_D_3144,0.96231023,0.96230572,0.17323323,0.2421999,0.46113092,0.15098481,0.14142218
1y42_TYR_X_701,0.85924668,0.84976395,0.17356436,0.24162158,0.46115501,0.15164311,0.14040035
1y5v_NE8_A_500,0,0,0.17654789,0.23645645,0.46143638,0.15698837,0.13286656
1y5x_E89_A_500,0,0,0.17654789,0.23645645,0.46143638,0.15698837,0.13286656
1y5x_E89_D_1500,0,0,0.17654789,0.23645645,0.46143638,0.15698837,0.13286656
1y8j_STS_A_900,0.87107372,0,0.17135336,0.24503776,0.4603675,0.15296126,0.13091346
1yee_PNB_H_551,0.98948095,0.98016125,0.17311618,0.24239823,0.46111382,0.15083035,0.14156005
1yik_MM1_A_500,0.89632288,0,0.17120279,0.2452865,0.46033652,0.15284453,0.13085685
1yqc_GLV_A_1001,0.78960375,0.97675436,0.17429954,0.24044239,0.46135599,0.15175992,0.14197028
1yw9_A84_A_482,0,0.96938546,0.17898967,0.23269228,0.46231819,0.15542228,0.14365867
1z11_8MO_A_501,0.97855457,0.94629097,0.17309602,0.24242211,0.46109642,0.15093559,0.14120747
1z11_8MO_B_501,0.97544795,0.92397906,0.17305834,0.24247815,0.46107993,0.15098599,0.14096604
1z11_8MO_D_501,0.99423373,0.95399632,0.17302193,0.24254665,0.46108419,0.15085065,0.1412581
1z3n_3NA_A_320,0,0.98693705,0.17903388,0.23262413,0.46233416,0.15539393,0.14385407
1z4k_T3P_A_4341,0.99006705,0,0.17064376,0.24621001,0.46022149,0.15241114,0.13064666
1z6k_OAA_A_274,0,0.95013558,0.17894118,0.23276703,0.46230068,0.15545338,0.14344436
1z8p_DEB_A_420,0,0,0.17654789,0.23645645,0.46143638,0.15698837,0.13286656
1zb6_GST_A_502,0,0.91291662,0.17884743,0.23291156,0.46226682,0.15551351,0.14303
1zdq_MSM_B_1508,0.95106816,0.98801844,0.17336504,0.2419893,0.4611681,0.15099525,0.14173365
1zdq_MSM_C_1509,0.99417647,0.99510619,0.17312582,0.24238646,0.46112165,0.1507845,0.1417159
1zei_CRS_A_54,0.99802931,0.98369584,0.1730741,0.24246872,0.46110655,0.15078512,0.14158023
1zei_CRS_B_56,0.99702477,0.98598671,0.17308587,0.24244993,0.46110986,0.15078606,0.14160799
1zei_CRS_C_56,0.99600051,0.99193138,0.17310695,0.24241676,0.46111653,0.1507812,0.14167646
1zei_CRS_D_54,0.036488016,0.96964612,0.17877274,0.23305073,0.46227366,0.15525317,0.14357976
1zei_CRS_E_54,0.99604346,0.98713007,0.1730946,0.24243582,0.46111211,0.15078875,0.14162292
1zei_CRS_F_54,0.99545588,0.99076024,0.17310725,0.24241594,0.46111613,0.15078561,0.14166465
1zei_CRS_F_55,0.24575348,0.98633146,0.17756684,0.2350475,0.46203205,0.15425875,0.1432963
1zfj_IMP_A_500,0.98325547,0,0,0.19815749,0.38639259,0.14306444,0.10804249
1zg3_2HI_A_365,0.80538256,0.98039737,0.17421462,0.24058369,0.46133994,0.15168109,0.14197545
1zgj_P1S_A_0,0,0.98577978,0.17903097,0.23262862,0.46233311,0.1553958,0.14384118
1zha_PEP_A_1268,0.99620821,0.97795636,0.17307051,0.24247307,0.46110356,0.15080281,0.14152042
1zha_R5P_A_1269,0.51672359,0,0.17346648,0.24154691,0.46080232,0.15459948,0.13170797
1zk0_SS2_A_1260,0.78316205,0.96934391,0.17431929,0.2404077,0.46135715,0.15180167,0.14190222
1zmt_RNO_B_1001,0.98887301,0.96317512,0.17307702,0.2424582,0.46109912,0.1508606,0.1413723
1zmt_RNO_C_1003,0.00013013306,0,0.17654712,0.23645773,0.46143622,0.15698777,0.13286626
1zmt_RNO_D_1004,0,0.95191147,0.17894566,0.23276014,0.4623023,0.15545051,0.14346413
1zng_HE4_A_202,0.98427394,0.96792676,0.17311641,0.24239444,0.46110908,0.15087419,0.14143552
1zoy_UQ1_B_1201,0.99492405,0.96770075,0.17305233,0.24250024,0.46109581,0.15082532,0.14140912
1zpd_CIT_B_610,0,0.91502785,0.17885275,0.23290336,0.46226875,0.1555101,0.14305351
1zpd_CIT_F_610,0.89851557,0.93843822,0.17355354,0.24166411,0.46118749,0.1513183,0.14129951
1zuw_DGL_A_1301,0.0022358184,0.98705009,0.17902084,0.23264572,0.46233152,0.15538341,0.14385031
1zuw_DGL_B_2301,0.0010481364,0.98594309,0.17902513,0.23263832,0.46233197,0.15539069,0.14384065
2a0x_DIH_A_300,0.11576265,0,0.17585756,0.23759687,0.46129433,0.15645318,0.132607
2a15_NCA_A_1001,0.94465878,0.98346168,0.17339178,0.24194386,0.46117182,0.15103224,0.14169729
2a1m_CAM_A_1422,0.50253516,0.9879787,0.17603971,0.23757077,0.46171845,0.15306895,0.14273889
2a1m_CAM_B_2422,0,0.99117567,0.17904456,0.23260767,0.46233801,0.15538708,0.14390126
2a5t_GLY_A_1001,0,0,0.17654789,0.23645645,0.46143638,0.15698837,0.13286656
2a9z_26A_A_1002,0.9726906,0.98943181,0.17323966,0.24219683,0.46114286,0.150893,0.1417009
2agw_TSS_D_3001,0,0,0.17654789,0.23645645,0.46143638,0.15698837,0.13286656
2agw_TSS_H_2001,0,0,0.17654789,0.23645645,0.46143638,0.15698837,0.13286656
2ahc_VNL_B_266,0.99686779,0.96299562,0.17302889,0.24253766,0.46108914,0.15082393,0.14135238
2ahc_VNL_C_366,0.99217359,0.99022294,0.17312547,0.24238569,0.46111967,0.15080165,0.14166602
2ahc_VNL_D_466,0.99549928,0,0.17061136,0.24626353,0.46021482,0.15238602,0.13063448
2aiq_BEN_A_401,0.98927238,0.98338686,0.17312555,0.24238365,0.46111701,0.15082611,0.14159642
2as1_TP5_A_500,0.84014149,0.99355835,0.17404049,0.24087501,0.46130926,0.15149913,0.14204404
2b04_CHO_A_200,0,0,0.17654789,0.23645645,0.46143638,0.15698837,0.13286656
2b3f_GAL_A_3310,0,0.9895783,0.17904054,0.23261388,0.46233656,0.15538966,0.14388347
2b3f_GAL_C_3312,0,0.98916431,0.17903949,0.23261548,0.46233618,0.15539033,0.14387886
2b3f_GAL_D_3313,0,0.98832846,0.17903739,0.23261873,0.46233542,0.15539168,0.14386956
2b3f_GAL_E_3314,0,0.99032772,0.17904242,0.23261097,0.46233724,0.15538845,0.14389181
2b3f_GAL_F_3315,0.94250889,0.98768118,0.17341523,0.24190629,0.4611783,0.15103536,0.14174908
2bdg_PBZ_A_301,0.99473734,0.99621974,0.17312528,0.24238766,0.46112198,0.15078011,0.14172704
2bdg_PBZ_B_302,0.99058278,0.99566928,0.17314867,0.24234887,0.46112658,0.1508002,0.14173023
2bf7_HBI_A_1290,0,0,0.17654789,0.23645645,0.46143638,0.15698837,0.13286656
2bf7_HBI_B_1290,0,0,0.17654789,0.23645645,0.46143638,0.15698837,0.13286656
2bf7_HBI_C_1290,0,0,0.17654789,0.23645645,0.46143638,0.15698837,0.13286656
2bf7_HBI_D_1290,0,0,0.17654789,0.23645645,0.46143638,0.15698837,0.13286656
2bgc_DTT_F_1238,0.36626258,0,0.17436373,0.24006465,0.46098695,0.15529508,0.13204533
2bjf_DXC_A_330,0,0.98847693,0.17903776,0.23261815,0.46233556,0.15539144,0.14387121
2bk3_FOF_A_1503,0.91868267,0.9905141,0.17356445,0.24166057,0.46121011,0.15114094,0.14183405
2bk3_FOF_B_1498,0,0.98677395,0.17903347,0.23262476,0.46233401,0.15539419,0.14385225
2brk_CMF_A_1534,0,0,0.17654789,0.23645645,0.46143638,0.15698837,0.13286656
2bs3_CIT_A_1657,0,0.98364729,0.1790256,0.23263691,0.46233117,0.15539924,0.14381744
2bs8_NAG_A_1177,0.91733601,0.87833032,0.1732899,0.24208292,0.46110972,0.1513284,0.14058813
2bxh_IOS_A_1001,0.99680824,0.98585939,0.17308684,0.24244829,0.46111001,0.15078727,0.14160705
2bxh_IOS_A_1002,0.21960481,0,0.17523831,0.23861986,0.46116691,0.1559731,0.13237416
2bxh_IOS_B_1002,0.00019830868,0.92637842,0.17888016,0.23286124,0.46227883,0.15549085,0.14317943
2c3d_COM_A_1525,0.99153815,0.96119892,0.17305615,0.24249213,0.46109405,0.15085148,0.14134433
2c3d_COM_A_1526,0.97782818,0.97824818,0.17318085,0.24229087,0.46112638,0.15088732,0.14156488
2c3d_COM_B_1525,0.97631434,0.94499902,0.17310613,0.24240506,0.46109799,0.15094803,0.14119811
2c3d_COM_B_1526,0.98382622,0.9832389,0.17315765,0.24233058,0.46112356,0.15085152,0.14160699
2c5b_5F1_A_500,0,0,0.17654789,0.23645645,0.46143638,0.15698837,0.13286656
2c5b_5F1_B_500,0,0,0.17654789,0.23645645,0.46143638,0.15698837,0.13286656
2c5b_5F1_C_500,0,0,0.17654789,0.23645645,0.46143638,0.15698837,0.13286656
2c6q_IMP_A_1337,0.95838321,0,0.2098683,0,0.93292619,0.17522987,0
2c6q_IMP_B_1339,0,0,0.17654789,0.23645645,0.46143638,0.15698837,0.13286656
2c6q_IMP_C_1337,0.99548347,0,0.17061146,0.24626337,0.46021484,0.1523861,0.13063451
2c6q_IMP_F_1337,0.9927371,0,0.15003428,0.18502981,0.36604849,0.14044391,0
2c6q_IMP_G_1338,0.99621839,0,0.17060708,0.24627061,0.46021394,0.1523827,0.13063286
2ci0_1CM_A_1450,2.7426361e-05,0,0.11242417,9.768287e-28,0.16813209,0.11975282,0.043042638
2cjz_PTR_A_1537,0.56002357,0.52913761,0.17454115,0.23991863,0.46123043,0.15354448,0.13750174
2coj_GBN_A_420,0.99037458,0.99189584,0.17314041,0.24236147,0.4611234,0.15080726,0.14168868
2coj_GBN_B_420,0.99002875,0.98307273,0.17312025,0.24239232,0.4611158,0.15082312,0.14159123
2cxp_A5P_A_1601,0.99396606,0.96801873,0.17305885,0.24248957,0.46109727,0.15082923,0.14141481
2d0e_NQ_A_409,0.02018451,0.96322172,0.17885378,0.23291506,0.46228782,0.15533893,0.14354479
2d0e_NQ_A_410,0.99111416,0.98804439,0.1731263,0.24238371,0.46111899,0.15081007,0.14164415
2d1j_D01_A_700,0.56002895,0.6042025,0.1747302,0.23962719,0.4612987,0.1534232,0.13833742
2d3n_GLC_A_608,0.013895512,0.93914262,0.17883063,0.23294661,0.46227363,0.1554069,0.14329082
2dcf_ACA_A_501,9.6187547e-07,0.97065714,0.17899287,0.23268736,0.46231935,0.15542022,0.14367282
2dm5_ODI_A_312,0,0.96308835,0.17897381,0.23271674,0.46231246,0.15543246,0.14358856
2e1a_MSE_D_301,0.98007347,0.96764968,0.17314076,0.24235414,0.46111398,0.15089406,0.14144185
2e40_LGC_A_1001,0.9583643,0.00092158409,0.17083513,0.24589411,0.46026123,0.15255621,0.130728
2e40_LGC_B_2001,0,0,0.11242441,0,0.16813249,0.11975299,0.043042811
2e56_MYR_A_501,0.65949861,0.92168717,0.17493669,0.2393745,0.46146554,0.15245038,0.14164893
2e56_MYR_A_601,0,0.89674376,0.1788067,0.23297436,0.46225211,0.15553964,0.14284995
2e56_MYR_A_701,0.9766597,0.96573115,0.17315629,0.24232796,0.46111643,0.15091294,0.14142814
2eb5_OXL_A_2001,0.98917454,0.839325,0.17276325,0.24294209,0.46098608,0.1510593,0.13999281
2eb5_OXL_B_2002,0.98365441,0.96461801,0.17311177,0.24240119,0.46110683,0.1508824,0.14140007
2eb5_OXL_C_2003,0.98853298,0.96425191,0.17308176,0.24245067,0.46110051,0.15086044,0.14138505
2eb5_OXL_D_2004,0.99310695,0.95054763,0.17301996,0.24254895,0.46108243,0.15086143,0.14122223
2ef9_A5P_A_1269,0,0,0.17654789,0.23645645,0.46143638,0.15698837,0.13286656
2ef9_A5P_B_2269,0.96285241,0,0.17080605,0.24594191,0.46025488,0.15253695,0.13070768
2ef9_PEP_A_1268,0.99276944,0.97739451,0.1730896,0.24244137,0.46110727,0.15081962,0.14152187
2ei7_D93_A_700,0,0,0.17654789,0.23645645,0.46143638,0.15698837,0.13286656
2eup_LG4_A_400,0.99484732,0.98113768,0.17308664,0.24244731,0.46110812,0.15080397,0.14155888
2euq_BVC_A_401,0.56003599,0.70256923,0.17497795,0.23924527,0.46138816,0.15326425,0.13943251
2eus_ABN_A_400,0.9957896,0.99203182,0.17310846,0.24241429,0.46111688,0.15078201,0.14167806
2evd_D10_A_304,0.97933701,0.95994292,0.17312574,0.24237681,0.46110788,0.15090991,0.1413577
2ex1_C5P_A_1427,0,0.98395765,0.17902638,0.2326357,0.46233145,0.15539874,0.1438209
2exs_TRP_B_2100,0,0,0.17654789,0.23645645,0.46143638,0.15698837,0.13286656
2f64_12Q_A_472,0,1.3388283e-33,0.17654789,0.23645645,0.46143638,0.15698837,0.13286656
2f64_12Q_B_471,0.0054556519,1.1648884e-33,0.17651536,0.23651019,0.46142969,0.15696315,0.13285432
2f78_BEZ_A_1001,0.99520585,0.98845297,0.17310292,0.24242243,0.46111434,0.15079049,0.14163952
2f78_BEZ_A_1003,0.039227747,0.99297058,0.17881515,0.23298715,0.46229151,0.15520283,0.14383328
2f78_BEZ_B_1002,0.99407507,0.9960496,0.1731288,0.2423818,0.46112264,0.15078344,0.14172663
2f78_BEZ_B_1004,0,0.99145624,0.17904527,0.23260658,0.46233827,0.15538663,0.14390438
2f7x_4EA_E_351,0.97317141,0.96053476,0.173164,0.24231377,0.46111598,0.15093746,0.14137811
2fc0_DGP_A_239,0.0015877382,0,0.16778173,0.21045415,0.42139969,0,0.12060343
2fcu_AKG_B_898,0.9951317,0.9798058,0.079747493,0,0.00022896457,0.096607697,0.010804347
2fhk_MFN_A_600,0,0,0.17654789,0.23645645,0.46143638,0.15698837,0.13286656
2fhk_MFN_C_601,0.80400458,0.97345808,0.17420536,0.24059706,0.46133532,0.15169867,0.14190129
2fhn_BNI_X_501,0.97362038,0.96658839,0.17317657,0.24229469,0.46112094,0.15092561,0.1414445
2fhn_BNI_Y_502,0,0.95546413,0.17895461,0.23274634,0.46230553,0.15544477,0.14350368
2fib_GLY_B_2,0,0,0.17654789,0.23645645,0.46143638,0.15698837,0.13286656
2fkm_G16_X_464,5.105696e-06,0.32133086,0.08459236,0,7.0294861e-06,0.10260265,0.0065023782
2fpu_HSO_B_509,0.86161198,0,0.17140978,0.24494455,0.46037911,0.153005,0.13093467
2fr6_CTN_A_1001,0.97399279,0.98471502,0.17322001,0.24222797,0.46113697,0.1508946,0.14164547
2fr6_CTN_C_1003,0.99263193,0,0.17062846,0.24623528,0.46021834,0.15239928,0.13064091
2fr6_CTN_D_1004,0.99356225,0.98414229,0.17310187,0.24242298,0.46111243,0.15080505,0.14159522
2fu9_MP2_A_1410,0.98379741,0.98259031,0.17315619,0.24233281,0.461123,0.1508527,0.14159983
2fu9_MP2_B_2410,0.93812531,0.99086491,0.17344939,0.24185074,0.46118658,0.15105049,0.14179436
2fyd_BGC_D_530,0,0.98317917,0.17902442,0.23263872,0.46233074,0.1554,0.14381223
2fyd_NGA_B_404,0.56001944,0.47133659,0.17439557,0.24014305,0.46117786,0.15363788,0.13685825
2fz8_ZST_A_600,0,0.97630949,0.17900711,0.2326654,0.46232449,0.1554111,0.14373575
2fzb_TOL_A_600,0.8933844,0.99113834,0.17371689,0.24140892,0.46124172,0.15125689,0.14189772
2fzb_TOL_A_700,0.87667258,0.98333428,0.17379689,0.24127459,0.46125513,0.15134676,0.14184831
2fzb_TOL_A_900,0,0.96631681,0.17898194,0.2327042,0.4623154,0.15542724,0.1436245
2g21_L1B_B_985,0.98792541,0.9871289,0.17314301,0.24235585,0.46112207,0.15082629,0.1416411
2g5v_22M_A_301,0,0.98495266,0.17902889,0.23263184,0.46233235,0.15539713,0.14383197
2g8t_MI2_A_401,0,0,0.17654789,0.23645645,0.46143638,0.15698837,0.13286656
2g9z_VNP_B_601,0,0.91507657,0.17885287,0.23290317,0.46226879,0.15551002,0.14305405
2giq_NN2_A_1001,0.99421199,0.97800861,0.17308254,0.2424532,0.46110606,0.15081196,0.14152547
2giq_NN2_B_2001,0.98879051,0.9778921,0.17311458,0.24240024,0.4611126,0.15083721,0.14153633
2gn2_C5P_A_400,0,0.96464922,0.17897774,0.23271068,0.46231388,0.15542994,0.14360594
2gue_NAG_B_122,0,0.01964754,0.17659738,0.23638015,0.46145425,0.15695663,0.13308529
2gx5_PCG_C_514,0.85691377,0,0.1714378,0.24489826,0.46038488,0.15302672,0.13094521
2gyv_HBP_A_1409,0,0.084249576,0.17676011,0.2361293,0.46151302,0.15685226,0.1338045
2gyv_HBP_B_545,0,0.95798112,0.17896095,0.23273657,0.46230782,0.15544071,0.1435317
2gyw_OBI_A_952,0.98696586,0.97968827,0.17312999,0.24237529,0.46111648,0.15084274,0.14156042
2gyw_OBI_B_953,0.95715683,0.9726299,0.17328997,0.24210904,0.46114663,0.15099196,0.14154868
2gzm_DGL_B_502,0,0.98339294,0.17902496,0.23263789,0.46233093,0.15539965,0.14381461
2gzm_DGL_C_503,0,0.98808556,0.17903678,0.23261967,0.4623352,0.15539207,0.14386685
2gzm_DGL_D_504,0,0.98563287,0.1790306,0.2326292,0.46233297,0.15539604,0.14383955
2hi4_BHF_A_800,0.99774251,0.99804217,0.17311195,0.24241019,0.46111995,0.15076327,0.14174059
2hs3_FGR_A_2166,0.92818262,0,0.1710128,0.24560036,0.46029742,0.15269724,0.13078541
2ht8_G39_A_800,0.96659385,0.95885985,0.3251493,0.98783646,0.9840305,0.23920534,0.35423149
2htu_BCZ_A_801,0,0,0.17654789,0.23645645,0.46143638,0.15698837,0.13286656
2huu_ALA_A_701,0.96467164,0,0.1707952,0.24595983,0.46025265,0.15252854,0.1307036
2i1v_F6P_B_720,0,0.95616508,0.17895637,0.23274362,0.46230617,0.15544364,0.14351148
2i1v_FDP_B_710,0,0.91477937,0.17885213,0.23290432,0.46226852,0.1555105,0.14305074
2iht_TPP_A_600,0,0.98384218,0.17902609,0.23263615,0.46233134,0.15539893,0.14381961
2iht_TPP_B_600,0.8056644,0.97450066,0.17419809,0.24060936,0.46133423,0.15168931,0.14190918
2iht_TPP_C_600,0.96034959,0.98288002,0.17329675,0.24210069,0.46115204,0.15096064,0.14165563
2iht_TPP_D_600,0.41478749,0.99062302,0.17656964,0.23669606,0.46182853,0.15347035,0.14296508
2ihu_TP9_A_600,0,0,0.17654789,0.23645645,0.46143638,0.15698837,0.13286656
2ihu_TP9_B_600,0,0.98807997,0.17903676,0.23261969,0.4623352,0.15539208,0.14386679
2ij7_TPF_A_2472,0.56003383,0.67248848,0.17490219,0.23936206,0.4613608,0.15331286,0.13909763
2ij7_TPF_B_2470,2.9298203e-05,0.96769021,0.17898523,0.23269916,0.46231661,0.15542489,0.14363973
2ij7_TPF_C_2471,8.3067248e-05,0.96741354,0.17898421,0.23270076,0.4623163,0.15542509,0.14363653
2ij7_TPF_D_2473,0.5600384,0.73624655,0.17506277,0.23911451,0.46141879,0.15320984,0.13980744
2ipf_FFA_A_3,0.97721847,0,0.17072038,0.24608343,0.46023725,0.15247054,0.13067546
2ipf_FFA_B_4,0.99172463,0.98383379,0.17311205,0.24240608,0.46111441,0.15081405,0.1415959
2isf_PAC_A_317,0.99146936,0.97666544,0.17309551,0.2424314,0.4611082,0.15082681,0.14151667
2ixi_TYD_A_1182,0,0,0.17654789,0.23645645,0.46143638,0.15698837,0.13286656
2ixi_TYD_B_1182,0.97950715,0,0.17070673,0.24610598,0.46023445,0.15245996,0.13067033
2iyq_SKM_A_201,0.94684248,0.96253333,0.17332604,0.24204663,0.46115011,0.15105596,0.1414594
2izf_BTN_B_300,0.56000631,0.28789159,0.17393355,0.2408553,0.46101101,0.15393429,0.13481599
2j1s_FUL_A_1153,0,0.95944846,0.17896464,0.23273087,0.46230915,0.15543834,0.14354804
2j51_DKI_A_1314,0,0.94976977,0.17894026,0.23276845,0.46230035,0.15545397,0.14344029
2j5b_TYE_A_1336,0,0,0.17654789,0.23645645,0.46143638,0.15698837,0.13286656
2j5z_GAL_A_1278,0.9763693,0.85290041,0.17287381,0.24276322,0.46101415,0.15109656,0.14017266
2jav_5Z5_A_1280,0,0,0.17654789,0.23645645,0.46143638,0.15698837,0.13286656
2jfv_FLC_A_1271,0.56003983,0.75624317,0.17511313,0.23903687,0.46143698,0.15317753,0.14003005
2jhp_GUN_A_1648,0.0013521698,0.96686583,0.17897526,0.23271539,0.46231424,0.1554201,0.14362758
2ji6_TPW_B_1566,0,0.98429137,0.17902722,0.2326344,0.46233175,0.1553982,0.14382461
2no7_LDC_A_401,0.99018967,0.98859086,0.17313319,0.24237248,0.46112062,0.15081346,0.1416523
2no7_LDC_B_401,0.98605472,0.98496326,0.17314871,0.24234583,0.46112239,0.15083843,0.14162119
2nos_AGU_A_903,0.15479364,0.91290436,0.17792431,0.23443654,0.46207687,0.1547979,0.14268279
2npq_BOG_A_1000,0,0.96942837,0.17898978,0.23269212,0.46231823,0.15542221,0.14365914
2npq_BOG_A_2000,0,0.94598589,0.17893073,0.23278315,0.46229691,0.15546009,0.14339816
2nry_STU_A_504,0.99421219,0.97284677,0.17306954,0.24247325,0.46110136,0.1508203,0.14146801
2nry_STU_B_502,0.93096274,0.92595381,0.11889167,3.278099e-53,0,0.11955155,0.91855967
2nry_STU_C_503,0.99268149,0.98307711,0.17310444,0.24241844,0.46111255,0.15081085,0.14158533
2nry_STU_D_501,0.99343246,0.974346,0.17307797,0.24245974,0.46110368,0.15082148,0.14148645
2ntk_IMP_A_205,0,0,0.17654789,0.23645645,0.46143638,0.15698837,0.13286656
2ntk_IMP_B_206,0.98439979,0,0.17067755,0.24615418,0.46022844,0.15243734,0.13065936
2ntk_IMP_C_207,0,0,0.17654789,0.23645645,0.46143638,0.15698837,0.13286656
2nu7_COA_B_1325,0,0.9252946,0.17887861,0.23286349,0.46227808,0.15549351,0.14316781
2nz5_226_A_431,0.029638301,0.9844627,0.17885091,0.23292572,0.46229554,0.1552609,0.14376007
2nz5_226_A_432,0.0022024582,0.9632256,0.17896102,0.2327379,0.46230989,0.15542205,0.14358515
2nz5_226_B_432,0.99169374,0.97319403,0.17308543,0.24244709,0.46110477,0.15083138,0.14147752
2o1o_RIS_A_400,0,0.96428227,0.17897682,0.2327121,0.46231355,0.15543053,0.14360185
2o1o_RIS_B_400,0.92457638,0.97295504,0.17348508,0.24178681,0.46118691,0.15114206,0.14162535
2o7b_HC4_C_701,0.99752334,0.98769799,0.1730872,0.2424482,0.46111081,0.150781,0.14162592
2o7b_HC4_D_701,0.99309925,0,0.17062568,0.24623988,0.46021777,0.15239712,0.13063986
2o7b_HC4_G_701,0.99643873,0.9905619,0.17310088,0.24242639,0.46111474,0.15078138,0.14166024
2o7d_DHC_A_701,0.98973217,0.9909985,0.17314198,0.24235863,0.46112337,0.15081168,0.14168013
2o7d_DHC_B_701,0.99689158,0.99055784,0.17309817,0.24243087,0.46111419,0.1507793,0.14165917
2o7d_DHC_E_701,0.99706755,0,0.17060201,0.24627898,0.4602129,0.15237877,0.13063096
2o7d_DHC_G_701,0.98389492,0.99267455,0.17318101,0.24229461,0.46113206,0.15083596,0.14171188
2o7d_DHC_H_701,0.99861374,0.98837384,0.1730824,0.24245631,0.46111009,0.15077486,0.141631
2okk_ABU_A_585,0.55999615,0.14589691,0.17357593,0.24140661,0.46088187,0.15416372,0.1332352
2ot7_OGA_B_500,0,0.86386315,0.17872387,0.23310203,0.4622222,0.15559276,0.14248389
2oxp_THP_A_300,0.96268291,0,0.17080706,0.24594024,0.46025509,0.15253774,0.13070806
2p1e_LAC_A_303,0,0,0.17654789,0.23645645,0.46143638,0.15698837,0.13286656
2pir_DHT_A_931,0.99481516,0.99759974,0.17312829,0.24238307,0.46112314,0.15077752,0.14174223
2pnz_UDP_A_250,0.92954455,0.86432154,0.17318181,0.24225758,0.46108199,0.15129459,0.1404048
2prg_BRL_A_1,0.94496135,0.88845374,0.17315066,0.24231576,0.46108503,0.15118433,0.14063889
2prg_BRL_B_2,0.79932773,0.91630435,0.17408928,0.24077291,0.46128907,0.15181262,0.14127549
2prl_R2C_A_400,0.98308756,0.98716578,0.17317195,0.24230805,0.46112804,0.15084859,0.14165236
2pt6_S4M_A_501,0,0.96804149,0.17898629,0.2326975,0.46231697,0.15542446,0.1436437
2pt6_S4M_B_502,0,0.97815566,0.17901176,0.23265823,0.46232617,0.15540812,0.1437563
2pt6_S4M_C_503,0.93775205,0.95214038,0.17335407,0.24199744,0.46115181,0.15111477,0.14136408
2ptm_CMP_A_401,0,0,0.17654789,0.23645645,0.46143638,0.15698837,0.13286656
2pvy_ACP_A_802,0.98973713,0.98687089,0.17313155,0.2423747,0.46111961,0.15081833,0.14163417
2pvy_ACP_D_802,0.97872743,0.96954153,0.17315356,0.24233353,0.46111736,0.15089722,0.14146593
2pwf_BGC_D_9999,0.56004105,0.77324991,0.17515596,0.23897084,0.46145244,0.15315005,0.14021939
2pye_7PE_A_504,0,0.82942184,0.17863712,0.23323577,0.46219087,0.1556484,0.14210046
2q6m_P34_A_1001,0.93265115,0,0.17098615,0.24564438,0.46029194,0.15267658,0.13077539
2q6m_P34_A_1002,0.95753292,0,0.17083777,0.2458895,0.46026141,0.15256155,0.1307196
2qab_EI1_A_1,0.99637467,0.98420168,0.17308525,0.24245046,0.46110904,0.15079195,0.14158957
2qab_EI1_B_1,0.99581208,0.98596643,0.17309305,0.24243806,0.46111133,0.1507917,0.14161048
2qb3_PMP_A_700,0,0.98104076,0.17901903,0.23264703,0.46232879,0.15540345,0.14378842
2qb4_DSM_A_801,0.9771008,0.98902921,0.17321234,0.24224184,0.46113708,0.15087326,0.14168653
2qb4_DSM_A_802,0.97363166,0.97583341,0.081665685,0,0.012040554,0.097758718,0.013329547
2qb4_LEU_A_601,0.99191571,0.99314671,0.17313437,0.2423718,0.46112265,0.15079812,0.14169915
2qca_DGP_A_200,0.95858971,0,0.17083147,0.24589991,0.46026011,0.15255666,0.13071723
2qca_DGP_A_300,0.97119515,0,0.1707563,0.2460241,0.46024464,0.15249838,0.13068897
2qcx_PF1_A_300,0,0.97400987,0.17900132,0.23267433,0.4623224,0.15541481,0.14371015
2qcx_PF1_B_300,0,0.98388824,0.1790262,0.23263597,0.46233139,0.15539885,0.14382012
2qd1_CHD_D_802,6.2332991e-11,0,0.17654789,0.23645645,0.46143638,0.15698837,0.13286656
2qd4_CHD_A_801,3.7933756e-08,0.98483548,0.17902859,0.23263229,0.46233225,0.15539732,0.14383067
2qd4_CHD_A_802,0.83353854,0.97158938,0.08076363,1.5539262e-20,2.2153881e-08,0.097410548,0.011177765
2qd4_CHD_A_803,0,0.9894045,0.1790401,0.23261455,0.4623364,0.15538994,0.14388154
2qd4_CHD_B_926,0,0.98872195,0.17903838,0.2326172,0.46233578,0.15539104,0.14387394
2qd4_CHD_B_927,2.0706733e-09,0.99041594,0.17904265,0.23261062,0.46233732,0.15538831,0.1438928
2qd4_CHD_B_928,0,0.94293071,0.17892304,0.23279501,0.46229413,0.15546502,0.14336415
2qg6_NMN_A_301,0,0.96742342,0.17898473,0.2326999,0.46231641,0.15542545,0.14363682
2qgw_EES_A_1,0,0.98420675,0.17902701,0.23263473,0.46233167,0.15539834,0.14382367
2qgw_EES_B_1,0,0.98903237,0.17903916,0.232616,0.46233606,0.15539054,0.14387739
2qhv_OC9_A_1001,0.9896149,0.98433836,0.1731259,0.24238333,0.46111746,0.15082298,0.14160625
2qim_ZEA_A_160,0,0.99004032,0.1790417,0.23261208,0.46233698,0.15538891,0.14388862
2qim_ZEA_A_161,0.56002004,0.47978796,0.17441686,0.24011024,0.46118554,0.15362422,0.13695234
2qim_ZEA_A_162,0,0,0.17654789,0.23645645,0.46143638,0.15698837,0.13286656
2qs2_UBF_A_603,0,0.98507909,0.17031744,0.20674685,0.42250309,0,0.1316367
2qs2_UBF_B_602,0.97744816,0.98449707,0.17319886,0.24226286,0.46113253,0.15087898,0.1416353
2qse_1HP_A_1,0.99307504,0.97611122,0.17308454,0.24244937,0.46110573,0.15082028,0.1415069
2qui_LTN_A_501,0,0,0.17654789,0.23645645,0.46143638,0.15698837,0.13286656
2qvr_CIT_A_335,0.88736328,0.9596157,0.17367339,0.24147201,0.46122044,0.15133565,0.14156028
2qvr_FDP_A_333,0.97305232,0,0.17074522,0.24604239,0.46024237,0.1524898,0.13068481
2qx4_ML1_A_233,0.43266812,0.98553668,0.1764502,0.23689196,0.46180197,0.1533959,0.14286836
2qx4_ML1_B_233,0.98086065,0.95711943,0.17310954,0.24240278,0.46110344,0.15090743,0.14132285
2qx9_ML2_A_234,0,0,0.17654789,0.23645645,0.46143638,0.15698837,0.13286656
2qxf_TMP_A_3000,0.97848271,0,0.17071284,0.24609589,0.4602357,0.15246469,0.13067263
2r0g_7CK_A_1355,0.99235832,0.98968096,0.173123,0.24238961,0.46111895,0.15080167,0.14165958
2r0g_7CK_B_1357,0.99379043,0.98391776,0.17309994,0.2424261,0.46111195,0.15080436,0.1415922
2r3d_ACM_A_303,0.72149965,0.99277008,0.17474601,0.23970928,0.46145413,0.1520489,0.14230128
2r4j_13P_A_1968,0,0.95327715,0.1789491,0.23275483,0.46230354,0.15544831,0.14347933
2r4j_13P_B_816,0,0,0.18711898,0.2678656,0.50976662,0.34234293,0.14766642
2r4t_250_A_503,1.2679296e-07,0,0.17654789,0.23645645,0.46143638,0.15698837,0.13286656
2r4t_GLC_A_502,0,0.97573251,0.17900566,0.23266764,0.46232397,0.15541203,0.14372933
2r5e_QLP_A_430,0,0.98567842,0.17903071,0.23262902,0.46233301,0.15539596,0.14384005
2r5e_QLP_B_430,0,0,0.17654789,0.23645645,0.46143638,0.15698837,0.13286656
2rbu_273_X_4001,0.9926902,0.9861965,0.17311224,0.24240641,0.46111537,0.15080577,0.14162004
2rbx_3AY_X_2001,0.56003833,0.73531767,0.17506043,0.23911812,0.46141794,0.15321134,0.13979709
2rhx_MLY_A_537,0.95165604,0,0.17087282,0.24583161,0.46026862,0.15258872,0.13073278
2ri1_GLP_A_234,0,0.89474045,0.17880165,0.23298213,0.46225029,0.15554288,0.14282765
2ri1_GLP_B_234,0.66481448,0,0.17258336,0.24300581,0.4606206,0.15391483,0.13137593
2rtn_IMI_B_300,0.9909278,0.98033077,0.17310798,0.24241183,0.4611122,0.15082339,0.14155869
2rtn_IMI_D_300,0.99444179,0.97334573,0.17306943,0.24247357,0.46110153,0.15081843,0.14147305
2tio_BEN_A_247,0,0.98993655,0.17904144,0.23261248,0.46233689,0.15538908,0.14388746
2uyv_TLA_B_1275,0,0,0.17654789,0.23645645,0.46143638,0.15698837,0.13286656
2uza_HTL_B_1236,0,0,0.15571805,0.17454779,0.36618629,0.14489633,0
2v32_BEZ_A_1222,0.98959182,0.97463072,0.17310159,0.2424208,0.46110865,0.15083877,0.14149823
2v32_BEZ_B_1220,0.99633597,0.96973012,0.30695975,0.9967599,0.85883692,0.22857517,0.32901838
2v32_BEZ_C_1222,0.99266246,0.98394586,0.17310674,0.24241488,0.46111336,0.15080953,0.14159505
2v32_BEZ_D_1221,0.9705932,0.9540522,0.17316305,0.24231354,0.46111325,0.15095985,0.14131173
2v60_C17_A_1503,0.98825756,0.99078766,0.17315024,0.24234492,0.46112499,0.15081884,0.14168109
2v60_C17_B_1498,0.9941897,0.99522476,0.17312604,0.24238613,0.46112175,0.15078425,0.14171719
2v7o_DRN_A_1303,0.94648488,0.90259409,0.1731772,0.24227586,0.46109602,0.15115444,0.1407929
2vag_V25_A_1482,0.99211943,0.9788465,0.17309713,0.24242933,0.46110939,0.15082028,0.14153949
2vez_G6P_A_202,0.86239075,0,0.17140514,0.24495222,0.46037816,0.1530014,0.13093293
2vjb_CCD_B_1539,0,0,0.17654789,0.23645645,0.46143638,0.15698837,0.13286656
2vjb_CCD_B_1540,0.00014870783,0.9911866,0.1790437,0.2326091,0.46233784,0.15538638,0.14390104
2vlf_PLI_A_1457,0.88468094,0,0.17127221,0.24517181,0.4603508,0.15289835,0.13088295
2vmg_MBG_A_1179,0.98019659,0,0.17070262,0.24611277,0.4602336,0.15245677,0.13066879
2vmp_PLP_A_501,0.99157569,0.89087392,0.17287878,0.24276558,0.46103003,0.15096492,0.14056132
2vp5_DCZ_A_1210,0.99219234,0.98930056,0.17312303,0.24238946,0.46111881,0.15080305,0.14165571
2vp5_DCZ_B_1210,0.98266904,0.9933593,0.17319004,0.24227988,0.46113419,0.15084052,0.14172225
2vss_V55_D_1250,0.002850117,0.97471469,0.1789861,0.23269967,0.46231954,0.1554005,0.14371161
2vsu_V55_D_1251,0.0038107567,0.98219135,0.1789992,0.2326801,0.46232517,0.15538398,0.14379269
2vzu_PNJ_A_1901,0,0.95148102,0.17894457,0.23276181,0.46230191,0.15545121,0.14345934
2vzu_PNJ_B_1904,0.99140071,0.92848602,0.20180304,0,0.80974869,0.16764458,0.18135241
2w0b_CMW_A_1450,5.77721e-06,0.86660758,0.17873075,0.23309143,0.46222469,0.1555883,0.14251443
2w1a_TSA_C_1091,0.94764895,0.99316705,0.1733984,0.24193563,0.46117698,0.15100274,0.14179863
2w1a_TSA_D_1091,0.97137595,0.99394766,0.17325887,0.24216634,0.46114858,0.15089178,0.14175412
2w5t_GP9_A_1644,0.56000156,0.22158762,0.17376656,0.24111273,0.46095071,0.15404142,0.13407785
2wd2_MS5_A_1263,0.67091075,0.96556406,0.17497916,0.23931655,0.46149145,0.15232673,0.14211183
2wdq_CBE_C_1130,0.98982153,0.98605125,0.17312898,0.24237872,0.46111876,0.15081926,0.14162486
2wdq_TEO_A_1589,0.55111943,0.6876402,0.10931051,0,0.16096602,0.11518786,0.047282068
2wdq_TEO_E_1589,0.56003414,0.67679416,0.17491303,0.23934534,0.46136472,0.1533059,0.13914556
2wdq_TEO_I_1589,0,0.87889196,0.17876173,0.23304367,0.46223587,0.15556848,0.14265121
2whq_HI6_A_1543,0.0044690692,0,0.17652124,0.23650047,0.4614309,0.15696771,0.13285654
2whq_HI6_B_1545,0.00242729,0,0.17653342,0.23648036,0.4614334,0.15697715,0.13286111
2wj4_HQD_A_1281,0,0,0.17654789,0.23645645,0.46143638,0.15698837,0.13286656
2wj4_HQD_B_1278,0,0.9934234,0.17905022,0.23259894,0.46234006,0.15538345,0.14392628
2wj4_HQD_C_1277,0.026462154,0,0.17639009,0.23671714,0.46140391,0.15686603,0.13280722
2wj4_HQD_D_1278,0.0048803844,0.99555117,0.17902648,0.23263876,0.46233601,0.15535745,0.14393902
2wu4_HBP_A_1544,0.12293251,0.97444016,0.16957471,0.20805018,0.42242098,0,0.13126663
2wu4_HBP_B_1545,0.98368864,0.98260099,0.17315687,0.2423317,0.46112315,0.15085319,0.14160019
2wzv_FMN_A_801,0.00037572046,0,0.17654565,0.23646015,0.46143592,0.15698663,0.13286571
2wzv_FMN_B_801,0.98355615,0,0.17068258,0.24614587,0.46022948,0.15244124,0.13066125
2x05_X05_A_1900,0.98629595,0,0.17066625,0.24617286,0.46022612,0.15242857,0.13065511
2x0u_X0U_B_1291,7.3080386e-05,0.99578285,0.17905573,0.2325905,0.46234212,0.1553793,0.14395238
2x6o_2TC_A_1209,0,0,0.17654789,0.23645645,0.46143638,0.15698837,0.13286656
2xh0_PEP_C_1440,0.98802835,0.9482127,0.17304437,0.24250798,0.46108654,0.15088868,0.14120762
2xhk_AKG_A_519,0.92365457,0.85769051,0.17320023,0.24222531,0.46108319,0.15133253,0.14034418
2xhk_AKG_B_519,0.5599857,0,0.17320848,0.24197307,0.46074918,0.15439946,0.13161096
2xta_TPP_A_2001,0.9785827,0.97150021,0.17315935,0.2423245,0.46111932,0.15089473,0.14148806
2xta_TPP_B_2001,0.5599857,0,0.17320848,0.24197307,0.46074918,0.15439946,0.13161096
2xta_TPP_C_2001,0.95225006,0.97577661,0.17332716,0.24204848,0.46115552,0.15100956,0.14159471
2xta_TPP_D_2001,0,0.97076316,0,0.18333055,0.38637236,0.14577384,0.12040815
2xul_AKG_A_201,0.5599857,0,0.17320848,0.24197307,0.46074918,0.15439946,0.13161096
2xul_AKG_B_201,0.92692556,0.90914845,0.17331034,0.24205772,0.46112598,0.15123428,0.14090972
2xul_AKG_D_201,0.55998571,1.7462243e-05,0.17320852,0.241973,0.4607492,0.15439943,0.13161115
2xul_AKG_E_201,0.99308964,0.9127243,0.17292479,0.24269564,0.46104805,0.15092262,0.14080118
2xul_AKG_F_201,0.99389446,0.89667176,0.17287956,0.24276591,0.46103246,0.15094483,0.14062067
2xum_OGA_A_601,0.99876942,0.97602299,0.17305036,0.24250581,0.46109866,0.1507941,0.14149315
2xya_7L4_A_1181,0.99324319,0.97457555,0.17307967,0.24245699,0.46110412,0.15082198,0.14148943
2xyj_WLM_A_1441,0.98196518,0.98875404,0.17318264,0.24229083,0.46113086,0.15085122,0.14167256
2xyj_WLM_A_1442,0,0.95854964,0.17896238,0.23273436,0.46230834,0.15543979,0.14353803
2xyj_WLM_B_1441,0.85546994,0.98612151,0.17393035,0.24105489,0.46128369,0.15144028,0.14192688
2xyj_WLM_B_1442,0.92627018,0.94354713,0.2203218,4.5082874e-29,0.9293051,0.17842717,0.2070079
2y00_Y00_B_601,0.99473563,0.9853551,0.17309793,0.24242983,0.4611121,0.15079767,0.14160609
2y2f_YI1_A_1469,0.5599857,0,0.17320848,0.24197307,0.46074918,0.15439946,0.13161096
2y4j_LAC_A_400,0.98384052,0.86898395,0.17286977,0.24277437,0.46101961,0.15103604,0.14033496
2y4j_LAC_B_400,0.9640357,0.94610881,0.17318214,0.24227979,0.46111407,0.151003,0.14123799
2y5a_3AP_A_1295,0.15692001,0.99601294,0.17812097,0.23413477,0.46214986,0.1546538,0.14360327
2ye5_2A7_A_1224,0.99016123,0.8793011,0.17285807,0.24279658,0.46102124,0.15099015,0.14043565
2yjd_YJD_A_1498,0.99391657,0.99626683,0.1731303,0.24237939,0.46112303,0.15078383,0.1417294
2yjd_YJD_B_1498,0,0.99442516,0.17905275,0.23259505,0.46234097,0.15538183,0.14393743
2ynf_WHU_A_1563,0.5599857,0,0.17320848,0.24197307,0.46074918,0.15439946,0.13161096
2yp6_C6W_B_1186,1.2670129e-07,0.93108995,0.17889321,0.23284099,0.46228336,0.15548415,0.14323232
2z1z_MLT_A_433,0.5599857,0,0.17320848,0.24197307,0.46074918,0.15439946,0.13161096
2z20_PLP_B_801,0,0.99387726,0.17905137,0.23259718,0.46234047,0.15538272,0.14393133
2z26_DOR_A_1410,0.5599857,0,0.17320848,0.24197307,0.46074918,0.15439946,0.13161096
2z48_A2G_A_1001,0,0.94753717,0.17893464,0.23277712,0.46229832,0.15545758,0.14341543
2z48_A2G_A_1005,0.98852892,0.95606889,0.17306117,0.24248241,0.46109307,0.15087368,0.14129396
2z48_A2G_B_2001,0,0.94658738,0.17893225,0.23278081,0.46229745,0.15545912,0.14340486
2z48_A2G_B_2005,0,0.93542738,0.17890414,0.23282415,0.4622873,0.15547714,0.14328061
2z48_NGA_A_1002,0.55999285,0.099840673,0.17345993,0.24158542,0.46083998,0.15423814,0.13272246
2z48_NGA_A_1006,0.5599857,0,0.17320848,0.24197307,0.46074918,0.15439946,0.13161096
2z48_NGA_B_2003,0.98433886,0.98603065,0.17316163,0.24232479,0.46112547,0.15084464,0.14163692
2z48_NGA_B_2004,0,0.98066015,0.17901807,0.2326485,0.46232845,0.15540407,0.14378419
2z6j_TUI_B_502,0.86731063,0.95188172,0.17377349,0.24130449,0.46123801,0.15144085,0.14151914
2z7s_P01_A_1,0.73019444,0.95488661,0.17459873,0.23994204,0.461409,0.15206991,0.14186003
2zgw_ADN_A_1301,0.9912198,0.96445073,0.17306624,0.24247637,0.4610974,0.15084769,0.14138124
2zgw_ADN_B_1302,0.56003903,0.74508115,0.17508502,0.23908021,0.46142682,0.15319556,0.13990579
2zgw_BTN_A_1401,0.95145951,0.9640034,0.17330221,0.24208641,0.46114578,0.15103224,0.14146541
2zgw_BTN_B_1402,0.96774481,0.96815357,0.17321555,0.24223073,0.46112957,0.15095024,0.1414751
2zi2_24U_H_801,0.94760229,0.98034485,0.17336638,0.24198496,0.46116538,0.15102367,0.14165599
2zka_AZA_A_302,0.1524748,0.97175762,0.17808639,0.23418517,0.46213325,0.15471354,0.1433432
2ztl_3HL_A_301,0.99795886,0.96113066,0.17301769,0.24255565,0.46108611,0.1508219,0.14132917
2ztl_3HL_B_301,0.987304,0.9548612,0.17306543,0.24247503,0.46109348,0.15088129,0.14128326
2ztl_3HL_C_301,0.99514346,0.96795015,0.17305165,0.24250143,0.46109576,0.1508239,0.1414114
2zut_A2G_B_4002,0.00016298939,0.95070439,0.17894165,0.23276643,0.462301,0.15545171,0.14345033
2zut_A2G_C_4003,0.9520775,0.95122427,0.17326634,0.24214212,0.4611334,0.15105002,0.14132176
2zut_A2G_D_4004,0.98132327,0.95655525,0.17310536,0.24240953,0.46110236,0.1509062,0.14131553
2zuw_NDG_B_4002,0,0.98030664,0.17901718,0.23264988,0.46232813,0.15540464,0.14378025
2zuw_NDG_C_4003,8.3746197e-05,0.98483904,0.1790281,0.2326331,0.46233215,0.15539693,0.14383052
2zuw_NDG_D_4004,0.99186384,0.98591184,0.17311645,0.24239938,0.46111613,0.15081005,0.14161872
2zvq_1NP_X_501,0.55999034,0.064714539,0.17337147,0.2417218,0.46080804,0.1542949,0.13233141
2zvq_1NP_X_502,0.5599857,2.6746594e-06,0.17320849,0.24197306,0.46074918,0.15439946,0.13161099
2zwt_CAM_A_422,0.5599857,0,0.17320848,0.24197307,0.46074918,0.15439946,0.13161096
2zyv_NPO_X_1602,0.99812404,0.9939377,0.17309934,0.24242989,0.46111575,0.15076814,0.14169404
3kt7_AKG_A_702,0,0.98618209,0.17903198,0.23262706,0.46233347,0.15539515,0.14384566
3mk1_NPO_A_912,0.56001646,0.42969763,0.1742907,0.24030472,0.46113999,0.15370516,0.13639469
3mk1_NPO_A_913,0.9948701,0.99051552,0.17311012,0.24241112,0.46111663,0.15078871,0.14166324
3qfx_CP6_A_602,0.99170231,0.9942075,0.17313831,0.24236557,0.46112387,0.15079739,0.14171144
3qfx_CP6_B_702,0.98832834,0.99489177,0.17316016,0.24232968,0.46112864,0.15081188,0.14172662
3qgz_ADN_A_127,0.99129892,0.98362888,0.17311407,0.24240268,0.46111474,0.15081635,0.14159457
3qhd_795_A_167,0.55998571,5.4053409e-05,0.17320861,0.24197286,0.46074923,0.15439937,0.13161156
3qhd_CTN_A_165,0.98127813,0.91463334,0.17300004,0.24257187,0.46106428,0.15097414,0.14084892
3qhd_CTN_B_165,0.97247348,0.97521263,0.17320513,0.2422499,0.46113019,0.15091698,0.14154309
3qhd_MSR_A_166,0,0.99091825,0.17904391,0.23260867,0.46233778,0.1553875,0.14389839
3qk1_BEN_A_1010,0.99840518,0.99167222,0.17309195,0.24244145,0.46111334,0.1507705,0.14166819
3qss_MTG_A_405,0.81927462,0.9762163,0.17412124,0.24073678,0.46131909,0.15162362,0.14189776
3qss_MTG_B_405,0,0.97090356,0.1789935,0.23268639,0.46231957,0.15541983,0.14367557
3qt8_FM0_A_328,0.99100529,0.95169809,0.17303539,0.24252377,0.46108606,0.15086929,0.14123975
3qt8_FM0_B_328,0,0.95611105,0.17895624,0.23274383,0.46230612,0.15544373,0.14351088
3qwi_CUE_A_272,0.99717939,0.99556184,0.17310906,0.24241427,0.46111838,0.15076988,0.14171424
3qwi_CUE_B_272,0.99810223,0.9948852,0.17310185,0.24242599,0.46111664,0.15076671,0.14170464
3qwi_CUE_D_272,3.9190748e-06,0.99827145,0.17906241,0.23258016,0.46234446,0.1553756,0.14398024
3qxx_8AC_A_221,0.9584796,0.97202613,0.17328056,0.24212441,0.46114446,0.15098682,0.14153899
3r3z_GOA_A_305,0.99377237,0.970365,0.17306591,0.24247855,0.46109964,0.15082634,0.14144136
3r3z_GOA_C_305,0.99618025,0.96495594,0.17303793,0.24252327,0.46109177,0.15082395,0.14137575
3r3z_GOA_D_305,0.9932017,0.95215468,0.17302344,0.24254364,0.46108378,0.1508584,0.14123991
3r51_MMA_A_200,0.97276311,0.96556947,0.17317912,0.2422902,0.46112106,0.15093122,0.14143508
3ro7_TDR_A_300,0.5599857,0,0.17320848,0.24197307,0.46074918,0.15439946,0.13161096
3roe_THM_A_265,0.5599857,0,0.17320848,0.24197307,0.46074918,0.15439946,0.13161096
3roe_THM_C_265,0.5599857,0,0.17320848,0.24197307,0.46074918,0.15439946,0.13161096
3roe_THM_D_265,0.5599857,0,0.17320848,0.24197307,0.46074918,0.15439946,0.13161096
3roe_THM_E_265,0.5599857,0,0.17320848,0.24197307,0.46074918,0.15439946,0.13161096
3rop_NCA_A_302,0.55998604,0.0047277993,0.17322039,0.24195471,0.46075348,0.15439182,0.13166359
3rop_NCA_B_302,0.55998636,0.009204335,0.17323166,0.24193733,0.46075755,0.15438459,0.13171343
3ryd_SRT_A_267,0.55999369,0.11164381,0.17348966,0.2415396,0.46085072,0.15421907,0.13285386
3ryd_SRT_A_271,0.5600195,0.4721969,0.17439774,0.24013971,0.46117864,0.15363649,0.13686783
3ryd_SRT_C_268,0.54297982,0.91538844,0.17561567,0.23825108,0.46160279,0.15299924,0.14184007
3se2_3AB_C_4,0.9965687,0.97637724,0.17306438,0.24248275,0.46110168,0.1508037,0.14150203
3se2_3AB_D_3,0.99562959,0.98617436,0.17309466,0.24243546,0.46111175,0.15079221,0.1416132
3se2_LDR_B_2,0.5599857,0,0.17320848,0.24197307,0.46074918,0.15439946,0.13161096
3sj1_DXC_X_75,0.9831885,0.98290361,0.17316061,0.2423256,0.46112404,0.15085501,0.14160469
3sru_Q26_X_169,0,0.95059734,0.17894235,0.23276524,0.4623011,0.15545264,0.1434495
3t2e_F6R_A_3469,0,0.89464447,0.17880141,0.23298251,0.4622502,0.15554303,0.14282658
3t3q_9PL_A_501,0.5599857,0,0.17320848,0.24197307,0.46074918,0.15439946,0.13161096
3t3q_9PL_B_501,0.5599857,0,0.17320848,0.24197307,0.46074918,0.15439946,0.13161096
3t3q_9PL_C_501,0.5599857,0,0.17320848,0.24197307,0.46074918,0.15439946,0.13161096
3te7_TE7_B_1,0,0.97099631,0.17899373,0.23268603,0.46231966,0.15541968,0.1436766
3tky_N7I_B_369,0.08238235,0.97805599,0.17852024,0.2334702,0.46222499,0.15502741,0.14357048
3tyn_CXW_A_800,0,0.98668384,0.17903325,0.23262511,0.46233393,0.15539434,0.14385125
3u1t_MLI_A_351,0.99667549,0.93668993,0.17296377,0.24263791,0.46106545,0.15086732,0.14105995
3u1t_MLI_B_350,0.99701817,0.94240646,0.17297613,0.24261909,0.46107023,0.1508565,0.14112282
3u3o_3QV_A_296,0,0.99201587,0.17904668,0.23260441,0.46233878,0.15538572,0.14391061
3ucc_2PG_A_601,0.5599857,0,0.17320848,0.24197307,0.46074918,0.15439946,0.13161096
3ucc_2PG_B_601,0.5599857,0,0.17320848,0.24197307,0.46074918,0.15439946,0.13161096
3ucl_CYH_A_543,0.12866598,0.98810365,0.17826954,0.23388714,0.46217734,0.1547972,0.14357856
3uud_EST_A_600,0.98777222,0.97890557,0.1731232,0.24238628,0.46111478,0.15084028,0.1415499
3uud_EST_B_600,0.98162337,0.99303972,0.23011931,0,0.99579504,0.18389976,0.22144571
3uwb_BB2_A_154,0.98515746,0.93840398,0.17303678,0.24251779,0.46108114,0.1509178,0.14110486
3v1m_HPK_A_288,0,0.44562483,0.2769193,0.52978428,0.88227148,0.2138952,0.41910781
3v1s_0LH_B_401,0.99373495,0.99579135,0.17313018,0.24237945,0.46112282,0.15078543,0.14172452
3v1v_GST_A_511,0.89846807,0.89578693,0.17344639,0.24182926,0.46114875,0.15138743,0.14082478
3v7u_MTA_A_301,0.56003721,0.71963435,0.17502093,0.23917901,0.46140368,0.15323668,0.1396225
3v7u_MTA_A_302,0.98556534,0.94818033,0.17305897,0.24248384,0.46108953,0.15090012,0.14121278
3v8n_5NB_A_301,0.25908289,0.96570269,0.17743539,0.23525892,0.46199693,0.15423045,0.14303676
3vbn_TYD_A_301,0.5599857,0,0.17320848,0.24197307,0.46074918,0.15439946,0.13161096
3vbn_TYD_C_301,0.5599857,0,0.17320848,0.24197307,0.46074918,0.15439946,0.13161096
3vbn_TYD_E_301,0.5599857,0,0.17320848,0.24197307,0.46074918,0.15439946,0.13161096
3vc3_C6P_B_501,3.2435431e-05,0.93850982,0.17891171,0.2328125,0.46229007,0.15547201,0.14331486
3vc3_C6P_C_501,0,0.95290279,0.17894815,0.23275629,0.4623032,0.15544891,0.14347517
3vc3_C6P_F_501,0.64304037,0.95816048,0.17512671,0.23907073,0.46151892,0.15246754,0.14209189
3vca_PRO_A_504,0.5599889,0.044626171,0.17332087,0.2417998,0.46078977,0.15432735,0.13210777
3vcp_PRO_A_502,0.5599857,0,0.17320848,0.24197307,0.46074918,0.15439946,0.13161096
3vmg_9CA_B_2001,0.5599857,0,0.17320848,0.24197307,0.46074918,0.15439946,0.13161096
3vmg_9CA_C_2002,0.5599857,0,0.17320848,0.24197307,0.46074918,0.15439946,0.13161096
3vnj_PSJ_A_301,0.5599857,0,0.17320848,0.24197307,0.46074918,0.15439946,0.13161096
3vnj_PSJ_C_301,0.5599857,0,0.17320848,0.24197307,0.46074918,0.15439946,0.13161096
3vnj_PSJ_D_301,0.5599857,0,0.17320848,0.24197307,0.46074918,0.15439946,0.13161096
3vnm_SDD_A_301,0.5599857,0,0.17320848,0.24197307,0.46074918,0.15439946,0.13161096
3vnm_SDD_B_301,0.5488338,0.89647037,0.17553311,0.23838221,0.4615784,0.15300274,0.14161633
3vnm_SDD_C_301,0.5599857,0,0.17320848,0.24197307,0.46074918,0.15439946,0.13161096
3vq4_0NX_A_304,0,0.98286377,0.17902362,0.23263995,0.46233045,0.15540051,0.14380872
3vq4_0NX_A_305,0.99491314,0.9885928,0.17310502,0.24241901,0.46111483,0.15079162,0.14164173
3vq4_0NX_B_303,0.99589108,0.97810158,0.17307276,0.24246938,0.46110408,0.15080404,0.14152274
3vq5_MMJ_A_1007,0.99438716,0.99052549,0.17311303,0.24240632,0.46111723,0.15079093,0.14166443
3vq5_MMJ_B_307,0.9934769,0.99671805,0.17313405,0.24237331,0.46112398,0.15078513,0.14173541
3vqe_FMQ_A_1006,0.5600176,0.44565346,0.17433089,0.24024277,0.4611545,0.15367938,0.13657232
3vqe_FMQ_B_306,0.56001965,0.47430214,0.17440304,0.24013154,0.46118055,0.15363309,0.13689126
3vv5_SLZ_B_301,0.56359087,0.88280155,1.0541514e-37,0.18976067,0.38644329,0.14342206,0.11842529
3w4i_8LG_A_402,0.35536132,0.96877712,0.17686899,0.23619546,0.46188158,0.15378038,0.14285511
3w4i_8LG_B_402,0.5599857,0,0.17320848,0.24197307,0.46074918,0.15439946,0.13161096
3w4i_8LG_D_402,0.5599857,0,0.17320848,0.24197307,0.46074918,0.15439946,0.13161096
3w7f_FPS_A_301,0.56004303,0.80097035,0.17522578,0.23886321,0.46147766,0.15310526,0.14052799
3w7f_FPS_B_301,0.5599857,0,0.17320848,0.24197307,0.46074918,0.15439946,0.13161096
3w8x_FTK_B_601,0.5599857,0,0.17320848,0.24197307,0.46074918,0.15439946,0.13161096
3wat_BMA_B_404,0.5599857,0,0.17320848,0.24197307,0.46074918,0.15439946,0.13161096
3wca_FPS_A_501,0,0.82798246,0.17863349,0.23324136,0.46218956,0.15565073,0.14208444
3wca_FPS_B_401,0,0.95102449,0.17894342,0.23276358,0.46230149,0.15545195,0.14345425
3wca_FPS_C_401,0.93488302,0.90343579,0.1732485,0.24215829,0.46111102,0.15120672,0.14082828
3wca_FPS_C_402,0,0.91551948,0.17885399,0.23290145,0.46226919,0.15550931,0.14305898
3wca_FPS_D_401,0.560041,0.772551,0.1751542,0.23897356,0.46145181,0.15315118,0.14021161
3wgc_PLG_A_401,0,0.95990179,0.17896578,0.23272911,0.46230957,0.15543761,0.14355308
3wgc_PLG_C_401,0.98540505,0.98238279,0.17314608,0.24234945,0.46112084,0.15084561,0.14159392
3wgc_PLG_D_401,0.97951194,0.97069312,0.17315178,0.24233679,0.46111744,0.15089174,0.14147699
3wjz_NUP_A_301,0.5599857,0,0.17320848,0.24197307,0.46074918,0.15439946,0.13161096
3wk1_O7E_A_301,0.5599857,0,0.17320848,0.24197307,0.46074918,0.15439946,0.13161096
3wlf_FEH_A_401,0.5599857,0,0.17320848,0.24197307,0.46074918,0.15439946,0.13161096
3wlf_FEH_B_401,0.5599857,0,0.17320848,0.24197307,0.46074918,0.15439946,0.13161096
3wlf_FEH_C_401,0.5599857,0,0.17320848,0.24197307,0.46074918,0.15439946,0.13161096
3wlf_FEH_D_401,0.5599857,0,0.17320848,0.24197307,0.46074918,0.15439946,0.13161096
3wqs_KBK_B_503,0.99157589,0.89480911,0.17288869,0.2427503,0.46103361,0.15095856,0.14060513
3wr4_GDE_B_502,0.98247533,0.98741293,0.17317622,0.24230106,0.46112901,0.15085102,0.14165649
3wsg_CIT_B_302,0.98773373,0.98369108,0.17313549,0.24236731,0.46111918,0.15083273,0.14160326
3wsg_CIT_C_302,0.56354801,0.4838645,0,0.19150881,0.38638719,0.14410566,0.11407799
3wsg_CIT_D_302,0.56003836,0.73575232,0.17506152,0.23911643,0.46141834,0.15321064,0.13980193
3wsg_CIT_E_302,0.56003117,0.63532418,0.17480859,0.23950635,0.461327,0.15337291,0.13868389
3wug_XYP_B_1,0.5599857,0,0.17320848,0.24197307,0.46074918,0.15439946,0.13161096
3wug_XYP_B_2,0.5599857,0,0.17320848,0.24197307,0.46074918,0.15439946,0.13161096
3wug_XYP_C_2,0.5599857,0,0.17320848,0.24197307,0.46074918,0.15439946,0.13161096
3wur_O4B_A_201,0.55999894,0.18494934,0.17367429,0.24125498,0.46091739,0.15410062,0.13366996
3wur_O4B_A_202,0.97220594,0.38204476,0.24050054,0.44907085,0.78454159,0.19182024,0.23129632
3wur_O4B_B_201,0.55999299,0.10187215,0.17346505,0.24157754,0.46084183,0.15423486,0.13274508
3wur_O4B_B_202,0.63647398,0.86049093,0.15344149,0.17554972,0.36322303,0.14018726,0
3wur_O4B_B_204,0.5599898,0.057226008,0.17335261,0.24175088,0.46080123,0.154307,0.13224804
3wwc_BUA_A_402,0.5599857,0,0.17320848,0.24197307,0.46074918,0.15439946,0.13161096
3wwc_BUA_A_403,0.97680429,0.98285024,0.17319855,0.24226291,0.46113182,0.15088461,0.14161841
3wxo_NIZ_A_802,0,0.94829447,0.17893655,0.23277418,0.46229901,0.15545636,0.14342386
3wxo_NIZ_A_803,0.0014440756,0.99258045,0.17903949,0.23261644,0.46233752,0.15537814,0.14391366
3wxo_NIZ_A_804,0.55998584,0.0018437698,0.17321312,0.24196591,0.46075086,0.15439648,0.13163148
3wzo_ZOE_B_201,0,0.96949058,0.17898994,0.23269188,0.46231829,0.15542211,0.14365984
3wzo_ZOE_C_201,0.5599857,0,0.17320848,0.24197307,0.46074918,0.15439946,0.13161096
3wzo_ZOE_D_201,0.94673785,0.95271276,0.17330193,0.24208374,0.4611413,0.1510723,0.1413503
3zbs_OVE_A_1380,0,0.99336901,0.17905009,0.23259916,0.46234001,0.15538354,0.14392567
3zcm_PX3_A_1214,0,0.97542855,0.1790049,0.23266882,0.46232369,0.15541252,0.14372594
3zcm_PX3_B_1216,0.5599857,0,0.17320848,0.24197307,0.46074918,0.15439946,0.13161096
3zjq_NCA_A_300,0.0025526084,0.98903597,0.17902395,0.23264113,0.46233294,0.15537874,0.14387171
3zjq_NCA_B_300,0.62367951,0.98803469,0.17531742,0.238764,0.46156985,0.15250879,0.14246789
3zks_WZV_A_1398,0,0.96643685,0.17898225,0.23270373,0.46231551,0.15542705,0.14362584
3zp7_PRE_A_1118,0,0,0,0.18758505,0.38623564,0.14743696,0.10982936
3zr0_8OG_A_1157,0.9732504,0.98001581,0.1732126,0.2422389,0.46113361,0.15090562,0.14159482
3zr0_8OG_B_1157,0.5599857,0,0.17320848,0.24197307,0.46074918,0.15439946,0.13161096
3zv6_4HB_A_1277,0,0.89869674,0.17881162,0.23296677,0.46225389,0.15553648,0.14287169
3zwe_FUC_A_110,0,0.97461679,0.17900285,0.23267197,0.46232295,0.15541383,0.14371691
3zwe_FUC_B_110,0.94357148,0.97349123,0.17337315,0.24197186,0.46116409,0.15105337,0.14158873
3zwe_FUC_C_110,0.99039133,0.97849478,0.17310655,0.24241367,0.46111119,0.15082884,0.14153945
3zwt_ORO_A_1398,0.5599857,0,0.17320848,0.24197307,0.46074918,0.15439946,0.13161096
3zyx_MBT_A_601,0.5599857,0,0.17320848,0.24197307,0.46074918,0.15439946,0.13161096
3zyx_MBT_B_601,0.5599857,0,0.17320848,0.24197307,0.46074918,0.15439946,0.13161096
3zzm_JLN_A_1526,0.96898039,0.95957127,0.17318657,0.24227623,0.46112025,0.15095839,0.14137678
3zzv_FUC_B_401,0,0.97359332,4.2725195e-43,0.18331815,0.38637276,0.14576899,0.120439
4a01_2PN_A_1773,0.5599857,0,0.17320848,0.24197307,0.46074918,0.15439946,0.13161096
4a3u_NCA_A_1359,0.99429191,0.98028514,0.1730878,0.24244515,0.46110803,0.15080791,0.14155064
4a3u_NCA_B_1359,0.77207458,0.94658498,0.17432808,0.24038685,0.46135005,0.1518897,0.14167371
4a78_JZ3_A_1296,0.24517586,0.98732924,0.1775728,0.23503794,0.46203366,0.15425981,0.14330871
4a7a_RGZ_A_601,0.99485876,0.99223694,0.17311453,0.24240432,0.46111821,0.15078598,0.14168243
4a7a_RGZ_B_601,0.98458192,0.99237717,0.17317616,0.24230254,0.46113095,0.15083327,0.14170703
4a7x_UDP_B_1241,0.94721058,0.94395304,0.17327705,0.24212241,0.46113275,0.15108427,0.14125172
4a8p_PAO_A_1340,0.98902869,0.99050105,0.17314492,0.24235363,0.46112378,0.15081574,0.14167617
4a8p_PAO_B_1340,0.98914774,0.98281577,0.22296046,0.39055594,0.69495888,0.17976611,0.21139878
4a8p_PAO_D_1340,0.55999378,0.11285953,0.17349272,0.24153488,0.46085182,0.1542171,0.1328674
4a8p_PAO_E_1338,0.5599857,0,0.17320848,0.24197307,0.46074918,0.15439946,0.13161096
4a9j_TYL_A_1188,0.99415303,0.99128895,0.17311635,0.24240105,0.46111821,0.15079078,0.14167345
4adl_LMR_D_1468,0.5599857,0,0.17320848,0.24197307,0.46074918,0.15439946,0.13161096
4adm_SRT_C_1466,0.5599857,0,0.17320848,0.24197307,0.46074918,0.15439946,0.13161096
4ajj_88R_C_1335,0.9930883,0.98221044,0.17309983,0.24242581,0.46111126,0.15081036,0.14157477
4ajj_88S_A_1332,0.97726652,0.9830246,0.17319623,0.24226679,0.46113141,0.1508822,0.14161931
4ajj_88S_B_1332,0.99295854,0.98505575,0.17310777,0.24241349,0.46111401,0.15080637,0.14160674
4ajj_88S_C_1334,0.99264221,0.98744677,0.17311568,0.24240109,0.46111657,0.15080397,0.14163407
4ajj_88S_D_1332,0.96835044,0.97852735,0.17323807,0.24219641,0.46113826,0.15093068,0.14158923
4ajj_MLI_D_1333,0,0.88498949,0.17877709,0.23302,0.46224142,0.15555863,0.14271909
4al9_GLA_A_1123,0.94428736,0.982636,0.17339192,0.2419434,0.46117153,0.15103529,0.14168893
4al9_GLA_B_1123,0.997371,0.97171405,0.17304785,0.24250876,0.46109646,0.15080752,0.14144831
4al9_GLA_C_1123,0.94486765,0.97494753,0.17336909,0.24197897,0.46116382,0.15104503,0.14160203
4al9_GLA_D_1123,0.91528956,0.96796943,0.1735279,0.24171468,0.46119377,0.15119305,0.14159066
4al9_GLA_G_1123,0.96910569,0.96471079,0.17319877,0.2422575,0.46112477,0.15094951,0.14143372
4aql_TXC_A_1452,0.5599857,0,0.17320848,0.24197307,0.46074918,0.15439946,0.13161096
4aw0_MJF_A_600,0.5599857,0,0.17320848,0.24197307,0.46074918,0.15439946,0.13161096
4b1f_DGL_A_1257,0.0014380996,0.98003017,0.17900791,0.23266512,0.46232611,0.15539844,0.14377395
4b1f_DGL_B_1256,0.0023638514,0.97911739,0.17900009,0.23267778,0.46232414,0.15539563,0.14376171
4b1f_KRH_A_1256,0.9184049,0.97506368,0.17352719,0.24171783,0.4611964,0.15116718,0.14166266
4b1f_KRH_B_1257,0,0.95203713,0.17894597,0.23275965,0.46230241,0.15545031,0.14346553
4b1y_LAB_B_1376,0.5599857,0,0.17320848,0.24197307,0.46074918,0.15439946,0.13161096
4b5v_E8U_A_1253,0,0.97680147,0.17900835,0.23266349,0.46232494,0.1554103,0.14374123
4b5v_E8U_B_1254,0.88630508,0.97506043,0.17371861,0.24140161,0.46123579,0.15131559,0.1417346
4b98_PXG_A_470,0,0.95105891,0.17894351,0.23276345,0.46230152,0.15545189,0.14345464
4b98_PXG_C_470,0.5599857,0,0.17320848,0.24197307,0.46074918,0.15439946,0.13161096
4b98_PXG_D_470,0.5599857,0,0.17320848,0.24197307,0.46074918,0.15439946,0.13161096
4bbx_LKF_B_1760,0.5599857,0,0.17320848,0.24197307,0.46074918,0.15439946,0.13161096
4bdr_CYS_B_804,0.56003155,0.64059435,0.17482186,0.23948589,0.46133179,0.15336439,0.13874256
4bdr_KAI_B_900,0.92350269,0.96895492,0.1734814,0.24179177,0.46118459,0.15115348,0.14158322
4bq5_GAL_C_1,0.56003087,0.6310171,0.17479774,0.23952308,0.46132308,0.15337987,0.13863594
4bu7_25F_A_2165,0.5599857,0,0.17320848,0.24197307,0.46074918,0.15439946,0.13161096
4bu7_25F_C_2165,0.5599857,0,0.17320848,0.24197307,0.46074918,0.15439946,0.13161096
4buf_F36_A_2162,0.97707337,0,0.17072124,0.246082,0.46023743,0.15247121,0.13067579
4buf_F36_B_2162,0.5599857,0,0.17320848,0.24197307,0.46074918,0.15439946,0.13161096
4buv_16I_A_2165,0.5599857,0,0.17320848,0.24197307,0.46074918,0.15439946,0.13161096
4buv_16I_C_2165,0.5599857,0,0.17320848,0.24197307,0.46074918,0.15439946,0.13161096
4bux_F35_A_2166,0.5599857,0,0.17320848,0.24197307,0.46074918,0.15439946,0.13161096
4bux_F35_C_2165,0.5599857,0,0.17320848,0.24197307,0.46074918,0.15439946,0.13161096
4bvh_OCZ_A_1393,0.5599857,0,0.17320848,0.24197307,0.46074918,0.15439946,0.13161096
4bvh_OCZ_B_1392,0.5599857,0,0.17320848,0.24197307,0.46074918,0.15439946,0.13161096
4bvh_OCZ_C_1394,0.5599857,0,0.17320848,0.24197307,0.46074918,0.15439946,0.13161096
4bz6_SHH_A_700,0.95973613,0.93972826,0.17319171,0.24226221,0.46111354,0.15103319,0.1411766
4bz6_SHH_B_700,0.97872213,0.95147877,0.17310809,0.24240362,0.46110093,0.15092643,0.14126485
4bz6_SHH_C_700,0.93851565,0.94664435,0.17333568,0.2420263,0.46114587,0.15112012,0.14130118
4c2p_X8Z_A_709,0.98923888,0.94641592,0.17303262,0.24252688,0.46108342,0.15088599,0.1411849
4c2z_646_B_1498,0,0.87918413,0.17876247,0.23304254,0.46223614,0.15556801,0.14265446
4c67_L5S_A_1170,0,0.98503551,0.17902909,0.23263151,0.46233243,0.155397,0.1438329
4c7g_NGO_A_1495,0.5599857,0,0.17320848,0.24197307,0.46074918,0.15439946,0.13161096
4can_M7K_A_800,0,0.97516882,0.17900424,0.23266983,0.46232345,0.15541294,0.14372305
4can_M7K_B_800,0,0.9803628,0.17901732,0.23264966,0.46232818,0.15540455,0.14378088
4ccu_AWF_A_1500,0.9827705,0.98554819,0.17316976,0.24231121,0.46112696,0.15085267,0.14163506
4cdt_M48_A_801,0.035791247,0.98176314,0.17880741,0.23299682,0.46228553,0.15523682,0.14371622
4cdt_M48_B_801,0,0.97329413,0.17899952,0.23267711,0.46232175,0.15541597,0.14370218
4cjs_L0Y_A_1217,0,0.98316231,0.17902438,0.23263879,0.46233072,0.15540003,0.14381204
4cjs_L0Y_B_1217,0.98314179,0.96678194,0.079857662,0,0.00065909587,0.096725672,0.010786352
4cju_JNS_A_1217,0,0.92148333,0.17886901,0.23287829,0.46227462,0.15549967,0.14312537
4cju_JNS_B_1214,0,0.98273282,0.17902329,0.23264046,0.46233033,0.15540072,0.14380726
4cjv_IV2_A_1212,0.99438721,0.99705003,0.17312946,0.24238099,0.46112316,0.15078039,0.14173707
4cjw_CBJ_A_1215,0.975414,0.94785945,0.1731187,0.24238508,0.4611017,0.15094757,0.14123197
4cjw_CBJ_B_1217,0.99189749,0.9296023,0.17297441,0.24261836,0.46106486,0.15090086,0.14099176
4cld_JUO_A_1270,0.5599857,0,0.17320848,0.24197307,0.46074918,0.15439946,0.13161096
4cld_JUO_C_1270,0.5599857,0,0.17320848,0.24197307,0.46074918,0.15439946,0.13161096
4cld_JUO_D_1270,0.5599857,0,0.17320848,0.24197307,0.46074918,0.15439946,0.13161096
4cle_JR2_A_1270,0.5599857,0,0.17320848,0.24197307,0.46074918,0.15439946,0.13161096
4cle_JR2_A_1271,0.5599857,0,0.17320848,0.24197307,0.46074918,0.15439946,0.13161096
4cle_JR2_B_1270,0.5599857,0,0.17320848,0.24197307,0.46074918,0.15439946,0.13161096
4cle_JR2_C_1270,0.5599857,0,0.17320848,0.24197307,0.46074918,0.15439946,0.13161096
4cle_JR2_D_1270,0.5599857,0,0.17320848,0.24197307,0.46074918,0.15439946,0.13161096
4cle_JR2_D_1271,0.5599857,0,0.17320848,0.24197307,0.46074918,0.15439946,0.13161096
4clo_XP0_B_1270,0.5599857,0,0.17320848,0.24197307,0.46074918,0.15439946,0.13161096
4clo_XP0_D_1270,0.5599857,0,0.17320848,0.24197307,0.46074918,0.15439946,0.13161096
4clr_FDB_A_1270,0.14254979,0.99387604,0.17820129,0.2340015,0.46216555,0.15472369,0.1436117
4clr_FDB_B_1270,0.1399195,0.99065635,0.17820886,0.23398809,0.46216585,0.15474105,0.14358175
4clr_FDB_C_1270,0.15304424,0.99520353,0.17814205,0.23409974,0.46215388,0.15467303,0.14360295
4clr_FDB_D_1270,0.99889934,0.99230682,0.17309061,0.24244386,0.46111331,0.15076719,0.14167414
4cme_KTZ_B_1270,0.5599857,0,0.17320848,0.24197307,0.46074918,0.15439946,0.13161096
4cme_KTZ_C_1270,0.5599857,0,0.17320848,0.24197307,0.46074918,0.15439946,0.13161096
4cme_KTZ_D_1270,0.95432119,0,0.16223696,0.22024604,0.42085559,0,0.11865861
4cmk_FQW_B_1270,0,0.95095874,0.11489372,1.06654e-49,0.16933641,0.11825962,0.053733394
4cmk_FQW_D_1270,0.99061305,0.94127894,0.17301149,0.24256037,0.46107706,0.15088793,0.14112463
4cno_9PY_B_301,0,0.94810296,0.17893606,0.23277493,0.46229883,0.15545667,0.14342173
4cno_9PY_C_301,0,0.92928702,0.17888867,0.23284799,0.46228172,0.15548706,0.14321225
4cno_9PY_D_301,0.99007119,0.97488296,0.17309936,0.24242454,0.4611083,0.15083615,0.14149996
4cpp_ADM_A_422,0.99500518,0.9350857,0.17296969,0.24262768,0.46106604,0.15087763,0.14104584
4crg_J4X_A_1493,0,0.98255946,0.17902286,0.23264113,0.46233018,0.155401,0.14380533
4cvb_PQQ_A_1608,0.5599857,0,0.17320848,0.24197307,0.46074918,0.15439946,0.13161096
4cw2_XDS_A_1303,0.5599857,0,0.17320848,0.24197307,0.46074918,0.15439946,0.13161096
4cx6_Q16_A_800,0,0.98599476,0.17903151,0.23262779,0.4623333,0.15539545,0.14384358
4cxr_2BG_A_502,0.99651084,0.9942728,0.1731098,0.24241269,0.46111803,0.15077505,0.14170139
4d06_NAR_A_301,0,0.99396333,0.17905158,0.23259685,0.46234055,0.15538258,0.14393229
4d06_NAR_C_301,0,0.992269,0.17904731,0.23260343,0.46233901,0.15538531,0.14391343
4d06_NAR_D_302,1.0028765e-06,0.97662485,0.1790079,0.23266418,0.46232478,0.15541058,0.14373926
4d06_NAR_E_301,0.99419914,0.99335969,0.17312129,0.24239346,0.46112004,0.15078722,0.1416964
4d06_NAR_F_301,0.97458134,0.95399504,0.17313912,0.24235306,0.4611083,0.15094151,0.14130215
4d06_NAR_F_302,0.56000201,0.22789637,0.17378245,0.24108823,0.46095645,0.15403123,0.13414808
4d0z_BBK_A_1581,0.93187622,0.9382103,0.17335403,0.24199364,0.46114635,0.15116444,0.14122217
4d0z_BBK_B_1580,0.5599857,0,0.17320848,0.24197307,0.46074918,0.15439946,0.13161096
4d0z_BBK_E_1584,0.5599857,0,0.17320848,0.24197307,0.46074918,0.15439946,0.13161096
4d2c_ALA_A_508,0.99307788,0.97327179,0.17307737,0.24246042,0.46110314,0.15082485,0.14147528
4d3s_BOG_F_1000,0.96742037,0.98758705,0.17326644,0.24215207,0.46114765,0.15092035,0.14169218
4d4u_FUC_B_950,0.99300574,0.99048334,0.17312116,0.24239288,0.46111889,0.15079738,0.14166706
4d5e_TPP_A_1589,0.36990274,0.94448105,0.17672108,0.23643306,0.46184164,0.1537524,0.14255202
4d5e_TPP_B_1590,0.5599857,0,0.17320848,0.24197307,0.46074918,0.15439946,0.13161096
4d6z_PK9_A_1600,0.56003867,0.74007658,0.17507241,0.23909964,0.46142227,0.15320365,0.13985007
4d96_5PA_A_501,0.5599857,0,0.17320848,0.24197307,0.46074918,0.15439946,0.13161096
4d96_5PA_B_501,0,0.97304911,0.1789989,0.23267806,0.46232153,0.15541637,0.14369945
4d96_5PA_C_402,0,0.98107244,0.17901911,0.2326469,0.46232882,0.1554034,0.14378878
4d96_5PA_D_501,0.5599857,0,0.17320848,0.24197307,0.46074918,0.15439946,0.13161096
4dab_HPA_A_301,0.26485807,0.99653745,0.17747862,0.23519608,0.46201789,0.15415394,0.14336709
4dch_4DC_A_502,0.5599857,0,0.17320848,0.24197307,0.46074918,0.15439946,0.13161096
4dch_GLC_A_501,0,0.98351441,0.17902526,0.23263742,0.46233104,0.15539946,0.14381596
4dd8_BAT_A_1000,0,0.94422995,0.17892631,0.23278996,0.46229531,0.15546292,0.14337861
4dd8_BAT_B_1000,0.93643228,0.95764167,0.1733758,0.24196307,0.46115843,0.15111199,0.14142828
4dd8_BAT_C_1000,0.56004447,0.82103748,0.17527632,0.2387853,0.46149591,0.15307283,0.1407514
4dd8_BAT_D_1000,0,0.85697465,0.17870652,0.23312878,0.46221594,0.15560389,0.1424072
4do1_ANN_A_502,0.99576008,0.98213036,0.17308369,0.24245245,0.46110791,0.15079814,0.14156789
4do1_ANN_B_502,0.99638973,0.98563776,0.17308877,0.24244503,0.46111033,0.15078956,0.14160552
4do1_ANN_D_502,0.99500566,0.97936974,0.17308124,0.24245573,0.46110632,0.15080609,0.14153885
4dt8_ADN_A_401,0,0.99032548,0.17904242,0.23261097,0.46233724,0.15538845,0.14389179
4dt8_ADN_B_401,0.9783334,0.98551584,0.17319614,0.24226762,0.46113237,0.15087324,0.14164465
4dtb_GMP_B_401,0.5599857,0,0.17320848,0.24197307,0.46074918,0.15439946,0.13161096
4du7_DP6_A_401,0.98583086,0.94204749,0.17304194,0.24251027,0.46108363,0.1509088,0.14114391
4dvw_0M4_A_512,0.74357877,0.98815446,0.16985188,0.22581964,0.43757487,0.14919556,0.13554557
4dwv_PFB_A_378,0.99004499,0.98319331,0.17312045,0.24239202,0.46111589,0.15082285,0.14159254
4dwv_PFB_B_378,0.99182577,0.98198648,0.17310679,0.24241425,0.4611126,0.15081656,0.14157511
4e7v_CRS_1_101,0,0.98431918,0.17902729,0.2326343,0.46233178,0.15539816,0.14382492
4e7v_CRS_3_101,0.99789088,0.97780262,0.17306009,0.24249024,0.46110136,0.15079528,0.14151493
4e7v_CRS_A_101,0.99772182,0.98615407,0.17308213,0.24245615,0.46110916,0.15078257,0.14160829
4e7v_CRS_C_101,0.039583284,0.99096455,0.17880798,0.23299844,0.46228925,0.15520442,0.14381015
4e7v_CRS_E_101,0.25271518,0.9905427,0.17753593,0.23509973,0.46202734,0.15421976,0.14332758
4e7v_CRS_G_101,0.99448582,0.99519348,0.1731242,0.24238917,0.46112135,0.15078293,0.14171618
4e7v_CRS_I_101,0.9978539,0.98707028,0.17308365,0.24245389,0.46110983,0.15078048,0.14161819
4e7v_CRS_K_101,0.99652202,0.9820967,0.17307906,0.24246008,0.46110694,0.15079467,0.14156581
4e7v_CRS_M_101,0.99555703,0.98743952,0.17309828,0.24242983,0.46111299,0.1507905,0.14162745
4e7v_CRS_O_101,0.9942327,0.98736929,0.173106,0.24241706,0.46111455,0.15079674,0.14162964
4e7v_CRS_Q_101,0.99832261,0.98753869,0.17308203,0.24245669,0.46110968,0.15077756,0.14162235
4e7v_CRS_S_101,0.18070844,0.98539739,0.17795237,0.23441034,0.46211101,0.15456097,0.14343175
4e7v_CRS_U_101,0.99700699,0.99039757,0.30946841,0.8411833,0.97613473,0.21048884,0.33268871
4e7v_CRS_Y_101,0.99746277,0.98949961,0.1730921,0.2424406,0.46111252,0.15077836,0.14164611
4e9z_651_A_301,0.5599857,0,0.17320848,0.24197307,0.46074918,0.15439946,0.13161096
4ea0_651_A_306,0.82475567,0.99071232,0.17412507,0.24073449,0.46132555,0.15157486,0.14204685
4ea0_651_B_305,0.88660388,0.99105793,0.17375712,0.24134244,0.46124997,0.15128836,0.14191203
4eip_K2C_A_601,5.6946077e-06,0.98996642,0.17904148,0.23261242,0.46233691,0.15538901,0.14388778
4ejh_0QA_A_502,0.560028,0.59102642,0.17469702,0.23967834,0.46128671,0.15344449,0.13819073
4ejh_0QA_D_502,0.56003501,0.68886984,0.17494345,0.23929846,0.4613757,0.15328639,0.13928
4ejh_0QA_E_502,0.55998571,9.265573e-05,0.17320871,0.24197271,0.46074926,0.15439931,0.13161199
4ejh_0QA_F_502,0,0,0,0.18758505,0.38623564,0.14743696,0.10982936
4ek1_CAM_B_502,0.5599857,0,0.17320848,0.24197307,0.46074918,0.15439946,0.13161096
4ekr_0R0_A_202,0.9971705,0.99177384,0.17309957,0.24242889,0.46111495,0.15077604,0.14167209
4ekr_0R0_A_203,0.0064548937,0.94166089,0.17888134,0.23286353,0.46228505,0.15543723,0.14333554
4ekr_0R0_B_203,0,0.99207739,0.17904683,0.23260417,0.46233883,0.15538562,0.14391129
4evi_C9M_A_402,0,0.97820645,0.17901189,0.23265803,0.46232622,0.15540803,0.14375687
4evi_N7I_B_401,0.99517936,0.99259439,0.17311351,0.24240609,0.46111814,0.15078392,0.14168569
4evq_PHB_A_406,0.99542033,0.99270094,0.17311235,0.24240805,0.46111794,0.15078264,0.14168633
4f06_PHB_A_401,0.98213379,0.99116736,0.17318772,0.24228312,0.46113285,0.15084654,0.14169905
4f8n_GAL_A_204,0.98184816,0.96241952,0.17311701,0.24239193,0.46110705,0.1508943,0.14137964
4fa2_SB0_A_402,0.5599857,0,0.17320848,0.24197307,0.46074918,0.15439946,0.13161096
4fra_GAL_A_402,0.9772443,0.98949227,0.17321265,0.24224145,0.46113732,0.15087185,0.14169136
4fxr_BMP_A_301,0.9869602,0.9526753,0.17306198,0.24248013,0.46109191,0.15088641,0.1412597
4fxr_BMP_B_301,0.99338946,0.96170767,0.17304639,0.24250839,0.46109224,0.1508421,0.14134584
4g1q_T27_A_601,0.5599857,0,0.17320848,0.24197307,0.46074918,0.15439946,0.13161096
4g1x_TQU_A_409,0,0.94765954,0.17893495,0.23277665,0.46229843,0.15545738,0.14341679
4g1x_TQU_A_410,0.9971105,0.99486641,0.17310772,0.24241629,0.46111784,0.15077132,0.14170665
4gcq_0JM_B_401,0.00023758942,0.97055429,0.1789912,0.23269009,0.46231896,0.1554193,0.14367115
4gh8_MTX_B_201,0.5599857,0,0.17320848,0.24197307,0.46074918,0.15439946,0.13161096
4ghf_4NC_D_402,0,0.93203626,0.17889559,0.23283731,0.46228422,0.15548262,0.14324286
4gim_PSU_A_400,0,0.86227518,0.17871987,0.2331082,0.46222076,0.15559533,0.14246621
4gim_PSU_B_400,0.97830455,0.91511043,0.17301897,0.24254072,0.46106836,0.15098711,0.1408609
4gmu_OXL_A_705,0.56002067,0.48852067,0.17443885,0.24007633,0.46119348,0.15361011,0.13704956
4gnp_PEP_A_703,0.99025742,0.95707198,0.17305339,0.24249554,0.46109186,0.15086406,0.14130125
4gps_CIT_A_501,0.56004031,0.76290794,0.17512992,0.239011,0.46144304,0.15316676,0.14010425
4gt9_UMP_A_302,0.5599857,0,0.17320848,0.24197307,0.46074918,0.15439946,0.13161096
4gy9_ZIP_A_201,0.99409346,0.98823186,0.173109,0.24241233,0.4611155,0.15079599,0.14163955
4h0x_LAR_B_403,0,0.98401795,0.17902653,0.23263547,0.4623315,0.15539864,0.14382157
4h4c_10D_A_402,0,0.92458211,0.17887682,0.23286626,0.46227744,0.15549467,0.14315987
4h4c_10D_B_402,0,0.90521305,0.17882803,0.23294147,0.46225982,0.15552596,0.14294424
4h9g_14J_A_512,0.0034863285,0.97718225,0.17898852,0.23269635,0.46232101,0.15539357,0.14373765
4h9x_HL4_A_404,0.58616657,0.9850088,0.1755335,0.23840619,0.46161313,0.15268711,0.14251831
4h9x_HL4_B_404,0.56003521,0.69167149,0.1749505,0.23928758,0.46137825,0.15328186,0.13931119
4hey_4MZ_A_303,0.8082825,0,0.10266433,0.24828796,0,0.11314814,0.034318321
4hey_4MZ_A_307,0.5599857,0,0.17320848,0.24197307,0.46074918,0.15439946,0.13161096
4hez_1MZ_A_304,0.56004304,0.80111648,0.17522615,0.23886265,0.46147779,0.15310502,0.14052962
4hez_1MZ_A_306,0.19139974,0.99592302,0.17791513,0.2344748,0.46210747,0.15449454,0.14352496
4hgg_SYN_B_502,0.99201502,0.94275026,0.17300683,0.24256847,0.46107668,0.15087908,0.14113787
4hon_AKG_A_401,0.5599857,0,0.17320848,0.24197307,0.46074918,0.15439946,0.13161096
4hon_AKG_B_401,0.5599857,0,0.17320848,0.24197307,0.46074918,0.15439946,0.13161096
4hoz_GLC_A_703,0.5599857,0,0.17320848,0.24197307,0.46074918,0.15439946,0.13161096
4hrq_AZG_A_201,0.012747853,0.97877727,0.17893731,0.2327814,0.46231109,0.15534818,0.14373464
4hzf_CMP_A_302,0.8709495,0.98035391,0.17382351,0.24122978,0.46125944,0.15137803,0.14182796
4i02_CMP_A_301,0,0.99317321,0.17904959,0.23259992,0.46233983,0.15538385,0.14392349
4i02_CMP_A_302,0.87754944,0.9840467,0.17379345,0.24128046,0.4612547,0.15134155,0.14185427
4i02_CMP_B_302,0.18131332,0.99049252,0.1779616,0.23439652,0.46211491,0.15454995,0.14348711
4i02_CMP_C_301,0,0.99143817,0.17904522,0.23260665,0.46233825,0.15538666,0.14390418
4i02_CMP_D_301,0.95881996,0.99265204,0.17333048,0.24204768,0.46116281,0.15095192,0.14176785
4i02_CMP_D_302,0.92813279,0.98902808,0.32709512,0.99392057,0.99073737,0.24028701,0.35695157
4i02_CMP_F_301,0.52976567,0.99406744,0.17589266,0.23781539,0.46169058,0.15293322,0.14274562
4i0b_CMP_A_302,0.97462773,0.97654145,0.23012283,1.4364292e-25,0.99580115,0.18396071,0.22128243
4i0g_1B9_A_504,0.80440916,0.98539928,0.17423302,0.24055467,0.46134568,0.15167751,0.14203332
4i2p_G73_A_601,0.9862799,0.99185268,0.17316472,0.2423213,0.46112838,0.15082626,0.14169738
4i4v_NGA_A_201,0,0.94789829,0.17893555,0.23277572,0.46229865,0.155457,0.14341945
4i4v_NGA_A_202,0.96863382,0.93122381,0.17311723,0.24238289,0.46109489,0.15100579,0.14106197
4i4v_NGA_B_201,0,0.95332484,0.17894922,0.23275465,0.46230358,0.15544823,0.14347986
4i4v_NGA_D_201,0.98665319,0.98194089,0.17313752,0.24236347,0.46111891,0.15084055,0.1415862
4i4v_NGA_D_202,0,0.97422943,0.17900187,0.23267348,0.4623226,0.15541446,0.14371259
4i6s_FUC_A_101,0.98624321,0.94468373,0.17304612,0.2425041,0.46108552,0.15090264,0.14117234
4i6s_FUC_A_102,0,0.92303043,0.17887291,0.23287228,0.46227603,0.15549717,0.1431426
4i6s_FUC_B_101,0.52744812,0.95106866,0.17579817,0.23795952,0.46165431,0.1530134,0.14227212
4i6s_FUC_B_102,0.97359678,0.96207217,0.17316534,0.24231199,0.46111686,0.15093301,0.14139428
4i6s_FUC_C_101,0.74154165,0.96938942,0.28712803,0.57466213,0.99215671,0.21735554,0.29966773
4i6w_1CO_A_501,0.00035806334,0.97878582,0.17901122,0.23265931,0.4623263,0.15540544,0.14376252
4i6w_1CO_B_1001,0.98595935,0.97242646,0.1731177,0.24239357,0.46111111,0.15085913,0.14148183
4i6y_MEV_A_501,0,0.97424084,0.1790019,0.23267343,0.46232261,0.15541444,0.14371272
4i6y_MEV_B_1001,0.99439308,0.97619063,0.17307688,0.24246204,0.46110418,0.15081406,0.14150483
4i7n_1DJ_A_202,0.99716477,0.99635442,0.17311115,0.24241105,0.46111912,0.15076867,0.1417231
4i7n_1DJ_B_203,0.99866992,0.99500498,0.17309877,0.24243112,0.46111605,0.15076389,0.1417047
4i9n_1E5_A_402,0.88465507,0.95647777,0.17368164,0.24145751,0.46122091,0.15135324,0.14153142
4i9n_1E5_B_402,0.99031155,0.96515591,0.17307343,0.24246468,0.46109915,0.15085075,0.14139113
4i9n_1E5_C_402,0.8633477,0.97546465,0.17385653,0.24117388,0.46126432,0.15142107,0.14179057
4i9n_1E5_D_402,0.8644883,0.96793648,0.17383076,0.24121435,0.46125608,0.15142796,0.1417042
4i9n_1E5_F_402,0.93713698,0.96809782,0.17339794,0.24192941,0.46116708,0.15109184,0.14154311
4i9n_1E5_G_402,0.86354281,0.95200925,0.17379628,0.24126688,0.46124275,0.15145806,0.14152901
4i9n_1E6_A_401,0.99021964,0.98345979,0.17312008,0.2423927,0.46111592,0.15082161,0.14159511
4i9n_1E6_D_401,0.94817512,0.98167436,0.223601,0.39134329,0.69695683,0.18018912,0.21203696
4i9n_1E6_F_401,0,0.98514814,0.17902938,0.23263108,0.46233253,0.15539682,0.14383415
4i9n_1E6_G_401,0,0.98113045,0.17901926,0.23264668,0.46232888,0.15540331,0.14378942
4i9n_1E6_H_401,0.7574588,0.97830177,0.17449513,0.24011971,0.46139684,0.15190603,0.14205958
4ict_1ED_A_406,0.98235538,0.96989592,0.17313281,0.2423679,0.46111323,0.15087988,0.14146174
4ioq_BAQ_A_201,0.99515791,0.98961076,0.17310613,0.24241747,0.46111545,0.15078884,0.14165252
4iph_1FJ_A_201,0.5599857,0,0.17320848,0.24197307,0.46074918,0.15439946,0.13161096
4itu_1HS_A_302,0.5599857,0,0.17320848,0.24197307,0.46074918,0.15439946,0.13161096
4itu_1HS_B_302,7.3478855e-06,0.95851648,0.17896225,0.23273456,0.4623083,0.15543981,0.14353765
4itu_1HS_C_302,0.5599857,0,0.17320848,0.24197307,0.46074918,0.15439946,0.13161096
4itu_1HS_D_302,5.1528215e-06,0.96064718,0.17896763,0.23272627,0.46231024,0.15543638,0.14356137
4ixw_IXW_A_302,0.5599857,0,0.17320848,0.24197307,0.46074918,0.15439946,0.13161096
4j0k_EGR_A_501,0.56003786,0.7287984,0.17504401,0.23914343,0.46141202,0.15322187,0.13972452
4j0k_EGR_B_501,0.5600412,0.77542336,0.17516144,0.2389624,0.46145442,0.15314654,0.14024358
4j4b_0TF_A_904,0.5599857,0,0.17320848,0.24197307,0.46074918,0.15439946,0.13161096
4j5h_1K4_A_303,0,0.94585595,0.1789304,0.23278365,0.46229679,0.1554603,0.14339671
4j7u_YTZ_A_802,0.95283946,0.95988885,0.17328362,0.24211598,0.46114034,0.1510325,0.14141651
4j7u_YTZ_B_802,0.94858893,0.89629386,0.17314878,0.24232105,0.46108771,0.15115489,0.14071804
4j7u_YTZ_C_802,0.95342618,0.95107983,0.17325793,0.24215597,0.46113161,0.15104402,0.14131713
4j7u_YTZ_D_802,0.99379934,0.98712551,0.17310797,0.24241373,0.46111486,0.15079914,0.1416279
4jb0_FER_A_401,0.5599857,0,0.17320848,0.24197307,0.46074918,0.15439946,0.13161096
4jh6_FCN_B_202,0.5599857,0,0.17320848,0.24197307,0.46074918,0.15439946,0.13161096
4jhh_H35_A_201,0.5599857,0,0.17320848,0.24197307,0.46074918,0.15439946,0.13161096
4jm8_26D_A_302,0.99824273,0.99634861,0.1731047,0.24242169,0.46111779,0.15076369,0.14172061
4jmz_1M2_A_302,0.99655803,0.99511189,0.17311163,0.2424099,0.46111874,0.15077348,0.14171062
4jp3_CIT_A_301,0,0.95892052,0.17896331,0.23273292,0.46230867,0.15543919,0.14354216
4jxh_HRC_A_301,0.5599857,0,0.17320848,0.24197307,0.46074918,0.15439946,0.13161096
4jzx_476_A_402,0.98889299,0.88049137,0.17286863,0.24277946,0.46102388,0.15099409,0.14045175
4jzx_476_B_402,0,0.87253111,0.17874571,0.23306837,0.46223009,0.15557876,0.14258039
4jzx_IPE_A_401,0,0.97079023,0.17899321,0.23268683,0.46231947,0.15542001,0.14367431
4jzx_IPE_B_401,0.98659831,0.97311959,0.17311563,0.24239718,0.46111095,0.15085506,0.14148811
4k5g_Q13_A_803,0.5599857,0,0.17320848,0.24197307,0.46074918,0.15439946,0.13161096
4k5g_Q13_B_803,0.22522573,0.98911506,0.17769627,0.23483447,0.46205977,0.15434916,0.14337332
4k5u_GAL_A_301,0.99269207,0.989861,0.17312146,0.2423922,0.4611187,0.15079984,0.14166083
4k5u_GAL_B_301,0,0.98416174,0.17902689,0.23263491,0.46233163,0.15539841,0.14382317
4k5u_GAL_C_301,0.92530297,0.98466455,0.17351024,0.2417485,0.46119667,0.15111978,0.14175408
4k5u_GAL_D_301,0,0.98754743,0.17903542,0.23262176,0.46233471,0.15539294,0.14386086
4k90_MLA_A_704,0.98196275,0.87380436,0.17289311,0.24273716,0.4610263,0.15103693,0.14039284
4kcf_FMN_A_502,0,0,0.083734619,0,1.5124636e-05,0.1030937,0.0028572587
4kfj_1R0_A_202,0,0.31133906,0.16859083,0.20927531,0.42175525,2.4011398e-05,0.12409467
4kp7_1UQ_A_503,0,0,0.15571805,0.17454779,0.36618629,0.14489633,0
4kp7_1UQ_B_502,0.99343385,0.94583919,0.17300615,0.24257045,0.46107775,0.15086753,0.14116908
4kqk_PCR_A_403,0.99598812,0.9984589,0.17312346,0.24239129,0.46112248,0.15077071,0.14174916
4kqk_PCR_B_703,0.99704905,0.99768388,0.17311518,0.24240475,0.46112047,0.15076706,0.14173816
4kqx_HIO_A_402,0.81156222,0.95520729,0.17411432,0.24074238,0.46130944,0.15169321,0.14168116
4kqx_HIO_B_401,0.80305821,0.92153853,0.17408022,0.24078934,0.46128925,0.15178692,0.14132539
4kux_FPS_A_704,0.86740178,0.92710586,0.17471801,0.24439712,0.46445401,0.15206547,0.14265437
4kux_FPS_C_705,0,0.90848005,0.17883626,0.23292878,0.46226279,0.15552068,0.14298061
4kux_FPS_D_704,0,0.90060287,0.17881642,0.23295937,0.46225562,0.15553341,0.14289291
4kwk_CSS_A_302,0.5599857,0,0.17320848,0.24197307,0.46074918,0.15439946,0.13161096
4kwl_3SS_A_302,0.98946674,0.99136081,0.17314447,0.24235461,0.46112403,0.15081232,0.14168476
4l4d_CAM_A_503,0,0.97883744,0.17901348,0.23265558,0.46232679,0.15540701,0.14376389
4l7p_M95_A_601,0.5599857,0,0.17320848,0.24197307,0.46074918,0.15439946,0.13161096
4l80_OXL_D_402,0.56004345,0.80685954,0.17524061,0.23884035,0.46148301,0.15309574,0.14059356
4l80_OXL_F_402,0.99232612,0.93433118,0.17298377,0.24260422,0.46106864,0.15089124,0.14104344
4l8q_XMM_A_303,0.56004466,0.82378864,0.17528325,0.23877462,0.46149841,0.15306839,0.14078202
4l91_X29_A_301,0.99558306,0.9896262,0.17310363,0.24242159,0.46111494,0.15078685,0.14165174
4lcq_URQ_A_603,0,0.92246362,0.17887148,0.23287448,0.46227551,0.15549809,0.14313629
4lm7_U5P_A_201,0.56004736,0.86152891,0.1753783,0.23862809,0.46153273,0.15300741,0.14120218
4lo1_GAL_A_301,0.97194241,0.96615984,0.1731855,0.24227982,0.46112261,0.15093406,0.14144349
4lo1_GAL_B_301,0,0.95478858,0.17895291,0.23274896,0.46230491,0.15544587,0.14349616
4lol_1YE_A_401,0.99795073,0.97465019,0.17305179,0.24250307,0.46109841,0.1508001,0.1414797
4lvb_20N_A_601,0.99175998,0.99096027,0.17312979,0.24237875,0.46112085,0.15080237,0.14167516
4lvb_20N_B_601,0.99380289,0.99418104,0.17312572,0.24238637,0.46112127,0.15078772,0.14170644
4lxi_22J_A_301,0.5599857,0,0.17320848,0.24197307,0.46074918,0.15439946,0.13161096
4lz3_BTM_A_409,0.98642741,0.98622247,0.17314966,0.24234462,0.46112308,0.15083468,0.14163437
4lz7_1YW_B_804,0.19717189,0.95077782,0.17776699,0.23470696,0.46205932,0.15454079,0.14300942
4lz7_1YW_C_804,0.5599857,3.440424e-08,0.17320848,0.24197307,0.46074918,0.15439946,0.13161096
4lz7_GLU_A_802,0.5599857,0,0.17320848,0.24197307,0.46074918,0.15439946,0.13161096
4m2c_DAR_C_402,0.5599857,0,0.17320848,0.24197307,0.46074918,0.15439946,0.13161096
4m2c_DAR_D_402,0.5599857,0,0.17320848,0.24197307,0.46074918,0.15439946,0.13161096
4m54_AE5_A_403,0.5599857,0,0.17320848,0.24197307,0.46074918,0.15439946,0.13161096
4m72_M72_A_402,0,0,0.14292342,0.13648422,0.30300305,0.13746333,0.085766294
4ma8_Z80_C_301,0.56003851,0.73788609,0.1750669,0.23910815,0.46142028,0.15320719,0.13982569
4mig_G3F_B_802,0.98360732,0.97552988,0.17313954,0.24235835,0.46111682,0.15086499,0.14152165
4mig_G3F_C_802,0.95042455,0.97419619,0.17333406,0.24203663,0.46115632,0.15102055,0.14158121
4mig_G3F_D_802,0.96683168,0.98279634,0.17325788,0.24216487,0.46114401,0.15093081,0.14164017
4mju_27S_A_501,0.5599857,0,0.17320848,0.24197307,0.46074918,0.15439946,0.13161096
4mog_G3F_A_802,0.94564143,0.92957132,0.17325018,0.24216279,0.4611216,0.15111476,0.14109513
4mol_2FG_A_802,0,0.97251366,0.17899755,0.23268014,0.46232104,0.15541723,0.14369349
4mol_2FG_B_802,0.0084512268,0.96715893,0.17893367,0.23278419,0.4623058,0.15538681,0.14361493
4mol_2FG_C_703,0.5599857,0,0.17320848,0.24197307,0.46074918,0.15439946,0.13161096
4mol_2FG_D_802,0.0070901202,0.95670906,0.17891546,0.23281136,0.46229796,0.15540998,0.14350164
4mop_2H5_A_802,0.011034262,0.91595387,0.17878928,0.23300846,0.46225605,0.15545759,0.14303907
4mop_2H5_B_802,0.99591975,0.88983296,0.17285025,0.24281241,0.46102375,0.15094651,0.14053999
4mpr_TPP_A_602,0,0.95581788,0.1789555,0.23274497,0.46230585,0.1554442,0.14350762
4n36_2F8_A_401,0,0.97125361,0,0.1833284,0.38637243,0.145773,0.1204135
4n36_2F8_D_401,0.95954446,0.9240054,0.17315325,0.24232137,0.46109947,0.15105948,0.14100199
4n4j_HG1_A_608,0.0016010646,0.86529873,0.17871794,0.23311223,0.46222154,0.15558304,0.14249628
4n5p_2H0_E_412,0.99056021,0.98671827,0.17312626,0.2423834,0.46111846,0.15081477,0.14163062
4n6w_FLC_A_203,0,0.98522969,0.17902958,0.23263076,0.46233261,0.15539669,0.14383506
4n94_2HO_A_401,0.0019292408,0.99624085,0.17904581,0.23260701,0.46234025,0.15536998,0.14395332
4n9v_AZA_A_401,0.017437472,0.97544483,0.17890095,0.23284054,0.46230231,0.15533188,0.14368703
4n9v_AZA_A_403,0.5599877,0.027836011,0.17327859,0.24186499,0.4607745,0.15435448,0.13192085
4nf4_2JK_A_301,0.5599857,0,0.17320848,0.24197307,0.46074918,0.15439946,0.13161096
4ni1_2JX_A_204,0.5599857,0,0.17320848,0.24197307,0.46074918,0.15439946,0.13161096
4nir_6DH_A_307,0.5599857,0,0.17320848,0.24197307,0.46074918,0.15439946,0.13161096
4nir_6DH_A_308,0.5599857,0,0.17320848,0.24197307,0.46074918,0.15439946,0.13161096
4nir_6DH_B_306,0.5599857,0,0.17320848,0.24197307,0.46074918,0.15439946,0.13161096
4nkw_PLO_A_601,0.98700299,0.99535151,0.079808704,0,2.1286123e-07,0.09660482,0.010958637
4nkw_PLO_D_601,0.98034375,0.99394282,0.17320538,0.2422547,0.46113757,0.15085033,0.14173396
4npm_SIN_A_301,0.56001438,0.40064671,0.17421754,0.24041751,0.46111356,0.1537521,0.13607127
4npm_SIN_B_301,0.56003446,0.68122719,0.1749242,0.23932813,0.46136875,0.15329874,0.13919492
4nr9_ALY_A_2005,0.87533355,0.98503991,0.17380917,0.24125478,0.46125833,0.15135019,0.1418703
4nv0_MG7_A_403,0.5599857,0,0.17320848,0.24197307,0.46074918,0.15439946,0.13161096
4nv0_MG7_B_402,0.5599857,0,0.17320848,0.24197307,0.46074918,0.15439946,0.13161096
4o7g_ASC_A_303,0.5599857,0,0.17320848,0.24197307,0.46074918,0.15439946,0.13161096
4o7g_ASC_B_303,0.98358203,0.97739772,0.17314439,0.24235085,0.46111855,0.15086209,0.14154251
4o95_245_A_602,0.93665459,0.98405158,0.173441,0.24186271,0.46118218,0.15106829,0.1417218
4ocj_NDG_A_401,0.5599857,0,0.17320848,0.24197307,0.46074918,0.15439946,0.13161096
4ocu_NDG_A_401,0,0.94216536,0.17892111,0.23279798,0.46229343,0.15546626,0.14335563
4ofu_DHT_A_1001,0.99281794,0.99453362,0.32634166,0.99154601,0.99005079,0.23975748,0.35633326
4ovl_1TD_A_308,0.99390769,0.94330338,0.17299694,0.24258496,0.46107486,0.15086943,0.14113978
4ovl_1TD_B_308,0.9966803,0.95866923,0.17301911,0.24255261,0.46108544,0.15083179,0.14130463
4oxy_1TN_A_302,0.98129797,0.97494096,0.17315183,0.24233789,0.46111911,0.15087662,0.14152028
4oxy_1TN_B_302,0.98677158,0.98767604,0.17315126,0.24234236,0.46112398,0.15083074,0.14164978
4oxy_1TN_D_302,0,0.99031155,0.17904238,0.23261103,0.46233723,0.15538848,0.14389163
4p5y_NGA_A_201,0.9865421,0.99005169,0.17315862,0.24233088,0.46112642,0.15082796,0.14167674
4p7q_NAG_A_703,0.5599857,0,0.17320848,0.24197307,0.46074918,0.15439946,0.13161096
4p7q_NAG_A_704,0.5599857,0,0.17320848,0.24197307,0.46074918,0.15439946,0.13161096
4p7q_NAG_A_706,0.5599857,0,0.17320848,0.24197307,0.46074918,0.15439946,0.13161096
4p8c_2J3_A_504,0.5599857,0,0.17320848,0.24197307,0.46074918,0.15439946,0.13161096
4p8c_Y22_A_502,0.99552788,0.97189381,0.17305929,0.24248991,0.46109888,0.15081575,0.14145445
4p8c_Y22_B_502,0,0.92256795,0.17887174,0.23287408,0.4622756,0.15549792,0.14313745
4pbr_2L7_A_401,0.99532386,0.98982832,0.17310568,0.24241826,0.46111545,0.15078772,0.14165457
4pgi_Y69_A_303,0.96262219,0.91791807,0.17311956,0.24237533,0.46109016,0.15105508,0.14092732
4pik_MAN_A_501,0,0.96623289,0.17898173,0.23270453,0.46231532,0.15542738,0.14362357
4pik_MAN_A_502,0.9902741,0.97879827,0.081693021,0,0.012903344,0.097746153,0.013492074
4pik_MAN_B_503,0,0.97859407,0.17901287,0.23265653,0.46232657,0.15540741,0.14376118
4pik_MAN_C_503,0.76768728,0.98020728,0.17443893,0.24021307,0.46138602,0.15185566,0.14205786
4pik_MAN_D_503,0,0.97858034,0.17901283,0.23265658,0.46232656,0.15540743,0.14376103
4ptx_BGC_A_501,0.99132429,0.98803223,0.17312501,0.24238583,0.46111872,0.15080911,0.14164354
4ptx_BGC_B_501,0.9378411,0.97701658,0.1734162,0.24190172,0.46117433,0.15107417,0.14164082
4pxd_1AL_A_502,0,0.97824081,0.17901198,0.2326579,0.46232625,0.15540798,0.14375725
4pxd_1AL_B_502,0,0.98657202,0.17903296,0.23262555,0.46233383,0.15539452,0.14385
4q3a_2YC_A_904,0.86737563,0.98231189,0.17384975,0.24118697,0.46126561,0.15139139,0.14185777
4q3a_2YC_B_904,0,0.98686118,0.17903369,0.23262443,0.46233409,0.15539405,0.14385322
4q3a_2YC_C_904,0.5599857,0,0.17320848,0.24197307,0.46074918,0.15439946,0.13161096
4q3a_2YC_D_904,0.5599857,0,0.17320848,0.24197307,0.46074918,0.15439946,0.13161096
4q40_VAL_A_403,0.5599857,0,0.17320848,0.24197307,0.46074918,0.15439946,0.13161096
4q40_VAL_C_404,0.5599857,0,0.17320848,0.24197307,0.46074918,0.15439946,0.13161096
4q40_VAL_D_403,0.99675676,0.99115117,0.17310047,0.24242724,0.46111489,0.15077896,0.14166608
4qbz_D80_A_917,6.5425734e-05,0.89518882,0.17880239,0.23298104,0.46225062,0.15554185,0.14283249
4qbz_D80_B_901,0.99623849,0.9781326,0.17307077,0.24247268,0.46110368,0.15080239,0.14152231
4qck_ASD_A_404,0.97764501,0,0.3200406,0.94062223,0.99830789,0.23917752,0.33984992
4qxc_OGA_C_600,0,0.97780523,0.17901088,0.23265959,0.46232585,0.15540868,0.1437524
4qya_LU2_A_201,0.98717476,0,8.0477025e-24,0.19819963,0.38639322,0.14304701,0.10803537
4qya_LU2_B_201,0.5599857,0,0.17320848,0.24197307,0.46074918,0.15439946,0.13161096
4r08_URI_A_901,0.5599857,0,0.17320848,0.24197307,0.46074918,0.15439946,0.13161096
4r08_URI_B_901,0.5599857,0,0.17320848,0.24197307,0.46074918,0.15439946,0.13161096
4r08_URI_D_901,0.5599857,0,0.17320848,0.24197307,0.46074918,0.15439946,0.13161096
4r2n_PHE_C_402,0.00085510106,0.8765809,0.15710776,0.1687361,0.36326461,0.14300424,1.0080883e-05
4r2n_PHE_D_402,0.74142151,0.96054985,0.17454605,0.24003065,0.46140037,0.15200885,0.14189791
4r2n_PLP_B_401,0.9848017,0.9714612,0.17312217,0.24238592,0.46111165,0.15086604,0.14147368
4r3n_3GQ_B_404,0.86026705,0.95777435,0.17383034,0.24121222,0.46125201,0.1514639,0.14160053
4rcv_DE2_A_403,0.56004345,0.80684301,0.17524057,0.23884041,0.461483,0.15309577,0.14059337
4rg3_ECE_A_603,0.39722291,0.98836796,0.1766687,0.23653178,0.46184804,0.15355519,0.14297935
4rii_TYD_B_401,0.5599857,0,0.17320848,0.24197307,0.46074918,0.15439946,0.13161096
4rje_PYR_A_402,0.74839893,0.8933772,0.17433524,0.24036022,0.4613307,0.15208512,0.14113443
4rje_PYR_B_402,0.99591366,0.92116628,0.17292922,0.24269068,0.46105226,0.15089592,0.14088884
4rje_PYR_C_402,0.56001814,0.453138,0.17434974,0.24021371,0.4611613,0.15366728,0.13665565
4rje_PYR_D_402,0,0.8902379,0.17879031,0.23299962,0.46224619,0.15555015,0.14277752
4rkz_3S4_A_402,0.98471835,0.91618871,0.17298344,0.24259972,0.46106147,0.15095572,0.14085852
4rkz_3S4_B_401,0,0.94027835,0.17891636,0.23280531,0.46229171,0.15546931,0.14333462
4rp9_ASC_A_501,0,0.93065976,0.11613733,0.0047800268,0.17524016,0.11904425,0.055321076
4rql_SNE_A_505,0.99305665,0.89078395,0.17286972,0.24278051,0.46102813,0.15095821,0.140557
4rvg_TYD_A_502,0.5599857,0,0.17320848,0.24197307,0.46074918,0.15439946,0.13161096
4tq4_DMA_A_403,0.56004543,0.83452901,0.1753103,0.23873292,0.46150818,0.15305104,0.14090159
4tq4_DMA_B_403,0,0.91673464,0.17885705,0.23289673,0.4622703,0.15550734,0.14307251
4tq4_DMA_C_403,0.56002574,0.55932884,0.17461719,0.23980141,0.46125788,0.1534957,0.13783785
4tq4_DMA_D_403,0.9842704,0.91636666,0.17298656,0.24259462,0.46106218,0.1509575,0.14086151
4tqi_6BD_A_201,0.5599857,0,0.17320848,0.24197307,0.46074918,0.15439946,0.13161096
4tqi_6BD_B_201,0.5599857,0,0.17320848,0.24197307,0.46074918,0.15439946,0.13161096
4tsk_TLA_A_404,0.5599857,0,0.17320848,0.24197307,0.46074918,0.15439946,0.13161096
4u2a_A2G_A_303,0.99307719,0.92950045,0.17296712,0.24263038,0.46106332,0.15089557,0.14098798
4u7g_K17_A_303,0,0.95633956,0.17895681,0.23274294,0.46230633,0.15544336,0.14351343
4u8p_UDP_A_603,0.5599857,0,0.17320848,0.24197307,0.46074918,0.15439946,0.13161096
4u8p_UDP_C_603,0.5599857,0,0.17320848,0.24197307,0.46074918,0.15439946,0.13161096
4ubp_HAE_C_800,0,0.96412458,0.17897642,0.23271271,0.46231341,0.15543078,0.1436001
4uc9_ASP_A_1300,0.5599857,0,0.17320848,0.24197307,0.46074918,0.15439946,0.13161096
4uc9_ASP_B_1300,0.55998571,2.1667471e-05,0.17320853,0.24197298,0.4607492,0.15439943,0.1316112
4uc9_ASP_D_1300,0.5599857,2.9363854e-06,0.17320849,0.24197305,0.46074918,0.15439946,0.13161099
4uch_OLW_A_800,0,0.9817659,0.17902086,0.23264421,0.46232945,0.15540228,0.1437965
4uch_OLW_B_800,0,0.9800868,0.17901663,0.23265073,0.46232793,0.155405,0.1437778
4udc_DEX_A_1778,0.99319767,0.99631688,0.17313471,0.24237212,0.46112396,0.15078707,0.14173157
4ug6_H4B_A_902,0.4849042,0.98518447,0.17613781,0.23740793,0.46173755,0.15315497,0.14274732
4ug6_XFJ_A_904,0.038658154,0.97219741,0,0.18373994,0.38637873,0.14559947,0.12035353
4ug7_1EV_A_904,0.96100584,0.94913861,0.17320784,0.24223818,0.46112054,0.15101212,0.14127852
4ugf_Q16_A_904,0,0.97343389,0.17899987,0.23267656,0.46232188,0.15541574,0.14370374
4umd_CIT_A_1174,0.56003351,0.66789634,0.17489062,0.23937989,0.46135663,0.15332028,0.13904651
4uoc_NCN_A_400,0.88952884,0.93701261,0.17360354,0.24158111,0.46119722,0.15136215,0.14130378
4upd_7P9_A_1550,0.5599857,0,0.17320848,0.24197307,0.46074918,0.15439946,0.13161096
4uqs_INE_A_904,0.99602178,0.98460568,0.17308837,0.24244541,0.46110984,0.15079293,0.14159486
4ur9_BK9_B_1717,0.0012290962,0.99591362,0.17904917,0.23260138,0.46234082,0.15537374,0.14395125
4ur9_OAN_A_1718,0.5599857,0,0.17320848,0.24197307,0.46074918,0.15439946,0.13161096
4ur9_OAN_B_1718,0.5599857,0,0.17320848,0.24197307,0.46074918,0.15439946,0.13161096
4uy7_HIS_B_800,0.5599857,0,0.17320848,0.24197307,0.46074918,0.15439946,0.13161096
4uzi_IMD_B_1455,0.56003157,0.64089495,0.17482262,0.23948472,0.46133207,0.15336391,0.13874591
4uzi_IMD_B_1456,0.8941696,0.99299115,0.17371687,0.24140946,0.46124245,0.15125026,0.14191658
4v2z_Y70_A_151,0.99272155,0.99119661,0.17312465,0.24238731,0.46111988,0.15079754,0.14167564
4v2z_Y70_B_151,0.99349922,0.99131937,0,0.19392305,0.38653385,0.14132055,0.11882667
4v2z_Y70_C_151,0.98637397,0.98745801,0.17315309,0.24233929,0.46112427,0.15083293,0.14164825
4v36_LYN_A_1851,0.5599857,1.1230582e-09,0.17320848,0.24197307,0.46074918,0.15439946,0.13161096
4v3w_E2Z_A_800,0.0007964011,0.98496681,0.17902417,0.23263963,0.46233139,0.15539343,0.14383035
4v3w_E2Z_B_800,0.19068595,0.98831743,0.17790023,0.2344973,0.46210143,0.15451013,0.14344188
4w1v_3GS_B_502,0.5599857,0,0.17320848,0.24197307,0.46074918,0.15439946,0.13161096
4wbd_CIT_A_602,0.89966864,0.97166556,0.17363036,0.24154644,0.4612163,0.15125929,0.14166684
4wca_CIT_A_401,0.56004697,0.85602974,0.17536445,0.23864944,0.46152773,0.15301629,0.14114096
4wdd_CIT_A_401,0.98767434,0.92971153,0.17299987,0.24257633,0.46107015,0.15092021,0.14100244
4wdx_WDX_B_402,0.5599857,0,0.17320848,0.24197307,0.46074918,0.15439946,0.13161096
4wqq_MAN_A_204,0.91004476,0.90842341,0.17340918,0.24189423,0.46114604,0.15131349,0.1409395
4wqq_MAN_B_204,0.017094036,0.95570808,0.17885328,0.2329138,0.46228477,0.15536535,0.14346807
4wqq_MAN_C_204,0,0.93793687,0.17891046,0.2328144,0.46228958,0.15547309,0.14330855
4wqq_MAN_D_204,0.81890647,0.95995344,0.17408247,0.2407963,0.46130475,0.15165159,0.14171753
4ws1_URF_A_301,0.5599857,0,0.17320848,0.24197307,0.46074918,0.15439946,0.13161096
4ws2_6UA_A_303,0.11268026,0.9576682,0.1782882,0.23384784,0.46216927,0.15492028,0.14327557
4ws6_WBU_A_301,0,0.96191823,0.17897086,0.23272128,0.4623114,0.15543435,0.14357553
4wua_3UL_A_701,0.5599857,0,0.17320848,0.24197307,0.46074918,0.15439946,0.13161096
4wxb_CIT_A_501,0.79853253,0.96946531,0.17422793,0.24055865,0.4613384,0.15173042,0.14186911
4wxb_CIT_C_501,0.5599857,0,0.17320848,0.24197307,0.46074918,0.15439946,0.13161096
4wxb_CIT_D_501,0,0.89851491,0.17881116,0.23296748,0.46225372,0.15553678,0.14286967
4x36_CHT_A_408,0.99463491,0.97509629,0.17307269,0.24246867,0.46110289,0.15081471,0.1414921
4x36_CHT_A_409,0.99646917,0.97188093,0.17305365,0.24249923,0.46109771,0.15081142,0.14145219
4x36_CHT_A_410,0.95947472,0.94872947,0.17321594,0.24222468,0.46112205,0.15101986,0.1412774
4x36_CHT_A_411,0.87202325,0.92654684,0.17368157,0.2414493,0.46120918,0.15145999,0.14122652
4x36_CHT_A_412,0,0.91100396,0.17884262,0.23291898,0.46226509,0.1555166,0.14300871
4x3j_3WR_A_1201,0.98624027,0.97209732,0.17311519,0.24239762,0.46111046,0.15085836,0.14147754
4xfh_CYS_A_502,0.56004423,0.81774772,0.17526803,0.23879807,0.46149291,0.15307815,0.14071477
4xh4_PPI_A_504,0.99779281,0.98414873,0.17307666,0.24246463,0.46110725,0.15078548,0.1415858
4xp0_42A_A_404,0.99687933,0.98992031,0.17309664,0.24243322,0.46111362,0.15078038,0.1416521
4xp2_TT4_A_401,0,0.98063021,0.179018,0.23264862,0.46232842,0.15540412,0.14378385
4xp3_DX4_A_401,0.5599857,0,0.17320848,0.24197307,0.46074918,0.15439946,0.13161096
4xpq_FUL_A_1002,0.99573926,0.97736956,0.17307183,0.24247073,0.4611036,0.15080593,0.14151493
4xpq_FUL_A_1003,0.5599857,0,0.17320848,0.24197307,0.46074918,0.15439946,0.13161096
4xpq_FUL_A_1004,0.5599857,0,0.17320848,0.24197307,0.46074918,0.15439946,0.13161096
4xti_IMP_A_601,0.5599857,0,0.17320848,0.24197307,0.46074918,0.15439946,0.13161096
4xti_IMP_B_601,0.5599857,0,0.17320848,0.24197307,0.46074918,0.15439946,0.13161096
4xv4_25T_A_302,0.99781225,0.99723952,0.17310951,0.24241399,0.46111913,0.15076424,0.1417315
4xv4_25T_A_303,0.77106562,0.99754875,0.17446247,0.24017902,0.46139765,0.15181203,0.14224334
4xz9_G3P_B_302,0.9904519,0.94481558,0.17302136,0.24254505,0.46108048,0.15088297,0.14116437
4xz9_G3P_C_302,0.99723439,0.95554234,0.17300793,0.24257021,0.46108191,0.15083428,0.14126858
4xzh_48I_A_402,0.99561665,0.98719046,0.17309729,0.24243138,0.46111269,0.15079063,0.14162454
4xzh_48I_B_402,0.99490213,0.99381686,0.17311825,0.24239861,0.46111959,0.15078323,0.14169992
4y14_C0A_A_407,0.96805373,0.98888046,0.2301459,1.7355343e-72,0.9954446,0.18394375,0.22136841
4y6n_3PG_A_402,0.5599857,0,0.17320848,0.24197307,0.46074918,0.15439946,0.13161096
4yjs_4DN_A_701,0,0,0.11242441,0,0.16813249,0.11975299,0.043042811
4ynu_LGC_A_603,0.003144213,0,0.083711382,0,2.5022509e-07,0.10307656,0.0028439231
4ysx_MLI_A_701,0.56004511,0.83010616,0.17529916,0.23875009,0.46150415,0.15305818,0.14085236
4ysx_MLI_E_701,0.98895814,0.93643956,0.17300917,0.24256286,0.46107469,0.1509034,0.14107447
4yu7_DHC_A_203,0.55999497,0.12943757,0.17353448,0.24147051,0.4608669,0.15419032,0.13305196
4yu7_DHC_A_204,0.5634816,0.88076034,0.005383885,0.19127152,0.38875533,0.14371959,0.11911155
4yu7_DHC_B_204,0.065174607,0.87599011,0.17836576,0.233697,0.46215326,0.15527186,0.14247277
4ywd_NTM_A_704,0.044634742,0.94738022,0.17866807,0.23321745,0.4622434,0.15525148,0.1433136
4z1d_PEP_A_300,0.82637592,0.97958178,0.17408737,0.24079367,0.46131344,0.15158535,0.1419193
4z2w_AKG_A_401,0.99517206,0.87459617,0.17281633,0.24286421,0.46101081,0.15097459,0.14037204
4z69_DIF_A_1006,0.56001702,0.43761168,0.17431063,0.24027399,0.46114718,0.15369237,0.1364828
4z69_DIF_A_1007,0.9943386,0.98504842,0.17309952,0.24242711,0.46111231,0.1508,0.14160356
4z69_DIF_I_1006,0.56001976,0.4758969,0.17440706,0.24012535,0.461182,0.15363051,0.13690902
4z6p_DHY_C_403,0.98436267,0.98302604,0.17315392,0.24233669,0.46112271,0.15084939,0.14160342
4za7_4LV_A_606,0.56004662,0.85111147,0.17535206,0.23866854,0.46152326,0.15302424,0.1410862
4zb2_GLC_A_403,0.56003976,0.75531922,0.1751108,0.23904046,0.46143614,0.15317902,0.14001977
4zb5_GLC_A_403,0.55998819,0.034694196,0.17329586,0.24183836,0.46078073,0.1543434,0.1319972
4zbc_FRU_A_410,0.007092705,0.97979015,0.17897359,0.23272176,0.46231895,0.15537268,0.1437586
4zbc_FRU_B_408,0.0056344966,0.97584926,0.17897235,0.23272269,0.46231716,0.15538579,0.14371799
4zbc_FRU_B_409,0,0.87942438,0.17876307,0.23304161,0.46223636,0.15556762,0.14265713
4zbc_GLC_A_407,0.55998843,0.038054895,0.17330432,0.24182531,0.46078379,0.15433797,0.13203461
4zbc_GLC_A_408,0.5599857,0,0.17320848,0.24197307,0.46074918,0.15439946,0.13161096
4zbc_GLC_B_406,0.5599857,0,0.17320848,0.24197307,0.46074918,0.15439946,0.13161096
4zbc_GLC_B_407,0.5599857,0,0.17320848,0.24197307,0.46074918,0.15439946,0.13161096
4zdz_TPF_A_602,3.7063607e-05,0.99033853,0.17904223,0.23261129,0.46233721,0.15538826,0.14389185
4zhd_4OZ_A_202,0.56004258,0.79465962,0.17520988,0.23888772,0.46147192,0.15311546,0.14045774
4zhd_4OZ_B_202,0.56003001,0.61909143,0.1747677,0.23956938,0.46131224,0.15339914,0.13850317
4zhd_4OZ_C_202,0.56003612,0.70443927,0.17498266,0.23923801,0.46138986,0.15326123,0.13945333
4zib_4OG_A_512,0.078209433,0.97114356,0.17852771,0.23345593,0.46222382,0.15505787,0.14350288
4zjz_BEZ_B_601,0.99635403,0.98838298,0.1730959,0.24243402,0.46111287,0.15078529,0.14163617
4zo7_BGC_A_801,0.5599857,0,0.17320848,0.24197307,0.46074918,0.15439946,0.13161096
4zo7_BGC_A_802,0.5599857,0,0.17320848,0.24197307,0.46074918,0.15439946,0.13161096
4zo7_GLC_A_806,0.56004494,0.8277337,0.17529318,0.2387593,0.461502,0.15306202,0.14082594
4zqp_IMP_A_601,0.5599857,0,0.17320848,0.24197307,0.46074918,0.15439946,0.13161096
4zsy_RW2_A_502,0,0.93005886,0.17889061,0.23284499,0.46228242,0.15548582,0.14322085
4zsy_RW2_B_502,0.5599857,0,0.17320848,0.24197307,0.46074918,0.15439946,0.13161096
4zsy_RW2_C_502,0.5599857,0,0.17320848,0.24197307,0.46074918,0.15439946,0.13161096
4zsy_RW2_D_502,0.5599857,0,0.17320848,0.24197307,0.46074918,0.15439946,0.13161096
4zu3_4SD_B_302,0.56004403,0.81490058,0.17526086,0.23880913,0.46149032,0.15308275,0.14068307
4zu3_4SD_C_301,0.56004703,0.85692165,0.1753667,0.23864598,0.46152854,0.15301485,0.14115089
4zu3_4SD_D_301,0.098106271,0.9617154,0.17838531,0.23368855,0.46219083,0.15498111,0.1433533
4zu3_4SD_E_301,0.56000719,0.30014726,0.17396442,0.24080771,0.46102216,0.15391449,0.13495243
4zu3_4SD_F_301,0.98242217,0.90510997,0.17296923,0.24262012,0.46105421,0.15098423,0.14074033
4zvv_GN0_A_405,0.56004167,0.7820357,0.17517809,0.23893673,0.46146043,0.15313585,0.1403172
4zvv_GN0_B_404,0.5599857,0,0.17320848,0.24197307,0.46074918,0.15439946,0.13161096
4zvv_GN0_C_403,0,0,0.11242451,3.7963848e-07,0.16813296,0.11975305,0.043042955
4zvv_GN0_D_403,0.5599857,0,0.17320848,0.24197307,0.46074918,0.15439946,0.13161096
4zvz_4TF_A_503,0,0.95377214,0.17895034,0.23275291,0.46230399,0.15544751,0.14348484
4zvz_4TF_B_503,0.56004439,0.81991149,0.17527348,0.23878967,0.46149488,0.15307465,0.14073886
4zvz_4TF_C_503,0.56004498,0.82818961,0.17529433,0.23875753,0.46150241,0.15306128,0.14083102
4zvz_4TF_D_503,0.56004682,0.85398393,0.1753593,0.23865738,0.46152587,0.1530196,0.14111818
5a02_GOL_A_1341,0.56004756,0.86432338,0.17538534,0.23861724,0.46153527,0.15300289,0.14123329
5a02_GOL_B_1342,0.56003983,0.75620879,0.17511304,0.23903701,0.46143695,0.15317758,0.14002967
5a02_GOL_C_1341,0.56004645,0.84873149,0.17534607,0.23867778,0.46152109,0.15302809,0.14105971
5a02_GOL_D_1341,0.56002775,0.58751,0.17468816,0.239692,0.46128351,0.15345017,0.13815158
5a02_GOL_E_1341,0.5599857,0,0.17320848,0.24197307,0.46074918,0.15439946,0.13161096
5a02_GOL_F_1342,0.56004636,0.84756922,0.17534314,0.23868229,0.46152004,0.15302996,0.14104677
5a2r_MLT_A_1615,0,0.90303237,0.17882254,0.23294994,0.46225783,0.15552948,0.14291996
5a66_3PO_A_1000,0.56004367,0.80998541,0.17524848,0.23882821,0.46148585,0.15309069,0.14062836
5a66_3PO_B_1000,0.99077318,0.93241025,0.17298819,0.24259638,0.4610688,0.15090152,0.14102554
5a7p_6Z1_A_1361,0.92192178,0.91689295,0.17335969,0.24197835,0.46113917,0.1512449,0.14100716
5a86_D7E_A_1433,0.98957987,0.98934574,0.17313872,0.24236354,0.46112205,0.15081506,0.14166207
5a86_D7E_B_1432,0,0.99396087,0.17905158,0.23259686,0.46234055,0.15538258,0.14393226
5a8k_TP7_A_558,0,0.98155333,0.17902032,0.23264504,0.46232926,0.15540263,0.14379413
5a8k_TP7_D_554,0,0.97442664,0.17900237,0.23267271,0.46232278,0.15541414,0.14371479
5abz_Z47_A_201,0.5599857,0,0.17320848,0.24197307,0.46074918,0.15439946,0.13161096
5abz_Z47_B_201,0.5599857,0,0.17320848,0.24197307,0.46074918,0.15439946,0.13161096
5ack_SVQ_A_600,0.56004171,0.78258648,0.17517948,0.23893459,0.46146094,0.15313496,0.14032333
5adi_TUE_A_800,0.99028658,0.98303656,0.17311862,0.242395,0.46111545,0.15082198,0.14159025
5adi_TUE_B_800,0,0.98780125,0.17903606,0.23262078,0.46233494,0.15539253,0.14386369
5aew_BNL_C_462,0,0.99458514,0.17905315,0.23259443,0.46234112,0.15538157,0.14393921
5aew_BNL_I_462,0.99844431,0.94351381,0.17297042,0.24262884,0.46106949,0.15084812,0.14113195
5afy_WCE_H_1248,0.99677034,0.99125566,0.17310065,0.24242696,0.46111497,0.15077873,0.14166722
5ag5_DLR_A_1422,0.5599857,0,0.17320848,0.24197307,0.46074918,0.15439946,0.13161096
5agl_CCW_A_800,0.92788286,0.95427018,0.17341829,0.24189194,0.46116585,0.15115696,0.14140992
5agl_CCW_B_800,0.82902421,0.95835841,0.17401812,0.24090217,0.46129088,0.15160739,0.14167709
5agn_4JK_B_800,2.7294901e-06,0.93870554,0.17891238,0.23281144,0.46229028,0.15547184,0.1433171
5ahn_IMP_A_1468,0.5599857,0,0.17320848,0.24197307,0.46074918,0.15439946,0.13161096
5aov_GLV_A_1336,0,0.92334261,0.1788737,0.23287107,0.46227631,0.15549667,0.14314607
5aov_GLV_A_1356,0.25342018,0.94675033,0.17742142,0.23527673,0.46198663,0.15428725,0.14283846
5av2_KMP_A_300,0.5599857,0,0.17320848,0.24197307,0.46074918,0.15439946,0.13161096
5av3_KMP_A_300,0.99742038,0.97086888,0.17304543,0.24251253,0.46109563,0.15080866,0.14143879
5b4o_6DQ_A_201,3.9933693e-06,0.93239412,0.17889647,0.23283596,0.46228454,0.15548203,0.14324683
5b4o_6DQ_B_201,0.91413971,0.98808155,0.17358542,0.24162526,0.46121348,0.15116587,0.14181715
5b4o_6DQ_B_202,0.25459049,0.94140142,0.11261146,4.583909e-40,0.16563064,0.11666837,0.052019616
5b4u_MLA_A_302,0,0.93913408,0.17891347,0.23280975,0.46229067,0.15547116,0.14332188
5bk9_SIN_A_301,0.5599857,0,0.17320848,0.24197307,0.46074918,0.15439946,0.13161096
5bkd_AKG_A_502,0.9889843,0.98298466,0.17312625,0.24238238,0.461117,0.15082809,0.14159259
5bkd_AKG_B_502,0.97236046,0.89527235,0.17300445,0.2425592,0.46105761,0.15104664,0.14065337
5bkd_RCF_A_503,0.5599857,0,0.17320848,0.24197307,0.46074918,0.15439946,0.13161096
5bkd_RCF_B_503,0.5599857,0,0.17320848,0.24197307,0.46074918,0.15439946,0.13161096
5bwd_FUM_A_901,0.5599857,0,0.17320848,0.24197307,0.46074918,0.15439946,0.13161096
5bwr_4VT_A_402,0.5599857,0,0.17320848,0.24197307,0.46074918,0.15439946,0.13161096
5bwr_4VT_B_402,0.5599857,0,0.17320848,0.24197307,0.46074918,0.15439946,0.13161096
5c4i_TPP_C_402,0.10518923,0.96004788,0.17833887,0.23376481,0.46218062,0.15495106,0.14331886
5c7v_PYC_A_804,0.5599857,0,0.17320848,0.24197307,0.46074918,0.15439946,0.13161096
5c8w_PCG_A_302,0.5599857,0,0.17320848,0.24197307,0.46074918,0.15439946,0.13161096
5c8w_PCG_B_303,0.5599857,0,0.17320848,0.24197307,0.46074918,0.15439946,0.13161096
5c8w_PCG_C_302,0.98628668,0,0.15007121,0.1849617,0.36604939,0.14047284,0
5c8w_PCG_D_302,0.5599857,0,0.17320848,0.24197307,0.46074918,0.15439946,0.13161096
5c8w_PCG_E_302,0.5599857,0,0.17320848,0.24197307,0.46074918,0.15439946,0.13161096
5c8w_PCG_F_302,0.5599857,0,0.17320848,0.24197307,0.46074918,0.15439946,0.13161096
5cfw_53W_A_201,6.2280362e-05,0.97609097,0.17900619,0.23266686,0.46232422,0.15541116,0.14373318
5cga_KP6_A_301,0.99670158,0.98172379,0.22916602,5.8727569e-64,0.99034609,0.18336355,0.22011653
5cga_KP6_B_301,0.99601473,0.98382462,0.200934,0.32526239,0.60939695,0,0.18060111
5cga_KP6_C_301,0.99698746,0.98213717,0.17307639,0.24246451,0.46110641,0.15079246,0.14156521
5cga_KP6_E_301,0.99686063,0.96607774,0.1730367,0.24252562,0.46109195,0.15081899,0.14138671
5cga_KP6_F_301,0.99586843,0.9762993,0.17306836,0.24247616,0.46110247,0.15080706,0.14150273
5cga_KP6_H_301,0.99648687,0.98654367,0.17309048,0.24244247,0.46111103,0.15078765,0.14161539
5ci9_549_A_401,0,0.00047604393,0.15571881,0.17454463,0.3661847,0.14489531,0
5ci9_549_A_402,0.91531654,0.98041395,0.17355908,0.24166663,0.46120506,0.15117282,0.14172915
5cjn_52F_A_809,0.5599857,0,0.17320848,0.24197307,0.46074918,0.15439946,0.13161096
5clo_NS8_M_101,0,0.98830412,0.17903733,0.23261882,0.4623354,0.15539172,0.14386929
5cmb_GLY_A_301,0.5599857,0,0.17320848,0.24197307,0.46074918,0.15439946,0.13161096
5cpn_531_A_401,0.9526016,0.95912631,0.17328312,0.2421166,0.46113994,0.15103483,0.14140856
5cpn_531_B_401,0.5599857,0,0.17320848,0.24197307,0.46074918,0.15439946,0.13161096
5cpp_ADO_A_422,0.99587133,0.96500324,0.17303989,0.24252005,0.46109219,0.1508253,0.14137696
5cr1_STL_B_201,0,0.99110272,0.17904438,0.23260796,0.46233795,0.1553872,0.14390044
5cyf_FLC_A_301,0.98374886,0.95465406,0.17308611,0.24244081,0.46109765,0.15089806,0.14128893
5cyf_FLC_C_301,0.99120391,0.97583711,0.17309501,0.242432,0.46110777,0.15082937,0.14150804
5d41_57N_A_1103,0,0.98561914,0.17031883,0.20674483,0.4225037,0,0.13164275
5d8u_0N8_A_203,0.96603555,0.98452081,0.17326697,0.24215033,0.46114656,0.1509317,0.14166115
5dav_58J_A_402,0,0.99097036,0.17904404,0.23260847,0.46233783,0.15538741,0.14389897
5ddu_PMP_A_601,0.98996833,0.98548249,0.17312668,0.24238237,0.46111806,0.1508195,0.14161819
5ddu_PMP_B_601,0.21266363,0.98889566,0.17777063,0.23471156,0.46207498,0.15440759,0.14339904
5ddu_PMP_C_601,0.9915381,0.98647136,0.17311981,0.242394,0.46111704,0.15081065,0.14162568
5ddu_PMP_D_601,0.99385418,0.99089148,0.17311713,0.24239965,0.46111822,0.1507928,0.1416697
5del_D59_A_603,0.54678837,0.97301067,0.1757381,0.23806485,0.46165054,0.15288854,0.14247303
5del_ORO_A_602,0.5600469,0.85510364,0.17536212,0.23865304,0.46152689,0.15301779,0.14113065
5di7_5CQ_A_601,0.99054191,0,0.20115698,0.33694505,0.60352761,0.17012898,0.17339169
5di7_5CQ_B_601,0.5599857,0,0.17320848,0.24197307,0.46074918,0.15439946,0.13161096
5did_5CK_A_601,0.99497961,0.99718757,0.17312628,0.24238629,0.46112256,0.15077742,0.14173727
5die_5CJ_A_601,0.9934629,0.99384331,0.1731269,0.24238433,0.46112138,0.15078984,0.14170344
5die_5CJ_B_601,0,0.98932259,0.17903989,0.23261487,0.46233633,0.15539007,0.14388062
5dmm_HCS_A_505,0.56002032,0.48373169,0.17442679,0.24009493,0.46118913,0.15361785,0.13699624
5dne_ASN_A_601,0,0.98411263,0.17902677,0.2326351,0.46233159,0.15539849,0.14382262
5dne_ASN_B_601,0,0.97875276,0.17901327,0.23265591,0.46232671,0.15540715,0.14376295
5dne_ASN_C_601,0,0.98503793,0.1790291,0.23263151,0.46233243,0.155397,0.14383292
5dne_ASN_D_601,0,0.9763926,0.17900732,0.23266508,0.46232457,0.15541096,0.14373668
5dnx_5LD_B_201,0.98986377,0.98562376,0.17312765,0.24238079,0.46111832,0.15081976,0.14162
5dr9_SKE_A_401,0.5599857,0,0.17320848,0.24197307,0.46074918,0.15439946,0.13161096
5dt0_SKE_A_401,0.5599857,0,0.17320848,0.24197307,0.46074918,0.15439946,0.13161096
5dw3_TRP_A_402,0.5599857,0,0.17320848,0.24197307,0.46074918,0.15439946,0.13161096
5dw3_TRP_B_402,0.5599857,0,0.17320848,0.24197307,0.46074918,0.15439946,0.13161096
5dw3_TRP_C_402,0.5599857,0,0.17320848,0.24197307,0.46074918,0.15439946,0.13161096
5dw3_TRP_D_402,0.5599857,0,0.17320848,0.24197307,0.46074918,0.15439946,0.13161096
5dz2_212_B_404,0.99036767,0.94835662,0.17303078,0.24253047,0.4610838,0.15087763,0.14120398
5dzh_5KG_A_900,0.98964519,0.96594865,0.1730794,0.24245504,0.46110069,0.15085255,0.14140145
5dzh_5KG_B_901,0,0.98898475,0.17903904,0.23261618,0.46233602,0.15539062,0.14387686
5e4o_L57_A_201,0.0010655202,0.96973711,0.1789842,0.23270142,0.4623172,0.15541679,0.14366019
5e9m_BAE_A_2001,0.99808118,0.98347443,0.17307324,0.24247009,0.46110628,0.15078524,0.14157765
5edh_5MF_A_803,0.5599857,0,0.17320848,0.24197307,0.46074918,0.15439946,0.13161096
5edh_5MF_C_803,0.5599857,0,0.17320848,0.24197307,0.46074918,0.15439946,0.13161096
5edh_5MF_D_803,0.5599857,0,0.17320848,0.24197307,0.46074918,0.15439946,0.13161096
5eo7_SFU_A_402,0,0.93662884,0.17890716,0.23281948,0.46228839,0.1554752,0.14329399
5eo7_SFU_A_405,0.86463364,0.95290717,0.17379204,0.24127414,0.46124223,0.15145157,0.14153656
5eo7_SFU_B_401,0.94623429,0.93659269,0.17326433,0.24214137,0.46112726,0.15110068,0.14117197
5eo7_SFU_B_402,0.97909445,0.94413689,0.17308737,0.2424358,0.4610938,0.15093657,0.14118228
5eo7_SFU_B_404,0,0.95250126,0.17894714,0.23275785,0.46230283,0.15544956,0.1434707
5eo7_SFU_C_401,0.5600433,0.8047914,0.1752354,0.23884838,0.46148113,0.15309909,0.14057053
5eo7_SFU_C_402,0,0.90657278,0.22599514,0.37306998,0.67788952,0.98974494,0.20898986
5eo7_SFU_C_403,0.56003854,0.73820063,0.17506769,0.23910692,0.46142057,0.15320668,0.13982919
5eo7_SFU_C_404,0.96825835,0.98627008,0.17325812,0.24216544,0.46114542,0.1509186,0.14167564
5eo7_SFU_C_405,0,0.89753061,0.17880868,0.2329713,0.46225283,0.15553837,0.14285871
5eo8_TFU_A_402,0.5599857,0,0.17320848,0.24197307,0.46074918,0.15439946,0.13161096
5eo8_TFU_A_403,0.5599857,0,0.17320848,0.24197307,0.46074918,0.15439946,0.13161096
5eo8_TFU_A_405,0,0.84348533,0.268066,1.0330477e-43,0.98085887,0.20751078,0.98951449
5eo8_TFU_A_406,0.5599857,0,0.17320848,0.24197307,0.46074918,0.15439946,0.13161096
5eso_ISC_B_602,0.5599857,0,0.17320848,0.24197307,0.46074918,0.15439946,0.13161096
5ew8_5SF_A_803,0.98966429,0.96646893,0.1730806,0.24245321,0.46110114,0.15085163,0.1414072
5ew8_5SF_B_802,0.9519242,0.9640563,0.17329958,0.24209078,0.46114526,0.15103,0.14146496
5ewc_5SJ_A_801,0.5599857,0,0.17320848,0.24197307,0.46074918,0.15439946,0.13161096
5ezp_IPJ_A_201,0.98673532,0.98455747,0.17314362,0.24235411,0.46112119,0.15083594,0.14161514
5ezp_IPJ_B_201,0.5599857,0,0.17320848,0.24197307,0.46074918,0.15439946,0.13161096
5ezp_IPJ_C_201,0.56001266,0.37656898,0.17415689,0.240511,0.46109167,0.153791,0.13580322
5ezp_IPJ_F_201,0.5599857,1.7026874e-07,0.17320848,0.24197307,0.46074918,0.15439946,0.13161096
5ezp_IPJ_G_202,0.99217538,0.98536504,0.17311322,0.24240457,0.46111525,0.15080949,0.14161194
5f35_FLC_A_302,0.97670893,0.89337888,0.17297375,0.24260939,0.46105055,0.1510296,0.14062254
5f79_4V7_A_4000,0.5599857,0,0.17320848,0.24197307,0.46074918,0.15439946,0.13161096
5faj_DCS_A_401,0,0.94322705,0.17892378,0.23279386,0.4622944,0.15546454,0.14336745
5faj_DCS_C_401,0,0.94729317,0.17893402,0.23277807,0.4622981,0.15545797,0.14341271
5faj_DCS_D_401,0,0.97271179,0.17899805,0.23267937,0.46232122,0.15541691,0.1436957
5fal_SKT_A_502,0.5599857,0,0.17320848,0.24197307,0.46074918,0.15439946,0.13161096
5fay_CHT_B_906,0.98960278,0.96335208,0.17307311,0.2424647,0.46109838,0.15085695,0.14137264
5fc5_PC_A_516,0.98828868,0.93064361,0.17299856,0.24257877,0.46107024,0.15091586,0.14101144
5fe1_12Q_A_901,0.99711882,0.99322233,0.225911,4.9847221e-41,0.99032203,0,0.2156544
5fe4_5WY_A_903,0.9972424,0.99298581,0.1731022,0.2424249,0.46111596,0.15077375,0.14168542
5fe4_5WY_B_904,0.99617209,0.99050938,0.17310234,0.24242397,0.46111502,0.1507827,0.14166025
5fes_9SE_A_409,0.00058938415,0.97577998,0.17900227,0.23267326,0.46232329,0.15540923,0.14372853
5fh3_OXL_A_703,0.56003442,0.68061426,0.17492265,0.23933051,0.46136819,0.15329973,0.13918809
5fiu_Y3J_A_1299,0.56003476,0.68544196,0.17493481,0.23931177,0.46137258,0.15329193,0.13924184
5fiu_Y3J_B_1299,0.56004178,0.78350732,0.1751818,0.23893102,0.46146177,0.15313348,0.14033358
5fiu_Y3J_C_1299,0.5599857,0,0.17320848,0.24197307,0.46074918,0.15439946,0.13161096
5fkl_TDC_A_222,0,0.93251321,0.1788968,0.23283546,0.46228465,0.15548185,0.14324817
5fli_QUE_A_301,0,0.98549107,0.17903024,0.23262975,0.46233284,0.15539626,0.14383797
5fli_QUE_C_301,0.5599857,0,0.17320848,0.24197307,0.46074918,0.15439946,0.13161096
5fli_QUE_D_301,0.5599857,0,0.17320848,0.24197307,0.46074918,0.15439946,0.13161096
5fli_QUE_E_301,0.99697999,0.99193769,0.17310112,0.24242638,0.46111533,0.15077666,0.14167434
5fli_QUE_F_301,0,0.98729903,0.1790348,0.23262273,0.46233449,0.15539334,0.1438581
5fli_QUE_G_301,0.5599857,0,0.17320848,0.24197307,0.46074918,0.15439946,0.13161096
5fli_QUE_H_301,0,0.99093803,0.17904396,0.2326086,0.4623378,0.15538746,0.14389861
5fli_QUE_J_301,0.5599857,0,0.17320848,0.24197307,0.46074918,0.15439946,0.13161096
5fli_QUE_K_301,0.5599857,0,0.17320848,0.24197307,0.46074918,0.15439946,0.13161096
5fp9_4SV_A_1342,0.99651004,0.95046191,0.17299945,0.2425828,0.46107818,0.15084584,0.14121364
5fqf_NGA_A_1588,0.5599857,0,0.17320848,0.24197307,0.46074918,0.15439946,0.13161096
5fqf_NGA_A_1589,0.51472543,0.97663452,0.17593844,0.23773491,0.46169318,0.15303092,0.14258527
5fqf_NGA_B_1585,0.9868576,0.97254082,0.17311263,0.24240198,0.46111011,0.15085479,0.14148109
5fqf_NGA_B_1586,0.11588472,0.97927225,0.17832351,0.23379552,0.46218499,0.15487056,0.1435089
5fuv_THM_A_1388,0.5599857,0,0.17320848,0.24197307,0.46074918,0.15439946,0.13161096
5fuv_THM_B_1385,0.5599857,0,0.17320848,0.24197307,0.46074918,0.15439946,0.13161096
5fv3_OGA_A_1770,0.99799561,0.98032821,0.17306582,0.24248147,0.46110352,0.15079072,0.14154281
5fwe_OGA_A_1358,0.99620838,0.90992515,0.17289914,0.24273724,0.46104168,0.15091272,0.14076303
5fwe_OGA_B_1359,0.5599857,0,0.17320848,0.24197307,0.46074918,0.15439946,0.13161096
5fzn_FB2_A_1615,0.92541509,0.99330165,0.17353133,0.24171607,0.46120439,0.15110531,0.14184998
5g09_6DF_A_1475,0.5599857,0,0.17320848,0.24197307,0.46074918,0.15439946,0.13161096
5g09_6DF_C_1475,0.5599857,0,0.17320848,0.24197307,0.46074918,0.15439946,0.13161096
5g0v_JDD_B_1271,2.0925589e-10,0.91805016,0.17886036,0.23289162,0.46227149,0.15550522,0.14308715
5g21_YN4_A_1002,0.95834817,0.91294372,0.17313252,0.24235254,0.46109088,0.15108288,0.14088152
5g44_SWX_A_1511,1.3399904e-05,0.95621643,0.17895642,0.23274355,0.4623062,0.1554435,0.14351203
5g44_YTZ_A_1512,0.00010079617,0.98901905,0.17903853,0.23261704,0.46233593,0.1553901,0.14387702
5g4r_LF1_A_1739,0.93962611,0.9900072,0.17343828,0.24186886,0.46118395,0.15104493,0.14178144
5g4r_LF1_B_1739,0,0.98223903,0.17902205,0.23264237,0.46232988,0.15540152,0.14380176
5g4r_LF1_C_1739,0.56000044,0.20596405,0.17372721,0.24117339,0.4609365,0.15406667,0.13390391
5g4r_LF1_D_1739,0.36085273,0.9944272,0.17690085,0.23614996,0.46189818,0.15371355,0.14312836
5g6g_H8B_A_1367,0.99125968,0.98773209,0.17312464,0.24238636,0.46111853,0.1508099,0.14164034
5g6i_M85_A_904,0.96293771,0.98884147,0.17329633,0.24210304,0.46115429,0.15093904,0.1417162
5g6k_M94_A_904,0,0.98335847,0.17902487,0.23263803,0.4623309,0.15539971,0.14381423
5gnx_BGC_B_503,0.5599857,0,0.17320848,0.24197307,0.46074918,0.15439946,0.13161096
5goo_FRU_A_501,0.97635857,0.97909459,0.17319174,0.2422731,0.46112895,0.15089274,0.14157759
5goo_FRU_B_501,0.5599857,0,0.17320848,0.24197307,0.46074918,0.15439946,0.13161096
5gri_CIT_B_401,0.56002577,0.55984175,0.17461848,0.23979942,0.46125835,0.15349487,0.13784356
5gto_MYR_A_502,0,0.91446168,0.086176918,0,0,0.10169699,0.013232467
5gwt_SIN_A_302,0.56000077,0.21048408,0.1737386,0.24115584,0.46094061,0.15405936,0.13395423
5gwt_SIN_B_302,0.56000077,0.21047902,0.17373858,0.24115586,0.46094061,0.15405937,0.13395418
5gwt_SIN_C_301,0.56000203,0.22806921,0.17378289,0.24108756,0.46095661,0.15403095,0.13415
5gwt_SIN_D_301,0.56251951,0.48420553,0.1657624,0.214395,0.42161778,0,0.12488038
5gwx_SAR_A_302,0,0.89604445,0.17880493,0.23297707,0.46225148,0.15554077,0.14284217
5gzz_GSH_C_301,0.9453332,0.89594864,0.17316732,0.24229032,0.46109139,0.1511705,0.1407215
5gzz_GSH_E_301,0.89858757,0.92094639,0.07902847,0,0,0.096484164,5.2959235e-09
5gzz_JAA_A_601,0.56004302,0.80081838,0.1752254,0.2388638,0.46147752,0.1531055,0.1405263
5h24_LQG_A_501,0.99173182,0.9911564,0.17313045,0.24237771,0.46112106,0.15080218,0.14167741
5h24_LQG_B_501,0.93618506,0.99551025,0.17347266,0.24181359,0.46119318,0.15105195,0.14185042
5h5k_C5P_A_206,0,0.97518633,0.17900428,0.23266976,0.46232347,0.15541291,0.14372325
5h5k_C5P_B_203,0.98619093,0.98134925,0.17313879,0.24236121,0.46111894,0.15084364,0.14158065
5h8f_GLU_A_302,0.5599857,0,0.17320848,0.24197307,0.46074918,0.15439946,0.13161096
5h8q_5YE_B_302,0.98891678,0.99544219,0.17315803,0.24233334,0.46112841,0.15080827,0.14173143
5h8q_GLU_A_302,0.5599857,0,0.17320848,0.24197307,0.46074918,0.15439946,0.13161096
5h8q_GLY_B_301,0.5599857,0,0.17320848,0.24197307,0.46074918,0.15439946,0.13161096
5h9i_XAN_A_301,0.5599857,0,0.17320848,0.24197307,0.46074918,0.15439946,0.13161096
5ha7_WY1_A_402,0.59192995,0.97798684,0.17548144,0.23849024,0.46159967,0.1526718,0.14242722
5hc0_NPO_A_402,0.9968218,0.96444565,0.17303282,0.24253158,0.46109052,0.1508218,0.14136863
5hc0_NPO_A_407,0.0024416399,0.94634404,0.17891707,0.23280581,0.46229424,0.15544822,0.14339667
5hfa_FP1_A_607,0.00070349745,0.99142359,0.17904099,0.23261364,0.46233738,0.15538343,0.14390244
5hfa_FP1_A_608,0.0055357731,0.99015668,0.17900898,0.23266616,0.46233029,0.15536313,0.1438775
5hfa_FP1_B_609,0.0041199842,0.98771627,0.17901128,0.23266169,0.46232981,0.15537362,0.1438535
5hgz_MLA_A_302,0.87498562,0.95220147,0.17372853,0.24137886,0.46122888,0.15140485,0.14150549
5hgz_MLA_A_303,0.56003416,0.6770346,0.17491364,0.23934441,0.46136494,0.15330551,0.13914824
5hpu_IPH_A_101,0.99360749,0.98832659,0.17311214,0.24240718,0.46111619,0.15079808,0.1416417
5hss_64Z_A_402,0.97133303,0.98992821,0.173249,0.24218153,0.46114497,0.15089847,0.14170947
5hss_64Z_D_403,0,0.97149108,0.17899498,0.23268411,0.46232011,0.15541888,0.14368211
5hss_64Z_E_402,0.56004783,0.86807189,0.17539478,0.23860269,0.46153868,0.15299684,0.14127502
5hss_650_B_402,0.99662284,0.94607063,0.078445749,0,1.3837209e-05,0.095954695,1.2159889e-05
5hss_650_C_401,0.99721166,0.96225441,0.17302497,0.24254392,0.46108805,0.15082354,0.14134336
5i0d_GLC_B_1122,0.98080117,0.99150468,0.079842496,0,1.8145499e-05,0.096643481,0.01093882
5i0m_UMP_A_201,0.5599857,0,0.17320848,0.24197307,0.46074918,0.15439946,0.13161096
5i0m_UMP_B_201,0.5599857,0,0.17320848,0.24197307,0.46074918,0.15439946,0.13161096
5i3p_68T_A_1003,0.63926864,0.93984835,0.17510308,0.23910468,0.46150689,0.15251456,0.14189648
5i5s_NVU_B_402,0.99564549,0.99177946,0.079795558,0,0.00035780691,0.096598154,0.010965867
5i5t_67X_B_402,0.99593959,0.98907564,0.17310012,0.24242725,0.461114,0.15078609,0.14164481
5i7r_68W_A_402,0.8057277,0.98304264,0.17421922,0.24057681,0.46134192,0.15167522,0.14200413
5i8s_LEA_A_202,0.99427968,0.98192232,0.173092,0.24243867,0.46110953,0.15080532,0.14156889
5i8z_JA1_A_302,0.98746334,0.97862476,0.17312434,0.24238432,0.4611149,0.15084216,0.14154746
5i93_69O_A_202,0.67255295,0.98940062,0.17502941,0.23924017,0.46151112,0.15228063,0.14237351
5i95_AKG_A_508,0.8047017,0.92387108,0.1740763,0.24079647,0.46128936,0.15177555,0.14134768
5i9m_69K_B_302,0.99556728,0.9888055,0.17310166,0.24242463,0.46111422,0.15078825,0.14164264
5i9m_69K_C_302,0,0.9894816,0.17904029,0.23261425,0.46233647,0.15538982,0.1438824
5iav_MLI_B_302,0.56003072,0.62897078,0.17479259,0.23953102,0.46132122,0.15338317,0.13861316
5ice_2H4_A_402,0,0.97953153,0.17901523,0.23265289,0.46232742,0.15540589,0.14377162
5icf_SAU_A_402,0,0.9098824,0.17883979,0.23292334,0.46226406,0.15551841,0.14299622
5igs_GMP_A_403,0.5599857,0,0.17320848,0.24197307,0.46074918,0.15439946,0.13161096
5ihe_D5M_A_701,0.5599857,0,0.17320848,0.24197307,0.46074918,0.15439946,0.13161096
5ihe_D5M_B_701,0.5599857,0,0.17320848,0.24197307,0.46074918,0.15439946,0.13161096
5ijz_AKG_B_502,0.56003577,0.69949005,0.17497019,0.23925722,0.46138536,0.15326923,0.13939823
5ijz_AKG_C_502,0.56004598,0.84218857,0.17532959,0.23870318,0.46151514,0.15303866,0.14098687
5ijz_AKG_D_502,0.56004361,0.80909723,0.17524625,0.23883166,0.46148505,0.15309213,0.14061847
5ijz_AKG_E_502,0.97827861,0.90479394,0.17299314,0.24258053,0.46105901,0.1510039,0.1407461
5ijz_AKG_H_502,0.56004106,0.77345918,0.17515649,0.23897003,0.46145263,0.15314971,0.14022172
5in3_G1P_A_416,0.98500283,0.98369825,0.17315179,0.24234038,0.46112253,0.15084534,0.14160946
5in3_G1P_B_418,0,0.98134431,0.1790198,0.23264585,0.46232907,0.15540296,0.1437918
5ioq_DUR_B_302,0.5599857,0,0.17320848,0.24197307,0.46074918,0.15439946,0.13161096
5ioq_DUR_B_303,0.5599857,0,0.17320848,0.24197307,0.46074918,0.15439946,0.13161096
5ioq_DUR_C_302,0.5599857,0,0.17320848,0.24197307,0.46074918,0.15439946,0.13161096
5ip6_6C9_A_301,0.5599857,0,0.17320848,0.24197307,0.46074918,0.15439946,0.13161096
5irw_D9P_B_202,0.92073588,0.97439807,0.17351161,0.24174338,0.46119293,0.15115748,0.14165002
5ita_6DC_B_801,0.51378784,0.98211419,0.17595783,0.2377044,0.46169931,0.1530264,0.14264837
5iuy_BOG_B_503,0.5599857,0,0.17320848,0.24197307,0.46074918,0.15439946,0.13161096
5iuy_BOG_C_503,0.084318658,0.97060563,0.17848992,0.23351821,0.46221584,0.15503049,0.14348319
5ivg_FPS_A_704,0,0.91136301,0.17884352,0.23291759,0.46226541,0.15551602,0.14301271
5ivg_FPS_B_704,0,0.90848534,0.17883627,0.23292876,0.46226279,0.15552067,0.14298067
5ivg_FPS_C_704,0,0.95714237,0.17895883,0.23273983,0.46230706,0.15544206,0.14352236
5ivg_FPS_D_704,0,0.94506983,0.17892842,0.2327867,0.46229607,0.15546157,0.14338796
5j4k_6FZ_A_404,0.98689663,0.96632288,0.17309673,0.24242651,0.4611044,0.15086466,0.14141178
5j5i_6GM_A_302,0.86870557,0.99500192,0.17387379,0.2411508,0.46127552,0.15136474,0.14199607
5j5i_6GM_A_303,0,0.98802078,0.17903661,0.23261992,0.46233514,0.15539218,0.14386613
5j5i_6GM_B_302,0.95485162,0.99110342,0.17335025,0.2420146,0.46116627,0.15097277,0.14175951
5j5i_6GM_C_302,0.94990699,0.99640057,0.17339308,0.24194532,0.46117715,0.15098707,0.14182957
5j5i_6GM_E_302,0,0.98878924,0.17903855,0.23261694,0.46233584,0.15539094,0.14387469
5j5i_6GM_F_303,0.95778132,0.98841696,0.17332601,0.24205389,0.46116023,0.15096357,0.14172303
5j5i_6GM_I_302,0.96099703,0.9960377,0.17332603,0.24205598,0.46116322,0.15093639,0.14180066
5j5i_6GM_I_303,0,0.98261416,0.17902299,0.23264092,0.46233023,0.15540091,0.14380594
5j61_A3G_A_501,0.98920645,0.98003429,0.1731175,0.24239602,0.46111404,0.15083183,0.14155925
5j61_A3G_B_501,0.95025229,0.96542331,0.17331299,0.242069,0.46114855,0.15103552,0.14148393
5j61_A3G_C_501,0,0.98354299,0.17902533,0.23263731,0.46233107,0.15539941,0.14381628
5j61_A3G_D_501,0.97440373,0.95496649,0.17314263,0.24234753,0.4611094,0.15094076,0.14131336
5j61_A3G_E_501,0,0.97138985,0.17899472,0.2326845,0.46232002,0.15541905,0.14368098
5j61_A3G_F_501,0,0.96691498,0.17898345,0.23270188,0.46231595,0.15542627,0.14363116
5j6y_GLC_A_309,0.5599857,0,0.17320848,0.24197307,0.46074918,0.15439946,0.13161096
5je1_TOF_A_302,0.5599857,0,0.17320848,0.24197307,0.46074918,0.15439946,0.13161096
5je1_TOF_B_302,0.5599857,0,0.17320848,0.24197307,0.46074918,0.15439946,0.13161096
5je5_AZ9_A_302,0.5599857,0,0.17320848,0.24197307,0.46074918,0.15439946,0.13161096
5je7_EVF_B_302,0.99305987,0.99127975,0.17312284,0.24239032,0.46111954,0.15079584,0.1416758
5jeh_EVF_B_302,0.99037332,0.9302559,0.22207022,0,0.94396135,0.17940897,0.2097475
5jep_EVF_B_302,0.99295943,0.99046955,0.1731214,0.24239247,0.46111893,0.15079762,0.14166701
5jep_EVF_B_303,0.45918749,0.96962177,0.17625196,0.23721502,0.46175495,0.15329901,0.14263172
5jfx_6K4_A_4000,0.56004814,0.8724129,0.17540571,0.23858583,0.46154263,0.15298982,0.14132335
5jg5_EVF_B_301,0.992079,0.98036964,0.99777049,0.99811944,0.99679406,0.25377476,0.38991441
5jj2_MLI_A_302,0.88094184,0.86098166,0.080167811,0,7.2630691e-05,0.097350035,0.0097917099
5jj2_MLI_A_303,0.99342226,0.93313281,0.17297421,0.24261967,0.4610662,0.15088811,0.14102764
5jj2_MLI_A_305,0.56000197,0.2272155,0.17378074,0.24109088,0.46095583,0.15403233,0.1341405
5joy_6LW_A_602,0,0.95993939,0.17896588,0.23272896,0.4623096,0.15543754,0.1435535
5joy_6LW_B_602,0.0075773133,0.93147422,0.17884899,0.23291414,0.46227441,0.1554485,0.14321961
5jp9_DCM_A_401,0,0.93097189,0.17889291,0.23284145,0.46228325,0.15548434,0.14323101
5jp9_DCM_B_401,0.9815708,0.92004257,0.17301192,0.24255375,0.46106884,0.15096405,0.14090848
5jtt_6MY_A_902,0.5599857,0,0.17320848,0.24197307,0.46074918,0.15439946,0.13161096
5jtu_6NE_A_902,0.5599857,0,0.17320848,0.24197307,0.46074918,0.15439946,0.13161096
5k2c_ZMA_A_1201,0,0.99248909,0.17904787,0.23260257,0.46233921,0.15538496,0.14391588
5k5m_68T_A_1003,0.33246179,0.94907178,0.17695591,0.23604638,0.46189176,0.15391808,0.14268708
5kas_PC_A_517,0,0.93784104,0.17891022,0.23281477,0.4622895,0.15547325,0.14330748
5kcj_6RM_B_302,0,0.99481248,0.99295956,0.47735298,0.70238409,0.20321156,0.25930949
5kcj_GLU_A_302,0.5599857,0,0.17320848,0.24197307,0.46074918,0.15439946,0.13161096
5kcp_PFB_A_378,0,0.96046529,0.1789672,0.23272692,0.46231008,0.15543669,0.14355936
5kcp_PFB_B_378,0,0.95406069,0.17895107,0.23275179,0.46230425,0.15544704,0.14348806
5kcp_PFB_B_379,0.55998897,0.045693112,0.17332356,0.24179566,0.46079074,0.15432563,0.13211965
5kf2_COA_A_401,0.91137968,0.93869756,0.17347748,0.24178983,0.46117194,0.15125841,0.14127355
5kjw_53C_A_800,0.94584594,0.98725683,0.17339426,0.24194081,0.46117382,0.15102062,0.14173688
5kjw_53C_B_800,0.99900078,0.99665836,0.17310096,0.24242796,0.46111715,0.15075969,0.14172236
5kts_CIZ_A_402,0.55998736,0.023160639,0.17326681,0.24188314,0.46077024,0.15436204,0.1318688
5kxb_NGA_A_307,0.98461004,0.91079338,0.17297049,0.24261961,0.4610567,0.15096494,0.1407987
5kxb_NGA_B_305,0,0.91942647,0.17886383,0.23288628,0.46227275,0.15550299,0.14310248
5kxb_NGA_D_301,0,0.95943679,0.17896461,0.23273092,0.46230914,0.15543836,0.14354791
5l1u_7PF_A_401,0.5599857,0,0.17320848,0.24197307,0.46074918,0.15439946,0.13161096
5l1v_7PF_A_401,0,0,0.22392291,0.37721818,0.67803107,0.99422414,0.19919293
5l7u_NGA_A_601,0.17864294,0.98914271,0.17797413,0.23437545,0.46211696,0.15456447,0.14347807
5l7u_NGA_B_601,0.96959322,0.97647665,0.17322549,0.24221662,0.46113487,0.15092825,0.14156362
5l9v_OGA_B_502,0.5600462,0.84530028,0.17533743,0.2386911,0.46151797,0.15303363,0.14102151
5la1_XYP_A_601,0.5599857,0,0.17320848,0.24197307,0.46074918,0.15439946,0.13161096
5la1_XYP_A_602,0.088004989,0.96419172,0.17845178,0.23357943,0.46220548,0.15502381,0.14340352
5la2_ARB_A_606,0.5599857,0,0.17320848,0.24197307,0.46074918,0.15439946,0.13161096
5la2_ARB_B_606,0.5599857,0,0.17320848,0.24197307,0.46074918,0.15439946,0.13161096
5lqs_NTM_A_302,0.04883897,0.94638099,0,0.18396255,0.38637672,0.14559843,0.1200537
5lu8_5KN_A_306,0.5599857,1.5998133e-06,0.17320848,0.24197306,0.46074918,0.15439946,0.13161097
5lwy_OLB_A_402,0.5599857,0,0.17320848,0.24197307,0.46074918,0.15439946,0.13161096
5lwy_OLB_A_403,0.5599857,0,0.17320848,0.24197307,0.46074918,0.15439946,0.13161096
5lwy_OLB_A_404,0.5599857,0,0.17320848,0.24197307,0.46074918,0.15439946,0.13161096
5lwy_OLB_A_406,0.5599857,0,0.17320848,0.24197307,0.46074918,0.15439946,0.13161096
5lwy_OLB_A_409,0,0.90933075,0.1788384,0.23292548,0.46226356,0.1555193,0.14299008
5m0t_AKG_B_302,0.99435051,0.92740159,0,0.19421233,0.38652498,0.14142627,0.11812859
5m5a_KSA_A_404,0.9903893,0.98415248,0.17312081,0.24239168,0.46111634,0.1508197,0.14160244
5m62_BGC_A_409,0.5599857,0,0.17320848,0.24197307,0.46074918,0.15439946,0.13161096
5m66_ADN_B_502,0.99174247,0.92244549,0.17295731,0.24264463,0.46105854,0.15091314,0.14091243
5m66_ADN_C_502,0.56004553,0.83591872,0.1753138,0.23872752,0.46150944,0.15304879,0.14091707
5m66_ADN_D_502,0.5600438,0.81170236,0.17525281,0.23882155,0.46148742,0.15308792,0.14064747
5m8d_UGI_B_501,0.98035145,0.99293074,0.17320279,0.24225871,0.46113664,0.15085193,0.14172268
5mdh_MAK_B_335,0.56002159,0.50144035,0.17447139,0.24002617,0.46120524,0.15358924,0.13719339
5mot_HBD_A_401,0.001269066,0.92876472,0.17887979,0.23286252,0.46227968,0.15548204,0.14320359
5mot_HBD_A_402,0.94229475,0.90821287,0.17321634,0.24221276,0.46110627,0.15116474,0.14086485
5mxh_GAL_A_401,0.11528099,0.92612869,0.17819325,0.23399593,0.46213738,0.15495921,0.14291861
5mxh_GAL_A_402,0.11106635,0.94048845,0.17825456,0.23389865,0.46215562,0.15495549,0.14308793
5mzj_TEP_A_2401,0.5599857,0,0.17320848,0.24197307,0.46074918,0.15439946,0.13161096
5n5k_8NW_A_307,0.56004322,0.8035874,0.17523237,0.23885305,0.46148004,0.15310103,0.14055713
5n5k_HAE_A_306,0.26727682,0.96926924,0.17739551,0.23532579,0.46199012,0.15418681,0.14305809
5n63_8OW_A_401,0.98231541,0.90858496,0.26881734,0.52760051,0.98429197,0.2066387,0
5n8c_8Q8_A_403,0.56002453,0.5425519,0.17457493,0.23986655,0.46124263,0.15352281,0.13765107
5n8c_8Q8_B_403,0.78343251,0.97325276,0.17710412,0.24865071,0.47305032,0.15340642,0.14583455
5nh9_XLS_A_503,0.78732848,0.9841186,0.17433166,0.24039138,0.46136548,0.15175854,0.14205736
5nh9_XLS_B_503,0.5599857,0,0.17320848,0.24197307,0.46074918,0.15439946,0.13161096
5nh9_XLS_C_504,0.97912871,0.98372897,0.1731869,0.2422824,0.46112977,0.15087245,0.14162298
5nj0_8YW_A_301,0.98833615,0.95160543,0.17305108,0.24249784,0.46108925,0.15088178,0.1412447
5njb_BB2_A_502,0.95977064,0.96036736,0.17324349,0.2421824,0.46113227,0.15099969,0.1414063
5njb_BB2_C_502,0.96875337,0.95452207,0.1731752,0.2422936,0.46111593,0.1509676,0.14132108
5nnw_GCS_D_302,0.5599857,0,0.17320848,0.24197307,0.46074918,0.15439946,0.13161096
5nov_93B_A_201,0.99570964,0.99266668,0.17311053,0.24241104,0.46111755,0.15078135,0.1416853
5nuk_Z80_A_201,0.97926673,0.96381253,0.17313591,0.24236109,0.46111148,0.15090399,0.14140094
5o3b_9HZ_A_501,0.5599857,0,0.17320848,0.24197307,0.46074918,0.15439946,0.13161096
5o3b_9HZ_B_501,0.5599857,0,0.17320848,0.24197307,0.46074918,0.15439946,0.13161096
5o3b_9HZ_D_501,0.5599857,0,0.17320848,0.24197307,0.46074918,0.15439946,0.13161096
5o3f_9HT_A_501,0.5599857,0,0.17320848,0.24197307,0.46074918,0.15439946,0.13161096
5o3g_9J8_A_501,0.5599857,0,0.17320848,0.24197307,0.46074918,0.15439946,0.13161096
5o3g_9J8_B_501,0.5599857,0,0.17320848,0.24197307,0.46074918,0.15439946,0.13161096
5o4j_9KH_B_302,0,0.96169539,0.1789703,0.23272215,0.4623112,0.15543471,0.14357305
5o4j_PJL_A_304,0.24224215,0.93433296,0.1774568,0.23521482,0.46198906,0.15435899,0.14272528
5o4k_9KE_A_405,0.94895827,0.92683115,0.1732235,0.24220611,0.46111503,0.15110385,0.14105718
5o72_9MH_A_303,0.96568365,0.97380036,0.17324207,0.2421885,0.46113724,0.15095065,0.14154259
5ocm_9RH_A_302,0.0016953332,0.98582706,0.17902098,0.23264514,0.46233107,0.15538788,0.14383791
5ocm_9RH_B_302,0.0016603815,0.91880368,0.17885236,0.23290505,0.46227014,0.15549632,0.14309182
5ocm_9RH_C_302,0.0016974413,0.91761066,0.17884914,0.23291005,0.46226901,0.15549808,0.14307845
5ocm_9RH_D_302,0.001855516,0.9926915,0.54885239,0.43257111,0.7368972,0,0.23813848
5ocm_9RH_E_302,0.9950276,0.94805926,0.17300224,0.24257753,0.46107781,0.15085657,0.14119022
5ocm_9RH_F_302,0.76143858,0.99175557,0.17450528,0.24010667,0.46140419,0.1518659,0.14220043
5oew_9TE_B_901,0.98736748,0.99412695,0.17316396,0.24232318,0.46112912,0.15081756,0.14172026
5oew_9TE_C_301,0.75081606,0.96287768,0.17449589,0.24011416,0.46139096,0.15196166,0.14190276
5oew_GLU_A_301,0.5599857,0,0.17320848,0.24197307,0.46074918,0.15439946,0.13161096
5oew_GLU_B_902,0.5599857,0,0.17320848,0.24197307,0.46074918,0.15439946,0.13161096
5oew_GLU_C_302,0.5599857,0,0.17320848,0.24197307,0.46074918,0.15439946,0.13161096
5oip_9WE_A_302,0.93587628,0.98589462,0.17345028,0.24184789,0.46118481,0.15106891,0.14174407
5oir_9W8_A_302,0.56004906,0.88519895,0.17543791,0.23853619,0.46155426,0.15296916,0.14146569
5osf_A9E_A_404,0.94604718,0.98273034,0.17338166,0.24196037,0.46116945,0.151027,0.14168603
5r0j_RBJ_B_401,0,0.94617903,0.17893122,0.2327824,0.46229708,0.15545977,0.14340031
5r28_RDJ_A_401,0.9852464,0.97562402,0.17313,0.24237414,0.46111489,0.15085726,0.14151903
5r9u_JMM_A_401,0.5599857,4.6928444e-07,0.17320848,0.24197306,0.46074918,0.15439946,0.13161096
5syi_NIZ_A_805,0.0015552842,0.98768055,0.17902648,0.23263657,0.46233293,0.15538554,0.14385886
5t3h_BEN_A_302,0.99801722,0.99452993,0.17310147,0.24242653,0.46111642,0.15076767,0.14170087
5t63_ALA_C_1,0.5599857,0,0.17320848,0.24197307,0.46074918,0.15439946,0.13161096
5t6b_TMP_A_504,0.5599857,0,0.17320848,0.24197307,0.46074918,0.15439946,0.13161096
5t6b_TMP_B_504,0.5599857,0,0.17320848,0.24197307,0.46074918,0.15439946,0.13161096
5t6b_TMP_C_503,0.5599857,0,0.17320848,0.24197307,0.46074918,0.15439946,0.13161096
5t6b_TMP_D_503,0.5599857,0,0.17320848,0.24197307,0.46074918,0.15439946,0.13161096
5t85_44G_L_301,0.5599857,0,0.17320848,0.24197307,0.46074918,0.15439946,0.13161096
5tbo_78Z_A_1001,0.97538858,0.98144847,0.17320346,0.24225441,0.46113228,0.15089342,0.14160597
5tch_MLI_A_301,0.99560524,0.98119821,0.17308227,0.24245454,0.46110725,0.15080036,0.14155786
5tch_MLI_B_501,0.56003512,0.69047047,0.17494748,0.23929224,0.46137716,0.1532838,0.13929782
5tch_MLI_C_301,0.56003973,0.75480395,0.1751095,0.23904246,0.46143567,0.15317985,0.14001403
5tch_MLI_D_501,0.56001507,0.41035373,0.17424198,0.24037982,0.46112239,0.15373641,0.13617934
5tch_MLI_E_301,0.56004885,0.88223155,0.17543044,0.23854771,0.46155156,0.15297396,0.14143266
5tch_MLI_F_501,0.99787196,0.90786412,0.17288403,0.24276163,0.46103776,0.15090836,0.14073635
5tch_MLI_G_301,0.56004387,0.8127758,0.17525551,0.23881738,0.46148839,0.15308618,0.14065942
5tch_MLI_H_501,0.56003307,0.66183885,0.17487537,0.23940341,0.46135112,0.15333007,0.13897907
5tde_2HP_A_502,0.99540916,0.97430035,0.17306606,0.24247939,0.46110122,0.15081241,0.1414815
5tde_2HP_B_901,0.9961562,0.94388161,0.17298499,0.24260487,0.46107263,0.1508581,0.14114118
5tde_2HP_B_902,0,0.94934669,0.1789392,0.2327701,0.46229996,0.15545466,0.14343558
5tde_FLC_A_501,0.98575395,0.97183955,0.17311744,0.24239383,0.46111082,0.15086103,0.14147576
5tdt_MBN_A_502,0.55999878,0.18263659,0.17366846,0.24126396,0.46091529,0.15410436,0.13364421
5tdt_MBN_A_503,0.55999797,0.17139023,0.17364014,0.24130763,0.46090506,0.15412253,0.13351901
5tdt_MBN_A_504,0.55999276,0.098557181,0.1734567,0.24159041,0.46083882,0.15424021,0.13270817
5tdt_MBN_D_501,0.088836549,0.99120345,0.17851487,0.23348273,0.46222903,0.15497633,0.14370238
5tdt_MBN_D_502,0.5600024,0.23324648,0.17379593,0.24106746,0.46096132,0.15402258,0.13420764
5thu_B3N_A_404,0.83072565,0.9608277,0.17401419,0.24090934,0.46129104,0.15159554,0.14170076
5thu_B3N_B_404,0.56001179,0.36454961,0.17412662,0.24055766,0.46108073,0.15381042,0.13566941
5thu_GGG_B_405,0,0.97810953,0.17901165,0.23265841,0.46232613,0.15540819,0.14375579
5tix_OQR_A_302,0,0.97293635,0.17899862,0.2326785,0.46232142,0.15541655,0.1436982
5tix_OQR_B_302,0,0.9639552,0.17897599,0.23271337,0.46231325,0.15543106,0.14359821
5tlg_7EG_A_601,0.98490613,0.98939023,0.17316671,0.24231733,0.46112783,0.15083659,0.14167305
5tm5_7EV_A_601,0,0.96033788,0.17896688,0.23272742,0.46230996,0.1554369,0.14355794
5tm5_7EV_B_601,0,0.93737523,0.17890904,0.23281658,0.46228907,0.155474,0.1433023
5tvr_AKG_A_402,0.99076666,0.94842987,0.17302858,0.24253411,0.46108338,0.15087567,0.1412039
5tvr_AKG_B_402,0.99751272,0.91276923,0.17289853,0.24273904,0.46104266,0.15090209,0.14079177
5u5g_7VD_D_302,0.99126469,0.90543956,0.17291732,0.24270595,0.46104366,0.15094282,0.14072417
5u5x_TP5_A_302,0.99792246,0.98966674,0.17308978,0.24244448,0.46111211,0.15077597,0.14164694
5u5z_7VP_A_302,0.5599857,0,0.17320848,0.24197307,0.46074918,0.15439946,0.13161096
5u8z_83D_A_602,0,0.94477862,0.17892769,0.23278783,0.46229581,0.15546204,0.14338472
5u8z_83D_B_602,3.3227494e-07,0.94309431,0.17892345,0.23279438,0.46229428,0.15546476,0.14336597
5u8z_83D_C_602,0.5599857,0,0.17320848,0.24197307,0.46074918,0.15439946,0.13161096
5u8z_83D_D_602,0,0.99204551,0.17904675,0.23260429,0.46233881,0.15538568,0.14391094
5uap_82S_A_505,0.042905437,0.95570769,0.17869936,0.23316808,0.4622531,0.15524602,0.14341019
5ud0_G3H_B_406,0.5599857,0,0.17320848,0.24197307,0.46074918,0.15439946,0.13161096
5ud3_P6F_A_404,0.56004662,0.85110463,0.17535204,0.23866856,0.46152325,0.15302425,0.14108613
5ud3_P6F_B_404,0.56004222,0.78959554,0.17519713,0.23890738,0.46146731,0.15312364,0.14040136
5uim_TYD_B_403,0.5599857,0,0.17320848,0.24197307,0.46074918,0.15439946,0.13161096
5uio_8DM_A_202,0.98649564,0.96228972,0.17308896,0.24243822,0.46110123,0.15087303,0.14136778
5uio_8DM_C_202,0,0.9648822,0.17897833,0.23270977,0.4623141,0.15542956,0.14360853
5uio_LG3_A_201,0.5599857,0,0.17320848,0.24197307,0.46074918,0.15439946,0.13161096
5uio_LG3_B_201,0.56000913,0.32725675,0.1740327,0.24070246,0.46104682,0.15387068,0.13525424
5uio_LG3_C_201,0.9928667,0.99352153,0.17312964,0.24237971,0.46112182,0.15079312,0.14170119
5uio_LG3_E_201,0.99610047,0.99514181,0.17311444,0.24240527,0.46111933,0.15077555,0.14171198
5uj3_CE4_A_302,0,0.97415116,0.17900168,0.23267378,0.46232253,0.15541458,0.14371172
5unr_8EV_A_803,0,0.98263102,0.17902304,0.23264085,0.46233024,0.15540089,0.14380613
5unr_8EV_B_803,0.65032883,0.98659967,0.17515488,0.2390321,0.46153585,0.1523879,0.14239216
5unt_8J1_A_803,0.99376867,0.98032046,0.17309101,0.24243986,0.4611087,0.15081027,0.1415522
5unt_8J1_B_803,0.95879282,0.97755988,0.17329263,0.24210601,0.46114911,0.15097643,0.14159989
5unx_8F1_A_803,0.97968162,0.96582153,0.17313849,0.24235738,0.4611128,0.15089882,0.14142237
5unx_8F1_B_803,0.98437922,0.97370697,0.17313034,0.24237304,0.46111421,0.15086437,0.14149963
5uo3_8EY_A_803,0.99177634,0.9809537,0.17310449,0.24241777,0.46111173,0.15081846,0.14156372
5uo3_8EY_B_804,0.9837912,0.98067482,0.078606047,0,1.8925637e-06,0.095956158,2.1373913e-06
5uo5_M4R_A_803,0.98346452,0.98605174,0.17316689,0.24231609,0.46112656,0.15084865,0.14163911
5uo5_M4R_B_803,0.9880854,0.97997094,0.17312402,0.24238522,0.46111536,0.15083711,0.14156106
5urz_BOG_B_201,0.5599857,0,0.17320848,0.24197307,0.46074918,0.15439946,0.13161096
5ut1_7DZ_A_905,0,0,0.11242441,0,0.16813249,0.11975299,0.043042811
5v31_ARG_A_401,0.5599857,0,0.17320848,0.24197307,0.46074918,0.15439946,0.13161096
5v7y_AKG_B_302,0.56004966,0.89361154,0.1754591,0.23850352,0.46156191,0.15295557,0.14155935
5ve5_GSH_B_402,0.56002067,0.48849352,0.17443878,0.24007644,0.46119346,0.15361016,0.13704925
5ved_STU_A_601,0.56004977,0.89515545,0.17546299,0.23849753,0.46156332,0.15295308,0.14157654
5vjg_0BP_A_403,0.56004094,0.77175123,0.17515219,0.23897666,0.46145108,0.15315247,0.1402027
5vka_AKG_A_402,0.5599857,0,0.17320848,0.24197307,0.46074918,0.15439946,0.13161096
5vl0_BNF_B_404,0.9898405,0.98161095,0.17311769,0.24239615,0.4611147,0.15082635,0.14157538
5vl0_BNF_C_404,0.99308429,0.98575008,0.17310877,0.24241203,0.46111448,0.15080466,0.14161419
5vl0_BNF_D_404,0,0.98820202,0.17903707,0.23261922,0.46233531,0.15539188,0.14386815
5vrj_R07_A_204,0.56004382,0.81204554,0.17525367,0.23882021,0.46148773,0.15308736,0.14065129
5vut_9OG_A_803,0.93034317,0.93234506,0.17334839,0.24200131,0.46114289,0.151181,0.14116031
5vuu_9OJ_A_805,0.0001329821,0.97742841,0.17900914,0.23266236,0.46232535,0.15540868,0.14374791
5vuu_9OJ_B_803,0.69973667,0.97720375,0.17483658,0.23955533,0.46146667,0.15217466,0.14217678
5vv0_9OM_A_803,4.6152954e-10,0.98688188,0.17903374,0.23262435,0.46233411,0.15539402,0.14385345
5vv5_9OJ_A_803,0.06298845,0.97378209,0.11439447,3.8058398e-11,0.16845145,0.11782637,0.053592547
5vyr_B62_B_301,0.97738831,0.96035943,0.17313841,0.24235599,0.46111065,0.15091825,0.14136671
5vyr_GMP_B_302,0.5599857,0,0.17320848,0.24197307,0.46074918,0.15439946,0.13161096
5vyr_GMP_B_303,0.99858409,0.99382816,0.17309632,0.24243484,0.46111508,0.15076619,0.14169179
5vys_1YJ_A_301,0.99314773,0.98434714,0.17310486,0.2424181,0.46111313,0.15080664,0.14159843
5vys_1YJ_B_301,0.98921784,0.9774128,0.17311082,0.24240631,0.46111164,0.15083601,0.14153004
5vys_GMP_B_303,0.97877942,0,0.077677947,0,0.0031482846,0.098440976,0.00035439867
5w3k_9TY_A_401,0.99604281,0.9492589,0.17299921,0.24258287,0.46107766,0.15084994,0.1412013
5w3k_9TY_B_401,0.26141844,0.95938069,0.17740554,0.23530648,0.46198831,0.15422987,0.14296114
5w5t_9X7_A_506,0.5599857,0,0.17320848,0.24197307,0.46074918,0.15439946,0.13161096
5w7b_MYR_B_208,0.56003627,0.7064787,0.17498779,0.23923009,0.46139172,0.15325794,0.13947604
5w8q_BU4_B_400,0.025831113,0.995276,0.17890085,0.23284622,0.46231005,0.15526104,0.14388899
5wct_GY4_A_303,0.5599857,0,0.17320848,0.24197307,0.46074918,0.15439946,0.13161096
5wcz_NOJ_A_601,0.5599857,0,0.17320848,0.24197307,0.46074918,0.15439946,0.13161096
5wcz_NOJ_B_601,0.56003962,0.75339008,0.17510594,0.23904795,0.46143438,0.15318214,0.13999829
5wgk_AGJ_A_816,0.9639104,0.96967884,0.17324226,0.24218703,0.46113566,0.1509655,0.14150068
5wgr_PM7_A_711,0,0.97770217,0.17901062,0.23265999,0.46232576,0.15540885,0.14375126
5wgv_PM7_A_712,0,0,0.98901957,0.051789155,0,0.12095386,0.045924895
5wgv_PM7_A_713,0.5599857,0,0.17320848,0.24197307,0.46074918,0.15439946,0.13161096
5wgw_MB5_A_714,0.5599857,0,0.17320848,0.24197307,0.46074918,0.15439946,0.13161096
5wgw_MB5_A_715,0.54284463,0,0.15261007,0.18027953,0.36611094,0.14246168,0
5wqp_NCA_A_302,0,0.98082532,0.17901849,0.23264786,0.4623286,0.1554038,0.14378603
5x0j_SEP_A_302,0.5599857,0,0.17320848,0.24197307,0.46074918,0.15439946,0.13161096
5x23_LSN_A_503,0.5599857,0,0.17320848,0.24197307,0.46074918,0.15439946,0.13161096
5x2m_GLN_B_951,0.56004017,0.76106608,0.17512528,0.23901815,0.46144136,0.15316974,0.14008375
5x5d_UMP_B_401,0.5599857,0,0.17320848,0.24197307,0.46074918,0.15439946,0.13161096
5x5d_UMP_C_401,0.5599857,0,0.17320848,0.24197307,0.46074918,0.15439946,0.13161096
5x5d_UMP_D_401,0.5599857,0,0.17320848,0.24197307,0.46074918,0.15439946,0.13161096
5x5d_UMP_E_401,0.5599857,0,0.17320848,0.24197307,0.46074918,0.15439946,0.13161096
5x6r_7ZR_A_402,0.87822792,0.96677782,0.17374591,0.2413542,0.46123816,0.15136631,0.1416605
5x6r_7ZR_B_402,5.6017311e-10,0.96804219,0.17898629,0.2326975,0.46231697,0.15542445,0.14364371
5x86_TMP_A_205,0.5599857,0,0.17320848,0.24197307,0.46074918,0.15439946,0.13161096
5xdt_MB3_A_404,0.38395684,0.99568175,0.17676624,0.23637269,0.46187097,0.15360471,0.14309052
5xdt_ZI7_A_403,0.76888049,0.9912725,0.17445969,0.24018186,0.46139462,0.15183227,0.14217837
5xh2_NPO_A_305,0.99645798,0.96943591,0.17304756,0.24250861,0.4610955,0.15081542,0.141425
5xin_XLS_A_397,0.5599857,0,0.17320848,0.24197307,0.46074918,0.15439946,0.13161096
5xin_XLS_C_397,0.5599857,0,0.17320848,0.24197307,0.46074918,0.15439946,0.13161096
5xj7_87O_A_309,0.5599857,0,0.17320848,0.24197307,0.46074918,0.15439946,0.13161096
5xmq_PLG_A_501,0,0.9832718,0.17902465,0.23263836,0.46233082,0.15539985,0.14381326
5xmq_PLG_B_501,0.5599857,0,0.17320848,0.24197307,0.46074918,0.15439946,0.13161096
5xmq_PLG_C_501,0.99155092,0.94502419,0.17301533,0.24255506,0.46107932,0.15087755,0.14116423
5xrv_F6R_A_702,0.5600471,0.85788709,0.17536913,0.23864223,0.46152942,0.15301329,0.14116163
5xvt_8FL_A_709,0.5599857,0,0.17320848,0.24197307,0.46074918,0.15439946,0.13161096
5xvv_AKG_A_508,0,0.97411038,0.17900157,0.23267394,0.46232249,0.15541465,0.14371127
5xvv_AKG_B_506,0.5599857,0,0.17320848,0.24197307,0.46074918,0.15439946,0.13161096
5xvv_AKG_C_504,0.98379346,0.94491382,0.17306131,0.24247907,0.46108874,0.15091359,0.14118039
5xz7_F6P_A_407,0,0.97935305,0.17901478,0.23265358,0.46232726,0.15540618,0.14376963
5y1g_AKB_A_401,0.5599857,0,0.17320848,0.24197307,0.46074918,0.15439946,0.13161096
5y7a_KYN_A_502,0.5599857,0,0.17320848,0.24197307,0.46074918,0.15439946,0.13161096
5y7r_58K_B_403,0,0.99361126,0.1790507,0.23259821,0.46234023,0.15538315,0.14392837
5y7r_AKG_B_402,0.99479759,0.95622241,0.17302417,0.24254357,0.46108552,0.15084445,0.14128162
5yaq_ISE_C_402,0.56004654,0.85006194,0.17534942,0.23867261,0.4615223,0.15302594,0.14107452
5yaq_ISE_D_402,0.5599857,0,0.17320848,0.24197307,0.46074918,0.15439946,0.13161096
5yb7_ORN_A_602,0.5599857,0,0.17320848,0.24197307,0.46074918,0.15439946,0.13161096
5yb7_ORN_A_603,0.98024333,0.91716583,0.17301259,0.24255184,0.46106785,0.15097483,0.14087943
5yb7_ORN_B_602,0.5599857,0,0.17320848,0.24197307,0.46074918,0.15439946,0.13161096
5yb7_ORN_C_602,0.985926,0,0.17066845,0.24616922,0.46022657,0.15243028,0.13065594
5yb7_ORN_C_603,0,0.95913373,0.17896385,0.23273209,0.46230887,0.15543885,0.14354453
5ybl_AKG_A_302,0.00032760129,0.91683579,0.17885535,0.23289956,0.46226999,0.15550567,0.1430729
5ybl_AKG_C_302,0.56004503,0.82885764,0.17529601,0.23875494,0.46150302,0.1530602,0.14083846
5ybp_AKG_A_302,0.56001373,0.39162652,0.17419482,0.24045253,0.46110536,0.15376667,0.13597085
5ybp_AKG_B_302,0.5600421,0.78793953,0.17519296,0.23891381,0.4614658,0.15312631,0.14038292
5ybq_8T0_A_303,0.5599857,0,0.17320848,0.24197307,0.46074918,0.15439946,0.13161096
5ybq_8T0_B_303,0.5599857,0,0.17320848,0.24197307,0.46074918,0.15439946,0.13161096
5ybq_AKG_A_302,0.56001763,0.4460164,0.1743318,0.24024136,0.46115483,0.15367879,0.13657636
5ybq_AKG_B_302,0,0.9799796,0.17901636,0.23265115,0.46232783,0.15540517,0.14377661
5yfj_RUB_A_401,0.8848409,0.96737131,0.17370797,0.24141704,0.46123059,0.15133478,0.14165228
5yfj_RUB_B_401,0,0.95933851,0.17896437,0.2327313,0.46230905,0.15543852,0.14354681
5yfj_RUB_C_401,0,0.96687094,0.17898334,0.23270205,0.46231591,0.15542635,0.14363067
5ykt_PMP_A_501,0.99034576,0.99035337,0.17313669,0.24236718,0.46112203,0.15080989,0.14167158
5ykt_PMP_B_501,0.99295307,0.99484012,0.10183424,0.030391869,0.12230085,0.10938918,0.041843083
5ylf_BGC_A_401,0,0.95010361,0.1789411,0.23276716,0.46230065,0.15545343,0.143444
5ysh_5AD_D_605,0.21274926,0.98677077,0.17776476,0.23472066,0.46207295,0.15441062,0.1433752
5ysh_5AD_G_605,0.99857816,0.98270107,0.17306833,0.24247799,0.46110497,0.15078419,0.14156792
5ysh_5AD_J_605,0.21831849,0.98087692,0.17771671,0.23479841,0.46206075,0.1543944,0.14329709
5z54_0HZ_A_303,0.19287987,0.9839039,0.17787603,0.23453605,0.46209472,0.15450712,0.14338783
5z54_0HZ_B_303,0.5599857,0,0.17320848,0.24197307,0.46074918,0.15439946,0.13161096
5z54_0HZ_C_303,0.9675157,0.97021343,0.15088147,0.17581264,0.36996428,0,0.11021027
5z54_0HZ_D_303,0.5599857,0,0.17320848,0.24197307,0.46074918,0.15439946,0.13161096
5z9b_AX7_A_304,0.5599857,0,0.17320848,0.24197307,0.46074918,0.15439946,0.13161096
5z9b_HX3_A_303,0.97892104,0.99146747,0.17320763,0.2422503,0.46113706,0.15086091,0.14170959
5z9b_HX3_B_303,0.97160376,0.98667353,0.17323919,0.24219683,0.46114168,0.15090248,0.14167263
5z9p_AX7_A_301,0.5599857,0,0.17320848,0.24197307,0.46074918,0.15439946,0.13161096
5z9p_AX7_B_301,0.5599857,0,0.17320848,0.24197307,0.46074918,0.15439946,0.13161096
5zg2_9C0_A_902,0.99541605,0.99583963,0.17312028,0.24239582,0.4611208,0.15077758,0.14172128
5zg2_ZK1_B_901,0.5599857,0,0.17320848,0.24197307,0.46074918,0.15439946,0.13161096
5zge_ZZ7_A_301,0.37748873,0.93609056,0.1766547,0.23654037,0.4618247,0.15373088,0.1424416
5zge_ZZ7_B_302,0,0.90970714,0.17883935,0.23292402,0.46226391,0.1555187,0.14299427
5zgr_ZZ7_A_303,0.53211402,0.94264671,0.17574913,0.23803819,0.46164092,0.15300544,0.14216789
5zgr_ZZ7_B_303,0.99201471,0.93892784,0.17299721,0.24258331,0.4610732,0.15088525,0.14109532
5zi4_OAA_B_401,0.46207415,0.94449702,0.17617146,0.23734101,0.46172855,0.15332625,0.14234553
5zpt_HY1_A_702,0.0056048982,0.98585529,0.17899773,0.23268355,0.4623263,0.15536976,0.14382946
5zpt_HY1_B_703,0.98684521,0.99297244,0.17316417,0.24232252,0.46112871,0.15082184,0.14170858
6a1f_9OF_A_807,0.97926501,0.99073044,0.17320372,0.24225655,0.46113597,0.15086051,0.14170062
6a1l_BEZ_A_403,0.99315221,0.9676315,0.17306272,0.24248305,0.46109792,0.15083362,0.14141232
6a1l_BEZ_A_404,0.98537155,0.99620122,0.17318109,0.24229547,0.46113345,0.15082344,0.14174783
6a2m_9QR_A_701,0.56004767,0.86586771,0.17538923,0.23861124,0.46153668,0.1530004,0.14125048
6a2m_UMP_B_703,0.5599857,0,0.17320848,0.24197307,0.46074918,0.15439946,0.13161096
6a2n_9QR_A_701,3.0441704e-09,0.9696163,0.17899025,0.23269139,0.4623184,0.15542191,0.14366124
6a2n_UMP_A_703,0.5599857,0,0.17320848,0.24197307,0.46074918,0.15439946,0.13161096
6a3j_SOE_A_402,0.0089691686,0,0.11234488,7.8008224e-52,0.16800236,0.11969641,0.04298622
6a3j_SOE_B_401,0.5599857,0,0.17320848,0.24197307,0.46074918,0.15439946,0.13161096
6a3j_SOE_C_402,0.5599857,0,0.17320848,0.24197307,0.46074918,0.15439946,0.13161096
6a3j_SOE_D_401,0.5599857,0,0.17320848,0.24197307,0.46074918,0.15439946,0.13161096
6a6s_FSA_A_502,0,0.96672292,0.17898297,0.23270262,0.46231577,0.15542659,0.14362902
6a7e_9QR_A_201,0,0.98056636,0.17901784,0.23264887,0.46232836,0.15540422,0.14378314
6ald_2FP_A_700,0.5599857,0,0.17320848,0.24197307,0.46074918,0.15439946,0.13161096
6ald_2FP_B_700,0.5599857,0,0.17320848,0.24197307,0.46074918,0.15439946,0.13161096
6auq_BYJ_A_803,0.81040098,0.98275258,0.17419062,0.24062398,0.46133592,0.15165408,0.14199042
6auq_BYJ_B_803,0.98728891,0.98302471,0.17313646,0.24236552,0.46111912,0.15083586,0.14159684
6av2_BY7_B_803,0.64943977,0.97909838,0.17514129,0.23905247,0.46153011,0.15240413,0.14231064
6axu_BTM_A_401,0.98361336,0.98805821,0.17317106,0.24230977,0.4611282,0.15084472,0.14166112
6ayv_F6P_A_401,0.56004832,0.8748753,0.17541191,0.23857627,0.46154487,0.15298584,0.14135076
6ayv_F6P_B_401,0.5600498,0.89550451,0.17546387,0.23849618,0.46156363,0.15295251,0.14158042
6ayv_MLI_A_409,0,0.96546027,0.17897979,0.23270753,0.46231462,0.15542863,0.14361497
6b5k_TYD_A_304,0.5599857,0,0.17320848,0.24197307,0.46074918,0.15439946,0.13161096
6b5k_TYD_B_304,0.5599857,0,0.17320848,0.24197307,0.46074918,0.15439946,0.13161096
6b6r_BEN_A_302,0.99817632,0.99287871,0.35659403,0.99670949,0.9948327,0.25730346,0.99484727
6b83_6NA_B_201,0.56004944,0.89047247,0.1754512,0.23851571,0.46155906,0.15296064,0.1415244
6b9p_D0J_B_1001,0.5599857,0,0.17320848,0.24197307,0.46074918,0.15439946,0.13161096
6ba2_7KM_A_809,0.99141067,0.99520573,0.17314257,0.24235883,0.46112514,0.15079713,0.14172321
6bds_DJ4_A_302,0.5599857,0,0.17320848,0.24197307,0.46074918,0.15439946,0.13161096
6bds_DJ4_A_303,2.6134336e-05,0.97148897,0.17899482,0.23268437,0.46232007,0.15541876,0.14368203
6bkk_308_B_101,0.99665064,0.99379357,0.17310776,0.24241593,0.46111742,0.15077518,0.14169574
6bmm_OLB_A_404,0.56003361,0.66940902,0.17489443,0.23937401,0.461358,0.15331783,0.13906335
6bmm_OLB_B_404,0.5599857,0,0.17320848,0.24197307,0.46074918,0.15439946,0.13161096
6bqx_9AG_A_201,0.99148885,0.90934025,0.17292581,0.24269301,0.46104693,0.15093548,0.1407671
6br1_E3Y_B_505,0.5599857,0,0.17320848,0.24197307,0.46074918,0.15439946,0.13161096
6btn_E8M_A_304,0.5599857,0,0.17320848,0.24197307,0.46074918,0.15439946,0.13161096
6btq_E8S_A_305,0,0.99122506,0.17904468,0.23260748,0.46233806,0.155387,0.1439018
6bxk_MTA_A_401,0.95733431,0.9580954,0.1732523,0.24216723,0.4611332,0.15101462,0.14138647
6bxk_MTA_B_401,0.99068009,0.94032302,0.17300868,0.24256474,0.46107611,0.15088917,0.14111384
6c17_DNX_A_202,0.0062003955,0.91605381,0.17881836,0.23296046,0.46226207,0.15547978,0.14305103
6c1i_EEY_A_501,0.9899883,0.96816012,0.17308292,0.24244983,0.46110228,0.1508474,0.1414253
6c1i_EEY_B_501,0.56004446,0.82094813,0.17527609,0.23878565,0.46149583,0.15307298,0.1407504
6c1i_KNA_A_502,0.00045524375,0.98234471,0.1790196,0.23264645,0.46232942,0.15539924,0.14380192
6c1x_DNX_A_203,0,0.9296904,0.17888969,0.23284642,0.46228208,0.15548641,0.14321674
6cdy_EY1_B_501,0.5599857,0,0.17320848,0.24197307,0.46074918,0.15439946,0.13161096
6cgc_F0A_A_402,0.5599857,0,0.17320848,0.24197307,0.46074918,0.15439946,0.13161096
6cgc_F0A_B_402,0.5599857,0,0.17320848,0.24197307,0.46074918,0.15439946,0.13161096
6cqu_HI6_A_601,0,0.97211864,0.17899656,0.23268167,0.46232068,0.15541787,0.14368909
6cqu_HI6_B_601,0.5599857,0,0.17320848,0.24197307,0.46074918,0.15439946,0.13161096
6cut_FEJ_A_401,0,0.92714295,0.17888327,0.23285631,0.46227977,0.15549053,0.14318838
6cut_FEJ_B_401,0,0.9377936,0.1789101,0.23281496,0.46228945,0.15547332,0.14330696
6cut_FEJ_C_401,0.95382874,0.93209002,0.1732077,0.24223367,0.46111384,0.15107284,0.14110481
6cut_FEJ_D_401,0,0.93343857,0.17889913,0.23283187,0.46228549,0.15548036,0.14325847
6dl7_ONC_A_301,0.9216076,0.97769207,0.17351471,0.24173917,0.46119486,0.15114813,0.14168474
6dl7_ONC_B_301,0,0.97745983,0.17901001,0.23266093,0.46232554,0.15540924,0.14374856
6dl7_ONC_D_301,0,0.97222376,0.17899682,0.23268126,0.46232077,0.1554177,0.14369026
6dl7_ONC_E_301,0.86878442,0.98454203,0.17384697,0.24119219,0.46126591,0.15138127,0.14187944
6dl7_ONC_F_301,0.93854984,0.97245093,0.17340048,0.24192643,0.4611693,0.15107827,0.1415884
6dl7_ONC_G_301,2.3043627e-07,0.98095509,0.17901881,0.23264736,0.46232872,0.15540359,0.14378747
6dqt_LEU_B_1,0.99303874,0.9205872,0.078408987,0,0,0.096015943,0
6dyt_F0G_A_503,0.99150775,0.96223611,0.17305894,0.2424878,0.46109503,0.15084994,0.14135594
6dyt_PP3_B_1501,0.5599857,0,0.17320848,0.24197307,0.46074918,0.15439946,0.13161096
6e2w_DP6_A_403,0.98644199,0.9524336,0.17306446,0.24247596,0.46109233,0.1508892,0.14125817
6e40_BBJ_A_502,0.56004791,0.86917614,0.17539756,0.2385984,0.46153969,0.15299505,0.14128731
6e40_BBJ_B_502,0,0.91643021,0.17885628,0.23289791,0.46227002,0.15550784,0.14306912
6e40_BBJ_D_502,0.5599857,0,0.17320848,0.24197307,0.46074918,0.15439946,0.13161096
6e43_BEZ_A_502,0.99782941,0.96889248,0.17303801,0.24252423,0.46109333,0.15080996,0.14141587
6e43_BEZ_B_502,0.99747155,0.98789407,0.17308801,0.24244693,0.46111105,0.15078092,0.14162822
6e43_BEZ_D_502,0.99779232,0.97326257,0.17304924,0.2425069,0.46109735,0.15080307,0.14146461
6e8i_PTR_A_201,0.5599857,0,0.17320848,0.24197307,0.46074918,0.15439946,0.13161096
6f2b_AKG_A_402,0.5600464,0.84809917,0.17534448,0.23868023,0.46152052,0.15302911,0.14105267
6f2b_AKG_C_402,0.56004548,0.8351685,0.17531191,0.23873044,0.46150876,0.15305,0.14090871
6f2v_AMP_A_1001,0.56004649,0.8493365,0.17534759,0.23867543,0.46152164,0.15302711,0.14106644
6f2v_AMP_B_1001,0,0.9689573,0.17898859,0.23269395,0.4623178,0.15542298,0.1436539
6f3s_CKW_A_902,0.5599857,0,0.17320848,0.24197307,0.46074918,0.15439946,0.13161096
6f66_CUT_A_300,0.99597963,0.98986534,0.17310187,0.24242457,0.46111467,0.15078463,0.14165351
6f6a_CU5_A_301,0.01624386,0.99413742,0.17895515,0.2327562,0.46232078,0.1553072,0.14389781
6f6a_CU5_B_301,0.90033323,0.97649721,0.17363857,0.24153423,0.46121988,0.15124842,0.14171914
6f76_CVK_A_203,0,0.96674668,0.17898303,0.23270253,0.46231579,0.15542655,0.14362929
6f76_CVK_B_203,0.48931418,0.99226554,0.17612935,0.23742388,0.46173858,0.15312315,0.14281626
6f76_CVK_C_203,0.56004307,0.80154271,0.17522722,0.23886099,0.46147818,0.15310433,0.14053436
6f76_CVK_F_203,0,0.97452173,0.17900261,0.23267234,0.46232286,0.15541399,0.14371585
6f77_PLP_A_600,0,0.9751423,0.17900417,0.23266993,0.46232343,0.15541298,0.14372276
6f77_PLP_D_600,0,0.97230485,0.17899703,0.23268095,0.46232085,0.15541757,0.14369117
6f7r_CIT_A_1002,0.55999698,0.15752996,0.17360523,0.24136144,0.46089245,0.15414493,0.1333647
6f7r_CIT_A_1003,0.84794682,0.93129812,0.17383712,0.24119366,0.46124305,0.15156363,0.1413334
6fa1_D2Z_A_203,0.56004077,0.7693485,0.17514614,0.23898599,0.4614489,0.15315635,0.14017595
6fa1_D2Z_B_203,0.13906551,0.98597812,0.17820217,0.23399785,0.46216264,0.15475256,0.14353158
6fa1_D2Z_F_203,0.5599857,0,0.17320848,0.24197307,0.46074918,0.15439946,0.13161096
6fgv_D9T_A_1901,0.56004954,0.8918838,0.17545475,0.23851023,0.46156034,0.15295836,0.14154011
6fjj_LSA_A_302,0.99771514,0.97872173,0.17306345,0.24248494,0.46110241,0.15079461,0.14152556
6fld_DQ5_A_604,0,0.97025935,0.17899187,0.23268889,0.46231899,0.15542087,0.14366839
6fld_NAG_A_601,0.5599857,0,0.17320848,0.24197307,0.46074918,0.15439946,0.13161096
6fld_NAG_A_602,0.55112125,0.71453914,0.10938035,0,0.16100008,0.11514562,0.047584464
6fld_NAG_A_603,0,0.93993159,0.17891548,0.23280666,0.4622914,0.15546987,0.14333076
6flu_DTK_A_401,0.5599857,0,0.17320848,0.24197307,0.46074918,0.15439946,0.13161096
6flu_DTK_A_402,0,0.94189285,0.17892042,0.23279904,0.46229318,0.1554667,0.14335259
6flu_DTK_A_403,0.5599857,0,0.17320848,0.24197307,0.46074918,0.15439946,0.13161096
6flu_DTK_A_406,0.98205729,0.99025352,0.17318587,0.24228591,0.46113211,0.15084837,0.14168905
6flu_DTK_B_406,0.5599857,0,0.17320848,0.24197307,0.46074918,0.15439946,0.13161096
6fs7_E4Z_A_903,0.5599857,0,0.17320848,0.24197307,0.46074918,0.15439946,0.13161096
6fs7_E4Z_B_903,0.5599857,0,0.17320848,0.24197307,0.46074918,0.15439946,0.13161096
6fs7_E4Z_E_903,0.5599857,0,0.17320848,0.24197307,0.46074918,0.15439946,0.13161096
6fs7_E4Z_F_903,0.5599857,0,0.17320848,0.24197307,0.46074918,0.15439946,0.13161096
6fw0_E92_A_602,0.54614392,0.99212087,0.17579008,0.23798429,0.46166871,0.15286065,0.14268723
6fw0_E92_B_602,0.98620506,0.99334864,0.17316893,0.24231475,0.46112984,0.15082419,0.14171421
6g3f_FUM_A_601,0.5599857,0,0.17320848,0.24197307,0.46074918,0.15439946,0.13161096
6g5q_EMZ_A_401,0.97669323,0.96878941,0.17316379,0.24231641,0.46111917,0.15090784,0.14146212
6gck_EUB_A_302,0.82353599,0.99210447,0.17413585,0.24071706,0.46132831,0.15157825,0.14206509
6gck_EUB_B_302,0.98790333,0.9764824,0.17311632,0.24239698,0.46111241,0.15084359,0.14152263
6gck_EUB_C_302,0.99039091,0.98488417,0.17312265,0.24238886,0.461117,0.15081852,0.14161059
6gck_EUB_D_302,0.99379371,0.99049962,0.1731165,0.24240058,0.46111793,0.15079371,0.14166547
6gl4_GLU_A_301,0.5599857,0,0.17320848,0.24197307,0.46074918,0.15439946,0.13161096
6gl4_GLU_B_301,0.5599857,0,0.17320848,0.24197307,0.46074918,0.15439946,0.13161096
6gnf_GLC_B_602,0.98433106,0.97035018,0.17312218,0.2423856,0.46111122,0.15087001,0.14146237
6gpn_OGA_B_402,0.99673849,0.92691014,0,0.19424016,0.38652529,0.14141649,0.11811889
6gqk_F88_A_1001,0.9841873,0.9866345,0.17316405,0.24232095,0.46112621,0.15084437,0.14164398
6gqk_F88_B_1001,0.99052505,0.99162408,0.17313883,0.24236401,0.46112297,0.15080701,0.14168532
6gxk_FFW_A_402,0.5599857,0,0.17320848,0.24197307,0.46074918,0.15439946,0.13161096
6gxk_FFW_B_402,0.5599857,0,0.17320848,0.24197307,0.46074918,0.15439946,0.13161096
6h8p_OGA_A_504,0,0.91901503,0.1788628,0.23288788,0.46227237,0.15550366,0.1430979
6hgl_TES_A_401,0.5599857,0,0.17320848,0.24197307,0.46074918,0.15439946,0.13161096
6hl7_CP_A_401,0.99479686,0.9671758,0.17305177,0.24250103,0.46109549,0.15082675,0.14140356
6hl7_CP_C_401,0.92243022,0.90433662,0.17332503,0.24203212,0.46112712,0.15126284,0.14086623
6hl9_SIN_A_402,0.56004921,0.88736706,0.17544337,0.23852777,0.46155623,0.15296566,0.14148983
6hl9_SIN_B_402,0.5600463,0.84672457,0.17534101,0.23868557,0.46151927,0.15303133,0.14103736
6hmw_FUL_A_203,0.99471794,0.97812596,0.17307982,0.24245773,0.46110554,0.15080943,0.14152564
6hmw_FUL_C_203,0.5599857,0,0.17320848,0.24197307,0.46074918,0.15439946,0.13161096
6hmw_FUL_D_204,0.98560724,0.963058,2.9307699e-77,0.19396205,0.38652861,0.14140406,0.11853304
6hmw_FUL_E_204,0.96679926,0.97489835,0.17323818,0.24219522,0.46113687,0.15094372,0.14155231
6hmw_FUL_F_202,0.98868244,0.96677423,0.17308722,0.24244235,0.46110262,0.15085567,0.1414128
6hmw_FUL_G_202,0.90053132,0.97047051,0.17362221,0.24155958,0.46121415,0.15125724,0.1416516
6hmw_FUL_J_201,0.98788541,0.97262845,0.17310672,0.24241177,0.46110893,0.1508499,0.14147976
6hnz_GH5_A_301,0.97526871,0.98294524,0.17320794,0.24224741,0.46113379,0.15089156,0.14162291
6ho7_GHQ_A_301,0,0.99041379,0.17904264,0.23261063,0.46233732,0.15538831,0.14389277
6hpx_GKQ_A_205,0.95569734,0.98627814,0.17333305,0.24204166,0.46116084,0.15097666,0.14170389
6hqr_3DM_A_502,0.99658488,0.9589593,0.17302041,0.24255055,0.46108582,0.15083176,0.14130808
6hsg_GM5_A_504,0,0.96087191,0.17896823,0.23272534,0.46231045,0.15543604,0.14356389
6hsg_GM5_B_504,0.99615439,0.94497661,0.17298776,0.2426006,0.46107363,0.15085634,0.14115337
6hsg_GM5_C_504,0.56004848,0.87708232,0.17541747,0.2385677,0.46154688,0.15298228,0.14137533
6hsg_GM5_D_504,0,0.94751495,0.15722383,0.16825105,0.36302063,0.1428543,0
6i4b_E2N_A_603,0.99096788,0,0.085481676,0,0.054876931,0.10295823,0.011359472
6i4b_E2N_B_603,0.5599857,0,0.17320848,0.24197307,0.46074918,0.15439946,0.13161096
6i4b_ORO_A_602,0.5599857,0,0.17320848,0.24197307,0.46074918,0.15439946,0.13161096
6i4b_ORO_B_602,0.5599857,0,0.17320848,0.24197307,0.46074918,0.15439946,0.13161096
6i6r_H62_A_704,0.56002928,0.60889849,0.17474203,0.23960895,0.46130297,0.15341561,0.1383897
6ijp_IMP_A_402,0.5599857,0,0.17320848,0.24197307,0.46074918,0.15439946,0.13161096
6ix8_B3O_A_408,0.5599857,0,0.17320848,0.24197307,0.46074918,0.15439946,0.13161096
6ix8_B3O_B_408,0.5599857,0,0.17320848,0.24197307,0.46074918,0.15439946,0.13161096
6j4t_IMP_A_401,0.5599857,0,0.17320848,0.24197307,0.46074918,0.15439946,0.13161096
6jc7_F0G_A_601,0.99311049,0.97398105,0.17307897,0.24245799,0.46110375,0.15082356,0.1414831
6jc7_F0G_D_601,0.9843174,0.94463311,0.17305748,0.24248532,0.46108784,0.15091162,0.14117609
6jk9_BU0_A_501,0.5599857,0,0.17320848,0.24197307,0.46074918,0.15439946,0.13161096
6jk9_BU0_B_501,0.5599857,0,0.17320848,0.24197307,0.46074918,0.15439946,0.13161096
6jmd_BVO_A_408,0.99417619,0.99350664,0.30808005,0.79448743,0.99707209,0.22915473,0.33074891
6jmd_ORO_A_402,0.56004763,0.86529912,0.17538779,0.23861345,0.46153616,0.15300132,0.14124415
6jme_BVU_A_409,0.99346171,0.99573727,0.17313167,0.24237697,0.46112311,0.15078678,0.14172453
6jme_ORO_A_402,0.56004666,0.85171822,0.17535359,0.23866618,0.46152381,0.15302326,0.14109296
6jq8_CIT_A_302,0.56003917,0.74709195,0.17509008,0.2390724,0.46142865,0.15319232,0.13992818
6jws_PT1_A_801,0.5599857,0,0.17320848,0.24197307,0.46074918,0.15439946,0.13161096
6jws_PT1_B_801,0.5599857,0,0.17320848,0.24197307,0.46074918,0.15439946,0.13161096
6jwy_PH2_A_802,0.5599857,0,0.17320848,0.24197307,0.46074918,0.15439946,0.13161096
6jx9_CQC_A_501,0,0.971403,0.17899476,0.23268445,0.46232003,0.15541902,0.14368113
6jyg_FLC_B_401,0.95031269,0.94246707,0.17325481,0.24215874,0.46112759,0.15107233,0.14122822
6jyg_FLC_C_401,0.56003894,0.74389791,0.17508204,0.2390848,0.46142575,0.15319748,0.13989262
6jyg_FLC_E_401,0,0.97840159,0.17901238,0.23265727,0.46232639,0.15540772,0.14375904
6jyg_FLC_E_402,0.55998638,0.0094643747,0.17323232,0.24193632,0.46075779,0.15438417,0.13171632
6jz4_EVA_A_701,0.56002817,0.59333139,0.17470283,0.23966939,0.46128881,0.15344076,0.13821639
6jz4_EVA_B_701,0.56002456,0.54291179,0.17457584,0.23986515,0.46124295,0.15352223,0.13765508
6jz6_CKX_B_701,0.85205996,0.96911284,0.17390784,0.24108734,0.4612724,0.15148352,0.14174517
6jzh_ZMA_A_2002,0.94377523,0.99274981,0.17342045,0.24189909,0.46118136,0.15102132,0.14180267
6k92_GT0_A_802,0.99321628,0.96383066,0.17305277,0.24249844,0.46109438,0.15083947,0.14136986
6k92_GT0_B_602,0.99388675,0.98208068,0.17309474,0.24243418,0.46111016,0.15080688,0.14157154
6krs_CIT_B_301,0.56004983,0.89600046,0.17546512,0.23849425,0.46156408,0.15295171,0.14158594
6krs_CIT_D_301,0,0.93287703,0.17889771,0.23283405,0.46228498,0.15548126,0.14325222
6krs_CIT_F_301,0.56004959,0.89264526,0.17545667,0.23850728,0.46156103,0.15295713,0.14154859
6krs_CIT_G_301,0.56004921,0.88727106,0.17544313,0.23852814,0.46155615,0.15296581,0.14148876
6krs_CIT_H_301,0.56004962,0.89309537,0.1754578,0.23850553,0.46156144,0.1529564,0.1415536
6krs_CIT_I_301,0.014972373,0.93918274,0.17882431,0.23295706,0.46227235,0.15540186,0.14328885
6krs_CIT_J_301,0.56004987,0.8965839,0.17546659,0.23849198,0.46156462,0.15295077,0.14159244
6kxh_DY9_A_401,0,0.99549778,0.17905545,0.23259089,0.46234195,0.1553801,0.14394937
6kxh_DY9_B_402,0.024699116,0.99740043,0.17891295,0.23282682,0.46231337,0.15526284,0.14391518
6kxh_DY9_C_402,0.5599857,0,0.17320848,0.24197307,0.46074918,0.15439946,0.13161096
6kxh_DY9_D_402,0.99606636,0.99574082,0.17311615,0.24240261,0.46111991,0.15077474,0.14171873
6l59_CIT_B_403,0.56002877,0.60173941,0.174724,0.23963675,0.46129646,0.15342718,0.13831
6l68_ALL_A_201,0,0,0.0066050463,0.18942849,0.38907223,0.14779724,0.11069833
6l68_ALL_A_202,0.5599857,0,0.17320848,0.24197307,0.46074918,0.15439946,0.13161096
6l7v_3PO_A_302,0,0.90889819,0.17883731,0.23292716,0.46226317,0.15552,0.14298526
6l86_LMR_A_302,0,0.063331167,0.17670742,0.23621053,0.46149399,0.15688605,0.13357162
6l86_LMR_C_302,0.5599857,0,0.17320848,0.24197307,0.46074918,0.15439946,0.13161096
6l86_LMR_D_302,0.5613818,0.030345472,0.15326512,0.1823854,0.36926038,0.14272732,0.0046149491
6l86_MLT_A_303,0.5599857,0,0.17320848,0.24197307,0.46074918,0.15439946,0.13161096
6l8a_BAL_C_504,0.97370188,0.9793028,0.17320811,0.24224612,0.4611324,0.15090469,0.14158587
6l8a_BAL_D_507,0.99811306,0.9740703,0.17304936,0.24250692,0.46109769,0.15080028,0.14147288
6lit_2OH_A_501,0.56004378,0.81148325,0.17525226,0.2388224,0.46148722,0.15308827,0.14064503
6lit_2OH_B_501,0.5599857,0,0.17320848,0.24197307,0.46074918,0.15439946,0.13161096
6lj7_EFR_A_301,0.95921318,0.93139768,0.17317385,0.2422894,0.4611066,0.15104906,0.14108503
6lql_F0C_A_702,0.5599857,0,0.17320848,0.24197307,0.46074918,0.15439946,0.13161096
6lx5_C5F_A_503,0.56004146,0.77909612,0.17517069,0.23894814,0.46145776,0.1531406,0.14028447
6lx5_C5F_B_501,0.5599857,0,0.17320848,0.24197307,0.46074918,0.15439946,0.13161096
6lx5_C5F_B_502,0.56004574,0.83880029,0.17532106,0.23871634,0.46151206,0.15304413,0.14094915
6ly4_TES_A_501,0.99030392,0.98696943,0.17312842,0.2423799,0.461119,0.15081555,0.141634
6m5m_NAG_A_202,0.00024894146,0.96336168,0.17897302,0.23271813,0.46231241,0.15543086,0.14359105
6m5m_NAG_B_202,0,0.96075757,0.17896794,0.23272579,0.46231034,0.15543622,0.14356261
6m92_J8V_A_601,0,0.91713175,0.17885805,0.23289519,0.46227066,0.1555067,0.14307693
6m9b_BTN_A_201,0.9921411,0.98453752,0.17311134,0.24240745,0.46111454,0.15081098,0.1416028
6m9b_BTN_B_201,0,0.97831792,0.17901217,0.2326576,0.46232632,0.15540785,0.14375811
6m9b_BTN_D_201,0.99366944,0.96285678,0.17304761,0.24250669,0.46109294,0.15083894,0.141358
6mae_JBA_A_301,0.5599857,0,0.17320848,0.24197307,0.46074918,0.15439946,0.13161096
6md2_GW9_A_501,0.98498776,0.97140064,0.17312091,0.24238799,0.46111137,0.15086528,0.14147259
6mnh_JVD_A_301,0.5599857,0,0.17320848,0.24197307,0.46074918,0.15439946,0.13161096
6mry_FLC_A_101,0.98769566,0.96231771,0.17308188,0.24244993,0.46109978,0.15086743,0.1413654
6mry_FLC_B_101,0.5600406,0.76706195,0.17514038,0.23899487,0.46144682,0.15316005,0.1401505
6mry_FLC_C_102,0.56004025,0.76214548,0.175128,0.23901396,0.46144234,0.15316799,0.14009576
6mry_FLC_I_102,0.56000671,0.29354884,0.1739478,0.24083333,0.46101616,0.15392515,0.13487897
6mwl_K5G_A_301,0,0.98274612,0.17902333,0.2326404,0.46233035,0.1554007,0.14380741
6mwl_K5G_B_301,0.98814662,0.97405846,0.17310876,0.24240879,0.46110991,0.15084638,0.1414951
6n0z_DP6_A_401,0,0.92336664,0.17887376,0.23287098,0.46227633,0.15549663,0.14314634
6n0z_DP6_E_401,0.97835863,0.93371131,0.1730655,0.24246903,0.46108522,0.15095681,0.14106786
6n0z_DP6_F_401,0,0.95159846,0.17894487,0.23276135,0.46230201,0.15545102,0.14346064
6n9r_OHN_A_303,0.5599857,0,0.17320848,0.24197307,0.46074918,0.15439946,0.13161096
6n9r_OHN_P_308,0,0,0.17654789,0.23645645,0.46143638,0.15698837,0.13286656
6n9r_OHN_X_305,0.56252185,0.52429221,0.1658652,0.21424482,0.42166264,0,0.12532923
6nba_P1T_A_501,0.5599857,0,0.17320848,0.24197307,0.46074918,0.15439946,0.13161096
6nba_P1T_C_501,0.98408643,0,0.16206386,0.22055235,0.4208392,2.3489833e-06,0.11859804
6nbw_LAB_A_403,0,0.99437893,0.17905263,0.23259523,0.46234093,0.15538191,0.14393692
6ncx_ADA_A_601,0,0,0.17654789,0.23645645,0.46143638,0.15698837,0.13286656
6ncx_ADA_B_601,0.5599857,0,0.17320848,0.24197307,0.46074918,0.15439946,0.13161096
6ncx_ADA_C_601,0.5599857,0,0.17320848,0.24197307,0.46074918,0.15439946,0.13161096
6ncx_ADA_D_601,0,0,0.17654789,0.23645645,0.46143638,0.15698837,0.13286656
6ng5_KMD_A_803,0.80596235,0.9844779,0.17422144,0.24057355,0.46134294,0.15167181,0.14201958
6ng5_KMD_B_803,0,0.9781587,0.17901177,0.23265822,0.46232617,0.15540811,0.14375634
6nga_KL7_A_803,0,0.97926643,0.17901456,0.23265392,0.46232718,0.15540632,0.14376867
6nga_KL7_B_804,0,0.97054311,0.17899259,0.23268779,0.46231925,0.15542041,0.14367155
6ngp_KKY_B_803,0.96855217,0.98629407,0.17325643,0.24216824,0.46114508,0.1509172,0.14167525
6ngu_KMJ_A_803,0.50490236,0.98193727,0.17601037,0.23761755,0.46171005,0.15306776,0.14266633
6nh0_KND_A_803,0.89640649,0.98166553,0.080376379,0,1.9893493e-08,0.097081711,0.01109612
6nh0_KND_B_803,0.94546941,0.98536833,0.17339175,0.24194444,0.46117256,0.15102541,0.1417167
6nhd_KNV_B_803,0.5599857,0,0.17320848,0.24197307,0.46074918,0.15439946,0.13161096
6nig_NAG_A_604,0.5599857,0,0.17320848,0.24197307,0.46074918,0.15439946,0.13161096
6nig_NAG_A_605,0.5599857,0,0.17320848,0.24197307,0.46074918,0.15439946,0.13161096
6nig_NAG_B_803,0.5599857,0,0.17320848,0.24197307,0.46074918,0.15439946,0.13161096
6nig_NAG_C_802,0.5599857,0,0.17320848,0.24197307,0.46074918,0.15439946,0.13161096
6nig_NAG_D_602,0.5599857,0,0.17320848,0.24197307,0.46074918,0.15439946,0.13161096
6nni_CP6_B_203,0.99069624,0.99058239,0.17313518,0.24236974,0.46112181,0.1508079,0.14167334
6nnn_G1P_A_503,0.56004309,0.8018727,0.17522805,0.23885971,0.46147848,0.1531038,0.14053804
6nnp_G6P_A_502,0.56004878,0.88132966,0.17542817,0.23855121,0.46155074,0.15297542,0.14142262
6nsu_DYA_A_402,0.56005025,0.90184971,0.17547985,0.23847154,0.4615694,0.15294226,0.14165106
6ny7_L8J_A_303,0.5599857,0,0.17320848,0.24197307,0.46074918,0.15439946,0.13161096
6nyo_U94_A_301,0,0.98537485,0.17902995,0.2326302,0.46233274,0.15539645,0.14383667
6o04_DNA_A_601,6.0293111e-05,0.9909206,0.17904356,0.23260926,0.46233771,0.15538721,0.14389828
6o04_DNA_C_603,0,0.99207757,0.17904683,0.23260417,0.46233883,0.15538562,0.1439113
6o04_DNA_D_603,0.00058579621,0.99178724,0.17904261,0.23261107,0.46233785,0.15538338,0.14390675
6o1s_7SD_E_803,0.93003853,0.96773219,0.17343935,0.2418609,0.46117546,0.15112524,0.14155495
6o2z_LJV_A_500,0.5599857,0,0.17320848,0.24197307,0.46074918,0.15439946,0.13161096
6o2z_LJV_B_500,0.5599857,0,0.17320848,0.24197307,0.46074918,0.15439946,0.13161096
6o5m_G8K_B_506,0.5599857,0,0.17320848,0.24197307,0.46074918,0.15439946,0.13161096
6ock_9KL_A_601,0.86336569,0.98199323,0.17387286,0.24114871,0.46127024,0.15141044,0.14186321
6ock_9KL_A_602,0.99487708,0.98425859,0.17309432,0.24243548,0.46111093,0.15079879,0.14159356
6ofr_BOG_A_801,0.5599857,0,0.17320848,0.24197307,0.46074918,0.15439946,0.13161096
6ofr_BOG_A_802,0,0.97883327,0.17901347,0.2326556,0.46232679,0.15540702,0.14376385
6ofr_BOG_A_805,0.55999704,0.15842019,0.17360747,0.24135798,0.46089326,0.15414349,0.13337462
6ofr_BOG_A_806,0.5599857,0,0.17320848,0.24197307,0.46074918,0.15439946,0.13161096
6ofr_BOG_A_807,0.5599857,0,0.17320848,0.24197307,0.46074918,0.15439946,0.13161096
6oha_XAN_A_501,0.55999196,0.08738534,0.17342856,0.24163378,0.46082866,0.15425826,0.1325838
6ooi_PGA_A_301,0.92030802,0.95526312,0.17346597,0.24181346,0.46117605,0.15119037,0.14143795
6ooi_PGA_B_301,0.98859826,0.97005871,0.17309599,0.24242877,0.46110571,0.15085075,0.14144955
6ooi_PGA_C_302,0,0.96086329,0.17896821,0.23272538,0.46231044,0.15543605,0.14356379
6ooi_PGA_F_301,0.99383737,0.94178934,0.17299354,0.24259015,0.46107357,0.1508722,0.14112309
6ooi_PGA_G_301,0,0.96724684,0.17898429,0.23270059,0.46231625,0.15542574,0.14363486
6ooi_PGA_H_302,0.98955924,0.95599085,0.17305483,0.24249286,0.46109174,0.15086904,0.14129078
6oph_6QB_A_401,0.5599857,0,0.17320848,0.24197307,0.46074918,0.15439946,0.13161096
6paf_O6A_A_509,0.98378176,0.96035018,0.17310026,0.24241902,0.46110279,0.15088871,0.14135227
6pdd_O9S_A_803,0.98388279,0.99039585,0.17317534,0.24230334,0.46113,0.1508397,0.14168654
6pk1_PLP_A_501,0.96975824,0.93649511,0.1731238,0.24237349,0.4610983,0.15099208,0.14111814
6pk1_PLP_B_501,0.9891685,0.93665424,0.17300845,0.24256409,0.46107463,0.15090208,0.14107639
6pmv_M16_A_803,7.8065312e-09,0.965763,0.17898055,0.23270635,0.4623149,0.15542814,0.14361834
6pn9_OU7_A_803,0,0.94792021,0.1789356,0.23277564,0.46229867,0.15545696,0.14341969
6pn9_OU7_B_803,0.53555805,0.95884371,0.17576939,0.23800923,0.46165143,0.15296335,0.14234049
6pna_M16_A_803,0.98512807,0.96987566,0.17311623,0.24239529,0.46110981,0.15086709,0.1414553
6pna_M16_B_803,0.81867137,0.97516257,0.17412219,0.24073493,0.46131887,0.15162811,0.14188738
6png_OSG_A_802,0.98981277,0.97252344,0.17309496,0.24243116,0.46110647,0.15084116,0.14147427
6png_OSG_A_803,0.21349137,0.98210538,0.17774859,0.23474609,0.46206779,0.15441473,0.14332159
6png_OSG_B_801,0.44401434,0.9774117,0.17636207,0.23703529,0.46178065,0.15335657,0.14275247
6png_OSG_B_804,0.46300822,0.96980867,0.17622965,0.23725193,0.46175043,0.15328104,0.14262523
6po9_OS7_A_803,0.26412292,0.97019309,0.17741665,0.23529113,0.46199483,0.1541999,0.14307545
6po9_OS7_B_804,0.40392794,0.97045118,0.17658359,0.23666741,0.46182351,0.15355314,0.14276485
6ps7_ZMA_A_1201,0,0.96276576,0.178973,0.23271799,0.46231217,0.15543298,0.14358497
6pvi_OZ7_A_501,0.5599857,0,0.17320848,0.24197307,0.46074918,0.15439946,0.13161096
6q4b_HHN_A_301,0.99333107,0.98043184,0.1730939,0.24243511,0.46110934,0.15081212,0.14155443
6q4k_HHW_A_301,0.98913197,0.9802355,0.17311845,0.24239451,0.46111432,0.15083185,0.14156165
6q4k_HHW_A_302,0.96633229,0.97261115,0.1732352,0.2421995,0.46113536,0.15094957,0.14152789
6q4r_HJ5_A_1009,0.56004174,0.78288783,0.17518024,0.23893342,0.46146121,0.15313448,0.14032668
6qa7_HTW_A_901,0,0.99036886,0.17904253,0.23261081,0.46233728,0.15538838,0.14389227
6qaw_HVE_A_402,0,0.97889613,0.17901363,0.23265535,0.46232684,0.15540692,0.14376455
6qdb_HWQ_A_1003,0.5599857,0,0.17320848,0.24197307,0.46074918,0.15439946,0.13161096
6qde_HWW_A_502,0,0.92510741,0.17887814,0.23286422,0.46227791,0.15549382,0.14316572
6qde_HWW_A_503,0.56004813,0.87217611,0.17540511,0.23858675,0.46154242,0.15299021,0.14132071
6qhu_FAH_A_401,0.95298176,0.95389507,0.17326767,0.24214066,0.46113472,0.15104153,0.14134946
6qli_4LR_A_301,0.56004604,0.8430435,0.17533174,0.23869986,0.46151592,0.15303728,0.14099638
6qni_GLC_A_402,0.5599857,0,0.17320848,0.24197307,0.46074918,0.15439946,0.13161096
6qnj_GLC_A_402,0.5599857,0,0.17320848,0.24197307,0.46074918,0.15439946,0.13161096
6qo4_97T_A_301,0.33094554,0.99258974,0.17707457,0.23586246,0.4619332,0.15385478,0.14317496
6qo4_97T_B_301,0.5599857,0,0.17320848,0.24197307,0.46074918,0.15439946,0.13161096
6qol_JB5_A_301,0.99391945,0.99184126,0.17311913,0.2423966,0.461119,0.15079096,0.14168013
6qol_JB5_B_301,0.00073635277,0.99321922,0.17904532,0.23260699,0.46233897,0.15538038,0.14392235
6qor_JBK_B_301,0.99780293,0.981224,0.17306923,0.24247609,0.46110458,0.15079016,0.14155322
6qot_6SD_A_301,0.99085635,0.99076658,0.17313469,0.2423706,0.46112178,0.15080686,0.14167503
6qqs_JCZ_A_301,0.5599857,0,0.17320848,0.24197307,0.46074918,0.15439946,0.13161096
6qqs_JCZ_B_301,0.5599857,0,0.17320848,0.24197307,0.46074918,0.15439946,0.13161096
6qrn_RIP_A_500,0.026538018,0,0.11793597,0.021190856,0.19403395,0.12292267,0.050925548
6r0i_JNB_A_901,0.99443317,0.99332085,0.17311979,0.24239592,0.46111972,0.1507862,0.14169545
6r5o_BGC_A_801,0.5599857,0,0.17320848,0.24197307,0.46074918,0.15439946,0.13161096
6r5o_BGC_B_802,0.5599857,0,0.17320848,0.24197307,0.46074918,0.15439946,0.13161096
6r6i_H50_A_201,0.56004156,0.78044657,0.17517409,0.2389429,0.46145899,0.15313842,0.14029951
6r73_LMP_A_301,0.5599857,0,0.17320848,0.24197307,0.46074918,0.15439946,0.13161096
6r7w_CIT_A_406,0.56003728,0.72064174,0.17502347,0.2391751,0.4614046,0.15323505,0.13963371
6rbo_JXQ_A_302,0.77378289,0.94318625,0.17430933,0.24041688,0.46134487,0.15188729,0.14163204
6rbr_JXN_A_302,0.98075432,0.95237674,0.17309823,0.24242015,0.46109925,0.15091558,0.14127029
6rbx_JYT_A_301,0.98338246,0.97331559,0.1731353,0.24236474,0.46111508,0.15086961,0.14149751
6rgg_K3Q_B_401,0.5599857,0,0.17320848,0.24197307,0.46074918,0.15439946,0.13161096
6rgg_K3Q_B_405,0.5599857,0,0.17320848,0.24197307,0.46074918,0.15439946,0.13161096
6rgr_RM4_A_402,0.054839278,0.94657568,0.17860519,0.2333211,0.46223015,0.1552056,0.14328177
6rgr_RM4_A_403,0.22235516,0.96693027,0.1776575,0.23489233,0.46204311,0.15439827,0.14313277
6rhc_K48_A_305,0.9953123,0.96944913,0.17305442,0.24249728,0.46109692,0.1508207,0.14142771
6rhk_K4B_A_302,0,0.97478261,0.17900327,0.23267133,0.4623231,0.15541356,0.14371875
6rlt_MLI_A_508,0.56002451,0.54215619,0.17457394,0.23986809,0.46124227,0.15352345,0.13764667
6rlt_MLI_B_511,0.56001291,0.38015543,0.17416593,0.24049707,0.46109493,0.15378521,0.13584315
6rq3_OUC_A_401,0.028560803,0.9571468,0.17878853,0.23302117,0.46227201,0.15531001,0.14345838
6rum_TOP_A_301,0.99616858,0.9743454,0.17306165,0.2424867,0.46110032,0.15080883,0.1414803
6s23_KSW_A_402,0.22710281,0.97221637,0.17764251,0.23491858,0.46204209,0.15436778,0.14318098
6s23_KSW_B_402,0.21864376,0.97933453,0.17771088,0.2348076,0.46205895,0.15439539,0.14327919
6s37_SAL_A_601,0.99590925,0.9883116,0.083633077,0,0,0.31959997,0.016307764
6s39_K5Z_A_301,1.0010585e-05,0.97379937,0.17900073,0.23267524,0.4623222,0.15541511,0.14370778
6s4h_KUQ_A_901,0.5599857,0,0.17320848,0.24197307,0.46074918,0.15439946,0.13161096
6s7u_KZK_A_501,0.5599857,0,0.17320848,0.24197307,0.46074918,0.15439946,0.13161096
6s7u_KZK_C_501,0,0,0.16779097,0.21043783,0.4214006,0,0.12060668
6s9g_L1Q_A_305,0.99700611,0.97132235,0.17304904,0.24250669,0.46109655,0.15080984,0.14144477
6s9g_L1Q_A_306,0.56004749,0.86333119,0.17538284,0.23862109,0.46153437,0.1530045,0.14122224
6sds_L8N_A_302,0.98422833,0.98793427,0.17316708,0.2423163,0.46112734,0.15084208,0.14165836
6si4_LEK_B_402,0.95633218,0.99317932,0.17334665,0.24202112,0.46116634,0.15096257,0.1417793
6sj8_44V_A_901,0.5599857,0,0.17320848,0.24197307,0.46074918,0.15439946,0.13161096
6sj8_44V_B_901,0.5599857,0,0.17320848,0.24197307,0.46074918,0.15439946,0.13161096
6sjs_THH_B_901,0.5599857,0,0.17320848,0.24197307,0.46074918,0.15439946,0.13161096
6sux_BEN_A_302,0.99755928,0.99561953,0.17310694,0.24241779,0.46111797,0.15076803,0.14171403
6sxr_KHP_A_506,0.97275358,0.94644052,0.17313099,0.24236438,0.46110367,0.15096216,0.14122214
6sxr_KHP_A_507,0.98652342,0.93065747,0.17300912,0.24256132,0.46107242,0.150924,0.14101555
6sxr_KHP_A_513,0,0.96611619,0.17898144,0.23270498,0.46231522,0.15542757,0.14362227
6syz_M1E_B_601,0,0.99006114,0.17904175,0.232612,0.462337,0.15538888,0.14388885
6szl_M3E_B_604,0.34560644,0.97528887,0.17694357,0.23607408,0.46189948,0.15381495,0.14294948
6szt_M4Q_A_601,0.56000772,0.30764856,0.17398331,0.24077859,0.46102898,0.15390237,0.13503594
6szt_M4Q_B_601,0.037841621,0.98712058,0.17880868,0.23299621,0.46228789,0.15521868,0.14377126
6t02_M5E_A_602,0.5599857,0,0.17320848,0.24197307,0.46074918,0.15439946,0.13161096
6t02_M5E_B_601,0,0.99082976,0.17904369,0.23260902,0.4623377,0.15538764,0.1438974
6t07_M45_B_601,0.5599857,0,0.17320848,0.24197307,0.46074918,0.15439946,0.13161096
6t0a_M58_A_601,0.0026412827,0.99388745,0.17903564,0.23262316,0.46233724,0.15537049,0.14392552
6t0a_M58_B_601,0.5599857,0,0.17320848,0.24197307,0.46074918,0.15439946,0.13161096
6t0m_GOZ_A_305,0,0.98022933,0.17901699,0.23265018,0.46232806,0.15540477,0.14377939
6t10_M6Z_B_601,0.5599857,0,0.17320848,0.24197307,0.46074918,0.15439946,0.13161096
6t5p_VD8_A_302,0.56004936,0.88937562,0.17544843,0.23851997,0.46155806,0.15296241,0.14151219
6t5p_VD8_B_302,0,0.97990153,0.17901616,0.23265145,0.46232776,0.15540529,0.14377574
6t5p_VD8_C_302,0.56004888,0.88272155,0.17543167,0.23854581,0.46155201,0.15297317,0.14143811
6t5p_VD8_D_302,0.99554728,0.96797953,0.17304932,0.2425053,0.4610953,0.15082199,0.14141083
6t9c_MX8_A_501,0,0.9766465,0.17900796,0.23266409,0.4623248,0.15541055,0.1437395
6tbx_N0Z_A_302,0,0.98603214,0.1790316,0.23262765,0.46233334,0.15539539,0.14384399
6tbx_N0Z_B_302,0.99118029,0.98663721,0.17312236,0.24238983,0.46111763,0.15081203,0.14162833
6tbx_N0Z_C_303,0.5599857,0,0.17320848,0.24197307,0.46074918,0.15439946,0.13161096
6tfb_N6W_B_202,0.074752336,0.95043155,0.17849615,0.2335023,0.46220922,0.15510731,0.14328005
6tgi_N8Z_A_508,0.5599857,0,0.17320848,0.24197307,0.46074918,0.15439946,0.13161096
6tgl_LVP_B_201,0.98485135,0.98655078,0.17315988,0.24232781,0.46112531,0.15084143,0.14164156
6to7_SUV_A_401,0,0.9844912,0.17902772,0.23263363,0.46233193,0.15539788,0.14382684
6to7_SUV_B_401,0,0.98395451,0.17902637,0.23263571,0.46233145,0.15539875,0.14382086
6tof_NQE_A_201,0.99410309,0.98998999,0.17311337,0.2424056,0.46111709,0.1507931,0.14165911
6tog_NQH_A_201,0.97943118,0.99100723,0.22823082,4.8532916e-31,0.98322104,0.18281196,0.21877168
6toj_NQQ_A_201,0.97418721,0.98904011,0.17322975,0.24221309,0.46114066,0.15088671,0.14169318
6tol_NQW_A_201,0.5599857,0,0.17320848,0.24197307,0.46074918,0.15439946,0.13161096
6tor_PMP_A_504,0.98598829,0.98341715,0.17314521,0.24235118,0.46112107,0.15084124,0.14160412
6tor_PMP_B_504,0.5599857,0,0.17320848,0.24197307,0.46074918,0.15439946,0.13161096
6tot_NRK_B_401,8.9394841e-07,0.97663485,0.17900793,0.23266414,0.46232479,0.15541057,0.14373937
6tt4_FT8_A_709,0.99238354,0.93501598,0,0.19415781,0.38652574,0.14142197,0.11821514
6u30_PQM_A_501,0.88886852,0.96138617,0.17366887,0.24147996,0.4612202,0.15132583,0.14157661
6u6c_P1T_B_502,0.97466412,0.93687847,0.17309551,0.24242034,0.46109263,0.15096878,0.1411114
6u6c_P1T_F_805,0.5599857,0,0.17320848,0.24197307,0.46074918,0.15439946,0.13161096
6ufd_Q6D_A_305,0.99286006,0.97896061,0.173093,0.24243618,0.46110858,0.15081667,0.1415391
6uo7_QCP_A_504,0.9840092,0.95007497,0.17307302,0.24246115,0.46109317,0.15090425,0.14123737
6uqd_QF4_B_501,0,0.9267378,0.17888225,0.23285789,0.4622794,0.15549118,0.14318387
6ur0_ETM_A_401,0.56004014,0.76054029,0.17512395,0.23902019,0.46144088,0.15317059,0.14007789
6ur0_ETM_B_401,0.98154439,0.96809039,0.1731331,0.24236692,0.46111258,0.15088655,0.14144346
6uvj_QJ1_A_205,0.90871613,0.99132732,0.17362593,0.24155923,0.46122308,0.1511857,0.14186545
6uxr_K6G_B_202,0.56005008,0.89948728,0.1754739,0.23848071,0.46156726,0.15294608,0.14162476
6v9f_QTS_B_2001,0.99519611,0.99388312,0.17311666,0.24240125,0.46111929,0.15078176,0.1417
6vei_9UO_B_502,0,0.97717331,0.17900929,0.23266204,0.46232528,0.1554097,0.14374537
6vlu_CIT_A_701,0.56002304,0.5216739,0.17452235,0.23994761,0.46122364,0.15355654,0.13741864
6vmz_NAG_C_402,0.5599857,0,0.17320848,0.24197307,0.46074918,0.15439946,0.13161096
6vmz_NAG_E_402,0.5599857,0,0.17320848,0.24197307,0.46074918,0.15439946,0.13161096
6vmz_R3P_C_404,1.4709773e-07,0.95983833,0.17896562,0.23272936,0.46230951,0.15543771,0.14355238
6vmz_R3P_E_403,2.4401517e-07,0.94925063,0.17893895,0.23277047,0.46229988,0.15545481,0.14343451
6vo2_R67_A_403,0.5600472,0.85925299,0.17537257,0.23863693,0.46153066,0.15301109,0.14117684
6vv1_RMJ_A_501,0,0.97525195,0.15726791,0.16806673,0.36292796,0.14279452,0
6w0x_S6J_A_301,0.5599857,0,0.17320848,0.24197307,0.46074918,0.15439946,0.13161096
6w0x_S6J_B_301,0.5599857,0,0.17320848,0.24197307,0.46074918,0.15439946,0.13161096
6wdv_TWM_A_701,0.56004787,0.86864687,0.17539623,0.23860045,0.46153921,0.15299591,0.14128142
6wdw_TWV_A_701,0,0.91347871,0.17884885,0.23290937,0.46226734,0.1555126,0.14303626
6wiw_I14_A_601,0.56004961,0.89293307,0.17545739,0.23850616,0.46156129,0.15295667,0.14155179
6wiw_I14_B_601,0.56004644,0.84863349,0.17534582,0.23867816,0.461521,0.15302825,0.14105862
6x9d_HYP_A_2002,0.5599857,0,0.17320848,0.24197307,0.46074918,0.15439946,0.13161096
6x9d_HYP_B_2002,0.5599857,0,0.17320848,0.24197307,0.46074918,0.15439946,0.13161096
6xeb_V1P_A_411,0.5599857,0,0.17320848,0.24197307,0.46074918,0.15439946,0.13161096
6xim_XLS_B_397,0,0.96626568,0.17898181,0.2327044,0.46231535,0.15542732,0.14362393
6xim_XLS_C_397,0,0.96518031,0.17897908,0.23270861,0.46231437,0.15542908,0.14361185
6xim_XLS_D_397,0.99130531,0.97127908,0.17308293,0.2424507,0.4611035,0.15083627,0.14145707
6xp1_T2C_A_401,0.9852694,0.98470695,0.17315274,0.24233909,0.46112312,0.15084248,0.1416201
6xu3_GAB_B_402,0.0051727137,0.99025138,0.17901139,0.23266222,0.46233083,0.15536466,0.14387937
6xu3_PLG_B_401,0,0.97019812,0.17899172,0.23268913,0.46231893,0.15542097,0.14366771
6xu3_PLG_C_401,0.98334706,0.93084,0.17302852,0.24252932,0.46107648,0.15093839,0.14102471
6xzx_O5H_A_302,0.86854814,0.98847073,0.17385828,0.24117461,0.46126977,0.15137602,0.14192371
6xzx_O5H_B_302,0.97270403,0.98645791,0.17323209,0.24220851,0.46114014,0.15089774,0.14166776
6yaw_P9H_A_301,0,0.95287341,0.17894808,0.2327564,0.46230317,0.15544896,0.14347484
6yaw_P9H_B_502,0,0.96220098,0.17897158,0.23272018,0.46231166,0.15543389,0.14357868
6yk5_PVK_A_312,0.5599857,0,0.17320848,0.24197307,0.46074918,0.15439946,0.13161096
6yk6_OUB_A_311,0.5599857,0,0.17320848,0.24197307,0.46074918,0.15439946,0.13161096
6ypv_AKG_A_302,0.99691914,0.95992978,0.21010044,0.010750994,0.85743381,0.17235949,0.19324762
6yta_IYZ_A_702,0.98236373,0.9046758,0.17296848,0.24262123,0.46105389,0.15098521,0.14073563
6zac_QDE_A_4000,0,0.9478002,0.1789353,0.2327761,0.46229856,0.15545716,0.14341836
6zi7_QR8_A_502,0,0.92625916,0.17888104,0.23285975,0.46227896,0.15549196,0.14317854
6zi7_QR8_B_502,0.92980244,0.92592633,0.17333545,0.24202091,0.46113772,0.15119387,0.14109006
6zi7_QR8_D_502,0.56005024,0.90169411,0.17547946,0.23847214,0.46156926,0.15294251,0.14164933
6zjw_GAL_A_1101,0.99808136,0.95277401,0.17299591,0.24258931,0.46107835,0.15083484,0.14123586
6zjw_GAL_A_1102,0.080685273,0.99699921,0.17857807,0.23337992,0.4622443,0.15500465,0.14378518
7a2h_QX2_A_401,0,0.9754679,0.17900499,0.23266867,0.46232373,0.15541246,0.14372638
7bp1_CAQ_A_401,0.99365204,0.99648061,0.17313241,0.24237596,0.46112355,0.1507847,0.14173238
7bp1_CAQ_C_401,0.99441545,0.99556071,0.17312554,0.24238705,0.46112177,0.15078266,0.14172042
7bp1_CAQ_D_401,0.98569628,0.99593816,0.17317849,0.24229969,0.46113282,0.15082236,0.14174418
7bqu_EF2_A_501,0.78958698,0.99578968,0.17434759,0.24036831,0.46137332,0.15172924,0.14218223
7bzm_GIM_A_501,0.56004634,0.84724148,0.17534232,0.23868356,0.46151974,0.15303049,0.14104312
7bzm_GIM_B_501,0.56004792,0.8692706,0.1753978,0.23859803,0.46153977,0.1529949,0.14128837
7c7g_FJR_A_402,0.5599857,0,0.17320848,0.24197307,0.46074918,0.15439946,0.13161096
7c7g_FJR_B_402,0.99153711,0.99128371,0.17313193,0.2423753,0.46112142,0.15080288,0.14167926
7cne_SIN_A_402,0.56003831,0.73499798,0.17505962,0.23911936,0.46141765,0.15321186,0.13979354
7cwd_GLC_A_901,0,0.99043121,0.17904269,0.23261056,0.46233734,0.15538828,0.14389297
7est_0Z2_E_1,0.97246926,0.94813664,0.17313696,0.242355,0.46110556,0.15096074,0.14124166
7jis_VBS_A_1101,0.99470933,0.99448006,0.17312107,0.24239414,0.46112043,0.15078305,0.14170773
7kje_NRD_A_405,0.56003356,0.66866689,0.17489256,0.2393769,0.46135733,0.15331903,0.13905509
7kjg_BTM_A_406,0.98037926,0.97567133,0.17315915,0.242326,0.46112091,0.15087968,0.14153047
8cpp_TCM_A_422,0.078946401,0.99610981,0.1785862,0.23336625,0.46224563,0.15501413,0.14377918
8icd_ICT_A_418,0.86263823,0.93969954,0.17377067,0.24130577,0.46123266,0.15148213,0.14139399
