PDB_CCD_ID,surfdock,unimol,diffdock,diffdock_l,gnina,autodock,smina
19gs_BSP_A_210,0.007388756,0.98557239,0.043372573,0.12925329,0.0039881531,0.19365784,0.19283763
19gs_BSP_B_210,0.0053721136,0.98854669,0.043379989,0.12913028,2.4252396e-05,0.19363255,0.19285421
1a49_OXL_D_2333,0.99569192,0.96645288,0.036784619,0.14559425,9.8789352e-05,0.20296836,0.20034275
1a49_OXL_F_4133,0.9892019,0.66025467,0.037471026,0.15508139,0.42468405,0.20396388,0.19695102
1a59_CIT_A_379,0,0.66108591,0.043464353,0.12864148,0,0.17687844,0.18992055
1ac4_TMT_A_296,0,0.98176216,0.044767536,0.15155701,0.95959659,0.23088791,0.19130838
1aer_TIA_B_700,0,0,0.04383162,0.13232676,0.19126473,0.15070702,0.18379933
1aia_PMP_A_411,0.21621794,0.66052397,0.042621942,0.14221715,0.42503309,0.19582017,0.19095494
1aia_PMP_B_411,0.2344142,0.66051763,0.042500688,0.14251998,0.42502487,0.19601188,0.19109609
1aiq_CB3_A_266,0.52745801,0,0.040647193,0.14660493,0.42568777,0.16546709,0.18753869
1aiq_UMP_B_266,0.96432939,0.66026334,0.037636768,0.15466746,0.42469528,0.20370183,0.19675808
1aj8_CIT_B_2000,0.060059918,0.65995959,0.044423711,0.15230986,0.96574497,0.215372,0.18892592
1ajs_PLA_A_415,0.9487998,0.96056931,0.038454958,0.16743528,0.9641239,0.24000588,0.19847603
1amq_PMP_A_413,0,0.6605993,0.044062748,0.13861878,0.42513072,0.19354222,0.18927772
1anc_BEN_A_290,0,0.96829228,0.04481762,0.15234247,0.99375656,0.2315421,0.19113808
1aog_MAE_A_500,0,0.66007082,0.044712873,0.1494586,0.8868754,0.21164656,0.18857934
1aog_MAE_A_501,0.99516562,0.89660671,0.03680212,0.14556107,0.0026800362,0.19950491,0.19971829
1aua_BOG_A_2,0.15718129,0.66022681,0.04301452,0,0.41325833,0.19469351,0.19049358
1axg_ETF_A_404,0,0.95193289,0.044729479,0.1508123,0.92941759,0.22818352,0.19109052
1axg_ETF_B_404,0.99135464,0.98447323,0.038191023,0.16855919,0.9805795,0.24231918,0.19899243
1axg_ETF_C_404,0.99069673,0.96246439,0.038117125,0.16716162,0.92264914,0.23891727,0.19888025
1axg_ETF_D_404,0.41097855,0.66045612,0.04132412,0.14545842,0.42494514,0.19787205,0.19246571
1bcs_ARG_A_426,0,0,0.043562386,0.12783713,7.4498829e-08,0.14320095,0.18408721
1bit_BEN_A_246,0.97175269,0.94326616,0.036947432,0.14516512,0,0.20153012,0.1999525
1bit_BEN_A_247,0.010075766,0.83814091,0.043479803,0.13084059,0.077347776,0.18905243,0.19144677
1bo8_U_A_318,0.95434796,0.65962246,0.038495725,0.1677141,0.98765853,0.22566422,0.19582938
1bqp_MAN_B_401,0.97770897,0.96333196,0.038308053,0.16868929,0.99689744,0.24173815,0.19867539
1bqp_MAN_C_402,0,0.97204432,0.044796227,0.15199958,0.97895466,0.2311524,0.19119347
1c3s_SHH_A_952,0.96309139,0.90306974,0.037011174,0.14497309,4.7177354e-05,0.19939219,0.19953044
1c9c_PP3_A_413,0,0.6605993,0.044062748,0.13861878,0.42513072,0.19354222,0.18927772
1ca7_ENO_B_601,0.97789674,0.95974611,0.038294052,0.16846657,0.98746204,0.24118712,0.1986594
1cdk_MYR_A_403,0.97867701,0,0.038374516,0.16636597,0.94718211,0.1907083,0.19025493
1cdk_MYR_B_403,0.9745238,0.88011681,0.038113486,0.1647307,0.83482987,0.23110383,0.19816011
1cgk_NAR_A_390,0,0.66108591,0.043464353,0.12864148,0,0.17687844,0.18992055
1cib_HDA_A_437,0,0.6599889,0.044813623,0.15113845,0.95844255,0.2144522,0.18847111
1cib_IMP_A_440,0,0.65477827,0.044074836,0.13861066,0.42613335,0.19326918,0
1ck6_SHA_A_900,0.98848707,0.98775244,0.036829328,0.1454979,3.130899e-07,0.20397378,0.200475
1cq1_BGC_A_455,0.11433033,0.96862762,0.042657666,0.13093254,0.0005490441,0.19378882,0.19352298
1cq1_BGC_B_455,0.66765475,0.94477314,0.038974051,0.14011297,0.00039786642,0.19841096,0.19760578
1d3g_ORO_A_399,0.20925065,0,0.042398423,0.13516205,0.16362501,0.1518322,0.18546446
1d6u_HY1_A_2001,0.99426473,0.99667157,0.038190808,0.16897242,0.99548726,0.24355656,0.19910023
1d6u_HY1_B_3001,0.99514332,0.99613863,0.03815126,0.16842322,0.97149502,0.24259712,0.19913846
1d6u_PEA_A_2003,0.99015159,0.97472167,0.036820184,0.14550998,9.891639e-06,0.20332772,0.20037288
1d7a_AIR_A_300,0.67609753,0.66036376,0.039557452,0.14987061,0.42482543,0.20066519,0.19452225
1d7a_AIR_C_400,0,0.6605993,0.044062748,0.13861878,0.42513072,0.19354222,0.18927772
1d7a_AIR_D_450,0.97994517,0.6602579,0.03753271,0.15492734,0.42468823,0.20386635,0.19687922
1daf_DSD_A_225,0.87448279,0.66078077,0.037637484,0.1432016,0,0.18610267,0.19670353
1dai_DSD_A_225,0.89260721,0.66077445,0.037516717,0.14350338,0,0.18629385,0.19684411
1diw_GAL_A_1400,0,0.97379023,0.043419223,0.12904371,0.0009117094,0.19285869,0.19268094
1dna_CB3_A_601,0.52745801,0,0.040647193,0.14660493,0.42568777,0.16546709,0.18753869
1dna_CB3_B_602,0.52745801,0,0.040647193,0.14660493,0.42568777,0.16546709,0.18753869
1dpm_EBP_A_901,0.00036292408,0.9780366,0.043414899,0.12903364,5.190402e-06,0.19304333,0.1927226
1dpm_EBP_B_902,0.75421767,0.91797723,0.038400877,0.1415157,0.00014395142,0.19794973,0.19804127
1dpm_EBP_B_903,0,0.62846076,0.0434719,0.12840541,7.1840838e-10,6.6574301e-06,0.18962833
1dxy_COI_A_404,0.96684591,0.94556853,0.03698795,0.14522236,0.0057999504,0.20182324,0.19992602
1dy3_87Y_A_201,0,0.65995612,0.044853942,0.15181072,0.98708305,0.21557499,0.18842779
1e26_GPB_A_208,0.61697191,0.66038435,0.039951446,0.14888662,0.42485213,0.20004228,0.19406361
1e2j_THM_A_500,0.98420793,0.66074224,0.036906667,0.14503361,0.0002166641,0.18726857,0.19755429
1e2j_THM_B_500,0.98410595,0.66066458,0.037002909,0.14662527,0.068098697,0.18992867,0.19745084
1e48_13P_P_302,0.85673679,0,0.03902538,0.16163995,0.83234214,0.18491367,0.18948167
1e5f_PLP_A_405,0.4238894,0,0.040737903,0.13489501,0,0.14767763,0.18737607
1e5f_PLP_B_405,0.39337695,0,0.042338105,0.15768089,0.99235377,0.1862997,0.18564573
1e7h_PLM_A_1001,0.96268238,0.97538283,0.03789922,0.15999638,0.63660115,0.22805393,0.19920745
1e7h_PLM_A_1007,0.99092652,0.96956467,0.036815771,0.14551637,0,0.20307273,0.20033339
1e8g_FCR_B_601,0.99606219,0.66064719,0.066889575,0.14678853,0.066671352,0.18999763,0.19754403
1ei6_PPF_A_410,0.97993212,0.83340009,0.037515064,0.15527026,0.43038769,0.2129083,0.19839846
1ei6_PPF_C_413,0,0.85570918,0.044033567,0.13885245,0.42489579,0.20348073,0.19100056
1ei6_PPF_D_412,0.99636031,0.88534888,0.038162718,0.1683609,0.97372118,0.23705176,0.19816667
1eow_U2G_A_130,0,0.66043205,0.044268576,0.14205064,0.57127266,0.199274,0.18905662
1eyw_PEL_A_404,0.0035114931,0.96758981,0.043609888,0.1326489,0.15232892,0.19852209,0.19242556
1eyw_TEN_A_403,0.98636349,0.66035738,0.037364735,0.15294655,0.33580396,0.20044732,0.1970635
1fdk_GLE_A_150,0,0,0.044161515,0.13782792,0.42592617,0.1599042,0.1834466
1fds_EST_A_350,0.99721255,0.83103234,0.036810477,0.14571995,0.011396672,0.1965271,0.19914226
1fhv_OSB_A_789,0.9865647,0.66074166,0.036890658,0.14506777,0,0.18728494,0.1975729
1fk1_DAO_A_201,0.94505784,0.97035544,0.037125092,0.14481703,0.0027017322,0.20273463,0.19998042
1foi_14W_A_810,0,0.99540042,0.043414738,0.12904866,2.4001213e-06,0.1939242,0.19287305
1foi_14W_B_810,0,0.99301916,0.043415088,0.12904571,8.0473767e-08,0.19380277,0.19285204
1fp2_HMO_A_2000,0,0.92100725,0.043425769,0.12895806,3.7590801e-09,0.19013322,0.19221643
1fqo_F6R_A_1268,0.93841667,0.66040903,0.03764127,0.15143219,0.30529828,0.19874565,0.19673773
1fqo_F6R_B_2268,0.94851056,0.65976614,0.038360401,0.16471207,0.8639032,0.22075107,0.19597126
1fs5_16G_A_1267,0.22979798,0.62607821,0.042512135,0.14173212,0.39799817,4.6027592e-08,0.19078088
1fs5_16G_B_2267,0.017154785,0,0.0440472,0.13811342,0.42591842,0.16008515,0.1835797
1fsa_F6P_B_338,0.96123392,0.97265526,0.038336931,0.95619859,0.9842941,0.24246174,0.19873159
1fuq_CIT_B_1002,0.42350044,0.66045176,0.041240678,0.14566681,0.42493949,0.19800398,0.19256284
1fuy_FIP_A_269,0,0.97591356,0.0445757,0.14833644,0.82269911,0.22521742,0.19146281
1fwn_PEP_A_1268,0,0.97246389,0.044709709,0.15055839,0.91753597,0.22876345,0.19128962
1g4s_TPS_A_2001,0.98867079,0.66025486,0.037474565,0.15507255,0.42468429,0.20395828,0.1969469
1g6n_CMP_A_621,5.0567369e-07,0.6605993,0.044062745,0.13861879,0.42513072,0.19354223,0.18927773
1g6n_CMP_B_622,0,0.6599501,0.044861351,0.15193425,0.99234586,0.21578131,0.18841983
1g6t_S3P_A_601,0.99198286,0.96177999,0.037399955,0.1553642,0.41918545,0.21913786,0.19964196
1g72_PQQ_A_701,0,0.65995036,0.044861027,0.15192884,0.99211557,0.21577228,0.18842018
1g72_PQQ_C_703,7.0264733e-06,0.65994976,0.044861713,0.15194117,0.99263592,0.21579275,0.18841945
1g79_PLP_A_260,8.7059167e-05,0.90095242,0.043434877,0.12904705,0.0047690718,0.18929935,0.19203291
1g79_PLP_A_270,3.2833526e-06,0.002583767,0.044161107,0.13783107,0.42592306,0.16003581,0.18346943
1g8z_GAL_F_104,0.98978258,0.65963202,0.038232647,0.16785441,0.9685009,0.22528696,0.1961332
1g8z_GAL_G_104,0.99236488,0.66008908,0.037652165,0.15850567,0.56838283,0.20962839,0.19675833
1g8z_GAL_H_104,0.96352562,0.66074892,0.037045131,0.14470014,0.00068052065,0.1870686,0.19739316
1gck_PLP_A_413,0,0,0.044161515,0.13782792,0.42592617,0.1599042,0.1834466
1gck_PLP_B_913,0,0,0.044161515,0.13782792,0.42592617,0.1599042,0.1834466
1gij_2PU_A_501,0.89587387,0,0.03759295,0.14275368,0,0.15266225,0.19103809
1gim_HDA_A_438,0,0.65991872,0.044494017,0,0.72330822,0.20505691,0.18881
1gim_IMP_A_440,0,0.6605993,0.044062748,0.13861878,0.42513072,0.19354222,0.18927772
1giu_ADE_A_300,0.98646955,0.66056396,0.037109904,0.1487112,0.1552893,0.19337173,0.19733732
1gkc_NFH_A_1448,0.99085417,0.65963587,0,0.16820973,0.98274896,0.22585846,0.19612223
1gkc_NFH_B_1449,0.96347199,0.93849705,0.038322504,0.16701963,0.93715389,0.23797767,0.19843564
1gsi_TMP_A_1210,0.97981491,0,0.0374914,0.15178491,0.32520119,0.16631106,0.1911999
1gsq_GDN_A_203,0.73101184,0.95409597,0.039147602,0.15113619,0.42444692,0.21620185,0.1975412
1gxu_2HP_A_1092,0.98786244,0.62895653,0.038266068,0.16805236,0.97989811,0.2241393,0.19582841
1gz5_G6P_A_901,0.70041485,0.97877921,0.03875016,0.14069052,1.6373853e-06,0.20047426,0.19816071
1gz5_G6P_C_901,0,0.95979779,0.04342002,0.12900535,3.3112043e-06,0.19211002,0.19255881
1gz5_G6P_D_901,0.82702458,0.97549452,0.037907014,0.14279461,1.2766772e-06,0.20164398,0.19911405
1gz5_UDP_C_900,0.95703959,0.65969476,0.038387704,0.16625688,0.92366707,0.22318396,0.19594703
1h0v_UN4_A_1299,0,0.65997126,0.044835319,0.15150021,0.97385433,0.21505639,0.1884478
1h18_DTL_A_9009,0.99448401,0,0.037534557,0.15437873,0.42547669,0.17039416,0.19116306
1h18_DTL_A_9010,0.99086552,0,0.03755867,0.15431851,0.42547833,0.17035599,0.19113498
1h18_DTL_B_9009,0.99240068,0,0.036949771,0.14436093,2.0181051e-06,0.15368174,0.19178701
1h18_DTL_B_9010,0.97209303,0,0.037683764,0.15400609,0.42548681,0.17015797,0.19098932
1h18_PYR_B_1001,0,0,0.043668357,0.12960426,0.075282129,0.14615535,0.1839739
1h1i_QUE_A_1358,0.52720526,0.66041563,0.040549624,0.1473927,0.42489266,0.19909655,0.19336729
1h1i_QUE_C_1358,0,0.6605993,0.044062748,0.13861878,0.42513072,0.19354222,0.18927772
1h1i_QUE_D_1357,0.99102434,0.66025404,0.037458882,0.15511172,0.42468322,0.20398308,0.19696516
1h1m_KMP_A_1360,0.52720526,0.66041563,0.040549624,0.1473927,0.42489266,0.19909655,0.19336729
1h1m_KMP_B_1358,0.51975613,0.62566606,0.040566056,0.1465856,0.39762476,0,0.19304356
1h1m_KMP_C_1358,0.52720526,0.66041563,0.040549624,0.1473927,0.42489266,0.19909655,0.19336729
1h48_C5P_B_901,0,0.6605993,0.044062748,0.13861878,0.42513072,0.19354222,0.18927772
1h48_C5P_C_901,0.97232855,0.65962505,0.038365016,0.16783174,0.9799157,0.22555034,0.19598056
1h48_C5P_D_204,0.98369946,0.65965903,0.038242574,0.16724283,0.94676052,0.2243705,0.1961189
1h48_C5P_E_901,0.98758089,0.65965382,0.038221451,0.16738648,0.95012735,0.22454344,0.19614391
1h48_CDI_A_201,0,0.6605993,0.044062748,0.13861878,0.42513072,0.19354222,0.18927772
1h48_CDI_D_201,0,0.6605993,0.044062748,0.13861878,0.42513072,0.19354222,0.18927772
1h48_CDI_E_902,0.96100581,0.65961818,0.038453766,0.16786504,0.9893664,0.2258014,0.19587844
1h48_CDI_F_902,0,0.6605993,0.044062748,0.13861878,0.42513072,0.19354222,0.18927772
1h48_GPP_C_904,0.96648463,0.66026259,0.037622406,0.15470333,0.42469431,0.20372454,0.1967748
1h48_GPP_E_904,0,0.6605993,0.044062748,0.13861878,0.42513072,0.19354222,0.18927772
1h5r_G1P_A_1294,0.84403737,0.66030525,0.038438355,0.15266552,0.4247496,0.20243451,0.19582497
1h5r_G1P_B_1294,0.9828736,0.66025688,0.037513195,0.15497608,0.4246869,0.20389721,0.19690193
1h5r_G1P_C_1294,0,0.6605993,0.044062748,0.13861878,0.42513072,0.19354222,0.18927772
1h5r_G1P_D_1294,0,0.6605993,0.044062748,0.13861878,0.42513072,0.19354222,0.18927772
1h5r_THM_A_1293,0.98071657,0,0.03781727,0.15733417,0.56096788,0.1755731,0.19085205
1h5r_THM_B_1293,0.98383148,0,0.037717691,0.1560716,0.50497134,0.17340845,0.19096049
1h5r_THM_C_1292,0,0,0.044161515,0.13782792,0.42592617,0.1599042,0.1834466
1h5r_THM_C_1293,0,0,0.044161515,0.13782792,0.42592617,0.1599042,0.1834466
1h5r_THM_D_1292,0.98919434,0,0.037503588,0.1531865,0.37825773,0.16849229,0.19119282
1h5r_THM_D_1293,0.45179086,0,0.041150909,0.1453469,0.42572198,0.16466975,0.18695216
1h69_ARH_A_1275,0,0.6605993,0.044062748,0.13861878,0.42513072,0.19354222,0.18927772
1h69_ARH_B_1275,0,0.6605993,0.044062748,0.13861878,0.42513072,0.19354222,0.18927772
1h69_ARH_C_1275,0,0.6605993,0.044062748,0.13861878,0.42513072,0.19354222,0.18927772
1h70_CIR_A_500,0,0,0.044950732,0.15098859,0.98628454,0.18190707,0.18260274
1h7q_TYD_A_1258,0.55942237,0.6604044,0.040334938,0.14792887,0.42487811,0.19943597,0.1936172
1h82_GZZ_B_590,0.95906774,0.66025187,0.037688101,0.15485119,0.43630952,0.20409951,0.19669979
1h82_GZZ_C_590,0,0.66079133,0.043826672,0.13468258,0.25737024,0.18696811,0.18953133
1h8p_PC_A_1111,0.071628614,0.90533677,0.04295082,0.13013173,4.3345933e-06,0.19009133,0.19263386
1h8p_PC_B_1111,0,0.9354496,0.043423818,0.12897882,0.00013547327,0.19087448,0.1923437
1hdi_3PG_A_419,0.99369566,0.66069559,0.036896754,0.14608038,0.038082066,0.18885309,0.19757062
1hkn_N2M_C_4138,0.9783261,0.98289347,0.036897754,0.14532279,0,0.20361886,0.20035327
1ho5_ADN_A_1604,0.98369689,0.94587035,0.036877402,0.14534832,1.1532432e-06,0.20170376,0.018576343
1ho5_ADN_B_2604,0.97807602,0.66074462,0.03694722,0.14492643,6.0170552e-09,0.1871954,0.19750705
1hot_16G_A_269,0.00032804334,0.97630555,0.043415381,0.12903083,2.5018792e-08,0.19295455,0.19270706
1hot_16G_B_271,0.27312227,0.968443,0.04159885,0.13356337,4.3482707e-07,0.19543488,0.19475421
1hq2_PH2_A_181,0.99671125,0.65959919,0.03822389,0.16859354,0.99507507,0.22640183,0.19614676
1hsb_ALA_A_1001,0,1.1247562e-05,0.043562384,0.12783714,4.5035936e-10,0.14320152,0.18408731
1hsr_BHO_A_800,0.99664928,0.99188539,0.036774332,0.14563889,2.819143e-06,0.20427068,0.2005748
1i8a_BGC_A_189,0.068665263,0.66104487,0.043027827,0.13013498,0.014920795,0.17818767,0.19043059
1ia1_TQ3_A_194,0.99704587,0,0.03832179,0.16783362,0.99667661,0.19284467,0.19032295
1ia1_TQ3_B_196,0,0.96735884,0.044822874,0.15242665,0.99739114,0.23163717,0.19112437
1if4_FBS_A_555,0.99666889,0.65959924,0.038224119,0.16859195,0.99503764,0.22639991,0.19614649
1ij8_BNI_A_501,0.74154892,0.66082518,0.038525679,0.14102873,0.0017244195,0.18476806,0.19566981
1iki_DAL_A_500,0.63914911,0,0.039303582,0.13847929,6.2995826e-06,0.14995123,0.18904621
1iri_E4P_A_601,0.99636509,0.65983018,0.037942238,0.1638532,0.79336733,0.21849064,0.19644911
1iri_E4P_C_603,0.99298605,0.66036908,0.037303373,0.15276947,0.323562,0.20003725,0.19713339
1iri_E4P_D_604,0.99168967,0.65973193,0.038096239,0.16582366,0.88063136,0.22186233,0.19628088
1isx_XYP_A_1461,0.032025759,0.96506034,0.044580053,0.15246071,0.97624465,0.23102839,0.19138439
1itw_ICT_A_743,0.98770296,0.92865869,0.037440889,0.15537775,0.42436153,0.21761408,0.19930839
1itw_ICT_C_743,0.99213665,0.83316803,0.037425622,0.15533721,0.42447451,0.21279804,0.19849982
1iwe_IMP_A_460,0.52720526,0.66041563,0.040549624,0.1473927,0.42489266,0.19909655,0.19336729
1iwe_IMP_B_1443,0.97852813,0,0.037068558,0.14437281,0.011203601,0.15388408,0
1iwe_IMP_B_1452,0,0,0.043563771,0.12786022,0.00098386525,0.14323956,0.18408573
1ixo_G3P_A_1001,0.86584543,0.66075263,0.037733357,0.14369672,0.027220164,0.18707868,0.19659537
1ixo_G3P_D_1004,0,0.66106801,0.043486363,0.12900845,0.015634324,0.17749135,0.1898969
1j0n_CEG_A_780,0,0,0.043562397,0.12783732,8.1131681e-06,0.14320127,0.18408719
1j0y_BGC_A_1601,0.99715808,0.65960454,0.038214141,0.16848807,0.99026507,0.22621797,0.1961575
1j0y_BGC_B_2601,0.9543416,0.65970444,0.038394929,0.16603268,0.91602912,0.22285607,0.19593766
1j0y_BGC_C_3601,0.99731894,0.65959939,0.038219332,0.16859518,0.99471414,0.22639409,0.19615202
1j0y_BGC_D_4601,0.99550916,0.65959918,0.038232422,0.16858224,0.99544638,0.2264037,0.19613687
1j3i_UMP_C_611,0.95413995,0,0.038570894,0.16650575,0.9705415,0.19136589,0.19002939
1j3i_WRA_A_609,0,0.99015522,0.044013465,0.13901342,0.4247339,0.21032733,0.19218741
1j3i_WRA_B_709,0.97842315,0.99489507,0.037492823,0.15530261,0.42428596,0.22088925,0.1998211
1j3k_UMP_C_611,0.98438715,0,0.038403489,0.16757866,0.99479399,0.1926371,0.19022757
1j3k_UMP_D_711,0.9814067,0,0.038421222,0.16749358,0.99328345,0.19254634,0.19020672
1j3k_WRA_A_609,0.97624103,0.9934278,0.037507583,0.15526454,0.42428872,0.22079151,0.19979121
1j3k_WRA_B_709,0.98990463,0.99566085,0.037416199,0.15549461,0.42427985,0.22104935,0.19991695
1j54_TMP_A_2000,0.98734221,0,0.03832185,0.16659483,0.95078537,0.19094122,0.19031674
1ja9_PYQ_A_406,0,0.66106989,0.043484051,0.1289699,0.013991928,0.17742696,0.18989939
1jf0_CZH_A_197,2.1247351e-08,0.6605993,0.044062748,0.13861878,0.42513072,0.19354223,0.18927773
1jho_NIO_A_991,0.74250038,0.99493667,0.039453534,0.15785632,0.70059852,0.22923655,0.19757538
1jho_RMB_A_990,0.95681204,0.65961584,0.038486387,0.16787319,0.99268842,0.2258874,0.19584089
1jhv_NIO_A_991,0.74166281,0.99598565,0.039864647,0.16460872,0.98879985,0.24059144,0.19714436
1jhv_PCR_A_990,0.99831,0.99501148,0.036770466,0.14579814,0.0054470704,0.20466118,0.20060708
1jl0_PUT_B_401,0.98213682,0.92266115,0.038258899,0.16828524,0.97865221,0.2389964,0.19837823
1jla_TNK_A_999,0.9910065,0,0.03755773,0.15432086,0.42547826,0.17035748,0.19113608
1jtk_THU_A_138,0,0.95567749,0.04478997,0.15183484,0.97278509,0.23007627,0.1910583
1jtk_THU_B_1138,0.98802818,0.96226708,0.038180954,0.16901071,0.96714939,0.96836954,0.19913712
1jw0_GUA_B_999,0,0.66000932,0.044788514,0.1507198,0.9406064,0.21375297,0.18849808
1jyw_147_C_2001,0.97471888,0.66025972,0.037567536,0.15484036,0.42469059,0.20381129,0.19683868
1jyx_IPT_A_2001,0,0.6605993,0.044062748,0.13861878,0.42513072,0.19354222,0.18927772
1jyx_IPT_A_2002,0.00063031565,0.66059908,0.044058548,0.13862927,0.42513044,0.19354887,0.18928261
1jyx_IPT_B_2001,0.98629703,0.66025569,0.037490383,0.15503305,0.42468536,0.20393327,0.19692849
1jyx_IPT_C_2001,0,0.6605993,0.044062748,0.13861878,0.42513072,0.19354222,0.18927772
1jyx_IPT_D_2001,0.99098755,0.66025405,0.037459127,0.15511111,0.42468324,0.20398269,0.19696487
1jyx_IPT_D_2002,0.00063084568,0.66059908,0.044058545,0.13862928,0.42513044,0.19354887,0.18928262
1k8z_IAG_A_501,0.99442625,0.96225639,0.036801497,0.14569851,0.0056558862,0.20295924,0.20028752
1kae_HSO_A_1001,0.97038463,0,0.038470154,0.16690133,0.9758712,0.19174661,0.19014741
1kar_HSM_A_502,0.0014684532,0,0.04415173,0.13785236,0.42592551,0.15991969,0.18345799
1kar_HSM_B_503,0.0036272461,0.97095689,0.043394196,0.12907934,3.8082026e-06,0.19271698,0.19268544
1kbq_936_A_703,0.99387654,0.98181182,0.036794299,0.14558041,6.7692787e-07,0.20372799,0.20046438
1kbq_936_B_704,0.99325856,0.98518428,0.036797917,0.14557424,1.1322975e-06,0.20389334,0.20048935
1kbq_936_D_702,0.98438844,0.98973226,0.036856359,0.1454323,1.055005e-05,0.20403178,0.20046065
1kdo_C_A_5407,0.96351685,0.66026362,0.037642183,0.15465393,0.42469565,0.20369327,0.19675178
1kdo_C_B_6407,0.96329766,0.6602637,0.037643643,0.15465029,0.42469574,0.20369096,0.19675008
1kfc_IPL_A_674,0.99350644,0.94924874,0.037332808,0.15439289,0.37737549,0.21687459,0.1996061
1ki2_GA2_B_2,0.98928761,0.66025464,0.037470455,0.15508282,0.42468401,0.20396478,0.19695169
1km6_OMP_A_2001,0.97817557,0.66025852,0.037544502,0.15489789,0.42468903,0.20384771,0.19686549
1knu_YPA_A_1001,0.98339956,0.6602567,0.037509691,0.15498483,0.42468667,0.20390275,0.19690601
1kuj_MMA_C_502,0.99014569,0.94943352,0.038203862,0.16848952,0.98028587,0.24050935,0.19867421
1kuj_MMA_E_503,0.97973905,0.96051019,0.038287321,0.16859253,0.99148163,0.24140326,0.19867439
1kuj_MMA_G_504,0,0.96582449,0.044820375,0.15237931,0.99545417,0.23148297,0.19111374
1kwc_BPY_B_401,0.99651389,0.66073471,0.03682864,0.14530471,0.0030372542,0.18750895,0.19764548
1kwu_MMA_A_501,0,0.95346127,0.044659893,0.14965755,0.88014446,0.22632771,0.19117817
1kwu_MMA_B_601,0.017913055,0.93323504,0.044622837,0.15125362,0.93648164,0.22769713,0.19105384
1kwu_MMA_C_701,0.01853816,0.93401632,0.044550872,0.1501363,0.88839844,0.22585655,0.19113795
1kya_XYD_B_612,0.9916317,0.9752551,0.038201449,0.16873444,0.98832672,0.24215641,0.19890155
1l4f_NCN_A_991,0.9681295,0.65960756,0.038416308,0.16815053,0.99647566,0.22615525,0.19592295
1l4n_NIO_A_991,0.76503037,0.99500638,0.039701147,0.16486418,0.98315863,0.24056694,0.19732552
1l5o_2MP_A_990,0.99710042,0.66072175,0.036840425,0.14557613,0.014184438,0.18795214,0.19763317
1l5o_NCN_A_991,0.96830921,0.65961186,0.038409738,0.16806394,0.99265934,0.22600753,0.19593011
1ldo_SNR_A_150,0,0.94881019,0.043421645,0.1289919,0,0.19154999,0.19246183
1lfw_AEP_A_683,0,0.66108567,0.043464642,0.12864629,0.0002049184,0.17688647,0.18992024
1lnf_VAL_E_1321,0.98727058,0,0.038360318,0.16722717,0.97777478,0.19199964,0.19027556
1lo3_AN1_Y_500,0.99192112,0.97975166,0.036807633,0.14554533,0,0.20360233,0.20043102
1lqp_FCN_A_4002,0.99596532,0,0.036926016,0.14442024,8.1180276e-09,0.15371931,0.19181467
1lqp_FCN_A_4004,0,0,0.043565687,0.12789217,0.0023448928,0.14329298,0.18408368
1lqp_FCN_B_4003,0,0,0.043564614,0.12787428,0.001582878,0.14326307,0.18408482
1lro_PEP_A_1268,0,0.97226163,0.044069743,0.13988586,0.46288175,0.21091052,0.19197214
1lro_PEP_B_2268,0.0035607623,0.9731796,0.0437149,0.13442697,0.22775219,0.20176739,0.19236176
1lti_GAL_D_104,0.99229857,0.65960977,0.038242164,0.16833452,0.98717018,0.22604539,0.19612449
1luq_BTN_A_5100,0.99249329,0,0.038342098,0.16759061,0.98955304,0.19251703,0.19029835
1lzz_IHG_A_830,0.9916934,0.92919724,0.036816651,0.14548004,1.2220119e-06,0.20102385,0.19998304
1m3u_KPL_B_265,0.5774203,0.66039813,0.040215006,0.14822839,0.42486999,0.19962559,0.19375681
1m3u_KPL_C_265,0.63416872,0.66037836,0.039836852,0.14917282,0.42484436,0.20022345,0.19419701
1m3u_KPL_D_265,0.77151058,0.90010893,0.039478957,0.16163674,0.84598873,0.23041649,0.19674464
1m3u_KPL_E_265,0.99436588,0.66025287,0.037436615,0.15516733,0.42468172,0.20401828,0.19699108
1m3u_KPL_G_265,0.41429981,0.66045496,0.041301988,0.14551369,0.42494364,0.19790704,0.19249147
1m3u_KPL_H_265,0.2487361,0.66051264,0.042405251,0.14275833,0.42501841,0.19616276,0.19120719
1m3u_KPL_I_265,0.23320502,0.66051805,0.042508745,0.14249985,0.42502542,0.19599914,0.19108671
1m3u_KPL_J_265,0.99584105,0.66025236,0.037426785,0.15519188,0.42468105,0.20403382,0.19700252
1m7p_G3H_A_5401,0.99232306,0.97335821,0.036805903,0.14554424,0,0.20328078,0.20037771
1m7p_G3H_B_6401,0.98070982,0.96292308,0.036884833,0.14533818,0,0.20262639,0.2001955
1m9j_CLW_B_907,0.54462011,0,0.039933444,0.13690522,4.4000038e-07,0.14895268,0.18831279
1mex_RAC_H_601,0.95570862,0.98557876,0.037880139,0.15882484,0.59110997,0.22671457,0.19931181
1ml4_PAL_A_385,0.98836746,0.65960407,0.038277058,0.16841412,0.99335002,0.22624619,0.19608465
1mmx_FUC_A_348,0.12276465,0.66104142,0.042648373,0.1307193,0.0014398473,0.17822983,0.1908706
1mmy_G6D_A_348,0.060535724,0.66106178,0.043064693,0.12971113,0.0026300371,0.17762009,0.19038612
1mmy_G6D_B_348,0,0.66108202,0.043469135,0.1287212,0.0033965023,0.17701159,0.18991541
1moo_4MZ_A_264,0.055030513,0,0.043195704,0.12875341,3.0297935e-07,0.14378214,0.18451418
1moo_4MZ_A_265,0.99139843,0,0.036956458,0.1443444,8.5848719e-06,0.15367141,0.19177923
1mrj_ADN_A_300,0.99255623,0.98721051,0.036802295,0.14556498,0,0.20398913,0.20050178
1msv_PUT_A_355,0,0.66005101,0.044737237,0.14986484,0.90418271,0.21232505,0.18855316
1msv_PUT_B_355,0.93965909,0.91313909,0.038417297,0.16627256,0.92001553,0.23613456,0.98670242
1mvc_BM6_A_200,0.99246354,0.6595995,0.038253636,0.16854687,0.99609982,0.2263972,0.19611226
1n3o_GYP_B_1101,0.042341654,0.66106928,0.043184497,0.12938441,0.0016164724,0.17738844,0.19024653
1n5i_TMP_A_217,0.98863951,0.65960876,0.038269367,0.16832065,0.98917489,0.22608538,0.19609307
1ne4_RP1_A_401,0.9695519,0.97117567,0.038357295,0.16849719,0.99409321,0.24194165,0.19868555
1ne4_RP1_A_601,0,0.88313417,0.04472626,0.15050471,0.91988095,0.22430345,0.19049763
1nf0_13P_A_5001,0.99053029,0.65981275,0.038005057,0.16415524,0.81037383,0.2190958,0.19637814
1nf0_13P_B_1150,0,0,0.043562386,0.12783713,5.8260375e-08,0.14320095,0.18408721
1ngp_NPA_H_302,0,0.95306656,0.044543143,0.14770923,0.79716352,0.22305106,0.19129958
1njr_XYL_A_285,0.9371685,0.66075883,0.037219882,0.14424676,6.1466915e-05,0.18676631,0.19718966
1nmm_NAG_B_403,0.98559406,0.65960583,0.038294569,0.1683518,0.99266223,0.22618997,0.19606418
1nmm_NAG_D_527,0.97095362,0.65962985,0.038368856,0.16772011,0.97613541,0.22538764,0.19597561
1nmz_NYM_A_301,0.97243404,0.66033274,0.03749383,0.15331954,0.3615752,0.20131069,0.19691649
1now_IFG_B_558,0.98726233,0.65960549,0.038283157,0.16837463,0.99245148,0.22619931,0.19607744
1nrg_PLP_A_320,8.6710282e-06,0.93683635,0.043423829,0.12898524,0.00033097656,0.19095291,0.19235571
1ns4_BGC_A_1400,0.071644719,0.66032783,0.043888623,0.14486805,0.64048264,0.20274296,0.18950767
1ns4_BGC_B_2400,0,0.6599943,0.04480699,0.15102786,0.95373104,0.21426749,0.18847823
1nsm_GAL_A_1400,0.018743792,0.66106224,0.043360527,0.12930483,0.014965331,0.17766284,0.1900433
1nsm_GLA_B_2400,0.019248487,0.66089224,0.043566045,0.132796,0.16334207,0.18348496,0.18982283
1nuw_F6P_A_2336,0,0.6605993,0.044062748,0.13861878,0.42513072,0.19354222,0.18927772
1nux_F6P_A_2339,0.9712401,0.66026093,0.037590717,0.15478247,0.42469216,0.20377464,0.19681169
1o28_UFP_A_703,0,0.6605993,0.044062748,0.13861878,0.42513072,0.19354222,0.18927772
1o28_UFP_B_708,0,0.6605993,0.044062748,0.13861878,0.42513072,0.19354222,0.18927772
1o28_UFP_D_718,9.5050001e-05,0.66059927,0.044062115,0.13862037,0.42513068,0.19354323,0.18927846
1o29_UFP_A_803,0.00012005399,0.66059926,0.044061948,0.13862078,0.42513067,0.19354349,0.18927866
1o29_UFP_B_808,0,0.6605993,0.044062748,0.13861878,0.42513072,0.19354222,0.18927772
1o29_UFP_C_813,0.0001942159,0.66059923,0.044061454,0.13862202,0.42513063,0.19354427,0.18927923
1o29_UFP_D_818,0,0.6605993,0.044062748,0.13861878,0.42513072,0.19354222,0.18927772
1o2i_655_A_246,0.99334405,0.65973065,0.03808608,0.16586562,0.88124563,0.22190386,0.19629278
1o68_KIV_A_275,0.98739086,0.96902026,0.037227534,0.15192901,0.27572336,0.21382823,0.19988616
1o68_KIV_D_275,0.92939119,0.99160496,0.038605031,0.16757264,0.9821337,0.24208919,0.19857227
1o68_KIV_E_275,0.9968964,0.9215331,0.038113685,0.16774529,0.9452387,0.2377835,0.19853308
1o8a_NXA_A_702,0.98983562,0.65960635,0.038263841,0.1683813,0.99091045,0.22616604,0.19609973
1om5_INE_B_791,0.17961588,0.66053672,0.042865846,0.14160801,0.42504962,0.19543455,0.19067102
1opr_ORO_A_220,0.99831537,0.66047997,0.037129193,0.1505461,0.22505904,0.19623186,0.19732369
1ovk_NYL_A_405,0.95630158,0.98703406,0.038441106,0.16826041,0.99258249,0.24255053,0.19872499
1oxp_IK2_A_411,0.96819645,0.66074806,0.037013062,0.14476213,8.2486259e-06,0.18709151,0.19743041
1p1w_AMQ_A_428,0.99363753,0,0.038300093,0.16703635,0.96512929,0.19157062,0.19034399
1p1w_AMQ_B_427,0.99633263,0,0.038193941,0.16561053,0.90247571,0.18914028,0.1904592
1p5g_G6P_X_658,0.98534318,0.66074209,0.036898798,0.14504744,5.5856306e-07,0.18727208,0.19756342
1p7c_THM_B_501,0.98834238,0.65961137,0.038268257,0.16826418,0.98697997,0.2259962,0.19609409
1p7l_MET_A_485,0.98409624,0,0.037005166,0.14422367,4.4855776e-05,0.15359572,0.19172252
1p7l_PPK_C_684,0.98636298,0.66073445,0.036900961,0.14521378,0.0063636828,0.18753229,0.19756171
1p7l_PPK_D_884,0.0071423959,0.66059681,0.044015154,0.13873765,0.4251275,0.19361747,0.18933313
1pbd_PAB_A_396,0.99647336,0.98465301,0.038172318,0.16890192,0.99154026,0.24281255,0.19901723
1pi3_TZD_A_530,0.88033853,0.6602926,0.038196456,0.15326966,0.4247332,0.20281696,0.19610656
1pke_2FD_A_446,0,0,0.043632368,0.12900411,0.049715168,0.14515199,0.18401238
1pke_2FD_B_447,0,0,0.043606824,0.12857816,0.031569023,0.14443986,0.18403969
1pl6_572_A_405,0.66601137,0.95325612,0.038983183,0.14008661,5.8115657e-07,0.19881029,0.1976685
1pl6_572_B_407,0.62174352,0.66038269,0.03991965,0.14896604,0.42484997,0.20009255,0.19410063
1pl6_572_D_411,0,0.6605993,0.044062748,0.13861878,0.42513072,0.19354222,0.18927772
1poc_GEL_A_420,0.78301201,0.65980951,0.03948084,0.16225142,0.87646659,0.21949788,0.19466856
1pr0_NOS_A_1245,0,0,0.044943575,0.15086924,0.98120033,0.18170754,0.1826104
1pr0_NOS_B_1246,0,0,0.043593834,0.12836154,0.022340558,0.14407769,0.18405358
1pr0_NOS_C_1247,0.97562186,0,0.038450855,0.16724863,0.98695175,0.19223676,0.19017137
1pr6_XYA_A_1245,0.98852205,0,0.037721832,0.15673994,0.53011637,0.17444478,0.19095904
1pr6_XYA_B_1246,0.98677071,0,0.037127381,0.14660338,0.099527104,0.15752808,0.19159354
1pt8_OXL_A_802,0.99584749,0.94714412,0.036786307,0.14557102,2.0559824e-08,0.2019822,0.20017368
1pt8_OXL_B_801,0.99860125,0.9804017,0.036763027,0.14565739,1.5654447e-06,0.20370607,0.20048859
1pvc_ILE_0_7,0,0.6605993,0.044062748,0.13861878,0.42513072,0.19354222,0.18927772
1pwz_RSO_B_256,0.9951624,0.66073797,0.036834216,0.14522503,0.00060101844,0.18739919,0.19763868
1pym_OXL_A_1001,0.99587261,0.87602299,0.03679669,0.14548488,1.8353189e-09,0.19835831,0.19954613
1pym_OXL_B_1002,0.9971198,0.92552503,0.036781036,0.14556589,1.9917075e-09,0.20089398,0.19999273
1pzy_NAG_B_405,0.96747266,0.96923682,0.038363954,0.16833542,0.98877682,0.24161225,0.19866031
1pzy_NAG_D_406,0.98454775,0.92616841,0.038208639,0.16776809,0.95472897,0.23826173,0.1984639
1q20_PLO_A_401,4.5957738e-07,0.65998998,0.044812291,0.1511163,0.95749823,0.21441518,0.18847254
1q22_AND_A_401,0.97766242,0.99136811,0.036900919,0.14532206,1.1518876e-07,0.2040437,0.20042292
1q3a_NGH_B_479,0.96675714,0.6596869,0.038328449,0.16651029,0.92756993,0.22343947,0.19601651
1q3a_NGH_C_481,0.94462054,0.66028065,0.037755169,0.15412382,0.41556956,0.20313405,0.19661909
1q4g_BFL_A_701,0.98606175,0.65960994,0.038286196,0.16827194,0.98892805,0.22604851,0.19607345
1q6r_LX1_A_7301,0.99215021,0,0.037036099,0.14576851,0.060144459,0.15603935,0.19169455
1q92_DRM_A_1001,0.98807652,0.66025507,0.037478525,0.15506266,0.42468456,0.20395202,0.19694229
1qjc_PNS_B_1163,0.57135051,0.66040025,0.040255453,0.14812738,0.42487273,0.19956164,0.19370972
1qmh_CIT_B_401,0.95803441,0.66069878,0.037145744,0.14567621,0.04615932,0.18879358,0.19728179
1qxa_GLY_B_245,0.93014715,0.01303997,0.0373663,0.14315349,0,0,0.19134296
1r4f_AD3_B_330,0,0.66108499,0.043465489,0.12866042,0.0008071043,0.17691008,0.18991933
1r4s_MUA_A_800,0.082806303,0.97175427,0.044257725,0.15359834,0.98834243,0.23238056,0.19181926
1rf2_BV4_D_104,0,0.66020435,0.044548627,0.14672005,0.77020466,0.20707272,0.18875578
1rf2_BV4_E_105,0,0.66059984,0.044062195,0.13860956,0.42467202,0.19352683,0.18927832
1rf2_BV4_F_106,0,0.66056067,0.044110372,0.13941284,0.45889408,0.19486843,0.18922657
1rf2_BV4_G_107,0.028399354,0.66030992,0.044217363,0.14482473,0.66931281,0.20341703,0.18912863
1rf2_BV4_H_108,0.022685385,0.6601817,0.044415601,0.14740009,0.78308449,0.20781694,0.18891226
1rnd_DGP_A_126,0,0.66108591,0.043464353,0.12864148,1.2575528e-08,0.17687844,0.18992055
1rqh_PYR_A_602,0.47410252,0.66090209,0.040327925,0.13691244,0.01606809,0.18250929,0.19357365
1ruk_BEZ_H_601,0.99225605,0.96930848,0.036808977,0.145572,0.0014399581,0.20313022,0.20033928
1rvt_NDG_H_742,0,0.66108591,0.043464354,0.12864149,4.6338268e-07,0.17687846,0.18992055
1rvz_NAG_A_3321,2.3336708e-05,0,0.04416136,0.13782831,0.42592616,0.15990444,0.18344678
1s1f_PIM_A_431,0,0.66108591,0.043464353,0.12864148,6.1802859e-09,0.17687844,0.18992055
1s2c_FLF_A_2001,0,0.97556009,0.043417678,0.12902448,7.6263792e-07,0.19291313,0.19269793
1s2c_FLF_A_2002,0,0.93205554,0.043488825,0.13005032,0.045958932,0.19249984,0.19224477
1s3u_TQD_A_187,0.5475266,0.65976464,0.041206188,0.16093594,0.98746266,0.2213653,0.19267414
1s3v_TQD_A_187,0.87342551,0.9942192,0.038192598,0.15355437,0.42433424,0.2197473,0.19900043
1s6h_4BZ_A_1,0.99692146,0.65962743,0.038187657,0.16801627,0.97033242,0.22543406,0.19618581
1s83_4HA_A_5,0.97650847,0.96651693,0.03829424,0.16831731,0.9817371,0.24129281,0.198717
1sep_BIO_A_801,0,0.66013747,0.044630889,0.14809165,0.82863904,0.20936352,0.18866741
1sff_IK2_A_450,0,0.6605993,0.044062748,0.13861878,0.42513072,0.19354222,0.18927772
1sff_IK2_C_450,0.98606622,0.66025577,0.037491921,0.15502921,0.42468546,0.20393084,0.1969267
1sff_IK2_D_450,0.98612264,0.66025575,0.037491545,0.15503015,0.42468544,0.20393144,0.19692714
1sjc_SMG_A_1000,0.93247286,0.66050274,0.037568163,0.14945394,0.22523458,0.19554422,0.19681271
1sjc_SMG_B_1100,0.97844694,0.66027653,0.037520323,0.15452941,0.4088544,0.2032276,0.19689163
1sjc_SMG_C_1200,0,0.6605993,0.044062748,0.13861878,0.42513072,0.19354222,0.18927772
1sjc_SMG_D_1300,0,0.6605993,0.044062748,0.13861878,0.42513072,0.19354222,0.18927772
1syf_THP_A_180,0,0.6605993,0.044062748,0.13861878,0.42513072,0.19354222,0.18927772
1sz6_NAG_A_5003,0,0.6610849,0.043465593,0.12866216,0.00088095403,0.17691298,0.18991921
1sz6_NAG_B_5001,7.7799723e-05,0.66108588,0.043463838,0.12864282,1.9886327e-06,0.17687934,0.18992115
1sz6_NAG_B_5002,0,0.62845949,0.04347193,0.12840591,2.1621625e-05,3.7557058e-09,0.18962829
1sz6_NAG_B_5004,6.220312e-05,0.66108589,0.043463939,0.12864252,2.4218257e-07,0.17687911,0.18992103
1t5z_DHT_A_931,0.98484995,0.99363905,0.038252869,0.16879328,0.9946907,0.24327134,0.19900162
1t87_CAM_A_1422,0.082516203,0.98911503,0.042914318,0.13122327,0.034438836,0.1958268,0.19340597
1t87_CAM_B_2422,0.081808415,0.97759823,0.042918181,0.13115475,0.032618709,0.19516103,0.19330156
1t93_FLV_A_431,0.99121425,0.66074003,0.036859685,0.14514532,5.7515578e-06,0.18733421,0.19760895
1t93_FLV_A_432,0.99533845,0.66073769,0.036833318,0.14523254,0.00079637273,0.18740871,0.19763975
1tc2_7HP_B_810,0.99836053,0.65960964,0.038199334,0.16839481,0.98543863,0.22604145,0.19617413
1tf8_TRP_A_911,0,0,0.043562454,0.12783826,4.809949e-05,0.14320284,0.18408713
1tf8_TRP_A_913,0,0,0.044954598,0.15105306,0.98903114,0.18201486,0.18259861
1thc_FL9_A_130,3.6158123e-07,0.66108591,0.043464351,0.12864149,4.4278506e-08,0.17687845,0.18992055
1thc_FL9_A_131,0.0034077821,0.9819991,0.043394541,0.1290978,0.00037338405,0.19329186,0.19278065
1thc_FL9_B_130,0,0.66108591,0.043464353,0.12864148,1.7245159e-08,0.17687844,0.18992055
1tiw_TFB_A_2002,0.62811862,0.97161368,0.039892181,0.15047109,0.46832062,0.21772449,0.19683166
1tke_SER_A_500,0.69310183,0,0.03911326,0.14219877,0.12019129,0.15523761,0.18928392
1tkh_DPN_A_911,0,0.96400167,0.043419433,0.12901108,2.9396386e-05,0.19232526,0.19259587
1tkh_DPN_A_913,0,0,0.04361924,0.1287852,0.040389185,0.144786,0.18402642
1tkj_MED_A_913,0.83885921,0,0.037972854,0.14180437,0,0.15206012,0.19059572
1tl2_NDG_A_237,0.98017459,0.65961628,0.038320149,0.16808597,0.98518128,0.22583953,0.19603345
1tl2_NDG_A_238,0.00028478674,0.65996029,0.044846801,0.15172802,0.98335812,0.21543197,0.18843564
1tl2_NDG_A_240,0.90898353,0.66076864,0.037407718,0.14377804,8.5012011e-05,0.18646993,0.19697101
1tl2_NDG_A_241,0.98446654,0.66074227,0.036904795,0.14503544,0.00011101267,0.18726716,0.19755645
1toq_AMG_A_501,0.99549451,0.95893793,0.038190589,0.16898665,0.99717729,0.24171305,0.19877418
1toq_AMG_C_502,0,0.92745487,0.044821633,0.15225867,0.99230432,0.22940413,0.19077981
1toq_AMG_E_503,0,0.9581768,0.044819732,0.15234036,0.9941913,0.2310437,0.19104814
1toq_AMG_G_504,0.9657646,0.65962814,0.038407761,0.16770591,0.97921127,0.22545349,0.19593071
1tsd_UMP_A_267,0.96169717,0.66026426,0.037654308,0.15462365,0.42469647,0.2036741,0.19673767
1tsd_UMP_B_265,0.97418974,0.6602599,0.037571062,0.15483156,0.42469083,0.20380572,0.19683457
1tt6_DES_B_128,0.3116108,0.66085942,0.041532865,0.13624481,0.10288742,0.18419887,0.19218198
1tuu_PIS_B_2854,0.0094804323,0.89805393,0.043366004,0.12908798,0,0.1890637,0.19208739
1tvw_UMP_A_317,0.99132926,0.66064028,0.036981565,0.14719217,0.087126514,0.19075081,0.19747809
1u18_HSM_B_402,0.99603017,0,0.038159105,1.8079474e-07,0.86730843,0.18756915,0.19049284
1u1g_BBB_A_3300,0,0.9690152,0.044016626,0.13898811,0.42475935,0.20925078,0.19200079
1u1g_BBB_B_4300,0,0.95564832,0.044018624,0.1389721,0.42477545,0.20857008,0.19188279
1u1g_BBB_C_5300,0,0.98152727,0.044014755,0.13900309,0.42474429,0.20988795,0.19211125
1u1g_BBB_D_6300,0,0.95308125,0.044019008,0.13896903,0.42477854,0.20843935,0.19186013
1u1g_BBB_E_7300,0.52745801,0,0.040647193,0.14660493,0.42568777,0.16546709,0.18753869
1u1g_BBB_F_8300,0,0,0.044161515,0.13782792,0.42592617,0.1599042,0.1834466
1u2o_NEC_A_1001,0.98248375,0.9842777,0.038094647,0.16581797,0.87010244,0.23787993,0.19908815
1u6r_IOM_B_1601,0.9270924,0.66076241,0.037286935,0.14407755,8.499711e-09,0.18665761,0.1971116
1uay_ADN_A_1001,0.96927504,0.65962047,0.038392302,0.16789661,0.98484557,0.2257114,0.19594942
1uay_ADN_B_1002,0.99461596,0.65959691,0.03824155,0.16862032,0.99770245,0.22648273,0.19612653
1ubs_SER_B_398,0.96313177,0.94124263,0.038198634,0.1649207,0.84783539,0.23460873,0.19859167
1um4_SH4_H_1001,0.95339115,0.65986902,0.038199244,0.16264851,0.77252682,0.21722033,0.1961473
1uqx_MMA_A_1116,0.90406872,0.92333776,0.038751491,0.1665277,0.95911907,0.23743984,0.19780788
1uux_PPI_A_1165,0.99515914,0.93079883,0.036793903,0.14554941,0.00041528366,0.20115831,0.20002344
1uxi_FUM_A_1311,0,0.66010045,0.044676419,0.14885079,0.86098064,0.21063141,0.1886185
1uxi_FUM_B_1311,0.78912487,0.66063899,0.038417265,0.14529886,0.14989793,0.19107874,0.19581475
1uxq_G1P_A_1503,0.95994683,0.66077036,0,0.14464363,0.00068559358,0.18703264,0.1973676
1v3v_5OP_A_1360,0.94873098,0.66070815,1.4170892e-44,0.14581384,0.058495961,0.18918068,0.19719319
1v3v_5OP_B_2360,0,0.98491371,0.043416329,0.1290365,2.7811323e-05,0.19339082,0.19278045
1v5y_4HC_A_1455,0.99504592,0.6607387,0.036834146,0.14520898,1.7080079e-07,0.18737441,0.19763868
1v5y_4HC_B_1201,0.0021852445,0.66108514,0.043449798,0.12867796,4.1809602e-06,0.17690165,0.18993749
1vje_MSE_A_301,0.98028098,0.96711162,0.036887071,0.14533616,1.1472612e-06,0.20283534,0.20022914
1vje_MSE_A_401,0.93868149,0.89802039,0.03717451,0.14455948,3.1162682e-06,0.19887537,0.19929655
1vkf_CIT_C_502,0.92989323,0.757633,0.037254092,0.14424561,0.00014464409,0.19163431,0.19798903
1vkf_CIT_D_503,0.7903452,0.90373428,0.038162071,0.14209669,7.6385723e-06,0.19760014,0.19819607
1vl1_CIT_A_300,0.86706107,0.9080658,0.037719214,0.1445293,0.048999102,0.20055369,0.19875578
1vzd_CB3_A_318,0,0.6605993,0.044062748,0.13861878,0.42513072,0.19354222,0.18927772
1vzd_UFP_A_317,0.98543516,0.66074205,0.036898187,0.145049,1.882708e-06,0.1872731,0.19756413
1vzu_UDP_A_1371,0,0.94178014,0.044515678,0.14720957,0.77646263,0.22166354,0.19123112
1vzu_UDP_B_2371,0.97566077,0.95794339,0.038162223,0.16597592,0.88303613,0.23697351,0.19878331
1w1a_NDG_1_1261,0,0.66108447,0.043466119,0.12867092,0.0012541785,0.17692761,0.18991865
1w1a_NDG_2_1261,0.89520071,0.66069861,0.037591605,0.14508333,0.065471508,0.18888789,0.19676521
1w3t_3GR_A_1297,0.97712517,0.98621475,0.037093267,0.14844191,0.1335584,0.20901683,0.20017225
1w3t_3GR_C_1297,0.57352286,0,0.040339722,0.14737284,0.42566696,0.1659538,0.18789671
1w3t_3GR_D_1297,0.98036883,0,0.037616583,0.15394317,0.41675347,0.16990982,0.19106641
1w55_C_A_1373,0.9813245,0.6596481,0.038272858,0.16744437,0.95703139,0.2247481,0.19608494
1w55_GPP_A_1374,0,0.74513912,0.043451857,0.12874402,8.7802426e-08,0.18117141,0.19066414
1w62_PYC_A_700,0,0,0.044962369,0.15118264,0.99455149,0.1822315,0.1825903
1wc7_PP3_A_1214,0,0.6610859,0.043464367,0.1286417,9.453789e-06,0.17687881,0.18992053
1wmz_A2G_B_502,0.95253956,0.65974282,0.038360504,0.16522849,0.8830464,0.22154404,0.19597356
1wmz_NGA_A_501,0.93263607,0.66071167,0.037310029,0.14517081,0.042643793,0.18838785,0.19709011
1wmz_NGA_D_504,0.91030941,0.65968541,0.03873063,0.16600491,0.94607984,0.22356969,0.19555067
1wq4_TYR_A_501,0.98465747,0,0.03826618,0.1653235,0.89852906,0.1888621,0.19037456
1x09_IPE_A_901,0.98596716,0.65990162,0.037928112,0.16228936,0.73411853,0.21605823,0.19645806
1x09_IPE_A_902,0.90629933,0.66076965,0.037425504,0.14373168,1.4298886e-05,0.18643884,0.19695029
1x29_PMG_A_413,0.52720526,0.66041563,0.040549624,0.1473927,0.42489266,0.19909655,0.19336729
1x29_PMG_B_1413,0.52720526,0.66041563,0.040549624,0.1473927,0.42489266,0.19909655,0.19336729
1x2a_PDG_A_413,0.52720526,0.66041563,0.040549624,0.1473927,0.42489266,0.19909655,0.19336729
1x2a_PDG_B_1413,0.33942192,0,0.042666238,0.15625919,0.97005908,0.18485494,0.18526066
1x7j_GEN_A_201,0.99605635,0.66073835,0.036827414,0.14522581,1.8844286e-07,0.18738507,0.19764652
1x7j_GEN_B_202,0,0.6605993,0.044062748,0.13861878,0.42513072,0.19354222,0.18927772
1x82_PA5_A_301,0.96973567,0.95094844,0.037121706,0.14784188,0.11506645,0.206416,0.19983147
1x8i_BMH_A_2,0.95697267,0.65964508,0.038449283,0.16727506,0.96709226,0.22488565,0.19588084
1x8x_TYR_A_952,0.99166536,0.95203449,0.036813459,0.14550751,7.4857321e-06,0.20218753,0.20018438
1xdj_HCS_A_1050,0.97585257,0.65964548,0.038314892,0.16744618,0.96099007,0.22484557,0.19603651
1xid_ASC_A_389,0.9912334,0.89814863,0.036825856,0.14546018,0.0010913964,0.19947961,0.19970378
1xin_XYL_A_397,0.77721827,0.66032853,0.038883616,0.1515535,0.42477977,0.20173054,0.19530665
1xin_XYL_B_397,0.98988845,0.66034346,0.037356857,0.15326551,0.34689213,0.20091919,0.19707408
1xin_XYL_D_397,0.98686733,0.66072485,0.036909187,0.14541536,0.01459389,0.18786025,0.19755317
1xkw_188_A_1001,0,0.65994487,0.044867779,0.15204142,0.99691169,0.2159603,0.18841293
1xny_BTN_A_5602,0.96277469,0.88526479,0.037058826,0.14566155,0.03052433,0.19967761,0.19932496
1xny_BTN_B_5602,0.96483152,0.96439152,0.037040181,0.14590544,0.035352719,0.20392092,0.20003205
1xuf_BAZ_A_246,0,0.66108591,0.043464353,0.12864148,0,0.17687844,0.18992055
1y2x_NAG_C_2144,0.96157168,0.6607503,0.037057297,0.14465338,7.4309069e-05,0.18702422,0.19737892
1y2x_NAG_D_3144,0.96231023,0.65961625,0.038446884,0.16791693,0.99065152,0.22586554,0.19588662
1y5v_NE8_A_500,0,0.6599512,0.044859994,0.15191162,0.99138177,0.21574351,0.18842129
1y8j_STS_A_900,0.87107372,0,0.0377582,0.14234076,0,0.15240033,0.19084567
1yik_MM1_A_500,0.89632288,0,0.037622757,0.14330809,0.023299957,0.15358138,0.1910065
1yik_MM1_A_501,0.34175622,0.66515264,0.041187263,0.13434953,0.00053327132,0.1807257,0.19260895
1yqc_GLV_A_1001,0.78960375,0.66081039,0.038203052,0.14178837,5.0579488e-08,0.18520735,0.19604516
1yw9_A84_A_482,0,0.6605993,0.044062748,0.13861878,0.42513072,0.19354222,0.18927772
1z11_8MO_A_501,0.97855457,0.65975654,0.03815913,0.16519427,0.86313496,0.22103787,0.19620546
1z11_8MO_B_501,0.97544795,0.65975674,0.038180917,0.16516067,0.86390692,0.22103536,0.19618019
1z11_8MO_C_501,0.98998631,0.66074019,0.036868207,0.14513053,0.00024697782,0.18733071,0.19759906
1z11_8MO_D_501,0.99423373,0.65980843,0.037984096,0.16427886,0.81301338,0.21923834,0.19640287
1z3n_3NA_A_320,0,0.65996193,0.044846801,0.15169164,0.98201005,0.21537611,0.18843546
1z4k_T3P_A_4341,0.99006705,0.66074044,0.036867322,0.14512609,3.6264113e-07,0.1873219,0.19760006
1z6k_OAA_A_274,0,0.66108572,0.043464583,0.1286453,0.00016303905,0.17688483,0.1899203
1z8p_DEB_A_420,0,0.6599549,0.044855438,0.15183566,0.98814578,0.21561665,0.18842619
1zb6_DIN_A_401,0.99759157,0.66073768,0.036817351,0.14525416,0.00011901319,0.18740592,0.19765825
1zdq_MSM_A_1507,0.93784982,0.99225512,0.038512775,0.16711733,0.95670318,0.24121365,0.19868192
1zdq_MSM_B_1508,0.95106816,0.98801844,0.038479626,0.16823774,0.99527764,0.24265119,0.19868902
1zdq_MSM_C_1509,0.99417647,0.99510619,0.038189358,0.16893119,0.99387438,0.24341256,0.19908816
1zei_CRS_A_54,0.99802931,0.98369584,0.037172616,0.1524266,0.28861449,0.21519432,0.20007883
1zei_CRS_B_56,0.99702477,0.98598671,0.03817664,0.16904937,0.99736155,0.24311479,0.19902452
1zei_CRS_C_56,0.99600051,0.99193138,0.038023687,0.16638988,0.88448169,0.23897699,0.19923894
1zei_CRS_E_54,0.99604346,0.98713007,0.038169375,0.16880706,0.98767554,0.24278256,0.19904157
1zei_CRS_E_55,0.99500818,0.99499985,0.036784815,0.14561552,9.8062974e-06,0.20441233,0.20058955
1zei_CRS_F_54,0.99545588,0.99076024,0.037956139,0.16518956,0.83379369,0.23692235,0.19930067
1zei_CRS_F_55,0.24575348,0.98633146,0.042079081,0.13814077,0.21348986,0.20443565,0.19437843
1zg3_2HI_A_365,0.80538256,0.66080485,0.038097952,0.14205171,2.6605662e-05,0.18537483,0.19616751
1zgj_P1S_A_0,0,0.6599741,0.044831827,0.15144197,0.97137338,0.21495913,0.18845155
1zha_PEP_A_1268,0.99620821,0.66071435,0.036855854,0.1457194,0.020921135,0.18820683,0.19761606
1zha_PEP_B_2268,0,0.66105729,0.043499559,0.12922848,0.025008269,0.17785884,0.18988273
1zha_R5P_A_1269,0.51672359,0.66041928,0.040619469,0.14721826,0.4248974,0.19898612,0.19328598
1zjp_DR4_A_1,0.92249257,0.97041601,0.037271638,0.14437797,3.9146134e-07,0.20239339,0.19980994
1zk0_SS2_A_1260,0.78316205,0.96934391,0.038920864,0.15407439,0.5119674,0.22095912,0.19794888
1zmt_RNO_A_1002,0,0.66108584,0.043464437,0.12864287,5.949699e-05,0.17688077,0.18992046
1zmt_RNO_D_1004,0,0.66108591,0.043464353,0.12864148,0,0.17687844,0.18992055
1zng_HE4_A_202,0.98427394,0.96792676,0.036860566,0.14540734,0.0001590073,0.20292524,0.20026708
1zoy_UQ1_B_1201,0.99492405,0.66073872,0.036834983,0.14520737,1.7945595e-05,0.18737382,0.19763771
1zpd_CIT_A_610,0,0.6605993,0.044062748,0.13861878,0.42513072,0.19354222,0.18927772
1zpd_CIT_E_610,0.98209188,0.66068629,0.036990491,0.14616092,0.049744436,0.18918789,0.19746298
1zuw_DGL_A_1301,0.0022358184,0.65994897,0.044846876,0.15197851,0.99264585,0.21581665,0.18843672
1zuw_DGL_B_2301,0.0010481364,0.66059894,0.044055764,0.13863623,0.42513025,0.19355327,0.18928586
1zuw_DGL_C_3301,0,0.65996171,0.044847069,0.15169611,0.98220046,0.21538358,0.18843518
1zwp_NIM_A_401,0.9545907,0.94488591,0.037061889,0.14488703,0.00024279211,0.20144094,0.19983328
227l_BNZ_A_169,0.99736557,0.99278316,0.036769455,0.1456524,2.3666409e-05,0.20432481,0.20058825
2a0x_DIH_A_300,0.11576265,0,0.04289429,0.13148653,0.073356347,0.14730234,0.18487497
2a15_NCA_A_1001,0.94465878,0.65964342,0,0.16761832,0.99032072,0.22566802,0.19575248
2a1m_CAM_A_1422,0.50253516,0.9879787,0.040240625,0.14029696,0.12311961,0.20368493,0.1965213
2a1m_CAM_B_2422,0,0.99117567,0.043467288,0.12990938,0.036889306,0.19515653,0.19278024
2a5t_GLU_B_2002,0,4.3225342e-05,0.043562379,0.12783718,0,0.14320315,0.18408759
2a5t_GLY_A_1001,0,0,0.043562386,0.12783713,0,0.14320095,0.18408721
2a9z_26A_A_1001,0.99335643,0.65959641,0.038251098,0.16861861,0.998523,0.22650161,0.19611552
2a9z_26A_A_1002,0.9726906,0.65963215,0.038353713,0.16768952,0.97359999,0.22530657,0.19599292
2agw_TSS_D_3001,0,0,0.043663885,0.12952968,0.072105097,0.14603067,0.18397868
2agw_TSS_H_2001,0,0,0.043634117,0.12903328,0.050957705,0.14520076,0.18401051
2ahc_VNL_A_166,0.14034678,0.99258572,0.042480497,0.13139053,0.00036360511,0.19527715,0.19393658
2ahc_VNL_B_266,0.99686779,0.96299562,0.036777881,0.14561936,0.00051382353,0.20282089,0.20032073
2ahc_VNL_C_366,0.99217359,0.99022294,0.036804862,0.14557003,0.00033027608,0.20415155,0.20052491
2ahc_VNL_D_466,0.99549928,0,0.03692964,0.14442113,0.00036857131,0.15372885,0.1918105
2ai1_P1G_A_293,0.89927666,0.6596414,0.038863011,0.16680275,0.98789627,0.22509264,0.19540186
2aiq_BEN_A_401,0.98927238,0.98338686,0.038189442,0.16826278,0.96948563,0.24180646,0.19898338
2ajv_COC_L_501,0.75708418,0.96674051,0.039507314,0.16051235,0.80486634,0.23204569,0.19728272
2ajx_TGN_L_501,0.02223558,0.66059155,0.043914578,0.13898883,0.42512068,0.19377649,0.18945021
2b04_CHO_A_200,0,0,0.044161515,0.13782792,0.42592617,0.1599042,0.1834466
2b3f_GAL_A_3310,0,0.6605993,0.044062748,0.13861878,0.42513072,0.19354222,0.18927772
2b3f_GAL_B_3311,0.98877692,0.65959809,0.038281506,0.16854059,0.99844754,0.22645035,0.19608012
2b3f_GAL_C_3312,0,0.65994564,0.04486683,0.1520256,0.99623799,0.21593389,0.18841395
2b3f_GAL_D_3313,0,0.65994413,0.04486869,0.15205661,0.99755872,0.21598567,0.18841195
2b3f_GAL_E_3314,0,0.65994477,0.044867899,0.15204342,0.99699715,0.21596365,0.1884128
2b3f_GAL_F_3315,0.94250889,0.65961549,0.038588265,0.16774463,0.99735715,0.22591955,0.19572288
2bdg_PBZ_A_301,0.99473734,0.65960686,0.038228457,0.16841752,0.98897645,0.22614192,0.19614067
2bdg_PBZ_B_302,0.99058278,0.65959954,0.038266922,0.16852813,0.99663567,0.22639836,0.19609686
2bf7_HBI_A_1290,0,0.6610859,0.043464364,0.12864166,7.8600228e-06,0.17687875,0.18992053
2bf7_HBI_B_1290,0,0.66108591,0.043464354,0.1286415,9.0654154e-07,0.17687848,0.18992054
2bf7_HBI_D_1290,0,0.66108417,0.043466492,0.12867714,0.0015194765,0.17693801,0.18991825
2bgc_DTU_A_1238,0.58303984,0,0.040497535,0.1512204,0.5825949,0.17222199,0.18773401
2bjf_DXC_A_330,0,0.98847693,0.043415761,0.12904018,1.0000561e-07,0.19357131,0.19281195
2bk3_FOF_A_1503,0.91868267,0.66025185,0.037974554,0.1544682,0.44863987,0.2041569,0.19636789
2bk3_FOF_B_1498,0,0.6605993,0.044062748,0.13861878,0.42513072,0.19354222,0.18927772
2brk_CMF_A_1534,0,0.6605993,0.044062748,0.13861878,0.42513072,0.19354222,0.18927772
2bs3_CIT_A_1657,0,0.66096809,0.043609262,0.1310576,0.10293461,0.18091378,0.18976488
2bs3_CIT_D_1657,0.99659677,0.66072758,0.036836825,0.14545176,0.0092431437,0.18775312,0.19763673
2bs8_NAG_A_1177,0.91733601,0.87833032,0.038071904,0.15672418,0.53439824,0.21861859,0.19815282
2bsc_NAG_A_1176,0,0.98456683,0.043442867,0.12947776,0.018844109,0.19411158,0.19274907
2bx7_34D_B_1313,0.98041028,0.86320922,0.03692027,0.14552283,0.0132491,0.198062,0.19929312
2bxh_IOS_A_1001,0.99680824,0.98585939,0.038138321,0.16838225,0.96910126,0.24199695,0.19906425
2c3d_COM_A_1525,0.99153815,0.96119892,0.038185775,0.16840923,0.97526773,0.24092666,0.19879641
2c3d_COM_A_1526,0.97782818,0.66074468,0.036948909,0.14492292,2.6327133e-05,0.18719382,0.19750509
2c3d_COM_B_1525,0.97631434,0.66072669,0.036981777,0.14527756,0.016208887,0.18781225,0.19746888
2c3d_COM_B_1526,0.98382622,0.65960916,0.038303011,0.16826672,0.99029147,0.22607838,0.19605405
2c5b_5F1_A_500,0,0.6605993,0.044062748,0.13861878,0.42513072,0.19354222,0.18927772
2c5b_5F1_B_500,0,0.6605993,0.044062748,0.13861878,0.42513072,0.19354222,0.18927772
2c6q_IMP_A_1337,0.95838321,0.66026541,0.037676392,0.1545685,0.42469796,0.20363919,0.19671196
2c6q_IMP_D_1337,0.95736072,0.66026577,0.037683205,0.15455148,0.42469843,0.20362842,0.19670403
2c6q_IMP_E_1337,0.52824311,0.66041527,0.040542707,0.14740997,0.42489219,0.19910748,0.19337534
2c6q_IMP_F_1337,0.9927371,0.66025344,0.037447468,0.15514023,0.42468245,0.20400112,0.19697844
2c6q_IMP_G_1338,0.99621839,0.66025223,0.03742427,0.15519816,0.42468088,0.2040378,0.19700545
2c6q_IMP_H_1337,0,0.6605993,0.044062748,0.13861878,0.42513072,0.19354222,0.18927772
2caq_GSH_A_1208,0,0.66108558,0.043464761,0.12864827,0.00028941252,0.17688979,0.18992011
2cjz_PTR_A_1537,0.80875484,0.6598584,0.039238134,0.16149329,0.82590744,0.21778736,0.19494469
2coj_GBN_A_420,0.99037458,0.99189584,0.037127179,0.15072117,0.2209652,0.21287648,0.20019364
2coj_GBN_B_420,0.99002875,0.98307273,0.038155374,0.16779015,0.94883069,0.24098785,0.19901756
2cxp_A5P_A_1601,0.99396606,0.66025301,0.037439279,0.15516068,0.4246819,0.20401407,0.19698798
2cxp_A5P_B_2601,0.99442931,0.95026194,0.036791954,0.14555754,0,0.20215475,0.25964518
2d0e_NQ_A_410,0.99111416,0.98804439,0.036811831,0.14554285,3.6539229e-05,0.20401782,0.2004979
2d1j_D01_A_700,0,0.66023896,0.044506063,0.14601037,0.73997009,0.20588744,0.1888015
2d20_NPO_B_953,0.99645267,0.65477437,0.036838388,0.14524233,0.0015166757,0.18714033,0
2d3n_GLC_A_608,0.013895512,0.93914262,0.043331478,0.12922798,0.00070214434,0.19123166,0.19248325
2dm5_ODI_A_312,0,0.96308835,0.044583425,0.17902372,0.82854696,0.22482913,0.19134403
2dv0_ZST_A_600,0,0.6605993,0.044062748,0.13861878,0.42513072,0.19354222,0.18927772
2e1a_MSE_D_301,0.98007347,0.96764968,0.038288798,0.16868624,0.99486628,0.24190343,0.1987349
2e40_LGC_A_1001,0.9583643,0.66070915,0.037130658,0.14546683,0.037004959,0.18843818,0.1972982
2e40_LGC_B_2001,0,0.66104306,0.043517056,0.12952022,0.037437316,0.17834609,0.18986393
2e56_MYR_A_601,0,0.89674376,0.043429368,0.12892853,8.3647027e-10,0.18889681,0.19200227
2e56_MYR_A_701,0.9766597,0.96573115,0.036911403,0.14527416,0,0.20272671,0.20018886
2eb5_OXL_A_2001,0.98917454,0.66066641,0.036964702,0.14663573,0.06494912,0.18985866,0.19749492
2eb5_OXL_B_2002,0.98365441,0.66071205,0.036947725,0.14564747,0.026761768,0.18830338,0.19750985
2eb5_OXL_D_2004,0.99310695,0.66073938,0.036847066,0.1451767,1.2538635e-07,0.18735395,0.19762364
2eb5_OXL_E_2005,0.99276216,0.6607395,0.036849363,0.14517095,0,0.18735031,0.19762097
2ef9_A5P_A_1269,0,0.66091776,0.043671168,0.1320898,0.14690924,0.18263771,0.18969838
2ef9_A5P_B_2269,0.96285241,0.66068919,0.03712338,0.14591882,0.053077539,0.18911561,0.1973087
2ef9_PEP_B_2268,0,0.96732874,0.044547414,2.1251499e-27,0.79352428,0.22346415,0.19141552
2eup_LG4_A_400,0.99484732,0.65963204,0.038196701,0.1679021,0.96693973,0.22527918,0.19617485
2euq_BVC_A_401,0.73427898,0.70256923,0.039509167,0.15665462,0.67039515,0.21306609,0.19497648
2eus_ABN_A_400,0.9957896,0.99203182,0.038149168,0.16845576,0.97263576,0.24243944,0.19910551
2exs_TRP_B_2100,0,0.66108591,0.043464353,0.12864148,0,0.17687844,0.18992055
2f3s_7GP_A_998,0.98231946,0.65964454,0.038270178,0.16752679,0.95983706,0.22486859,0.19608842
2f64_12Q_A_472,0,1.3388283e-33,0.043707789,0.13026181,0.10329489,0.1472547,0.18393174
2f64_12Q_B_471,0.0054556519,1.1648884e-33,0.043526043,0.12792812,6.7573112e-06,0.14325883,0.18412953
2f78_BEZ_A_1001,0.99520585,0.98845297,0.038183378,0.16893845,0.99379844,0.24308142,0.19903754
2f78_BEZ_A_1003,0.039227747,0.99297058,0.043732406,0.13934888,0.41110663,0.2103482,0.19253721
2f78_BEZ_B_1002,0.99407507,0.9960496,0.038183491,0.16882388,0.98932595,0.24328106,0.19910255
2f78_BEZ_B_1004,0,0.99145624,0.044788178,0.151937,0.97528206,0.23199746,0.19137034
2f78_BEZ_B_1005,0.99813612,0.98672432,0.036790787,0.14608421,0.018186831,0.20473701,0.20051341
2f7x_4EA_E_351,0.97317141,0.6599175,0.037999332,0.1618422,0.72414433,0.21553224,0.1963739
2fcu_AKG_A_897,0.9939544,0.66073884,0.036841715,0.14519575,0.00021050051,0.18737114,0.1976299
2fhk_MFN_B_602,0,0,0.044161515,0.13782792,0.42592617,0.1599042,0.1834466
2fhn_BNI_X_501,0.97362038,0.96658839,0.038324886,0.16845964,0.98984509,0.24158414,0.19868302
2fhn_BNI_Y_502,0,0.95546413,0.044818026,0.1523019,0.99269362,0.2308467,0.19102645
2fib_GLY_B_2,0,0.66108591,0.043464353,0.12864148,0,0.17687844,0.18992055
2fkm_G16_X_464,5.105696e-06,0.6605993,0.044062714,0.13861887,0.42513072,0.19354228,0.18927776
2fpu_HSO_B_509,0.86161198,0,0.037821352,0.14218498,7.5173096e-05,0.15230336,0.19077214
2fr6_CTN_A_1001,0.97399279,0.65960884,0.038373142,0.16817982,0.99356474,0.22610298,0.19597283
2fr6_CTN_C_1003,0.99263193,0.65959953,0.038252404,0.16854784,0.99602181,0.22639591,0.19611369
2fr6_CTN_D_1004,0.99356225,0.65960106,0.038243917,0.16852518,0.99439649,0.22634201,0.19612336
2fr6_URI_B_1002,0.51975613,0.62566606,0.040566056,0.1465856,0.39762476,0,0.19304356
2fu9_MP2_A_1410,0.98379741,0.6596667,0.038232443,0.16708642,0.94002741,0.22410758,0.19612984
2fu9_MP2_B_2410,0.93812531,0.66016959,0.037937827,0.1563396,0.51457615,0.20694688,0.19641899
2fyd_BGC_B_403,0.98348,0,0.038360328,0.16674303,0.95983845,0.19125571,0.19027314
2fyd_BGC_D_530,0,0.66086088,0.043741126,0.13325624,0.19660342,0.18458587,0.18962323
2fyd_NGA_B_404,0.97698155,0.66074486,0.036954696,0.14491126,0.00012987687,0.18718894,0.19749837
2fyd_NGA_D_529,0.9574603,0.66075174,0.037084686,0.14458482,6.9903463e-05,0.18698068,0.19734704
2fz8_ZST_A_600,0,0.97630949,0.044015535,0.13899684,0.42475057,0.20962224,0.19206518
2fzb_TOL_A_700,0.87667258,0.98333428,0.037575032,0.14363077,2.1866441e-09,0.20256776,0.19956846
2fzb_TOL_A_800,0.97663223,0.66025905,0.037554786,0.15487221,0.42468972,0.20383145,0.19685352
2fzb_TOL_A_900,0,0.6605993,0.044062748,0.13861878,0.42513072,0.19354222,0.18927772
2g21_L1B_A_885,0.98834116,0.99475628,0.038223133,0.16874757,0.99020939,0.24318927,0.19904531
2g21_L1B_B_985,0.98792541,0.9871289,0.038231721,0.16880952,0.99353872,0.24292687,0.19896975
2g5v_22M_A_301,0,0.98495266,0.044700702,0.15045428,0.91245337,0.22920038,0.1914075
2g9z_VNP_A_602,0,0.6605993,0.044062748,0.13861878,0.42513072,0.19354222,0.18927772
2giq_NN2_A_1001,0.99421199,0.66073612,0.036843234,0.14525397,0.0025082608,0.18746393,0.19762842
2giq_NN2_B_2001,0.98879051,0.66025482,0.037473767,0.15507455,0.42468423,0.20395954,0.19694783
2gn2_C5P_A_400,0,0.96464922,0.043419296,0.12901119,3.6028831e-07,0.19235712,0.19260163
2gnm_MAN_A_253,0.95037934,0.95594477,0.03841637,0.16697654,0.94370028,0.2389854,0.19847821
2gue_NAG_B_122,0,0.66097081,0.043605925,0.13100198,0.10056469,0.18082087,0.18976846
2gx5_PCG_C_514,0.85691377,0,0.037853275,0.14211706,0.00051424062,0.15227097,0.19073503
2gyv_HBP_A_1409,0,0.6605993,0.044062748,0.13861878,0.42513072,0.19354222,0.18927772
2gyv_HBP_B_545,0,0.95798112,0.044018275,0.1389749,0.42477264,0.20868888,0.19190339
2gyw_OBI_A_952,0.98696586,0.66025545,0.037485926,0.15504418,0.42468506,0.20394032,0.19693368
2gyw_OBI_B_953,0.95715683,0.66026584,0.037684564,0.15454809,0.42469852,0.20362627,0.19670245
2gzm_DGL_A_501,0.9912032,0.98553003,0.038209425,0.16885061,0.99304708,0.24286071,0.19898181
2gzm_DGL_C_503,0,0.98808556,0.044814146,0.15235758,0.99337429,0.23253572,0.19131336
2gzm_DGL_D_504,0,0.98563287,0.044810232,0.15228327,0.99033566,0.23229148,0.19129628
2hdk_COI_B_900,0,0,0.044243878,0.1392014,0.48413384,0.16220048,0.18335853
2hi4_BHF_A_800,0.99774251,0.99804217,0.038169597,0.16906811,0.99702579,0.24372351,0.199137
2hjp_PPR_A_291,0,0.66108591,0.043464353,0.12864148,0,0.17687844,0.18992055
2hs3_FGR_A_2166,0.92818262,0.66076203,0.037279671,0.14409571,0,0.18666911,0.19712005
2ht8_G39_A_800,0.96659385,0.65962234,0.03840902,0.16783284,0.9840305,0.22565116,0.19592985
2huu_ALA_A_701,0.96467164,0.6607493,0.037036536,0.14470325,1.0990168e-08,0.18705401,0.19740308
2i1v_F6P_B_720,0,0.66108591,0.043464353,0.12864148,0,0.17687844,0.18992055
2i1v_FDP_B_710,0,0.66024466,0.044499057,0.14589356,0.73499334,0.20569233,0.18880903
2i6p_4NP_A_401,0.96173383,0.90016554,0.03702081,0.14494961,0.00016037917,0.19923431,0.1994941
2iht_TPP_A_600,0.52720526,0.66041563,0.040549624,0.1473927,0.42489266,0.19909655,0.19336729
2iht_TPP_B_600,0.52720526,0.66041563,0.040549624,0.1473927,0.42489266,0.19909655,0.19336729
2iht_TPP_C_600,0.96034959,0.98288002,0.038272413,0,0.88245156,0.23787121,0.19886849
2ihu_TP9_A_600,0,0.6605993,0.044062748,0.13861878,0.42513072,0.19354222,0.18927772
2ihu_TP9_B_600,0,0.6605993,0.044062748,0.13861878,0.42513072,0.19354222,0.18927772
2ij7_TPF_A_2472,0.52720064,0.67248848,0.04054784,0.1474071,0.42487813,0.19971132,0.19347384
2ij7_TPF_B_2470,2.9298203e-05,0.96769021,0.044016628,0.13898701,0.42476093,0.20918362,0.19198932
2ij7_TPF_D_2473,0.52717624,0.73624655,0.040538421,0.14748315,0.42480137,0.20295798,0.19403654
2ij7_TPF_F_2474,0.5274107,0.12362351,0.040628929,0.1467524,0.42553894,0.17176221,0.18862975
2ipf_FFA_B_4,0.99172463,0.98383379,0.03804251,0.16612756,0.87675954,0.23821615,0.19914591
2isf_PAC_A_317,0.99146936,0.97666544,0.036812827,0.14556283,0.0012259024,0.20348841,0.20039843
2ixi_TYD_A_1182,0,0.66107901,0.043472841,0.128783,0.0060292577,0.1771148,0.18991143
2ixi_TYD_B_1182,0.97950715,0.66072428,0.036962095,0.14535727,0.017339826,0.18789027,0.19749193
2iyq_SKM_A_201,0.94684248,0.65962867,0.03854131,0.16751535,0.98451484,0.22546181,0.19577592
2izf_BTN_B_300,0.99576395,0.28789159,0.037482982,0.15474472,0.42512945,0.18506838,0.19371442
2izf_BTN_D_301,0.99433626,0.96010645,0.038193741,0.16889553,0.99405643,0.24163789,0.1987802
2j1s_FUL_B_1153,0.9963517,0.94123959,0.038126747,0.16796624,0.954016,0.23912641,0.19868958
2j5b_TYE_A_1336,0,0,0.044161515,0.13782792,0.42592617,0.1599042,0.1834466
2j5b_TYE_B_1338,0.83428746,0.95071983,0.038615196,0.15544045,0.53486462,0.22144861,0.1981467
2j5z_GAL_A_1278,0.9763693,0.85290041,0.036931393,0.14515398,0.00093620012,0.1970108,0.1991893
2j9e_AKG_C_1119,0.66424052,0.65986194,0.040258725,0.16004853,0.86686622,0.21786869,0.19376182
2jav_5Z5_A_1280,0,0,0.044957032,0.15109364,0.99075997,0.18208271,0.18259601
2jfv_FLC_A_1271,0.89292768,0.75624317,0.037690403,0.14679336,0.13497512,0.19646444,0.19748702
2jhp_GUN_A_1647,0.003464884,0.98384697,0.043409709,0.12936485,0.011613809,0.19382774,0.19278048
2jhp_GUN_A_1648,0.0013521698,0.96686583,0.043411446,0.12906122,0.001057896,0.19252585,0.1926301
2ji6_TPW_A_1566,0,0.6605993,0.044062748,0.13861878,0.42513072,0.19354222,0.18927772
2jig_PD2_A_1254,0,0.99521059,0.043414762,0.12904838,0,0.19391444,0.19287138
2no7_LDC_A_401,0.99018967,0.6596078,0.038259551,0.16835501,0.989539,0.22611601,0.19610455
2no7_LDC_B_401,0.98605472,0.66070385,0.036940781,0.14583834,0.033190703,0.18858073,0.19751875
2nos_AGU_A_903,0.15479364,0.91290436,0.042395955,0.13153245,0.00029350186,0.1913666,0.19334548
2npq_BOG_A_1000,0,0.6605993,0.044062748,0.13861878,0.42513072,0.19354222,0.18927772
2npq_BOG_A_2000,0,0.66108591,0.043464353,0.12864148,0,0.17687844,0.18992055
2nry_STU_B_502,0.93096274,0.92595381,0.037221794,0.14446488,0,0.20021715,0.19948322
2nry_STU_C_503,0.99268149,0.98307711,0.038195163,0.1687926,0.98965443,0.24261819,0.19897674
2nry_STU_D_501,0.99343246,0.974346,0.038184665,0.16868126,0.98483138,0.24199193,0.19891276
2ntk_IMP_A_205,0,0.6605993,0.044062748,0.13861878,0.42513072,0.19354222,0.18927772
2ntk_IMP_B_206,0.98439979,0.66025635,0.037503025,0.15500148,0.42468622,0.20391328,0.19691377
2ntk_IMP_D_208,0.52195259,0.65452715,0.040586932,0.14732187,0.42590973,0.19878067,0
2nu7_COA_B_1025,0,0.6605993,0.044062748,0.13861878,0.42513072,0.19354222,0.18927772
2nu7_COA_B_1325,0,0.66108591,0.043464353,0.12864148,2.279036e-08,0.17687844,0.18992055
2nu7_COA_E_1025,0.52875291,0.66041509,0.040539309,0.14741846,0.42489196,0.19911286,0.19337929
2nu7_COA_E_1325,0.17455798,0.661025,0.042301236,0.13154787,3.6358971e-07,0.17871973,0.19127452
2nz5_226_A_432,0.0022024582,0.66108514,0.043449678,0.12867816,4.3177406e-07,0.17690169,0.18993763
2nz5_226_B_432,0.99169374,0.66073497,0.036862511,0.14525368,0.0042822825,0.18750692,0.1976062
2o1o_RIS_A_400,0,0.96428227,0.044017333,0.13898244,0.42476505,0.20900976,0.19195901
2o1o_RIS_B_400,0.92457638,0.97295504,0.037854923,0.15438019,0.42433672,0.21920398,0.19920961
2o7b_HC4_A_701,0.99474963,0.6596191,0.038213314,0.16816661,0.97827822,0.22572265,0.19615695
2o7b_HC4_D_701,0.99309925,0.65961877,0.03822542,0.16815762,0.97906581,0.22573612,0.19614295
2o7b_HC4_E_701,0.99667241,0.65961561,0.038203964,0.16825634,0.98073718,0.22583933,0.19616814
2o7b_HC4_G_701,0.99643873,0.65959675,0.038228815,0.16864084,0.99728374,0.22648554,0.19614131
2o7d_DHC_E_701,0.99706755,0.66025193,0.037418612,0.1552123,0.4246805,0.20404674,0.19701204
2o7d_DHC_G_701,0.98389492,0.66025652,0.03750639,0.15499307,0.42468644,0.20390797,0.19690986
2o7d_DHC_H_701,0.99861374,0.66025139,0.037408308,0.15523803,0.4246798,0.20406303,0.19702403
2oci_TYC_A_401,0.99565989,0.85657699,0.036889473,0.14693315,0.062857317,0.19983194,0.19927823
2okk_ABU_A_585,0,0.14589691,0.043540745,0.1280147,3.3406161e-07,0.15063551,0.18537496
2ot7_OGA_A_500,0.99467675,0.66073822,0.036837362,0.14521544,0.00053726649,0.18739157,0.19763501
2oxp_THP_A_300,0.96268291,0.66074433,0.037056754,0.14478628,0.0049480547,0.18722701,0.19738017
2p1e_LAC_A_303,0,0,0.043588683,0.12827565,0.018681664,0.1439341,0.18405909
2pd5_ZST_A_600,0.99154006,0.66025386,0.037455445,0.15512031,0.42468299,0.20398851,0.19696916
2pin_LEG_A_501,0.94474377,0.66075625,0.03716932,0.14437145,6.7850976e-08,0.1868438,0.19724851
2pin_LEG_B_502,8.4718178e-08,0.66108591,0.043464354,0.1286415,7.6301262e-07,0.17687847,0.18992055
2pir_DHT_A_931,0.99481516,0.99759974,0.038187151,0.1689852,0.99559318,0.24361382,0.19911254
2pir_NK_A_933,0.021549995,0.66107378,0.043326425,0.12909472,0.0040232903,0.17726348,0.19008162
2pnz_UDP_A_250,0.92954455,0.66075334,0.037280702,0.14428689,0.0071791023,0.18696492,0.19711976
2prg_BRL_A_1,0.94496135,0.66071826,0.037214512,0.14515274,0.033131172,0.18814494,0.19720009
2prl_ORO_A_399,0.0026259815,0.65997157,0.044816317,0.15151885,0.9727857,0.21504219,0.18846978
2pt6_S4M_B_502,0,0.97815566,0.044810181,0.15225482,0.98951126,0.23187811,0.19123153
2ptm_CMP_A_401,0,0,0.043562386,0.12783713,0,0.14320095,0.18408721
2pvy_ACP_D_802,0.97872743,0.66074274,0.036944917,0.14497125,0.0014472393,0.187259,0.19750992
2q1a_2KT_X_295,0.99573964,0.98694753,0.037020411,0.14960795,0.16999174,0.21068056,0.20026831
2q28_TPP_A_4001,0.90482135,0.66028407,0.03803331,0.15367711,0.42472215,0.20307489,0.19629648
2q28_TPP_B_5001,0,0.6605993,0.044062748,0.13861878,0.42513072,0.19354222,0.18927772
2q6m_P34_A_1001,0.93265115,0.66043755,0.037647078,0.1507925,0.28213503,0.19777677,0.19672804
2qab_EI1_A_1,0.99637467,0.65962285,0.038197165,0.16810495,0.97449855,0.22559162,0.19617527
2qab_EI1_B_1,0.99581208,0.66047244,0.037156209,0.15067675,0.23240095,0.19649328,0.19729317
2qb3_PMP_A_700,0,0.6605993,0.044062748,0.13861878,0.42513072,0.19354222,0.18927772
2qb4_DSM_A_802,0.97363166,0.97583341,0.03694703,0.14551867,0.012040554,0.20368204,0.20023641
2qb4_LEU_A_601,0.99191571,0.99314671,0.03815927,0.16813338,0.96159178,0.24202192,0.19910191
2qca_DGP_A_200,0.95858971,0.66075142,0.037077062,0.14460198,5.5223923e-09,0.18698985,0.19735591
2qcx_PF1_A_300,0,0.97400987,0.043921296,0.13741687,0.35760892,0.20686824,0.19214601
2qd1_CHD_D_802,6.2332991e-11,0.66108591,0.043464353,0.12864148,5.6557695e-11,0.17687844,0.18992055
2qd4_CHD_A_802,0.83353854,0.97158938,0.037864187,0.14289828,2.2153881e-08,0.20151373,0.19913012
2qd4_CHD_A_803,0,0.6605993,0.044062748,0.13861878,0.42513072,0.19354222,0.18927772
2qd4_CHD_B_927,2.0706733e-09,0.6605993,0.044062748,0.13861878,0.42513072,0.19354222,0.18927772
2qg6_NMN_A_301,0,0.65995748,0.044852266,0.15178277,0.98589242,0.21552831,0.18842959
2qgw_EES_B_1,0,0.66108591,0.043464354,0.12864149,6.3747921e-07,0.17687846,0.18992055
2qhv_OC9_A_1001,0.9896149,0.98433836,0.036822324,0.14551259,3.1956239e-06,0.20381183,0.20045361
2qim_ZEA_A_159,0.99028936,0.66074036,0.03686584,0.14512978,0,0.18732423,0.19760179
2qim_ZEA_A_160,0,0.6601988,0.044555453,0.14683387,0.77505353,0.20726281,0.18874844
2qim_ZEA_A_161,0,0.66028579,0.044061852,1.395384e-06,0.41344944,0.19304286,0.18927445
2qs2_UBF_A_603,0,0.66028554,0.044448777,0.14505521,0.69927724,0.20429216,0.18886304
2qse_1HP_A_1,0.99307504,0.97611122,0.038182926,0.16861311,0.98208981,0.24197051,0.19892969
2qui_LTN_A_501,0,0.66107518,0.043477544,0.12886142,0.0093701276,0.17724578,0.18990638
2qui_LTN_B_478,0,0.6610006,0.043569283,0.13039102,0.074536037,0.17980047,0.18980783
2qvr_CIT_A_335,0.88736328,0.9596157,0.037545969,0.14442448,0.027459647,0.20254966,0.19940072
2qvr_FDP_A_333,0.97305232,0.65966077,0.038315943,0.16710598,0.94848265,0.22432571,0.19603371
2qx4_ML1_B_233,0.98086065,0.95711943,0.036884689,0.14533363,3.1383347e-07,0.20233225,0.20014544
2qx9_ML2_A_233,0,0.66108414,0.043466535,0.12867786,0.001549975,0.1769392,0.1899182
2qxf_TMP_A_3000,0.97848271,0.66073655,0.036954269,0.1450959,0.0069316859,0.18747143,0.19749973
2r0g_7CK_A_1355,0.99235832,0.65961955,0.038229711,0.16813451,0.97860672,0.2257103,0.1961379
2r0g_7CK_B_1357,0.99379043,0.6596096,0.038231795,0.16835221,0.98686586,0.22604919,0.19613652
2r3d_ACM_A_303,0.72149965,0.99277008,0.040001695,0.0018423821,0.9937472,0.99574523,0.19729471
2r4j_13P_A_1968,0,0.95327715,0.043421236,0.12900157,0.00018027954,0.19178469,0.19250099
2r4j_13P_B_816,0,0,0.044255535,0.13939578,0.4924148,0.16252546,0.18334607
2r4t_250_A_503,1.2679296e-07,0.66108591,0.043464353,0.12864148,1.9627898e-07,0.17687845,0.18992055
2r4t_GLC_A_502,0,0.65996571,0.044842151,0.15161411,0.97870714,0.21524663,0.18844046
2r5e_QLP_A_430,0,0.6605993,0.044062748,0.13861878,0.42513072,0.19354222,0.18927772
2r5e_QLP_B_430,0,0.6605993,0.044062748,0.13861878,0.42513072,0.19354222,0.18927772
2rbu_273_X_4001,0.9926902,0.66073952,0.036849844,0.14516977,6.4436147e-07,0.18734958,0.19762041
2rbx_3AY_X_2001,0,0.6603076,0.044421638,0.14460272,0.67999946,0.20353641,0.18889219
2ri1_GLP_B_234,0.66481448,0.66071322,0.039207618,0.14259626,0.12293717,0.18871054,0.1948913
2rtn_IMI_B_300,0.9909278,0.65961067,0.03825078,0.16830305,0.98680205,0.2260165,0.19611441
2rtn_IMI_D_300,0.99444179,0.97334573,0.038179817,0.16872568,0.9860596,0.24199982,0.19890991
2tio_BEN_A_247,0,0.98993655,0.04481462,0.15237233,0.99390666,0.23265093,0.19132889
2tmk_ATM_A_217,0.9804427,0.66025773,0.037529394,0.15493562,0.424688,0.20387159,0.19688308
2tmk_ATM_B_217,0.99067127,0,0.037578688,0.15435795,0.43577392,0,0.19103484
2uuj_896_B_1250,0,0.65994816,0.044863729,0.1519739,0.99403521,0.21584754,0.18841728
2uyv_TLA_A_1275,0,0.66089416,0.043700201,0.13257387,0.16753244,0.1834462,0.18966719
2uyv_TLA_A_1277,0,0.6610818,0.043469413,0.12872584,0.0035942168,0.17701934,0.18991511
2uyv_TLA_B_1275,0,0.66105501,0.043502364,0.12927525,0.027000597,0.17793694,0.18987971
2uyv_TLA_C_1275,0.99323161,0.66001643,0.037735379,0.16000386,0.63159596,0.21211568,0.19666945
2uyv_TLA_D_1275,0,0.6610845,0.043466082,0.1286703,0.0012277301,0.17692657,0.18991869
2uza_HTL_B_1236,0,0.6605993,0.044062748,0.13861878,0.42513072,0.19354222,0.18927772
2v32_BEZ_A_1222,0.98959182,0.97463072,0.038212331,0.16865296,0.986335,0.24202488,0.19888321
2v32_BEZ_C_1222,0.99266246,0.98394586,0.038206468,0.1689819,0.99768711,0.2429775,0.19897217
2v32_BEZ_D_1221,0.9705932,0.9540522,0.037873753,0.1605037,0.65370823,0.22772188,0.19905481
2v60_C17_A_1503,0.98825756,0.660255,0.037477318,0.15506568,0.42468447,0.20395393,0.1969437
2v60_C17_B_1498,0.9941897,0.66025294,0.037437789,0.1551644,0.42468179,0.20401643,0.19698971
2v7o_DRN_A_1303,0.94648488,0.90259409,0.037719451,0.15466056,0.42441154,0.21585198,0.19875847
2vag_V25_A_1482,0.99211943,0.65366767,0.038261757,0.16842258,0.99213639,0.22593116,0
2vjb_CCD_A_1539,0.87407036,0.66070472,0.037733953,0.14475739,0.066573815,0.18870821,0.19659965
2vjb_CCD_A_1540,0,0.9720178,0.043429096,7.650809e-77,0.00042257663,0.19259627,0.19265224
2vkg_CF4_A_1064,0.00012713225,0,0.044160668,0.13783004,0.42592612,0.15990554,0.18344758
2vlf_PLI_A_1457,0.88468094,0.65981184,0.038756903,0.16316898,0.84343943,0.21927555,0.19550711
2vlf_PLI_B_1459,0,0.65995112,0.044860089,0.1519132,0.99144917,0.21574616,0.18842119
2vmg_MBG_A_1179,0.98019659,0.65967571,0.038246893,0.16686736,0.93324889,0.22380386,0.19611216
2vmp_PLP_A_501,0.99157569,0.66025385,0.037455208,0.1551209,0.42468298,0.20398889,0.19696944
2vmw_PLP_A_501,0,0.6605993,0.044062748,0.13861878,0.42513072,0.19354222,0.18927772
2vsu_V55_D_1251,0.0038107567,0.98219135,0.044155801,0.14184444,0.54310222,0.21460496,0.19196861
2vzu_PNJ_B_1904,0.99140071,0.65981316,0.037998377,0.16415506,0.80974869,0.21908047,0.19638584
2w0b_CMW_A_1450,5.77721e-06,0.6605993,0.04406271,0.13861888,0.42513072,0.19354229,0.18927777
2w1a_TSA_D_1091,0.97137595,0.66074696,0.036991864,0.14481487,0,0.18712472,0.19745508
2w5t_GP9_A_1644,0,0.65995446,0.044855984,0.15184476,0.98853363,0.21563186,0.1884256
2w7k_PLP_A_501,0.79909884,0.66080707,0.038139794,0.14194662,6.7505466e-06,0.18530777,0.1961188
2wch_B7M_A_1145,0,0.98608675,0.043416118,0.12903731,1.7528431e-06,0.19344958,0.19279085
2wdq_CBE_G_1130,0.99426637,0.66073897,0.036839341,0.145196,7.6884478e-08,0.18736618,0.19763264
2wdq_CBE_K_1130,0.991867,0.66073981,0.036855333,0.14515613,3.4621361e-06,0.187341,0.19761402
2wdq_TEO_A_1589,0.98038844,0.66074116,0.036935077,0.14501937,0.0023192583,0.18731071,0.19752148
2wdq_TEO_E_1589,0,0.6605993,0.044062748,0.13861878,0.42513072,0.19354222,0.18927772
2wdq_TEO_I_1589,0,0.87889196,0.044831088,0,0.98552239,0.2264882,0.19034558
2whq_HI6_A_1543,0.0044690692,0.66108411,0.04343487,0.12872081,0.00020978055,0.1769338,0.18995489
2whq_HI6_B_1545,0.00242729,0.66108298,0.043450742,0.12872461,0.001819943,0.17697539,0.18993662
2wj4_HQD_A_1281,0,0.65995346,0.044857217,0.15186532,0.98940949,0.21566619,0.18842427
2wj4_HQD_B_1278,0,0.65995137,0.044859789,0.15190819,0.99123582,0.21573779,0.18842151
2wj4_HQD_D_1278,0.0048803844,0.65994636,0.04483133,0.15205715,0.99412005,0.21590234,0.18845501
2wu4_HBP_A_1544,0.12293251,0.97444016,0.042602374,0.131131,0.0026006642,0.19425637,0.19363794
2wzh_NGO_A_1589,0.98786212,0.79782034,0.038185147,0.99007224,0.99405449,0.99407697,0.19739519
2wzv_FMN_A_801,0.00037572046,0.66059917,0.044060245,0.13862504,0.42513055,0.19354618,0.18928064
2wzv_FMN_B_801,0.98355615,0.66025664,0.037508647,0.15498744,0.4246866,0.2039044,0.19690723
2x05_X05_A_1900,0.98629595,0,0.037749446,0.15691601,0.53919631,0.17477761,0.1909281
2x05_X05_B_1900,0,0,0.044966031,0.15124371,0.99715307,0.1823336,0.18258639
2x0u_X0U_B_1291,7.3080386e-05,0.99578285,0.044814646,0.15240367,0.99488689,0.23298808,0.19137959
2x6o_2TC_A_1209,0,0.66108591,0.043464354,0.12864149,4.399401e-07,0.17687846,0.18992055
2xh0_PEP_A_1440,0,0.65994737,0.044864706,0.15199017,0.99472856,0.21587472,0.18841623
2xh0_PEP_B_1440,0.99111711,0.65959862,0.038264264,0.16855207,0.99727669,0.22642913,0.19610004
2xh0_PEP_C_1440,0.98802835,0.9482127,0.038223504,0.16970949,0.9963273,0.99553368,0.19898179
2xhk_AKG_A_519,0.92365457,0.85769051,0.037281049,0.14426734,0.00030766263,0.19667351,0.19882353
2xhk_AKG_B_519,0.95040386,0,0.037230211,0.14367175,0.00043138965,0.15325506,0.19146052
2xmi_FLC_A_1379,0,0.9611541,0.043433007,0.12922693,0.0093724617,0.19254682,0.19255668
2xoz_AMP_B_1664,0.09174073,0,0.043261093,0.13453404,0.22022367,0.15281236,0.18446754
2xta_TPP_A_2001,0.9785827,0.66025837,0.037541789,0.15490467,0.42468884,0.203852,0.19686865
2xta_TPP_B_2001,0.99476056,0.66025274,0.037433985,0.1551739,0.42468154,0.20402244,0.19699414
2xta_TPP_C_2001,0.95225006,0.66026755,0.037717261,0.15446643,0.42470073,0.20357457,0.19666438
2xta_TPP_D_2001,0,0.6605993,0.044062748,0.13861878,0.42513072,0.19354222,0.18927772
2xul_AKG_A_201,0,0.66108591,0.043464353,0.12864148,6.1139197e-08,0.17687844,0.18992055
2xul_AKG_B_201,0.92692556,0.65983023,0.038434662,0.1631928,0.81448838,0.21858619,0.19587856
2xul_AKG_C_201,0.93368965,0.66076011,0.037242978,0.14418742,1.1395584e-06,0.18672725,0.19716277
2xul_AKG_D_201,0,0.66108591,0.043464353,0.12864148,3.360094e-09,0.17687844,0.18992055
2xul_AKG_E_201,0.99308964,0.66075951,5.6692382e-69,0.14517935,1.5467365e-07,0.18735536,0.1976257
2xul_AKG_F_201,0.99389446,0.66073709,0.036844297,0.14523112,0.0017602733,0.18743126,0.19762709
2xum_OGA_A_601,0.99876942,0.97602299,0.036763107,0.14566404,0.00039266639,0.20350006,0.20045065
2xyj_WLM_A_1441,0.98196518,0.66025719,0.037519249,0.15496096,0.42468731,0.20388763,0.19689489
2xyj_WLM_A_1442,0,0.6605993,0.044062748,0.13861878,0.42513072,0.19354222,0.18927772
2xyj_WLM_B_1441,0.85546994,0.66030126,0.038362172,0.15285578,0.42474443,0.20255495,0.19591366
2xyj_WLM_B_1442,0.92627018,0.6602766,0.037890382,0.15403406,0.42471246,0.20330086,0.19646286
2y00_Y00_A_601,0.98063099,0.98996936,0.038227749,0.16782181,0.95648764,0.24154053,0.19899399
2y2f_YI1_A_1469,0.83272339,0,0.038812017,0.15501395,0.56709888,0.17425076,0.18969457
2y4j_LAC_A_400,0.98384052,0.65967689,0.038219607,0.16687791,0.9311136,0.22375859,0.19614366
2y4j_LAC_B_400,0.9640357,0.66060636,0.037216855,0.14762854,0.12507775,0.19195071,0.197209
2ye5_2A7_A_1224,0.99016123,0.8793011,0.037798559,0.16147401,0.68504063,0.22534902,0.19849969
2yi6_6QM_A_1225,0.97225952,0.66074633,0.036986378,0.14483627,0.00028484779,0.18714521,0.19746151
2yjd_YJD_A_1498,0.99391657,0.99626683,0.037389374,0.1555621,0.42427731,0.22112253,0.19995342
2yjd_YJD_B_1498,0,0.99442516,0.044012826,0.13901853,0.42472876,0.21054477,0.1922251
2ynf_WHU_A_1563,0,0.6605993,0.044062748,0.13861878,0.42513072,0.19354222,0.18927772
2yp6_C6W_B_1186,1.2670129e-07,0.93108995,0.043424273,0.12897034,0,0.19064701,0.19230542
2z20_PLP_A_701,0,0.93983054,0.044706485,0.15038419,0.91180688,0.2268757,0.1910102
2z20_PLP_B_801,0,0.99387726,0.044735405,0.15106591,0.93804712,0.23065957,0.19144775
2z26_DOR_A_1410,0,0.66108591,0.043464353,0.12864148,0,0.17687844,0.18992055
2z48_A2G_A_1005,0.98852892,0.65968301,0.038178818,0.16679675,0.92433055,0.22354213,0.19619028
2z48_A2G_B_2005,0,0.66007062,0.04471311,0.14946255,0.88704387,0.21165316,0.18857908
2z48_NGA_A_1002,0,0.66108585,0.043464431,0.12864277,5.4928245e-05,0.17688059,0.18992046
2z48_NGA_A_1003,0,0.66007194,0.044711491,0.14943555,0.8858936,0.21160807,0.18858082
2z48_NGA_A_1004,0,0.66091865,0.04367008,0.13207166,0.14613653,0.18260742,0.18969955
2z48_NGA_A_1006,0,0.66106303,0.043492497,0.12911074,0.019991864,0.17766218,0.18989031
2z48_NGA_B_2002,0.97904807,0.66074422,0.036940821,0.1449439,5.4945047e-05,0.18720781,0.19751451
2z48_NGA_B_2003,0.98433886,0.65993697,0.037896175,0.16154884,0.70372509,0.21484955,0.1964914
2z48_NGA_B_2004,0,0.66094922,0.043632472,0.1314446,0.1194217,0.18156012,0.18973995
2z48_NGA_B_2006,0.13471393,0.66055237,0.043165058,0.14086074,0.42506989,0.19496149,0.19032271
2z6j_TUI_A_501,3.3648333e-12,0.96635597,0.043419043,0.12901326,2.109236e-13,0.19244408,0.1926167
2z7s_P01_A_1,0.73019444,0.66071503,0.038741692,0.14317988,0.10142447,0.18855683,0.19543096
2zce_PYL_A_601,0.72339306,0,0.039766508,0.15696218,0.7276469,0.17939673,0.18860466
2zgw_ADN_B_1302,0.36922621,0.66040917,0.041678019,0.14602532,0.4786991,0.19953953,0.19206054
2zgw_BTN_A_1401,0.95145951,0.65963269,0.03850363,0.16747691,0.97960222,0.22531792,0.19581916
2zgw_BTN_B_1402,0.96774481,0.65963818,0.038381372,0.16751888,0.9698386,0.22510694,0.19596024
2zi2_24U_H_801,0.94760229,0.65962045,0.038546035,0.16769119,0.99146739,0.22574238,0.1957713
2zka_AZA_A_302,0.1524748,0.65990383,0.043836848,0.15433072,0.9862864,0.2171521,0.18961168
2zm7_ACA_A_501,0,0.6605993,0.044062748,0.13861878,0.42513072,0.19354222,0.18927772
2zm9_ACA_A_501,0,0.6605993,0.044062748,0.13861878,0.42513072,0.19354222,0.18927772
2ztl_3HL_A_301,0.99795886,0.65960225,0.038211274,0.16854258,0.99201901,0.22629518,0.19616106
2ztl_3HL_B_301,0.987304,0.65962993,0.038252797,0.16787375,0.97108292,0.22536204,0.19611007
2ztl_3HL_C_301,0.99514346,0.65959943,0.038234707,0.16857362,0.99533857,0.22639562,0.1961342
2ztl_3HL_D_301,0,0.66108591,0.043464353,0.12864148,0,0.17687844,0.18992055
2zut_A2G_A_4001,0,0.6605993,0.044062748,0.13861878,0.42513072,0.19354222,0.18927772
2zut_A2G_C_4003,0.9520775,0.66026761,0.037718411,0.15446356,0.42470081,0.20357276,0.19666305
2zuw_NDG_B_4002,0,0.6605993,0.044062748,0.13861878,0.42513072,0.19354222,0.18927772
2zuw_NDG_D_4004,0.99186384,0.66025375,0.037453287,0.15512569,0.42468285,0.20399192,0.19697167
2zvq_1NP_X_501,0.18870299,0.65988708,0.043600507,0.1550182,0.98987691,0.217675,0.18988725
2zvq_1NP_X_502,0,2.6746594e-06,0.043562385,0.12783713,0,0.14320109,0.18408723
2zwt_CAM_A_422,0,0.66103246,0.0435301,0.1297377,0.046702397,0.17870931,0.18984992
2zyv_NPO_X_1601,0,0.6610859,0.043464363,0.12864165,7.123906e-06,0.17687872,0.18992054
2zyv_NPO_X_1602,0.99812404,0.9939377,0.036764409,0.14566942,0.00015072095,0.20439664,0.20060413
3kt7_AKG_A_702,0,0.66108591,0.043464353,0.12864148,0,0.17687844,0.18992055
3mk1_NPO_A_911,0.99454875,0.66070901,0.036874192,0.14581318,0.026093389,0.18839209,0.19759536
3mk1_NPO_A_913,0.9948701,0.66073831,0.036835878,0.1452154,0.00039834249,0.18738816,0.19763672
3qfx_CP6_B_702,0.98832834,0.99489177,0.038221491,0.16871907,0.98899696,0.24314846,0.19904823
3qgz_ADN_A_127,0.99129892,0.65961239,0.038246031,0.16827129,0.98518542,0.22595703,0.19611973
3qhd_795_A_167,0.82748813,5.4053409e-05,0.039443251,0.16487146,0.99075318,0.19082427,0.18901679
3qhd_CTN_A_165,0.98127813,0.65961765,0.038310642,0.16806844,0.98365153,0.2257912,0.19604433
3qhd_CTN_B_165,0.97247348,0.65961095,0.038381324,0.16812216,0.99218562,0.22603289,0.19596313
3qk1_BEN_A_1010,0.99840518,0.65959779,0.038213589,0.16863818,0.99577539,0.22644715,0.19615884
3qss_MTG_A_405,0.81927462,0.9762163,0.039234113,0.16393723,0.90616657,0.23716081,0.19769642
3qss_MTG_B_405,0,0.97090356,0.044689288,0.15021211,0.90286485,0.22810818,0.19129793
3qt8_FM0_A_328,0.99100529,0.66074011,0.03686107,0.1451417,0,0.18733178,0.19760734
3qwi_CUE_A_272,0.99717939,0.66071361,0.036849878,0.14574383,0.021272968,0.18823087,0.19762306
3qwi_CUE_B_272,0.99810223,0.6607311,0.036821822,0.14539393,0.0057113971,0.18763054,0.19765375
3qxx_8AC_A_221,0.9584796,0.97202613,0.037031609,0.14497913,5.5505065e-07,0.20285551,0.20010337
3r3z_GOA_A_305,0.99377237,0.970365,0.03679669,0.14556473,0,0.20314356,0.20036253
3r3z_GOA_B_305,0.96315003,0,0.037811775,0.15499817,0.47391131,0.1719711,0.19084678
3r3z_GOA_C_305,0.99618025,0.96495594,0.036781448,0.14559824,0,0.20289336,0.20033347
3r3z_GOA_D_305,0.9932017,0.95215468,0.037211388,0.15233995,0.2899826,0.21358977,0.19976092
3r51_MMA_A_200,0.97276311,0.96556947,0.038329089,0.16841642,0.98866503,0.24147686,0.19866916
3rgz_BLD_A_800,0.025871044,0,0.043989118,0.13825849,0.42591448,0.16017709,0.18364734
3ro7_TDR_A_300,0,0.66103545,0.043526418,0.12967631,0.04408724,0.17860679,0.18985387
3roe_THM_B_265,0,0.6605993,0.044062748,0.13861878,0.42513072,0.19354222,0.18927772
3roe_THM_C_265,0.44499075,0.66044427,0.041097473,0.14602446,0.42492979,0.19823039,0.19272954
3roe_THM_D_265,0,0.6605993,0.044062748,0.13861878,0.42513072,0.19354222,0.18927772
3roe_THM_E_265,0,0.6605993,0.044062748,0.13861878,0.42513072,0.19354222,0.18927772
3roe_THM_F_265,0.39800016,0.66046064,0.041410604,0.14524243,0.424951,0.19773532,0.19236504
3rop_NCA_A_302,0.9264634,0.0047277993,0.037388769,0.14327452,0.00024541566,0.15323585,0.19131678
3rop_NCA_B_302,0.0029048687,0.009204335,0.043547523,0.12799438,0.0041614141,0.14386397,0.18418472
3rsc_TYD_A_397,0,0.6605993,0.044062748,0.13861878,0.42513072,0.19354222,0.18927772
3rsc_TYD_B_397,0.94311174,0.66027073,0.037778156,0.15431435,0.42470486,0.2034783,0.1965935
3ryd_SRT_A_271,0,0.4721969,0.043492343,0.12841183,3.093599e-08,0.16726295,0.18825503
3ryd_SRT_C_268,0.54297982,0.91538844,0.039808736,0.13799443,0.00010355424,0.19558535,0.19637953
3se2_3AB_C_4,0.9965687,0.65960548,0.038217158,0.16846309,0.98961868,0.22618642,0.19615391
3se2_3AB_D_3,0.99562959,0.65968574,0.0381251,0.16680819,0.91978108,0.22343867,0.19625224
3se2_LDR_A_1,0.99714113,0,0.038319021,0.16779962,0.9951603,0.19278617,0.19032597
3sj1_DXC_X_75,0.9831885,0.98290361,0.036865353,0.14540377,0,0.20367072,0.20039109
3sjh_LAR_A_503,0.52720526,0.66041563,0.040549624,0.1473927,0.42489266,0.19909655,0.19336729
3sli_SKD_A_760,0,0.65996745,0.044840006,0.15157835,0.97718353,0.2151869,0.18844276
3sp6_IL2_A_901,0,0.66000189,0.044797643,0.15087202,0.9470916,0.21400721,0.18848827
3sru_Q26_X_169,0,0.6605993,0.044062748,0.13861878,0.42513072,0.19354222,0.18927772
3t3q_9PL_A_501,0.76479508,0.66077571,0.038421656,0.14226398,0.037860187,0.18642989,0.19579547
3t3q_9PL_B_501,0.00011128351,0.66093648,0.043647357,0.13170699,0.13052166,0.18199645,0.18972402
3t3q_9PL_C_501,0.9875571,0.66074078,0.036884699,0.14509519,0.0004643414,0.18731361,0.19757989
3t3q_9PL_D_501,6.7448191e-05,0.6609451,0.043637063,0.13152976,0.12300214,0.1817012,0.18973505
3te7_TE7_A_1,0.97875617,0.66068991,0.037009693,0.14605496,0.047596639,0.1890685,0.19744035
3te7_TE7_B_1,0,0.6605993,0.044062748,0.13861878,0.42513072,0.19354222,0.18927772
3tky_N7I_A_369,0,0.66108591,0.043464353,0.12864148,0,0.17687844,0.18992055
3tky_N7I_B_369,0.08238235,0.66105716,0.042915422,0.13001314,0,0.17774743,0.19055955
3tky_N7I_C_369,0.98277996,0.66074293,0.036915936,0.14500573,4.1924649e-05,0.18724666,0.19754348
3tky_N7I_D_369,0.91531158,0.66076618,0.03736586,0.14388852,0.00030304475,0.18654523,0.19701976
3tye_XHP_B_901,0.99356677,0.65959858,0.038246943,0.1685762,0.99656712,0.22642715,0.19612011
3tye_XTZ_A_801,0.92288041,0,0.038533267,0.16188445,0.79584104,0.18417974,0.1900498
3tye_YTZ_B_902,0.00096460382,0.66108552,0.043457992,0.12865864,4.7010081e-05,0.17689046,0.18992796
3tyn_CXW_A_800,0.52720526,0.66041563,0.040549624,0.1473927,0.42489266,0.19909655,0.19336729
3tyn_CXW_B_800,0.52195259,0.65452715,0.040586932,0.14732187,0.42590973,0.19878067,0
3u1t_MLI_A_351,0.99667549,0.66073813,0.03682329,0.14523615,1.8274082e-06,0.18739166,0.19765132
3u1t_MLI_B_350,0.99701817,0.6607378,0.036821269,0.14524623,0.00018807884,0.18740258,0.1976537
3u3o_3QV_A_296,0,0.66108591,0.043464355,0.12864151,1.4329771e-06,0.1768785,0.18992054
3u3o_3QV_A_297,3.4594526e-05,0.66108588,0.043464143,0.12864239,1.4433102e-05,0.17687937,0.18992079
3uu7_2OH_A_1,0.99697205,0,0.037517977,0.15442014,0.42547557,0.1704204,0.19118237
3uu7_2OH_B_1,0.99680394,0,0.037519098,0.15441734,0.42547564,0.17041863,0.19118106
3uud_EST_A_600,0.98777222,0.65963144,0.038247616,0.16784719,0.96961901,0.22530958,0.19611592
3uud_EST_B_600,0.98162337,0.65960363,0.038325437,0.16835922,0.99579504,0.2262709,0.19602864
3v1m_HPK_A_288,0,0.66007609,0.044706391,0.14935053,0.88227148,0.21146607,0.1885863
3v1s_0LH_B_401,0.99373495,0.99579135,0.036812013,0.1459093,0.013387532,0.20496422,0.20056652
3v1v_GST_A_511,0.89846807,0.89578693,0.037764399,0.14925014,0.22847236,0.207303,0.19862096
3v7u_MTA_A_301,0.14848019,0.66082802,0.042728466,0.13533986,0.18004913,0.18550309,0.19079996
3v8n_5NB_A_301,0.25908289,0.66050904,0.042336304,0.14293052,0.42501373,0.19627177,0.19128745
3vbn_TYD_A_301,0.86824118,0,0.038375803,0.15227772,0.42553375,0.16906253,0.19018351
3vbn_TYD_C_301,0.94415024,0,0.037293826,0.1439336,0.016022185,0.15380087,0.19138854
3vbn_TYD_E_301,0.5859874,0,0.040256662,0.14758028,0.42566132,0.16608528,0.18799343
3vc3_C6P_A_501,0,0.6605993,0.044062748,0.13861878,0.42513072,0.19354222,0.18927772
3vc3_C6P_B_501,3.2435431e-05,0.66059929,0.044062532,0.13861932,0.42513071,0.19354257,0.18927798
3vc3_C6P_D_501,0,0.6605993,0.044062748,0.13861878,0.42513072,0.19354222,0.18927772
3vc3_C6P_E_501,0.95757499,0.94213267,0.037639638,0.15489247,0.42435892,0.21798244,0.19919356
3vcp_PRO_A_502,0,0,0.044080292,0.13647351,0.36792192,0.15763982,0.18353345
3vmg_9CA_B_2001,0,0.65994876,0.044862992,0.1519616,0.99351137,0.215827,0.18841807
3vnj_PSJ_A_301,0,0,0.043562386,0.12783713,0,0.14320095,0.18408721
3vnj_PSJ_B_301,0.73477122,0,0.038671825,0.14016144,0.0038409607,0.15111158,0.18978235
3vnj_PSJ_C_301,0,0,0.043562386,0.12783713,0,0.14320095,0.18408721
3vnm_SDD_B_301,0.5488338,0.66040809,0.040405497,0.14775265,0.4248829,0.19932442,0.19353506
3vnm_SDD_C_301,0.49332286,0.6608841,0.040213728,0.13746375,0.025921881,0.18309833,0.19370783
3vnm_SDD_D_301,0,0.66075021,0,0.1359842,0.31267822,0.18913813,0.18945022
3vq4_0NX_A_304,0,0.98286377,0.044785738,0.15186461,0.9726435,0.23145606,0.19129847
3vq4_0NX_B_303,0.99589108,0.97810158,0.036969503,0.14874574,0.13361143,0.20880367,0.20024616
3vq5_MMJ_A_1007,0.99438716,0.99052549,0.038031747,0.16631296,0.88242219,0.23880749,0.19921711
3vq5_MMJ_B_307,0.9934769,0.99671805,0.036990088,0.14884927,0.13876908,0.20992924,0.20038398
3vqe_FMQ_A_1006,0.98665076,0.65965855,0.038222228,0.16728062,0.94627712,0.22438268,0.19614252
3vqe_FMQ_B_306,0.9924809,0.66073644,0.036855116,0.14523094,0.0027551654,0.18745535,0.19761462
3vv5_SLZ_A_300,0.97458734,0,0.0384154,0.16652523,0.95686754,0.1910452,0.19020862
3vv5_SLZ_B_301,0,0.88280155,0.044716478,0.15034036,0.91289648,0.2240124,0.1905052
3w4i_8LG_A_402,0.35536132,0.96877712,0.041072184,0.13528932,0.015176675,0.19691601,0.19537239
3w4i_8LG_B_402,0.34595657,0.66095293,0.04117425,0.13465309,0.010712321,0.18094762,0.19258778
3w4i_8LG_C_402,0.99651356,0.66072554,0.036839923,0.14549278,0.011049899,0.18782307,0.19763336
3w4i_8LG_D_402,0.98985977,0.66072801,0.036884082,0.14537906,0.01092459,0.18774797,0.19758193
3w7f_FPS_A_301,0,0.6605993,0.044062748,0.13861878,0.42513072,0.19354222,0.18927772
3w7f_FPS_A_302,0.96497093,0.66026312,0.037632493,0.15467813,0.42469499,0.20370859,0.19676306
3w7f_FPS_B_301,0,0.6605993,0.044062748,0.13861878,0.42513072,0.19354222,0.18927772
3w7f_FPS_B_302,0,0.6605993,0.044062748,0.13861878,0.42513072,0.19354222,0.18927772
3w8x_FTK_A_601,1.1143835e-07,0.66108586,0.043464412,0.12864248,4.2572477e-05,0.17688011,0.18992048
3w8x_FTK_B_601,0,0.66108554,0.043464805,0.12864901,0.00032069343,0.17689101,0.18992006
3wat_BGC_A_403,0.010465657,0.98657801,0.043346436,0.12921426,9.098236e-05,0.19358864,0.19287625
3wat_BGC_B_403,0.012086556,0.98493243,0.043335797,0.12923787,3.2307756e-05,0.1935196,0.19287439
3wat_BMA_A_404,0.99386302,0,0.03696318,0.14477137,0.016449917,0.15434267,0.1917736
3wat_BMA_B_404,0.99042,0,0.036982579,0.14465497,0.013933567,0.15420756,0.19175068
3wca_FPS_A_501,0,0.6605993,0.044062748,0.13861878,0.42513072,0.19354222,0.18927772
3wca_FPS_B_401,0,0.6605993,0.044062748,0.13861878,0.42513072,0.19354222,0.18927772
3wca_FPS_C_402,0,0.66062178,0,0.13861871,0.42492108,0.1935382,0.18928049
3wca_FPS_D_401,0,0.6605993,0.044062748,0.13861878,0.42513072,0.19354222,0.18927772
3wgc_PLG_A_401,0,0.6605993,0.044062748,0.13861878,0.42513072,0.19354222,0.18927772
3wgc_PLG_B_401,0.99242287,0.66025355,0.037449562,0.155135,0.42468259,0.20399781,0.19697601
3wgc_PLG_C_401,0.98540505,0.660256,0.037496327,0.15501821,0.42468576,0.20392388,0.19692157
3wgc_PLG_D_401,0.97951194,0.66025805,0.037535596,0.15492013,0.42468842,0.20386179,0.19687586
3wk1_O7E_A_301,0.98620248,0,0.038383954,0.16748484,0.98950946,0.19244888,0.19024961
3wlf_FEH_A_401,0.99626471,0.65964007,0.03817677,0.16775085,0.95949053,0.2250021,0.19619711
3wlf_FEH_B_401,0.99680978,0,0.038266479,0.16688111,0.95626562,0.19125627,0.19038194
3wlf_FEH_C_401,0.9948248,0.66073876,0.036835638,0.14520561,1.32047e-05,0.18737259,0.19763695
3wlf_FEH_D_401,0.99676535,0.65425485,0.038230148,0.16851038,0.99247392,0.22602386,0.019366173
3wqs_KBK_B_503,0.99157589,0.89480911,0.038117169,0.16702499,0.91971244,0.23536376,0.19829434
3wr4_GDE_B_502,0.98247533,0.65974081,0.03815066,0.16555392,0.87567593,0.22157087,0.1962169
3wsg_CIT_A_302,0.98930535,0.65982979,0.037992779,0.16379402,0.79585381,0.21851365,0.1963906
3wsg_CIT_B_302,0.98773373,0.66046964,0.037216947,0.15065746,0.23730957,0.1966005,0.19722308
3wsg_CIT_C_302,0.91616998,0.66028012,0.037957687,0.15386597,0.42471702,0.20319445,0.19638451
3wsg_CIT_D_302,0,0.6605993,0.044062748,0.13861878,0.42513072,0.19354222,0.18927772
3wsg_CIT_E_302,0,0.6605993,0.044062748,0.13861878,0.42513072,0.19354222,0.18927772
3wsg_CIT_F_302,0.98695186,0.66038075,0.037331821,0.15247293,0.31520872,0.19964613,0.19709921
3wug_XYP_B_1,0.98385515,0,0.03704199,0.14480693,0.025063867,0.15457503,0.19168299
3wug_XYP_C_2,0.24022558,0,0.04196171,0.1318371,6.1534215e-06,0.14573821,0.18595105
3wur_O4B_A_202,0.97220594,0.38204476,0.038132023,0.16290548,0.78454159,0.20372529,0.19382161
3wur_O4B_B_201,0.83349925,0.10187215,0.038592081,0.1518215,0.42542678,0.17388385,0.19081324
3wur_O4B_B_202,0.63647398,0.86049093,0.039791571,0.14945076,0.42460236,0.21043786,0.19598134
3wur_O4B_B_204,0.61499371,0.057226008,0.040054816,0.14813154,0.4255793,0.16930544,0.18872367
3wwc_BUA_A_402,0,0,0.043562386,0.12783713,6.7551523e-08,0.14320095,0.18408721
3wwc_BUA_A_403,0.97680429,0.98285024,0,0.14530112,3.367669e-05,0.20360275,0.2003431
3wxo_NIZ_A_802,0,0.94829447,0.043497479,0.13025458,0.053818481,0.19363578,0.19237627
3wxo_NIZ_A_803,0.0014440756,0.99258045,0.043405767,0.12907317,0.00016827594,0.19380227,0.19285912
3wxo_NIZ_A_804,0.0010568972,0.66108554,0.043457314,0.12865913,2.4608157e-06,0.17688968,0.18992874
3wzo_ZOE_A_201,0,0.6605993,0.044062748,0.13861878,0.42513072,0.19354222,0.18927772
3wzo_ZOE_B_201,0,0.6605993,0.044062748,0.13861878,0.42513072,0.19354222,0.18927772
3zbs_OVE_A_1380,0,0.99336901,0.044618273,0.1491108,0.85478272,0.22736601,0.19156859
3zcm_PX3_A_1214,0,0.6605993,0.044062748,0.13861878,0.42513072,0.19354222,0.18927772
3zcm_PX3_B_1216,0,0.6605993,0.044062748,0.13861878,0.42513072,0.19354222,0.18927772
3zjq_NCA_A_300,0.0025526084,0.98903597,0.043398678,0.1290835,6.0154675e-06,0.19362699,0.19283668
3zog_A2Q_A_200,0,0.6610999,0,0.12881045,0.0070547844,0.17715678,0.18991239
3zp7_PRE_A_1118,0,0.65997902,0.044825781,0.15134117,0.96707904,0.21479077,0.18845804
3zr0_8OG_B_1157,0.95974371,0.65972934,0.03832599,0.16557334,0.89262757,0.22199564,0.19601495
3zv6_4HB_A_1277,0,0.89869674,0.043589828,0.1316115,0.11419696,0.19347792,0.19184763
3zwe_FUC_A_110,0,0.65994439,0.044868366,0.1520512,0.99732843,0.21597664,0.1884123
3zwt_KFZ_A_1401,0.98430495,0.66074245,0.036905716,0.14503015,5.3647083e-07,0.18726112,0.19755537
3zwt_ORO_A_1398,0.20988912,0.66101252,0.042066,0.13213919,0.00013061549,0.17909752,0.19154837
3zyx_MBT_A_601,0.99571843,0,0.037526331,0.15439928,0.42547613,0.17040718,0.19117264
3zyx_MBT_B_601,0,0,0.044161515,0.13782792,0.42592617,0.1599042,0.1834466
3zzm_JLN_A_1526,0.96898039,0.65961043,0.038406738,0.16809967,0.99370554,0.22605563,0.19593373
3zzv_FUC_B_401,0,0.65994406,0.044868773,0.15205799,0.99761764,0.21598798,0.18841186
4a01_2PN_B_1773,0.99262336,0,0.036948284,0.14436459,0,0.15368401,0.19178874
4a3u_NCA_A_1359,0.99429191,0.66073894,0.036839203,0.14519698,2.3506685e-05,0.18736737,0.1976328
4a7a_RGZ_A_601,0.99485876,0.99223694,0.036786207,0.14560944,1.0724182e-08,0.20426958,0.20056402
4a7a_RGZ_B_601,0.98458192,0.99237717,0.03689188,0.14605912,0.026439241,0.20520578,0.20044572
4a7x_UDP_B_1241,0.94721058,0.65961548,0.03855493,0.16778947,0.99593217,0.22591328,0.19576151
4a8p_PAO_A_1340,0.98902869,0.66025473,0.03747218,0.15507851,0.42468413,0.20396205,0.19694968
4a8p_PAO_C_1340,0,0.6605993,0.044062748,0.13861878,0.42513072,0.19354222,0.18927772
4a8p_PAO_D_1340,0.88022415,0.66029264,0.038197218,0.15326775,0.42473326,0.20281575,0.19610568
4a8p_PAO_F_1340,0,0.6605993,0.044062748,0.13861878,0.42513072,0.19354222,0.18927772
4a9j_TYL_A_1188,0.99415303,0.99128895,0.036791453,0.14560326,0.00028638637,0.20422506,0.20054974
4a9j_TYL_B_1187,0.99918209,0.99386227,0.038105845,0.16817352,0.95811048,0.2419985,0.19916985
4a9j_TYL_C_1184,0.99701044,0.99584009,0.037613132,0.15968709,0.5980144,0.22794461,0.19971244
4adl_LMR_D_1468,0,0.66108591,0.043464353,0.12864148,0,0.17687844,0.18992055
4adm_SRT_C_1466,0,0.66108591,0.043464353,0.12864148,0,0.17687844,0.18992055
4ajj_88R_B_1333,0.99150414,0.65960808,0.038249887,0.16836181,0.98889625,0.22610467,0.19611571
4ajj_88R_C_1335,0.9930883,0.6596054,0.038241941,0.16843169,0.99074973,0.22619405,0.1961252
4ajj_88S_A_1332,0.97726652,0.65969308,0.038246311,0.16648334,0.91896708,0.22321306,0.19611103
4ajj_88S_B_1332,0.99295854,0.66069856,0.036898322,0.14601235,0.035706876,0.1887522,0.19756849
4ajj_88S_C_1334,0.99264221,0.66073954,0.036850163,0.14516896,0,0.18734905,0.19762004
4ajj_88S_D_1332,0.96835044,0.66073773,0.037024677,0.14497547,0.0089882123,0.18744517,0.19741802
4ajj_MLI_A_1333,0.99369265,0.66009144,0.037639847,0.15846991,0.56591784,0.20954576,0.19677235
4ajj_MLI_D_1333,0,0.65998791,0.044814845,0.15115882,0.95931022,0.21448621,0.18846979
4al9_GLA_A_1123,0.94428736,0.982636,0.038528476,0.16816614,0.99731625,0.24238531,0.19858583
4al9_GLA_B_1123,0.997371,0.97171405,0.038175148,0.16901605,0.9964365,0.24235484,0.19890262
4al9_GLA_C_1123,0.94486765,0.97494753,0.038522341,0.16810959,0.99489451,0.24190461,0.19852612
4al9_GLA_D_1123,0.91528956,0.96796943,0.038720412,0.16760779,0.9948591,0.24123526,0.19823509
4al9_GLA_E_1123,0.98905997,0.98367711,0.038229872,0.16891091,0.99723239,0.24290791,0.19894253
4al9_GLA_G_1123,0.96910569,0.96471079,0.038363404,0.16851819,0.99563934,0.24166818,0.1986227
4aql_TXC_A_1452,0,0,0.044882539,0.14985142,0.93783965,0.18000588,0.18267566
4aw0_MJF_A_600,0,0.66108591,0.043464353,0.12864148,1.715285e-10,0.17687844,0.18992055
4b1f_DGL_A_1257,0.0014380996,0.98003017,0.044774463,0.15184986,0.97114198,0.23126793,0.19128688
4b1f_DGL_B_1256,0.0023638514,0.97911739,0.044782799,0.15210378,0.98135004,0.2316318,0.19127064
4b1f_KRH_A_1256,0.9184049,0.66027934,0.037942794,0.15390317,0.42471602,0.203218,0.19640185
4b1f_KRH_B_1257,0,0.6605993,0.044062748,0.13861878,0.42513072,0.19354222,0.18927772
4b1y_LAB_B_1376,0.0017843648,0.66059868,0.044050858,0.13864848,0.42512992,0.19356102,0.18929157
4b5v_E8U_A_1253,0,0.6610721,0.043481335,0.12892462,0.012062637,0.17735133,0.1899023
4b5v_E8U_B_1254,0.88630508,0.66077414,0.037561792,0.14344984,0.0021895931,0.18631322,0.19679192
4b98_PXG_A_470,0,0.6605993,0.044062748,0.13861878,0.42513072,0.19354222,0.18927772
4b98_PXG_B_470,0,0.6605993,0.044062748,0.13861878,0.42513072,0.19354222,0.18927772
4b98_PXG_D_470,0.99305579,0.65960327,0.038244789,0.16847502,0.99261867,0.22626697,0.19612212
4bbx_LKF_A_1760,0.97978534,0,0.037632505,0.15413411,0.42548333,0.17023911,0.19104901
4bdr_CYS_B_804,0,0.64059435,0.043467364,0.12861678,0,0.17584407,0.18974138
4bdr_KAI_B_900,0.92350269,0.96895492,0.038602905,0.16670126,0.95036284,0.23962599,0.19837449
4bq5_GAL_C_1,0,0.6310171,0.044067164,0.13858343,0.42516635,0.19203841,0.18901704
4bu7_25F_A_2165,0.99542246,0.65960288,0.038228487,0.16850556,0.992241,0.22627713,0.19614105
4bu7_25F_C_2165,0.99673568,0.65960087,0.038221649,0.1685593,0.99359914,0.22634422,0.19614918
4buf_F36_A_2162,0.97707337,0,0.038449551,0.16741234,0.99289624,0.19248538,0.19017368
4buf_F36_B_2162,0.97541797,0,0.038452843,0.16725574,0.98739917,0.19225217,0.19016911
4buv_16I_A_2165,0.99517154,0,0.038252335,0.16643595,0.93846317,0.19054032,0.19039603
4bux_F35_A_2166,0.81415458,0,0.039437898,0.16307845,0.92382908,0.1880543,0.18901359
4bvh_OCZ_A_1393,2.4791712e-05,0.65994405,0.044868614,0.15205851,0.99762243,0.21598843,0.18841205
4bvh_OCZ_C_1394,0.98447356,0,0.03840802,0.16766526,0.9984219,0.19278039,0.19022278
4bz6_SHH_B_700,0.97872213,0.66025832,0.03754086,0.15490699,0.42468878,0.20385347,0.19686973
4bz6_SHH_C_700,0.93851565,0.66027233,0.037808783,0.15423786,0.42470693,0.20342988,0.19655785
4bz6_SHH_D_700,0.98935604,0.66025462,0.037469999,0.15508396,0.42468398,0.2039655,0.19695222
4c2p_X8Z_A_709,0.98923888,0.94641592,0.038210063,0.16846592,0.9800801,0.24033793,0.19864085
4c2z_646_A_1498,0.95322667,0.96358836,0.03729363,0.14864621,0.16038667,0.20866431,0.19974674
4c7g_NGO_A_1495,0,0.65996311,0.044845341,0.15166731,0.98097349,0.21533548,0.18843703
4can_M7K_A_800,0,0.6605993,0.044062748,0.13861878,0.42513072,0.19354222,0.18927772
4can_M7K_B_800,0,0.6605993,0.044062748,0.13861878,0.42513072,0.19354222,0.18927772
4cb5_93G_A_1484,0,0.66108577,0.043464519,0.12864425,0.00011797458,0.17688306,0.18992037
4cdt_M48_A_801,0.035791247,0.66058683,0.043824247,0.13921443,0.42511456,0.1939193,0.18955536
4cdt_M48_B_801,0,0.6605993,0.044062748,0.13861878,0.42513072,0.19354222,0.18927772
4cjs_L0Y_A_1217,0,0.98316231,0.04401451,0.13900505,0.42474232,0.20997122,0.19212568
4cjs_L0Y_B_1217,0.98314179,0.96678194,0.037465583,0.15534748,0.42431768,0.21950737,0.19960954
4cju_JNS_A_1217,0,0.65994769,0.044864314,0.15198365,0.99445078,0.21586383,0.18841665
4cju_JNS_B_1214,0,0.65994811,0.044863795,0.15197499,0.99408154,0.21584935,0.18841721
4cjv_IV2_A_1212,0.99438721,0.65959877,0.03824089,0.1685801,0.99615102,0.22641949,0.19612711
4cjv_IV2_B_1215,0.9945621,0.659621,0.038212301,0.16812576,0.97667082,0.22565766,0.19615792
4cjw_CBJ_A_1215,0.975414,0.94785945,0.036931876,0.14539044,0.0067639809,0.2020683,0.20001127
4cjw_CBJ_A_1216,4.6666931e-07,0,0.044161512,0.13782793,0.42592617,0.1599042,0.1834466
4cjw_CBJ_B_1217,0.99189749,0.9296023,0.036826338,0.14566914,0.0078914951,0.20135629,0.19997632
4cjw_CBJ_B_1218,0.5272027,0.66709005,0.040548638,0.14740066,0.42488463,0.19943642,0.19342619
4cld_JUO_B_1270,0,0.66108591,0.043464353,0.12864148,0,0.17687844,0.18992055
4cld_JUO_C_1270,0,0.66108576,0.043464538,0.12864456,0.0001313266,0.17688359,0.18992035
4cld_JUO_D_1270,0,0.66108398,0.043466732,0.12868115,0.0016900192,0.17694469,0.18991799
4cle_JR2_A_1270,0.99282038,0.66073887,0.03684973,0.14518451,0.00053617997,0.18737194,0.19762061
4cle_JR2_A_1271,0,0.66108584,0.043464443,0.12864298,6.3886891e-05,0.17688094,0.18992045
4cle_JR2_C_1270,0.99120331,0.62705863,0.036869606,0.14493163,0.0014347363,0,0.19730498
4cle_JR2_D_1270,0.99116582,0.66040039,0.036872554,1.0113227e-43,0.0008312329,0.18718912,0.19759067
4cle_JR2_D_1271,0,0.66108575,0.043464552,0.12864479,0.00014098235,0.17688397,0.18992033
4clo_XP0_B_1270,0,0.6605993,0.044062748,0.13861878,0.42513072,0.19354222,0.18927772
4clo_XP0_D_1270,0.9637722,0.6596184,0.038433875,0.16788679,0.98833029,0.22578996,0.19590147
4clr_FDB_B_1270,0.1399195,0.65990755,0.043921319,0.15413521,0.98686323,0.21704227,0.18951342
4clr_FDB_C_1270,0.15304424,0.65995633,0.043768237,0.15325948,0.94024436,0.21535312,0.18968572
4clr_FDB_D_1270,0.99889934,0.65960746,0.0381982,0.16844473,0.98718323,0.22611552,0.19617567
4cme_KTZ_A_1270,0.9896458,0.65960517,0.038266646,0.16840383,0.99200478,0.22620694,0.1960966
4cme_KTZ_C_1270,0.99550674,0.65960813,0.038221435,0.16839873,0.98763019,0.22609726,0.19614868
4cme_KTZ_D_1270,0.95432119,0.65965777,0.038452486,0.16698975,0.95681769,0.22445489,0.19587581
4cmk_FQW_A_1270,0.9571559,0.66074791,0.037091555,0.14466048,0.003509029,0.18711229,0.19733948
4cmk_FQW_C_1270,0.95793718,0.66075096,0.037082258,0.14460526,0.00060229797,0.18700658,0.19734993
4cmk_FQW_D_1270,0.99061305,0.66073502,0.036870119,0.14524247,0.004571419,0.18750685,0.19759738
4cno_9PY_D_301,0.99007119,0.97488296,0.038119764,0.16717154,0.92287123,0.2395522,0.19898468
4cpp_ADM_A_422,0.99500518,0.9350857,0.038119979,0.16765863,0.94218556,0.23833432,0.19864262
4crg_J4X_A_1493,0,0.66019337,0.04456214,0.14694536,0.77980335,0.20744902,0.18874126
4cw2_XDS_A_1303,0,0.66108591,0.043464353,0.12864148,0,0.17687844,0.18992055
4cx6_Q16_A_800,0,0.6605993,0.044062748,0.13861878,0.42513072,0.19354222,0.18927772
4cx6_Q16_B_800,1.7980389e-11,0.6605993,0.044062748,0.13861878,0.42513072,0.19354222,0.18927772
4cxr_2BG_A_502,0.99651084,0.65961427,0.038206764,0.16828239,0.98196121,0.22588561,0.19616504
4d06_NAR_A_301,0,0.65995725,0.044852553,0.15178756,0.98609638,0.21553631,0.18842929
4d06_NAR_D_302,1.0028765e-06,0.6605993,0.044062742,0.1386188,0.42513072,0.19354224,0.18927773
4d06_NAR_F_301,0.97458134,0.66025977,0.037568452,0.15483807,0.42469065,0.20380984,0.19683761
4d06_NAR_F_302,0.9941494,0.66073392,0.036846388,0.14529857,0.0044526342,0.1875395,0.19762499
4d06_X8W_B_301,0.99502186,0.66073742,0.036835896,0.14523509,0.0011293498,0.18741842,0.19763679
4d06_X8W_D_303,0.99223868,0.66073939,0.036853213,0.14516826,0.0002565592,0.18735485,0.19761652
4d0z_BBK_E_1584,0.92336522,0,0.037409932,0.14321415,0.00011604205,0.15295713,0.19125121
4d2c_ALA_A_508,0.99307788,0.97327179,0.038004045,0.16562006,0.85472701,0.23682758,0.19909635
4d3s_BOG_F_1000,0.96742037,0.65970496,0.038301529,0.16614618,0.91158733,0.2228199,0.19604582
4d3s_BOG_H_1000,0.95094108,0.66075409,0.037128026,0.14447464,2.0973815e-07,0.18690918,0.19729658
4d4u_FUC_A_950,0.98504497,0.6596064,0.038297764,0.16833491,0.99233232,0.22617125,0.19606042
4d5e_TPP_B_1590,0,0.6605993,0.044062748,0.13861878,0.42513072,0.19354222,0.18927772
4d96_5PA_A_501,0,0.6605993,0.044062748,0.13861878,0.42513072,0.19354222,0.18927772
4d96_5PA_C_402,0,0.6605993,0.044062748,0.13861878,0.42513072,0.19354222,0.18927772
4d96_5PA_D_501,0,0.6605993,0.044062748,0.13861878,0.42513072,0.19354222,0.18927772
4dab_HPA_A_301,0.26485807,0.99653745,0.042996646,0.15592022,0.95683889,0.23432975,0.19349792
4dch_4DC_A_502,0.96829989,0.65990099,0.038054189,0.16213452,0.74005399,0.21610456,0.19631205
4dch_GLC_A_501,0,0.98351441,0.044777265,0.15172572,0.96669289,0.23125569,0.19131317
4dd8_BAT_A_1000,0,0.6605993,0.044062748,0.13861878,0.42513072,0.19354222,0.18927772
4dd8_BAT_B_1000,0.93643228,0.66027306,0.037822665,0.15420318,0.42470788,0.20340793,0.19654169
4dd8_BAT_C_1000,0.59027314,0.66039366,0.040129358,0.1484423,0.42486418,0.199761,0.19385651
4dd8_BAT_D_1000,0,0.6605993,0.044062748,0.13861878,0.42513072,0.19354222,0.18927772
4do1_ANN_A_502,0.99576008,0.98213036,0.0367817,0.14561215,2.6620655e-08,0.20376409,0.2004818
4do1_ANN_B_502,0.99638973,0.98563776,0.036776984,0.1456269,1.6661633e-08,0.20394947,0.20051765
4do1_ANN_C_502,0.99806827,0.97909159,0.036766771,0.14564688,8.3470383e-08,0.20363362,0.20047289
4dt8_ADN_A_401,0,0.6605993,0.044062748,0.13861878,0.42513072,0.19354222,0.18927772
4dt8_ADN_B_401,0.9783334,0.65964026,0.038303709,0.16757665,0.96478848,0.22502065,0.19605001
4dta_ADN_A_401,0.99050774,0.66066968,0.036951227,0.14658137,0.061687314,0.18974485,0.19751019
4dta_ADN_B_401,0.98202126,0.66060329,0.037093078,0.14786238,0.12228223,0.19203083,0.19735273
4dtb_GMP_A_401,0,0.6605993,0.044062748,0.13861878,0.42513072,0.19354222,0.18927772
4dtb_GMP_B_401,0.99279644,0.65979203,0.03801447,0.16460167,0.82778591,0.21980231,0.19636938
4du7_DP6_B_401,0.98082006,0.65963407,0.038293696,0.16772736,0.9694456,0.22522945,0.19606226
4dvw_0M4_A_512,0.74357877,0.98815446,0.039058767,0.15138612,0.42440023,0.21806881,0.19793937
4dvw_0M4_B_512,0.62514079,0.99097395,0.039847582,0.14941837,0.42445036,0.21696309,0.19704527
4dwv_PFB_A_378,0.99004499,0.98319331,0.038160706,0.16788159,0.95270841,0.24114634,0.19901292
4dwv_PFB_B_378,0.99182577,0.98198648,0.038168731,0.16823848,0.96671165,0.2416532,0.198995
4e7v_CRS_A_101,0.99772182,0.66054383,0.037054858,0.14923084,0.16944603,0.19404541,0.19740319
4e7v_CRS_C_101,0.039583284,0.65997017,0.04455592,0.15189838,0.96273961,0.21503819,0.18877164
4e7v_CRS_I_101,0.9978539,0.66022095,0.037451048,0.15585358,0.4515021,0.20510423,0.19697766
4e7v_CRS_K_101,0.99652202,0.65961433,0.038206601,0.1682811,0.98189861,0.22588328,0.19616522
4e7v_CRS_M_101,0.99555703,0.98743952,0.038177277,0.16886428,0.99087744,0.22673155,0.19903155
4e7v_CRS_O_101,0.9942327,0.65960144,0.038238701,0.16852385,0.99386439,0.22632822,0.19612937
4e7v_CRS_Q_101,0.99832261,0.65974652,0.038031243,0.16558729,0.86585662,0.22135308,0.19635467
4e7v_CRS_U_101,0.99700699,0.65962076,0.038195255,0.16815388,0.97613473,0.22566243,0.1961777
4e9z_651_A_301,0.99823689,0.66050701,0.03709649,0.14999081,0.2014575,0.19530578,0.19735877
4ea0_651_B_305,0.88660388,0.66077654,0.03755672,0.14340344,9.1467988e-07,0.18623057,0.19679754
4eip_K2C_A_601,5.6946077e-06,0.66108591,0.043464315,0.12864157,0,0.1768785,0.18992059
4ejh_0QA_D_502,0,0.68886984,0.043466843,0.12878626,0.0047171411,0.17848919,0.19016038
4ejh_0QA_E_502,0.72563523,0.66036755,0,0.15069483,0.42460677,0.20118323,0.19490904
4ejh_0QA_F_502,0,0.6605993,0.044062748,0.13861878,0.42513072,0.19354222,0.18927772
4ek1_CAM_A_502,0.066424545,0.66100953,0.043087189,0.13083851,0.046482637,0.17940136,0.19036548
4ek1_CAM_B_502,0.072793645,0.66101092,0.043040307,0.13087046,0.043326237,0.1793448,0.19041965
4ekr_0R0_A_202,0.9971705,0.99177384,0.036967198,0.14892123,0.13947097,0.20974384,0.20036795
4ekr_0R0_A_203,0.0064548937,0.94166089,0.043379695,0.12909068,0,0.19125385,0.19244881
4ekr_0R0_B_203,0,0.99207739,0.04359247,0.13200019,0.12591395,0.19869619,0.19265421
4evi_C9M_A_402,0,0.65995333,0.044857375,0.15186795,0.98952122,0.21567057,0.18842411
4evq_PHB_A_406,0.99542033,0.99270094,0.038185245,0.16901266,0.99658743,0.2434096,0.1990725
4evq_PHB_B_402,0.98976449,0.99211104,0.038221058,0.16888507,0.99519428,0.24326514,0.19902551
4evs_PHB_A_408,0.9955027,0.65959842,0.038233409,0.16859786,0.99611657,0.22642991,0.19613581
4f06_PHB_A_401,0.98213379,0.65960432,0.038320967,0.1683499,0.99503577,0.22624652,0.19603375
4f8n_GAL_A_204,0.98184816,0.96241952,0.038008421,0.16421823,0.80353539,0.23414699,0.19899048
4f8n_PC_A_202,0.9663152,0.92965042,0.036985684,0.14505801,2.5810723e-07,0.20077888,0.19979014
4fa2_SB0_A_402,0.52720526,0.66041563,0.040549624,0.1473927,0.42489266,0.19909655,0.19336729
4fh7_TBP_A_202,0.02861531,0.020652629,0.043368708,0.12833966,4.0272779e-05,0.14455714,0.18449146
4fm6_TYR_C_259,0.52745801,0,0.040647193,0.14660493,0.42568777,0.16546709,0.18753869
4fxr_BMP_A_301,0.9869602,0.9526753,0.038110115,0.16653121,0.89895044,0.23744894,0.19880053
4fxr_BMP_B_301,0.99338946,0.65976952,0.038037951,0.16506894,0.84727252,0.2205725,0.19634451
4g1q_T27_A_601,0,0.66108591,0.043464354,0.12864148,2.6334242e-07,0.17687845,0.18992055
4g1x_TQU_A_409,0,0.94765954,0.043421821,0.12899059,3.7308404e-06,0.1914915,0.19245167
4g1x_TQU_A_410,0.9971105,0.99486641,0.037000625,0.14948239,0.1632594,0.21083436,0.20035897
4gcq_0JM_A_401,0,0.6600811,0.044700227,0.14924774,0.87789235,0.21129439,0.18859292
4gcq_0JM_B_401,0.00023758942,0.66108582,0.043462773,0.12864549,2.3658596e-06,0.17688104,0.18992239
4gh8_MTX_B_201,0.97815095,0.65962268,0.038326625,0.16793544,0.98020355,0.22562304,0.19602529
4ghf_4NC_A_402,0,0.66108255,0.043468487,0.1287104,0.002936082,0.17699354,0.18991611
4ghf_4NC_C_402,0,0.94652896,0.04342528,0.1290441,0.002341934,0.19152565,0.19243817
4ghf_4NC_D_402,0,0.66108591,0.043464353,0.12864148,0,0.17687844,0.18992055
4gim_PSU_A_400,0,0.6605993,0.044062748,0.13861878,0.42513072,0.19354222,0.18927772
4gim_PSU_B_400,0.97830455,0.66025847,0.037543642,0.15490004,0.42468897,0.20384907,0.19686649
4gim_PSU_C_400,0.94561269,0.66026986,0.03776149,0.15435597,0.42470373,0.20350465,0.1966129
4gps_CIT_A_501,0,0.66068398,0.043958706,0.13688404,0.35115921,0.19064491,0.18938949
4gt9_MEF_A_304,0,0.6610859,0.04346436,0.12864159,4.637946e-06,0.17687862,0.18992054
4gy9_ZIP_A_201,0.99409346,0.98823186,0.037745844,0.16149938,0.67768399,0.23065269,0.19950274
4h0x_LAR_B_403,0,0.98401795,0.044832347,1.6227145e-41,0.99747829,0.23231401,0.19125544
4h4c_10D_B_402,0,0.66103972,0.043521164,0.1295887,0.040354752,0.17846046,0.18985952
4h9x_HL4_A_404,0.58616657,0.9850088,0.040296779,0.15190746,0.55857501,0.22150599,0.19648855
4hey_4MZ_A_307,0.071537657,0.66106093,0.042987705,0.12983297,1.6473936e-05,0.17763368,0.19047541
4hey_4MZ_A_308,0.8286018,0.66079643,0.03794363,0.14244487,0.00030598116,0.18563071,0.19634719
4hez_1MZ_A_302,0,0.66108591,0.043464353,0.12864148,2.7716504e-08,0.17687844,0.18992055
4hez_1MZ_A_307,0.076795885,0.66105859,0.042953291,0.12993089,0.0004586778,0.17770648,0.19051552
4hgg_SYN_A_502,0.99810189,0.86131549,0.036784043,0.14550453,1.8623296e-05,0.19763312,0.19943358
4hmx_WUB_A_302,0.0001287914,0.66108447,0.043465216,0.12867232,0.0012224197,0.17692772,0.1899197
4hon_AKG_A_401,0.99662671,0.65959927,0.038224382,0.16859094,0.99502428,0.22639894,0.19614618
4hon_AKG_B_401,0.99329821,0.65960046,0.038246528,0.16853498,0.99500132,0.22636293,0.1961204
4hoz_GLC_A_703,0.99290205,0.65962213,0.038222682,0.16808677,0.97618737,0.22562119,0.19614578
4hrq_AZG_A_201,0.012747853,0.66103877,0.043431923,0.12972927,0.037300879,0.17847521,0.18996302
4hrq_AZG_B_201,0,0.66108591,0.043464353,0.12864148,0,0.17687844,0.18992055
4hxk_1AJ_A_201,1.5991157e-05,0.94145401,0.043422652,0.12898359,1.5934067e-05,0.19117593,0.192397
4hzf_CMP_A_301,0.48825785,0.66140405,0.041556269,0.85692209,0.99443786,0.22186315,0.19228386
4hzf_CMP_A_302,0.8709495,0.98035391,0.039018031,0.1669514,0.99770562,0.24150978,0.19799609
4hzf_CMP_B_301,0,0.6605993,0.044062748,0.13861878,0.42513072,0.19354222,0.18927772
4i02_CMP_A_301,0,0.6605993,0.044062748,0.13861878,0.42513072,0.19354222,0.18927772
4i02_CMP_A_302,0.87754944,0.66029357,0.038215042,0.15322324,0.42473446,0.20278757,0.19608493
4i02_CMP_B_301,0.96012242,0.6602648,0.037664802,0.15459744,0.42469718,0.20365751,0.19672545
4i02_CMP_B_302,0.52720526,0.66041563,0.040549624,0.1473927,0.42489266,0.19909655,0.19336729
4i02_CMP_C_301,0,0.6605993,0.044062748,0.13861878,0.42513072,0.19354222,0.18927772
4i0b_CMP_A_301,0.53440727,0.66041312,0.040501631,0.14751256,0.42488941,0.19917243,0.19342315
4i0b_CMP_A_302,0.97462773,0.65960606,0.038372059,0.16824289,0.99580115,0.22619735,0.19597437
4i0b_CMP_B_301,0.89837496,0.99509246,0.038829864,0.16737197,0.99540471,0.24246016,0.19834243
4i0g_1B9_A_504,0.80440916,0.98539928,0.038130659,0.14367113,0.052870756,0.20398469,0.19894643
4i4v_NGA_A_201,0,0.65995982,0.04484939,0.15173481,0.9838492,0.21544821,0.18843268
4i4v_NGA_A_202,0.96863382,0.93122381,0.038133806,0.16450565,0.8267704,0.23332962,0.19857764
4i4v_NGA_B_202,0,0.66014966,0.044615894,0.14784162,0.81798704,0.20894593,0.18868351
4i4v_NGA_D_201,0.98665319,0.65969332,0.038179441,0.16656751,0.91589457,0.22319163,0.19618849
4i6s_FUC_A_102,0,0.65994423,0.044868566,0.15205454,0.99747072,0.21598222,0.18841208
4i6s_FUC_B_101,0.52744812,0.65975972,0.041354638,0.1608461,0.99787803,0.22156182,0.19250265
4i6s_FUC_C_101,0.74154165,0.65969156,0.039920032,0.16427646,0.99215671,0.22359583,0.19417193
4i6w_1CO_A_501,0.00035806334,0.66108578,0.043461967,0.12864744,0,0.17688222,0.18992332
4i6w_1CO_B_1001,0.98595935,0.66072938,0.036910062,0.14531397,0.010918322,0.18770658,0.19755169
4i6y_MEV_A_501,0,0.66108477,0.043465755,0.12866485,0.00099556579,0.17691747,0.18991904
4i6y_MEV_B_1001,0.99439308,0.65974377,0.038062504,0.16560653,0.86946354,0.22145303,0.19631874
4i9n_1E5_A_402,0.88465507,0.6602911,0.038167692,0.15334149,0.42473126,0.20286243,0.19614005
4i9n_1E5_D_402,0.8644883,0.66029812,0.038302077,0.15300587,0.42474036,0.20264997,0.19598361
4i9n_1E5_G_402,0.86354281,0.66029845,0.038308377,0.15299014,0.42474079,0.20264001,0.19597628
4i9n_1E5_H_402,0.89727759,0.6602867,0.03808358,0.15355156,0.42472556,0.20299542,0.19623796
4i9n_1E6_B_401,0.52720526,0.66041563,0.040549624,0.1473927,0.42489266,0.19909655,0.19336729
4i9n_1E6_C_401,0.97730695,0.97467738,0.038124112,0.16561247,0.8655176,0.23715612,0.19897015
4i9n_1E6_F_401,0.52720526,0.66041563,0.040549624,0.1473927,0.42489266,0.19909655,0.19336729
4i9n_1E6_G_401,0.52720526,0.66041563,0.040549624,0.1473927,0.42489266,0.19909655,0.19336729
4i9n_1E6_H_401,0.52720526,0.66041563,0.040549624,0.1473927,0.42489266,0.19909655,0.19336729
4ict_1ED_A_406,0.98235538,0.66072955,0.036935416,0.14527629,0.011869561,0.18770586,0.1975223
4ioq_BAQ_A_201,0.99515791,0.66073864,0.036833431,0.14521136,2.1962924e-05,0.18737644,0.19763952
4iph_1FJ_A_201,0.98293708,0,0.037474896,0.15190859,0.32825542,0.1664639,0.19121953
4iph_1FJ_A_202,0.0023835989,0,0.044145631,0.13786759,0.4259251,0.15992934,0.18346509
4itu_1HS_A_302,7.9335427e-06,0.66108591,0.0434643,0.12864161,0,0.17687852,0.18992061
4itu_1HS_B_302,7.3478855e-06,0.66053476,0.04414219,0.13994429,0.48153044,0.19575592,0.18919239
4itu_1HS_C_302,7.119074e-06,0.66074946,0.043878117,0.13554125,0.29394724,0.18840211,0.18947607
4itu_1HS_D_302,5.1528215e-06,0.66001498,0.044781515,0.15060375,0.935659,0.21355907,0.1885056
4ixw_IXW_A_302,0.96004684,0.6598523,0.038172614,0.16305476,0.78511343,0.21778397,0.19617989
4ixw_IXW_B_302,0.00090207446,0.66108118,0.043463775,0.12874708,0.0038590219,0.17703924,0.18992171
4j0k_EGR_B_501,0.9409488,0.77542336,0.037178332,0.14446043,0.00053170677,0.19267281,0.19823125
4j4b_0TF_A_904,0.97641548,0,0.038251801,0.16403069,0.8492999,0.18684309,0.1903847
4j4b_0TF_B_301,0.97586855,0,0.038383538,0.1661576,0.94029711,0.19040844,0.1902435
4j7u_YTZ_C_802,0.95342618,0.6607519,0.037113101,0.14454325,0.0011604346,0.18698088,0.1973141
4jb0_ENO_A_402,0.93883266,0,0.03870666,0.166814,0.99453131,0.19214569,0.18987452
4jh6_FCN_A_202,0.99536604,0.92701857,0.037703978,0.1607379,0.64751537,0.2263629,0.19901773
4jhh_H35_A_201,0.96983172,0,0.037101428,0.14400641,0.00090745135,0.15347892,0.19161054
4jm8_26D_A_302,0.99824273,0.66041222,0.037213027,0.15193462,0.28426601,0.19855218,0.19723359
4jmz_1M2_A_302,0.99655803,0.66072424,0.036841204,0.14551983,0.01217083,0.18786748,0.197632
4jp3_CIT_A_301,0,0.6610164,0.043549851,0.13006702,0.060732711,0.17925934,0.1898287
4jwx_1N4_A_301,0.99003527,0.65961066,0.038257122,0.16829478,0.98708271,0.22601808,0.19610706
4jxh_HRC_A_301,0.98481105,0.66074092,0.036904003,0.14506624,0.0011788271,0.18731265,0.19755751
4jzx_476_A_402,0.98889299,0.65965972,0.038204886,0.1672779,0.94457069,0.22433944,0.19616249
4jzx_476_B_402,0,0.6605993,0.044062748,0.13861878,0.42513072,0.19354222,0.18927772
4jzx_IPE_B_401,0.98659831,0.66074165,0.036890434,0.14506833,2.6341609e-09,0.18728529,0.19757316
4k5g_Q13_A_803,0.021061927,0.66059196,0.043922399,0.1389693,0.42512121,0.19376412,0.1894411
4k5g_Q13_B_803,0.22522573,0.66052083,0.042561917,0.14236706,0.42502902,0.19591507,0.19102481
4k5u_GAL_A_301,0.99269207,0.989861,0.03806629,0.16666996,0.89886766,0.23940112,0.19917334
4kcf_FMN_A_502,0,0.6605993,0.044062748,0.13861878,0.42513072,0.19354222,0.18927772
4kfj_1R0_A_202,0,0.6605993,0.044062748,0.13861878,0.42513072,0.19354222,0.18927772
4kp7_1UQ_A_503,0,0.66000518,0.044793605,0.15080468,0.94422287,0.21389475,0.18849261
4kp7_1UQ_B_502,0.99343385,0.65964639,0.038189076,0.16759438,0.95483281,0.22478964,0.1961822
4kqx_HIO_A_402,0.81156222,0.65994096,0.039116671,0.15982672,0.75291498,0.21495545,0.19507686
4kqx_HIO_B_401,0.80305821,0.92153853,0.038701907,0.15278873,0.44556243,0.21612718,0.19778124
4kux_FPS_B_405,0,0.62640076,0.044043522,0.13791284,0.39829093,0,0.18900035
4kwk_CSS_A_302,0,0.66108591,0.043464353,0.12864148,0,0.17687844,0.18992055
4kwl_3SS_A_302,0.98946674,0.99136081,0.038066205,0.16670153,0.90050951,0.23971084,0.62750063
4l1x_STR_A_402,0.98821587,0.66074109,0.036879657,0.14509528,7.4621985e-07,0.18730238,0.1975857
4l1x_STR_B_402,0,0.66107871,0.043473204,0.12878905,0.006287124,0.17712491,0.18991104
4l4d_CAM_A_503,0,0.66103172,0.043531008,0.12975284,0.047347539,0.1787346,0.18984894
4l7p_M95_A_601,0.97495861,0.6607452,0.036968626,0.1448851,0.00045034415,0.18718017,0.19748219
4l80_OXL_A_402,0.99550802,0.65965209,0.038167355,0.16749719,0.94922082,0.22459151,0.19620677
4l80_OXL_B_402,0.98072824,0.6607437,0.036929548,0.14497059,0,0.18722337,0.19752763
4l80_OXL_C_402,0.99606764,0.66041368,0.037226658,0.15188402,0.28365325,0.19850522,0.19721764
4l80_OXL_D_402,0.99482162,0.66073878,0.036835641,0.14520524,0,0.18737203,0.19763694
4l80_OXL_E_402,0.99179727,0.66073984,0.036855793,0.14515489,0,0.18734013,0.19761348
4l80_OXL_F_402,0.99232612,0.65984034,0.037958386,0.16360648,0.78572142,0.2181483,0.19642935
4lcq_URQ_A_603,0,0.92246362,0.044792349,0.15175193,0.97097524,0.22831275,0.19076786
4lek_1DN_X_202,0,0.6605993,0.044062748,0.13861878,0.42513072,0.19354222,0.18927772
4lo1_GAL_A_301,0.97194241,0.96615984,0.038308661,0.16797311,0.97033081,0.24077876,0.19869559
4lo1_GAL_B_301,0,0.95478858,0.044464069,0.14639697,0.74117009,0.22094139,0.19139906
4lol_1YE_A_401,0.99795073,0.65971459,0.038073156,0.16623863,0.89386936,0.22244734,0.19630943
4lol_1YE_A_402,0.99567078,0.66073848,0.036829982,0.14521938,3.5719712e-09,0.18738099,0.19764353
4luu_BTM_A_704,0.00048386375,0,0.043559162,0.12784518,0,0.14320606,0.18409096
4lvb_20N_A_601,0.99175998,0.99096027,0.036807044,0.1455563,3.6617963e-07,0.20417181,0.2005287
4lxi_22J_A_301,0.90201603,0.65990465,0.038519793,0.16143006,0.75705965,0.21607206,0.1957722
4lz7_1YW_B_804,0.19717189,0.66101711,0.042150554,0.13192439,3.3472084e-09,0.17895825,0.19144992
4lz7_1YW_C_804,0,0.6605993,0.044062748,0.13861878,0.42513072,0.19354222,0.18927772
4lz7_GLU_A_802,0,0.66108591,0.043464353,0.12864148,0,0.17687844,0.18992055
4m2c_DAR_C_402,0.97985841,0,0.03703334,0.14415205,0,0.1535492,0.1916897
4m2c_DAR_D_402,0,0,0.044161515,0.13782792,0.42592617,0.1599042,0.1834466
4m54_AE5_A_403,5.927046e-05,0.66059928,0.044062353,0.13861977,0.4251307,0.19354285,0.18927818
4m72_M72_A_402,0,0.6607391,0.043890913,0.1357537,0.30300305,0.18875705,0.18946232
4m72_M72_B_402,0,0.6608082,0.043805928,0.13433671,0.24263483,0.18639044,0.18955361
4ma8_Z80_C_301,0,0.73788609,0.043452934,0.12873521,8.2069673e-07,0.18080185,0.19060012
4mgj_CPZ_A_502,8.6485453e-05,0.98116181,0.043416305,0.12903329,2.4505765e-05,0.19320042,0.19274801
4mig_G3F_A_802,0.95445049,0.66026678,0.037702598,0.15450305,0.42469974,0.20359776,0.19668145
4mig_G3F_B_802,0.98360732,0.66019683,0.037581758,0.15621298,0.47691941,0.20595038,0.19682872
4mig_G3F_C_802,0.95042455,0.66026818,0.037729425,0.15443605,0.42470156,0.20355534,0.19665022
4mju_27S_A_501,0.67541437,0.66036399,0.039562005,0.14985924,0.42482574,0.20065799,0.19451695
4mog_G3F_A_802,0.94564143,0.92957132,0.037124648,0.14473368,0.0008515307,0.20058993,0.19962775
4mol_2FG_A_802,0,0.97251366,0.044016102,0.1389923,0.42475514,0.20942894,0.19203168
4mol_2FG_B_802,0.0084512268,0.96715893,0.043960587,0.13912654,0.42475777,0.2092454,0.19204998
4mol_2FG_D_802,0.0070901202,0.95670906,0.043971219,0.13909137,0.42477097,0.20869889,0.19194717
4mop_2H5_A_802,0.011034262,0.66059546,0.04398922,0.13880242,0.42512574,0.19365848,0.18936332
4mop_2H5_C_703,0.95564687,0.91563809,0.037897521,0.15884868,0.59579586,0.22333381,0.19868695
4mpr_TPP_A_602,0,0.66100991,0.043557827,0.13020001,0.066398459,0.17948145,0.18982013
4mr7_2BV_A_501,0,0.66105936,0.043497004,0.12918588,0.02319336,0.17778769,0.18988547
4mr8_2BW_A_507,0,0.66108543,0.043464944,0.12865133,0.00041973873,0.17689489,0.18991991
4mux_2E4_A_402,0,0.66028636,0.044447767,0.14503837,0.69855967,0.20426403,0.18886412
4n36_2F8_B_401,0,0.66022184,0.044527121,0.14636148,0.75492842,0.20647385,0.18877888
4n36_2F8_C_401,0,0.66108591,0.043464353,0.12864148,0,0.17687844,0.18992055
4n36_2F8_D_401,0.95954446,0.65985393,0,0.16344037,0.80176874,0.21843324,0.19615307
4n4j_HG1_A_605,0.96596352,0.94848261,0.037465106,0.15307722,0.34090253,0.21511331,0.19944053
4n4j_HG1_A_606,0.5819457,0.66039656,0.04018485,0.14830371,0.42486794,0.19967326,0.19379191
4n4j_HG1_A_607,3.3184418e-08,0.66108587,0.043464399,0.12864225,3.2952515e-05,0.17687973,0.1899205
4n94_2HO_A_401,0.0019292408,0.99624085,0.043408812,0.12919944,0.005013606,0.19418407,0.1928879
4n9v_AZA_A_401,0.017437472,0.66107982,0.043348164,0.12893181,9.354593e-09,0.17706237,0.1900558
4n9v_AZA_A_402,0,0.66108591,0.043464354,0.12864149,5.1500805e-07,0.17687846,0.18992055
4ndn_PPK_A_406,0.90226474,0.66076324,0.03746201,0.14382494,0.0068493319,0.18666424,0.19690866
4ndn_PPK_C_404,0,0.66108532,0.043465081,0.12865362,0.00051717749,0.17689871,0.18991976
4nf4_2JK_A_301,0,0,0.044964005,0.15120993,0.99571387,0.18227712,0.18258855
4ni1_2JX_A_203,2.3874317e-06,0.6610859,0.043464351,0.12864175,9.7643079e-06,0.17687885,0.18992055
4ni1_2JX_A_204,0,0.66105173,0.043506397,0.12934249,0.029865494,0.17804925,0.18987538
4nir_6DH_A_307,0.99514521,0,0.03693148,0.14440658,1.4013414e-09,0.15371065,0.19180831
4nir_6DH_A_308,0,0.6605993,0.044062748,0.13861878,0.42513072,0.19354222,0.18927772
4nkw_PLO_A_601,0.98700299,0.99535151,0.037435581,0.15544595,0.42428154,0.22100299,0.1998917
4nkw_PLO_B_601,0.99066857,0.9938415,0.03741138,0.15550514,0.4242817,0.22096476,0.19990681
4nkw_PLO_C_601,7.6450406e-07,0.99336545,0.04401298,0.13901727,0.42473003,0.21049081,0.19221576
4nkw_PLO_D_601,0.98034375,0.99394282,0.037480167,0.15533343,0.42428624,0.22086101,0.19982759
4np7_DPJ_A_403,0,0.66003551,0.044756298,0.15018264,0.91772187,0.21285583,0.18853269
4npm_SIN_A_301,0.99523311,0.40064671,0.038229025,0.16753374,0.96441396,0.21197537,0.19389373
4npm_SIN_B_301,0.99470736,0.68122719,0.038171443,0.16754187,0.95058507,0.2257248,0.196387
4nr9_ALY_A_2005,0.87533355,0.98503991,0.037588973,0.14369846,0.0037448917,0.2027875,0.19956749
4nv0_MG7_A_403,0.97470418,0,0.038468553,0.16742652,0.99518081,0.19255002,0.19015186
4o7g_ASC_A_303,0.10506859,0.66103242,0.042784956,0.13073597,0.014702431,0.1785631,0.19071328
4o7g_ASC_B_303,0.98358203,0.66072851,0.036927988,0.14530914,0.012399145,0.18773956,0.19753101
4o7g_ASC_B_304,0.12732296,0,0.042726861,2.6980964e-56,0.0017570331,0.14446035,0.18505851
4o95_245_A_602,0.93665459,0.98405158,0.037175251,0.14463038,8.0319187e-07,0.20323781,0.20004017
4ocj_NDG_A_401,0,0,0.044952827,0.15102352,0.98777253,0.18196547,0.1826005
4ofu_DHT_A_1001,0.99281794,0.99453362,0.038193112,0.16881812,0.99005079,0.24321898,0.19907832
4ovl_1TD_B_308,0.9966803,0.95866923,0.036779048,0.14559891,0,0.20257829,0.20028186
4ox5_DAL_A_307,0,0,0.043777641,0.13142664,0.15291809,0.14920213,0.18385705
4oxy_1TN_A_302,0.98129797,0.97494096,0.036879208,0.14536388,5.4457692e-05,0.20324714,0.20030606
4oxy_1TN_B_302,0.98677158,0.98767604,0.038228275,0.16860666,0.98568679,0.24263442,0.19897745
4oxy_1TN_D_302,0,0.99031155,0.044807153,0.15224919,0.98864134,0.23246341,0.19134013
4p7q_NAG_A_703,0.084504057,0,0.043001758,0.1292849,0.0017362879,0.14416154,0.18474024
4p7q_NAG_A_704,0,0,0.043562409,0.12783751,1.6376658e-05,0.14320159,0.18408718
4p8c_Y22_A_502,0.99552788,0.97189381,0.036784766,0.14559582,2.6849032e-09,0.20324001,0.20038965
4pb4_PLP_A_401,0,0.94958664,0.04342153,0.12899285,0,0.19158955,0.19246868
4pb4_PLP_B_401,0,0.81198516,0.044040105,0.1388001,0.42494844,0.20125411,0.19061457
4pbr_2L7_A_401,0.99532386,0.98982832,0.038142794,0.16828183,0.96567063,0.24204889,0.19909293
4pik_MAN_A_501,0,0.65994758,0.044864453,0.15198597,0.99454936,0.21586769,0.1884165
4pik_MAN_A_502,0.9902741,0.97879827,0.036836912,0.14581963,0.012903344,0.20404274,0.20039041
4pik_MAN_B_503,0,0.65995424,0.044856261,0.15184938,0.98873006,0.21563956,0.1884253
4pik_MAN_C_503,0.76768728,0.65967984,0.039749012,0.16476504,0.99442552,0.22396057,0.1943713
4pik_MAN_D_503,0,0.66107439,0.043478525,0.12887776,0.010066564,0.17727308,0.18990532
4ptx_BGC_A_501,0.99132429,0.65960239,0.038258159,0.16847674,0.99392041,0.22629974,0.19610672
4ptx_BGC_B_501,0.9378411,0.65962389,0.038611037,0.16752802,0.99143986,0.22563834,0.19569563
4pxd_1AL_A_502,0,0.97824081,0.044820918,0.15243418,0.9971479,0.23218214,0.19122078
4q3a_2YC_A_904,0.86737563,0.65973608,0.038972817,0.16455826,0.91490274,0.22189458,0.1952648
4q3a_2YC_B_904,0,0.65996432,0.044843859,0.15164259,0.97992052,0.2152942,0.18843862
4q3a_2YC_C_904,0.92837893,0.65967957,0.03860966,0.16629628,0.94567573,0.22374444,0.19569144
4q3a_2YC_D_904,0.95388296,0.65964421,0.038472263,0.16726352,0.9687919,0.22491969,0.19585431
4q40_VAL_A_403,0,0,0.044161515,0.13782792,0.42592617,0.1599042,0.1834466
4q40_VAL_B_403,0,0.00019816725,0.044161485,0.13782816,0.42592594,0.15991429,0.18344834
4q40_VAL_C_404,0,0,0.044161515,0.13782792,0.42592617,0.1599042,0.1834466
4q40_VAL_D_403,0.99675676,0.99115117,0.037285011,0.15416577,0.36322147,0.21848869,0.20002247
4qbz_D80_A_917,6.5425734e-05,0.66059928,0.044062312,0.13861987,0.42513069,0.19354291,0.18927823
4qbz_D80_B_901,0.99623849,0.65960278,0.038222818,0.16851528,0.99207644,0.22627929,0.19614763
4qe1_RUU_A_403,0,0.66032858,0.044395837,0.14417252,0.66167179,0.20281791,0.18891991
4qpe_37E_A_901,0.99374267,0.66002874,0,0.16017739,0.63849856,0.21239329,0.19666522
4qxc_OGA_A_600,0.99713744,0.98663997,0.036771958,0.1456423,7.3929275e-05,0.20401134,0.20053218
4qya_LU2_A_201,0.98717476,0.66074145,0.036886593,0.14507792,2.03726e-11,0.18729137,0.19757763
4qya_LU2_B_201,0,0.66108591,0.043464355,0.1286415,9.3388017e-07,0.17687848,0.18992054
4r08_URI_A_901,0,0.6605993,0.044062748,0.13861878,0.42513072,0.19354222,0.18927772
4r08_URI_B_901,0.98503086,0.66024307,0.037514786,0.15527818,0.436084,0.20436453,0.19690152
4r2n_PHE_D_402,0.74142151,0.96054985,0.038522226,0.14185934,0.022532918,0.2007693,1.5079407e-08
4r2n_PLP_A_401,0,0.6605993,0.044062748,0.13861878,0.42513072,0.19354222,0.18927772
4r2n_PLP_B_401,0.9848017,0.66025621,0.037500347,0.15500816,0.42468603,0.20391752,0.19691689
4r3n_3GQ_B_404,0.86026705,0.66068586,0.03785504,0.14501296,0.087253294,0.18937331,0.19646131
4rg3_ECE_A_603,0.39722291,0.98836796,0.042139581,0.15850946,0.97367801,0.2359722,0.19442746
4rii_TYD_A_401,0,0.6605993,0.044062748,0.13861878,0.42513072,0.19354222,0.18927772
4rii_TYD_B_401,0.94001228,0.66027181,0.037798809,0.15426276,0.42470626,0.20344564,0.19656946
4rje_PYR_B_402,0.99591366,0.92116628,0.038143446,0.16811466,0.96169063,0.23840008,0.19849745
4rje_PYR_D_402,0,0.66006413,0.044721095,0.14959569,0.89271597,0.21187552,0.1885705
4rkz_3S4_A_402,0.98471835,0.65996557,0.037858316,0.16096609,0.67862861,0.21386969,0.19653229
4rm3_FOA_A_1000,0.97910876,0.66069785,0.036997424,0.14589543,0.040549919,0.18879597,0.19745374
4rm3_FOA_B_1000,0.98819616,0.66071401,0.036913099,0.14565034,0.023662431,0.18822978,0.19754977
4rp9_ASC_A_501,0,0.66078504,0.043475116,0.0047800268,0.00059072088,0.17674701,0.18990508
4rql_SNE_A_505,0.99305665,0.66073175,0.036856803,0.14533262,0.0066785632,0.18761524,0.19761315
4rql_SNE_B_502,0.98532899,0.66027819,0.037469478,0.15456083,0.40531124,0.20316129,0.19695036
4rvg_TYD_A_502,0.9743768,0.65966117,0.03830606,0.16711039,0.94773118,0.22431022,0.19604512
4s38_CDI_A_900,0,0.66108008,0.043471519,0.12876096,0.0050901669,0.17707799,0.18991285
4tq4_DMA_A_403,0.95627539,0.66026614,0.037690437,0.15453342,0.42469892,0.20361698,0.19669561
4tq4_DMA_C_403,0.95790485,0.66074471,0.037090173,0.1447331,0.0060718716,0.18722066,0.19734141
4tq4_DMA_D_403,0.9842704,0.6607238,0.036928896,0.14541222,0.016302459,0.18789984,0.19753045
4tqi_6BD_A_201,0.92487826,0.66076319,0.03730169,0.14404071,1.1004356e-06,0.1866343,0.19709442
4tqi_6BD_B_201,0.95377808,0.6607531,0.037109123,0.14452187,2.1020935e-08,0.1869391,0.19731859
4trj_665_A_501,0.87354375,0.66077968,0.03764549,0.14321512,0.0012420697,0.18614146,0.19669436
4tsk_TLA_A_404,0,0,0.043564554,0.12787328,0.0015403094,0.1432614,0.18408489
4tyv_BGC_B_701,0.0043567237,0.66107526,0.043446553,0.12890125,0.0079766368,0.1772371,0.18994228
4u2a_A2G_A_303,0.99307719,0.6596071,0.03823993,0.16839674,0.98926857,0.22613586,0.19612735
4u7g_K17_A_303,0,0.6610859,0.043464366,0.12864169,8.8602677e-06,0.17687879,0.18992053
4u7g_K17_B_303,0,0.66108591,0.043464358,0.12864155,3.2205703e-06,0.17687857,0.18992054
4u8p_UDP_A_603,0.89250141,0,0.03821414,0.15268148,0.42552278,0.16931843,0.19037175
4u8p_UDP_C_603,0.97078699,0,0.037093813,0.14400147,1.9734331e-05,0.15345417,0.19161929
4u8y_MIY_B_1102,0,0.9426336,0.043422561,0.12898439,0,0.19123524,0.19240731
4ubp_HAE_C_800,0,0.65996611,0.044841663,0.15160597,0.97836021,0.21523303,0.18844098
4uc9_ASP_C_1300,0.70422773,0.66084015,0.038771961,0.14036737,2.171486e-05,0.18430764,0.1953829
4uc9_ASP_D_1300,0,0.66108591,0.043464353,0.12864148,3.2324417e-09,0.17687844,0.18992055
4uch_OLW_A_800,0,0.6605993,0.044062748,0.13861878,0.42513072,0.19354222,0.18927772
4uch_OLW_B_800,0,0.66062178,0,0.13861871,0.42492108,0.1935382,0.18928049
4ud9_FQI_H_1257,0.99553818,0.99824518,0.038184003,0.16902746,0.99684691,0.24370355,0.19912196
4udc_DEX_A_1778,0.99319767,0.65960036,0.038247365,0.1685361,0.99512038,0.22636654,0.19611944
4ug6_H4B_A_902,0.4849042,0.66043037,0.040831503,0.14668871,0.42491176,0.19865089,0.19303916
4ug6_XFJ_A_904,0.038658154,0.66058583,0.043805143,0.13926214,0.42511327,0.1939495,0.1895776
4ug7_1EV_A_904,0.96100584,0.6602645,0.037658915,0.15461215,0.42469678,0.20366682,0.1967323
4ugg_S5D_A_904,0.10672969,0.66056212,0.043351536,0.14039501,0.42508253,0.19466667,0.19010563
4uoc_NCN_A_400,0.88952884,0.65965433,0.038916242,0.16644502,0.97957049,0.22466342,0.19533884
4uoc_NCN_B_400,0,0.6599895,0.044812888,0.1511262,0.95792048,0.21443173,0.1884719
4upd_7P9_A_1550,0,0,0.044161515,0.13782792,0.42592617,0.1599042,0.1834466
4upd_7P9_B_1550,7.8624181e-05,0,0.044160991,0.13782923,0.42592614,0.15990503,0.18344721
4uqs_INE_A_904,0.99602178,0.98460568,0.036779697,0.14562132,7.6627665e-05,0.203896,0.20050557
4ur9_BK9_A_1717,0.99030694,0.99511855,0.036918187,0.14723936,0.072516129,0.20721419,0.20044499
4ur9_BK9_B_1717,0.0012290962,0.99591362,0.043408718,0.1291072,0.0015978673,0.19402595,0.19288472
4ur9_OAN_A_1718,0,0.66062178,0,0.13861871,0.42492108,0.1935382,0.18928049
4uy7_HIS_A_800,0,0,0.043562386,0.12783713,0,0.14320095,0.18408721
4uy7_HIS_B_800,0,0,0.044237519,0.13909536,0.47961638,0.1620232,0.18336533
4uzi_IMD_B_1455,0.86494796,0.64089495,0.037703964,0.14301899,8.9129817e-06,0.18499442,0.19645495
4uzi_IMD_B_1456,0.8941696,0.99299115,0.038776329,0.1659342,0.93724548,0.24002625,0.19837879
4v2z_Y70_B_151,0.99349922,0.99131937,0.037392895,0.15554923,0.42428346,0.22086618,0.19990651
4v2z_Y70_C_151,0.98637397,0.98745801,0.037440953,0.15542603,0.42429133,0.22059439,0.19981714
4v36_LYN_A_1851,0,1.1230582e-09,0.043562386,0.12783713,2.1146423e-09,0.14320095,0.18408721
4v3w_E2Z_B_800,0.19068595,0.66053287,0.042792079,0.14179224,0.42504462,0.19555118,0.19075689
4w1v_3GS_B_502,0,0.66093586,0.043648905,0.1317186,0.13109496,0.18201775,0.18972229
4wbd_CIT_A_602,0.89966864,0.65996866,0.038457719,0.16009521,0.7018558,0.21388315,0.19583747
4wca_CIT_A_401,0,0.85602974,0.043539378,0.13061274,0.073860612,0.18972074,0.19153174
4wdd_CIT_A_401,0.98767434,0.92971153,0.03706205,0.14906061,0.15536286,0.20710468,0.19972256
4wdx_WDX_A_402,0,0,0.044161515,0.13782792,0.42592617,0.1599042,0.1834466
4wdx_WDX_B_402,0,0,0.044161515,0.13782792,0.42592617,0.1599042,0.1834466
4wmz_TPF_A_602,0,0.6605993,0.044062748,0.13861878,0.42513072,0.19354222,0.18927772
4wqq_MAN_B_204,0.017094036,0.6610276,0.043414836,0.1299996,0.045734904,0.17885169,0.18998397
4wqq_MAN_D_204,0.81890647,0.66071648,0.038110726,0.14399237,0.073111727,0.18838264,0.19616188
4ws1_URF_A_301,0.035058805,0,0.043328781,0.12842088,3.8771334e-07,0.14357122,0.18435922
4ws2_6UA_A_303,0.11268026,0.9576682,0.042826618,0.13349864,0.11160692,0.19757133,0.19324629
4wua_3UL_A_701,0.98708508,0.66074148,0.036887191,0.14507643,0,0.18729043,0.19757693
4wxb_CIT_A_501,0.79853253,0.65992992,0.039222657,0.15992934,0.76652937,0.21535173,0.1949552
4wxb_CIT_B_501,0.90996692,0.66076839,0.037401046,0.14379241,0,0.18647697,0.19697876
4wxb_CIT_C_501,0.31199923,0.66097704,0.041385435,0.13383626,0,0.18016948,0.19234059
4wxb_CIT_D_501,0,0.66106451,0.043490678,0.1290804,0.018699635,0.17761152,0.18989227
4x2f_3WJ_A_601,0.99857514,0.65960205,0.038207146,0.16855248,0.99200375,0.22630108,0.19616586
4x36_CHT_A_408,0.99463491,0.97509629,0.036876103,0.14701665,0.060996447,0.20578753,0.20031918
4x36_CHT_A_409,0.99646917,0.97188093,0.038170173,0.16881849,0.98865111,0.24204829,0.19890881
4x36_CHT_A_410,0.95947472,0.94872947,0.037046692,0.1452718,0.012970805,0.20218788,0.19988594
4x36_CHT_A_411,0.87202325,0.92654684,0.037677613,0.14453778,0.04488214,0.20138628,0.1989636
4xf0_CYS_A_502,0.99501274,0.65962935,0.038198831,0.16795875,0.96923581,0.22537094,0.19617266
4xh4_PPI_A_504,0.99779281,0.65975099,0.038029506,0.16549065,0.86211515,0.22120082,0.19635622
4xp2_TT4_A_401,0,0.66108318,0.043467707,0.1286974,0.0023823017,0.17697183,0.18991694
4xpq_FUL_A_1002,0.99573926,0.66073845,0.03682954,0.14522075,9.6600138e-06,0.18738209,0.19764405
4xpq_FUL_A_1003,0.017863074,0.661078,0.043347393,0.12897333,0.0014670546,0.17712438,0.19005688
4xpq_FUL_A_1004,0.0056294515,0.66108342,0.043427494,0.12874607,0.00046264559,0.17695596,0.18996351
4xti_IMP_A_601,0.96372754,0.65968282,0.038354955,0.16656522,0.93205912,0.2235835,0.19598622
4xti_IMP_B_601,0.96915676,0.65968758,0.038310596,0.16651917,0.926246,0.22341288,0.19603712
4xv4_25T_A_302,0.99781225,0.99723952,0.036780064,0.14590281,0.010143747,0.20495377,0.20061582
4xv4_25T_A_303,0.77106562,0.99754875,0.039681398,0.16531533,0.99796524,0.2413413,0.1973725
4xz9_G3P_B_302,0.9904519,0.66029264,0.037415368,0.15431308,0.39112219,0.20265908,0.19701156
4xzh_48I_A_402,0.99561665,0.66025244,0.03742828,0.15518815,0.42468115,0.20403146,0.19700078
4xzh_48I_B_402,0.99490213,0.66025269,0.037433041,0.15517626,0.42468147,0.20402393,0.19699524
4y14_C0A_A_407,0.96805373,0.65992254,0.03761151,1.7355343e-72,0.41227303,0.20320898,0.19678285
4y14_C0A_B_404,0.97211292,0.66157801,0.038269963,0.9913896,0.95733781,0.22566874,0.19610773
4y6n_3PG_A_402,0.98158737,0,0.038342952,0.16621146,0.93853534,0.19039969,0.19029052
4ynu_LGC_A_602,0,0,0.043570753,0.12797665,0.0059438459,0.14343421,0.18407826
4ynu_LGC_A_603,0.003144213,0,0.043541436,0.12788949,2.5022509e-07,0.14323417,0.1841116
4ysx_MLI_E_701,0.98895814,0.65961303,0.038261854,0.16823609,0.98534629,0.22593865,0.19610134
4yu7_DHC_A_203,0.43601167,0.12943757,0.040643933,0.13535451,0.0042653599,0.15456887,0.18860618
4yu7_DHC_A_204,0.57327386,0.88076034,0.005383885,0.13845694,1.507307e-08,0.19413744,0.19631099
4yu7_DHC_B_203,0,0.83104606,0.043439114,0.12884858,1.9919171e-07,0.18554902,0.19142239
4yu7_DHC_B_204,0.065174607,0.87599011,0.042998174,0.12998848,1.2759985e-06,0.18852761,0.19232476
4ywb_OXD_C_704,0.9971287,0.66073791,0.03682035,0.14524502,5.8043281e-05,0.18739864,0.19765475
4ywd_NTM_A_704,0.044634742,0.94738022,0.043125602,0.12975265,0.00082228475,0.19198078,0.19279428
4z1d_PEP_B_300,0.88488139,0.94770958,0.037591367,0.14482049,0.04670795,0.20267213,0.19924741
4z2w_AKG_A_401,0.99517206,0.87459617,0.03680215,0.14548116,0.00041255541,0.19829439,0.19952747
4z69_DIF_A_1006,0,0.6605993,0.044062748,0.13861878,0.42513072,0.19354222,0.18927772
4z69_DIF_A_1007,0.9943386,0.66025288,0.037436796,0.15516688,0.42468173,0.20401799,0.19699087
4z69_DIF_A_1008,0,0.6605993,0.044062748,0.13861878,0.42513072,0.19354222,0.18927772
4z69_DIF_I_1006,0.97985257,0.66025793,0.037533327,0.1549258,0.42468827,0.20386538,0.1968785
4z6p_DHY_C_403,0.98436267,0.65960116,0.038309041,0.16843578,0.99711357,0.22635149,0.19604789
4zb2_FRU_A_404,0,0.66108585,0.043464423,0.12864265,4.9786474e-05,0.17688039,0.18992047
4zb2_GLC_A_403,0,0.66067789,0.043966205,0.13700907,0.35648588,0.19085373,0.18938144
4zb5_GLC_A_403,0.98060384,0.66074369,0.036930446,0.14496967,4.8949895e-05,0.18722398,0.19752659
4zbc_FRU_A_409,0.99597874,0.66073811,0.036828256,0.14522994,0.00023153372,0.18739332,0.19764557
4zbc_FRU_B_408,0.0056344966,0.66108342,0.043427447,0.12874593,0.00045318814,0.17695564,0.18996357
4zbc_FRU_B_409,0,0.66108591,0.043464353,0.12864148,2.5275219e-08,0.17687844,0.18992055
4zbc_GLC_A_407,0,0.66068804,0.04395371,0.13680075,0.3476107,0.1905058,0.18939486
4zbc_GLC_B_406,0,0.66107886,0.043473028,0.12878611,0.0061617544,0.17712,0.18991123
4zbc_GLC_B_407,0.081255711,0.66105756,0.04292293,0.12999441,9.5312856e-07,0.17773558,0.19055081
4zdz_TPF_A_602,3.7063607e-05,0.66059929,0.044062501,0.1386194,0.42513071,0.19354262,0.18927801
4zhd_4OZ_A_202,0,0.66108591,0.043464355,0.1286415,1.0505516e-06,0.17687848,0.18992054
4zhd_4OZ_C_202,0.015308782,0.66108057,0.043362348,0.12889638,5.2323397e-07,0.17703994,0.19003929
4zib_4OG_A_512,0.078209433,0.97114356,0.044038289,0.14934955,0.81063047,0.22532669,0.19204568
4zjz_BEZ_A_1001,0.99225216,0.98938959,0.03819996,0.16884104,0.99169519,0.24301541,0.19902605
4zjz_BEZ_B_601,0.99635403,0.98838298,0.038176189,0.16896499,0.99411853,0.24310254,0.19904535
4zo7_BGC_A_805,0.76289475,0,0.038479025,0.14053956,6.2179074e-07,0.15125788,0.19000633
4zo7_GLC_A_806,0.99400109,0.65960018,0.038241891,0.16854746,0.99503436,0.22637164,0.1961258
4zqp_IMP_A_601,0.99112463,0,0.038245561,0.16580593,0.91449427,0.18955694,0.19040071
4zsy_RW2_B_502,0,0,0.044161515,0.13782792,0.42592617,0.1599042,0.1834466
4zsy_RW2_C_502,0,0,0.044161515,0.13782792,0.42592617,0.1599042,0.1834466
4zsy_RW2_D_502,0,0,0.044161515,0.13782792,0.42592617,0.1599042,0.1834466
4zu3_4SD_A_301,0.9567195,0.65982237,0.038233019,0.16363685,0.81227243,0.21881359,0.19611301
4zu3_4SD_B_301,0.93852138,0.6597108,0.038499315,0.16575214,0.91529896,0.22266057,0.19581605
4zu3_4SD_B_302,0.95106907,0.65967614,0.038452947,0.16658198,0.94175236,0.22382998,0.19587337
4zu3_4SD_C_301,0.030118337,0.6600068,0.044578005,0.15105746,0.93362789,0.21379709,0.18874225
4zu3_4SD_D_301,0.098106271,0.66056512,0.043409,0.1402515,0.42508642,0.19457582,0.19003874
4zu3_4SD_E_301,0.98420085,0.65971055,0.038175646,0.16619096,0.90159167,0.22260504,0.1961911
4zu3_4SD_F_301,0.98242217,0.65973922,0.038152998,0.16558611,0.87708507,0.22162555,0.19621436
4zvv_GN0_A_405,0.40960682,0.66013209,0.041332557,1.1599832e-45,0.41295161,0.19734438,0.19245143
4zvv_GN0_B_404,0.81865592,0.66031409,0.038607489,0.15224311,0.42476106,0.2021671,0.19562809
4zvv_GN0_C_403,0,0.6605993,0.044062748,0.13861878,0.42513072,0.19354222,0.18927772
4zvv_GN0_D_403,0,0.6605993,0.044062748,0.13861878,0.42513072,0.19354222,0.18927772
4zvz_4TF_B_503,0.87903441,0.66029305,0.038205146,0.15324795,0.42473379,0.20280322,0.19609645
4zvz_4TF_C_503,0.97449052,0.6602598,0.037569058,0.15483656,0.42469069,0.20380889,0.19683691
4zvz_4TF_D_503,0.7568858,0.66033561,0.039019105,0.15121512,0.42478895,0.20151633,0.19514893
5a02_GOL_B_1342,0.99563457,0.75620879,0.03681654,0.1453433,0.00034967447,0.19226408,0.19848622
5a02_GOL_C_1341,0.99558525,0.84873149,0.036803588,0.14546247,0.00066432178,0.19699064,0.19930201
5a02_GOL_D_1341,0.99496701,0.58751,0.03684553,0.14511883,7.2261559e-06,0.18364711,0.19699254
5a02_GOL_F_1342,0.99547269,0.84756922,0.036803593,0.1454439,1.3083337e-05,0.19690466,0.19929186
5a2r_MLT_A_1615,0,0.90303237,0.043496423,0.13006991,0.048298263,0.1911127,0.19198508
5a66_3PO_A_1000,0.98577299,0.80998541,0.036873933,0.14523888,0.00010782283,0.19489076,0.19888472
5a7p_6Z1_B_1361,0.9926639,0,0.036949853,0.14439593,0.001306454,0.15373571,0.19178709
5a86_D7E_A_1433,0.98957987,0.98934574,0.037419307,0.15548164,0.4242876,0.22072433,0.19985868
5a8k_COM_A_556,0,0.66108591,0.043464353,0.12864148,0,0.17687844,0.18992055
5a8k_COM_D_555,0,0.66108591,0.043464353,0.12864148,0,0.17687844,0.18992055
5a8k_TP7_A_558,0,0.6605993,0.044062748,0.13861878,0.42513072,0.19354222,0.18927772
5a8k_TP7_D_554,0,0.6605993,0.044062748,0.13861878,0.42513072,0.19354222,0.18927772
5abz_Z47_A_201,0.98239623,0.65969195,0.038211326,0.16655533,0.91839536,0.22324476,0.19615169
5ack_SVQ_A_600,0.98842987,0.6596699,0.03819565,0.16706475,0.93581828,0.22399143,0.19617214
5adi_TUE_A_800,0.99028658,0.6602543,0.037463798,0.15509945,0.42468356,0.2039753,0.19695944
5adi_TUE_B_800,0,0.6605993,0.044062748,0.13861878,0.42513072,0.19354222,0.18927772
5aew_BNL_C_462,0,0.99458514,0.044012802,0.13901872,0.42472856,0.21055292,0.19222652
5aew_BNL_I_462,0.99844431,0.94351381,0.03736709,0.1555743,0.42433879,0.21848387,0.19952287
5af9_SJR_H_1250,2.8190952e-07,0.65997035,0.044836442,0.15151896,0.97465303,0.2150877,0.18844659
5afy_WCE_H_1248,0.99677034,0.66073727,0.036823681,0.14525479,0.00072854404,0.18742115,0.19765096
5ag5_DLR_A_1422,1.8081241e-05,0.66108589,0.043464249,0.12864205,1.1351478e-05,0.17687908,0.18992067
5agl_CCW_A_800,0.92788286,0.95427018,0.037835683,0.15441285,0.42435773,0.21828734,0.19907032
5agl_CCW_B_800,0.82902421,0.95835841,0.038493838,0.15277248,0.42439748,0.21745276,0.19833934
5agn_4JK_A_800,0,0.6610859,0.043464361,0.12864161,5.6689466e-06,0.17687866,0.18992054
5agn_4JK_B_800,2.7294901e-06,0.66108591,0.043464337,0.12864156,1.4849271e-06,0.17687853,0.18992057
5ahn_IMP_A_1468,0.94831195,0.66071661,0.03719278,0.14521844,0.033553405,0.18819683,0.19722544
5aov_GLV_A_1336,0,0.66108591,0.043464353,0.12864148,0,0.17687844,0.18992055
5aov_GLV_A_1356,0.25342018,0.94675033,0.041733357,0.13320908,6.9610012e-06,0.19412166,0.19440987
5av2_KMP_A_300,0.99688126,0.66073806,0.036821918,0.14523955,6.8713438e-07,0.18739379,0.19765292
5av4_GEN_A_400,1.1952507e-06,0.65995485,0.044855492,0.15183671,0.98818979,0.21561839,0.18842613
5awd_IDQ_A_901,5.1274426e-06,0.6605993,0.044062714,0.13861887,0.42513072,0.19354228,0.18927776
5b4o_6DQ_A_201,3.9933693e-06,0.93239412,0.044340546,0,0.64306672,0.21578283,0.19133397
5b4o_6DQ_B_201,0.91413971,0.65971855,0.038662706,0.1653617,0.91596001,0.2224293,0.19562593
5b4o_6DQ_B_202,0.25459049,0.66067926,0.042158864,0.1393981,0.27767462,0.19044957,0.19147537
5b4o_6DQ_C_201,1.2912694e-06,0.66039022,0.044320011,0.14290841,0.6078156,0.20070661,0.18900136
5b4u_MLA_A_302,0,0.93913408,0.04342308,0.12898013,0,0.19105692,0.19237642
5bk9_SIN_A_301,0.99492289,0.65967687,0.038141027,0.16698347,0.9277497,0.22374361,0.1962347
5bkd_AKG_A_502,0.9889843,0.66002819,0.037751037,0.15972234,0.62261497,0.21171879,0.19665009
5bkd_AKG_B_502,0.97236046,0.66007296,0.037813873,0.15864636,0.58856697,0.21020866,0.19657264
5bkd_RCF_A_503,0,0,0.043562386,0.12783713,0,0.14320095,0.18408721
5bwd_FUM_A_901,0.025442201,0.66002495,0.044588843,0.1506408,0.91919363,0.2131819,0.18872781
5bwr_4VT_A_402,0,0,0.044161515,0.13782792,0.42592617,0.1599042,0.1834466
5bwr_4VT_B_402,2.370869e-05,0,0.044161357,0.13782832,0.42592616,0.15990445,0.18344678
5c38_DA8_A_403,0.8342698,0.66079479,0.037905449,0.14253233,1.167558e-05,0.18567896,0.19639159
5c4i_TPP_C_402,0.52720526,0.66041563,0.040549624,0.1473927,0.42489266,0.19909655,0.19336729
5c4i_TPP_F_402,0.12796442,0.93954369,0.043169339,0.1419217,0.45696125,0.21074194,0.99580665
5c8w_PCG_A_302,0.99197156,0,0.037551299,0.15433692,0.42547783,0.17036766,0.19114357
5c8w_PCG_B_303,0,0,0.044161515,0.13782792,0.42592617,0.1599042,0.1834466
5c8w_PCG_C_302,0.98628668,0,0.037589182,0.15424231,0.4254804,0.17030769,0.19109946
5c8w_PCG_E_302,0.90661575,0,0.038120086,0.15291638,0.42551641,0.16946731,0.19048127
5cak_4Z9_A_802,0.97813324,0,0.038291665,0.16491492,0.88575084,0.18829172,0.19034317
5cfw_53W_A_201,6.2280362e-05,0.66059928,0.044062333,0.13861982,0.42513069,0.19354288,0.18927821
5cga_KP6_A_301,0.99670158,0.98172379,0.038174874,0.16860213,0.99034609,0,0.19888402
5cga_KP6_B_301,0.99601473,0.98382462,0.037637571,0.15992307,0.60939695,0.22776852,0.19958153
5cga_KP6_C_301,0.99698746,0.98213717,0.038164409,0.16882643,0.98809012,0.24255438,0.19900421
5cga_KP6_E_301,0.99686063,0.96607774,0.038060173,0.16701277,0.91174818,0.2387387,0.19897638
5cga_KP6_F_301,0.99586843,0.9762993,0.038169876,0.16875309,0.98606218,0.24216549,0.19894705
5cga_KP6_H_301,0.99648687,0.98654367,0.038182749,0.16888177,0.99145683,0.24281213,0
5ci9_549_A_401,0,0.00047604393,0.043562316,0.12783771,3.1141058e-07,0.14322522,0.18409141
5ci9_549_A_402,0.91531654,0.98041395,0.037317973,0.1442707,2.0183795e-06,0.20282714,0.19984251
5cjn_52F_A_809,0.99020367,0.66042426,0.037255238,0.15161145,0.27620025,0.19815118,0.19718343
5clo_NS8_M_101,0,0.98830412,0.043424601,0.12918696,0.0062618977,0.19380824,0.192801
5cpn_531_A_401,0.9526016,0.66075222,0.037118547,0.14452871,0.0011261313,0.18697084,0.19730776
5cpn_531_B_401,0.99198861,0.66073805,0.036856638,0.14519343,0.0015063447,0.1874012,0.19761269
5cpp_ADO_A_422,0.99587133,0.96500324,0.037105465,0.15096212,0.22872553,0.2118687,0.19998724
5cr1_STL_B_201,0,0.99110272,0.043415372,0.12904338,2.3943964e-07,0.19370512,0.19283512
5d41_57N_A_1103,0,0.66108591,0.043464353,0.12864148,0,0.17687844,0.18992055
5d8u_0N8_A_203,0.96603555,0.6271012,0.037035276,0.14447925,2.3288307e-08,2.8469653e-08,0.19711222
5d9w_ASC_A_301,0.19998192,0,0.042902282,0.14237997,0.47769333,0.16405973,0.18491984
5ddu_PMP_A_601,0.98996833,0.66025441,0.037465918,0.15509415,0.4246837,0.20397195,0.19695697
5ddu_PMP_B_601,0.21266363,0.66052521,0.042645627,0.142158,0.42503469,0.19578272,0.19092737
5ddu_PMP_C_601,0.9915381,0.66025386,0.037455458,0.15512027,0.42468299,0.20398849,0.19696914
5ddu_PMP_D_601,0.99385418,0.66025305,0.037440024,0.15515882,0.42468195,0.20401289,0.19698711
5del_D59_A_603,0.54678837,0.65977441,0.041199403,0.1607285,0.97914902,0.2210316,0.19268099
5del_ORO_A_602,0,0.66105578,0.043501409,0.12925932,0.026322163,0.17791035,0.18988074
5di7_5CQ_A_601,0.99054191,0.66004949,0.037713787,0.15930025,0.60352761,0.21098694,0.19669104
5di7_5CQ_B_601,0.98966724,0.65969857,0.038151616,0.16648862,0.91039536,0.22300783,0.19622018
5did_5CK_B_601,0,0.66083924,0.043767745,0.13370007,0.21551187,0.18532714,0.18959463
5die_5CJ_A_601,0.9934629,0.66055235,0.037074582,0.14901564,0.16329875,0.19375949,0.19737945
5die_5CJ_B_601,0,0.66023721,0.044508212,0.1460462,0.74149651,0.20594728,0.18879919
5dky_NOJ_A_1000,0,0.65994809,0.044863818,0.15197537,0.99409784,0.21584999,0.18841718
5dne_ASN_A_601,0,0.98411263,0.044819829,0.1524377,0.99699319,0.23247529,0.19127284
5dne_ASN_C_601,0,0.98503793,0.04481448,0.15235192,0.99329093,0.23237714,0.19128658
5dnx_5LD_A_203,0.93684412,0.97989056,0.037177964,0.14468447,0.0023865991,0.20312141,0.20000133
5dnx_5LD_B_201,0.98986377,0.98562376,0.036820519,0.14551903,3.4394565e-05,0.20388118,0.20046684
5dnx_5LD_B_205,0,0.91687414,0.043874691,0.13642883,0.3184792,0.20242112,0.1917006
5dr9_SKE_A_401,0,0.6605993,0.044062748,0.13861878,0.42513072,0.19354222,0.18927772
5dt0_SKE_A_401,0.96918022,0.66074773,0.037006495,0.14477832,0,0.18710156,0.19743805
5dw3_TRP_A_402,0,0.6605993,0.044062748,0.13861878,0.42513072,0.19354222,0.18927772
5dw3_TRP_B_402,0,0.6605993,0.044062748,0.13861878,0.42513072,0.19354222,0.18927772
5dw3_TRP_C_402,0,0.6605993,0.044062748,0.13861878,0.42513072,0.19354222,0.18927772
5dw3_TRP_D_402,0,0.6605993,0.044062748,0.13861878,0.42513072,0.19354222,0.18927772
5dz2_212_A_404,0.98873409,0.66072966,0.036890033,0.14533448,0.0098241803,0.18769296,0.19757487
5dz2_212_B_404,0.99036767,0.65961665,0.038247406,0.16817525,0.98175431,0.2258127,0.1961177
5dzh_5KG_A_900,0.98964519,0.66025452,0.037468072,0.15508877,0.42468385,0.20396855,0.19695446
5e4o_L57_A_201,0.0010655202,0.96973711,0.044638641,0.14949937,0.87180585,0.2268411,0.19134265
5e4o_L57_B_201,0.98319123,0.97697248,0.037826037,0.16140217,0.68185981,0.23012768,0.19931249
5e4r_40E_A_504,0.66599474,0.94907426,0.039132668,0.14256179,0.10567557,0.20274416,0.19747241
5e9m_BAE_A_2001,0.99808118,0.98347443,0.036785749,0.14598117,0.014004822,0.2044067,0.2004906
5edh_5MF_A_803,0,0,0.044161515,0.13782792,0.42592617,0.1599042,0.1834466
5edh_5MF_B_803,0,0,0.044161515,0.13782792,0.42592617,0.1599042,0.1834466
5edh_5MF_C_803,0.98998004,0,0.038367047,0.16768554,0.99538012,0.19271917,0.19027008
5eo7_SFU_A_401,0,0.66000748,0.044790778,0.15075755,0.94221486,0.21381603,0.18849565
5eo7_SFU_A_402,0,0.65998302,0.044820859,0.1512591,0.96358229,0.21465369,0.18846333
5eo7_SFU_A_403,0.01341422,0.66108123,0.043374971,0.12886482,0,0.17701994,0.19002459
5eo7_SFU_A_405,0.86463364,0.65972291,0.039008457,0.16480222,0.9272411,0.22234935,0.19522488
5eo7_SFU_B_401,0.94623429,0.65981433,0.038317272,0.16370218,0.82249309,0.21910367,0.19601623
5eo7_SFU_B_402,0.97909445,0.94413689,0.038279451,0.1694874,0.99336824,0.99612178,0.19888139
5eo7_SFU_B_403,0,0.66043605,0.044263646,0.14196844,0.56777105,0.19913673,0.18906191
5eo7_SFU_B_404,0,0.66107884,0.043473052,0.12878652,0.0061792143,0.17712068,0.1899112
5eo7_SFU_B_405,0,0.65995166,0.044859435,0.1519023,0.99098463,0.21572794,0.18842189
5eo7_SFU_C_403,0.70668546,0.65985697,0.039963801,0.16055342,0.85826809,0.21797934,0.19410405
5eo7_SFU_C_405,0,0.66002699,0.044766776,0.15035735,0.92516502,0.21314762,0.18852143
5eo8_TFU_A_401,0,0.65996875,0.044838404,0.15155164,0.97604573,0.2151423,0.18844448
5eo8_TFU_A_402,0.86508143,0,0.037759826,0.14240877,0.0036373978,0.15285214,0.97902047
5eo8_TFU_A_403,0.9876577,0.65962003,0.038262461,0.16808007,0.97962171,0.22570051,0.19609991
5eo8_TFU_A_404,0,0.65996008,0.044849071,0.15172949,0.98362263,0.21543933,0.18843303
5eo8_TFU_A_405,0,0.65996325,0.04484518,0.15166462,0.98085887,0.21533098,0.18843721
5eo8_TFU_A_406,0.89876625,0.65982073,0.038646061,0.16312023,0.83137131,0.21895102,0.19563461
5eso_ISC_A_602,0.98798575,0.65960122,0.038283277,0.16846906,0.99596121,0.22634453,0.19607774
5eso_ISC_B_602,0,0.659977,0.04482826,0.1513825,0.96883954,0.21485979,0.18845538
5ew8_5SF_B_802,0.9519242,0.66026766,0.037719432,0.15446101,0.42470088,0.20357114,0.19666186
5ezp_IPJ_A_201,0.98673532,0.66025553,0.037487462,0.15504034,0.42468516,0.20393789,0.19693189
5ezp_IPJ_B_201,0,0.6605993,0.044062748,0.13861878,0.42513072,0.19354222,0.18927772
5ezp_IPJ_C_201,0,0.6605993,0.044062748,0.13861878,0.42513072,0.19354222,0.18927772
5ezp_IPJ_F_201,0.99677704,0.66062225,0.036965098,0.14761355,0.10121426,0.19136056,0.19749904
5f35_FLC_A_302,0.97670893,0.6607451,0.036956334,0.14490375,3.4505883e-06,0.18718111,0.19749644
5f79_4V7_A_4000,0.96011011,0.66075065,0.037067227,0.14463224,0.00021057915,0.18701414,0.19736738
5faj_DCS_A_401,0,0.94322705,0.043422474,0.12898512,3.6731228e-07,0.1912655,0.19241255
5faj_DCS_B_401,0,0.9597297,0.044816271,0.15228838,0.99189618,0.23103276,0.1910653
5faj_DCS_C_401,0,0.94729317,0.04342187,0.12899006,0,0.19147268,0.19244844
5faj_DCS_D_401,0,0.6605993,0.044062748,0.13861878,0.42513072,0.19354222,0.18927772
5fal_SKT_A_502,0,0,0.04414004,0.13721542,0.40152143,0,0.1833953
5fay_CHT_A_908,0.98010434,0.65961037,0.038327916,0.16820651,0.99036631,0.22604206,0.19602507
5fc5_PC_A_516,0.98828868,0.93064361,0.038063109,0.16583577,0.86952398,0.23518547,0.19866066
5fe1_12Q_B_901,0.99708093,0.65960792,0.03821053,0.168418,0.98733452,0.22610227,0.19616133
5fes_9SE_A_409,0.00058938415,0.66094,0.043639637,0.13163936,0.12730118,0.18187524,0.1897326
5fiu_Y3J_A_1299,0,0.6605993,0.044062748,0.13861878,0.42513072,0.19354222,0.18927772
5fiu_Y3J_B_1299,0,0.6605993,0.044062748,0.13861878,0.42513072,0.19354222,0.18927772
5fiu_Y3J_C_1299,0.98945543,0.65961507,0.038255812,0.16819888,0.98340815,0.22586791,0.19610812
5fkl_TDC_A_222,0,0.66108591,0.043464353,0.12864148,0,0.17687844,0.18992055
5fli_QUE_A_301,0,0.98549107,0.043416204,0.12903655,4.0423739e-08,0.19341916,0.19278559
5fli_QUE_C_301,0.52720526,0.66041563,0.040549624,0.1473927,0.42489266,0.19909655,0.19336729
5fli_QUE_F_301,0.52720526,0.66041563,0.040549624,0.1473927,0.42489266,0.19909655,0.19336729
5fli_QUE_G_301,0.52720526,0.66041563,0.040549624,0.1473927,0.42489266,0.19909655,0.19336729
5fli_QUE_J_301,0.52720526,0.66041563,0.040549624,0.1473927,0.42489266,0.19909655,0.19336729
5fli_QUE_K_301,0.52720526,0.66041563,0.040549624,0.1473927,0.42489266,0.19909655,0.19336729
5fp9_4SV_A_1342,0.99651004,0.95046191,0.036790004,0.14572956,0.0061118203,0.20239812,0.2001989
5fqf_NGA_A_1588,0.96236063,0.65961773,0.038444708,0.1678871,0.98934478,0.22581485,0.19588898
5fuv_THM_A_1388,0,0,0.044964475,0.15121776,0.99604766,0.18229022,0.18258805
5fuv_THM_B_1385,0.97727579,0,0.03845025,0.16744986,0.99435105,0.19254461,0.19017306
5fwd_GJV_A_1446,0.97693357,0.6596344,0.038320855,0.1676837,0.9703424,0.22522362,0.19603076
5fwe_OGA_A_1358,0.99620838,0.65989713,0.037860993,0.16247856,0.73491417,0.21619745,0.1965363
5fwe_OGA_B_1359,0,0.66108591,0.043464353,0.12864148,0,0.17687844,0.18992055
5g03_OE2_A_1263,0,0.66103913,0.043521892,0.12960085,0.040872468,0.17848076,0.18985874
5g09_6DF_B_1474,0.98969785,0.6602545,0.037467721,0.15508965,0.42468382,0.2039691,0.19695487
5g09_6DF_C_1475,0,0.6605993,0.044062748,0.13861878,0.42513072,0.19354222,0.18927772
5g09_6DF_D_1476,0.9898245,0.66025446,0.037466877,0.15509176,0.42468377,0.20397044,0.19695585
5g21_YN4_A_1002,0.95834817,0.66026542,0.037676625,0.15456792,0.42469798,0.20363882,0.19671169
5g44_I6G_A_1510,0.99529456,0.65960556,0.038226102,0.16844944,0.98994113,0.22618562,0.19614354
5g44_SWX_A_1511,1.3399904e-05,0.6610859,0.043464267,0.12864175,2.076966e-06,0.17687866,0.18992065
5g44_YTZ_A_1512,0.00010079617,0.66006031,0.044725082,0.14967505,0.89602537,0.21200633,0.18856628
5g4r_LF1_B_1739,0,0.6605993,0.044062748,0.13861878,0.42513072,0.19354222,0.18927772
5g4r_LF1_C_1739,0.98728553,0.66025534,0.037483796,0.1550495,0.42468491,0.20394369,0.19693616
5g4r_LF1_D_1739,0.36085273,0.66047358,0.041658142,0.14462421,0.42496778,0.19734396,0.19207688
5g6g_H8B_A_1367,0.99125968,0.66074002,0.036859375,0.14514594,2.3138427e-07,0.18733447,0.19760931
5g6k_M94_A_904,0.52720526,0.66041563,0.040549624,0.1473927,0.42489266,0.19909655,0.19336729
5gnx_BGC_A_502,0,0.66098827,0.043584446,0.13064383,0.085306647,0.18022271,0.18979154
5gnx_BGC_B_503,0,0.66108591,0.043464353,0.12864148,0,0.17687844,0.18992055
5goo_FRU_A_501,0.97635857,0.66074522,0.03695867,0.14489794,4.2896074e-06,0.18717745,0.19749373
5goo_FRU_C_501,0.99390848,0.6607391,0.036841726,0.14519005,4.083696e-07,0.18736242,0.19762986
5gto_MYR_A_502,0,0.91446168,0.04342674,0.1289501,0,0.18979967,0.19215865
5gwt_SIN_B_302,0.99454225,0.66070804,0.036875433,0.14583304,0.026944133,0.18842538,0.19759403
5gwt_SIN_C_301,0,0.66012113,0.044650987,0.14842674,0.84291507,0.20992318,0.18864582
5gwt_SIN_D_301,0.99502357,0.66068167,0.036904453,0.14637838,0.049835931,0.18932788,0.19756314
5gzz_GSH_D_301,0.98052436,0.83232286,0.036905441,0.14517614,1.8636896e-07,0.19596937,0.19904132
5gzz_GSH_E_301,0.89858757,0.92094639,0.038035881,0.1538854,0.42441109,0.21628133,0.19854883
5h24_LQG_B_501,0.93618506,0.99551025,0.037176684,0.14463657,3.6062827e-06,0.20381687,0.20013767
5h5k_C5P_A_206,0,0.66045702,0.044237857,0.14153845,0.54945172,0.19841856,0.18908962
5h5k_C5P_B_203,0.98619093,0.66016357,0.037604334,0.15691944,0.50518412,0.20708569,0.19680601
5h8f_GLU_A_302,0,0,0.043562386,0.12783713,0,0.14320095,0.18408721
5h8q_5YE_B_302,0.98891678,0.65960337,0.038274029,0.1684338,0.99379881,0.22626958,0.19608823
5h8q_GLU_A_302,0,0,0.043562386,0.12783713,0,0.14320095,0.18408721
5h8q_GLY_B_301,0,0.62845959,0.0434719,0.1284054,0,0,0.18962832
5h9i_XAN_A_301,0,0.65996863,0.044838553,0.15155413,0.97615154,0.21514644,0.18844432
5ha7_WY1_A_402,0.59192995,0.66039308,0.040118318,0.14846987,0.42486344,0.19977845,0.19386936
5ha7_WY1_B_402,0,0.65525508,0.043475769,0.1286216,0.00021459129,0.17658533,0
5hc0_NPO_A_402,0.9968218,0.96444565,0.036798441,0.14596169,0.015055082,0.20346496,0.20031129
5hc0_NPO_A_407,0.0024416399,0.94634404,0.043405742,0.12902955,0,0.1914501,0.19245901
5hfa_FP1_A_607,0.00070349745,0.66108424,0.043461419,0.12868242,0.0012453548,0.17693468,0.18992412
5hfa_FP1_A_608,0.0055357731,0.66105841,0.043458914,0.12925797,0.022337836,0.17781254,0.1899297
5hfa_FP1_B_609,0.0041199842,0.66108254,0.043439273,0.12874963,0.0016849908,0.17698795,0.18994995
5hpu_IPH_A_101,0.99360749,0.65960716,0.0382361,0.16840063,0.98905824,0.22613321,0.19613178
5hpu_IPH_C_101,0.99534277,0.6607386,0.036832169,0.14521393,3.1054782e-07,0.18737754,0.19764098
5hss_64Z_A_402,0.97133303,0.66054021,0.037246462,0.14905442,0.18064841,0.19420622,0.19718156
5hss_64Z_D_403,0,0.66086638,0.04373436,0.13314342,0.19179703,0.18439745,0.18963049
5hss_64Z_E_402,0.90557479,0.66036369,0.037929965,0.15205023,0.35492486,0.20034473,0.19640795
5hss_650_B_402,0.99662284,0.94607063,0.03678132,0.14558295,1.3837209e-05,0.20193623,0.2001702
5hss_650_C_401,0.99721166,0.96225441,0.037173667,0.15226052,0.28323102,0.21388181,0.19989134
5htd_MYR_A_201,0.98150334,0.97166517,0.036879776,0.14538751,0.0010852526,0.20312283,0.20027718
5hxi_5HN_A_403,0.99486855,0.98846321,0.037726111,0.16127019,0.6673586,0.23026745,0.19952634
5hyv_TPP_A_701,0.85123816,0.66030274,0.038390372,0.15278536,0.42474634,0.20251037,0.19588083
5i0d_GLC_A_1124,0.90418987,0.6607704,0.037439551,0.14369641,7.9565379e-06,0.18641634,0.19693394
5i0d_GLC_B_1122,0.98080117,0.66074365,0.036929087,0.14497223,1.8145499e-05,0.18722485,0.19752816
5i0m_UMP_A_201,0.98195797,0.65992284,0.037930441,0.16181603,0.71679683,0.21533688,0.19645316
5i3p_68T_A_1003,0.52709831,0.93984835,0.040508341,0.14772601,0.42455624,0.21332572,0.19583346
5i5s_NVU_A_402,0.96649614,0.99177429,0.038073054,0.16344292,0.77987337,0.23455211,0.19916608
5i5s_NVU_B_402,0.99564549,0.99177946,0.036781536,0.14563038,0.00035780691,0.20426862,0.20056554
5i5t_67X_A_402,0.96197103,0.990089,0.037265967,0.15014468,0.21340523,0.21253159,0.92630777
5i5t_67X_B_402,0.99593959,0.66073829,0.036828321,0.14522602,9.2281678e-05,0.18738744,0.19764547
5i7r_68W_A_402,0.8057277,0.98304264,0.039447065,0.16578271,0.99404188,0.2408142,0.1975193
5i8z_JA1_A_302,0.98746334,0.65961561,0.038269284,0.16816901,0.9835488,0.22585242,0.19609246
5i93_69O_A_202,0.67255295,0.98940062,0.039736282,0.15361412,0.56977725,0.22308174,0.19718071
5i95_AKG_A_508,0.8047017,0.92387108,0.038063422,0.14236022,6.5355906e-06,0.19877783,0.19848519
5i9m_69K_A_302,0,0.6605993,0.044062748,0.13861878,0.42513072,0.19354222,0.18927772
5i9m_69K_B_302,0.99556728,0.9888055,0.037328312,0.15472721,0.38810506,0.21933314,0.19995509
5i9m_69K_C_302,0,0.6605993,0.044062748,0.13861878,0.42513072,0.19354222,0.18927772
5iav_MLI_A_302,0.98892606,0.65992303,0.037880797,0.16187845,0.71451342,0.21532087,0.19651066
5iav_MLI_B_302,0,0.66108591,0.043464353,0.12864148,0,0.17687844,0.18992055
5ice_2H4_A_402,0,0.66019412,0.04456121,0.14692986,0.77914328,0.20742314,0.18874226
5icf_SAU_A_402,0,0.66071538,0.043920091,0.13624019,0.32372939,0.18956958,0.18943097
5igs_GMP_A_403,0.97818636,0.65961026,0.038341651,0.16819049,0.99104438,0.22604841,0.19600917
5ihe_D5M_A_701,0,0.66108588,0.043464385,0.12864201,2.2519875e-05,0.17687932,0.18992051
5ijz_AKG_A_502,0.52720526,0.66041563,0.040549624,0.1473927,0.42489266,0.19909655,0.19336729
5ijz_AKG_B_502,0.52720526,0.66041563,0.040549624,0.1473927,0.42489266,0.19909655,0.19336729
5ijz_AKG_C_502,0.52720526,0.66041563,0.040549624,0.1473927,0.42489266,0.19909655,0.19336729
5ijz_AKG_D_502,0.52720526,0.66041563,0.040549624,0.1473927,0.42489266,0.19909655,0.19336729
5ijz_AKG_E_502,0.52720526,0.66041563,0.040549624,0.1473927,0.42489266,0.19909655,0.19336729
5ijz_AKG_H_502,0.52720526,0.66041563,0.040549624,0.1473927,0.42489266,0.19909655,0.19336729
5in3_G1P_A_416,0.98500283,0.65962217,0.038278664,0.16801108,0.97856571,0.22563111,0.19608091
5in3_G1P_B_418,0,0.66013948,0.04462842,0.14805047,0.82688479,0.20929475,0.18867006
5ioq_DUR_B_302,0.00010326938,0,0.044160827,0.13782964,0.42592613,0.15990529,0.1834474
5ioq_DUR_C_302,0.76390532,0,0.038472292,0.14055639,9.8145322e-07,0.15126857,0.19001417
5ioq_DUR_D_302,0,0,0.044161515,0.13782792,0.42592617,0.1599042,0.1834466
5ip6_6C9_A_301,0.88842373,0.65974158,0.038816764,0.16464519,0.90367597,0.22167647,0.19544504
5irw_D9P_A_202,0.92349947,0.96752547,0.038295354,0.16156698,0.73171199,0.2309723,0.19869094
5ita_6DC_A_801,0.97928989,0.66025813,0.037537076,0.15491643,0.42468852,0.20385945,0.19687413
5ita_6DC_B_801,0.51378784,0.6604203,0.040639032,0.1471694,0.42489872,0.19895519,0.19326321
5iuy_BOG_B_503,0.86112427,0.66029929,0.038324494,0.15294989,0.42474188,0.20261453,0.19595752
5iuy_BOG_C_503,0.084318658,0.66056993,0.043500876,0.14002204,0.42509265,0.19443056,0.18993179
5ivg_FPS_A_704,0,0.6605993,0.044062748,0.13861878,0.42513072,0.19354222,0.18927772
5j5i_6GM_A_302,0.86870557,0.99500192,0.039026148,0.16685412,0.99439326,0.24210252,0.19811296
5j5i_6GM_A_303,0,0.98802078,0.044013784,0.13901086,0.42473647,0.21021863,0.19216857
5j5i_6GM_B_302,0.95485162,0.99110342,0.038455462,0.16832956,0.99634598,0.24289028,0.198744
5j5i_6GM_C_302,0.52720526,0.66041563,0.040549624,0.1473927,0.42489266,0.19909655,0.19336729
5j5i_6GM_E_302,0.52720526,0.66041563,0.040549624,0.1473927,0.42489266,0.19909655,0.19336729
5j5i_6GM_F_302,0.52720526,0.66041563,0.040549624,0.1473927,0.42489266,0.19909655,0.19336729
5j5i_6GM_F_303,0.52720526,0.66041563,0.040549624,0.1473927,0.42489266,0.19909655,0.19336729
5j5i_6GM_G_302,0.52720526,0.66041563,0.040549624,0.1473927,0.42489266,0.19909655,0.19336729
5j5i_6GM_I_302,0.52720526,0.66041563,0.040549624,0.1473927,0.42489266,0.19909655,0.19336729
5j5i_6GM_I_303,0.52720526,0.66041563,0.040549624,0.1473927,0.42489266,0.19909655,0.19336729
5j61_A3G_B_501,0.95025229,0.66026824,0.037730573,0.15443318,0.42470163,0.20355353,0.19664889
5j61_A3G_C_501,0,0.6605993,0.044062748,0.13861878,0.42513072,0.19354222,0.18927772
5j61_A3G_D_501,0.97440373,0.66025983,0.037569636,0.15483512,0.42469073,0.20380797,0.19683623
5j61_A3G_G_501,0,0.6605993,0.044062748,0.13861878,0.42513072,0.19354222,0.18927772
5j61_A3G_H_501,0,0.6605993,0.044062748,0.13861878,0.42513072,0.19354222,0.18927772
5jdv_EVF_B_302,0.9943729,0.98593701,0.038194515,0.16900846,0.99750222,0.24308977,0.19900329
5je1_TOF_A_302,0.0032439393,0.65994324,0.044846782,0.15210573,0.9973506,0.21601173,0.18843743
5je1_TOF_B_302,0.0033249225,0.65994362,0.044845739,0.1520987,0.9969934,0.21599858,0.1884386
5je5_AZ9_A_302,0.00041595415,0,0.043559614,0.12784405,0,0.14320534,0.18409043
5jeh_EVF_B_302,0.99037332,0.9302559,0.038154058,0.16761731,0.94396135,0.23810898,0.19856138
5jep_EVF_B_302,0.99295943,0.99046955,0.038204989,0.16901925,0.99872965,0.24335398,0.19903048
5jep_EVF_B_303,0.45918749,0.96962177,0.041082633,0.14873191,0.51415964,0.21763783,0.19543439
5jfx_6K4_A_4000,0.94136716,0.66027134,0.037789781,0.15428531,0.42470565,0.20345992,0.19657997
5jg5_EVF_B_301,0.992079,0.98036964,0.038209629,0.16894687,0.99679406,0.24275405,0.19893742
5jg5_EVF_B_302,0,0.98420915,0.043973371,0.13832288,0.39567733,0.20888194,0.19217874
5jj2_MLI_A_301,0.9768498,0.65968613,0.038257814,0.1666219,0.92516581,0.22345168,0.19609843
5jj2_MLI_A_302,0.88094184,0.66077843,0.037594549,0.14331085,7.2630691e-05,0.18617365,0.19675352
5jj2_MLI_A_303,0.99342226,0.66010672,0.037622972,0.158154,0.55265081,0.20902281,0.19679032
5joy_6LW_A_602,0,0.95993939,0.043420042,0.12900624,3.3946291e-05,0.19211844,0.19256001
5jp9_DCM_A_401,0,0.65996927,0.044837775,0.15154114,0.97559846,0.21512476,0.18844516
5jp9_DCM_B_401,0.9815708,0.65961932,0.038306502,0.1680368,0.98209601,0.22573331,0.19604895
5jtt_6MY_A_902,0,0.66010659,0.97382811,0.1386228,0.42972438,0.19363198,0.18921837
5jtu_6NE_A_902,0,0,0.044964979,0.15122615,0.99640524,0.18230425,0.18258751
5kas_PC_A_517,0,0.66108591,0.043464353,0.12864148,0,0.17687844,0.18992055
5kcj_6RM_B_302,0,0.6605993,0.044062748,0.13861878,0.42513072,0.19354222,0.18927772
5kcj_GLU_A_302,0,0,0.043562386,0.12783713,0,0.14320095,0.18408721
5kcp_PFB_A_378,0,0.96046529,0.044777409,0.15164304,0.96436567,0.22998983,0.19111323
5kcp_PFB_A_379,0.98490993,0.044106051,0.037007672,0.14453221,0.010325126,0.15625529,0.19210266
5kcp_PFB_B_378,0,0.95406069,0.044768732,0.15147471,0.95752684,0.22939508,0.19106699
5kcp_PFB_B_379,0.91561617,0.045693112,0.037653907,0.14646116,0.14157073,0.16075501,0.19138149
5kf2_COA_A_401,0.91137968,0.66023777,0.038043664,0.15468754,0.46316492,0.20464929,0.19628928
5kjw_53C_A_800,0.94584594,0.98725683,0.038191031,0.16275524,0.7654594,0.23353816,0.19898768
5kjw_53C_B_800,0.99900078,0.99665836,0.03676103,0.14573513,0.0021873312,0.20462447,0.20063189
5kjz_PCG_A_401,0.9532402,0.66075329,0.037112707,0.14451291,0,0.18693342,0.19731441
5kmj_6UF_A_901,0.00087032259,0.660621,0.00090728579,0.1386332,0.42492518,0.19354746,0.18928718
5kts_CIZ_A_402,0,0.66108591,0.043464353,0.12864148,0,0.17687844,0.18992055
5kxb_NGA_A_307,0.98461004,0.91079338,0.037338757,0.15321353,0.33543723,0.2131752,0.19926077
5kxb_NGA_C_305,0,0.94395803,0.043845203,0.13603705,0.30038483,0.20309115,0.19196689
5kxb_NGA_D_301,0,0.95943679,0.043879532,0.13666664,0.32640348,0.20490099,0.19206435
5l1v_7PF_A_401,0,0.65994784,0.04486413,0.15198057,0.99431958,0.21585868,0.18841685
5l7u_NGA_B_601,0.96959322,0.65962858,0.038380071,0.16773331,0.9776628,0.22543317,0.19596275
5l9v_OGA_A_502,0.99676817,0,0.038187519,0.16555909,0.89997525,0.18904675,0.19046634
5l9v_OGA_B_502,0.99753535,0.84530028,0.036790804,0.14548579,0.00045241003,0.19682807,0.19928717
5la1_XYP_A_601,0.99594295,0,0.03831543,0.16758664,0.98693706,0.1924508,0.19032906
5la2_ARB_B_606,0,0.66085754,0.043745236,0.13332476,0.19952281,0.18470032,0.18961881
5lik_W8X_X_402,0.98541046,0.66074204,0.036898376,0.14504899,1.8965233e-05,0.18727351,0.19756392
5lqs_NTM_A_302,0.04883897,0.66106352,0.043145502,0.12956424,0.0046690651,0.17757664,0.19029231
5lu8_5KN_A_306,0,1.5998133e-06,0.043565891,0.12766145,3.5290489e-05,0,0.18401519
5lwy_OLB_A_402,0.7943107,0.66032257,0.038769718,0.15183795,0.42477205,0.20191062,0.19543924
5lwy_OLB_A_403,0,0.6605993,0.044062748,0.13861878,0.42513072,0.19354222,0.18927772
5lwy_OLB_A_404,0,0,0.044161515,0.13782792,0.42592617,0.1599042,0.1834466
5lwy_OLB_A_406,0,0.66108591,0.043464353,0.12864148,7.6217506e-08,0.17687844,0.18992055
5lwy_OLB_A_407,0,0,0.044161515,0.13782792,0.42592617,0.1599042,0.1834466
5lwy_OLB_A_409,0,0.6605993,0.044062748,0.13861878,0.42513072,0.19354222,0.18927772
5m0e_7CR_A_922,0.89477815,0.66028757,0.038100235,0.15350996,0.42472668,0.20296908,0.19621857
5m0t_AKG_A_302,0.99488046,0.66073852,0.036835544,0.14521115,0.00020997059,0.18738089,0.19763708
5m0t_AKG_B_302,0.99435051,0.66075884,0,0.14520504,0.00020001647,0.1873765,0.19763518
5m5a_KSA_A_404,0.9903893,0.98415248,0.03741469,0.1554889,0.42429349,0.22046841,0.19981911
5m62_BGC_A_409,0,0.6610796,0.043472119,0.12877096,0.005516375,0.1770947,0.1899122
5m66_ADN_A_502,0.98782215,0.66025515,0.03748022,0.15505843,0.42468467,0.20394934,0.19694032
5m66_ADN_B_502,0.99174247,0.65959993,0.038258216,0.16853111,0.99594017,0.22638333,0.19610691
5m66_ADN_C_502,0.9892735,0.66025465,0.037470549,0.15508259,0.42468401,0.20396463,0.19695158
5m66_ADN_D_502,0.98273753,0.66027748,0,0.15497356,0.4244954,0.20389197,0.19690331
5m8d_UGI_B_501,0.98035145,0.99293074,0.037480267,0.15533235,0.42428746,0.22080955,0.19981872
5mdh_MAK_A_335,0,0.66028202,0.0444531,0.1451273,0.70234831,0.20441255,0.18885839
5mdh_MAK_B_335,0.48841866,0.66091548,0.040209914,0.13677365,2.3498881e-07,0.18203039,0.193709
5mot_HBD_A_401,0.001269066,0.66001519,0.044772295,0.15061149,0.93509195,0.21355017,0.18851626
5mot_HBD_A_402,0.94229475,0.66075704,0.037185726,0.14433212,6.188253e-05,0.1868204,0.19722942
5mzp_CFF_A_2401,0.045077042,0.98745026,0.043172665,0.13074184,0.040571855,0.19558726,0.19309156
5n5k_8NW_A_307,0,0.66048807,0.044199672,0.14090177,0.52232736,0.1973552,0.18913064
5n5k_HAE_A_306,0.26727682,0.96926924,0.042808226,0.1529866,0.83156046,0.2280493,0.19346456
5n63_8OW_A_401,0.98231541,0.90858496,0.038267736,0.16840346,0.98429197,0.23850233,0.19824688
5n8c_8Q8_A_403,0.52720526,0.66041563,0.040549624,0.1473927,0.42489266,0.19909655,0.19336729
5n8c_8Q8_B_403,0.78343251,0.97325276,0.038795421,0.15203154,0.42440016,0.21773034,0.19811706
5nh9_XLS_A_503,0.78732848,0.66061505,0.03845945,0.14577275,0.17136124,0.19190121,0.19576836
5nh9_XLS_B_503,0,0.66081364,0.043799229,0.13422502,0.23787657,0.1862039,0.18956081
5nh9_XLS_D_504,0.97576516,0.66042956,0.037351124,0.15136569,0.27597213,0.19798994,0.19707178
5nj0_8YW_A_301,0.98833615,0.65368264,0.038270432,0.16808392,0.98039207,0.22543085,0
5nnw_GCS_D_302,0,0.6610859,0.043464364,0.12864166,7.5903389e-06,0.17687874,0.18992053
5nov_93B_A_201,0.99570964,0.99266668,0.037152145,0.15182196,0.26403636,0.2146624,0.20017701
5nuk_Z80_A_201,0.97926673,0.66074421,0.036939286,0.14494626,0,0.18720796,0.19751629
5o3b_9HZ_C_501,0,0,0.044161515,0.13782792,0.42592617,0.1599042,0.1834466
5o3b_9HZ_D_501,7.0236726e-05,0,0.044161047,0.13782909,0.42592614,0.15990494,0.18344714
5o3d_9J5_A_501,0.9679773,0.66026207,0.03761246,0.15472817,0.42469363,0.20374027,0.19678638
5o3f_9HT_A_501,0,0.6605993,0.044062748,0.13861878,0.42513072,0.19354222,0.18927772
5o3g_9J8_A_501,0,0.6605993,0.044062748,0.13861878,0.42513072,0.19354222,0.18927772
5o4j_9KH_B_302,0,0.66108536,0.043465033,0.1286528,0.00048254295,0.17689736,0.18991982
5o4j_9KH_C_302,0,0.66108563,0.043464692,0.12864713,0.00024096733,0.17688789,0.18992018
5o4j_PJL_A_304,0.24224215,0.6610013,0.041850348,0.13267659,7.6158928e-05,0.17943665,0.1917994
5o4k_9KE_A_405,0.94895827,0.66026869,0.037739196,0.15441165,0.42470222,0.20353989,0.19663885
5o72_9MH_A_303,0.96568365,0.97380036,0.036983343,0.14510123,2.3224154e-10,0.20302198,0.20017492
5ocm_9RH_B_302,0.0016603815,0.66059872,0.044051684,0.13864642,0.42512997,0.19355972,0.1892906
5ocm_9RH_C_302,0.0016974413,0.66059871,0.044051437,0.13864703,0.42512996,0.19356011,0.18929089
5ocm_9RH_D_302,0.001855516,0.66059865,0.044050384,0.13864966,0.42512988,0.19356177,0.18929212
5ocm_9RH_E_302,0.9950276,0.65991682,0.037845159,0.1620637,0.71807757,0.21552495,0.1965526
5ocm_9RH_F_302,0.76143858,0.66033402,0.038988767,0.15129088,0.42478689,0.2015643,0.19518425
5oew_9TE_C_301,0.75081606,0.66033772,0.039059552,0.1511141,0.42479169,0.20145238,0.19510185
5oew_GLU_A_301,0,0.66108591,0.043464353,0.12864148,0,0.17687844,0.18992055
5oew_GLU_B_902,0,0.66108591,0.043464353,0.12864148,0,0.17687844,0.18992055
5oew_GLU_C_302,0,0.66108591,0.043464353,0.12864148,0,0.17687844,0.18992055
5oip_9WE_A_302,0.93587628,0.65961764,0.03863266,0.16763755,0.99749967,0.22585518,0.19567122
5oo4_URI_A_201,0.97431333,0.65960935,0.038370246,0.1681725,0.99302518,0.22608521,0.19597613
5ooa_URI_A_201,0.98805986,0.62215943,0,0.16796626,0.98657926,0,0.1957588
5r0i_SYV_A_2501,0.99776035,0.99338809,0.036766704,0.14565919,1.4983411e-06,0.20435894,0.20059669
5r0j_RBJ_B_401,0,0.94617903,0.044755596,0.15122657,0.94736451,0.22859464,0.19101272
5r28_RDJ_A_401,0.9852464,0.97562402,0.036852797,0.14543045,5.437714e-05,0.20332364,0.20034272
5r9o_54F_A_401,0.99296671,0.98521549,0.037935688,0.16451004,0.80689795,0.235558,0.19927289
5r9u_JMM_A_401,0.98952802,4.6928444e-07,0.038303884,0.16657451,0.94836922,0.1908695,0.19033734
5sga_TYR_P_1,0,0.94206676,0.044020655,0.13895584,0.4247918,0.20787845,0.1917629
5syi_NIZ_A_805,0.0015552842,0.66107598,0.043465534,0.12885985,0.0082002149,0.17721632,0.18992021
5syi_NIZ_B_805,0.95171259,0.66074468,0.037134134,0.14467504,0.0079905635,0.18723056,0.19729048
5t6b_TMP_A_504,0,0.6605993,0.044062748,0.13861878,0.42513072,0.19354222,0.18927772
5t6b_TMP_C_503,0.98733835,0.6597508,0.038103887,0.16539531,0.86546893,0.22122202,0.19627006
5t6b_TMP_D_503,0,0.6605993,0.044062748,0.13861878,0.42513072,0.19354222,0.18927772
5tch_MLI_A_301,0.99560524,0.65972523,0.038076703,0.16599814,0.88528734,0.22208616,0.19630421
5tch_MLI_B_501,0.99862595,0.66068128,0.036879387,0.14642065,0.049081611,0.18933631,0.19759223
5tch_MLI_C_301,0.99645158,0.66012894,0.037574163,0.15772718,0.532318,0.20825765,0.19684457
5tch_MLI_E_301,0.99810456,0.66048152,0.037128782,0.1505123,0.22376891,0.19617906,0.197324
5tch_MLI_F_501,0.99787196,0.66049413,0.037114919,0.15025145,0.21282054,0.1957474,0.19733876
5tch_MLI_G_301,0.99705808,0.66052371,0.037084301,0.14963698,0.18721962,0.19473518,0.19737116
5tde_2HP_A_502,0.99540916,0.97430035,0.037135158,0.15143252,0.24861088,0.21311796,0.20003578
5tde_2HP_B_901,0.9961562,0.94388161,0.038148215,0.168309,0.96861979,0.23983209,0.1986894
5tde_FLC_A_501,0.98575395,0.65991261,0.037916111,0.16206203,0.72458447,0.21568222,0.19647083
5tdt_MBN_A_502,0,0.18263659,0.044134207,0.13804659,0.42570626,0.16920487,0.18505886
5tdt_MBN_A_504,0.99857112,0.098557181,0.03689404,0.14458369,5.042636e-06,0.15876926,0.19270479
5tdt_MBN_D_501,0.088836549,0.99120345,0.044227574,0.15393778,0.99751706,0.23379538,0.1920239
5thu_GGG_B_405,0,0.97810953,0.0434173,0.12902758,5.5683206e-07,0.19304303,0.19272044
5tix_OQR_A_302,0,0.6605993,0.044062748,0.13861878,0.42513072,0.19354222,0.18927772
5tix_OQR_B_302,0,0.6605993,0.044062748,0.13861878,0.42513072,0.19354222,0.18927772
5tlg_7EG_A_601,0.98490613,0.65961449,0.038288792,0.16816759,0.98530216,0.22589418,0.19606997
5tlg_7EG_B_601,0.9922672,0.65960376,0.038249788,0.16845763,0.99243756,0.22625155,0.19611628
5tm5_7EV_A_601,0,0.6605993,0.044062748,0.13861878,0.42513072,0.19354222,0.18927772
5tm5_7EV_B_601,0,0.6605993,0.044062748,0.13861878,0.42513072,0.19354222,0.18927772
5tvr_AKG_A_402,0.99076666,0.66073958,0.036863412,0.14515027,0.00053428109,0.18735021,0.19760468
5tvr_AKG_B_402,0.99751272,0.66073721,0.036818484,0.14526297,0.00055039333,0.187422,0.19765698
5tzr_MLI_A_2403,0.97586197,0.93019761,0.03692214,0.14522015,0.00010712918,0.20091178,0.19986888
5u5g_7VD_A_302,0.88365286,0.66022075,0.038261243,0.15477328,0.4864854,0.20527106,0.19603895
5u5g_7VD_B_302,0.86719422,0.65998678,0.038665758,0.15941536,0.69592775,0.2133082,0.19559455
5u5g_7VD_C_302,0,0.66023885,0.044506203,0.14601271,0.74006961,0.20589134,0.18880135
5u5x_TP5_A_302,0.99792246,0.98966674,0.037898202,0.16453453,0.8041954,0.23573111,0.1993547
5u5z_7VP_A_302,0.00020115681,0,0.043561046,0.12784048,1.7737456e-09,0.14320308,0.18408877
5u8z_83D_B_602,3.3227494e-07,0.66108591,0.043464353,0.12864152,1.5370638e-06,0.1768785,0.18992055
5u8z_83D_C_602,2.5714219e-07,0.66108591,0.043464352,0.12864149,3.5625618e-07,0.17687846,0.18992055
5u8z_83D_D_602,0,0.66108591,0.043464353,0.12864148,4.3888664e-08,0.17687844,0.18992055
5uap_82S_A_505,0.042905437,0.66102122,0.043239622,0.13037555,0.043442223,0.17903408,0.19018765
5uap_82S_B_505,0.99603508,0.66070452,0.036869178,0.14591944,0.029566402,0.18854392,0.19760164
5ud0_13P_B_405,0.99341643,0.7669521,0.038092962,0.1663846,0.8977546,0.2280062,0.19721314
5ud0_G3H_B_406,0,0.66108591,0.043464355,0.12864151,1.3249226e-06,0.17687849,0.18992054
5ud3_P6F_A_404,0,0.6605993,0.044062748,0.13861878,0.42513072,0.19354222,0.18927772
5ud3_P6F_B_404,0,0.6605993,0.044062748,0.13861878,0.42513072,0.19354222,0.18927772
5uda_CAE_A_502,0.47926931,0.66073691,0.040494441,0.14034888,0.15880663,0.18815956,0.19339787
5uda_CAE_B_502,0.50867144,0.66084915,0.040147855,0.13832618,0.051776905,0.18427382,0.19378779
5uim_TYD_B_403,0,0.66068833,0.043953359,0.13679489,0.3473614,0.19049603,0.18939524
5uio_8DM_A_202,0.98649564,0.96228972,0.038154667,0.16725025,0.92941387,0.23912948,0.19883593
5uio_8DM_D_202,0,0.6605993,0.044062748,0.13861878,0.42513072,0.19354222,0.18927772
5uio_8DM_E_202,0.98849882,0.97354823,0.038206539,0.16841275,0.97693308,0.24158921,0.19887933
5uio_LG3_A_201,0.9922251,0,0.038347591,0.16764794,0.99218586,0.19261752,0.19029231
5uio_LG3_B_201,0.99814409,0.32725675,0.038260122,0.16815336,0.99255094,0.20937056,0.1932262
5uio_LG3_C_201,0.9928667,0.99352153,0.038198437,0.16890941,0.99395769,0.24332125,0.19906389
5uio_LG3_E_201,0.99610047,0.99514181,0.038173336,0.16890996,0.99160355,0.24334558,0.19910682
5uj3_CE4_A_302,0,0.97415116,0.043418071,0.12902582,0.0001311768,0.19284645,0.1926853
5unr_8EV_A_803,0,0.6605993,0.044062748,0.13861878,0.42513072,0.19354222,0.18927772
5unr_8EV_B_803,0.65032883,0.66037273,0.039729167,0.14944176,0.42483707,0.20039371,0.19432236
5unt_8J1_A_803,0.99376867,0.66025308,0.037440594,0.1551574,0.42468199,0.20401199,0.19698645
5unx_8F1_A_803,0.97968162,0.66025799,0.037534466,0.15492295,0.42468835,0.20386358,0.19687717
5unx_8F1_B_803,0.52720526,0.66041563,0.040549624,0.1473927,0.42489266,0.19909655,0.19336729
5uo3_8EY_A_803,0.99177634,0.66025378,0.03745387,0.15512424,0.42468288,0.203991,0.19697099
5uo5_M4R_A_803,0.98346452,0.66025667,0.037509258,0.15498591,0.42468664,0.20390343,0.19690652
5uo5_M4R_B_803,0.9880854,0.66025506,0.037478466,0.15506281,0.42468455,0.20395211,0.19694236
5urz_BOG_B_201,0.69756857,0,0.039122796,0.14292849,0.14810985,0.15638043,0.18927656
5v31_ARG_A_401,0,0.66108591,0.043464354,0.12864148,2.2027105e-07,0.17687845,0.18992055
5v7y_AKG_B_302,0,0.66108552,0.043464837,0.12864955,0.00034394334,0.17689192,0.18992003
5ve5_GSH_B_402,0,0.48849352,0.043605602,0.13036064,0.082177041,0.17131837,0.18827518
5ved_STU_A_601,0,0.6605993,0.044062748,0.13861878,0.42513072,0.19354222,0.18927772
5vjg_0BP_A_403,0.99877021,0.77175123,0.038180537,0.1685467,0.98581697,0.23176325,0.1971645
5vka_AKG_A_402,0.99425499,0.65962807,0.038205788,0.16797794,0.97059111,0.22541608,0.19616473
5vl0_BNF_A_404,0,0.6605993,0.044062748,0.13861878,0.42513072,0.19354222,0.18927772
5vl0_BNF_D_404,0,0.98820202,0.044646606,0.1495642,0.87436639,0.22787126,0.19149351
5vrj_R07_A_204,0,0.65477827,0.044074836,0.13861066,0.42613335,0.19326918,0
5vut_9OG_A_803,0.93034317,0.66027518,0.037863241,0.15410185,0.42471062,0.20334378,0.19649445
5vut_9OG_B_803,0,0.6605993,0.044062748,0.13861878,0.42513072,0.19354222,0.18927772
5vuu_9OJ_A_805,0.0001329821,0.66059925,0.044061862,0.138621,0.42513066,0.19354363,0.18927876
5vuu_9OJ_B_803,0.69973667,0.66035552,0.039399929,0.15026402,0.42481476,0.20091424,0.19470562
5vv0_9OM_A_803,4.6152954e-10,0.66028579,0.044061852,1.3022585e-42,0.41344932,0.19304285,0.18927445
5vv0_9OM_B_803,0.7012228,0.660355,0.039390026,0.15028875,0.42481408,0.2009299,0.19471715
5vv5_9OJ_B_803,0,0.6605993,0.044062748,0.13861878,0.42513072,0.19354222,0.18927772
5vyr_B62_A_301,0.98878633,0.65960211,0.038276503,0.16845839,0.99493885,0.22631289,0.1960855
5vyr_B62_B_301,0.97738831,0.65960901,0.038348847,0.16820853,0.99237914,0.22609232,0.19600096
5vyr_GMP_B_302,0,0.66108591,0.043464356,0.12864152,1.9450684e-06,0.17687852,0.18992054
5vyr_GMP_B_303,0.99858409,0.66073706,0.036811074,0.14527629,0.00035778169,0.18742575,0.19766558
5vys_1YJ_A_301,0.99314773,0.65960375,0.038243556,0.1684662,0.99217786,0.22625066,0.1961235
5vys_1YJ_B_301,0.98921784,0.65965364,0.038210065,0.16740576,0.94978735,0.22454737,0.19615712
5vys_GMP_B_303,0.97877942,0.66074078,0.036946965,0.14501204,0.0031482846,0.18732624,0.19750775
5w3k_9TY_A_401,0.99604281,0.9492589,0.038162645,0.168555,0.97890133,0.2405084,0.19872051
5w5t_9X7_D_508,0,0.6605993,0.044062748,0.13861878,0.42513072,0.19354222,0.18927772
5w7b_MYR_B_208,0.98258875,0.66074305,0.036917151,0.14500157,4.7302411e-11,0.187243,0.19754206
5w8q_BU4_A_400,0.99492649,0.97220017,0.037856704,0.16339529,0.75869276,0.23302369,0.19924577
5w8q_BU4_B_400,0.025831113,0.995276,0.044310927,0.14729295,0.75891852,0.22397385,0.19193012
5wct_GY4_A_303,0,0.66028579,0.044061852,0,0.41344932,0.19304285,0.18927445
5wcz_NOJ_A_601,0,0,0.043562386,0.12783713,0,0.14320095,0.18408721
5wgk_AGJ_A_816,0.9639104,0.66000951,0.037951851,0.15986744,0.64658277,0.21239392,0.19641936
5wgr_PM7_A_711,0,0.6605993,0.044062748,0.13861878,0.42513072,0.19354222,0.18927772
5wgr_PM7_A_712,0,0.66108588,0.043464386,0.12864203,2.3301768e-05,0.17687935,0.18992051
5wgv_PM7_A_712,0,0.6605993,0.044062748,0.13861878,0.42513072,0.19354222,0.18927772
5wgv_PM7_A_713,0,0,0.043562427,0.12783781,2.8890057e-05,0.14320209,0.18408716
5wgw_MB5_A_715,0.54284463,0.66089649,0.039847262,0.13767984,2.5172938e-07,0.18260449,0.19413115
5x0j_SEP_A_302,0,0.66108591,0.043464353,0.12864148,0,0.17687844,0.18992055
5x23_LSN_A_502,0,0.6605993,0.044062748,0.13861878,0.42513072,0.19354222,0.18927772
5x23_LSN_A_503,0,0.6605993,0.044062748,0.13861878,0.42513072,0.19354222,0.18927772
5x23_LSN_A_504,0.05913547,0.6605787,0.043668689,0.13960293,0.42510402,0.19416524,0.18973644
5x2m_GLN_A_951,0.93053849,0.65997512,0.038230829,0.16025575,0.68679809,0.21361846,0.19609969
5x2m_GLN_B_951,0.99257231,0.66073856,0.03685187,0.1451885,0.00088236842,0.1873829,0.19761816
5x2m_GLN_D_951,0,0.66108591,0.043464353,0.12864148,0,0.17687844,0.18992055
5x5d_UMP_A_401,0.96627977,0.66026266,0.037623771,0.15469992,0.4246944,0.20372238,0.19677321
5x5d_UMP_C_401,0.73875451,0.66034193,0.039139926,0.15091337,0.42479714,0.20132531,0.19500829
5x5d_UMP_E_401,0.96373128,0.66028414,0,0.15465725,0.42450363,0.20369173,0.19675589
5x86_TMP_A_205,0,0,0.044161515,0.13782792,0.42592617,0.1599042,0.1834466
5x86_TMP_B_207,0.99407495,0,0.038326481,0.16753227,0.98594595,0.19239218,0.19031605
5xdt_MB3_A_404,0.38395684,0.99568175,0.040867096,0.13542205,2.3614621e-05,0.19790196,0
5xdt_ZI7_A_403,0.76888049,0.9912725,0.039642332,0.16436154,0.959208,0.2394774,0.19735848
5xh2_NPO_A_305,0.99645798,0.66061958,0.036970645,0.14766528,0.10364469,0.19145247,0.19749289
5xin_XLS_A_397,0.99144466,0.66073557,0.036863538,0.14523899,0.0038330375,0.18748668,0.19760495
5xin_XLS_B_397,0.98670937,0.66071574,0.036921516,0.14560076,0.022604521,0.18817263,0.19753983
5xin_XLS_C_397,0.95556714,0.66062431,0.037254842,0.14718007,0.11197871,0.19134786,0.19716312
5xin_XLS_D_397,0.95246752,0.66058463,0.037325637,0.14796449,0.14759603,0.19271147,0.19708521
5xj7_87O_A_309,0.94204549,0,0.038487122,0.16356357,0.85377942,0.1866559,0.19011129
5xmq_PLG_B_501,2.7062575e-05,0.65996384,0.044844253,0.15165262,0.98032854,0.21531048,0.18843822
5xmq_PLG_C_501,0.99155092,0.6597131,0.038120386,0.16620854,0.89712726,0.22250755,0.19625486
5xoi_SIN_A_401,0.99751015,0.92729051,0.038048046,0.16675039,0.90212068,0.23639123,0.19865355
5xrv_F6R_A_702,0,0.66064095,0.04401163,0.13776648,0.38875384,0.19211873,0.18933264
5xsm_8EO_A_705,0.96814297,0.660748,0.037013517,0.14476289,7.8406877e-05,0.1870937,0.19742989
5xvt_8FL_A_709,0.43280237,0.66044852,0.041178693,0.14582162,0.42493529,0.19810198,0.192635
5xvv_AKG_A_508,0,0.66108489,0.043465609,0.12866242,0.00089210218,0.17691341,0.1899192
5xvv_AKG_B_506,0,0.66099565,0.043575366,0.13049245,0.078857365,0.17996988,0.18980129
5xvv_AKG_C_504,0.98379346,0.66036023,0.037379459,0.15286374,0.33409901,0.20035337,0.19704615
5xz7_F6P_A_407,0,0.97935305,0.043430005,0.12924403,0.0091575623,0.19346576,0.19271763
5y1g_AKB_A_401,0.9331461,0,0.038544561,0.16338437,0.85245806,0.18651006,0.19004423
5y7a_KYN_A_502,0.9182321,0.65991154,0.038396318,0.1614429,0.74610367,0.2158136,0.19591455
5y7r_58K_B_403,0,0.66108591,0.043464353,0.12864148,0,0.17687844,0.18992055
5y8k_SER_A_301,0,0.0080345712,0.043561218,0.1278473,1.675565e-05,0.14361103,0.1841581
5y8k_SER_B_301,0,0.0027195521,0.043561991,0.12784058,6.20462e-06,0.14333978,0.1841112
5y8p_3OH_B_301,0.41505808,0.8388111,0.040672804,0.13577686,0.00034065989,0.19034149,0.19471076
5yaq_ISE_B_402,0.97140153,0.66037633,0.037447539,0.15241581,0.32380565,0.19981913,0.1969656
5yaq_ISE_C_402,0.8109495,0.65987425,0.039203074,0.16118907,0.81138986,0.21724137,0.19498367
5yaq_ISE_D_402,0,0.6605993,0.044062748,0.13861878,0.42513072,0.19354222,0.18927772
5yb7_ORN_A_602,0.98493186,0.66070826,0.036943319,0.1457372,0.029678287,0.18843119,0.19751535
5yb7_ORN_A_603,0.98024333,0.66074361,0.036933093,0.14496776,0.0002232725,0.18722701,0.19752353
5yb7_ORN_B_602,0,0.6605993,0.044062748,0.13861878,0.42513072,0.19354222,0.18927772
5yb7_ORN_B_603,0,0.6605993,0.044062748,0.13861878,0.42513072,0.19354222,0.18927772
5yb7_ORN_C_602,0.985926,0.66066319,0.036991704,0.14667095,0.068753855,0.18997355,0.19746397
5yb7_ORN_C_603,0,0.6605993,0.044062748,0.13861878,0.42513072,0.19354222,0.18927772
5yb7_ORN_D_602,0.99589612,0,0.036960264,0.14498251,0.024002727,0.15466055,0.19177801
5yb7_ORN_D_603,0.9779181,0.66040077,0.037371265,0.15197655,0.30046943,0.19897301,0.19705143
5ybl_AKG_C_302,0.9948874,0.66073807,0.036836048,0.14522044,0.00060066452,0.18739628,0.19763654
5ybp_8SX_B_303,0,0.6605993,0.044062748,0.13861878,0.42513072,0.19354222,0.18927772
5ybp_AKG_A_302,0.99764391,0.39162652,0.038252125,0.16819366,0.99128515,0.21259573,0.19379238
5ybp_AKG_B_302,0,0.65994841,0.04486343,0.1519689,0.99382219,0.21583918,0.1884176
5ybq_8T0_B_303,0,0.6605993,0.044062748,0.13861878,0.42513072,0.19354222,0.18927772
5ybq_AKG_A_302,0.99649565,0.66073792,0.036824824,0.14523876,0.00024023266,0.18739911,0.19764956
5ybq_AKG_B_302,0,0.66108544,0.043464931,0.12865111,0.0004105101,0.17689453,0.18991993
5yfj_RUB_B_401,0,0.66009806,0.04467937,0.1489,0.86307711,0.21071359,0.18861533
5yfj_RUB_C_401,0,0.66015188,0.044613173,0.14779626,0.81605438,0.20887016,0.18868644
5ykt_PMP_A_501,0.99034576,0.66056717,0.037078454,0.14868199,0.1512955,0.19325605,0.19737342
5ykt_PMP_B_501,0.99295307,0.66059945,0.037020263,0.14804483,0.12230085,0.19214688,0.19743749
5ylf_BGC_A_401,0,0.95010361,0.043449315,0.12945808,0.0197927,0.19239265,0.19244346
5ysh_5AD_D_605,0.21274926,0.66052518,0.042645056,0.14215942,0.42503466,0.19578363,0.19092803
5ysh_5AD_G_605,0.99857816,0.6607345,0.036814264,0.14532872,0.0025956571,0.18751342,0.19766215
5ysh_5AD_J_605,0.21831849,0.98087692,0.04206748,0.13442198,0.074807582,0.19842546,0.19432615
5z54_0HZ_A_303,0.19287987,0.9839039,0.043526597,0.15551462,0.99127067,0.23427707,0.19277613
5z54_0HZ_B_303,0,0,0.044161515,0.13782792,0.42592617,0.1599042,0.1834466
5z54_0HZ_C_303,0.9675157,0.97021343,0.037492449,0.15381169,0.36996428,0.21737756,0.19960064
5z9b_AX7_A_304,0.99593375,0,0.037008067,0.14578445,0.058139927,0.15600064,0.19172692
5z9b_HX3_A_303,0.97892104,0.99146747,0.036893653,0.14536207,0.00080650781,0.2040937,0.20043235
5z9b_HX3_B_303,0.97160376,0.98667353,0.036942628,0.14522618,0.00045624252,0.20375839,0.20033379
5z9p_AX7_A_301,0.99849684,0.66045604,0.037157336,0.15103851,0.24590882,0.19705115,0.19729356
5z9p_AX7_B_301,0.99588736,0,0.038290812,0.16687273,0.96607933,0,0.19026892
5zg2_9C0_A_902,0.99541605,0.99583963,0.03678211,0.14562562,0.00010728631,0.20446326,0.20059998
5zg2_ZK1_A_901,0.91170789,0.66028167,0.037987421,0.15379171,0.42471904,0.20314745,0.1963499
5zg2_ZK1_B_901,0,0.6605993,0.044062748,0.13861878,0.42513072,0.19354222,0.18927772
5zge_ZZ7_A_301,0.37748873,0.93609056,0.041506071,0.14523109,0.42462838,0.21155592,0.19463918
5zge_ZZ7_B_302,0,0.90970714,0.044025493,0.1389171,0.42483077,0.20623055,0.19147724
5zgr_ZZ7_A_303,0.53211402,0.94264671,0.041236302,0.16051224,0.96568782,0.23475336,0.19508252
5zgr_ZZ7_B_303,0.99201471,0.93892784,0.036813065,0.1454972,0,0.20152304,0.20007142
5zi4_OAA_A_401,0.99549711,0.66073412,0.036836583,0.14530725,0.0038665598,0.18753074,0.19763633
5zi4_OAA_B_401,0.46207415,0.66092467,0.040385455,0.13633505,1.6949924e-06,0.18175256,0.19350465
5zpt_HY1_A_702,0.0056048982,0.66045378,0.044202095,0.14165819,0.5505773,0.19852181,0.18913139
5zpt_HY1_B_703,0.98684521,0.65965873,0.03822063,0.16727881,0.94606189,0.2243763,0.19614436
6a1f_9OF_A_807,0.97926501,0.99073044,0.038296004,0.16878829,0.99859068,0.24321719,0.19892674
6a1l_BEZ_A_403,0.99315221,0.65964789,0.038189233,0.16756102,0.9536112,0.22473878,0.19618186
6a1l_BEZ_A_404,0.98537155,0.66007759,0.037715901,0.15867498,0.58055684,0.21003188,0.19668567
6a2m_9QR_A_701,0.52712663,0.86586771,0.040519271,0.14763776,0.42464531,0.20955851,0.19518053
6a2m_9QR_B_701,0.9312779,0.98566592,0.037808365,0.15450694,0.42431839,0.21992196,0.19937381
6a2m_UMP_A_703,0.9910418,0,0.037557495,0.15432145,0.42547825,0.17035785,0.19113635
6a2m_UMP_B_703,0.97735796,0,0.03764868,0.15409371,0.42548443,0.17021351,0.19103018
6a2n_UMP_A_703,0.98025962,0,0.037629344,0.154142,0.42548312,0.17024412,0.19105269
6a2n_UMP_B_703,0.97628209,0,0.037655849,0.15407581,0.42548492,0.17020216,0.19102183
6a3j_SOE_A_402,0.0089691686,0.66059618,0.044002981,0.13876805,0.42512667,0.19363672,0.1893473
6a3j_SOE_B_401,0,0.66028579,0.044061852,1.3061439e-51,0.41344932,0.19304285,0.18927445
6a3j_SOE_C_402,0.99701948,0.65961255,0.038205261,0.16832231,0.98330113,0.22594351,0.19616696
6a3j_SOE_D_401,0,0.6605993,0.044062748,0.13861878,0.42513072,0.19354222,0.18927772
6a6s_FSA_A_502,0,0.96672292,0.043418994,0.1290138,4.2923524e-06,0.19246294,0.19261993
6a7e_9QR_A_201,0,0.6605993,0.044062748,0.13861878,0.42513072,0.19354222,0.18927772
6abm_9VR_A_505,0,0.66057049,0.044098298,0.13921152,0.45031734,0.1945322,0.18923954
6acn_TRC_A_899,0.93096665,0.66076101,0.037261187,0.14414318,4.7748096e-05,0.18670035,0.19714157
6ald_2FP_A_700,0,0.66108591,0.043464356,0.12864153,2.1624969e-06,0.17687852,0.18992054
6ald_2FP_B_700,0,0.66108591,0.043464358,0.12864156,3.3368578e-06,0.17687857,0.18992054
6auq_BYJ_A_803,0.81040098,0.66080302,0.038064611,0.14213691,9.6432322e-05,0.18543051,0.19620633
6av2_BY7_A_803,0.43517616,0.66044769,0.041162875,0.14586112,0.42493422,0.19812699,0.19265341
6ayv_F6P_A_401,0,0.65996357,0.044844782,0.15165797,0.98057571,0.21531988,0.18843763
6ayv_F6P_B_401,0.97666965,0.65979972,0.038119382,0.16429075,0.82597896,0.21956136,0.19624703
6ayv_MLI_A_409,0,0.96546027,0.043419175,0.12901217,0,0.19239843,0.19260879
6b5k_TYD_A_304,0.94791251,0.66075515,0.03714821,0.14442427,2.6706697e-06,0.18687733,0.19727308
6b5k_TYD_B_304,0.97336789,0.66074626,0.036978595,0.1448481,2.5534735e-06,0.18714584,0.19747053
6b6r_BEN_A_302,0.99817632,0.65959895,0.038213786,0.16861224,0.9948327,0.22640778,0.19615849
6b9p_D0J_A_1001,0.52195259,0.65452715,0.040586932,0.14732187,0.42590973,0.19878067,0
6ba2_7KM_A_809,0.99141067,0.66073997,0.036858369,0.14514845,4.6528061e-10,0.18733605,0.19761048
6bds_DJ4_A_302,0.86628976,0.66029749,0.038290073,0.15303585,0.42473955,0.20266895,0.19599759
6bmm_OLB_A_404,0,0.6605993,0.044062748,0.13861878,0.42513072,0.19354222,0.18927772
6btq_E8S_A_305,0,0.6605993,0.044062748,0.13861878,0.42513072,0.19354222,0.18927772
6bvl_EBY_B_2001,0,0.66108591,0.043464353,0.12864148,0,0.17687844,0.18992055
6bxk_MTA_A_401,0.95733431,0.9580954,0.037046593,0.14503126,0.0037558768,0.20228091,0.19996587
6c1i_EEY_B_501,0.99469493,0.66073883,0.036836485,0.14520313,3.5019191e-10,0.1873707,0.19763596
6c1x_DNX_A_203,0,0.65996851,0.044838702,0.1515566,0.97625687,0.21515057,0.18844417
6c6w_TFX_A_502,0,0.66108591,0.043464353,0.12864148,5.8058256e-09,0.17687844,0.18992055
6cdy_EY1_A_501,0,0.65998959,0.044812782,0.15112444,0.95784545,0.21442879,0.18847201
6cdy_EY1_B_501,0,0.66096621,0.043611578,0.13109623,0.10458001,0.18097828,0.18976239
6cgc_F0A_A_402,0.72459197,0.66034686,0.039234301,0.15067767,0.42480353,0.2011761,0.19489843
6cgn_DA_A_801,0,0.9779484,0.043670652,0.13325177,0.17996551,0.20009743,0.19244815
6cqu_HI6_B_601,0,0.6605993,0.044062748,0.13861878,0.42513072,0.19354222,0.18927772
6cut_FEJ_C_401,0.95382874,0.660267,0.037706741,0.1544927,0.42470002,0.20359121,0.19667663
6cut_FEJ_D_401,0,0.6605993,0.044062748,0.13861878,0.42513072,0.19354222,0.18927772
6cwr_6LA_A_201,0.97222635,0,0.038478175,0.16727038,0.9902869,0.19233179,0.19014
6dl7_ONC_C_301,0.98777042,0.66025517,0.037480565,0.15505757,0.42468469,0.2039488,0.19693992
6dl7_ONC_E_301,0.86878442,0.66029663,0.038273449,0.15307737,0.42473842,0.20269523,0.19601694
6dl7_ONC_G_301,2.3043627e-07,0.6605993,0.044062747,0.13861879,0.42513072,0.19354223,0.18927773
6dmi_5T5_A_504,0.98771329,0.66008129,0.037694744,0.15862137,0.57661169,0.20990192,0.1967098
6dqt_LEU_B_1,0.99303874,0.6607394,0.03684752,0.14517556,0,0.18735323,0.19762311
6dyt_F0G_A_503,0.99150775,0.65975411,0.038070249,0.16536707,0.86130837,0.22110289,0.19630869
6dyt_PP3_B_1501,0.97243767,0.66074659,0.03698479,0.14483255,0,0.18713592,0.19746332
6e40_BBJ_A_502,0.96757395,0.86917614,0.036986269,0.1450054,1.5178846e-06,0.19771061,0.19926613
6e40_BBJ_B_502,0,0.91643021,0.044024488,0.13892515,0.42482267,0.20657292,0.19153659
6e43_BEZ_B_502,0.99747155,0.6596087,0.038206794,0.16840563,0.98653016,0.22607486,0.19616558
6e43_BEZ_C_502,0.99858528,0.65960561,0.038202692,0.1684795,0.9888876,0.22617903,0.19617065
6ezf_C6Z_A_1003,0.99549646,0,0.038290142,0.16710791,0.96685908,0.19165814,0.19035581
6f2b_AKG_B_402,0,0.6605993,0.044062748,0.13861878,0.42513072,0.19354222,0.18927772
6f2b_AKG_C_402,0.71480457,0.66035027,0.039299521,0.15051479,0.42480795,0.20107299,0.19482251
6f2v_AMP_A_1001,0,0.6605993,0.044062748,0.13861878,0.42513072,0.19354222,0.18927772
6f2v_AMP_B_1001,0,0.6605993,0.044062748,0.13861878,0.42513072,0.19354222,0.18927772
6f3s_CKW_A_902,0.99020573,0.66025432,0.037464337,0.1550981,0.42468359,0.20397445,0.19695881
6f3s_PLP_A_901,0,0.95540007,0.043461945,0.12951328,0.022631377,0.19269317,0.021723768
6f48_XQB_A_302,0,0.66108591,0.043464353,0.12864148,0,0.17687844,0.18992055
6f66_CUT_B_300,0.99767746,0.6596259,0.038184181,0.16805489,0.97144165,0.22548552,0.19618999
6f6a_CU5_A_301,0.01624386,0.66059364,0.043954505,0.13888912,0.42512339,0.19371336,0.18940373
6f6a_CU5_B_301,0.90033323,0.66028563,0.038063218,0.15360241,0.42472418,0.20302761,0.19626166
6f76_CVK_A_203,0,0.96674668,0.044016965,0.13898539,0.42476208,0.20913526,0.19198077
6f76_CVK_B_203,0.48931418,0.99226554,0.040752499,0.14715941,0.4245102,0.21559615,0.19600276
6f76_CVK_C_203,0.52715125,0.80154271,0.040528774,0.14756104,0.42472275,0.20628297,0.19461282
6f76_CVK_F_203,0,0.97452173,0.044015802,0.1389947,0.42475272,0.2095312,0.1920494
6f77_PLP_C_600,0,0.6605993,0.044062748,0.13861878,0.42513072,0.19354222,0.18927772
6f77_PLP_D_600,0,0.6605993,0.044062748,0.13861878,0.42513072,0.19354222,0.18927772
6f77_PLP_E_600,0.96609486,0.65968355,0.038337268,0.16657273,0.9306998,0.22355518,0.19600664
6f7r_CIT_A_1002,0.89067245,0.66041561,0.03797179,0.15084384,0.31409942,0.19858706,0.19635409
6fa1_D2Z_A_203,0.52716357,0.7693485,0.04053353,0.14752263,0.42476151,0.20464359,0.19432869
6fa1_D2Z_B_203,0.13906551,0.98597812,0.043087396,0.14132283,0.42467607,0.21158149,0.19322958
6fa1_D2Z_F_203,0.52745801,0,0.040647193,0.14660493,0.42568777,0.16546709,0.18753869
6fgv_D9T_A_1901,0.93222785,0.8918838,0.037249647,0.14496524,0.022185131,0.19936503,0.19915892
6fld_DQ5_A_604,0,0.6605993,0.044062748,0.13861878,0.42513072,0.19354222,0.18927772
6fld_NAG_A_601,0,0.66108591,0.043464355,0.1286415,1.0459528e-06,0.17687848,0.18992054
6fld_NAG_A_602,0.60495081,0.66087482,0.039433435,0.1387139,2.2550837e-08,0.18325959,0.19461288
6fld_NAG_A_603,0,0.66108591,0.043464353,0.12864148,3.643899e-10,0.17687844,0.18992055
6flu_DTK_A_401,0.15435641,0,0.04253387,0.13040722,3.7168075e-07,0.14483112,0.18528482
6flu_DTK_A_402,0,0.94189285,0.044020681,0.13895563,0.42479201,0.20786959,0.19176136
6flu_DTK_A_404,0.78265699,0.95702323,0.038803015,0.15199921,0.42442005,0.21689567,0.19796777
6flu_DTK_A_405,0,0.97813573,0.044820678,0.1524298,0.99696657,0.23216967,0.19122013
6flu_DTK_A_406,0.98205729,0.99025352,0.038271826,0.16874009,0.99458142,0.24306504,0.19895023
6flu_DTK_B_401,0,0.95374834,0.044018908,0.13896983,0.42477774,0.20847333,0.19186602
6flu_DTK_B_402,0.080564702,0.95812533,0.043481394,0.14031588,0.42473605,0.20954603,0.19252978
6flu_DTK_B_403,0.93482349,0.97592084,0.038561817,0.1674882,0.97549626,0.24108686,0.19848598
6flu_DTK_B_404,0.99150481,0.97802153,0.038208934,0.16885324,0.99333461,0.24249257,0.19891745
6flu_DTK_B_405,0,0.97971491,0.044015026,0.13900092,0.42474647,0.20979566,0.19209525
6flu_DTK_B_406,0.11624599,0,0.04278781,0.12977267,3.4084104e-07,0.14442864,0.18498913
6fs7_E4Z_A_903,0,0.6605993,0.044062748,0.13861878,0.42513072,0.19354222,0.18927772
6fs7_E4Z_C_903,0.62171293,0.6603827,0.039919854,0.14896553,0.42484999,0.20009223,0.19410039
6fs7_E4Z_D_903,0.59360106,0.66006305,0.040106565,0,0.41272803,0.19927662,0.19387853
6fs7_E4Z_E_903,0,0.6605993,0.044062748,0.13861878,0.42513072,0.19354222,0.18927772
6fs7_E4Z_F_903,0.00056997011,0.6605991,0.04405895,0.13862827,0.42513046,0.19354823,0.18928215
6fw0_E92_A_602,0.54614392,0.99212087,0.041171803,0.16141179,0.99149301,0.23843532,0.19558921
6fw0_E92_B_602,0.98620506,0.65960743,0.038288268,0.16832479,0.9910779,0.22613431,0.19607131
6g5q_EMZ_A_401,0.97669323,0.66074511,0.036956434,0.14490341,1.4772679e-09,0.18718081,0.19749633
6g5q_EMZ_B_402,0.96654761,0.65961334,0.038420419,0.16801699,0.99190876,0.22595953,0.19591758
6gck_EUB_A_302,0.82353599,0.66079809,0.037977522,0.14236281,0.00040353673,0.1855811,0.19630774
6gck_EUB_B_302,0.98790333,0.66074117,0.036881769,0.14509055,2.1236478e-05,0.18729989,0.19758325
6gck_EUB_C_302,0.99039091,0.66073953,0.036866149,0.1451479,0.00070002957,0.18735274,0.19760152
6gl4_GLU_A_301,0,0.66108591,0.043464353,0.12864148,0,0.17687844,0.18992055
6gl4_GLU_B_301,0,0.66108591,0.043464353,0.12864148,0,0.17687844,0.18992055
6gqk_F88_B_1001,0.99052505,0.65968613,0.038160829,0.16675181,0.9209999,0.22343261,0.1962108
6h8p_OGA_A_504,0,0.91901503,0.043426065,0.12895564,0,0.1900317,0.19219884
6hgl_TES_A_401,0.97795019,0.65960502,0.038349777,0.1682958,0.99569856,0.22622837,0.1960003
6hl7_CP_A_401,0.99479686,0.66073879,0.03683581,0.14520491,3.3135942e-06,0.1873719,0.19763675
6hl7_CP_C_401,0.92243022,0.66076154,0.037321075,0.14405119,0.0021838172,0.18669405,0.19707213
6hl9_SIN_A_402,0,0.66108275,0.043468241,0.12870629,0.0027613893,0.17698669,0.18991637
6hl9_SIN_B_402,0.98131883,0.66074271,0.036926576,0.14499648,0.00068395039,0.18725642,0.19753117
6hmw_FUL_A_203,0.99471794,0.66068097,0.036907477,0.14638975,0.050537344,0.18935215,0.19755971
6hmw_FUL_B_204,0.99029071,0.65959717,0.038271905,0.1685739,0.99879277,0.22647985,0.19609134
6hmw_FUL_D_204,0.98560724,0.66073997,0.036899526,0.1450933,0.0017671826,0.18734412,0.1975628
6hmw_FUL_E_204,0.96679926,0.66070468,2.4570879e-37,0.14605569,0.055983019,0.18927275,0.19733713
6hmw_FUL_F_202,0.98868244,0.6596019,0.038277498,0.1684617,0.9951536,0.22632022,0.19608437
6hmw_FUL_G_202,0.90053132,0.65963162,0.038866141,0.16701522,0.99605811,0.22542584,0.19539925
6hmw_FUL_H_201,0.95566509,0.66075066,0.037098748,0.14458995,0.0015617879,0.18702023,0.19733086
6hmw_FUL_I_201,0,0.65994759,0.04486444,0.15198574,0.99453974,0.21586731,0.18841652
6hmw_FUL_J_201,0.98788541,0.66069324,0.036940847,0.1460733,0.041902257,0.18894156,0.19751977
6hnz_GH5_A_301,0.97526871,0.98294524,0.03829119,0.16816869,0.97543327,0.24186947,0.19886188
6ho2_GHN_A_301,0,0.6605993,0.044062748,0.13861878,0.42513072,0.19354222,0.18927772
6ho7_GHQ_A_301,0,0.99041379,0.044805258,0.15221797,0.98730573,0.2324162,0.19134304
6hpx_GKQ_A_205,0.95569734,0.98627814,0.037048033,0.14495014,5.2846481e-12,0.20355235,0.20020758
6hqr_3DM_A_502,0.99658488,0.9589593,0.038133649,0.16817653,0.96189051,0.24034085,0.19883594
6hsg_GM5_A_504,0.52720526,0.66041563,0.040549624,0.1473927,0.42489266,0.19909655,0.19336729
6hsg_GM5_C_504,0.52720526,0.66041563,0.040549624,0.1473927,0.42489266,0.19909655,0.19336729
6hsg_GM5_D_504,0,0.94751495,0.0067981726,0.14338794,0.61323574,0.21555087,0.19152944
6i4b_E2N_B_603,7.2887036e-08,0.66103477,0.043527257,0.12969032,0.044683861,0.17863018,0.18985297
6i4b_ORO_A_602,0.2092047,0,0.042168484,0.13132182,5.8732403e-05,0.14541266,0.18571029
6i4b_ORO_B_602,0.0075869235,0,0.043511922,0.12796495,6.3670224e-05,0.14328358,0.18414598
6i6r_H62_A_704,0.92511346,0.65995809,0.038290253,0.1605535,0.7033315,0.2142094,0.19603261
6ijn_6MZ_A_401,0.95466967,0.66075279,0.037103182,0.14453671,0,0.1869485,0.1973255
6ijp_IMP_A_402,0,0,0.044951982,0.15100942,0.98717209,0.1819419,0.18260141
6j4t_IMP_A_401,0,0.66108591,0.043464353,0.12864148,0,0.17687844,0.18992055
6jc7_F0G_A_601,0.99311049,0.66025331,0.03744498,0.15514644,0.42468228,0.20400506,0.19698134
6jc7_F0G_B_601,0,0.6605993,0.044062748,0.13861878,0.42513072,0.19354222,0.18927772
6jc7_F0G_C_601,0.96058201,0.66026464,0.037661739,0.15460509,0.42469697,0.20366235,0.19672902
6jc7_F0G_D_601,0.52720526,0.66041563,0.040549624,0.1473927,0.42489266,0.19909655,0.19336729
6jea_NAG_A_501,0,0.65417216,0.044843255,0.15142376,0.97165207,0.21467004,0.0001441617
6jk9_BU0_A_501,0,0.66108587,0.043464405,0.12864234,3.6679374e-05,0.17687988,0.18992049
6jk9_BU0_B_501,0,0.6605993,0.044062748,0.13861878,0.42513072,0.19354222,0.18927772
6jmd_BVO_A_408,0.99417619,0.65959778,0.038243593,0.1685982,0.99707209,0.22645338,0.19612408
6jmd_ORO_A_402,0.013339302,0.65996858,0.044744013,0.15168189,0.97213268,0.2151296,0.18855387
6jme_BVU_A_409,0.99346171,0.6595997,0.038246307,0.16855219,0.99561846,0.22638885,0.19612073
6jme_ORO_A_402,0,0.66108584,0.043464441,0.12864294,6.2110735e-05,0.17688087,0.18992045
6jws_PT1_A_801,0.99481599,0,0.037532345,0.15438426,0.42547654,0.17039766,0.19116564
6jx9_CQC_A_501,0,0.971403,0.043460845,0.12972896,0.030228069,0.19388754,0.19261575
6jyg_FLC_A_401,0.99004638,0.66025438,0.037465398,0.15509545,0.42468367,0.20397277,0.19695757
6jyg_FLC_B_401,0.95031269,0.66026822,0.037730171,0.15443419,0.42470161,0.20355416,0.19664936
6jyg_FLC_C_401,0.99005395,0.66025438,0.037465348,0.15509557,0.42468366,0.20397285,0.19695763
6jyg_FLC_D_401,0.88282996,0.66029173,0.038179854,0.15331112,0.42473208,0.2028432,0.19612589
6jyg_FLC_E_401,0,0.6605993,0.044062748,0.13861878,0.42513072,0.19354222,0.18927772
6jyg_FLC_E_402,0.0017093796,0.66028515,0.044050462,0,0.41344724,0.1930608,0.18928771
6jz4_EVA_A_701,0.97526108,0.66072062,0.036996707,0.14539193,0.021828691,0.18802145,0.19745221
6jz4_EVA_B_701,0.97516707,0.66071848,0.037000007,0.14543496,0.023728291,0.18809493,0.19744861
6jzh_ZMA_A_2002,0.94377523,0.99274981,0.037126513,0.14475951,2.2099096e-09,0.20375622,0.2001722
6k92_GT0_A_802,0.99321628,0.65962543,0.038216393,0.16802206,0.97320732,0.22550768,0.19615272
6krs_CIT_C_301,0.032461642,0.66058799,0.043846435,0.13915902,0.42511606,0.19388422,0.18952953
6krs_CIT_D_301,0,0.6605993,0.044062748,0.13861878,0.42513072,0.19354222,0.18927772
6krs_CIT_F_301,0,0.66107578,0.043476817,0.12884929,0.0088533478,0.17722552,0.18990716
6krs_CIT_G_301,0,0.66085106,0.043753206,0.13345766,0.20518446,0.18492227,0.18961025
6krs_CIT_H_301,0.015301673,0.66106327,0.043383673,0.12925103,0.015114598,0.17763238,0.19001638
6krs_CIT_I_301,0.014972373,0.66059408,0.043962977,0.13886796,0.42512396,0.19369997,0.18939387
6kxh_DY9_A_401,0,0.65994543,0.044867088,0.15202989,0.99642073,0.21594105,0.18841367
6kxh_DY9_C_402,0.025170642,0.66107697,0.04329683,0.12906381,0.00013810416,0.17714936,0.19011558
6kxh_DY9_D_402,0.99606636,0.66073835,0.036827347,0.14522597,0,0.18738516,0.1976466
6l17_E2X_A_401,0.99032057,0.66003623,0.037731667,0.15957009,0.6151808,0.21144145,0.1966717
6l68_ALL_A_201,0,0,0.044833155,0.14902792,0.90275732,0.1786291,0.18272846
6l68_ALL_A_202,0.00076258625,0,0.043902374,0.13360405,0.24513817,0.1528293,0.18372416
6l7v_3PO_A_302,0,0.66050183,0.044182741,0.14061948,0.51030105,0.19688374,0.18914882
6l86_LMR_B_302,0,0.6610825,0.043468545,0.12871137,0.0029775904,0.17699517,0.18991604
6l86_LMR_B_303,0.0041605763,0.66108446,0.04343663,0.12871075,5.2428017e-09,0.17692233,0.18995282
6l86_LMR_D_302,0.95079546,0.66057986,0.037343362,0.14804642,0.15227293,0.19287718,0.19706517
6l86_MLT_A_303,0,0.6605993,0.044062748,0.13861878,0.42513072,0.19354222,0.18927772
6l8a_BAL_D_507,0.99811306,0.9740703,0.037054544,0.15043285,0.20411744,0.21138868,0.2001217
6l8a_BAL_E_503,0.07984342,0.86044633,0.043655659,0.1427692,0.53487891,0.20888139,0.19149633
6lit_2OH_A_501,0.99498036,0.65960078,0.038234202,0.16854436,0.99420795,0.22634958,0.19613465
6lit_2OH_B_501,0.99754227,0.65959981,0.038217233,0.16858871,0.99427985,0.22637942,0.19615441
6lj7_EFR_A_301,0.95921318,0.93139768,0.037032806,0.14494287,4.1916056e-05,0.20079455,0.19975039
6lql_F0C_A_702,0.9818878,0.66074329,0.036921822,0.14498991,4.1876293e-07,0.18723562,0.19753662
6lx5_C5F_A_502,0,0,0.044161515,0.13782792,0.42592617,0.1599042,0.1834466
6lx5_C5F_A_503,4.578077e-07,0.77909612,0.043672947,0.1325562,0.16064342,0.18920613,0.19072208
6lx5_C5F_B_502,5.4205958e-07,0.6605993,0.044062745,0.13861879,0.42513072,0.19354223,0.18927773
6ly4_TES_A_501,0.99030392,0.65963199,0,0.16828419,0.98631157,0.22599232,0.19611257
6m5m_NAG_B_202,0,0.66011345,0.04466044,0.14858436,0.84963001,0.21018643,0.18863566
6m92_J8V_A_601,0,0.66097299,0.043603244,0.13095726,0.098659851,0.1807462,0.18977134
6m9b_BTN_C_201,0.99481187,0.66025272,0.037433643,0.15517476,0.42468151,0.20402298,0.19699454
6m9b_BTN_D_201,0.99366944,0.96285678,0.038193585,0.16881789,0.99107935,0.24165416,0.19880379
6mae_JBA_A_301,0.96698926,0,0.038494932,0.16668544,0.96993224,0.19138753,0
6md2_GW9_A_501,0.98498776,0.66074221,0.036901166,0.14504152,3.7605267e-07,0.18726832,0.19756066
6md2_GW9_B_501,0,0.6605993,0.044062748,0.13861878,0.42513072,0.19354222,0.18927772
6mnh_JVD_A_301,0.99653529,0.65961546,0.038205127,0.16825821,0.98091392,0.22584481,0.19616681
6mpa_NAG_B_502,0.00029477578,0.66108572,0.043462499,0.12864822,7.807765e-05,0.17688461,0.18992271
6mry_FLC_B_101,0.81909782,0.65986577,0.039155705,0.16144022,0.8163096,0.21752019,0.19503943
6mry_FLC_C_102,0.76872413,0.76214548,0.03968469,0.16420228,0.96441395,0.2280043,0.19532705
6mry_FLC_I_102,0,0.66054203,0.044133303,0.13979517,0.47518284,0.195507,0.18920193
6mry_FLC_K_101,0.98904505,0.66072998,0.036887441,0.14533098,0.0094543097,0.18768174,0.19757784
6mwl_K5G_A_301,0,0.66054151,0.044133935,0.13980571,0.47563187,0.1955246,0.18920125
6n0z_DP6_A_401,0,0.6605993,0.044062748,0.13861878,0.42513072,0.19354222,0.18927772
6n0z_DP6_B_401,0.98471677,0.66025624,0.037500913,0.15500675,0.42468607,0.20391662,0.19691623
6n0z_DP6_C_401,0,0.80766327,0.044040751,0.13879492,0.42495364,0.20103402,0.19057642
6n0z_DP6_F_401,0,0.6605993,0.044062748,0.13861878,0.42513072,0.19354222,0.18927772
6n9r_OHN_A_303,0,0.6605993,0.044062748,0.13861878,0.42513072,0.19354222,0.18927772
6n9r_OHN_P_308,0,0.6605993,0.044062748,0.13861878,0.42513072,0.19354222,0.18927772
6n9r_OHN_X_305,0,0.6605993,0.044062748,0.13861878,0.42513072,0.19354222,0.18927772
6nba_P1T_A_501,0,0.6605993,0.044062748,0.13861878,0.42513072,0.19354222,0.18927772
6nba_P1T_B_501,0,0.6605993,0.044062748,0.13861878,0.42513072,0.19354222,0.18927772
6nba_P1T_C_501,0.98408643,0.65961155,0.038298219,0.16822006,0.98811926,0.22599597,0.19605935
6nba_P1T_D_501,0,0.6605993,0.044062748,0.13861878,0.42513072,0.19354222,0.18927772
6nbw_LAB_A_403,0,0.65994421,0.044868594,0.15205502,0.99749101,0.21598301,0.18841205
6ncx_ADA_A_601,0,0.66108512,0.043465325,0.12865768,0.00069010586,0.17690549,0.1899195
6ncx_ADA_B_601,0,0.66108486,0.043465645,0.12866302,0.00091774808,0.17691442,0.18991916
6ncx_ADA_D_601,0,0.6610847,0.043465842,0.1286663,0.00105751,0.1769199,0.18991895
6ng5_KMD_B_803,0.52720526,0.66041563,0.040549624,0.1473927,0.42489266,0.19909655,0.19336729
6nga_KL7_B_804,0,0.6605993,0.044062748,0.13861878,0.42513072,0.19354222,0.18927772
6ngp_KKY_A_803,0.52720526,0.66041563,0.040549624,0.1473927,0.42489266,0.19909655,0.19336729
6ngp_KKY_B_803,0.52720526,0.66041563,0.040549624,0.1473927,0.42489266,0.19909655,0.19336729
6ngu_KMJ_A_803,0.50490236,0.6604234,0.040698242,0.14702153,0.42490273,0.19886158,0.19319428
6ngu_KMJ_B_803,0.73171411,0.66034438,0.039186841,0.1507962,0.42480032,0.20125114,0.19495367
6nh0_KND_A_803,0.89640649,0.98166553,0.037443787,0.14395732,1.9893493e-08,0.20269113,0.19970684
6nh0_KND_B_803,0.51975613,0.62566606,0.040566056,0.1465856,0.39762476,0,0.19304356
6nhd_KNV_A_803,0.97458954,0.66025976,0.037568398,0.15483821,0.42469065,0.20380993,0.19683767
6nhd_KNV_B_803,0.61085218,0.62554333,0.039972767,0.1480653,0.39751269,0,0.19373339
6nig_NAG_A_605,0.092778866,0.66056698,0.0434445,0.14016284,0.42508883,0.19451969,0.18999742
6nig_NAG_B_803,0,0.6605993,0.044062748,0.13861878,0.42513072,0.19354222,0.18927772
6nig_NAG_D_602,3.2248292e-05,0,0.043562194,0.12783805,1.6289119e-05,0.14320193,0.18408743
6nni_CP6_A_203,0.99389583,0.65960095,0.038241685,0.16853058,0.99439024,0.22634528,0.19612596
6nni_CP6_B_203,0.99069624,0.65960245,0.038262535,0.16846947,0.9940562,0.22629844,0.19610164
6nnn_G1P_A_503,0,0.8018727,0.043443441,0.12881307,5.7281713e-08,0.18406242,0.19116489
6nnp_G6P_A_502,0.94313773,0.6607567,0.037180163,0.14434707,0.00010054437,0.1868308,0.1972359
6nsu_DYA_A_402,0,0.90184971,0.043428611,0.12893475,0,0.189157,0.19204734
6ny7_L8J_A_303,0.012106808,0,0.043481822,0.12804049,7.5711598e-05,0.14333178,0.18418103
6nyo_U94_A_301,0,0.98537485,0.04472109,0.15079582,0.92698156,0.22979204,0.19138936
6o04_DNA_A_601,6.0293111e-05,0.66059928,0.044062347,0.13861979,0.4251307,0.19354286,0.18927819
6o04_DNA_B_601,0.0005838815,0.99467557,0.043410951,0.12905745,0,0.19389334,0.19287119
6o04_DNA_D_603,0.00058579621,0.6605991,0.044058845,0.13862853,0.42513046,0.1935484,0.18928227
6o1s_7SD_E_803,0.93003853,0.66040224,0.037709036,0.15149178,0.31377997,0.19898978,0.19665992
6o2z_LJV_B_500,0.98356638,0.65977337,0.03810288,0.16489664,0.84689974,0.22045427,0.19626888
6o5m_G8K_B_506,0.63976748,0,0.039898287,0.14847533,0.42563701,0.16665256,0.18841072
6ock_9KL_A_601,0.86336569,0.66029851,0.038309558,0.15298719,0.42474087,0.20263814,0.1959749
6ock_9KL_A_602,0.99487708,0.66073865,0.036835413,0.14520853,0.00010056827,0.18737656,0.19763722
6ofr_BOG_A_801,6.755853e-09,0.6605993,0.044062748,0.13861878,0.42513072,0.19354222,0.18927773
6ofr_BOG_A_802,0,0.6605993,0.044062748,0.13861878,0.42513072,0.19354222,0.18927772
6ofr_BOG_A_803,0,0.6605993,0.044062748,0.13861878,0.42513072,0.19354222,0.18927772
6ofr_BOG_A_804,0,0.6605993,0.044062748,0.13861878,0.42513072,0.19354222,0.18927772
6ofr_BOG_A_805,1.6278771e-08,0.66108591,0.043464353,0.12864148,2.2532843e-10,0.17687844,0.18992055
6ofr_BOG_A_806,1.7497465e-10,0.6605993,0.044062748,0.13861878,0.42513072,0.19354222,0.18927772
6ofr_BOG_A_807,0.79017682,0.66081019,0.038199234,0.14179792,2.4961561e-07,0.18521341,0.1960496
6oha_XAN_A_501,0.0021679904,0.08738534,0.043534978,0.12797958,0,0.14767679,0.18487533
6ooi_PGA_B_301,0.98859826,0.65963813,0.038233529,0.16771783,0.96352225,0.22507929,0.19613155
6ooi_PGA_D_301,0.99094368,0.65964796,0.038204801,0.16753847,0.95421701,0.22473923,0.19616381
6ooi_PGA_E_301,0.98413419,0.65963201,0.038272714,0.16780091,0.97022802,0.22529508,0.19608678
6ooi_PGA_F_301,0.99383737,0.66005911,0.037678583,0.15913425,0.5941182,0.21065283,0.19673083
6ooi_PGA_G_301,0,0.6605993,0.044062748,0.13861878,0.42513072,0.19354222,0.18927772
6ooi_PGA_H_302,0.98955924,0.6596775,0.03817829,0.16691957,0.92883191,0.22372946,0.19619146
6oph_6QB_A_401,0,0.6605993,0.044062748,0.13861878,0.42513072,0.19354222,0.18927772
6p9t_O5D_A_307,1.7834601e-05,0.91543393,0.043426477,0.12895158,1.5596822e-09,0.1898494,0.19216737
6paf_O6A_A_509,0.98378176,0.66025656,0.037507144,0.15499119,0.42468649,0.20390677,0.19690898
6pdd_O9S_A_803,0.98388279,0.6607426,0.036908528,0.14502311,4.2141736e-09,0.18725665,0.19755209
6pk1_3PY_A_502,0.99504973,0.66064467,0.036949779,0.14713746,0.082156728,0.19059522,0.19751447
6pk1_PLP_A_501,0.96975824,0.65970015,0.038290876,0.16626722,0.91508531,0.22298169,0.19605866
6pk1_PLP_B_501,0.9891685,0.65966621,0.038194945,0.16714734,0.93881311,0.22411663,0.19617334
6pmv_M16_A_803,7.8065312e-09,0.6605993,0.044062748,0.13861878,0.42513072,0.19354222,0.18927773
6pmv_M16_B_803,0.96203394,0.66075022,0.037054116,0.14465939,2.5545968e-06,0.18702628,0.19738262
6pn9_OU7_B_803,0.52720526,0.66041563,0.040549624,0.1473927,0.42489266,0.19909655,0.19336729
6pna_M16_A_803,0.98512807,0.66025609,0.037498172,0.1550136,0.42468589,0.20392096,0.19691942
6pna_M16_B_803,0.81867137,0.66031408,0.038607386,0.15224337,0.42476105,0.20216727,0.19562821
6png_OSG_A_802,0.98981277,0.66074052,0.036869028,0.14512205,8.5792804e-06,0.18731954,0.19759808
6png_OSG_A_803,0.21349137,0.66052492,0.042640111,0.14217177,0.42503432,0.19579144,0.19093379
6png_OSG_B_804,0.46300822,0.66043799,0.040977411,0.14632431,0.42492165,0.19842021,0.19286931
6po9_OS7_A_803,0.52720526,0.66041563,0.040549624,0.1473927,0.42489266,0.19909655,0.19336729
6po9_OS7_B_804,0.52720526,0.66041563,0.040549624,0.1473927,0.42489266,0.19909655,0.19336729
6ps7_ZMA_A_1201,0,0.96276576,0.043419612,0.12900951,2.6371419e-05,0.19226216,0.19258497
6pvi_OZ7_A_501,0,0.6605993,0.044062748,0.13861878,0.42513072,0.19354222,0.18927772
6q4b_HHN_A_301,0.99333107,0.66069698,0.036897622,0.14604826,0.036972606,0.18880575,0.19756947
6q4k_HHW_A_301,0.98913197,0.9802355,0.036826842,0.14551109,0.00049452879,0.20361694,0.20041291
6q4r_HJ5_A_1009,0,0.6605993,0.044062748,0.13861878,0.42513072,0.19354222,0.18927772
6q4r_MLT_A_1041,0,0.66108591,0.043464353,0.12864148,0,0.17687844,0.18992055
6q4y_MAN_A_402,0.0028326016,0.6609661,0.043591628,0.13112545,0.10381571,0.1809782,0.18978552
6q4y_MAN_B_402,0.091252207,0.66100077,0.042921872,0.13125381,0.046564699,0.17966646,0.19055793
6qa7_PLP_A_902,0.99308094,0.66071033,0.036882978,0.14577216,0.025386994,0.18834892,0.19758505
6qdb_HWQ_A_1002,0,0.6605993,0.044062748,0.13861878,0.42513072,0.19354222,0.18927772
6qdb_HWQ_A_1003,0.98756333,0.66074131,0.036884004,0.14508439,7.572648e-09,0.18729547,0.19758064
6qdc_HXE_A_1003,0.95424498,0.66075294,0.037106012,0.14452965,1.6308105e-07,0.18694403,0.19732221
6qdc_HXE_A_1004,0.0014868794,0.66106612,0.043478147,0.12906142,0.016836085,0.17755415,0.18990662
6qde_HWW_A_502,0,0.6605993,0.044062748,0.13861878,0.42513072,0.19354222,0.18927772
6qde_HWW_A_503,0,0.6605993,0.044062748,0.13861878,0.42513072,0.19354222,0.18927772
6qhu_FAH_A_401,0.95298176,0.6596824,0.038431689,0.16647188,0.93570513,0.22361308,0.19589735
6qli_4LR_A_301,0,0.66099913,0.043571091,0.13042117,0.075820346,0.17985082,0.18980588
6qnj_GLC_A_402,0.98690736,0.66074151,0.036888415,0.14507413,2.8243893e-05,0.18728966,0.19757551
6qo4_97T_A_301,0.33094554,0.99258974,0.042611675,0.15792963,0.99576951,0.23635434,0.19391724
6qo4_97T_B_301,0.9439596,0,0.038676873,0.16697232,0.99763953,0.19232182,0.18990962
6qol_JB5_A_301,0.99391945,0.6607382,0.03684275,0.14520853,0.00077986611,0.18739309,0.19762876
6qol_JB5_B_301,0.00073635277,0.66108495,0.043460306,0.12866807,0.00061054468,0.17691014,0.18992533
6qor_JBK_A_301,0.99854079,0.66072744,0.036823216,0.1454732,0.0087774616,0.18775537,0.19765252
6qot_6SD_A_301,0.99085635,0.65960226,0.038261634,0.16847491,0.9941742,0.22630475,0.19610271
6qot_6SD_B_301,0,0.65994778,0.044864205,0.15198183,0.99437303,0.21586078,0.18841677
6qqs_JCZ_A_301,0.53484623,0.65975835,0.041303848,0.16094437,0.99681659,0.22159825,0.19256164
6qqs_JCZ_B_301,0.92756935,0.66076224,0.037283766,0.14408564,6.3193828e-06,0.18666289,0.19711529
6qrn_RIP_A_500,0.026538018,0.65996441,0.044655524,0.1518926,0.97174706,0.2152537,0.18865683
6r4j_GLU_A_704,0,0,0.043562386,0.12783713,0,0.14320095,0.18408721
6r5o_BGC_A_801,0,0.65995592,0.04485419,0.15181484,0.98725877,0.21558188,0.18842753
6r5o_BGC_A_802,0.0020964094,0.66108518,0.043450385,0.12867639,1.0989753e-07,0.17690056,0.18993681
6r5o_BGC_B_801,0.99279429,0.66070546,0.036891,0.14586929,0.029728356,0.18851609,0.19757626
6r5o_BGC_B_802,0.066333765,0.66106276,0.04302236,0.12974598,2.0561331e-06,0.17757822,0.19043507
6r6i_H50_A_201,0,0.66081597,0.043796365,0.13417726,0.23584167,0.18612412,0.18956389
6r6i_H50_B_201,0.76088164,0.66064821,0.038606231,0.14484154,0.15044841,0.1908024,0.19559485
6r73_LMP_B_301,0.47154947,0.66043502,0.040920495,0.14646646,0.42491779,0.19851019,0.19293556
6rbo_JXQ_A_302,0.77378289,0.94318625,0.038278238,5.2019588e-07,0.00037822043,0.19928479,0.1984003
6rbx_JYT_A_301,0.98338246,0.66008611,0.037719526,0.15848132,0.57371739,0.20974278,0.19668059
6rgg_K3Q_A_401,0,0,0.043587865,0.128262,0.018100136,0.14391128,0.18405996
6rgg_K3Q_A_402,0.00075329736,0,0.04355834,0.12786591,0.00069195418,0.14323606,0.18409201
6rgg_K3Q_A_403,0.52720526,0.66041563,0.040549624,0.1473927,0.42489266,0.19909655,0.19336729
6rgg_K3Q_B_402,0.52720526,0.66041563,0.040549624,0.1473927,0.42489266,0.19909655,0.19336729
6rgg_K3Q_B_405,0.081699856,0,0.04440427,0.15231431,0.9848106,0.18271206,0.18323885
6rgr_RM4_A_402,0.054839278,0.94657568,0.044045792,0.14639813,0.70274651,0.21959412,0.19180988
6rgr_RM4_A_403,0.22235516,0.96693027,0.042261478,0.13812128,0.23026258,0.20385814,0.1940004
6rhk_K4B_A_302,0,0.6605993,0.044062748,0.13861878,0.42513072,0.19354222,0.18927772
6rlt_MLI_A_508,0.99526779,0.54215619,0.037691098,0.1590902,0.59734535,0.20478133,0.19569551
6rlt_MLI_B_511,0.96251104,0.38015543,0.03802949,0.15995006,0.66561134,0.19885928,0.19390872
6rlt_MLI_B_512,0.98949235,0.81859592,0.037029471,0.14833953,0.12911536,0.20043163,0.19879541
6rum_TOP_A_301,0.99616858,0.9743454,0.038118351,0.16792501,0.95067302,0.24068027,0.1989854
6s23_KSW_A_402,0.22710281,0.97221637,0.041904932,0.13280177,2.0806847e-06,0.19514122,0.19443046
6s23_KSW_A_403,0.20075418,0.99324105,0.04209691,0.1327143,0.013875394,0.19647876,0.19439072
6s23_KSW_B_402,0.21864376,0.97933453,0.041960247,0.13266968,6.1288765e-06,0.19541476,0.19442765
6s37_SAL_A_601,0.99590925,0.9883116,0.036779789,0.14562215,0,0.20408065,0.20053752
6s39_K5Z_A_301,1.0010585e-05,0.97379937,0.044765998,0.15150325,0.95771196,0.23040829,0.19124101
6s4h_KUQ_A_901,0.99250904,0.66025352,0.037448988,0.15513643,0.42468255,0.20399872,0.19697668
6s51_KVQ_A_901,0.92601743,0.65962327,0.038695662,0.16742856,0.99558929,0.22567629,0.19559764
6s7u_KZK_A_501,0,0.6605993,0.044062748,0.13861878,0.42513072,0.19354222,0.18927772
6s7u_KZK_C_501,0,0.62640076,0.044043522,0.13791284,0.39829093,0,0.18900035
6s9g_L1Q_A_305,0.99700611,0.65964462,0.038165916,0.16766458,0.95528941,0.22484522,0.19620921
6s9g_L1Q_A_306,0.94764216,0.66075273,0.0371531,0.14447126,0.0021964177,0.18696048,0.19726767
6si4_LEK_A_402,0.94630379,0.65962909,0.038544613,0.1675016,0.98431142,0.22544815,0.19577205
6si4_LEK_B_402,0.95633218,0.62711479,0.037099943,0.14431803,9.7879364e-06,0,0.19703704
6sj8_44V_A_901,0,0,0.044867397,0.14959892,0.92708296,0.17958374,0.18269185
6sj8_44V_B_901,0.99360757,0,0.037722608,0.15740262,0.55474017,0.17546484,0.19096144
6sjs_THH_B_901,0.9801108,0.65991308,0.037955547,0.16199865,0.72588721,0.21567377,0.19642509
6sux_BEN_A_302,0.99755928,0.65959825,0.038219026,0.16862078,0.99563407,0.22643269,0.19615249
6svu_BEN_A_302,0.99585252,0.65960077,0.03822803,0.16855287,0.99395164,0.22634873,0.1961418
6sxr_KHP_A_506,0.97275358,0.6607405,0.036990044,0.14496052,0.0052276365,0.18734419,0.19745786
6sxr_KHP_A_507,0.98652342,0.65966287,0.038217815,0.16719077,0.94253946,0.22423481,0.19614719
6sxr_KHP_A_513,0,0.65997154,0.044834973,0.15149443,0.97360822,0.21504674,0.18844817
6syz_M1E_A_601,0.99781947,0.9932638,0.036781102,0.14590637,0.010496457,0.2047651,0.20058025
6syz_M1E_B_601,0,0.99006114,0.044817071,0.15241366,0.99566072,0.23272612,0.19132735
6sz3_M1H_B_601,0.00048584639,0.9731615,0.043485128,0.13020246,0.049964074,0.19475681,0.19260533
6szl_M3E_B_604,0.34560644,0.6598292,0.042558871,0.15769476,0.99260877,0.21943715,0.19110015
6szt_M4Q_A_601,0,0.30764856,0.044115515,0.13819627,0.42555573,0.17557104,0.18616243
6szt_M4Q_B_601,0.037841621,0.98712058,0.043168217,0.12974203,0.0031281087,0.19402459,0.19308887
6t02_M5E_A_601,0,0,0.04356463,0.12787455,0.0015942901,0.14326352,0.18408481
6t02_M5E_A_602,0.00016206908,0,0.043561306,0.12783983,2.5297171e-07,0.14320267,0.18408846
6t02_M5E_B_601,0,0.99082976,0.043542583,0.13116368,0.090342279,0.19723663,0.19269674
6t07_M45_B_601,0.00023881849,0.66108562,0.043463009,0.12864958,0.00017573677,0.17688785,0.18992213
6t0a_M58_A_601,0.0026412827,0.99388745,0.043402806,0.12918158,0.0038696588,0.19402677,0.19287437
6t0a_M58_B_601,0.88004269,0,0.037698438,0.14249009,0,0.15249505,0.19091526
6t0m_GOZ_A_305,0,0.66049936,0.044185786,0.14067024,0.51246344,0.19696851,0.18914555
6t10_M6Z_A_601,0.99516666,0.65963832,0.038186717,0.16777642,0.9613588,0.22506376,0.19618577
6t10_M6Z_B_601,0,0.66108591,0.043464353,0.12864148,2.2701391e-10,0.17687844,0.18992055
6t5p_VD8_A_302,0.99121313,0.88937562,0.03821748,0.16863134,0.98868421,0.23778981,0.19813975
6t5p_VD8_B_302,0,0.97990153,0.044591177,0.14860925,0.83411429,0.22586862,0.19148082
6t5p_VD8_D_302,0.99554728,0.96797953,0.03818118,0.16886986,0.99169574,0.24195923,0.19886264
6t9c_MX8_A_501,0,0.9766465,0.043417516,0.12902578,0,0.19296846,0.19270753
6tbx_N0Z_B_302,0.99118029,0.66063971,0.036983323,0.14720244,0.087669676,0.19077053,0.19747612
6tbx_N0Z_C_303,0.99274841,0.66058004,0.037045585,0.14844089,0.13931925,0.19281189,0.19741017
6tbx_N0Z_D_302,0,0.6605993,0.044062748,0.13861878,0.42513072,0.19354222,0.18927772
6tfb_N6W_B_202,0.074752336,0.65991709,0.044371782,0.15332095,0.99839897,0.21680711,0.1889905
6tgi_N8Z_A_508,0.99346529,0,0.036969207,0.14482106,0.018848965,0.15443262,0.19176691
6tgi_N8Z_B_508,0.99641959,0,0.036949774,0.14487446,0.019028467,0.15447087,0.19178956
6to7_SUV_A_401,0,0.9844912,0.044014312,0.13900664,0.42474072,0.21003889,0.19213741
6to7_SUV_B_401,0,0.98395451,0.044014392,0.13900599,0.42474136,0.21001156,0.19213267
6tof_NQE_A_201,0.99410309,0.66073903,0.036840429,0.14519328,1.8441739e-07,0.18736446,0.19763137
6tog_NQH_A_201,0.97943118,0.99100723,0.038273221,0.16843062,0.98322104,0.24262988,0.19895361
6tol_NQW_A_201,0,0.6605993,0.044062748,0.13861878,0.42513072,0.19354222,0.18927772
6tor_PMP_A_504,0.98598829,0.66074186,0.036894499,0.14505817,0,0.18727886,0.19756843
6tor_PMP_B_504,0,0.66085823,0.043744393,0.13331071,0.19892391,0.18467684,0.18961972
6tot_NRK_A_401,0,0.97666494,0.044015482,0.13899727,0.42475014,0.20964034,0.19206832
6tt4_BMA_C_3,0,0.66108591,0.043464353,0.12864148,3.533859e-08,0.17687844,0.18992055
6tt4_FT8_B_711,0.43769216,0.66046844,0,0.14590284,0.42473149,0.19814957,0.19267554
6u30_PQM_A_501,0.88886852,0.66077575,0.037541629,0.14344113,0,0.18625442,0.19681511
6u6c_P1T_B_502,0.97466412,0.66025974,0.037567901,0.15483945,0.42469061,0.20381071,0.19683825
6u6c_P1T_D_505,0.97175868,0.66026075,0.037587262,0.1547911,0.42469192,0.2037801,0.19681571
6u6c_P1T_F_805,0,0.6605993,0.044062748,0.13861878,0.42513072,0.19354222,0.18927772
6u6c_P1T_H_504,0.93312254,0.66027421,0.03784472,0.1541481,0.42470937,0.20337306,0.19651601
6u6c_PZV_F_802,0.82493413,0.6603119,0.038565653,0.1523476,0.42475822,0.20223325,0.19567679
6uo7_QCP_A_504,0.9840092,0.95007497,0.038093899,0.16587416,0.87318732,0.23627421,0.19879346
6uqd_QF4_A_501,0,0.6605993,0.044062748,0.13861878,0.42513072,0.19354222,0.18927772
6uqd_QF4_B_501,0,0.6605993,0.044062748,0.13861878,0.42513072,0.19354222,0.18927772
6ur0_ETM_A_401,0.75018752,0.66082414,0.038465691,0.14113209,0,0.18479158,0.19573942
6ur0_ETM_B_401,0.98154439,0.96809039,0.036884631,0.14546051,0.004351588,0.20306929,0.20024103
6urx_JMG_A_316,0.99728875,0.66065137,0.036925657,0.1470213,0.075619508,0.19036256,0.19754172
6uvj_QJ1_A_205,0.90871613,0.65964405,0.038792799,0.16683794,0.98269995,0.22498849,0.19548293
6uxr_K6G_B_202,0,0.66108552,0.043464835,0.12864952,0.00034241582,0.17689186,0.18992003
6uzr_QM1_B_301,0.017598742,0.98665208,0.044700185,0.15270042,0.99557091,0.23273473,0.19143394
6v1e_5SW_A_301,0.98806437,0.65964894,0.038224019,0.16749107,0.95424,0.22470976,0.19614144
6v8n_QS1_A_1704,0,0.99183913,0.044716651,0.15074566,0.92450931,0.23002443,0.19145014
6v9f_QTS_B_2001,0.99519611,0.6604188,0.03722655,0.15177089,0.2794519,0.19833132,0.19721724
6vei_9UO_B_502,0,0.65477827,0.044074836,0.13861066,0.42613335,0.19326918,0
6vlu_CIT_A_701,0.32936247,0.66097069,0.041270095,0.13413128,0.00025217842,0.18036251,0.19247489
6vmz_NAG_A_402,0,0.66100874,0.043559272,0.13022411,0.067424982,0.1795217,0.18981858
6vmz_NAG_C_402,0,0.66108525,0.043465165,0.12865501,0.00057656782,0.17690104,0.18991967
6vmz_R3P_A_404,0,0.88964592,0.044763076,0.15114266,0.94672091,0.22568859,0.1905147
6vmz_R3P_C_404,1.4709773e-07,0.95983833,0.043420008,0.12900533,0,0.19211196,0.19255917
6vo2_R67_A_403,0,0.85925299,0.043504318,0.13003999,0.04929356,0.18892087,0.19159717
6vo2_R67_B_403,0,0.66108591,0.043464353,0.12864148,0,0.17687844,0.18992055
6vv1_RMJ_A_501,0,0.66108588,0.043464393,0.12864214,2.8041633e-05,0.17687954,0.1899205
6vv9_RQ1_A_202,0.0013911405,0.66059882,0.044053478,0.13864193,0.42513009,0.19355688,0.18928852
6vv9_RQ1_B_304,0.49085464,0.66042829,0.040791851,0.14678774,0.42490908,0.19871358,0.19308531
6w0x_S6J_A_301,0.96992206,0.65990939,0.038032353,0.16197767,0.7322208,0.21581459,0.19633648
6w0x_S6J_B_301,0.98126651,0.65967041,0.038245823,0.16698619,0.93755264,0.22398387,0.19611395
6x9d_HYP_A_2002,0.97339818,0,0.038482424,0.16749097,0.9988529,0.19268033,0.1901362
6x9d_HYP_B_2002,0.96682013,0,0.038526644,0.16738792,0.99912904,0.1926217,0.19008475
6xim_XLS_A_397,0.99491317,0.66073542,0.036839125,0.14527504,0.0029086705,0.18748703,0.19763325
6xim_XLS_B_397,0,0.6605993,0.044062748,0.13861878,0.42513072,0.19354222,0.18927772
6xim_XLS_C_397,0,0.6605993,0.044062748,0.13861878,0.42513072,0.19354222,0.18927772
6xim_XLS_D_397,0.99130531,0.66029469,0.037406798,0.15427919,0.38907336,0.20258776,0.19702128
6xu3_PLG_B_401,0,0.6605993,0.044062748,0.13861878,0.42513072,0.19354222,0.18927772
6xu3_PLP_D_401,0,0.65995127,0.044859905,0.15191013,0.99131844,0.21574103,0.18842139
6xzx_O5H_A_302,0.86854814,0.65982334,0.038857171,0.16277984,0.83830471,0.21890408,0.19538974
6y4f_GLU_A_202,0.95041491,0,0.037527102,0.14862399,0.21139587,0.16153435,0.19114309
6y4z_TLA_D_301,0.99618235,0,0.038297268,0.16731437,0.97516837,0.19199147,0.19034863
6yaw_P9H_A_301,0,0.95287341,0.044019039,0.13896878,0.42477879,0.20842877,0.1918583
6yk5_PVK_A_312,0.99633508,0.65959662,0.038229717,0.16864263,0.99743363,0.22649032,0.19614028
6yk6_OUB_A_311,0.99551536,0.65959999,0.038231386,0.16856575,0.99473959,0.22637606,0.19613799
6ypv_AKG_A_302,0.99691914,0.65975665,0.038028737,0.16536622,0.85743381,0.22100808,0.19635653
6zac_QDE_A_4000,0,0.6605993,0.044062748,0.13861878,0.42513072,0.19354222,0.18927772
6zi7_QR8_A_502,0,0.6605993,0.044062748,0.13861878,0.42513072,0.19354222,0.18927772
6zi7_QR8_C_502,0.053298546,0.66058073,0.043707584,0.13950579,0.42510666,0.19410375,0.18969116
6zi7_QR8_F_503,0,0.6605993,0.044062748,0.13861878,0.42513072,0.19354222,0.18927772
6zi7_RAM_D_503,0.007081322,0.66099936,0.043520582,0.13048363,0.073458542,0.17983293,0.18986438
6zug_QPW_H_1001,0.99218168,0.66025364,0.037451169,0.15513098,0.4246827,0.20399527,0.19697414
7ak3_RH8_A_501,0,0.6605993,0.044062748,0.13861878,0.42513072,0.19354222,0.18927772
7bp1_CAQ_A_401,0.99365204,0.99648061,0.03819644,0.16898737,0.99656832,0.24358278,0.19909217
7bp1_CAQ_C_401,0.99441545,0.99556071,0.03818804,0.16894142,0.99411729,0.24344778,0.19909366
7bp1_CAQ_D_401,0.98569628,0.99593816,0.03684671,0.14546139,0,0.20436142,0.20052559
7bqu_EF2_A_501,0.78958698,0.99578968,0.039557071,0.16560196,0.99712986,0.24141448,0.19750193
7bzm_GIM_B_501,0,0.8692706,0.044711323,0.15020446,0.90780873,0.22312323,0.19039343
7c7g_FJR_A_402,0.99076541,0.66073824,0.036865078,0.14517789,0.0017118082,0.18739636,0.19760289
7cne_SIN_A_402,0,0.73499798,0.043498825,0.12948982,0.032297775,0.18192215,0.19052602
7cwd_GAL_A_902,0.92003339,0.66076487,0.037333977,0.14396013,4.5540684e-06,0.18658333,0.19705684
7jis_VBS_A_1101,0.99470933,0.66073882,0.036836389,0.14520337,0,0.18737085,0.19763607
7jo3_VGS_A_302,0.98560844,0.97441824,0.038247494,0.16872961,0.99243681,0.24221145,0.19884125
7joc_ARZ_A_302,0.98923768,0.65963832,0.038228764,0.16772006,0.96316359,0.22507197,0.19613705
8cpp_TCM_A_422,0.078946401,0.66100817,0.043000055,0.13098533,0.043855689,0.17943045,0.19046658
8icd_ICT_A_418,0.86263823,0.93969954,0.037719195,0.14408066,0.03138311,0.20142763,0.19902719
