PDB_CCD_ID,surfdock,unimol,diffdock,diffdock_l,gnina,autodock,smina
19gs_BSP_A_210,0.007388756,0.98557239,0.104555,0.10930192,0.0039881531,0.24562558,0.20771901
1a49_OXL_A_533,0.98958419,0.93781074,0.10831438,0.1052832,0.00010669079,0.25572612,0.20339429
1a49_OXL_D_2333,0.99569192,0.96645288,0.10860528,0.10519828,9.8789352e-05,0.25611889,0.20362064
1a59_CIT_A_379,0,0.93714712,0.1068983,0.11945019,0.46183449,0.2582522,0.22538961
1a9r_HPA_A_290,0,0,0.10147608,0.13289227,0.9870541,0.26279046,0.23793083
1ac4_TMT_A_296,0,0.98176216,0.1103789,0.1302465,0.95959659,0.27317355,0.24541703
1aej_NVI_A_296,0.82686768,0.98628294,0.10836607,0.10692807,0.04936543,0.25592241,0.20638289
1aer_TIA_B_700,0,0,0.0965704,0.1154824,0.19126473,0.23974619,0.20653338
1aia_PMP_A_411,0.21621794,0,0.10218659,0.13122546,0.95144949,0.26412739,0.23569952
1aiq_CB3_A_266,0.93128278,0,0.10055921,0.11159835,0.18852995,0.24986616,0.20286542
1aiq_UMP_A_265,0.97899523,0.81022196,0.11269533,0.12548591,0.90941846,0.28048907,0.23819751
1aiq_UMP_B_266,0.96432939,0,0.10514508,0.12723309,0.90938269,0.27110235,0.23117996
1aj8_CIT_A_1000,0,0.93700491,0.10689699,0.11945049,0.46183455,0.25825058,0.22538837
1ajs_PLA_A_415,0.9487998,0.96056931,0.11429199,0.12649354,0.9641239,0.28345436,0.24178365
1amq_PMP_A_413,0,0,0.098271121,0.12151813,0.4671525,0.24773528,0.21741838
1anc_BEN_A_384,0.010602554,0.8829061,0.10644278,0.11951997,0.46185558,0.25775117,0.22487622
1aog_MAE_A_501,0.99516562,0.89660671,0.1079735,0.10540241,0.0026800362,0.25539262,0.20311483
1aua_BOG_A_1,0,0,0.095391341,0.11129801,1.1729994e-07,0.2342076,0.19898713
1aua_BOG_A_2,0.15718129,0,0.096067415,0.11065256,9.016949e-09,0.235929,0.19838626
1axg_ETF_A_404,0,0.95193289,0.10703491,0.1194193,0.46182858,0.25842043,0.22551851
1axg_ETF_B_404,0.99135464,0.98447323,0.11479735,0.12662901,0.9805795,0.28466909,0.24247887
1axg_ETF_C_404,0.99069673,0.96246439,0.11423404,0.12541019,0.92264914,0.28273376,0.24000367
1axg_ETF_D_404,0.41097855,0.97108532,0.11206024,0.12862468,0.96158857,0.2776106,0.24383137
1bcs_ARG_A_426,0,0,0.095391341,0.11129801,7.4498829e-08,0.2342076,0.19898713
1bit_BEN_A_246,0.97175269,0.94326616,0.10828744,0.10534273,0,0.25558986,0.20350587
1bit_BEN_A_247,0.010075766,0.83814091,0.10602694,0.11961566,0.46187353,0.25723608,0.224488
1bo8_U_A_318,0.95434796,0,0.10558468,0.12898656,0.98765853,0.27325973,0.23430645
1bqp_MAN_B_401,0.97770897,0.96333196,0.1146439,0.12708608,0.99689744,0.28475146,0.24299032
1ca7_ENO_A_501,0,0.90604403,0.10661095,0.11951517,0.46184694,0.25789832,0.22511847
1ca7_ENO_C_701,0.97770249,0.90243739,0.11384274,0.12636679,0.95822014,0.28293805,0.24093282
1cdk_MYR_A_403,0.97867701,0,0.10543981,0.12800113,0.94718211,0.27235407,0.23261647
1cdk_MYR_B_403,0.9745238,0.88011681,0.11286216,0.12372687,0.83482987,0.27907599,0.23588184
1cgk_NAR_A_390,0,0,0.09539134,0.11129801,0,0.23420759,0.19898712
1cib_HDA_A_437,0,0.93051469,0.10683703,0.11946405,0.46183715,0.25817674,0.2253318
1cib_IMP_A_440,0,0,0.095392656,0.11130268,0.00021334828,0.23421377,0.19899554
1ck6_SHA_A_900,0.98848707,0.98775244,0.1087705,0.10518135,3.130899e-07,0.25627965,0.20383022
1cq1_BGC_B_455,0.66765475,0.94477314,0.10691195,0.10645384,0.00039786642,6.5250751e-05,0.20439296
1d3g_ORO_A_399,0.20925065,0,0.09730005,0.11401845,0.16362501,0.24123746,0.20464295
1d6u_HY1_A_2001,0.99426473,0.99667157,0.11501449,0.12691779,0.99548726,0.28527154,0.2431624
1d6u_PEA_A_2003,0.99015159,0.97472167,0.10865731,0.10520187,9.891639e-06,0.25614979,0.20371049
1d7a_AIR_A_300,0.67609753,0.96195378,0.10720082,0.10656182,0.0020084039,0.25262285,0.20487844
1d7a_AIR_B_350,0.95471767,0.88806388,0.10771912,0.10558111,0.0024426256,0.2548455,0.20318551
1d7a_AIR_C_400,0,0.9257566,0.10679307,0.11947399,0.46183905,0.25812261,0.22529032
1d7a_AIR_D_450,0.97994517,0.91292722,0.10804234,0.10537232,1.5505939e-06,0.25533419,0.20320979
1daf_DSD_A_225,0.87448279,0.98706643,0.1082738,0.10565092,0,0.25502329,0.20426002
1dai_DSD_A_225,0.89260721,0.98709623,0.10835203,0.10557643,0,0.25522212,0.204191
1diw_GAL_A_1400,0,0.97379023,0.10439538,0.1092895,0.0009117094,0.24532142,0.20752303
1dna_CB3_A_601,0,0,0.09539134,0.11129801,1.4744818e-11,0.23420759,0.19898712
1dna_CB3_B_602,0.91066295,0,0.099539041,0.10837728,0.037427377,0.24526475,0.19698257
1dpm_EBP_A_900,0,0.74387868,0.10511272,0.11985398,0.46191183,0.25605327,0.2237048
1dpm_EBP_A_901,0.00036292408,0.9780366,0.10443059,0.10925933,5.190402e-06,0.2453475,0.20752295
1dpm_EBP_B_902,0.75421767,0.91797723,0.10711897,0.10629184,0.00014395142,0.2529237,0.20412239
1duc_DUD_A_201,0.49790609,0,0.097797056,0.11019069,0.042842225,0.24090114,0.19877408
1dxy_COI_A_404,0.96684591,0.94556853,0.10832336,0.10548497,0.0057999504,0.25573029,0.20377355
1dy3_87Y_A_201,0,0.97766173,0.11051045,0.13085638,0.98708305,0.27392281,0.24646571
1e26_GPB_A_208,0.61697191,0.98369541,0.11270296,0.12647552,0.90321794,0.27831988,0.24085099
1e2j_THM_A_500,0.98420793,0,0.099625989,0.1072612,0.0002166641,0.24499265,0.1952333
1e2j_THM_B_500,0.98410595,0,0.10004401,0.10874671,0.068098697,0.24695725,0.19791194
1e2s_CSN_P_701,0.89353797,0.29911644,0.10218111,0.10765313,0.029593188,0.24825603,0.19934984
1e48_13P_P_302,0.85673679,0,0.10420738,0.12598946,0.83234214,0.26769311,0.22855167
1e5f_PLP_A_405,0.4238894,0,0.09721459,0.10955735,0,0.23884992,0.1973667
1e5f_PLP_B_405,0.39337695,0,0.10320075,0.13139285,0.99235377,0.26725209,0.23663615
1e7h_PLM_A_1007,0.99092652,0.96956467,0.10861293,0.10520921,0,0.25609927,0.20366212
1e8g_FCR_B_601,0.99606219,0.97599423,0.10910543,0.10663333,0.066671352,0.25815938,0.20632909
1e8m_P0H_A_724,0.97430306,0.88926204,0.10916095,0.11027685,0.22087112,0.26139884,0.21173909
1ei6_PPF_A_410,0.97993212,0.83340009,0.10996053,0.1149538,0.43038769,0.26689158,0.21949633
1ei6_PPF_C_413,0,0.85570918,0.10361763,0.11064766,0.051749333,0.24544911,0.20849811
1ei6_PPF_D_412,0.99636031,0.88534888,0.11386064,0.12666489,0.97372118,0.28339669,0.24132392
1eow_U2G_A_130,0,0,0.098912974,0.12379602,0.57127266,0.25075037,0.22152639
1euu_GAL_A_2,0.052775123,0.74695083,0.10536809,0.1196308,0.46190754,0.25666614,0.22352975
1eyw_PEL_A_404,0.0035114931,0.96758981,0.10528661,0.11260062,0.15232892,0.24967399,0.21342958
1eyw_TEN_A_403,0.98636349,0,0.101704,0.11459415,0.33580396,0.25473411,0.20846548
1f5f_DHT_A_253,0.98975694,0.99476085,0.11499093,0.12698812,0.99767391,0.28526374,0.24324923
1fdk_GLE_A_150,0,0,0.09539134,0.11129801,6.3696569e-10,0.23420759,0.19898712
1fds_EST_A_350,0.99721255,0.83103234,0.10743009,0.1057213,0.011396672,0.25492083,0.20287853
1fm8_DDC_A_501,1.2272612e-05,0.99245385,0.10456228,0.10923062,6.0014969e-08,0.24550766,0.20764993
1foi_14W_A_810,0,0.99540042,0.10458947,0.10922459,2.4001213e-06,0.24554114,0.20767579
1foi_14W_B_810,0,0.99301916,0.10456745,0.1092295,8.0473767e-08,0.24551396,0.20765491
1fp2_HMO_A_2000,0,0.92100725,0.10674919,0.11948391,0.46184095,0.25806857,0.22524892
1fqo_F6R_B_2268,0.94851056,0.94831394,0.11355968,0.12432768,0.8639032,0.28040948,0.23772363
1fs5_16G_A_1267,0.22979798,0.97451995,0.10538492,0.10832439,1.2464404e-07,0.24782002,0.20661498
1fsa_F6P_A_338,0.98133986,0.91052122,0.10820519,0.10600715,0.029052086,0.25616331,0.20432963
1fsa_F6P_B_338,0.96123392,0.97265526,0.1145081,0.12665312,0.9842941,0.28402576,2.1935784e-05
1fuq_CIT_A_1001,0.7328087,0.89260135,0.10679162,0.10642983,1.6959119e-05,0.25239664,0.20397772
1fuq_CIT_B_1002,0.42350044,0.9669304,0.10614797,0.10754483,2.677879e-06,0.24985506,0.20580836
1fwn_PEP_A_1268,0,0.97246389,0.11003369,0.12934569,0.91753597,0.2718497,0.24367639
1fwn_PEP_B_2268,0.9953144,0.96362355,0.11401732,0.12451119,0.882534,0.28163589,0.23841341
1g4s_TPS_A_2001,0.98867079,0.9833517,0.11483784,0.1268638,0.99070117,0.28492003,0.24287869
1g4s_TPS_B_2002,0,0.98254196,0.10447063,0.10925132,0,0.24539467,0.20756345
1g6n_CMP_A_621,5.0567369e-07,0.99572185,0.11072927,0.13100305,0.99550708,0.27437239,0.24695571
1g6n_CMP_B_622,0,0.99243928,0.11067945,0.13094073,0.99234586,0.27424346,0.24680234
1g6t_S3P_A_601,0.99198286,0.96177999,0.11112962,0.11439181,0.41918545,0.26816088,0.22012888
1g72_PQQ_A_701,0,0,0.10150728,0.13300301,0.99211557,0.26293703,0.23813053
1g72_PQQ_C_703,7.0264733e-06,0,0.098240161,0.12140813,0.46220947,0.24758978,0.21722002
1g79_PLP_A_260,8.7059167e-05,0.90095242,0.10656428,0.11952545,0.46184897,0.25784135,0.22507375
1g8z_GAL_D_104,0.94144543,0.97509055,0.10845263,0.10540609,0.00023796911,0.25562718,0.2039089
1g8z_GAL_G_104,0.99236488,0.95916607,0.11202684,0.11765975,0.56838283,0.27245572,0.22599111
1g8z_GAL_H_104,0.96352562,0.96128231,0.10842273,0.10535387,0.00068052065,0.25572459,0.20372142
1gck_PLP_B_913,0,0,0.09539134,0.11129801,0,0.23420759,0.19898712
1gey_PPE_A_413,0,0.94881201,0.10700607,0.11942582,0.46182983,0.25838492,0.2254913
1gim_HDA_A_438,0,0.95115893,0.10702776,0.11942091,0.46182889,0.25841162,0.22551176
1gim_IMP_A_440,0,0,0.095392785,0.11130314,0.00023428362,0.23421438,0.19899637
1giu_ADE_A_300,0.98646955,0,0.10059167,0.11064451,0.1552893,0.24950798,0.20134296
1gkc_NFH_A_1448,0.99085417,0.97566059,0.11472714,0.12669688,0.98274896,0.28462609,0.24248946
1gsi_TMP_A_1210,0.97981491,0,0.10161047,0.11438908,0.32520119,0.25435536,0.20807219
1gsq_GDN_A_203,0.73101184,0.95409597,0.10735203,0.10630875,1.0867999e-07,0.25307664,0.20452069
1gz5_G6P_A_901,0.70041485,0.97877921,0.10744852,0.10638301,1.6373853e-06,0.25302263,0.20485317
1gz5_G6P_B_901,0,0.9722514,0.10437555,0.10927278,1.2221562e-06,0.24527754,0.20747368
1gz5_G6P_D_901,0.82702458,0.97549452,0.10796275,0.10586993,1.2766772e-06,0.25437182,0.20434049
1gz5_UDP_C_900,0.95703959,0.95589697,0.11403486,0.12558435,0.92366707,0.28231986,0.24011517
1gz5_UDP_D_900,0,0.96637626,0.10931656,0.12701295,0.81032892,0.26867591,0.23939346
1h0v_UN4_A_1299,0,0.93373407,0.10686677,0.11945732,0.46183586,0.25821337,0.22535986
1h18_DTL_A_9009,0.99448401,0,0.099921513,0.10811093,0.040986001,0.24628578,0.19680255
1h18_DTL_A_9010,0.99086552,0,0.099713639,0.10748625,0.019086985,0.2453883,0.013464461
1h18_DTL_B_9009,0.99240068,0,0.099659905,0.10722286,2.0181051e-06,0.24507616,0.19519351
1h18_DTL_B_9010,0.97209303,0,0.099902196,0.10847612,0.053475467,0.24640223,0.19738091
1h18_PYR_A_1001,0,0.98341294,0.11026043,0.12976848,0.9379037,0.27256417,0.24457556
1h1i_QUE_A_1358,0.99344516,0.99337223,0.11497443,0.12690657,0.99450636,0.2851966,0.24309804
1h1i_QUE_B_1356,0.99406393,0,0.09958511,0.10707609,0,0,0.19488986
1h1i_QUE_D_1357,0.99102434,0,0.099653972,0.10722847,0,0.24506103,0.19519869
1h1m_KMP_A_1360,0,0.98834119,0.11060929,0.13083469,0.98710826,0.27404514,0.24655992
1h1m_KMP_B_1358,0,0.99018301,0.10454124,0.1092354,0,0.24548167,0.20763015
1h1m_KMP_C_1358,0,0.98772055,0.11063733,0.13095584,0.99258705,0.27419672,0.24677066
1h48_C5P_A_203,0.99086604,0.92561991,0.1141416,0.1263639,0.9627664,0.28347782,0.24126422
1h48_C5P_B_901,0,0.95327625,0.10704732,0.11941649,0.46182804,0.25843571,0.22553022
1h48_C5P_E_901,0.98758089,0.95238654,0.1142969,0.12604513,0.95012735,0.2833806,0.24101175
1h48_C5P_F_901,0.9961927,0.85419986,0.11358469,0.12677522,0.97576667,0.28309943,0.24113337
1h48_CDI_A_201,0,0,0.10151728,0.13303851,0.99373842,0.26298403,0.23819456
1h48_CDI_B_902,0.90556716,0.96987863,0.11417235,0.12658176,0.96092771,0.28299432,0.24190407
1h48_CDI_C_902,0.89463906,0,0.10536373,0.12935907,0.99347825,0.27277434,0.23476432
1h48_CDI_F_902,0,0,0.10150614,0.13299897,0.99193123,0.26293169,0.23812326
1h48_GPP_C_904,0.96648463,0.051061276,0.10055916,0.10913539,0.08741935,0.24790512,0.19918729
1h48_GPP_E_904,0,0.83435966,0.10594867,0.11966494,0.46187562,0.25708273,0.22449357
1h5r_G1P_A_1294,0.84403737,0.4854717,0.10569131,0.11456987,0.3542036,0.25923571,0.21397305
1h5r_G1P_B_1294,0.9828736,0.94365805,0.11433923,0.12659098,0.97336326,0.28390253,0.24187032
1h5r_G1P_C_1294,0,0.97273598,0.10438012,0.1092721,1.6174966e-05,0.24528349,0.2074785
1h5r_G1P_D_1294,0,0,0.09539134,0.11129801,0,0.23420759,0.19898712
1h5r_THM_A_1292,0.99569826,0,0.099674177,0.10720963,1.6440774e-05,0.24511269,0.19518147
1h5r_THM_A_1293,0.98071657,0,0.10306775,0.11954336,0.56096788,0.26119251,0.21737079
1h5r_THM_B_1292,0.95763577,0,0.099510602,0.10736643,3.9230732e-05,0.2446965,0.19532788
1h5r_THM_C_1292,0,0,0.096417583,0.11494007,0.16647514,0.23902834,0.20555531
1h5r_THM_C_1293,0,0,0.095392828,0.11130329,0.00024132294,0.23421458,0.19899665
1h5r_THM_D_1292,0.98919434,0,0.10197789,0.11551131,0.37825773,0.25599448,0.21012965
1h5r_THM_D_1293,0.45179086,0,0.10337749,0.13088852,0.9802655,0.26754177,0.23593591
1h69_ARH_A_1275,0,0,0.095391341,0.11129802,1.7418503e-07,0.2342076,0.19898713
1h69_ARH_B_1275,0,0,0.10098239,0.13114022,0.90696923,0.26047139,0.23477112
1h69_ARH_C_1275,0,0,0.09539137,0.11129812,4.7567371e-06,0.23420773,0.19898731
1h7q_TYD_A_1258,0.55942237,0,0.097798331,0.10900357,0.00012674876,0.24033791,0.1968536
1h82_GZZ_A_590,0,0.94736517,0,0.11938288,0.45955057,0.25828612,0.22538183
1h82_GZZ_B_590,0.95906774,0.96076084,0.11108419,0.11490373,0.43630952,0.26828467,0.22092143
1h82_GZZ_C_590,0,0.95350798,0.10704946,0.11941601,0.46182795,0.25843835,0.22553224
1h8p_PC_A_1110,0,0.87982616,0.10636872,0.11956995,0.46185743,0.25760003,0.22488992
1h8p_PC_B_1110,0.98868054,0.91480008,0.11036452,0.11337904,0.36779961,0.26610179,0.21770403
1h8p_PC_B_1111,0,0.9354496,0.10688262,0.11945374,0.46183517,0.25823289,0.22537482
1hkn_N2M_D_5139,0.99528217,0.25884882,0.10206421,0.10667179,0,0.24805487,0.19744183
1ho5_ADN_A_1604,0.98369689,0.94587035,0.10836289,0.10528828,1.1532432e-06,0.25575035,0.20348298
1ho5_ADN_B_2604,0.97807602,0.97888497,0.10864378,0.10524256,6.0170552e-09,0.25606466,0.2037926
1hot_16G_A_269,0.00032804334,0.97630555,0.10441442,0.10926296,2.5018792e-08,0.24532726,0.20750777
1hot_16G_B_271,0.27312227,0.968443,0.10551512,0.10815915,4.3482707e-07,0.24822531,0.20639633
1hq2_PH2_A_181,0.99671125,0.96316756,0.11471288,0.12696852,0.99507507,0.28490493,0.24284434
1hsb_ALA_C_1,0,0,0.09539134,0.11129801,0,0.23420759,0.19898712
1hsr_BHO_A_800,0.99664928,0.99188539,0.10884382,0.10513928,2.819143e-06,0.25641617,0.20383519
1if4_FBS_A_555,0.99666889,0.98795365,0.1149415,0.12691624,0.99503764,0.28518559,0.24305938
1ij8_BNI_A_501,0.74154892,0.95511663,0.10741742,0.10630108,0.0017244195,0.25325359,0.20455735
1ij8_BNI_B_502,0.83194396,0.95623627,0.1089605,0.10998728,0.18729102,0.25962991,0.211543
1iki_REY_A_400,0.85864645,0,0.10411694,0.1256315,0.81633863,0.26725059,0.22791296
1iri_E4P_A_601,0.99636509,0.95515978,0.11339395,0.12257376,0.79336733,0.27896896,0.23481749
1iri_E4P_B_602,0.98966565,0.95990547,0.1085223,0.10524891,0.00065815938,0.25599455,0.2036086
1iri_E4P_C_603,0.99298605,0.96082443,0.11053563,0.11229768,0.323562,0.26539194,0.21634393
1iri_E4P_D_604,0.99168967,0.97216147,0.11406889,0.12446667,0.88063136,0.2816383,0.23842672
1isx_XYP_A_1461,0.032025759,0.96506034,0.11046494,0.130514,0.97624465,0.27381621,0.24580566
1isx_XYP_B_961,0.94605276,0.97208371,0.11445539,0.12672505,0.97528673,0.28387862,0.24233508
1itw_ICT_A_743,0.98770296,0.92865869,0.10822749,0.10533046,0.0010421281,0.2556284,0.2033585
1itw_ICT_B_744,0,0.92113103,0.10675033,0.11948365,0.4618409,0.25806998,0.22524999
1itw_ICT_D_743,0.98668586,0.78255559,0.10687324,0.10563971,0.0010759672,0.25395473,0.20208843
1iwe_IMP_A_460,0,0,0.09539134,0.11129801,0,0.23420759,0.19898712
1iwe_IMP_B_1443,0.97852813,0,0.099669288,0.10752489,0.011203601,0.2452486,0.19568849
1iwe_IMP_B_1452,0,0,0.095397405,0.11131954,0.00098386525,0.23423608,0.19902594
1ixo_G3P_A_1001,0.86584543,0,0.099283348,0.10833801,0.027220164,0.24447834,0.19675118
1ixo_G3P_B_1002,0.83841247,0,0.10406229,0.12582951,0.82159133,0.2671811,0.22819755
1ixo_G3P_D_1004,0,0,0.095487719,0.11164005,0.015634324,0.23466033,0.19960397
1j0n_CEG_A_780,0,0,0.09539139,0.11129819,8.1131681e-06,0.23420783,0.19898744
1j0y_BGC_B_2601,0.9543416,0.98244992,0.11422153,0.12537301,0.91602912,0.28237146,0.2400559
1j0y_BGC_C_3601,0.99731894,0.97767278,0.1148473,0.12692791,0.99471414,0.28506629,0.24295439
1j0y_BGC_D_4601,0.99550916,0.9816682,0.11488095,0.12694304,0.99544638,0.28511316,0.24302507
1j3i_UMP_C_611,0.95413995,0,0.10547827,0.12861294,0.9705415,0.27276178,0.2336319
1j3i_UMP_D_711,0.98312368,0,0.10563826,0.12861929,0.97627229,0.27324515,0.23374721
1j3i_WRA_A_609,0,0.99015522,0.10826081,0.12243683,0.60342269,0.26295512,0.23143764
1j3i_WRA_B_709,0.97842315,0.99489507,0.11097391,0.1129469,0.35374769,0.26649449,0.21788795
1j3k_UMP_C_611,0.98438715,0,0.10575787,0.12901931,0.99479399,0.27379534,0.23447315
1j3k_WRA_A_609,0.97624103,0.9934278,0.11480337,0.12663081,0.97867757,0.28455045,0.24253977
1j3k_WRA_B_709,0.98990463,0.99566085,0.10918647,0.1063543,0.054633894,0.25796729,0.20604937
1j54_TMP_A_2000,0.98734221,0,0.10549929,0.12804438,0.95078537,0.27255331,0.23272551
1ja9_PYQ_A_406,0,0.97089405,0.10444925,0.10958169,0.013991928,0.24566722,0.20801383
1jf0_CZH_A_197,2.1247351e-08,0.99184997,0.11068768,0.13099051,0.99456484,0.27430101,0.24688474
1jho_NIO_A_991,0.74250038,0.99493667,0.11209771,0.12150383,0.70059852,0.27395522,0.23247501
1jhv_NIO_A_991,0.74166281,0.99598565,0.11388043,0.1278102,0.98879985,0.28230365,0.2438582
1jhv_PCR_A_990,0.99831,0.99501148,0.10891341,0.10524505,0.0054470704,0.2566276,0.20407093
1jl0_PUT_A_401,0.045505925,0.90215522,0.10677074,0.11933639,0.46184586,0.25835239,0.22491054
1jla_TNK_A_999,0.9910065,0,0.10573545,0.12881152,0.9865385,0.27362877,0.23412213
1jtk_THU_A_138,0,0.95567749,0.11021916,0.13058937,0.97278509,0.27325846,0.24570969
1jtk_THU_B_1138,0.98802818,0.96226708,0.11449506,0.12639511,0.96714939,0.28399092,0.24176788
1jw0_GUA_B_999,0,0.88972707,0.1064602,0.11954926,0.46185347,0.25771268,0.22497623
1jyw_147_A_2001,0.98575778,0.96233771,0.1093533,0.10818893,0.13454226,0.25985642,0.20892709
1jyw_147_C_2001,0.97471888,0.96856532,0.10918368,0.1075836,0.10539402,0.25896237,0.20787362
1jyx_IPT_A_2001,0,0.97448388,0.1083899,0.12344154,0.64785474,0.26406334,0.23305389
1jyx_IPT_B_2001,0.98629703,0.96488624,0.11460981,0.12674454,0.98304585,0.2844621,0.24242455
1jyx_IPT_C_2001,0,0.98310258,0.11054659,0.13079488,0.98479017,0.27391836,0.24642273
1jyx_IPT_D_2001,0.99098755,0.9567982,0.11454739,0.12671424,0.9817712,0.28438447,0.24228573
1jyx_IPT_D_2002,0.00063084568,0.96610554,0.1043835,0.10950313,0.010063584,0.24550585,0.20781463
1k5s_GRO_B_601,0,0.96654426,0.1098663,0.12895808,0.89925485,0.27125292,0.24290345
1k8z_IAG_A_501,0.99442625,0.96225639,0.10853186,0.10515616,0.0056558862,0.25597049,0
1kae_HSO_A_1001,0.97038463,0,0.10558099,0.12866283,0.9758712,0.27309403,0.23378008
1kar_HSM_A_502,0.0014684532,0,0.098246447,0.12140212,0.46220939,0.24760579,0.21721443
1kbq_936_A_703,0.99387654,0.98181182,0.10873879,0.1051716,6.7692787e-07,0.25627105,0.20375777
1kbq_936_C_701,0.99192282,0.9607106,0.10853539,0.10522356,8.1288974e-08,0.25600938,0.20358103
1kbq_936_D_702,0.98438844,0.98973226,0.10877123,0.10519428,1.055005e-05,0.2562576,0.20386357
1kdo_C_A_5407,0.96351685,0.97707829,0.11466369,0.1269518,0.98940465,0.28453558,0.24286893
1kep_TDX_A_3500,0.14504393,0,0.096015676,0.11070406,7.5800224e-05,0.23579827,0.19843565
1kfc_IPL_A_674,0.99350644,0.94924874,0.11076264,0.11349696,0.37737549,0.26682416,0.21836408
1ki2_GA2_A_1,0.95137752,0,0.099483442,0.10739127,0,0.24462683,0.19535025
1ki2_GA2_B_2,0.98928761,0,0.099649398,0.10724588,0.00046980284,0.24505561,0.19522387
1klk_PMD_A_653,0.99428941,0.98386265,0.11486164,0.12682159,0.98987492,0.28496345,0.24282907
1klz_U_A_2001,0.96733147,0,0.10551985,0.12850498,0.96808301,0.27283506,0.23348448
1km6_OMP_A_2001,0.97817557,0,0.10568275,0.12887305,0.98694232,0.27349994,0.23418711
1knu_YPA_A_1001,0.98339956,0.72652695,0.10633473,0.10574638,2.0392343e-09,0.25324965,0.20156949
1kuj_MMA_A_501,0.97735509,0.94941724,0.11450786,0.12709546,0.99593486,0.28456128,0.24283223
1kuj_MMA_C_502,0.99014569,0.94943352,0.11446656,0.12670054,0.98028587,0.28424839,0.24216606
1kuj_MMA_E_503,0.97973905,0.96051019,0.11459317,0.12696513,0.99148163,0.28458474,0.24274425
1kuj_MMA_G_504,0,0.96582449,0.11045267,0.13106418,0.99545417,0.27403044,0.24669266
1kwc_BPY_B_401,0.99651389,0.99116452,0.10885528,0.10520772,0.0030372542,0.25649435,0.20394913
1kwu_MMA_A_501,0,0.95346127,0.10704903,0.1194161,0.46182797,0.25843782,0.22553183
1kwu_MMA_B_601,0.017913055,0.93323504,0.10693921,0.11938479,0.46183502,0.25840385,0.225287
1kya_XYD_B_612,0.9916317,0.9752551,0.11476112,0.12681656,0.98832672,0.28479151,0.24270301
1kya_XYD_D_814,0.015163434,0.97004199,0.11054324,0.13094476,0.99324334,0.27418051,0.24658428
1l4f_150_A_990,0.99368633,0.98467331,0.10890598,0.10566883,0.022965378,0.25696655,0.20468954
1l4f_NCN_A_991,0.9681295,0.99178363,0.114863,0.12705692,0.99647566,0.28495829,0.24325864
1l4n_NIO_A_991,0.76503037,0.99500638,0.11393711,0.12759287,0.98315863,0.28238506,0.24353775
1l5o_2MP_A_990,0.99710042,0.99368906,0.10894985,0.10544392,0.014184438,0.25685232,0.20440873
1l5o_NCN_A_991,0.96830921,0.9930576,0.11485202,0.12697004,0.99265934,0.28486425,0.2431185
1lc8_33P_A_800,0,0,0.10144894,0.13279597,0.98265197,0.26266299,0.23775715
1ldo_SNR_B_350,0.98395114,0.97356556,0.10861989,0.10522952,0,0.25606844,0.20372371
1lfw_AEP_A_683,0,0.96861445,0.1043432,0.10928481,0.0002049184,0.24524203,0.20744997
1lnf_VAL_E_1321,0.98727058,0,0.10566536,0.12863514,0.97777478,0.27333408,0.23379064
1lo3_AN1_Y_500,0.99192112,0.97975166,0.10871134,0.1051839,0,0.25622615,0.20374724
1lqp_FCN_A_4002,0.99596532,0,0.099675225,0.10720818,8.1180276e-09,0.24511514,0.1951798
1lqp_FCN_A_4004,0,0,0.095405796,0.11134931,0.0023448928,0.2342755,0.19907964
1lqp_FCN_B_4001,0,0,0.09539134,0.11129801,0,0.23420759,0.19898712
1lro_PEP_A_1268,0,0.97226163,0.10722909,0.11939942,0.46288175,0.25868163,0.22573648
1lro_PEP_B_2268,0.0035607623,0.9731796,0.10580342,0.11423885,0.22775219,0.25192226,0.21645397
1lti_GAL_D_104,0.99229857,0.92993194,0.11433805,0.12688293,0.98717018,0.28424928,0.24225922
1lti_GAL_E_104,0.99412383,0.96631519,0.11269465,0.11974634,0.66476972,0.27534753,0.22984968
1lti_GAL_H_104,0.98568147,0.95699148,0.11457112,0.12689451,0.98903389,0.28453887,0.24259424
1luq_BTN_A_5100,0.99249329,0,0.10576043,0.12887137,0.98955304,0.27373235,0.23423538
1luq_BTN_B_5200,0.98717775,0.96500406,0.11461152,0.12672944,0.98253231,0.28445822,0.24240195
1lzz_IHG_A_830,0.9916934,0.92919724,0.10824321,0.10529017,1.2220119e-06,0.25564809,0.20330688
1lzz_IHG_B_1830,0.87990769,0.9348825,0.11086955,0.11657797,0.4955154,0.26883755,0.22333409
1m3u_KPL_A_265,0.42182256,0.84788602,0.10788788,0.11790412,0.46184577,0.26185581,0.22299827
1m3u_KPL_B_265,0.5774203,0.89648717,0.1119219,0.12751135,0.93483745,0.27780941,0.2414885
1m3u_KPL_C_265,0.63416872,0.88688332,0.10954968,0.1183282,0.52482113,0.2664484,0.22501076
1m3u_KPL_D_265,0.77151058,0.90010893,0.11224248,0.12476301,0.84598873,0.27740341,0.23727268
1m3u_KPL_E_265,0.99436588,0.96072578,0.11465231,0.12688416,0.99054643,0.2847203,0.24265332
1m3u_KPL_F_265,0.27282851,0.83831478,0.10715864,0.11853609,0.46185823,0.26011534,0.22348464
1m3u_KPL_H_265,0.2487361,0.87787079,0.10742047,0.1185524,0.4618438,0.26030157,0.22392161
1m3u_KPL_I_265,0.23320502,0.88935954,0.10745981,0.11859218,0.4618401,0.26026221,0.22408116
1m3u_KPL_J_265,0.99584105,0.93830312,0.11445475,0.12693652,0.99108144,0.28449665,0.24247307
1m7p_G3H_A_5401,0.99232306,0.97335821,0.10865399,0.10519557,0,0.25615776,0.2036899
1m7p_G3H_B_6401,0.98070982,0.96292308,0.10850761,0.105265,0,0.25591176,0.2036432
1m9j_CLW_A_906,0.0010600658,0,0.09824469,0.1214038,0.46220941,0.24760131,0.21721599
1m9j_CLW_B_907,0.54462011,0,0.097733884,0.10906159,4.4000038e-07,0.24017214,0.1969052
1mex_RAC_H_601,0.95570862,0.98557876,0.11225335,0.11825247,0.59110997,0.27301313,0.22725847
1ml4_PAL_A_385,0.98836746,0.96753583,0.11470672,0.12695594,0.99335002,0.28481333,0.2428463
1mmx_FUC_A_348,0.12276465,0.95600972,0.10476237,0.10883397,0.0014398473,0.24647876,0.20691937
1mmx_FUC_B_348,0.084803449,0.92972479,0.10719447,0.11911738,0.46183255,0.2590964,0.22500059
1mmy_G6D_A_348,0.060535724,0,0.098500494,0.12115951,0.46220597,0.24825261,0.21698853
1moo_4MZ_A_264,0.055030513,0,0.098476816,0.12118213,0.46220628,0.24819232,0.21700958
1moo_4MZ_A_265,0.99139843,0,0.099655634,0.10722712,8.5848719e-06,0.24506537,0.1951976
1mrj_ADN_A_300,0.99255623,0.98721051,0.10878299,0.10516576,0,0.25631804,0.20380992
1mrq_STR_A_501,0.98824881,0.97981706,0.10869615,0.10519885,0,0.25618668,0.20376185
1msv_PUT_B_355,0.93965909,0.91313909,0.11354248,0.1256649,0.92001553,0.28153694,0.23966432
1n1i_HIS_C_501,0.8243796,0,0.098946,0.10794403,0.0014285187,0.24327735,0.19589209
1n3o_GYP_A_1001,0,0.94680066,0.10698749,0.11943002,0.46183063,0.25836204,0.22547377
1n3o_GYP_B_1101,0.042341654,0.96103598,0.10446399,0.10915761,0.0016164724,0.24566033,0.20727765
1n5i_TMP_A_217,0.98863951,0,0.10574152,0.12887892,0.98917489,0.27367919,0.23423519
1ne4_RP1_A_401,0.9695519,0.97117567,0.114664,0.12704189,0.99409321,0.28467023,0.24297932
1ne4_RP1_A_601,0,0.88313417,0.10913369,0.12943113,0.91988095,0,0.24266636
1nf0_13P_A_5001,0.99053029,0.9324785,0.11326411,0.12301703,0.81037383,0.27913928,0.2353128
1nf0_13P_B_1150,0,0,0.095391341,0.11129801,5.8260375e-08,0.2342076,0.19898713
1ngp_NPA_H_302,0,0.95306656,0.10704538,0.11941693,0.46182812,0.25843333,0.22552839
1njr_XYL_A_285,0.9371685,0.83104973,0.10710212,0.10571984,6.1466915e-05,0.2539352,0.20266099
1nme_159_B_9002,0.97329797,0.96439468,0.10848933,0.10529239,8.3719521e-07,0.25584737,0.20368442
1nmm_NAG_B_403,0.98559406,0.97401938,0.11475046,0.12693878,0.99266223,0.28483686,0.24288636
1nmm_NAG_D_527,0.97095362,0.97198781,0.11456684,0.12664157,0.97613541,0.28417481,0.24227254
1nmz_NYM_A_301,0.97243404,0,0.10180296,0.11521516,0.3615752,0.25532784,0.20953552
1now_IFG_A_557,0.93767286,0.98300879,0.11458101,0.12695217,0.98513541,0.28419644,0.24285105
1now_IFG_B_558,0.98726233,0.98739446,0.11487993,0.12689946,0.99245148,0.28500132,0.24298842
1nrg_PLP_A_320,8.6710282e-06,0.93683635,0.10689547,0.1194508,0.46183462,0.25824876,0.22538687
1ns4_BGC_A_1400,0.071644719,0,0.098548274,0.12111389,0.46220532,0.24837425,0.21694605
1nsm_GAL_A_1400,0.018743792,0,0.098320748,0.12133117,0.46220839,0.24779496,0.21714836
1nsm_GLA_B_2400,0.019248487,0.93132093,0.10692726,0.1193833,0.46183571,0.2583967,0.22526521
1nuw_F6P_A_2336,0,0.94570488,0.10697737,0.11943231,0.46183107,0.25834957,0.22546422
1nux_F6P_A_2339,0.9712401,0.96440473,0.11325429,0.12224238,0.77438456,0.27824936,0.23424528
1o28_UFP_A_703,0,0,0.095393443,0.11130547,0.00034104143,0.23421747,0.19900058
1o28_UFP_B_708,0,0,0.095391406,0.11129825,1.0721248e-05,0.2342079,0.19898755
1o28_UFP_C_713,0,0,0.10125202,0.13209712,0.9507085,0.26173798,0.23649684
1o28_UFP_D_718,9.5050001e-05,0,0.09824054,0.12140776,0.46220947,0.24759075,0.21721968
1o29_UFP_A_803,0.00012005399,0,0.098240647,0.12140766,0.46220947,0.24759102,0.21721958
1o29_UFP_B_808,0,0,0.095394023,0.11130753,0.00043521144,0.2342202,0.1990043
1o29_UFP_C_813,0.0001942159,0,0.098240966,0.12140736,0.46220946,0.24759183,0.2172193
1o29_UFP_D_818,0,0,0.095393196,0.1113046,0.00030105738,0.23421631,0.198999
1o68_KIV_A_275,0.98739086,0.96902026,0.1102924,0.111257,0.27572336,0.26403868,0.21454941
1o68_KIV_B_275,0.9921679,0.97842617,0.11336141,0.12172812,0.75614116,0.27810991,0.23356788
1o68_KIV_D_275,0.92939119,0.99160496,0.11460632,0.1269026,0.9821337,0.28411669,0.24283931
1o68_KIV_E_275,0.9968964,0.9215331,0.11402173,0.12596419,0.9452387,0.28298976,0.24051395
1o6g_SIN_A_724,0.96743382,0.91780026,0.11261036,0.12165627,0.74244214,0.27675206,0.23259276
1o8a_NXA_A_702,0.98983562,0,0.10575737,0.12891198,0.99091045,0.27374255,0.23429909
1okm_SAB_A_555,0.99019112,0.98194388,0.11473231,0.12650892,0.97463114,0.2844553,0.24222655
1om5_INE_A_790,0.00020521086,0.98684058,0.10451141,0.10924213,2.7932529e-05,0.24544667,0.20760129
1ov5_2LP_A_403,0.99352793,0.99478198,0.11498953,0.1269094,0.99478527,0.28522163,0.24312103
1ovk_NYL_A_405,0.95630158,0.98703406,0.11474424,0.12703021,0.99258249,0.28466193,0.2431088
1owz_4FA_A_409,0.98487937,0.97461893,0.11473591,0.12688008,0.98990214,0.28475594,0.24278543
1oxp_IK2_A_411,0.96819645,0.94966152,0.10833129,0.10534419,8.2486259e-06,0.25562397,0.20357561
1p1w_AMQ_A_428,0.99363753,0,0.10561479,0.12833234,0.96512929,0.27303762,0.23326738
1p1w_AMQ_B_427,0.99633263,0,0.10524015,0.12695057,0.90247571,0.27125283,0.23078511
1p2s_ETF_A_400,0,0.7009665,0.10471626,0.11994364,0.461929,0.25556503,0.22333071
1p5g_G6P_X_658,0.98534318,0.89572445,0.10790659,0.10538596,5.5856306e-07,0.25519741,0.20303896
1p7c_THM_B_501,0.98834238,0,0.10572672,0.12883212,0.98697997,0.27361238,0.23414973
1p7l_MET_A_485,0.98409624,0,0.099624449,0.1072579,4.4855776e-05,0.24498645,0.19522695
1p7l_MET_B_385,0.97969341,0,0.099605239,0.10727501,6.4489877e-07,0.24493695,0.19524203
1pbd_PAB_A_396,0.99647336,0.98465301,0.1148886,0.12684741,0.99154026,0.28504459,0.24289333
1pfw_MF3_A_553,0.98994574,0.99201225,0.11459382,0.12567104,0.93724513,0.28348463,0.24084033
1pke_2FD_C_448,0.99291476,0,0.1000942,0.10875419,0.070094079,0.2471115,0.19795699
1pl6_572_C_409,0,0.958854,0.10596062,0.11536534,0.27721091,0.25315237,0.2182939
1pl6_572_D_411,0,0.95630496,0.10719165,0.11982308,0.48072733,0.25901672,0.22630129
1pr0_NOS_A_1245,0,0,0.10143999,0.13276421,0.98120033,0.26262095,0.23769987
1pr0_NOS_B_1246,0,0,0.09552906,0.11178677,0.022340558,0.23485453,0.19986856
1pr0_NOS_C_1247,0.97562186,0,0.10567183,0.12888374,0.98695175,0.27347225,0.23419724
1pr6_XYA_A_1245,0.98852205,0,0.10291113,0.11883636,0.53011637,0.2603846,0.21612372
1pr6_XYA_B_1246,0.98677071,0,0.10024922,0.10942334,0.099527104,0.24789653,0.19914174
1pr6_XYA_C_1247,0.95218787,0,0.09978294,0.10843847,0.048018603,0.24602621,0.1972417
1pt8_OXL_A_802,0.99584749,0.94714412,0.10842691,0.10523571,2.0559824e-08,0.25589789,0.20344761
1pt8_OXL_B_801,0.99860125,0.9804017,0.10874609,0.10515515,1.5654447e-06,0.25630676,0.20372744
1pwz_RSO_A_256,0.99704689,0.95304311,0.10849191,0.10523741,0.00086467767,0.25600323,0.20352863
1pwz_RSO_B_256,0.9951624,0.93489993,0.10831453,0.10527717,0.00060101844,0.25576838,0.20336706
1pym_OXL_A_1001,0.99587261,0.87602299,0.10776982,0.10538375,1.8353189e-09,0.25508839,0.20282672
1pym_OXL_B_1002,0.9971198,0.92552503,0.10823261,0.10527551,1.9917075e-09,0.25566567,0.20325404
1q20_PLO_A_401,4.5957738e-07,0.98976784,0.11043994,0.13018392,0.95749823,0.27320394,0.24540412
1q22_AND_A_401,0.97766242,0.99136811,0.10875735,0.10521826,1.1518876e-07,0.25620226,0.20390315
1q3a_NGH_A_480,0.99064438,0.85950608,0.11237772,0.1224142,0.7758924,0.27731117,0.23331496
1q3a_NGH_B_479,0.96675714,0.95346286,0.11407822,0.1256349,0.92756993,0.28251159,0.24021076
1q3a_NGH_C_481,0.94462054,0,0.10201617,0.11651064,0.41556956,0.25658679,0.21177216
1q4g_BFL_A_701,0.98606175,0.9863461,0.11484336,0.12682949,0.98892805,0.2848742,0.24284484
1q4g_BFL_B_1701,0.9911122,0.9888112,0.11489382,0.12682477,0.98989504,0.28498558,0.2428852
1q6r_LX1_A_7301,0.99215021,0,0.10002958,0.10853965,0.060144459,0.24681501,0.19756736
1q6r_LX1_B_9301,0.98713275,0,0.099811665,0.10786349,0.028295898,0.24583779,0.19632997
1q92_DRM_A_1001,0.98807652,0,0,0.12705478,0.90616134,0.27123426,0.23092967
1qit_MAE_A_411,0,0.85142394,0.10610632,0.11962929,0.46186879,0.25727688,0.22464232
1qjc_PNS_B_1163,0.57135051,0,0.097936191,0.10926177,0.01416753,0.24087513,0.19736197
1qmh_CIT_A_401,0,0.88300113,0.10639806,0.11956331,0.46185616,0.25763615,0.2249176
1qmh_CIT_B_401,0.95803441,0.89325502,0.10805085,0.10651308,0.04615932,0.25620687,0.20494297
1qxa_GLY_B_245,0.93014715,0.01303997,0.099512622,0.10745129,0,0.24454279,0.19554523
1r4f_AD3_B_330,0,0.28485877,0.1008719,0.120813,0.46209549,0.25083072,0.2197033
1r4s_MUA_A_800,0.082806303,0.97175427,0.1108198,0.1305562,0.98834243,0.27479889,0.24614728
1rf2_BV4_D_104,0,0.9208132,0.1067474,0.11948431,0.46184103,0.25806636,0.22524722
1rf2_BV4_E_105,0,0.92698486,0.10664301,0.11884774,0.42467202,0.25732448,0.44423549
1rf2_BV4_F_106,0,0.93492764,0.1068778,0.11945483,0.46183538,0.25822695,0.22537027
1rf2_BV4_G_107,0.028399354,0.93442121,0.10699527,0.11933924,0.46183394,0.25853218,0.22525724
1rf2_BV4_H_108,0.022685385,0.95181606,0.1071314,0.11932636,0.46182731,0.25866752,0.22543073
1rnd_DGP_A_126,0,0,0.09539134,0.11129801,1.2575528e-08,0.23420759,0.19898713
1rqh_PYR_A_602,0.47410252,0.94853187,0.10629464,0.10772684,0.01606809,0.25066498,0.20608818
1ruk_BEZ_H_601,0.99225605,0.96930848,0.10862515,0.10523579,0.0014399581,0.25615262,0.20371162
1rum_BEZ_H_1601,0.98712959,0.9750919,0.10862623,0.1051828,0.0063939891,0.25606823,0.0085915776
1rvt_NDG_H_742,0,0,0.095391343,0.11129802,4.6338268e-07,0.23420761,0.19898714
1rvz_NAG_A_3321,2.3336708e-05,0,0.098240231,0.12140806,0.46220947,0.24758996,0.21721995
1rvz_NAG_F_3331,8.6951221e-05,0.00015058308,0.098241896,0.12140748,0.46220941,0.24759237,0.21722102
1s1f_PIM_A_431,0,0,0.09539134,0.11129801,6.1802859e-09,0.23420759,0.19898712
1s2c_FLF_A_2001,0,0.97556009,0.10440612,0.10926588,7.6263792e-07,0.2453152,0.20750254
1s2c_FLF_A_2002,0,0.93205554,0.10685126,0.11946083,0.46183653,0.25819427,0.22534523
1s3u_TQD_A_187,0.5475266,0.98836486,0.11296674,0.12859403,0.98746266,0.28005203,0.24448105
1s5s_PG3_A_1,0.97213715,0.94968726,0.1134175,0.1233175,0.82229427,0.27947897,0.23600364
1s6h_4BZ_A_1,0.99692146,0.97821881,0.11470034,0.126395,0.97033242,0.28436211,0.24199871
1sep_BIO_A_801,0,0,0.10049952,0.12942655,0.82863904,0.25820312,0.23168065
1sff_IK2_A_450,0,0.96971756,0.11036345,0.13061175,0.9751447,0.27348665,0.24592534
1sff_IK2_B_450,0,0.96952305,0.11031213,0.13043641,0.96711162,0.27325182,0.2456067
1sff_IK2_D_450,0.98612264,0.97445498,0.11468065,0.12666559,0.98031553,0.28449008,0.24240101
1sjc_SMG_A_1000,0.93247286,0.93730527,0.10945187,0.11044401,0.22523458,0.26161409,0.21249051
1sjc_SMG_B_1100,0.97844694,0.93954584,0.11080226,0.11426769,0.4088544,0.26746032,0.21957894
1sjc_SMG_C_1200,0,0.93408809,0.10687004,0.11945658,0.46183572,0.2582174,0.22536295
1sjc_SMG_D_1300,0,0.95002002,0.10701724,0.11942329,0.46182934,0.25839867,0.22550183
1sqk_LAR_A_378,0,0,0.09539134,0.11129801,0,0.23420759,0.19898712
1sz6_NAG_A_5003,0,0,0.095396771,0.11131729,0.00088095403,0.2342331,0.19902188
1sz6_NAG_B_5001,7.7799723e-05,0.9388798,0.10691465,0.11944625,0.4618338,0.25827277,0.22540442
1sz6_NAG_B_5004,6.220312e-05,0,0.098240399,0.1214079,0.46220947,0.24759039,0.2172198
1t5z_DHT_A_931,0.98484995,0.99363905,0.11494106,0.12694534,0.9946907,0.28511084,0.24314049
1t87_CAM_A_1422,0.082516203,0.98911503,0.10509859,0.10965222,0.034438836,0.24737048,0.20866416
1t87_CAM_B_2422,0.081808415,0.97759823,0.10497791,0.10963929,0.032618709,0.24717889,0.20849452
1t93_FLV_A_432,0.99533845,0.9833779,0.10876445,0.10517974,0.00079637273,0.25632793,0.20379725
1tc2_7HP_A_800,0.99734029,0,0.10570476,0.12874536,0.99171433,1.0220562e-07,0.23397624
1tc2_7HP_B_810,0.99836053,0,0.1057603,0.12875726,0.98543863,0.27367746,0.23405062
1tf8_TRP_A_911,0,0,0.095391637,0.11129906,4.809949e-05,0.23420899,0.19898902
1tf8_TRP_A_913,0,0,0.10148826,0.13293553,0.98903114,0.26284771,0.23800884
1thc_FL9_A_130,3.6158123e-07,0.92919813,0.10682487,0.11946679,0.46183768,0.25816177,0.22532032
1thc_FL9_A_131,0.0034077821,0.9819991,0.10448258,0.10924663,0.00037338405,0.24543662,0.20756042
1thc_FL9_B_130,0,0.94444694,0.10696575,0.11943494,0.46183157,0.25833526,0.22545325
1thc_FL9_B_131,0.030091695,0.98618795,0.1046338,0.10912031,7.0184595e-06,0.24576594,0.20748052
1tiw_TFB_A_2002,0.62811862,0.97161368,0.10995832,0.11694045,0.46832062,0.26571074,0.22354428
1tke_SER_A_500,0.69310183,0,0.099113461,0.11108134,0.12019129,0.24527873,0.20107966
1tkh_DPN_A_911,0,0.96400167,0.10429949,0.10929058,2.9396386e-05,0.24518442,0.20740278
1tl2_NDG_A_237,0.98017459,0.96795077,0.11462496,0.12681001,0.98518128,0.28449178,0.24255895
1tl2_NDG_A_238,0.00028478674,0.95188419,0.10703568,0.11941823,0.46182858,0.25842299,0.225517
1tl2_NDG_A_239,0.97786416,0.95421403,0.11446712,0.12677372,0.98178096,0.28421161,0.24231372
1tl2_NDG_A_241,0.98446654,0.96463607,0.10854028,0.10524843,0.00011101267,0.25597563,0.20364818
1toq_AMG_A_501,0.99549451,0.95893793,0.11468152,0.12702832,0.99717729,0.28490432,0.24289501
1toq_AMG_C_502,0,0.92745487,0.10680876,0.11947044,0.46183837,0.25814193,0.22530512
1toq_AMG_G_504,0.9657646,0.94595247,0.1143229,0.1267844,0.97921127,0.28391062,0.24218648
1tsd_UMP_A_267,0.96169717,0,0.10552123,0.12861901,0.97223778,0.27289367,0.23366994
1tt6_DES_A_129,0.33418096,0,0.096821291,0.035233381,0,0.23782455,0.19764426
1tt6_DES_B_128,0.3116108,0,0.097365906,0.11226933,0.10288742,0.24059966,0.20185529
1tvw_CB3_A_318,0.18547571,0,0.096189116,0.11053637,7.7561149e-11,0.23623887,0.1982781
1u18_HSM_A_401,0.88445605,0,0.099677698,0.10937702,0.078205628,0.24615858,0.19869164
1u18_HSM_B_402,0.99603017,0,0.10502206,0.12618244,0.86730843,0.27023115,0.22939876
1u1g_BBB_A_3300,0,0.9690152,0.10434586,0.1092803,3.6819806e-05,0.24524172,0.20744684
1u1g_BBB_B_4300,0,0.95564832,0.1051128,0.11246831,0.14448488,0.24927242,0.21302928
1u1g_BBB_C_5300,0,0.98152727,0.10648167,0.11642372,0.32774737,0.25487394,0.2204857
1u1g_BBB_E_7300,0,0,0.10078755,0.13044874,0.87536247,0.25955612,0.2335241
1u2o_NEC_A_1001,0.98248375,0.9842777,0.11407635,0.12424888,0.87010244,0.28137054,0.23815226
1u2o_NEC_B_1002,0,0.98398553,0.11044702,0.13041073,0.96731487,0.27342237,0.24574096
1uay_ADN_A_1001,0.96927504,0.97851728,0.11467365,0.12682541,0.98484557,0.284483,0.24267961
1uay_ADN_B_1002,0.99461596,0.95467063,0.1151111,0.12810822,0.99770245,0.99773771,0.99770735
1ubs_SER_B_398,0.96313177,0.94124263,0.11345818,0.12393085,0.84783539,0.28002381,0.23697206
1uk7_BUA_A_1300,0.99759868,0.97235082,0.11423135,0.12492215,0.90257817,0.2823407,0.23927169
1um4_SH4_H_1001,0.95339115,0.98374385,0.11334478,0.12223475,0.77252682,0.27822028,0.23440902
1uqx_MMA_A_1116,0.90406872,0.92333776,0.11372469,0.12664529,0.95911907,0.28239563,0.2414322
1uux_PPI_A_1165,0.99515914,0.93079883,0.10827547,0.10528167,0.00041528366,0.25571627,0.20332395
1uxi_FUM_A_1311,0,0.91529939,0.10669646,0.11949583,0.46184324,0.25800363,0.22519916
1uxq_G1P_A_1503,0.95994683,0.8249602,0.10714767,0.10565264,0.00068559358,0.2541334,0.20254539
1v03_BGC_A_1498,0.91451413,0,0.10474102,0.12676411,0.87859552,0.26966526,0.2301557
1v3v_5OP_A_1360,0.94873098,0.98622764,0.10894601,0.10662752,0.058495961,0.25752079,0.2062768
1v3v_5OP_B_2360,0,0.98491371,0.10449272,0.10924699,2.7811323e-05,0.24542248,0.20758525
1v5g_HTL_A_1602,0.17612155,0,0.096694702,0.11251186,0.088541991,0.23870041,0.20180724
1v5y_4HC_A_1455,0.99504592,0.98753036,0.10879666,0.10515487,1.7080079e-07,0.25634895,0.2038032
1v5y_4HC_B_1201,0.0021852445,0.98407117,0.10449419,0.10923925,4.1809602e-06,0.24543613,0.20756861
1vje_MSE_A_301,0.98028098,0.96711162,0.10854448,0.10525806,1.1472612e-06,0.25595479,0.20368145
1vje_MSE_A_401,0.93868149,0.89802039,0.10772711,0.10557285,3.1162682e-06,0.2547126,0.20323747
1vkf_CIT_A_501,0,0.86734174,0.10625338,0.11959603,0.46186243,0.25745798,0.22478109
1vkf_CIT_C_502,0.92989323,0.757633,0.10639292,0.10590447,0.00014464409,0.25302202,0.20205125
1vkf_CIT_D_503,0.7903452,0.90373428,0.10714191,0.10617017,7.6385723e-06,0.25315325,0.20385458
1vzd_CB3_A_318,0,0,0.095391341,0.11129801,2.6442037e-08,0.23420759,0.19898713
1vzd_UFP_A_317,0.98543516,0,0.099629943,0.10725146,1.882708e-06,0.24499987,0.19522013
1vzu_UDP_B_2371,0.97566077,0.95794339,0.11388339,0.12461471,0.88303613,0.28137051,0.23845877
1w1a_NDG_1_1261,0,0.91813182,0.10672262,0.11948992,0.4618421,0.25803585,0.22522385
1w1a_NDG_2_1261,0.89520071,0.90850903,0.1080406,0.10716183,0.065471508,0.25625165,0.20607826
1w3t_3GR_A_1297,0.97712517,0.98621475,0.10953075,0.10815312,0.1335584,0.26000525,0.20912969
1w3t_3GR_B_1297,0.97220018,0.79823146,0.1086095,0.11153544,0.26933799,0.26174284,0.21286478
1w3t_3GR_D_1297,0.98036883,0,0.10217723,0.11638974,0.41675347,0.25701258,0.21168222
1w55_C_A_1372,1.4510704e-05,0.94860626,0.10700424,0.11942619,0.46182991,0.25838274,0.22548945
1w55_C_A_1373,0.9813245,0.9810874,0.11457776,0.12616208,0.95703139,0.28383879,0.24155858
1w62_PYC_A_700,0,0,0.10152229,0.1330563,0.99455149,0.26300757,0.23822664
1w78_PD8_A_1421,0,0,0.098240131,0.12140815,0.46220947,0.24758971,0.21722004
1wc7_PP3_A_1214,0,0.92140223,0.10384145,0.10919894,9.453789e-06,0.24444792,1.1723819e-05
1wmz_A2G_B_502,0.95253956,0.9375668,2.5760127e-56,0.12474132,0.8830464,0.2808484,0.23833514
1wmz_NGA_A_501,0.93263607,0.97061428,0.10863478,0.10637933,0.042643793,0.25670771,0.2055766
1wmz_NGA_C_503,0,0.96623915,0.10434766,0.10938349,0.0044891239,0.24533904,0.20759827
1wmz_NGA_D_504,0.91030941,0.96748503,0.1140791,0.12624244,0.94607984,0.28258905,0.24127924
1wq4_TYR_A_501,0.98465747,0,0.10516561,0.12691217,0.89852906,0.27101068,0.23067403
1x09_IPE_A_902,0.90629933,0.88982967,0.10751221,0.10572313,1.4298886e-05,0.25426502,0.20329021
1x29_PMG_A_413,0.97441557,0,0.10529386,0.12756574,0.92648083,0.27170794,0.231816
1x2a_PDG_B_1413,0.33942192,0,0.10283124,0.13112666,0.97005908,0.26601558,0.23596278
1x7j_GEN_A_201,0.99605635,0.99433284,0.10886386,0.10513655,1.8844286e-07,0.25643747,0.20385871
1x7j_GEN_B_202,0,0.99376865,0.10576365,0.1134486,0.19292268,0.2511091,0.21527311
1x82_PA5_A_301,0.96973567,0.95094844,0.10905909,0.10785237,0.11506645,0.2589873,0.20812052
1x8i_BMH_A_2,0.95697267,0,0.10546919,0.12852584,0.96709226,0.27269292,0.23348499
1xc7_GL6_A_998,0.95675401,0.97966028,0.11352587,0.12295473,0.80567889,0.27917062,0.23566852
1xdj_HCS_A_1049,0.99616954,0.98594286,0.11355849,0.12208784,0.7740503,0.27875793,0.23432479
1xdj_HCS_A_1050,0.97585257,0.91853185,0.11400058,0.12640146,0.96099007,0.28318125,0.24118966
1xid_ASC_A_389,0.9912334,0.89814863,0.10796105,0.10538059,0.0010913964,0.25532111,0.20308064
1xin_XYL_B_397,0.98988845,0.97847839,0.11082926,0.11278403,0.34689213,0.26623461,0.21743034
1xin_XYL_C_397,0.98328384,0.97677191,0.10865719,0.10526299,0.001710163,0.25614716,0.20382172
1xin_XYL_D_397,0.98686733,0.98115463,0.10879253,0.10552101,0.01459389,0.25660939,0.2043546
1xkw_188_A_1001,0,0,0.098240131,0.12140815,0.46220947,0.24758971,0.21722004
1xl0_OX2_A_998,0.99585109,0.99262944,0.11487628,0.12653756,0.97801986,0.28473708,0.24243189
1xny_BTN_B_5602,0.96483152,0.96439152,0.10867082,0.10610057,0.035352719,0.25677832,0.20511154
1xuf_BAZ_A_246,0,0.64714897,0.10421905,0.12005608,0.46195053,0.25495272,0.22286156
1xuz_PEP_A_2001,0.9135682,0.84420816,0.11291394,0.1263438,0.93958689,0.2810331,0.23993455
1y2x_NAG_A_144,0,0.88494877,0.10641605,0.11955925,0.46185538,0.25765831,0.22493458
1y2x_NAG_B_1144,0,0.96207865,0.11040611,0.13102956,0.99351531,0.27393165,0.24658347
1y2x_NAG_D_3144,0.96231023,0.96230572,0.11452968,0.1270148,0.99065152,0.28439027,0.24279379
1y42_TYR_X_701,0.85924668,0.84976395,0.11067718,0.11926421,0.60631816,0.27085073,0.22704176
1y5v_NE8_A_500,0,0,0.098240131,0.12140815,0.46220947,0.24758971,0.21722004
1y5x_E89_A_500,0,0,0.098240131,0.12140815,0.46220947,0.24758971,0.21722004
1y5x_E89_D_1500,0,0,0.098240131,0.12140815,0.46220947,0.24758971,0.21722004
1y8j_STS_A_900,0.87107372,0,0.099138036,0.10772103,0,0.24374736,0.19565723
1yee_PNB_H_551,0.98948095,0.98016125,0.10970162,0.10873134,0.16173101,0.26088746,0.21014115
1yik_MM1_A_500,0.89632288,0,0.099390272,0.10812709,0.023299957,0.2446986,0.19648
1yqc_GLV_A_1001,0.78960375,0.97675436,0.10781343,0.10602095,5.0579488e-08,0.2539763,0.20449449
1yw9_A84_A_482,0,0.96938546,0.1102325,0.13015862,0.95440083,0.27288217,0.245104
1z11_8MO_A_501,0.97855457,0.94629097,0.11366548,0.12419172,0.86313496,0.28069324,0.23756081
1z11_8MO_B_501,0.97544795,0.92397906,0.1134507,0.12426784,0.86390692,0.28042753,0.23740839
1z11_8MO_D_501,0.99423373,0.95399632,0.11349514,0.12301475,0.81301338,0.27950128,0.23559061
1z3n_3NA_A_320,0,0.98693705,0.11056489,0.13072607,0.98201005,0.27388151,0.24634651
1z4k_T3P_A_4341,0.99006705,0,0.099649857,0.10723241,3.6264113e-07,0.24505056,0.19520237
1z6k_OAA_A_274,0,0.95013558,0.1070183,0.11942305,0.4618293,0.25839998,0.22550284
1z8p_DEB_A_420,0,0,0.098240131,0.12140815,0.46220947,0.24758971,0.21722004
1zb6_GST_A_502,0,0.91291662,0.10667444,0.11950081,0.46184419,0.25797652,0.22517839
1zdq_MSM_B_1508,0.95106816,0.98801844,0.11474744,0.12710862,0.99527764,0.28469387,0.24324373
1zdq_MSM_C_1509,0.99417647,0.99510619,0.1149897,0.12688613,0.99387438,0.28520605,0.24308544
1zei_CRS_A_54,0.99802931,0.98369584,0.11055323,0.11146477,0.28861449,0.26469558,0.21514545
1zei_CRS_B_56,0.99702477,0.98598671,0.11493918,0.12696972,0.99736155,0.28523439,0.24313254
1zei_CRS_C_56,0.99600051,0.99193138,0.11429386,0.12449202,0.88448169,0.28202211,0.23873472
1zei_CRS_D_54,0.036488016,0.96964612,0.11063407,0.13086783,0.99369211,0.27442254,0.24651701
1zei_CRS_E_54,0.99604346,0.98713007,0.11488582,0.12675946,0.98767554,0.28495618,0.24276411
1zei_CRS_F_54,0.99545588,0.99076024,0.11396822,0.12338777,0.83379369,0.280535,0.23672671
1zei_CRS_F_55,0.24575348,0.98633146,0.10687876,0.11290488,0.21348986,0.25431143,0.21508021
1zfj_IMP_A_500,0.98325547,0,0.10519834,0,0.90681112,0.27116426,0.23089812
1zg3_2HI_A_365,0.80538256,0.98039737,0.10791512,0.10594914,2.6605662e-05,0.25419136,0.20446701
1zgj_P1S_A_0,0,0.98577978,0.11048862,0.13049578,0.97137338,0.27356032,0.24591675
1zha_PEP_A_1268,0.99620821,0.97795636,0.10884216,0.10562774,0.020921135,0.25685849,0.20454061
1zha_R5P_A_1269,0.51672359,0,0.097614022,0.1091766,2.1169192e-05,0.23986723,0.19701266
1zk0_SS2_A_1260,0.78316205,0.96934391,0.11087329,0.11726339,0.5119674,0.26864681,0.22465383
1zmt_RNO_B_1001,0.98887301,0.96317512,0.10854505,0.10523095,0,0.25600403,0.2036142
1zmt_RNO_C_1003,0.00013013306,0,0.098240691,0.12140762,0.46220947,0.24759113,0.21721954
1zmt_RNO_D_1004,0,0.95191147,0.10703471,0.11941934,0.46182859,0.25842019,0.22551832
1zng_HE4_A_202,0.98427394,0.96792676,0.10857016,0.10524342,0.0001590073,0.25601237,0.20367953
1zoy_UQ1_B_1201,0.99492405,0.96770075,0.10861301,0.10519707,1.7945595e-05,0.25612235,0.20363128
1zpd_CIT_B_610,0,0.91502785,0.10669395,0.1194964,0.46184335,0.25800054,0.22519679
1zpd_CIT_F_610,0.89851557,0.93843822,0.11369251,0.12611199,0.93513786,0.2818123,0.24063907
1zuw_DGL_A_1301,0.0022358184,0.98705009,0.11064111,0.13094934,0.99264585,0.27421528,0.24675858
1zuw_DGL_B_2301,0.0010481364,0.98594309,0.11055963,0.13072177,0.98191536,0.27387893,0.2463301
2a0x_DIH_A_300,0.11576265,0,0.096341471,0.1124275,0.073356347,0.23759963,0.20143883
2a15_NCA_A_1001,0.94465878,0.98346168,0.11464721,0.12703598,0.99032072,0.28442825,0.24303288
2a1m_CAM_A_1422,0.50253516,0.9879787,0.10744137,0.10986993,0.12311961,0.25452547,0.21054747
2a1m_CAM_B_2422,0,0.99117567,0.10477782,0.11004038,0.036889306,0.2465612,0.20909426
2a5t_GLY_A_1001,0,0,0.098240131,0.12140815,0.46220947,0.24758971,0.21722004
2a9z_26A_A_1002,0.9726906,0.98943181,0.11471987,0.12654263,0.97359999,0.28431903,0.24231813
2agw_TSS_D_3001,0,0,0.098240131,0.12140815,0.46220947,0.24758971,0.21722004
2agw_TSS_H_2001,0,0,0.098240131,0.12140815,0.46220947,0.24758971,0.21722004
2ahc_VNL_B_266,0.99686779,0.96299562,0.10858095,0.10520974,0.00051382353,0.25610443,0.20360234
2ahc_VNL_C_366,0.99217359,0.99022294,0.10881122,0.10516828,0.00033027608,0.25635771,0.20385071
2ahc_VNL_D_466,0.99549928,0,0.099675492,0.10721816,0.00036857131,0.24512071,0.19519613
2aiq_BEN_A_401,0.98927238,0.98338686,0.11470997,0.12639712,0.96948563,0.28431266,0.24203965
2as1_TP5_A_500,0.84014149,0.99355835,0.10819232,0.10580055,0.0010120522,0.25475041,0.2044879
2b04_CHO_A_200,0,0,0.098240131,0.12140815,0.46220947,0.24758971,0.21722004
2b3f_GAL_A_3310,0,0.9895783,0.110683,0.13105313,0.99721077,0.27435177,0.24696931
2b3f_GAL_C_3312,0,0.98916431,0.11067318,0.13103271,0.99623799,0.27431888,0.24692731
2b3f_GAL_D_3313,0,0.98832846,0.1106736,0.13106334,0.99755872,0.27434761,0.24697212
2b3f_GAL_E_3314,0,0.99032772,0.11068861,0.13104689,0.99699715,0.27435411,0.24696742
2b3f_GAL_F_3315,0.94250889,0.98768118,0.11472033,0.12718996,0.99735715,0.28465651,0.24335555
2bdg_PBZ_A_301,0.99473734,0.99621974,0.11505736,0.99474304,0.98897645,0.28557401,0.24364789
2bdg_PBZ_B_302,0.99058278,0.99566928,0.11499647,0.12696013,0.99663567,0.28525306,0.24321304
2bf7_HBI_A_1290,0,0,0.098240131,0.12140815,0.46220947,0.24758971,0.21722004
2bf7_HBI_B_1290,0,0,0.098240131,0.12140815,0.46220947,0.24758971,0.21722004
2bf7_HBI_C_1290,0,0,0.098240131,0.12140815,0.46220947,0.24758971,0.21722004
2bf7_HBI_D_1290,0,0,0.098240131,0.12140815,0.46220947,0.24758971,0.21722004
2bgc_DTT_F_1238,0.36626258,0,0.10218763,0.1283226,0.84692595,0.26274388,0.23100202
2bjf_DXC_A_330,0,0.98847693,0.10452548,0.10923896,1.0000561e-07,0.24546225,0.20761526
2bk3_FOF_A_1503,0.91868267,0.9905141,0.11126143,0.11527734,0.44863987,0.26853821,0.22182201
2bk3_FOF_B_1498,0,0.98677395,0.10847521,0.12331565,0.64327053,0.26407052,0.2329803
2brk_CMF_A_1534,0,0,0.098240131,0.12140815,0.46220947,0.24758971,0.21722004
2bs3_CIT_A_1657,0,0.98364729,0.10511539,0.11150097,0.10293461,0.24838801,0.21163433
2bs8_NAG_A_1177,0.91733601,0.87833032,0.11074765,0.11739274,0.53439824,0.26972952,0.22423149
2bxh_IOS_A_1001,0.99680824,0.98585939,0.11476286,0.12635261,0.96910126,0.28441221,0.24201726
2bxh_IOS_A_1002,0.21960481,0,0.096335942,0.11039633,4.7310786e-06,0.23661278,0.19814782
2bxh_IOS_B_1002,0.00019830868,0.92637842,0.10679967,0.11947187,0.46183879,0.25813185,0.22529498
2c3d_COM_A_1525,0.99153815,0.96119892,0.11455033,0.12656053,0.97526773,0.28425228,0.24206544
2c3d_COM_A_1526,0.97782818,0.97824818,0.10863699,0.10524548,2.6327133e-05,0.25605546,0.20378903
2c3d_COM_B_1525,0.97631434,0.94499902,0.10842299,0.10567499,0.016208887,0.25612892,0.20414307
2c3d_COM_B_1526,0.98382622,0.9832389,0.11481344,0.12687497,0.99029147,0.28485382,0.24288006
2c5b_5F1_A_500,0,0,0.098240131,0.12140815,0.46220947,0.24758971,0.21722004
2c5b_5F1_B_500,0,0,0.098240131,0.12140815,0.46220947,0.24758971,0.21722004
2c5b_5F1_C_500,0,0,0.098240131,0.12140815,0.46220947,0.24758971,0.21722004
2c6q_IMP_A_1337,0.95838321,0,0.10526464,0.12777258,0.93292619,0.271719,0.23213159
2c6q_IMP_B_1339,0,0,0.098240131,0.12140815,0.46220947,0.24758971,0.21722004
2c6q_IMP_C_1337,0.99548347,0,0.099673329,0.10721078,2.8661999e-05,0.24511069,0.19518278
2c6q_IMP_F_1337,0.9927371,0,0.10554058,0.12808641,0.95371906,0.27269735,0.23282064
2c6q_IMP_G_1338,0.99621839,0,0.10550052,0.12787682,0.94479226,0.27247697,0.23245513
2ci0_1CM_A_1450,2.7426361e-05,0,0.098240249,0.12140804,0.46220947,0.24759001,0.21721994
2cjz_PTR_A_1537,0.80875484,0.52913761,0.10885089,0.12494349,0.82590744,0.27300597,0.2330999
2coj_GBN_A_420,0.99037458,0.99189584,0.11017905,0.10999912,0.2209652,0.26274614,0.21257722
2coj_GBN_B_420,0.99002875,0.98307273,0.11458299,0.12594279,0.94883069,0.28371925,0.24121908
2cxp_A5P_A_1601,0.99396606,0.96801873,0.11209915,0.11757659,0.56572498,0.27249709,0.22595739
2d0e_NQ_A_409,0.02018451,0.96322172,0.10437931,0.10921007,6.3525041e-05,0.24539759,0.20732016
2d0e_NQ_A_410,0.99111416,0.98804439,0.10878472,0.10517074,3.6539229e-05,0.25631279,0.20382415
2d1j_D01_A_700,0,0.6042025,0.10382227,0.1201458,0.46196771,0.25446409,0.22248717
2d3n_GLC_A_608,0.013895512,0.93914262,0.1069765,0.11938895,0.46183289,0.25842707,0.22535387
2dcf_ACA_A_501,9.6187547e-07,0.97065714,0.11036059,0.13056881,0.97327166,0.27344312,0.24585964
2dm5_ODI_A_312,0,0.96308835,0.10939848,0.12741837,0.82854696,0.26916603,0.24008354
2e1a_MSE_D_301,0.98007347,0.96764968,0.11467331,0.12700906,0.99486628,0.2562013,0.24290934
2e40_LGC_A_1001,0.9583643,0.00092158409,0.099750128,0.10817024,0.037004959,0.24578542,0.1967916
2e40_LGC_B_2001,0,0,0.098240131,0.12140815,0.46220947,0.24758971,0.21722004
2e56_MYR_A_501,0.65949861,0.92168717,0.10674527,0.10667103,5.1003655e-05,0.25192592,0.20451319
2e56_MYR_A_601,0,0.89674376,0.10652502,0.1195346,0.46185066,0.25779251,0.2250374
2e56_MYR_A_701,0.9766597,0.96573115,0.10851614,0.10527578,0,0.25589938,0.2036832
2eb5_OXL_A_2001,0.98917454,0.839325,0.10780228,0.10690862,0.06494912,0.25647798,0.20509453
2eb5_OXL_B_2002,0.98365441,0.96461801,0.10870091,0.10583486,0.026761768,0.25673827,0.20470261
2eb5_OXL_C_2003,0.98853298,0.96425191,0.11258936,0.11955292,0.65468291,0.27497072,0.22945507
2eb5_OXL_D_2004,0.99310695,0.95054763,0.10844658,0.10523987,1.2538635e-07,0.25590663,0.2034878
2ef9_A5P_A_1269,0,0,0.098240131,0.12140815,0.46220947,0.24758971,0.21722004
2ef9_A5P_B_2269,0.96285241,0,0.099859997,0.10850536,0.053077539,0.2462895,0.19740053
2ef9_PEP_A_1268,0.99276944,0.97739451,0.11363356,0.12271829,0.80141553,0.2794158,0.23534285
2ei7_D93_A_700,0,0,0.098240131,0.12140815,0.46220947,0.24758971,0.21722004
2eup_LG4_A_400,0.99484732,0.98113768,0.11469747,0.12632321,0.96693973,0.28427438,0.24189826
2euq_BVC_A_401,0.73427898,0.70256923,0.1091745,0.12148583,0.67039515,0.26966171,0.22876278
2eus_ABN_A_400,0.9957896,0.99203182,0.11483731,0.12642126,0.97263576,0.28457369,0.24221448
2evd_D10_A_304,0.97933701,0.95994292,0.10851433,0.10541938,0.0065154614,0.25605147,0.2038795
2ex1_C5P_A_1427,0,0.98395765,0.11059446,0.13093493,0.99127305,0.27411583,0.24668598
2exs_TRP_B_2100,0,0,0.098240131,0.12140815,0.46220947,0.24758971,0.21722004
2f64_12Q_A_472,0,1.3388283e-33,0.098240131,0.12140815,0.46220947,0.24758971,0.21722004
2f64_12Q_B_471,0.0054556519,1.1648884e-33,0.098263596,0.12138575,0.46220916,0.24764945,0.21719918
2f78_BEZ_A_1001,0.99520585,0.98845297,0.11493218,0.1268941,0.99379844,0.28513937,0.24302044
2f78_BEZ_A_1003,0.039227747,0.99297058,0.10727001,0.11806249,0.41110663,0.25784774,0.22372452
2f78_BEZ_B_1002,0.99407507,0.9960496,0.11496995,0.12678507,0.98932595,0.28508397,0.24291461
2f78_BEZ_B_1004,0,0.99145624,0.11056517,0.13056947,0.97528206,0.27373814,0.24612051
2f7x_4EA_E_351,0.97317141,0.96053476,0.11291713,0.12114339,0.72414433,0.27677161,0.23222191
2fc0_DGP_A_239,0.0015877382,0,0.09824696,0.12140163,0.46220938,0.24760709,0.21721397
2fcu_AKG_B_898,0.9951317,0.9798058,0.10872706,0.10517562,0.00022896457,0.25626856,0.20374447
2fhk_MFN_A_600,0,0,0.098240131,0.12140815,0.46220947,0.24758971,0.21722004
2fhk_MFN_C_601,0.80400458,0.97345808,0.10784491,0.10596868,2.2382074e-18,0.25409649,0.20441066
2fhn_BNI_X_501,0.97362038,0.96658839,0.11461293,0.1269418,0.98984509,0.28453954,0.24275612
2fhn_BNI_Y_502,0,0.95546413,0.11033992,0.13102536,0.99269362,0.27383254,0.24649331
2fib_GLY_B_2,0,0,0.098240131,0.12140815,0.46220947,0.24758971,0.21722004
2fkm_G16_X_464,5.105696e-06,0.32133086,0.10120888,0.12073678,0.4620809,0.25124574,0.22002122
2fpu_HSO_B_509,0.86161198,0,0.099097802,0.10776153,7.5173096e-05,0.24364592,0.19569637
2fr6_CTN_A_1001,0.97399279,0.98471502,0.11480496,0.12698388,0.99356474,0.28485772,0.24305968
2fr6_CTN_C_1003,0.99263193,0,0.1058009,0.12901232,0.99602181,0.27392119,0.23449007
2fr6_CTN_D_1004,0.99356225,0.98414229,0.11488897,0.12692291,0.99439649,0.28508961,0.24301269
2fu9_MP2_A_1410,0.98379741,0.98259031,0.11449746,0.12577679,0.94002741,0.28339059,0.24089136
2fu9_MP2_B_2410,0.93812531,0.99086491,0.11175477,0.11663929,0.51457615,0.2706645,0.22435223
2fyd_BGC_D_530,0,0.98317917,0.10568849,0.11355118,0.19660342,0.25109512,0.2153259
2fyd_NGA_B_404,0.97698155,0.47133659,0.10394981,0.10630715,0.00012987687,0.25027756,0.19937166
2fz8_ZST_A_600,0,0.97630949,0.11053658,0.13099626,0.99334807,0.27408883,0.24670109
2fzb_TOL_A_600,0.8933844,0.99113834,0.11442501,0.12697294,0.97854583,0.28361314,0.24283133
2fzb_TOL_A_700,0.87667258,0.98333428,0.10824873,0.1056497,2.1866441e-09,0.25500477,0.20421908
2fzb_TOL_A_900,0,0.96631681,0.10711595,1.4970414e-11,0.4527015,0.25832802,0.22528416
2g21_L1B_B_985,0.98792541,0.9871289,0.11481354,0.12671532,0.99353872,0.28475016,0
2g5v_22M_A_301,0,0.98495266,0.11011777,0.12920848,0.91245337,0.27184472,0.24358487
2g8t_MI2_A_401,0,0,0.098240131,0.12140815,0.46220947,0.24758971,0.21722004
2g9z_VNP_B_601,0,0.91507657,0.1066944,0.1194963,0.46184333,0.25800109,0.22519721
2giq_NN2_A_1001,0.99421199,0.97800861,0.10871004,9.2940921e-59,0.0025082608,0.25624345,0.20372991
2giq_NN2_B_2001,0.98879051,0.9778921,0.11470073,0.12656531,0.9765599,0.28444968,0.24227264
2gn2_C5P_A_400,0,0.96464922,0.1043053,0.1092886,3.6028831e-07,0.24519095,0.20740729
2gue_NAG_B_122,0,0.01964754,0.098421652,0.1213671,0.46220161,0.24781325,0.21739132
2gx5_PCG_C_514,0.85691377,0,0.099080301,0.10779043,0.00051424062,0.24360718,0.19573165
2gyv_HBP_A_1409,0,0.084249576,0.099018501,0.12123213,0.46217576,0.24854827,0.21795449
2gyv_HBP_B_545,0,0.95798112,0.1064235,0.1170385,0.35360649,0.25535467,0.22130043
2gyw_OBI_A_952,0.98696586,0.97968827,0.11323725,0.12134421,0.73773655,0.27753436,0.23287264
2gyw_OBI_B_953,0.95715683,0.9726299,0.11395448,0.12471323,0.88546444,0.2814054,0.23875351
2gzm_DGL_B_502,0,0.98339294,0.1105878,0.13093101,0.99104021,0.27410266,0.24667186
2gzm_DGL_C_503,0,0.98808556,0.11064556,0.1309723,0.99337429,0.27422367,0.24680491
2gzm_DGL_D_504,0,0.98563287,0.11060416,0.13091093,0.99033566,0.27410776,0.24666361
2hi4_BHF_A_800,0.99774251,0.99804217,0.1150516,0.12693432,0.99702579,0.28536979,0.24322177
2hs3_FGR_A_2166,0.92818262,0,0.099383675,0.10748652,0,0.2443728,0.19543892
2ht8_G39_A_800,0.96659385,0.95885985,0.11447544,0.12685954,0.9840305,0.28420622,0.24248611
2htu_BCZ_A_801,0,0,0.10153906,0.98655048,0.98366966,0.26317594,0.23853401
2huu_ALA_A_701,0.96467164,0,0.099540623,0.10733668,1.0990168e-08,0.24477242,0.19529943
2i1v_F6P_B_720,0,0.95616508,0.10422689,0.10930626,0,0.24509435,0.20733322
2i1v_FDP_B_710,0,0.91477937,0.10669165,0.11949692,0.46184344,0.25799771,0.22519462
2iht_TPP_A_600,0,0.98384218,0.10992958,0.12857934,0.88359018,0.27099626,0.2424364
2iht_TPP_B_600,0.8056644,0.97450066,0.11301674,0.12425459,0.83624315,0.27834226,0.23740696
2iht_TPP_C_600,0.96034959,0.98288002,0.11404436,0.12461285,0.88245156,0.28146983,0.2387119
2iht_TPP_D_600,0.41478749,0.99062302,0,0.12776622,0.88169532,0.9897185,0.88058444
2ihu_TP9_A_600,0,0,0.098240131,0.12140815,0.46220947,0.24758971,0.21722004
2ihu_TP9_B_600,0,0.98807997,0.10989681,0.12831525,0.87192247,0.27070664,0.24201304
2ij7_TPF_A_2472,0,0.67248848,0.10445316,0.12000314,0.46194039,0.25524102,0.22308245
2ij7_TPF_B_2470,2.9298203e-05,0.96769021,0.10434267,0.10931462,0.0014848938,0.24526889,0.20749229
2ij7_TPF_C_2471,8.3067248e-05,0.96741354,0.1043313,0.10928288,1.7637408e-05,0.24522384,0.20743178
2ij7_TPF_D_2473,0,0.73624655,0.10504221,0.11986993,0.46191488,0.25596643,0.22363827
2ipf_FFA_A_3,0.97721847,0,0.099674413,0.10756845,0.012948833,0.2452848,0.19576236
2ipf_FFA_B_4,0.99172463,0.98383379,0.11415303,0.1243575,0.87675954,0.28165947,0.23837571
2isf_PAC_A_317,0.99146936,0.97666544,0.10868843,0.10521901,0.0012259024,0.25622157,0.20377039
2ixi_TYD_A_1182,0,0,0.098240131,0.12140815,0.46220947,0.24758971,0.21722004
2ixi_TYD_B_1182,0.97950715,0,0.099711326,0.10765511,0.017339826,0.24543702,0.19592685
2iyq_SKM_A_201,0.94684248,0.96253333,0.11442742,0.12694359,0.98451484,0.28404576,0.24261279
2izf_BTN_B_300,0.99576395,0.28789159,0.10845321,0.12832361,0.99254101,0.27713258,0.23685369
2j1s_FUL_A_1153,0,0.95944846,0.11039502,0.13108196,0.9956599,0.2739638,0.24664512
2j51_DKI_A_1314,0,0.94976977,0.10701492,0.11942382,0.46182944,0.25839582,0.22549965
2j5b_TYE_A_1336,0,0,0.098240131,0.12140815,0.46220947,0.24758971,0.21722004
2j5z_GAL_A_1278,0.9763693,0.85290041,0.10747803,0.10553249,0.00093620012,0.25463864,0.20273638
2jav_5Z5_A_1280,0,0,0.098240131,0.12140815,0.46220947,0.24758971,0.21722004
2jfv_FLC_A_1271,0.89292768,0.75624317,0.10705225,0.10900891,0.13497512,0.25650575,0.2075001
2jhp_GUN_A_1648,0.0013521698,0.96686583,0.10433811,0.10930157,0.001057896,0.24526163,0.20746319
2ji6_TPW_B_1566,0,0.98429137,0.10992999,0.12856516,0.88298473,0.27098384,0.24241643
2no7_LDC_A_401,0.99018967,0.98859086,0.11488562,0.12682123,0.989539,0.28496266,0.24287276
2no7_LDC_B_401,0.98605472,0.98496326,0.10893887,0.10592327,0.033190703,0.25718237,0.20512468
2nos_AGU_A_903,0.15479364,0.91290436,0.10734009,0.11886505,0.46183523,0.25967145,0.22458629
2npq_BOG_A_1000,0,0.96942837,0.11018821,0.12999992,0.94715117,0.27267273,0.24481835
2npq_BOG_A_2000,0,0.94598589,0.10405096,0.10918769,0,0,0.20694739
2nry_STU_A_504,0.99421219,0.97284677,0.11479818,0.12698207,0.99614686,0.2850188,0.24298067
2nry_STU_B_502,0.93096274,0.92595381,0.10795202,0.10554629,0,0.25494602,0.20351068
2nry_STU_C_503,0.99268149,0.98307711,0.11531573,0.1278811,0.98965443,0.99784655,0.99782376
2nry_STU_D_501,0.99343246,0.974346,0.11473892,0.12673459,0.98483138,0.28469966,0.24255029
2ntk_IMP_A_205,0,0,0.098240131,0.12140815,0.46220947,0.24758971,0.21722004
2ntk_IMP_B_206,0.98439979,0,0.10570612,0.12883539,0.98638931,0.2735521,0.23414149
2ntk_IMP_C_207,0,0,0.098240131,0.12140815,0.46220947,0.24758971,0.21722004
2nu7_COA_B_1325,0,0.9252946,0.1067888,0.11947495,0.46183924,0.25811735,0.22528629
2nz5_226_A_431,0.029638301,0.9844627,0.10461588,0.10912566,2.1495134e-06,0.24574119,0.20746701
2nz5_226_A_432,0.0022024582,0.9632256,0.10430161,0.10928252,4.3177406e-07,0.24519887,0.20738645
2nz5_226_B_432,0.99169374,0.97319403,0.10867616,0.10529218,0.0042822825,0.25627301,0.20385982
2o1o_RIS_A_400,0,0.96428227,0.10532964,0.11293672,0.16671777,0.25001454,0.21398183
2o1o_RIS_B_400,0.92457638,0.97295504,0.11389772,0.12513159,0.89850276,0.28142985,0.23939531
2o7b_HC4_C_701,0.99752334,0.98769799,0.11484882,0.1265797,0.97979032,0.28475051,0.2424523
2o7b_HC4_D_701,0.99309925,0,0.10569839,0.12863945,0.97906581,0.2734353,0.23381929
2o7b_HC4_G_701,0.99643873,0.9905619,0.11497846,0.1269609,0.99728374,0.28527781,0.24317164
2o7d_DHC_A_701,0.98973217,0.9909985,0.10874281,0.1049933,6.8856486e-05,0.2560845,0
2o7d_DHC_B_701,0.99689158,0.99055784,0.11496575,0.12690716,0.99491203,0.28521404,0.2430763
2o7d_DHC_E_701,0.99706755,0,0.10261746,0.11762861,0.47651527,0.25892602,0.21397625
2o7d_DHC_G_701,0.98389492,0.99267455,0.11494221,0.12700154,0.99698834,0.28515593,0.24322638
2o7d_DHC_H_701,0.99861374,0.98837384,0.10882013,0.10513963,5.3417731e-05,0.25639917,0.20379902
2okk_ABU_A_585,0,0.14589691,0.099588052,0.12110333,0.4621511,0.24924966,0.2184919
2ot7_OGA_B_500,0,0.86386315,0.10622124,0.1196033,0.46186382,0.25741841,0.22475076
2oxp_THP_A_300,0.96268291,0,0.099562571,0.1074531,0.0049480547,0.24489393,0.19550226
2p1e_LAC_A_303,0,0,0.098240131,0.12140815,0.46220947,0.24758971,0.21722004
2pir_DHT_A_931,0.99481516,0.99759974,0.11502609,0.12691592,0.99559318,0.28529121,0.24317258
2pnz_UDP_A_250,0.92954455,0.86432154,0.10742065,0.10583756,0.0071791023,0.25443664,0.20326138
2prg_BRL_A_1,0.94496135,0.88845374,0.10786994,0.10629175,0.033131172,0.25563176,0.20443701
2prg_BRL_B_2,0.79932773,0.91630435,0.11026352,0.11663611,0.48127914,0.26733128,0.22291828
2prl_R2C_A_400,0.98308756,0.98716578,0.10874185,0.10520474,7.9024643e-09,0.25621383,0.20384572
2pt6_S4M_A_501,0,0.96804149,0.11043115,0.13091048,0.98863972,0.27385835,0.24644315
2pt6_S4M_B_502,0,0.97815566,0.11052998,0.13090847,0.98951126,0.27399875,0.24656582
2pt6_S4M_C_503,0.93775205,0.95214038,0.1137826,0.12519375,0.90183548,0.28143366,0.23929475
2ptm_CMP_A_401,0,0,0.098240131,0.12140815,0.46220947,0.24758971,0.21722004
2pvy_ACP_A_802,0.98973713,0.98687089,0.11402866,0.12384868,0.85341808,0.28099636,0.2374889
2pvy_ACP_D_802,0.97872743,0.96954153,0.10856916,0.10529101,0.0014472393,0.25600732,0.20376565
2pwf_BGC_D_9999,0.95640016,0.77324991,0.10658769,0.10558467,3.6474947e-05,0.25324153,0.00041119874
2pye_7PE_A_504,0,0.82942184,0.10305571,0.10957028,7.8604028e-10,0.24365127,0.20622691
2q6m_P34_A_1001,0.93265115,0,0.10114213,0.11364058,0.28213503,0.25259174,0.20655333
2q6m_P34_A_1002,0.95753292,0,0.10477548,0.12605306,0.85416859,0.26942904,0.2290275
2qab_EI1_A_1,0.99637467,0.98420168,0.11477895,0.12647592,0.97449855,0.28454488,0.24221739
2qab_EI1_B_1,0.99581208,0.98596643,0.11021815,0.11023933,0.23240095,0.26306934,0.21295587
2qb3_PMP_A_700,0,0.98104076,0.10599618,0.11471772,0.24972116,0.25260894,0.21740297
2qb4_DSM_A_801,0.9771008,0.98902921,0.95435495,0.12390174,0.85914879,0.28104507,0
2qb4_DSM_A_802,0.97363166,0.97583341,0.10867069,0.10553059,0.012040554,0.25632991,0.20425801
2qb4_LEU_A_601,0.99191571,0.99314671,0.11476287,0.12619323,0.96159178,0.28422415,0.24180329
2qca_DGP_A_200,0.95858971,0,0.099453177,0.10719009,5.5223923e-09,0.24446659,0
2qca_DGP_A_300,0.97119515,0,0.10094689,0.11220105,0.22357045,0.25131796,0.20409535
2qcx_PF1_A_300,0,0.97400987,0.10659629,0.11709268,0.35760892,0.25565307,0.22159825
2qcx_PF1_B_300,0,0.98388824,0.10802805,0.12182936,0.57505882,0.26206241,0.23026385
2qd1_CHD_D_802,6.2332991e-11,0,0.098240131,0.12140815,0.46220947,0.24758971,0.21722004
2qd4_CHD_A_801,3.7933756e-08,0.98483548,0.10449183,0.10924654,6.6848361e-08,0.24542078,0.20758348
2qd4_CHD_A_802,0.83353854,0.97158938,0.10795467,0.10585129,2.2153881e-08,0.25439866,0.20428145
2qd4_CHD_A_803,0,0.9894045,0.10453405,0.10923703,3.1758291e-07,0.24547281,0.20762337
2qd4_CHD_B_926,0,0.98872195,0.10452779,0.10923862,7.7195174e-06,0.24546526,0.2076177
2qd4_CHD_B_927,2.0706733e-09,0.99041594,0.10454339,0.10923492,3.6144474e-08,0.24548432,0.20763219
2qd4_CHD_B_928,0,0.94293071,0.10695174,0.1194381,0.46183218,0.25831801,0.22544003
2qg6_NMN_A_301,0,0.96742342,0.1104085,0.13085166,0.98589242,0.27377176,0.24632936
2qgw_EES_A_1,0,0.98420675,0.10448602,0.10924787,6.0958722e-07,0.24541364,0.20757801
2qgw_EES_B_1,0,0.98903237,0.10453061,0.10923781,6.3747921e-07,0.24546859,0.20762013
2qhv_OC9_A_1001,0.9896149,0.98433836,0.10874382,0.10518389,3.1956239e-06,0.25625321,0.20379622
2qim_ZEA_A_160,0,0.99004032,0.10931777,0.12619192,0.77505353,0.26792385,0.23820824
2qim_ZEA_A_161,0,0.47978796,0.10267283,0.12040574,0.4620175,0.25304855,0.22140259
2qim_ZEA_A_162,0,0,0.098240131,0.12140815,0.46220947,0.24758971,0.21722004
2qs2_UBF_A_603,0,0.98507909,0.1088048,0.12454446,0.69927724,0.26567305,0.23517522
2qs2_UBF_B_602,0.97744816,0.98449707,0.11179145,0.11622983,0.50263432,0.27067684,0.22367516
2qse_1HP_A_1,0.99307504,0.97611122,0.11473679,0.1266724,0.98208981,0.28463646,0.24245889
2qui_LTN_A_501,0,0,0.098240131,0.12140815,0.46220947,0.24758971,0.21722004
2qvr_CIT_A_335,0.88736328,0.9596157,0.10824482,0.10625595,0.027459647,0.25564697,0.20505458
2qvr_FDP_A_333,0.97305232,0,0.10542363,0.12805268,0.94848265,0.27233013,0.23268929
2qx4_ML1_A_233,0.43266812,0.98553668,0.10635939,0.10746862,1.1428709e-05,0.25016756,0.20593607
2qx4_ML1_B_233,0.98086065,0.95711943,0.10845463,0.10527647,3.1383347e-07,0.25584735,0.20359198
2qx9_ML2_A_234,0,0,0.098240131,0.12140815,0.46220947,0.24758971,0.21722004
2qxf_TMP_A_3000,0.97848271,0,0.099642758,0.10743162,0.0069316859,0.2451244,0.19552012
2r0g_7CK_A_1355,0.99235832,0.98968096,0.11483763,0.12657088,0.97860672,0.28468225,0.24244266
2r0g_7CK_B_1357,0.99379043,0.98391776,0.11484145,0.12675769,0.98686586,0.28487148,0.24271274
2r3d_ACM_A_303,0.72149965,0.99277008,0.11379448,0.12800794,0.9937472,0.28218948,0.2441024
2r4j_13P_A_1968,0,0.95327715,0.10704733,0.11941649,0.46182804,0.25843572,0.22553023
2r4j_13P_B_816,0,0,0.098240131,0.12140815,0.46220947,0.24758971,0.21722004
2r4t_250_A_503,1.2679296e-07,0,0.098240132,0.12140815,0.46220947,0.24758971,0.21722004
2r4t_GLC_A_502,0,0.97573251,0.11044099,0.13067715,0.97870714,0.2736583,0.2461184
2r5e_QLP_A_430,0,0.98567842,0.10449962,0.10924479,3.0195434e-07,0.24543039,0.20759084
2r5e_QLP_B_430,0,0,0.098240131,0.12140815,0.46220947,0.24758971,0.21722004
2rbu_273_X_4001,0.9926902,0.9861965,0.1087742,0.10516734,6.4436147e-07,0.25630798,0.20380058
2rbx_3AY_X_2001,0,0.73531767,0.10637801,0.12464298,0.67999946,0.26227107,0.23223453
2rhx_MLY_A_537,0.95165604,0,0.099734039,0.10827523,0.040457057,0.24580142,0.1969454
2ri1_GLP_A_234,0,0.89474045,0.10650652,0.11953879,0.46185146,0.25776972,0.22501993
2ri1_GLP_B_234,0.66481448,0,0.099008717,0.11125757,0.12293717,0.24504845,0.20129613
2rtn_IMI_B_300,0.9909278,0.98033077,0.1147956,0.12677552,0.98680205,0.28479744,0.24268985
2rtn_IMI_D_300,0.99444179,0.97334573,0.11474159,0.1267594,0.9860596,0.28473489,0.24258616
2tio_BEN_A_247,0,0.98993655,0.11066594,0.13098009,0.99390666,0.27426017,0.24684207
2uyv_TLA_B_1275,0,0,0.098240131,0.12140815,0.46220947,0.24758971,0.21722004
2uza_HTL_B_1236,0,0,0.098240131,0.12140815,0.46220947,0.24758971,0.21722004
2v32_BEZ_A_1222,0.98959182,0.97463072,0.1147343,0.12678267,0.986335,0.28470438,0.24262678
2v32_BEZ_B_1220,0.99633597,0.96973012,0.11393206,0.12397584,0.85883692,0.28103039,0.23752785
2v32_BEZ_C_1222,0.99266246,0.98394586,0.11490357,0.12699901,0.99768711,0.28517281,0.24314424
2v32_BEZ_D_1221,0.9705932,0.9540522,0.11241193,0.11962651,0.65370823,0.27462989,0.22939617
2v60_C17_A_1503,0.98825756,0.99078766,0.11493896,0.1269713,0.99624544,0.28516072,0.24316392
2v60_C17_B_1498,0.9941897,0.99522476,0.11498889,0.12687885,0.99355552,0.28519831,0.24307384
2v7o_DRN_A_1303,0.94648488,0.90259409,0.10780292,0.10553121,0,0.25485004,0.20324744
2vag_V25_A_1482,0.99211943,0.9788465,0.11481989,0.12689043,0.99213639,0.28494806,0.24288281
2vez_G6P_A_202,0.86239075,0,0.099105229,0.1077728,0.00073660641,0.2436736,0.19571949
2vjb_CCD_B_1539,0,0,0.098240131,0.12140815,0.46220947,0.24758971,0.21722004
2vjb_CCD_B_1540,0.00014870783,0.9911866,0.10473819,0.10989648,0.030340774,0.24637332,0.20883542
2vlf_PLI_A_1457,0.88468094,0,0.10439598,0.12611749,0.84343943,0.2683205,0.22888268
2vmg_MBG_A_1179,0.98019659,0,0.10536045,0.12769007,0.93324889,0.27196724,0.23206094
2vmp_PLP_A_501,0.99157569,0.89087392,0.10788864,0.10537072,1.1721139e-05,0.25521076,0.20297323
2vp5_DCZ_A_1210,0.99219234,0.98930056,0.11492,0.12687966,0.99265351,0.28508286,0.24299418
2vp5_DCZ_B_1210,0.98266904,0.9933593,0.11489457,0.12683234,0.98908917,0.28492156,0.24292538
2vss_V55_D_1250,0.002850117,0.97471469,0.10471457,0.11033481,0.049314917,0.24676481,0.20942993
2vsu_V55_D_1251,0.0038107567,0.98219135,0.10783176,0.12111811,0.54310222,0.26115943,0.22897364
2vzu_PNJ_A_1901,0,0.95148102,0.10703073,0.11942024,0.46182876,0.25841529,0.22551457
2vzu_PNJ_B_1904,0.99140071,0.92848602,0.1132271,0.1230081,0.80974869,0.27908526,0.23524996
2w0b_CMW_A_1450,5.77721e-06,0.86660758,0.10624662,0.11959754,0.46186272,0.25744969,0.22477466
2w1a_TSA_C_1091,0.94764895,0.99316705,0.11476179,0.12704621,0.99227351,0.28462805,0.24318322
2w1a_TSA_D_1091,0.97137595,0.99394766,0.10875415,0.1052387,0,0.25616278,0.20394969
2w5t_GP9_A_1644,0,0.22158762,0.10028735,0.12094519,0.46212081,0.25011084,0.21915173
2wd2_MS5_A_1263,0.67091075,0.96556406,0.1108242,0.11939546,0.58799277,0.26957595,0.22804949
2wdq_CBE_C_1130,0.98982153,0.98605125,0.10876054,0.10517948,3.5757344e-06,0.25627499,0.20381039
2wdq_TEO_A_1589,0.98038844,0.6876402,0.10597674,0.10589049,0.0023192583,0.25284108,0.20133307
2wdq_TEO_E_1589,0,0.67679416,0.10449294,0.11999414,0.46193867,0.25529001,0.22311999
2wdq_TEO_I_1589,0,0.87889196,0.10636009,0.1195719,0.4618578,0.2575894,0.22488178
2whq_HI6_A_1543,0.0044690692,0,0.098259352,0.1213898,0.46220921,0.24763865,0.21720295
2whq_HI6_B_1545,0.00242729,0,0.098250571,0.12139818,0.46220933,0.24761629,0.21721076
2wj4_HQD_A_1281,0,0,0.098240131,0.12140815,0.46220947,0.24758971,0.21722004
2wj4_HQD_B_1278,0,0.9934234,0.1106817,0.1309144,0.99123582,0.27422252,0.24676713
2wj4_HQD_C_1277,0.026462154,0,0.098353944,0.12129947,0.46220794,0.24787948,0.21711884
2wj4_HQD_D_1278,0.0048803844,0.99555117,0.11074013,0.13095303,0.99412005,0.27438372,0.24688084
2wu4_HBP_A_1544,0.12293251,0.97444016,0.10494056,0.10882028,0.0026006642,0.24672406,0.2071254
2wu4_HBP_B_1545,0.98368864,0.98260099,0.10871386,0.10525294,0.0018817005,0.25622293,0.20387782
2wzv_FMN_A_801,0.00037572046,0,0.098241747,0.12140661,0.46220945,0.24759382,0.21721861
2wzv_FMN_B_801,0.98355615,0,0.1054239,0.12785016,0.94119692,0.27223419,0.23236168
2x05_X05_A_1900,0.98629595,0,0.10295753,0.11904414,0.53919631,0.26062316,0.21649048
2x0u_X0U_B_1291,7.3080386e-05,0.99578285,0.11072632,0.13098906,0.99488689,0.27435592,0.2469315
2x6o_2TC_A_1209,0,0,0.098240131,0.12140815,0.46220947,0.24758971,0.21722004
2xh0_PEP_C_1440,0.98802835,0.9482127,0.11454506,0.12706272,0.9963273,0.28467582,0.2427964
2xhk_AKG_A_519,0.92365457,0.85769051,0.10729168,0.10572523,0.00030766263,0.25409766,0.20295491
2xhk_AKG_B_519,0.95040386,0,0.099481913,0.10740471,0.00043138965,0.24462866,0.19537099
2xta_TPP_A_2001,0.9785827,0.97150021,0.10927536,0.10773176,0.11317086,0.2592633,0.2081913
2xta_TPP_B_2001,0.99476056,0,0.099670043,0.10721313,0,0.24510195,0.19518441
2xta_TPP_C_2001,0.95225006,0.97577661,0.10850397,0.10535509,0,0.25574643,0.20386419
2xta_TPP_D_2001,0,0.97076316,0.10436179,0.10927586,0,0.24526056,0.20746064
2xul_AKG_A_201,0,0,0.098240131,0.12140815,0.46220947,0.24758971,0.21722004
2xul_AKG_B_201,0.92692556,0.90914845,0.11280031,0.12341683,0.81448838,0.27829622,0.23551464
2xul_AKG_D_201,0,1.7462243e-05,0.098240292,0.12140812,0.46220947,0.24758991,0.21722019
2xul_AKG_E_201,0.99308964,0.9127243,0.10809699,0.10531873,1.5467365e-07,0.25547579,0.20315771
2xul_AKG_F_201,0.99389446,0.89667176,0.10796297,0.10538737,0.0017602733,0.2553528,0.20308396
2xum_OGA_A_601,0.99876942,0.97602299,0.10870876,0.10517214,0.00039266639,0.25627007,0.20370401
2xya_7L4_A_1181,0.99324319,0.97457555,0.11479377,0.12692492,0.99351733,0.28495173,0.24289571
2xyj_WLM_A_1441,0.98196518,0.98875404,0.1087517,0.10520604,1.568986e-07,0.25621962,0.20386388
2xyj_WLM_A_1442,0,0.95854964,0,0.11935949,0.45954487,0.25841333,0.22547928
2xyj_WLM_B_1441,0.85546994,0.98612151,0.10818329,0.10573096,1.1398137e-07,0.25480431,0.20432446
2xyj_WLM_B_1442,0.92627018,0.94354713,0.11382315,0.12585977,0.9293051,0.28200553,0.24034744
2y00_Y00_B_601,0.99473563,0.9853551,0.11486228,0.12676318,0.98743094,0.28491456,0.24274397
2y2f_YI1_A_1469,0.83272339,0,0.10246899,0.12028521,0.56709888,0.25974927,0.21817843
2y4j_LAC_A_400,0.98384052,0.86898395,0.11338072,0,0.9311136,0.28176913,0.23944075
2y4j_LAC_B_400,0.9640357,0.94610881,0.10905156,0.10810488,0.12507775,0.25915968,0.20849506
2y5a_3AP_A_1295,0.15692001,0.99601294,0.10799576,0.11825217,0.44215715,0.26007047,0.22452625
2ye5_2A7_A_1224,0.99016123,0.8793011,0.1119985,0.12038734,0.68504063,0.2749004,0.22990508
2yjd_YJD_A_1498,0.99391657,0.99626683,0.10888322,0.10517925,0.001734402,0.25648627,0.2039522
2yjd_YJD_B_1498,0,0.99442516,0.10459065,0.1092628,0.0016560646,0.24557792,0.20773252
2ynf_WHU_A_1563,0,0,0.098240131,0.12140815,0.46220947,0.24758971,0.21722004
2yp6_C6W_B_1186,1.2670129e-07,0.93108995,0.10684234,0.11946284,0.46183692,0.25818329,0.22533681
2z1z_MLT_A_433,0.97083013,0,0.10059191,0.11094832,0.16624079,0.24965383,0.20183483
2z20_PLP_B_801,0,0.99387726,0.11035801,0.12974982,0.93804712,0.27268747,0.24467256
2z26_DOR_A_1410,0,0,0.098240131,0.12140815,0.46220947,0.24758971,0.21722004
2z48_A2G_A_1001,0,0.94753717,0.1069943,0.11942848,0.46183034,0.25837042,0.22548019
2z48_A2G_A_1005,0.98852892,0.95606889,0.11417598,0.1254692,0.92433055,0.28268589,0.24002247
2z48_A2G_B_2001,0,0.94658738,0.10698552,0.11943047,0.46183072,0.25835961,0.22547191
2z48_A2G_B_2005,0,0.93542738,0.10950348,0.12875575,0.88704387,0.27054503,0.24215006
2z48_NGA_A_1002,0,0.099840673,0.099162545,0.12119956,0.46216952,0.24872566,0.2180904
2z48_NGA_A_1006,0,0,0.098240131,0.12140815,0.46220947,0.24758971,0.21722004
2z48_NGA_B_2003,0.98433886,0.98603065,0.11307489,0.1205977,0.70372509,0.2765929,0.23159614
2z48_NGA_B_2004,0,0.98066015,0.10518942,0.11186789,0.1194217,0.24883143,0.21225875
2z6j_TUI_B_502,0.86731063,0.95188172,0.10791782,0.10575366,1.5816314e-08,0.25454413,0.20398032
2z7s_P01_A_1,0.73019444,0.95488661,0.10798106,0.10852937,0.10142447,0.25601371,0.20853236
2zgw_ADN_A_1301,0.9912198,0.96445073,0.11468472,0.12693021,0.99241541,0.28478238,0.2427716
2zgw_ADN_B_1302,0.36922621,0.74508115,0.10671187,0.11833494,0.46188995,0.26011017,0.22230322
2zgw_BTN_A_1401,0.95145951,0.9640034,0.11443058,0.12681409,0.97960222,0.2839708,0.24241415
2zgw_BTN_B_1402,0.96774481,0.96815357,0.11447879,0.12652497,0.9698386,0.28391367,0.2420029
2zi2_24U_H_801,0.94760229,0.98034485,0.11463814,0.12705547,0.99146739,0.28445821,0.24303967
2zka_AZA_A_302,0.1524748,0.97175762,0.11110681,0.13022513,0.9862864,0.27550238,0.24579987
2ztl_3HL_A_301,0.99795886,0.96113066,0.11468058,0.12690078,0.99201901,0.2848069,0.24270122
2ztl_3HL_B_301,0.987304,0.9548612,0.11444776,0.12649957,0.97108292,0.28401257,0.2418612
2ztl_3HL_C_301,0.99514346,0.96795015,0.11475195,0.12697076,0.99533857,0.28494984,0.24290248
2zut_A2G_B_4002,0.00016298939,0.95070439,0.10702426,0.11942119,0.46182906,0.25840824,0.22550718
2zut_A2G_C_4003,0.9520775,0.95122427,0.10827664,0.10540796,4.6275467e-05,0.25546633,0.20365237
2zut_A2G_D_4004,0.98132327,0.95655525,0.11448295,0.12668125,0.97842607,0.284179,0.24218857
2zuw_NDG_B_4002,0,0.98030664,0.10446439,0.10930713,0.0023379972,0.24543692,0.20763619
2zuw_NDG_C_4003,8.3746197e-05,0.98483904,0.10449247,0.10924706,3.9824174e-05,0.24542289,0.20758476
2zuw_NDG_D_4004,0.99186384,0.98591184,0.10876826,0.10517217,3.9478236e-05,0.25629681,0.20380279
2zvq_1NP_X_501,0.18870299,0.064714539,0.10290314,0.13204434,0.98987691,0.26567566,0.23788572
2zvq_1NP_X_502,0,2.6746594e-06,0.098240156,0.12140815,0.46220947,0.24758974,0.21722007
2zwt_CAM_A_422,0,0,0.098240131,0.12140815,0.46220947,0.24758971,0.21722004
2zyv_NPO_X_1602,0.99812404,0.9939377,0.10887004,0.10513218,0.00015072095,0.25645997,0.2038533
3kt7_AKG_A_702,0,0.98618209,0.10450427,0.10924374,0,0.24543611,0.20759523
3mk1_NPO_A_912,0,0.42969763,0.10221005,0.12051039,0.46203754,0.25247864,0.22096593
3mk1_NPO_A_913,0.9948701,0.99051552,0.10882594,0.10515809,0.00039834249,0.25639254,0.20384564
3qfx_CP6_A_602,0.99170231,0.9942075,0.1149404,0.12679042,0.98894938,0.2850261,0.24289274
3qfx_CP6_B_702,0.98832834,0.99489177,0.1149325,0.12680389,0.98899696,0.28499832,0.24291349
3qgz_ADN_A_127,0.99129892,0.98362888,0.11481771,0.12673176,0.98518542,0.28479224,0.24265344
3qhd_795_A_167,0.82748813,5.4053409e-05,0.1050586,0.12957509,0.99075318,0.27196063,0.23491397
3qhd_CTN_A_165,0.98127813,0.91463334,0.11412759,0.12688308,0.98365153,0.28385251,0.24202899
3qhd_CTN_B_165,0.97247348,0.97521263,0.11470211,0.12697975,0.99218562,0.28469295,0.24292813
3qhd_MSR_A_166,0,0.99091825,0.10454912,0.10923771,0.0001756332,0.24549513,0.2076435
3qk1_BEN_A_1010,0.99840518,0.99167222,0.11498788,0.12691751,0.99577539,0.28526831,0.2431143
3qss_MTG_A_405,0.81927462,0.9762163,0.11352218,0.12572487,0.90616657,0.28053567,0.24012869
3qss_MTG_B_405,0,0.97090356,0.10992883,0.12902798,0.90286485,0.27140709,0.24308393
3qt8_FM0_A_328,0.99100529,0.95169809,0.10844817,0.1052461,0,0.25589671,0.20350587
3qt8_FM0_B_328,0,0.95611105,0.10424257,0.10936379,0.002624238,0.24516972,0.20743628
3qwi_CUE_A_272,0.99717939,0.99556184,0.10901119,0.10559478,0.021272968,0.25707977,0.20470445
3qwi_CUE_B_272,0.99810223,0.9948852,0.10891298,0.10525195,0.0057113971,0.25663155,0.20408105
3qwi_CUE_D_272,3.9190748e-06,0.99827145,0.104616,0.10921855,6.3207392e-07,0.24557382,0.20770076
3qxx_8AC_A_221,0.9584796,0.97202613,0.10849611,0.10533733,5.5505065e-07,0.25577197,0.20380766
3r3z_GOA_A_305,0.99377237,0.970365,0.10863256,0.10519586,0,0.25613955,0.20365823
3r3z_GOA_C_305,0.99618025,0.96495594,0.10859294,0.10519724,0,0.25610434,0.20360181
3r3z_GOA_D_305,0.9932017,0.95215468,0.11024944,0.11158022,0.2899826,0.26432321,0.21494257
3r51_MMA_A_200,0.97276311,0.96556947,0.11459255,0.12692162,0.98866503,0.28448438,0.24270395
3ro7_TDR_A_300,0,0,0.098240131,0.12140815,0.46220947,0.24758971,0.21722004
3roe_THM_A_265,0,0,0.096017074,0.11351869,0.10150533,0.23714696,0.20299196
3roe_THM_C_265,0.44499075,0,0.1034062,0.13112216,0.98966867,0.2677396,0.2363329
3roe_THM_D_265,0,0,0.098240131,0.12140815,0.46220947,0.24758971,0.21722004
3roe_THM_E_265,0,0,0.098240131,0.12140815,0.46220947,0.24758971,0.21722004
3rop_NCA_A_302,0.9264634,0.0047277993,0.099421481,0.1074891,0.00024541566,0.24441491,0.19549644
3rop_NCA_B_302,0.0029048687,0.009204335,0.098337662,0.12137699,0.46220562,0.24772624,0.21728917
3ryd_SRT_A_267,0.977592,0.11164381,0.10120506,0.10909953,0.093633642,0.2488965,0.19991882
3ryd_SRT_A_271,0,0.4721969,0.099754731,0.1103144,3.093599e-08,0.23958396,0.2031088
3ryd_SRT_C_268,0.54297982,0.91538844,0.10618622,0.10716378,0.00010355424,0.25057964,0.2049057
3se2_3AB_C_4,0.9965687,0.97637724,0.11480069,0.12682222,0.98961868,0.28489577,0.24274491
3se2_3AB_D_3,0.99562959,0.98617436,0.11445667,0.12527779,0.91978108,0.28297469,0.24007861
3se2_LDR_B_2,0.99832843,0,0.099691808,0.10722125,0.0010412299,0.24517117,0.19521185
3sj1_DXC_X_75,0.9831885,0.98290361,0.1087029,0.1052132,0,0.2561664,0.20380813
3sru_Q26_X_169,0,0.95059734,0.10702257,0.11942209,0.46182911,0.25840523,0.22550687
3t2e_F6R_A_3469,0,0.89464447,0.10650563,0.11953899,0.4618515,0.25776862,0.2250191
3t3q_9PL_A_501,0.76479508,0,0.098914297,0.10898574,0.037860187,0.24367977,0.19755726
3t3q_9PL_B_501,0.00011128351,0,0.09824061,0.1214077,0.46220947,0.24759093,0.21721962
3t3q_9PL_C_501,0.9875571,0,0.099641921,0.10725286,0.0004643414,0.2450365,0.19523027
3te7_TE7_B_1,0,0.97099631,0.1043651,0.10927947,0.00018748548,0.24526864,0.20747007
3tky_N7I_B_369,0.08238235,0.97805599,0.10478353,0.10892237,0,0.24624582,0.20720937
3tyn_CXW_A_800,0,0.98668384,0.10450891,0.1092427,3.4146513e-07,0.24544184,0.20759962
3u1t_MLI_A_351,0.99667549,0.93668993,0.10833388,0.10525412,1.8274082e-06,0.25578798,0.20335326
3u1t_MLI_B_350,0.99701817,0.94240646,0.10838933,0.10524488,0.00018807884,0.25586222,0.2034092
3u3o_3QV_A_296,0,0.99201587,0.10455819,0.10923162,1.4329771e-06,0.24550258,0.20764621
3ucc_2PG_A_601,0,0,0.10152351,0.13306061,0.99474864,0.26301328,0.23823442
3ucc_2PG_B_601,0,0,0.098240131,0.12140815,0.46220947,0.24758971,0.21722004
3ucl_CYH_A_543,0.12866598,0.98810365,0.10507546,0.10871142,2.0293749e-06,0.24686717,0.20712022
3uud_EST_A_600,0.98777222,0.97890557,0.11466293,0.12641553,0.96961901,0.28424907,0.24201153
3uud_EST_B_600,0.98162337,0.99303972,0.11492845,0.126984,0.99579504,0.28510066,0.24319117
3uwb_BB2_A_154,0.98515746,0.93840398,0.11396984,0.12541903,0.91972278,0.28231441,0.23969937
3v1m_HPK_A_288,0,0.44562483,0.1023572,0.12047712,0.46203117,0.25265985,0.22110477
3v1s_0LH_B_401,0.99373495,0.99579135,0.10894988,0.10543593,0.013387532,0.25681632,0.20440851
3v1v_GST_A_511,0.89846807,0.89578693,0.10894192,0.11074096,0.22847236,0.26086272,0.21238584
3v7u_MTA_A_301,0.14848019,0.71963435,0.10552734,0.11929478,0.46191292,0.25740336,0.2229256
3v7u_MTA_A_302,0.98556534,0.94818033,0.10839579,0.10528829,0.00057250105,0.25581366,0.20351855
3v8n_5NB_A_301,0.25908289,0.96570269,0.10556004,0.10868609,0.021190585,0.24865398,0.20726213
3vbn_TYD_A_301,0.86824118,0,0.10280884,0.12080331,0.59744717,0.26101707,0.21924003
3vbn_TYD_C_301,0.94415024,0,0.099551125,0.10777148,0.016022185,0.24501164,0.19601003
3vbn_TYD_E_301,0.5859874,0,0.10312458,0.12739142,0.84560493,0.26511199,0.23010995
3vc3_C6P_B_501,3.2435431e-05,0.93850982,0.10691103,0.11944721,0.46183395,0.25826806,0.22540137
3vc3_C6P_C_501,0,0.95290279,0.10704387,0.11941727,0.46182819,0.25843146,0.22552696
3vc3_C6P_F_501,0.64304037,0.95816048,0.11279982,0.12720489,0.93901863,0.27935134,0.24194095
3vca_PRO_A_504,0.90096218,0.044626171,0.099678967,0.10750534,4.7754138e-08,0.2445828,0.19593251
3vcp_PRO_A_502,0,0,0.098240131,0.12140815,0.46220947,0.24758971,0.21722004
3vmg_9CA_B_2001,0,0,0.098240131,0.12140815,0.46220947,0.24758971,0.21722004
3vmg_9CA_C_2002,0,0,0.098240131,0.12140815,0.46220947,0.24758971,0.21722004
3vnj_PSJ_A_301,0,0,0.098240131,0.12140815,0.46220947,0.24758971,0.21722004
3vnj_PSJ_C_301,0,0,0.098240131,0.12140815,0.46220947,0.24758971,0.21722004
3vnj_PSJ_D_301,0.91312897,0,0.10072669,0.1125444,0.22836561,0.25082089,0.20450651
3vnm_SDD_A_301,0.5634226,0,0.097814755,0.10898437,0,0.24037805,0.1968333
3vnm_SDD_B_301,0.5488338,0.89647037,0.10603594,0.10717688,0,0.25042535,0.20471411
3vnm_SDD_C_301,0.49332286,0,0.097673036,0.10983934,0.025921881,0.24036097,0.19812401
3vq4_0NX_A_304,0,0.98286377,0.11046951,0.13052964,0.9726435,0.2735639,0.24594141
3vq4_0NX_A_305,0.99491314,0.9885928,0.11481537,0.12648034,0.97484415,0.28458888,0.24227494
3vq4_0NX_B_303,0.99589108,0.97810158,0.10953682,0.10809412,0.13361143,0.26011993,0.20898923
3vq5_MMJ_A_1007,0.99438716,0.99052549,0.11426123,0.12445651,0.88242219,0.2819288,0.23864736
3vq5_MMJ_B_307,0.9934769,0.99671805,0.10973026,0.10817809,0.13876908,0.26045481,0.20936445
3vqe_FMQ_A_1006,0.98665076,0.44565346,0.10958664,0.12702027,0.94627712,0.27748933,0.23644027
3vqe_FMQ_B_306,0.9924809,0.47430214,0.10406007,0.10629476,0.0027551654,0.2505571,0.19944188
3vv5_SLZ_B_301,0,0.88280155,0.10639621,0.11956373,0.46185624,0.25763388,0.22491586
3w4i_8LG_A_402,0.35536132,0.96877712,2.0484987e-65,0.10814237,0.015176675,0.24953415,0.20665102
3w4i_8LG_B_402,0.34595657,0,0.096945419,0.11011173,0.010712321,0.23830662,0.19808727
3w4i_8LG_D_402,0.98985977,0,0.099716308,0.10747225,0.01092459,0.24536463,0.19563417
3w7f_FPS_A_301,0,0.80097035,0.10564019,0.1197347,0.46188898,0.25670284,0.22420249
3w7f_FPS_B_301,0,0,0.098240131,0.12140815,0.46220947,0.24758971,0.21722004
3w8x_FTK_B_601,0,0,0.098240131,0.12140815,0.46220947,0.24758971,0.21722004
3wat_BMA_B_404,0.99042,0,0.099737267,0.10753578,0.013933567,0.2454579,0.19575074
3wca_FPS_A_501,0,0.82798246,0.10588975,0.11967826,0.46187817,0.25701017,0.22443797
3wca_FPS_B_401,0,0.95102449,0.10702652,0.11942119,0.46182894,0.25841009,0.22551059
3wca_FPS_C_401,0.93488302,0.90343579,0.10776212,0.10558178,0.00021400814,0.25473876,0.20330758
3wca_FPS_C_402,0,0.91551948,0.10669849,0.11949537,0.46184315,0.25800613,0.22520108
3wca_FPS_D_401,0,0.772551,0.10537762,0.11979408,0.46190035,0.25637949,0.22395475
3wgc_PLG_A_401,0,0.95990179,0.11004999,0.12984166,0.93901007,0.27232851,0.24441399
3wgc_PLG_C_401,0.98540505,0.98238279,0.11450969,0.12596677,0.95621872,1.601904e-08,0.24118639
3wgc_PLG_D_401,0.97951194,0.97069312,0.10857431,0.10525393,8.9902259e-06,0.25598737,0.20371596
3wjz_NUP_A_301,0,0,0.098240131,0.12140815,0.46220947,0.24758971,0.21722004
3wk1_O7E_A_301,0.98620248,0,0.1057331,0.12889625,0.98950946,0.27366219,0.23425771
3wlf_FEH_A_401,0.99626471,0,0.10559133,0.12819819,0.95949053,0.27290311,0.23303486
3wlf_FEH_B_401,0.99680978,0,0.1055738,0.1281254,0.95626562,0.27281569,0.23290554
3wlf_FEH_C_401,0.9948248,0,0.0996704,0.10721315,1.32047e-05,0.24510303,0.19518469
3wlf_FEH_D_401,0.99676535,0,0.10579681,0.12891773,0.99247392,0.27386372,0.23433429
3wqs_KBK_B_503,0.99157589,0.89480911,0.11359454,0.12548326,0.91971244,0.28188804,0.2392939
3wr4_GDE_B_502,0.98247533,0.98741293,0.11413964,0.12436432,0.87567593,0.28156754,0.23839956
3wsg_CIT_B_302,0.98773373,0.98369108,0.11019263,0.11038463,0.23730957,0.2630971,0.21316056
3wsg_CIT_C_302,0.91616998,0.4838645,0.10406714,0.1074646,0.042814166,0.25099025,0.20139757
3wsg_CIT_D_302,0,0.73575232,0.10503765,0.11987096,0.46191508,0.25596081,0.22363396
3wsg_CIT_E_302,0,0.63532418,0.1041098,0.12008078,0.46195526,0.25481818,0.22275848
3wug_XYP_B_1,0.98385515,0,0.099766927,1.1901103e-30,0.025063867,0.24564652,0.19612083
3wug_XYP_B_2,0,0,0.098240131,0.12140815,0.46220947,0.24758971,0.21722004
3wug_XYP_C_2,0.24022558,0,0.096424646,0.11031168,6.1534215e-06,0.23683866,0.19806905
3wur_O4B_A_201,0,0.18494934,0.099948853,0.12102174,0.46213547,0.24969399,0.21883234
3wur_O4B_A_202,0.97220594,0.38204476,0.1079397,0.12367372,0.78454159,0.2719234,0.22955907
3wur_O4B_B_201,0.83349925,0.10187215,0.10539273,0.12709331,0.88813638,0.27021419,0.23173104
3wur_O4B_B_202,0.63647398,0.86049093,0.11019332,0.12148825,0.66718391,0.27029565,0.23038842
3wur_O4B_B_204,0.61499371,0.057226008,0.10427498,0.12891633,0.9262004,0.26841509,0.23367843
3wwc_BUA_A_402,0,0,0.098240131,0.12140815,0.46220947,0.24758971,0.21722004
3wwc_BUA_A_403,0.97680429,0.98285024,0.10867516,0.10524026,3.367669e-05,0.25609685,0.2038334
3wxo_NIZ_A_802,0,0.94829447,0.10700129,0.1194269,0.46183003,0.25837903,0.22548679
3wxo_NIZ_A_803,0.0014440756,0.99258045,0.10457064,0.10922816,0.00016827594,0.24552965,0.2076522
3wxo_NIZ_A_804,0.0010568972,0.0018437698,0.098261711,0.12139996,0.46220867,0.24762226,0.21723207
3wzo_ZOE_B_201,0,0.96949058,0.11016175,0.12990384,0.94276517,0.27254643,0.24464584
3wzo_ZOE_C_201,0,0,0.098240131,0.12140815,0.46220947,0.24758971,0.21722004
3wzo_ZOE_D_201,0.94673785,0.95271276,0.10826714,0.10542577,0,0.25542346,0.20368395
3zbs_OVE_A_1380,0,0.99336901,0.10984002,0.12792926,0.85478272,0.27027053,0.24138297
3zcm_PX3_A_1214,0,0.97542855,0.10440563,0.10926872,0.00011806347,0.2453171,0.20750602
3zcm_PX3_B_1216,0,0,0.098240131,0.12140815,0.46220947,0.24758971,0.21722004
3zjq_NCA_A_300,0.0025526084,0.98903597,0.10454166,0.10922744,6.0154675e-06,0.24549674,0.20761062
3zjq_NCA_B_300,0.62367951,0.98803469,0.10720402,0.10667893,5.9838391e-06,0.25228775,0.20522747
3zks_WZV_A_1398,0,0.96643685,0.10432995,0.10931376,0.0013204761,0.24524954,0.20747498
3zp7_PRE_A_1118,0,0,0.10135294,0.13245527,0.96707904,0.26221203,0.23714273
3zr0_8OG_A_1157,0.9732504,0.98001581,0.11341534,0.1222305,0.77570494,0.27848736,0.23442595
3zr0_8OG_B_1157,0.95974371,0,0.10502207,0.12688537,0.89262757,0.27056694,0.23053643
3zv6_4HB_A_1277,0,0.89869674,0.10654307,0.11953052,0.46184988,0.25781473,0.22505442
3zwe_FUC_A_110,0,0.97461679,0.11054547,0.13108687,0.99732843,0.27418482,0.24684335
3zwe_FUC_B_110,0.94357148,0.97349123,0.1145911,0.12720567,0.99692369,0.28449403,0.24321053
3zwe_FUC_C_110,0.99039133,0.97849478,0.11484406,0.12702193,0.99778929,0.28508883,0.24310937
3zwt_ORO_A_1398,0.20988912,0,0.096294929,0.11043898,0.00013061549,0.23651003,0.19818993
3zyx_MBT_A_601,0.99571843,0,0.099674163,0.10720919,0,0.24511244,0.19518075
3zyx_MBT_B_601,0,0,0.098240131,0.12140815,0.46220947,0.24758971,0.21722004
3zzm_JLN_A_1526,0.96898039,0.95957127,0.11455192,0.12705992,0.99370554,0.28452062,0.24286492
3zzv_FUC_B_401,0,0.97359332,0.1105378,0.13109533,0.99761764,0.27418155,0.24684583
4a01_2PN_A_1773,0,0,0.098240131,0.12140815,0.46220947,0.24758971,0.21722004
4a3u_NCA_A_1359,0.99429191,0.98028514,0.10872661,0.10517357,2.3506685e-05,0.25625887,0.20374376
4a3u_NCA_B_1359,0.77207458,0.94658498,0.10756043,0.10651485,0.016413314,0.25391612,0.20494573
4a78_JZ3_A_1296,0.24517586,0.98732924,0.10676635,0.11248235,0.19416268,0.25375679,0.21432858
4a7a_RGZ_A_601,0.99485876,0.99223694,0.10883935,0.10514583,1.0724182e-08,0.25640048,0.20384499
4a7a_RGZ_B_601,0.98458192,0.99237717,0.10895942,0.10576617,0.026439241,0.25705515,0.20492865
4a7x_UDP_B_1241,0.94721058,0.94395304,0.11432769,0.12723057,0.99593217,0.28416886,0.24289967
4a8p_PAO_A_1340,0.98902869,0.99050105,0.11494169,0.12697605,0.99657982,0.28517558,0.24317166
4a8p_PAO_B_1340,0.98914774,0.98281577,0.11301183,0.12039286,0.69495888,0.27635512,0.23120383
4a8p_PAO_D_1340,0.88022415,0.11285953,0.10084178,0.109654,0.1008177,0.24805203,0.20058508
4a8p_PAO_E_1338,0.96495038,0,0.10505915,0.1269161,0.89500987,0.27069295,0.23061052
4a9j_TYL_A_1188,0.99415303,0.99128895,0.10882932,0.10515697,0.00028638637,0.25639025,0.20385071
4adl_LMR_D_1468,0,0,0.098240131,0.12140815,0.46220947,0.24758971,0.21722004
4adm_SRT_C_1466,0,0,0.098240131,0.12140815,0.46220947,0.24758971,0.21722004
4ajj_88R_C_1335,0.9930883,0.98221044,0.1148466,0.1268491,0.99074973,0.28495682,0.24285376
4ajj_88S_A_1332,0.97726652,0.9830246,0.11434356,0.12534195,0.91896708,0.28271415,0.2400892
4ajj_88S_B_1332,0.99295854,0.98505575,0.10898493,0.10594977,0.035706876,0.2573319,0.20519837
4ajj_88S_C_1334,0.99264221,0.98744677,0.10878555,0.10516491,0,0.25632167,0.20381165
4ajj_88S_D_1332,0.96835044,0.97852735,0.10865405,0.10547989,0.0089882123,0.25621435,0.20418128
4ajj_MLI_D_1333,0,0.88498949,0.10641643,0.11955916,0.46185536,0.25765877,0.22493493
4al9_GLA_A_1123,0.94428736,0.982636,0.1146811,0.12719227,0.99731625,0.28461736,0.2433031
4al9_GLA_B_1123,0.997371,0.97171405,0.11480308,0.12697779,0.9964365,0.28504889,0.24297013
4al9_GLA_C_1123,0.94486765,0.97494753,0.11459762,0.12715292,0.99489451,0.28446605,0.24313822
4al9_GLA_D_1123,0.91528956,0.96796943,0.1144057,0.12728814,0.9948591,0.28406164,0.24318899
4al9_GLA_G_1123,0.96910569,0.96471079,0.11461188,0.12709101,0.99563934,0.28463651,0.2429856
4aql_TXC_A_1452,0,0,0.098240131,0.12140815,0.46220947,0.24758971,0.21722004
4aw0_MJF_A_600,0,0,0.098240131,0.12140815,0.46220947,0.24758971,0.21722004
4b1f_DGL_A_1257,0.0014380996,0.98003017,0.11044025,0.13049679,0.97114198,0.27350391,0.24585193
4b1f_DGL_B_1256,0.0023638514,0.97911739,0.11049873,0.13071822,0.98135004,0.27379926,0.24624318
4b1f_KRH_A_1256,0.9184049,0.97506368,0.10835183,0.10549565,4.0960437e-06,0.25536777,0.20398751
4b1f_KRH_B_1257,0,0.95203713,0.10703587,0.11941908,0.46182854,0.25842162,0.22551942
4b1y_LAB_B_1376,0.0017843648,0,0.098247806,0.12140082,0.46220937,0.24760925,0.21721322
4b5v_E8U_A_1253,0,0.97680147,0.10449195,0.10952718,0.012062637,0.24567861,0.20798927
4b5v_E8U_B_1254,0.88630508,0.97506043,0.10822721,0.10567528,0.0021895931,0.25507947,0.20419642
4b98_PXG_A_470,0,0.95105891,0.10702683,0.11942112,0.46182893,0.25841049,0.22551089
4b98_PXG_C_470,0,0,0.098240131,0.12140815,0.46220947,0.24758971,0.21722004
4b98_PXG_D_470,0.99305579,0,0.10578175,0.12893613,0.99261867,0.27382728,0.23435418
4bbx_LKF_B_1760,0.89580478,0,0.10117097,0.11445669,0.31252281,0.25306817,0.20789312
4bdr_CYS_B_804,0,0.64059435,0.10415849,0.12006977,0.46195315,0.25487814,0.22280442
4bdr_KAI_B_900,0.92350269,0.96895492,0.11417584,0.1262789,0.95036284,0.2828743,0.24141062
4bq5_GAL_C_1,0,0.6310171,0.10407001,0.12008978,0.46195699,0.25476917,0.22272093
4bu7_25F_A_2165,0.99542246,0,0.1057896,0.12891815,0.992241,0.27384227,0.23433023
4bu7_25F_C_2165,0.99673568,0,0.10580362,0.12894247,0.99359914,0.27389598,0.2343788
4buf_F36_A_2162,0.97707337,0,0.10571472,0.12900783,0.99289624,0.27366029,0.23442623
4buf_F36_B_2162,0.97541797,0,0.10567371,0.12889436,0.98739917,0.27348297,0.23421567
4buv_16I_A_2165,0.99517154,0,0.10545701,0.12774265,0.93846317,0.27228223,0.23220942
4buv_16I_C_2165,0.9953134,0,0.10566914,0.12849277,0.97277691,0.27327744,0.2335627
4bux_F35_A_2166,0.81415458,0,0.1045882,0.12816582,0.92382908,0.26987601,0.23232402
4bux_F35_C_2165,0.80383236,0,0.1047676,0.12900248,0.96013428,0.27081428,0.23379588
4bvh_OCZ_A_1393,2.4791712e-05,0,0.098240238,0.12140805,0.46220947,0.24758998,0.21721995
4bvh_OCZ_B_1392,0.9877122,0,0.10578634,0.12905595,0.99709252,0.27389831,0.23455112
4bvh_OCZ_C_1394,0.98447356,0,0.10578061,0.12909833,0.9984219,0.27390134,0.23461595
4bz6_SHH_A_700,0.95973613,0.93972826,0.10820314,0.10539973,1.3235952e-05,0.25541836,0.20352144
4bz6_SHH_B_700,0.97872213,0.95147877,0.10839331,0.105297,8.8375209e-09,0.25575969,0.20355091
4bz6_SHH_C_700,0.93851565,0.94664435,0.10856873,0.10686703,0.063757479,0.25711059,0.20617793
4c2p_X8Z_A_709,0.98923888,0.94641592,0.1144335,0.12670605,0.9800801,0.28419814,0.24213507
4c2z_646_B_1498,0,0.87918413,0.10636279,0.11957129,0.46185769,0.25759272,0.22488432
4c67_L5S_A_1170,0,0.98503551,0.11064267,0.13106844,0.99747818,0.27430779,0.2469402
4c7g_NGO_A_1495,0,0,0.098240131,0.12140815,0.46220947,0.24758971,0.21722004
4can_M7K_A_800,0,0.97516882,0.1044025,0.10926668,5.735535e-12,0.24531072,0.2074991
4can_M7K_B_800,0,0.9803628,0.1044505,0.10925586,7.1998869e-09,0.24536986,0.20754443
4ccu_AWF_A_1500,0.9827705,0.98554819,0.11474198,0.12656127,0.9759741,0.28445395,0.24233937
4cdt_M48_A_801,0.035791247,0.98176314,0.10461738,0.10910597,3.4183517e-08,0.24577778,0.20741984
4cdt_M48_B_801,0,0.97329413,0.10438518,0.10927058,1.4228179e-13,0.24528937,0.20748273
4cjs_L0Y_A_1217,0,0.98316231,0.10447772,0.10925482,0.000219282,0.24540808,0.20757752
4cjs_L0Y_B_1217,0.98314179,0.96678194,0.10855779,0.10526139,0.00065909587,0.25600142,0.2036936
4cju_JNS_A_1217,0,0.92148333,0.10675359,0.11948291,0.46184076,0.25807399,0.22525307
4cju_JNS_B_1214,0,0.98273282,0.11060045,0.13099893,0.99408154,0.27418321,0.24678609
4cjv_IV2_A_1212,0.99438721,0.99705003,0.11502261,0.12693102,0.99615102,0.28529641,0.24319143
4cjw_CBJ_A_1215,0.975414,0.94785945,0.10838733,0.1054661,0.0067639809,0.25587812,0.20379883
4cjw_CBJ_B_1217,0.99189749,0.9296023,0.10829647,0.10546111,0.0078914951,0.25588342,0.20362094
4cld_JUO_A_1270,0.99589984,0,0.09967865,0.1072216,0.00060131922,0.24513184,0.19520378
4cld_JUO_C_1270,0,0,0.098240131,0.12140815,0.46220947,0.24758971,0.21722004
4cld_JUO_D_1270,0,0,0.098240131,0.12140815,0.46220947,0.24758971,0.21722004
4cle_JR2_A_1270,0.99282038,0,0.099665003,0.10723282,0.00053617997,0.24509623,0.19521298
4cle_JR2_A_1271,0,0,0.098240131,0.12140815,0.46220947,0.24758971,0.21722004
4cle_JR2_B_1270,0.99593436,0,0.10557048,0.1281306,0.95633931,0.27280824,0.23291179
4cle_JR2_C_1270,0.99120331,0,0.099663586,0.10725912,0.0014347363,0.24510454,0.19525462
4cle_JR2_D_1270,0.99116582,0,0.099659705,0.10724607,0.0008312329,0.24508665,0.19523095
4cle_JR2_D_1271,0,0,0.098240131,0.12140815,0.46220947,0.24758971,0.21722004
4clo_XP0_B_1270,0,0,0.098240131,0.12140815,0.46220947,0.24758971,0.21722004
4clo_XP0_D_1270,0.9637722,0,0.10562936,0.12896256,0.98833029,0.2733824,0.23429693
4clr_FDB_A_1270,0.14254979,0.99387604,0.11116728,0.12986056,0.96986567,0.27517001,0.245383
4clr_FDB_B_1270,0.1399195,0.99065635,0.111231,0.13024994,0.98686323,0.27559676,0.24603558
4clr_FDB_C_1270,0.15304424,0.99520353,0.11104209,0.12916667,0.94024436,0.2744423,0.24418578
4clr_FDB_D_1270,0.99889934,0.99230682,0.1149429,0.12672618,0.98718323,0.28503214,0.24277895
4cme_KTZ_B_1270,0.98976229,0,0.10575014,0.12888774,0.98978889,0.27370927,0.23425512
4cme_KTZ_C_1270,0.99550674,0,0.10576154,0.12881693,0.98763019,0.27370967,0.23414799
4cme_KTZ_D_1270,0.95432119,0,0.10539445,0.12831195,0.95681769,0.27236636,0.23308974
4cmk_FQW_B_1270,0,0.95095874,0.10702591,0.11942133,0.46182897,0.25840935,0.22551002
4cmk_FQW_D_1270,0.99061305,0.94127894,0.10837838,0.10536943,0.004571419,0.25590616,0.20359678
4cno_9PY_B_301,0,0.94810296,0.10699952,0.1194273,0.46183011,0.25837685,0.22548512
4cno_9PY_C_301,0,0.92928702,0.10682569,0.11946661,0.46183764,0.25816277,0.22532109
4cno_9PY_D_301,0.99007119,0.97488296,0.11434747,0.12539174,0.92287123,0.28287474,0.24012322
4cpp_ADM_A_422,0.99500518,0.9350857,0.11412,0.12587693,0.94218556,0.28303495,0.24051902
4crg_J4X_A_1493,0,0.98255946,0.10927792,0.12631142,0.77980335,0.26797622,0.23833034
4cvb_PQQ_A_1608,0,0,0.098240131,0.12140815,0.46220947,0.24758971,0.21722004
4cw2_XDS_A_1303,0,0,0.098240131,0.12140815,0.46220947,0.24758971,0.21722004
4cx6_Q16_A_800,0,0.98599476,0.10450254,0.10924413,1.8974404e-07,0.24543399,0.2075936
4cxr_2BG_A_502,0.99651084,0.9942728,0.1149186,0.12661765,0.98196121,0.28487715,0.24259921
4d06_NAR_A_301,0,0.99396333,0.11065501,0.13080084,0.98609638,0.27407985,0.24656907
4d06_NAR_C_301,0,0.992269,0.11067359,0.13092589,0.99165115,0.27422141,0.24677344
4d06_NAR_D_302,1.0028765e-06,0.97662485,0.10441596,0.10926365,5.4518072e-07,0.24532732,0.20751182
4d06_NAR_E_301,0.99419914,0.99335969,0.11492878,0.12673038,0.98659306,0.28497556,0.24278283
4d06_NAR_F_301,0.97458134,0.95399504,0.10839875,0.10530876,6.360607e-10,0.25574299,0.2035887
4d06_NAR_F_302,0.9941494,0.22789637,0.10179013,2.1532666e-36,0.0044526342,0.24775765,0.19725821
4d0z_BBK_A_1581,0.93187622,0.9382103,0.10806998,0.10551975,0.0001254788,0.25509921,0.20361912
4d0z_BBK_B_1580,0.95713481,0,0.099508206,0.10736763,1.3578964e-07,0.24468988,0.19532825
4d0z_BBK_E_1584,0.92336522,0,0.09936367,0.10750884,0.00011604205,0.2443234,0.19546191
4d2c_ALA_A_508,0.99307788,0.97327179,0.11392544,0.12389193,0.85472701,0.28091602,0.23740907
4d3s_BOG_F_1000,0.96742037,0.98758705,0.11429788,0.12521143,0.91158733,0.28244456,0.2398755
4d4u_FUC_B_950,0.99300574,0.99048334,0.11496629,0.12698693,0.99782195,0.2852549,0.24320531
4d5e_TPP_A_1589,0.36990274,0.94448105,0.10688794,0.11199219,0.19108937,0.25454591,0.21335652
4d5e_TPP_B_1590,0,0,0.098240131,0.12140815,0.46220947,0.24758971,0.21722004
4d6z_PK9_A_1600,8.3803221e-06,0.74007658,0.10507763,0.11986189,0.46191335,0.2560101,0.22367162
4d96_5PA_A_501,0,0,0.098240131,0.12140815,0.46220947,0.24758971,0.21722004
4d96_5PA_B_501,0,0.97304911,0.10438291,0.10927109,0,0.24528658,0.20748059
4d96_5PA_C_402,0,0.98107244,0.1064507,0.11632968,0.32340574,0.25474304,0.22031043
4d96_5PA_D_501,0,0,0.098240131,0.12140815,0.46220947,0.24758971,0.21722004
4dab_HPA_A_301,0.26485807,0.99653745,0.11163765,0.12906778,0.95683889,0.27616258,0.24442471
4dch_4DC_A_502,0.96829989,0,0.10411832,0.1235123,0.74005399,0.26624246,0.22448401
4dch_GLC_A_501,0,0.98351441,0.11043884,0.1303981,0.96669289,0.27339899,0.24571231
4dd8_BAT_A_1000,0,0.94422995,0.10696374,0.11943539,0.46183166,0.25833279,0.22545136
4dd8_BAT_B_1000,0.93643228,0.95764167,0.10826836,0.10545783,3.0038879e-07,0.25536672,0.20376638
4dd8_BAT_C_1000,0.59027314,0.82103748,0.10551714,0.10716384,0,0.25002032,0.20389726
4dd8_BAT_D_1000,0,0.85697465,0.1061576,0.11961769,0.46186657,0.25734003,0.22469071
4do1_ANN_A_502,0.99576008,0.98213036,0.10874983,0.10516319,2.6620655e-08,0.25629528,0.20375333
4do1_ANN_B_502,0.99638973,0.98563776,0.10878495,0.10515329,1.6661633e-08,0.25634211,0.20378154
4do1_ANN_D_502,0.99500566,0.97936974,0.10872108,0.10517203,4.11256e-08,0.25625559,0.20373212
4dt8_ADN_A_401,0,0.99032548,0.10454334,0.1092379,0.00012771171,0.24548699,0.20763643
4dt8_ADN_B_401,0.9783334,0.98551584,0.11465364,0.12633484,0.96478848,0.28408108,0.24191472
4dtb_GMP_B_401,0.99279644,0,0.10476451,0.12533106,0.82778591,0.26905126,0.22785178
4du7_DP6_A_401,0.98583086,0.94204749,0.11416591,0.12597477,0.94559839,0.28311257,0.2407495
4dvw_0M4_A_512,0.74357877,0.98815446,0.11041825,0.11575923,0.43757487,0.26627323,0.22203422
4dwv_PFB_A_378,0.99004499,0.98319331,0.11460808,0.1260273,0.95270841,0.28383309,0.24137307
4dwv_PFB_B_378,0.99182577,0.98198648,0.11469091,0.12632886,0.96671165,0.28424435,0.24190822
4e7v_CRS_1_101,0,0.98431918,0.10620935,0.11535992,0.27938768,0.25350534,0.21860206
4e7v_CRS_3_101,0.99789088,0.97780262,0.11302085,0.12043035,0.69783633,0.27647711,0.23124018
4e7v_CRS_A_101,0.99772182,0.98615407,0.10984001,0.1088538,0.16944603,0.26126936,0.21046635
4e7v_CRS_C_101,0.039583284,0.99096455,0.11065357,0.13013355,0.96273961,0.27380285,0.24547005
4e7v_CRS_E_101,0.25271518,0.9905427,0.10744806,0.11464356,0.29467062,0.25678643,0.2182933
4e7v_CRS_G_101,0.99448582,0.99519348,0.11499411,0.12689272,0.99424206,0.28522108,0.24309953
4e7v_CRS_I_101,0.9978539,0.98707028,0.11158779,0.11502203,0.4515021,0.26944894,0.22160222
4e7v_CRS_K_101,0.99652202,0.9820967,0.11480575,0.1266416,0.98189861,0.28473682,0.24249042
4e7v_CRS_M_101,0.99555703,0.98743952,0.11490632,0.12683087,0.99087744,0.28504709,0.242895
4e7v_CRS_O_101,0.9942327,0.98736929,0.11491839,0.1269018,0.99386439,0.28511828,0.2430173
4e7v_CRS_Q_101,0.99832261,0.98753869,0.11411883,0.12403361,0.86585662,0.18847811,0.23784526
4e7v_CRS_S_101,0.18070844,0.98539739,0.1072383,0.11547342,0.31859733,0.25663211,0.21946767
4e7v_CRS_U_101,0.99700699,0.99039757,0.11484085,0.12647338,0.97613473,0.2846379,0.21217742
4e7v_CRS_Y_101,0.99746277,0.98949961,0.1105781,0.11136157,0.28434399,0.2646318,0.21502979
4e9z_651_A_301,0.99823689,0,0.10092689,0.11160623,0.2014575,0.25097378,0.20311952
4ea0_651_A_306,0.82475567,0.99071232,0.10809361,0.10584753,4.7640612e-07,0.25452021,0.20448196
4ea0_651_B_305,0.88660388,0.99105793,0.10836283,0.10559285,9.1467988e-07,0.25520151,0.20424856
4eip_K2C_A_601,5.6946077e-06,0.98996642,0.10453926,0.10923583,0,0.24547926,0.20762824
4ejh_0QA_A_502,0.99249055,0.59102642,0.11027203,0.12426935,0.83547295,0.27599984,0.23331514
4ejh_0QA_D_502,0,0.68886984,0.1046045,0.11996891,0.46193384,0.2554274,0.22322526
4ejh_0QA_E_502,0.72563523,9.265573e-05,0.10171084,0.11966579,0.51869388,0.25717582,0.21667881
4ejh_0QA_F_502,0,0,0.098240131,0.12140815,0.46220947,0.24758971,0.21722004
4ek1_CAM_B_502,0.072793645,0,0.098553215,0.12110917,0.46220526,0.24838684,0.21694165
4ekr_0R0_A_202,0.9971705,0.99177384,0.10970478,0.10818858,0.13947097,0.26045929,0.20933486
4ekr_0R0_A_203,0.0064548937,0.94166089,0.10696777,0.11941425,0.46183231,0.25837424,0.22540428
4ekr_0R0_B_203,0,0.99207739,0.10533495,0.11198614,0.12591395,0.24914942,0.21261456
4evi_C9M_A_402,0,0.97820645,0.11053051,0.13090859,0.98952122,0.27399962,0.24656666
4evi_N7I_B_401,0.99517936,0.99259439,0.114994,0.12696955,0.99763647,0.28529737,0.24320811
4evq_PHB_A_406,0.99542033,0.99270094,0.11498955,0.12694539,0.99658743,0.28527085,0.24316673
4f06_PHB_A_401,0.98213379,0.99116736,0.11490867,0.1269692,0.99503577,0.28506294,0.24314292
4f8n_GAL_A_204,0.98184816,0.96241952,0.11346128,0.12284071,0.80353539,0.27918708,0.23533753
4fa2_SB0_A_402,0,0,0.098240131,0.12140815,0.46220947,0.24758971,0.21722004
4fra_GAL_A_402,0.9772443,0.98949227,0.11462607,0.12611943,0.95511636,0.28383435,0.24157199
4fxr_BMP_A_301,0.9869602,0.9526753,0.11398141,0.12492745,0.89895044,0.28189512,0.23899748
4fxr_BMP_B_301,0.99338946,0.96170767,0.11377396,0.12375165,0.84727252,0.2805719,0.23701282
4g1q_T27_A_601,0,0,0.098240131,0.12140815,0.46220947,0.24758971,0.21722004
4g1x_TQU_A_409,0,0.94765954,0.10699543,0.11942822,0.46183029,0.25837181,0.22548126
4g1x_TQU_A_410,0.9971105,0.99486641,0.10987975,0.10870282,0.1632594,0.26118271,0.21030065
4gcq_0JM_B_401,0.00023758942,0.97055429,0.1043609,0.10927537,2.3658596e-06,0.24526085,0.207458
4gh8_MTX_B_201,0.97815095,0,0.10564111,0.12872572,0.98020355,0.27330454,0.23392133
4ghf_4NC_D_402,0,0.93203626,0.10685109,0.11946087,0.46183654,0.25819405,0.22534506
4gim_PSU_A_400,0,0.86227518,0.10620657,0.11960662,0.46186445,0.25740034,0.22473692
4gim_PSU_B_400,0.97830455,0.91511043,0.10869696,0.10765116,0.10406538,0.25835453,0.2073409
4gmu_OXL_A_705,0,0.48852067,0.10275351,0.1203875,0.462014,0.25314791,0.22147872
4gnp_PEP_A_703,0.99025742,0.95707198,0.11366013,0.12357003,0.83794124,0.2802146,0.23661617
4gps_CIT_A_501,0,0.76290794,0.10528853,0.11981422,0.46190421,0.25626978,0.22387069
4gt9_UMP_A_302,0.49790126,0,0.097532932,0.10925343,0,0.23966048,0.19708378
4gy9_ZIP_A_201,0.99409346,0.98823186,0.11297666,0.11998334,0.67768399,0.27597071,0.23055063
4h0x_LAR_B_403,0,0.98401795,0.11063327,0.13107056,0.99747829,0.2742962,0.24693133
4h4c_10D_A_402,0,0.92458211,0.10678222,0.11947644,0.46183952,0.25810924,0.22528008
4h4c_10D_B_402,0,0.90521305,0.10660327,0.11951691,0.46184727,0.25788887,0.22511123
4h9g_14J_A_512,0.0034863285,0.97718225,0.10861767,0.12408824,0.67832617,0.26501463,0.23426635
4h9x_HL4_A_404,0.58616657,0.9850088,0.11045803,0.11905936,0.55857501,0.26801737,0.22738251
4h9x_HL4_B_404,0.54444563,0.69167149,0.10697204,0.11772685,0.46190117,0.26142125,0.22116752
4hey_4MZ_A_303,0.8082825,0,0.098867956,0.10797888,0,0.24305969,0.19589727
4hey_4MZ_A_307,0.071537657,0,0.098547813,0.12111433,0.46220533,0.24837308,0.21694645
4hez_1MZ_A_304,0.22115159,0.80111648,0.10659271,0.11882606,0.46187611,0.25912623,0.223358
4hez_1MZ_A_306,0.19139974,0.99592302,0.10541754,0.1084375,1.0054297e-06,0.24764321,0.20694862
4hgg_SYN_B_502,0.99201502,0.94275026,0.1083709,0.1052644,0.00017374498,0.25581092,0.20343076
4hon_AKG_A_401,0.99662671,0,0.10581194,0.12897409,0.99502428,0.27393605,0.23443544
4hon_AKG_B_401,0.99329821,0,0.10579748,0.12898726,0.99500132,0.27389893,0.23444726
4hoz_GLC_A_703,0.99290205,0,0.1056798,0.12857728,0.97618737,0.27334979,0.23370648
4hrq_AZG_A_201,0.012747853,0.97877727,0.10472062,0.11002286,0.037300879,0.24657157,0.20895355
4hzf_CMP_A_302,0.8709495,0.98035391,0.11434697,0.1275067,0.99770562,0.28379948,0.2435789
4i02_CMP_A_301,0,0.99317321,0.1073058,0.11894232,0.44397894,0.25837235,0.22517321
4i02_CMP_A_302,0.87754944,0.9840467,0.10973168,0.11087074,0.23888144,0.26193996,0.21364689
4i02_CMP_B_302,0.18131332,0.99049252,0.11147296,0.1303125,0.99747704,0.27635558,0.24629468
4i02_CMP_C_301,0,0.99143817,0.11067687,0.13096649,0.9934277,0.27426339,0.24683628
4i02_CMP_D_301,0.95881996,0.99265204,0.11481309,0.12702983,0.99357243,0.28478215,0.24318726
4i02_CMP_D_302,0.92813279,0.98902808,0.11463013,0.12710136,0.99073737,0.28432271,0.24316108
4i02_CMP_F_301,0.52976567,0.99406744,0.1129886,0.12881676,0.99485296,0.28013645,0.24489031
4i0b_CMP_A_302,0.97462773,0.97654145,0.11474595,0.12704723,0.99580115,0.28483637,0.24307414
4i0g_1B9_A_504,0.80440916,0.98539928,0.99150534,0.10700624,0.052870756,0.25581043,0.00078862754
4i2p_G73_A_601,0.9862799,0.99185268,0.11492252,0.12691414,0.99336257,0.2850677,0.24306703
4i4v_NGA_A_201,0,0.94789829,0.10699763,0.11942773,0.46183019,0.25837453,0.22548334
4i4v_NGA_A_202,0.96863382,0.93122381,0.11325941,0.12346828,0.8267704,0.27936,0.23603247
4i4v_NGA_B_201,0,0.95332484,0.10704777,0.11941639,0.46182802,0.25843627,0.22553064
4i4v_NGA_D_201,0.98665319,0.98194089,0.11435498,0.12523845,0.91589457,0.28271564,0.23992263
4i4v_NGA_D_202,0,0.97422943,0.10943264,0.127151,0.81738689,0.26896971,0.23974047
4i6s_FUC_A_101,0.98624321,0.94468373,0.11450879,0.12709169,0.99698009,0.284635,0.24279818
4i6s_FUC_A_102,0,0.92303043,0.10676788,0.11947968,0.46184014,0.25809159,0.22526655
4i6s_FUC_B_101,0.52744812,0.95106866,0.11259994,0.12898203,0.99787803,0.2797091,0.24464319
4i6s_FUC_B_102,0.97359678,0.96207217,0.11461117,0.12709352,0.99634592,0.28467611,0.24297328
4i6s_FUC_C_101,0.74154165,0.96938942,0.11365483,0.12793954,0.99215671,0.28209671,0.24375895
4i6w_1CO_A_501,0.00035806334,0.97878582,0.10443746,0.10925767,0,0.24535582,0.2075293
4i6w_1CO_B_1001,0.98595935,0.97242646,0.10868531,0.10546251,0.010918322,0.25639363,0.20413687
4i6y_MEV_A_501,0,0.97424084,0.10440006,0.10929039,0.00099556579,0.24532898,0.20753028
4i6y_MEV_B_1001,0.99439308,0.97619063,0.11404891,0.12420285,0.86946354,0.28139039,0.23801094
4i7n_1DJ_A_202,0.99716477,0.99635442,0.11502063,0.12689447,0.99493549,0.28528371,0.24312678
4i7n_1DJ_B_203,0.99866992,0.99500498,0.11501708,0.12689977,0.99533162,0.28529631,0.24312487
4i9n_1E5_A_402,0.88465507,0.95647777,0.11402405,0.12692792,0.97154926,0.2829203,0.24228611
4i9n_1E5_B_402,0.99031155,0.96515591,0.11455369,0.12645821,0.97073742,0.28415272,0.24192593
4i9n_1E5_C_402,0.8633477,0.97546465,0.11390504,0.12625608,0.93864857,0.2819504,0.24123521
4i9n_1E5_D_402,0.8644883,0.96793648,0.11270552,0.12223955,0.754554,0.27654621,0.23390179
4i9n_1E5_F_402,0.93713698,0.96809782,0.11430162,0.12649106,0.96253824,0.28336643,0.24183139
4i9n_1E5_G_402,0.86354281,0.95200925,0.11257077,0.12233515,0.75722964,0.27643199,0.23387194
4i9n_1E6_A_401,0.99021964,0.98345979,0.11395562,0.12369908,0.84634554,0.28075801,0.23717823
4i9n_1E6_D_401,0.94817512,0.98167436,0.11283736,0.1206072,0.69695683,0.27595126,0.23142932
4i9n_1E6_F_401,0,0.98514814,0.1094825,0.12694716,0.80910911,0.26885432,0.23950918
4i9n_1E6_G_401,0,0.98113045,0.105066,0.11141347,0.098695396,0.24823659,0.21144511
4i9n_1E6_H_401,0.7574588,0.97830177,0.1118042,0.12076093,0.66821738,0.25732069,0.23097866
4ict_1ED_A_406,0.98235538,0.96989592,0.10865229,0.10550339,0.011869561,0.25635289,0.20416609
4ioq_BAQ_A_201,0.99515791,0.98961076,0.1088165,0.10515056,2.1962924e-05,0.25637449,0.20382179
4iph_1FJ_A_201,0.98293708,0,0.10164273,0.11444308,0.32825542,0.254478,0.20818076
4itu_1HS_A_302,7.9335427e-06,0,0.098240165,0.12140812,0.46220947,0.24758979,0.21722001
4itu_1HS_B_302,7.3478855e-06,0.95851648,0.10721707,0.11983601,0.48153044,0.25906524,0.22635225
4itu_1HS_C_302,7.119074e-06,0,0.098240162,0.12140812,0.46220947,0.24758978,0.21722001
4itu_1HS_D_302,5.1528215e-06,0.96064718,0.10706359,1.4950978e-40,0.45270327,0.25826355,0.22523469
4ixw_IXW_A_302,0.96004684,0,0.10436059,0.12453198,0.78511343,0.26745689,0.22629335
4j0k_EGR_A_501,0.9034004,0.7287984,0.10601677,0.10608841,0.00083448998,0.25242355,0.20192806
4j0k_EGR_B_501,0.9409488,0.77542336,0.10660725,0.10583048,0.00053170677,0.25335687,0.20217955
4j4b_0TF_A_904,0.97641548,0,0.10482668,0.125869,0.8492999,0.26949485,0.22876323
4j5h_1K4_A_303,0,0.94585595,0.10697876,0.11943199,0.46183101,0.25835129,0.22546553
4j7u_YTZ_A_802,0.95283946,0.95988885,0.10836664,0.10541043,0.0011275768,0.25560464,0.20376775
4j7u_YTZ_B_802,0.94858893,0.89629386,0.10792761,0.10615269,0.028202588,0.25561804,0.20429713
4j7u_YTZ_C_802,0.95342618,0.95107983,0.10828797,0.10542709,0.0011604346,0.25551172,0.20368991
4j7u_YTZ_D_802,0.99379934,0.98712551,0.10879323,0.10518097,0.00092071355,0.25635734,0.20384075
4jb0_FER_A_401,0,0,0,0.12136421,0.46003404,0.24751151,0.21712777
4jh6_FCN_B_202,0,0,0.098240131,0.12140815,0.46220947,0.24758971,0.21722004
4jhh_H35_A_201,0.96983172,0,0.099568412,0.10733535,0.00090745135,0.24485521,0.19531551
4jm8_26D_A_302,0.99824273,0.99634861,0.11064426,0.1113424,0.28426601,0.26471606,0.21508351
4jmz_1M2_A_302,0.99655803,0.99511189,0.10894825,0.10539913,0.01217083,0.25680427,0.20434378
4jp3_CIT_A_301,0,0.95892052,0.10457308,0.11053758,0.060732711,0.086898461,0.20955879
4jxh_HRC_A_301,0.98481105,0,0.099634514,0.10727977,0.0011788271,0.24502712,0.19526895
4jzx_476_A_402,0.98889299,0.88049137,0.11360393,0.12606794,0.94457069,0.28241547,0.24015995
4jzx_476_B_402,0,0.87253111,0.10630133,0.11958519,0.46186035,0.25751703,0.22482633
4jzx_IPE_A_401,0,0.97079023,0.10436371,0.10928173,0.00027107356,0.24526871,0.20747157
4jzx_IPE_B_401,0.98659831,0.97311959,0.10862716,0.10521958,2.6341609e-09,0.25609235,0.2037097
4k5g_Q13_A_803,0.021061927,0,0.098330718,0.12132165,0.46220825,0.24782035,0.21713949
4k5g_Q13_B_803,0.22522573,0.98911506,0.10550012,0.10831276,2.6709003e-13,0.24793612,0.20675985
4k5u_GAL_A_301,0.99269207,0.989861,0.11434918,0.12482464,0.89886766,0.28237889,0.23929689
4k5u_GAL_B_301,0,0.98416174,0.11057397,0.1308551,0.98764343,0.27401305,0.24654455
4k5u_GAL_C_301,0.92530297,0.98466455,0.11457563,0.12711496,0.99041217,0.28423262,0.24312098
4k5u_GAL_D_301,0,0.98754743,0.11051929,0.13054295,0.97369752,0.27364775,0.24602388
4k90_MLA_A_704,0.98196275,0.87380436,0.10768977,0.10544648,4.518149e-05,0.2549121,0.20286231
4kcf_FMN_A_502,0,0,0.098240131,0.12140815,0.46220947,0.24758971,0.21722004
4kfj_1R0_A_202,0,0.31133906,0.098269902,0.11065514,0.0002590492,0.23775996,0.20171494
4kp7_1UQ_A_503,0,0,0.098240131,0.12140815,0.46220947,0.24758971,0.21722004
4kp7_1UQ_B_502,0.99343385,0.94583919,0.11429058,0.12613768,0.95483281,0.28350641,0.24111788
4kqk_PCR_A_403,0.99598812,0.9984589,0.11503271,0.12688672,0.99456061,0.28528393,0.24313485
4kqk_PCR_B_703,0.99704905,0.99768388,0.11502442,0.1268638,0.99363817,0.28526002,0.24308764
4kqx_HIO_A_402,0.81156222,0.95520729,0.11235014,0.12244754,0.75291498,0.27577418,0.23392833
4kqx_HIO_B_401,0.80305821,0.92153853,0.11010776,0.1158285,0.44556243,0.26639746,0.22154052
4kux_FPS_A_704,0.86740178,0.92710586,0.11055242,0.11596598,0.46445401,0.26771258,0.22208851
4kux_FPS_C_705,0,0.90848005,0.10663345,0.11951008,0.46184597,0.25792604,0.22513971
4kux_FPS_D_704,0,0.90060287,0.10656068,0.11952654,0.46184912,0.25783642,0.22507104
4kwk_CSS_A_302,0,0,0.098240131,0.12140815,0.46220947,0.24758971,0.21722004
4kwl_3SS_A_302,0.98946674,0.99136081,0.11435928,0.12487068,0.90050951,0.28240819,0.23938709
4l4d_CAM_A_503,0,0.97883744,0.10472828,0.11029488,0.047347539,0.24672357,0.20939919
4l7p_M95_A_601,0.97495861,0,0.099587646,0.10730429,0.00045034415,0.24489812,0.19527788
4l80_OXL_D_402,0.99482162,0.80685954,0.10712618,0.10553214,0,0.2542894,0.20222702
4l80_OXL_F_402,0.99232612,0.93433118,0.11313698,0.12246646,0.78572142,0.27846617,0.23434946
4l8q_XMM_A_303,0.12899927,0.82378864,0.10640582,0.11915719,0.46187238,0.25837506,0.22390807
4l91_X29_A_301,0.99558306,0.9896262,0.11483722,0.12650887,0.97637226,0.28465224,0.24234169
4lcq_URQ_A_603,0,0.92246362,0.10676265,0.11948087,0.46184037,0.25808514,0.22526161
4lm7_U5P_A_201,0.7553354,0.86152891,0.10729181,0.10885235,0.11201742,0.25553284,0.2080393
4lo1_GAL_A_301,0.97194241,0.96615984,0.11448145,0.12652266,0.97033081,0.2839512,0.24198887
4lo1_GAL_B_301,0,0.95478858,0.10878315,0.12552407,0.74117009,0.26654129,0.23656368
4lol_1YE_A_401,0.99795073,0.97465019,0.11420043,0.12472539,0.89386936,0.28211855,0.23894681
4lvb_20N_A_601,0.99175998,0.99096027,0.10881422,0.10516123,3.6617963e-07,0.25635202,0.20384571
4lvb_20N_B_601,0.99380289,0.99418104,0.10885277,0.10514613,3.032122e-07,0.25641106,0.20386601
4lxi_22J_A_301,0.90201603,0,0.10393805,0.12415653,0.75705965,0.26600898,0.22540834
4lz3_BTM_A_409,0.98642741,0.98622247,0.11432331,0.12498112,0.90449749,0.28243188,0.2395112
4lz7_1YW_B_804,0.19717189,0.95077782,0.1050252,0.10850782,3.3472084e-09,0.24719238,0.20653246
4lz7_1YW_C_804,0,3.440424e-08,0.098240131,0.12140815,0.46220947,0.24758971,0.21722004
4lz7_GLU_A_802,0,0,0.098240131,0.12140815,0.46220947,0.24758971,0.21722004
4m2c_DAR_C_402,0.97985841,0,0.099605945,0.10727432,0,0.24493874,0.19524138
4m2c_DAR_D_402,0,0,0.098240131,0.12140815,0.46220947,0.24758971,0.21722004
4m54_AE5_A_403,5.927046e-05,0,0.098240386,0.12140791,0.46220947,0.24759036,0.21721982
4m72_M72_A_402,0,0,0.098240131,0.12140815,0.46220947,0.24758971,0.21722004
4ma8_Z80_C_301,0,0.73788609,0.10220987,0.10976097,8.2069673e-07,0.24260908,0.20542796
4mig_G3F_B_802,0.98360732,0.97552988,0.11157656,0.11566064,0.47691941,0.26989755,0.22255878
4mig_G3F_C_802,0.95042455,0.97419619,0.1085326,0.10554716,0.0082861636,0.25594839,0.2041843
4mig_G3F_D_802,0.96683168,0.98279634,0.11187388,0.11678735,0.52596377,0.27121678,0.22462135
4mju_27S_A_501,0.67541437,0,0.10339299,0.12661169,0.82674956,0.26554536,0.22902416
4mog_G3F_A_802,0.94564143,0.92957132,0.10805383,0.10549711,0.0008515307,0.25517262,0.20351974
4mol_2FG_A_802,0,0.97251366,0.11019808,0.12992734,0.94412743,0.2726203,0.24472598
4mol_2FG_B_802,0.0084512268,0.96715893,0.10436484,0.10924866,0,0.24531208,0.20739687
4mol_2FG_C_703,0.0074979064,0,0.098272379,0.12137736,0.46220904,0.24767181,0.21719137
4mol_2FG_D_802,0.0070901202,0.95670906,0.10570455,0.11439403,0.23393983,0.25195256,0.21654084
4mop_2H5_A_802,0.011034262,0.91595387,0.10674996,0.11944915,0.46184234,0.25813191,0.22516266
4mop_2H5_B_802,0.99591975,0.88983296,0.10796611,0.10559781,0.011108163,0.25556781,0.20338534
4mpr_TPP_A_602,0,0.95581788,0.104633,0.11075962,0.066398459,0.24701314,0.2099499
4n36_2F8_A_401,0,0.97125361,0.11001342,0.12931596,0.91606176,0.27179323,0.24360766
4n36_2F8_D_401,0.95954446,0.9240054,0.11299949,0.12297366,0.80176874,0.27845428,0.23501778
4n4j_HG1_A_608,0.0016010646,0.86529873,0.10624139,0.11959372,0.46186315,0.25745227,0.22475715
4n5p_2H0_E_412,0.99056021,0.98671827,0.11002313,0.10962275,0.20330346,0.26217778,0.21183448
4n6w_FLC_A_203,0,0.98522969,0.1106417,0.13105821,0.99702905,0.27429699,0.24692418
4n94_2HO_A_401,0.0019292408,0.99624085,0.10463642,0.10932455,0.005013606,0.24571695,0.20787346
4n9v_AZA_A_401,0.017437472,0.97544483,0.10448005,0.1091945,9.354593e-09,0.24550483,0.20743485
4n9v_AZA_A_403,0,0.027836011,0.098497304,0.12135,0.46219833,0.24790641,0.2174627
4nf4_2JK_A_301,0,0,0.098240131,0.12140815,0.46220947,0.24758971,0.21722004
4ni1_2JX_A_204,0,0,0.095575447,0.11195139,0.029865494,0.23507243,0.20016545
4nir_6DH_A_307,0.99514521,0,0.099671697,0.10721155,1.4013414e-09,0.24510616,0.19518294
4nir_6DH_A_308,0,0,0.098240131,0.12140815,0.46220947,0.24758971,0.21722004
4nir_6DH_B_306,1.003211e-05,0,0.098240174,0.12140811,0.46220947,0.24758982,0.21722
4nkw_PLO_A_601,0.98700299,0.99535151,0.10883434,0.10517161,2.1286123e-07,0.25634992,0.20390221
4nkw_PLO_D_601,0.98034375,0.99394282,0.10878217,0,1.8629093e-07,0.25620038,0.20382308
4npm_SIN_A_301,0.99523311,0.40064671,0.10931947,0.12747557,0.96441396,0.27759609,0.23673019
4npm_SIN_B_301,0.99470736,0.68122719,0.11182469,0.12659072,0.95058507,0.28038452,0.23863569
4nr9_ALY_A_2005,0.87533355,0.98503991,0.10828182,0.10573357,0.0037448917,0.25511797,0.20438684
4nv0_MG7_A_403,0.97470418,0,0.10571861,0.12906754,0.99518081,0.2737005,0.23452542
4nv0_MG7_B_402,7.2887944e-06,0,0.098240162,0.12140812,0.46220947,0.24758979,0.21722001
4o7g_ASC_A_303,0.10506859,0,0.095933899,0.11118821,0.014702431,0.23578403,0.19916555
4o7g_ASC_B_303,0.98358203,0.97739772,0.10873015,0.10549431,0.012399145,0.25646708,0.20424777
4o95_245_A_602,0.93665459,0.98405158,0.10851336,0.10540191,8.0319187e-07,0.25566987,0.20399607
4ocj_NDG_A_401,0,0,0.098240131,0.12140815,0.46220947,0.24758971,0.21722004
4ocu_NDG_A_401,0,0.94216536,0.10694467,0.1194397,0.46183249,0.2583093,0.22543336
4ofu_DHT_A_1001,0.99281794,0.99453362,0.114955,0.12680925,0.99005079,0.28507393,0.24293478
4ovl_1TD_A_308,0.99390769,0.94330338,0.11448707,0.12691428,0.99017838,0.28450626,0.24248847
4ovl_1TD_B_308,0.9966803,0.95866923,0,0.10519768,0,0.25600243,0.20351175
4oxy_1TN_A_302,0.98129797,0.97494096,0.10862153,0.10523874,5.4457692e-05,0.25605662,0.20374801
4oxy_1TN_B_302,0.98677158,0.98767604,0.11483872,0.12675289,0.98568679,0.28480326,0.24272585
4oxy_1TN_D_302,0,0.99031155,0.11063695,0.13086412,0.98864134,0.27411196,0.2466376
4p5y_NGA_A_201,0.9865421,0.99005169,0.11109286,0.11338072,0.37464,0.26713325,0.21863893
4p7q_NAG_A_703,0.084504057,0,0.095765516,0.11098899,0.0017362879,0.23518334,0.19873259
4p7q_NAG_A_704,0,0,0.098240131,0.12140815,0.46220947,0.24758971,0.21722004
4p7q_NAG_A_706,0.11122306,0,0.095869765,0.11084138,4.4280901e-06,0.23542581,0.19856212
4p8c_2J3_A_504,0.68942883,0,0.098430584,0.10872901,0.011979095,0.24210492,0.19682424
4p8c_Y22_A_502,0.99552788,0.97189381,0.10865424,0.10518546,2.6849032e-09,0.25617619,0.20366486
4p8c_Y22_B_502,0,0.92256795,0.10676361,0.11948065,0.46184033,0.25808633,0.22526252
4pbr_2L7_A_401,0.99532386,0.98982832,0.114772,0.12627539,0.96567063,0.2843418,0.24192222
4pgi_Y69_A_303,0.96262219,0.91791807,0.10801394,0.10543302,1.5890366e-09,0.25520125,0.20331951
4pik_MAN_A_501,0,0.96623289,0.11045087,0.13104353,0.99454936,0.27400889,0.24666053
4pik_MAN_A_502,0.9902741,0.97879827,0.10877499,0.10547495,0.012903344,0.25657091,0.20425431
4pik_MAN_B_503,0,0.97859407,0.11052922,0.13089047,0.98873006,0.27398112,0.24653883
4pik_MAN_C_503,0.76768728,0.98020728,0.11388124,0.12785928,0.99442552,0.28257192,0.24384295
4pik_MAN_D_503,0,0.97858034,0.10449608,0.1094798,0.010066564,0.24564107,0.20792605
4ptx_BGC_A_501,0.99132429,0.98803223,0.11491235,0.12691359,0.99392041,0.2850956,0.24303641
4ptx_BGC_B_501,0.9378411,0.97701658,0.11456523,0.12710189,0.99143986,0.28431261,0.24304684
4pxd_1AL_A_502,0,0.97824081,0.11057785,0.13107537,0.9971479,0.27422086,0.24686786
4pxd_1AL_B_502,0,0.98657202,0.10450787,0.10924292,0,0.24544055,0.20759863
4q3a_2YC_A_904,0.86737563,0.98231189,0.11383925,0.12570578,0.91490274,0.28138484,0.2403427
4q3a_2YC_B_904,0,0.98686118,0.11055131,0.13068052,0.97992052,0.27382014,0.24626341
4q3a_2YC_C_904,0.92837893,0,0.10521418,0.12817472,0.94567573,0.2717596,0.23274932
4q3a_2YC_D_904,0.95388296,0,0.10546638,0.12857572,0.9687919,0.2727083,0.23356386
4q40_VAL_A_403,0,0,0.098240131,0.12140815,0.46220947,0.24758971,0.21722004
4q40_VAL_C_404,0,0,0.098240131,0.12140815,0.46220947,0.24758971,0.21722004
4q40_VAL_D_403,0.99675676,0.99115117,0.11107657,0.11308667,0.36322147,0.26692698,0.21815897
4qbz_D80_A_917,6.5425734e-05,0.89518882,0.10651094,0.11953758,0.46185128,0.25777553,0.22502359
4qbz_D80_B_901,0.99623849,0.9781326,0.11505864,0.12725519,0.99207644,0.99209185,0.21661766
4qck_ASD_A_404,0.97764501,0,0.10575053,0.12912387,0.99830789,0.27382326,0.23463756
4qxc_OGA_C_600,0,0.97780523,0.10442686,0.10926119,0,0.24534074,0.20752211
4qya_LU2_A_201,0.98717476,0,0.099637414,0.10724428,2.03726e-11,0.24501887,0.19521341
4qya_LU2_B_201,0,0,0.098240131,0.12140815,0.46220947,0.24758971,0.21722004
4r08_URI_A_901,0,0,0.098240131,0.12140815,0.46220947,0.24758971,0.21722004
4r08_URI_B_901,0.98503086,0,0.10231645,0.1167935,0.436084,0.2576234,0.21242707
4r08_URI_D_901,0,0,0.098240131,0.12140815,0.46220947,0.24758971,0.21722004
4r2n_PHE_C_402,0.00085510106,0.8765809,0.10634242,0.11957322,0.46185868,0.25757247,0.22485836
4r2n_PHE_D_402,0.74142151,0.96054985,0.10759535,0.10674552,0.022532918,0.25391662,0.20542625
4r2n_PLP_B_401,0.9848017,0.9714612,0.11464998,0.12668676,0.98075028,0.28445412,0.24239708
4r3n_3GQ_B_404,0.86026705,0.95777435,0.10847986,0.10767919,0.087253294,0.25706074,0.20750122
4rcv_DE2_A_403,0,0.80684301,0.10569444,0.11972243,0.46188663,0.25676965,0.22425369
4rg3_ECE_A_603,0.39722291,0.98836796,0.11228574,0.64212673,0.97367801,0.27829764,0.24495495
4rii_TYD_B_401,0.94001228,0,0.10558207,0.129255,0.99723792,0.27338013,0.2347392
4rje_PYR_A_402,0.74839893,0.8933772,0.10686574,0.10636383,0,0.25257572,0.20392422
4rje_PYR_B_402,0.99591366,0.92116628,0.11411553,0.12632892,0.96169063,0.28345124,0.24116361
4rje_PYR_C_402,0,0.453138,0.10242661,0.12046142,0.46202816,0.25274533,0.22117027
4rje_PYR_D_402,0,0.8902379,0.10641303,0,0.45272528,0.25746224,0.22462068
4rkz_3S4_A_402,0.98471835,0.91618871,0.11227643,0.12019258,0.67862861,0.27507511,0.22999489
4rkz_3S4_B_401,0,0.94027835,0.10692723,0.11944365,0.46183324,0.25828783,0.22541691
4rp9_ASC_A_501,0,0.93065976,0.10683837,0.11946374,0.46183709,0.25817839,0.22533306
4rql_SNE_A_505,0.99305665,0.89078395,0.10793528,0.10551068,0.0066785632,0.25541901,0.20322982
4rvg_TYD_A_502,0.9743768,0,0.1054247,0.1280308,0.94773118,0.27232288,0.23265457
4tq4_DMA_A_403,0.95627539,0.83452901,0.10721837,0.10564095,0.00037300084,0.25419309,0.20263061
4tq4_DMA_B_403,0,0.91673464,0.10670972,0.11949284,0.46184266,0.25801996,0.22521167
4tq4_DMA_C_403,0.95790485,0.55932884,0.10471749,0.10633219,0.0060718716,0.25124257,0.20044709
4tq4_DMA_D_403,0.9842704,0.91636666,1.888078e-53,0.10569344,0.016302459,0.25585705,0.20383324
4tqi_6BD_A_201,0.92487826,0,0.099369469,0.10750011,1.1004356e-06,0.24433665,0.1954516
4tqi_6BD_B_201,0.95377808,0,0.099493767,0.10738142,2.1020935e-08,0.24465312,0.19534108
4tsk_TLA_A_404,0,0,0.098240131,0.12140815,0.46220947,0.24758971,0.21722004
4u2a_A2G_A_303,0.99307719,0.92950045,0.11435035,0.12692654,0.98926857,0.28431366,0.24233527
4u7g_K17_A_303,0,0.95633956,0.10422856,0.10930609,8.8602677e-06,0.24509659,0.20733509
4u8p_UDP_A_603,0.89250141,0,0.099230238,0.10763317,5.873032e-06,0.2439822,0.19557555
4u8p_UDP_C_603,0.97078699,0,0.099567048,0.107312,1.9734331e-05,0.24483997,0.19527683
4ubp_HAE_C_800,0,0.96412458,0.11033159,0.13069374,0.97836021,0.27351608,0.24600339
4uc9_ASP_A_1300,0,0,0.098240131,0.12140815,0.46220947,0.24758971,0.21722004
4uc9_ASP_B_1300,0,2.1667471e-05,0.098240331,0.12140811,0.46220946,0.24758995,0.21722023
4uc9_ASP_D_1300,0,2.9363854e-06,0.098240158,0.12140815,0.46220947,0.24758974,0.21722007
4uch_OLW_A_800,0,0.9817659,0.10446346,0.10925294,1.6165646e-08,0.24538583,0.20755668
4uch_OLW_B_800,0,0.9800868,0.10444795,0.10925646,1.0721144e-06,0.24536675,0.20754207
4udc_DEX_A_1778,0.99319767,0.99631688,0.11500436,0.12691489,0.99512038,0.28524519,0.24314891
4ug6_H4B_A_902,0.4849042,0.98518447,0.10658074,0.10725461,1.4144579e-07,0.2507353,0.20573286
4ug6_XFJ_A_904,0.038658154,0.97219741,0.10454132,0.10911412,4.008391e-09,0.24570026,0.20732538
4ug7_1EV_A_904,0.96100584,0.94913861,0.10829549,0.10537464,7.4270546e-07,0.25553904,0.20359824
4ugf_Q16_A_904,0,0.97343389,0.10438647,0.10927031,6.7127896e-07,0.24529098,0.20748398
4umd_CIT_A_1174,0.75898469,0.66789634,0.10490972,0.10708117,0.013306951,0.2505097,0.20244062
4uoc_NCN_A_400,0.88952884,0.93701261,0.11391459,0.12712394,0.97957049,0.28298432,0.24241405
4upd_7P9_A_1550,0,0,0.098240131,0.12140815,0.46220947,0.24758971,0.21722004
4uqs_INE_A_904,0.99602178,0.98460568,0.1087743,0.10515863,7.6627665e-05,0.25632855,0.20377696
4ur9_BK9_B_1717,0.0012290962,0.99591362,0.10460933,0.10925338,0.0015978673,0.24560665,0.20773852
4ur9_OAN_A_1718,0,0,0.098240131,0.12140815,0.46220947,0.24758971,0.21722004
4ur9_OAN_B_1718,0.89753483,0,0.09948984,0.10845698,0.038606106,0.2451551,0.19707926
4uy7_HIS_B_800,0,0,0.098240131,0.12140815,0.46220947,0.24758971,0.21722004
4uzi_IMD_B_1455,0.86494796,0.64089495,0.10503401,0.10641136,8.9129817e-06,0.25097767,0.20127519
4uzi_IMD_B_1456,0.8941696,0.99299115,0.11419091,0.12606231,0.93724548,0.28244687,0.24121502
4v2z_Y70_A_151,0.99272155,0.99119661,0.11496593,0.12696631,0.99689397,0.28523304,0.24317601
4v2z_Y70_B_151,0.99349922,0.99131937,0.11497774,0.12698885,0.99808184,0.28527735,0.24322098
4v2z_Y70_C_151,0.98637397,0.98745801,0.1097299,0.10863738,0.15754756,0.26081537,0.21005167
4v36_LYN_A_1851,0,1.1230582e-09,0.098240131,0.12140815,0.46220947,0.24758971,0.21722004
4v3w_E2Z_A_800,0.0007964011,0.98496681,0.10449647,0.109243,1.0010576e-10,0.245431,0.20758158
4v3w_E2Z_B_800,0.19068595,0.98831743,0.10534419,0.10845626,1.3316878e-13,0.24754877,0.20688492
4w1v_3GS_B_502,0,0,0.098240131,0.12140815,0.46220947,0.24758971,0.21722004
4wbd_CIT_A_602,0.89966864,0.97166556,0.11256644,0.12093441,0.7018558,0.27544793,0.23172067
4wca_CIT_A_401,0,0.85602974,0.10614887,0.11961967,0.46186695,0.25732928,0.22468247
4wdd_CIT_A_401,0.98767434,0.92971153,0.10918841,0.10870453,0.15536286,0.26010886,0.20945645
4wdx_WDX_B_402,0,0,0.098240131,0.12140815,0.46220947,0.24758971,0.21722004
4wqq_MAN_A_204,0.91004476,0.90842341,0.10784329,0.10617705,0.023236129,0.2551902,0.2043544
4wqq_MAN_B_204,0.017094036,0.95570808,0.10457813,0.11023759,0.045734904,0.24660073,0.20906833
4wqq_MAN_C_204,0,0.93793687,0.1069056,0.11944854,0.46183418,0.25826119,0.2253965
4wqq_MAN_D_204,0.81890647,0.95995344,0.10823491,0.10753511,0.073111727,0.25622308,0.2071204
4ws1_URF_A_301,0.035058805,0,0.098390918,0.12126416,0.46220744,0.24797362,0.21708596
4ws2_6UA_A_303,0.11268026,0.9576682,0.10534808,0.11109907,0.11160692,0.2493222,0
4ws6_WBU_A_301,0,0.96191823,0.10428006,0.10929429,5.1519438e-07,0.24515986,0.20738346
4wua_3UL_A_701,0.98708508,0,0.099637028,0.10724464,0,0.24501789,0.19521375
4wxb_CIT_A_501,0.79853253,0.96946531,0.11250978,0.1227692,0.76652937,0.27618806,0.23463975
4wxb_CIT_C_501,0.31199923,0,0.096733323,0.11001682,0,0.23762453,0.19779443
4wxb_CIT_D_501,0,0.89851491,0.10654139,0.1195309,0.46184995,0.25781266,0.22505284
4x36_CHT_A_408,0.99463491,0.97509629,0.10905601,0.10651691,0.060996447,0.25796919,0.20610281
4x36_CHT_A_409,0.99646917,0.97188093,0.11475275,0.12681082,0.98865111,0.28481546,0.24266787
4x36_CHT_A_410,0.95947472,0.94872947,0.10836507,0.10566553,0.012970805,0.2558932,0.20411225
4x36_CHT_A_411,0.87202325,0.92654684,0.10798066,0.10676899,0.04488214,0.25560697,0.20551197
4x36_CHT_A_412,0,0.91100396,0.10665677,0.11950481,0.46184496,0.25795476,0.22516171
4x3j_3WR_A_1201,0.98624027,0.97209732,0.11466794,0.12670044,0.98170602,0.28450479,0.24243484
4xfh_CYS_A_502,0,0.81774772,0.10579519,0.11969965,0.46188227,0.25689372,0.22434875
4xh4_PPI_A_504,0.99779281,0.98414873,0.11409177,0.12401155,0.86211515,0.28130544,0.23777748
4xp0_42A_A_404,0.99687933,0.98992031,0.10891241,0.1054468,0.013915543,0.2567992,0.20436607
4xp2_TT4_A_401,0,0.98063021,0.10446765,0.10930742,0.0023823017,0.24544189,0.20764076
4xp3_DX4_A_401,0,0,0.098240131,0.12140815,0.46220947,0.24758971,0.21722004
4xpq_FUL_A_1002,0.99573926,0.97736956,0.10870581,0.1051734,9.6600138e-06,0.25624113,0.20371223
4xpq_FUL_A_1003,0.017863074,0,0.09831696,0.12133478,0.46220844,0.24778532,0.21715173
4xpq_FUL_A_1004,0.0056294515,0,0.098264343,0.12138503,0.46220915,0.24765135,0.21719851
4xti_IMP_A_601,0.96372754,0,0,0.12772134,0.93205912,0.27171752,0.23204452
4xti_IMP_B_601,0.96915676,0,0.1052698,0.1275822,0.926246,0.27164354,0.23182684
4xv4_25T_A_302,0.99781225,0.99723952,0.10896081,0.1053452,0.010143747,0.25678353,0.20427758
4xv4_25T_A_303,0.77106562,0.99754875,0.11407784,0.12788672,0.99796524,0.28290887,0.24412106
4xz9_G3P_B_302,0.9904519,0.94481558,0.11079328,0.11381948,0.39112219,0.26713831,0.21887943
4xz9_G3P_C_302,0.99723439,0.95554234,0.10916124,0.107522,0.10556462,0.25906561,0.20768061
4xzh_48I_A_402,0.99561665,0.98719046,0.10879597,0.10515323,0,0.25635132,0.20379804
4xzh_48I_B_402,0.99490213,0.99381686,0.10885414,0.10514238,6.5610199e-07,0.25641897,0.20385864
4y14_C0A_A_407,0.96805373,0.98888046,0.11482949,0.12704072,0.9954446,0.28489454,0.24319291
4y6n_3PG_A_402,0.98158737,0,0.10539902,0.12780001,0.93853534,0.27213555,0.23226419
4yjs_4DN_A_701,0,0,0.098240131,0.12140815,0.46220947,0.24758971,0.21722004
4ynu_LGC_A_603,0.003144213,0,0.098253654,0.12139524,0.46220929,0.24762414,0.21720802
4ysx_MLI_A_701,0.99129179,0.83010616,0.11325532,0.12654156,0.96187262,0.28236909,0.24039362
4ysx_MLI_E_701,0.98895814,0.93643956,0.11437257,0.12684319,0.98534629,0.28423397,0.24225683
4yu7_DHC_A_203,0.43601167,0.12943757,0.098489107,0.10933126,0.0042653599,0.24057995,0.19861848
4yu7_DHC_A_204,0.57327386,0.88076034,0.1059959,0.10710924,1.507307e-08,0.25051414,0.20448355
4yu7_DHC_B_204,0.065174607,0.87599011,0.1066136,0.11931027,0.46185519,0.25827008,0.22460723
4ywd_NTM_A_704,0.044634742,0.94738022,0.10718482,0.11924548,0.46182781,0.2588574,0.22530812
4z1d_PEP_A_300,0.82637592,0.97958178,0.10800337,0.10588412,0.00091743283,0.25443778,0.20441479
4z2w_AKG_A_401,0.99517206,0.87459617,0.10775616,0.10539863,0.00041255541,0.25507642,0.20283322
4z69_DIF_A_1006,0,0.43761168,0.10228317,0.12049386,0.46203437,0.25256868,0.22103492
4z69_DIF_A_1007,0.9943386,0.98504842,0.10877068,0.10516294,0,0.25631294,0.20378423
4z69_DIF_I_1006,0.97985257,0.4758969,0.10400389,0.1062844,6.2971082e-05,0.25035899,0.19939785
4z6p_DHY_C_403,0.98436267,0.98302604,0.11485583,0.12702246,0.99711357,0.28505483,0.24314531
4za7_4LV_A_606,0.98510271,0.85111147,0.11338019,0.126372,0.95496015,0.2823403,0.2403279
4zb2_GLC_A_403,0,0.75531922,0.10521842,0.11983008,0.46190725,0.25618344,0.22380453
4zb5_GLC_A_403,0.98060384,0.034694196,0.099930049,0.10720006,4.8949895e-05,0.24534335,0.19554329
4zbc_FRU_A_410,0.007092705,0.97979015,0.10447574,0.10922803,4.5660184e-06,0.24544115,0.2075125
4zbc_FRU_B_408,0.0056344966,0.97584926,0.10443582,0.10925204,0.00045318814,0.2453933,0.20750138
4zbc_FRU_B_409,0,0.87942438,0.10636501,0.11957079,0.46185759,0.25759546,0.22488642
4zbc_GLC_A_407,0,0.038054895,0.098591715,0.12132865,0.46219425,0.24802268,0.21755179
4zbc_GLC_A_408,0.087158684,0,0.095767891,0.110946,0.00026931061,0.23516993,0.19866456
4zbc_GLC_B_406,0,0,0.098240131,0.12140815,0.46220947,0.24758971,0.21722004
4zbc_GLC_B_407,0.081255711,0,0.095740846,0.11096436,9.5312856e-07,0.23509751,0.19867654
4zdz_TPF_A_602,3.7063607e-05,0.99033853,0.104543,0.10923551,2.6890642e-05,0.24548462,0.20763243
4zhd_4OZ_A_202,0,0.79465962,0.10558188,0.11974789,0.46189151,0.25663104,0.22414748
4zhd_4OZ_B_202,0.017621969,0.61909143,0.10403562,0.12004232,0.46196074,0.25482646,0.22254957
4zhd_4OZ_C_202,0.015308782,0.70443927,0.10481419,0.1198735,0.46192672,0.25577218,0.22330244
4zib_4OG_A_512,0.078209433,0.97114356,0.10969887,0.12668846,0.81063047,0.26959545,0.23914799
4zjz_BEZ_B_601,0.99635403,0.98838298,0.11493845,0.12689654,0.99411853,0.28516042,0.24302806
4zo7_BGC_A_801,0,0,0.098240131,0.12140815,0.46220947,0.24758971,0.21722004
4zo7_BGC_A_802,0.9834413,0,0.099621361,0.10725962,8.2086896e-07,0.24497801,0.19522771
4zo7_GLC_A_806,0.99400109,0.8277337,0.11344948,0.12726088,0.99503436,0.28333204,0.24167093
4zqp_IMP_A_601,0.99112463,0,0.10529184,0.12723489,0.91449427,0.27154383,0.23127921
4zsy_RW2_A_502,0,0.93005886,0.10683282,0.119465,0.46183733,0.25817156,0.22532782
4zsy_RW2_B_502,0,0,0.098240131,0.12140815,0.46220947,0.24758971,0.21722004
4zsy_RW2_C_502,0,0,0,0.12136421,0.46003404,0.24751151,0.21712777
4zsy_RW2_D_502,0,0,0.098240131,0.12140815,0.46220947,0.24758971,0.21722004
4zu3_4SD_B_302,0.95106907,0.81490058,0.11281777,0.12629823,0.94175236,0.28117282,0.23962082
4zu3_4SD_C_301,0.030118337,0.85692165,0.10628665,0.1194941,0.46186485,0.25766924,0.22457507
4zu3_4SD_D_301,0.098106271,0.9617154,5.2495923e-64,0.11894982,0.45953253,0.25952345,0.22513144
4zu3_4SD_E_301,0.98420085,0.30014726,0.10795607,0.12635582,0.90159167,0.2745118,0.23341651
4zu3_4SD_F_301,0.98242217,0.90510997,0.11338757,0.12456681,0.87708507,0.28067068,0.23773696
4zvv_GN0_A_405,0.40960682,0.7820357,0.10722696,0.11809188,0.46187283,0.26097282,0.22247094
4zvv_GN0_B_404,0.81865592,0,0.10504922,0.12971478,0.99547552,0.27200003,0.23513358
4zvv_GN0_C_403,0,0,0.098240131,0.12140815,0.46220947,0.24758971,0.21722004
4zvv_GN0_D_403,0,0,0.098240131,0.12140815,0.46220947,0.24758971,0.21722004
4zvz_4TF_A_503,0,0.95377214,0.10416162,0.10928051,0.0037835134,0.046697126,0.20722044
4zvz_4TF_B_503,0.87903441,0.81991149,0.10785206,0.10989595,0.17897515,0.25835265,0.20984495
4zvz_4TF_C_503,0.97449052,0.82818961,0.10727063,0.10569468,0.0056445703,0.25447305,0.20271363
4zvz_4TF_D_503,0.7568858,0.85398393,0.10975395,0.1178234,0.52164871,0.26732591,0.22412931
5a02_GOL_A_1341,0.9922155,0.86432338,0.10764607,0.10542346,1.4487754e-05,0.25491555,0.20273914
5a02_GOL_B_1342,0.99563457,0.75620879,0.10666379,0.10564196,0.00034967447,0.25373172,0.2017956
5a02_GOL_C_1341,0.99558525,0.84873149,0.10752049,0.10545631,0.00066432178,0.25479374,0.2026158
5a02_GOL_D_1341,0.99496701,0.58751,0.10509993,0.10598862,7.2261559e-06,0.25179372,0.20031211
5a02_GOL_E_1341,0.99371558,0,0.099680397,0.10727012,0.0024088277,0.24516026,0.19528344
5a02_GOL_F_1342,0.99547269,0.84756922,0.10750525,0.10544495,1.3083337e-05,0.25476042,0.2025804
5a2r_MLT_A_1615,0,0.90303237,0.10658312,0.11952146,0.46184814,0.25786406,0.22509222
5a66_3PO_A_1000,0.98577299,0.80998541,0.10711681,0.10556514,0.00010782283,0.25422901,0.20229315
5a66_3PO_B_1000,0.99077318,0.93241025,0.11203714,0.11866029,0.61127011,0.27337557,0.22745574
5a7p_6Z1_A_1361,0.92192178,0.91689295,0.10783635,0.10562694,0.0011269688,0.25477648,0.20351062
5a86_D7E_A_1433,0.98957987,0.98934574,0.11490358,0.12687043,0.99174548,0.28502847,0.24296874
5a86_D7E_B_1432,0,0.99396087,0.10457617,0.10922759,2.7101685e-06,0.24552476,0.20766323
5a8k_TP7_A_558,0,0.98155333,0.11059823,0.13103218,0.99548915,0.27421054,0.24683133
5a8k_TP7_D_554,0,0.97442664,0.11049397,0.13091073,0.98925938,0.273949,0.24652333
5abz_Z47_A_201,0.98239623,0,0.10527835,0.12735608,0.91839536,0.2715612,0.23146649
5abz_Z47_B_201,0.18177379,0,0.09842941,0.11855872,0.36599928,0.24679685,0.21273256
5ack_SVQ_A_600,0.98842987,0.78258648,0.11264328,0.1260823,0.93581828,0.28104222,0.23896181
5adi_TUE_A_800,0.99028658,0.98303656,0.10873467,0.10518381,1.5762146e-06,0.2562457,0.20378222
5adi_TUE_B_800,0,0.98780125,0.10451925,0.10924043,2.8514416e-06,0.24545463,0.20760947
5aew_BNL_C_462,0,0.99458514,0.1045852,0.10923787,0.00053173872,0.24554719,0.20768956
5aew_BNL_I_462,0.99844431,0.94351381,0.11451385,0.12691409,0.99104103,0.28458332,0.242507
5afy_WCE_H_1248,0.99677034,0.99125566,0.10884299,0.10515597,0.00072854404,0.25643134,0.20385786
5ag5_DLR_A_1422,1.8081241e-05,0,0.098240209,0.12140808,0.46220947,0.2475899,0.21721997
5agl_CCW_A_800,0.92788286,0.95427018,0.11120544,0.11616449,0.48746632,0.26935063,0.22300235
5agl_CCW_B_800,0.82902421,0.95835841,0.10859815,0.10868386,0.12736723,0.25788684,0.20920842
5agn_4JK_B_800,2.7294901e-06,0.93870554,0.10691271,0.11944692,0.46183387,0.25826996,0.22540319
5ahn_IMP_A_1468,0.94831195,0,0.099677097,0.10813793,0.033553405,0.24556489,0.1966858
5aov_GLV_A_1336,0,0.92334261,0.035166269,0.11944825,0.46031343,0.25804001,0.22520442
5aov_GLV_A_1356,0.25342018,0.94675033,1.1051073e-16,0.11834304,0.45952318,0.2610537,0.22440672
5av2_KMP_A_300,0.99688126,0,0.099679168,0.10720443,6.8713438e-07,0.24512519,0.19517633
5av3_KMP_A_300,0.99742038,0.97086888,0.10865291,0.10517984,7.4367066e-07,0.25618526,0.20364871
5b4o_6DQ_A_201,3.9933693e-06,0.93239412,0.10685441,0.1194601,0.4618364,0.25819817,0.22534817
5b4o_6DQ_B_201,0.91413971,0.98808155,0.11410023,0.12552486,0.91596001,0.2819933,0.24025601
5b4o_6DQ_B_202,0.25459049,0.94140142,0.10689726,0.11436639,0.27767462,0.25575529,0.21718662
5b4u_MLA_A_302,0,0.93913408,0.10691666,0.11944604,0.4618337,0.25827481,0.22540694
5bk9_SIN_A_301,0.99492289,0,0.10538989,0.12750929,0.9277497,0.27196927,0.23178767
5bkd_AKG_A_502,0.9889843,0.98298466,0.11256672,0.11881048,0.62261497,0.27426033,0.22835164
5bkd_AKG_B_502,0.97236046,0.89527235,0.11147481,0.11831657,0.58856697,0.27209364,0.22630622
5bkd_RCF_A_503,0,0,0.098240131,0.12140815,0.46220947,0.24758971,0.21722004
5bkd_RCF_B_503,0.78975612,0,0.09878827,0.10805496,0,0.24285679,0.19596809
5bwd_FUM_A_901,0.025442201,0,0.098349557,0.12130365,0.462208,0.24786831,0.21712274
5bwr_4VT_A_402,0,0,0.098240131,0.12140815,0.46220947,0.24758971,0.21722004
5bwr_4VT_B_402,2.370869e-05,0,0.098240233,0.12140806,0.46220947,0.24758997,0.21721995
5c4i_TPP_C_402,0.10518923,0.96004788,0.10756373,0.11897538,0.46208042,0.25967137,0.22519614
5c7v_PYC_A_804,0.0094924231,0,0.098280958,0.12136917,0.46220892,0.24769365,0.21718374
5c8w_PCG_A_302,0.99197156,0,0.10580706,0.12904696,0.99748107,0.27395621,0.23455017
5c8w_PCG_B_303,0,0,0.098240131,0.12140815,0.46220947,0.24758971,0.21722004
5c8w_PCG_C_302,0.98628668,0,0.10578119,0.12906528,0.99725159,0.27388731,0.23456285
5c8w_PCG_D_302,0,0,0.098240131,0.12140815,0.46220947,0.24758971,0.21722004
5c8w_PCG_E_302,0.90661575,0,0.10543528,0.12938096,0.99672699,0.27299958,0.23484671
5c8w_PCG_F_302,0,0,0.098240131,0.12140815,0.46220947,0.24758971,0.21722004
5cfw_53W_A_201,6.2280362e-05,0.97609097,0.10448587,0.10952918,0.012098236,0.24567224,0.20798424
5cga_KP6_A_301,0.99670158,0.98172379,0.11485515,0.12682645,0.99034609,0.28497916,0.24281977
5cga_KP6_B_301,0.99601473,0.98382462,0.11252323,0.11849068,0.60939695,0.27396413,0.22781058
5cga_KP6_C_301,0.99698746,0.98213717,0.1148463,0.12677506,0.98809012,0.28492167,0.24273328
5cga_KP6_E_301,0.99686063,0.96607774,0.11422674,0.12513886,0.91174818,0.28252674,0.23958155
5cga_KP6_F_301,0.99586843,0.9762993,0.11477504,0.12674745,0.98606218,0.28478422,0.24260659
5cga_KP6_H_301,0.99648687,0.98654367,0.11490562,0.12684159,0.99145683,0.28506385,0.24290649
5ci9_549_A_401,0,0.00047604393,0.098244529,0.12140716,0.46220928,0.24759512,0.21722419
5ci9_549_A_402,0.91531654,0.98041395,0.10838798,0.10549714,2.0183795e-06,0.2553948,0.20404594
5cjn_52F_A_809,0.99020367,0,0.10135309,0.1132744,0.27620025,0.25305018,0.20609917
5clo_NS8_M_101,0,0.98830412,0.10456248,0.10937631,0.0062618977,0.24564161,0.20786081
5cmb_GLY_A_301,0,0,0.10154865,0.13314983,0.99882663,0.26313137,0.23839531
5cpn_531_A_401,0.9526016,0.95912631,0.10835857,0.10541297,0.0011261313,0.25559331,0.20376195
5cpn_531_B_401,0.99198861,0,0.099667406,0.10725746,0.0015063447,0.24511521,0.19525444
5cpp_ADO_A_422,0.99587133,0.96500324,0.11000203,0.11020234,0.22872553,0.26272487,0.21262765
5cr1_STL_B_201,0,0.99110272,0.10454974,0.10923349,2.3943964e-07,0.24549215,0.20763819
5cyf_FLC_A_301,0.98374886,0.95465406,0.10936395,0.10853362,0.14918866,0.26017107,0.20944557
5cyf_FLC_C_301,0.99120391,0.97583711,0.11306539,0.12078651,0.71267358,0.27681116,0.23183398
5d41_57N_A_1103,0,0.98561914,0.10449907,0.10924491,0,0.2454297,0.20759031
5d8u_0N8_A_203,0.96603555,0.98452081,0.10864407,0.10528027,2.3288307e-08,0.25599696,0.20388782
5dav_58J_A_402,0,0.99097036,0.1106792,0.13099107,0.99450685,0.27428932,0.24687478
5ddu_PMP_A_601,0.98996833,0.98548249,0.10885777,0.10554153,0.016526033,0.25674858,0.20445675
5ddu_PMP_B_601,0.21266363,0.98889566,0.10598778,0.1102944,0.08820023,0.25035013,0.21028585
5ddu_PMP_C_601,0.9915381,0.98647136,0.10877597,0.10518632,0.00067841933,0.25631812,0.20383412
5ddu_PMP_D_601,0.99385418,0.99089148,0.10930462,0.10686345,0.078194155,0.25863849,0.2069222
5del_D59_A_603,0.54678837,0.97301067,0.11277043,0.12844716,0.97914902,0.27962838,0.24402184
5del_ORO_A_602,0,0.85510364,0.10614032,0.1196216,0.46186732,0.25731874,0.2246744
5di7_5CQ_A_601,0.99054191,0,0.10337237,0.12043412,0.60352761,0.26253255,0.21901241
5di7_5CQ_B_601,0.98966724,0,0.1052603,0.1271512,0.91039536,0.27140917,0.23112306
5did_5CK_A_601,0.99497961,0.99718757,0.11286342,0.11925196,0.64527221,0.27514381,0.22934662
5die_5CJ_A_601,0.9934629,0.99384331,0.10985485,0.10872079,0.16329875,0.26113225,0.21030721
5die_5CJ_B_601,0,0.98932259,0.10910428,0.12545927,0.74149651,0.26694394,0.236878
5dmm_HCS_A_505,0.55866903,0.48373169,0.10226989,0.10801613,0.0009088102,0.24586,0.20110969
5dne_ASN_A_601,0,0.98411263,0.11063115,0.13105975,0.99699319,0.27428323,0.24691301
5dne_ASN_B_601,0,0.97875276,0.11055813,0.13098753,0.99318145,0.27411183,0.24671584
5dne_ASN_C_601,0,0.98503793,0.11061688,0.13097683,0.99329093,0.27418656,0.24677502
5dne_ASN_D_601,0,0.9763926,0.11054213,0.13101306,0.99412384,0.27411225,0.24673242
5dnx_5LD_B_201,0.98986377,0.98562376,0.10875696,0.10518087,3.4394565e-05,0.25627148,0.20380772
5dr9_SKE_A_401,0,0,0.098240131,0.12140815,0.46220947,0.24758971,0.21722004
5dt0_SKE_A_401,0.96918022,0,0.099549339,0,0,0.24476024,0.19518839
5dw3_TRP_A_402,0,0,0.098240131,0.12140815,0.46220947,0.24758971,0.21722004
5dw3_TRP_B_402,0,0,0.098240131,0.12140815,0.46220947,0.24758971,0.21722004
5dw3_TRP_C_402,0,0,0.098240131,0.12140815,0.46220947,0.24758971,0.21722004
5dw3_TRP_D_402,0,0,0.098240131,0.12140815,0.46220947,0.24758971,0.21722004
5dz2_212_B_404,0.99036767,0.94835662,0.11446661,0.126734,0.98175431,0.28428108,0.24221375
5dzh_5KG_A_900,0.98964519,0.96594865,0.108574,0.105222,0,0.25604407,0.20363546
5dzh_5KG_B_901,0,0.98898475,0.10738938,0.119385,0.46381498,0.25889906,0.22591927
5e4o_L57_A_201,0.0010655202,0.96973711,0.10973117,0.12834654,0.87180585,0.27050608,0.24184426
5e9m_BAE_A_2001,0.99808118,0.98347443,0.10885857,0.10545724,0.014004822,0.25674155,0.20430874
5edh_5MF_A_803,0,0,0.098240131,0.12140815,0.46220947,0.24758971,0.21722004
5edh_5MF_C_803,0.98998004,0,0.10578554,0.12900917,0.99538012,0.27387356,0.23447489
5edh_5MF_D_803,0,0,0.098240131,0.12140815,0.46220947,0.24758971,0.21722004
5eo7_SFU_A_402,0,0.93662884,0.10689352,0.11945127,0.4618347,0.25824631,0.2253851
5eo7_SFU_A_405,0.86463364,0.95290717,0.1136318,0.12604822,0.9272411,0.28137731,0.24058332
5eo7_SFU_B_401,0.94623429,0.93659269,0.11318631,0.1234555,0.82249309,0.27905195,0.2359962
5eo7_SFU_B_402,0.97909445,0.94413689,0.11445072,0.12704316,0.99336824,0.28444589,0.24267823
5eo7_SFU_B_404,0,0.95250126,0.10704016,0.11941811,0.46182835,0.2584269,0.22552346
5eo7_SFU_C_401,0.84803217,0.8047914,0.1117828,0.12497371,0.86090734,0.27758819,0.23673676
5eo7_SFU_C_402,0,0.90657278,0.10661583,0.11951407,0.46184673,0.25790434,0.22512308
5eo7_SFU_C_403,0.70668546,0.73820063,0.11054322,0.12563511,0.85826809,0.27520558,0.23659171
5eo7_SFU_C_404,0.96825835,0.98627008,0.10872556,0.10546542,0.0090471548,0.25630321,0.20425154
5eo7_SFU_C_405,0,0.89753061,0.10653229,0.11953296,0.46185035,0.25780146,0.22504426
5eo8_TFU_A_402,0.86508143,0,0.099134685,0.10782522,0.0036373978,0.24378707,0.19582365
5eo8_TFU_A_403,0.9876577,0,0.10567841,0.12867395,0.97962171,0.2733918,0.23386203
5eo8_TFU_A_405,0,0.84348533,0.10603298,0.11964587,0.46187197,0.25718656,0.22457312
5eo8_TFU_A_406,0.89876625,0,0.10438217,0.12579563,0.83137131,0.26812529,0.2283527
5eso_ISC_B_602,0,0,0.098240131,0.12140815,0.46220947,0.24758971,0.21722004
5ew8_5SF_A_803,0.98966429,0.96646893,0.11468041,0.12687466,0.98977639,0.2847119,0.24269104
5ew8_5SF_B_802,0.9519242,0.9640563,0.11448923,0.12701139,0.98871276,0.28424031,0.24277228
5ewc_5SJ_A_801,0.99223491,0,0.10577298,0.12892091,0.99176909,0.27379369,0.2343238
5ezp_IPJ_A_201,0.98673532,0.98455747,0.10873344,0.10519519,6.617497e-08,0.25622408,0.20380901
5ezp_IPJ_B_201,0,0,0.098240131,0.12140815,0.46220947,0.24758971,0.21722004
5ezp_IPJ_C_201,0,0.37656898,0.1017192,0.12062139,0.4620588,0.25187416,0.22050278
5ezp_IPJ_F_201,0.99677704,1.7026874e-07,0.10030266,0.10941916,0.10121426,0.24805497,0.19917006
5ezp_IPJ_G_202,0.99217538,0.98536504,0.10876431,0.10517118,6.8820985e-07,0.25629287,0.20379529
5f35_FLC_A_302,0.97670893,0.89337888,0.10784779,0.10542637,3.4505883e-06,0.25507623,0.2030516
5f79_4V7_A_4000,0.96011011,0,0.099522301,0.10736002,0.00021057915,0.24472856,0.19532518
5faj_DCS_A_401,0,0.94322705,0.10695448,0.11943749,0.46183206,0.25832138,0.22544262
5faj_DCS_C_401,0,0.94729317,0.10699204,0.11942899,0.46183043,0.25836764,0.22547806
5faj_DCS_D_401,0,0.97271179,0.1043798,0.1092718,0,0.24528274,0.20747765
5fal_SKT_A_502,0,0,0.098240131,0.12140815,0.46220947,0.24758971,0.21722004
5fay_CHT_B_906,0.98960278,0.96335208,0.11468648,0.12700612,0.9954769,0.28484082,0.24288898
5fc5_PC_A_516,0.98828868,0.93064361,0.11360214,0.12432411,0.86952398,0.2808067,0.23763909
5fe1_12Q_A_901,0.99711882,0.99322233,0.11496305,0.12680026,0.99032203,0.28511395,0.24291759
5fe4_5WY_A_903,0.9972424,0.99298581,0.10911971,0.10606853,0.042694497,0.25767145,0.2055269
5fe4_5WY_B_904,0.99617209,0.99050938,0.1088544,0.10523407,0.0041152133,0.25651436,0.20398725
5fes_9SE_A_409,0.00058938415,0.97577998,0.10519544,0.11204801,0.12730118,0.24901049,0.21252478
5fh3_OXL_A_703,0.99741032,0.68061426,0.10664518,0.10817805,0.10940755,0.25604853,0.20543179
5fiu_Y3J_A_1299,0,0.68544196,0.10457284,0.11997607,0.46193521,0.2553884,0.22319538
5fiu_Y3J_B_1299,0,0.78350732,0.10547885,0.11977119,0.46189597,0.25650415,0.22405026
5fiu_Y3J_C_1299,0.98945543,0,0.10570948,0.12874941,0.98340815,0.27352114,0.23400455
5fkl_TDC_A_222,0,0.93251321,0.10685549,0.11945987,0.46183635,0.25819948,0.22534922
5fli_QUE_A_301,0,0.98549107,0.10729311,5.7004045e-40,0.45269551,0.25854622,0.22545137
5fli_QUE_C_301,0,0,0,0.13251737,0.97037544,0.26227367,0.23724136
5fli_QUE_D_301,0,0,0.098240131,0.12140815,0.46220947,0.24758971,0.21722004
5fli_QUE_E_301,0.99697999,0.99193769,0.1088457,0.10513775,0,0.25642031,0.20383427
5fli_QUE_F_301,0,0.98729903,0.11048864,0.13044286,0.96909891,0.27351176,0.24584027
5fli_QUE_G_301,0.82699134,0,0.10463504,0.12808341,0.92247166,0.26997729,0.23222139
5fli_QUE_H_301,0,0.99093803,0.10454822,0.10923383,0,0.24549026,0.20763674
5fli_QUE_J_301,0,0,0.098240131,0.12140815,0.46220947,0.24758971,0.21722004
5fli_QUE_K_301,0.99383522,0,0.10545428,0.12775886,0.93895326,0.27228179,0.23223386
5fp9_4SV_A_1342,0.99651004,0.95046191,0.1084981,0.10535978,0.0061118203,0.25611991,0.20371517
5fqf_NGA_A_1588,0.96236063,0,0.10562954,0.12899055,0.98934478,0.27339631,0.23434235
5fqf_NGA_A_1589,0.51472543,0.97663452,0.10663019,0.10715062,3.0577442e-05,0.25096543,0.20554543
5fqf_NGA_B_1585,0.9868576,0.97254082,0.11471698,0.12684707,0.98856648,0.28471526,0.24270703
5fqf_NGA_B_1586,0.11588472,0.97927225,0.10493889,0.10878235,3.8888974e-06,0.24662669,0.20709207
5fuv_THM_A_1388,0,0,0.098240131,0.12140815,0.46220947,0.24758971,0.21722004
5fuv_THM_B_1385,0.97727579,0,0.10572455,0.12903883,0.99435105,0.27370463,0.23448285
5fv3_OGA_A_1770,0.99799561,0.98032821,0.10874339,0.10515986,9.6099507e-05,0.25630203,0.20373284
5fwe_OGA_A_1358,0.99620838,0.90992515,0.11261495,0.12138983,0.73491417,0.27675954,0.23211701
5fwe_OGA_B_1359,0,0,0.098240131,0.12140815,0.46220947,0.24758971,0.21722004
5fzn_FB2_A_1615,0.92541509,0.99330165,0.1085687,0.1054934,0.0029536857,0.25573761,0.20423628
5g09_6DF_A_1475,0,0,0.098240131,0.12140815,0.46220947,0.24758971,0.21722004
5g09_6DF_C_1475,0,0,0.098240131,0.12140815,0.46220947,0.24758971,0.21722004
5g0v_JDD_B_1271,2.0925589e-10,0.91805016,0.10379305,0.10924653,2.2011629e-05,3.4758009e-05,0.20670478
5g21_YN4_A_1002,0.95834817,0.91294372,0.11346234,0.12502528,0.89426831,0.28099381,0.23857532
5g44_SWX_A_1511,1.3399904e-05,0.95621643,0.10422744,0.10930615,2.076966e-06,0.24509514,0.2073337
5g44_YTZ_A_1512,0.00010079617,0.98901905,0.1100545,0.1288402,0.89602537,0.2714164,0.24297182
5g4r_LF1_A_1739,0.93962611,0.9900072,0.11249648,0.1192724,0.6351329,0.27416222,0.22909551
5g4r_LF1_B_1739,0,0.98223903,0.10803827,0.12192315,0.57918902,0.26216323,0.23041241
5g4r_LF1_C_1739,0.98728553,0.20596405,0.10768393,0.12861512,0.99647359,0.27622079,0.23632614
5g4r_LF1_D_1739,0.36085273,0.9944272,0.11227872,0.12955695,0.99701573,0.27835329,0.24562449
5g6g_H8B_A_1367,0.99125968,0.98773209,0.10878224,0.10517,2.3138427e-07,0.25630978,0.20381944
5g6i_M85_A_904,0.96293771,0.98884147,0.1086707,0.10528409,4.55622e-06,0.25601236,0.20393756
5g6k_M94_A_904,0,0.98335847,0.10447824,0.10924983,9.852619e-06,0.24540425,0.20757097
5gnx_BGC_B_503,0,0,0.098240131,0.12140815,0.46220947,0.24758971,0.21722004
5goo_FRU_A_501,0.97635857,0.97909459,0.10863835,0.10524927,4.2896074e-06,0.25604836,0.20380116
5goo_FRU_B_501,0,0,0.098240131,0.12140815,0.46220947,0.24758971,0.21722004
5gri_CIT_B_401,0.71560247,0.55984175,0.10382051,0.10782468,0.028861052,0.24925471,0.20227696
5gto_MYR_A_502,0,0.91446168,0.10668872,0.11949758,0.46184357,0.2579941,0.22519185
5gwt_SIN_A_302,0.99381726,0.21048408,0.10170833,0.10712403,0.015791442,0.24794544,0.19764832
5gwt_SIN_B_302,0.99454225,0.21047902,0.10178016,0.10736505,0.026944133,0.24827628,0.19808552
5gwt_SIN_C_301,0,0.22806921,0.10034723,0.12093165,0.46211822,0.25018459,0.21920823
5gwt_SIN_D_301,0.99502357,0.48420553,0.10445275,0.1072937,0.049835931,0.25206106,0.20137615
5gwx_SAR_A_302,0,0.89604445,0.10651856,0.11953606,0.46185094,0.25778455,0.2250313
5gzz_GSH_C_301,0.9453332,0.89594864,0.10773656,0.10554978,2.5837688e-08,0.25476177,0.20319384
5gzz_GSH_E_301,0.89858757,0.92094639,0.10776649,0.10568966,0,0.25453444,0.20359073
5gzz_JAA_A_601,0,0.80081838,0.10563878,0.11973502,0.46188904,0.25670111,0.22420117
5h24_LQG_A_501,0.99173182,0.9911564,0.10881593,0.105161,3.2715486e-06,0.25635403,0.20384764
5h24_LQG_B_501,0.93618506,0.99551025,0.10853238,0.10523513,3.6062827e-06,0,0.20379015
5h5k_C5P_A_206,0,0.97518633,0.10778978,0.12128726,0.54945172,0.26122181,0.22917758
5h5k_C5P_B_203,0.98619093,0.98134925,0.11181568,0.11625627,0.50518412,0.27081059,0.22371487
5h8f_GLU_A_302,0,0,0.098240131,0.12140815,0.46220947,0.24758971,0.21722004
5h8q_5YE_B_302,0.98891678,0.99544219,0.11496972,0.12690538,0.99379881,0.28515008,0.2431055
5h8q_GLU_A_302,0,0,0.09539134,0.11129801,0,0.23420759,0.19898712
5h8q_GLY_B_301,0,0,0.098240131,0.12140815,0.46220947,0.24758971,0.21722004
5h9i_XAN_A_301,0,0,0.098240131,0.12140815,0.46220947,0.24758971,0.21722004
5ha7_WY1_A_402,0.59192995,0.97798684,0.10697769,0.10684117,0.00050580634,0.25184011,0.20528085
5hc0_NPO_A_402,0.9968218,0.96444565,0.10868379,0.10552503,0.015055082,0.25654152,0.20418889
5hc0_NPO_A_407,0.0024416399,0.94634404,0.10699377,0.11942094,0.46183067,0.25838358,0.22546045
5hfa_FP1_A_607,0.00070349745,0.99142359,0.10456341,0.10925717,0.0012453548,0.24553956,0.20768743
5hfa_FP1_A_608,0.0055357731,0.99015668,0.10470251,0.10970142,0.022337836,0.24618885,0.20849009
5hfa_FP1_B_609,0.0041199842,0.98771627,0.10454656,0.10926049,0.0016849908,0.2455475,0.20765935
5hgz_MLA_A_302,0.87498562,0.95220147,0.11357884,0.12568436,0.9124851,0.28105534,0.2399554
5hgz_MLA_A_303,0.97848244,0.6770346,0.10585624,0.10586967,0,0.25263229,0.20115628
5hpu_IPH_A_101,0.99360749,0.98832659,0.11489492,0.12679722,0.98905824,0.28498316,0.24283842
5hss_64Z_A_402,0.97133303,0.98992821,0.10983044,0.10919938,0.18064841,0.26134772,0.21104216
5hss_64Z_D_403,0,0.97149108,0.10555086,0.11347038,0.19179703,0.25082286,0.21503425
5hss_64Z_E_402,0.90557479,0.86807189,0.1094959,0.11353598,0.35492486,0.26428677,0.21710587
5hss_650_B_402,0.99662284,0.94607063,0.10842041,0.10523506,1.3837209e-05,0.25589456,0.20343582
5hss_650_C_401,0.99721166,0.96225441,0.1103184,0.11139501,0.28323102,0.26428661,0.21474902
5i0d_GLC_B_1122,0.98080117,0.99150468,0.10877223,0.10520548,1.8145499e-05,0.25623872,0.20389305
5i0m_UMP_A_201,0.98195797,0,0.1040337,0.12294741,0.71679683,0.26571856,0.2235142
5i0m_UMP_B_201,0,0,1.210419e-37,0.12136421,0.46003404,0.24751151,0.21712777
5i3p_68T_A_1003,0.63926864,0.93984835,0.11197126,0.12497612,0.83469176,0.27608046,0.23767936
5i5s_NVU_B_402,0.99564549,0.99177946,0.10884071,0.10515138,0.00035780691,0.25641425,0.20385211
5i5t_67X_B_402,0.99593959,0.98907564,0.10881535,0.10515,9.2281678e-05,0.256379,0.2038169
5i7r_68W_A_402,0.8057277,0.98304264,0.1140687,0.12768877,0.99404188,0.2830097,0.24370714
5i8s_LEA_A_202,0.99427968,0.98192232,0.11413214,0.1243005,0.8744518,0.28159886,0.23825821
5i8z_JA1_A_302,0.98746334,0.97862476,0.11474915,0.16883444,0.9835488,0.28467048,0.24259735
5i93_69O_A_202,0.67255295,0.98940062,0.11093924,0.11894055,0.56977725,0.26933785,0.22753259
5i95_AKG_A_508,0.8047017,0.92387108,0.10738973,0.10606925,6.5355906e-06,0.25353972,0.20397542
5i9m_69K_B_302,0.99556728,0.9888055,0.11120317,0.11364084,0.38810506,0.26760782,0.21912481
5i9m_69K_C_302,0,0.9894816,0.11062165,0.13083876,0.98740314,0.27406666,0.24658151
5iav_MLI_B_302,0,0.62897078,0.10405111,0.12009406,0.4619578,0.25474589,0.22270309
5ice_2H4_A_402,0,0.97953153,0.10924588,0.12630329,0.77914328,0.26792263,0.23827787
5icf_SAU_A_402,0,0.9098824,0.10571052,0.11634107,0.32372939,0,0.21939589
5igs_GMP_A_403,0.97818636,0,0.10570809,0.12896274,0.99104438,0.27361885,0.23434891
5ihe_D5M_A_701,0,0,0.098240131,0.12140815,0.46220947,0.24758971,0.21722004
5ihe_D5M_B_701,0.56347226,0,0.097758318,0.10882676,0.00025643383,0.24015872,0.011212512
5ijz_AKG_B_502,0,0.69949005,0.10470262,0.11994672,0.46192959,0.25554823,0.22331784
5ijz_AKG_C_502,0,0.84218857,0.106021,0.11964858,0.46187249,0.2571718,0.22456181
5ijz_AKG_D_502,0.99187262,0.80909723,0.11055317,0.11767334,0.55462288,0.27034321,0.22414019
5ijz_AKG_E_502,0.97827861,0.90479394,0.10796,0.10539607,0,0.25522329,0.20314511
5ijz_AKG_H_502,0,0.77345918,0.10538601,0.11979218,0.46189999,0.25638982,0.22396267
5in3_G1P_A_416,0.98500283,0.98369825,0.11475046,0.12661265,0.97856571,0.28453239,0.24241694
5in3_G1P_B_418,0,0.98134431,0.10955693,0.12734397,0.82688479,0.26932576,0.24017731
5ioq_DUR_B_302,0.00010326938,0,0.095394133,0.11130592,0.00038103628,0.23421976,0.19900176
5ioq_DUR_B_303,0.94775038,0,0.099467841,0.10740617,1.3671399e-09,0.2445871,0.19536412
5ioq_DUR_C_302,0.76390532,0,0.098677085,0.10816113,9.8145322e-07,0.24257371,0.19606695
5ip6_6C9_A_301,0.88842373,0,0.10478341,0.12741994,0.90367597,0.2701058,0.23124497
5irw_D9P_B_202,0.92073588,0.97439807,0.11441384,0.12698731,0.98274255,0.28384361,0.24274623
5ita_6DC_B_801,0.51378784,0.98211419,0.11277415,7.5825496e-34,0.99114931,0.27964639,0.24459162
5iuy_BOG_B_503,0.86112427,0,0.1047286,0.12775426,0.91383303,0.27010095,0.23175008
5iuy_BOG_C_503,0.084318658,0.97060563,0.10472745,0.10894571,0.00072106536,0.24620308,0.20716539
5ivg_FPS_A_704,0,0.91136301,0.10666009,0.11950406,0.46184481,0.25795884,0.22516484
5ivg_FPS_B_704,0,0.90848534,0.1066335,0.11951007,0.46184596,0.2579261,0.22513976
5ivg_FPS_C_704,0,0.95714237,0.10888906,0.12581784,0.75482214,0.26696343,0.23712286
5ivg_FPS_D_704,0,0.94506983,0.1069715,0.11943364,0.46183132,0.25834234,0.22545868
5j4k_6FZ_A_404,0.98689663,0.96632288,0.11376113,0.12367093,0.84280335,0.28042392,0.2369016
5j5i_6GM_A_302,0.86870557,0.99500192,0.11445226,0.12741293,0.99439326,0.28384576,0.24358465
5j5i_6GM_A_303,0,0.98802078,0.11065466,0.13100687,0.994948,0.27426851,0.24686643
5j5i_6GM_B_302,0.95485162,0.99110342,0.11479881,0.12711003,0.99634598,0.28480137,0.24329835
5j5i_6GM_C_302,0.94990699,0.99640057,0.11481722,0.1270864,0.99484226,0.28476399,0.24330416
5j5i_6GM_E_302,0,0.98878924,0.11042861,0.13017782,0.95712634,0.27318203,0.24538091
5j5i_6GM_F_303,0.95778132,0.98841696,0.11476034,0.12701044,0.99208838,0.28467958,0.24309572
5j5i_6GM_I_302,0.96099703,0.9960377,0.11487784,0.12709938,0.99748265,0.28495777,0.24336277
5j5i_6GM_I_303,0,0.98261416,0.1044713,0.10925117,7.1498723e-10,0.24539549,0.20756408
5j61_A3G_A_501,0.98920645,0.98003429,0,0.1129516,0.30661128,0.97969112,0.98098989
5j61_A3G_B_501,0.95025229,0.96542331,0.11127684,0.11559557,0.46672228,0.2691219,0.22219575
5j61_A3G_C_501,0,0.98354299,0.11029823,0.12989809,0.94384045,0.27273756,0.24481093
5j61_A3G_D_501,0.97440373,0.95496649,0.11390406,0.12481624,0.8917282,0.28157455,0.23878053
5j61_A3G_E_501,0,0.97138985,0.10436758,0.10927455,0,0.24526769,0.20746611
5j61_A3G_F_501,0,0.96691498,0.1103084,0.13051415,0.97041666,0.27331783,0.24571434
5j6y_GLC_A_309,0,0,0.098240131,0.12140815,0.46220947,0.24758971,0.21722004
5je1_TOF_A_302,0.0032439393,0,0.098254083,0.12139483,0.46220928,0.24762523,0.21720764
5je1_TOF_B_302,0.0033249225,0,0.098254431,0.1213945,0.46220928,0.24762612,0.21720733
5je5_AZ9_A_302,0.00041595415,0,0.09824192,0.12140645,0.46220945,0.24759426,0.21721845
5je7_EVF_B_302,0.99305987,0.99127975,0.11497541,0.12699048,0.99807033,0.28527176,0.24322186
5jeh_EVF_B_302,0.99037332,0.9302559,0.1140664,0.12594486,0.94396135,0.28298065,0.24056463
5jep_EVF_B_302,0.99295943,0.99046955,0.11497155,0.12700701,0.99872965,0.28528052,0.24324118
5jep_EVF_B_303,0.45918749,0.96962177,0.10949588,0.11864114,0.51415964,0.26516537,0.22598122
5jfx_6K4_A_4000,0.94136716,0.8724129,0.10750202,0.10561509,0,0.25445036,0.20300356
5jg5_EVF_B_301,0.992079,0.98036964,0.11486251,0.12698932,0.99679406,0.28509984,0.24308002
5jj2_MLI_A_302,0.88094184,0.86098166,0.10713693,0.10588862,7.2630691e-05,0.25366055,0.20313764
5jj2_MLI_A_303,0.99342226,0.93313281,0.11169385,0.11736546,0.55265081,0.27171533,0.22513913
5jj2_MLI_A_305,0.024031921,0.2272155,0.1004427,0.12083473,0.46211717,0.25043804,0.21910888
5joy_6LW_A_602,0,0.95993939,0.10426198,0.10929914,3.3946291e-05,0.2451383,0.2073675
5joy_6LW_B_602,0.0075773133,0.93147422,0.10687848,0.11943092,0.46183633,0.25827063,0.22531118
5jp9_DCM_A_401,0,0.93097189,0.10684125,0.11946309,0.46183697,0.25818194,0.22533578
5jp9_DCM_B_401,0.9815708,0.92004257,0.11416924,0.12683658,0.98209601,0.28387226,0.24201371
5jtt_6MY_A_902,0,0,0.098240131,0.12140815,0.46220947,0.24758971,0.21722004
5jtu_6NE_A_902,0,0,0.098240131,0.12140815,0.46220947,0.24758971,0.21722004
5k2c_ZMA_A_1201,0,0.99248909,0.11042043,0.13001976,0.95025355,0.27302513,0.24514204
5k5m_68T_A_1003,0.33246179,0.94907178,0.10570964,0.10837565,0.01919026,0.24921032,0.20675753
5kas_PC_A_517,0,0.93784104,0.10690472,0.11944874,0.46183422,0.2582601,0.22539566
5kcj_6RM_B_302,0,0.99481248,0.1089139,0.12459216,0.70238409,0.26587384,0.23538276
5kcj_GLU_A_302,0,0,0.098240131,0.12140815,0.46220947,0.24758971,0.21722004
5kcp_PFB_A_378,0,0.96046529,0.1102115,0.1303952,0.96436567,0.27306917,0.2454193
5kcp_PFB_B_378,0,0.95406069,0.11011016,0.13025893,0.95752684,0.27279821,0.24509357
5kcp_PFB_B_379,0.91561617,0.045693112,0.10062457,0.11054015,0.14157073,0.248855,0.2014714
5kf2_COA_A_401,0.91137968,0.93869756,0.11084074,0.11573304,0.46316492,0.26828887,0.22197071
5kjw_53C_A_800,0.94584594,0.98725683,0.11330122,0.1221038,0.7654594,0.27797299,0.23418969
5kjw_53C_B_800,0.99900078,0.99665836,0.1089115,0.10516747,0.0021873312,0.25655953,0.20395405
5kts_CIZ_A_402,0,0.023160639,0.098454109,0.12135976,0.46220021,0.24785322,0.21742194
5kxb_NGA_A_307,0.98461004,0.91079338,0.11011049,0.11269609,0.33543723,0.26507445,0.21640777
5kxb_NGA_B_305,0,0.91942647,0.10673459,0.11948721,0.46184159,0.25805058,0.22523514
5kxb_NGA_D_301,0,0.95943679,0.10626925,0.11644034,0.32640348,0.25458351,0.22023986
5l1u_7PF_A_401,0,0,0.098240131,0.12140815,0.46220947,0.24758971,0.21722004
5l1v_7PF_A_401,0,0,0.098240131,0.12140815,0.46220947,0.24758971,0.21722004
5l7u_NGA_A_601,0.17864294,0.98914271,0.11144816,0.13032328,0.99733982,0.27630699,0.24628769
5l7u_NGA_B_601,0.96959322,0.97647665,0.11461188,0.12667122,0.9776628,0.28425525,0.24237718
5l9v_OGA_B_502,0.99753535,0.84530028,0.10749586,0.10545082,0.00045241003,0.2547699,0.20257004
5la1_XYP_A_601,0.99594295,0,0.10575914,0.12879997,0.98693706,0.27369438,0.23411898
5la1_XYP_A_602,0.088004989,0.96419172,0.10567914,0.11247545,0.16214341,0.25084485,0.21346414
5la2_ARB_A_606,0.046580092,0,0.098440471,0.12121684,0.46220677,0.24809978,0.2170419
5la2_ARB_B_606,0,0,0.098240131,0.12140815,0.46220947,0.24758971,0.21722004
5lqs_NTM_A_302,0.04883897,0.94638099,0.10719367,0.1192303,0.46182797,0.25889207,0.22528333
5lu8_5KN_A_306,0,1.5998133e-06,0.098240146,0.12140815,0.46220947,0.24758972,0.21722006
5lwy_OLB_A_402,0.7943107,0,0.098839053,0.10814695,0.0050600677,0.2430532,0.19615032
5lwy_OLB_A_403,0,0,0.098240131,0.12140815,0.46220947,0.24758971,0.21722004
5lwy_OLB_A_404,0,0,0.098240131,0.12140815,0.46220947,0.24758971,0.21722004
5lwy_OLB_A_406,0,0,0.098240131,0.12140815,0.46220947,0.24758971,0.21722004
5lwy_OLB_A_409,0,0.90933075,0.10664131,0.1195083,0.46184562,0.25793572,0.22514713
5m0t_AKG_B_302,0.99435051,0.92740159,0.10823927,0.10528735,0.00020001647,0.2556625,0.20328889
5m5a_KSA_A_404,0.9903893,0.98415248,0.11481581,0.1267244,0.9847279,0.28477499,0.24264344
5m62_BGC_A_409,0,0,0.098240131,0.12140815,0.46220947,0.24758971,0.21722004
5m66_ADN_B_502,0.99174247,0.92244549,0.11432054,0.12709268,0.99594017,0.28441191,0.24254201
5m66_ADN_C_502,0.9892735,0.83591872,0.11321341,0.12622919,0.94776885,0.28200475,0.23989561
5m66_ADN_D_502,0.98273753,0.81170236,0.10749673,0.10691237,0.061282038,0.25598678,0.20473334
5m8d_UGI_B_501,0.98035145,0.99293074,0.11492014,0.12698294,0.99549744,0.28507687,0.24318334
5mdh_MAK_B_335,0.48841866,0.50144035,0.10497355,0.11835442,0.46198053,0.25864334,0.21972345
5mot_HBD_A_401,0.001269066,0.92876472,0.10682632,0.11946249,0.46183778,0.25817073,0.22531169
5mot_HBD_A_402,0.94229475,0.90821287,0.1078372,0.10553806,6.188253e-05,0.25486992,0.20331495
5mxh_GAL_A_401,0.11528099,0.92612869,0.10729233,0.11899971,0.46183222,0.25938923,0.22485268
5mxh_GAL_A_402,0.11106635,0.94048845,0.10740687,0.11898702,0.46182672,0.25950645,0.22499398
5mzj_TEP_A_2401,0.99759144,0,0.10571398,0.12860774,0.97845991,0.27346695,0.23377822
5n5k_8NW_A_307,0,0.8035874,0.10566436,0.11972923,0.46188794,0.25673261,0.22422531
5n5k_HAE_A_306,0.26727682,0.96926924,0.1106238,0.12637387,0.83156046,0.27225081,0.23923466
5n63_8OW_A_401,0.98231541,0.90858496,0.11408011,0.12690543,0.98429197,0.28381355,0.24199749
5n8c_8Q8_A_403,0,0.5425519,0.10325269,0.12027461,0.46199238,0.25376265,0.22194973
5n8c_8Q8_B_403,0.78343251,0.97325276,0.11067066,0.11640273,0.47305032,0.26756732,0.22315146
5nh9_XLS_A_503,0.78732848,0.9841186,0.10892805,0.1097639,0.17136124,0.25899747,0.21132843
5nh9_XLS_B_503,0,0,0.098240131,0.12140815,0.46220947,0.24758971,0.21722004
5nh9_XLS_C_504,0.97912871,0.98372897,0.10979064,0.10912335,0.17804614,0.26128716,0.21085558
5nj0_8YW_A_301,0.98833615,0.95160543,0.1144795,0.12670577,0.98039207,0.28425638,0.24219612
5njb_BB2_A_502,0.95977064,0.96036736,0.11425588,0.12615992,0.95091423,0.28318968,0.24121877
5njb_BB2_C_502,0.96875337,0.95452207,0.11430757,0.12637322,0.96179374,0.28353655,0.24156265
5nnw_GCS_D_302,0,0,0.098240131,0.12140815,0.46220947,0.24758971,0.21722004
5nov_93B_A_201,0.99570964,0.99266668,0.11047464,0.1109179,0.26403636,0.26406059,0.21426291
5nuk_Z80_A_201,0.97926673,0.96381253,0.10850962,0.10526907,0,0.25590609,0.20365648
5o3b_9HZ_A_501,0,0,0.098240131,0.12140815,0.46220947,0.24758971,0.21722004
5o3b_9HZ_B_501,0,0,0.098240131,0.12140815,0.46220947,0.24758971,0.21722004
5o3b_9HZ_D_501,7.0236726e-05,0,0.098240433,0.12140787,0.46220947,0.24759048,0.21721977
5o3f_9HT_A_501,0,0,0.098240131,0.12140815,0.46220947,0.24758971,0.21722004
5o3g_9J8_A_501,0,0,0.098240131,0.12140815,0.46220947,0.24758971,0.21722004
5o3g_9J8_B_501,0.19507364,0,0.10188402,0.13056123,0.91711929,0.2629017,0.23442587
5o4j_9KH_B_302,0,0.96169539,0.10428097,0.1093053,0.00048254295,0.24517129,0.20740053
5o4j_PJL_A_304,0.24224215,0.93433296,0.10791418,0.1184611,0.46182158,0.26087286,0.22443866
5o4k_9KE_A_405,0.94895827,0.92683115,0.10804083,0.10548227,0.00053507212,0.25516859,0.20347066
5o72_9MH_A_303,0.96568365,0.97380036,0.10854349,0.10530404,2.3224154e-10,0.25587105,0.20379559
5ocm_9RH_A_302,0.0016953332,0.98582706,0.10883243,0.12458357,0.70145434,0.26576318,0.23526117
5ocm_9RH_B_302,0.0016603815,0.91880368,0.10673597,0.11948169,0.46184174,0.25806168,0.22522336
5ocm_9RH_C_302,0.0016974413,0.91761066,0.10672511,0.11948403,0.46184221,0.25804851,0.22521281
5ocm_9RH_D_302,0.001855516,0.9926915,0.10911504,0.12534402,0.7368972,0.26686944,0.23671885
5ocm_9RH_E_302,0.9950276,0.94805926,0.11285846,0.1209469,0.71807757,0.27669324,0.23179011
5ocm_9RH_F_302,0.76143858,0.99175557,0.11236495,2.8910695e-59,0.73743566,0.27512451,0.23372368
5oew_9TE_B_901,0.98736748,0.99412695,0.11220241,0.11716029,0.54794392,0.27220718,0.22550897
5oew_9TE_C_301,0.75081606,0.96287768,0.10751836,0.10620913,3.1051339e-09,0.25339351,0.20452163
5oew_GLU_A_301,0,0,0.098240131,0.12140815,0.46220947,0.24758971,0.21722004
5oew_GLU_B_902,0,0,0.098240131,0.12140815,0.46220947,0.24758971,0.21722004
5oew_GLU_C_302,0,0,0.098240131,0.12140815,0.46220947,0.24758971,0.21722004
5oip_9WE_A_302,0.93587628,0.98589462,0.11467617,0.12722404,0.99749967,0.28456766,0.24337094
5oir_9W8_A_302,0.45972074,0.88519895,0.10811661,0.11668036,0.41659568,0.26138475,0.22139295
5osf_A9E_A_404,0.94604718,0.98273034,0.10854155,0.10536609,3.9295155e-07,0.25575768,0.20394862
5r0j_RBJ_B_401,0,0.94617903,0.10698175,0.11943132,0.46183088,0.25835496,0.22546835
5r28_RDJ_A_401,0.9852464,0.97562402,0.10864482,0.1052211,5.437714e-05,0.25610763,0.20373887
5r9u_JMM_A_401,0.98952802,4.6928444e-07,0.1054938,0.12798254,0.94836922,0.27250729,0.23262183
5syi_NIZ_A_805,0.0015552842,0.98768055,0.10457536,0.10941363,0.0082002149,0.24570767,0.2079259
5t3h_BEN_A_302,0.99801722,0.99452993,0.11500627,0.12689061,0.99474533,0.28526677,0.24310009
5t63_ALA_C_1,0,0,0.098240131,0.12140815,0.46220947,0.24758971,0.21722004
5t6b_TMP_A_504,0,0,0.098240131,0.12140815,0.46220947,0.24758971,0.21722004
5t6b_TMP_B_504,0,0,0.098240131,0.12140815,0.46220947,0.24758971,0.21722004
5t6b_TMP_C_503,0.98733835,0,0.10497334,0.12617789,0.86546893,0.2700827,0.22935941
5t6b_TMP_D_503,0,0,0.09539135,0.11129805,1.5910565e-06,0.23420764,0.19898719
5t85_44G_L_301,0.011390865,0,0.098289123,0.12136137,0.46220881,0.24771444,0.21717648
5tbo_78Z_A_1001,0.97538858,0.98144847,0.11472224,0.1267772,0.9840683,0.28456082,0.24265115
5tch_MLI_A_301,0.99560524,0.98119821,0.11419794,0.12453362,0.88528734,0.2819189,0.23867433
5tch_MLI_B_501,0.99862595,0.69047047,0.10636961,0.10683274,0.049081611,0.25442717,0.20313304
5tch_MLI_C_301,0.99645158,0.75480395,0.10993367,0.11727966,0.532318,0.26912928,0.22276875
5tch_MLI_D_501,0.99581503,0.41035373,0.1034665,0.10635402,7.6492707e-07,0.24978574,0.19876227
5tch_MLI_E_301,0.99810456,0.88223155,0.10921622,0.11025715,0.22376891,0.26166337,0.21170106
5tch_MLI_F_501,0.99787196,0.90786412,0.10938459,0.10996519,0.21282054,0.26163563,0.21149373
5tch_MLI_G_301,0.99705808,0.8127758,0.10833373,0,0.18721962,0.25974006,0.20956131
5tch_MLI_H_501,0.93544723,0.66183885,0.11128555,0.12650148,0.93353675,0.27902109,0.23802036
5tde_2HP_A_502,0.99540916,0.97430035,0.11020854,0.11061992,0.24861088,0.2634015,0.21349514
5tde_2HP_B_901,0.9961562,0.94388161,0.11436919,0.1264322,0.96861979,0.28391318,0.24163434
5tde_2HP_B_902,0,0.94934669,0.10701101,0.1194247,0.46182961,0.258391,0.22549596
5tde_FLC_A_501,0.98575395,0.97183955,0.11307843,0.1210778,0.72458447,0.27705087,0.23228986
5tdt_MBN_A_502,0,0.18263659,0.099927485,0.12102657,0.46213639,0.24966767,0.21881217
5tdt_MBN_A_503,0.08580802,0.17139023,0.10019264,0.12069763,0.46213592,0.25047936,0.21838597
5tdt_MBN_A_504,0.99857112,0.098557181,0.10059719,0.10699229,5.042636e-06,0.24626598,0.19603032
5tdt_MBN_D_501,0.088836549,0.99120345,0.11108201,0.13069164,0.99751706,0.27535205,0.24665598
5tdt_MBN_D_502,0.97062039,0.23324648,0.10172157,0.10682644,2.3893224e-06,0.24749335,0.19731273
5thu_B3N_A_404,0.83072565,0.9608277,0.10784315,0.10588533,3.0764625e-06,0.25424541,0.20419839
5thu_B3N_B_404,0,0.36454961,0.10160815,0.12064651,0.46206361,0.25173741,0.220398
5thu_GGG_B_405,0,0.97810953,0.10442968,0.10926056,5.5683206e-07,0.24534422,0.20752479
5tix_OQR_A_302,0,0.97293635,0.10475777,0.11060537,0.060977967,0.24705109,0.20988546
5tix_OQR_B_302,0,0.9639552,0.10470537,0.11073265,0.065940444,0.24709253,0.21000286
5tlg_7EG_A_601,0.98490613,0.98939023,0.11484417,0.12674857,0.98530216,0.28479121,0.24273277
5tm5_7EV_A_601,0,0.96033788,0.11026541,0.13059096,0.9733016,0.27332648,0.24577075
5tm5_7EV_B_601,0,0.93737523,0.10690041,0.11944971,0.4618344,0.2582548,0.2253916
5tvr_AKG_A_402,0.99076666,0.94842987,0.10842023,0.10526558,0.00053428109,0.25587236,0.20349933
5tvr_AKG_B_402,0.99751272,0.91276923,0.10811982,0.10531251,0.00055039333,0.25554068,0.20316291
5u5g_7VD_D_302,0.99126469,0.90543956,0.11298457,0.1229538,0.80504719,0.27868522,0.23486382
5u5x_TP5_A_302,0.99792246,0.98966674,0.11378627,0.12273238,0.8041954,0.27969246,0.23553996
5u5z_7VP_A_302,0.00020115681,0,0.098240996,0.12140733,0.46220946,0.24759191,0.21721927
5u8z_83D_A_602,0,0.94477862,0.10696881,0.11943424,0.46183144,0.25833903,0.22545614
5u8z_83D_B_602,3.3227494e-07,0.94309431,0.10695325,0.11943776,0.46183211,0.25831987,0.22544146
5u8z_83D_C_602,2.5714219e-07,0,0.098240132,0.12140815,0.46220947,0.24758971,0.21722004
5u8z_83D_D_602,0,0.99204551,0.10449401,0.10905113,4.3888664e-08,0.24525135,0
5uap_82S_A_505,0.042905437,0.95570769,0.10467502,0.11008144,0.043442223,0.24681702,0.2088792
5ud0_G3H_B_406,0,0,0.098240131,0.12140815,0.46220947,0.24758971,0.21722004
5ud3_P6F_A_404,0,0.85110463,0.10610337,0.11962996,0.46186892,0.25727324,0.22463954
5ud3_P6F_B_404,0,0.78959554,0.10548316,0,0.45275673,0.25631692,0.22374298
5uim_TYD_B_403,0,0,0.098240131,0.12140815,0.46220947,0.24758971,0.21722004
5uio_8DM_A_202,0.98649564,0.96228972,0.11425605,0.1255758,0.92941387,0.28288165,0.2402851
5uio_8DM_C_202,0,0.9648822,0.10847232,0.12406893,0.67561793,0.26475797,0.23406546
5uio_LG3_A_201,0.9922251,0,0.10577551,0.12893007,0.99218586,0.27380565,0.23434028
5uio_LG3_B_201,0.99814409,0.32725675,0.10882727,0.12823205,0.99255094,0.27760714,0.23718859
5uio_LG3_C_201,0.9928667,0.99352153,0.11496994,0.12689663,0.99395769,0.28517607,0.2430799
5uio_LG3_E_201,0.99610047,0.99514181,0.11498431,0.12682848,0.99160355,0.28516177,0.2429888
5uj3_CE4_A_302,0,0.97415116,0.10439391,0.10927167,0.0001311768,0.24530293,0.20749539
5unr_8EV_A_803,0,0.98263102,0.10447149,0.10925126,5.5719371e-06,0.24539584,0.20756445
5unr_8EV_B_803,0.65032883,0.98659967,0.10730537,0.10657242,2.9837856e-06,0.25256318,0.20511295
5unt_8J1_A_803,0.99376867,0.98032046,0.10872457,0.10517523,4.4516273e-06,0.25625299,0.20374532
5unt_8J1_B_803,0.95879282,0.97755988,0.10854863,0.10532464,6.0379245e-06,0.25583856,0.20385499
5unx_8F1_A_803,0.97968162,0.96582153,0.10853002,0.10526337,8.3994277e-06,0.25593375,0.20367277
5unx_8F1_B_803,0.98437922,0.97370697,0.10862307,0.10522758,5.054284e-06,0.25607488,0.20372351
5uo3_8EY_A_803,0.99177634,0.9809537,0.10872186,0.10518212,5.8257169e-06,0.25623842,0.20375851
5uo3_8EY_B_804,0.9837912,0.98067482,0.10868491,0.10521541,1.8925637e-06,0.25614768,0.20378645
5uo5_M4R_A_803,0.98346452,0.98605174,0.10873378,0.10520764,9.7530062e-05,0.2562081,0.20383841
5uo5_M4R_B_803,0.9880854,0.97997094,0.11417991,0.12465811,0.88944907,0.28194309,0.23885657
5urz_BOG_B_201,0.69756857,0,0.099304778,0.11167379,0.14810985,0.24613611,0.2021641
5ut1_7DZ_A_905,0,0,0.098240131,0.12140815,0.46220947,0.24758971,0.21722004
5v31_ARG_A_401,0,0,0.098240131,0.12140815,0.46220947,0.24758971,0.21722004
5v7y_AKG_B_302,0,0.89361154,0.10649609,0.11954115,0.46185191,0.25775687,0.22501009
5ve5_GSH_B_402,0,0.48849352,0.10275326,0.12038755,0.46201401,0.2531476,0.22147848
5ved_STU_A_601,0,0.89515545,0.10651035,0.11953792,0.4618513,0.25777444,0.22502355
5vjg_0BP_A_403,0.99877021,0.77175123,0.11289585,0.12715625,0.98581697,0.28247995,0.24080038
5vka_AKG_A_402,0.99425499,0,0.10565112,0.12844929,0.97059111,0.27320255,0.23348051
5vl0_BNF_B_404,0.9898405,0.98161095,0.11307133,0.12063265,0.70593462,0.27666682,0.23162371
5vl0_BNF_C_404,0.99308429,0.98575008,0.1124385,0.11817958,0.59481012,0.27353156,0.22726308
5vl0_BNF_D_404,0,0.98820202,0.109913,0.12836847,0.87436639,0.2707788,0.24211053
5vrj_R07_A_204,0,0.81204554,0.10574251,0.11971156,0.46188455,0.25682885,0.22429904
5vut_9OG_A_803,0.93034317,0.93234506,0.10800841,0.10553552,7.835862e-13,0.25501201,0.20356884
5vuu_9OJ_A_805,0.0001329821,0.97742841,0.10442395,0.10926143,0,0.2453379,0.20751831
5vuu_9OJ_B_803,0.69973667,0.97720375,0.10743104,0.10638904,0,0.25299722,0.20484194
5vv0_9OM_A_803,4.6152954e-10,0.98688188,0.10451074,0.10924228,3.6093483e-13,0.24544408,0.20760134
5vv5_9OJ_A_803,0.06298845,0.97378209,0.10466062,0.10901091,2.1060541e-08,0.24598476,0.2072462
5vyr_B62_B_301,0.97738831,0.96035943,0.11458719,0.12699474,0.99237914,0.28458327,0.24278733
5vyr_GMP_B_302,0,0,0.098240131,0.12140815,0.46220947,0.24758971,0.21722004
5vyr_GMP_B_303,0.99858409,0.99382816,0.10887228,0.10513505,0.00035778169,0.25646976,0.20385875
5vys_1YJ_A_301,0.99314773,0.98434714,0.1148754,0.12687565,0.99217786,0.28502315,0.24292852
5vys_1YJ_B_301,0.98921784,0.9774128,0.1145331,0.12597884,0.94978735,0.28367363,0.24121052
5vys_GMP_B_303,0.97877942,0,0.099620712,0.10734763,0.0031482846,0.24501809,0.19536972
5w3k_9TY_A_401,0.99604281,0.9492589,0.11448177,0.1266464,0.97890133,0.28427089,0.24208736
5w3k_9TY_B_401,0.26141844,0.95938069,0.11140208,0.12959433,0.97672361,0.27627766,0.24489807
5w5t_9X7_A_506,0,0,0.09539134,0.11129801,0,0.23420759,0.19898712
5w7b_MYR_B_208,0.98258875,0.7064787,0.10614599,0.10579147,4.7302411e-11,0.2530125,0.20139759
5w8q_BU4_B_400,0.025831113,0.995276,0.10937779,0.12572195,0.75891852,0.26779913,0.2375186
5wct_GY4_A_303,0,0,0.098240131,0.12140815,0.46220947,0.24758971,0.21722004
5wcz_NOJ_A_601,0,0,0.098240131,0.12140815,0.46220947,0.24758971,0.21722004
5wcz_NOJ_B_601,0.9846017,0.75339008,0.10652663,0.10551331,0,0.25332861,0.0046810373
5wgk_AGJ_A_816,0.9639104,0.96967884,0.11248366,0.11946552,0.64658277,0.27452829,0.22927698
5wgr_PM7_A_711,0,0.97770217,0.10442591,0.1092614,0,0.24533956,0.20752121
5wgv_PM7_A_712,0,0,0.098240131,0.12140815,0.46220947,0.24758971,0.21722004
5wgv_PM7_A_713,0,0,0.09818782,1.2639029e-31,0.45300348,0.2473313,0.21685696
5wgw_MB5_A_714,0,0,0.098240131,0.12140815,0.46220947,0.24758971,0.21722004
5wgw_MB5_A_715,0.54284463,0,0.097726246,0.10906888,2.5172938e-07,0.24015269,0.19691198
5wqp_NCA_A_302,0,0.98082532,0.1044548,0.10925502,5.5159792e-06,0.24537528,0.20754869
5x0j_SEP_A_302,0,0,0.098240131,0.12140815,0.46220947,0.24758971,0.21722004
5x23_LSN_A_503,0,0,0.098240131,0.12140815,0.46220947,0.24758971,0.21722004
5x2m_GLN_B_951,0.99257231,0.76106608,0.10669879,0.10565607,0.00088236842,0.25376892,0.20187072
5x5d_UMP_B_401,0.96184083,0,0.10564005,0.12903793,0.99141311,0.27345051,0.23442594
5x5d_UMP_C_401,0.73875451,0,0.10462691,0.12976379,0.98271806,0.27075554,0.23493569
5x5d_UMP_D_401,0,0,0.098240131,0.12140815,0.46220947,0.24758971,0.21722004
5x5d_UMP_E_401,0.96373128,0,0.10564267,0.12901061,0.99051924,0.27344533,0.23438345
5x6r_7ZR_A_402,0.87822792,0.96677782,0.10810243,0.1056778,3.095097e-09,0.2548333,0.20406861
5x6r_7ZR_B_402,5.6017311e-10,0.96804219,0.10433665,0.10928152,2.2208678e-10,0.24522958,0.20743689
5x86_TMP_A_205,0,0,0.098240131,0.12140815,0.46220947,0.24758971,0.21722004
5xdt_MB3_A_404,0.38395684,0.99568175,0.10624369,0.10764778,2.3614621e-05,0.24974995,0.20621131
5xdt_ZI7_A_403,0.76888049,0.9912725,0.11377152,0.12706086,0.959208,0.28169116,0.24254548
5xh2_NPO_A_305,0.99645798,0.96943591,0.10927445,0.10745425,0.10364469,0.25915971,0.2077291
5xin_XLS_A_397,0.99144466,0,0.099679409,0.1073106,0.0038330375,0.24517663,0.19534832
5xin_XLS_C_397,0.95556714,0,0.10019176,0.10982388,0.11197871,0.24791536,0.1997523
5xj7_87O_A_309,0.94204549,0,0.10470646,0.12610814,0.85377942,0.26924816,0.22907135
5xmq_PLG_A_501,0,0.9832718,0.10447738,0.1092498,0,0.24540298,0.20756983
5xmq_PLG_B_501,2.7062575e-05,0,0.098240247,0.12140804,0.46220947,0.24759,0.21721994
5xmq_PLG_C_501,0.99155092,0.94502419,0.11391922,0.12488465,0.89712726,0.28180549,0.23884122
5xrv_F6R_A_702,0,0.85788709,0.10616603,0.11961579,0.46186621,0.25735041,0.22469867
5xvt_8FL_A_709,0.43280237,0,0.097252926,0.10952075,1.273413e-09,0.23894753,0.19733263
5xvv_AKG_A_508,0,0.97411038,0.10439822,0.1092884,0.00089210218,0.2453245,0.20752506
5xvv_AKG_B_506,0,0,0.098240131,0.12140815,0.46220947,0.24758971,0.21722004
5xvv_AKG_C_504,0.98379346,0.94491382,0.11041402,0.1125991,0.33409901,0.26541524,0.21665592
5xz7_F6P_A_407,0,0.97935305,0.10449762,0.10945831,0.0091575623,0.24562354,0.20789693
5y1g_AKB_A_401,0.9331461,0,0.10466004,0.12611578,0.85245806,0.26911243,0.22905324
5y7a_KYN_A_502,0.9182321,0,0.10394026,0.12385025,0.74610367,0.26586931,0.22491409
5y7r_58K_B_403,0,0.99361126,0.10457292,0.10922826,0,0.2455207,0.20766008
5y7r_AKG_B_402,0.99479759,0.95622241,0.10850724,0.1052245,0.00015502519,0.25599425,0.20353698
5yaq_ISE_C_402,0.8109495,0.85006194,0.11173637,0.12394837,0.81138986,0.2762636,0.23531999
5yaq_ISE_D_402,0,0,0.10134873,0.13244034,0.96639665,0.26219227,0.2371158
5yb7_ORN_A_602,0.98493186,0,0.09981072,0.10790277,0.029678287,0.24585372,0.19639292
5yb7_ORN_A_603,0.98024333,0.91716583,0.10808415,0.10536711,0.0002232725,0.25539214,0.20325439
5yb7_ORN_B_602,0,0,0.098240131,0.12140815,0.46220947,0.24758971,0.21722004
5yb7_ORN_C_602,0.985926,0,0.10005588,0.10875357,0.068753855,0.24699615,0.19793083
5yb7_ORN_C_603,0,0.95913373,0.10425433,0.10930008,8.4247704e-09,0.24512815,0.20735913
5ybl_AKG_A_302,0.00032760129,0.91683579,0.10671206,0.11949128,0.4618426,0.2580247,0.2252113
5ybl_AKG_C_302,0.9948874,0.82885764,0.10733345,0.10549919,0.00060066452,0.25455798,0.20244249
5ybp_AKG_A_302,0.99764391,0.39162652,0.10941213,0.12807233,0.99128515,0.27829792,0.23770243
5ybp_AKG_B_302,0,0.78793953,0.1055198,0.11976193,0.4618942,0.25655458,0.2240889
5ybq_8T0_A_303,0.94937369,0,0.10557182,0.12903728,0.98904324,0.27324535,0.2343801
5ybq_8T0_B_303,0,0,0.098240131,0.12140815,0.46220947,0.24758971,0.21722004
5ybq_AKG_A_302,0.99649565,0.4460164,0.10380045,0.10628218,0.00024023266,0.25020618,0.19908041
5ybq_AKG_B_302,0,0.9799796,0.10444949,0.10926564,0.0004105101,0.24537738,0.20755728
5yfj_RUB_A_401,0.8848409,0.96737131,0.11339289,0.12430443,0.85270405,0.27960487,0.23769151
5yfj_RUB_B_401,0,0.95933851,0.10957669,0.12818161,0.86307711,0.27012325,0.24141318
5yfj_RUB_C_401,0,0.96687094,0.10935642,0.12713718,0.81605438,0.26884734,0.23962367
5ykt_PMP_A_501,0.99034576,0.99035337,0.1097352,0.10847825,0.1512955,0.26071079,0.20981509
5ykt_PMP_B_501,0.99295307,0.99484012,0.10960913,0.10782387,0.12230085,0.25995081,0.20870031
5ylf_BGC_A_401,0,0.95010361,0.10701801,0.11942312,0.46182931,0.25839962,0.22550256
5ysh_5AD_D_605,0.21274926,0.98677077,0.10543985,0.10842229,0.0024414504,0.24784349,0.20688341
5ysh_5AD_G_605,0.99857816,0.98270107,0.10878323,0.10520721,0.0025956571,0.25640781,0.20384995
5ysh_5AD_J_605,0.21831849,0.98087692,0.10585544,0.10999489,0.074807582,0.24993294,0.20966584
5z54_0HZ_A_303,0.19287987,0.9839039,0.11142357,0.13014295,0.99127067,0.27622752,0.24594808
5z54_0HZ_B_303,0,0,0.098240131,0.12140815,0.46220947,0.24758971,0.21722004
5z54_0HZ_C_303,0.9675157,0.97021343,0.11079889,0.11339788,0.36996428,0.26656361,0.21835403
5z54_0HZ_D_303,0.98743691,0,0.10564281,0.12855189,0.97400102,0.27322662,0.23364111
5z9b_AX7_A_304,0.99593375,0,0.10003349,0.10848026,0.058139927,0.2467984,0.19747381
5z9b_HX3_A_303,0.97892104,0.99146747,0.10876865,0.10523053,0.00080650781,0.25624053,0.20393102
5z9b_HX3_B_303,0.97160376,0.98667353,0.10869072,0.1052629,0.00045624252,0.25609567,0.20390333
5z9p_AX7_A_301,0.99849684,0,0.10120203,0.11257765,0.24590882,0.25226383,0.20487233
5z9p_AX7_B_301,0.99588736,0,0.10563033,0.12834388,0.96607933,0.27308977,0.23329626
5zg2_9C0_A_902,0.99541605,0.99583963,0.10887569,0.10513839,0.00010728631,0.25645071,0.20387854
5zg2_ZK1_B_901,0,0,0.098240131,0.12140815,0.46220947,0.24758971,0.21722004
5zge_ZZ7_A_301,0.37748873,0.93609056,0.11160388,0.12887436,0.96338292,0.27689734,0.24372472
5zge_ZZ7_B_302,0,0.90970714,0.10664479,0.11950752,0.46184547,0.25794,0.22515041
5zgr_ZZ7_A_303,0.53211402,0.94264671,0.11234375,0.12827617,0.96568782,0.27873215,0.2432818
5zgr_ZZ7_B_303,0.99201471,0.93892784,0.1083345,0.10526856,0,0.25576237,0.20339054
5zi4_OAA_B_401,0.46207415,0.94449702,0.10610658,0.10743314,1.6949924e-06,0.25002206,0.20546505
5zpt_HY1_A_702,0.0056048982,0.98585529,0.10791941,0.12126665,0.5505773,0.26143726,0.22929369
5zpt_HY1_B_703,0.98684521,0.99297244,0.11464371,0.12587466,0.94606189,0.28371692,0.24120842
6a1f_9OF_A_807,0.97926501,0.99073044,0.11491421,0.12705966,0.99859068,0.28512949,0.24329033
6a1l_BEZ_A_403,0.99315221,0.9676315,0.11448321,0.12606671,0.9536112,0.28371608,0.24126097
6a1l_BEZ_A_404,0.98537155,0.99620122,0.11241404,0.11787766,0.58055684,0.27315334,0.22682143
6a2m_9QR_A_701,0,0.86586771,0.10623976,0.11959911,0.46186302,0.25744121,0.22476824
6a2m_UMP_B_703,0.97735796,0,0.10565956,0.12880656,0.98375005,0.27339855,0.23406428
6a2n_9QR_A_701,3.0441704e-09,0.9696163,0.10435119,0.10927824,1.6686715e-08,0.2452475,0.20745063
6a2n_UMP_A_703,0.98025962,0,0.10567339,0.12879944,0.98396917,0.27343667,0.23406184
6a3j_SOE_A_402,0.0089691686,0,0.098278707,0.12137131,0.46220895,0.24768792,0.21718574
6a3j_SOE_B_401,0,0,0.098240131,0.12140815,0.46220947,0.24758971,0.21722004
6a3j_SOE_C_402,0.99701948,0,0.10574136,0.12871601,0.98330113,0.27360088,0.23397141
6a3j_SOE_D_401,0,0,0.098240131,0.12140815,0.46220947,0.24758971,0.21722004
6a6s_FSA_A_502,0,0.96672292,0.10432448,0.10928437,4.2923524e-06,0.24521468,0.20742554
6a7e_9QR_A_201,0,0.98056636,0.10809089,0.12216824,0.59023253,0.26246398,0.23083353
6ald_2FP_A_700,0,0,0.098240131,0.12140815,0.46220947,0.24758971,0.21722004
6ald_2FP_B_700,0,0,0.098240131,0.12140815,0.46220947,0.24758971,0.21722004
6auq_BYJ_A_803,0.81040098,0.98275258,0.1079589,0.10592516,9.6432322e-05,0.25427515,0.20447114
6auq_BYJ_B_803,0.98728891,0.98302471,0.1087217,0.10519627,7.2020778e-06,0.2562129,0.2037938
6av2_BY7_B_803,0.64943977,0.97909838,0.10723221,0.10659163,1.4010208e-12,0.25246795,0.20505075
6axu_BTM_A_401,0.98361336,0.98805821,0.10914727,0.10660221,0.064060977,0.25808481,0.206379
6ayv_F6P_A_401,0,0.8748753,0.10632298,0.11958029,0.46185941,0.2575437,0.22484676
6ayv_F6P_B_401,0.97666965,0.89550451,0.11295902,0.12349237,0.82597896,0.27901839,0.23565874
6ayv_MLI_A_409,0,0.96546027,0.10431279,0.1092869,0,0.24520018,0.20741435
6b5k_TYD_A_304,0.94791251,0,0.099468554,0.10740556,2.6706697e-06,0.24458896,0.1953636
6b5k_TYD_B_304,0.97336789,0,0.099578043,0.10730103,2.5534735e-06,0.24486773,0.19526629
6b6r_BEN_A_302,0.99817632,0.99287871,0.11499223,0.12689531,0.9948327,0.28525224,0.24308852
6b83_6NA_B_201,0.99297664,0.89047247,0.10794415,0.10555458,0.0086406301,0.25547141,0.20330482
6b9p_D0J_B_1001,0.17947829,0,0.096163319,0.110561,1.8128942e-08,0.23617319,0.19830103
6ba2_7KM_A_809,0.99141067,0.99520573,0.10885195,0.10515381,4.6528061e-10,0.25639652,0.20388408
6bds_DJ4_A_302,0.86628976,0,0.099117459,0.10774068,0,0.24369497,0.19567552
6bds_DJ4_A_303,2.6134336e-05,0.97148897,0.10436861,0.10927425,4.4369736e-07,0.24526912,0.20746689
6bkk_308_B_101,0.99665064,0.99379357,0.11036439,0.1104691,0.24380635,0.26349791,0.21347098
6bmm_OLB_A_404,0,0.66940902,0,0.1199642,0.45969242,0.25512486,0.2229601
6bmm_OLB_B_404,0.41789111,0,0.09718879,0.10958198,0,0.23878423,0.19738963
6bqx_9AG_A_201,0.99148885,0.90934025,0.10805885,0.10533239,1.9870696e-06,0.25541978,0.20313437
6br1_E3Y_B_505,0,0,0.098240131,0.12140815,0.46220947,0.24758971,0.21722004
6btn_E8M_A_304,0,0,0.098240131,0.12140815,0.46220947,0.24758971,0.21722004
6btq_E8S_A_305,0,0.99122506,0.10455528,0.10924889,0.00071552896,0.24551425,0.20766748
6bxk_MTA_A_401,0.95733431,0.9580954,0.10838561,0.10545321,0.0037558768,0.25570956,0.20383861
6bxk_MTA_B_401,0.99068009,0.94032302,0.10889183,0.10722365,0.089247854,0.25834805,0.20692905
6c17_DNX_A_202,0.0062003955,0.91605381,0.10673009,0.11946879,0.46184258,0.25808011,0.22518202
6c1i_EEY_A_501,0.9899883,0.96816012,0.11465344,0.12671369,0.98264032,0.28452806,0.24242301
6c1i_EEY_B_501,0.99469493,0.82094813,0.10725583,0.10550331,3.5019191e-10,0.25444842,0.20235048
6c1i_KNA_A_502,0.00045524375,0.98234471,0.10447077,0.10924986,3.1599622e-09,0.24539741,0.20755999
6c1x_DNX_A_203,0,0.9296904,0.10682941,0.11946577,0.46183748,0.25816736,0.22532461
6cdy_EY1_B_501,0,0,0.098240131,0.12140815,0.46220947,0.24758971,0.21722004
6cgc_F0A_A_402,0.72459197,0,0.098798976,0.10935526,0.047204281,0.24351006,0.19807962
6cgc_F0A_B_402,0.96937185,0,0.10556895,0.12863969,0.97462333,0.2730468,0.23373472
6cqu_HI6_A_601,0,0.97211864,0.10438546,0.10931258,0.0018079118,0.24532834,0.2075438
6cqu_HI6_B_601,0,0,0.098240131,0.12140815,0.46220947,0.24758971,0.21722004
6cut_FEJ_A_401,0,0.92714295,0.10680588,0.11947109,0.4618385,0.25813838,0.2253024
6cut_FEJ_B_401,0,0.9377936,0.10690428,0.11944884,0.46183424,0.25825956,0.22539525
6cut_FEJ_C_401,0.95382874,0.93209002,0.11419826,0.12705676,0.98810039,0.28387948,0.24246182
6cut_FEJ_D_401,0,0.93343857,0.10686404,0.11945794,0.46183598,0.25821001,0.22535729
6dl7_ONC_A_301,0.9216076,0.97769207,0.11323735,0.1228481,0.80113347,0,0.23527575
6dl7_ONC_B_301,0,0.97745983,0.1096881,0.12794495,0.85398494,0.27006629,0.24121263
6dl7_ONC_D_301,0,0.97222376,0.11039954,0.13065242,0.97724254,0.27357594,0.24602999
6dl7_ONC_E_301,0.86878442,0.98454203,0.11435082,0.12741624,0.99356315,0.28370349,0.24346029
6dl7_ONC_F_301,0.93854984,0.97245093,0.10841431,0.10541828,0,0.25555852,0.20388754
6dl7_ONC_G_301,2.3043627e-07,0.98095509,0.10445597,0.10925462,0,0.2453766,0.2075496
6dqt_LEU_B_1,0.99303874,0.9205872,0.10816943,0.10530256,0,0.25556476,0.20322654
6dyt_F0G_A_503,0.99150775,0.96223611,0.11385728,0.12406535,0.86130837,0.28096375,0.23757841
6dyt_PP3_B_1501,0.97243767,0,0.099574026,0.10730479,0,0.24485747,0.19526974
6e2w_DP6_A_403,0.98644199,0.9524336,0.11439217,0.12640366,0.96630616,0.28383716,0.24165484
6e40_BBJ_A_502,0.96757395,0.86917614,0.10758484,0.10551425,1.5178846e-06,0.25470056,0.20287519
6e40_BBJ_B_502,0,0.91643021,0.1067069,0.11949347,0.46184278,0.25801649,0.22520902
6e40_BBJ_D_502,0,0,0.098240131,0.12140815,0.46220947,0.24758971,0.21722004
6e43_BEZ_A_502,0.99782941,0.96889248,0.11470471,0.1267182,0.9843882,0.28467289,0.24246839
6e43_BEZ_B_502,0.99747155,0.98789407,0.11489196,0.12672695,0.98653016,0.28494735,0.24272013
6e43_BEZ_D_502,0.99779232,0.97326257,0.11475824,0.12675649,0.9865475,0.28478477,0.24259187
6e8i_PTR_A_201,0.97849353,0,0.10094302,0.11204594,0.21785012,0.25123224,0.20384176
6f2b_AKG_A_402,0,0.84809917,0.1060756,0.11963623,0.46187013,0.25723905,0.22461334
6f2b_AKG_C_402,0.71480457,0.8351685,0.10645859,0.35428335,1.6155747e-09,0.62486499,0.62510664
6f2v_AMP_A_1001,0,0.8493365,0.10608703,0.11963365,0.46186963,0.25725313,0.22462413
6f2v_AMP_B_1001,0,0.9689573,0.10989574,0.1289784,0.90041331,0.27131394,0.24297022
6f3s_CKW_A_902,0.99020573,0,0.10298216,0.11905583,0.54046421,0.26070269,0.21652556
6f66_CUT_A_300,0.99597963,0.98986534,0.11493851,0.1268523,0.99216737,0.28511669,0.24296545
6f6a_CU5_A_301,0.01624386,0.99413742,0.10464768,0.10916057,5.0960845e-06,0.24570474,0.20760277
6f6a_CU5_B_301,0.90033323,0.97649721,0.11442758,0.12735807,0.99606021,0.28402972,0.24336799
6f76_CVK_A_203,0,0.96674668,0.10566697,0.11409791,0.22856339,0.25157319,0
6f76_CVK_B_203,0.48931418,0.99226554,0.10666514,0.10722174,2.4457992e-09,0.25086422,0.20577781
6f76_CVK_C_203,0.98460263,0.80154271,0.1070331,0.10558518,0,0.25411694,0.20221968
6f76_CVK_F_203,0,0.97452173,0.10575136,0.11407624,0.21977916,0.25166766,0.21616472
6f77_PLP_A_600,0,0.9751423,0.10440226,0.10926673,0,0.24531042,0.20749886
6f77_PLP_D_600,0,0.97230485,0.11044145,0.13079835,0.98392027,0.27377023,0.24629416
6f7r_CIT_A_1002,0.89067245,0.15752996,0.10261429,0.11418411,0.31409942,0.25485123,0.20934998
6f7r_CIT_A_1003,0.84794682,0.93129812,0.10771823,0.10613834,0.011988733,0.25444487,0.20434769
6fa1_D2Z_A_203,0.0022376178,0.7693485,0.10535766,0.11979158,0.46190151,0.25636756,0.22391827
6fa1_D2Z_B_203,0.13906551,0.98597812,0.10510054,0.10867311,2.1235065e-07,0.24695681,0.20706184
6fa1_D2Z_F_203,0.07383777,0,0.098557706,0.12110488,0.46220519,0.24839827,0.21693766
6fgv_D9T_A_1901,0.93222785,0.8918838,0.10777939,0.10609742,0.022185131,0.25521439,0.20408376
6fjj_LSA_A_302,0.99771514,0.97872173,0.11447709,0.12556981,0.93281075,0.28328999,0.24051966
6fld_DQ5_A_604,0,0.97025935,0.10435713,0.1092769,0,0.24525482,0.20745624
6fld_NAG_A_601,0,0,0.098240131,0.12140815,0.46220947,0.24758971,0.21722004
6fld_NAG_A_602,0.60495081,0.71453914,0.10453293,0.10714841,2.2550837e-08,0.2487217,4.359441e-07
6fld_NAG_A_603,0,0.93993159,0.10692403,0.11944437,0.46183338,0.25828388,0.22541389
6flu_DTK_A_401,0.15435641,0,0.096055266,0.11066417,3.7168075e-07,0.23589808,0.19839707
6flu_DTK_A_402,0,0.94189285,0.10410548,0.10936531,4.0045066e-07,0.24497272,0.24354271
6flu_DTK_A_403,0.92117095,0,0.099353521,0.10751533,7.9429325e-07,0.24429604,0.19546576
6flu_DTK_A_406,0.98205729,0.99025352,0.11489709,0.12696147,0.99458142,0.28503854,0.24311731
6flu_DTK_B_406,0.11624599,0,0.095891344,0.11082067,3.4084104e-07,0.2354807,0.19854276
6fs7_E4Z_A_903,0,0,0.098240131,0.12140815,0.46220947,0.24758971,0.21722004
6fs7_E4Z_B_903,0,0,0.10131048,0.1324642,0.97425128,0,0.23711131
6fs7_E4Z_E_903,0,0,0.098240131,0.12140815,0.46220947,0.24758971,0.21722004
6fs7_E4Z_F_903,0.00056997011,0,0.098242582,0.12140581,0.46220944,0.24759595,0.21721786
6fw0_E92_A_602,0.54614392,0.99212087,0.11302034,0.12868005,0.99149301,0.28019637,0.24467814
6fw0_E92_B_602,0.98620506,0.99334864,0.11492194,0.12686135,0.9910779,0.28501776,0.24299024
6g3f_FUM_A_601,0.97490132,0,0.099693823,0.10768222,0.017714108,0.24539741,0.19595923
6g5q_EMZ_A_401,0.97669323,0.96878941,0.10854454,0.10526927,1.4772679e-09,0.25593457,0.20370976
6gck_EUB_A_302,0.82353599,0.99210447,0.10810371,0.10585846,0.00040353673,0.25453438,0.20451468
6gck_EUB_B_302,0.98790333,0.9764824,0.10865347,4.6192792e-38,2.1236478e-05,0.25608497,0.2036426
6gck_EUB_C_302,0.99039091,0.98488417,0.1087565,0.10519481,0.00070002957,0.25628811,0.20382551
6gck_EUB_D_302,0.99379371,0.99049962,0.10881999,0.10515836,0.00020704967,0.25637503,0.20384207
6gl4_GLU_A_301,0,0,0.098240131,0.12140815,0.46220947,0.24758971,0.21722004
6gl4_GLU_B_301,0,0,0.098240131,0.12140815,0.46220947,0.24758971,0.21722004
6gnf_GLC_B_602,0.98433106,0.97035018,0.11472402,0.12699737,0.99475402,0.28484183,0.24294169
6gpn_OGA_B_402,0.99673849,0.92691014,0.10824377,0.10527419,2.5254973e-10,0.25567727,0.20326758
6gqk_F88_A_1001,0.9841873,0.9866345,0.11484533,0.12686273,0.99012321,0.28489157,0.24290168
6gqk_F88_B_1001,0.99052505,0.99162408,0.11449258,0.12531407,0.9209999,0.28301613,0.24019378
6gxk_FFW_A_402,0.98787049,0,0.099643033,0.10725074,0.00042606784,0.24503883,0.19522756
6gxk_FFW_B_402,0.99106229,0,0.099657743,0.10724112,0.00058527566,0.24507839,0.19522164
6h8p_OGA_A_504,0,0.91901503,0.10673078,0.11948807,0.46184175,0.2580459,0.22523155
6hgl_TES_A_401,0.97795019,0,0.10573576,0.12906554,0.99569856,0.27375104,0.23453344
6hl7_CP_A_401,0.99479686,0.9671758,0.10860752,0.10519836,3.3135942e-06,0.25611456,0.20362661
6hl7_CP_C_401,0.92243022,0.90433662,0.10772902,0.10567413,0.0021838172,0.25466968,0.20344077
6hl9_SIN_A_402,0,0.88736706,0.10643839,0.11955419,0.46185441,0.25768582,0.22495566
6hl9_SIN_B_402,0.98131883,0.84672457,0.1074407,0.10551951,0.00068395039,0.25461522,0.2026536
6hmw_FUL_A_203,0.99471794,0.97812596,0.10900929,1.6394961e-50,0.050537344,0.25764064,0.20562321
6hmw_FUL_C_203,0.73038698,0,0.098532909,0.10829875,3.7350092e-10,0.2422066,0.19619504
6hmw_FUL_D_204,0.98560724,0.963058,0.10854081,0.10528327,0.0017671826,0.25601811,0.20369538
6hmw_FUL_E_204,0.96679926,0.97489835,0.10890355,0.10652194,0.055983019,0.25751691,0.20600969
6hmw_FUL_F_202,0.98868244,0.96677423,0.11471215,0.12699569,0.9951536,0.28486034,0.24290961
6hmw_FUL_G_202,0.90053132,0.97047051,0.11437273,0.12736977,0.99605811,0.28396321,0.24331454
6hmw_FUL_J_201,0.98788541,0.97262845,0.10888646,0.10613203,0.041902257,0.25731425,0.20535372
6hnz_GH5_A_301,0.97526871,0.98294524,0.11468232,0.12658566,0.97543327,0.2843265,0.24232399
6ho7_GHQ_A_301,0,0.99041379,0.99683635,0,0.98730573,0.98744015,0.98717229
6hpx_GKQ_A_205,0.95569734,0.98627814,0.10861584,0.10531906,5.2846481e-12,0.25590375,0.20394268
6hqr_3DM_A_502,0.99658488,0.9589593,0.11446888,0.12625181,0.96189051,0.28389468,0.24149881
6hsg_GM5_A_504,0,0.96087191,0.10427041,0.10929654,3.8754286e-06,0.24514805,0.20737446
6hsg_GM5_B_504,0.99615439,0.94497661,0.11076095,0.11358866,0.38165738,0.26692851,0.21848561
6hsg_GM5_C_504,0,0.87708232,0.10634337,0.11957568,0.46185853,0.25756881,0.224866
6hsg_GM5_D_504,0,0.94751495,0.10699409,0.11942853,0.46183035,0.25837016,0.22548
6i4b_E2N_A_603,0.99096788,0,0.09999202,0.10842927,0.054876931,0.24664952,0.19736405
6i4b_E2N_B_603,7.2887036e-08,0,0.098240131,0.12140815,0.46220947,0.24758971,0.21722004
6i4b_ORO_A_602,0.2092047,0,0.096291542,0.11044022,5.8732403e-05,0.23650045,0.19818971
6i4b_ORO_B_602,0.0075869235,0,0.098272762,0.12137699,0.46220903,0.24767279,0.21719103
6i6r_H62_A_704,0.92511346,0.60889849,0.10933279,0.12161788,0.7033315,0.27163892,0.22851513
6ijp_IMP_A_402,0,0,0.098240131,0.12140815,0.46220947,0.24758971,0.21722004
6ix8_B3O_A_408,0,0,0.098240131,0.12140815,0.46220947,0.24758971,0.21722004
6ix8_B3O_B_408,0.99101666,0,0.10564358,0.12848529,0.97162843,0.27319712,0.23353382
6j4t_IMP_A_401,0,0,0.098240131,0.12140815,0.46220947,0.24758971,0.21722004
6jc7_F0G_A_601,0.99311049,0.97398105,0.1086633,0.10519165,2.7980336e-05,0.25617429,0.20369343
6jc7_F0G_D_601,0.9843174,0.94463311,0.10835414,0.10528839,4.752329e-06,0.25574316,0.20346995
6jk9_BU0_A_501,0,0,0.098240131,0.12140815,0.46220947,0.24758971,0.21722004
6jk9_BU0_B_501,0,0,0.098240131,0.12140815,0.46220947,0.24758971,0.21722004
6jmd_BVO_A_408,0.99417619,0.99350664,0.11499463,0.12695942,0.99707209,0.28528043,0.24319764
6jmd_ORO_A_402,0.013339302,0.86529912,0.10629188,0.11954551,0.46186247,0.25758082,0.22471227
6jme_BVU_A_409,0.99346171,0.99573727,0.11500321,0.12692591,0.99561846,0.28525591,0.24316249
6jme_ORO_A_402,0,0.85171822,0.10610904,0.11962867,0.46186868,0.25728023,0.22464489
6jq8_CIT_A_302,0.99450081,0.74709195,0.10657275,0.10565878,3.749705e-05,0.25360646,0.20170804
6jws_PT1_A_801,0.99481599,0,0.10576843,0.12885477,0.98923041,0.27374844,0.23421377
6jws_PT1_B_801,0.99679335,0,0.10580976,0.12896315,0.9945555,0.2739243,0.23441631
6jwy_PH2_A_802,0.9927468,0,0.10566808,0.1285387,0.97439447,0.27329617,0.23363634
6jx9_CQC_A_501,0,0.971403,0.10455404,0.10993584,0.030228069,0.24614318,0.20865886
6jyg_FLC_B_401,0.95031269,0.94246707,0.11195995,0.11881938,0.61190516,0.27306535,0.22772325
6jyg_FLC_C_401,0.99005395,0.74389791,0.10668968,0.10627129,0.026896269,0.25429917,0.20275685
6jyg_FLC_E_401,0,0.97840159,0.10643293,0.11635976,0.32452613,0.25474507,0.22033132
6jyg_FLC_E_402,0.0017093796,0.0094643747,0.098334923,0.12138136,0.46220559,0.24771611,0.21729601
6jz4_EVA_A_701,0.97526108,0.59333139,0.10520348,0.10653481,0.021828691,0.25227609,0.20129921
6jz4_EVA_B_701,0.97516707,0.54291179,0.10471856,0.10663001,0.023728291,0.16164414,0.20082443
6jz6_CKX_B_701,0.85205996,0.96911284,0.11406881,0.12727748,0.98261223,0.28302754,0.24295748
6jzh_ZMA_A_2002,0.94377523,0.99274981,0.10862436,0.10535454,2.2099096e-09,0.25584687,0.20404475
6k92_GT0_A_802,0.99321628,0.96383066,0.11456917,0.12650308,0.97320732,0.28424096,0.24200071
6k92_GT0_B_602,0.99388675,0.98208068,0.11441449,0.12530465,0.92029185,0.28292378,0.24006969
6krs_CIT_B_301,0.016753714,0.89600046,0.10659021,0.11946734,0.46184999,0.25796751,0.22496685
6krs_CIT_D_301,0,0.93287703,0.10685885,0.11945911,0.4618362,0.25820362,0.22535239
6krs_CIT_F_301,0,0.89264526,0.10648716,0.11954317,0.4618523,0.25774588,0.22500167
6krs_CIT_G_301,0,0.88727106,0.10643751,0.11955439,0.46185445,0.25768473,0.22495482
6krs_CIT_H_301,0.015301673,0.89309537,0.10655713,0.11947938,0.46185123,0.25791856,0.22494707
6krs_CIT_I_301,0.014972373,0.93918274,0.10698151,0.11938444,0.46183281,0.25843932,0.2253501
6krs_CIT_J_301,0.015352468,0.8965839,0.10658958,0.11947188,0.46184984,0.25795881,0.22497729
6kxh_DY9_A_401,0,0.99549778,0.11073283,0.13102351,0.99642073,0.27439629,0.2469898
6kxh_DY9_B_402,0.024699116,0.99740043,0,0.13093798,0.99782159,0.27469258,0.2469334
6kxh_DY9_C_402,0.025170642,0,0.098348389,0.12130477,0.46220801,0.24786534,0.21712378
6kxh_DY9_D_402,0.99606636,0.99574082,0.10887692,0.10513358,0,0.2564536,0.20387096
6l59_CIT_B_403,0,0.60173941,0.10379952,0.12015095,0.4619687,0.25443606,0.2224657
6l68_ALL_A_201,0,0,0.0066050463,0.12136705,0.46017502,0.2475166,0.21713376
6l68_ALL_A_202,0.00076258625,0,0.098243411,0.12140502,0.46220943,0.24759806,0.21721713
6l7v_3PO_A_302,0,0.90889819,0.10663732,0.11950921,0.4618458,0.2579308,0.22514335
6l86_LMR_A_302,0,0.063331167,0.098825239,0.12127584,0.46218413,0.24831026,0.21777213
6l86_LMR_C_302,0.0034258343,0,0.098254865,0.12139408,0.46220927,0.24762722,0.21720694
6l86_LMR_D_302,0.95079546,0.030345472,0.10070004,0.1106618,0.15227293,0.24937544,0.2016252
6l86_MLT_A_303,0,0,0.098240131,0.12140815,0.46220947,0.24758971,0.21722004
6l8a_BAL_C_504,0.97370188,0.9793028,0.10987684,0.10968876,0.20245014,0.26188401,0.21180053
6l8a_BAL_D_507,0.99811306,0.9740703,0.10994376,0.10963589,0.20411744,0.26214006,0.21172733
6lit_2OH_A_501,0.99498036,0.81148325,0.11329843,0.12727262,0.99420795,0.28313381,0.24149274
6lit_2OH_B_501,0.99754227,0,0.10581129,0.12895405,0.99427985,0.27392452,0.23440257
6lj7_EFR_A_301,0.95921318,0.93139768,0.10812409,0.10541986,4.1916056e-05,0.25531861,0.20345186
6lql_F0C_A_702,0.9818878,0,0.099614676,0.107266,4.1876293e-07,0.24496098,0.19523364
6lx5_C5F_A_503,4.578077e-07,0.77909612,0.10543809,0.1197804,0.46189774,0.25645396,0.2240118
6lx5_C5F_B_501,0.99204312,0,0.10510851,0.12656647,0.88411398,0.27067414,0.23007706
6lx5_C5F_B_502,5.4205958e-07,0.83880029,0.10381233,0.11192835,0.10867837,0.24690513,0.21059662
6ly4_TES_A_501,0.99030392,0.98696943,0.11485124,0.12675353,0.98631157,0.28485199,0.24273083
6m5m_NAG_A_202,0.00024894146,0.96336168,0.10429484,0.10929159,6.1126849e-05,0.24518078,0.2073975
6m5m_NAG_B_202,0,0.96075757,0.10950691,0.12788447,0.84963001,0.26975001,0.24089502
6m92_J8V_A_601,0,0.91713175,0.10671339,0.11949201,0.4618425,0.25802448,0.22521513
6m9b_BTN_A_201,0.9921411,0.98453752,0.11488508,0.12692287,0.99416538,0.28507185,0.24301245
6m9b_BTN_B_201,0,0.97831792,0.11046137,0.1308248,0.99271549,0,0.24636766
6m9b_BTN_D_201,0.99366944,0.96285678,0.11467229,0.12689424,0.99107935,0.28475237,0.24269561
6mae_JBA_A_301,0.96698926,0,0.10552978,0.12854684,0.96993224,0.27288486,0.23355875
6md2_GW9_A_501,0.98498776,0.97140064,0.10859384,0,3.7605267e-07,0.25599457,0.20360855
6mnh_JVD_A_301,0.99653529,0,0.10572456,0.12866577,0.98091392,0.27352645,0.23387908
6mry_FLC_A_101,0.98769566,0.96231771,0.1086328,0.10559507,0.016340912,0.25645457,0.20425594
6mry_FLC_B_101,0.81909782,0.76706195,0.11103477,0.12419543,0.8163096,0.27555028,0.23475846
6mry_FLC_C_102,0.76872413,0.76214548,0.11168567,0.12765268,0.96441395,0.27923139,0.24075149
6mry_FLC_I_102,0,0.29354884,0.10095219,0.12079485,0.46209202,0.25092959,0.21977905
6mwl_K5G_A_301,0,0.98274612,0.10740457,0.11965652,0.47563187,0.25917022,0.22633105
6mwl_K5G_B_301,0.98814662,0.97405846,0.11222196,0.11791451,0.58065383,0.27293443,0.22662137
6n0z_DP6_A_401,0,0.92336664,0.10677099,0.11947898,0.46184001,0.25809541,0.22526948
6n0z_DP6_E_401,0.97835863,0.93371131,0.11383685,0.12524243,0.90992776,0.28190288,0.23929794
6n0z_DP6_F_401,0,0.95159846,0.10703182,0.11942,0.46182871,0.25841662,0.22551559
6n9r_OHN_A_303,0,0,0.098240131,0.12140815,0.46220947,0.24758971,0.21722004
6n9r_OHN_P_308,0,0,0.098240131,0.12140815,0.46220947,0.24758971,0.21722004
6n9r_OHN_X_305,0,0.52429221,0.10308399,0.12031276,0.46199969,0.2535549,0.22179056
6nba_P1T_A_501,0,0,0.098240131,0.12140815,0.46220947,0.24758971,0.21722004
6nba_P1T_C_501,0.98408643,0,0.10571543,0.12887452,0.98811926,0.27359876,0.23421095
6nbw_LAB_A_403,0,0.99437893,0.11072909,0.13104926,0.99749101,0.27441454,0.24702227
6ncx_ADA_A_601,0,0,0.098240131,0.12140815,0.46220947,0.24758971,0.21722004
6ncx_ADA_B_601,0,0,0.098240131,0.12140815,0.46220947,0.24758971,0.21722004
6ncx_ADA_C_601,0,0,0.098240131,0.12140815,0.46220947,0.24758971,0.21722004
6ncx_ADA_D_601,0,0,0.098240131,0.12140815,0.46220947,0.24758971,0.21722004
6ng5_KMD_A_803,0.80596235,0.9844779,0.10787072,0.10579352,0,0,0.20419308
6ng5_KMD_B_803,0,0.9781587,0.10443013,0.10926045,3.2003711e-10,0.24534476,0.20752519
6nga_KL7_A_803,0,0.97926643,0.1043584,0.1091182,7.403723e-07,0,0.20723754
6nga_KL7_B_804,0,0.97054311,0.10435979,0.10927642,4.6654064e-06,0.24525819,0.2074589
6ngp_KKY_B_803,0.96855217,0.98629407,0.10867128,0.10526624,2.9304963e-08,0.25604472,0.20389368
6ngu_KMJ_A_803,0.50490236,0.98193727,0.10663676,0.10717929,1.8426388e-06,0.25091739,0.20562814
6nh0_KND_A_803,0.89640649,0.98166553,0.10831819,0.10557214,1.9893493e-08,0.2552019,0.20412907
6nh0_KND_B_803,0.94546941,0.98536833,0.10856344,0.10536295,3.7608893e-09,0.25578138,0.20397384
6nhd_KNV_B_803,0.61085218,0,0.098018761,0.10878961,5.2273014e-12,0.24089748,0.19665199
6nig_NAG_A_604,0,0,0.098240131,0.12140815,0.46220947,0.24758971,0.21722004
6nig_NAG_A_605,0.092778866,0,0.095790404,0.11091703,1.3892135e-08,0.23522368,0.19863246
6nig_NAG_B_803,0,0,0.098240131,0.12140815,0.46220947,0.24758971,0.21722004
6nig_NAG_C_802,0.030090878,0,0.098369551,0.12128456,0.46220773,0.24791922,0.21710496
6nig_NAG_D_602,3.2248292e-05,0,0.09824027,0.12140802,0.46220947,0.24759006,0.21721992
6nni_CP6_B_203,0.99069624,0.99058239,0.11493405,0.12691382,0.9940562,0.28512169,0.24306643
6nnn_G1P_A_503,0,0.8018727,0.10564852,0.11973281,0.46188862,0.2567131,0.22421036
6nnp_G6P_A_502,0.94313773,0.88132966,0.10759265,0.10559145,0.00010054437,0.25457419,0.20307859
6nsu_DYA_A_402,0,0.90184971,0.1065722,0.11952393,0.46184862,0.2578506,0.22508191
6ny7_L8J_A_303,0.012106808,0,0.098292202,0.12135843,0.46220877,0.24772228,0.21717374
6nyo_U94_A_301,0,0.98537485,0.11021123,0.12952544,0.92698156,0.27227023,0.24416176
6o04_DNA_A_601,6.0293111e-05,0.9909206,0.10446647,0.10909392,4.4221977e-06,0.00040132739,0.20733953
6o04_DNA_C_603,0,0.99207757,0.10455875,0.10923146,0,0.24550324,0.20764669
6o04_DNA_D_603,0.00058579621,0.99178724,2.5848561e-49,0.10921974,1.6718269e-05,0.24547213,0.20761032
6o1s_7SD_E_803,0.93003853,0.96773219,0.11026841,0.11232777,0.31377997,0.26449794,0.21625891
6o2z_LJV_A_500,0.98556962,0,0.1057608,0.1290068,0.99444416,0.27379816,0.23445482
6o2z_LJV_B_500,0.98356638,0,0.10484264,0.12578713,0.84689974,0.26950366,0.22864119
6o5m_G8K_B_506,0.63976748,0,0.098143133,0.10867087,0,0.24121416,0.19654146
6ock_9KL_A_601,0.86336569,0.98199323,0.1081791,0.10570714,0,0.25484377,0.20425824
6ock_9KL_A_602,0.99487708,0.98425859,0.10876632,0.10516458,0.00010056827,0.25631276,0.20377925
6ofr_BOG_A_801,6.755853e-09,0,0.098240131,0.12140815,0.46220947,0.24758971,0.21722004
6ofr_BOG_A_802,0,0.97883327,0.10443806,0.10926508,0.00027605543,0.24536044,0.20754197
6ofr_BOG_A_805,1.6278771e-08,0.15842019,0.099703753,0.12107717,0.46214608,0.24939215,0.21860107
6ofr_BOG_A_806,1.7497465e-10,0,0.098240131,0.12140815,0.46220947,0.24758971,0.21722004
6ofr_BOG_A_807,0.79017682,0,0.098790081,0.10805323,2.4961561e-07,0.24286141,0.19596649
6oha_XAN_A_501,0.0021679904,0.08738534,0.099056797,0.12121668,0.46217438,0.24860768,0.21797353
6ooi_PGA_A_301,0.92030802,0.95526312,0.11396072,0.12605488,0.93821991,0.28233178,0.24082422
6ooi_PGA_B_301,0.98859826,0.97005871,0.11454715,0.12629718,0.96352225,0.28398084,0.2416906
6ooi_PGA_C_302,0,0.96086329,0.11026251,0.13056236,0.97204413,0.27329605,0.24572572
6ooi_PGA_F_301,0.99383737,0.94178934,0.11203125,0.11825293,0.5941182,0.27301924,0.22684918
6ooi_PGA_G_301,0,0.96724684,0.11034533,0.13063361,0.97590874,0.27348064,0.24593392
6ooi_PGA_H_302,0.98955924,0.95599085,0.11420744,0.12556361,0.92883191,0.28282664,0.24019545
6oph_6QB_A_401,0,0,0.098240131,0.12140815,0.46220947,0.24758971,0.21722004
6paf_O6A_A_509,0.98378176,0.96035018,0.1107738,0.11333778,0.36933115,0.26661111,0.21818077
6pdd_O9S_A_803,0.98388279,0.99039585,0.10877512,0.10519474,4.2141736e-09,0.25625931,0.20387088
6pk1_PLP_A_501,0.96975824,0.93649511,0.11385737,0.12538479,0.91508531,0.28198973,0.2395586
6pk1_PLP_B_501,0.9891685,0.93665424,0.1140886,0.12582385,0.93881311,0.28289123,0.24042196
6pmv_M16_A_803,7.8065312e-09,0.965763,0.10431561,0.10928637,4.6073657e-06,0.24520376,0.20741718
6pn9_OU7_A_803,0,0.94792021,0.10699784,0.11942768,0.46183018,0.25837477,0.22548353
6pn9_OU7_B_803,0.53555805,0.95884371,0.10655521,0.10710147,7.8365214e-11,0.25099013,0.2053093
6pna_M16_A_803,0.98512807,0.96987566,0.10859087,0.1052324,1.2825517e-06,0.25603935,0.20368705
6pna_M16_B_803,0.81867137,0.97516257,0.10792375,0.10590492,8.6516959e-07,0.25427654,0.20436951
6png_OSG_A_802,0.98981277,0.97252344,0.10863553,0.10520781,8.5792804e-06,0.25612101,0.20369254
6png_OSG_A_803,0.21349137,0.98210538,0.10582789,0.10994777,0.071864658,0.24980884,0.2095789
6png_OSG_B_801,0.44401434,0.9774117,0,0.11012561,0.12329537,0.25373394,0.21065297
6png_OSG_B_804,0.46300822,0.96980867,0,0.10736633,9.5026989e-06,0.25028551,0.20565001
6po9_OS7_A_803,0.26412292,0.97019309,0.10549258,0.10819245,8.3485485e-12,0.24814667,0.20644599
6po9_OS7_B_804,0.40392794,0.97045118,0.1060963,0.10761781,8.5416241e-12,0.24968072,0.2059138
6ps7_ZMA_A_1201,0,0.96276576,0.10428805,0.10929309,2.6371419e-05,0.24517026,0.20739187
6pvi_OZ7_A_501,0,0,0.098240131,0.12140815,0.46220947,0.24758971,0.21722004
6q4b_HHN_A_301,0.99333107,0.98043184,0.10895161,0.10598557,0.036972606,0.25731998,0.20520652
6q4k_HHW_A_301,0.98913197,0.9802355,0.10870686,0.10520517,0.00049452879,0.25621544,0.20378164
6q4k_HHW_A_302,0.96633229,0.97261115,0.10853566,0.10530515,5.9196144e-05,0.25586633,0.20378507
6q4r_HJ5_A_1009,0,0.78288783,0.10547312,0.11977248,0.46189622,0.2564971,0.22404486
6qa7_HTW_A_901,0,0.99036886,0.10665804,0.11674126,0.34310385,0.2554193,0.22116876
6qaw_HVE_A_402,0,0.97889613,0.11054158,0.13092382,0.99028299,0.27402953,0.24660273
6qdb_HWQ_A_1003,0.98756333,0,0.099639086,0.10724268,7.572648e-09,0.24502313,0.19521192
6qde_HWW_A_502,0,0.92510741,0.10678707,0.11947534,0.46183931,0.25811522,0.22528466
6qde_HWW_A_503,0,0.87217611,0.10629805,0.11958593,0.46186049,0.25751299,0.22482323
6qhu_FAH_A_401,0.95298176,0.95389507,0.11407311,0.12586854,0.93570513,0.28260122,0.24058816
6qli_4LR_A_301,0,0.8430435,0.10602889,0.1196468,0.46187215,0.25718153,0.22456927
6qni_GLC_A_402,0,0,0.098240131,0.12140815,0.46220947,0.24758971,0.21722004
6qnj_GLC_A_402,0.98690736,0,0.099636438,0.10724599,2.8243893e-05,0.24501676,0.19521555
6qo4_97T_A_301,0.33094554,0.99258974,0,0.12964543,0.99576951,0.27793196,0.24563942
6qo4_97T_B_301,0.9439596,0,0.10560153,0.12924758,0.99763953,0.27343499,0.23473996
6qol_JB5_A_301,0.99391945,0.99184126,0.10883646,0.10516758,0.00077986611,0.25640827,0.2038759
6qol_JB5_B_301,0.00073635277,0.99321922,0.10457623,0.10923941,0.00061054468,0.24554198,0.20767793
6qor_JBK_B_301,0.99780293,0.981224,0.10881275,0.10537853,0.010140233,0.25660097,0.20413768
6qot_6SD_A_301,0.99085635,0.99076658,0.11493717,0.12691536,0.9941742,0.28512896,0.24307208
6qqs_JCZ_A_301,0.53484623,0,0.10383676,0.13090956,0.99681659,0.26893066,0.23627143
6qqs_JCZ_B_301,0.92756935,0,0.099381076,0.10748918,6.3193828e-06,0.24436627,0.19544151
6qrn_RIP_A_500,0.026538018,0,0.098354271,0.12129915,0.46220794,0.24788031,0.21711855
6r0i_JNB_A_901,0.99443317,0.99332085,0.1149462,0.12678902,0.98931382,0.28505647,0.24288894
6r5o_BGC_A_801,0,0,0.098240131,0.12140815,0.46220947,0.24758971,0.21722004
6r5o_BGC_B_802,0.066333765,0,0.098525431,0.1211357,0.46220563,0.2483161,0.21696636
6r6i_H50_A_201,0,0.78044657,0.10545057,0.11977758,0.46189719,0.25646932,0.22402358
6r73_LMP_A_301,0,0,0.098240131,0.12140815,0.46220947,0.24758971,0.21722004
6r7w_CIT_A_406,0.96275909,0.72064174,0.10656429,0.10716614,0.060461382,0.25470742,0.20398249
6rbo_JXQ_A_302,0.77378289,0.94318625,0.10743752,0.10616411,0.00037822043,0.25343179,0.20427688
6rbr_JXN_A_302,0.98075432,0.95237674,0.10852868,0.10570674,0.019195882,0.25634804,0.20430834
6rbx_JYT_A_301,0.98338246,0.97331559,0.11215184,0.11778387,0.57371739,0.27267293,0.22635942
6rgg_K3Q_B_401,0.034880406,0,0.098390151,0.12126489,0.46220745,0.24797167,0.21708665
6rgg_K3Q_B_405,0.081699856,0,0.10181366,0.1325077,0.9848106,0.26362025,0.23753
6rgr_RM4_A_402,0.054839278,0.94657568,0.10722128,0.11920525,0.46182754,0.25896,0.22526208
6rgr_RM4_A_403,0.22235516,0.96693027,0.10670224,0.11340833,0.23026258,0.25431998,0.21566207
6rhc_K48_A_305,0.9953123,0.96944913,0.11473169,0.12684331,0.9896873,0.28480511,0.24269195
6rhk_K4B_A_302,0,0.97478261,0.1084162,0.12352445,0.6516732,0.26417731,0.23320715
6rlt_MLI_A_508,0.99526779,0.54215619,0.10836444,0.11915011,0.59734535,0.26857819,0.22348275
6rlt_MLI_B_511,0.96251104,0.38015543,0.10714739,0.12111557,0.66561134,0.26835176,0.22488731
6rq3_OUC_A_401,0.028560803,0.9571468,0.10435886,0.10918711,7.8062697e-06,0.24541854,0.20723291
6rum_TOP_A_301,0.99616858,0.9743454,0.11454011,0.12597606,0.95067302,0.28374047,0.24119212
6s23_KSW_A_402,0.22710281,0.97221637,0.10535205,0.1083403,2.0806847e-06,0.24776433,0.20660525
6s23_KSW_B_402,0.21864376,0.97933453,0.10538147,0.1083603,6.1288765e-06,0.24775286,0.20669988
6s37_SAL_A_601,0.99590925,0.9883116,0.10880759,0.1051497,0,0.25636729,0.20380671
6s39_K5Z_A_301,1.0010585e-05,0.97379937,0.11029374,0.13022182,0.95771196,0.27302842,0.24527313
6s4h_KUQ_A_901,0.99250904,0,0.10307472,0.11933969,0.55387147,0.26111616,0.21704573
6s7u_KZK_A_501,0,0,0.098240131,0.12140815,0.46220947,0.24758971,0.21722004
6s7u_KZK_C_501,0,0,0.10038293,0.12901278,0.80972588,0.25765544,0.23093444
6s9g_L1Q_A_305,0.99700611,0.97132235,0.11454424,0.12607991,0.95528941,0.2838489,0.24134467
6s9g_L1Q_A_306,0.94764216,0.86333119,0.10745863,0.10565629,0.0021964177,0.25447928,0.20298696
6sds_L8N_A_302,0.98422833,0.98793427,0.11487574,0.12692454,0.99307996,0.28499244,0.24302952
6si4_LEK_B_402,0.95633218,0.99317932,0.1086824,0.10530229,9.7879364e-06,0.25598956,0.20400088
6sj8_44V_A_901,0,0,0.098240131,0.12140815,0.46220947,0.24758971,0.21722004
6sj8_44V_B_901,0.99360757,0,0.1030848,0.11935418,0.55474017,0.26115335,0.2170758
6sjs_THH_B_901,0.9801108,0,0.10408179,0.12315387,0.72588721,0.26596157,0.22387992
6sux_BEN_A_302,0.99755928,0.99561953,0.11501985,0.12690967,0.99563407,0.2852999,0.24314642
6sxr_KHP_A_506,0.97275358,0.94644052,0.1083533,0.10544637,0.0052276365,0.25578834,0.203736
6sxr_KHP_A_507,0.98652342,0.93065747,0.11404478,0.12592873,0.94253946,0.28290189,0.24052675
6sxr_KHP_A_513,0,0.96611619,0.1103207,0.13058563,0.97360822,0.27340115,0.24583329
6syz_M1E_B_601,0,0.99006114,0.11067791,0.13101821,0.99566072,0.27431238,0.24691236
6szl_M3E_B_604,0.34560644,0.97528887,0.11200912,0.12956301,0.99260877,0.2778408,0.24534184
6szt_M4Q_A_601,0,0.30764856,0.10108245,0.12076539,0.46208637,0.25109001,0.21990197
6szt_M4Q_B_601,0.037841621,0.98712058,0.10469499,0.10915482,0.0031281087,0.24595181,0.20758218
6t02_M5E_A_602,0.00016206908,0,0.098240828,0.12140749,0.46220946,0.24759148,0.21721942
6t02_M5E_B_601,0,0.99082976,0.10510414,0.11121052,0.090342279,0.24810514,0.2112002
6t07_M45_B_601,0.00023881849,0,0.098241158,0.12140717,0.46220946,0.24759232,0.21721913
6t0a_M58_A_601,0.0026412827,0.99388745,0.10454621,0.10912099,0.0038696588,0.24541315,0
6t0a_M58_B_601,0.88004269,0,0.099176614,0.1076842,0,0.24384559,0.19562295
6t0m_GOZ_A_305,0,0.98022933,0.10760837,0.12046755,0.51246344,0.26020813,0.22776225
6t10_M6Z_B_601,0,0,0.098240131,0.12140815,0.46220947,0.24758971,0.21722004
6t5p_VD8_A_302,0.99121313,0.88937562,0.11396795,0.12700499,0.98868421,0.28381947,0.2419691
6t5p_VD8_B_302,0,0.97990153,0.10958817,0.12750514,0.83411429,0.26951868,0.24044995
6t5p_VD8_C_302,0,0.88272155,0.10639547,0.1195639,0.46185627,0.25763297,0.22491516
6t5p_VD8_D_302,0.99554728,0.96797953,0.1147315,0.12688935,0.99169574,0.28484911,0.24275746
6t9c_MX8_A_501,0,0.9766465,0.10441616,0.1092636,0,0.24532754,0.20751199
6tbx_N0Z_A_302,0,0.98603214,0.10447391,0.10918956,0.0057607347,0.24534953,0
6tbx_N0Z_B_302,0.99118029,0.98663721,0.10930156,0,0.087669676,0.25877369,0.20717548
6tbx_N0Z_C_303,0.99274841,0,0.10052023,0.11026934,0.13931925,0.24911428,0.20068887
6tfb_N6W_B_202,0.074752336,0.95043155,0.10734255,0.1191154,0.46182485,0.25922193,0.22521954
6tgi_N8Z_A_508,0.99346529,0,0.099780667,0.10763081,0.018848965,0.24563359,0.19593304
6tgl_LVP_B_201,0.98485135,0.98655078,0.10874377,0.10519882,1.9877009e-06,0.2562262,0.20383369
6to7_SUV_A_401,0,0.9844912,0.11063927,0.13107534,0.9977419,0.27430923,0.24694586
6to7_SUV_B_401,0,0.98395451,0.11063188,0.13106784,0.99734801,0.27429171,0.24692563
6tof_NQE_A_201,0.99410309,0.98998999,0.10881533,0.10515362,1.8441739e-07,0.25636663,0.20382827
6tog_NQH_A_201,0.97943118,0.99100723,0.11482273,0.12672215,0.98322104,0.28468939,0.24268571
6toj_NQQ_A_201,0.97418721,0.98904011,0.11150506,0.11511818,0.45164225,0.26921624,0.22171542
6tol_NQW_A_201,0,0,0.098240131,0.12140815,0.46220947,0.24758971,0.21722004
6tor_PMP_A_504,0.98598829,0.98341715,0.10871969,0.10520063,0,0.25620291,0.20380191
6tor_PMP_B_504,0,0,0.098240131,0.12140815,0.46220947,0.24758971,0.21722004
6tot_NRK_B_401,8.9394841e-07,0.97663485,0.10951197,0.12734866,0.82665079,0.26926537,0.24012697
6tt4_FT8_A_709,0.99238354,0.93501598,0.11439646,0.12691127,0.98896537,0.28436008,0.2423741
6u30_PQM_A_501,0.88886852,0.96138617,0.10809838,0.10564534,0,0.25488844,0.20398088
6u6c_P1T_B_502,0.97466412,0.93687847,0.11427132,0.12674543,0.97823644,0.28387654,0.24203479
6u6c_P1T_F_805,0,0,0.098240131,0.12140815,0.46220947,0.24758971,0.21722004
6ufd_Q6D_A_305,0.99286006,0.97896061,0.11233172,0.11804175,0.58782142,0.27324942,0.22692893
6uo7_QCP_A_504,0.9840092,0.95007497,0.11378588,0.12438136,0.87318732,0.28108715,0.2379696
6uqd_QF4_B_501,0,0.9267378,0.10680213,0.11947194,0.46183866,0.25813377,0.22529887
6ur0_ETM_A_401,0.75018752,0.76054029,0.10564594,0.10663319,0,0.25108285,0.20275789
6ur0_ETM_B_401,0.98154439,0.96809039,0.10858577,0.10534601,0.004351588,0.25610575,0.20385681
6uvj_QJ1_A_205,0.90871613,0.99132732,0.11451831,0.12700047,0.98269995,0.2839035,0.24293827
6uxr_K6G_B_202,0,0.89948728,0.10655037,0.11952887,0.46184956,0.25782372,0.22506132
6v9f_QTS_B_2001,0.99519611,0.99388312,0.1105787,0.11125472,0.2794519,0.26451522,0.2148837
6vei_9UO_B_502,0,0.97717331,0.1104255,0.13057193,0.97403451,0.27353939,0.24594662
6vlu_CIT_A_701,0.32936247,0.5216739,0.10447639,0.11896544,0.46198165,0.2571318,0.22050812
6vmz_NAG_C_402,0,0,0.098240131,0.12140815,0.46220947,0.24758971,0.21722004
6vmz_NAG_E_402,0,0,0.098240131,0.12140815,0.46220947,0.24758971,0.21722004
6vmz_R3P_C_404,1.4709773e-07,0.95983833,0.10426084,0.10929861,0,0.24513617,0.20736528
6vmz_R3P_E_403,2.4401517e-07,0.94925063,0.10701013,0.1194249,0.46182965,0.25838991,0.22549513
6vo2_R67_A_403,0,0.85925299,0.10617865,0.11961293,0.46186566,0.25736595,0.22471057
6vv1_RMJ_A_501,0,0.97525195,0.10440344,0.10926712,2.8041633e-05,0.24531248,0.20750093
6w0x_S6J_A_301,0.96992206,0,0.10407701,0.12333427,0.7322208,0.26603339,0.22416875
6w0x_S6J_B_301,0.98126651,0,0.10530222,0.12762726,0.93755264,6.3441516e-09,0.23190251
6wdv_TWM_A_701,0.9648928,0.86864687,0.11336437,0.12609575,0.94020952,0.28189148,0.23997624
6wdw_TWV_A_701,0,0.91347871,0.10667964,0.11949964,0.46184396,0.25798291,0.22518329
6wiw_I14_A_601,0.97131085,0.89293307,0.10862022,0.10828779,0.12974085,0.25876894,0.20818707
6wiw_I14_B_601,0.95102656,0.84863349,0.10732385,0.10562504,3.7073442e-06,0.2542855,0.20275922
6x9d_HYP_A_2002,0.97339818,0,0.10573563,0.12915324,0.9988529,0.27379253,0.2346753
6x9d_HYP_B_2002,0.96682013,0,0.10570904,0.12918629,0.99912904,0.27372848,0.23471134
6xeb_V1P_A_411,0,0,0.098240131,0.12140815,0.46220947,0.24758971,0.21722004
6xim_XLS_B_397,0,0.96626568,0.10757385,0.12083209,0.52779664,0.26049315,0.22824533
6xim_XLS_C_397,0,0.96518031,0.1043102,0.10928748,0,0.24519699,0.20741191
6xim_XLS_D_397,0.99130531,0.97127908,0.11102886,0.11371603,0.38907336,0.26738963,0.21902633
6xp1_T2C_A_401,0.9852694,0.98470695,0.11472552,0.12648379,0.97282158,0.28438045,0.24219809
6xu3_GAB_B_402,0.0051727137,0.99025138,0.10463349,0.1094602,0.011252634,0.24586495,0.20805494
6xu3_PLG_B_401,0,0.97019812,0.10981635,0.1286534,0.88567603,0.27090131,0.2423996
6xu3_PLG_C_401,0.98334706,0.93084,0.11429686,0.12687849,0.98537327,0.28410955,0.24223047
6xzx_O5H_A_302,0.86854814,0.98847073,0.11342901,0.12401236,0.83830471,0.2792497,0.23736985
6xzx_O5H_B_302,0.97270403,0.98645791,0.11293,0.12029396,0.6876984,0.27600625,0.23101202
6yaw_P9H_A_301,0,0.95287341,0.1070436,0.11941733,0.4618282,0.25843113,0.22552671
6yaw_P9H_B_502,0,0.96220098,0.10747256,0.12061437,0.51745813,0.26014749,0.22780195
6yk5_PVK_A_312,0.99633508,0,0.10582554,0.129028,0.99743363,0.27400263,0.23453162
6yk6_OUB_A_311,0.99551536,0,0.1058054,0.12897243,0.99473959,0.27391564,0.23442846
6ypv_AKG_A_302,0.99691914,0.95992978,0.11383536,0.12396317,0.85743381,0.28088456,0.23738472
6yta_IYZ_A_702,0.98236373,0.9046758,0.11358147,0.12527121,0.90923012,0.28159594,0.23900166
6zac_QDE_A_4000,0,0.9478002,0.10699673,0.11942793,0.46183023,0.25837341,0.22548248
6zi7_QR8_A_502,0,0.92625916,0.10679771,0.11947294,0.46183885,0.25812832,0.2252947
6zi7_QR8_B_502,0.92980244,0.92592633,0.11408135,0.12732226,0.99513931,0.28375,0.24277758
6zi7_QR8_D_502,2.0707183e-06,0.90169411,0.10657077,0.11952425,0.46184868,0.25784885,0.22508055
6zjw_GAL_A_1101,0.99808136,0.95277401,0.10858754,0.10556613,0.016058939,0.25645149,0.20412181
6zjw_GAL_A_1102,0.080685273,0.99699921,0.10495252,0.10889431,0.00020239148,0.24644878,0.20738919
7a2h_QX2_A_401,0,0.9754679,0.10442444,0.10933409,0.0031100341,0.24540418,0.20762441
7bp1_CAQ_A_401,0.99365204,0.99648061,0.11501676,0.12694436,0.99656832,0.28529396,0.24320573
7bp1_CAQ_C_401,0.99441545,0.99556071,0.11499643,0.12688952,0.99411729,0.28522087,0.24309808
7bp1_CAQ_D_401,0.98569628,0.99593816,0.10883414,0.10517575,0,0.25634228,0.20391232
7bqu_EF2_A_501,0.78958698,0.99578968,0.1141361,0.12779606,0.99712986,0.28306749,0.24400194
7bzm_GIM_A_501,0.99316825,0.84724148,0.11301168,0.12504294,0.89535569,0.28065856,0.23791162
7bzm_GIM_B_501,0,0.8692706,0.1062712,0.119592,0.46186165,0.25747993,0.2247979
7c7g_FJR_A_402,0.99076541,0,0.099663411,0.10726698,0.0017118082,0.24510776,0.19526722
7c7g_FJR_B_402,0.99153711,0.99128371,0.1087759,0.10506584,0.0037554411,0.25621413,0
7cne_SIN_A_402,0,0.73499798,0.10503068,0.11987254,0.46191538,0.25595223,0.22362738
7cwd_GLC_A_901,0,0.99043121,0.10462974,0.10954081,0.013983677,0.24588943,0.20818404
7est_0Z2_E_1,0.97246926,0.94813664,0.11411105,0.12582651,0.93689354,0.28278349,0.24051029
7jis_VBS_A_1101,0.99470933,0.99448006,0.10885943,0.10514178,0,0.25642439,0.20386514
7kje_NRD_A_405,0,0.66866689,0.10441785,0.12001112,0.46194192,0.25519754,0.22304914
7kjg_BTM_A_406,0.98037926,0.97567133,0.10862399,0.1052398,0,0.25605329,0.20375574
8cpp_TCM_A_422,0.078946401,0.99610981,0.10520593,0.10985832,0.043855689,0.24768371,0.2091104
8icd_ICT_A_418,0.86263823,0.93969954,1.034521e-17,0.10647425,0.03138311,0.25522739,0.20509692
