PDB_CCD_ID,surfdock,unimol,diffdock,diffdock_l,gnina,autodock,smina
19gs_BSP_A_210,0.007388756,0.98557239,0.045113057,0.15022918,0.53342152,0.1482431,0.173484
19gs_BSP_B_210,0.0053721136,0.98854669,0.04507315,0.15034839,0.53341556,0.14829123,0.17342088
1a49_OXL_D_2333,0.99569192,0.96645288,0.017440168,0.20006011,0.54535838,0.22229502,0.20948018
1a49_OXL_F_4133,0.9892019,0.87115368,0.020754948,0.19255202,0.54468217,0.21533174,0.20890796
1a59_CIT_A_379,0,0.93714712,0.046914573,0.1462018,0.53302801,0.14439289,0.17304395
1ac4_TMT_A_296,0,0.98176216,0.045449739,0.14955915,0.53330752,0.14742115,0.17320097
1aer_TIA_B_700,0,0,0.07768369,0.075679982,0.52715691,0.080783687,0.16974576
1aia_PMP_A_411,0.21621794,0,0.071492163,0.086896611,0.52979462,0.097268456,0.17763561
1aia_PMP_B_411,0.2344142,0,0.070971103,0.087840569,0.5300166,0.098655765,0.1782996
1aiq_CB3_A_266,0.93128278,0,0.051015866,0.12399167,0.53851793,0.15178603,0.20372854
1aiq_UMP_B_266,0.96432939,0,0.050069557,0.12570601,0.53892108,0.15430555,0.20493442
1aj8_CIT_B_2000,0.060059918,0.94422312,0.044962398,0.14984998,0.53380503,0.14945223,0.17526046
1ajs_PLA_A_415,0.9487998,0.96056931,0.018976125,0.19718477,0.54474947,0.21832055,0.20774837
1amq_PMP_A_413,0,0,0.07768369,0.075679982,0.52715691,0.080783687,0.16974576
1anc_BEN_A_290,0,0.96829228,0.045891992,0.14854552,0.53322313,0.14650688,0.17315357
1aog_MAE_A_500,0,0,0.07768369,0.075679982,0.52715691,0.080783687,0.16974576
1aog_MAE_A_501,0.99516562,0.89660671,0.019748481,0.19477678,0.54491438,0.21751406,0.20921516
1aua_BOG_A_2,0.54072269,0.5978431,0.042546465,0,0.59060078,0.16134421,0.16308247
1axg_ETF_A_404,0,0.95193289,0.046429116,0.14731445,0.53312064,0.14539648,0.17309599
1axg_ETF_B_404,0.99135464,0.98447323,0.016972711,0.20119117,0.54541836,0.22318748,0.20938533
1axg_ETF_C_404,0.99069673,0.96246439,0.017714161,0.19950084,0.54527245,0.22164346,0.20928387
1axg_ETF_D_404,0.41097855,0.97108532,0.034031679,0.17007583,0.53825429,0.17803006,0.18816012
1bcs_ARG_A_426,0,0,0.07768369,0.075679982,0.52715691,0.080783687,0.16974576
1bit_BEN_A_246,0.97175269,0.94326616,0.018886965,0.19707339,0.54492108,0.21889605,0.20852503
1bit_BEN_A_247,0.010075766,0.83814091,0.049876694,0.13927412,0.53253067,0.138441,0.17306318
1bo8_U_A_318,0.95434796,0,0.050355381,0.12518821,0.53879931,0.15354455,0.20457019
1bqp_MAN_B_401,0.97770897,0.96333196,0.018057589,0.19889237,0.54511945,0.22071214,0.208813
1bqp_MAN_C_402,0,0.97204432,0.045768802,0.14882787,0.53324664,0.14676155,0.17316677
1c3s_SHH_A_952,0.96309139,0.90306974,0.020454745,0.19359923,0.54456359,0.21550736,0.20806751
1c9c_PP3_A_413,0,0,0.07768369,0.075679982,0.52715691,0.080783687,0.16974576
1ca7_ENO_B_601,0.97789674,0.95974611,0.018169945,0.19863227,0.54509927,0.22048307,0.20880723
1cdk_MYR_A_403,0.97867701,0,0.049658705,0.12645032,0.53909611,0.15539944,0.20545797
1cdk_MYR_B_403,0.9745238,0.88011681,0.02088098,0.19246506,0.54455926,0.21482104,0.2084039
1cgk_NAR_A_390,0,0,0.07768369,0.075679982,0.52715691,0.080783687,0.16974576
1cib_HDA_A_437,0,0.93051469,0.047132334,0.1457027,0.53298646,0.14394271,0.17302061
1cib_IMP_A_440,0,0,0.077566312,0.035152469,0.72621775,0.076156886,0
1ck6_SHA_A_900,0.98848707,0.98775244,0.01694716,0.20128918,0.54540392,0.22319143,0.20929224
1cq1_BGC_A_455,0.11433033,0.96862762,0.042607066,0.15450182,0.53461998,0.15524635,0.17732669
1cq1_BGC_B_455,0.66765475,0.94477314,0.027545508,0.18141126,0.54122073,0.19581347,0.19743371
1d3g_ORO_A_399,0.20925065,0,0.071691676,0.086535172,0.52970963,0.096737259,0.17738137
1d6u_HY1_A_2001,0.99426473,0.99667157,0.016488874,0.20226008,0.54553028,0.22423731,0.20953446
1d6u_HY1_B_3001,0.99514332,0.99613863,0.016481213,0.20226555,0.54553766,0.22426813,0.20956464
1d6u_PEA_A_2003,0.99015159,0.97472167,0.017327331,0.20039494,0.54534259,0.22243387,0.20930712
1d7a_AIR_A_300,0.67609753,0.96195378,0.026739657,0.18314211,0.54143136,0.1976233,0.19780226
1d7a_AIR_C_400,0,0.9257566,0.047288555,0.14534465,0.53295665,0.14361976,0.17300387
1d7a_AIR_D_450,0.97994517,0.91292722,0.01964848,0.19521534,0.54483095,0.21746139,0.2087172
1daf_DSD_A_225,0.87448279,0.98706643,0.020234262,0.19532341,0.54400885,0.21445301,0.20512977
1dai_DSD_A_225,0.89260721,0.98709623,0.01971428,0.19626589,0.54423014,0.21583687,0.20579124
1diw_GAL_A_1400,0,0.97379023,0.045711479,0.14895925,0.53325757,0.14688006,0.17317292
1dna_CB3_A_601,0,0,0.07768369,0.075679982,0.52715691,0.080783687,0.16974576
1dna_CB3_B_602,0.91066295,0,0.051606327,0.12292198,0.53826639,0.15021395,0.20297611
1dpm_EBP_A_901,0.00036292408,0.9780366,0.045561666,0.14929763,0.5332886,0.14719595,0.1732011
1dpm_EBP_B_902,0.75421767,0.91797723,0.025946512,0.18388541,0.54210886,0.20059437,0.20049811
1dpm_EBP_B_903,0.52375776,0.59858029,0.043037663,0.14654032,0.54385239,6.6574301e-06,0.18743956
1dxy_COI_A_404,0.96684591,0.94556853,0.018951881,0.1969921,0.54487564,0.21867823,0.20835408
1dy3_87Y_A_201,0,0.97766173,0.045584367,0.14925059,0.53328183,0.14714283,0.17318654
1e26_GPB_A_208,0.61697191,0.98369541,0.027718915,0.18171098,0.54084627,0.1945912,0.19572126
1e2j_THM_A_500,0.98420793,0,0.049500324,0.12673724,0.53916359,0.15582112,0.20565979
1e2j_THM_B_500,0.98410595,0,0.049503244,0.12673195,0.53916234,0.15581335,0.20565607
1e48_13P_P_302,0.85673679,0,0.053150534,0.12012448,0.53760852,0.14610254,0.20100833
1e5f_PLP_A_405,0.4238894,0,0.065545371,0.097669878,0.53232807,0.11310163,0.1852136
1e5f_PLP_B_405,0.39337695,0,0.066419112,0.096086999,0.53195584,0.11077531,0.1841002
1e7h_PLM_A_1001,0.96268238,0.97538283,0.01809222,0.19901969,0.54501163,0.22038445,0.20830708
1e7h_PLM_A_1007,0.99092652,0.96956467,0.017474459,0.20004707,0.54531974,0.22214291,0.20931724
1e8g_FCR_B_601,0.99606219,0.97599423,0.066889575,0.20061088,0.54541221,0.22276607,0.20946531
1ei6_PPF_A_410,0.97993212,0.83340009,0.022259948,0.18923012,0.54433256,0.21206246,0.20843684
1ei6_PPF_C_413,0,0.85570918,0.049588405,0.14007347,0.53251781,0.13886526,0.17275734
1ei6_PPF_D_412,0.99636031,0.88534888,0.020083895,0.19399158,0.54485843,0.21684102,0.20921913
1eow_U2G_A_130,0,0,0.07768369,0.075679982,0.52715691,0.080783687,0.16974576
1eyw_PEL_A_404,0.0035114931,0.96758981,0.045814502,0.14867483,0.53326157,0.14672692,0.17327923
1eyw_TEN_A_403,0.98636349,0,0.049438598,0.12684906,0.53918988,0.15598547,0.20573845
1fdk_GLE_A_150,0,0,0.07768369,0.075679982,0.52715691,0.080783687,0.16974576
1fds_EST_A_350,0.99721255,0.83103234,0.021842852,0.18994839,0.54452854,0.21321924,0.20905907
1fhv_OSB_A_789,0.9865647,0.94487042,0.018410143,0.19796251,0.54511182,0.22013423,0.20907117
1fk1_DAO_A_201,0.94505784,0.97035544,0.018761972,0.19772707,0.54476513,0.21869949,0.20764626
1foi_14W_A_810,0,0.99540042,0.045001957,0.15058546,0.53339296,0.14834686,0.17324897
1foi_14W_B_810,0,0.99301916,0.04508014,0.15040626,0.53337804,0.14818523,0.17324059
1fp2_HMO_A_2000,0,0.92100725,0.047444489,0.14498725,0.53292689,0.14329739,0.17298715
1fqo_F6R_A_1268,0.93841667,0,0.050811583,0.12436175,0.53860496,0.15232993,0.20398886
1fqo_F6R_B_2268,0.94851056,0.94831394,0.019386785,0.19624753,0.54466916,0.21746666,0.20769468
1fs5_16G_A_1267,0.52375608,0.59857879,0.04303776,0.14654007,0.54385262,4.6027592e-08,0.18743935
1fs5_16G_B_2267,0.017154785,0,0.077192452,0.076569912,0.52736619,0.082091593,0.17037174
1fsa_F6P_B_338,0.96123392,0.97265526,0.015627286,0.95619859,0.27384319,0.23267301,0.35560768
1fuq_CIT_B_1002,0.42350044,0.9669304,0.033809525,0.17041276,0.53838102,0.17870273,0.18860243
1fuy_FIP_A_269,0,0.97591356,0.045641764,0.14911904,0.53327088,0.14702418,0.17318039
1fwn_PEP_A_1268,0,0.97246389,0.045755027,0.14885944,0.53324926,0.14679003,0.17316825
1g4s_TPS_A_2001,0.98867079,0.9833517,0.017086387,0.20096755,0.5453786,0.22290673,0.20928345
1g6n_CMP_A_621,5.0567369e-07,0.99572185,0.044991389,0.15060967,0.53339498,0.14836871,0.17325012
1g6n_CMP_B_622,0,0.99243928,0.04509918,0.15036262,0.53337441,0.14814587,0.17323855
1g6t_S3P_A_601,0.99198286,0.96177999,0.017699803,0.19951606,0.54528386,0.22169506,0.20932839
1g72_PQQ_A_701,0,0,0.07768369,0.075679982,0.52715691,0.080783687,0.16974576
1g72_PQQ_C_703,7.0264733e-06,0,0.077683488,0.075680346,0.52715699,0.080784223,0.16974601
1g79_PLP_A_260,8.7059167e-05,0.90095242,0.048100452,0.14348261,0.53280232,0.1419428,0.17291975
1g79_PLP_A_270,3.2833526e-06,0.002583767,0.077598764,0.075874585,0.52717314,0.080959312,0.16975497
1g8z_GAL_F_104,0.98978258,0.97660964,0.017275911,0.20051787,0.54534992,0.22253388,0.20930029
1g8z_GAL_G_104,0.99236488,0.95916607,0.017774686,0.19933917,0.54527214,0.22154677,0.20933313
1g8z_GAL_H_104,0.96352562,0.96128231,0.018531032,0.19800235,0.54493358,0.21949166,0.20828823
1gck_PLP_A_413,0,0,0.07768369,0.075679982,0.52715691,0.080783687,0.16974576
1gck_PLP_B_913,0,0,0.07768369,0.075679982,0.52715691,0.080783687,0.16974576
1gij_2PU_A_501,0.89587387,0,0.052029821,0.12215478,0.53808597,0.14908641,0.20243646
1gim_HDA_A_438,0.54072269,0.5978431,0.042546465,0,0.59060078,0.16134421,0.16308247
1gim_IMP_A_440,0,0,0.07768369,0.075679982,0.52715691,0.080783687,0.16974576
1giu_ADE_A_300,0.98646955,0,0.049435561,0.12685457,0.53919118,0.15599355,0.20574232
1gkc_NFH_A_1448,0.99085417,0.97566059,0,0.20059217,0.54532707,0.22264322,0.20938226
1gkc_NFH_B_1449,0.96347199,0.93849705,0.019280671,0.19628494,0.54479018,0.21794101,0.20820608
1gsi_TMP_A_1210,0.97981491,0,0.049841775,0.16804674,0.32520119,0.16000051,0.31537645
1gsq_GDN_A_203,0.73101184,0.95409597,0.025425147,0.18539956,0.54205205,0.2012767,0.19977844
1gxu_2HP_A_1092,0.56624632,0.62895653,0.040819252,0.15238339,0.53800539,0.16664383,0.19262054
1gz5_G6P_A_901,0.70041485,0.97877921,0.025490891,0.18566975,0.54183342,0.20061933,0.19874882
1gz5_G6P_C_901,0,0.95979779,0.046170889,0.1479063,0.53316991,0.14593031,0.17312367
1gz5_G6P_D_901,0.82702458,0.97549452,0.021973193,0.19199064,0.5433574,0.21004928,0.20335728
1gz5_UDP_C_900,0.95703959,0.95589697,0.018893579,0.19726062,0.54482072,0.21863163,0.2080326
1h0v_UN4_A_1299,0,0.93373407,0.047026633,0.14594496,0.53300663,0.14416123,0.17303194
1h18_DTL_A_9009,0.99448401,0,0.049206062,0.12727033,0.53928895,0.15660459,0.20603477
1h18_DTL_A_9010,0.99086552,0,0.04930968,0.12708261,0.5392448,0.15632871,0.20590273
1h18_DTL_B_9009,0.99240068,0,0.04926572,0.12716225,0.53926353,0.15644575,0.20595875
1h18_DTL_B_9010,0.97209303,0,0.049847241,0.12610876,0.53901579,0.15489746,0.20521772
1h18_PYR_B_1001,0,0,0.07768369,0.075679982,0.52715691,0.080783687,0.16974576
1h1i_QUE_A_1358,0.99344516,0.99337223,0.016620669,0.20196928,0.54549962,0.22395089,0.20949294
1h1i_QUE_C_1358,0,0,0.07768369,0.075679982,0.52715691,0.080783687,0.16974576
1h1i_QUE_D_1357,0.99102434,0,0.049305132,0.12709085,0.53924674,0.15634081,0.20590852
1h1m_KMP_A_1360,0,0.98834119,0.045233731,0.15005424,0.53334873,0.14786771,0.17322413
1h1m_KMP_B_1358,0.52375607,0.59857878,0.043037761,0.14654007,0.54385262,0,0.18743935
1h1m_KMP_C_1358,0,0.98772055,0.045254108,0.15000753,0.53334484,0.14782558,0.17322194
1h48_C5P_B_901,0,0.95327625,0.046385009,0.14741554,0.53312906,0.14548766,0.17310072
1h48_C5P_C_901,0.97232855,0.97198425,0.017927582,0.19926435,0.54510802,0.22088921,0.20864711
1h48_C5P_D_204,0.98369946,0.92967262,0.018991176,0.19667021,0.54498166,0.21888422,0.20891313
1h48_C5P_E_901,0.98758089,0.95238654,0.018134268,0.19858083,0.54517131,0.22072187,0.2091347
1h48_CDI_A_201,0,0,0.07768369,0.075679982,0.52715691,0.080783687,0.16974576
1h48_CDI_D_201,0,0.91815537,0.047538125,0.14477264,0.53290903,0.14310382,0.17297711
1h48_CDI_E_902,0.96100581,0.97437693,0.018173257,0.19885702,0.54498488,0.22018835,0.20824236
1h48_CDI_F_902,0,0,0.07768369,0.075679982,0.52715691,0.080783687,0.16974576
1h48_GPP_C_904,0.96648463,0.051061276,0.048331359,0.12966026,0.53926726,0.15793567,0.20519277
1h48_GPP_E_904,0,0.83435966,0.050289368,0.13846688,0.53238406,0.13741615,0.1726822
1h5r_G1P_A_1294,0.56709074,0.4854717,0.045512898,0.14161617,0.53711962,0.15695085,0.19213465
1h5r_G1P_B_1294,0.9828736,0.94365805,0.018555645,0.1976798,0.5450592,0.21977053,0.20893221
1h5r_G1P_C_1294,0,0.97273598,0.045746093,0.14887992,0.53325097,0.1468085,0.17316921
1h5r_G1P_D_1294,0,0,0.07768369,0.075679982,0.52715691,0.080783687,0.16974576
1h5r_THM_A_1293,0.98071657,0,0.049600301,0.12655612,0.53912099,0.15555494,0.20553239
1h5r_THM_B_1293,0.98383148,0,0.049511104,0.12671771,0.53915899,0.15579242,0.20564605
1h5r_THM_C_1292,0,0,0.07768369,0.075679982,0.52715691,0.080783687,0.16974576
1h5r_THM_C_1293,0,0,0.07768369,0.075679982,0.52715691,0.080783687,0.16974576
1h5r_THM_D_1292,0.98919434,0,0.049357535,0.12699592,0.53922442,0.15620129,0.20584175
1h5r_THM_D_1293,0.45179086,0,0.064746396,0.099117308,0.53266845,0.11522888,0.18623174
1h69_ARH_A_1275,0,0,0.07768369,0.075679982,0.52715691,0.080783687,0.16974576
1h69_ARH_B_1275,0,0,0.07768369,0.075679982,0.52715691,0.080783687,0.16974576
1h69_ARH_C_1275,0,0,0.07768369,0.075679982,0.52715691,0.080783687,0.16974576
1h70_CIR_A_500,0,0,0.077202622,0,0.98628454,0.071637301,0
1h7q_TYD_A_1258,0.55942237,0,0.061664305,0.10470085,0.53398149,0.12343486,0.19015924
1h82_GZZ_B_590,0.95906774,0.96076084,0.018675808,0.19773184,0.54487593,0.21911639,0.20812372
1h82_GZZ_C_590,0,0.95350798,0.046377401,0.14743298,0.53313051,0.14550339,0.17310153
1h8p_PC_A_1111,0.071628614,0.90533677,0.045907867,0.14752386,0.53370254,0.14769482,0.17554575
1h8p_PC_B_1111,0,0.9354496,0.046970307,0.14607406,0.53301737,0.14427767,0.17303798
1hdi_3PG_A_419,0.99369566,0.95282995,0.01794461,0.19893141,0.54524868,0.22121816,0.20935939
1hkn_N2M_C_4138,0.9783261,0.98289347,0.017397659,0.20039642,0.54524953,0.22208694,0.20890436
1ho5_ADN_A_1604,0.98369689,0.94587035,0.01931715,0.26563949,1.1532432e-06,0.22615732,0.018576343
1ho5_ADN_B_2604,0.97807602,0.97888497,0.01753643,0.2000818,0.54522136,0.22179579,0.20888113
1hot_16G_A_269,0.00032804334,0.97630555,0.0456195,0.14916555,0.53327733,0.14707579,0.17319374
1hot_16G_B_271,0.27312227,0.968443,0.038066028,0.16272549,0.53655598,0.16734035,0.18312041
1hq2_PH2_A_181,0.99671125,0.96316756,0.017518845,0.19986577,0.54535023,0.22214974,0.20950582
1hsb_ALA_A_1001,0,1.1247562e-05,0.07768332,0.075680828,0.52715698,0.08078445,0.1697458
1hsr_BHO_A_800,0.99664928,0.99188539,0.016577734,0.20202362,0.54552939,0.22409425,0.20960462
1i8a_BGC_A_189,0.068665263,0.89975852,0.046175874,0.14695036,0.53363144,0.14709027,0.17541798
1ia1_TQ3_A_194,0.99704587,0,0.049132702,0.12740323,0.5393202,0.1567999,0.20612825
1ia1_TQ3_B_196,0,0.96735884,0.045922639,0.14847528,0.53321728,0.14644352,0.17315028
1if4_FBS_A_555,0.99666889,0.98795365,0.016706262,0.20172876,0.545505,0.22382888,0.2095915
1ij8_BNI_A_501,0.74154892,0.95511663,0.0250899,0.186023,0.54218699,0.20214934,0.20016653
1iki_DAL_A_500,0.63914911,0,0.059381284,0.1088368,0.5349541,0.12951334,0.19306849
1iri_E4P_A_601,0.99636509,0.95515978,0.017791675,0.19924521,0.54529584,0.22157982,0.209465
1iri_E4P_C_603,0.99298605,0.96082443,0.017702449,0.19949619,0.54529011,0.22170669,0.20936164
1iri_E4P_D_604,0.99168967,0.97216147,0.017367346,0.20028207,0.54534532,0.22237736,0.20935423
1isx_XYP_A_1461,0.032025759,0.96506034,0.045081029,0.1499637,0.53359357,0.1487292,0.17431082
1itw_ICT_A_743,0.98770296,0.92865869,0.018909823,0.1968016,0.54502414,0.21912064,0.20905565
1itw_ICT_C_743,0.99213665,0.83316803,0.021918083,0.18984578,0.54448,0.2129772,0.20888137
1iwe_IMP_A_460,0,0,0.07768369,0.075679982,0.52715691,0.080783687,0.16974576
1iwe_IMP_B_1443,0.97852813,0,0.050509943,0.19065447,0.011203601,0.16115937,0
1iwe_IMP_B_1452,0,0,0.07768369,0.075679982,0.52715691,0.080783687,0.16974576
1ixo_G3P_A_1001,0.86584543,0,0.052889703,0.12059701,0.53771964,0.14679699,0.20134071
1ixo_G3P_D_1004,0,0,0.07768369,0.075679982,0.52715691,0.080783687,0.16974576
1j0n_CEG_A_780,0,0,0.07768369,0.075679982,0.52715691,0.080783687,0.16974576
1j0y_BGC_A_1601,0.99715808,0.97425925,0.017141879,0.20072362,0.54542517,0.22293666,0.20956116
1j0y_BGC_B_2601,0.9543416,0.98244992,0.018099031,0.19911881,0.54495415,0.22022822,0.2080276
1j0y_BGC_C_3601,0.99731894,0.97767278,0.017025197,0.20098883,0.54544852,0.22318062,0.20957904
1j0y_BGC_D_4601,0.99550916,0.9816682,0.016945841,0.20119561,0.54545147,0.22331383,0.20952706
1j3i_UMP_C_611,0.95413995,0,0.050361338,0.12517742,0.53879678,0.1535287,0.2045626
1j3i_WRA_A_609,0,0.99015522,0.045174171,0.15019075,0.5333601,0.14799084,0.17323051
1j3i_WRA_B_709,0.97842315,0.99489507,0.017000834,0.20130459,0.5453259,0.22290895,0.20895014
1j3k_UMP_C_611,0.98438715,0,0.049495192,0.12674654,0.53916577,0.15583479,0.20566633
1j3k_UMP_D_711,0.9814067,0,0.049580539,0.12659192,0.53912941,0.15560755,0.20555757
1j3k_WRA_A_609,0.97624103,0.9934278,0.017111495,0.20108098,0.54529009,0.22264299,0.20886535
1j3k_WRA_B_709,0.98990463,0.99566085,0.016646912,0.20195784,0.54547076,0.22383629,0.2093718
1j54_TMP_A_2000,0.98734221,0,0.049410572,0.12689984,0.53920182,0.15606008,0.20577416
1ja9_PYQ_A_406,0,0.97089405,0.045806569,0.14874131,0.53323943,0.14668348,0.17316272
1jf0_CZH_A_197,2.1247351e-08,0.99184997,0.045118527,0.15031828,0.53337072,0.14810587,0.17323648
1jho_NIO_A_991,0.74250038,0.99493667,0.023755254,0.18906887,0.54244806,0.20492468,0.2003414
1jho_RMB_A_990,0.95681204,0,0.050284821,0.12531604,0.53882937,0.15373242,0.20466011
1jhv_NIO_A_991,0.74166281,0.99598565,0.023744797,0.18910436,0.54244441,0.20493202,0.20031452
1jhv_PCR_A_990,0.99831,0.99501148,0.01642754,0.20234501,0.54556923,0.22443305,0.20967623
1jl0_PUT_B_401,0.98213682,0.92266115,0.018830349,0.1118182,0.97865221,0.20913002,0
1jla_TNK_A_999,0.9910065,0,0.049305643,0.12708993,0.53924652,0.15633945,0.20590787
1jtk_THU_A_138,0,0.95567749,0.04630617,0.14759624,0.5331441,0.14565065,0.17310917
1jtk_THU_B_1138,0.98802818,0.96226708,0.014522134,0.21269868,0.51392546,0.96836954,0.22878489
1jw0_GUA_B_999,0,0.88972707,0.048471504,0.14263337,0.53273093,0.14117424,0.17287706
1jyw_147_C_2001,0.97471888,0.96856532,0.017971386,0.19913107,0.54511576,0.22083939,0.2087223
1jyx_IPT_A_2001,0,0.97448388,0.045688705,0.14901145,0.53326192,0.14692714,0.17317536
1jyx_IPT_A_2002,0.00063031565,0.97431897,0.04567607,0.14903174,0.53326857,0.146964,0.17319778
1jyx_IPT_B_2001,0.98629703,0.96488624,0.017760633,0.19945485,0.54523395,0.2214724,0.20913185
1jyx_IPT_C_2001,0,0.98310258,0.045405729,0.14966002,0.53331591,0.14751214,0.17320569
1jyx_IPT_D_2001,0.99098755,0.9567982,0.01789187,0.19908954,0.5452405,0.22128104,0.20927454
1jyx_IPT_D_2002,0.00063084568,0.96610554,0.045945724,0.14841369,0.53321713,0.14640655,0.17316889
1k8z_IAG_A_501,0.99442625,0.96225639,0.017614193,0.19967866,0.54531665,0.22191369,0.20941923
1kae_HSO_A_1001,0.97038463,0,0.049896162,0.12602014,0.53899495,0.15476721,0.20515538
1kar_HSM_A_502,0.0014684532,0,0.07764164,0.07575616,0.52717482,0.080895644,0.16979934
1kar_HSM_B_503,0.0036272461,0.97095689,0.045700637,0.14893421,0.53328407,0.14696429,0.1732953
1kbq_936_A_703,0.99387654,0.98181182,0.016987876,0.20112172,0.54543245,0.22319911,0.20946799
1kbq_936_B_704,0.99325856,0.98518428,0.016894845,0.20134345,0.54544604,0.2233809,0.20945731
1kbq_936_D_702,0.98438844,0.98973226,0.016999523,0.20122554,0.54536633,0.22301332,0.20914964
1kdo_C_A_5407,0.96351685,0.97707829,0.018012658,0.19919056,0.54503243,0.22056315,0.2083435
1kdo_C_B_6407,0.96329766,0.96558044,0.018396441,0.19831396,0.54495773,0.21976602,0.20829504
1kfc_IPL_A_674,0.99350644,0.94924874,0.018067609,0.1986521,0.54522394,0.22096066,0.20933989
1ki2_GA2_B_2,0.98928761,0,0.049354864,0.12700076,0.53922555,0.1562084,0.20584515
1km6_OMP_A_2001,0.97817557,0,0.049673064,0.1264243,0.53908999,0.15536121,0.20543967
1knu_YPA_A_1001,0.56567211,0.72652695,0.037627549,0.15970516,0.53860772,0.17323511,0.19295094
1kuj_MMA_C_502,0.99014569,0.94943352,0.01815778,0.19849166,0.5451841,0.22071697,0.2092179
1kuj_MMA_E_503,0.97973905,0.96051019,0.018092102,0.19878534,0.54512654,0.22067539,0.20887714
1kuj_MMA_G_504,0,0.96582449,0.045973016,0.14835982,0.53320767,0.14633938,0.17314488
1kwc_BPY_B_401,0.99651389,0.99116452,0.016605279,0.20196235,0.54552322,0.224035,0.20959715
1kwu_MMA_A_501,0,0.95346127,0.046378935,0.14742947,0.53313021,0.14550022,0.17310137
1kwu_MMA_B_601,0.017913055,0.93323504,0.046530067,0.14683668,0.53322203,0.14549307,0.17368384
1kwu_MMA_C_701,0.01853816,0.93401632,0.046486515,0.1469279,0.53323455,0.14559376,0.1737094
1kya_XYD_B_612,0.9916317,0.9752551,0.017267434,0.20051187,0.54536399,0.22258292,0.209363
1l4f_NCN_A_991,0.9681295,0.99178363,0.017397756,0.20053645,0.54518083,0.22191296,0.20856357
1l4n_NIO_A_991,0.76503037,0.99500638,0.023107805,0.1902429,0.54272335,0.20664713,0.20116377
1l5o_2MP_A_990,0.99710042,0.99368906,0.016505596,0.20218275,0.54554619,0.22425107,0.20962743
1l5o_NCN_A_991,0.96830921,0.9930576,0.017350781,0.20064164,0.545191,0.22201313,0.20857461
1ldo_SNR_A_150,0,0.94881019,0.046531642,0.14707947,0.53310108,0.14518453,0.173085
1lfw_AEP_A_683,0,0.96861445,0.045881414,0.14856977,0.53322515,0.14652875,0.1731547
1lnf_VAL_E_1321,0.98727058,0,0.049412623,0.12689612,0.53920095,0.15605462,0.20577155
1lo3_AN1_Y_500,0.99192112,0.97975166,0.017111511,0.20086525,0.54539569,0.22291019,0.20938939
1lqp_FCN_A_4002,0.99596532,0,0.049163644,0.12734717,0.53930702,0.15671752,0.20608882
1lqp_FCN_A_4004,0,0,0.07768369,0.075679982,0.52715691,0.080783687,0.16974576
1lqp_FCN_B_4003,0,0,0.07768369,0.075679982,0.52715691,0.080783687,0.16974576
1lro_PEP_A_1268,0,0.97226163,0.045761667,0.14884422,0.533248,0.1467763,0.17316754
1lro_PEP_B_2268,0.0035607623,0.9731796,0.045629563,0.14909802,0.53329719,0.14711009,0.1733007
1lti_GAL_D_104,0.99229857,0.92993194,0.018736421,0.19713582,0.54508818,0.21955743,0.20922783
1luq_BTN_A_5100,0.99249329,0,0.049263068,0.12716706,0.53926466,0.15645281,0.20596213
1lzz_IHG_A_830,0.9916934,0.92919724,0.018777873,0.19704914,0.5450762,0.21946143,0.20920316
1m3u_KPL_B_265,0.5774203,0.89648717,0.031714785,0.17309662,0.53981742,0.18565644,0.19397109
1m3u_KPL_C_265,0.63416872,0.88688332,0.030405082,0.17531782,0.54044955,0.18933116,0.19600806
1m3u_KPL_D_265,0.77151058,0.90010893,0.026037985,0.18343788,0.54220788,0.20069999,0.20106625
1m3u_KPL_E_265,0.99436588,0.96072578,0.017666176,0.19956035,0.54530632,0.22180519,0.20941164
1m3u_KPL_G_265,0.41429981,0.85666867,0.037693186,0.16163809,0.537578,0.1705172,0.18787864
1m3u_KPL_H_265,0.2487361,0.87787079,0.041738075,0.15464472,0.53569106,0.15933349,0.18191179
1m3u_KPL_I_265,0.23320502,0.88935954,0.04180561,0.15470357,0.53557357,0.15892918,0.18138549
1m3u_KPL_J_265,0.99584105,0.93830312,0.018360131,0.19794954,0.54518384,0.22039572,0.20938655
1m7p_G3H_A_5401,0.99232306,0.97335821,0.017309916,0.20040499,0.54536054,0.22250688,0.20938155
1m7p_G3H_B_6401,0.98070982,0.96292308,0.017985082,0.19901727,0.54515349,0.22091318,0.20892106
1m9j_CLW_B_907,0.54462011,0,0.062088176,0.10393296,0.53380091,0.12230631,0.1896191
1mex_RAC_H_601,0.95570862,0.98557876,0.017957158,0.19942517,0.54499043,0.22054481,0.20808849
1ml4_PAL_A_385,0.98836746,0.96753583,0.017614352,0.19976164,0.54527581,0.2218101,0.20921672
1mmx_FUC_A_348,0.12276465,0.95600972,0.042779825,0.15398984,0.53464383,0.15503295,0.17759006
1mmy_G6D_A_348,0.060535724,0,0.075950214,0.078820363,0.5278954,0.085399018,0.17195472
1mmy_G6D_B_348,0,0,0.07768369,0.075679982,0.52715691,0.080783687,0.16974576
1moo_4MZ_A_264,0.055030513,0,0.076107859,0.078534772,0.52782824,0.084979293,0.17175384
1moo_4MZ_A_265,0.99139843,0,0.04929442,0.12711026,0.5392513,0.15636934,0.20592218
1mrj_ADN_A_300,0.99255623,0.98721051,0.01684843,0.20145949,0.54545017,0.22346488,0.20943881
1msv_PUT_A_355,0,0.91784837,0.047548204,0.14474954,0.5329071,0.14308298,0.17297603
1msv_PUT_B_355,0.93965909,0.91313909,0.020944637,0.34366377,0,0.23224177,0.98670242
1mvc_BM6_A_200,0.99246354,0.99215841,0.016688631,0.20182702,0.54548004,0.22379366,0.20945285
1n3o_GYP_B_1101,0.042341654,0.96103598,0.044917758,0.15019601,0.53369421,0.14924254,0.17467309
1n5i_TMP_A_217,0.98863951,0,0.049373423,0.12696714,0.53921765,0.15615899,0.2058215
1ne4_RP1_A_401,0.9695519,0.97117567,0.01803364,0.19905946,0.54506908,0.22062263,0.20854295
1ne4_RP1_A_601,0,0.88313417,0.048687967,0.14213724,0.53268962,0.14072674,0.17285386
1nf0_13P_A_5001,0.99053029,0.9324785,0.018703446,0.19723572,0.54508257,0.21959547,0.20917226
1nf0_13P_B_1150,0,0,0.07768369,0.075679982,0.52715691,0.080783687,0.16974576
1ngp_NPA_H_302,0,0.95306656,0.046391894,0.14739976,0.53312774,0.14547343,0.17309998
1njr_XYL_A_285,0.9371685,0.83104973,0.023561678,0.18683482,0.54379615,0.20864257,0.20686811
1nmm_NAG_B_403,0.98559406,0.97401938,0.017480897,0.20010566,0.5452826,0.22203872,0.20913834
1nmm_NAG_D_527,0.97095362,0.97198781,0.017966837,0.19919329,0.54509126,0.22078462,0.20859695
1nmz_NYM_A_301,0.97243404,0,0.049837476,0.12612645,0.53901995,0.15492346,0.20523016
1now_IFG_B_558,0.98726233,0.98739446,0.016993984,0.2011987,0.54538674,0.22307375,0.20924629
1nrg_PLP_A_320,8.6710282e-06,0.93683635,0.046924528,0.14617886,0.53302617,0.14437246,0.17304318
1ns4_BGC_A_1400,0.071644719,0,0.075632102,0.079396659,0.52803093,0.086245984,0.17236009
1ns4_BGC_B_2400,0,0.77234344,0.052325531,0.13380006,0.53199554,0.13320678,0.17246394
1nsm_GAL_A_1400,0.018743792,0,0.07714695,0.076652344,0.52738557,0.082212741,0.17042972
1nsm_GLA_B_2400,0.019248487,0.93132093,0.046554671,0.14676192,0.53322633,0.14546497,0.17372583
1nuw_F6P_A_2336,0,0.94570488,0.046633598,0.14684579,0.53308162,0.14497375,0.17307407
1nux_F6P_A_2339,0.9712401,0.96440473,0.018207606,0.19863751,0.54504725,0.22029176,0.20858072
1o28_UFP_A_703,0,0,0.07768369,0.075679982,0.52715691,0.080783687,0.16974576
1o28_UFP_B_708,0,0,0.07768369,0.075679982,0.52715691,0.080783687,0.16974576
1o28_UFP_D_718,9.5050001e-05,0,0.077680968,0.075684912,0.52715807,0.080790934,0.16974923
1o29_UFP_A_803,0.00012005399,0,0.077680252,0.07568621,0.52715837,0.08079284,0.16975014
1o29_UFP_B_808,0,0,0.07768369,0.075679982,0.52715691,0.080783687,0.16974576
1o29_UFP_C_813,0.0001942159,0,0.077678128,0.075690057,0.52715928,0.080798494,0.16975284
1o29_UFP_D_818,0,0,0.07768369,0.075679982,0.52715691,0.080783687,0.16974576
1o2i_655_A_246,0.99334405,0,0.049238706,0.12721119,0.53927504,0.15651767,0.20599317
1o68_KIV_A_275,0.98739086,0.96902026,0.017593579,0.19982268,0.5452732,0.2218364,0.20918631
1o68_KIV_D_275,0.92939119,0.99160496,0.018512916,0.1985134,0.54470713,0.21894736,0.20714937
1o68_KIV_E_275,0.9968964,0.9215331,0.018880516,0.19674231,0.54509166,0.21933791,0.20936604
1o8a_NXA_A_702,0.98983562,0,0.049339172,0.12702919,0.53923224,0.15625019,0.20586515
1om5_INE_B_791,0.17961588,0.98772575,0.040110533,0.15932577,0.53553607,0.16152011,0.1797762
1opr_ORO_A_220,0.99831537,0,0.049096349,0.12746908,0.53933569,0.15689669,0.20617458
1ovk_NYL_A_405,0.95630158,0.98703406,0.017892396,0.19956545,0.54500678,0.2206888,0.20811525
1oxp_IK2_A_411,0.96819645,0.94966152,0.018778823,0.19737017,0.54491776,0.21905901,0.20841777
1p1w_AMQ_A_428,0.99363753,0,0.049230302,0.12722641,0.53927862,0.15654005,0.20600388
1p1w_AMQ_B_427,0.99633263,0,0.049153126,0.12736623,0.5393115,0.15674553,0.20610223
1p5g_G6P_X_658,0.98534318,0.89572445,0.020058719,0.19420083,0.54478903,0.2167053,0.20885363
1p7c_THM_B_501,0.98834238,0,0.049381931,0.12695172,0.53921402,0.15613634,0.20581066
1p7l_MET_A_485,0.98409624,0,0.049503522,0.12673145,0.53916222,0.15581261,0.20565572
1p7l_PPK_C_684,0.56994777,0,0.061393545,0.10518597,0.53412269,0.12415526,0.19049069
1p7l_PPK_D_884,0.0071423959,0.8086712,0.050928264,0.13690431,0.53231026,0.13621709,0.17285242
1pbd_PAB_A_396,0.99647336,0.98465301,0.016820231,0.20147024,0.54548193,0.22358994,0.20957275
1pi3_TZD_A_530,0.56994777,0,0.061393545,0.10518597,0.53412269,0.12415526,0.19049069
1pke_2FD_A_446,0.56994777,0,0.061393545,0.10518597,0.53412269,0.12415526,0.19049069
1pke_2FD_B_447,0.56994777,0,0.061393545,0.10518597,0.53412269,0.12415526,0.19049069
1pl6_572_A_405,0.66601137,0.95325612,0.027314048,0.18196436,0.54125382,0.19626396,0.1974036
1pl6_572_B_407,0.62174352,0.94468091,0.028863231,0.17902261,0.54066006,0.19230687,0.19575807
1pl6_572_D_411,0,0.95630496,0.046285568,0.14764346,0.53314803,0.14569324,0.17311138
1poc_GEL_A_420,0.78301201,0.95165088,0.023680876,0.12309034,0.87646659,0.19802799,0.030199112
1pr0_NOS_A_1245,0.56994777,0,0.061393545,0.10518597,0.53412269,0.12415526,0.19049069
1pr0_NOS_B_1246,0.56994777,0,0.061393545,0.10518597,0.53412269,0.12415526,0.19049069
1pr0_NOS_C_1247,0.56994777,0,0.061393545,0.10518597,0.53412269,0.12415526,0.19049069
1pr6_XYA_A_1245,0.56994777,0,0.061393545,0.10518597,0.53412269,0.12415526,0.19049069
1pr6_XYA_B_1246,0.56994777,0,0.061393545,0.10518597,0.53412269,0.12415526,0.19049069
1pt8_OXL_A_802,0.99584749,0.94714412,0.018069673,0.19861517,0.54523931,0.22099629,0.2094179
1pt8_OXL_B_801,0.99860125,0.9804017,0.016898879,0.20126071,0.54548126,0.22346361,0.20963544
1pvc_ILE_0_7,0.56994777,0,0.061393545,0.10518597,0.53412269,0.12415526,0.19049069
1pwz_RSO_B_256,0.9951624,0.93489993,0.018491301,0.19765823,0.54515424,0.22011298,0.20934981
1pym_OXL_A_1001,0.99587261,0.87602299,0.020404055,0.19326449,0.54479405,0.21617084,0.20916852
1pym_OXL_B_1002,0.9971198,0.92552503,0.018743054,0.1970543,0.54511939,0.21962589,0.20938824
1pzy_NAG_B_405,0.96747266,0.96923682,0.018156838,0.19880569,0.54503156,0.2203325,0.20846025
1pzy_NAG_D_406,0.98454775,0.92616841,0.019081938,0.19645052,0.54497005,0.21871105,0.20893175
1q20_PLO_A_401,4.5957738e-07,0.98976784,0.045186877,0.15016162,0.53335768,0.14796458,0.17322916
1q22_AND_A_401,0.97766242,0.99136811,0.017138418,0.20099972,0.54529452,0.22261156,0.20890997
1q3a_NGH_B_479,0.96675714,0.95346286,0.01869523,0.19758156,0.54492401,0.21920729,0.20837863
1q3a_NGH_C_481,0.56994777,0,0.061393545,0.10518597,0.53412269,0.12415526,0.19049069
1q4g_BFL_A_701,0.98606175,0.9863461,0.017062784,0.20105753,0.54536553,0.22291106,0.20919879
1q6r_LX1_A_7301,0.56994777,0,0.061393545,0.10518597,0.53412269,0.12415526,0.19049069
1q92_DRM_A_1001,0.56994777,0,0.061393545,0.10518597,0.53412269,0.12415526,0.19049069
1qjc_PNS_B_1163,0.56994777,0,0.061393545,0.10518597,0.53412269,0.12415526,0.19049069
1qmh_CIT_B_401,0.95803441,0.89325502,0.020921799,0.19259832,0.54444041,0.21445563,0.20784844
1qxa_GLY_B_245,0.52375607,0.59857878,0.043037761,0.14654007,0.54385262,0,0.18743935
1r4f_AD3_B_330,0.56827136,0.28485877,0.052075305,0.12656201,0.53588119,0.14339863,0.19145531
1r4s_MUA_A_800,0.082806303,0.97175427,0.043407119,0.15310175,0.534255,0.15305514,0.17618738
1rf2_BV4_D_104,0,0.9208132,0.047450861,0.14497265,0.53292568,0.14328422,0.17298647
1rf2_BV4_E_105,0,0.92698486,0.047248228,0.14543707,0.53296434,0.14370312,0.17300819
1rf2_BV4_F_106,0,0.93492764,0.046987445,0.14603478,0.5330141,0.14424224,0.17303614
1rf2_BV4_G_107,0.028399354,0.93442121,0.04619084,0.14746993,0.53335738,0.14637308,0.17407066
1rf2_BV4_H_108,0.022685385,0.95181606,0.045783342,0.1484825,0.53339665,0.14711812,0.17392338
1rnd_DGP_A_126,0.56994777,0,0.061393545,0.10518597,0.53412269,0.12415526,0.19049069
1rqh_PYR_A_602,0.47410252,0.94853187,0.032964579,0.1716533,0.53888307,0.1813119,0.19038416
1ruk_BEZ_H_601,0.99225605,0.96930848,0.017444799,0.20009676,0.54533435,0.22222689,0.20936486
1rvt_NDG_H_742,0.56994777,0,0.061393545,0.10518597,0.53412269,0.12415526,0.19049069
1rvz_NAG_A_3321,0.56994777,0,0.061393545,0.10518597,0.53412269,0.12415526,0.19049069
1s1f_PIM_A_431,0.56994777,0,0.061393545,0.10518597,0.53412269,0.12415526,0.19049069
1s2c_FLF_A_2001,0,0.97556009,0.04565337,0.14909244,0.53326866,0.14700019,0.17317915
1s2c_FLF_A_2002,0,0.93205554,0.047081744,0.14581865,0.53299611,0.1440473,0.17302604
1s3u_TQD_A_187,0.5475266,0.98836486,0.029554212,0.17845978,0.54002834,0.18961353,0.19320362
1s3v_TQD_A_187,0.56620243,0.63641381,0.040575474,0.1529426,0.53805148,0.16714726,0.19264573
1s6h_4BZ_A_1,0.56620243,0.63641381,0.040575474,0.1529426,0.53805148,0.16714726,0.19264573
1s83_4HA_A_5,0.56620243,0.63641381,0.040575474,0.1529426,0.53805148,0.16714726,0.19264573
1sep_BIO_A_801,0.56620243,0.63641381,0.040575474,0.1529426,0.53805148,0.16714726,0.19264573
1sff_IK2_A_450,0.56620243,0.63641381,0.040575474,0.1529426,0.53805148,0.16714726,0.19264573
1sff_IK2_C_450,0.56620243,0.63641381,0.040575474,0.1529426,0.53805148,0.16714726,0.19264573
1sff_IK2_D_450,0.56620243,0.63641381,0.040575474,0.1529426,0.53805148,0.16714726,0.19264573
1sjc_SMG_A_1000,0.56620243,0.63641381,0.040575474,0.1529426,0.53805148,0.16714726,0.19264573
1sjc_SMG_B_1100,0.56620243,0.63641381,0.040575474,0.1529426,0.53805148,0.16714726,0.19264573
1sjc_SMG_C_1200,0.56620243,0.63641381,0.040575474,0.1529426,0.53805148,0.16714726,0.19264573
1sjc_SMG_D_1300,0.56620243,0.63641381,0.040575474,0.1529426,0.53805148,0.16714726,0.19264573
1syf_THP_A_180,0.56620243,0.63641381,0.040575474,0.1529426,0.53805148,0.16714726,0.19264573
1sz6_NAG_A_5003,0.56620243,0.63641381,0.040575474,0.1529426,0.53805148,0.16714726,0.19264573
1sz6_NAG_B_5001,0.56620243,0.63641381,0.040575474,0.1529426,0.53805148,0.16714726,0.19264573
1sz6_NAG_B_5002,0.52375607,0.59857878,0.043037761,0.14654007,0.54385262,3.7557058e-09,0.18743935
1sz6_NAG_B_5004,0.56620243,0.63641381,0.040575474,0.1529426,0.53805148,0.16714726,0.19264573
1t5z_DHT_A_931,0.56620243,0.63641381,0.040575474,0.1529426,0.53805148,0.16714726,0.19264573
1t87_CAM_A_1422,0.56620243,0.63641381,0.040575474,0.1529426,0.53805148,0.16714726,0.19264573
1t87_CAM_B_2422,0.56620243,0.63641381,0.040575474,0.1529426,0.53805148,0.16714726,0.19264573
1t93_FLV_A_431,0.56620243,0.63641381,0.040575474,0.1529426,0.53805148,0.16714726,0.19264573
1t93_FLV_A_432,0.56620243,0.63641381,0.040575474,0.1529426,0.53805148,0.16714726,0.19264573
1tc2_7HP_B_810,0.56620243,0.63641381,0.040575474,0.1529426,0.53805148,0.16714726,0.19264573
1tf8_TRP_A_911,0.56620243,0.63641381,0.040575474,0.1529426,0.53805148,0.16714726,0.19264573
1tf8_TRP_A_913,0.56620243,0.63641381,0.040575474,0.1529426,0.53805148,0.16714726,0.19264573
1thc_FL9_A_130,0.56620243,0.63641381,0.040575474,0.1529426,0.53805148,0.16714726,0.19264573
1thc_FL9_A_131,0.56620243,0.63641381,0.040575474,0.1529426,0.53805148,0.16714726,0.19264573
1thc_FL9_B_130,0.56620243,0.63641381,0.040575474,0.1529426,0.53805148,0.16714726,0.19264573
1tiw_TFB_A_2002,0.56620243,0.63641381,0.040575474,0.1529426,0.53805148,0.16714726,0.19264573
1tke_SER_A_500,0.56620243,0.63641381,0.040575474,0.1529426,0.53805148,0.16714726,0.19264573
1tkh_DPN_A_911,0.56620243,0.63641381,0.040575474,0.1529426,0.53805148,0.16714726,0.19264573
1tkh_DPN_A_913,0.56620243,0.63641381,0.040575474,0.1529426,0.53805148,0.16714726,0.19264573
1tkj_MED_A_913,0.56620243,0.63641381,0.040575474,0.1529426,0.53805148,0.16714726,0.19264573
1tl2_NDG_A_237,0.56620243,0.63641381,0.040575474,0.1529426,0.53805148,0.16714726,0.19264573
1tl2_NDG_A_238,0.56620243,0.63641381,0.040575474,0.1529426,0.53805148,0.16714726,0.19264573
1tl2_NDG_A_240,0.56620243,0.63641381,0.040575474,0.1529426,0.53805148,0.16714726,0.19264573
1tl2_NDG_A_241,0.56620243,0.63641381,0.040575474,0.1529426,0.53805148,0.16714726,0.19264573
1toq_AMG_A_501,0.56620243,0.63641381,0.040575474,0.1529426,0.53805148,0.16714726,0.19264573
1toq_AMG_C_502,0.56620243,0.63641381,0.040575474,0.1529426,0.53805148,0.16714726,0.19264573
1toq_AMG_E_503,0.56620243,0.63641381,0.040575474,0.1529426,0.53805148,0.16714726,0.19264573
1toq_AMG_G_504,0.56620243,0.63641381,0.040575474,0.1529426,0.53805148,0.16714726,0.19264573
1tsd_UMP_A_267,0.56620243,0.63641381,0.040575474,0.1529426,0.53805148,0.16714726,0.19264573
1tsd_UMP_B_265,0.56620243,0.63641381,0.040575474,0.1529426,0.53805148,0.16714726,0.19264573
1tt6_DES_B_128,0.56620243,0.63641381,0.040575474,0.1529426,0.53805148,0.16714726,0.19264573
1tuu_PIS_B_2854,0.56620243,0.63641381,0.040575474,0.1529426,0.53805148,0.16714726,0.19264573
1tvw_UMP_A_317,0.56620243,0.63641381,0.040575474,0.1529426,0.53805148,0.16714726,0.19264573
1u18_HSM_B_402,0.99603017,0,0.049181988,1.8079474e-07,0.86730843,0.14862879,0.029356551
1u1g_BBB_A_3300,0.56620243,0.63641381,0.040575474,0.1529426,0.53805148,0.16714726,0.19264573
1u1g_BBB_B_4300,0.56620243,0.63641381,0.040575474,0.1529426,0.53805148,0.16714726,0.19264573
1u1g_BBB_C_5300,0.56620243,0.63641381,0.040575474,0.1529426,0.53805148,0.16714726,0.19264573
1u1g_BBB_D_6300,0.56620243,0.63641381,0.040575474,0.1529426,0.53805148,0.16714726,0.19264573
1u1g_BBB_E_7300,0.56620243,0.63641381,0.040575474,0.1529426,0.53805148,0.16714726,0.19264573
1u1g_BBB_F_8300,0.56620243,0.63641381,0.040575474,0.1529426,0.53805148,0.16714726,0.19264573
1u2o_NEC_A_1001,0.56620243,0.63641381,0.040575474,0.1529426,0.53805148,0.16714726,0.19264573
1u6r_IOM_B_1601,0.56620243,0.63641381,0.040575474,0.1529426,0.53805148,0.16714726,0.19264573
1uay_ADN_A_1001,0.56620243,0.63641381,0.040575474,0.1529426,0.53805148,0.16714726,0.19264573
1uay_ADN_B_1002,0.56620243,0.63641381,0.040575474,0.1529426,0.53805148,0.16714726,0.19264573
1ubs_SER_B_398,0.56620243,0.63641381,0.040575474,0.1529426,0.53805148,0.16714726,0.19264573
1um4_SH4_H_1001,0.56620243,0.63641381,0.040575474,0.1529426,0.53805148,0.16714726,0.19264573
1uqx_MMA_A_1116,0.56620243,0.63641381,0.040575474,0.1529426,0.53805148,0.16714726,0.19264573
1uux_PPI_A_1165,0.56620243,0.63641381,0.040575474,0.1529426,0.53805148,0.16714726,0.19264573
1uxi_FUM_A_1311,0.56620243,0.63641381,0.040575474,0.1529426,0.53805148,0.16714726,0.19264573
1uxi_FUM_B_1311,0.56620243,0.63641381,0.040575474,0.1529426,0.53805148,0.16714726,0.19264573
1uxq_G1P_A_1503,0.95994683,0.8249602,0,0.18766767,0.54401045,0.21007985,0.20772888
1v3v_5OP_A_1360,0.94873098,0.98622764,1.4170892e-44,0.19920502,0.54488006,0.22015217,0.20788308
1v3v_5OP_B_2360,0.56620243,0.63641381,0.040575474,0.1529426,0.53805148,0.16714726,0.19264573
1v5y_4HC_A_1455,0.56620243,0.63641381,0.040575474,0.1529426,0.53805148,0.16714726,0.19264573
1v5y_4HC_B_1201,0.56620243,0.63641381,0.040575474,0.1529426,0.53805148,0.16714726,0.19264573
1vje_MSE_A_301,0.56620243,0.63641381,0.040575474,0.1529426,0.53805148,0.16714726,0.19264573
1vje_MSE_A_401,0.56620243,0.63641381,0.040575474,0.1529426,0.53805148,0.16714726,0.19264573
1vkf_CIT_C_502,0.56620243,0.63641381,0.040575474,0.1529426,0.53805148,0.16714726,0.19264573
1vkf_CIT_D_503,0.56620243,0.63641381,0.040575474,0.1529426,0.53805148,0.16714726,0.19264573
1vl1_CIT_A_300,0.56620243,0.63641381,0.040575474,0.1529426,0.53805148,0.16714726,0.19264573
1vzd_CB3_A_318,0.56620243,0.63641381,0.040575474,0.1529426,0.53805148,0.16714726,0.19264573
1vzd_UFP_A_317,0.56620243,0.63641381,0.040575474,0.1529426,0.53805148,0.16714726,0.19264573
1vzu_UDP_A_1371,0.56620243,0.63641381,0.040575474,0.1529426,0.53805148,0.16714726,0.19264573
1vzu_UDP_B_2371,0.56620243,0.63641381,0.040575474,0.1529426,0.53805148,0.16714726,0.19264573
1w1a_NDG_1_1261,0.56620243,0.63641381,0.040575474,0.1529426,0.53805148,0.16714726,0.19264573
1w1a_NDG_2_1261,0.56620243,0.63641381,0.040575474,0.1529426,0.53805148,0.16714726,0.19264573
1w3t_3GR_A_1297,0.56620243,0.63641381,0.040575474,0.1529426,0.53805148,0.16714726,0.19264573
1w3t_3GR_C_1297,0.56620243,0.63641381,0.040575474,0.1529426,0.53805148,0.16714726,0.19264573
1w3t_3GR_D_1297,0.56620243,0.63641381,0.040575474,0.1529426,0.53805148,0.16714726,0.19264573
1w55_C_A_1373,0.56620243,0.63641381,0.040575474,0.1529426,0.53805148,0.16714726,0.19264573
1w55_GPP_A_1374,0.56620243,0.63641381,0.040575474,0.1529426,0.53805148,0.16714726,0.19264573
1w62_PYC_A_700,0.56620243,0.63641381,0.040575474,0.1529426,0.53805148,0.16714726,0.19264573
1wc7_PP3_A_1214,0.56620243,0.63641381,0.040575474,0.1529426,0.53805148,0.16714726,0.19264573
1wmz_A2G_B_502,0.56620243,0.63641381,0.040575474,0.1529426,0.53805148,0.16714726,0.19264573
1wmz_NGA_A_501,0.56620243,0.63641381,0.040575474,0.1529426,0.53805148,0.16714726,0.19264573
1wmz_NGA_D_504,0.56620243,0.63641381,0.040575474,0.1529426,0.53805148,0.16714726,0.19264573
1wq4_TYR_A_501,0.56620243,0.63641381,0.040575474,0.1529426,0.53805148,0.16714726,0.19264573
1x09_IPE_A_901,0.56620243,0.63641381,0.040575474,0.1529426,0.53805148,0.16714726,0.19264573
1x09_IPE_A_902,0.56620243,0.63641381,0.040575474,0.1529426,0.53805148,0.16714726,0.19264573
1x29_PMG_A_413,0.56620243,0.63641381,0.040575474,0.1529426,0.53805148,0.16714726,0.19264573
1x29_PMG_B_1413,0.56620243,0.63641381,0.040575474,0.1529426,0.53805148,0.16714726,0.19264573
1x2a_PDG_A_413,0.56620243,0.63641381,0.040575474,0.1529426,0.53805148,0.16714726,0.19264573
1x2a_PDG_B_1413,0.33942192,0,0.067514623,0.010271149,0.97005908,0.097683769,0
1x7j_GEN_A_201,0.56620243,0.63641381,0.040575474,0.1529426,0.53805148,0.16714726,0.19264573
1x7j_GEN_B_202,0.56620243,0.63641381,0.040575474,0.1529426,0.53805148,0.16714726,0.19264573
1x82_PA5_A_301,0.56620243,0.63641381,0.040575474,0.1529426,0.53805148,0.16714726,0.19264573
1x8i_BMH_A_2,0.56620243,0.63641381,0.040575474,0.1529426,0.53805148,0.16714726,0.19264573
1x8x_TYR_A_952,0.56620243,0.63641381,0.040575474,0.1529426,0.53805148,0.16714726,0.19264573
1xdj_HCS_A_1050,0.56620243,0.63641381,0.040575474,0.1529426,0.53805148,0.16714726,0.19264573
1xid_ASC_A_389,0.56620243,0.63641381,0.040575474,0.1529426,0.53805148,0.16714726,0.19264573
1xin_XYL_A_397,0.56620243,0.63641381,0.040575474,0.1529426,0.53805148,0.16714726,0.19264573
1xin_XYL_B_397,0.56620243,0.63641381,0.040575474,0.1529426,0.53805148,0.16714726,0.19264573
1xin_XYL_D_397,0.56620243,0.63641381,0.040575474,0.1529426,0.53805148,0.16714726,0.19264573
1xkw_188_A_1001,0.56620243,0.63641381,0.040575474,0.1529426,0.53805148,0.16714726,0.19264573
1xny_BTN_A_5602,0.56620243,0.63641381,0.040575474,0.1529426,0.53805148,0.16714726,0.19264573
1xny_BTN_B_5602,0.56620243,0.63641381,0.040575474,0.1529426,0.53805148,0.16714726,0.19264573
1xuf_BAZ_A_246,0.56620243,0.63641381,0.040575474,0.1529426,0.53805148,0.16714726,0.19264573
1y2x_NAG_C_2144,0.56620243,0.63641381,0.040575474,0.1529426,0.53805148,0.16714726,0.19264573
1y2x_NAG_D_3144,0.56620243,0.63641381,0.040575474,0.1529426,0.53805148,0.16714726,0.19264573
1y5v_NE8_A_500,0.56620243,0.63641381,0.040575474,0.1529426,0.53805148,0.16714726,0.19264573
1y8j_STS_A_900,0.56620243,0.63641381,0.040575474,0.1529426,0.53805148,0.16714726,0.19264573
1yik_MM1_A_500,0.56620243,0.63641381,0.040575474,0.1529426,0.53805148,0.16714726,0.19264573
1yik_MM1_A_501,0.56620243,0.63641381,0.040575474,0.1529426,0.53805148,0.16714726,0.19264573
1yqc_GLV_A_1001,0.56620243,0.63641381,0.040575474,0.1529426,0.53805148,0.16714726,0.19264573
1yw9_A84_A_482,0.56620243,0.63641381,0.040575474,0.1529426,0.53805148,0.16714726,0.19264573
1z11_8MO_A_501,0.56620243,0.63641381,0.040575474,0.1529426,0.53805148,0.16714726,0.19264573
1z11_8MO_B_501,0.56620243,0.63641381,0.040575474,0.1529426,0.53805148,0.16714726,0.19264573
1z11_8MO_C_501,0.56620243,0.63641381,0.040575474,0.1529426,0.53805148,0.16714726,0.19264573
1z11_8MO_D_501,0.56620243,0.63641381,0.040575474,0.1529426,0.53805148,0.16714726,0.19264573
1z3n_3NA_A_320,0.56620243,0.63641381,0.040575474,0.1529426,0.53805148,0.16714726,0.19264573
1z4k_T3P_A_4341,0.56620243,0.63641381,0.040575474,0.1529426,0.53805148,0.16714726,0.19264573
1z6k_OAA_A_274,0.56620243,0.63641381,0.040575474,0.1529426,0.53805148,0.16714726,0.19264573
1z8p_DEB_A_420,0.56620243,0.63641381,0.040575474,0.1529426,0.53805148,0.16714726,0.19264573
1zb6_DIN_A_401,0.56620243,0.63641381,0.040575474,0.1529426,0.53805148,0.16714726,0.19264573
1zdq_MSM_A_1507,0.56620243,0.63641381,0.040575474,0.1529426,0.53805148,0.16714726,0.19264573
1zdq_MSM_B_1508,0.56620243,0.63641381,0.040575474,0.1529426,0.53805148,0.16714726,0.19264573
1zdq_MSM_C_1509,0.56620243,0.63641381,0.040575474,0.1529426,0.53805148,0.16714726,0.19264573
1zei_CRS_A_54,0.56620243,0.63641381,0.040575474,0.1529426,0.53805148,0.16714726,0.19264573
1zei_CRS_B_56,0.56620243,0.63641381,0.040575474,0.1529426,0.53805148,0.16714726,0.19264573
1zei_CRS_C_56,0.56620243,0.63641381,0.040575474,0.1529426,0.53805148,0.16714726,0.19264573
1zei_CRS_E_54,0.56620243,0.63641381,0.040575474,0.1529426,0.53805148,0.16714726,0.19264573
1zei_CRS_E_55,0.56620243,0.63641381,0.040575474,0.1529426,0.53805148,0.16714726,0.19264573
1zei_CRS_F_54,0.56620243,0.63641381,0.040575474,0.1529426,0.53805148,0.16714726,0.19264573
1zei_CRS_F_55,0.56620243,0.63641381,0.040575474,0.1529426,0.53805148,0.16714726,0.19264573
1zg3_2HI_A_365,0.56620243,0.63641381,0.040575474,0.1529426,0.53805148,0.16714726,0.19264573
1zgj_P1S_A_0,0.56620243,0.63641381,0.040575474,0.1529426,0.53805148,0.16714726,0.19264573
1zha_PEP_A_1268,0.56620243,0.63641381,0.040575474,0.1529426,0.53805148,0.16714726,0.19264573
1zha_PEP_B_2268,0.56620243,0.63641381,0.040575474,0.1529426,0.53805148,0.16714726,0.19264573
1zha_R5P_A_1269,0.56620243,0.63641381,0.040575474,0.1529426,0.53805148,0.16714726,0.19264573
1zjp_DR4_A_1,0.92249257,0.97041601,0.019953071,0.30166876,3.9146134e-07,0.22840368,0.484865
1zk0_SS2_A_1260,0.56620243,0.63641381,0.040575474,0.1529426,0.53805148,0.16714726,0.19264573
1zmt_RNO_A_1002,0.56620243,0.63641381,0.040575474,0.1529426,0.53805148,0.16714726,0.19264573
1zmt_RNO_D_1004,0.56620243,0.63641381,0.040575474,0.1529426,0.53805148,0.16714726,0.19264573
1zng_HE4_A_202,0.56620243,0.63641381,0.040575474,0.1529426,0.53805148,0.16714726,0.19264573
1zoy_UQ1_B_1201,0.56620243,0.63641381,0.040575474,0.1529426,0.53805148,0.16714726,0.19264573
1zpd_CIT_A_610,0.56620243,0.63641381,0.040575474,0.1529426,0.53805148,0.16714726,0.19264573
1zpd_CIT_E_610,0.56620243,0.63641381,0.040575474,0.1529426,0.53805148,0.16714726,0.19264573
1zuw_DGL_A_1301,0.56620243,0.63641381,0.040575474,0.1529426,0.53805148,0.16714726,0.19264573
1zuw_DGL_B_2301,0.56620243,0.63641381,0.040575474,0.1529426,0.53805148,0.16714726,0.19264573
1zuw_DGL_C_3301,0.56620243,0.63641381,0.040575474,0.1529426,0.53805148,0.16714726,0.19264573
1zwp_NIM_A_401,0.56620243,0.63641381,0.040575474,0.1529426,0.53805148,0.16714726,0.19264573
227l_BNZ_A_169,0.56620243,0.63641381,0.040575474,0.1529426,0.53805148,0.16714726,0.19264573
2a0x_DIH_A_300,0.56620243,0.63641381,0.040575474,0.1529426,0.53805148,0.16714726,0.19264573
2a15_NCA_A_1001,0.94465878,0.98346168,0,0.19878631,0.54481322,0.21965474,0.20772492
2a1m_CAM_A_1422,0.56620243,0.63641381,0.040575474,0.1529426,0.53805148,0.16714726,0.19264573
2a1m_CAM_B_2422,0.56620243,0.63641381,0.040575474,0.1529426,0.53805148,0.16714726,0.19264573
2a5t_GLU_B_2002,0.56620243,0.63641381,0.040575474,0.1529426,0.53805148,0.16714726,0.19264573
2a5t_GLY_A_1001,0,0,0.07768369,0.075679982,0.52715691,0.080783687,0.16974576
2a9z_26A_A_1001,0.56620243,0.63641381,0.040575474,0.1529426,0.53805148,0.16714726,0.19264573
2a9z_26A_A_1002,0.56620243,0.63641381,0.040575474,0.1529426,0.53805148,0.16714726,0.19264573
2agw_TSS_D_3001,0.56620243,0.63641381,0.040575474,0.1529426,0.53805148,0.16714726,0.19264573
2agw_TSS_H_2001,0.56620243,0.63641381,0.040575474,0.1529426,0.53805148,0.16714726,0.19264573
2ahc_VNL_A_166,0.56620243,0.63641381,0.040575474,0.1529426,0.53805148,0.16714726,0.19264573
2ahc_VNL_B_266,0.56620243,0.63641381,0.040575474,0.1529426,0.53805148,0.16714726,0.19264573
2ahc_VNL_C_366,0.56620243,0.63641381,0.040575474,0.1529426,0.53805148,0.16714726,0.19264573
2ahc_VNL_D_466,0.56620243,0.63641381,0.040575474,0.1529426,0.53805148,0.16714726,0.19264573
2ai1_P1G_A_293,0.56620243,0.63641381,0.040575474,0.1529426,0.53805148,0.16714726,0.19264573
2aiq_BEN_A_401,0.56620243,0.63641381,0.040575474,0.1529426,0.53805148,0.16714726,0.19264573
2ajv_COC_L_501,0.56620243,0.63641381,0.040575474,0.1529426,0.53805148,0.16714726,0.19264573
2ajx_TGN_L_501,0.56620243,0.63641381,0.040575474,0.1529426,0.53805148,0.16714726,0.19264573
2b04_CHO_A_200,0.56620243,0.63641381,0.040575474,0.1529426,0.53805148,0.16714726,0.19264573
2b3f_GAL_A_3310,0.56620243,0.63641381,0.040575474,0.1529426,0.53805148,0.16714726,0.19264573
2b3f_GAL_B_3311,0.56620243,0.63641381,0.040575474,0.1529426,0.53805148,0.16714726,0.19264573
2b3f_GAL_C_3312,0.56620243,0.63641381,0.040575474,0.1529426,0.53805148,0.16714726,0.19264573
2b3f_GAL_D_3313,0.56620243,0.63641381,0.040575474,0.1529426,0.53805148,0.16714726,0.19264573
2b3f_GAL_E_3314,0.56620243,0.63641381,0.040575474,0.1529426,0.53805148,0.16714726,0.19264573
2b3f_GAL_F_3315,0.56620243,0.63641381,0.040575474,0.1529426,0.53805148,0.16714726,0.19264573
2bdg_PBZ_A_301,0.56620243,0.63641381,0.040575474,0.1529426,0.53805148,0.16714726,0.19264573
2bdg_PBZ_B_302,0.56620243,0.63641381,0.040575474,0.1529426,0.53805148,0.16714726,0.19264573
2bf7_HBI_A_1290,0.56620243,0.63641381,0.040575474,0.1529426,0.53805148,0.16714726,0.19264573
2bf7_HBI_B_1290,0.56620243,0.63641381,0.040575474,0.1529426,0.53805148,0.16714726,0.19264573
2bf7_HBI_D_1290,0.56620243,0.63641381,0.040575474,0.1529426,0.53805148,0.16714726,0.19264573
2bgc_DTU_A_1238,0.56620243,0.63641381,0.040575474,0.1529426,0.53805148,0.16714726,0.19264573
2bjf_DXC_A_330,0.56620243,0.63641381,0.040575474,0.1529426,0.53805148,0.16714726,0.19264573
2bk3_FOF_A_1503,0.56620243,0.63641381,0.040575474,0.1529426,0.53805148,0.16714726,0.19264573
2bk3_FOF_B_1498,0.56620243,0.63641381,0.040575474,0.1529426,0.53805148,0.16714726,0.19264573
2brk_CMF_A_1534,0.56620243,0.63641381,0.040575474,0.1529426,0.53805148,0.16714726,0.19264573
2bs3_CIT_A_1657,0.56620243,0.63641381,0.040575474,0.1529426,0.53805148,0.16714726,0.19264573
2bs3_CIT_D_1657,0.56620243,0.63641381,0.040575474,0.1529426,0.53805148,0.16714726,0.19264573
2bs8_NAG_A_1177,0.56620243,0.63641381,0.040575474,0.1529426,0.53805148,0.16714726,0.19264573
2bsc_NAG_A_1176,0.56620243,0.63641381,0.040575474,0.1529426,0.53805148,0.16714726,0.19264573
2bx7_34D_B_1313,0.56620243,0.63641381,0.040575474,0.1529426,0.53805148,0.16714726,0.19264573
2bxh_IOS_A_1001,0.56620243,0.63641381,0.040575474,0.1529426,0.53805148,0.16714726,0.19264573
2c3d_COM_A_1525,0.99153815,0.96119892,0.017299565,0.11590814,0.97526773,0.21253869,0
2c3d_COM_A_1526,0.56620243,0.63641381,0.040575474,0.1529426,0.53805148,0.16714726,0.19264573
2c3d_COM_B_1525,0.56620243,0.63641381,0.040575474,0.1529426,0.53805148,0.16714726,0.19264573
2c3d_COM_B_1526,0.56620243,0.63641381,0.040575474,0.1529426,0.53805148,0.16714726,0.19264573
2c5b_5F1_A_500,0.56620243,0.63641381,0.040575474,0.1529426,0.53805148,0.16714726,0.19264573
2c5b_5F1_B_500,0.56620243,0.63641381,0.040575474,0.1529426,0.53805148,0.16714726,0.19264573
2c6q_IMP_A_1337,0.56620243,0.63641381,0.040575474,0.1529426,0.53805148,0.16714726,0.19264573
2c6q_IMP_D_1337,0.56620243,0.63641381,0.040575474,0.1529426,0.53805148,0.16714726,0.19264573
2c6q_IMP_E_1337,0.56620243,0.63641381,0.040575474,0.1529426,0.53805148,0.16714726,0.19264573
2c6q_IMP_F_1337,0.56620243,0.63641381,0.040575474,0.1529426,0.53805148,0.16714726,0.19264573
2c6q_IMP_G_1338,0.56620243,0.63641381,0.040575474,0.1529426,0.53805148,0.16714726,0.19264573
2c6q_IMP_H_1337,0.56620243,0.63641381,0.040575474,0.1529426,0.53805148,0.16714726,0.19264573
2caq_GSH_A_1208,0.56620243,0.63641381,0.040575474,0.1529426,0.53805148,0.16714726,0.19264573
2cjz_PTR_A_1537,0.56620243,0.63641381,0.040575474,0.1529426,0.53805148,0.16714726,0.19264573
2coj_GBN_A_420,0.56620243,0.63641381,0.040575474,0.1529426,0.53805148,0.16714726,0.19264573
2coj_GBN_B_420,0.56620243,0.63641381,0.040575474,0.1529426,0.53805148,0.16714726,0.19264573
2cxp_A5P_A_1601,0.56620243,0.63641381,0.040575474,0.1529426,0.53805148,0.16714726,0.19264573
2cxp_A5P_B_2601,0.99442931,0.95026194,0.018689988,0.28710913,0,0.2301728,0.25964518
2d0e_NQ_A_410,0.56620243,0.63641381,0.040575474,0.1529426,0.53805148,0.16714726,0.19264573
2d1j_D01_A_700,0.56620243,0.63641381,0.040575474,0.1529426,0.53805148,0.16714726,0.19264573
2d20_NPO_B_953,0.99645267,0.99162815,0.017462081,0.26791406,0.0015166757,0.22998504,0
2d3n_GLC_A_608,0.56620243,0.63641381,0.040575474,0.1529426,0.53805148,0.16714726,0.19264573
2dm5_ODI_A_312,0,0.96308835,0.045960952,0.17902372,0.52305753,0.14663516,0.17864595
2dv0_ZST_A_600,0.56620243,0.63641381,0.040575474,0.1529426,0.53805148,0.16714726,0.19264573
2e1a_MSE_D_301,0.56620243,0.63641381,0.040575474,0.1529426,0.53805148,0.16714726,0.19264573
2e40_LGC_A_1001,0.56620243,0.63641381,0.040575474,0.1529426,0.53805148,0.16714726,0.19264573
2e40_LGC_B_2001,0.56620243,0.63641381,0.040575474,0.1529426,0.53805148,0.16714726,0.19264573
2e56_MYR_A_601,0.56620243,0.63641381,0.040575474,0.1529426,0.53805148,0.16714726,0.19264573
2e56_MYR_A_701,0.56620243,0.63641381,0.040575474,0.1529426,0.53805148,0.16714726,0.19264573
2eb5_OXL_A_2001,0.56620243,0.63641381,0.040575474,0.1529426,0.53805148,0.16714726,0.19264573
2eb5_OXL_B_2002,0.56620243,0.63641381,0.040575474,0.1529426,0.53805148,0.16714726,0.19264573
2eb5_OXL_D_2004,0.56620243,0.63641381,0.040575474,0.1529426,0.53805148,0.16714726,0.19264573
2eb5_OXL_E_2005,0.56620243,0.63641381,0.040575474,0.1529426,0.53805148,0.16714726,0.19264573
2ef9_A5P_A_1269,0.56620243,0.63641381,0.040575474,0.1529426,0.53805148,0.16714726,0.19264573
2ef9_A5P_B_2269,0.56620243,0.63641381,0.040575474,0.1529426,0.53805148,0.16714726,0.19264573
2ef9_PEP_B_2268,0.54072269,0.5978431,0.042546465,2.1251499e-27,0.59060078,0.16134421,0.16308247
2eup_LG4_A_400,0.56620243,0.63641381,0.040575474,0.1529426,0.53805148,0.16714726,0.19264573
2euq_BVC_A_401,0.56620243,0.63641381,0.040575474,0.1529426,0.53805148,0.16714726,0.19264573
2eus_ABN_A_400,0.56620243,0.63641381,0.040575474,0.1529426,0.53805148,0.16714726,0.19264573
2exs_TRP_B_2100,0.56620243,0.63641381,0.040575474,0.1529426,0.53805148,0.16714726,0.19264573
2f3s_7GP_A_998,0.56620243,0.63641381,0.040575474,0.1529426,0.53805148,0.16714726,0.19264573
2f64_12Q_A_472,0.56620243,0.63641381,0.040575474,0.1529426,0.53805148,0.16714726,0.19264573
2f64_12Q_B_471,0.56620243,0.63641381,0.040575474,0.1529426,0.53805148,0.16714726,0.19264573
2f78_BEZ_A_1001,0.56620243,0.63641381,0.040575474,0.1529426,0.53805148,0.16714726,0.19264573
2f78_BEZ_A_1003,0.56620243,0.63641381,0.040575474,0.1529426,0.53805148,0.16714726,0.19264573
2f78_BEZ_B_1002,0.56620243,0.63641381,0.040575474,0.1529426,0.53805148,0.16714726,0.19264573
2f78_BEZ_B_1004,0.56620243,0.63641381,0.040575474,0.1529426,0.53805148,0.16714726,0.19264573
2f78_BEZ_B_1005,0.56620243,0.63641381,0.040575474,0.1529426,0.53805148,0.16714726,0.19264573
2f7x_4EA_E_351,0.56620243,0.63641381,0.040575474,0.1529426,0.53805148,0.16714726,0.19264573
2fcu_AKG_A_897,0.56620243,0.63641381,0.040575474,0.1529426,0.53805148,0.16714726,0.19264573
2fhk_MFN_B_602,0.56620243,0.63641381,0.040575474,0.1529426,0.53805148,0.16714726,0.19264573
2fhn_BNI_X_501,0.56620243,0.63641381,0.040575474,0.1529426,0.53805148,0.16714726,0.19264573
2fhn_BNI_Y_502,0.56620243,0.63641381,0.040575474,0.1529426,0.53805148,0.16714726,0.19264573
2fib_GLY_B_2,0.56620243,0.63641381,0.040575474,0.1529426,0.53805148,0.16714726,0.19264573
2fkm_G16_X_464,0.56620243,0.63641381,0.040575474,0.1529426,0.53805148,0.16714726,0.19264573
2fpu_HSO_B_509,0.56620243,0.63641381,0.040575474,0.1529426,0.53805148,0.16714726,0.19264573
2fr6_CTN_A_1001,0.56620243,0.63641381,0.040575474,0.1529426,0.53805148,0.16714726,0.19264573
2fr6_CTN_C_1003,0.56620243,0.63641381,0.040575474,0.1529426,0.53805148,0.16714726,0.19264573
2fr6_CTN_D_1004,0.56620243,0.63641381,0.040575474,0.1529426,0.53805148,0.16714726,0.19264573
2fr6_URI_B_1002,0.52375607,0.59857878,0.043037761,0.14654007,0.54385262,0,0.18743935
2fu9_MP2_A_1410,0.98379741,0.98259031,0.01685431,0.12393885,0.94002741,0.21414195,0.0061700941
2fu9_MP2_B_2410,0.56620243,0.63641381,0.040575474,0.1529426,0.53805148,0.16714726,0.19264573
2fyd_BGC_B_403,0.56620243,0.63641381,0.040575474,0.1529426,0.53805148,0.16714726,0.19264573
2fyd_BGC_D_530,0.56620243,0.63641381,0.040575474,0.1529426,0.53805148,0.16714726,0.19264573
2fyd_NGA_B_404,0.56620243,0.63641381,0.040575474,0.1529426,0.53805148,0.16714726,0.19264573
2fyd_NGA_D_529,0.56620243,0.63641381,0.040575474,0.1529426,0.53805148,0.16714726,0.19264573
2fz8_ZST_A_600,0,0.97630949,0.045628765,0.14914883,0.53327336,0.14705105,0.17318178
2fzb_TOL_A_700,0.87667258,0.98333428,0.020840498,0.30018617,2.1866441e-09,0.22577893,0.48303239
2fzb_TOL_A_800,0.56620243,0.63641381,0.040575474,0.1529426,0.53805148,0.16714726,0.19264573
2fzb_TOL_A_900,0.56620243,0.63641381,0.040575474,0.1529426,0.53805148,0.16714726,0.19264573
2g21_L1B_A_885,0.56620243,0.63641381,0.040575474,0.1529426,0.53805148,0.16714726,0.19264573
2g21_L1B_B_985,0.56620243,0.63641381,0.040575474,0.1529426,0.53805148,0.16714726,0.19264573
2g5v_22M_A_301,0.56620243,0.63641381,0.040575474,0.1529426,0.53805148,0.16714726,0.19264573
2g9z_VNP_A_602,0.56620243,0.63641381,0.040575474,0.1529426,0.53805148,0.16714726,0.19264573
2giq_NN2_A_1001,0.56620243,0.63641381,0.040575474,0.1529426,0.53805148,0.16714726,0.19264573
2giq_NN2_B_2001,0.56620243,0.63641381,0.040575474,0.1529426,0.53805148,0.16714726,0.19264573
2gn2_C5P_A_400,0.56620243,0.63641381,0.040575474,0.1529426,0.53805148,0.16714726,0.19264573
2gnm_MAN_A_253,0.56620243,0.63641381,0.040575474,0.1529426,0.53805148,0.16714726,0.19264573
2gue_NAG_B_122,0.56620243,0.63641381,0.040575474,0.1529426,0.53805148,0.16714726,0.19264573
2gx5_PCG_C_514,0.56620243,0.63641381,0.040575474,0.1529426,0.53805148,0.16714726,0.19264573
2gyv_HBP_A_1409,0.56620243,0.63641381,0.040575474,0.1529426,0.53805148,0.16714726,0.19264573
2gyv_HBP_B_545,0.56620243,0.63641381,0.040575474,0.1529426,0.53805148,0.16714726,0.19264573
2gyw_OBI_A_952,0.56620243,0.63641381,0.040575474,0.1529426,0.53805148,0.16714726,0.19264573
2gyw_OBI_B_953,0.56620243,0.63641381,0.040575474,0.1529426,0.53805148,0.16714726,0.19264573
2gzm_DGL_A_501,0.56620243,0.63641381,0.040575474,0.1529426,0.53805148,0.16714726,0.19264573
2gzm_DGL_C_503,0.56620243,0.63641381,0.040575474,0.1529426,0.53805148,0.16714726,0.19264573
2gzm_DGL_D_504,0.56620243,0.63641381,0.040575474,0.1529426,0.53805148,0.16714726,0.19264573
2hdk_COI_B_900,0.56620243,0.63641381,0.040575474,0.1529426,0.53805148,0.16714726,0.19264573
2hi4_BHF_A_800,0.56620243,0.63641381,0.040575474,0.1529426,0.53805148,0.16714726,0.19264573
2hjp_PPR_A_291,0.56620243,0.63641381,0.040575474,0.1529426,0.53805148,0.16714726,0.19264573
2hs3_FGR_A_2166,0.56620243,0.63641381,0.040575474,0.1529426,0.53805148,0.16714726,0.19264573
2ht8_G39_A_800,0.56620243,0.63641381,0.040575474,0.1529426,0.53805148,0.16714726,0.19264573
2huu_ALA_A_701,0.56620243,0.63641381,0.040575474,0.1529426,0.53805148,0.16714726,0.19264573
2i1v_F6P_B_720,0,0.95616508,0.046290161,0.14763293,0.53314715,0.14568374,0.17311089
2i1v_FDP_B_710,0.56620243,0.63641381,0.040575474,0.1529426,0.53805148,0.16714726,0.19264573
2i6p_4NP_A_401,0.56620243,0.63641381,0.040575474,0.1529426,0.53805148,0.16714726,0.19264573
2iht_TPP_A_600,0.56620243,0.63641381,0.040575474,0.1529426,0.53805148,0.16714726,0.19264573
2iht_TPP_B_600,0.56620243,0.63641381,0.040575474,0.1529426,0.53805148,0.16714726,0.19264573
2iht_TPP_C_600,0.54072269,0.5978431,0.042546465,0,0.59060078,0.16134421,0.16308247
2ihu_TP9_A_600,0.56620243,0.63641381,0.040575474,0.1529426,0.53805148,0.16714726,0.19264573
2ihu_TP9_B_600,0.56620243,0.63641381,0.040575474,0.1529426,0.53805148,0.16714726,0.19264573
2ij7_TPF_A_2472,0.56620243,0.63641381,0.040575474,0.1529426,0.53805148,0.16714726,0.19264573
2ij7_TPF_B_2470,0.56620243,0.63641381,0.040575474,0.1529426,0.53805148,0.16714726,0.19264573
2ij7_TPF_D_2473,0.56620243,0.63641381,0.040575474,0.1529426,0.53805148,0.16714726,0.19264573
2ij7_TPF_F_2474,0.56620243,0.63641381,0.040575474,0.1529426,0.53805148,0.16714726,0.19264573
2ipf_FFA_B_4,0.56620243,0.63641381,0.040575474,0.1529426,0.53805148,0.16714726,0.19264573
2isf_PAC_A_317,0.56620243,0.63641381,0.040575474,0.1529426,0.53805148,0.16714726,0.19264573
2ixi_TYD_A_1182,0.56620243,0.63641381,0.040575474,0.1529426,0.53805148,0.16714726,0.19264573
2ixi_TYD_B_1182,0.56620243,0.63641381,0.040575474,0.1529426,0.53805148,0.16714726,0.19264573
2iyq_SKM_A_201,0.56620243,0.63641381,0.040575474,0.1529426,0.53805148,0.16714726,0.19264573
2izf_BTN_B_300,0.56620243,0.63641381,0.040575474,0.1529426,0.53805148,0.16714726,0.19264573
2izf_BTN_D_301,0.56620243,0.63641381,0.040575474,0.1529426,0.53805148,0.16714726,0.19264573
2j1s_FUL_B_1153,0.56620243,0.63641381,0.040575474,0.1529426,0.53805148,0.16714726,0.19264573
2j5b_TYE_A_1336,0.56620243,0.63641381,0.040575474,0.1529426,0.53805148,0.16714726,0.19264573
2j5b_TYE_B_1338,0.56620243,0.63641381,0.040575474,0.1529426,0.53805148,0.16714726,0.19264573
2j5z_GAL_A_1278,0.56620243,0.63641381,0.040575474,0.1529426,0.53805148,0.16714726,0.19264573
2j9e_AKG_C_1119,0.56620243,0.63641381,0.040575474,0.1529426,0.53805148,0.16714726,0.19264573
2jav_5Z5_A_1280,0.56620243,0.63641381,0.040575474,0.1529426,0.53805148,0.16714726,0.19264573
2jfv_FLC_A_1271,0.56620243,0.63641381,0.040575474,0.1529426,0.53805148,0.16714726,0.19264573
2jhp_GUN_A_1647,0.56620243,0.63641381,0.040575474,0.1529426,0.53805148,0.16714726,0.19264573
2jhp_GUN_A_1648,0.56620243,0.63641381,0.040575474,0.1529426,0.53805148,0.16714726,0.19264573
2ji6_TPW_A_1566,0.56620243,0.63641381,0.040575474,0.1529426,0.53805148,0.16714726,0.19264573
2jig_PD2_A_1254,0.56620243,0.63641381,0.040575474,0.1529426,0.53805148,0.16714726,0.19264573
2no7_LDC_A_401,0.56620243,0.63641381,0.040575474,0.1529426,0.53805148,0.16714726,0.19264573
2no7_LDC_B_401,0.56620243,0.63641381,0.040575474,0.1529426,0.53805148,0.16714726,0.19264573
2nos_AGU_A_903,0.56620243,0.63641381,0.040575474,0.1529426,0.53805148,0.16714726,0.19264573
2npq_BOG_A_1000,0.56620243,0.63641381,0.040575474,0.1529426,0.53805148,0.16714726,0.19264573
2npq_BOG_A_2000,0.56620243,0.63641381,0.040575474,0.1529426,0.53805148,0.16714726,0.19264573
2nry_STU_B_502,0.56620243,0.63641381,0.040575474,0.1529426,0.53805148,0.16714726,0.19264573
2nry_STU_C_503,0.56620243,0.63641381,0.040575474,0.1529426,0.53805148,0.16714726,0.19264573
2nry_STU_D_501,0.56620243,0.63641381,0.040575474,0.1529426,0.53805148,0.16714726,0.19264573
2ntk_IMP_A_205,0.56620243,0.63641381,0.040575474,0.1529426,0.53805148,0.16714726,0.19264573
2ntk_IMP_B_206,0.56620243,0.63641381,0.040575474,0.1529426,0.53805148,0.16714726,0.19264573
2ntk_IMP_D_208,0,0,0.077566312,0.035152469,0.72621775,0.076156886,0
2nu7_COA_B_1025,0.56620243,0.63641381,0.040575474,0.1529426,0.53805148,0.16714726,0.19264573
2nu7_COA_B_1325,0.56620243,0.63641381,0.040575474,0.1529426,0.53805148,0.16714726,0.19264573
2nu7_COA_E_1025,0.56620243,0.63641381,0.040575474,0.1529426,0.53805148,0.16714726,0.19264573
2nu7_COA_E_1325,0.56620243,0.63641381,0.040575474,0.1529426,0.53805148,0.16714726,0.19264573
2nz5_226_A_432,0.56620243,0.63641381,0.040575474,0.1529426,0.53805148,0.16714726,0.19264573
2nz5_226_B_432,0.56620243,0.63641381,0.040575474,0.1529426,0.53805148,0.16714726,0.19264573
2o1o_RIS_A_400,0.56620243,0.63641381,0.040575474,0.1529426,0.53805148,0.16714726,0.19264573
2o1o_RIS_B_400,0.56620243,0.63641381,0.040575474,0.1529426,0.53805148,0.16714726,0.19264573
2o7b_HC4_A_701,0.56620243,0.63641381,0.040575474,0.1529426,0.53805148,0.16714726,0.19264573
2o7b_HC4_D_701,0.56620243,0.63641381,0.040575474,0.1529426,0.53805148,0.16714726,0.19264573
2o7b_HC4_E_701,0.56620243,0.63641381,0.040575474,0.1529426,0.53805148,0.16714726,0.19264573
2o7b_HC4_G_701,0.56620243,0.63641381,0.040575474,0.1529426,0.53805148,0.16714726,0.19264573
2o7d_DHC_E_701,0.56620243,0.63641381,0.040575474,0.1529426,0.53805148,0.16714726,0.19264573
2o7d_DHC_G_701,0.56620243,0.63641381,0.040575474,0.1529426,0.53805148,0.16714726,0.19264573
2o7d_DHC_H_701,0.56620243,0.63641381,0.040575474,0.1529426,0.53805148,0.16714726,0.19264573
2oci_TYC_A_401,0.56620243,0.63641381,0.040575474,0.1529426,0.53805148,0.16714726,0.19264573
2okk_ABU_A_585,0.56620243,0.63641381,0.040575474,0.1529426,0.53805148,0.16714726,0.19264573
2ot7_OGA_A_500,0.56620243,0.63641381,0.040575474,0.1529426,0.53805148,0.16714726,0.19264573
2oxp_THP_A_300,0.56620243,0.63641381,0.040575474,0.1529426,0.53805148,0.16714726,0.19264573
2p1e_LAC_A_303,0.56620243,0.63641381,0.040575474,0.1529426,0.53805148,0.16714726,0.19264573
2pd5_ZST_A_600,0.56620243,0.63641381,0.040575474,0.1529426,0.53805148,0.16714726,0.19264573
2pin_LEG_A_501,0.56620243,0.63641381,0.040575474,0.1529426,0.53805148,0.16714726,0.19264573
2pin_LEG_B_502,0.56620243,0.63641381,0.040575474,0.1529426,0.53805148,0.16714726,0.19264573
2pir_DHT_A_931,0.56620243,0.63641381,0.040575474,0.1529426,0.53805148,0.16714726,0.19264573
2pir_NK_A_933,0.56620243,0.63641381,0.040575474,0.1529426,0.53805148,0.16714726,0.19264573
2pnz_UDP_A_250,0.56620243,0.63641381,0.040575474,0.1529426,0.53805148,0.16714726,0.19264573
2prg_BRL_A_1,0.56620243,0.63641381,0.040575474,0.1529426,0.53805148,0.16714726,0.19264573
2prl_ORO_A_399,0.56620243,0.63641381,0.040575474,0.1529426,0.53805148,0.16714726,0.19264573
2pt6_S4M_B_502,0.56620243,0.63641381,0.040575474,0.1529426,0.53805148,0.16714726,0.19264573
2ptm_CMP_A_401,0.56620243,0.63641381,0.040575474,0.1529426,0.53805148,0.16714726,0.19264573
2pvy_ACP_D_802,0.56620243,0.63641381,0.040575474,0.1529426,0.53805148,0.16714726,0.19264573
2q1a_2KT_X_295,0.56620243,0.63641381,0.040575474,0.1529426,0.53805148,0.16714726,0.19264573
2q28_TPP_A_4001,0.56620243,0.63641381,0.040575474,0.1529426,0.53805148,0.16714726,0.19264573
2q28_TPP_B_5001,0.56620243,0.63641381,0.040575474,0.1529426,0.53805148,0.16714726,0.19264573
2q6m_P34_A_1001,0.56620243,0.63641381,0.040575474,0.1529426,0.53805148,0.16714726,0.19264573
2qab_EI1_A_1,0.56620243,0.63641381,0.040575474,0.1529426,0.53805148,0.16714726,0.19264573
2qab_EI1_B_1,0.56620243,0.63641381,0.040575474,0.1529426,0.53805148,0.16714726,0.19264573
2qb3_PMP_A_700,0.56620243,0.63641381,0.040575474,0.1529426,0.53805148,0.16714726,0.19264573
2qb4_DSM_A_802,0.56620243,0.63641381,0.040575474,0.1529426,0.53805148,0.16714726,0.19264573
2qb4_LEU_A_601,0.56620243,0.63641381,0.040575474,0.1529426,0.53805148,0.16714726,0.19264573
2qca_DGP_A_200,0.56620243,0.63641381,0.040575474,0.1529426,0.53805148,0.16714726,0.19264573
2qcx_PF1_A_300,0.56620243,0.63641381,0.040575474,0.1529426,0.53805148,0.16714726,0.19264573
2qd1_CHD_D_802,0.56620243,0.63641381,0.040575474,0.1529426,0.53805148,0.16714726,0.19264573
2qd4_CHD_A_802,0.83353854,0.97158938,0.021914879,0.19203469,0.5434124,0.21028085,0.20358124
2qd4_CHD_A_803,0.56620243,0.63641381,0.040575474,0.1529426,0.53805148,0.16714726,0.19264573
2qd4_CHD_B_927,0.56620243,0.63641381,0.040575474,0.1529426,0.53805148,0.16714726,0.19264573
2qg6_NMN_A_301,0,0.96742342,0.045920519,0.14848014,0.53321769,0.14644791,0.17315051
2qgw_EES_B_1,0.56620243,0.63641381,0.040575474,0.1529426,0.53805148,0.16714726,0.19264573
2qhv_OC9_A_1001,0.56620243,0.63641381,0.040575474,0.1529426,0.53805148,0.16714726,0.19264573
2qim_ZEA_A_159,0.56620243,0.63641381,0.040575474,0.1529426,0.53805148,0.16714726,0.19264573
2qim_ZEA_A_160,0.56620243,0.63641381,0.040575474,0.1529426,0.53805148,0.16714726,0.19264573
2qim_ZEA_A_161,0.54072292,0.59784346,0.042546447,1.395384e-06,0.5906003,0.16134426,0.16308274
2qs2_UBF_A_603,0.56620243,0.63641381,0.040575474,0.1529426,0.53805148,0.16714726,0.19264573
2qse_1HP_A_1,0.56620243,0.63641381,0.040575474,0.1529426,0.53805148,0.16714726,0.19264573
2qui_LTN_A_501,0.56620243,0.63641381,0.040575474,0.1529426,0.53805148,0.16714726,0.19264573
2qui_LTN_B_478,0.56620243,0.63641381,0.040575474,0.1529426,0.53805148,0.16714726,0.19264573
2qvr_CIT_A_335,0.56620243,0.63641381,0.040575474,0.1529426,0.53805148,0.16714726,0.19264573
2qvr_FDP_A_333,0.56620243,0.63641381,0.040575474,0.1529426,0.53805148,0.16714726,0.19264573
2qx4_ML1_B_233,0.56620243,0.63641381,0.040575474,0.1529426,0.53805148,0.16714726,0.19264573
2qx9_ML2_A_233,0.56620243,0.63641381,0.040575474,0.1529426,0.53805148,0.16714726,0.19264573
2qxf_TMP_A_3000,0.56620243,0.63641381,0.040575474,0.1529426,0.53805148,0.16714726,0.19264573
2r0g_7CK_A_1355,0.56620243,0.63641381,0.040575474,0.1529426,0.53805148,0.16714726,0.19264573
2r0g_7CK_B_1357,0.56620243,0.63641381,0.040575474,0.1529426,0.53805148,0.16714726,0.19264573
2r3d_ACM_A_303,0.72149965,0.99277008,0.020969395,0.2018758,0.50930413,0.99574523,0.2201607
2r4j_13P_A_1968,0.56620243,0.63641381,0.040575474,0.1529426,0.53805148,0.16714726,0.19264573
2r4j_13P_B_816,0.56620243,0.63641381,0.040575474,0.1529426,0.53805148,0.16714726,0.19264573
2r4t_250_A_503,0.56620243,0.63641381,0.040575474,0.1529426,0.53805148,0.16714726,0.19264573
2r4t_GLC_A_502,0.56620243,0.63641381,0.040575474,0.1529426,0.53805148,0.16714726,0.19264573
2r5e_QLP_A_430,0.56620243,0.63641381,0.040575474,0.1529426,0.53805148,0.16714726,0.19264573
2r5e_QLP_B_430,0.56620243,0.63641381,0.040575474,0.1529426,0.53805148,0.16714726,0.19264573
2rbu_273_X_4001,0.56620243,0.63641381,0.040575474,0.1529426,0.53805148,0.16714726,0.19264573
2rbx_3AY_X_2001,0.56620243,0.63641381,0.040575474,0.1529426,0.53805148,0.16714726,0.19264573
2ri1_GLP_B_234,0.56620243,0.63641381,0.040575474,0.1529426,0.53805148,0.16714726,0.19264573
2rtn_IMI_B_300,0.56620243,0.63641381,0.040575474,0.1529426,0.53805148,0.16714726,0.19264573
2rtn_IMI_D_300,0.56620243,0.63641381,0.040575474,0.1529426,0.53805148,0.16714726,0.19264573
2tio_BEN_A_247,0.56620243,0.63641381,0.040575474,0.1529426,0.53805148,0.16714726,0.19264573
2tmk_ATM_A_217,0.56620243,0.63641381,0.040575474,0.1529426,0.53805148,0.16714726,0.19264573
2tmk_ATM_B_217,0.52375607,0.59857878,0.043037761,0.14654007,0.54385262,0,0.18743935
2uuj_896_B_1250,0.56620243,0.63641381,0.040575474,0.1529426,0.53805148,0.16714726,0.19264573
2uyv_TLA_A_1275,0.56620243,0.63641381,0.040575474,0.1529426,0.53805148,0.16714726,0.19264573
2uyv_TLA_A_1277,0.56620243,0.63641381,0.040575474,0.1529426,0.53805148,0.16714726,0.19264573
2uyv_TLA_B_1275,0.56620243,0.63641381,0.040575474,0.1529426,0.53805148,0.16714726,0.19264573
2uyv_TLA_C_1275,0.56620243,0.63641381,0.040575474,0.1529426,0.53805148,0.16714726,0.19264573
2uyv_TLA_D_1275,0.56620243,0.63641381,0.040575474,0.1529426,0.53805148,0.16714726,0.19264573
2uza_HTL_B_1236,0.56620243,0.63641381,0.040575474,0.1529426,0.53805148,0.16714726,0.19264573
2v32_BEZ_A_1222,0.56620243,0.63641381,0.040575474,0.1529426,0.53805148,0.16714726,0.19264573
2v32_BEZ_C_1222,0.56620243,0.63641381,0.040575474,0.1529426,0.53805148,0.16714726,0.19264573
2v32_BEZ_D_1221,0.56620243,0.63641381,0.040575474,0.1529426,0.53805148,0.16714726,0.19264573
2v60_C17_A_1503,0.56620243,0.63641381,0.040575474,0.1529426,0.53805148,0.16714726,0.19264573
2v60_C17_B_1498,0.56620243,0.63641381,0.040575474,0.1529426,0.53805148,0.16714726,0.19264573
2v7o_DRN_A_1303,0.56620243,0.63641381,0.040575474,0.1529426,0.53805148,0.16714726,0.19264573
2vag_V25_A_1482,0.99211943,0.9788465,0.016698654,0.11354765,0.99213639,0.21334551,0
2vjb_CCD_A_1539,0.56620243,0.63641381,0.040575474,0.1529426,0.53805148,0.16714726,0.19264573
2vjb_CCD_A_1540,0.54072269,0.5978431,0.042546465,7.650809e-77,0.59060078,0.16134421,0.16308247
2vkg_CF4_A_1064,0.56620243,0.63641381,0.040575474,0.1529426,0.53805148,0.16714726,0.19264573
2vlf_PLI_A_1457,0.56620243,0.63641381,0.040575474,0.1529426,0.53805148,0.16714726,0.19264573
2vlf_PLI_B_1459,0.56620243,0.63641381,0.040575474,0.1529426,0.53805148,0.16714726,0.19264573
2vmg_MBG_A_1179,0.56620243,0.63641381,0.040575474,0.1529426,0.53805148,0.16714726,0.19264573
2vmp_PLP_A_501,0.56620243,0.63641381,0.040575474,0.1529426,0.53805148,0.16714726,0.19264573
2vmw_PLP_A_501,0.56620243,0.63641381,0.040575474,0.1529426,0.53805148,0.16714726,0.19264573
2vsu_V55_D_1251,0.0038107567,0.98219135,0.045326524,0.14978914,0.53335669,0.14774082,0.17334154
2vzu_PNJ_B_1904,0.56620243,0.63641381,0.040575474,0.1529426,0.53805148,0.16714726,0.19264573
2w0b_CMW_A_1450,0.56620243,0.63641381,0.040575474,0.1529426,0.53805148,0.16714726,0.19264573
2w1a_TSA_D_1091,0.56620243,0.63641381,0.040575474,0.1529426,0.53805148,0.16714726,0.19264573
2w5t_GP9_A_1644,0.56620243,0.63641381,0.040575474,0.1529426,0.53805148,0.16714726,0.19264573
2w7k_PLP_A_501,0.56620243,0.63641381,0.040575474,0.1529426,0.53805148,0.16714726,0.19264573
2wch_B7M_A_1145,0.56620243,0.63641381,0.040575474,0.1529426,0.53805148,0.16714726,0.19264573
2wdq_CBE_G_1130,0.56620243,0.63641381,0.040575474,0.1529426,0.53805148,0.16714726,0.19264573
2wdq_CBE_K_1130,0.56620243,0.63641381,0.040575474,0.1529426,0.53805148,0.16714726,0.19264573
2wdq_TEO_A_1589,0.56620243,0.63641381,0.040575474,0.1529426,0.53805148,0.16714726,0.19264573
2wdq_TEO_E_1589,0.56620243,0.63641381,0.040575474,0.1529426,0.53805148,0.16714726,0.19264573
2wdq_TEO_I_1589,0.54072269,0.5978431,0.042546465,0,0.59060078,0.16134421,0.16308247
2whq_HI6_A_1543,0.56620243,0.63641381,0.040575474,0.1529426,0.53805148,0.16714726,0.19264573
2whq_HI6_B_1545,0.56620243,0.63641381,0.040575474,0.1529426,0.53805148,0.16714726,0.19264573
2wj4_HQD_A_1281,0.56620243,0.63641381,0.040575474,0.1529426,0.53805148,0.16714726,0.19264573
2wj4_HQD_B_1278,0.56620243,0.63641381,0.040575474,0.1529426,0.53805148,0.16714726,0.19264573
2wj4_HQD_D_1278,0.56620243,0.63641381,0.040575474,0.1529426,0.53805148,0.16714726,0.19264573
2wu4_HBP_A_1544,0.56620243,0.63641381,0.040575474,0.1529426,0.53805148,0.16714726,0.19264573
2wzh_NGO_A_1589,0.98786212,0.98723503,0.014278204,0.99007224,0.26294928,0.23621678,0.36277749
2wzv_FMN_A_801,0.56620243,0.63641381,0.040575474,0.1529426,0.53805148,0.16714726,0.19264573
2wzv_FMN_B_801,0.56620243,0.63641381,0.040575474,0.1529426,0.53805148,0.16714726,0.19264573
2x05_X05_A_1900,0.56620243,0.63641381,0.040575474,0.1529426,0.53805148,0.16714726,0.19264573
2x05_X05_B_1900,0.56620243,0.63641381,0.040575474,0.1529426,0.53805148,0.16714726,0.19264573
2x0u_X0U_B_1291,0.56620243,0.63641381,0.040575474,0.1529426,0.53805148,0.16714726,0.19264573
2x6o_2TC_A_1209,0.56620243,0.63641381,0.040575474,0.1529426,0.53805148,0.16714726,0.19264573
2xh0_PEP_A_1440,0.56620243,0.63641381,0.040575474,0.1529426,0.53805148,0.16714726,0.19264573
2xh0_PEP_B_1440,0.56620243,0.63641381,0.040575474,0.1529426,0.53805148,0.16714726,0.19264573
2xh0_PEP_C_1440,0.98802835,0.9482127,0.014862581,0.21212884,0.51270731,0.99553368,0.22944515
2xhk_AKG_A_519,0.56620243,0.63641381,0.040575474,0.1529426,0.53805148,0.16714726,0.19264573
2xhk_AKG_B_519,0.56620243,0.63641381,0.040575474,0.1529426,0.53805148,0.16714726,0.19264573
2xmi_FLC_A_1379,0.56620243,0.63641381,0.040575474,0.1529426,0.53805148,0.16714726,0.19264573
2xoz_AMP_B_1664,0.56620243,0.63641381,0.040575474,0.1529426,0.53805148,0.16714726,0.19264573
2xta_TPP_A_2001,0.56620243,0.63641381,0.040575474,0.1529426,0.53805148,0.16714726,0.19264573
2xta_TPP_B_2001,0.56620243,0.63641381,0.040575474,0.1529426,0.53805148,0.16714726,0.19264573
2xta_TPP_C_2001,0.56620243,0.63641381,0.040575474,0.1529426,0.53805148,0.16714726,0.19264573
2xta_TPP_D_2001,0.56620243,0.63641381,0.040575474,0.1529426,0.53805148,0.16714726,0.19264573
2xul_AKG_A_201,0.56620243,0.63641381,0.040575474,0.1529426,0.53805148,0.16714726,0.19264573
2xul_AKG_B_201,0.56620243,0.63641381,0.040575474,0.1529426,0.53805148,0.16714726,0.19264573
2xul_AKG_C_201,0.56620243,0.63641381,0.040575474,0.1529426,0.53805148,0.16714726,0.19264573
2xul_AKG_D_201,0.56620243,0.63641381,0.040575474,0.1529426,0.53805148,0.16714726,0.19264573
2xul_AKG_E_201,0.99308964,0.9127243,5.6692382e-69,0.19597871,0.54496161,0.21854934,0.20924398
2xul_AKG_F_201,0.56620243,0.63641381,0.040575474,0.1529426,0.53805148,0.16714726,0.19264573
2xum_OGA_A_601,0.56620243,0.63641381,0.040575474,0.1529426,0.53805148,0.16714726,0.19264573
2xyj_WLM_A_1441,0.56620243,0.63641381,0.040575474,0.1529426,0.53805148,0.16714726,0.19264573
2xyj_WLM_A_1442,0.56620243,0.63641381,0.040575474,0.1529426,0.53805148,0.16714726,0.19264573
2xyj_WLM_B_1441,0.56620243,0.63641381,0.040575474,0.1529426,0.53805148,0.16714726,0.19264573
2xyj_WLM_B_1442,0.56620243,0.63641381,0.040575474,0.1529426,0.53805148,0.16714726,0.19264573
2y00_Y00_A_601,0.56620243,0.63641381,0.040575474,0.1529426,0.53805148,0.16714726,0.19264573
2y2f_YI1_A_1469,0.56620243,0.63641381,0.040575474,0.1529426,0.53805148,0.16714726,0.19264573
2y4j_LAC_A_400,0.56620243,0.63641381,0.040575474,0.1529426,0.53805148,0.16714726,0.19264573
2y4j_LAC_B_400,0.56620243,0.63641381,0.040575474,0.1529426,0.53805148,0.16714726,0.19264573
2ye5_2A7_A_1224,0.99016123,0.8793011,0.020319036,0.16578591,0.68504063,0.21297364,0.13642138
2yi6_6QM_A_1225,0.56620243,0.63641381,0.040575474,0.1529426,0.53805148,0.16714726,0.19264573
2yjd_YJD_A_1498,0.56620243,0.63641381,0.040575474,0.1529426,0.53805148,0.16714726,0.19264573
2yjd_YJD_B_1498,0.56620243,0.63641381,0.040575474,0.1529426,0.53805148,0.16714726,0.19264573
2ynf_WHU_A_1563,0.56620243,0.63641381,0.040575474,0.1529426,0.53805148,0.16714726,0.19264573
2yp6_C6W_B_1186,0.56620243,0.63641381,0.040575474,0.1529426,0.53805148,0.16714726,0.19264573
2z20_PLP_A_701,0.56620243,0.63641381,0.040575474,0.1529426,0.53805148,0.16714726,0.19264573
2z20_PLP_B_801,0.56620243,0.63641381,0.040575474,0.1529426,0.53805148,0.16714726,0.19264573
2z26_DOR_A_1410,0.56620243,0.63641381,0.040575474,0.1529426,0.53805148,0.16714726,0.19264573
2z48_A2G_A_1005,0.56620243,0.63641381,0.040575474,0.1529426,0.53805148,0.16714726,0.19264573
2z48_A2G_B_2005,0.56620243,0.63641381,0.040575474,0.1529426,0.53805148,0.16714726,0.19264573
2z48_NGA_A_1002,0.56620243,0.63641381,0.040575474,0.1529426,0.53805148,0.16714726,0.19264573
2z48_NGA_A_1003,0.56620243,0.63641381,0.040575474,0.1529426,0.53805148,0.16714726,0.19264573
2z48_NGA_A_1004,0.56620243,0.63641381,0.040575474,0.1529426,0.53805148,0.16714726,0.19264573
2z48_NGA_A_1006,0.56620243,0.63641381,0.040575474,0.1529426,0.53805148,0.16714726,0.19264573
2z48_NGA_B_2002,0.56620243,0.63641381,0.040575474,0.1529426,0.53805148,0.16714726,0.19264573
2z48_NGA_B_2003,0.56620243,0.63641381,0.040575474,0.1529426,0.53805148,0.16714726,0.19264573
2z48_NGA_B_2004,0.56620243,0.63641381,0.040575474,0.1529426,0.53805148,0.16714726,0.19264573
2z48_NGA_B_2006,0.56620243,0.63641381,0.040575474,0.1529426,0.53805148,0.16714726,0.19264573
2z6j_TUI_A_501,0.56620243,0.63641381,0.040575474,0.1529426,0.53805148,0.16714726,0.19264573
2z7s_P01_A_1,0.56620243,0.63641381,0.040575474,0.1529426,0.53805148,0.16714726,0.19264573
2zce_PYL_A_601,0.56620243,0.63641381,0.040575474,0.1529426,0.53805148,0.16714726,0.19264573
2zgw_ADN_B_1302,0.56620243,0.63641381,0.040575474,0.1529426,0.53805148,0.16714726,0.19264573
2zgw_BTN_A_1401,0.56620243,0.63641381,0.040575474,0.1529426,0.53805148,0.16714726,0.19264573
2zgw_BTN_B_1402,0.56620243,0.63641381,0.040575474,0.1529426,0.53805148,0.16714726,0.19264573
2zi2_24U_H_801,0.56620243,0.63641381,0.040575474,0.1529426,0.53805148,0.16714726,0.19264573
2zka_AZA_A_302,0.56620243,0.63641381,0.040575474,0.1529426,0.53805148,0.16714726,0.19264573
2zm7_ACA_A_501,0.56620243,0.63641381,0.040575474,0.1529426,0.53805148,0.16714726,0.19264573
2zm9_ACA_A_501,0.56620243,0.63641381,0.040575474,0.1529426,0.53805148,0.16714726,0.19264573
2ztl_3HL_A_301,0.56620243,0.63641381,0.040575474,0.1529426,0.53805148,0.16714726,0.19264573
2ztl_3HL_B_301,0.56620243,0.63641381,0.040575474,0.1529426,0.53805148,0.16714726,0.19264573
2ztl_3HL_C_301,0.56620243,0.63641381,0.040575474,0.1529426,0.53805148,0.16714726,0.19264573
2ztl_3HL_D_301,0.56620243,0.63641381,0.040575474,0.1529426,0.53805148,0.16714726,0.19264573
2zut_A2G_A_4001,0.56620243,0.63641381,0.040575474,0.1529426,0.53805148,0.16714726,0.19264573
2zut_A2G_C_4003,0.56620243,0.63641381,0.040575474,0.1529426,0.53805148,0.16714726,0.19264573
2zuw_NDG_B_4002,0.56620243,0.63641381,0.040575474,0.1529426,0.53805148,0.16714726,0.19264573
2zuw_NDG_D_4004,0.56620243,0.63641381,0.040575474,0.1529426,0.53805148,0.16714726,0.19264573
2zvq_1NP_X_501,0.56620243,0.63641381,0.040575474,0.1529426,0.53805148,0.16714726,0.19264573
2zvq_1NP_X_502,0.56620243,0.63641381,0.040575474,0.1529426,0.53805148,0.16714726,0.19264573
2zwt_CAM_A_422,0.56620243,0.63641381,0.040575474,0.1529426,0.53805148,0.16714726,0.19264573
2zyv_NPO_X_1601,0.56620243,0.63641381,0.040575474,0.1529426,0.53805148,0.16714726,0.19264573
2zyv_NPO_X_1602,0.56620243,0.63641381,0.040575474,0.1529426,0.53805148,0.16714726,0.19264573
3kt7_AKG_A_702,0.56620243,0.63641381,0.040575474,0.1529426,0.53805148,0.16714726,0.19264573
3mk1_NPO_A_911,0.56620243,0.63641381,0.040575474,0.1529426,0.53805148,0.16714726,0.19264573
3mk1_NPO_A_913,0.56620243,0.63641381,0.040575474,0.1529426,0.53805148,0.16714726,0.19264573
3qfx_CP6_B_702,0.56620243,0.63641381,0.040575474,0.1529426,0.53805148,0.16714726,0.19264573
3qgz_ADN_A_127,0.56620243,0.63641381,0.040575474,0.1529426,0.53805148,0.16714726,0.19264573
3qhd_795_A_167,0.56620243,0.63641381,0.040575474,0.1529426,0.53805148,0.16714726,0.19264573
3qhd_CTN_A_165,0.56620243,0.63641381,0.040575474,0.1529426,0.53805148,0.16714726,0.19264573
3qhd_CTN_B_165,0.56620243,0.63641381,0.040575474,0.1529426,0.53805148,0.16714726,0.19264573
3qk1_BEN_A_1010,0.56620243,0.63641381,0.040575474,0.1529426,0.53805148,0.16714726,0.19264573
3qss_MTG_A_405,0.56620243,0.63641381,0.040575474,0.1529426,0.53805148,0.16714726,0.19264573
3qss_MTG_B_405,0.56620243,0.63641381,0.040575474,0.1529426,0.53805148,0.16714726,0.19264573
3qt8_FM0_A_328,0.56620243,0.63641381,0.040575474,0.1529426,0.53805148,0.16714726,0.19264573
3qwi_CUE_A_272,0.56620243,0.63641381,0.040575474,0.1529426,0.53805148,0.16714726,0.19264573
3qwi_CUE_B_272,0.56620243,0.63641381,0.040575474,0.1529426,0.53805148,0.16714726,0.19264573
3qxx_8AC_A_221,0.56620243,0.63641381,0.040575474,0.1529426,0.53805148,0.16714726,0.19264573
3r3z_GOA_A_305,0.56620243,0.63641381,0.040575474,0.1529426,0.53805148,0.16714726,0.19264573
3r3z_GOA_B_305,0.56620243,0.63641381,0.040575474,0.1529426,0.53805148,0.16714726,0.19264573
3r3z_GOA_C_305,0.56620243,0.63641381,0.040575474,0.1529426,0.53805148,0.16714726,0.19264573
3r3z_GOA_D_305,0.56620243,0.63641381,0.040575474,0.1529426,0.53805148,0.16714726,0.19264573
3r51_MMA_A_200,0.56620243,0.63641381,0.040575474,0.1529426,0.53805148,0.16714726,0.19264573
3rgz_BLD_A_800,0.56620243,0.63641381,0.040575474,0.1529426,0.53805148,0.16714726,0.19264573
3ro7_TDR_A_300,0.56620243,0.63641381,0.040575474,0.1529426,0.53805148,0.16714726,0.19264573
3roe_THM_B_265,0.56620243,0.63641381,0.040575474,0.1529426,0.53805148,0.16714726,0.19264573
3roe_THM_C_265,0.56620243,0.63641381,0.040575474,0.1529426,0.53805148,0.16714726,0.19264573
3roe_THM_D_265,0.56620243,0.63641381,0.040575474,0.1529426,0.53805148,0.16714726,0.19264573
3roe_THM_E_265,0.56620243,0.63641381,0.040575474,0.1529426,0.53805148,0.16714726,0.19264573
3roe_THM_F_265,0.56620243,0.63641381,0.040575474,0.1529426,0.53805148,0.16714726,0.19264573
3rop_NCA_A_302,0.56620243,0.63641381,0.040575474,0.1529426,0.53805148,0.16714726,0.19264573
3rop_NCA_B_302,0.56620243,0.63641381,0.040575474,0.1529426,0.53805148,0.16714726,0.19264573
3rsc_TYD_A_397,0.56620243,0.63641381,0.040575474,0.1529426,0.53805148,0.16714726,0.19264573
3rsc_TYD_B_397,0.56620243,0.63641381,0.040575474,0.1529426,0.53805148,0.16714726,0.19264573
3ryd_SRT_A_271,0.56620243,0.63641381,0.040575474,0.1529426,0.53805148,0.16714726,0.19264573
3ryd_SRT_C_268,0.56620243,0.63641381,0.040575474,0.1529426,0.53805148,0.16714726,0.19264573
3se2_3AB_C_4,0.56620243,0.63641381,0.040575474,0.1529426,0.53805148,0.16714726,0.19264573
3se2_3AB_D_3,0.56620243,0.63641381,0.040575474,0.1529426,0.53805148,0.16714726,0.19264573
3se2_LDR_A_1,0.56620243,0.63641381,0.040575474,0.1529426,0.53805148,0.16714726,0.19264573
3sj1_DXC_X_75,0.56620243,0.63641381,0.040575474,0.1529426,0.53805148,0.16714726,0.19264573
3sjh_LAR_A_503,0.56620243,0.63641381,0.040575474,0.1529426,0.53805148,0.16714726,0.19264573
3sli_SKD_A_760,0.56620243,0.63641381,0.040575474,0.1529426,0.53805148,0.16714726,0.19264573
3sp6_IL2_A_901,0.56620243,0.63641381,0.040575474,0.1529426,0.53805148,0.16714726,0.19264573
3sru_Q26_X_169,0.56620243,0.63641381,0.040575474,0.1529426,0.53805148,0.16714726,0.19264573
3t3q_9PL_A_501,0.56620243,0.63641381,0.040575474,0.1529426,0.53805148,0.16714726,0.19264573
3t3q_9PL_B_501,0.56620243,0.63641381,0.040575474,0.1529426,0.53805148,0.16714726,0.19264573
3t3q_9PL_C_501,0.56620243,0.63641381,0.040575474,0.1529426,0.53805148,0.16714726,0.19264573
3t3q_9PL_D_501,0.56620243,0.63641381,0.040575474,0.1529426,0.53805148,0.16714726,0.19264573
3te7_TE7_A_1,0.56620243,0.63641381,0.040575474,0.1529426,0.53805148,0.16714726,0.19264573
3te7_TE7_B_1,0.56620243,0.63641381,0.040575474,0.1529426,0.53805148,0.16714726,0.19264573
3tky_N7I_A_369,0.56620243,0.63641381,0.040575474,0.1529426,0.53805148,0.16714726,0.19264573
3tky_N7I_B_369,0.56620243,0.63641381,0.040575474,0.1529426,0.53805148,0.16714726,0.19264573
3tky_N7I_C_369,0.56620243,0.63641381,0.040575474,0.1529426,0.53805148,0.16714726,0.19264573
3tky_N7I_D_369,0.56620243,0.63641381,0.040575474,0.1529426,0.53805148,0.16714726,0.19264573
3tye_XHP_B_901,0.56620243,0.63641381,0.040575474,0.1529426,0.53805148,0.16714726,0.19264573
3tye_XTZ_A_801,0.92288041,0,0.050998577,0.073886785,0.79584104,0.14574741,0.072034725
3tye_YTZ_B_902,0.56620243,0.63641381,0.040575474,0.1529426,0.53805148,0.16714726,0.19264573
3tyn_CXW_A_800,0.56620243,0.63641381,0.040575474,0.1529426,0.53805148,0.16714726,0.19264573
3tyn_CXW_B_800,0,0.98077541,0.04536216,0.10790767,0.73751396,0.14260648,0
3u1t_MLI_A_351,0.56620243,0.63641381,0.040575474,0.1529426,0.53805148,0.16714726,0.19264573
3u1t_MLI_B_350,0.56620243,0.63641381,0.040575474,0.1529426,0.53805148,0.16714726,0.19264573
3u3o_3QV_A_296,0.56620243,0.63641381,0.040575474,0.1529426,0.53805148,0.16714726,0.19264573
3u3o_3QV_A_297,0.56620243,0.63641381,0.040575474,0.1529426,0.53805148,0.16714726,0.19264573
3uu7_2OH_A_1,0.56620243,0.63641381,0.040575474,0.1529426,0.53805148,0.16714726,0.19264573
3uu7_2OH_B_1,0.56620243,0.63641381,0.040575474,0.1529426,0.53805148,0.16714726,0.19264573
3uud_EST_A_600,0.56620243,0.63641381,0.040575474,0.1529426,0.53805148,0.16714726,0.19264573
3uud_EST_B_600,0.56620243,0.63641381,0.040575474,0.1529426,0.53805148,0.16714726,0.19264573
3v1m_HPK_A_288,0.56620243,0.63641381,0.040575474,0.1529426,0.53805148,0.16714726,0.19264573
3v1s_0LH_B_401,0.56620243,0.63641381,0.040575474,0.1529426,0.53805148,0.16714726,0.19264573
3v1v_GST_A_511,0.56620243,0.63641381,0.040575474,0.1529426,0.53805148,0.16714726,0.19264573
3v7u_MTA_A_301,0.56620243,0.63641381,0.040575474,0.1529426,0.53805148,0.16714726,0.19264573
3v8n_5NB_A_301,0.56620243,0.63641381,0.040575474,0.1529426,0.53805148,0.16714726,0.19264573
3vbn_TYD_A_301,0.56620243,0.63641381,0.040575474,0.1529426,0.53805148,0.16714726,0.19264573
3vbn_TYD_C_301,0.56620243,0.63641381,0.040575474,0.1529426,0.53805148,0.16714726,0.19264573
3vbn_TYD_E_301,0.56620243,0.63641381,0.040575474,0.1529426,0.53805148,0.16714726,0.19264573
3vc3_C6P_A_501,0.56620243,0.63641381,0.040575474,0.1529426,0.53805148,0.16714726,0.19264573
3vc3_C6P_B_501,0.56620243,0.63641381,0.040575474,0.1529426,0.53805148,0.16714726,0.19264573
3vc3_C6P_D_501,0.56620243,0.63641381,0.040575474,0.1529426,0.53805148,0.16714726,0.19264573
3vc3_C6P_E_501,0.56620243,0.63641381,0.040575474,0.1529426,0.53805148,0.16714726,0.19264573
3vcp_PRO_A_502,0.56620243,0.63641381,0.040575474,0.1529426,0.53805148,0.16714726,0.19264573
3vmg_9CA_B_2001,0.56620243,0.63641381,0.040575474,0.1529426,0.53805148,0.16714726,0.19264573
3vnj_PSJ_A_301,0.56620243,0.63641381,0.040575474,0.1529426,0.53805148,0.16714726,0.19264573
3vnj_PSJ_B_301,0.56620243,0.63641381,0.040575474,0.1529426,0.53805148,0.16714726,0.19264573
3vnj_PSJ_C_301,0.56620243,0.63641381,0.040575474,0.1529426,0.53805148,0.16714726,0.19264573
3vnm_SDD_B_301,0.56620243,0.63641381,0.040575474,0.1529426,0.53805148,0.16714726,0.19264573
3vnm_SDD_C_301,0.56620243,0.63641381,0.040575474,0.1529426,0.53805148,0.16714726,0.19264573
3vnm_SDD_D_301,0,0,0,0.075970373,0.52717393,0.081102809,0.16984193
3vq4_0NX_A_304,0.56620243,0.63641381,0.040575474,0.1529426,0.53805148,0.16714726,0.19264573
3vq4_0NX_B_303,0.56620243,0.63641381,0.040575474,0.1529426,0.53805148,0.16714726,0.19264573
3vq5_MMJ_A_1007,0.56620243,0.63641381,0.040575474,0.1529426,0.53805148,0.16714726,0.19264573
3vq5_MMJ_B_307,0.56620243,0.63641381,0.040575474,0.1529426,0.53805148,0.16714726,0.19264573
3vqe_FMQ_A_1006,0.56620243,0.63641381,0.040575474,0.1529426,0.53805148,0.16714726,0.19264573
3vqe_FMQ_B_306,0.56620243,0.63641381,0.040575474,0.1529426,0.53805148,0.16714726,0.19264573
3vv5_SLZ_A_300,0.56620243,0.63641381,0.040575474,0.1529426,0.53805148,0.16714726,0.19264573
3vv5_SLZ_B_301,0.56620243,0.63641381,0.040575474,0.1529426,0.53805148,0.16714726,0.19264573
3w4i_8LG_A_402,0.56620243,0.63641381,0.040575474,0.1529426,0.53805148,0.16714726,0.19264573
3w4i_8LG_B_402,0.56620243,0.63641381,0.040575474,0.1529426,0.53805148,0.16714726,0.19264573
3w4i_8LG_C_402,0.56620243,0.63641381,0.040575474,0.1529426,0.53805148,0.16714726,0.19264573
3w4i_8LG_D_402,0.56620243,0.63641381,0.040575474,0.1529426,0.53805148,0.16714726,0.19264573
3w7f_FPS_A_301,0.56620243,0.63641381,0.040575474,0.1529426,0.53805148,0.16714726,0.19264573
3w7f_FPS_A_302,0.56620243,0.63641381,0.040575474,0.1529426,0.53805148,0.16714726,0.19264573
3w7f_FPS_B_301,0.56620243,0.63641381,0.040575474,0.1529426,0.53805148,0.16714726,0.19264573
3w7f_FPS_B_302,0.56620243,0.63641381,0.040575474,0.1529426,0.53805148,0.16714726,0.19264573
3w8x_FTK_A_601,0.56620243,0.63641381,0.040575474,0.1529426,0.53805148,0.16714726,0.19264573
3w8x_FTK_B_601,0.56620243,0.63641381,0.040575474,0.1529426,0.53805148,0.16714726,0.19264573
3wat_BGC_A_403,0.56620243,0.63641381,0.040575474,0.1529426,0.53805148,0.16714726,0.19264573
3wat_BGC_B_403,0.56620243,0.63641381,0.040575474,0.1529426,0.53805148,0.16714726,0.19264573
3wat_BMA_A_404,0.56620243,0.63641381,0.040575474,0.1529426,0.53805148,0.16714726,0.19264573
3wat_BMA_B_404,0.56620243,0.63641381,0.040575474,0.1529426,0.53805148,0.16714726,0.19264573
3wca_FPS_A_501,0.56620243,0.63641381,0.040575474,0.1529426,0.53805148,0.16714726,0.19264573
3wca_FPS_B_401,0.56620243,0.63641381,0.040575474,0.1529426,0.53805148,0.16714726,0.19264573
3wca_FPS_C_402,0,0.91551948,0,0.14476525,0.53288609,0.14313128,0.17303925
3wca_FPS_D_401,0.56620243,0.63641381,0.040575474,0.1529426,0.53805148,0.16714726,0.19264573
3wgc_PLG_A_401,0.56620243,0.63641381,0.040575474,0.1529426,0.53805148,0.16714726,0.19264573
3wgc_PLG_B_401,0.56620243,0.63641381,0.040575474,0.1529426,0.53805148,0.16714726,0.19264573
3wgc_PLG_C_401,0.56620243,0.63641381,0.040575474,0.1529426,0.53805148,0.16714726,0.19264573
3wgc_PLG_D_401,0.56620243,0.63641381,0.040575474,0.1529426,0.53805148,0.16714726,0.19264573
3wk1_O7E_A_301,0.56620243,0.63641381,0.040575474,0.1529426,0.53805148,0.16714726,0.19264573
3wlf_FEH_A_401,0.56620243,0.63641381,0.040575474,0.1529426,0.53805148,0.16714726,0.19264573
3wlf_FEH_B_401,0.99680978,0,0.048721338,0.04681131,0.95626562,0.14802394,0
3wlf_FEH_C_401,0.56620243,0.63641381,0.040575474,0.1529426,0.53805148,0.16714726,0.19264573
3wlf_FEH_D_401,0.99676535,0,0.04867979,0.041489098,0.99247392,0.14748072,0.019366173
3wqs_KBK_B_503,0.56620243,0.63641381,0.040575474,0.1529426,0.53805148,0.16714726,0.19264573
3wr4_GDE_B_502,0.56620243,0.63641381,0.040575474,0.1529426,0.53805148,0.16714726,0.19264573
3wsg_CIT_A_302,0.56620243,0.63641381,0.040575474,0.1529426,0.53805148,0.16714726,0.19264573
3wsg_CIT_B_302,0.56620243,0.63641381,0.040575474,0.1529426,0.53805148,0.16714726,0.19264573
3wsg_CIT_C_302,0.56620243,0.63641381,0.040575474,0.1529426,0.53805148,0.16714726,0.19264573
3wsg_CIT_D_302,0.56620243,0.63641381,0.040575474,0.1529426,0.53805148,0.16714726,0.19264573
3wsg_CIT_E_302,0.56620243,0.63641381,0.040575474,0.1529426,0.53805148,0.16714726,0.19264573
3wsg_CIT_F_302,0.56620243,0.63641381,0.040575474,0.1529426,0.53805148,0.16714726,0.19264573
3wug_XYP_B_1,0.56620243,0.63641381,0.040575474,0.1529426,0.53805148,0.16714726,0.19264573
3wug_XYP_C_2,0.56620243,0.63641381,0.040575474,0.1529426,0.53805148,0.16714726,0.19264573
3wur_O4B_A_202,0.56620243,0.63641381,0.040575474,0.1529426,0.53805148,0.16714726,0.19264573
3wur_O4B_B_201,0.56620243,0.63641381,0.040575474,0.1529426,0.53805148,0.16714726,0.19264573
3wur_O4B_B_202,0.56620243,0.63641381,0.040575474,0.1529426,0.53805148,0.16714726,0.19264573
3wur_O4B_B_204,0.56620243,0.63641381,0.040575474,0.1529426,0.53805148,0.16714726,0.19264573
3wwc_BUA_A_402,0.56620243,0.63641381,0.040575474,0.1529426,0.53805148,0.16714726,0.19264573
3wwc_BUA_A_403,0.97680429,0.98285024,0,0.2004049,0.54520084,0.22206066,0.20889502
3wxo_NIZ_A_802,0.56620243,0.63641381,0.040575474,0.1529426,0.53805148,0.16714726,0.19264573
3wxo_NIZ_A_803,0.56620243,0.63641381,0.040575474,0.1529426,0.53805148,0.16714726,0.19264573
3wxo_NIZ_A_804,0.56620243,0.63641381,0.040575474,0.1529426,0.53805148,0.16714726,0.19264573
3wzo_ZOE_A_201,0.56620243,0.63641381,0.040575474,0.1529426,0.53805148,0.16714726,0.19264573
3wzo_ZOE_B_201,0.56620243,0.63641381,0.040575474,0.1529426,0.53805148,0.16714726,0.19264573
3zbs_OVE_A_1380,0.56620243,0.63641381,0.040575474,0.1529426,0.53805148,0.16714726,0.19264573
3zcm_PX3_A_1214,0.56620243,0.63641381,0.040575474,0.1529426,0.53805148,0.16714726,0.19264573
3zcm_PX3_B_1216,0.56620243,0.63641381,0.040575474,0.1529426,0.53805148,0.16714726,0.19264573
3zjq_NCA_A_300,0.56620243,0.63641381,0.040575474,0.1529426,0.53805148,0.16714726,0.19264573
3zog_A2Q_A_200,0,0,0,0.075970373,0.52717393,0.081102809,0.16984193
3zp7_PRE_A_1118,0.56620243,0.63641381,0.040575474,0.1529426,0.53805148,0.16714726,0.19264573
3zr0_8OG_B_1157,0.56620243,0.63641381,0.040575474,0.1529426,0.53805148,0.16714726,0.19264573
3zv6_4HB_A_1277,0.56620243,0.63641381,0.040575474,0.1529426,0.53805148,0.16714726,0.19264573
3zwe_FUC_A_110,0.56620243,0.63641381,0.040575474,0.1529426,0.53805148,0.16714726,0.19264573
3zwt_KFZ_A_1401,0.56620243,0.63641381,0.040575474,0.1529426,0.53805148,0.16714726,0.19264573
3zwt_ORO_A_1398,0.56620243,0.63641381,0.040575474,0.1529426,0.53805148,0.16714726,0.19264573
3zyx_MBT_A_601,0.56620243,0.63641381,0.040575474,0.1529426,0.53805148,0.16714726,0.19264573
3zyx_MBT_B_601,0.56620243,0.63641381,0.040575474,0.1529426,0.53805148,0.16714726,0.19264573
3zzm_JLN_A_1526,0.56620243,0.63641381,0.040575474,0.1529426,0.53805148,0.16714726,0.19264573
3zzv_FUC_B_401,0,0.97359332,0.045231145,0.062395832,0.99761764,0.13755077,0
4a01_2PN_B_1773,0.56620243,0.63641381,0.040575474,0.1529426,0.53805148,0.16714726,0.19264573
4a3u_NCA_A_1359,0.56620243,0.63641381,0.040575474,0.1529426,0.53805148,0.16714726,0.19264573
4a7a_RGZ_A_601,0.56620243,0.63641381,0.040575474,0.1529426,0.53805148,0.16714726,0.19264573
4a7a_RGZ_B_601,0.56620243,0.63641381,0.040575474,0.1529426,0.53805148,0.16714726,0.19264573
4a7x_UDP_B_1241,0.56620243,0.63641381,0.040575474,0.1529426,0.53805148,0.16714726,0.19264573
4a8p_PAO_A_1340,0.56620243,0.63641381,0.040575474,0.1529426,0.53805148,0.16714726,0.19264573
4a8p_PAO_C_1340,0.56620243,0.63641381,0.040575474,0.1529426,0.53805148,0.16714726,0.19264573
4a8p_PAO_D_1340,0.56620243,0.63641381,0.040575474,0.1529426,0.53805148,0.16714726,0.19264573
4a8p_PAO_F_1340,0.56620243,0.63641381,0.040575474,0.1529426,0.53805148,0.16714726,0.19264573
4a9j_TYL_A_1188,0.56620243,0.63641381,0.040575474,0.1529426,0.53805148,0.16714726,0.19264573
4a9j_TYL_B_1187,0.56620243,0.63641381,0.040575474,0.1529426,0.53805148,0.16714726,0.19264573
4a9j_TYL_C_1184,0.56620243,0.63641381,0.040575474,0.1529426,0.53805148,0.16714726,0.19264573
4adl_LMR_D_1468,0.56620243,0.63641381,0.040575474,0.1529426,0.53805148,0.16714726,0.19264573
4adm_SRT_C_1466,0.56620243,0.63641381,0.040575474,0.1529426,0.53805148,0.16714726,0.19264573
4ajj_88R_B_1333,0.56620243,0.63641381,0.040575474,0.1529426,0.53805148,0.16714726,0.19264573
4ajj_88R_C_1335,0.56620243,0.63641381,0.040575474,0.1529426,0.53805148,0.16714726,0.19264573
4ajj_88S_A_1332,0.56620243,0.63641381,0.040575474,0.1529426,0.53805148,0.16714726,0.19264573
4ajj_88S_B_1332,0.56620243,0.63641381,0.040575474,0.1529426,0.53805148,0.16714726,0.19264573
4ajj_88S_C_1334,0.56620243,0.63641381,0.040575474,0.1529426,0.53805148,0.16714726,0.19264573
4ajj_88S_D_1332,0.56620243,0.63641381,0.040575474,0.1529426,0.53805148,0.16714726,0.19264573
4ajj_MLI_A_1333,0.56620243,0.63641381,0.040575474,0.1529426,0.53805148,0.16714726,0.19264573
4ajj_MLI_D_1333,0.56620243,0.63641381,0.040575474,0.1529426,0.53805148,0.16714726,0.19264573
4al9_GLA_A_1123,0.56620243,0.63641381,0.040575474,0.1529426,0.53805148,0.16714726,0.19264573
4al9_GLA_B_1123,0.56620243,0.63641381,0.040575474,0.1529426,0.53805148,0.16714726,0.19264573
4al9_GLA_C_1123,0.56620243,0.63641381,0.040575474,0.1529426,0.53805148,0.16714726,0.19264573
4al9_GLA_D_1123,0.56620243,0.63641381,0.040575474,0.1529426,0.53805148,0.16714726,0.19264573
4al9_GLA_E_1123,0.56620243,0.63641381,0.040575474,0.1529426,0.53805148,0.16714726,0.19264573
4al9_GLA_G_1123,0.56620243,0.63641381,0.040575474,0.1529426,0.53805148,0.16714726,0.19264573
4aql_TXC_A_1452,0.56620243,0.63641381,0.040575474,0.1529426,0.53805148,0.16714726,0.19264573
4aw0_MJF_A_600,0.56620243,0.63641381,0.040575474,0.1529426,0.53805148,0.16714726,0.19264573
4b1f_DGL_A_1257,0.56620243,0.63641381,0.040575474,0.1529426,0.53805148,0.16714726,0.19264573
4b1f_DGL_B_1256,0.56620243,0.63641381,0.040575474,0.1529426,0.53805148,0.16714726,0.19264573
4b1f_KRH_A_1256,0.56620243,0.63641381,0.040575474,0.1529426,0.53805148,0.16714726,0.19264573
4b1f_KRH_B_1257,0,0.95203713,0.046425693,0.1473223,0.53312129,0.14540356,0.17309636
4b1y_LAB_B_1376,0.56620243,0.63641381,0.040575474,0.1529426,0.53805148,0.16714726,0.19264573
4b5v_E8U_A_1253,0.56620243,0.63641381,0.040575474,0.1529426,0.53805148,0.16714726,0.19264573
4b5v_E8U_B_1254,0.56620243,0.63641381,0.040575474,0.1529426,0.53805148,0.16714726,0.19264573
4b98_PXG_A_470,0.56620243,0.63641381,0.040575474,0.1529426,0.53805148,0.16714726,0.19264573
4b98_PXG_B_470,0.56620243,0.63641381,0.040575474,0.1529426,0.53805148,0.16714726,0.19264573
4b98_PXG_D_470,0.56620243,0.63641381,0.040575474,0.1529426,0.53805148,0.16714726,0.19264573
4bbx_LKF_A_1760,0.56620243,0.63641381,0.040575474,0.1529426,0.53805148,0.16714726,0.19264573
4bdr_CYS_B_804,0.56620243,0.63641381,0.040575474,0.1529426,0.53805148,0.16714726,0.19264573
4bdr_KAI_B_900,0.56620243,0.63641381,0.040575474,0.1529426,0.53805148,0.16714726,0.19264573
4bq5_GAL_C_1,0.56620243,0.63641381,0.040575474,0.1529426,0.53805148,0.16714726,0.19264573
4bu7_25F_A_2165,0.56620243,0.63641381,0.040575474,0.1529426,0.53805148,0.16714726,0.19264573
4bu7_25F_C_2165,0.56620243,0.63641381,0.040575474,0.1529426,0.53805148,0.16714726,0.19264573
4buf_F36_A_2162,0.56620243,0.63641381,0.040575474,0.1529426,0.53805148,0.16714726,0.19264573
4buf_F36_B_2162,0.56620243,0.63641381,0.040575474,0.1529426,0.53805148,0.16714726,0.19264573
4buv_16I_A_2165,0.56620243,0.63641381,0.040575474,0.1529426,0.53805148,0.16714726,0.19264573
4bux_F35_A_2166,0.56620243,0.63641381,0.040575474,0.1529426,0.53805148,0.16714726,0.19264573
4bvh_OCZ_A_1393,0.56620243,0.63641381,0.040575474,0.1529426,0.53805148,0.16714726,0.19264573
4bvh_OCZ_C_1394,0.98447356,0,0.049029737,0.038368753,0.9984219,0.14624591,0
4bz6_SHH_B_700,0.56620243,0.63641381,0.040575474,0.1529426,0.53805148,0.16714726,0.19264573
4bz6_SHH_C_700,0.56620243,0.63641381,0.040575474,0.1529426,0.53805148,0.16714726,0.19264573
4bz6_SHH_D_700,0.56620243,0.63641381,0.040575474,0.1529426,0.53805148,0.16714726,0.19264573
4c2p_X8Z_A_709,0.56620243,0.63641381,0.040575474,0.1529426,0.53805148,0.16714726,0.19264573
4c2z_646_A_1498,0.95322667,0.96358836,0.018750235,0.19764161,0.54482239,0.21886298,0.20792053
4c7g_NGO_A_1495,0.56620243,0.63641381,0.040575474,0.1529426,0.53805148,0.16714726,0.19264573
4can_M7K_A_800,0.56620243,0.63641381,0.040575474,0.1529426,0.53805148,0.16714726,0.19264573
4can_M7K_B_800,0.56620243,0.63641381,0.040575474,0.1529426,0.53805148,0.16714726,0.19264573
4cb5_93G_A_1484,0.56620243,0.63641381,0.040575474,0.1529426,0.53805148,0.16714726,0.19264573
4cdt_M48_A_801,0.56620243,0.63641381,0.040575474,0.1529426,0.53805148,0.16714726,0.19264573
4cdt_M48_B_801,0.56620243,0.63641381,0.040575474,0.1529426,0.53805148,0.16714726,0.19264573
4cjs_L0Y_A_1217,0.56620243,0.63641381,0.040575474,0.1529426,0.53805148,0.16714726,0.19264573
4cjs_L0Y_B_1217,0.56620243,0.63641381,0.040575474,0.1529426,0.53805148,0.16714726,0.19264573
4cju_JNS_A_1217,0.56620243,0.63641381,0.040575474,0.1529426,0.53805148,0.16714726,0.19264573
4cju_JNS_B_1214,0.56620243,0.63641381,0.040575474,0.1529426,0.53805148,0.16714726,0.19264573
4cjv_IV2_A_1212,0.56620243,0.63641381,0.040575474,0.1529426,0.53805148,0.16714726,0.19264573
4cjv_IV2_B_1215,0.56620243,0.63641381,0.040575474,0.1529426,0.53805148,0.16714726,0.19264573
4cjw_CBJ_A_1215,0.56620243,0.63641381,0.040575474,0.1529426,0.53805148,0.16714726,0.19264573
4cjw_CBJ_A_1216,0.56620243,0.63641381,0.040575474,0.1529426,0.53805148,0.16714726,0.19264573
4cjw_CBJ_B_1217,0.56620243,0.63641381,0.040575474,0.1529426,0.53805148,0.16714726,0.19264573
4cjw_CBJ_B_1218,0.56620243,0.63641381,0.040575474,0.1529426,0.53805148,0.16714726,0.19264573
4cld_JUO_B_1270,0.56620243,0.63641381,0.040575474,0.1529426,0.53805148,0.16714726,0.19264573
4cld_JUO_C_1270,0.56620243,0.63641381,0.040575474,0.1529426,0.53805148,0.16714726,0.19264573
4cld_JUO_D_1270,0.56620243,0.63641381,0.040575474,0.1529426,0.53805148,0.16714726,0.19264573
4cle_JR2_A_1270,0.56620243,0.63641381,0.040575474,0.1529426,0.53805148,0.16714726,0.19264573
4cle_JR2_A_1271,0.56620243,0.63641381,0.040575474,0.1529426,0.53805148,0.16714726,0.19264573
4cle_JR2_C_1270,0.52375607,0.59857878,0.043037761,0.14654007,0.54385262,0,0.18743935
4cle_JR2_D_1270,0.54072269,0.5978431,0.042546465,1.0113227e-43,0.59060078,0.16134421,0.16308247
4cle_JR2_D_1271,0.56620243,0.63641381,0.040575474,0.1529426,0.53805148,0.16714726,0.19264573
4clo_XP0_B_1270,0.56620243,0.63641381,0.040575474,0.1529426,0.53805148,0.16714726,0.19264573
4clo_XP0_D_1270,0.56620243,0.63641381,0.040575474,0.1529426,0.53805148,0.16714726,0.19264573
4clr_FDB_B_1270,0.56620243,0.63641381,0.040575474,0.1529426,0.53805148,0.16714726,0.19264573
4clr_FDB_C_1270,0.56620243,0.63641381,0.040575474,0.1529426,0.53805148,0.16714726,0.19264573
4clr_FDB_D_1270,0.56620243,0.63641381,0.040575474,0.1529426,0.53805148,0.16714726,0.19264573
4cme_KTZ_A_1270,0.56620243,0.63641381,0.040575474,0.1529426,0.53805148,0.16714726,0.19264573
4cme_KTZ_C_1270,0.56620243,0.63641381,0.040575474,0.1529426,0.53805148,0.16714726,0.19264573
4cme_KTZ_D_1270,0.56620243,0.63641381,0.040575474,0.1529426,0.53805148,0.16714726,0.19264573
4cmk_FQW_A_1270,0.56620243,0.63641381,0.040575474,0.1529426,0.53805148,0.16714726,0.19264573
4cmk_FQW_C_1270,0.56620243,0.63641381,0.040575474,0.1529426,0.53805148,0.16714726,0.19264573
4cmk_FQW_D_1270,0.56620243,0.63641381,0.040575474,0.1529426,0.53805148,0.16714726,0.19264573
4cno_9PY_D_301,0.56620243,0.63641381,0.040575474,0.1529426,0.53805148,0.16714726,0.19264573
4cpp_ADM_A_422,0.56620243,0.63641381,0.040575474,0.1529426,0.53805148,0.16714726,0.19264573
4crg_J4X_A_1493,0.56620243,0.63641381,0.040575474,0.1529426,0.53805148,0.16714726,0.19264573
4cw2_XDS_A_1303,0.56620243,0.63641381,0.040575474,0.1529426,0.53805148,0.16714726,0.19264573
4cx6_Q16_A_800,0.56620243,0.63641381,0.040575474,0.1529426,0.53805148,0.16714726,0.19264573
4cx6_Q16_B_800,0.56620243,0.63641381,0.040575474,0.1529426,0.53805148,0.16714726,0.19264573
4cxr_2BG_A_502,0.56620243,0.63641381,0.040575474,0.1529426,0.53805148,0.16714726,0.19264573
4d06_NAR_A_301,0.56620243,0.63641381,0.040575474,0.1529426,0.53805148,0.16714726,0.19264573
4d06_NAR_D_302,0.56620243,0.63641381,0.040575474,0.1529426,0.53805148,0.16714726,0.19264573
4d06_NAR_F_301,0.56620243,0.63641381,0.040575474,0.1529426,0.53805148,0.16714726,0.19264573
4d06_NAR_F_302,0.56620243,0.63641381,0.040575474,0.1529426,0.53805148,0.16714726,0.19264573
4d06_X8W_B_301,0.56620243,0.63641381,0.040575474,0.1529426,0.53805148,0.16714726,0.19264573
4d06_X8W_D_303,0.56620243,0.63641381,0.040575474,0.1529426,0.53805148,0.16714726,0.19264573
4d0z_BBK_E_1584,0.56620243,0.63641381,0.040575474,0.1529426,0.53805148,0.16714726,0.19264573
4d2c_ALA_A_508,0.56620243,0.63641381,0.040575474,0.1529426,0.53805148,0.16714726,0.19264573
4d3s_BOG_F_1000,0.56620243,0.63641381,0.040575474,0.1529426,0.53805148,0.16714726,0.19264573
4d3s_BOG_H_1000,0.56620243,0.63641381,0.040575474,0.1529426,0.53805148,0.16714726,0.19264573
4d4u_FUC_A_950,0.56620243,0.63641381,0.040575474,0.1529426,0.53805148,0.16714726,0.19264573
4d5e_TPP_B_1590,0.56620243,0.63641381,0.040575474,0.1529426,0.53805148,0.16714726,0.19264573
4d96_5PA_A_501,0.56620243,0.63641381,0.040575474,0.1529426,0.53805148,0.16714726,0.19264573
4d96_5PA_C_402,0.56620243,0.63641381,0.040575474,0.1529426,0.53805148,0.16714726,0.19264573
4d96_5PA_D_501,0.56620243,0.63641381,0.040575474,0.1529426,0.53805148,0.16714726,0.19264573
4dab_HPA_A_301,0.56620243,0.63641381,0.040575474,0.1529426,0.53805148,0.16714726,0.19264573
4dch_4DC_A_502,0.56620243,0.63641381,0.040575474,0.1529426,0.53805148,0.16714726,0.19264573
4dch_GLC_A_501,0.56620243,0.63641381,0.040575474,0.1529426,0.53805148,0.16714726,0.19264573
4dd8_BAT_A_1000,0.56620243,0.63641381,0.040575474,0.1529426,0.53805148,0.16714726,0.19264573
4dd8_BAT_B_1000,0.56620243,0.63641381,0.040575474,0.1529426,0.53805148,0.16714726,0.19264573
4dd8_BAT_C_1000,0.56620243,0.63641381,0.040575474,0.1529426,0.53805148,0.16714726,0.19264573
4dd8_BAT_D_1000,0.56620243,0.63641381,0.040575474,0.1529426,0.53805148,0.16714726,0.19264573
4do1_ANN_A_502,0.56620243,0.63641381,0.040575474,0.1529426,0.53805148,0.16714726,0.19264573
4do1_ANN_B_502,0.56620243,0.63641381,0.040575474,0.1529426,0.53805148,0.16714726,0.19264573
4do1_ANN_C_502,0.56620243,0.63641381,0.040575474,0.1529426,0.53805148,0.16714726,0.19264573
4dt8_ADN_A_401,0,0.99032548,0.045168581,0.15020356,0.53336116,0.14800239,0.17323111
4dt8_ADN_B_401,0.56620243,0.63641381,0.040575474,0.1529426,0.53805148,0.16714726,0.19264573
4dta_ADN_A_401,0.56620243,0.63641381,0.040575474,0.1529426,0.53805148,0.16714726,0.19264573
4dta_ADN_B_401,0.56620243,0.63641381,0.040575474,0.1529426,0.53805148,0.16714726,0.19264573
4dtb_GMP_A_401,0.56620243,0.63641381,0.040575474,0.1529426,0.53805148,0.16714726,0.19264573
4dtb_GMP_B_401,0.56620243,0.63641381,0.040575474,0.1529426,0.53805148,0.16714726,0.19264573
4du7_DP6_B_401,0.56620243,0.63641381,0.040575474,0.1529426,0.53805148,0.16714726,0.19264573
4dvw_0M4_A_512,0.56620243,0.63641381,0.040575474,0.1529426,0.53805148,0.16714726,0.19264573
4dvw_0M4_B_512,0.56620243,0.63641381,0.040575474,0.1529426,0.53805148,0.16714726,0.19264573
4dwv_PFB_A_378,0.56620243,0.63641381,0.040575474,0.1529426,0.53805148,0.16714726,0.19264573
4dwv_PFB_B_378,0.56620243,0.63641381,0.040575474,0.1529426,0.53805148,0.16714726,0.19264573
4e7v_CRS_A_101,0.56620243,0.63641381,0.040575474,0.1529426,0.53805148,0.16714726,0.19264573
4e7v_CRS_C_101,0.56620243,0.63641381,0.040575474,0.1529426,0.53805148,0.16714726,0.19264573
4e7v_CRS_I_101,0.56620243,0.63641381,0.040575474,0.1529426,0.53805148,0.16714726,0.19264573
4e7v_CRS_K_101,0.56620243,0.63641381,0.040575474,0.1529426,0.53805148,0.16714726,0.19264573
4e7v_CRS_M_101,0.99555703,0.98743952,0.016698663,0.20196499,0.54444714,0.22673155,0.21015607
4e7v_CRS_O_101,0.56620243,0.63641381,0.040575474,0.1529426,0.53805148,0.16714726,0.19264573
4e7v_CRS_Q_101,0.56620243,0.63641381,0.040575474,0.1529426,0.53805148,0.16714726,0.19264573
4e7v_CRS_U_101,0.56620243,0.63641381,0.040575474,0.1529426,0.53805148,0.16714726,0.19264573
4e9z_651_A_301,0.56620243,0.63641381,0.040575474,0.1529426,0.53805148,0.16714726,0.19264573
4ea0_651_B_305,0.56620243,0.63641381,0.040575474,0.1529426,0.53805148,0.16714726,0.19264573
4eip_K2C_A_601,0.56620243,0.63641381,0.040575474,0.1529426,0.53805148,0.16714726,0.19264573
4ejh_0QA_D_502,0.56620243,0.63641381,0.040575474,0.1529426,0.53805148,0.16714726,0.19264573
4ejh_0QA_E_502,0.72563523,9.265573e-05,0,0.11355168,0.53601065,0.13635427,0.19630362
4ejh_0QA_F_502,0.56620243,0.63641381,0.040575474,0.1529426,0.53805148,0.16714726,0.19264573
4ek1_CAM_A_502,0.56620243,0.63641381,0.040575474,0.1529426,0.53805148,0.16714726,0.19264573
4ek1_CAM_B_502,0.56620243,0.63641381,0.040575474,0.1529426,0.53805148,0.16714726,0.19264573
4ekr_0R0_A_202,0.56620243,0.63641381,0.040575474,0.1529426,0.53805148,0.16714726,0.19264573
4ekr_0R0_A_203,0.56620243,0.63641381,0.040575474,0.1529426,0.53805148,0.16714726,0.19264573
4ekr_0R0_B_203,0.56620243,0.63641381,0.040575474,0.1529426,0.53805148,0.16714726,0.19264573
4evi_C9M_A_402,0.56620243,0.63641381,0.040575474,0.1529426,0.53805148,0.16714726,0.19264573
4evq_PHB_A_406,0.56620243,0.63641381,0.040575474,0.1529426,0.53805148,0.16714726,0.19264573
4evq_PHB_B_402,0.56620243,0.63641381,0.040575474,0.1529426,0.53805148,0.16714726,0.19264573
4evs_PHB_A_408,0.56620243,0.63641381,0.040575474,0.1529426,0.53805148,0.16714726,0.19264573
4f06_PHB_A_401,0.56620243,0.63641381,0.040575474,0.1529426,0.53805148,0.16714726,0.19264573
4f8n_GAL_A_204,0.56620243,0.63641381,0.040575474,0.1529426,0.53805148,0.16714726,0.19264573
4f8n_PC_A_202,0.56620243,0.63641381,0.040575474,0.1529426,0.53805148,0.16714726,0.19264573
4fa2_SB0_A_402,0.56620243,0.63641381,0.040575474,0.1529426,0.53805148,0.16714726,0.19264573
4fh7_TBP_A_202,0.56620243,0.63641381,0.040575474,0.1529426,0.53805148,0.16714726,0.19264573
4fm6_TYR_C_259,0.56620243,0.63641381,0.040575474,0.1529426,0.53805148,0.16714726,0.19264573
4fxr_BMP_A_301,0.56620243,0.63641381,0.040575474,0.1529426,0.53805148,0.16714726,0.19264573
4fxr_BMP_B_301,0.56620243,0.63641381,0.040575474,0.1529426,0.53805148,0.16714726,0.19264573
4g1q_T27_A_601,0.56620243,0.63641381,0.040575474,0.1529426,0.53805148,0.16714726,0.19264573
4g1x_TQU_A_409,0.56620243,0.63641381,0.040575474,0.1529426,0.53805148,0.16714726,0.19264573
4g1x_TQU_A_410,0.56620243,0.63641381,0.040575474,0.1529426,0.53805148,0.16714726,0.19264573
4gcq_0JM_A_401,0.56620243,0.63641381,0.040575474,0.1529426,0.53805148,0.16714726,0.19264573
4gcq_0JM_B_401,0.56620243,0.63641381,0.040575474,0.1529426,0.53805148,0.16714726,0.19264573
4gh8_MTX_B_201,0.56620243,0.63641381,0.040575474,0.1529426,0.53805148,0.16714726,0.19264573
4ghf_4NC_A_402,0.56620243,0.63641381,0.040575474,0.1529426,0.53805148,0.16714726,0.19264573
4ghf_4NC_C_402,0.56620243,0.63641381,0.040575474,0.1529426,0.53805148,0.16714726,0.19264573
4ghf_4NC_D_402,0.56620243,0.63641381,0.040575474,0.1529426,0.53805148,0.16714726,0.19264573
4gim_PSU_A_400,0.56620243,0.63641381,0.040575474,0.1529426,0.53805148,0.16714726,0.19264573
4gim_PSU_B_400,0.56620243,0.63641381,0.040575474,0.1529426,0.53805148,0.16714726,0.19264573
4gim_PSU_C_400,0.56620243,0.63641381,0.040575474,0.1529426,0.53805148,0.16714726,0.19264573
4gps_CIT_A_501,0.56620243,0.63641381,0.040575474,0.1529426,0.53805148,0.16714726,0.19264573
4gt9_MEF_A_304,0.56620243,0.63641381,0.040575474,0.1529426,0.53805148,0.16714726,0.19264573
4gy9_ZIP_A_201,0.99409346,0.98823186,0.016637972,0.17570094,0.67768399,0.2208313,0.14095346
4h0x_LAR_B_403,0.54072269,0.5978431,0.042546465,1.6227145e-41,0.59060078,0.16134421,0.16308247
4h4c_10D_B_402,0.56620243,0.63641381,0.040575474,0.1529426,0.53805148,0.16714726,0.19264573
4h9x_HL4_A_404,0.56620243,0.63641381,0.040575474,0.1529426,0.53805148,0.16714726,0.19264573
4hey_4MZ_A_307,0.56620243,0.63641381,0.040575474,0.1529426,0.53805148,0.16714726,0.19264573
4hey_4MZ_A_308,0.56620243,0.63641381,0.040575474,0.1529426,0.53805148,0.16714726,0.19264573
4hez_1MZ_A_302,0.56620243,0.63641381,0.040575474,0.1529426,0.53805148,0.16714726,0.19264573
4hez_1MZ_A_307,0.56620243,0.63641381,0.040575474,0.1529426,0.53805148,0.16714726,0.19264573
4hgg_SYN_A_502,0.56620243,0.63641381,0.040575474,0.1529426,0.53805148,0.16714726,0.19264573
4hmx_WUB_A_302,0.56620243,0.63641381,0.040575474,0.1529426,0.53805148,0.16714726,0.19264573
4hon_AKG_A_401,0.56620243,0.63641381,0.040575474,0.1529426,0.53805148,0.16714726,0.19264573
4hon_AKG_B_401,0.56620243,0.63641381,0.040575474,0.1529426,0.53805148,0.16714726,0.19264573
4hoz_GLC_A_703,0.56620243,0.63641381,0.040575474,0.1529426,0.53805148,0.16714726,0.19264573
4hrq_AZG_A_201,0.56620243,0.63641381,0.040575474,0.1529426,0.53805148,0.16714726,0.19264573
4hrq_AZG_B_201,0.56620243,0.63641381,0.040575474,0.1529426,0.53805148,0.16714726,0.19264573
4hxk_1AJ_A_201,0.56620243,0.63641381,0.040575474,0.1529426,0.53805148,0.16714726,0.19264573
4hzf_CMP_A_301,0.48825785,0.99347446,0.028758083,0.85692209,0.29780738,0.19668164,0.322341
4hzf_CMP_A_302,0.8709495,0.98035391,0.020555831,0.19463499,0.54392369,0.21372802,0.20497722
4hzf_CMP_B_301,0.56620243,0.63641381,0.040575474,0.1529426,0.53805148,0.16714726,0.19264573
4i02_CMP_A_301,0.56620243,0.63641381,0.040575474,0.1529426,0.53805148,0.16714726,0.19264573
4i02_CMP_A_302,0.56620243,0.63641381,0.040575474,0.1529426,0.53805148,0.16714726,0.19264573
4i02_CMP_B_301,0.56620243,0.63641381,0.040575474,0.1529426,0.53805148,0.16714726,0.19264573
4i02_CMP_B_302,0.56620243,0.63641381,0.040575474,0.1529426,0.53805148,0.16714726,0.19264573
4i02_CMP_C_301,0.56620243,0.63641381,0.040575474,0.1529426,0.53805148,0.16714726,0.19264573
4i0b_CMP_A_301,0.56620243,0.63641381,0.040575474,0.1529426,0.53805148,0.16714726,0.19264573
4i0b_CMP_A_302,0.56620243,0.63641381,0.040575474,0.1529426,0.53805148,0.16714726,0.19264573
4i0b_CMP_B_301,0.89837496,0.99509246,0.019286579,0.19716683,0.5443506,0.21681936,0.20602985
4i0g_1B9_A_504,0.56620243,0.63641381,0.040575474,0.1529426,0.53805148,0.16714726,0.19264573
4i4v_NGA_A_201,0.56620243,0.63641381,0.040575474,0.1529426,0.53805148,0.16714726,0.19264573
4i4v_NGA_A_202,0.96863382,0.93122381,0.019371659,0.19600539,0.54480758,0.21784089,0.20836884
4i4v_NGA_B_202,0.56620243,0.63641381,0.040575474,0.1529426,0.53805148,0.16714726,0.19264573
4i4v_NGA_D_201,0.56620243,0.63641381,0.040575474,0.1529426,0.53805148,0.16714726,0.19264573
4i6s_FUC_A_102,0.56620243,0.63641381,0.040575474,0.1529426,0.53805148,0.16714726,0.19264573
4i6s_FUC_B_101,0.56620243,0.63641381,0.040575474,0.1529426,0.53805148,0.16714726,0.19264573
4i6s_FUC_C_101,0.56620243,0.63641381,0.040575474,0.1529426,0.53805148,0.16714726,0.19264573
4i6w_1CO_A_501,0.56620243,0.63641381,0.040575474,0.1529426,0.53805148,0.16714726,0.19264573
4i6w_1CO_B_1001,0.56620243,0.63641381,0.040575474,0.1529426,0.53805148,0.16714726,0.19264573
4i6y_MEV_A_501,0.56620243,0.63641381,0.040575474,0.1529426,0.53805148,0.16714726,0.19264573
4i6y_MEV_B_1001,0.56620243,0.63641381,0.040575474,0.1529426,0.53805148,0.16714726,0.19264573
4i9n_1E5_A_402,0.56620243,0.63641381,0.040575474,0.1529426,0.53805148,0.16714726,0.19264573
4i9n_1E5_D_402,0.56620243,0.63641381,0.040575474,0.1529426,0.53805148,0.16714726,0.19264573
4i9n_1E5_G_402,0.56620243,0.63641381,0.040575474,0.1529426,0.53805148,0.16714726,0.19264573
4i9n_1E5_H_402,0.56620243,0.63641381,0.040575474,0.1529426,0.53805148,0.16714726,0.19264573
4i9n_1E6_B_401,0.56620243,0.63641381,0.040575474,0.1529426,0.53805148,0.16714726,0.19264573
4i9n_1E6_C_401,0.97730695,0.97467738,0.017374701,0.1374105,0.8655176,0.21467555,0.044006934
4i9n_1E6_F_401,0.56620243,0.63641381,0.040575474,0.1529426,0.53805148,0.16714726,0.19264573
4i9n_1E6_G_401,0.56620243,0.63641381,0.040575474,0.1529426,0.53805148,0.16714726,0.19264573
4i9n_1E6_H_401,0.56620243,0.63641381,0.040575474,0.1529426,0.53805148,0.16714726,0.19264573
4ict_1ED_A_406,0.56620243,0.63641381,0.040575474,0.1529426,0.53805148,0.16714726,0.19264573
4ioq_BAQ_A_201,0.56620243,0.63641381,0.040575474,0.1529426,0.53805148,0.16714726,0.19264573
4iph_1FJ_A_201,0.56620243,0.63641381,0.040575474,0.1529426,0.53805148,0.16714726,0.19264573
4iph_1FJ_A_202,0.56620243,0.63641381,0.040575474,0.1529426,0.53805148,0.16714726,0.19264573
4itu_1HS_A_302,0.56620243,0.63641381,0.040575474,0.1529426,0.53805148,0.16714726,0.19264573
4itu_1HS_B_302,0.56620243,0.63641381,0.040575474,0.1529426,0.53805148,0.16714726,0.19264573
4itu_1HS_C_302,0.56620243,0.63641381,0.040575474,0.1529426,0.53805148,0.16714726,0.19264573
4itu_1HS_D_302,0.56620243,0.63641381,0.040575474,0.1529426,0.53805148,0.16714726,0.19264573
4ixw_IXW_A_302,0.56620243,0.63641381,0.040575474,0.1529426,0.53805148,0.16714726,0.19264573
4ixw_IXW_B_302,0.56620243,0.63641381,0.040575474,0.1529426,0.53805148,0.16714726,0.19264573
4j0k_EGR_B_501,0.56620243,0.63641381,0.040575474,0.1529426,0.53805148,0.16714726,0.19264573
4j4b_0TF_A_904,0.56620243,0.63641381,0.040575474,0.1529426,0.53805148,0.16714726,0.19264573
4j4b_0TF_B_301,0.56620243,0.63641381,0.040575474,0.1529426,0.53805148,0.16714726,0.19264573
4j7u_YTZ_C_802,0.56620243,0.63641381,0.040575474,0.1529426,0.53805148,0.16714726,0.19264573
4jb0_ENO_A_402,0.56620243,0.63641381,0.040575474,0.1529426,0.53805148,0.16714726,0.19264573
4jh6_FCN_A_202,0.56620243,0.63641381,0.040575474,0.1529426,0.53805148,0.16714726,0.19264573
4jhh_H35_A_201,0.56620243,0.63641381,0.040575474,0.1529426,0.53805148,0.16714726,0.19264573
4jm8_26D_A_302,0.56620243,0.63641381,0.040575474,0.1529426,0.53805148,0.16714726,0.19264573
4jmz_1M2_A_302,0.56620243,0.63641381,0.040575474,0.1529426,0.53805148,0.16714726,0.19264573
4jp3_CIT_A_301,0.56620243,0.63641381,0.040575474,0.1529426,0.53805148,0.16714726,0.19264573
4jwx_1N4_A_301,0.56620243,0.63641381,0.040575474,0.1529426,0.53805148,0.16714726,0.19264573
4jxh_HRC_A_301,0.56620243,0.63641381,0.040575474,0.1529426,0.53805148,0.16714726,0.19264573
4jzx_476_A_402,0.56620243,0.63641381,0.040575474,0.1529426,0.53805148,0.16714726,0.19264573
4jzx_476_B_402,0.56620243,0.63641381,0.040575474,0.1529426,0.53805148,0.16714726,0.19264573
4jzx_IPE_B_401,0.56620243,0.63641381,0.040575474,0.1529426,0.53805148,0.16714726,0.19264573
4k5g_Q13_A_803,0.56620243,0.63641381,0.040575474,0.1529426,0.53805148,0.16714726,0.19264573
4k5g_Q13_B_803,0.56620243,0.63641381,0.040575474,0.1529426,0.53805148,0.16714726,0.19264573
4k5u_GAL_A_301,0.56620243,0.63641381,0.040575474,0.1529426,0.53805148,0.16714726,0.19264573
4kcf_FMN_A_502,0.56620243,0.63641381,0.040575474,0.1529426,0.53805148,0.16714726,0.19264573
4kfj_1R0_A_202,0.56620243,0.63641381,0.040575474,0.1529426,0.53805148,0.16714726,0.19264573
4kp7_1UQ_A_503,0.56620243,0.63641381,0.040575474,0.1529426,0.53805148,0.16714726,0.19264573
4kp7_1UQ_B_502,0.56620243,0.63641381,0.040575474,0.1529426,0.53805148,0.16714726,0.19264573
4kqx_HIO_A_402,0.56620243,0.63641381,0.040575474,0.1529426,0.53805148,0.16714726,0.19264573
4kqx_HIO_B_401,0.80305821,0.92153853,0.024528509,0.20528611,0.44556243,0.20657905,0.25149608
4kux_FPS_B_405,0.52375607,0.59857878,0.043037761,0.14654007,0.54385262,0,0.18743935
4kwk_CSS_A_302,0.56620243,0.63641381,0.040575474,0.1529426,0.53805148,0.16714726,0.19264573
4kwl_3SS_A_302,0.98946674,0.99136081,0.017076558,0.29999866,0.062270548,0.23476515,0.62750063
4l1x_STR_A_402,0.56620243,0.63641381,0.040575474,0.1529426,0.53805148,0.16714726,0.19264573
4l1x_STR_B_402,0.56620243,0.63641381,0.040575474,0.1529426,0.53805148,0.16714726,0.19264573
4l4d_CAM_A_503,0.56620243,0.63641381,0.040575474,0.1529426,0.53805148,0.16714726,0.19264573
4l7p_M95_A_601,0.56620243,0.63641381,0.040575474,0.1529426,0.53805148,0.16714726,0.19264573
4l80_OXL_A_402,0.99550802,0.92323582,0.01845833,0.11827786,0.94922082,0.21081036,0.0016215964
4l80_OXL_B_402,0.56620243,0.63641381,0.040575474,0.1529426,0.53805148,0.16714726,0.19264573
4l80_OXL_C_402,0.56620243,0.63641381,0.040575474,0.1529426,0.53805148,0.16714726,0.19264573
4l80_OXL_D_402,0.56620243,0.63641381,0.040575474,0.1529426,0.53805148,0.16714726,0.19264573
4l80_OXL_E_402,0.56620243,0.63641381,0.040575474,0.1529426,0.53805148,0.16714726,0.19264573
4l80_OXL_F_402,0.56620243,0.63641381,0.040575474,0.1529426,0.53805148,0.16714726,0.19264573
4lcq_URQ_A_603,0.56620243,0.63641381,0.040575474,0.1529426,0.53805148,0.16714726,0.19264573
4lek_1DN_X_202,0.56620243,0.63641381,0.040575474,0.1529426,0.53805148,0.16714726,0.19264573
4lo1_GAL_A_301,0.56620243,0.63641381,0.040575474,0.1529426,0.53805148,0.16714726,0.19264573
4lo1_GAL_B_301,0.56620243,0.63641381,0.040575474,0.1529426,0.53805148,0.16714726,0.19264573
4lol_1YE_A_401,0.56620243,0.63641381,0.040575474,0.1529426,0.53805148,0.16714726,0.19264573
4lol_1YE_A_402,0.56620243,0.63641381,0.040575474,0.1529426,0.53805148,0.16714726,0.19264573
4luu_BTM_A_704,0.56620243,0.63641381,0.040575474,0.1529426,0.53805148,0.16714726,0.19264573
4lvb_20N_A_601,0.56620243,0.63641381,0.040575474,0.1529426,0.53805148,0.16714726,0.19264573
4lxi_22J_A_301,0.56620243,0.63641381,0.040575474,0.1529426,0.53805148,0.16714726,0.19264573
4lz7_1YW_B_804,0.56620243,0.63641381,0.040575474,0.1529426,0.53805148,0.16714726,0.19264573
4lz7_1YW_C_804,0.56620243,0.63641381,0.040575474,0.1529426,0.53805148,0.16714726,0.19264573
4lz7_GLU_A_802,0.56620243,0.63641381,0.040575474,0.1529426,0.53805148,0.16714726,0.19264573
4m2c_DAR_C_402,0.56620243,0.63641381,0.040575474,0.1529426,0.53805148,0.16714726,0.19264573
4m2c_DAR_D_402,0.56620243,0.63641381,0.040575474,0.1529426,0.53805148,0.16714726,0.19264573
4m54_AE5_A_403,0.56620243,0.63641381,0.040575474,0.1529426,0.53805148,0.16714726,0.19264573
4m72_M72_A_402,0.56620243,0.63641381,0.040575474,0.1529426,0.53805148,0.16714726,0.19264573
4m72_M72_B_402,0.56620243,0.63641381,0.040575474,0.1529426,0.53805148,0.16714726,0.19264573
4ma8_Z80_C_301,0.56620243,0.63641381,0.040575474,0.1529426,0.53805148,0.16714726,0.19264573
4mgj_CPZ_A_502,0.56620243,0.63641381,0.040575474,0.1529426,0.53805148,0.16714726,0.19264573
4mig_G3F_A_802,0.56620243,0.63641381,0.040575474,0.1529426,0.53805148,0.16714726,0.19264573
4mig_G3F_B_802,0.98360732,0.97552988,0.017556784,0.21303169,0.47691941,0.22339004,0.24324238
4mig_G3F_C_802,0.56620243,0.63641381,0.040575474,0.1529426,0.53805148,0.16714726,0.19264573
4mju_27S_A_501,0.56620243,0.63641381,0.040575474,0.1529426,0.53805148,0.16714726,0.19264573
4mog_G3F_A_802,0.56620243,0.63641381,0.040575474,0.1529426,0.53805148,0.16714726,0.19264573
4mol_2FG_A_802,0.56620243,0.63641381,0.040575474,0.1529426,0.53805148,0.16714726,0.19264573
4mol_2FG_B_802,0.56620243,0.63641381,0.040575474,0.1529426,0.53805148,0.16714726,0.19264573
4mol_2FG_D_802,0.56620243,0.63641381,0.040575474,0.1529426,0.53805148,0.16714726,0.19264573
4mop_2H5_A_802,0.56620243,0.63641381,0.040575474,0.1529426,0.53805148,0.16714726,0.19264573
4mop_2H5_C_703,0.56620243,0.63641381,0.040575474,0.1529426,0.53805148,0.16714726,0.19264573
4mpr_TPP_A_602,0.56620243,0.63641381,0.040575474,0.1529426,0.53805148,0.16714726,0.19264573
4mr7_2BV_A_501,0.56620243,0.63641381,0.040575474,0.1529426,0.53805148,0.16714726,0.19264573
4mr8_2BW_A_507,0.56620243,0.63641381,0.040575474,0.1529426,0.53805148,0.16714726,0.19264573
4mux_2E4_A_402,0.56620243,0.63641381,0.040575474,0.1529426,0.53805148,0.16714726,0.19264573
4n36_2F8_B_401,0.56620243,0.63641381,0.040575474,0.1529426,0.53805148,0.16714726,0.19264573
4n36_2F8_C_401,0.56620243,0.63641381,0.040575474,0.1529426,0.53805148,0.16714726,0.19264573
4n36_2F8_D_401,0.95954446,0.9240054,0,0.19508939,0.54462352,0.21675974,0.2080601
4n4j_HG1_A_605,0.56620243,0.63641381,0.040575474,0.1529426,0.53805148,0.16714726,0.19264573
4n4j_HG1_A_606,0.56620243,0.63641381,0.040575474,0.1529426,0.53805148,0.16714726,0.19264573
4n4j_HG1_A_607,0.56620243,0.63641381,0.040575474,0.1529426,0.53805148,0.16714726,0.19264573
4n94_2HO_A_401,0.56620243,0.63641381,0.040575474,0.1529426,0.53805148,0.16714726,0.19264573
4n9v_AZA_A_401,0.56620243,0.63641381,0.040575474,0.1529426,0.53805148,0.16714726,0.19264573
4n9v_AZA_A_402,0.56620243,0.63641381,0.040575474,0.1529426,0.53805148,0.16714726,0.19264573
4ndn_PPK_A_406,0.56620243,0.63641381,0.040575474,0.1529426,0.53805148,0.16714726,0.19264573
4ndn_PPK_C_404,0.56620243,0.63641381,0.040575474,0.1529426,0.53805148,0.16714726,0.19264573
4nf4_2JK_A_301,0.56620243,0.63641381,0.040575474,0.1529426,0.53805148,0.16714726,0.19264573
4ni1_2JX_A_203,0.56620243,0.63641381,0.040575474,0.1529426,0.53805148,0.16714726,0.19264573
4ni1_2JX_A_204,0.56620243,0.63641381,0.040575474,0.1529426,0.53805148,0.16714726,0.19264573
4nir_6DH_A_307,0.99514521,0,0.049729689,0.23181763,1.4013414e-09,0.16801366,0.4825221
4nir_6DH_A_308,0.56620243,0.63641381,0.040575474,0.1529426,0.53805148,0.16714726,0.19264573
4nkw_PLO_A_601,0.56620243,0.63641381,0.040575474,0.1529426,0.53805148,0.16714726,0.19264573
4nkw_PLO_B_601,0.56620243,0.63641381,0.040575474,0.1529426,0.53805148,0.16714726,0.19264573
4nkw_PLO_C_601,0.56620243,0.63641381,0.040575474,0.1529426,0.53805148,0.16714726,0.19264573
4nkw_PLO_D_601,0.56620243,0.63641381,0.040575474,0.1529426,0.53805148,0.16714726,0.19264573
4np7_DPJ_A_403,0.56620243,0.63641381,0.040575474,0.1529426,0.53805148,0.16714726,0.19264573
4npm_SIN_A_301,0.56620243,0.63641381,0.040575474,0.1529426,0.53805148,0.16714726,0.19264573
4npm_SIN_B_301,0.56620243,0.63641381,0.040575474,0.1529426,0.53805148,0.16714726,0.19264573
4nr9_ALY_A_2005,0.56620243,0.63641381,0.040575474,0.1529426,0.53805148,0.16714726,0.19264573
4nv0_MG7_A_403,0.56620243,0.63641381,0.040575474,0.1529426,0.53805148,0.16714726,0.19264573
4o7g_ASC_A_303,0.56620243,0.63641381,0.040575474,0.1529426,0.53805148,0.16714726,0.19264573
4o7g_ASC_B_303,0.56620243,0.63641381,0.040575474,0.1529426,0.53805148,0.16714726,0.19264573
4o7g_ASC_B_304,0.54072269,0.5978431,0.042546465,2.6980964e-56,0.59060078,0.16134421,0.16308247
4o95_245_A_602,0.56620243,0.63641381,0.040575474,0.1529426,0.53805148,0.16714726,0.19264573
4ocj_NDG_A_401,0.56620243,0.63641381,0.040575474,0.1529426,0.53805148,0.16714726,0.19264573
4ofu_DHT_A_1001,0.56620243,0.63641381,0.040575474,0.1529426,0.53805148,0.16714726,0.19264573
4ovl_1TD_B_308,0.56620243,0.63641381,0.040575474,0.1529426,0.53805148,0.16714726,0.19264573
4ox5_DAL_A_307,0.56620243,0.63641381,0.040575474,0.1529426,0.53805148,0.16714726,0.19264573
4oxy_1TN_A_302,0.56620243,0.63641381,0.040575474,0.1529426,0.53805148,0.16714726,0.19264573
4oxy_1TN_B_302,0.56620243,0.63641381,0.040575474,0.1529426,0.53805148,0.16714726,0.19264573
4oxy_1TN_D_302,0.56620243,0.63641381,0.040575474,0.1529426,0.53805148,0.16714726,0.19264573
4p7q_NAG_A_703,0.56620243,0.63641381,0.040575474,0.1529426,0.53805148,0.16714726,0.19264573
4p7q_NAG_A_704,0.56620243,0.63641381,0.040575474,0.1529426,0.53805148,0.16714726,0.19264573
4p8c_Y22_A_502,0.56620243,0.63641381,0.040575474,0.1529426,0.53805148,0.16714726,0.19264573
4pb4_PLP_A_401,0.56620243,0.63641381,0.040575474,0.1529426,0.53805148,0.16714726,0.19264573
4pb4_PLP_B_401,0.56620243,0.63641381,0.040575474,0.1529426,0.53805148,0.16714726,0.19264573
4pbr_2L7_A_401,0.56620243,0.63641381,0.040575474,0.1529426,0.53805148,0.16714726,0.19264573
4pik_MAN_A_501,0.56620243,0.63641381,0.040575474,0.1529426,0.53805148,0.16714726,0.19264573
4pik_MAN_A_502,0.9902741,0.97879827,0.017189977,0.20070807,0.54536963,0.22271991,0.20932593
4pik_MAN_B_503,0.56620243,0.63641381,0.040575474,0.1529426,0.53805148,0.16714726,0.19264573
4pik_MAN_C_503,0.56620243,0.63641381,0.040575474,0.1529426,0.53805148,0.16714726,0.19264573
4pik_MAN_D_503,0.56620243,0.63641381,0.040575474,0.1529426,0.53805148,0.16714726,0.19264573
4ptx_BGC_A_501,0.56620243,0.63641381,0.040575474,0.1529426,0.53805148,0.16714726,0.19264573
4ptx_BGC_B_501,0.56620243,0.63641381,0.040575474,0.1529426,0.53805148,0.16714726,0.19264573
4pxd_1AL_A_502,0.56620243,0.63641381,0.040575474,0.1529426,0.53805148,0.16714726,0.19264573
4q3a_2YC_A_904,0.56620243,0.63641381,0.040575474,0.1529426,0.53805148,0.16714726,0.19264573
4q3a_2YC_B_904,0.56620243,0.63641381,0.040575474,0.1529426,0.53805148,0.16714726,0.19264573
4q3a_2YC_C_904,0.56620243,0.63641381,0.040575474,0.1529426,0.53805148,0.16714726,0.19264573
4q3a_2YC_D_904,0.56620243,0.63641381,0.040575474,0.1529426,0.53805148,0.16714726,0.19264573
4q40_VAL_A_403,0.56620243,0.63641381,0.040575474,0.1529426,0.53805148,0.16714726,0.19264573
4q40_VAL_B_403,0.56620243,0.63641381,0.040575474,0.1529426,0.53805148,0.16714726,0.19264573
4q40_VAL_C_404,0.56620243,0.63641381,0.040575474,0.1529426,0.53805148,0.16714726,0.19264573
4q40_VAL_D_403,0.56620243,0.63641381,0.040575474,0.1529426,0.53805148,0.16714726,0.19264573
4qbz_D80_A_917,0.56620243,0.63641381,0.040575474,0.1529426,0.53805148,0.16714726,0.19264573
4qbz_D80_B_901,0.99623849,0.9781326,0.016592254,0.11419454,0.99207644,0.21369511,0
4qe1_RUU_A_403,0.56620243,0.63641381,0.040575474,0.1529426,0.53805148,0.16714726,0.19264573
4qpe_37E_A_901,0.99374267,0,0,0.12742768,0.53927484,0.15675997,0.20608024
4qxc_OGA_A_600,0.56620243,0.63641381,0.040575474,0.1529426,0.53805148,0.16714726,0.19264573
4qya_LU2_A_201,0.56620243,0.63641381,0.040575474,0.1529426,0.53805148,0.16714726,0.19264573
4qya_LU2_B_201,0.56620243,0.63641381,0.040575474,0.1529426,0.53805148,0.16714726,0.19264573
4r08_URI_A_901,0.56620243,0.63641381,0.040575474,0.1529426,0.53805148,0.16714726,0.19264573
4r08_URI_B_901,0.56620243,0.63641381,0.040575474,0.1529426,0.53805148,0.16714726,0.19264573
4r2n_PHE_D_402,0.74142151,0.96054985,0.0257468,0.24948574,0.022532918,0.20817673,1.5079407e-08
4r2n_PLP_A_401,0.56620243,0.63641381,0.040575474,0.1529426,0.53805148,0.16714726,0.19264573
4r2n_PLP_B_401,0.56620243,0.63641381,0.040575474,0.1529426,0.53805148,0.16714726,0.19264573
4r3n_3GQ_B_404,0.56620243,0.63641381,0.040575474,0.1529426,0.53805148,0.16714726,0.19264573
4rg3_ECE_A_603,0.56620243,0.63641381,0.040575474,0.1529426,0.53805148,0.16714726,0.19264573
4rii_TYD_A_401,0.56620243,0.63641381,0.040575474,0.1529426,0.53805148,0.16714726,0.19264573
4rii_TYD_B_401,0.56620243,0.63641381,0.040575474,0.1529426,0.53805148,0.16714726,0.19264573
4rje_PYR_B_402,0.56620243,0.63641381,0.040575474,0.1529426,0.53805148,0.16714726,0.19264573
4rje_PYR_D_402,0.56620243,0.63641381,0.040575474,0.1529426,0.53805148,0.16714726,0.19264573
4rkz_3S4_A_402,0.56620243,0.63641381,0.040575474,0.1529426,0.53805148,0.16714726,0.19264573
4rm3_FOA_A_1000,0.56620243,0.63641381,0.040575474,0.1529426,0.53805148,0.16714726,0.19264573
4rm3_FOA_B_1000,0.56620243,0.63641381,0.040575474,0.1529426,0.53805148,0.16714726,0.19264573
4rp9_ASC_A_501,0.54151883,0.59904828,0.04248488,0.0047800268,0.58895873,0.16152553,0.16400626
4rql_SNE_A_505,0.56620243,0.63641381,0.040575474,0.1529426,0.53805148,0.16714726,0.19264573
4rql_SNE_B_502,0.56620243,0.63641381,0.040575474,0.1529426,0.53805148,0.16714726,0.19264573
4rvg_TYD_A_502,0.56620243,0.63641381,0.040575474,0.1529426,0.53805148,0.16714726,0.19264573
4s38_CDI_A_900,0.56620243,0.63641381,0.040575474,0.1529426,0.53805148,0.16714726,0.19264573
4tq4_DMA_A_403,0.56620243,0.63641381,0.040575474,0.1529426,0.53805148,0.16714726,0.19264573
4tq4_DMA_C_403,0.56620243,0.63641381,0.040575474,0.1529426,0.53805148,0.16714726,0.19264573
4tq4_DMA_D_403,0.56620243,0.63641381,0.040575474,0.1529426,0.53805148,0.16714726,0.19264573
4tqi_6BD_A_201,0.56620243,0.63641381,0.040575474,0.1529426,0.53805148,0.16714726,0.19264573
4tqi_6BD_B_201,0.56620243,0.63641381,0.040575474,0.1529426,0.53805148,0.16714726,0.19264573
4trj_665_A_501,0.56620243,0.63641381,0.040575474,0.1529426,0.53805148,0.16714726,0.19264573
4tsk_TLA_A_404,0,0,0.07768369,0.075679982,0.52715691,0.080783687,0.16974576
4tyv_BGC_B_701,0.56620243,0.63641381,0.040575474,0.1529426,0.53805148,0.16714726,0.19264573
4u2a_A2G_A_303,0.56620243,0.63641381,0.040575474,0.1529426,0.53805148,0.16714726,0.19264573
4u7g_K17_A_303,0.56620243,0.63641381,0.040575474,0.1529426,0.53805148,0.16714726,0.19264573
4u7g_K17_B_303,0.56620243,0.63641381,0.040575474,0.1529426,0.53805148,0.16714726,0.19264573
4u8p_UDP_A_603,0.56620243,0.63641381,0.040575474,0.1529426,0.53805148,0.16714726,0.19264573
4u8p_UDP_C_603,0.56620243,0.63641381,0.040575474,0.1529426,0.53805148,0.16714726,0.19264573
4u8y_MIY_B_1102,0.56620243,0.63641381,0.040575474,0.1529426,0.53805148,0.16714726,0.19264573
4ubp_HAE_C_800,0.56620243,0.63641381,0.040575474,0.1529426,0.53805148,0.16714726,0.19264573
4uc9_ASP_C_1300,0.56620243,0.63641381,0.040575474,0.1529426,0.53805148,0.16714726,0.19264573
4uc9_ASP_D_1300,0.56620243,0.63641381,0.040575474,0.1529426,0.53805148,0.16714726,0.19264573
4uch_OLW_A_800,0.56620243,0.63641381,0.040575474,0.1529426,0.53805148,0.16714726,0.19264573
4uch_OLW_B_800,0,0.9800868,0,0.14961704,0.53328895,0.14750585,0.17326474
4ud9_FQI_H_1257,0.56620243,0.63641381,0.040575474,0.1529426,0.53805148,0.16714726,0.19264573
4udc_DEX_A_1778,0.56620243,0.63641381,0.040575474,0.1529426,0.53805148,0.16714726,0.19264573
4ug6_H4B_A_902,0.56620243,0.63641381,0.040575474,0.1529426,0.53805148,0.16714726,0.19264573
4ug6_XFJ_A_904,0.56620243,0.63641381,0.040575474,0.1529426,0.53805148,0.16714726,0.19264573
4ug7_1EV_A_904,0.56620243,0.63641381,0.040575474,0.1529426,0.53805148,0.16714726,0.19264573
4ugg_S5D_A_904,0.56620243,0.63641381,0.040575474,0.1529426,0.53805148,0.16714726,0.19264573
4uoc_NCN_A_400,0.56620243,0.63641381,0.040575474,0.1529426,0.53805148,0.16714726,0.19264573
4uoc_NCN_B_400,0.56620243,0.63641381,0.040575474,0.1529426,0.53805148,0.16714726,0.19264573
4upd_7P9_A_1550,0.56620243,0.63641381,0.040575474,0.1529426,0.53805148,0.16714726,0.19264573
4upd_7P9_B_1550,0.56620243,0.63641381,0.040575474,0.1529426,0.53805148,0.16714726,0.19264573
4uqs_INE_A_904,0.56620243,0.63641381,0.040575474,0.1529426,0.53805148,0.16714726,0.19264573
4ur9_BK9_A_1717,0.56620243,0.63641381,0.040575474,0.1529426,0.53805148,0.16714726,0.19264573
4ur9_BK9_B_1717,0.56620243,0.63641381,0.040575474,0.1529426,0.53805148,0.16714726,0.19264573
4ur9_OAN_A_1718,0,0,0,0.075970373,0.52717393,0.081102809,0.16984193
4uy7_HIS_A_800,0.56620243,0.63641381,0.040575474,0.1529426,0.53805148,0.16714726,0.19264573
4uy7_HIS_B_800,0.56620243,0.63641381,0.040575474,0.1529426,0.53805148,0.16714726,0.19264573
4uzi_IMD_B_1455,0.56620243,0.63641381,0.040575474,0.1529426,0.53805148,0.16714726,0.19264573
4uzi_IMD_B_1456,0.56620243,0.63641381,0.040575474,0.1529426,0.53805148,0.16714726,0.19264573
4v2z_Y70_B_151,0.56620243,0.63641381,0.040575474,0.1529426,0.53805148,0.16714726,0.19264573
4v2z_Y70_C_151,0.56620243,0.63641381,0.040575474,0.1529426,0.53805148,0.16714726,0.19264573
4v36_LYN_A_1851,0.56620243,0.63641381,0.040575474,0.1529426,0.53805148,0.16714726,0.19264573
4v3w_E2Z_B_800,0.56620243,0.63641381,0.040575474,0.1529426,0.53805148,0.16714726,0.19264573
4w1v_3GS_B_502,0.56620243,0.63641381,0.040575474,0.1529426,0.53805148,0.16714726,0.19264573
4wbd_CIT_A_602,0.56620243,0.63641381,0.040575474,0.1529426,0.53805148,0.16714726,0.19264573
4wca_CIT_A_401,0.56620243,0.63641381,0.040575474,0.1529426,0.53805148,0.16714726,0.19264573
4wdd_CIT_A_401,0.56620243,0.63641381,0.040575474,0.1529426,0.53805148,0.16714726,0.19264573
4wdx_WDX_A_402,0.56620243,0.63641381,0.040575474,0.1529426,0.53805148,0.16714726,0.19264573
4wdx_WDX_B_402,0.56620243,0.63641381,0.040575474,0.1529426,0.53805148,0.16714726,0.19264573
4wmz_TPF_A_602,0.56620243,0.63641381,0.040575474,0.1529426,0.53805148,0.16714726,0.19264573
4wqq_MAN_B_204,0.56620243,0.63641381,0.040575474,0.1529426,0.53805148,0.16714726,0.19264573
4wqq_MAN_D_204,0.56620243,0.63641381,0.040575474,0.1529426,0.53805148,0.16714726,0.19264573
4ws1_URF_A_301,0.56620243,0.63641381,0.040575474,0.1529426,0.53805148,0.16714726,0.19264573
4ws2_6UA_A_303,0.56620243,0.63641381,0.040575474,0.1529426,0.53805148,0.16714726,0.19264573
4wua_3UL_A_701,0.56620243,0.63641381,0.040575474,0.1529426,0.53805148,0.16714726,0.19264573
4wxb_CIT_A_501,0.56620243,0.63641381,0.040575474,0.1529426,0.53805148,0.16714726,0.19264573
4wxb_CIT_B_501,0.56620243,0.63641381,0.040575474,0.1529426,0.53805148,0.16714726,0.19264573
4wxb_CIT_C_501,0.56620243,0.63641381,0.040575474,0.1529426,0.53805148,0.16714726,0.19264573
4wxb_CIT_D_501,0.56620243,0.63641381,0.040575474,0.1529426,0.53805148,0.16714726,0.19264573
4x2f_3WJ_A_601,0.56620243,0.63641381,0.040575474,0.1529426,0.53805148,0.16714726,0.19264573
4x36_CHT_A_408,0.56620243,0.63641381,0.040575474,0.1529426,0.53805148,0.16714726,0.19264573
4x36_CHT_A_409,0.56620243,0.63641381,0.040575474,0.1529426,0.53805148,0.16714726,0.19264573
4x36_CHT_A_410,0.56620243,0.63641381,0.040575474,0.1529426,0.53805148,0.16714726,0.19264573
4x36_CHT_A_411,0.56620243,0.63641381,0.040575474,0.1529426,0.53805148,0.16714726,0.19264573
4xf0_CYS_A_502,0.56620243,0.63641381,0.040575474,0.1529426,0.53805148,0.16714726,0.19264573
4xh4_PPI_A_504,0.56620243,0.63641381,0.040575474,0.1529426,0.53805148,0.16714726,0.19264573
4xp2_TT4_A_401,0.56620243,0.63641381,0.040575474,0.1529426,0.53805148,0.16714726,0.19264573
4xpq_FUL_A_1002,0.56620243,0.63641381,0.040575474,0.1529426,0.53805148,0.16714726,0.19264573
4xpq_FUL_A_1003,0.56620243,0.63641381,0.040575474,0.1529426,0.53805148,0.16714726,0.19264573
4xpq_FUL_A_1004,0.56620243,0.63641381,0.040575474,0.1529426,0.53805148,0.16714726,0.19264573
4xti_IMP_A_601,0.56620243,0.63641381,0.040575474,0.1529426,0.53805148,0.16714726,0.19264573
4xti_IMP_B_601,0.56620243,0.63641381,0.040575474,0.1529426,0.53805148,0.16714726,0.19264573
4xv4_25T_A_302,0.56620243,0.63641381,0.040575474,0.1529426,0.53805148,0.16714726,0.19264573
4xv4_25T_A_303,0.56620243,0.63641381,0.040575474,0.1529426,0.53805148,0.16714726,0.19264573
4xz9_G3P_B_302,0.56620243,0.63641381,0.040575474,0.1529426,0.53805148,0.16714726,0.19264573
4xzh_48I_A_402,0.56620243,0.63641381,0.040575474,0.1529426,0.53805148,0.16714726,0.19264573
4xzh_48I_B_402,0.56620243,0.63641381,0.040575474,0.1529426,0.53805148,0.16714726,0.19264573
4y14_C0A_A_407,0.54072269,0.5978431,0.042546465,1.7355343e-72,0.59060078,0.16134421,0.16308247
4y14_C0A_B_404,0.97211292,0.98843218,0.014683286,0.9913896,0.26213831,0.23512775,0.36254784
4y6n_3PG_A_402,0.98158737,0,0.04917486,0.049424425,0.93853534,0.14723329,0.0014125508
4ynu_LGC_A_602,0.56620243,0.63641381,0.040575474,0.1529426,0.53805148,0.16714726,0.19264573
4ynu_LGC_A_603,0.56620243,0.63641381,0.040575474,0.1529426,0.53805148,0.16714726,0.19264573
4ysx_MLI_E_701,0.56620243,0.63641381,0.040575474,0.1529426,0.53805148,0.16714726,0.19264573
4yu7_DHC_A_203,0.56620243,0.63641381,0.040575474,0.1529426,0.53805148,0.16714726,0.19264573
4yu7_DHC_A_204,0.57327386,0.88076034,0.005383885,0.17181601,0.53965162,0.1843978,0.19381445
4yu7_DHC_B_203,0.56620243,0.63641381,0.040575474,0.1529426,0.53805148,0.16714726,0.19264573
4yu7_DHC_B_204,0.56620243,0.63641381,0.040575474,0.1529426,0.53805148,0.16714726,0.19264573
4ywb_OXD_C_704,0.56620243,0.63641381,0.040575474,0.1529426,0.53805148,0.16714726,0.19264573
4ywd_NTM_A_704,0.56620243,0.63641381,0.040575474,0.1529426,0.53805148,0.16714726,0.19264573
4z1d_PEP_B_300,0.56620243,0.63641381,0.040575474,0.1529426,0.53805148,0.16714726,0.19264573
4z2w_AKG_A_401,0.56620243,0.63641381,0.040575474,0.1529426,0.53805148,0.16714726,0.19264573
4z69_DIF_A_1006,0.56620243,0.63641381,0.040575474,0.1529426,0.53805148,0.16714726,0.19264573
4z69_DIF_A_1007,0.56620243,0.63641381,0.040575474,0.1529426,0.53805148,0.16714726,0.19264573
4z69_DIF_A_1008,0.56620243,0.63641381,0.040575474,0.1529426,0.53805148,0.16714726,0.19264573
4z69_DIF_I_1006,0.56620243,0.63641381,0.040575474,0.1529426,0.53805148,0.16714726,0.19264573
4z6p_DHY_C_403,0.56620243,0.63641381,0.040575474,0.1529426,0.53805148,0.16714726,0.19264573
4zb2_FRU_A_404,0.56620243,0.63641381,0.040575474,0.1529426,0.53805148,0.16714726,0.19264573
4zb2_GLC_A_403,0.56620243,0.63641381,0.040575474,0.1529426,0.53805148,0.16714726,0.19264573
4zb5_GLC_A_403,0.56620243,0.63641381,0.040575474,0.1529426,0.53805148,0.16714726,0.19264573
4zbc_FRU_A_409,0.56620243,0.63641381,0.040575474,0.1529426,0.53805148,0.16714726,0.19264573
4zbc_FRU_B_408,0.56620243,0.63641381,0.040575474,0.1529426,0.53805148,0.16714726,0.19264573
4zbc_FRU_B_409,0.56620243,0.63641381,0.040575474,0.1529426,0.53805148,0.16714726,0.19264573
4zbc_GLC_A_407,0.56620243,0.63641381,0.040575474,0.1529426,0.53805148,0.16714726,0.19264573
4zbc_GLC_B_406,0.56620243,0.63641381,0.040575474,0.1529426,0.53805148,0.16714726,0.19264573
4zbc_GLC_B_407,0.56620243,0.63641381,0.040575474,0.1529426,0.53805148,0.16714726,0.19264573
4zdz_TPF_A_602,0.56620243,0.63641381,0.040575474,0.1529426,0.53805148,0.16714726,0.19264573
4zhd_4OZ_A_202,0.56620243,0.63641381,0.040575474,0.1529426,0.53805148,0.16714726,0.19264573
4zhd_4OZ_C_202,0.56620243,0.63641381,0.040575474,0.1529426,0.53805148,0.16714726,0.19264573
4zib_4OG_A_512,0.56620243,0.63641381,0.040575474,0.1529426,0.53805148,0.16714726,0.19264573
4zjz_BEZ_A_1001,0.56620243,0.63641381,0.040575474,0.1529426,0.53805148,0.16714726,0.19264573
4zjz_BEZ_B_601,0.56620243,0.63641381,0.040575474,0.1529426,0.53805148,0.16714726,0.19264573
4zo7_BGC_A_805,0.56620243,0.63641381,0.040575474,0.1529426,0.53805148,0.16714726,0.19264573
4zo7_GLC_A_806,0.56620243,0.63641381,0.040575474,0.1529426,0.53805148,0.16714726,0.19264573
4zqp_IMP_A_601,0.56620243,0.63641381,0.040575474,0.1529426,0.53805148,0.16714726,0.19264573
4zsy_RW2_B_502,0.56620243,0.63641381,0.040575474,0.1529426,0.53805148,0.16714726,0.19264573
4zsy_RW2_C_502,0.56620243,0.63641381,0.040575474,0.1529426,0.53805148,0.16714726,0.19264573
4zsy_RW2_D_502,0.56620243,0.63641381,0.040575474,0.1529426,0.53805148,0.16714726,0.19264573
4zu3_4SD_A_301,0.56620243,0.63641381,0.040575474,0.1529426,0.53805148,0.16714726,0.19264573
4zu3_4SD_B_301,0.56620243,0.63641381,0.040575474,0.1529426,0.53805148,0.16714726,0.19264573
4zu3_4SD_B_302,0.56620243,0.63641381,0.040575474,0.1529426,0.53805148,0.16714726,0.19264573
4zu3_4SD_C_301,0.56620243,0.63641381,0.040575474,0.1529426,0.53805148,0.16714726,0.19264573
4zu3_4SD_D_301,0.56620243,0.63641381,0.040575474,0.1529426,0.53805148,0.16714726,0.19264573
4zu3_4SD_E_301,0.56620243,0.63641381,0.040575474,0.1529426,0.53805148,0.16714726,0.19264573
4zu3_4SD_F_301,0.56620243,0.63641381,0.040575474,0.1529426,0.53805148,0.16714726,0.19264573
4zvv_GN0_A_405,0.54072269,0.5978431,0.042546465,1.1599832e-45,0.59060078,0.16134421,0.16308247
4zvv_GN0_B_404,0.56620243,0.63641381,0.040575474,0.1529426,0.53805148,0.16714726,0.19264573
4zvv_GN0_C_403,0.56620243,0.63641381,0.040575474,0.1529426,0.53805148,0.16714726,0.19264573
4zvv_GN0_D_403,0.56620243,0.63641381,0.040575474,0.1529426,0.53805148,0.16714726,0.19264573
4zvz_4TF_B_503,0.56620243,0.63641381,0.040575474,0.1529426,0.53805148,0.16714726,0.19264573
4zvz_4TF_C_503,0.56620243,0.63641381,0.040575474,0.1529426,0.53805148,0.16714726,0.19264573
4zvz_4TF_D_503,0.56620243,0.63641381,0.040575474,0.1529426,0.53805148,0.16714726,0.19264573
5a02_GOL_B_1342,0.56620243,0.63641381,0.040575474,0.1529426,0.53805148,0.16714726,0.19264573
5a02_GOL_C_1341,0.56620243,0.63641381,0.040575474,0.1529426,0.53805148,0.16714726,0.19264573
5a02_GOL_D_1341,0.56620243,0.63641381,0.040575474,0.1529426,0.53805148,0.16714726,0.19264573
5a02_GOL_F_1342,0.56620243,0.63641381,0.040575474,0.1529426,0.53805148,0.16714726,0.19264573
5a2r_MLT_A_1615,0,0.90303237,0.048034654,0.14363461,0.53281428,0.14207734,0.17292389
5a66_3PO_A_1000,0.56620243,0.63641381,0.040575474,0.1529426,0.53805148,0.16714726,0.19264573
5a7p_6Z1_B_1361,0.56620243,0.63641381,0.040575474,0.1529426,0.53805148,0.16714726,0.19264573
5a86_D7E_A_1433,0.56620243,0.63641381,0.040575474,0.1529426,0.53805148,0.16714726,0.19264573
5a8k_COM_A_556,0.56620243,0.63641381,0.040575474,0.1529426,0.53805148,0.16714726,0.19264573
5a8k_COM_D_555,0.56620243,0.63641381,0.040575474,0.1529426,0.53805148,0.16714726,0.19264573
5a8k_TP7_A_558,0.56620243,0.63641381,0.040575474,0.1529426,0.53805148,0.16714726,0.19264573
5a8k_TP7_D_554,0.56620243,0.63641381,0.040575474,0.1529426,0.53805148,0.16714726,0.19264573
5abz_Z47_A_201,0.56620243,0.63641381,0.040575474,0.1529426,0.53805148,0.16714726,0.19264573
5ack_SVQ_A_600,0.56620243,0.63641381,0.040575474,0.1529426,0.53805148,0.16714726,0.19264573
5adi_TUE_A_800,0.56620243,0.63641381,0.040575474,0.1529426,0.53805148,0.16714726,0.19264573
5adi_TUE_B_800,0.56620243,0.63641381,0.040575474,0.1529426,0.53805148,0.16714726,0.19264573
5aew_BNL_C_462,0.56620243,0.63641381,0.040575474,0.1529426,0.53805148,0.16714726,0.19264573
5aew_BNL_I_462,0.56620243,0.63641381,0.040575474,0.1529426,0.53805148,0.16714726,0.19264573
5af9_SJR_H_1250,0.56620243,0.63641381,0.040575474,0.1529426,0.53805148,0.16714726,0.19264573
5afy_WCE_H_1248,0.56620243,0.63641381,0.040575474,0.1529426,0.53805148,0.16714726,0.19264573
5ag5_DLR_A_1422,0.56620243,0.63641381,0.040575474,0.1529426,0.53805148,0.16714726,0.19264573
5agl_CCW_A_800,0.56620243,0.63641381,0.040575474,0.1529426,0.53805148,0.16714726,0.19264573
5agl_CCW_B_800,0.56620243,0.63641381,0.040575474,0.1529426,0.53805148,0.16714726,0.19264573
5agn_4JK_A_800,0.56620243,0.63641381,0.040575474,0.1529426,0.53805148,0.16714726,0.19264573
5agn_4JK_B_800,0.56620243,0.63641381,0.040575474,0.1529426,0.53805148,0.16714726,0.19264573
5ahn_IMP_A_1468,0.56620243,0.63641381,0.040575474,0.1529426,0.53805148,0.16714726,0.19264573
5aov_GLV_A_1336,0.56620243,0.63641381,0.040575474,0.1529426,0.53805148,0.16714726,0.19264573
5aov_GLV_A_1356,0.56620243,0.63641381,0.040575474,0.1529426,0.53805148,0.16714726,0.19264573
5av2_KMP_A_300,0.56620243,0.63641381,0.040575474,0.1529426,0.53805148,0.16714726,0.19264573
5av4_GEN_A_400,0.56620243,0.63641381,0.040575474,0.1529426,0.53805148,0.16714726,0.19264573
5awd_IDQ_A_901,0.56620243,0.63641381,0.040575474,0.1529426,0.53805148,0.16714726,0.19264573
5b4o_6DQ_A_201,0.54072269,0.5978431,0.042546465,0,0.59060078,0.16134421,0.16308247
5b4o_6DQ_B_201,0.56620243,0.63641381,0.040575474,0.1529426,0.53805148,0.16714726,0.19264573
5b4o_6DQ_B_202,0.56620243,0.63641381,0.040575474,0.1529426,0.53805148,0.16714726,0.19264573
5b4o_6DQ_C_201,0.56620243,0.63641381,0.040575474,0.1529426,0.53805148,0.16714726,0.19264573
5b4u_MLA_A_302,0.56620243,0.63641381,0.040575474,0.1529426,0.53805148,0.16714726,0.19264573
5bk9_SIN_A_301,0.56620243,0.63641381,0.040575474,0.1529426,0.53805148,0.16714726,0.19264573
5bkd_AKG_A_502,0.56620243,0.63641381,0.040575474,0.1529426,0.53805148,0.16714726,0.19264573
5bkd_AKG_B_502,0.56620243,0.63641381,0.040575474,0.1529426,0.53805148,0.16714726,0.19264573
5bkd_RCF_A_503,0.56620243,0.63641381,0.040575474,0.1529426,0.53805148,0.16714726,0.19264573
5bwd_FUM_A_901,0.56620243,0.63641381,0.040575474,0.1529426,0.53805148,0.16714726,0.19264573
5bwr_4VT_A_402,0.56620243,0.63641381,0.040575474,0.1529426,0.53805148,0.16714726,0.19264573
5bwr_4VT_B_402,0.56620243,0.63641381,0.040575474,0.1529426,0.53805148,0.16714726,0.19264573
5c38_DA8_A_403,0.56620243,0.63641381,0.040575474,0.1529426,0.53805148,0.16714726,0.19264573
5c4i_TPP_C_402,0.56620243,0.63641381,0.040575474,0.1529426,0.53805148,0.16714726,0.19264573
5c4i_TPP_F_402,0.12796442,0.93954369,0.043280828,0.30559387,0,0.17249127,0.99580665
5c8w_PCG_A_302,0.56620243,0.63641381,0.040575474,0.1529426,0.53805148,0.16714726,0.19264573
5c8w_PCG_B_303,0.56620243,0.63641381,0.040575474,0.1529426,0.53805148,0.16714726,0.19264573
5c8w_PCG_C_302,0.56620243,0.63641381,0.040575474,0.1529426,0.53805148,0.16714726,0.19264573
5c8w_PCG_E_302,0.56620243,0.63641381,0.040575474,0.1529426,0.53805148,0.16714726,0.19264573
5cak_4Z9_A_802,0.97813324,0,0.049326756,0.059455664,0.88575084,0.14807967,0.02829557
5cfw_53W_A_201,0.56620243,0.63641381,0.040575474,0.1529426,0.53805148,0.16714726,0.19264573
5cga_KP6_A_301,0.52375607,0.59857878,0.043037761,0.14654007,0.54385262,0,0.18743935
5cga_KP6_B_301,0.56620243,0.63641381,0.040575474,0.1529426,0.53805148,0.16714726,0.19264573
5cga_KP6_C_301,0.56620243,0.63641381,0.040575474,0.1529426,0.53805148,0.16714726,0.19264573
5cga_KP6_E_301,0.56620243,0.63641381,0.040575474,0.1529426,0.53805148,0.16714726,0.19264573
5cga_KP6_F_301,0.56620243,0.63641381,0.040575474,0.1529426,0.53805148,0.16714726,0.19264573
5cga_KP6_H_301,0.99648687,0.98654367,0.016322025,0.11445356,0.99145683,0.21421033,0
5ci9_549_A_401,0.56620243,0.63641381,0.040575474,0.1529426,0.53805148,0.16714726,0.19264573
5ci9_549_A_402,0.56620243,0.63641381,0.040575474,0.1529426,0.53805148,0.16714726,0.19264573
5cjn_52F_A_809,0.56620243,0.63641381,0.040575474,0.1529426,0.53805148,0.16714726,0.19264573
5clo_NS8_M_101,0.56620243,0.63641381,0.040575474,0.1529426,0.53805148,0.16714726,0.19264573
5cpn_531_A_401,0.56620243,0.63641381,0.040575474,0.1529426,0.53805148,0.16714726,0.19264573
5cpn_531_B_401,0.56620243,0.63641381,0.040575474,0.1529426,0.53805148,0.16714726,0.19264573
5cpp_ADO_A_422,0.56620243,0.63641381,0.040575474,0.1529426,0.53805148,0.16714726,0.19264573
5cr1_STL_B_201,0.56620243,0.63641381,0.040575474,0.1529426,0.53805148,0.16714726,0.19264573
5d41_57N_A_1103,0.56620243,0.63641381,0.040575474,0.1529426,0.53805148,0.16714726,0.19264573
5d8u_0N8_A_203,0.52375607,0.59857879,0.04303776,0.14654007,0.54385262,2.8469653e-08,0.18743935
5d9w_ASC_A_301,0.56620243,0.63641381,0.040575474,0.1529426,0.53805148,0.16714726,0.19264573
5ddu_PMP_A_601,0.56620243,0.63641381,0.040575474,0.1529426,0.53805148,0.16714726,0.19264573
5ddu_PMP_B_601,0.56620243,0.63641381,0.040575474,0.1529426,0.53805148,0.16714726,0.19264573
5ddu_PMP_C_601,0.56620243,0.63641381,0.040575474,0.1529426,0.53805148,0.16714726,0.19264573
5ddu_PMP_D_601,0.56620243,0.63641381,0.040575474,0.1529426,0.53805148,0.16714726,0.19264573
5del_D59_A_603,0.56620243,0.63641381,0.040575474,0.1529426,0.53805148,0.16714726,0.19264573
5del_ORO_A_602,0.56620243,0.63641381,0.040575474,0.1529426,0.53805148,0.16714726,0.19264573
5di7_5CQ_A_601,0.56620243,0.63641381,0.040575474,0.1529426,0.53805148,0.16714726,0.19264573
5di7_5CQ_B_601,0.98966724,0,0.048971861,0.055305828,0.91039536,0.14844292,0.016156481
5did_5CK_B_601,0.56620243,0.63641381,0.040575474,0.1529426,0.53805148,0.16714726,0.19264573
5die_5CJ_A_601,0.56620243,0.63641381,0.040575474,0.1529426,0.53805148,0.16714726,0.19264573
5die_5CJ_B_601,0.56620243,0.63641381,0.040575474,0.1529426,0.53805148,0.16714726,0.19264573
5dky_NOJ_A_1000,0.56620243,0.63641381,0.040575474,0.1529426,0.53805148,0.16714726,0.19264573
5dne_ASN_A_601,0.56620243,0.63641381,0.040575474,0.1529426,0.53805148,0.16714726,0.19264573
5dne_ASN_C_601,0.56620243,0.63641381,0.040575474,0.1529426,0.53805148,0.16714726,0.19264573
5dnx_5LD_A_203,0.56620243,0.63641381,0.040575474,0.1529426,0.53805148,0.16714726,0.19264573
5dnx_5LD_B_201,0.56620243,0.63641381,0.040575474,0.1529426,0.53805148,0.16714726,0.19264573
5dnx_5LD_B_205,0.56620243,0.63641381,0.040575474,0.1529426,0.53805148,0.16714726,0.19264573
5dr9_SKE_A_401,0.56620243,0.63641381,0.040575474,0.1529426,0.53805148,0.16714726,0.19264573
5dt0_SKE_A_401,0.56620243,0.63641381,0.040575474,0.1529426,0.53805148,0.16714726,0.19264573
5dw3_TRP_A_402,0.56620243,0.63641381,0.040575474,0.1529426,0.53805148,0.16714726,0.19264573
5dw3_TRP_B_402,0.56620243,0.63641381,0.040575474,0.1529426,0.53805148,0.16714726,0.19264573
5dw3_TRP_C_402,0.56620243,0.63641381,0.040575474,0.1529426,0.53805148,0.16714726,0.19264573
5dw3_TRP_D_402,0.56620243,0.63641381,0.040575474,0.1529426,0.53805148,0.16714726,0.19264573
5dz2_212_A_404,0.56620243,0.63641381,0.040575474,0.1529426,0.53805148,0.16714726,0.19264573
5dz2_212_B_404,0.56620243,0.63641381,0.040575474,0.1529426,0.53805148,0.16714726,0.19264573
5dzh_5KG_A_900,0.56620243,0.63641381,0.040575474,0.1529426,0.53805148,0.16714726,0.19264573
5e4o_L57_A_201,0.56620243,0.63641381,0.040575474,0.1529426,0.53805148,0.16714726,0.19264573
5e4o_L57_B_201,0.56620243,0.63641381,0.040575474,0.1529426,0.53805148,0.16714726,0.19264573
5e4r_40E_A_504,0.56620243,0.63641381,0.040575474,0.1529426,0.53805148,0.16714726,0.19264573
5e9m_BAE_A_2001,0.56620243,0.63641381,0.040575474,0.1529426,0.53805148,0.16714726,0.19264573
5edh_5MF_A_803,0.56620243,0.63641381,0.040575474,0.1529426,0.53805148,0.16714726,0.19264573
5edh_5MF_B_803,0.56620243,0.63641381,0.040575474,0.1529426,0.53805148,0.16714726,0.19264573
5edh_5MF_C_803,0.56620243,0.63641381,0.040575474,0.1529426,0.53805148,0.16714726,0.19264573
5eo7_SFU_A_401,0.56620243,0.63641381,0.040575474,0.1529426,0.53805148,0.16714726,0.19264573
5eo7_SFU_A_402,0.56620243,0.63641381,0.040575474,0.1529426,0.53805148,0.16714726,0.19264573
5eo7_SFU_A_403,0.56620243,0.63641381,0.040575474,0.1529426,0.53805148,0.16714726,0.19264573
5eo7_SFU_A_405,0.56620243,0.63641381,0.040575474,0.1529426,0.53805148,0.16714726,0.19264573
5eo7_SFU_B_401,0.56620243,0.63641381,0.040575474,0.1529426,0.53805148,0.16714726,0.19264573
5eo7_SFU_B_402,0.97909445,0.94413689,0.015246272,0.21138099,0.51252542,0.99612178,0.2291353
5eo7_SFU_B_403,0.56620243,0.63641381,0.040575474,0.1529426,0.53805148,0.16714726,0.19264573
5eo7_SFU_B_404,0.56620243,0.63641381,0.040575474,0.1529426,0.53805148,0.16714726,0.19264573
5eo7_SFU_B_405,0.56620243,0.63641381,0.040575474,0.1529426,0.53805148,0.16714726,0.19264573
5eo7_SFU_C_403,0.56620243,0.63641381,0.040575474,0.1529426,0.53805148,0.16714726,0.19264573
5eo7_SFU_C_405,0.56620243,0.63641381,0.040575474,0.1529426,0.53805148,0.16714726,0.19264573
5eo8_TFU_A_401,0.56620243,0.63641381,0.040575474,0.1529426,0.53805148,0.16714726,0.19264573
5eo8_TFU_A_402,0.86508143,0,0.053048506,0.26976774,0.0036373978,0.16444658,0.97902047
5eo8_TFU_A_403,0.56620243,0.63641381,0.040575474,0.1529426,0.53805148,0.16714726,0.19264573
5eo8_TFU_A_404,0.56620243,0.63641381,0.040575474,0.1529426,0.53805148,0.16714726,0.19264573
5eo8_TFU_A_405,0.56620243,0.63641381,0.040575474,0.1529426,0.53805148,0.16714726,0.19264573
5eo8_TFU_A_406,0.56620243,0.63641381,0.040575474,0.1529426,0.53805148,0.16714726,0.19264573
5eso_ISC_A_602,0.56620243,0.63641381,0.040575474,0.1529426,0.53805148,0.16714726,0.19264573
5eso_ISC_B_602,0.56620243,0.63641381,0.040575474,0.1529426,0.53805148,0.16714726,0.19264573
5ew8_5SF_B_802,0.56620243,0.63641381,0.040575474,0.1529426,0.53805148,0.16714726,0.19264573
5ezp_IPJ_A_201,0.56620243,0.63641381,0.040575474,0.1529426,0.53805148,0.16714726,0.19264573
5ezp_IPJ_B_201,0.56620243,0.63641381,0.040575474,0.1529426,0.53805148,0.16714726,0.19264573
5ezp_IPJ_C_201,0.56620243,0.63641381,0.040575474,0.1529426,0.53805148,0.16714726,0.19264573
5ezp_IPJ_F_201,0.56620243,0.63641381,0.040575474,0.1529426,0.53805148,0.16714726,0.19264573
5f35_FLC_A_302,0.56620243,0.63641381,0.040575474,0.1529426,0.53805148,0.16714726,0.19264573
5f79_4V7_A_4000,0.56620243,0.63641381,0.040575474,0.1529426,0.53805148,0.16714726,0.19264573
5faj_DCS_A_401,0.56620243,0.63641381,0.040575474,0.1529426,0.53805148,0.16714726,0.19264573
5faj_DCS_B_401,0.56620243,0.63641381,0.040575474,0.1529426,0.53805148,0.16714726,0.19264573
5faj_DCS_C_401,0.56620243,0.63641381,0.040575474,0.1529426,0.53805148,0.16714726,0.19264573
5faj_DCS_D_401,0.56620243,0.63641381,0.040575474,0.1529426,0.53805148,0.16714726,0.19264573
5fal_SKT_A_502,0.52375607,0.59857878,0.043037761,0.14654007,0.54385262,0,0.18743935
5fay_CHT_A_908,0.56620243,0.63641381,0.040575474,0.1529426,0.53805148,0.16714726,0.19264573
5fc5_PC_A_516,0.56620243,0.63641381,0.040575474,0.1529426,0.53805148,0.16714726,0.19264573
5fe1_12Q_B_901,0.56620243,0.63641381,0.040575474,0.1529426,0.53805148,0.16714726,0.19264573
5fes_9SE_A_409,0.56620243,0.63641381,0.040575474,0.1529426,0.53805148,0.16714726,0.19264573
5fiu_Y3J_A_1299,0.56620243,0.63641381,0.040575474,0.1529426,0.53805148,0.16714726,0.19264573
5fiu_Y3J_B_1299,0.56620243,0.63641381,0.040575474,0.1529426,0.53805148,0.16714726,0.19264573
5fiu_Y3J_C_1299,0.56620243,0.63641381,0.040575474,0.1529426,0.53805148,0.16714726,0.19264573
5fkl_TDC_A_222,0.56620243,0.63641381,0.040575474,0.1529426,0.53805148,0.16714726,0.19264573
5fli_QUE_A_301,0,0.98549107,0.045327308,0.14983976,0.53333088,0.14767425,0.1732141
5fli_QUE_C_301,0.56620243,0.63641381,0.040575474,0.1529426,0.53805148,0.16714726,0.19264573
5fli_QUE_F_301,0.56620243,0.63641381,0.040575474,0.1529426,0.53805148,0.16714726,0.19264573
5fli_QUE_G_301,0.56620243,0.63641381,0.040575474,0.1529426,0.53805148,0.16714726,0.19264573
5fli_QUE_J_301,0.56620243,0.63641381,0.040575474,0.1529426,0.53805148,0.16714726,0.19264573
5fli_QUE_K_301,0.56620243,0.63641381,0.040575474,0.1529426,0.53805148,0.16714726,0.19264573
5fp9_4SV_A_1342,0.56620243,0.63641381,0.040575474,0.1529426,0.53805148,0.16714726,0.19264573
5fqf_NGA_A_1588,0.56620243,0.63641381,0.040575474,0.1529426,0.53805148,0.16714726,0.19264573
5fuv_THM_A_1388,0.56620243,0.63641381,0.040575474,0.1529426,0.53805148,0.16714726,0.19264573
5fuv_THM_B_1385,0.56620243,0.63641381,0.040575474,0.1529426,0.53805148,0.16714726,0.19264573
5fwd_GJV_A_1446,0.56620243,0.63641381,0.040575474,0.1529426,0.53805148,0.16714726,0.19264573
5fwe_OGA_A_1358,0.56620243,0.63641381,0.040575474,0.1529426,0.53805148,0.16714726,0.19264573
5fwe_OGA_B_1359,0.56620243,0.63641381,0.040575474,0.1529426,0.53805148,0.16714726,0.19264573
5g03_OE2_A_1263,0.56620243,0.63641381,0.040575474,0.1529426,0.53805148,0.16714726,0.19264573
5g09_6DF_B_1474,0.56620243,0.63641381,0.040575474,0.1529426,0.53805148,0.16714726,0.19264573
5g09_6DF_C_1475,0.56620243,0.63641381,0.040575474,0.1529426,0.53805148,0.16714726,0.19264573
5g09_6DF_D_1476,0.56620243,0.63641381,0.040575474,0.1529426,0.53805148,0.16714726,0.19264573
5g21_YN4_A_1002,0.56620243,0.63641381,0.040575474,0.1529426,0.53805148,0.16714726,0.19264573
5g44_I6G_A_1510,0.56620243,0.63641381,0.040575474,0.1529426,0.53805148,0.16714726,0.19264573
5g44_SWX_A_1511,0.56620243,0.63641381,0.040575474,0.1529426,0.53805148,0.16714726,0.19264573
5g44_YTZ_A_1512,0.56620243,0.63641381,0.040575474,0.1529426,0.53805148,0.16714726,0.19264573
5g4r_LF1_B_1739,0.56620243,0.63641381,0.040575474,0.1529426,0.53805148,0.16714726,0.19264573
5g4r_LF1_C_1739,0.56620243,0.63641381,0.040575474,0.1529426,0.53805148,0.16714726,0.19264573
5g4r_LF1_D_1739,0.56620243,0.63641381,0.040575474,0.1529426,0.53805148,0.16714726,0.19264573
5g6g_H8B_A_1367,0.56620243,0.63641381,0.040575474,0.1529426,0.53805148,0.16714726,0.19264573
5g6k_M94_A_904,0.56620243,0.63641381,0.040575474,0.1529426,0.53805148,0.16714726,0.19264573
5gnx_BGC_A_502,0.56620243,0.63641381,0.040575474,0.1529426,0.53805148,0.16714726,0.19264573
5gnx_BGC_B_503,0.56620243,0.63641381,0.040575474,0.1529426,0.53805148,0.16714726,0.19264573
5goo_FRU_A_501,0.56620243,0.63641381,0.040575474,0.1529426,0.53805148,0.16714726,0.19264573
5goo_FRU_C_501,0.56620243,0.63641381,0.040575474,0.1529426,0.53805148,0.16714726,0.19264573
5gto_MYR_A_502,0.56620243,0.63641381,0.040575474,0.1529426,0.53805148,0.16714726,0.19264573
5gwt_SIN_B_302,0.56620243,0.63641381,0.040575474,0.1529426,0.53805148,0.16714726,0.19264573
5gwt_SIN_C_301,0.56620243,0.63641381,0.040575474,0.1529426,0.53805148,0.16714726,0.19264573
5gwt_SIN_D_301,0.56620243,0.63641381,0.040575474,0.1529426,0.53805148,0.16714726,0.19264573
5gzz_GSH_D_301,0.56620243,0.63641381,0.040575474,0.1529426,0.53805148,0.16714726,0.19264573
5gzz_GSH_E_301,0.56620243,0.63641381,0.040575474,0.1529426,0.53805148,0.16714726,0.19264573
5h24_LQG_B_501,0.56620243,0.63641381,0.040575474,0.1529426,0.53805148,0.16714726,0.19264573
5h5k_C5P_A_206,0.56620243,0.63641381,0.040575474,0.1529426,0.53805148,0.16714726,0.19264573
5h5k_C5P_B_203,0.98619093,0.98134925,0.017263404,0.20814202,0.50518412,0.22338838,0.22890989
5h8f_GLU_A_302,0.56620243,0.63641381,0.040575474,0.1529426,0.53805148,0.16714726,0.19264573
5h8q_5YE_B_302,0.56620243,0.63641381,0.040575474,0.1529426,0.53805148,0.16714726,0.19264573
5h8q_GLU_A_302,0.56620243,0.63641381,0.040575474,0.1529426,0.53805148,0.16714726,0.19264573
5h8q_GLY_B_301,0.52375607,0.59857878,0.043037761,0.14654007,0.54385262,0,0.18743935
5h9i_XAN_A_301,0.56620243,0.63641381,0.040575474,0.1529426,0.53805148,0.16714726,0.19264573
5ha7_WY1_A_402,0.56620243,0.63641381,0.040575474,0.1529426,0.53805148,0.16714726,0.19264573
5ha7_WY1_B_402,0,0.97731341,0.045475836,0.10765085,0.73747409,0.14237192,0
5hc0_NPO_A_402,0.56620243,0.63641381,0.040575474,0.1529426,0.53805148,0.16714726,0.19264573
5hc0_NPO_A_407,0.56620243,0.63641381,0.040575474,0.1529426,0.53805148,0.16714726,0.19264573
5hfa_FP1_A_607,0.56620243,0.63641381,0.040575474,0.1529426,0.53805148,0.16714726,0.19264573
5hfa_FP1_A_608,0.56620243,0.63641381,0.040575474,0.1529426,0.53805148,0.16714726,0.19264573
5hfa_FP1_B_609,0.56620243,0.63641381,0.040575474,0.1529426,0.53805148,0.16714726,0.19264573
5hpu_IPH_A_101,0.56620243,0.63641381,0.040575474,0.1529426,0.53805148,0.16714726,0.19264573
5hpu_IPH_C_101,0.56620243,0.63641381,0.040575474,0.1529426,0.53805148,0.16714726,0.19264573
5hss_64Z_A_402,0.56620243,0.63641381,0.040575474,0.1529426,0.53805148,0.16714726,0.19264573
5hss_64Z_D_403,0.56620243,0.63641381,0.040575474,0.1529426,0.53805148,0.16714726,0.19264573
5hss_64Z_E_402,0.56620243,0.63641381,0.040575474,0.1529426,0.53805148,0.16714726,0.19264573
5hss_650_B_402,0.99662284,0.94607063,0.018630431,0.30380302,1.3837209e-05,0.23241577,0.48780429
5hss_650_C_401,0.56620243,0.63641381,0.040575474,0.1529426,0.53805148,0.16714726,0.19264573
5htd_MYR_A_201,0.56620243,0.63641381,0.040575474,0.1529426,0.53805148,0.16714726,0.19264573
5hxi_5HN_A_403,0.56620243,0.63641381,0.040575474,0.1529426,0.53805148,0.16714726,0.19264573
5hyv_TPP_A_701,0.56620243,0.63641381,0.040575474,0.1529426,0.53805148,0.16714726,0.19264573
5i0d_GLC_A_1124,0.56620243,0.63641381,0.040575474,0.1529426,0.53805148,0.16714726,0.19264573
5i0d_GLC_B_1122,0.56620243,0.63641381,0.040575474,0.1529426,0.53805148,0.16714726,0.19264573
5i0m_UMP_A_201,0.56620243,0.63641381,0.040575474,0.1529426,0.53805148,0.16714726,0.19264573
5i3p_68T_A_1003,0.56620243,0.63641381,0.040575474,0.1529426,0.53805148,0.16714726,0.19264573
5i5s_NVU_A_402,0.56620243,0.63641381,0.040575474,0.1529426,0.53805148,0.16714726,0.19264573
5i5s_NVU_B_402,0.56620243,0.63641381,0.040575474,0.1529426,0.53805148,0.16714726,0.19264573
5i5t_67X_A_402,0.96197103,0.990089,0.017833545,0.34535224,0,0.23840565,0.92630777
5i5t_67X_B_402,0.56620243,0.63641381,0.040575474,0.1529426,0.53805148,0.16714726,0.19264573
5i7r_68W_A_402,0.8057277,0.98304264,0.021880053,0.1042658,0.99404188,0.19946853,0
5i8z_JA1_A_302,0.56620243,0.63641381,0.040575474,0.1529426,0.53805148,0.16714726,0.19264573
5i93_69O_A_202,0.56620243,0.63641381,0.040575474,0.1529426,0.53805148,0.16714726,0.19264573
5i95_AKG_A_508,0.56620243,0.63641381,0.040575474,0.1529426,0.53805148,0.16714726,0.19264573
5i9m_69K_A_302,0.56620243,0.63641381,0.040575474,0.1529426,0.53805148,0.16714726,0.19264573
5i9m_69K_B_302,0.99556728,0.9888055,0.016867879,0.23187504,0.38810506,0.22707481,0.28928724
5i9m_69K_C_302,0.56620243,0.63641381,0.040575474,0.1529426,0.53805148,0.16714726,0.19264573
5iav_MLI_A_302,0.56620243,0.63641381,0.040575474,0.1529426,0.53805148,0.16714726,0.19264573
5iav_MLI_B_302,0.56620243,0.63641381,0.040575474,0.1529426,0.53805148,0.16714726,0.19264573
5ice_2H4_A_402,0.56620243,0.63641381,0.040575474,0.1529426,0.53805148,0.16714726,0.19264573
5icf_SAU_A_402,0.56620243,0.63641381,0.040575474,0.1529426,0.53805148,0.16714726,0.19264573
5igs_GMP_A_403,0.56620243,0.63641381,0.040575474,0.1529426,0.53805148,0.16714726,0.19264573
5ihe_D5M_A_701,0.56620243,0.63641381,0.040575474,0.1529426,0.53805148,0.16714726,0.19264573
5ijz_AKG_A_502,0.56620243,0.63641381,0.040575474,0.1529426,0.53805148,0.16714726,0.19264573
5ijz_AKG_B_502,0.56620243,0.63641381,0.040575474,0.1529426,0.53805148,0.16714726,0.19264573
5ijz_AKG_C_502,0.56620243,0.63641381,0.040575474,0.1529426,0.53805148,0.16714726,0.19264573
5ijz_AKG_D_502,0.56620243,0.63641381,0.040575474,0.1529426,0.53805148,0.16714726,0.19264573
5ijz_AKG_E_502,0.56620243,0.63641381,0.040575474,0.1529426,0.53805148,0.16714726,0.19264573
5ijz_AKG_H_502,0.56620243,0.63641381,0.040575474,0.1529426,0.53805148,0.16714726,0.19264573
5in3_G1P_A_416,0.56620243,0.63641381,0.040575474,0.1529426,0.53805148,0.16714726,0.19264573
5in3_G1P_B_418,0.56620243,0.63641381,0.040575474,0.1529426,0.53805148,0.16714726,0.19264573
5ioq_DUR_B_302,0.56620243,0.63641381,0.040575474,0.1529426,0.53805148,0.16714726,0.19264573
5ioq_DUR_C_302,0.56620243,0.63641381,0.040575474,0.1529426,0.53805148,0.16714726,0.19264573
5ioq_DUR_D_302,0.56620243,0.63641381,0.040575474,0.1529426,0.53805148,0.16714726,0.19264573
5ip6_6C9_A_301,0.56620243,0.63641381,0.040575474,0.1529426,0.53805148,0.16714726,0.19264573
5irw_D9P_A_202,0.56620243,0.63641381,0.040575474,0.1529426,0.53805148,0.16714726,0.19264573
5ita_6DC_A_801,0.56620243,0.63641381,0.040575474,0.1529426,0.53805148,0.16714726,0.19264573
5ita_6DC_B_801,0.56620243,0.63641381,0.040575474,0.1529426,0.53805148,0.16714726,0.19264573
5iuy_BOG_B_503,0.56620243,0.63641381,0.040575474,0.1529426,0.53805148,0.16714726,0.19264573
5iuy_BOG_C_503,0.56620243,0.63641381,0.040575474,0.1529426,0.53805148,0.16714726,0.19264573
5ivg_FPS_A_704,0.56620243,0.63641381,0.040575474,0.1529426,0.53805148,0.16714726,0.19264573
5j5i_6GM_A_302,0.56620243,0.63641381,0.040575474,0.1529426,0.53805148,0.16714726,0.19264573
5j5i_6GM_A_303,0.56620243,0.63641381,0.040575474,0.1529426,0.53805148,0.16714726,0.19264573
5j5i_6GM_B_302,0.56620243,0.63641381,0.040575474,0.1529426,0.53805148,0.16714726,0.19264573
5j5i_6GM_C_302,0.56620243,0.63641381,0.040575474,0.1529426,0.53805148,0.16714726,0.19264573
5j5i_6GM_E_302,0.56620243,0.63641381,0.040575474,0.1529426,0.53805148,0.16714726,0.19264573
5j5i_6GM_F_302,0.56620243,0.63641381,0.040575474,0.1529426,0.53805148,0.16714726,0.19264573
5j5i_6GM_F_303,0.56620243,0.63641381,0.040575474,0.1529426,0.53805148,0.16714726,0.19264573
5j5i_6GM_G_302,0.56620243,0.63641381,0.040575474,0.1529426,0.53805148,0.16714726,0.19264573
5j5i_6GM_I_302,0.56620243,0.63641381,0.040575474,0.1529426,0.53805148,0.16714726,0.19264573
5j5i_6GM_I_303,0.56620243,0.63641381,0.040575474,0.1529426,0.53805148,0.16714726,0.19264573
5j61_A3G_B_501,0.56620243,0.63641381,0.040575474,0.1529426,0.53805148,0.16714726,0.19264573
5j61_A3G_C_501,0.56620243,0.63641381,0.040575474,0.1529426,0.53805148,0.16714726,0.19264573
5j61_A3G_D_501,0.56620243,0.63641381,0.040575474,0.1529426,0.53805148,0.16714726,0.19264573
5j61_A3G_G_501,0.56620243,0.63641381,0.040575474,0.1529426,0.53805148,0.16714726,0.19264573
5j61_A3G_H_501,0.56620243,0.63641381,0.040575474,0.1529426,0.53805148,0.16714726,0.19264573
5jdv_EVF_B_302,0.56620243,0.63641381,0.040575474,0.1529426,0.53805148,0.16714726,0.19264573
5je1_TOF_A_302,0.56620243,0.63641381,0.040575474,0.1529426,0.53805148,0.16714726,0.19264573
5je1_TOF_B_302,0.56620243,0.63641381,0.040575474,0.1529426,0.53805148,0.16714726,0.19264573
5je5_AZ9_A_302,0.56620243,0.63641381,0.040575474,0.1529426,0.53805148,0.16714726,0.19264573
5jeh_EVF_B_302,0.56620243,0.63641381,0.040575474,0.1529426,0.53805148,0.16714726,0.19264573
5jep_EVF_B_302,0.56620243,0.63641381,0.040575474,0.1529426,0.53805148,0.16714726,0.19264573
5jep_EVF_B_303,0.56620243,0.63641381,0.040575474,0.1529426,0.53805148,0.16714726,0.19264573
5jfx_6K4_A_4000,0.56620243,0.63641381,0.040575474,0.1529426,0.53805148,0.16714726,0.19264573
5jg5_EVF_B_301,0.56620243,0.63641381,0.040575474,0.1529426,0.53805148,0.16714726,0.19264573
5jg5_EVF_B_302,0.56620243,0.63641381,0.040575474,0.1529426,0.53805148,0.16714726,0.19264573
5jj2_MLI_A_301,0.56620243,0.63641381,0.040575474,0.1529426,0.53805148,0.16714726,0.19264573
5jj2_MLI_A_302,0.56620243,0.63641381,0.040575474,0.1529426,0.53805148,0.16714726,0.19264573
5jj2_MLI_A_303,0.99342226,0.93313281,0.018591551,0.19567846,0.55265081,0.2196661,0.20464022
5joy_6LW_A_602,0.56620243,0.63641381,0.040575474,0.1529426,0.53805148,0.16714726,0.19264573
5jp9_DCM_A_401,0.56620243,0.63641381,0.040575474,0.1529426,0.53805148,0.16714726,0.19264573
5jp9_DCM_B_401,0.56620243,0.63641381,0.040575474,0.1529426,0.53805148,0.16714726,0.19264573
5jtt_6MY_A_902,0,0,0.97382811,0.07195151,0.52745983,0.076789702,0.16826911
5jtu_6NE_A_902,0,0,0.077190073,0,0.99640524,0.071476996,0
5kas_PC_A_517,0.56620243,0.63641381,0.040575474,0.1529426,0.53805148,0.16714726,0.19264573
5kcj_6RM_B_302,0.56620243,0.63641381,0.040575474,0.1529426,0.53805148,0.16714726,0.19264573
5kcj_GLU_A_302,0.56620243,0.63641381,0.040575474,0.1529426,0.53805148,0.16714726,0.19264573
5kcp_PFB_A_378,0.56620243,0.63641381,0.040575474,0.1529426,0.53805148,0.16714726,0.19264573
5kcp_PFB_A_379,0.56620243,0.63641381,0.040575474,0.1529426,0.53805148,0.16714726,0.19264573
5kcp_PFB_B_378,0.56620243,0.63641381,0.040575474,0.1529426,0.53805148,0.16714726,0.19264573
5kcp_PFB_B_379,0.56620243,0.63641381,0.040575474,0.1529426,0.53805148,0.16714726,0.19264573
5kf2_COA_A_401,0.56620243,0.63641381,0.040575474,0.1529426,0.53805148,0.16714726,0.19264573
5kjw_53C_A_800,0.56620243,0.63641381,0.040575474,0.1529426,0.53805148,0.16714726,0.19264573
5kjw_53C_B_800,0.56620243,0.63641381,0.040575474,0.1529426,0.53805148,0.16714726,0.19264573
5kjz_PCG_A_401,0.56620243,0.63641381,0.040575474,0.1529426,0.53805148,0.16714726,0.19264573
5kmj_6UF_A_901,0.00087032259,0.99438944,0.00090728579,0.1507331,0.53338905,0.14853713,0.17334497
5kts_CIZ_A_402,0.56620243,0.63641381,0.040575474,0.1529426,0.53805148,0.16714726,0.19264573
5kxb_NGA_A_307,0.56620243,0.63641381,0.040575474,0.1529426,0.53805148,0.16714726,0.19264573
5kxb_NGA_C_305,0.56620243,0.63641381,0.040575474,0.1529426,0.53805148,0.16714726,0.19264573
5kxb_NGA_D_301,0.56620243,0.63641381,0.040575474,0.1529426,0.53805148,0.16714726,0.19264573
5l1v_7PF_A_401,0.56620243,0.63641381,0.040575474,0.1529426,0.53805148,0.16714726,0.19264573
5l7u_NGA_B_601,0.56620243,0.63641381,0.040575474,0.1529426,0.53805148,0.16714726,0.19264573
5l9v_OGA_A_502,0.56620243,0.63641381,0.040575474,0.1529426,0.53805148,0.16714726,0.19264573
5l9v_OGA_B_502,0.56620243,0.63641381,0.040575474,0.1529426,0.53805148,0.16714726,0.19264573
5la1_XYP_A_601,0.56620243,0.63641381,0.040575474,0.1529426,0.53805148,0.16714726,0.19264573
5la2_ARB_B_606,0.56620243,0.63641381,0.040575474,0.1529426,0.53805148,0.16714726,0.19264573
5lik_W8X_X_402,0.56620243,0.63641381,0.040575474,0.1529426,0.53805148,0.16714726,0.19264573
5lqs_NTM_A_302,0.56620243,0.63641381,0.040575474,0.1529426,0.53805148,0.16714726,0.19264573
5lu8_5KN_A_306,0.52375607,0.59857878,0.043037761,0.14654007,0.54385262,0,0.18743935
5lwy_OLB_A_402,0.56620243,0.63641381,0.040575474,0.1529426,0.53805148,0.16714726,0.19264573
5lwy_OLB_A_403,0.56620243,0.63641381,0.040575474,0.1529426,0.53805148,0.16714726,0.19264573
5lwy_OLB_A_404,0.56620243,0.63641381,0.040575474,0.1529426,0.53805148,0.16714726,0.19264573
5lwy_OLB_A_406,0.56620243,0.63641381,0.040575474,0.1529426,0.53805148,0.16714726,0.19264573
5lwy_OLB_A_407,0.56620243,0.63641381,0.040575474,0.1529426,0.53805148,0.16714726,0.19264573
5lwy_OLB_A_409,0.56620243,0.63641381,0.040575474,0.1529426,0.53805148,0.16714726,0.19264573
5m0e_7CR_A_922,0.56620243,0.63641381,0.040575474,0.1529426,0.53805148,0.16714726,0.19264573
5m0t_AKG_A_302,0.56620243,0.63641381,0.040575474,0.1529426,0.53805148,0.16714726,0.19264573
5m0t_AKG_B_302,0.99435051,0.92740159,0,0.19714689,0.54506854,0.21963975,0.20934122
5m5a_KSA_A_404,0.56620243,0.63641381,0.040575474,0.1529426,0.53805148,0.16714726,0.19264573
5m62_BGC_A_409,0.56620243,0.63641381,0.040575474,0.1529426,0.53805148,0.16714726,0.19264573
5m66_ADN_A_502,0.56620243,0.63641381,0.040575474,0.1529426,0.53805148,0.16714726,0.19264573
5m66_ADN_B_502,0.56620243,0.63641381,0.040575474,0.1529426,0.53805148,0.16714726,0.19264573
5m66_ADN_C_502,0.56620243,0.63641381,0.040575474,0.1529426,0.53805148,0.16714726,0.19264573
5m66_ADN_D_502,0.98273753,0.81170236,0,0.18785157,0.54420525,0.21091674,0.20851367
5m8d_UGI_B_501,0.56620243,0.63641381,0.040575474,0.1529426,0.53805148,0.16714726,0.19264573
5mdh_MAK_A_335,0.56620243,0.63641381,0.040575474,0.1529426,0.53805148,0.16714726,0.19264573
5mdh_MAK_B_335,0.56620243,0.63641381,0.040575474,0.1529426,0.53805148,0.16714726,0.19264573
5mot_HBD_A_401,0.56620243,0.63641381,0.040575474,0.1529426,0.53805148,0.16714726,0.19264573
5mot_HBD_A_402,0.56620243,0.63641381,0.040575474,0.1529426,0.53805148,0.16714726,0.19264573
5mzp_CFF_A_2401,0.56620243,0.63641381,0.040575474,0.1529426,0.53805148,0.16714726,0.19264573
5n5k_8NW_A_307,0.56620243,0.63641381,0.040575474,0.1529426,0.53805148,0.16714726,0.19264573
5n5k_HAE_A_306,0.56620243,0.63641381,0.040575474,0.1529426,0.53805148,0.16714726,0.19264573
5n63_8OW_A_401,0.56620243,0.63641381,0.040575474,0.1529426,0.53805148,0.16714726,0.19264573
5n8c_8Q8_A_403,0.56620243,0.63641381,0.040575474,0.1529426,0.53805148,0.16714726,0.19264573
5n8c_8Q8_B_403,0.56620243,0.63641381,0.040575474,0.1529426,0.53805148,0.16714726,0.19264573
5nh9_XLS_A_503,0.56620243,0.63641381,0.040575474,0.1529426,0.53805148,0.16714726,0.19264573
5nh9_XLS_B_503,0.56620243,0.63641381,0.040575474,0.1529426,0.53805148,0.16714726,0.19264573
5nh9_XLS_D_504,0.56620243,0.63641381,0.040575474,0.1529426,0.53805148,0.16714726,0.19264573
5nj0_8YW_A_301,0.98833615,0.95160543,0.017716458,0.11311688,0.98039207,0.21139206,0
5nnw_GCS_D_302,0.56620243,0.63641381,0.040575474,0.1529426,0.53805148,0.16714726,0.19264573
5nov_93B_A_201,0.56620243,0.63641381,0.040575474,0.1529426,0.53805148,0.16714726,0.19264573
5nuk_Z80_A_201,0.97926673,0.96381253,0.018544807,0.30422067,0,0.23229494,0.48718813
5o3b_9HZ_C_501,0.56620243,0.63641381,0.040575474,0.1529426,0.53805148,0.16714726,0.19264573
5o3b_9HZ_D_501,0.56620243,0.63641381,0.040575474,0.1529426,0.53805148,0.16714726,0.19264573
5o3d_9J5_A_501,0.56620243,0.63641381,0.040575474,0.1529426,0.53805148,0.16714726,0.19264573
5o3f_9HT_A_501,0.56620243,0.63641381,0.040575474,0.1529426,0.53805148,0.16714726,0.19264573
5o3g_9J8_A_501,0.56620243,0.63641381,0.040575474,0.1529426,0.53805148,0.16714726,0.19264573
5o4j_9KH_B_302,0.56620243,0.63641381,0.040575474,0.1529426,0.53805148,0.16714726,0.19264573
5o4j_9KH_C_302,0.56620243,0.63641381,0.040575474,0.1529426,0.53805148,0.16714726,0.19264573
5o4j_PJL_A_304,0.56620243,0.63641381,0.040575474,0.1529426,0.53805148,0.16714726,0.19264573
5o4k_9KE_A_405,0.56620243,0.63641381,0.040575474,0.1529426,0.53805148,0.16714726,0.19264573
5o72_9MH_A_303,0.56620243,0.63641381,0.040575474,0.1529426,0.53805148,0.16714726,0.19264573
5ocm_9RH_B_302,0.56620243,0.63641381,0.040575474,0.1529426,0.53805148,0.16714726,0.19264573
5ocm_9RH_C_302,0.56620243,0.63641381,0.040575474,0.1529426,0.53805148,0.16714726,0.19264573
5ocm_9RH_D_302,0.56620243,0.63641381,0.040575474,0.1529426,0.53805148,0.16714726,0.19264573
5ocm_9RH_E_302,0.56620243,0.63641381,0.040575474,0.1529426,0.53805148,0.16714726,0.19264573
5ocm_9RH_F_302,0.56620243,0.63641381,0.040575474,0.1529426,0.53805148,0.16714726,0.19264573
5oew_9TE_C_301,0.56620243,0.63641381,0.040575474,0.1529426,0.53805148,0.16714726,0.19264573
5oew_GLU_A_301,0.56620243,0.63641381,0.040575474,0.1529426,0.53805148,0.16714726,0.19264573
5oew_GLU_B_902,0.56620243,0.63641381,0.040575474,0.1529426,0.53805148,0.16714726,0.19264573
5oew_GLU_C_302,0.56620243,0.63641381,0.040575474,0.1529426,0.53805148,0.16714726,0.19264573
5oip_9WE_A_302,0.56620243,0.63641381,0.040575474,0.1529426,0.53805148,0.16714726,0.19264573
5oo4_URI_A_201,0.56620243,0.63641381,0.040575474,0.1529426,0.53805148,0.16714726,0.19264573
5ooa_URI_A_201,0.52797776,0.60340195,0,0.14711944,0.54395715,0,0.18759889
5r0i_SYV_A_2501,0.56620243,0.63641381,0.040575474,0.1529426,0.53805148,0.16714726,0.19264573
5r0j_RBJ_B_401,0.56620243,0.63641381,0.040575474,0.1529426,0.53805148,0.16714726,0.19264573
5r28_RDJ_A_401,0.56620243,0.63641381,0.040575474,0.1529426,0.53805148,0.16714726,0.19264573
5r9o_54F_A_401,0.56620243,0.63641381,0.040575474,0.1529426,0.53805148,0.16714726,0.19264573
5r9u_JMM_A_401,0.56620243,0.63641381,0.040575474,0.1529426,0.53805148,0.16714726,0.19264573
5sga_TYR_P_1,0.56620243,0.63641381,0.040575474,0.1529426,0.53805148,0.16714726,0.19264573
5syi_NIZ_A_805,0.56620243,0.63641381,0.040575474,0.1529426,0.53805148,0.16714726,0.19264573
5syi_NIZ_B_805,0.56620243,0.63641381,0.040575474,0.1529426,0.53805148,0.16714726,0.19264573
5t6b_TMP_A_504,0.56620243,0.63641381,0.040575474,0.1529426,0.53805148,0.16714726,0.19264573
5t6b_TMP_C_503,0.56620243,0.63641381,0.040575474,0.1529426,0.53805148,0.16714726,0.19264573
5t6b_TMP_D_503,0.56620243,0.63641381,0.040575474,0.1529426,0.53805148,0.16714726,0.19264573
5tch_MLI_A_301,0.56620243,0.63641381,0.040575474,0.1529426,0.53805148,0.16714726,0.19264573
5tch_MLI_B_501,0.56620243,0.63641381,0.040575474,0.1529426,0.53805148,0.16714726,0.19264573
5tch_MLI_C_301,0.56620243,0.63641381,0.040575474,0.1529426,0.53805148,0.16714726,0.19264573
5tch_MLI_E_301,0.56620243,0.63641381,0.040575474,0.1529426,0.53805148,0.16714726,0.19264573
5tch_MLI_F_501,0.56620243,0.63641381,0.040575474,0.1529426,0.53805148,0.16714726,0.19264573
5tch_MLI_G_301,0.56620243,0.63641381,0.040575474,0.1529426,0.53805148,0.16714726,0.19264573
5tde_2HP_A_502,0.56620243,0.63641381,0.040575474,0.1529426,0.53805148,0.16714726,0.19264573
5tde_2HP_B_901,0.56620243,0.63641381,0.040575474,0.1529426,0.53805148,0.16714726,0.19264573
5tde_FLC_A_501,0.56620243,0.63641381,0.040575474,0.1529426,0.53805148,0.16714726,0.19264573
5tdt_MBN_A_502,0.56620243,0.63641381,0.040575474,0.1529426,0.53805148,0.16714726,0.19264573
5tdt_MBN_A_504,0.56620243,0.63641381,0.040575474,0.1529426,0.53805148,0.16714726,0.19264573
5tdt_MBN_D_501,0.56620243,0.63641381,0.040575474,0.1529426,0.53805148,0.16714726,0.19264573
5thu_GGG_B_405,0.56620243,0.63641381,0.040575474,0.1529426,0.53805148,0.16714726,0.19264573
5tix_OQR_A_302,0.56620243,0.63641381,0.040575474,0.1529426,0.53805148,0.16714726,0.19264573
5tix_OQR_B_302,0.56620243,0.63641381,0.040575474,0.1529426,0.53805148,0.16714726,0.19264573
5tlg_7EG_A_601,0.56620243,0.63641381,0.040575474,0.1529426,0.53805148,0.16714726,0.19264573
5tlg_7EG_B_601,0.56620243,0.63641381,0.040575474,0.1529426,0.53805148,0.16714726,0.19264573
5tm5_7EV_A_601,0.56620243,0.63641381,0.040575474,0.1529426,0.53805148,0.16714726,0.19264573
5tm5_7EV_B_601,0.56620243,0.63641381,0.040575474,0.1529426,0.53805148,0.16714726,0.19264573
5tvr_AKG_A_402,0.56620243,0.63641381,0.040575474,0.1529426,0.53805148,0.16714726,0.19264573
5tvr_AKG_B_402,0.56620243,0.63641381,0.040575474,0.1529426,0.53805148,0.16714726,0.19264573
5tzr_MLI_A_2403,0.56620243,0.63641381,0.040575474,0.1529426,0.53805148,0.16714726,0.19264573
5u5g_7VD_A_302,0.56620243,0.63641381,0.040575474,0.1529426,0.53805148,0.16714726,0.19264573
5u5g_7VD_B_302,0.56620243,0.63641381,0.040575474,0.1529426,0.53805148,0.16714726,0.19264573
5u5g_7VD_C_302,0.56620243,0.63641381,0.040575474,0.1529426,0.53805148,0.16714726,0.19264573
5u5x_TP5_A_302,0.56620243,0.63641381,0.040575474,0.1529426,0.53805148,0.16714726,0.19264573
5u5z_7VP_A_302,0.56620243,0.63641381,0.040575474,0.1529426,0.53805148,0.16714726,0.19264573
5u8z_83D_B_602,0.56620243,0.63641381,0.040575474,0.1529426,0.53805148,0.16714726,0.19264573
5u8z_83D_C_602,0.56620243,0.63641381,0.040575474,0.1529426,0.53805148,0.16714726,0.19264573
5u8z_83D_D_602,0.56620243,0.63641381,0.040575474,0.1529426,0.53805148,0.16714726,0.19264573
5uap_82S_A_505,0.56620243,0.63641381,0.040575474,0.1529426,0.53805148,0.16714726,0.19264573
5uap_82S_B_505,0.56620243,0.63641381,0.040575474,0.1529426,0.53805148,0.16714726,0.19264573
5ud0_13P_B_405,0.56620243,0.63641381,0.040575474,0.1529426,0.53805148,0.16714726,0.19264573
5ud0_G3H_B_406,0.56620243,0.63641381,0.040575474,0.1529426,0.53805148,0.16714726,0.19264573
5ud3_P6F_A_404,0.56620243,0.63641381,0.040575474,0.1529426,0.53805148,0.16714726,0.19264573
5ud3_P6F_B_404,0.56620243,0.63641381,0.040575474,0.1529426,0.53805148,0.16714726,0.19264573
5uda_CAE_A_502,0.56620243,0.63641381,0.040575474,0.1529426,0.53805148,0.16714726,0.19264573
5uda_CAE_B_502,0.56620243,0.63641381,0.040575474,0.1529426,0.53805148,0.16714726,0.19264573
5uim_TYD_B_403,0.56620243,0.63641381,0.040575474,0.1529426,0.53805148,0.16714726,0.19264573
5uio_8DM_A_202,0.56620243,0.63641381,0.040575474,0.1529426,0.53805148,0.16714726,0.19264573
5uio_8DM_D_202,0.56620243,0.63641381,0.040575474,0.1529426,0.53805148,0.16714726,0.19264573
5uio_8DM_E_202,0.56620243,0.63641381,0.040575474,0.1529426,0.53805148,0.16714726,0.19264573
5uio_LG3_A_201,0.56620243,0.63641381,0.040575474,0.1529426,0.53805148,0.16714726,0.19264573
5uio_LG3_B_201,0.56620243,0.63641381,0.040575474,0.1529426,0.53805148,0.16714726,0.19264573
5uio_LG3_C_201,0.56620243,0.63641381,0.040575474,0.1529426,0.53805148,0.16714726,0.19264573
5uio_LG3_E_201,0.56620243,0.63641381,0.040575474,0.1529426,0.53805148,0.16714726,0.19264573
5uj3_CE4_A_302,0.56620243,0.63641381,0.040575474,0.1529426,0.53805148,0.16714726,0.19264573
5unr_8EV_A_803,0.56620243,0.63641381,0.040575474,0.1529426,0.53805148,0.16714726,0.19264573
5unr_8EV_B_803,0.56620243,0.63641381,0.040575474,0.1529426,0.53805148,0.16714726,0.19264573
5unt_8J1_A_803,0.56620243,0.63641381,0.040575474,0.1529426,0.53805148,0.16714726,0.19264573
5unx_8F1_A_803,0.56620243,0.63641381,0.040575474,0.1529426,0.53805148,0.16714726,0.19264573
5unx_8F1_B_803,0.56620243,0.63641381,0.040575474,0.1529426,0.53805148,0.16714726,0.19264573
5uo3_8EY_A_803,0.56620243,0.63641381,0.040575474,0.1529426,0.53805148,0.16714726,0.19264573
5uo5_M4R_A_803,0.56620243,0.63641381,0.040575474,0.1529426,0.53805148,0.16714726,0.19264573
5uo5_M4R_B_803,0.56620243,0.63641381,0.040575474,0.1529426,0.53805148,0.16714726,0.19264573
5urz_BOG_B_201,0.56620243,0.63641381,0.040575474,0.1529426,0.53805148,0.16714726,0.19264573
5v31_ARG_A_401,0.56620243,0.63641381,0.040575474,0.1529426,0.53805148,0.16714726,0.19264573
5v7y_AKG_B_302,0.56620243,0.63641381,0.040575474,0.1529426,0.53805148,0.16714726,0.19264573
5ve5_GSH_B_402,0.56620243,0.63641381,0.040575474,0.1529426,0.53805148,0.16714726,0.19264573
5ved_STU_A_601,0.56620243,0.63641381,0.040575474,0.1529426,0.53805148,0.16714726,0.19264573
5vjg_0BP_A_403,0.56620243,0.63641381,0.040575474,0.1529426,0.53805148,0.16714726,0.19264573
5vka_AKG_A_402,0.56620243,0.63641381,0.040575474,0.1529426,0.53805148,0.16714726,0.19264573
5vl0_BNF_A_404,0.56620243,0.63641381,0.040575474,0.1529426,0.53805148,0.16714726,0.19264573
5vl0_BNF_D_404,0.56620243,0.63641381,0.040575474,0.1529426,0.53805148,0.16714726,0.19264573
5vrj_R07_A_204,0,0.81204554,0.050844826,0.08650494,0.76275858,0.13024156,0
5vut_9OG_A_803,0.56620243,0.63641381,0.040575474,0.1529426,0.53805148,0.16714726,0.19264573
5vut_9OG_B_803,0.56620243,0.63641381,0.040575474,0.1529426,0.53805148,0.16714726,0.19264573
5vuu_9OJ_A_805,0.56620243,0.63641381,0.040575474,0.1529426,0.53805148,0.16714726,0.19264573
5vuu_9OJ_B_803,0.56620243,0.63641381,0.040575474,0.1529426,0.53805148,0.16714726,0.19264573
5vv0_9OM_A_803,0.54072269,0.5978431,0.042546465,1.3022585e-42,0.59060078,0.16134421,0.16308247
5vv0_9OM_B_803,0.56620243,0.63641381,0.040575474,0.1529426,0.53805148,0.16714726,0.19264573
5vv5_9OJ_B_803,0.56620243,0.63641381,0.040575474,0.1529426,0.53805148,0.16714726,0.19264573
5vyr_B62_A_301,0.56620243,0.63641381,0.040575474,0.1529426,0.53805148,0.16714726,0.19264573
5vyr_B62_B_301,0.56620243,0.63641381,0.040575474,0.1529426,0.53805148,0.16714726,0.19264573
5vyr_GMP_B_302,0.56620243,0.63641381,0.040575474,0.1529426,0.53805148,0.16714726,0.19264573
5vyr_GMP_B_303,0.56620243,0.63641381,0.040575474,0.1529426,0.53805148,0.16714726,0.19264573
5vys_1YJ_A_301,0.56620243,0.63641381,0.040575474,0.1529426,0.53805148,0.16714726,0.19264573
5vys_1YJ_B_301,0.56620243,0.63641381,0.040575474,0.1529426,0.53805148,0.16714726,0.19264573
5vys_GMP_B_303,0.56620243,0.63641381,0.040575474,0.1529426,0.53805148,0.16714726,0.19264573
5w3k_9TY_A_401,0.56620243,0.63641381,0.040575474,0.1529426,0.53805148,0.16714726,0.19264573
5w5t_9X7_D_508,0.56620243,0.63641381,0.040575474,0.1529426,0.53805148,0.16714726,0.19264573
5w7b_MYR_B_208,0.56620243,0.63641381,0.040575474,0.1529426,0.53805148,0.16714726,0.19264573
5w8q_BU4_A_400,0.56620243,0.63641381,0.040575474,0.1529426,0.53805148,0.16714726,0.19264573
5w8q_BU4_B_400,0.56620243,0.63641381,0.040575474,0.1529426,0.53805148,0.16714726,0.19264573
5wct_GY4_A_303,0.54072269,0.5978431,0.042546465,0,0.59060078,0.16134421,0.16308247
5wcz_NOJ_A_601,0.56620243,0.63641381,0.040575474,0.1529426,0.53805148,0.16714726,0.19264573
5wgk_AGJ_A_816,0.56620243,0.63641381,0.040575474,0.1529426,0.53805148,0.16714726,0.19264573
5wgr_PM7_A_711,0.56620243,0.63641381,0.040575474,0.1529426,0.53805148,0.16714726,0.19264573
5wgr_PM7_A_712,0.56620243,0.63641381,0.040575474,0.1529426,0.53805148,0.16714726,0.19264573
5wgv_PM7_A_712,0.56620243,0.63641381,0.040575474,0.1529426,0.53805148,0.16714726,0.19264573
5wgv_PM7_A_713,0,0,0.07821356,0.17828549,2.8890057e-05,0.091941211,0.44115106
5wgw_MB5_A_715,0.56620243,0.63641381,0.040575474,0.1529426,0.53805148,0.16714726,0.19264573
5x0j_SEP_A_302,0.56620243,0.63641381,0.040575474,0.1529426,0.53805148,0.16714726,0.19264573
5x23_LSN_A_502,0.56620243,0.63641381,0.040575474,0.1529426,0.53805148,0.16714726,0.19264573
5x23_LSN_A_503,0.56620243,0.63641381,0.040575474,0.1529426,0.53805148,0.16714726,0.19264573
5x23_LSN_A_504,0.56620243,0.63641381,0.040575474,0.1529426,0.53805148,0.16714726,0.19264573
5x2m_GLN_A_951,0.56620243,0.63641381,0.040575474,0.1529426,0.53805148,0.16714726,0.19264573
5x2m_GLN_B_951,0.56620243,0.63641381,0.040575474,0.1529426,0.53805148,0.16714726,0.19264573
5x2m_GLN_D_951,0.56620243,0.63641381,0.040575474,0.1529426,0.53805148,0.16714726,0.19264573
5x5d_UMP_A_401,0.56620243,0.63641381,0.040575474,0.1529426,0.53805148,0.16714726,0.19264573
5x5d_UMP_C_401,0.56620243,0.63641381,0.040575474,0.1529426,0.53805148,0.16714726,0.19264573
5x5d_UMP_E_401,0.96373128,0,0,0.12587365,0.53890939,0.1544751,0.20498583
5x86_TMP_A_205,0.56620243,0.63641381,0.040575474,0.1529426,0.53805148,0.16714726,0.19264573
5x86_TMP_B_207,0.56620243,0.63641381,0.040575474,0.1529426,0.53805148,0.16714726,0.19264573
5xdt_MB3_A_404,0.38395684,0.99568175,0.033873369,0.12619114,0.75579884,0.17256867,0
5xdt_ZI7_A_403,0.56620243,0.63641381,0.040575474,0.1529426,0.53805148,0.16714726,0.19264573
5xh2_NPO_A_305,0.56620243,0.63641381,0.040575474,0.1529426,0.53805148,0.16714726,0.19264573
5xin_XLS_A_397,0.56620243,0.63641381,0.040575474,0.1529426,0.53805148,0.16714726,0.19264573
5xin_XLS_B_397,0.56620243,0.63641381,0.040575474,0.1529426,0.53805148,0.16714726,0.19264573
5xin_XLS_C_397,0.56620243,0.63641381,0.040575474,0.1529426,0.53805148,0.16714726,0.19264573
5xin_XLS_D_397,0.56620243,0.63641381,0.040575474,0.1529426,0.53805148,0.16714726,0.19264573
5xj7_87O_A_309,0.56620243,0.63641381,0.040575474,0.1529426,0.53805148,0.16714726,0.19264573
5xmq_PLG_B_501,0.56620243,0.63641381,0.040575474,0.1529426,0.53805148,0.16714726,0.19264573
5xmq_PLG_C_501,0.56620243,0.63641381,0.040575474,0.1529426,0.53805148,0.16714726,0.19264573
5xoi_SIN_A_401,0.56620243,0.63641381,0.040575474,0.1529426,0.53805148,0.16714726,0.19264573
5xrv_F6R_A_702,0.56620243,0.63641381,0.040575474,0.1529426,0.53805148,0.16714726,0.19264573
5xsm_8EO_A_705,0.56620243,0.63641381,0.040575474,0.1529426,0.53805148,0.16714726,0.19264573
5xvt_8FL_A_709,0.56620243,0.63641381,0.040575474,0.1529426,0.53805148,0.16714726,0.19264573
5xvv_AKG_A_508,0.56620243,0.63641381,0.040575474,0.1529426,0.53805148,0.16714726,0.19264573
5xvv_AKG_B_506,0.56620243,0.63641381,0.040575474,0.1529426,0.53805148,0.16714726,0.19264573
5xvv_AKG_C_504,0.56620243,0.63641381,0.040575474,0.1529426,0.53805148,0.16714726,0.19264573
5xz7_F6P_A_407,0.56620243,0.63641381,0.040575474,0.1529426,0.53805148,0.16714726,0.19264573
5y1g_AKB_A_401,0.56620243,0.63641381,0.040575474,0.1529426,0.53805148,0.16714726,0.19264573
5y7a_KYN_A_502,0.56620243,0.63641381,0.040575474,0.1529426,0.53805148,0.16714726,0.19264573
5y7r_58K_B_403,0.56620243,0.63641381,0.040575474,0.1529426,0.53805148,0.16714726,0.19264573
5y8k_SER_A_301,0.56620243,0.63641381,0.040575474,0.1529426,0.53805148,0.16714726,0.19264573
5y8k_SER_B_301,0.56620243,0.63641381,0.040575474,0.1529426,0.53805148,0.16714726,0.19264573
5y8p_3OH_B_301,0.56620243,0.63641381,0.040575474,0.1529426,0.53805148,0.16714726,0.19264573
5yaq_ISE_B_402,0.56620243,0.63641381,0.040575474,0.1529426,0.53805148,0.16714726,0.19264573
5yaq_ISE_C_402,0.56620243,0.63641381,0.040575474,0.1529426,0.53805148,0.16714726,0.19264573
5yaq_ISE_D_402,0.56620243,0.63641381,0.040575474,0.1529426,0.53805148,0.16714726,0.19264573
5yb7_ORN_A_602,0.56620243,0.63641381,0.040575474,0.1529426,0.53805148,0.16714726,0.19264573
5yb7_ORN_A_603,0.56620243,0.63641381,0.040575474,0.1529426,0.53805148,0.16714726,0.19264573
5yb7_ORN_B_602,0.56620243,0.63641381,0.040575474,0.1529426,0.53805148,0.16714726,0.19264573
5yb7_ORN_B_603,0.56620243,0.63641381,0.040575474,0.1529426,0.53805148,0.16714726,0.19264573
5yb7_ORN_C_602,0.56620243,0.63641381,0.040575474,0.1529426,0.53805148,0.16714726,0.19264573
5yb7_ORN_C_603,0.56620243,0.63641381,0.040575474,0.1529426,0.53805148,0.16714726,0.19264573
5yb7_ORN_D_602,0.99589612,0,0.049684082,0.22721203,0.024002727,0.16756612,0.47026351
5yb7_ORN_D_603,0.56620243,0.63641381,0.040575474,0.1529426,0.53805148,0.16714726,0.19264573
5ybl_AKG_C_302,0.9948874,0.82885764,0.022527301,0.29468701,0.00060066452,0.22430565,0.486784
5ybp_8SX_B_303,0.56620243,0.63641381,0.040575474,0.1529426,0.53805148,0.16714726,0.19264573
5ybp_AKG_A_302,0.56764302,0.39162652,0.048582741,0.13457395,0.53654029,0.15061122,0.19181686
5ybp_AKG_B_302,0.56620243,0.63641381,0.040575474,0.1529426,0.53805148,0.16714726,0.19264573
5ybq_8T0_B_303,0.56620243,0.63641381,0.040575474,0.1529426,0.53805148,0.16714726,0.19264573
5ybq_AKG_A_302,0.56620243,0.63641381,0.040575474,0.1529426,0.53805148,0.16714726,0.19264573
5ybq_AKG_B_302,0.56620243,0.63641381,0.040575474,0.1529426,0.53805148,0.16714726,0.19264573
5yfj_RUB_B_401,0.56620243,0.63641381,0.040575474,0.1529426,0.53805148,0.16714726,0.19264573
5yfj_RUB_C_401,0.56620243,0.63641381,0.040575474,0.1529426,0.53805148,0.16714726,0.19264573
5ykt_PMP_A_501,0.56620243,0.63641381,0.040575474,0.1529426,0.53805148,0.16714726,0.19264573
5ykt_PMP_B_501,0.56620243,0.63641381,0.040575474,0.1529426,0.53805148,0.16714726,0.19264573
5ylf_BGC_A_401,0.56620243,0.63641381,0.040575474,0.1529426,0.53805148,0.16714726,0.19264573
5ysh_5AD_D_605,0.56620243,0.63641381,0.040575474,0.1529426,0.53805148,0.16714726,0.19264573
5ysh_5AD_G_605,0.56620243,0.63641381,0.040575474,0.1529426,0.53805148,0.16714726,0.19264573
5ysh_5AD_J_605,0.21831849,0.98087692,0.039689988,0.25010821,0.074807582,0.17371168,0.41735617
5z54_0HZ_A_303,0.56620243,0.63641381,0.040575474,0.1529426,0.53805148,0.16714726,0.19264573
5z54_0HZ_B_303,0.56620243,0.63641381,0.040575474,0.1529426,0.53805148,0.16714726,0.19264573
5z54_0HZ_C_303,0.56620243,0.63641381,0.040575474,0.1529426,0.53805148,0.16714726,0.19264573
5z9b_AX7_A_304,0.56620243,0.63641381,0.040575474,0.1529426,0.53805148,0.16714726,0.19264573
5z9b_HX3_A_303,0.56620243,0.63641381,0.040575474,0.1529426,0.53805148,0.16714726,0.19264573
5z9b_HX3_B_303,0.56620243,0.63641381,0.040575474,0.1529426,0.53805148,0.16714726,0.19264573
5z9p_AX7_A_301,0.56620243,0.63641381,0.040575474,0.1529426,0.53805148,0.16714726,0.19264573
5z9p_AX7_B_301,0.52375607,0.59857878,0.043037761,0.14654007,0.54385262,0,0.18743935
5zg2_9C0_A_902,0.56620243,0.63641381,0.040575474,0.1529426,0.53805148,0.16714726,0.19264573
5zg2_ZK1_A_901,0.56620243,0.63641381,0.040575474,0.1529426,0.53805148,0.16714726,0.19264573
5zg2_ZK1_B_901,0.56620243,0.63641381,0.040575474,0.1529426,0.53805148,0.16714726,0.19264573
5zge_ZZ7_A_301,0.56620243,0.63641381,0.040575474,0.1529426,0.53805148,0.16714726,0.19264573
5zge_ZZ7_B_302,0.56620243,0.63641381,0.040575474,0.1529426,0.53805148,0.16714726,0.19264573
5zgr_ZZ7_A_303,0.56620243,0.63641381,0.040575474,0.1529426,0.53805148,0.16714726,0.19264573
5zgr_ZZ7_B_303,0.56620243,0.63641381,0.040575474,0.1529426,0.53805148,0.16714726,0.19264573
5zi4_OAA_A_401,0.56620243,0.63641381,0.040575474,0.1529426,0.53805148,0.16714726,0.19264573
5zi4_OAA_B_401,0.56620243,0.63641381,0.040575474,0.1529426,0.53805148,0.16714726,0.19264573
5zpt_HY1_A_702,0.56620243,0.63641381,0.040575474,0.1529426,0.53805148,0.16714726,0.19264573
5zpt_HY1_B_703,0.56620243,0.63641381,0.040575474,0.1529426,0.53805148,0.16714726,0.19264573
6a1f_9OF_A_807,0.56620243,0.63641381,0.040575474,0.1529426,0.53805148,0.16714726,0.19264573
6a1l_BEZ_A_403,0.56620243,0.63641381,0.040575474,0.1529426,0.53805148,0.16714726,0.19264573
6a1l_BEZ_A_404,0.56620243,0.63641381,0.040575474,0.1529426,0.53805148,0.16714726,0.19264573
6a2m_9QR_A_701,0.56620243,0.63641381,0.040575474,0.1529426,0.53805148,0.16714726,0.19264573
6a2m_9QR_B_701,0.56620243,0.63641381,0.040575474,0.1529426,0.53805148,0.16714726,0.19264573
6a2m_UMP_A_703,0.56620243,0.63641381,0.040575474,0.1529426,0.53805148,0.16714726,0.19264573
6a2m_UMP_B_703,0.56620243,0.63641381,0.040575474,0.1529426,0.53805148,0.16714726,0.19264573
6a2n_UMP_A_703,0.56620243,0.63641381,0.040575474,0.1529426,0.53805148,0.16714726,0.19264573
6a2n_UMP_B_703,0.56620243,0.63641381,0.040575474,0.1529426,0.53805148,0.16714726,0.19264573
6a3j_SOE_A_402,0.56620243,0.63641381,0.040575474,0.1529426,0.53805148,0.16714726,0.19264573
6a3j_SOE_B_401,0.54072269,0.5978431,0.042546465,1.3061439e-51,0.59060078,0.16134421,0.16308247
6a3j_SOE_C_402,0.56620243,0.63641381,0.040575474,0.1529426,0.53805148,0.16714726,0.19264573
6a3j_SOE_D_401,0.56620243,0.63641381,0.040575474,0.1529426,0.53805148,0.16714726,0.19264573
6a6s_FSA_A_502,0.56620243,0.63641381,0.040575474,0.1529426,0.53805148,0.16714726,0.19264573
6a7e_9QR_A_201,0,0.98056636,0.045489,0.14946917,0.53330002,0.14733999,0.17319676
6abm_9VR_A_505,0.56620243,0.63641381,0.040575474,0.1529426,0.53805148,0.16714726,0.19264573
6acn_TRC_A_899,0.56620243,0.63641381,0.040575474,0.1529426,0.53805148,0.16714726,0.19264573
6ald_2FP_A_700,0.56620243,0.63641381,0.040575474,0.1529426,0.53805148,0.16714726,0.19264573
6ald_2FP_B_700,0.56620243,0.63641381,0.040575474,0.1529426,0.53805148,0.16714726,0.19264573
6auq_BYJ_A_803,0.56620243,0.63641381,0.040575474,0.1529426,0.53805148,0.16714726,0.19264573
6av2_BY7_A_803,0.56620243,0.63641381,0.040575474,0.1529426,0.53805148,0.16714726,0.19264573
6ayv_F6P_A_401,0.56620243,0.63641381,0.040575474,0.1529426,0.53805148,0.16714726,0.19264573
6ayv_F6P_B_401,0.56620243,0.63641381,0.040575474,0.1529426,0.53805148,0.16714726,0.19264573
6ayv_MLI_A_409,0.56620243,0.63641381,0.040575474,0.1529426,0.53805148,0.16714726,0.19264573
6b5k_TYD_A_304,0.56620243,0.63641381,0.040575474,0.1529426,0.53805148,0.16714726,0.19264573
6b5k_TYD_B_304,0.56620243,0.63641381,0.040575474,0.1529426,0.53805148,0.16714726,0.19264573
6b6r_BEN_A_302,0.56620243,0.63641381,0.040575474,0.1529426,0.53805148,0.16714726,0.19264573
6b9p_D0J_A_1001,0.50420029,0.20965552,0.05673073,0.18521016,2.260473e-08,0.14080125,0
6ba2_7KM_A_809,0.56620243,0.63641381,0.040575474,0.1529426,0.53805148,0.16714726,0.19264573
6bds_DJ4_A_302,0.56620243,0.63641381,0.040575474,0.1529426,0.53805148,0.16714726,0.19264573
6bmm_OLB_A_404,0.56620243,0.63641381,0.040575474,0.1529426,0.53805148,0.16714726,0.19264573
6btq_E8S_A_305,0.56620243,0.63641381,0.040575474,0.1529426,0.53805148,0.16714726,0.19264573
6bvl_EBY_B_2001,0.56620243,0.63641381,0.040575474,0.1529426,0.53805148,0.16714726,0.19264573
6bxk_MTA_A_401,0.56620243,0.63641381,0.040575474,0.1529426,0.53805148,0.16714726,0.19264573
6c1i_EEY_B_501,0.56620243,0.63641381,0.040575474,0.1529426,0.53805148,0.16714726,0.19264573
6c1x_DNX_A_203,0.56620243,0.63641381,0.040575474,0.1529426,0.53805148,0.16714726,0.19264573
6c6w_TFX_A_502,0.56620243,0.63641381,0.040575474,0.1529426,0.53805148,0.16714726,0.19264573
6cdy_EY1_A_501,0.56620243,0.63641381,0.040575474,0.1529426,0.53805148,0.16714726,0.19264573
6cdy_EY1_B_501,0.56620243,0.63641381,0.040575474,0.1529426,0.53805148,0.16714726,0.19264573
6cgc_F0A_A_402,0.56620243,0.63641381,0.040575474,0.1529426,0.53805148,0.16714726,0.19264573
6cgn_DA_A_801,0.56620243,0.63641381,0.040575474,0.1529426,0.53805148,0.16714726,0.19264573
6cqu_HI6_B_601,0.56620243,0.63641381,0.040575474,0.1529426,0.53805148,0.16714726,0.19264573
6cut_FEJ_C_401,0.56620243,0.63641381,0.040575474,0.1529426,0.53805148,0.16714726,0.19264573
6cut_FEJ_D_401,0.56620243,0.63641381,0.040575474,0.1529426,0.53805148,0.16714726,0.19264573
6cwr_6LA_A_201,0.56620243,0.63641381,0.040575474,0.1529426,0.53805148,0.16714726,0.19264573
6dl7_ONC_C_301,0.56620243,0.63641381,0.040575474,0.1529426,0.53805148,0.16714726,0.19264573
6dl7_ONC_E_301,0.56620243,0.63641381,0.040575474,0.1529426,0.53805148,0.16714726,0.19264573
6dl7_ONC_G_301,0.56620243,0.63641381,0.040575474,0.1529426,0.53805148,0.16714726,0.19264573
6dmi_5T5_A_504,0.56620243,0.63641381,0.040575474,0.1529426,0.53805148,0.16714726,0.19264573
6dqt_LEU_B_1,0.56620243,0.63641381,0.040575474,0.1529426,0.53805148,0.16714726,0.19264573
6dyt_F0G_A_503,0.56620243,0.63641381,0.040575474,0.1529426,0.53805148,0.16714726,0.19264573
6dyt_PP3_B_1501,0.56620243,0.63641381,0.040575474,0.1529426,0.53805148,0.16714726,0.19264573
6e40_BBJ_A_502,0.56620243,0.63641381,0.040575474,0.1529426,0.53805148,0.16714726,0.19264573
6e40_BBJ_B_502,0.56620243,0.63641381,0.040575474,0.1529426,0.53805148,0.16714726,0.19264573
6e43_BEZ_B_502,0.56620243,0.63641381,0.040575474,0.1529426,0.53805148,0.16714726,0.19264573
6e43_BEZ_C_502,0.56620243,0.63641381,0.040575474,0.1529426,0.53805148,0.16714726,0.19264573
6ezf_C6Z_A_1003,0.56620243,0.63641381,0.040575474,0.1529426,0.53805148,0.16714726,0.19264573
6f2b_AKG_B_402,0.56620243,0.63641381,0.040575474,0.1529426,0.53805148,0.16714726,0.19264573
6f2b_AKG_C_402,0.56620243,0.63641381,0.040575474,0.1529426,0.53805148,0.16714726,0.19264573
6f2v_AMP_A_1001,0.56620243,0.63641381,0.040575474,0.1529426,0.53805148,0.16714726,0.19264573
6f2v_AMP_B_1001,0.56620243,0.63641381,0.040575474,0.1529426,0.53805148,0.16714726,0.19264573
6f3s_CKW_A_902,0.56620243,0.63641381,0.040575474,0.1529426,0.53805148,0.16714726,0.19264573
6f3s_PLP_A_901,0,0.95540007,0.046209478,0.11111569,0.7122249,0.14146992,0.021723768
6f48_XQB_A_302,0.56620243,0.63641381,0.040575474,0.1529426,0.53805148,0.16714726,0.19264573
6f66_CUT_B_300,0.56620243,0.63641381,0.040575474,0.1529426,0.53805148,0.16714726,0.19264573
6f6a_CU5_A_301,0.56620243,0.63641381,0.040575474,0.1529426,0.53805148,0.16714726,0.19264573
6f6a_CU5_B_301,0.56620243,0.63641381,0.040575474,0.1529426,0.53805148,0.16714726,0.19264573
6f76_CVK_A_203,0.56620243,0.63641381,0.040575474,0.1529426,0.53805148,0.16714726,0.19264573
6f76_CVK_B_203,0.56620243,0.63641381,0.040575474,0.1529426,0.53805148,0.16714726,0.19264573
6f76_CVK_C_203,0.56620243,0.63641381,0.040575474,0.1529426,0.53805148,0.16714726,0.19264573
6f76_CVK_F_203,0.56620243,0.63641381,0.040575474,0.1529426,0.53805148,0.16714726,0.19264573
6f77_PLP_C_600,0.56620243,0.63641381,0.040575474,0.1529426,0.53805148,0.16714726,0.19264573
6f77_PLP_D_600,0.56620243,0.63641381,0.040575474,0.1529426,0.53805148,0.16714726,0.19264573
6f77_PLP_E_600,0.56620243,0.63641381,0.040575474,0.1529426,0.53805148,0.16714726,0.19264573
6f7r_CIT_A_1002,0.56620243,0.63641381,0.040575474,0.1529426,0.53805148,0.16714726,0.19264573
6fa1_D2Z_A_203,0.56620243,0.63641381,0.040575474,0.1529426,0.53805148,0.16714726,0.19264573
6fa1_D2Z_B_203,0.56620243,0.63641381,0.040575474,0.1529426,0.53805148,0.16714726,0.19264573
6fa1_D2Z_F_203,0.56620243,0.63641381,0.040575474,0.1529426,0.53805148,0.16714726,0.19264573
6fgv_D9T_A_1901,0.56620243,0.63641381,0.040575474,0.1529426,0.53805148,0.16714726,0.19264573
6fld_DQ5_A_604,0.56620243,0.63641381,0.040575474,0.1529426,0.53805148,0.16714726,0.19264573
6fld_NAG_A_601,0.56620243,0.63641381,0.040575474,0.1529426,0.53805148,0.16714726,0.19264573
6fld_NAG_A_602,0.56620243,0.63641381,0.040575474,0.1529426,0.53805148,0.16714726,0.19264573
6fld_NAG_A_603,0.56620243,0.63641381,0.040575474,0.1529426,0.53805148,0.16714726,0.19264573
6flu_DTK_A_401,0.56620243,0.63641381,0.040575474,0.1529426,0.53805148,0.16714726,0.19264573
6flu_DTK_A_402,0.56620243,0.63641381,0.040575474,0.1529426,0.53805148,0.16714726,0.19264573
6flu_DTK_A_404,0.56620243,0.63641381,0.040575474,0.1529426,0.53805148,0.16714726,0.19264573
6flu_DTK_A_405,0.56620243,0.63641381,0.040575474,0.1529426,0.53805148,0.16714726,0.19264573
6flu_DTK_A_406,0.56620243,0.63641381,0.040575474,0.1529426,0.53805148,0.16714726,0.19264573
6flu_DTK_B_401,0.56620243,0.63641381,0.040575474,0.1529426,0.53805148,0.16714726,0.19264573
6flu_DTK_B_402,0.56620243,0.63641381,0.040575474,0.1529426,0.53805148,0.16714726,0.19264573
6flu_DTK_B_403,0.56620243,0.63641381,0.040575474,0.1529426,0.53805148,0.16714726,0.19264573
6flu_DTK_B_404,0.56620243,0.63641381,0.040575474,0.1529426,0.53805148,0.16714726,0.19264573
6flu_DTK_B_405,0.56620243,0.63641381,0.040575474,0.1529426,0.53805148,0.16714726,0.19264573
6flu_DTK_B_406,0.56620243,0.63641381,0.040575474,0.1529426,0.53805148,0.16714726,0.19264573
6fs7_E4Z_A_903,0.56620243,0.63641381,0.040575474,0.1529426,0.53805148,0.16714726,0.19264573
6fs7_E4Z_C_903,0.56620243,0.63641381,0.040575474,0.1529426,0.53805148,0.16714726,0.19264573
6fs7_E4Z_D_903,0.54072269,0.5978431,0.042546465,0,0.59060078,0.16134421,0.16308247
6fs7_E4Z_E_903,0.56620243,0.63641381,0.040575474,0.1529426,0.53805148,0.16714726,0.19264573
6fs7_E4Z_F_903,0.56620243,0.63641381,0.040575474,0.1529426,0.53805148,0.16714726,0.19264573
6fw0_E92_A_602,0.56620243,0.63641381,0.040575474,0.1529426,0.53805148,0.16714726,0.19264573
6fw0_E92_B_602,0.56620243,0.63641381,0.040575474,0.1529426,0.53805148,0.16714726,0.19264573
6g5q_EMZ_A_401,0.56620243,0.63641381,0.040575474,0.1529426,0.53805148,0.16714726,0.19264573
6g5q_EMZ_B_402,0.56620243,0.63641381,0.040575474,0.1529426,0.53805148,0.16714726,0.19264573
6gck_EUB_A_302,0.56620243,0.63641381,0.040575474,0.1529426,0.53805148,0.16714726,0.19264573
6gck_EUB_B_302,0.56620243,0.63641381,0.040575474,0.1529426,0.53805148,0.16714726,0.19264573
6gck_EUB_C_302,0.56620243,0.63641381,0.040575474,0.1529426,0.53805148,0.16714726,0.19264573
6gl4_GLU_A_301,0.56620243,0.63641381,0.040575474,0.1529426,0.53805148,0.16714726,0.19264573
6gl4_GLU_B_301,0.56620243,0.63641381,0.040575474,0.1529426,0.53805148,0.16714726,0.19264573
6gqk_F88_B_1001,0.56620243,0.63641381,0.040575474,0.1529426,0.53805148,0.16714726,0.19264573
6h8p_OGA_A_504,0.56620243,0.63641381,0.040575474,0.1529426,0.53805148,0.16714726,0.19264573
6hgl_TES_A_401,0.56620243,0.63641381,0.040575474,0.1529426,0.53805148,0.16714726,0.19264573
6hl7_CP_A_401,0.56620243,0.63641381,0.040575474,0.1529426,0.53805148,0.16714726,0.19264573
6hl7_CP_C_401,0.56620243,0.63641381,0.040575474,0.1529426,0.53805148,0.16714726,0.19264573
6hl9_SIN_A_402,0.56620243,0.63641381,0.040575474,0.1529426,0.53805148,0.16714726,0.19264573
6hl9_SIN_B_402,0.56620243,0.63641381,0.040575474,0.1529426,0.53805148,0.16714726,0.19264573
6hmw_FUL_A_203,0.56620243,0.63641381,0.040575474,0.1529426,0.53805148,0.16714726,0.19264573
6hmw_FUL_B_204,0.56620243,0.63641381,0.040575474,0.1529426,0.53805148,0.16714726,0.19264573
6hmw_FUL_D_204,0.56620243,0.63641381,0.040575474,0.1529426,0.53805148,0.16714726,0.19264573
6hmw_FUL_E_204,0.96679926,0.97489835,2.4570879e-37,0.1992893,0.54502939,0.22076019,0.2085024
6hmw_FUL_F_202,0.56620243,0.63641381,0.040575474,0.1529426,0.53805148,0.16714726,0.19264573
6hmw_FUL_G_202,0.56620243,0.63641381,0.040575474,0.1529426,0.53805148,0.16714726,0.19264573
6hmw_FUL_H_201,0.56620243,0.63641381,0.040575474,0.1529426,0.53805148,0.16714726,0.19264573
6hmw_FUL_I_201,0.56620243,0.63641381,0.040575474,0.1529426,0.53805148,0.16714726,0.19264573
6hmw_FUL_J_201,0.56620243,0.63641381,0.040575474,0.1529426,0.53805148,0.16714726,0.19264573
6hnz_GH5_A_301,0.56620243,0.63641381,0.040575474,0.1529426,0.53805148,0.16714726,0.19264573
6ho2_GHN_A_301,0.56620243,0.63641381,0.040575474,0.1529426,0.53805148,0.16714726,0.19264573
6ho7_GHQ_A_301,0.56620243,0.63641381,0.040575474,0.1529426,0.53805148,0.16714726,0.19264573
6hpx_GKQ_A_205,0.56620243,0.63641381,0.040575474,0.1529426,0.53805148,0.16714726,0.19264573
6hqr_3DM_A_502,0.56620243,0.63641381,0.040575474,0.1529426,0.53805148,0.16714726,0.19264573
6hsg_GM5_A_504,0.56620243,0.63641381,0.040575474,0.1529426,0.53805148,0.16714726,0.19264573
6hsg_GM5_C_504,0.56620243,0.63641381,0.040575474,0.1529426,0.53805148,0.16714726,0.19264573
6hsg_GM5_D_504,0,0.94751495,0.0067981726,0.14714143,0.53308772,0.14526893,0.17314001
6i4b_E2N_B_603,0.56620243,0.63641381,0.040575474,0.1529426,0.53805148,0.16714726,0.19264573
6i4b_ORO_A_602,0.56620243,0.63641381,0.040575474,0.1529426,0.53805148,0.16714726,0.19264573
6i4b_ORO_B_602,0.56620243,0.63641381,0.040575474,0.1529426,0.53805148,0.16714726,0.19264573
6i6r_H62_A_704,0.56620243,0.63641381,0.040575474,0.1529426,0.53805148,0.16714726,0.19264573
6ijn_6MZ_A_401,0.56620243,0.63641381,0.040575474,0.1529426,0.53805148,0.16714726,0.19264573
6ijp_IMP_A_402,0.56620243,0.63641381,0.040575474,0.1529426,0.53805148,0.16714726,0.19264573
6j4t_IMP_A_401,0.56620243,0.63641381,0.040575474,0.1529426,0.53805148,0.16714726,0.19264573
6jc7_F0G_A_601,0.56620243,0.63641381,0.040575474,0.1529426,0.53805148,0.16714726,0.19264573
6jc7_F0G_B_601,0.56620243,0.63641381,0.040575474,0.1529426,0.53805148,0.16714726,0.19264573
6jc7_F0G_C_601,0.56620243,0.63641381,0.040575474,0.1529426,0.53805148,0.16714726,0.19264573
6jc7_F0G_D_601,0.56620243,0.63641381,0.040575474,0.1529426,0.53805148,0.16714726,0.19264573
6jea_NAG_A_501,0,0.80222474,0.050891488,0.053473836,0.97165207,0.12632021,0.0001441617
6jk9_BU0_A_501,0,0,0.078213553,0.17828398,3.6679374e-05,0.091941047,0.44114708
6jk9_BU0_B_501,0.56620243,0.63641381,0.040575474,0.1529426,0.53805148,0.16714726,0.19264573
6jmd_BVO_A_408,0.56620243,0.63641381,0.040575474,0.1529426,0.53805148,0.16714726,0.19264573
6jmd_ORO_A_402,0.56620243,0.63641381,0.040575474,0.1529426,0.53805148,0.16714726,0.19264573
6jme_BVU_A_409,0.56620243,0.63641381,0.040575474,0.1529426,0.53805148,0.16714726,0.19264573
6jme_ORO_A_402,0.56620243,0.63641381,0.040575474,0.1529426,0.53805148,0.16714726,0.19264573
6jws_PT1_A_801,0.56620243,0.63641381,0.040575474,0.1529426,0.53805148,0.16714726,0.19264573
6jx9_CQC_A_501,0.56620243,0.63641381,0.040575474,0.1529426,0.53805148,0.16714726,0.19264573
6jyg_FLC_A_401,0.56620243,0.63641381,0.040575474,0.1529426,0.53805148,0.16714726,0.19264573
6jyg_FLC_B_401,0.56620243,0.63641381,0.040575474,0.1529426,0.53805148,0.16714726,0.19264573
6jyg_FLC_C_401,0.56620243,0.63641381,0.040575474,0.1529426,0.53805148,0.16714726,0.19264573
6jyg_FLC_D_401,0.56620243,0.63641381,0.040575474,0.1529426,0.53805148,0.16714726,0.19264573
6jyg_FLC_E_401,0.56620243,0.63641381,0.040575474,0.1529426,0.53805148,0.16714726,0.19264573
6jyg_FLC_E_402,0.54072269,0.5978431,0.042546465,0,0.59060078,0.16134421,0.16308247
6jz4_EVA_A_701,0.56620243,0.63641381,0.040575474,0.1529426,0.53805148,0.16714726,0.19264573
6jz4_EVA_B_701,0.56620243,0.63641381,0.040575474,0.1529426,0.53805148,0.16714726,0.19264573
6jzh_ZMA_A_2002,0.56620243,0.63641381,0.040575474,0.1529426,0.53805148,0.16714726,0.19264573
6k92_GT0_A_802,0.56620243,0.63641381,0.040575474,0.1529426,0.53805148,0.16714726,0.19264573
6krs_CIT_C_301,0.56620243,0.63641381,0.040575474,0.1529426,0.53805148,0.16714726,0.19264573
6krs_CIT_D_301,0.56620243,0.63641381,0.040575474,0.1529426,0.53805148,0.16714726,0.19264573
6krs_CIT_F_301,0.56620243,0.63641381,0.040575474,0.1529426,0.53805148,0.16714726,0.19264573
6krs_CIT_G_301,0.56620243,0.63641381,0.040575474,0.1529426,0.53805148,0.16714726,0.19264573
6krs_CIT_H_301,0.56620243,0.63641381,0.040575474,0.1529426,0.53805148,0.16714726,0.19264573
6krs_CIT_I_301,0.56620243,0.63641381,0.040575474,0.1529426,0.53805148,0.16714726,0.19264573
6kxh_DY9_A_401,0.56620243,0.63641381,0.040575474,0.1529426,0.53805148,0.16714726,0.19264573
6kxh_DY9_C_402,0.56620243,0.63641381,0.040575474,0.1529426,0.53805148,0.16714726,0.19264573
6kxh_DY9_D_402,0.56620243,0.63641381,0.040575474,0.1529426,0.53805148,0.16714726,0.19264573
6l17_E2X_A_401,0.56620243,0.63641381,0.040575474,0.1529426,0.53805148,0.16714726,0.19264573
6l68_ALL_A_201,0.56620243,0.63641381,0.040575474,0.1529426,0.53805148,0.16714726,0.19264573
6l68_ALL_A_202,0.56620243,0.63641381,0.040575474,0.1529426,0.53805148,0.16714726,0.19264573
6l7v_3PO_A_302,0.56620243,0.63641381,0.040575474,0.1529426,0.53805148,0.16714726,0.19264573
6l86_LMR_B_302,0.56620243,0.63641381,0.040575474,0.1529426,0.53805148,0.16714726,0.19264573
6l86_LMR_B_303,0.56620243,0.63641381,0.040575474,0.1529426,0.53805148,0.16714726,0.19264573
6l86_LMR_D_302,0.56620243,0.63641381,0.040575474,0.1529426,0.53805148,0.16714726,0.19264573
6l86_MLT_A_303,0.56620243,0.63641381,0.040575474,0.1529426,0.53805148,0.16714726,0.19264573
6l8a_BAL_D_507,0.56620243,0.63641381,0.040575474,0.1529426,0.53805148,0.16714726,0.19264573
6l8a_BAL_E_503,0.56620243,0.63641381,0.040575474,0.1529426,0.53805148,0.16714726,0.19264573
6lit_2OH_A_501,0.56620243,0.63641381,0.040575474,0.1529426,0.53805148,0.16714726,0.19264573
6lit_2OH_B_501,0.56620243,0.63641381,0.040575474,0.1529426,0.53805148,0.16714726,0.19264573
6lj7_EFR_A_301,0.56620243,0.63641381,0.040575474,0.1529426,0.53805148,0.16714726,0.19264573
6lql_F0C_A_702,0.56620243,0.63641381,0.040575474,0.1529426,0.53805148,0.16714726,0.19264573
6lx5_C5F_A_502,0.56620243,0.63641381,0.040575474,0.1529426,0.53805148,0.16714726,0.19264573
6lx5_C5F_A_503,0.56620243,0.63641381,0.040575474,0.1529426,0.53805148,0.16714726,0.19264573
6lx5_C5F_B_502,0.56620243,0.63641381,0.040575474,0.1529426,0.53805148,0.16714726,0.19264573
6ly4_TES_A_501,0.99030392,0.98696943,0,0.20141346,0.54539093,0.22336752,0.20940169
6m5m_NAG_B_202,0.56620243,0.63641381,0.040575474,0.1529426,0.53805148,0.16714726,0.19264573
6m92_J8V_A_601,0.56620243,0.63641381,0.040575474,0.1529426,0.53805148,0.16714726,0.19264573
6m9b_BTN_C_201,0.56620243,0.63641381,0.040575474,0.1529426,0.53805148,0.16714726,0.19264573
6m9b_BTN_D_201,0.99366944,0.96285678,0.017616153,0.19968458,0.54531118,0.22189674,0.20939373
6mae_JBA_A_301,0.96698926,0,0.049575096,0.041821847,0.96993224,0.14533731,0
6md2_GW9_A_501,0.56620243,0.63641381,0.040575474,0.1529426,0.53805148,0.16714726,0.19264573
6md2_GW9_B_501,0.56620243,0.63641381,0.040575474,0.1529426,0.53805148,0.16714726,0.19264573
6mnh_JVD_A_301,0.56620243,0.63641381,0.040575474,0.1529426,0.53805148,0.16714726,0.19264573
6mpa_NAG_B_502,0.56620243,0.63641381,0.040575474,0.1529426,0.53805148,0.16714726,0.19264573
6mry_FLC_B_101,0.56620243,0.63641381,0.040575474,0.1529426,0.53805148,0.16714726,0.19264573
6mry_FLC_C_102,0.56620243,0.63641381,0.040575474,0.1529426,0.53805148,0.16714726,0.19264573
6mry_FLC_I_102,0.56620243,0.63641381,0.040575474,0.1529426,0.53805148,0.16714726,0.19264573
6mry_FLC_K_101,0.56620243,0.63641381,0.040575474,0.1529426,0.53805148,0.16714726,0.19264573
6mwl_K5G_A_301,0.56620243,0.63641381,0.040575474,0.1529426,0.53805148,0.16714726,0.19264573
6n0z_DP6_A_401,0.56620243,0.63641381,0.040575474,0.1529426,0.53805148,0.16714726,0.19264573
6n0z_DP6_B_401,0.56620243,0.63641381,0.040575474,0.1529426,0.53805148,0.16714726,0.19264573
6n0z_DP6_C_401,0,0.80766327,0.051165884,0.13645793,0.53221681,0.13560413,0.17258825
6n0z_DP6_F_401,0.56620243,0.63641381,0.040575474,0.1529426,0.53805148,0.16714726,0.19264573
6n9r_OHN_A_303,0.56620243,0.63641381,0.040575474,0.1529426,0.53805148,0.16714726,0.19264573
6n9r_OHN_P_308,0.56620243,0.63641381,0.040575474,0.1529426,0.53805148,0.16714726,0.19264573
6n9r_OHN_X_305,0.56620243,0.63641381,0.040575474,0.1529426,0.53805148,0.16714726,0.19264573
6nba_P1T_A_501,0.56620243,0.63641381,0.040575474,0.1529426,0.53805148,0.16714726,0.19264573
6nba_P1T_B_501,0.56620243,0.63641381,0.040575474,0.1529426,0.53805148,0.16714726,0.19264573
6nba_P1T_C_501,0.56620243,0.63641381,0.040575474,0.1529426,0.53805148,0.16714726,0.19264573
6nba_P1T_D_501,0.56620243,0.63641381,0.040575474,0.1529426,0.53805148,0.16714726,0.19264573
6nbw_LAB_A_403,0.56620243,0.63641381,0.040575474,0.1529426,0.53805148,0.16714726,0.19264573
6ncx_ADA_A_601,0.56620243,0.63641381,0.040575474,0.1529426,0.53805148,0.16714726,0.19264573
6ncx_ADA_B_601,0.56620243,0.63641381,0.040575474,0.1529426,0.53805148,0.16714726,0.19264573
6ncx_ADA_D_601,0.56620243,0.63641381,0.040575474,0.1529426,0.53805148,0.16714726,0.19264573
6ng5_KMD_B_803,0.56620243,0.63641381,0.040575474,0.1529426,0.53805148,0.16714726,0.19264573
6nga_KL7_B_804,0.56620243,0.63641381,0.040575474,0.1529426,0.53805148,0.16714726,0.19264573
6ngp_KKY_A_803,0.56620243,0.63641381,0.040575474,0.1529426,0.53805148,0.16714726,0.19264573
6ngp_KKY_B_803,0.56620243,0.63641381,0.040575474,0.1529426,0.53805148,0.16714726,0.19264573
6ngu_KMJ_A_803,0.56620243,0.63641381,0.040575474,0.1529426,0.53805148,0.16714726,0.19264573
6ngu_KMJ_B_803,0.56620243,0.63641381,0.040575474,0.1529426,0.53805148,0.16714726,0.19264573
6nh0_KND_A_803,0.89640649,0.98166553,0.020330438,0.30112077,1.9893493e-08,0.22717405,0.48384327
6nh0_KND_B_803,0.52375607,0.59857878,0.043037761,0.14654007,0.54385262,0,0.18743935
6nhd_KNV_A_803,0.56620243,0.63641381,0.040575474,0.1529426,0.53805148,0.16714726,0.19264573
6nhd_KNV_B_803,0.52375607,0.59857878,0.043037761,0.14654007,0.54385262,0,0.18743935
6nig_NAG_A_605,0.56620243,0.63641381,0.040575474,0.1529426,0.53805148,0.16714726,0.19264573
6nig_NAG_B_803,0.56620243,0.63641381,0.040575474,0.1529426,0.53805148,0.16714726,0.19264573
6nig_NAG_D_602,3.2248292e-05,0,0.07821265,0.17828966,1.6289119e-05,0.091943941,0.44115886
6nni_CP6_A_203,0.56620243,0.63641381,0.040575474,0.1529426,0.53805148,0.16714726,0.19264573
6nni_CP6_B_203,0.56620243,0.63641381,0.040575474,0.1529426,0.53805148,0.16714726,0.19264573
6nnn_G1P_A_503,0,0.8018727,0.051356004,0.13602218,0.53218053,0.13521109,0.17256787
6nnp_G6P_A_502,0.56620243,0.63641381,0.040575474,0.1529426,0.53805148,0.16714726,0.19264573
6nsu_DYA_A_402,0.56620243,0.63641381,0.040575474,0.1529426,0.53805148,0.16714726,0.19264573
6ny7_L8J_A_303,0.56620243,0.63641381,0.040575474,0.1529426,0.53805148,0.16714726,0.19264573
6nyo_U94_A_301,0.56620243,0.63641381,0.040575474,0.1529426,0.53805148,0.16714726,0.19264573
6o04_DNA_A_601,0.56620243,0.63641381,0.040575474,0.1529426,0.53805148,0.16714726,0.19264573
6o04_DNA_B_601,0.0005838815,0.99467557,0.045544357,0.25392542,0,0.15957881,0.44668657
6o04_DNA_D_603,0.56620243,0.63641381,0.040575474,0.1529426,0.53805148,0.16714726,0.19264573
6o1s_7SD_E_803,0.56620243,0.63641381,0.040575474,0.1529426,0.53805148,0.16714726,0.19264573
6o2z_LJV_B_500,0.56620243,0.63641381,0.040575474,0.1529426,0.53805148,0.16714726,0.19264573
6o5m_G8K_B_506,0.56620243,0.63641381,0.040575474,0.1529426,0.53805148,0.16714726,0.19264573
6ock_9KL_A_601,0.56620243,0.63641381,0.040575474,0.1529426,0.53805148,0.16714726,0.19264573
6ock_9KL_A_602,0.56620243,0.63641381,0.040575474,0.1529426,0.53805148,0.16714726,0.19264573
6ofr_BOG_A_801,0.56620243,0.63641381,0.040575474,0.1529426,0.53805148,0.16714726,0.19264573
6ofr_BOG_A_802,0.56620243,0.63641381,0.040575474,0.1529426,0.53805148,0.16714726,0.19264573
6ofr_BOG_A_803,0.56620243,0.63641381,0.040575474,0.1529426,0.53805148,0.16714726,0.19264573
6ofr_BOG_A_804,0.56620243,0.63641381,0.040575474,0.1529426,0.53805148,0.16714726,0.19264573
6ofr_BOG_A_805,0.56620243,0.63641381,0.040575474,0.1529426,0.53805148,0.16714726,0.19264573
6ofr_BOG_A_806,0.56620243,0.63641381,0.040575474,0.1529426,0.53805148,0.16714726,0.19264573
6ofr_BOG_A_807,0.56620243,0.63641381,0.040575474,0.1529426,0.53805148,0.16714726,0.19264573
6oha_XAN_A_501,0.56620243,0.63641381,0.040575474,0.1529426,0.53805148,0.16714726,0.19264573
6ooi_PGA_B_301,0.56620243,0.63641381,0.040575474,0.1529426,0.53805148,0.16714726,0.19264573
6ooi_PGA_D_301,0.56620243,0.63641381,0.040575474,0.1529426,0.53805148,0.16714726,0.19264573
6ooi_PGA_E_301,0.56620243,0.63641381,0.040575474,0.1529426,0.53805148,0.16714726,0.19264573
6ooi_PGA_F_301,0.56620243,0.63641381,0.040575474,0.1529426,0.53805148,0.16714726,0.19264573
6ooi_PGA_G_301,0.56620243,0.63641381,0.040575474,0.1529426,0.53805148,0.16714726,0.19264573
6ooi_PGA_H_302,0.56620243,0.63641381,0.040575474,0.1529426,0.53805148,0.16714726,0.19264573
6oph_6QB_A_401,0.56620243,0.63641381,0.040575474,0.1529426,0.53805148,0.16714726,0.19264573
6p9t_O5D_A_307,0.56620243,0.63641381,0.040575474,0.1529426,0.53805148,0.16714726,0.19264573
6paf_O6A_A_509,0.56620243,0.63641381,0.040575474,0.1529426,0.53805148,0.16714726,0.19264573
6pdd_O9S_A_803,0.56620243,0.63641381,0.040575474,0.1529426,0.53805148,0.16714726,0.19264573
6pk1_3PY_A_502,0.56620243,0.63641381,0.040575474,0.1529426,0.53805148,0.16714726,0.19264573
6pk1_PLP_A_501,0.56620243,0.63641381,0.040575474,0.1529426,0.53805148,0.16714726,0.19264573
6pk1_PLP_B_501,0.56620243,0.63641381,0.040575474,0.1529426,0.53805148,0.16714726,0.19264573
6pmv_M16_A_803,0.56620243,0.63641381,0.040575474,0.1529426,0.53805148,0.16714726,0.19264573
6pmv_M16_B_803,0.56620243,0.63641381,0.040575474,0.1529426,0.53805148,0.16714726,0.19264573
6pn9_OU7_B_803,0.56620243,0.63641381,0.040575474,0.1529426,0.53805148,0.16714726,0.19264573
6pna_M16_A_803,0.56620243,0.63641381,0.040575474,0.1529426,0.53805148,0.16714726,0.19264573
6pna_M16_B_803,0.56620243,0.63641381,0.040575474,0.1529426,0.53805148,0.16714726,0.19264573
6png_OSG_A_802,0.56620243,0.63641381,0.040575474,0.1529426,0.53805148,0.16714726,0.19264573
6png_OSG_A_803,0.56620243,0.63641381,0.040575474,0.1529426,0.53805148,0.16714726,0.19264573
6png_OSG_B_804,0.56620243,0.63641381,0.040575474,0.1529426,0.53805148,0.16714726,0.19264573
6po9_OS7_A_803,0.56620243,0.63641381,0.040575474,0.1529426,0.53805148,0.16714726,0.19264573
6po9_OS7_B_804,0.56620243,0.63641381,0.040575474,0.1529426,0.53805148,0.16714726,0.19264573
6ps7_ZMA_A_1201,0.56620243,0.63641381,0.040575474,0.1529426,0.53805148,0.16714726,0.19264573
6pvi_OZ7_A_501,0.56620243,0.63641381,0.040575474,0.1529426,0.53805148,0.16714726,0.19264573
6q4b_HHN_A_301,0.56620243,0.63641381,0.040575474,0.1529426,0.53805148,0.16714726,0.19264573
6q4k_HHW_A_301,0.56620243,0.63641381,0.040575474,0.1529426,0.53805148,0.16714726,0.19264573
6q4r_HJ5_A_1009,0.56620243,0.63641381,0.040575474,0.1529426,0.53805148,0.16714726,0.19264573
6q4r_MLT_A_1041,0.56620243,0.63641381,0.040575474,0.1529426,0.53805148,0.16714726,0.19264573
6q4y_MAN_A_402,0.56620243,0.63641381,0.040575474,0.1529426,0.53805148,0.16714726,0.19264573
6q4y_MAN_B_402,0.56620243,0.63641381,0.040575474,0.1529426,0.53805148,0.16714726,0.19264573
6qa7_PLP_A_902,0.56620243,0.63641381,0.040575474,0.1529426,0.53805148,0.16714726,0.19264573
6qdb_HWQ_A_1002,0.56620243,0.63641381,0.040575474,0.1529426,0.53805148,0.16714726,0.19264573
6qdb_HWQ_A_1003,0.56620243,0.63641381,0.040575474,0.1529426,0.53805148,0.16714726,0.19264573
6qdc_HXE_A_1003,0.56620243,0.63641381,0.040575474,0.1529426,0.53805148,0.16714726,0.19264573
6qdc_HXE_A_1004,0.56620243,0.63641381,0.040575474,0.1529426,0.53805148,0.16714726,0.19264573
6qde_HWW_A_502,0.56620243,0.63641381,0.040575474,0.1529426,0.53805148,0.16714726,0.19264573
6qde_HWW_A_503,0.56620243,0.63641381,0.040575474,0.1529426,0.53805148,0.16714726,0.19264573
6qhu_FAH_A_401,0.56620243,0.63641381,0.040575474,0.1529426,0.53805148,0.16714726,0.19264573
6qli_4LR_A_301,0.56620243,0.63641381,0.040575474,0.1529426,0.53805148,0.16714726,0.19264573
6qnj_GLC_A_402,0.56620243,0.63641381,0.040575474,0.1529426,0.53805148,0.16714726,0.19264573
6qo4_97T_A_301,0.56620243,0.63641381,0.040575474,0.1529426,0.53805148,0.16714726,0.19264573
6qo4_97T_B_301,0.56620243,0.63641381,0.040575474,0.1529426,0.53805148,0.16714726,0.19264573
6qol_JB5_A_301,0.56620243,0.63641381,0.040575474,0.1529426,0.53805148,0.16714726,0.19264573
6qol_JB5_B_301,0.56620243,0.63641381,0.040575474,0.1529426,0.53805148,0.16714726,0.19264573
6qor_JBK_A_301,0.56620243,0.63641381,0.040575474,0.1529426,0.53805148,0.16714726,0.19264573
6qot_6SD_A_301,0.56620243,0.63641381,0.040575474,0.1529426,0.53805148,0.16714726,0.19264573
6qot_6SD_B_301,0.56620243,0.63641381,0.040575474,0.1529426,0.53805148,0.16714726,0.19264573
6qqs_JCZ_A_301,0.56620243,0.63641381,0.040575474,0.1529426,0.53805148,0.16714726,0.19264573
6qqs_JCZ_B_301,0.56620243,0.63641381,0.040575474,0.1529426,0.53805148,0.16714726,0.19264573
6qrn_RIP_A_500,0.56620243,0.63641381,0.040575474,0.1529426,0.53805148,0.16714726,0.19264573
6r4j_GLU_A_704,0,0,0.078213589,0.17829108,0,0.091941818,0.44116586
6r5o_BGC_A_801,0.56620243,0.63641381,0.040575474,0.1529426,0.53805148,0.16714726,0.19264573
6r5o_BGC_A_802,0.56620243,0.63641381,0.040575474,0.1529426,0.53805148,0.16714726,0.19264573
6r5o_BGC_B_801,0.56620243,0.63641381,0.040575474,0.1529426,0.53805148,0.16714726,0.19264573
6r5o_BGC_B_802,0.56620243,0.63641381,0.040575474,0.1529426,0.53805148,0.16714726,0.19264573
6r6i_H50_A_201,0.56620243,0.63641381,0.040575474,0.1529426,0.53805148,0.16714726,0.19264573
6r6i_H50_B_201,0.56620243,0.63641381,0.040575474,0.1529426,0.53805148,0.16714726,0.19264573
6r73_LMP_B_301,0.56620243,0.63641381,0.040575474,0.1529426,0.53805148,0.16714726,0.19264573
6rbo_JXQ_A_302,0.54072278,0.59784324,0.042546458,5.2019588e-07,0.5906006,0.16134423,0.16308257
6rbx_JYT_A_301,0.56620243,0.63641381,0.040575474,0.1529426,0.53805148,0.16714726,0.19264573
6rgg_K3Q_A_401,0.56620243,0.63641381,0.040575474,0.1529426,0.53805148,0.16714726,0.19264573
6rgg_K3Q_A_402,0.56620243,0.63641381,0.040575474,0.1529426,0.53805148,0.16714726,0.19264573
6rgg_K3Q_A_403,0.56620243,0.63641381,0.040575474,0.1529426,0.53805148,0.16714726,0.19264573
6rgg_K3Q_B_402,0.56620243,0.63641381,0.040575474,0.1529426,0.53805148,0.16714726,0.19264573
6rgg_K3Q_B_405,0.56620243,0.63641381,0.040575474,0.1529426,0.53805148,0.16714726,0.19264573
6rgr_RM4_A_402,0.56620243,0.63641381,0.040575474,0.1529426,0.53805148,0.16714726,0.19264573
6rgr_RM4_A_403,0.56620243,0.63641381,0.040575474,0.1529426,0.53805148,0.16714726,0.19264573
6rhk_K4B_A_302,0.56620243,0.63641381,0.040575474,0.1529426,0.53805148,0.16714726,0.19264573
6rlt_MLI_A_508,0.56620243,0.63641381,0.040575474,0.1529426,0.53805148,0.16714726,0.19264573
6rlt_MLI_B_511,0.56620243,0.63641381,0.040575474,0.1529426,0.53805148,0.16714726,0.19264573
6rlt_MLI_B_512,0.56620243,0.63641381,0.040575474,0.1529426,0.53805148,0.16714726,0.19264573
6rum_TOP_A_301,0.56620243,0.63641381,0.040575474,0.1529426,0.53805148,0.16714726,0.19264573
6s23_KSW_A_402,0.56620243,0.63641381,0.040575474,0.1529426,0.53805148,0.16714726,0.19264573
6s23_KSW_A_403,0.56620243,0.63641381,0.040575474,0.1529426,0.53805148,0.16714726,0.19264573
6s23_KSW_B_402,0.56620243,0.63641381,0.040575474,0.1529426,0.53805148,0.16714726,0.19264573
6s37_SAL_A_601,0.56620243,0.63641381,0.040575474,0.1529426,0.53805148,0.16714726,0.19264573
6s39_K5Z_A_301,0.56620243,0.63641381,0.040575474,0.1529426,0.53805148,0.16714726,0.19264573
6s4h_KUQ_A_901,0.56620243,0.63641381,0.040575474,0.1529426,0.53805148,0.16714726,0.19264573
6s51_KVQ_A_901,0.56620243,0.63641381,0.040575474,0.1529426,0.53805148,0.16714726,0.19264573
6s7u_KZK_A_501,0.56620243,0.63641381,0.040575474,0.1529426,0.53805148,0.16714726,0.19264573
6s7u_KZK_C_501,0.52375607,0.59857878,0.043037761,0.14654007,0.54385262,0,0.18743935
6s9g_L1Q_A_305,0.56620243,0.63641381,0.040575474,0.1529426,0.53805148,0.16714726,0.19264573
6s9g_L1Q_A_306,0.56620243,0.63641381,0.040575474,0.1529426,0.53805148,0.16714726,0.19264573
6si4_LEK_A_402,0.56620243,0.63641381,0.040575474,0.1529426,0.53805148,0.16714726,0.19264573
6si4_LEK_B_402,0.52375607,0.59857878,0.043037761,0.14654007,0.54385262,0,0.18743935
6sj8_44V_A_901,0.56620243,0.63641381,0.040575474,0.1529426,0.53805148,0.16714726,0.19264573
6sj8_44V_B_901,0.56620243,0.63641381,0.040575474,0.1529426,0.53805148,0.16714726,0.19264573
6sjs_THH_B_901,0.56620243,0.63641381,0.040575474,0.1529426,0.53805148,0.16714726,0.19264573
6sux_BEN_A_302,0.56620243,0.63641381,0.040575474,0.1529426,0.53805148,0.16714726,0.19264573
6svu_BEN_A_302,0.56620243,0.63641381,0.040575474,0.1529426,0.53805148,0.16714726,0.19264573
6sxr_KHP_A_506,0.56620243,0.63641381,0.040575474,0.1529426,0.53805148,0.16714726,0.19264573
6sxr_KHP_A_507,0.56620243,0.63641381,0.040575474,0.1529426,0.53805148,0.16714726,0.19264573
6sxr_KHP_A_513,0.56620243,0.63641381,0.040575474,0.1529426,0.53805148,0.16714726,0.19264573
6syz_M1E_A_601,0.56620243,0.63641381,0.040575474,0.1529426,0.53805148,0.16714726,0.19264573
6syz_M1E_B_601,0.56620243,0.63641381,0.040575474,0.1529426,0.53805148,0.16714726,0.19264573
6sz3_M1H_B_601,0.00048584639,0.9731615,0.045718209,0.14893715,0.53325956,0.14687442,0.17318843
6szl_M3E_B_604,0.56620243,0.63641381,0.040575474,0.1529426,0.53805148,0.16714726,0.19264573
6szt_M4Q_A_601,0.56620243,0.63641381,0.040575474,0.1529426,0.53805148,0.16714726,0.19264573
6szt_M4Q_B_601,0.56620243,0.63641381,0.040575474,0.1529426,0.53805148,0.16714726,0.19264573
6t02_M5E_A_601,0.56620243,0.63641381,0.040575474,0.1529426,0.53805148,0.16714726,0.19264573
6t02_M5E_A_602,0.56620243,0.63641381,0.040575474,0.1529426,0.53805148,0.16714726,0.19264573
6t02_M5E_B_601,0.56620243,0.63641381,0.040575474,0.1529426,0.53805148,0.16714726,0.19264573
6t07_M45_B_601,0.56620243,0.63641381,0.040575474,0.1529426,0.53805148,0.16714726,0.19264573
6t0a_M58_A_601,0.0026412827,0.99388745,0.044975998,0.15060862,0.5334157,0.14844554,0.17334003
6t0a_M58_B_601,0.56620243,0.63641381,0.040575474,0.1529426,0.53805148,0.16714726,0.19264573
6t0m_GOZ_A_305,0.56620243,0.63641381,0.040575474,0.1529426,0.53805148,0.16714726,0.19264573
6t10_M6Z_A_601,0.56620243,0.63641381,0.040575474,0.1529426,0.53805148,0.16714726,0.19264573
6t10_M6Z_B_601,0.56620243,0.63641381,0.040575474,0.1529426,0.53805148,0.16714726,0.19264573
6t5p_VD8_A_302,0.56620243,0.63641381,0.040575474,0.1529426,0.53805148,0.16714726,0.19264573
6t5p_VD8_B_302,0.56620243,0.63641381,0.040575474,0.1529426,0.53805148,0.16714726,0.19264573
6t5p_VD8_D_302,0.56620243,0.63641381,0.040575474,0.1529426,0.53805148,0.16714726,0.19264573
6t9c_MX8_A_501,0.56620243,0.63641381,0.040575474,0.1529426,0.53805148,0.16714726,0.19264573
6tbx_N0Z_B_302,0.56620243,0.63641381,0.040575474,0.1529426,0.53805148,0.16714726,0.19264573
6tbx_N0Z_C_303,0.56620243,0.63641381,0.040575474,0.1529426,0.53805148,0.16714726,0.19264573
6tbx_N0Z_D_302,0.56620243,0.63641381,0.040575474,0.1529426,0.53805148,0.16714726,0.19264573
6tfb_N6W_B_202,0.56620243,0.63641381,0.040575474,0.1529426,0.53805148,0.16714726,0.19264573
6tgi_N8Z_A_508,0.56620243,0.63641381,0.040575474,0.1529426,0.53805148,0.16714726,0.19264573
6tgi_N8Z_B_508,0.56620243,0.63641381,0.040575474,0.1529426,0.53805148,0.16714726,0.19264573
6to7_SUV_A_401,0.56620243,0.63641381,0.040575474,0.1529426,0.53805148,0.16714726,0.19264573
6to7_SUV_B_401,0.56620243,0.63641381,0.040575474,0.1529426,0.53805148,0.16714726,0.19264573
6tof_NQE_A_201,0.56620243,0.63641381,0.040575474,0.1529426,0.53805148,0.16714726,0.19264573
6tog_NQH_A_201,0.97943118,0.99100723,0.016659585,0.11598314,0.98322104,0.21347148,0
6tol_NQW_A_201,0.56620243,0.63641381,0.040575474,0.1529426,0.53805148,0.16714726,0.19264573
6tor_PMP_A_504,0.56620243,0.63641381,0.040575474,0.1529426,0.53805148,0.16714726,0.19264573
6tor_PMP_B_504,0.56620243,0.63641381,0.040575474,0.1529426,0.53805148,0.16714726,0.19264573
6tot_NRK_A_401,0.56620243,0.63641381,0.040575474,0.1529426,0.53805148,0.16714726,0.19264573
6tt4_BMA_C_3,0.56620243,0.63641381,0.040575474,0.1529426,0.53805148,0.16714726,0.19264573
6tt4_FT8_B_711,0.43769216,0.94421967,0,0.16958615,0.53839499,0.17839884,0.18910058
6u30_PQM_A_501,0.56620243,0.63641381,0.040575474,0.1529426,0.53805148,0.16714726,0.19264573
6u6c_P1T_B_502,0.56620243,0.63641381,0.040575474,0.1529426,0.53805148,0.16714726,0.19264573
6u6c_P1T_D_505,0.56620243,0.63641381,0.040575474,0.1529426,0.53805148,0.16714726,0.19264573
6u6c_P1T_F_805,0.56620243,0.63641381,0.040575474,0.1529426,0.53805148,0.16714726,0.19264573
6u6c_P1T_H_504,0.56620243,0.63641381,0.040575474,0.1529426,0.53805148,0.16714726,0.19264573
6u6c_PZV_F_802,0.56620243,0.63641381,0.040575474,0.1529426,0.53805148,0.16714726,0.19264573
6uo7_QCP_A_504,0.56620243,0.63641381,0.040575474,0.1529426,0.53805148,0.16714726,0.19264573
6uqd_QF4_A_501,0.56620243,0.63641381,0.040575474,0.1529426,0.53805148,0.16714726,0.19264573
6uqd_QF4_B_501,0.56620243,0.63641381,0.040575474,0.1529426,0.53805148,0.16714726,0.19264573
6ur0_ETM_A_401,0.56620243,0.63641381,0.040575474,0.1529426,0.53805148,0.16714726,0.19264573
6ur0_ETM_B_401,0.56620243,0.63641381,0.040575474,0.1529426,0.53805148,0.16714726,0.19264573
6urx_JMG_A_316,0.56620243,0.63641381,0.040575474,0.1529426,0.53805148,0.16714726,0.19264573
6uvj_QJ1_A_205,0.56620243,0.63641381,0.040575474,0.1529426,0.53805148,0.16714726,0.19264573
6uxr_K6G_B_202,0.56620243,0.63641381,0.040575474,0.1529426,0.53805148,0.16714726,0.19264573
6uzr_QM1_B_301,0.56620243,0.63641381,0.040575474,0.1529426,0.53805148,0.16714726,0.19264573
6v1e_5SW_A_301,0.56620243,0.63641381,0.040575474,0.1529426,0.53805148,0.16714726,0.19264573
6v8n_QS1_A_1704,0.56620243,0.63641381,0.040575474,0.1529426,0.53805148,0.16714726,0.19264573
6v9f_QTS_B_2001,0.56620243,0.63641381,0.040575474,0.1529426,0.53805148,0.16714726,0.19264573
6vei_9UO_B_502,0,0.97717331,0.045480436,0.10764046,0.73747248,0.14236243,0
6vlu_CIT_A_701,0.56620243,0.63641381,0.040575474,0.1529426,0.53805148,0.16714726,0.19264573
6vmz_NAG_A_402,0.56620243,0.63641381,0.040575474,0.1529426,0.53805148,0.16714726,0.19264573
6vmz_NAG_C_402,0.56620243,0.63641381,0.040575474,0.1529426,0.53805148,0.16714726,0.19264573
6vmz_R3P_A_404,0.56620243,0.63641381,0.040575474,0.1529426,0.53805148,0.16714726,0.19264573
6vmz_R3P_C_404,0.56620243,0.63641381,0.040575474,0.1529426,0.53805148,0.16714726,0.19264573
6vo2_R67_A_403,0.56620243,0.63641381,0.040575474,0.1529426,0.53805148,0.16714726,0.19264573
6vo2_R67_B_403,0.56620243,0.63641381,0.040575474,0.1529426,0.53805148,0.16714726,0.19264573
6vv1_RMJ_A_501,0.56620243,0.63641381,0.040575474,0.1529426,0.53805148,0.16714726,0.19264573
6vv9_RQ1_A_202,0.56620243,0.63641381,0.040575474,0.1529426,0.53805148,0.16714726,0.19264573
6vv9_RQ1_B_304,0.56620243,0.63641381,0.040575474,0.1529426,0.53805148,0.16714726,0.19264573
6w0x_S6J_A_301,0.56620243,0.63641381,0.040575474,0.1529426,0.53805148,0.16714726,0.19264573
6w0x_S6J_B_301,0.56620243,0.63641381,0.040575474,0.1529426,0.53805148,0.16714726,0.19264573
6x9d_HYP_A_2002,0.56620243,0.63641381,0.040575474,0.1529426,0.53805148,0.16714726,0.19264573
6x9d_HYP_B_2002,0.56620243,0.63641381,0.040575474,0.1529426,0.53805148,0.16714726,0.19264573
6xim_XLS_A_397,0.56620243,0.63641381,0.040575474,0.1529426,0.53805148,0.16714726,0.19264573
6xim_XLS_B_397,0.56620243,0.63641381,0.040575474,0.1529426,0.53805148,0.16714726,0.19264573
6xim_XLS_C_397,0.56620243,0.63641381,0.040575474,0.1529426,0.53805148,0.16714726,0.19264573
6xim_XLS_D_397,0.56620243,0.63641381,0.040575474,0.1529426,0.53805148,0.16714726,0.19264573
6xu3_PLG_B_401,0.56620243,0.63641381,0.040575474,0.1529426,0.53805148,0.16714726,0.19264573
6xu3_PLP_D_401,0.56620243,0.63641381,0.040575474,0.1529426,0.53805148,0.16714726,0.19264573
6xzx_O5H_A_302,0.56620243,0.63641381,0.040575474,0.1529426,0.53805148,0.16714726,0.19264573
6y4f_GLU_A_202,0.56620243,0.63641381,0.040575474,0.1529426,0.53805148,0.16714726,0.19264573
6y4z_TLA_D_301,0.99618235,0,0.048720306,0.043118724,0.97516837,0.14757832,0
6yaw_P9H_A_301,0.56620243,0.63641381,0.040575474,0.1529426,0.53805148,0.16714726,0.19264573
6yk5_PVK_A_312,0.56620243,0.63641381,0.040575474,0.1529426,0.53805148,0.16714726,0.19264573
6yk6_OUB_A_311,0.56620243,0.63641381,0.040575474,0.1529426,0.53805148,0.16714726,0.19264573
6ypv_AKG_A_302,0.56620243,0.63641381,0.040575474,0.1529426,0.53805148,0.16714726,0.19264573
6zac_QDE_A_4000,0.56620243,0.63641381,0.040575474,0.1529426,0.53805148,0.16714726,0.19264573
6zi7_QR8_A_502,0.56620243,0.63641381,0.040575474,0.1529426,0.53805148,0.16714726,0.19264573
6zi7_QR8_C_502,0.56620243,0.63641381,0.040575474,0.1529426,0.53805148,0.16714726,0.19264573
6zi7_QR8_F_503,0.56620243,0.63641381,0.040575474,0.1529426,0.53805148,0.16714726,0.19264573
6zi7_RAM_D_503,0.56620243,0.63641381,0.040575474,0.1529426,0.53805148,0.16714726,0.19264573
6zug_QPW_H_1001,0.56620243,0.63641381,0.040575474,0.1529426,0.53805148,0.16714726,0.19264573
7ak3_RH8_A_501,0.56620243,0.63641381,0.040575474,0.1529426,0.53805148,0.16714726,0.19264573
7bp1_CAQ_A_401,0.56620243,0.63641381,0.040575474,0.1529426,0.53805148,0.16714726,0.19264573
7bp1_CAQ_C_401,0.56620243,0.63641381,0.040575474,0.1529426,0.53805148,0.16714726,0.19264573
7bp1_CAQ_D_401,0.56620243,0.63641381,0.040575474,0.1529426,0.53805148,0.16714726,0.19264573
7bqu_EF2_A_501,0.56620243,0.63641381,0.040575474,0.1529426,0.53805148,0.16714726,0.19264573
7bzm_GIM_B_501,0,0.8692706,0.049143146,0.14109398,0.53260277,0.13978575,0.17280507
7c7g_FJR_A_402,0.56620243,0.63641381,0.040575474,0.1529426,0.53805148,0.16714726,0.19264573
7cne_SIN_A_402,0.56620243,0.63641381,0.040575474,0.1529426,0.53805148,0.16714726,0.19264573
7cwd_GAL_A_902,0.56620243,0.63641381,0.040575474,0.1529426,0.53805148,0.16714726,0.19264573
7jis_VBS_A_1101,0.56620243,0.63641381,0.040575474,0.1529426,0.53805148,0.16714726,0.19264573
7jo3_VGS_A_302,0.56620243,0.63641381,0.040575474,0.1529426,0.53805148,0.16714726,0.19264573
7joc_ARZ_A_302,0.56620243,0.63641381,0.040575474,0.1529426,0.53805148,0.16714726,0.19264573
8cpp_TCM_A_422,0.56620243,0.63641381,0.040575474,0.1529426,0.53805148,0.16714726,0.19264573
8icd_ICT_A_418,0.56620243,0.63641381,0.040575474,0.1529426,0.53805148,0.16714726,0.19264573
