PDB_CCD_ID,surfdock,unimol,diffdock,diffdock_l,gnina,autodock,smina
19gs_BSP_A_210,0.007388756,0.98557239,0.098571268,0.21566233,0.0039881531,0.54609459,3.9076459e-06
19gs_BSP_B_210,0.0053721136,0.98854669,0.09849085,0.21535169,2.4252396e-05,0.54702898,2.9078849e-06
1a49_OXL_A_533,0.98958419,0.93781074,0.10189045,0.23685534,0.00010669079,0.36828592,4.3796092e-05
1a49_OXL_D_2333,0.99569192,0.96645288,0.10178582,0.23651025,9.8789352e-05,0.37541703,2.9561683e-05
1a49_OXL_F_4133,0.9892019,0.85791448,0.10429929,0.24561524,0.13037441,0.34835557,2.3377895e-05
1a59_CIT_A_379,0,0.93714712,0.098717955,0.2161271,0,0.53591901,0.0063502094
1a9r_HPA_A_290,0,0,0.11860529,0.28789814,0.9870541,0.22001477,0.22012759
1aej_NVI_A_296,0.82686768,0.98628294,0.10191281,0.23536316,0.04936543,0.41233199,0
1aer_TIA_B_700,0,0.35198393,0.10409322,0.23597236,0.19126473,0.3864331,0
1aia_PMP_A_411,0.21621794,0.88178864,0.11758025,0.28032535,0.95144949,0.93791362,0.95587966
1aia_PMP_B_411,0.2344142,0.058018928,0.11768184,0.28721264,0.94866523,0.32054196,0.00028166046
1aiq_UMP_A_265,0.97899523,0.43504273,0.11795253,0.2948908,0.90941846,0.29120074,0
1aiq_UMP_B_266,0.96432939,0.42804567,0.11793301,0.2946883,0.90938269,0.29183487,0
1aj8_CIT_A_1000,0,1,0.10177339,0.22121049,0,0.96473294,0.96176815
1aj8_CIT_B_2000,0.060059918,0.75082997,0.11748536,0.27908409,0.96574497,0.87865931,0.87412835
1ajs_PLA_A_415,0.9487998,0.96056931,0.1185497,0.29277548,0.9641239,0.68816523,0.59314122
1anc_BEN_A_290,0,0.96829228,0.11728456,0.27691651,0.99375656,0.98945176,0.98920182
1anc_BEN_A_384,0.010602554,0.8829061,0.098466549,1.1252651e-17,4.0040124e-06,2.1297789e-07,3.0732622e-07
1aog_MAE_A_500,0,0,0.11629597,0.28009493,0.8868754,0.33502045,0
1aog_MAE_A_501,0.99516562,0.89660671,0.10212658,0.23779467,0.0026800362,0.35576273,0
1aua_BOG_A_1,0,0,0.10275923,0.23155495,1.1729994e-07,0.26638746,1.7985892e-08
1aua_BOG_A_2,0.15718129,0,0.10326698,0.23485496,9.016949e-09,0.24016748,5.2274098e-05
1axg_ETF_A_404,0,0.95193289,0.1161436,0.27329699,0.92941759,0.92673304,0.92999069
1axg_ETF_B_404,0.99135464,0.98447323,0.1202435,0.29644818,0.9805795,0.97389817,0.97820694
1axg_ETF_C_404,0.99069673,0.96246439,0.11921055,0.29352297,0.92264914,0.819591,0.93178758
1axg_ETF_D_404,0.41097855,0.97108532,0.11784721,0.28320774,0.96158857,0.90992849,0.91311732
1bcs_ARG_A_426,0,0,0.10275923,0.23155495,7.4498829e-08,0.26638746,3.0732203e-09
1bit_BEN_A_246,0.97175269,0.94326616,0.10329395,0.23952604,0,0.42904126,0.45042671
1bit_BEN_A_247,0.010075766,0.83814091,0.10034821,0.22220918,0.077347776,0.50826369,1.7893769e-07
1bo8_U_A_318,0.95434796,0.38127436,0.11929331,0.29951706,0.98765853,0.28647927,0
1bqp_MAN_B_401,0.97770897,0.96333196,0.12122835,0.99694475,0.99689744,0.85039698,0.99227775
1bqp_MAN_C_402,0,0.97204432,0.11699915,0.27598554,0.97895466,1,0.97879968
1c3s_SHH_A_952,0.96309139,0.90306974,0.10195461,0.23686934,4.7177354e-05,0.36281092,4.3502039e-05
1c9c_PP3_A_413,0,1,0.10159812,0.22098805,0,0.93168247,0.91724237
1ca7_ENO_A_501,0,0.39654726,0.1177358,0.28176486,0.97297985,0.67179964,0.53163124
1ca7_ENO_B_601,0.97789674,0.95974611,0.12045182,0.29699195,0.98746204,0.98667335,0.98735042
1ca7_ENO_C_701,0.97770249,1,0.11973967,0.29460325,0.95822014,0.96444004,0.96569604
1cdk_MYR_A_403,0.97867701,0,1.0480906e-45,6.8848392e-87,0.94718211,0.65871296,0.66112392
1cdk_MYR_B_403,0.9745238,0.88011681,0,2.8557033e-85,0.83482987,0.95143516,0.95304053
1cgk_NAR_A_390,0,0.45460022,0.10073795,0.22384045,0,0.40056949,0
1cib_HDA_A_437,0,0.93051469,0.11650826,0,0.95844255,0.98880005,0.956209
1cib_IMP_A_440,0,0,0.10276251,0.23156675,0.00021334828,0.26640085,0
1ck6_SHA_A_900,0.98848707,0.98775244,0.10166858,0.23600178,3.130899e-07,0.38266751,1.881675e-09
1cq1_BGC_A_455,0.11433033,0.96862762,0.098937355,0.21799725,0.0005490441,0.52322429,6.5584112e-05
1cq1_BGC_B_455,0.66765475,0.94477314,0.10082525,0.22999846,0.00039786642,0.42404252,6.5070003e-05
1d3g_ORO_A_399,0.20925065,0,0.10595323,0.24499639,0.16362501,0.24172925,0
1d6u_HY1_B_3001,0.99514332,0.99613863,0.11610106,0,0.97149502,0.0066721363,0.0060246585
1d6u_PEA_A_2003,0.99015159,0.97472167,0.10127875,0,9.891639e-06,4.9888501e-05,8.737185e-07
1d7a_AIR_A_300,0.67609753,0.96195378,0.10080259,0.22998077,0.0020084039,0.42760151,3.2892273e-06
1d7a_AIR_B_350,0.95471767,0.91003496,0.10201063,0.23702989,0.0024426256,0.3592816,1.3100869e-06
1d7a_AIR_C_400,0,0.4546006,0.10073797,0.22384051,1.1507757e-06,0.40057015,1.1449563e-06
1d7a_AIR_D_450,0.97994517,0.92341395,0.10200031,0.23721947,1.5505939e-06,0.35837599,1.6476325e-06
1daf_DSD_A_225,0.87448279,0.98706643,0.10134152,0.23369111,0,0.40607263,0.011009728
1diw_GAL_A_1400,0,0.97379023,0.098270134,0.21641907,0.0009117094,0.00096751677,0.00096965744
1dna_CB3_B_602,0.91066295,0,0.10627596,0.25274209,0.037427377,0.1167015,0
1dpm_EBP_A_900,0,0.74387868,0.10891822,0.2529941,0.60968361,0.51663619,0.00024718902
1dpm_EBP_A_901,0.00036292408,0.9780366,0.098519942,0.21541895,5.190402e-06,0.54486979,4.2039891e-07
1dpm_EBP_B_902,0.75421767,0.91797723,0.10121737,0.23224452,0.00014395142,0.40198165,0.000157394
1dpm_EBP_B_903,0,0.97920817,0.098514555,0.21539347,7.1840838e-10,0.545377,0.00027348366
1duc_DUD_A_201,0.49790609,0.66981676,0.1021309,0.23335571,0.042842225,0.37596419,0
1dxy_COI_A_404,0.96684591,0.94556853,0.10187087,0.23656453,0.0057999504,0.37463197,2.5624335e-06
1dy3_87Y_A_201,0,0.83196617,0.11768108,0.27835784,0.98708305,0.98728064,0.9870738
1e26_GPB_A_208,0.61697191,0.98369541,0.11438757,0.27821879,0.90321794,0.50026397,0
1e2j_THM_A_500,0.98420793,0,0.10594076,0.2522282,0.0002166641,0.10208602,0
1e2j_THM_B_500,0.98410595,0,0,0.25587115,0.068098697,0.10630528,0
1e2s_CSN_P_701,0.89353797,0.29911644,0.10480319,0.247012,0.029593188,0.20425615,0
1e48_13P_P_302,0.85673679,0,0.11833616,0.29557009,0.83234214,0.17564056,2.6846964e-05
1e5f_PLP_A_405,0.4238894,0,0.10566872,0.24333596,0,0.38028024,0.44513473
1e5f_PLP_B_405,0.39337695,0.46142958,0.1185996,0.28928722,0.99235377,0.56991698,0.4022451
1e7h_PLM_A_1001,0.96268238,0.57361114,0.11314562,0.27736327,0.63660115,0.3120687,2.4858789e-06
1e7h_PLM_A_1007,0.99092652,0.96956467,0.10130412,7.764251e-32,0,0,0
1e8g_FCR_B_601,0.99606219,0.97599423,0.10277013,0.24004189,0.066671352,0.38224142,0
1e8m_P0H_A_724,0.97430306,0.88926204,0.10544915,0.24954421,0.22087112,0.37085758,0
1ei6_PPF_A_410,0.97993212,0.83340009,0.11028411,0.26469667,0.43038769,0.5289743,0.39004258
1ei6_PPF_C_413,0,0.85570918,0.099909058,0.2204109,0.051749333,0.52095621,0.018355649
1ei6_PPF_D_412,0.99636031,0.88534888,0.12055662,0.29812713,0.97372118,0.82474853,0.99170829
1eow_U2G_A_130,0,0,0.11155148,0.26314711,0.57127266,0.3022664,0
1euu_GAL_A_2,0.052775123,0.74695083,0.10191077,0.22676378,0.08592342,0.58325316,0.25925457
1f5f_DHT_A_253,0.98975694,0.99476085,0.11746732,0.9890426,0.99767391,0,0
1fdk_GLE_A_150,0,0.4548704,0.10073791,0.22383824,6.3696569e-10,0.40076932,0.0003095865
1fds_EST_A_350,0.99721255,0.83103234,0.10211725,0,0.011396672,0,0
1fhv_OSB_A_789,0.9865647,0.94487042,0.10481403,0.24221775,0,0.7262433,0.85686902
1fk1_DAO_A_201,0.94505784,0.97035544,0.10216642,0.96461973,0.0027017322,0,0
1fm8_DDC_A_501,1.2272612e-05,0.99245385,0.098456219,0.21517332,6.0014969e-08,0.54903384,0
1foi_14W_A_810,0,0.99540042,0.09844344,0.21512456,2.4001213e-06,0.54987526,1.1915409e-07
1foi_14W_B_810,0,0.99301916,0.098453729,0.21516373,8.0473767e-08,0.54919691,5.5407762e-08
1fp2_HMO_A_2000,0,0.92100725,0.098765954,0.21635239,3.7590801e-09,0.52868807,0
1fqo_F6R_A_1268,0.93841667,0.76945352,0.10729796,0.25577471,0.30529828,0.35956779,0.034036905
1fs5_16G_A_1267,0.22979798,0.56453728,0.10103397,0.22697783,1.2464404e-07,0.39067488,5.5937244e-08
1fs5_16G_B_2267,0.017154785,0.46280632,0.10076008,0.22407477,1.8410498e-06,0.39983078,1.2081998e-07
1fsa_F6P_A_338,0.98133986,0.91052122,0.10242753,0.23873325,0.029052086,0.36369612,1.454127e-05
1fuq_CIT_A_1001,0.7328087,0.8052866,0.10168221,0.23384544,1.6959119e-05,0.36909951,0.00013096266
1fuq_CIT_B_1002,0.42350044,0.65721054,0.10128354,0.22962251,2.677879e-06,0.38233863,6.8308857e-06
1fuy_FIP_A_269,0,0.97591356,0.11118976,0.26094248,0.82269911,0.59599512,0
1fwn_PEP_B_2268,0.9953144,0.96362355,0.11515484,0.28607593,0.882534,0.0020669718,0.0020633448
1g4s_TPS_A_2001,0.98867079,0.39704508,0.11939075,0.30017062,0.99070117,0.28550342,0.0011261879
1g4s_TPS_B_2002,0,1,0.10184943,0.22145818,0,0.96180773,0.98985005
1g6n_CMP_A_621,5.0567369e-07,0,0.11808858,0.28657915,0.99550708,0.33266635,0
1g6t_S3P_A_601,0.99198286,0.96177999,0.11179231,0.26582318,0.41918545,0.99608154,0.99609102
1g72_PQQ_A_701,0,0.78688905,0.11801049,0.27970473,0.99211557,0.96667081,0.99066592
1g72_PQQ_C_703,7.0264733e-06,0,0.12117974,0,0.99263592,0.74097228,0.99238536
1g79_PLP_A_270,3.2833526e-06,0.002583767,0.10275006,0.23151615,1.7753979e-07,0.26736458,0.00058290428
1g8z_GAL_D_104,0.94144543,0.97509055,0.10157528,0.23523648,0.00023796911,0.38693577,1.3832775e-05
1g8z_GAL_F_104,0.98978258,0.97660964,6.3816835e-59,0.98617233,0.9685009,1.876181e-06,1.8600377e-06
1g8z_GAL_G_104,0.99236488,0.95916607,0.11055282,0.26798739,0.56838283,0.40957634,3.1325451e-07
1gck_PLP_A_413,0,0,0.10275923,0.23155493,0,0.2663904,0
1gck_PLP_B_913,0,0.45460022,0.10073795,0.22384045,0,0.40056949,1.6960941e-11
1gey_PPE_A_413,0,0.26106957,0.10706586,0.24672081,0.36071842,0.37390876,0
1gij_2PU_A_501,0.89587387,0,0.10565218,0.25036184,0,0.11681992,0
1gim_IMP_A_440,0,0,0.10276283,0.2315679,0.00023428362,0.26640216,0
1giu_ADE_A_300,0.98646955,0,0.10850786,0.26117533,0.1552893,0.13219956,0.0500229
1gkc_NFH_A_1448,0.99085417,0.97566059,0.11685378,0.29059843,0.98274896,0.44055042,0
1gkc_NFH_B_1449,0.96347199,0.93849705,0.11622475,0.28811556,0.93715389,0.43167422,0
1gsq_GDN_A_203,0.73101184,0.80432608,0.10167961,0.23382073,1.0867999e-07,0.36909683,5.0084023e-06
1gxu_2HP_A_1092,0.98786244,0.62895653,0,0,0.97989811,0.96195406,0.96195406
1gz5_G6P_A_901,0.70041485,0.78970082,0.10164022,0.23340299,1.6373853e-06,0.37042406,2.0346666e-05
1gz5_G6P_B_901,0,0.45460064,0.10073798,0.22384052,1.2221562e-06,0.4005702,1.2296307e-06
1gz5_G6P_C_901,0,0.45460444,0.10073801,0.22384061,3.3112043e-06,0.40057368,6.8706661e-06
1gz5_G6P_D_901,0.82702458,0.85025516,0.10180331,0.23513167,1.2766772e-06,0.36496004,9.9203644e-07
1gz5_UDP_C_900,0.95703959,0.4168944,0.1181742,0.29549483,0.92366707,0.29109299,0
1gz5_UDP_D_900,0,0.019847038,0.11495315,0.27523959,0.81032892,0.34067801,0
1h0v_UN4_A_1299,0,0,0.11775647,0.28537724,0.97385433,0.33187089,1.0691243e-08
1h18_DTL_A_9009,0.99448401,0,0.10652669,0.25493048,0.040986001,2.5488333e-07,4.641402e-08
1h18_DTL_A_9010,0.99086552,0.93014797,0.10234739,0.23848313,0.019086985,0.36518479,0.013464461
1h18_DTL_B_9010,0.97209303,1,0.10292446,0.23944579,0.053475467,0.45523417,0.15699072
1h18_PYR_A_1001,0,0.98341294,0.11309956,0.2675063,0.9379037,0.62565182,0.048898879
1h18_PYR_B_1001,0,0,0.10407129,0.23600519,0.075282129,0.28950482,0.044328048
1h1i_QUE_A_1358,0.99344516,0.99337223,0.11696631,0.29101066,0.99450636,0.44590051,0
1h1i_QUE_B_1356,0.99406393,0,0.10596925,0.25242313,0,0.10042694,0
1h1i_QUE_C_1358,0,0,0.11790689,0.28598329,0.98421302,0.32820125,0
1h1i_QUE_D_1357,0.99102434,0.9287137,0.10201455,0.23737064,0,0.35789799,0
1h1m_KMP_A_1360,0,0,0.11795976,0.28611294,0.98710826,0.33235784,0
1h1m_KMP_B_1358,0,0.45460022,0.10073795,0.22384045,0,0.40056949,0
1h48_C5P_A_203,0.99086604,0.41209987,0.11890368,0.29843673,0.9627664,0.28674666,0
1h48_C5P_B_901,0,0,0.11799994,0.28625834,0.98972785,0.33245409,0
1h48_C5P_C_901,0.97232855,0.39403054,0.11918064,0.29927142,0.9799157,0.28627734,0
1h48_C5P_D_204,0.98369946,0.41725871,0.11861366,0.29732363,0.94676052,0.28823823,0
1h48_C5P_F_901,0.9961927,0.40767335,0.1191386,0.29933406,0.97576667,0.28555645,0
1h48_CDI_B_902,0.90556716,0.96987863,0.11959514,0.29392211,0.96092771,0.85060505,0.9614032
1h48_CDI_C_902,0.89463906,0,0.12438143,0.31171801,0.99347825,0.5920913,0.99475667
1h48_CDI_D_201,0,0.91815537,0.11731175,0.2771172,0.98409532,0.97648273,0.97633968
1h48_CDI_E_902,0.96100581,0.97437693,0.12028893,0.29676506,0.9893664,0.85599296,0.98930827
1h48_CDI_F_902,0,0,0.11802576,0.28641027,0.99193123,0.32869606,2.4271278e-05
1h48_GPP_E_904,0,0.41632166,0.10198955,0.22836597,0.071346744,0.39529625,0
1h5r_G1P_A_1294,0.84403737,0.96995211,0.1079929,0.25536627,0.3542036,0.56110287,0.345579
1h5r_G1P_B_1294,0.9828736,0.40287325,0.11907924,0.29899746,0.97336326,0.28651644,0.00032358229
1h5r_G1P_C_1294,0,0.45459342,0.10073824,0.22384146,1.6174966e-05,0.40056969,2.1540432e-06
1h5r_THM_A_1292,0.99569826,0,0.10597478,0.25245834,1.6440774e-05,0.10015512,0
1h5r_THM_A_1293,0.98071657,0.45583542,0.11238835,0.2759649,0.56096788,0,0
1h5r_THM_B_1292,0.95763577,0.91271931,0.10197223,0.23691729,3.9230732e-05,0.35933274,0
1h5r_THM_B_1293,0.98383148,0.48623502,0.11141164,0.27247255,0.50497134,0,0
1h5r_THM_C_1292,0,0.3652839,0.10365834,0.23439996,0.16647514,0.3882653,0
1h5r_THM_C_1293,0,0.45447075,0.10074219,0.22385576,0.00024132294,0.40055166,0
1h5r_THM_D_1292,0.98919434,0.72489747,0.10864778,0.26133854,0.37825773,0.33001973,0
1h5r_THM_D_1293,0.45179086,0,0.11907631,0.29538172,0.9802655,0,0
1h69_ARH_A_1275,0,0,0.10275923,0.23155496,1.7418503e-07,0.26638746,0
1h69_ARH_B_1275,0,0,0.11664846,0.28136948,0.90696923,0.33353531,0
1h70_CIR_A_500,0,0,0.12137301,0.29252287,0.98628454,0.73995352,0.99223198
1h7q_TYD_A_1258,0.55942237,0.72216408,0.1014608,0.23148614,0.00012674876,0.37647253,0
1h82_GZZ_A_590,0,0.45460025,0.10073795,0.22384045,0,0.40056951,2.9702904e-08
1h82_GZZ_B_590,0.95906774,0.67933905,0.10962735,0.26460945,0.43630952,0.3270263,2.0652725e-10
1h82_GZZ_C_590,0,0.31651737,0.10525287,0.24016544,0.25737024,0.38154724,9.9680363e-09
1h8p_PC_A_1110,0,0.87982616,0.1138457,0.27257614,0.98762949,0,0
1h8p_PC_A_1111,0.071628614,0.90533677,0.099065267,0.21811498,4.3345933e-06,0.51226692,0
1h8p_PC_B_1110,0.98868054,0.91480008,0.10764618,0.25754984,0.36779961,0.3849583,0
1h8p_PC_B_1111,0,0.45452754,0.10074033,0.22384904,0.00013547327,0.40055948,0
1hdi_3PG_A_419,0.99369566,0.95282995,0.10257736,0.23908249,0.038082066,0.39275483,0.044621543
1hkn_N2M_C_4138,0.9783261,0.98289347,0.10141441,0,0,0.3834466,0
1hkn_N2M_D_5139,0.99528217,0.25884882,0.10459829,0,0,0.17442822,0
1ho5_ADN_A_1604,0.98369689,0.94587035,0.10189901,0.23671288,1.1532432e-06,0.37924567,0.018576343
1ho5_ADN_B_2604,0.97807602,0.97888497,0.1020672,0.23666632,6.0170552e-09,0.42907954,0.11377593
1hot_16G_A_269,0.00032804334,0.45475718,0.10073838,0.22384493,2.5018792e-08,0.40055539,3.6810302e-08
1hq2_PH2_A_181,0.99671125,0.96316756,0.11711657,0.29160925,0.99507507,0.43678873,0
1hsb_ALA_A_1001,0,0.45460023,0.10073795,0.22384045,4.5035936e-10,0.4005695,9.0514476e-09
1hsb_ALA_C_1,0,0,0.10275923,0.23155495,0,0.26638745,0
1i8a_BGC_A_189,0.068665263,0.89975852,0.099471528,0.21927296,0.014920795,0.5315353,0.046825916
1ia1_TQ3_A_194,0.99704587,0,0.12476736,0.31405594,0.99667661,0.57591602,0.99649422
1ia1_TQ3_B_196,0,0.96735884,0.11736836,0.27720431,0.99739114,1,0.99761943
1if4_FBS_A_555,0.99666889,0.98795365,0.11700839,0.29119716,0.99503764,0.44385247,0
1ij8_BNI_A_501,0.74154892,0.80843761,0.10172344,0.234074,0.0017244195,0.36851245,0
1ij8_BNI_B_502,0.83194396,0.75212411,0.10509518,0.24707863,0.18729102,0.35090498,0
1iki_DAL_A_500,0.63914911,0,0.10482327,0.24497284,6.2995826e-06,0.15968235,3.4741622e-06
1iki_REY_A_400,0.85864645,0,0.11809593,0.29472499,0.81633863,0.17430553,7.6439142e-08
1iri_E4P_A_601,0.99636509,1,0.11660418,0.28498967,0.79336733,0.7646066,0.79536845
1iri_E4P_B_602,0.98966565,1,0.10425743,0.24077745,0.00065815938,0.70098755,0.7592962
1iri_E4P_D_604,0.99168967,1,0.11857484,0.29091969,0.88063136,0.84790879,0.98105833
1isx_XYP_B_961,0.94605276,0.97208371,0.11639454,0,0.97528673,0.4559019,0.021229635
1itw_ICT_A_743,0.98770296,0.9265674,0.10202855,0.23739139,0.0010421281,0.35796531,2.0515986e-06
1itw_ICT_B_744,0,0.44722327,0.10097923,0.22471283,0.013753761,0.39955453,2.4540418e-06
1itw_ICT_C_743,0.99213665,0.9036583,0.10285268,0.24041115,0.047695722,0.35432632,2.1848661e-06
1itw_ICT_D_743,0.98668586,0.92606257,0.10202784,0.23737965,0.0010759672,0.35800654,1.9571152e-06
1iwe_IMP_A_460,0,0,0.10275923,0.23155495,0,0.26638745,0
1ixo_G3P_B_1002,0.83841247,0,0.11819621,0.2947493,0.82159133,0.18817405,0.024492461
1ixo_G3P_D_1004,0,0,0.10424824,0.23475513,0.015634324,0.41699936,0.36068918
1j0n_CEG_A_780,0,0,0.10276075,0.23155801,8.1131681e-06,0.26655516,0.00040304714
1j0y_BGC_A_1601,0.99715808,0.59440246,0.11936463,0.29868106,0.99026507,0.42795746,0.22234628
1j0y_BGC_D_4601,0.99550916,1,0.12040464,0.2974436,0.99544638,0.86051996,0.99561829
1j3i_UMP_C_611,0.95413995,0.39035838,0.11899276,0.29842849,0.9705415,0.28775335,0
1j3i_UMP_D_711,0.98312368,0,0.12095937,0.30618266,0.97627229,0.16356851,0
1j3i_WRA_B_709,0.97842315,0.73290185,0.10820394,0.25963675,0.35374769,0.33230053,8.4858114e-06
1j3k_UMP_C_611,0.98438715,0.39181706,0.11945718,0.30037978,0.99479399,0.28465846,0
1j3k_UMP_D_711,0.9814067,0.2334427,0.11995954,0.30325665,0.99328345,0,0
1j3k_WRA_A_609,0.97624103,0.56936139,0.11913765,0.29783416,0.97867757,0.41399749,0.19799587
1j3k_WRA_B_709,0.98990463,0.94518746,0.10296447,0.24044223,0.054633894,0.38816693,0.05307699
1jf0_CZH_A_197,2.1247351e-08,0,0.11807413,0.28652684,0.99456484,0.3326318,0
1jho_NIO_A_991,0.74250038,0.99493667,0.11162575,0.2694633,0.70059852,0.4697827,0
1jho_RMB_A_990,0.95681204,0,0.12112706,0.30653814,0.99268842,0.1689923,0
1jhv_NIO_A_991,0.74166281,0.99598565,0.11605409,0.28536633,0.98879985,0.48832186,0
1jl0_PUT_A_401,0.045505925,0.90215522,0.11465215,0.2717536,0.92656634,0.62382934,0.41996822
1jl0_PUT_B_401,0.98213682,0.92266115,0.12018854,3.0327124e-26,0.97865221,0.98378099,0.9840279
1jla_TNK_A_999,0.9910065,0,0.12114283,0.30691588,0.9865385,0.16289724,0
1jtk_THU_B_1138,0.98802818,0.96226708,0.12001561,0.29617048,0.96714939,0.8381091,0.96875062
1jw0_GUA_B_999,0,0,0.11723854,0.28350307,0.9406064,0.33105084,2.5623888e-06
1jyw_147_A_2001,0.98575778,0.85401027,0.10436797,0.24583275,0.13454226,0.34818073,0
1jyw_147_C_2001,0.97471888,0.86436763,0.10384242,0.24383317,0.10539402,0.35081039,0
1jyx_IPT_A_2002,0.00063031565,0.97431897,0.098730381,0.21617831,0.012471473,0.54474031,0.00046079002
1jyx_IPT_B_2001,0.98629703,0.96488624,0.12029059,0.29705845,0.98304585,0.84580893,0.98240995
1jyx_IPT_C_2001,0,0.98310258,0.11704127,0.27612618,0.98479017,1,0.97887138
1jyx_IPT_D_2001,0.99098755,0.9567982,0.12032142,0.29722035,0.9817712,0.84266951,0.98247548
1jyx_IPT_D_2002,0.00063084568,0.96610554,0.098728437,0.2161798,0.010063584,0.54219002,0.00031660898
1k5s_GRO_B_601,0,0.96654426,0.11567956,0.27148467,0.89925485,0.94406847,0.94707091
1kae_HSO_A_1001,0.97038463,0,0.12448668,0.31154174,0.9758712,0.97297035,0.97239001
1kar_HSM_B_503,0.0036272461,0.97095689,0.098437284,0.21599367,3.8082026e-06,0.30585222,0.00032031736
1kbq_936_A_703,0.99387654,0.98181182,0.10171175,0.236213,6.7692787e-07,0.38007588,0
1kbq_936_B_704,0.99325856,0.98518428,0.10169514,0.23614439,1.1322975e-06,0.38113954,0
1kbq_936_C_701,0.99192282,0.9607106,0.10179692,0.23652026,8.1288974e-08,0.37439244,0
1kbq_936_D_702,0.98438844,0.98973226,0.10164692,0.23588363,1.055005e-05,0.38391627,0
1kdo_C_A_5407,0.96351685,0.38472401,0.11933575,0.299753,0.98940465,0.28595542,0
1kdo_C_B_6407,0.96329766,0.57257602,0.11318981,0.27752861,0.63907508,0.31185775,0
1kep_TDX_A_3500,0.14504393,0,0.10323299,0.23461191,7.5800224e-05,0.24268286,0.0012196359
1kfc_IPL_A_674,0.99350644,0.94924874,0.10901541,0.2601483,0.37737549,0.55704872,0.39167382
1ki2_GA2_A_1,0.95137752,0.90974636,0.10196348,0.23682936,0,0.35960511,0
1klk_PMD_A_653,0.99428941,0.39919353,0.11938364,0.30020296,0.98987492,0.28459566,0
1klz_U_A_2001,0.96733147,0,0.12078234,0.30539826,0.96808301,0.16569072,0
1kuj_MMA_A_501,0.97735509,0.94941724,0.12057071,0.29792033,0.99593486,0.84892577,0.994993
1kuj_MMA_E_503,0.97973905,0.96051019,0.12015635,0,0.99148163,0.85080008,0.99216742
1kuj_MMA_G_504,0,0.96582449,0.117336,0.2771053,0.99545417,1,0.99496109
1kwu_MMA_A_501,0,0.95346127,0.11226541,0.26466611,0.88014446,0.60449813,0.027213787
1kwu_MMA_C_701,0.01853816,0.93401632,0.11252683,0.26581439,0.88839844,0.59521055,0.024385922
1kya_XYD_B_612,0.9916317,0.9752551,0.11665393,1.4158252e-11,0.98832672,0.44120993,0
1kya_XYD_D_814,0.015163434,0.97004199,0.11388896,0.27078905,0.99324334,0.60250244,0
1l4f_150_A_990,0.99368633,0.98467331,0.10180842,6.2244797e-39,0.022965378,0.38283607,5.2107776e-06
1l4n_NIO_A_991,0.76503037,0.99500638,0.11604698,0.28556108,0.98315863,0.48378741,0
1l5o_NCN_A_991,0.96830921,0.9930576,0.11685808,0.29038604,0.99265934,0.44989138,0
1lc8_33P_A_800,0,0.78520531,0.1178455,0.27915971,0.98265197,0.96236983,0.98291876
1ldo_SNR_A_150,0,0.45460022,0.10073795,0.22384045,0,0.40056949,0
1ldo_SNR_B_350,0.98395114,0.97356556,0.10171544,0.23614072,0,0.37938438,0
1lfw_AEP_A_683,0,0.45449028,0.10074155,0.22385345,0.0002049184,0.40055435,0
1lnf_VAL_E_1321,0.98727058,0.40241263,0.11916232,0.29933892,0.97777478,0.28585511,9.7473339e-05
1lqp_FCN_A_4002,0.99596532,0,0.10597539,0.25246304,8.1180276e-09,0.1001095,0
1lqp_FCN_A_4004,0,0,0.10279532,0.23168462,0.0023448928,0.26653472,0
1lqp_FCN_B_4001,0,0,0.10275923,0.23155495,0,0.26638745,0
1lqp_FCN_B_4003,0,0,0.10278359,0.23164248,0.001582878,0.26648686,0
1lro_PEP_A_1268,0,0.2390814,0.10885306,0.25293278,0.46288175,0.39063408,0.037611107
1lti_GAL_E_104,0.99412383,0.96631519,0.11553843,0.2793768,0.66476972,0.99266592,0.99247915
1lti_GAL_H_104,0.98568147,0.95699148,0.12052087,0.29729281,0.98903389,0.98919914,0.98904427
1luq_BTN_B_5200,0.98717775,0.96500406,0.11688478,0.29068517,0.98253231,0.43811564,0
1lzz_IHG_A_830,0.9916934,0.92919724,0.10193283,0.23703568,1.2220119e-06,0.36545589,1.4909617e-08
1lzz_IHG_B_1830,0.87990769,0.9348825,0.10918057,0.26201103,0.4955154,0.41770847,0.0020482913
1m3u_KPL_A_265,0.42182256,1,0.10213269,0.22900218,0.026650278,0.71453049,0.55967398
1m3u_KPL_B_265,0.5774203,1,0.11776306,0.28468309,0.93483745,0.88014623,0.88857418
1m3u_KPL_C_265,0.63416872,1,0.11188406,0.26362503,0.52482113,0.87804134,0.96368376
1m3u_KPL_D_265,0.77151058,0.85981702,0.11649792,0.28403023,0.84598873,0.66722533,0.56146987
1m3u_KPL_F_265,0.27282851,0.57011106,0.11840806,0.286245,0.99172852,0.6979383,0.59247501
1m3u_KPL_G_265,0.41429981,0.66541278,0.11854093,0.28779803,0.98914215,0.71143975,0.62253412
1m3u_KPL_H_265,0.2487361,1,0.10328691,0.22898612,0.042241716,0.9210367,0.98526252
1m3u_KPL_I_265,0.23320502,0.40088292,0.11754512,0.28410921,0.94391972,0.57306796,0.39089578
1m3u_KPL_J_265,0.99584105,0.93830312,0.11805565,0.29345601,0.99108144,0.53694095,0.25874524
1m7p_G3H_A_5401,0.99232306,0.97335821,0.10174337,0.23631989,0,0.37792762,0
1m7p_G3H_B_6401,0.98070982,0.96292308,0.10175112,0.23624835,0,0.37689457,0
1m9j_CLW_A_906,0.0010600658,0,0.10276271,0.2315774,3.6529426e-06,0.2662107,0
1m9j_CLW_B_907,0.54462011,0,0.10451792,0.24298807,4.4000038e-07,0.17546231,0
1mex_RAC_H_601,0.95570862,0.59467935,0.11233861,0.27438258,0.59110997,0.31572963,0
1ml4_PAL_A_385,0.98836746,0.96753583,0.11979715,0.29641714,0.99335002,0.76928971,0.7954115
1mmx_FUC_A_348,0.12276465,0.95600972,0.10247901,0.22487887,0.0014398473,0.93131013,0.99569496
1mmx_FUC_B_348,0.084803449,0.92972479,0.11775602,0.27944657,0.99486867,0.99209038,0.99457609
1mmy_G6D_A_348,0.060535724,0.4844324,0.10086172,0.2248151,0.0026300371,0.39945666,0.0026153768
1mmy_G6D_B_348,0,0.45576953,0.10079708,0.22403144,0.0033965023,0.402531,0.0034278876
1moo_4MZ_A_264,0.055030513,0,0.10294905,0.23273288,3.0297935e-07,0.2586524,0.0035009869
1moo_4MZ_A_265,0.99139843,0,0.10596453,0.25237467,8.5848719e-06,0.10132233,0.0010843713
1mrj_ADN_A_300,0.99255623,0.98721051,0.10168407,0.23609614,0,0.38183379,0
1mrq_STR_A_501,0.98824881,0.97981706,0.10170221,0.23612775,0,0.38044729,0
1msv_PUT_A_355,0,0.91784837,0.11579288,0.27228046,0.90418271,0.89594961,0.89947524
1msv_PUT_B_355,0.93965909,0.91313909,0.11949492,0.29320964,0.92001553,0.98533611,0.98670242
1mvc_BM6_A_200,0.99246354,0.39498026,0.11949049,0.30057287,0.99609982,0.2842142,0
1n1i_HIS_C_501,0.8243796,0,0.10544329,0.24893998,0.0014285187,0.12884579,1.6626319e-07
1n3o_GYP_A_1001,0,0,0.11780241,0.28552933,0.9763628,0.33293072,0.0021016581
1n5i_TMP_A_217,0.98863951,0,0.12107431,0.30732672,0.98917489,0,0
1ne4_RP1_A_601,0,0.88313417,0.11308772,0.26784822,0.91988095,0.57567531,0
1nf0_13P_B_1150,0,0,0.10280569,0.23164187,5.8260375e-08,0.27195578,0.013422669
1ngp_NPA_H_302,0,0.95306656,0.11433697,0.26627981,0.79716352,0.99041332,0.99043765
1nme_159_B_9002,0.97329797,0.96439468,0.10172082,0.23606851,8.3719521e-07,0.37855115,0
1now_IFG_A_557,0.93767286,0.98300879,0.12086282,0.97549267,0.98513541,0.98503202,0.98508921
1nrg_PLP_A_320,8.6710282e-06,0.93683635,0.098703421,0.21611142,0.00033097656,0.53333252,0.00028209236
1ns4_BGC_A_1400,0.071644719,0,0.11625188,0.27484674,0.64048264,0.70263304,0.98345498
1ns4_BGC_B_2400,0,0.77234344,0.11741298,0.27765749,0.95373104,0.95400933,0.95397826
1nsm_GAL_A_1400,0.018743792,0.46276191,0.10102353,0.22498657,0.014965331,0.40399885,0.0082771604
1nuw_F6P_A_2336,0,0.94570488,0.10456844,0.23161656,0.1741322,0.93374772,0.93309476
1o28_UFP_A_703,0,0.45442063,0.10074394,0.22386205,0.00034104143,0.40054679,3.8763288e-06
1o28_UFP_B_708,0,0.4549803,0.10073808,0.22383798,1.0721248e-05,0.40085406,0.00044210494
1o28_UFP_C_713,0,0,0.11740232,0.28409395,0.9507085,0.33113267,0.00024364902
1o28_UFP_D_718,9.5050001e-05,0.66055847,0.11773909,0.27975559,0.97546343,0.86782359,0.83562159
1o29_UFP_B_808,0,0.45437189,0.10074559,0.22386801,0.00043521144,0.40054115,5.9249634e-06
1o29_UFP_D_818,0,0.79889891,0.10069078,0.2210445,0.00030105738,0.65530617,0.39469764
1o2i_655_A_246,0.99334405,0.45702244,0.11747679,0.2932997,0.88124563,0.29266517,0
1o68_KIV_A_275,0.98739086,0.96902026,0.10895466,0.90812598,0.27572336,0.66708194,0.66696914
1o68_KIV_B_275,0.9921679,0.97842617,0.1153249,0,0.75614116,0.65562162,0.65560804
1o68_KIV_D_275,0.92939119,0.99160496,0.11978526,1.5945075e-45,0.9821337,0.99031121,0.99047589
1o68_KIV_E_275,0.9968964,0.9215331,0.11841779,0,0.9452387,0.63603787,0.63647904
1o6g_SIN_A_724,0.96743382,0.91780026,0.11333055,0.27777254,0.74244214,0.41288947,2.8431668e-08
1o8a_NXA_A_702,0.98983562,0,0.12463607,0.31354967,0.99091045,0.57444917,0.99092957
1okm_SAB_A_555,0.99019112,0.40541138,0.11911095,0.29918009,0.97463114,0.28589879,0
1om5_INE_A_790,0.00020521086,0.45470815,0.1007387,0.22384482,2.7932529e-05,0.40057689,2.8345976e-05
1om5_INE_B_791,0.17961588,0.54038005,0.10097449,0.22631129,0.00029421017,0.39281983,9.2685945e-06
1opr_ORO_A_220,0.99831537,0,0.10936725,0.26520529,0.22505904,0,0
1ov5_2LP_A_403,0.99352793,0.99478198,0.12048965,0.29720113,0.99478527,0.99527819,0.99529623
1owz_4FA_A_409,0.98487937,0.97461893,0.11694909,0.29088577,0.98990214,0.44170051,0
1p1w_AMQ_A_428,0.99363753,0,0.12082183,0.30578716,0.96512929,0.16111337,0
1p1w_AMQ_B_427,0.99633263,0,0.11986625,0.3023789,0.90247571,0.15672844,0
1p2s_ETF_A_400,0,0.7009665,0.10020552,0.22110166,0.0078780893,0.51017714,0.10524747
1p5g_G6P_X_658,0.98534318,0.89572445,0.10205745,0.23745487,5.5856306e-07,0.35698378,1.7549752e-06
1p7c_THM_B_501,0.98834238,0,0.12114102,0.30688437,0.98697997,0.16336974,0
1p7l_MET_A_485,0.98409624,0,0.10593776,0.25221637,4.4855776e-05,0.10209464,1.8441435e-06
1p7l_MET_B_385,0.97969341,0,0.10592286,0.2521215,6.4489877e-07,0.10282691,1.8172762e-06
1p7l_PPK_C_684,0.98636298,0.93563393,0.10211827,0.23760797,0.0063636828,0.3669209,0.014396916
1p7l_PPK_D_884,0.0071423959,0.46760651,0.10080703,0.224067,0.0035126094,0.40848829,0.013147268
1pbd_PAB_A_396,0.99647336,0.98465301,0.11644177,0.0011915953,0.99154026,0,0
1pfw_MF3_A_553,0.98994574,0.99201225,0.11918935,0.29361094,0.93724513,0.81522849,0.89847451
1pi3_TZD_A_530,0.88033853,0.87555889,0.10187857,0.23588335,0.00037630647,0.36263609,0
1pke_2FD_A_446,0,1,0.10263679,0.22424907,0.049715168,0.96759168,0.99626836
1pke_2FD_B_447,0,0.57322638,0.10127111,0.224735,0.031569023,0.4984974,0.1553345
1pke_2FD_C_448,0.99291476,0.89201467,0.10324661,0.24184249,0.070094079,0.35263821,3.5142707e-06
1pl6_572_A_405,0.66601137,0.77322474,0.10159589,0.23293336,5.8115657e-07,0.37189235,0
1pl6_572_B_407,0.62174352,0.94468091,0.10067119,0.22901428,9.4804642e-06,0.43162982,0
1pl6_572_C_409,0,0.30587256,0.10560093,0.24142393,0.27721091,0.38008081,0
1pl6_572_D_411,0,0.19668305,0.10917111,0.25433297,0.48072733,0.36503889,0
1poc_GEL_A_420,0.78301201,0.35950265,0.11712193,0.29012054,0.87646659,0.30247468,0.00061945196
1pr0_NOS_A_1245,0,0,0.12125739,0.29217179,0.98120033,0.73515475,0.98143408
1pr0_NOS_B_1246,0,0,0.10312786,0.23283681,0.022340558,0.27076276,0.0071646285
1pr6_XYA_B_1246,0.98677071,0.97453495,0.10373961,0.24279809,0.099527104,0.42561138,0.11602122
1pr6_XYA_C_1247,0.95218787,1,0.10569219,0.24415677,0.048018603,0.80932726,0.99820066
1pt8_OXL_A_802,0.99584749,0.94714412,0.10166423,0.23745956,2.0559824e-08,2.0766007e-08,2.0752616e-08
1pt8_OXL_B_801,0.99860125,0.9804017,0.10173348,0.23633616,1.5654447e-06,0.37892728,0.00010061526
1pvc_ILE_0_7,0,0.45460022,0.10073795,0.22384045,0,0.40056949,0
1pwz_RSO_A_256,0.99704689,0.95304311,0.10502011,0.24229312,0.00086467767,0.89865906,0.88854085
1pwz_RSO_B_256,0.9951624,0.93489993,0.10509856,0.24257224,0.00060101844,0.88966781,0.89229285
1pym_OXL_B_1002,0.9971198,0.92552503,0.10197651,0.23722932,1.9917075e-09,0.36473266,0.0029616839
1pzy_NAG_B_405,0.96747266,0.96923682,0.12034721,0.29699831,0.98877682,0.85631108,0.99629568
1pzy_NAG_D_406,0.98454775,0.92616841,0.11661826,0.28973624,0.95472897,0.4259282,0.00043383384
1q20_PLO_A_401,4.5957738e-07,0.98976784,0.11320433,0.26816838,0.95749823,0.60840681,0
1q22_AND_A_401,0.97766242,0.99136811,0.10161795,0.23571485,1.1518876e-07,0.38550442,0
1q3a_NGH_A_480,0.99064438,0.51225443,0.11562516,0.28658029,0.7758924,0.30056808,0
1q3a_NGH_C_481,0.94462054,0.6835547,0.1092449,0.26309667,0.41556956,0.32918126,0
1q4g_BFL_B_1701,0.9911122,0.9888112,0.11690758,0.29078196,0.98989504,0.44470141,0
1q6r_LX1_B_9301,0.98713275,0,0.1068846,0.25478205,0.028295898,0.16355884,0.14510876
1q92_DRM_A_1001,0.98807652,0,0.11989631,0.30240941,0.90616134,0.15833829,0
1qit_MAE_A_411,0,0.85142394,0.099067974,0.21750212,2.0989431e-05,0.50887223,0
1qjc_PNS_B_1163,0.57135051,0.72033751,0.10172248,0.23253959,0.01416753,0.37492117,1.1763286e-12
1qmh_CIT_A_401,0,0.088799434,0.11316603,0.26866825,0.70857955,0.35882058,0.016457058
1qmh_CIT_B_401,0.95803441,0.88816597,0.1027818,0.23984813,0.04615932,0.35590687,4.9616493e-08
1qxa_GLY_B_245,0.93014715,0.01303997,0.10570631,0.25086609,0,0.1148117,0
1r4f_AD3_B_330,0,0.4541672,0.10075211,0.22389164,0.0008071043,0.40050984,0
1rf2_BV4_D_104,0,0.9208132,0.11329469,0.2639516,0.77020466,0.8975015,0.77256807
1rf2_BV4_E_105,0,0.92698486,0.10681356,0.24261524,0.42467202,0.74135086,0.44423549
1rf2_BV4_F_106,0,0.93492764,0.10576834,0.24150023,0.45889408,0.56148238,2.1305746e-05
1rf2_BV4_G_107,0.028399354,0.93442121,0.1113994,0.25804174,0.66931281,0.84532757,0.6641622
1rnd_DGP_A_126,0,0,0.10275923,0.23155495,1.2575528e-08,0.26638745,0
1rqh_PYR_A_602,0.47410252,0.67279471,0.10163055,0.23133244,0.01606809,0.37896878,1.1997045e-06
1ruk_BEZ_H_601,0.99225605,0.96930848,0.10138883,0.022780744,0.0014399581,0.0090563881,0.0090286193
1rum_BEZ_H_1601,0.98712959,0.9750919,0.10139734,0,0.0063939891,0.0085771839,0.0085915776
1rvz_NAG_A_3321,2.3336708e-05,0.45461169,0.10073798,0.22384077,0,0.40056871,3.5141672e-07
1rvz_NAG_F_3331,8.6951221e-05,0.454377,0.10074672,0.22387294,0.0004935975,0.40052927,3.5316398e-09
1s1f_PIM_A_431,0,0,0.10260897,0.23202081,6.1802859e-09,0,0
1s2c_FLF_A_2001,0,0.45459981,0.10073797,0.2238405,7.6263792e-07,0.40056944,0
1s2c_FLF_A_2002,0,0.93205554,0.099425389,0.21871161,0.045958932,0.53472105,0
1s3u_TQD_A_187,0.5475266,0.18675306,0.11876582,0.29395041,0.98746266,0.30401065,0
1s3v_TQD_A_187,0.87342551,0.33784952,0.1193431,0.2989692,0.99643915,0.28931465,0
1s5s_PG3_A_1,0.97213715,0.94968726,0.11693602,0.89164311,0.82229427,0.56609449,0.55755448
1s6h_4BZ_A_1,0.99692146,0.97821881,0.11667118,0.28999692,0.97033242,0.43948622,0
1s83_4HA_A_5,0.97650847,0.96651693,0.11722346,0.87638016,0.9817371,0.0084111264,0.0083943497
1sff_IK2_A_450,0,0,0.11777626,0.28544886,0.9751447,0.33191829,0
1sff_IK2_B_450,0,0,0.11765305,0.28500296,0.96711162,0.33162315,0
1sff_IK2_C_450,0.98606622,0.40792756,0.11895884,0.29859299,0.96626312,0.28669489,0
1sff_IK2_D_450,0.98612264,0.40041523,0.11920542,0.29948511,0.98031553,0.28565384,0
1sjc_SMG_C_1200,0,0.79663702,0.11682999,0.27563812,0.92459202,0.95207762,0.96032468
1sqk_LAR_A_378,0,0.45460022,0.10073795,0.22384045,0,0.40056949,0
1syf_THP_A_180,0,0,0.10951665,0.25583561,0.43906068,0.29396279,0
1sz6_NAG_A_5003,0,0.45412781,0.10075341,0.22389633,0.00088095403,0.40050455,2.6643445e-07
1sz6_NAG_B_5001,7.7799723e-05,0.9388798,0.098688746,0.21605912,1.9886327e-06,0.53376536,2.3483403e-07
1sz6_NAG_B_5002,0,0.96908857,0.098557818,0.21555993,2.1621625e-05,0.54238287,3.428949e-09
1sz6_NAG_B_5004,6.220312e-05,0,0.10275943,0.23155627,2.4218257e-07,0.26637708,8.9375181e-12
1t5z_DHT_A_931,0.98484995,0.99363905,0.11694023,0.29083601,0.9946907,0.44742306,0
1t87_CAM_A_1422,0.082516203,0.98911503,0.099267151,0.21886493,0.034438836,0.53647173,0
1t87_CAM_B_2422,0.081808415,0.97759823,0.099286787,0.21893952,0.032618709,0.53319562,0
1t93_FLV_A_431,0.99121425,0.92883327,0.10201489,0.23737334,5.7515578e-06,0.35791291,3.6435712e-05
1t93_FLV_A_432,0.99533845,0.9833779,0.10173129,0.23627936,0.00079637273,0.3814498,0.0027046301
1tc2_7HP_A_800,0.99734029,0,0.12093943,3.4865962e-45,0.99171433,0.16274423,1.0491379e-07
1tc2_7HP_B_810,0.99836053,0,0.12175092,0.99459332,0.98543863,1.5260322e-09,1.2944224e-07
1tf8_TRP_A_911,0,0,0.10276002,0.2315577,4.809949e-05,0.26639639,1.4263143e-05
1tf8_TRP_A_913,0,0,0.1215426,0.2922228,0.98903114,0.98885047,0.98890516
1thc_FL9_A_131,0.0034077821,0.9819991,0.098232744,0.21632268,0.00037338405,7.7106375e-07,7.6225485e-07
1thc_FL9_B_131,0.030091695,0.98618795,0.098296597,0.21678883,7.0184595e-06,0,1.2601285e-09
1tiw_TFB_A_2002,0.62811862,0.97161368,0.11122235,0.260723,0.46832062,0.97517751,0.97557413
1tke_SER_A_500,0.69310183,0,0.10680874,0.032133983,0.12019129,0.18093487,0.053712693
1tkh_DPN_A_911,0,0.96400167,0.098588574,0.21566038,2.9396386e-05,0.54196307,0.0024791323
1tkh_DPN_A_913,0,0,0.10340779,0.23383895,0.040389185,0.27215449,0.0077869709
1tkj_MED_A_913,0.83885921,0,0.10546806,0.24916495,0,0.12633861,0
1tl2_NDG_A_239,0.97786416,0.95421403,0.12036648,0.29673084,0.98178096,0.9813205,0.98124082
1tl2_NDG_A_240,0.90898353,0.95031599,0.10505416,0.24096089,8.5012011e-05,0.97603187,0.97585545
1tl2_NDG_A_241,0.98446654,0.96463607,0.10491509,0.24221247,0.00011101267,0.75522203,0.9122928
1toq_AMG_C_502,0,0.92745487,0.11744719,0.27755194,0.99230432,1,0.99302866
1toq_AMG_E_503,0,0.9581768,0.11734853,0.27715948,0.9941913,1,0.99461845
1tsd_UMP_B_265,0.97418974,0.39025066,0.11933574,0.29984898,0.98862058,0.28555382,0
1tt6_DES_A_129,0.33418096,0.6144749,0.10116843,0.22840293,0,0.38618034,0
1tt6_DES_B_128,0.3116108,0.54847657,0.10294426,0.23462094,0.10288742,0.37954774,0
1tuu_PIS_B_2854,0.0094804323,0.89805393,0.098896089,0.21693029,0,0.52056824,0
1tvw_CB3_A_318,0.18547571,0.54333319,0.10097688,0.2263727,7.7561149e-11,0.39258328,0
1tvw_UMP_A_317,0.99132926,0.88211494,0.10354336,0.24290124,0.087126514,0.35144534,0
1u18_HSM_A_401,0.88445605,0,0.10673471,0.25470845,0.078205628,4.1784382e-08,4.3048206e-08
1u18_HSM_B_402,0.99603017,0,0.11892848,1.8079474e-07,0.86730843,1.181668e-07,5.3256683e-07
1u1g_BBB_A_3300,0,0.4554921,0,0.22372684,3.6819806e-05,0.40071396,0
1u1g_BBB_D_6300,0,0,0,0.28567598,0.98137212,0.33211764,0
1u1g_BBB_E_7300,0,0,0.116094,0.27936466,0.87536247,0.33587137,0
1u1g_BBB_F_8300,0,0,0.11703685,0.28277381,0.92910913,0.33189895,0
1u2o_NEC_A_1001,0.98248375,0.9842777,0.1150557,0.28405098,0.87010244,0.43732856,3.2642326e-06
1u2o_NEC_B_1002,0,0.98398553,0.11674613,0.27510337,0.96731487,1,0.97241114
1u6r_IOM_B_1601,0.9270924,0.97355557,0.10153188,0.23494726,8.499711e-09,0.38887419,0
1uay_ADN_A_1001,0.96927504,0.97851728,0.12090324,0.97471557,0.98484557,0.85241065,0.98503771
1uay_ADN_B_1002,0.99461596,0.95467063,0.12034396,2.2281517e-62,0.99770245,0.84934341,0.99770735
1uk7_BUA_A_1300,0.99759868,0.97235082,0.11953929,0.99712823,0.90257817,0.89962695,0.89872057
1um4_SH4_H_1001,0.95339115,0.98374385,0.11428563,0.2795933,0.77252682,0.53458574,0.23787646
1uxi_FUM_A_1311,0,0.91529939,0.11204174,0.26406002,0.86098064,0.58113663,0
1uxi_FUM_B_1311,0.78912487,0.91581464,0.10364373,0.2412936,0.14989793,0.40487799,0
1uxq_G1P_A_1503,0.95994683,0.8249602,0.10229554,0.2381328,0.00068559358,0.34144142,0.00079274531
1v03_BGC_A_1498,0.91451413,0,0.11923451,0.2993407,0.87859552,0.16888836,0
1v3v_5OP_A_1360,0.94873098,0.98622764,0.10244722,0.23842749,0.058495961,0.39255954,3.6442312e-05
1v3v_5OP_B_2360,0,0.98491371,0.10059654,0.21922667,2.7811323e-05,0.78971774,0.60798342
1v5g_HTL_A_1602,0.17612155,0.49135403,0.10251807,0.23186121,0.088541991,0.38644191,0
1v5y_4HC_B_1201,0.0021852445,0.98407117,0.098499685,0.21535761,4.1809602e-06,0.5462888,1.169379e-05
1vje_MSE_A_301,0.98028098,0.96711162,0.10173159,0.23617028,1.1472612e-06,0.37815955,1.0317359e-06
1vkf_CIT_A_501,0,0.86734174,0.11631209,0.27451523,0.93882056,0.91569021,0.82759415
1vkf_CIT_C_502,0.92989323,0.757633,0.10248211,0.23858336,0.00014464409,0.32725409,0.0008018413
1vkf_CIT_D_503,0.7903452,0.90373428,0.1013952,0.23323334,7.6385723e-06,0.39206724,0.0005962425
1vl1_CIT_A_300,0.86706107,0.9080658,0.10237749,0.23748035,0.048999102,0.38348879,0.00040064112
1vzd_CB3_A_318,0,0.45460021,0.10073795,0.22384045,2.6442037e-08,0.40056949,0
1vzd_UFP_A_317,0.98543516,0.92605368,0.10200738,0.23729433,1.882708e-06,0.35814953,1.7066449e-05
1vzu_UDP_A_1371,0,0.94178014,0.11062614,0.25894896,0.77646263,0.58337011,0
1vzu_UDP_B_2371,0.97566077,0.95794339,0.11534689,0.28505766,0.88303613,0.43177867,0
1w3t_3GR_A_1297,0.97712517,0.98621475,0.1033255,0.0036558844,0.1335584,0.052929794,0.019751942
1w3t_3GR_B_1297,0.97220018,0.79823146,0.10630624,4.3901092e-34,0.26933799,0.04162915,0.046959138
1w3t_3GR_C_1297,0.57352286,0.66461318,0.10426122,0.24157944,0.15890863,0.37958138,0.023939091
1w3t_3GR_D_1297,0.98036883,0,0.11242011,0.27533417,0.41675347,0.13859363,0.023396567
1w55_C_A_1372,1.4510704e-05,0.94860626,0.098646369,0.21589724,1.9918047e-06,0.5365459,0
1w55_GPP_A_1374,0,0.45460017,0.10073796,0.22384045,8.7802426e-08,0.40056949,0
1w62_PYC_A_700,0,0,0.12164875,0.29255934,0.99455149,0.99455771,0.99453936
1w78_PD8_A_1421,0,0,0.11714916,0.28326062,0.93497985,0.32510915,0
1wmz_A2G_B_502,0.95253956,0.9375668,0.11527316,0,0.8830464,0.45405462,0.057064566
1wmz_NGA_A_501,0.93263607,0.97061428,0.10221897,0.23747069,0.042643793,0.38980467,3.7168088e-05
1wmz_NGA_C_503,0,0.96623915,0.09863895,0.21585406,0.0044891239,0.54185436,5.837495e-06
1wmz_NGA_D_504,0.91030941,0.96748503,0.11577817,0,0.94607984,0.44991724,6.7848443e-06
1wq4_TYR_A_501,0.98465747,0,0.12037684,0.99658159,0.89852906,2.2508523e-06,2.2285523e-06
1x09_IPE_A_901,0.98596716,0.85467088,0.1139172,0.27945651,0.73411853,0.43698338,0.11013749
1x29_PMG_A_413,0.97441557,1,0.11894759,0.29257421,0.92648083,0.82045189,0.90099509
1x29_PMG_B_1413,0,0.75319968,0.11607959,0.2734332,0.88123728,0.90595304,0.88389943
1x2a_PDG_A_413,0.8805022,0.35084994,0.11903784,0.29792909,0.97851814,0.29033449,0
1x2a_PDG_B_1413,0.33942192,0.096531489,0.11819245,0.29000531,0.97005908,0.31425752,0
1x7j_GEN_A_201,0.99605635,0.99433284,0.10166449,0.23605206,1.8844286e-07,0.38327788,0
1x7j_GEN_B_202,0,0.99376865,0.10141968,0.22582025,0.19292268,0.5615269,0
1x82_PA5_A_301,0.96973567,0.95094844,0.10359131,0.24267767,0.11506645,0.38886703,0.015243954
1x8i_BMH_A_2,0.95697267,1,0.11972638,0.29484691,0.96709226,0.85109593,0.96169093
1x8x_TYR_A_952,0.99166536,0.95203449,0.10183383,0.23665849,7.4857321e-06,0.37196584,2.1509289e-06
1xc7_GL6_A_998,0.95675401,0.97966028,0.11682259,0.28530297,0.80567889,0.77443994,0.81519252
1xdj_HCS_A_1049,0.99616954,0.98594286,0.11511415,0.28180488,0.7740503,0.60924666,0.43332523
1xdj_HCS_A_1050,0.97585257,0.91853185,0.11902609,0.29439815,0.96099007,0.67478312,0.67014256
1xin_XYL_A_397,0.77721827,0.83462993,0.10176818,0.23448702,0.0017350299,0.37373087,0.010465592
1xin_XYL_C_397,0.98328384,0.92409306,0.10203458,0.23737344,0.001710163,0.35810489,0
1xin_XYL_D_397,0.98686733,0.92225423,0.1022647,0.23821213,0.01459389,0.35948271,0.0038490129
1xkw_188_A_1001,0,0,0.11792444,0.28723697,0.99691169,0,0
1xl0_OX2_A_998,0.99585109,1,0.11915627,0.29465517,0.97801986,0.7414986,0.71233137
1xny_BTN_A_5602,0.96277469,0.88526479,0.1024997,0.23884174,0.03052433,0.35968907,0
1xny_BTN_B_5602,0.96483152,0.96439152,0.10223758,0.23784583,0.035352719,0.38218402,0
1xuf_BAZ_A_246,0,0.45460022,0.10073795,0.22384045,0,0.40056949,0
1xuz_PEP_A_2001,0.9135682,0.84420816,0.11978478,0.29488582,0.93958689,0.80583131,0.94619993
1y2x_NAG_A_144,0,0.88494877,0.11759675,0.27814573,0.99068784,0.99141018,0.99018027
1y2x_NAG_B_1144,0,0.96207865,0.11731582,0.2770476,0.99351531,1,0.99305975
1y2x_NAG_C_2144,0.96157168,0.89133688,0.10544284,0.24347186,7.4309069e-05,0.77225839,0.99447237
1y2x_NAG_D_3144,0.96231023,0.96230572,0.12037013,0.29707189,0.99065152,0.8530024,0.99071689
1y42_TYR_X_701,0.85924668,0.84976395,0.11118116,0.26909661,0.60631816,0.40302723,3.968174e-06
1y5x_E89_A_500,0,0,0.11785066,0.28578126,0.98055976,0.32797181,0
1y5x_E89_D_1500,0,0,0.11716114,0.28330366,0.93575804,0.32515802,0
1y8j_STS_A_900,0.87107372,0,0.10557209,0.24984122,0,0.12096035,0
1yee_PNB_H_551,0.98948095,0.98016125,0.10489073,0.24639567,0.16173101,0.47402464,0.20134637
1yik_MM1_A_500,0.89632288,0,0.10575674,4.5144286e-33,0.023299957,0.1186988,0
1yik_MM1_A_501,0.34175622,0.66515264,0.10098708,0.22777955,0.00053327132,0.39879806,0
1yqc_GLV_A_1001,0.78960375,0.97675436,0.10107403,0.23200819,5.0579488e-08,0.41273917,6.8626509e-08
1z11_8MO_A_501,0.97855457,0.94629097,0.11510047,0.28421019,0.86313496,0.42672706,0
1z11_8MO_B_501,0.97544795,0.92397906,0.11519905,0.28455596,0.86390692,0.42093983,0
1z11_8MO_C_501,0.98998631,0.94893196,0.10184554,0.23668769,0.00024697782,0.37137672,0
1z11_8MO_D_501,0.99423373,0.95399632,0.11434629,0.28164036,0.81301338,0.42315597,0
1z3n_3NA_A_320,0,0.98693705,0.11699073,0.27592575,0.98201005,1,0.98143503
1z4k_T3P_A_4341,0.99006705,0.92825553,0.10201332,0.2373576,3.6264113e-07,0.35793919,0
1z8p_DEB_A_420,0,0.83202912,0.11769882,0.27841721,0.98814578,0.98805231,0.98747832
1zb6_DIN_A_401,0.99759157,0.98006294,0.10173315,0.2363264,0.00011901319,0.378965,0
1zb6_GST_A_502,0,0.24079771,0.10772869,0.24911747,0.3985028,0.37111611,0
1zdq_MSM_A_1507,0.93784982,0.99225512,0.11568032,8.0999095e-39,0.95670318,0,0
1zdq_MSM_B_1508,0.95106816,0.98801844,0.11633346,5.7756954e-29,0.99527764,0,0
1zdq_MSM_C_1509,0.99417647,0.99510619,0.11642213,5.6955536e-29,0.99387438,0,0
1zei_CRS_A_54,0.99802931,0.98369584,0.10702983,0.25447944,0.28861449,0.28803427,0.2876748
1zei_CRS_B_56,0.99702477,0.98598671,0.11652568,4.8117263e-27,0.99736155,0.00017594343,1.311009e-06
1zei_CRS_D_54,0.036488016,0.96964612,0.11520675,0.27448625,0.99369211,0.40424061,0.41055306
1zei_CRS_E_54,0.99604346,0.98713007,1.9347893e-21,5.5476296e-23,0.98767554,0.99515623,0.98244692
1zei_CRS_E_55,0.99500818,0.99499985,0.10144755,0.23667327,9.8062974e-06,9.8650071e-06,9.805556e-06
1zfj_IMP_A_500,0.98325547,0,0.11989075,0.30234413,0.90681112,0.15918398,0
1zgj_P1S_A_0,0,0,0,0.28570419,0.97137338,0,0
1zha_PEP_A_1268,0.99620821,0.97795636,0.10186273,0.23815008,0.020921135,0.0037237175,0.0036218456
1zha_PEP_B_2268,0,0.44401234,0.10117623,0.2254036,0.025008269,0.40081373,0.0032420671
1zha_R5P_A_1269,0.51672359,0.70179334,0.10140395,0.23089648,2.1169192e-05,0.37831888,3.3635884e-08
1zjp_DR4_A_1,0.92249257,0.97041601,0.10461183,0.24066705,3.9146134e-07,0.75805355,0.890226
1zmt_RNO_A_1002,0,0.4545683,0.100739,0.22384422,5.949699e-05,0.40056509,0
1zmt_RNO_B_1001,0.98887301,0.92768449,0.10201178,0.23734127,0,0.35799063,0
1zmt_RNO_C_1003,0.00013013306,0.45466248,0.10073812,0.22384223,0,0.40056389,0
1zng_HE4_A_202,0.98427394,0.96792676,0.10153543,0.23689401,0.0001590073,0,0
1zpd_CIT_A_610,0,0.67529033,0.10209191,0.22672908,0.079467393,0.58944866,0.30172994
1zpd_CIT_B_610,0,0.00018172456,0.1166433,0.28110558,0.9069543,0.35733313,0.036868219
1zpd_CIT_E_610,0.98209188,0.92898045,0.10287093,0.24014877,0.049744436,0.3777024,0.035783236
1zpd_CIT_F_610,0.89851557,0.63688164,0.11826134,0.2933465,0.93513786,0.48072408,0.29120456
1zuw_DGL_B_2301,0.0010481364,0.81632343,0.11756783,0.27809247,0.98191536,0.99613861,0.95160411
1zuw_DGL_C_3301,0,0.84232264,0.11758875,0.27796725,0.98220046,0.99437359,0.99425373
1zwp_NIM_A_401,0.9545907,0.91115331,0.10197188,0.23688863,0.00024279211,0.35944881,0
227l_BNZ_A_169,0.99736557,0.99278316,0.1016758,0.23610642,2.3666409e-05,0.38261943,0
2a0x_DIH_A_300,0.11576265,0,0.10426205,0.23804184,0.073356347,0.25166786,0
2a1m_CAM_B_2422,0,0.99117567,0.09902947,0.21723419,0.036889306,0.5509887,0
2a5t_GLU_B_2002,0,4.3225342e-05,0.10275904,0.23155424,0,0.26639981,1.3153815e-07
2a9z_26A_A_1001,0.99335643,0.39410736,0.11953415,0.30073877,0.998523,0.28399665,0
2ahc_VNL_A_166,0.14034678,0.99258572,0.09891441,0.21813726,0.00036360511,0.52566516,0
2ahc_VNL_B_266,0.99686779,0.96299562,0.10181089,0.23661476,0.00051382353,0.3742499,0
2ahc_VNL_C_366,0.99217359,0.99022294,0.10167485,0.23605664,0.00033027608,0.38277635,0
2ai1_P1G_A_293,0.89927666,0.35480028,0.11922654,0.29878027,0.98789627,0.28883296,0
2ajv_COC_L_501,0.75708418,0.96674051,0.11339984,0.27600103,0.80486634,0.46586629,0
2ajx_TGN_L_501,0.02223558,0,0.11715684,0.28349702,0.93081373,0.32113523,0
2as1_TP5_A_500,0.84014149,0.99355835,0.10071668,1.2363484e-32,0.0010120522,0,0
2b04_CHO_A_200,0,0,0.10275923,0.23155495,1.1109683e-13,0.26638745,0
2b3f_GAL_B_3311,0.98877692,1,0.12022485,3.6508575e-96,0.99844754,0.99893698,0.99888467
2b3f_GAL_D_3313,0,0.83805237,0.11785459,0.27889844,0.99755872,0.99762231,0.99762187
2b3f_GAL_E_3314,0,0.83769068,0.11784533,0.27886988,0.99699715,0.99702722,0.99703009
2b3f_GAL_F_3315,0.94250889,1,0.12034537,0.29621302,0.99735715,0.99736578,0.99748793
2bf7_HBI_A_1290,0,0.454596,0.10073809,0.22384095,7.8600228e-06,0.40056891,0
2bf7_HBI_B_1290,0,0.45459974,0.10073797,0.22384051,9.0654154e-07,0.40056943,0
2bf7_HBI_C_1290,0,0.44861521,0.10093365,0.22454803,0.011155367,0.399745,0
2bf7_HBI_D_1290,0,0.453785,0.10076461,0.22393683,0.0015194765,0.40045719,0
2bgc_DTT_F_1238,0.36626258,0,0.11709438,0.28630017,0.84692595,0.27253662,0.034002664
2bgc_DTU_A_1238,0.58303984,0,0.11413403,0.27699611,0.5825949,0.26862907,0.1518423
2bjf_DXC_A_330,0,0.98847693,0.098473423,0.21523871,1.0000561e-07,0.54790327,0
2bk3_FOF_B_1498,0,0.98677395,0.10838115,0.25084056,0.64327053,0.58781906,3.0404468e-10
2bs3_CIT_A_1657,0,0.39937833,0.10254368,0.23036956,0.10293461,0.39296456,4.603761e-06
2bs3_CIT_D_1657,0.99659677,0.92642649,0.10218388,0.23803297,0.0092431437,0.35697931,6.8432718e-06
2bsc_NAG_A_1176,0,0.98456683,0.098780657,0.21634584,0.018844109,0.54800425,7.4872225e-05
2bx7_34D_B_1313,0.98041028,0.86320922,0.10243298,0.23870782,0.0132491,0.35496133,0.013457812
2bxh_IOS_A_1001,0.99680824,0.98585939,0.11661886,0.28980057,0.96910126,0.44161857,3.5537774e-05
2bxh_IOS_A_1002,0.21960481,0,0.10346846,0.23616536,4.7310786e-06,0.22972622,4.4278673e-06
2bxh_IOS_B_1002,0.00019830868,0.92637842,0.098743308,0.2162679,2.4831414e-08,0.53018474,2.0482927e-07
2c3d_COM_A_1525,0.99153815,0.96119892,0.12011599,0.29663492,0.97526773,0.83287097,0.95704071
2c3d_COM_A_1526,0.97782818,0.92240705,0.10199801,0.23719198,2.6327133e-05,0.3584795,2.3624236e-05
2c3d_COM_B_1526,0.98382622,0.9832389,0.12035045,0.29717149,0.99029147,0.85620537,0.9927803
2c5b_5F1_A_500,0,0,0.10275923,0.23155495,0,0.26638745,0
2c5b_5F1_B_500,0,0,0.10275923,0.23155495,0,0.26638745,0
2c5b_5F1_C_500,0,0,0.10275923,0.23155495,0,0.26638745,0
2c6q_IMP_B_1339,0,0,0.11743301,0.28420666,0.95276595,0.33109608,0
2c6q_IMP_C_1337,0.99548347,0.9308316,0.1020208,0.23743334,2.8661999e-05,0.35770388,0
2c6q_IMP_D_1337,0.95736072,0.41689345,0.11817967,0.29551749,0.92395518,0.29105787,0
2c6q_IMP_E_1337,0.52824311,0,0.11841498,0.29276899,0.90639228,0.23512269,0
2c6q_IMP_F_1337,0.9927371,0.41784903,0.11874738,0.2978884,0.95371906,0.28733478,0
2c6q_IMP_G_1338,0.99621839,0.42430386,0.11859526,0.2973697,0.94479226,0.28784467,0
2c6q_IMP_H_1337,0,0,0.11334433,0.26958917,0.68776263,0.30958259,0
2caq_GSH_A_1208,0,0.45447163,0.10074303,0.22385859,0.00028941252,0.40056784,3.0575157e-05
2ci0_1CM_A_1450,2.7426361e-05,0,0.10569265,9.768287e-28,8.2726627e-06,0.8782049,0.88010179
2cjz_PTR_A_1537,0.80875484,0.52913761,0.11868819,0.29089872,0.82590744,0.68155951,0.83796774
2coj_GBN_A_420,0.99037458,0.99189584,0.10506708,0.2482106,0.2209652,0.39855858,0.0027682582
2cxp_A5P_A_1601,0.99396606,1,0.11374664,0.27357334,0.56572498,0.82907896,0.98424829
2cxp_A5P_B_2601,0.99442931,1,0.10253315,0.2376062,0,0.49279658,0.25964518
2d0e_NQ_A_409,0.02018451,0.96322172,0.098649082,0.21608282,6.3525041e-05,0.53734507,6.4729174e-07
2d0e_NQ_A_410,0.99111416,0.98804439,0.10167638,0.23605416,3.6539229e-05,0.38231689,6.1722315e-06
2d1j_D01_A_700,0,0.057595568,0.11371888,0.27077673,0.73997009,0.34587823,0
2d20_NPO_B_953,0.99645267,0.99162815,0.10124711,7.9990753e-40,0.0015166757,0,0
2dcf_ACA_A_501,9.6187547e-07,0.6658691,0.11760325,0.27935671,0.97327166,0.82225419,0.83433157
2dm5_ODI_A_312,0,0.96308835,0.11154135,0.26349795,0.82854696,0.015449858,0.15456901
2dv0_ZST_A_600,0,0,0.11773476,0.28529868,0.97243901,0.33181888,0
2e1a_MSE_D_301,0.98007347,0.96764968,0.11777178,0.29330718,0.99486628,0.2562013,0.25578773
2e40_LGC_B_2001,0,0.46761713,0.10113303,0,0.037437316,0.41896465,0.029858488
2e56_MYR_A_501,0.65949861,0.92168717,0.10089344,0.2301887,5.1003655e-05,0.4187806,1.476801e-08
2e56_MYR_A_601,0,0.89674376,0.098871157,0.2167529,8.3647027e-10,0.52177813,5.8843662e-07
2e56_MYR_A_701,0.9766597,0.96573115,0.10172587,0.23611698,0,0.37837095,1.1473271e-06
2eb5_OXL_A_2001,0.98917454,0.96657432,0.10314033,0.24086369,0.06494912,0.40760486,0.084324625
2eb5_OXL_B_2002,0.98365441,0.97199422,0.10246521,0.23846767,0.026761768,0.40147389,0.070084887
2eb5_OXL_C_2003,0.98853298,0.60089765,0.11349237,0.27866192,0.65468291,0.32782825,0.028213748
2eb5_OXL_D_2004,0.99310695,0.94556352,0.10201482,0.23726953,1.2538635e-07,0.36953342,0.018165699
2eb5_OXL_E_2005,0.99276216,0.95887732,0.10201232,0.23715466,0,0.37951696,0.033610164
2ef9_A5P_B_2269,0.96285241,0,0.10716792,0.25560598,0.053077539,0.16681009,0.13942276
2ef9_PEP_A_1268,0.99276944,0.97739451,0.11728963,0.28632351,0.80141553,0.91092724,0.9153514
2ef9_PEP_B_2268,0,0.71411678,0.11448174,0.26843273,0.79352428,0.79017853,0.78803941
2ei7_D93_A_700,0,0,0.11801004,0.28635393,0.99091535,0.32862219,0
2eup_LG4_A_400,0.99484732,0.98113768,0.11659961,0.28971757,0.96693973,0.44045074,6.8116109e-08
2euq_BVC_A_401,0.73427898,0.70256923,0.11240199,0.27244637,0.67039515,0.38599281,0
2eus_ABN_A_400,0.9957896,0.99203182,0.11640574,0.29060819,0.97263576,0,0
2evd_D10_A_304,0.97933701,0.95994292,0.10185988,0.23662903,0.0065154614,0.37668423,0
2ex1_C5P_A_1427,0,0.98395765,0.11374934,0.27013207,0.99127305,0.60887339,0
2exs_TRP_B_2100,0,0,0.10275923,0.23155495,0,0.26638745,2.8800246e-11
2f3s_7GP_A_998,0.98231946,0.9892257,0.11868012,0.29316646,0.95983706,0.71592033,0.65451171
2f78_BEZ_A_1001,0.99520585,0.98845297,0.12020671,2.8891925e-35,0.99379844,0.99381177,0.99368829
2f78_BEZ_B_1002,0.99407507,0.9960496,0.12008131,1.7697688e-16,0.98932595,0.98902352,0.98852637
2f78_BEZ_B_1004,0,0.99145624,0.11622841,0.27456768,0.97528206,0.8065717,0.81331476
2f78_BEZ_B_1005,0.99813612,0.98672432,0.1020546,0.23735896,0.018186831,0.39035636,0.020369962
2fc0_DGP_A_239,0.0015877382,0,0.102615,0.23205659,5.0921204e-05,0,0
2fcu_AKG_A_897,0.9939544,0.97442057,0.10174806,0.2363497,0.00021050051,0.37806441,0.00022507216
2fcu_AKG_B_898,0.9951317,0.93075191,0.10202383,0.23743964,0.00022896457,0.35784922,0.00022465322
2fhk_MFN_A_600,0,0.29161703,0.10574918,0.24197972,0.26828358,0.37402031,0
2fhk_MFN_B_602,0,0.29161703,0.10574918,0.24197972,0.26828358,0.37402031,0
2fhk_MFN_C_601,0.80400458,0.62392488,0.10874132,0.26001533,0.39274467,0.33535834,9.0857373e-18
2fhn_BNI_X_501,0.97362038,0.38932131,0.11935649,0.29991888,0.98984509,0.28548783,0
2fhn_BNI_Y_502,0,0.95546413,0.11389474,0.27068095,0.99269362,0.60084773,0
2fib_GLY_B_2,0,0,0.10275923,0.23155495,0,0.26638745,0
2fkm_G16_X_464,5.105696e-06,0.32133086,0.10136617,0.22625148,7.0294861e-06,0.35790536,9.8347923e-06
2fpu_HSO_B_509,0.86161198,0,0.10554317,0.24964764,7.5173096e-05,0.12260206,0.00013822346
2fr6_CTN_A_1001,0.97399279,0.98471502,0.11692653,0.29069313,0.99356474,0.44662342,0
2fr6_CTN_D_1004,0.99356225,0.98414229,0.11742265,0.93527664,0.99439649,0,0
2fr6_URI_B_1002,0,0,0.1180532,0.28645109,0.99320035,0.33258167,0
2fu9_MP2_A_1410,0.98379741,0.98259031,0.11614362,0.28797368,0.94002741,0.44104072,5.2404979e-05
2fyd_BGC_B_403,0.98348,0,0.12228542,0.30823324,0.95983845,0.35159217,0.45587006
2fyd_NGA_B_404,0.97698155,0.47133659,0.10387255,0.24429173,0.00012987687,0.23753022,1.8509693e-05
2fyd_NGA_D_529,0.9574603,0.9702943,0.10176284,0.23586264,6.9903463e-05,0.39698566,0.034002733
2fz8_ZST_A_600,0,0,0.11805546,0.28645929,0.99334807,0.3325871,0
2fzb_TOL_A_600,0.8933844,0.35699803,0.11905492,0.29810672,0.97854583,0.28977776,0
2fzb_TOL_A_700,0.87667258,0.87400696,0.10186725,0.23580943,2.1866441e-09,0.36282175,0
2fzb_TOL_A_800,0.97663223,0.92175241,0.1019985,0.23718314,0.00014165223,0.35850722,0
2fzb_TOL_A_900,0,0.45460017,0.10073796,0.22384046,9.7095543e-08,0.40056948,0
2g21_L1B_A_885,0.98834116,0.99475628,0.11687769,0.29064304,0.99020939,0.44687693,0
2g21_L1B_B_985,0.98792541,0.9871289,0.11696066,0.29094433,0.99353872,0.44498318,0
2g5v_22M_A_301,0,0.98495266,0.11253194,0.26575681,0.91245337,0.60420648,0
2g8t_MI2_A_401,0,0,0.11555463,0.27869322,0.84265686,0,0
2g9z_VNP_A_602,0,0,0.11743389,0.28420982,0.95282275,0.3310982,7.5291343e-08
2g9z_VNP_B_601,0,0.45459984,0.10073797,0.2238405,8.3709139e-07,0.40056948,7.9841998e-08
2gnm_MAN_A_253,0.95037934,0.95594477,0.11961317,0.29393646,0.94370028,0.95776925,0.96363483
2gue_NAG_B_122,0,0.40440356,0.10250154,0.23018855,0.10056469,0.39591594,0.0043058003
2gyw_OBI_B_953,0.95715683,0.43744675,0.11750419,0.29307324,0.88546444,0.2939115,0
2gzm_DGL_A_501,0.9912032,0.98553003,0.12048874,0.29719388,0.99304708,0.99319278,0.99320177
2gzm_DGL_B_502,0,0.83462852,0.11774659,0.27855927,0.99104021,0.99133766,0.99151646
2gzm_DGL_C_503,0,0.98808556,0.11720613,0.27660103,0.99337429,0.99340326,0.99347535
2gzm_DGL_D_504,0,0.83424308,0.1177354,0.27852455,0.99033566,0.99034023,0.99105671
2hdk_COI_B_900,0,0,0.11021036,0.25832822,0.48413384,0.29679391,6.9365813e-07
2hi4_BHF_A_800,0.99774251,0.99804217,0.11699871,0.29116312,0.99702579,0.44667128,0
2hjp_PPR_A_291,0,0.45460022,0.10073795,0.22384045,0,0.40056949,0
2ht8_G39_A_800,0.96659385,0.95885985,0.11734223,0.98783646,0.9840305,0.00029563579,0.0002985737
2htu_BCZ_A_801,0,0.79128361,0.11786235,0.27917013,0.98366966,0.96719387,0.99050918
2huu_ALA_A_701,0.96467164,0,0.10883169,0.25733893,1.0990168e-08,0.45979748,0.85444858
2i6p_4NP_A_401,0.96173383,0.90016554,0.10196441,0.23689476,0.00016037917,0.36219952,0
2iht_TPP_A_600,0,0.75265531,0.11612076,0.27357658,0.88359018,0.90631015,0.88472213
2iht_TPP_B_600,0.8056644,1,0.11680129,0.28364389,0.83624315,0.8174684,0.83959179
2iht_TPP_C_600,0.96034959,1,0.11852987,0.29041522,0.88245156,0.85663648,0.9892098
2iht_TPP_D_600,0.41478749,0.94849834,0.11662238,0.27914888,0.88169532,0.88591961,0.88058444
2ihu_TP9_A_600,0,0.78815153,0.11807496,0.27991309,0.99581896,0.96880031,0.99438923
2ihu_TP9_B_600,0,0.85448218,0.11590153,0.27205549,0.87192247,0.97785278,0.99422697
2ij7_TPF_A_2472,0,0.45459454,0.10073814,0.22384112,1.0580889e-05,0.40056871,0
2ij7_TPF_B_2470,2.9298203e-05,0.45381757,0.10076404,0.22393504,0.0014848938,0.40045848,0
2ij7_TPF_C_2471,8.3067248e-05,0.4546305,0.10073837,0.2238427,1.7637408e-05,0.40056461,0
2ij7_TPF_D_2473,0,0.45454997,0.1007396,0.22384639,9.3657847e-05,0.40056257,0
2ij7_TPF_F_2474,0.91679073,0.89319505,0.10191908,0.23635771,8.8298915e-06,0.36109369,0
2ipf_FFA_A_3,0.97721847,0,0.10611414,0.25278558,0.012948833,0.10405257,0
2ipf_FFA_B_4,0.99172463,0.98383379,0.11518991,0.28462043,0.87675954,0.4360761,0
2isf_PAC_A_317,0.99146936,0.97666544,0.10174934,0.23632301,0.0012259024,0.37959115,0.0012103723
2ixi_TYD_B_1182,0.97950715,0.91390072,0.1023039,0.23831327,0.017339826,0.35711231,0
2izf_BTN_B_300,0.99576395,0.28789159,0.12000235,0.30259563,0.99254101,0.24447078,0
2izf_BTN_D_301,0.99433626,0.96010645,0.11710649,0.29155359,0.99405643,0.43624947,0
2j1s_FUL_A_1153,0,0.95944846,0.11736185,0.27717731,0.9956599,0.99137786,0.99149687
2j1s_FUL_B_1153,0.9963517,0.94123959,0.11995613,0.29563635,0.954016,0.95396598,0.95402937
2j51_DKI_A_1314,0,0.94976977,0.10883606,0.25250946,0.66240364,0.57848203,0
2j5b_TYE_A_1336,0,0,0.10565084,0.24194504,0.18788128,0.27818739,0
2j5b_TYE_B_1338,0.83428746,0.95071983,0.10956311,0.26295471,0.53486462,0.43145689,0
2j5z_GAL_A_1278,0.9763693,0.85290041,0.10223298,0.23803338,0.00093620012,0.34687539,0.0012813208
2j9e_AKG_C_1119,0.66424052,0.96067827,0.11730052,1.0704697e-37,0.86686622,0.994463,0.99432455
2jav_5Z5_A_1280,0,0,0.12156107,0.29231468,0.99075997,0.98385078,0.98722271
2jfv_FLC_A_1271,0.89292768,0.75624317,0.10450972,0.24540975,0.13497512,0.34938719,0.019819547
2jhp_GUN_A_1647,0.003464884,0.98384697,0.099172478,0.21804542,0.011613809,0.20328149,0.20526832
2ji6_TPW_A_1566,0,0.97678162,0.11165192,0.26260232,0.85297273,0.59814368,0
2ji6_TPW_B_1566,0,0.98429137,0.11208127,0.26413807,0.88298473,0.60216735,0
2jig_PD2_A_1254,0,0.99521059,0.098444226,0.21512756,0,0.54982099,0
2no7_LDC_A_401,0.99018967,0.98859086,0.11690007,0.29074654,0.989539,0.44477032,0
2no7_LDC_B_401,0.98605472,0.98496326,0.10218364,0.23783224,0.033190703,0.38436377,0
2nry_STU_A_504,0.99421219,0.97284677,0.12051877,0.29788413,0.99614686,0.8518324,0.99266674
2nry_STU_B_502,0.93096274,0.92595381,0.10493002,0.24176222,0,0.75573077,0.91855967
2nry_STU_D_501,0.99343246,0.974346,0.12030225,0.29715485,0.98483138,0.84768108,0.98302985
2ntk_IMP_B_206,0.98439979,0.39633234,0.11930975,0.29984684,0.98638931,0.28527911,0
2ntk_IMP_C_207,0,0,0.11792183,0.2859757,0.98463583,0.332267,0
2ntk_IMP_D_208,0,0.45459618,0.10073809,0.22384093,7.5378311e-06,0.40056893,0
2nu7_COA_B_1025,0,0.45460022,0.10073795,0.22384045,3.4650486e-10,0.40056949,1.6292504e-09
2nu7_COA_B_1325,0,0.45460195,0.10073795,0.22384044,2.279036e-08,0.40057078,1.9962582e-06
2nu7_COA_E_1025,0.52875291,0.70755958,0.10141907,0.23105937,1.0251491e-10,0.37780246,6.0176115e-11
2nu7_COA_E_1325,0.17455798,0.91821945,0.099342857,0.220065,3.6358971e-07,0.49888661,0.00032591424
2nz5_226_A_431,0.029638301,0.46877863,0.10077617,0.22424523,2.1495134e-06,0.39929345,4.3509303e-07
2nz5_226_B_432,0.99169374,0.92673644,0.10209053,0.23765141,0.0042822825,0.35755267,1.7530974e-09
2o7b_HC4_A_701,0.99474963,0.98904931,0.1167395,0.29021196,0.97827822,0.44343235,0
2o7b_HC4_C_701,0.99752334,0.98769799,0.11677759,0.29037612,0.97979032,0.4426794,0
2o7b_HC4_E_701,0.99667241,0.9877603,0.11678914,0.29040959,0.98073718,0.44289867,0
2o7d_DHC_A_701,0.98973217,0.92805857,0.10201409,0.23735737,6.8856486e-05,0.35794854,0
2o7d_DHC_B_701,0.99689158,0.39773594,0.11947536,0.30055799,0.99491203,0.28411132,0
2o7d_DHC_E_701,0.99706755,0.67594748,0.11038161,0.2676785,0.47651527,0.3224185,0
2o7d_DHC_G_701,0.98389492,0.39040426,0.11949504,0.30051225,0.99698834,0.28451747,0
2o7d_DHC_H_701,0.99861374,0.93231587,0.10202526,0.23747765,5.3417731e-05,0.35756726,0
2oci_TYC_A_401,0.99565989,0.85657699,0.10398823,0.99740791,0.062857317,0.34661186,2.3054853e-05
2ot7_OGA_A_500,0.99467675,1,0.10386794,0.2401205,0.00053726649,0.65174413,0.64262793
2ot7_OGA_B_500,0,0.08418793,0.11285302,0.26764511,0.69061319,0.3496088,0.0001279635
2p1e_LAC_A_303,0,0,0.10304675,0.23258807,0.018681664,0.26756076,0
2pd5_ZST_A_600,0.99154006,0.39853205,0.11935872,0.30008812,0.98865625,0.28480411,0
2pin_LEG_A_501,0.94474377,0.94859176,0.10169711,0.23572988,6.7850976e-08,0.37881764,0
2pin_LEG_B_502,8.4718178e-08,0.77751899,0.099388098,0.21872091,7.6301262e-07,0.48782299,0
2pir_DHT_A_931,0.99481516,0.99759974,0.11696913,0.29102974,0.99559318,0.44694403,0
2pir_NK_A_933,0.021549995,0.58580643,0.10220412,0.22602755,0.0040232903,0.65201221,0.53546217
2pnz_UDP_A_250,0.92954455,0.89544962,0.10206129,0.23698665,0.0071791023,0.36001458,0
2prg_BRL_A_1,0.94496135,0.88890147,0.10253642,0.23884327,0.033131172,0.35743265,0
2prg_BRL_B_2,0.79932773,0.57879139,0.11021046,0.26528098,0.48127914,0.33058068,0
2prl_ORO_A_399,0.0026259815,0.86085771,0.11400702,0.27119676,0.9727857,0.57221532,0
2prl_R2C_A_400,0.98308756,0.92491668,0.10200433,0.23726229,7.9024643e-09,0.35823974,0
2pt6_S4M_A_501,0,0.96804149,0.11720007,0.27665175,0.98863972,1,0.98876726
2pt6_S4M_C_503,0.93775205,0.95214038,0.11893857,0.29175749,0.90183548,0.84510553,0.98222283
2ptm_CMP_A_401,0,0,0.10275923,0.23155495,0,0.26638745,0
2pvy_ACP_A_802,0.98973713,0.98687089,0.11481654,0.28324798,0.85341808,0.43646152,0.0015779511
2pwf_BGC_D_9999,0.95640016,0.91248853,0.10197053,0.23689731,3.6474947e-05,0.35965156,0.00041119874
2pye_7PE_A_504,0,0.82942184,0.099163048,0.21786414,7.8604028e-10,0.50260484,1.9219944e-07
2q1a_2KT_X_295,0.99573964,0.98694753,0.10738431,0.25099942,0.16999174,0.86913979,0.86930508
2q28_TPP_A_4001,0.90482135,1,0.10576516,0.24513888,0.10663528,0.73986615,0.80282524
2q28_TPP_B_5001,0,0.83952468,0.11463643,0.26789198,0.79933846,0.94335373,0.93246613
2q6m_P34_A_1001,0.93265115,0,0.11011317,0.26673636,0.28213503,0.12839947,0
2q6m_P34_A_1002,0.95753292,0,0.11899748,0.29889294,0.85416859,0.16017217,0
2qab_EI1_A_1,0.99637467,0.40844077,0.11911659,0.2992561,0.97449855,0.28564234,0
2qab_EI1_B_1,0.99581208,0.98596643,0,0,0.23240095,0.39595927,0
2qb3_PMP_A_700,0,0.98104076,0.10578445,0.23559861,0.24972116,0.97323279,0.9925727
2qb4_DSM_A_801,0.9771008,0.98902921,0.11484912,0.28325378,0.85914879,0.43889117,0
2qb4_LEU_A_601,0.99191571,0.99314671,0.12057075,0.99837616,0.96159178,0.96165993,0.96185469
2qca_DGP_A_200,0.95858971,0.91319673,0.10197277,0.23692782,5.5223923e-09,0.35929456,0
2qca_DGP_A_300,0.97119515,0.63214379,0.10618502,6.8962788e-10,0.22357045,0,0
2qcx_PF1_B_300,0,0.98388824,0.10734384,0.24711599,0.57505882,0.58271316,0
2qd1_CHD_D_802,6.2332991e-11,0,0.10275923,0.23155495,5.6557695e-11,0.26638745,0
2qd4_CHD_A_801,3.7933756e-08,0.98483548,0.098489211,0.21529882,6.6848361e-08,0.54686619,0
2qd4_CHD_B_926,0,0.98872195,0.098472478,0.21523509,7.7195174e-06,0.54797353,0
2qd4_CHD_B_927,2.0706733e-09,0.99041594,0.098465015,0.2152067,3.6144474e-08,0.54845549,0
2qd4_CHD_B_928,0,0.94293071,0.098670901,0.21599052,1.3717421e-07,0.53493182,0
2qgw_EES_A_1,0,0.45459989,0.10073796,0.22384049,6.0958722e-07,0.40056945,0
2qgw_EES_B_1,0,0.45459988,0.10073797,0.22384049,6.3747921e-07,0.40056944,0
2qhv_OC9_A_1001,0.9896149,0.98433836,0.1044697,0.24124218,3.1956239e-06,0.72920703,0.80130958
2qim_ZEA_A_159,0.99028936,0.93570499,0.10174512,1.2047711e-07,0,0.35990922,4.5357142e-05
2qim_ZEA_A_160,0,0.99004032,0.11039522,0.25807444,0.77505353,0.59702669,1.6855805e-06
2qim_ZEA_A_161,0,0.25194135,0.10152607,0.22813042,0.0099547218,9.6438689e-08,9.8116473e-08
2qim_ZEA_A_162,0,0,0.10275923,0.23155495,1.8596019e-09,0.26638762,4.1085605e-07
2qs2_UBF_A_603,0,0.079427866,0.11300503,0.26819558,0.69927724,0.34888585,0
2qs2_UBF_B_602,0.97744816,0.65254817,0.11081453,0.26906737,0.50263432,0.32133281,0
2qui_LTN_B_478,0,0,0.10733302,0.24208768,0.074536037,0.68177869,0.99003313
2qvr_CIT_A_335,0.88736328,0.9596157,0.1019189,0.23592224,0.027459647,0.39712797,0.0093200346
2qx4_ML1_A_233,0.43266812,0.66158576,0.1012955,0.22974828,1.1428709e-05,0.38193884,0
2qx9_ML2_A_233,0,0.45376864,0.10076514,0.22393876,0.001549975,0.40045493,0
2qx9_ML2_A_234,0,0.45459151,0.10073824,0.22384148,1.6245054e-05,0.40056829,0
2qxf_TMP_A_3000,0.97848271,0.91899474,0.10211999,0.23763909,0.0069316859,0.35792569,0
2r0g_7CK_A_1355,0.99235832,1,0.1200838,0.29634986,0.97860672,0.85381564,0.98073989
2r0g_7CK_B_1357,0.99379043,1,0.12022536,0.29685505,0.98686586,0.8552731,0.98357916
2r3d_ACM_A_303,0.72149965,0.99277008,0.1192895,0.0018423821,0.9937472,0.99574523,0.99373575
2r4j_13P_A_1968,0,0.45469147,0.10074109,0.22385035,0.00018027954,0.40069519,0.00021538478
2r4j_13P_B_816,0,0,0.11140488,0.26103327,0.4924148,0.34234293,0.32287587
2r4t_GLC_A_502,0,0.97573251,0.11398851,0.27031548,0.97870714,0.65331392,0.11467481
2r5e_QLP_A_430,0,0.45460006,0.10073796,0.22384047,3.0195434e-07,0.40056947,0
2rbu_273_X_4001,0.9926902,0.9861965,0.10168894,0.23611578,6.4436147e-07,0.38152656,9.3409725e-06
2rbx_3AY_X_2001,0,0.73531767,0.11231584,0.26154333,0.67999946,0.67975436,0.67344959
2rhx_MLY_A_537,0.95165604,0.88817381,0.10267356,0.23939935,0.040457057,0.35660293,0
2ri1_GLP_A_234,0,0.3010294,0.10651174,0.24454101,0.32933184,0.39332819,0.026492459
2rtn_IMI_B_300,0.9909278,0.98033077,0.12031765,0.29714822,0.98680205,0.85221801,0.98855135
2rtn_IMI_D_300,0.99444179,0.97334573,0.11798631,0.29287808,0.9860596,0.5665447,0.30624612
2tio_BEN_A_247,0,0.98993655,0.11793638,0.99734307,0.99390666,0.99351093,0.9935403
2tmk_ATM_A_217,0.9804427,0.39898814,0.11915592,0.29925502,0.97791068,0.28607615,0
2tmk_ATM_B_217,0.99067127,0.69474578,0.10965866,0.26500695,0.43577392,0.32570511,0
2uuj_896_B_1250,0,0.98661085,0.11378035,0.27024102,0.99403521,0.6098025,0
2uyv_TLA_A_1275,0,0.51120939,0.10365458,0.23326984,0.16753244,0.49653155,0.16785782
2uyv_TLA_A_1277,0,0,0.1028146,0.23175381,0.0035942168,0.26661928,1.4692507e-05
2uyv_TLA_C_1275,0.99323161,0.61066522,0.11309416,0.27730144,0.63159596,0.32573289,0.02263719
2uyv_TLA_D_1275,0,0,0.10527081,0,0.0012277301,0.5948385,0.79043126
2v32_BEZ_A_1222,0.98959182,0.97463072,0.11709019,0.29112554,0.986335,0.46236656,0.052244784
2v32_BEZ_B_1220,0.99633597,0.96973012,0.11851087,0.29011047,0.85883692,0.99409631,0.99193351
2v32_BEZ_C_1222,0.99266246,0.98394586,0.11736067,0.29190022,0.99768711,0.48035126,0.088719752
2v60_C17_A_1503,0.98825756,0.99078766,0.11698753,0.29104059,0.99624544,0.44613973,0
2v60_C17_B_1498,0.9941897,0.99522476,0.11694604,0.29094313,0.99355552,0.44624408,0
2vag_V25_A_1482,0.99211943,0.9788465,0.11698853,0.29109154,0.99213639,0.4418361,0
2vez_G6P_A_202,0.86239075,0,0.10555726,0.24970317,0.00073660641,0.12268019,0.00053982239
2vjb_CCD_A_1539,0.87407036,0,0.10660638,0.25358575,0.066573815,0.12464124,0
2vjb_CCD_A_1540,0,0.9720178,0.098551288,0.21553376,0.00042257663,0.54324228,0
2vjb_CCD_B_1539,0,0,0.10574338,0.24227755,0.19389386,0.27856501,0
2vjb_CCD_B_1540,0.00014870783,0.9911866,0.098929117,0.21687499,0.030340774,0.55055571,0
2vkg_CF4_A_1064,0.00012713225,0,0.10276086,0.23156201,7.9436959e-05,0.26637121,0
2vlf_PLI_A_1457,0.88468094,0.42532077,0.1166736,0.2894181,0.84343943,0.30013824,0
2vlf_PLI_B_1459,0,0,0.11802635,0.2863539,0.99144917,0.33251843,2.3826586e-06
2vmg_MBG_A_1179,0.98019659,0,0.12437725,0.95537606,0.93324889,0.93332741,0.93343649
2vmw_PLP_A_501,0,0.92697569,0.099309329,0.21829929,0.036986506,0.53271159,1.8867364e-06
2vp5_DCZ_A_1210,0.99219234,0.98930056,0.1169514,0.29094911,0.99265351,0.4448337,0
2vp5_DCZ_B_1210,0.98266904,0.9933593,0.11655859,0,0.98908917,0.4479095,0
2vss_V55_D_1250,0.002850117,0.97471469,0.099301285,0.21825289,0.049314917,0.54660547,6.0635982e-07
2vsu_V55_D_1251,0.0038107567,0.98219135,0.10687167,0.24545676,0.54310222,0.57958672,1.9703024e-07
2vzu_PNJ_A_1901,0,0.27191374,0.10671128,0.24543874,0.34050616,0.37540265,0
2w0b_CMW_A_1450,5.77721e-06,0.45460299,0.10073796,0.22384053,0,0.40056924,0
2w1a_TSA_C_1091,0.94764895,0.99316705,0.11710437,0.29052678,0.99227351,0.49163304,0.092288641
2w1a_TSA_D_1091,0.97137595,0.99394766,0.10190649,0.23613904,0,0.42564714,0.092464829
2w5t_GP9_A_1644,0,0.22158762,0.11828195,0.0016681174,0.98853363,0.57825821,0.4486867
2w7k_PLP_A_501,0.79909884,0.93437374,0.1012887,0.23290772,6.7505466e-06,0.39910234,4.3136047e-05
2wch_B7M_A_1145,0,0.98608675,0.098483812,0.21527825,1.7528431e-06,0.54722266,0
2wd2_MS5_A_1263,0.67091075,0.46010233,0.11191706,0.27029658,0.58799277,0.32822284,0
2wdq_CBE_C_1130,0.98982153,0.92813635,0.10201306,0.23735445,3.5757344e-06,0.35794952,0
2wdq_CBE_G_1130,0.99426637,0.98345321,0.10170588,0.23619406,7.6884478e-08,0.38047822,0
2wdq_CBE_K_1130,0.991867,0.92911498,0.1020157,0.23738237,3.4621361e-06,0.35786146,0
2wdq_TEO_A_1589,0.98038844,0.92358478,0.10204135,0.23736271,0.0023192583,0.35907478,0.0013792425
2wdq_TEO_I_1589,0,0.7763739,0.11789697,0.27940137,0.98552239,0.95676505,0.97456397
2whq_HI6_B_1545,0.00242729,0.25733969,0.10138662,0.22764938,0.001819943,0,0
2wj4_HQD_A_1281,0,0,0.12155158,0.29224906,0.98940949,0.98943247,0.98978407
2wj4_HQD_B_1278,0,0.9934234,0.11713848,0.27639228,0.99123582,1,0.99122628
2wj4_HQD_C_1277,0.026462154,0,0.11811266,0.28697111,0.99203035,0.32427432,0
2wu4_HBP_A_1544,0.12293251,0.51201676,0.10094193,0.22568377,0.0026006642,0.39508405,0
2wu4_HBP_B_1545,0.98368864,0.92419469,0.10203811,0.23738985,0.0018817005,0.35807478,0
2wzh_NGO_A_1589,0.98786212,0.98723503,0.12040863,0.29740688,0.99405449,0.85745259,0.99409787
2x05_X05_B_1900,0,0,0.11811382,0.2866705,0.99715307,0.3327269,0
2x0u_X0U_B_1291,7.3080386e-05,0.99578285,0.11343867,0.27111516,0.99488689,0,0
2xh0_PEP_A_1440,0,0.92730214,0.11749449,0.27770597,0.99472856,1,0.99572164
2xh0_PEP_B_1440,0.99111711,0.98057397,0.1204994,0.29776669,0.99727669,0.85542818,0.99461301
2xh0_PEP_C_1440,0.98802835,0.9482127,0.12061952,0.29819175,0.9963273,0.84719528,0.99588447
2xhk_AKG_B_519,0.95040386,0,0.10583637,0.25153318,0.00043138965,0.10791884,0.00042350863
2xmi_FLC_A_1379,0,0.9611541,0,0,0.0093724617,0.092617836,0.092777569
2xoz_AMP_B_1664,0.09174073,0,0.10645305,0.24567484,0.22022367,0.26588412,0.0023664657
2xta_TPP_A_2001,0.9785827,1,0.1067632,0.24828216,0.11317086,0.80698019,0.99330168
2xul_AKG_A_201,0,0,0.10275923,0.23155496,6.1139197e-08,0.26638806,1.456169e-06
2xul_AKG_B_201,0.92692556,0.90914845,0.11434931,0.28105525,0.81448838,0.42209968,0.00093150627
2xul_AKG_C_201,0.93368965,0.93619629,0.10171519,0.2357025,1.1395584e-06,0.37713377,1.8312659e-06
2xul_AKG_D_201,0,0.45460037,0.10073795,0.22384045,3.360094e-09,0.4005696,1.6697606e-07
2xul_AKG_E_201,0.99308964,0.9127243,0.10206204,0.23743656,1.5467365e-07,0.36691934,0.015398723
2xul_AKG_F_201,0.99389446,0.89667176,0.10210804,0.23771605,0.0017602733,0.35593618,1.1211021e-06
2xum_OGA_A_601,0.99876942,0.97602299,0.10176144,0.23643811,0.00039266639,0.37796561,0.00079700692
2xya_7L4_A_1181,0.99324319,0.97457555,0.11703195,0.29126203,0.99351733,0.44052098,5.118026e-06
2xyj_WLM_A_1441,0.98196518,0.98875404,0.10164318,0.23584833,1.568986e-07,0.38404159,0
2xyj_WLM_A_1442,0,0.45454815,0.10073966,0.2238466,9.7046703e-05,0.40056232,0
2y00_Y00_A_601,0.98063099,0.98996936,0.11635455,0.28869534,0.95648764,0.44468294,0
2y00_Y00_B_601,0.99473563,0.40071823,0.11934134,0.30005403,0.98743094,0.28475708,0
2y2f_YI1_A_1469,0.83272339,0,0.11417626,0.28039749,0.56709888,0.16297981,0
2y4j_LAC_A_400,0.98384052,0.86898395,0.11650118,0.28936069,0.9311136,0.40836333,0.00064166763
2y5a_3AP_A_1295,0.15692001,0.99601294,0.10575255,0.2428604,0.44215715,0.55162128,0
2yi6_6QM_A_1225,0.97225952,0.91958364,0.10199537,0.23713252,0.00028484779,0.35868492,0
2yjd_YJD_A_1498,0.99391657,0.99626683,0.10244055,0.99696964,0.001734402,0.38282974,0
2yp6_C6W_B_1186,1.2670129e-07,0.93108995,0.098722239,0.21618596,0,0.53155957,0
2z1z_MLT_A_433,0.97083013,0.82986314,0.10490482,0.24763958,0.16624079,0.34648145,1.2495812e-06
2z20_PLP_A_701,0,0.93983054,0.11271763,0.26646586,0.91180688,0.5913152,0
2z26_DOR_A_1410,0,0.45460022,0.10073795,0.22384045,0,0.40056949,0
2z48_A2G_A_1001,0,0.93410402,0.11234176,0.25940809,0.66874474,0.97113614,0.96055526
2z48_A2G_B_2001,0,0.75806881,0.11640231,0.27448722,0.89976222,0.91553571,0.90086712
2z48_NGA_A_1003,0,0.7527184,0.11616097,0.27371207,0.8858936,0.90710056,0.88621048
2z48_NGA_A_1004,0,0.37620174,0.10330155,0.23310984,0.14613653,0.38977288,6.7392776e-06
2z48_NGA_A_1006,0,0,0.10589355,0.23794879,0.019991864,0.606438,0.81667902
2z48_NGA_B_2002,0.97904807,0.92295903,0.10200009,0.23721059,5.4945047e-05,0.35841282,4.9751395e-06
2z48_NGA_B_2003,0.98433886,0.98603065,0.11561081,0.28069231,0.70372509,0.8007123,0.90068636
2z48_NGA_B_2006,0.13471393,0,0.10636022,0.24095921,0.024638742,0.57946113,0.80516141
2z6j_TUI_A_501,3.3648333e-12,0.96635597,0.098569333,0.21560384,2.109236e-13,0.54160327,3.9338088e-09
2z6j_TUI_B_502,0.86731063,0.95188172,0.1014328,0.23405003,1.5816314e-08,0.39268219,3.9244441e-13
2zce_PYL_A_601,0.72339306,0.4102838,0.11443455,0.27987137,0.7276469,0.3156412,0
2zgw_ADN_A_1301,0.9912198,0.96445073,0.12119025,0.99333402,0.99241541,0.84767655,0.99105103
2zgw_ADN_B_1302,0.36922621,0.94502822,0.10952426,0.254582,0.4786991,0.77131219,0.65383734
2zgw_BTN_B_1402,0.96774481,0.96815357,0.116613,0.28952325,0.9698386,0.44145974,0
2zm7_ACA_A_501,0,0.45460022,0.10073795,0.22384045,6.596368e-09,0.40056949,8.0300292e-12
2zm9_ACA_A_501,0,0.45460022,0.10073795,0.22384045,9.5734583e-11,0.40056949,0
2ztl_3HL_B_301,0.987304,0.9548612,0.1171762,0.90124909,0.97108292,0.0092631356,0.0092645086
2ztl_3HL_D_301,0,0.96960408,0.098557576,0.21555458,0,0.54280716,0.00067215566
2zut_A2G_A_4001,0,0.78366762,0.11771829,0.27874131,0.97535299,0.9588758,0.97666967
2zut_A2G_B_4002,0.00016298939,1,0.10180432,0.22137665,1.5791426e-05,0.9562821,0.97659539
2zut_A2G_C_4003,0.9520775,0.91010732,0.10196518,0.23684143,4.6275467e-05,0.3596092,5.8330036e-05
2zut_A2G_D_4004,0.98132327,0.3991777,0.11916609,0.29929937,0.97842607,0.28603328,5.1335633e-05
2zuw_NDG_B_4002,0,1,0.10143114,0.22073767,0.0023379972,0.90749996,0.85860414
2zuw_NDG_C_4003,8.3746197e-05,1,0.10128464,0.22040395,3.9824174e-05,0.89398796,0.82641936
2zvq_1NP_X_501,0.18870299,0.064714539,0.11815075,0.28972314,0.98987691,0,0
2zyv_NPO_X_1601,0,0.4545964,0.10073808,0.2238409,7.123906e-06,0.40056897,0
2zyv_NPO_X_1602,0.99812404,0.9939377,0.10122139,7.5462674e-06,0.00015072095,0,0
3kt7_AKG_A_702,0,0.98618209,0.098484455,0.21527861,0,0.5473796,0.00031313887
3mk1_NPO_A_911,0.99454875,0.77704057,0.10300334,0.24105012,0.026093389,0.32328406,0
3mk1_NPO_A_912,0,0.42969763,0.11596978,0.28021145,0.99480978,0,0
3qfx_CP6_A_602,0.99170231,0.9942075,0.11687153,0.29065298,0.98894938,0.44608035,0
3qhd_795_A_167,0.82748813,5.4053409e-05,0.12067943,0.30371536,0.99075318,0.19047698,0
3qhd_CTN_A_165,0.98127813,0.91463334,0.11710135,0.29145465,0.98365153,0.42482543,0
3qhd_CTN_B_165,0.97247348,0.97521263,0.1169416,0.29074182,0.99218562,0.4440842,0
3qhd_MSR_A_166,0,0.99091825,0.09846554,0.21520812,0.0001756332,0.54860958,0
3qk1_BEN_A_1010,0.99840518,0.99167222,0.12125504,0.99742764,0.99577539,0.99729181,0.99725208
3qss_MTG_B_405,0,0.97090356,0.11214303,0.26642721,0.90286485,0.0017827239,0.0018673786
3qt8_FM0_A_328,0.99100529,0.95169809,0.10495803,0.24249624,0,0.74653595,0.90288506
3qt8_FM0_B_328,0,0.95611105,0.10072097,0.21978485,0.002624238,0.78657683,0.59715475
3qwi_CUE_A_272,0.99717939,0.92024507,0.10239566,0.23880402,0.021272968,0.35606068,0
3qwi_CUE_B_272,0.99810223,0.9948852,0.1017566,0.23640173,0.0057113971,0.38345232,0
3qwi_CUE_D_272,3.9190748e-06,0.45460176,0.10073797,0.22384054,6.3207392e-07,0.40056928,0
3qxx_8AC_A_221,0.9584796,0.97202613,0.10118644,6.3484244e-09,5.5505065e-07,8.3584542e-09,6.1878833e-07
3r3z_GOA_A_305,0.99377237,0.970365,0.1051599,0.24227215,0,0.95397998,0.95373911
3r3z_GOA_B_305,0.96315003,0,0.11672095,0.28354749,0.47391131,0.96427277,0.96450152
3r3z_GOA_C_305,0.99618025,0.96495594,0.10510676,0.24228588,0,0.93125091,0.93120844
3r3z_GOA_D_305,0.9932017,0.95215468,0.10962873,0.2585207,0.2899826,0.93602526,0.93644861
3r51_MMA_A_200,0.97276311,0.96556947,0.12045102,0.29688956,0.98866503,0.99414591,0.99344042
3rgz_BLD_A_800,0.025871044,0.80619968,0.11767068,0.27874307,0.9708063,0.96380441,0.98551077
3ro7_TDR_A_300,0,0,0.10328628,0.23446268,0.04408724,0,0
3roe_THM_A_265,0,0,0.10432146,0.23716833,0.10150533,0.27276252,0
3roe_THM_B_265,0,0,0.11757443,0.28478869,0.96261141,0.32684455,0
3roe_THM_C_265,0.44499075,0,0.11942782,0.29562659,0.98966867,0.254252,0
3roe_THM_F_265,0.39800016,0,0.11925492,0.29456411,0.98829403,0.26201082,0
3rop_NCA_A_302,0.9264634,0.0047277993,0.10573423,0.25093953,0.00024541566,0.11307483,0
3rop_NCA_B_302,0.0029048687,0.009204335,0.10279275,0.23169413,0.0041614141,0.26878521,0
3rsc_TYD_A_397,0,0,0.11744993,0.28434134,0.95452215,0.32633651,0
3rsc_TYD_B_397,0.94311174,0,0.12057272,0.30441764,0.95954458,0.16919798,0
3ryd_SRT_A_267,0.977592,0.11164381,0.10758694,0.25674811,0.093633642,0.22641605,0.20625193
3ryd_SRT_A_271,0,0.4721969,0.10071189,0.22376066,3.093599e-08,0.40086801,7.8617525e-08
3ryd_SRT_C_268,0.54297982,0.91538844,0.10079822,0.22832271,0.00010355424,0.46675758,0.073074456
3se2_LDR_A_1,0.99714113,0,0.12119437,0.30783467,0.9951603,0,0
3se2_LDR_B_2,0.99832843,0,0.10599905,0.25257023,0.0010412299,0.099780369,0
3sj1_DXC_X_75,0.9831885,0.98290361,0.10167249,0.23597057,0,0.38217116,0
3sjh_LAR_A_503,0,0,0.11813666,0.28675315,0.99864198,0.3327816,0
3sli_SKD_A_760,0,0,0.11780753,0.28556203,0.97718353,0.3319932,0
3sp6_IL2_A_901,0,0,0.1207512,0.29032064,0.9470916,0.73526183,0.98685608
3t2e_F6R_A_3469,0,0.89464447,0.098880257,0.21678755,1.1495919e-09,0.52118001,5.307697e-09
3t3q_9PL_A_501,0.76479508,0.80017139,0.10238729,0.23668347,0.037860187,0.36484072,0
3t3q_9PL_B_501,0.00011128351,0.3846267,0.10302777,0.23212095,0.13052166,0.39091783,0
3t3q_9PL_C_501,0.9875571,0.92680582,0.10201823,0.23735276,0.0004643414,0.35801297,0
3t3q_9PL_D_501,6.7448191e-05,0.38864006,0.10289581,0.23164339,0.12300214,0.39147549,0
3te7_TE7_A_1,0.97875617,0.89730823,0.10283371,0.2402222,0.047596639,0.35490837,0
3tky_N7I_A_369,0,0.96752933,0.098564246,0.21558447,0,0.54193744,0
3tky_N7I_C_369,0.98277996,0.98836349,0.10164814,0.23587419,4.1924649e-05,0.38379696,0
3tky_N7I_D_369,0.91531158,0.93677682,0.10165796,0.23532379,0.00030304475,0.38038555,0
3tye_XHP_B_901,0.99356677,0.99357731,0.11670738,2.0619375e-68,0.99656712,0.44662286,0
3tye_XTZ_A_801,0.92288041,0,0.11798788,0.29493989,0.79584104,0.16229418,0
3tye_YTZ_B_902,0.00096460382,0.40113449,0.10102384,0.22495649,4.7010081e-05,0.38047148,0
3tyn_CXW_B_800,0,0.45460022,0.10073795,0.22384045,0,0.40056949,0
3u1t_MLI_A_351,0.99667549,0.93668993,0.10191645,0.23701665,1.8274082e-06,0.36675942,3.2828902e-06
3u1t_MLI_B_350,0.99701817,0.94240646,0.10189628,0.23694097,0.00018807884,0.36841833,0.00018737299
3u3o_3QV_A_297,3.4594526e-05,0.98927618,0.098183517,0.21611578,1.4433102e-05,0,0
3ucc_2PG_A_601,0,0,0.12151273,0.29300862,0.99474864,0.74161719,0.99496091
3ucc_2PG_B_601,0,0,0.10620142,0.23799486,0,0.678963,0.99453015
3ucl_CYH_A_543,0.12866598,0.98810365,0.098890934,0.21794674,2.0293749e-06,0.52636117,0.00010864387
3uu7_2OH_A_1,0.99697205,0,0.12087122,3.2376741e-39,0.98734571,0.16253089,0
3uu7_2OH_B_1,0.99680394,0,0.12086407,0.029417303,0.9849778,0.16235302,0
3uud_EST_A_600,0.98777222,0.97890557,0.11662768,0.28975406,0.96961901,0.44116449,0
3uud_EST_B_600,0.98162337,0.99303972,0.1166595,0,0.99579504,0.4484148,0
3uwb_BB2_A_154,0.98515746,0.93840398,0.11602691,0.28760838,0.91972278,0.42693252,0
3v1m_HPK_A_288,0,0.34701225,0.11615951,0.27681376,0.88227148,0.60587528,0.41910781
3v1s_0LH_B_401,0.99373495,0.99579135,0.10185671,0.23671959,0.013387532,0.38492162,0
3v1v_GST_A_511,0.89846807,0.76185536,0.1059033,0.25059899,0.22847236,0.34499687,0
3v7u_MTA_A_302,0.98556534,0.92593689,0.10201754,0.23733127,0.00057250105,0.35819573,0.00016267302
3v8n_5NB_A_301,0.25908289,0.56717836,0.10144343,0.22872176,0.021190585,0.38784771,0
3vbn_TYD_C_301,0.94415024,0,0.10605466,0.25226135,0.016022185,0.10976639,0
3vc3_C6P_A_501,0,1,0.10065359,0.21927995,3.7563758e-05,0.81350374,0.63976275
3vc3_C6P_B_501,3.2435431e-05,0.47514346,0.11727926,0.27961959,0.94751591,0.72169359,0.60601819
3vc3_C6P_C_501,0,0.81514134,0.11725239,0.27692482,0.94894499,0.97362654,0.99649901
3vc3_C6P_D_501,0,0.45726193,0.11714439,0.27930004,0.93963866,0.705938,0.58070389
3vc3_C6P_E_501,0.95757499,1,0.10564798,0.24661158,0.14070435,0.63588163,0.5682615
3vc3_C6P_F_501,0.64304037,0.82892637,0.11795216,0.28751942,0.93901863,0.72540499,0.65369008
3vca_PRO_A_504,0.90096218,0.044626171,0.1072345,0.25268261,4.7754138e-08,0.48705669,0.48848969
3vcp_PRO_A_502,0,1,0.10743432,0.24160882,0.36792192,0.96418416,0.96448523
3vmg_9CA_B_2001,0,0.76933106,0.11784654,0.27939186,0.99351137,0.93286234,0.93328234
3vmg_9CA_C_2002,0,0.77578179,0.11704029,0.27661742,0.94651671,0.91602575,0.91755955
3vnj_PSJ_B_301,0.73477122,0.93190762,0.10173237,0.2330709,0.0038409607,0.46320285,0.14649393
3vnj_PSJ_C_301,0,0.49943393,0.10073113,0.22347405,0,0.433728,0.051372432
3vnj_PSJ_D_301,0.91312897,0.81350642,0.10591352,0.25042806,0.22836561,0.37734428,0.051081607
3vnm_SDD_A_301,0.5634226,1,0.10150852,0.229256,0,0.60805571,0.36631227
3vnm_SDD_B_301,0.5488338,1,0.10155541,0.22911919,0,0.62217336,0.39314566
3vnm_SDD_C_301,0.49332286,0.95242791,0,0.2298573,0.025921881,0.5808054,0.31488844
3vnm_SDD_D_301,0,0.67361492,0.10616422,0.2405128,0.31267822,0.66351099,0.4431793
3vq4_0NX_A_305,0.99491314,0.9885928,0.12012918,0.29609845,0.97484415,0.97286549,0.9723803
3vq4_0NX_B_303,0.99589108,0.97810158,0.10379078,0.24370555,0.13361143,0.3870842,2.3770666e-05
3vq5_MMJ_A_1007,0.99438716,0.99052549,0.11525985,0.28488501,0.88242219,0.43827702,0.00092565632
3vq5_MMJ_B_307,0.9934769,0.99671805,0.10378157,0.24363266,0.13876908,0.39310411,2.0719189e-06
3vqe_FMQ_A_1006,0.98665076,0.44565346,0.11857687,0.29724178,0.94627712,0.28801682,0
3vqe_FMQ_B_306,0.9924809,0.92793234,0.10206476,0.23756529,0.0027551654,0.35763164,0
3vv5_SLZ_A_300,0.97458734,0,0.12397844,2.1955596e-37,0.95686754,0.9933091,0.992605
3w4i_8LG_C_402,0.99651356,0,0.10614723,0.25308563,0.011049899,0.10071196,0
3w4i_8LG_D_402,0.98985977,0,0.10612381,0.25293901,0.01092459,0.10181495,0
3w7f_FPS_A_302,0.96497093,0.91624956,0.10198099,0.23701494,0,0.3590198,0
3w7f_FPS_B_302,0,0.382716,0.10308836,0.23233903,0.13398375,0.39066674,0
3w8x_FTK_A_601,1.1143835e-07,0.45619618,0.10073845,0.22382992,4.2572477e-05,0.40176354,0.0018548253
3w8x_FTK_B_601,0,0,0.10276416,0.23157268,0.00032069343,0.2664076,1.4587125e-08
3wat_BGC_A_403,0.010465657,0.98657801,0.098517145,0.21549533,9.098236e-05,0.54565616,8.4966266e-05
3wat_BGC_B_403,0.012086556,0.98493243,0.098528543,0.21555315,3.2307756e-05,0.5449051,6.5421146e-05
3wat_BMA_A_404,0.99386302,0,0.10627996,0.25343747,0.016449917,0.10846754,0.016810906
3wca_FPS_C_401,0.93488302,0.90343579,0.10186435,0.23628007,0.00021400814,0.36761703,0
3wca_FPS_C_402,0,0.91551948,0.098789794,0.21644314,2.990651e-06,0.52712535,0
3wgc_PLG_B_401,0.99242287,0.68478582,0.11001434,0.26630868,0.45592065,0.32414883,1.2689565e-05
3wgc_PLG_C_401,0.98540505,0.91452363,0.11870541,0.29384824,0.95621872,0.65838685,0.57466755
3wjz_NUP_A_301,0,0,0.10908434,0.24897615,0.22804329,0.78048655,0.78685662
3wlf_FEH_A_401,0.99626471,0.4295832,0.11852891,7.211778e-54,0.95949053,0.29236329,0.0052109764
3wlf_FEH_B_401,0.99680978,0.63083391,0.11844423,0.00019502145,0.95626562,0.43996622,0.23356925
3wlf_FEH_D_401,0.99676535,0.42554695,0,2.2345963e-49,0.99247392,0.29920791,0.019366173
3wr4_GDE_B_502,0.98247533,0.98741293,0.11514413,0.28433771,0.87567593,0.44052299,0.0047040027
3wsg_CIT_A_302,0.98930535,0.7378061,0.11504231,0.28422887,0.79585381,0.3659679,0.011178379
3wsg_CIT_C_302,0.91616998,0.4838645,0.10467467,0.24590947,0.042814166,0.30138065,0.11439658
3wsg_CIT_F_302,0.98695186,0.82511065,0.11004913,0.26137848,0.31520872,0.69548795,0.81738388
3wug_XYP_B_1,0.98385515,0,0.10632203,0.25359488,0.025063867,0.10370545,3.8928045e-10
3wug_XYP_B_2,0,0,0.10275926,0.23155506,1.7576778e-06,0.26638836,1.9270191e-06
3wug_XYP_C_2,0.24022558,0,0.10353514,0.23659845,6.1534215e-06,0.22629147,2.3293574e-05
3wur_O4B_A_201,0,0.18494934,0.10195733,0.22850211,2.5142775e-07,0.31906059,0
3wur_O4B_A_202,0.97220594,0.38204476,0.1163168,0.2890443,0.78454159,0.26215496,0
3wur_O4B_B_201,0.83349925,0.10187215,0.11867805,0.29648604,0.88813638,0.21202608,0
3wur_O4B_B_202,0.63647398,0.40114033,0.11326191,0.27484952,0.66718391,0.32385259,0
3wwc_BUA_A_402,0,0,0.10302733,0.23205653,6.7551523e-08,0.29852148,0.077460388
3wxo_NIZ_A_802,0,0.94829447,0.099475944,0.21887821,0.053818481,0.53983948,0
3wxo_NIZ_A_803,0.0014440756,0.99258045,0.098462883,0.21521059,0.00016827594,0.54884142,0
3wxo_NIZ_A_804,0.0010568972,0.0018437698,0.10275468,0.23154684,2.4608157e-06,0.26673625,0
3wzo_ZOE_A_201,0,0,0.11651897,0.28090124,0.89958725,0.33408092,0
3wzo_ZOE_B_201,0,0,0.11727642,0.28364001,0.94276517,0.33088963,0
3wzo_ZOE_C_201,0,0.049096183,0.11399679,0.27178158,0.75581194,0.34470736,0
3wzo_ZOE_D_201,0.94673785,0.90752671,0.1019575,0.23676601,0,0.35980488,0
3zbs_OVE_A_1380,0,0.99336901,0.11202681,0.26321241,0.85478272,0.65319577,0.12104376
3zcm_PX3_A_1214,0,0.97542855,0.098531813,0.21546062,0.00011806347,0.54419453,0
3zjq_NCA_A_300,0.0025526084,0.98903597,0.098479333,0.2152834,6.0154675e-06,0.54763669,0
3zjq_NCA_B_300,0.62367951,0.98803469,0.10048941,0.22833911,5.9838391e-06,0.44365343,0
3zks_WZV_A_1398,0,0.45389177,0.10076112,0.22392421,0.0013204761,0.4004719,0
3zog_A2Q_A_200,0,0,0.10286782,0.23194512,0.0070547844,0.26683269,5.2171254e-06
3zr0_8OG_A_1157,0.9732504,0.50503721,0,0.28620124,0.77570494,0.30148678,5.5442939e-08
3zr0_8OG_B_1157,0.95974371,0.43484122,0.11763318,0.29356292,0.89262757,0.29327069,6.869501e-09
3zv6_4HB_A_1277,0,0.89869674,0.10062025,0.22303591,0.11419696,0.52950626,0
3zwe_FUC_A_110,0,0.97461679,0.11734165,0.27705738,0.99732843,0.99734029,0.99729766
3zwe_FUC_B_110,0.94357148,0.97349123,0.12112207,0.94973117,0.99692369,0.99653469,0.99642748
3zwe_FUC_C_110,0.99039133,0.97849478,0.12031184,2.9359711e-37,0.99778929,0.99777355,0.9977935
3zwt_KFZ_A_1401,0.98430495,0.92549881,0.1020059,0.23727894,5.3647083e-07,0.35818728,0
3zwt_ORO_A_1398,0.20988912,0.55494268,0.10101062,0.2267143,0.00013061549,0.39152244,0
3zyx_MBT_A_601,0.99571843,0.93095939,0.1020206,0.23743473,0,0.35769588,0
3zyx_MBT_B_601,0,0.010975367,0.11524323,0.27628845,0.82686467,0.33945585,0
3zzm_JLN_A_1526,0.96898039,0.38605778,0,0.29996717,0.99370554,0.28556051,1.4604829e-07
3zzv_FUC_B_401,0,0.97359332,0.11735156,0.27709143,0.99761764,0.99747654,0.99755056
4a01_2PN_A_1773,0,0,0.10275923,0.23155495,0,0.26638745,0
4a01_2PN_B_1773,0.99262336,0,0.10570854,0,0,0.10115898,0
4a3u_NCA_A_1359,0.99429191,0.98028514,0.10172006,0.23624819,2.3506685e-05,0.37957317,0
4a3u_NCA_B_1359,0.77207458,0.81516051,0.10202044,0.23542248,0.016413314,0.36611242,0
4a78_JZ3_A_1296,0.24517586,0.98732924,0.10278474,0.23212674,0.19416268,0.58192369,0.15206974
4a7a_RGZ_B_601,0.98458192,0.99237717,0.10204285,0.23730561,0.026439241,0.38629922,5.1278685e-06
4a7x_UDP_B_1241,0.94721058,0.37342085,0.11942925,0.29994441,0.99593217,0.28617509,0
4a8p_PAO_A_1340,0.98902869,0.39307948,0.11949448,0.30055643,0.99657982,0.28432662,0
4a8p_PAO_B_1340,0.98914774,0.98281577,0.11238797,0.27452931,0.69495888,0.42479834,0
4a8p_PAO_C_1340,0,0.024955275,0.11478613,0.27463566,0.80080776,0.34138172,0
4a8p_PAO_E_1338,0.96495038,0.43605398,0.11768168,0.29378511,0.89500987,0.29287043,0
4a8p_PAO_F_1340,0,0.043781635,0.11417056,0.2724099,0.76571764,0.34397523,0
4a9j_TYL_B_1187,0.99918209,0.99386227,0.11642255,0.28911026,0.95811048,0.44279643,0
4a9j_TYL_C_1184,0.99701044,0.99584009,0.11086486,0.26911822,0.5980144,0.42110632,0
4adm_SRT_C_1466,0,0.45460022,0.10073795,0.22384045,0,0.40056949,0
4ajj_88R_B_1333,0.99150414,0.97761899,0.12036285,0.29731967,0.98889625,0.85140278,0.98836276
4ajj_88R_C_1335,0.9930883,0.39815835,0.11939744,0.30024198,0.99074973,0.28458922,1.0073222e-05
4ajj_88S_B_1332,0.99295854,0.98505575,0.10224426,0.23811479,0.035706876,0.38339554,0
4ajj_88S_C_1334,0.99264221,0.98744677,0.10168332,0.23609404,0,0.38188673,0
4ajj_88S_D_1332,0.96835044,0.97852735,0.10178188,0.23622838,0.0089882123,0.38396655,0
4ajj_MLI_A_1333,0.99369265,0.92703882,0.11395769,0.27458167,0.56591784,0.79548899,0.95322187
4al9_GLA_A_1123,0.94428736,0.982636,0.1203495,0.29676982,0.99731625,0.86499381,0.9974034
4al9_GLA_B_1123,0.997371,0.97171405,0.12055186,0.29801044,0.9964365,0.85262039,0.99657122
4al9_GLA_C_1123,0.94486765,0.97494753,0.11696885,0.29045409,0.99489451,0.45760368,0.021251355
4al9_GLA_D_1123,0.91528956,0.96796943,0.12027248,0.29625015,0.9948591,0.86440593,0.99475716
4al9_GLA_E_1123,0.98905997,0.98367711,0.1204872,0.29768588,0.99723239,0.85768063,0.9970911
4aql_TXC_A_1452,0,0,0.11719318,0.28341877,0.93783965,0.32528876,0
4aw0_MJF_A_600,0,0,0.10275923,0.23155495,1.715285e-10,0.26638745,0
4b1f_DGL_B_1256,0.0023638514,0.97911739,0.11701841,0.27605433,0.98135004,0.97997862,0.97999946
4b1f_KRH_A_1256,0.9184049,0.89396982,0.10192108,0.23637945,4.0960437e-06,0.36102454,0
4b1f_KRH_B_1257,0,0.45460012,0.10073796,0.22384046,1.8713326e-07,0.40056948,0
4b1y_LAB_B_1376,0.0017843648,0,0.11812907,0.28674165,0.99776604,0.33249439,0
4b5v_E8U_A_1253,0,0.44915172,0.10094941,0.22459722,0.012062637,0.40043475,0.00117252
4b5v_E8U_B_1254,0.88630508,0.97506043,0.10143312,0.23419808,0.0021895931,0.39694235,0.001669429
4b98_PXG_A_470,0,0.45460022,0.10073795,0.22384045,0,0.40056949,0
4b98_PXG_B_470,0,0,0.11793021,0.28600601,0.98518196,0.33228707,0
4b98_PXG_C_470,0,0,0.11798955,0.28622075,0.98905054,0.3324292,0
4bbx_LKF_A_1760,0.97978534,0,0.10592314,0.25212338,6.3422381e-09,0.10281077,0
4bbx_LKF_B_1760,0.89580478,0,0.11046188,0.26764333,0.31252281,0.13645955,0
4bdr_CYS_B_804,0,0.64059435,0.099981759,0.22098101,0,0.44882716,0
4bq5_GAL_C_1,0,0.6310171,0.11878759,0.28262792,0.99531233,0.9216196,0.99557529
4bu7_25F_A_2165,0.99542246,0.39846615,0.11942661,0.30036851,0.992241,0.284372,0
4bu7_25F_C_2165,0.99673568,0,0.12127,0.30742662,0.99359914,0.16238419,0
4buf_F36_B_2162,0.97541797,0,0.12110574,0.30663623,0.98739917,0.16555382,0
4buv_16I_A_2165,0.99517154,0,0.12041637,0.30434469,0.93846317,0.15918249,0
4buv_16I_C_2165,0.9953134,0,0.12094494,0.30624526,0.97277691,0.16131389,0
4bux_F35_C_2165,0.80383236,0.32403372,0.11861658,0.29571625,0.96013428,0.29499449,0
4bvh_OCZ_A_1393,2.4791712e-05,0,0.11811335,0.28672536,0.99762243,0.32903929,0
4bvh_OCZ_B_1392,0.9877122,0,0.12129463,0.30743038,0.99709252,0.16411007,0
4bvh_OCZ_C_1394,0.98447356,0,0.12130463,0.30743591,0.9984219,0.16473426,0
4bz6_SHH_A_700,0.95973613,0.93972826,0.10345912,0.23932529,1.3235952e-05,0.57454925,0.48393553
4bz6_SHH_B_700,0.97872213,1,0.103404,0.23899981,8.8375209e-09,0.6059272,0.52586251
4bz6_SHH_D_700,0.98935604,1,0.10323152,0.23883616,3.2331249e-09,0.57936119,0.46611149
4c2p_X8Z_A_709,0.98923888,0.94641592,0.11693429,0.29089965,0.9800801,0.43232366,0
4c2z_646_A_1498,0.95322667,0.82458124,0.10477944,0.24702792,0.16038667,0.34767129,0
4c2z_646_B_1498,0,0.34996389,0.10415927,0.23621119,0.19502984,0.38615482,0
4c67_L5S_A_1170,0,0.98503551,0.11384017,0.27045743,0.99747818,0.60957008,0
4can_M7K_B_800,0,0.45460022,0.10073795,0.22384045,7.1998869e-09,0.40056949,0
4cb5_93G_A_1484,0,0.45453693,0.10074002,0.22384793,0.00011797458,0.40056077,0
4ccu_AWF_A_1500,0.9827705,0.40114078,0.11912495,0.29916396,0.9759741,0.28611905,0
4cdt_M48_B_801,0,0.97329413,0.098539251,0.21548932,1.4228179e-13,0.54357924,0
4cjs_L0Y_A_1217,0,0.98316231,0.098499839,0.21533856,0.000219282,0.54640345,0
4cju_JNS_A_1217,0,0.92148333,0.11406912,0.27133903,0.99445078,0.59128044,0
4cju_JNS_B_1214,0,0.98273282,0.11379787,0.2703076,0.99408154,0.60870095,0
4cjv_IV2_A_1212,0.99438721,0.99705003,0.11744984,0.98529708,0.99615102,0.0012203444,0.0012211086
4cjv_IV2_B_1215,0.9945621,0.99581782,0.11635334,1.1954892e-17,0.97667082,0.05171607,0.052108639
4cjw_CBJ_A_1216,4.6666931e-07,0,0.10275926,0.23155508,2.2569333e-06,0.26638751,0
4cjw_CBJ_B_1218,3.6857397e-07,0.66709005,0.099867073,0.22054436,1.2422221e-05,0.45637379,0
4cld_JUO_A_1270,0.99589984,0.93090171,0.10203135,0.23747389,0.00060131922,0.35777538,0.00020413118
4cld_JUO_B_1270,0,0.45481995,0.10073792,0.22383865,0,0.400732,0.00025177489
4cld_JUO_D_1270,0,0.45400066,0.10076755,0.22394514,0.0016900192,0.40067175,0.00035195309
4cle_JR2_A_1270,0.99282038,0,0.10597349,0.25242667,0.00053617997,0.10066823,0
4cle_JR2_B_1270,0.99593436,0,0.12069396,0.30534927,0.95633931,0.16017785,0
4cle_JR2_C_1270,0.99120331,0,0.10598209,0.25244242,0.0014347363,0.10099463,0
4cle_JR2_D_1270,0.99116582,0,0.10597269,0.25240825,0.0008312329,0.10096299,0
4cle_JR2_D_1271,0,0,0.1027614,0.23156274,0.00014098235,0.2663963,0
4clo_XP0_D_1270,0.9637722,0.38542258,0.11931723,0.29968834,0.98833029,0.28602383,0
4clr_FDB_A_1270,0.14254979,0.99387604,0.11383718,0.27177701,0.96986567,0.58655472,0
4clr_FDB_B_1270,0.1399195,0.99065635,0.11410425,0.27271493,0.98686323,0.58714443,0
4clr_FDB_C_1270,0.15304424,0.99520353,0.11340942,0.27033731,0.94024436,0.58332035,0
4clr_FDB_D_1270,0.99889934,0.99230682,0.11687583,0.29073777,0.98718323,0.44422656,0
4cme_KTZ_A_1270,0.9896458,0.39582929,0.11941502,0.30027466,0.99200478,0.28463819,0
4cme_KTZ_B_1270,0.98976229,0.39707387,0.1193763,0.30013569,0.98978889,0.28479695,0
4cme_KTZ_C_1270,0.99550674,0.40098023,0.11934583,0.30007719,0.98763019,0.28470915,0
4cme_KTZ_D_1270,0.95432119,0.39780811,0.11875225,0.29756046,0.95681769,0.28875987,0
4cmk_FQW_A_1270,0.9571559,0.95357381,0.10201425,0.23655998,0.003509029,0.40770837,0.070685963
4cmk_FQW_B_1270,0,0.41597608,0.10200117,0.2284079,0.072009048,0.39525451,1.1173496e-05
4cmk_FQW_C_1270,0.95793718,0.9273197,0.10307474,0.23907237,0.00060229797,0.39398829,0.37809199
4cno_9PY_B_301,0,0.94810296,0.1170997,1.01325e-57,0.99307578,0.99288681,0.99297493
4cno_9PY_C_301,0,0.92928702,0.10682256,0.24269793,0.42788562,0.73855472,0.43542829
4cno_9PY_D_301,0.99007119,0.97488296,0.11927485,0.29353555,0.92287123,0.83723935,0.96551874
4cpp_ADM_A_422,0.99500518,0.9350857,0.11711074,0.97028445,0.94218556,0.42442545,0
4crg_J4X_A_1493,0,0.036224446,0.11441766,0.27330335,0.77980335,0.34293415,0
4cvb_PQQ_A_1608,0,0,0.1179856,0.28626611,0.98932721,0.32852245,2.7020321e-09
4cx6_Q16_A_800,0,0.45460012,0.10073796,0.22384046,1.8974404e-07,0.40056948,3.8766353e-12
4cx6_Q16_B_800,1.7980389e-11,0.45460023,0.10073795,0.22384045,2.5222448e-13,0.4005695,7.5478345e-09
4cxr_2BG_A_502,0.99651084,0.9942728,0.12026514,0.29650109,0.98196121,0.98565817,0.98467477
4d06_NAR_A_301,0,0,0.11794424,0.28605677,0.98609638,0.33232066,0
4d06_NAR_C_301,0,0,0.11802944,0.2863651,0.99165115,0.33252475,0
4d06_NAR_D_302,1.0028765e-06,0.45460041,0.10073796,0.2238405,5.4518072e-07,0.40056941,0
4d06_NAR_E_301,0.99419914,0.4009111,0.11932595,0.29999356,0.98659306,0.28484211,0
4d06_X8W_B_301,0.99502186,0.98425318,0.10172223,0.23625917,0.0011293498,0.38065084,0
4d06_X8W_D_303,0.99223868,0.035432403,0.1055581,9.4194364e-28,0.0002565592,0.11132952,3.7738387e-08
4d0z_BBK_A_1581,0.93187622,0.9382103,0.10170314,0.23563923,0.0001254788,0.37809275,0.00018220982
4d0z_BBK_B_1580,0.95713481,0,0.10585,0.25164789,1.3578964e-07,0.10659236,9.7915904e-08
4d2c_ALA_A_508,0.99307788,0.97327179,0.11811091,0.28961013,0.85472701,0.81619569,0.92742494
4d3s_BOG_H_1000,0.95094108,0.90953746,0.10196292,0.23682341,2.0973815e-07,0.35962388,5.9587577e-10
4d4u_FUC_A_950,0.98504497,0.96898335,0.12044446,0.29753935,0.99233232,0.85169277,0.99187064
4d4u_FUC_B_950,0.99300574,0.99048334,0.12047967,0.29768929,0.99782195,0.85901758,0.99713997
4d5e_TPP_A_1589,0.36990274,0.52904226,0.10456663,0.24101143,0.19108937,0.3705188,0
4d6z_PK9_A_1600,8.3803221e-06,0.45459451,0.10073829,0.22384175,1.8683987e-05,0.40056798,3.4985896e-07
4d96_5PA_A_501,0,0,0.11774241,0.28532635,0.9729376,0.3318372,0
4d96_5PA_B_501,0,0.45460022,0.10073795,0.22384045,0,0.40056949,0
4d96_5PA_D_501,0,0.023964963,0.11481851,0.27475274,0.80265359,0.34124529,0
4dab_HPA_A_301,0.26485807,0.99653745,0.11372623,0.27449102,0.95683889,8.6265855e-07,7.7131415e-07
4dd8_BAT_A_1000,0,0.023017351,0.11484949,0.27486477,0.80441982,0.34111475,0
4dd8_BAT_C_1000,0.59027314,0.73699132,0.10149832,0.23189929,0,0.37515353,0
4dd8_BAT_D_1000,0,0.45360467,0.10077051,0.22395815,0.0018555858,0.40043235,0
4do1_ANN_A_502,0.99576008,0.9309793,0.10202065,0.2374353,2.6620655e-08,0.35769408,0
4do1_ANN_B_502,0.99638973,0.93128054,0.10202146,0.2374439,1.6661633e-08,0.35766697,0
4do1_ANN_C_502,0.99806827,0.93208352,0.10202363,0.23746682,8.3470383e-08,0.35759469,0
4do1_ANN_D_502,0.99500566,0.93061837,0.10201968,0.237425,4.11256e-08,0.35772656,0
4dt8_ADN_A_401,0,0.45472982,0.10074016,0.22384693,0.00012771171,0.40070658,0.0002270098
4dta_ADN_A_401,0.99050774,0.8954219,0.10309603,0.241276,0.061687314,0.353399,5.8986343e-05
4dta_ADN_B_401,0.98202126,0.86298372,0.10414745,0.2449699,0.12228223,0.35234171,0.0047934545
4dtb_GMP_A_401,0,0,0.11770656,0.28645145,0.98272948,0,0
4dtb_GMP_B_401,0.99279644,0,0.11870531,0.29817422,0.82778591,0.1526279,0
4du7_DP6_A_401,0.98583086,0.94204749,0.11948113,0.29473616,0.94559839,0.79739972,0.8868785
4du7_DP6_B_401,0.98082006,0.96139828,0.11990142,0.29591724,0.9694456,0.82362591,0.93118625
4dvw_0M4_A_512,0.74357877,0.98815446,0.10819311,0.25614225,0.43757487,0.52097877,0.16832069
4dvw_0M4_B_512,0.62514079,0.99097395,0.11237568,0.26798977,0.65702038,0.69914932,0.51498492
4dwv_PFB_A_378,0.99004499,0.98319331,0.11976142,0.29516662,0.95270841,0.84909273,0.98385887
4e7v_CRS_1_101,0,0.54841184,0.105602,0.23957035,0.27938768,0.56016301,0.27925035
4e7v_CRS_3_101,0.99789088,0.97780262,0.11349258,0.27684497,0.69783633,0.54319114,0.29191525
4e7v_CRS_A_101,0.99772182,0.87969445,0.10498979,0.24789388,0.16944603,0.37369822,0.044329111
4e7v_CRS_C_101,0.039583284,0.83753615,0.11732775,0.2776319,0.96273961,0.9626923,0.96299322
4e7v_CRS_E_101,0.25271518,0.46031391,0.10622622,0.24563099,0.29467062,0.39964316,0.049165754
4e7v_CRS_G_101,0.99448582,0.99519348,0.12021281,0.29679298,0.99424206,0.92394001,0.92393251
4e7v_CRS_K_101,0.99652202,0.9820967,0.12030704,0.29667879,0.98189861,0.98183247,0.98171348
4e7v_CRS_Q_101,0.99832261,0.63249052,0.11718814,0.2910445,0.86585662,0.41549453,0.1888693
4e7v_CRS_S_101,0.18070844,0.41195512,0.10655336,0.24617435,0.31859733,0.40018147,0.047936036
4e7v_CRS_U_101,0.99700699,0.99039757,0.11744233,0.29149248,0.97613473,0.53132552,0.21217742
4e7v_CRS_Y_101,0.99746277,0.98949961,0.10705322,0.25373252,0.28434399,0.51782534,0.28516806
4ea0_651_A_306,0.82475567,0.84916926,0.10180038,0.23510065,4.7640612e-07,0.36505715,0
4ea0_651_B_305,0.88660388,0.99105793,0.10132526,0.23380844,9.1467988e-07,0.4006185,0
4eip_K2C_A_601,5.6946077e-06,0.4546076,0.10073796,0.22384049,0,0.40057269,5.3278008e-06
4ejh_0QA_A_502,0.99249055,0.48117183,0.11667273,0.29038469,0.83547295,0.29608498,0
4ejh_0QA_E_502,0.72563523,0.52346279,0.11077188,0.26664809,0.51869388,0.3309884,0
4ejh_0QA_F_502,0,0,0.11702564,0.28399656,0.93840715,0,0
4ek1_CAM_A_502,0.066424545,0.46143962,0.10163894,0.22769572,0.046482637,0.39427385,0
4ek1_CAM_B_502,0.072793645,0.46618009,0.10159177,0.22758246,0.043326237,0.3942329,0
4ekr_0R0_A_203,0.0064548937,0.94166089,0.098727793,0.21620412,0,0.53715343,0.0088247875
4evi_C9M_A_402,0,0.97820645,0.11374731,0.27013012,0.98952122,0.60712544,0
4evi_N7I_B_401,0.99517936,0.99259439,0.11702345,0.29123301,0.99763647,0.44558604,0
4evq_PHB_A_406,0.99542033,0.99270094,0.11700762,0.29117829,0.99658743,0.44551027,0
4evq_PHB_B_402,0.98976449,0.99211104,0.11697048,0.29099225,0.99519428,0.44619902,0
4evs_PHB_A_408,0.9955027,0.98997319,0.99855989,0.2920935,0.99611657,0.44519212,0
4f8n_GAL_A_204,0.98184816,0.96241952,0.11693049,0.28583894,0.80353539,0.80037569,0.80339719
4f8n_PC_A_202,0.9663152,0.92965042,0.1018489,0.23649539,2.5810723e-07,0.36982182,0
4fa2_SB0_A_402,0,0.45460022,0.10073795,0.22384045,0,0.40056949,0
4fh7_TBP_A_202,0.02861531,0.020652629,0.10276274,0.23181705,4.0272779e-05,0.26749855,9.9408767e-06
4fm6_TYR_C_259,0,0,0.10275923,0.23155493,0,0.2663904,0
4fra_GAL_A_402,0.9772443,0.98949227,0.11632459,0.28855631,0.95511636,0.4450281,4.1850984e-06
4fxr_BMP_A_301,0.9869602,0.9526753,0.11565115,0.28626191,0.89895044,0.42939137,0
4fxr_BMP_B_301,0.99338946,0.96170767,0.11483739,0.28338993,0.84727252,0.42764475,0
4g1q_T27_A_601,0,0.45460008,0.10073796,0.22384047,2.6334242e-07,0.40056947,0
4g1x_TQU_A_409,0,0.94765954,0.098650454,0.21591266,3.7308404e-06,0.53627881,0
4gcq_0JM_A_401,0,0.91666671,0.11229609,0.26497269,0.87789235,0.58258819,8.7788002e-09
4gcq_0JM_B_401,0.00023758942,0.97055429,0.098551934,0.21553966,2.3658596e-06,0.54275948,1.3648693e-07
4gh8_MTX_B_201,0.97815095,0.39666159,0.11919319,0.29936917,0.98020355,0.28600536,0
4ghf_4NC_A_402,0,0.93823821,0.098736433,0.21623034,0.002936082,0.5337798,0
4ghf_4NC_C_402,0,0.45334374,0.10077904,0.223989,0.002341934,0.4003964,0
4gim_PSU_A_400,0,0.86227518,0.10253517,0.22995034,0.22835766,0.52630339,0
4gim_PSU_B_400,0.97830455,0.91511043,0.10355229,0.24274203,0.10406538,0.37021507,0
4gim_PSU_C_400,0.94561269,0.79013062,0.10239372,0.23838801,0.00043871067,0.33357077,0
4gmu_OXL_A_705,0,0.24037617,0.10774348,0.24917071,0.39934617,0.37107667,3.5458718e-05
4gnp_PEP_A_703,0.99025742,0.95707198,0.11470377,0.28288467,0.83794124,0.4262615,3.2525816e-07
4gps_CIT_A_501,0,0.76290794,0.10494318,0.23854474,0.35115921,0.5161659,0.025188863
4gt9_MEF_A_304,0,0,0.1027593,0.2315552,4.637946e-06,0.26638774,0
4gt9_UMP_A_302,0.49790126,0.69279992,0.10137933,0.23063816,0,0.37913087,0
4h0x_LAR_B_403,0,0.98401795,0.11384458,0.27047423,0.99747829,0.60928029,0
4h4c_10D_A_402,0,0.92458211,0.11111098,0.26070702,0.80311995,0.58014637,0
4h9g_14J_A_512,0.0034863285,0.97718225,0.10870692,0.25400415,0.67832617,0.010239809,0.0097244858
4h9x_HL4_B_404,0.54444563,0.69167149,0.11103826,0.26577387,0.61854745,0.41132582,0
4hey_4MZ_A_303,0.8082825,0,0.10850486,0.24828796,0,0,0.99094859
4hey_4MZ_A_307,0.071537657,0,0.10300576,0.2330862,1.6473936e-05,0.25627518,0.0044113436
4hey_4MZ_A_308,0.8286018,0,0.10543965,0.24896654,0.00030598116,0.12807034,5.9772251e-08
4hez_1MZ_A_302,0,0.45460021,0.10073795,0.22384045,2.7716504e-08,0.40056949,0
4hez_1MZ_A_304,0.22115159,0.56035292,0.1010244,0.22686543,8.9247272e-05,0.39104056,0
4hez_1MZ_A_306,0.19139974,0.99592302,0.098786283,0.21997976,1.0054297e-06,0,0
4hez_1MZ_A_307,0.076795885,0.30255594,1.0005857e-10,2.8098936e-11,0.0004586778,0,0
4hgg_SYN_A_502,0.99810189,0.86131549,0.10224811,0.23829167,1.8623296e-05,0.34505464,3.0795128e-07
4hgg_SYN_B_502,0.99201502,0.94275026,0.10187776,0.23682827,0.00017374498,0.36927313,5.6953334e-07
4hmx_WUB_A_302,0.0001287914,0.45400599,0.10075956,0.22391975,0.0012224197,0.4004736,0
4hon_AKG_A_401,0.99662671,0,0.12473552,0.31394631,0.99502428,0.57527667,0.99503453
4hon_AKG_B_401,0.99329821,0,0.12454966,0.3135482,0.99500132,0.55488366,0.94454028
4hrq_AZG_A_201,0.012747853,0.97877727,0.099269391,0.21798864,0.037300879,0.56197538,0.040063501
4hrq_AZG_B_201,0,0,0.10275923,0.23155495,0,0.26638745,0
4hxk_1AJ_A_201,1.5991157e-05,0.94145401,0.098677599,0.2160161,1.5934067e-05,0.53450958,0
4hzf_CMP_A_301,0.48825785,0.15465615,0.11881184,0.29358367,0.99443786,0.30604711,0
4hzf_CMP_A_302,0.8709495,0.3359855,0.11936213,0.29901573,0.99770562,0.28932766,0
4hzf_CMP_B_301,0,0,0.11807709,0.28653758,0.99475842,0.33263891,0
4i02_CMP_B_301,0.96012242,0.38072713,0.11940897,0.2999872,0.99382756,0.28577468,0
4i02_CMP_B_302,0.18131332,0.006181016,0.11846976,0.28958581,0.99747704,0.31903889,0
4i02_CMP_C_301,0,0,0.11805668,0.28646371,0.9934277,0.33259002,0
4i02_CMP_D_301,0.95881996,0.38887098,0.11907776,1.7903288e-116,0.99357243,0.28810095,0
4i02_CMP_D_302,0.92813279,0.98902808,0.11671623,0.28950285,0.99073737,0.45533059,0
4i02_CMP_F_301,0.52976567,0.17429109,0.11887259,0.29417669,0.99485296,0.30422918,0
4i0b_CMP_A_301,0.53440727,0.17689138,0.11886615,0.29419517,0.99414521,0.30408164,0
4i0b_CMP_A_302,0.97462773,0.38660772,0.11946227,0.30031042,0.99580115,0.28500424,0
4i0b_CMP_B_301,0.89837496,0.35034052,0.11935709,0.29924422,0.99540471,0.28831683,0
4i0g_1B9_A_504,0.80440916,0.81175792,0.10270154,0.2381708,0.052870756,0.36253461,0.00078862754
4i2p_G73_A_601,0.9862799,1,0.12033166,0.29711383,0.99336257,0.8605981,0.99240886
4i4v_NGA_B_201,0,0,0.11585225,0.27849053,0.86158138,0.33688993,1.0038648e-10
4i4v_NGA_B_202,0,0.01574596,0.11508749,0.27572528,0.81798704,0.34011763,8.7304767e-06
4i4v_NGA_D_201,0.98665319,0.98194089,0.11578405,0.28670943,0.91589457,0.43884168,2.39634e-07
4i4v_NGA_D_202,0,0.016521701,0.1150769,0.2756835,0.81738689,0.34049758,0.00052865784
4i6s_FUC_A_101,0.98624321,0.94468373,0.12043356,0,0.99698009,0.99705745,0.99697048
4i6s_FUC_A_102,0,0.92303043,0.11729586,1.116835e-43,0.99747072,0.99744441,0.99747106
4i6s_FUC_B_102,0.97359678,0.96207217,0.12131055,0.99717525,0.99634592,0.99633428,0.99635898
4i6s_FUC_C_101,0.74154165,0.96938942,0.1187914,0,0.99215671,0.81237836,0.82584714
4i6w_1CO_A_501,0.00035806334,0.97878582,0.09961508,0.21834846,0,0.34718919,0.3689567
4i7n_1DJ_A_202,0.99716477,0.99635442,0.1204156,0.29750581,0.99493549,0.85890095,0.99493901
4i7n_1DJ_B_203,0.99866992,0.99500498,0.12043343,0.2975835,0.99533162,0.85841256,0.99523392
4i9n_1E5_A_402,0.88465507,0.35657562,0.11892094,0.29754375,0.97154926,0.29067074,0
4i9n_1E5_B_402,0.99031155,0.40755803,0.1190428,0.29893476,0.97073742,0.28618139,0
4i9n_1E5_C_402,0.8633477,0.3640337,0.11831633,0.29516596,0.93864857,0.29401989,0
4i9n_1E5_D_402,0.8644883,0.46334877,0.11508832,0.28350442,0.754554,0.30757722,0
4i9n_1E5_F_402,0.93713698,0.3865179,0.11883046,0.29768871,0.96253824,0.28907699,0
4i9n_1E5_G_402,0.86354281,0.46146093,0.11513404,0.28366123,0.75722964,0.30742018,0
4i9n_1E5_H_402,0.89727759,0.88386455,0.10189379,0.23609075,8.9851661e-09,0.36193454,0
4i9n_1E6_A_401,0.99021964,1,0.11787427,0.28867822,0.84634554,0.82584578,0.93247842
4i9n_1E6_B_401,0.89919613,1,0.11722177,0.28567465,0.83042756,0.82642603,0.89966543
4i9n_1E6_C_401,0.97730695,0.97467738,0.11823306,0.28987708,0.8655176,0.82147628,0.93120851
4i9n_1E6_D_401,0.94817512,1,0.11559423,0.27982395,0.69695683,0.84205475,0.97723324
4i9n_1E6_F_401,0,0.8334683,0.11480795,0.26851838,0.80910911,0.94202934,0.93153309
4i9n_1E6_G_401,0,1,0.1032358,0.22666813,0.098695396,0.95210772,0.9515381
4i9n_1E6_H_401,0.7574588,0.76217245,0.10959438,0.26125653,0.45163679,0.47281652,0.21311731
4ict_1ED_A_406,0.98235538,0.91819821,0.1022116,0.23800518,0.011869561,0.35739398,0
4iph_1FJ_A_202,0.0023835989,0,0.10284726,0.23189363,0.0052194573,0.26631731,0
4itu_1HS_B_302,7.3478855e-06,0.95851648,0.10601441,0.24236271,0.48153044,0.5696127,1.5778906e-06
4itu_1HS_C_302,7.119074e-06,0,0.1072833,0.24781081,0.29394724,0.2848491,3.3644676e-06
4ixw_IXW_A_302,0.96004684,0,0.1178813,0.29548707,0.78511343,0.0084774878,0.0098413604
4ixw_IXW_B_302,0.00090207446,0.8743118,0.099032272,0.21735841,0.0038590219,0.51566705,0.00044829318
4j0k_EGR_A_501,0.9034004,0.7287984,0.10252942,0.23853612,0.00083448998,0.32317579,2.9673024e-08
4j4b_0TF_B_301,0.97586855,0.41698007,0.11849019,0.29680674,0.94029711,0.28905313,1.0313586e-08
4j5h_1K4_A_303,0,0.77156487,0.11654462,0.2748651,0.90802991,0.92818679,0.92141415
4j7u_YTZ_A_802,0.95283946,0.95988885,0.10169163,0.23577571,0.0011275768,0.38075425,0
4j7u_YTZ_B_802,0.94858893,0.89629386,0.10237034,0.23823349,0.028202588,0.36505264,0
4j7u_YTZ_C_802,0.95342618,0.95107983,0.10173222,0.23593525,0.0011604346,0.37814957,0
4j7u_YTZ_D_802,0.99379934,0.98712551,0.10170262,0.23617455,0.00092071355,0.38165987,0
4jb0_ENO_A_402,0.93883266,0,0.12454127,0.31270572,0.99453131,0.58488986,0.9950233
4jb0_FER_A_401,0,0,0.10275923,0.23155495,0,0.26638745,0
4jh6_FCN_A_202,0.99536604,0.92701857,0.11164538,0,0.64751537,0.40541528,0
4jh6_FCN_B_202,0,0,0.11697568,0,0.95369612,0,0
4jhh_H35_A_201,0.96983172,0,0.10956572,0.25761472,0.00090745135,0.98890399,0.98798569
4jm8_26D_A_302,0.99824273,0.99634861,0.10603784,0.25178498,0.28426601,0.40134035,0
4jmz_1M2_A_302,0.99655803,0.99511189,0.10493525,0.2424948,0.01217083,0.75396741,0.89138669
4jwx_1N4_A_301,0.99003527,0.96906381,0.11694644,0.29092979,0.98708271,0.43908057,0
4jxh_HRC_A_301,0.98481105,0,0.10604382,0.25245554,0.0011788271,0.11239041,0.024936202
4jzx_476_A_402,0.98889299,0.42091821,0.11858194,0.29725564,0.94457069,0.28817646,0
4jzx_476_B_402,0,0,0.11741713,0.28414916,0.95173007,0.33105802,0
4jzx_IPE_A_401,0,0.45446404,0.10074271,0.22385757,0.00027107356,0.4005563,1.0604135e-05
4jzx_IPE_B_401,0.98659831,0.97311959,0.10172595,0.23620371,2.6341609e-09,0.37881925,9.2338681e-06
4k5u_GAL_A_301,0.99269207,0.989861,0.11857143,0.29149673,0.89886766,0.80629839,0.88534041
4k5u_GAL_B_301,0,0.98416174,0,0.27620069,0.98764343,0.98825887,0.98824991
4k5u_GAL_C_301,0.92530297,0.98466455,0.11987446,0.29539721,0.99041217,0.83250808,0.9111077
4k5u_GAL_D_301,0,0.98754743,0.11653821,0.2749864,0.97369752,0.89598039,0.89615582
4k90_MLA_A_704,0.98196275,0.87380436,0.10455255,0.24355262,4.518149e-05,0.17083463,0.77167957
4kcf_FMN_A_502,0,0.45459211,0.10073822,0.22384141,1.5124636e-05,0.40056837,0
4kfj_1R0_A_202,0,0.31133906,0.10141337,0.22643003,0.0002590492,0.35509275,0
4kp7_1UQ_A_503,0,0,0.11711498,0.28431868,0.94422287,0,0
4kp7_1UQ_B_502,0.99343385,0.41758481,0.11876781,0.29796856,0.95483281,0.28722247,0
4kqk_PCR_A_403,0.99598812,0.9984589,0.11741199,0.97751591,0.99456061,0,0
4kqk_PCR_B_703,0.99704905,0.2220073,0.1207301,0.96835646,0.99363817,0,0
4kqx_HIO_A_402,0.81156222,0.95520729,0.11284384,0.27449506,0.75291498,0.45233752,0.005095586
4kux_FPS_A_704,0.86740178,0.62038545,0.11000299,0.26514316,0.46445401,0.32889309,0
4kux_FPS_B_405,0,0.16881618,0.11008228,0.25762756,0.53266792,0.36119996,0
4kux_FPS_C_705,0,0.90848005,0.10000983,0.22083346,0.077290912,0.52997463,0
4kux_FPS_D_704,0,0.22150854,0.10835939,0.25139795,0.43445555,0.36845884,0
4kwk_CSS_A_302,0,0.45460229,0.10073795,0.22384043,0,0.40057102,2.370583e-06
4kwl_3SS_A_302,0.98946674,0.99136081,0.11736411,0.00077627957,0.90050951,0.6277726,0.62750063
4l1x_STR_A_402,0.98821587,0.9838654,0.10168457,0.23606028,7.4621985e-07,0.38160579,0
4l1x_STR_B_402,0,0.45122709,0.10084825,0.22423924,0.006287124,0.40010481,0
4l7p_M95_A_601,0.97495861,0,0.10591449,0.25204696,0.00045034415,0.10364489,0
4l80_OXL_A_402,0.99550802,0.92323582,0.11676272,0.290049,0.94922082,0.44462736,0.052766983
4l80_OXL_B_402,0.98072824,0.95583577,0.10201151,0.23679527,0,0.40239253,0.066336833
4l80_OXL_C_402,0.99606764,0.9239691,0.10657983,0.25335781,0.28365325,0.410371,0.07067587
4l80_OXL_E_402,0.99179727,0.96785202,0.10267169,0.23809501,0,0.48505538,0.26180432
4l80_OXL_F_402,0.99232612,0.93433118,0.1142608,0.28089355,0.78572142,0.44677768,0.073805683
4l8q_XMM_A_303,0.12899927,0.49363298,0.10164574,0.22828318,0.042275572,0.39189045,0
4l91_X29_A_301,0.99558306,0.9896262,0.11671036,0.29011454,0.97637226,0.44333781,0
4lcq_URQ_A_603,0,0.92246362,0.11708101,0.2763096,0.97097524,0.97287356,0.97387911
4lek_1DN_X_202,0,0,0.11753288,0.28456806,0.95927662,0.33133529,0
4lm7_U5P_A_201,0.7553354,0.86152891,0.10318698,0.23938548,0.11201742,0.39267965,0
4lo1_GAL_A_301,0.97194241,0.96615984,0.11971225,9.2426196e-63,0.97033081,0.84396013,0.97187122
4lo1_GAL_B_301,0,0.082064315,0.11373611,0.27064762,0.74117009,0.36436252,0.028775082
4lol_1YE_A_401,0.99795073,0.97465019,0.11551316,0.28584892,0.89386936,0.43349577,0
4lol_1YE_A_402,0.99567078,0.97010127,0.10176831,0.23644393,3.5719712e-09,0.37644115,0
4luu_BTM_A_704,0.00048386375,0,0.10276079,0.23156511,0,0.26630667,0
4lvb_20N_A_601,0.99175998,0.92906544,0.1020155,0.23738071,3.6617963e-07,0.35786629,0
4lvb_20N_B_601,0.99380289,0.93004282,0.10201813,0.2374086,3.032122e-07,0.35777833,0
4lxi_22J_A_301,0.90201603,1,0.11560376,0.28074506,0.75705965,0.76165676,0.75580724
4lz3_BTM_A_409,0.98642741,0.98622247,0.11535397,0.28673331,0.90449749,0,0
4lz7_1YW_B_804,0.19717189,0.95077782,0.099273582,0.22000017,3.3472084e-09,0.5042485,0
4lz7_GLU_A_802,0,0,0.10275923,0.23155495,0,0.26638745,5.3198566e-09
4m2c_DAR_D_402,0,0,0.10578881,0.23722291,0,0.6295081,0.87531709
4m72_M72_A_402,0,1,0.10636482,0.23793821,0.30300305,0.96306568,0.94711027
4m72_M72_B_402,0,1,0.10541294,0.23455691,0.24263483,0.95656076,0.94051593
4mgj_CPZ_A_502,8.6485453e-05,0.98116181,0.098220146,0.21624788,2.4505765e-05,0,0
4mig_G3F_A_802,0.95445049,0.90751478,0.10210079,0.2373506,0.0076048913,0.35919059,0.00043361116
4mig_G3F_C_802,0.95042455,0.90521984,0.10210755,0.23733887,0.0082861636,0.35931108,0.00042972899
4mig_G3F_D_802,0.96683168,0.65767081,0.11120665,0.27021655,0.52596377,0.3368678,0.026031548
4mju_27S_A_501,0.67541437,0.3343113,0.11611123,0.28550117,0.82674956,0.31049397,0.00017287432
4mog_G3F_A_802,0.94564143,0.92957132,0.10179993,0.23611789,0.0008515307,0.37382468,0.0012544621
4mol_2FG_A_802,0,0.10120875,0.11727699,0.28247486,0.94412743,0.44405442,0.17548204
4mol_2FG_B_802,0.0084512268,0.59379972,0.10072826,0.22285129,0,0.50016574,0.1548681
4mol_2FG_C_703,0.0074979064,0.56248266,0.10230471,0.22840967,0.090086444,0.50647036,0.17488794
4mol_2FG_D_802,0.0070901202,0.48373653,0.10482794,0.23753993,0.23393983,0.49484126,0.17331627
4mop_2H5_B_802,0.99591975,0.97505552,2.1252722e-64,0.23762408,0.011108163,0.39328318,0.056191623
4mop_2H5_C_703,0.95564687,0.91563809,0.11104666,0.26945438,0.59579586,0.40524514,0.00051532968
4mr7_2BV_A_501,0,0.44215665,0.10114482,0.2253116,0.02319336,0.39885527,0
4mr8_2BW_A_507,0,0.95022785,0.098647572,0.21589674,0.00041973873,0.53725827,0.00053486694
4mux_2E4_A_402,0,0.079812857,0.11299244,0.26815007,0.69855967,0.34893888,0
4n36_2F8_A_401,0,0.97125361,0.11549111,0.27150369,0.91606176,0.94143773,0.82176799
4n36_2F8_B_401,0,0.96049557,0.11322885,0.26309037,0.75492842,0.94875422,0.871185
4n36_2F8_C_401,0,0.95707559,0.10178539,0.22169859,0,0.91960869,0.91756857
4n36_2F8_D_401,0.95954446,0.9240054,0.11704163,0.28611805,0.80176874,0.76134257,0.82354371
4n4j_HG1_A_605,0.96596352,0.94848261,0.1070131,0.25503006,0.34090253,0.39668871,8.2795518e-05
4n4j_HG1_A_606,0.5819457,0,0.10463844,0.24377161,6.1360333e-09,0.16923074,5.7641084e-08
4n4j_HG1_A_607,3.3184418e-08,0.90865764,0.098820007,0.21655806,3.2952515e-05,0.52517299,2.4527108e-10
4n4j_HG1_A_608,0.0016010646,0.86529873,0.098743121,0.21814092,0,0,0
4n5p_2H0_E_412,0.99056021,0.81941641,0.1055804,0.25025984,0.20330346,0.3428918,0
4n6w_FLC_A_203,0,0.98522969,0.11728082,0.27688091,0.99702905,1,0.99632401
4n9v_AZA_A_401,0.017437472,0.97544483,0.10207707,0.22217167,9.354593e-09,0.99818906,0.99818656
4n9v_AZA_A_402,0,0.69008367,0.099767203,0.22016416,5.1500805e-07,0.46292277,2.7624551e-06
4n9v_AZA_A_403,0,0.027836011,0.10302818,0.23182445,2.6852909e-08,0.32101725,0.11257748
4ndn_PPK_A_406,0.90226474,0.89142737,0.10201902,0.23652095,0.0068493319,0.36776018,0.010142655
4ndn_PPK_C_404,0,0.46248423,0.10074578,0.22380656,0.00051717749,0.40656741,0.009351784
4ni1_2JX_A_203,2.3874317e-06,0,0.10275988,0.23155647,9.7643079e-06,0.26644714,0.00014336016
4ni1_2JX_A_204,0,0,0.10321906,0.2332069,0.029865494,0.26828556,5.4002187e-05
4nir_6DH_A_307,0.99514521,0,0.10597274,0.25244583,1.4013414e-09,0.10024642,0
4nir_6DH_A_308,0,0.45052055,0.10087135,0.22432277,0.0076040251,0.40000748,0
4nir_6DH_B_306,1.003211e-05,0.45193748,0.10082519,0.22415596,0.004971992,0.40020158,0
4nkw_PLO_B_601,0.99066857,0.93584683,0.10174561,1.0041295e-52,2.0627168e-07,0.35986363,0
4nkw_PLO_C_601,7.6450406e-07,0,0.11804382,0.28641715,0.99258858,0.33255908,0
4np7_DPJ_A_403,0,0,0.12027513,0.28802773,0.91772187,0.94195671,0.94365657
4npm_SIN_A_301,0.99523311,0.40064671,0.11907886,0.29916784,0.96441396,0.27490526,0
4npm_SIN_B_301,0.99470736,0.68122719,0.11764779,0.29376066,0.95058507,0.35403315,0
4nr9_ALY_A_2005,0.87533355,0.98503991,0.10137258,0.23387823,0.0037448917,0.40102132,1.0496015e-08
4nv0_MG7_A_403,0.97470418,0,0.1212232,0.30705158,0.99518081,0.16616172,0
4nv0_MG7_B_402,7.2887944e-06,0,0.11092777,0.2609061,0.53074633,0.29971992,0
4o7g_ASC_A_303,0.10506859,0,0.1044717,0.23671941,0.014702431,0.38723556,0.33136759
4o7g_ASC_B_304,0.12732296,0,0.10320392,0.23433714,0.0017570331,0.24602034,0.0018785348
4ocj_NDG_A_401,0,0,0.12138287,0.29258075,0.98777253,0.73848327,0.98846261
4ocu_NDG_A_401,0,0.94216536,0.10209751,0.22224239,3.9679713e-05,0.97972454,0.97923778
4ofu_DHT_A_1001,0.99281794,0.99453362,0.11689067,0.29073192,0.99005079,0.44605615,0
4ovl_1TD_A_308,0.99390769,0.94330338,0.11711828,0.29160749,0.99017838,0.43129198,0
4ovl_1TD_B_308,0.9966803,0.95866923,0.10182113,0.23665383,0,0.37301679,0
4ox5_DAL_A_307,0,0,0.10720739,0.24374242,0.15291809,0.598305,0.59426775
4oxy_1TN_B_302,0.98677158,0.98767604,0.11683371,0.29047685,0.98568679,0.4448385,0
4oxy_1TN_D_302,0,0,0.11798327,0.28619803,0.98864134,0.33241417,0
4p5y_NGA_A_201,0.9865421,0.99005169,0.11066337,0.26271226,0.37464,0.7961281,0.93758387
4p7q_NAG_A_704,0,0.45459146,0.10073824,0.22384149,1.6376658e-05,0.4005683,2.9299448e-08
4p7q_NAG_A_706,0.11122306,0,0.10333189,0.23428938,4.4280901e-06,0.2734007,0.061666058
4p8c_2J3_A_504,0.68942883,0,0.10516993,0.24669051,0.011979095,0.15204265,9.7816295e-06
4p8c_Y22_A_502,0.99552788,0.97189381,0.10176007,0.23641134,2.6849032e-09,0.37697551,0
4p8c_Y22_B_502,0,0.45460021,0.10073795,0.22384045,2.5917568e-08,0.40056949,0
4pb4_PLP_A_401,0,0.94958664,0.098642041,0.21588064,0,0.53682741,0
4pb4_PLP_B_401,0,0.81198516,0.099238649,0.21815196,0,0.49763884,0
4pgi_Y69_A_303,0.96262219,0.9151259,0.10197796,0.23698288,1.5890366e-09,0.35912093,2.9622434e-11
4pik_MAN_A_501,0,0.96623289,0.11461596,0.27306166,0.99454936,0.28940064,0.27597947
4pik_MAN_A_502,0.9902741,0.97879827,0.1017132,3.5409036e-91,0.012903344,0.38646851,0.012946514
4pik_MAN_B_503,0,0.97859407,0.11578359,0.27618934,0.98873006,0,0.72453528
4pik_MAN_D_503,0,0.97858034,0.098918724,0.21642173,0.010066564,0.57537738,0.07149762
4ptx_BGC_A_501,0.99132429,0.98803223,0.11747966,0.29196866,0.99392041,0.50535293,0.14621366
4ptx_BGC_B_501,0.9378411,0.97701658,0.11690801,0.29012625,0.99143986,0.4620237,0.028180783
4pxd_1AL_B_502,0,0.98657202,0.10193196,0.22172517,0,0.96090476,0.99686467
4q3a_2YC_D_904,0.95388296,0.39219863,9.8467243e-25,0.2981812,0.9687919,0.28805158,0
4q40_VAL_A_403,0,0.45461632,0.10073796,0.22384035,5.8593925e-07,0.40058158,1.8802408e-05
4q40_VAL_B_403,0,0.45460075,0.10073796,0.22384047,3.6309704e-07,0.40057,8.2591593e-07
4q40_VAL_D_403,0.99675676,0.73713954,0.10839366,0.26048348,0.36322147,0.33121737,0.00063821345
4qbz_D80_B_901,0.99623849,0.9781326,0.11799041,0.29185574,0.99207644,0.99209185,0.21661766
4qck_ASD_A_404,0.97764501,0,0.12192767,0.94062223,0.99830789,0.16462363,0
4qe1_RUU_A_403,0,0,0.11277682,0.26867279,0.66167179,0.00070058129,0.00069800512
4qpe_37E_A_901,0.99374267,0,0.11579512,0.28772624,0.63849856,0.14058208,9.8130057e-07
4qxc_OGA_A_600,0.99713744,0.98663997,0.10170408,0.23620882,7.3929275e-05,0.38110351,0.00046379457
4qxc_OGA_C_600,0,0.45512466,0.10073787,0.22383616,0,0.40095736,0.00060091925
4qya_LU2_A_201,0.98717476,0,0.105947,0.2522785,2.03726e-11,0.10157712,4.8022599e-08
4qya_LU2_B_201,0,0.45459972,0.10073797,0.22384051,9.3388017e-07,0.40056942,1.862577e-09
4r08_URI_A_901,0,0.4545865,0.1007384,0.22384207,2.557471e-05,0.4005676,0
4r08_URI_B_901,0.98503086,0.691881,0.10965683,0.26494961,0.436084,0.32592505,0
4r08_URI_D_901,0,0.45455668,0.10073938,0.2238456,8.1160254e-05,0.40056349,0
4r2n_PHE_C_402,0.00085510106,0.8765809,0.098966524,0.21712224,0.00033469632,0.51591799,1.0080883e-05
4r2n_PHE_D_402,0.74142151,0.96054985,0.1013355,0.23251029,0.022532918,0.41758343,1.5079407e-08
4r2n_PLP_A_401,0,0.78359268,0.11779223,0.27899191,0.97958681,0.96018743,0.97918659
4r2n_PLP_B_401,0.9848017,0.9714612,0.11992086,0,0.98075028,0.84762344,0.98065689
4rcv_DE2_A_403,0,0.80684301,0.10268556,0.22465355,0.00036552727,0.9059918,0.98782625
4rg3_ECE_A_603,0.39722291,0.98836796,0.11850157,0.64212673,0.97367801,0.97258257,0.97253955
4rii_TYD_A_401,0,0,0.11682297,0.28200044,0.91691665,0.3328001,0
4rii_TYD_B_401,0.94001228,0.36927658,0.11944289,0.29992896,0.99723792,0.28638852,0
4rje_PYR_A_402,0.74839893,0.8933772,0.10456005,0.23861395,0,0.78631979,0.9411885
4rje_PYR_B_402,0.99591366,0.92116628,0.12019104,0.29641652,0.96169063,0.9615893,0.96159897
4rje_PYR_C_402,0,0.280532,0.10645835,0.24451744,0.32609573,0.37712363,0.0010161957
4rje_PYR_D_402,0,0.8902379,0.11541187,0.27383242,0.89271597,0,0.94165
4rkz_3S4_A_402,0.98471835,0.91618871,0.11247244,0.27474755,0.67862861,0.41287509,0.017688802
4rkz_3S4_B_401,0,0.94027835,0.11405531,0.26998222,0.95019174,0.68360989,0.2163614
4rm3_FOA_A_1000,0.97910876,0.99066461,0.10575048,0.24404794,0.040549919,0.98023675,0.98233621
4rm3_FOA_B_1000,0.98819616,0.99223581,0.10496338,0.24248485,0.023662431,0.83188786,0.83713343
4rp9_ASC_A_501,0,0.93065976,0.10206135,0.22245227,0.00059072088,0.93038037,0.96157962
4rql_SNE_B_502,0.98532899,0,0.11190375,1.6834462e-14,0.40531124,0.12786806,0
4rvg_TYD_A_502,0.9743768,0.41227791,0.11861868,0.29725792,0.94773118,0.28856791,0
4s38_CDI_A_900,0,0,0.10283788,0.23183703,0.0050901669,0.26674458,9.0243764e-05
4tq4_DMA_A_403,0.95627539,0.83452901,0.10551196,0.2440068,0.00037300084,0.737245,0.94689402
4tq4_DMA_B_403,0,1,0.10735235,0.24137303,0.36287912,0.97472843,0.96618452
4tq4_DMA_C_403,0.95790485,1,0.10414788,0.24024115,0.0060718716,0.69580661,0.73320581
4tqi_6BD_A_201,0.92487826,0.8970753,0.10192936,0.23646758,1.1004356e-06,0.36075118,7.9810697e-06
4trj_665_A_501,0.87354375,0.97642702,0.10136562,0.23384442,0.0012420697,0.39871001,0
4tyv_BGC_B_701,0.0043567237,0.45628263,0.10088291,0.2243742,0.0079766368,0.40266025,0.004443237
4u2a_A2G_A_303,0.99307719,0.92950045,0.99352688,0.29905811,0.98926857,0.83820459,0.98895915
4u7g_K17_A_303,0,0.95633956,0.0986225,0.21578763,8.8602677e-06,0.53990207,0.0027742723
4u7g_K17_B_303,0,0.96404198,0.098579473,0.21564232,3.2205703e-06,0.54095131,1.6533587e-05
4u8p_UDP_A_603,0.89250141,0,0.10564138,0.25029137,5.873032e-06,0.11738333,0
4u8y_MIY_B_1102,0,0.9426336,0.098672188,0.21599541,0,0.5348472,0
4uc9_ASP_A_1300,0,0.45460024,0.10073796,0.22384045,6.0201099e-08,0.40056952,5.5977424e-08
4uc9_ASP_B_1300,0,0.45460022,0.10073795,0.22384045,2.8807033e-09,0.40056949,2.6568843e-10
4uc9_ASP_C_1300,0.70422773,1,0.10239465,0.23300807,2.171486e-05,0.63697151,0.49024924
4uc9_ASP_D_1300,0,0.45460035,0.10073795,0.22384045,3.2324417e-09,0.40056959,1.4621196e-07
4uch_OLW_B_800,0,0.45459965,0.10073797,0.22384052,1.0721144e-06,0.40056941,0
4ud9_FQI_H_1257,0.99553818,0.99824518,0.1167647,0.291867,0.99684691,0.004033556,0.0041502751
4ug6_H4B_A_902,0.4849042,0.98518447,0.10005355,0.22547255,1.4144579e-07,0.46601008,3.3907886e-10
4ugf_Q16_A_904,0,0.45459987,0.10073797,0.22384049,6.7127896e-07,0.40056945,1.3857501e-08
4ugg_S5D_A_904,0.10672969,0.50566051,0.10087544,0.2252976,6.972228e-09,0.39597394,1.2449659e-08
4umd_CIT_A_1174,0.75898469,1,0,0.23449369,0.013306951,0.60977307,0.44486526
4uoc_NCN_A_400,0.88952884,0.93701261,0.11664523,0.28893349,0.97957049,0.44626036,0
4uoc_NCN_B_400,0,0,0.11751207,0.28449278,0.95792048,0.33128546,0
4upd_7P9_A_1550,0,0,0.11446004,0.27359797,0.76024999,0.31414464,2.2784387e-05
4upd_7P9_B_1550,7.8624181e-05,0,0.10275966,0.23155693,0,0.2663953,5.057529e-05
4uqs_INE_A_904,0.99602178,0.98460568,0.10170784,0.23621632,7.6627665e-05,0.38053091,3.0684545e-05
4ur9_BK9_A_1717,0.99030694,0.99511855,0.10275861,0.23992866,0.072516129,0.3890183,5.7791018e-06
4ur9_BK9_B_1717,0.0012290962,0.99591362,0.098469745,0.21523013,0.0015978673,0.54991711,1.7833965e-06
4ur9_OAN_A_1718,0,0.12161522,0.117855,0.28427318,0.97740844,0.46989292,0.21932456
4ur9_OAN_B_1718,0.89753483,0.90595129,0.10256487,0.23819428,0.038606106,0.39063307,0.048900499
4uy7_HIS_A_800,0,0,0.1045289,0.23486579,0,0.4784978,0.51130064
4uy7_HIS_B_800,0,0,0.11252638,0.26254145,0.47961638,0.58243768,0.68924053
4v2z_Y70_A_151,0.99272155,0.99119661,0.11671997,5.8155913e-45,0.99689397,0.44610655,0
4v2z_Y70_B_151,0.99349922,0.99131937,0.11674016,3.4250439e-52,0.99808184,0.44608641,0
4v2z_Y70_C_151,0.98637397,0.84196239,0.10477234,0.24730039,0.15754756,0.34645388,0
4v36_LYN_A_1851,0,1.1230582e-09,0.10275923,0.23155495,2.1146423e-09,0.26638745,1.9726198e-09
4v3w_E2Z_A_800,0.0007964011,0.45498123,0.10073898,0.22385132,1.0010576e-10,0.4005352,0
4v3w_E2Z_B_800,0.19068595,0.54582581,0.10098359,0.22644383,1.3316878e-13,0.39235894,0
4wbd_CIT_A_602,0.89966864,0.97166556,0.11572287,0.27931478,0.7018558,0.97916952,0.97958002
4wdx_WDX_A_402,0,0.45428696,0.1007482,0.22387748,0.00058387903,0.40052634,0
4wdx_WDX_B_402,0,0,0.11773307,0.28529254,0.97232857,0.33181482,0
4wmz_TPF_A_602,0,0.45459418,0.10073815,0.22384116,1.1269131e-05,0.40056866,0
4wqq_MAN_A_204,0.91004476,0.90842341,0.10228977,0.237273,0.023236129,0.39535696,0.049962727
4wqq_MAN_B_204,0.017094036,0.44466503,0.1015613,0.22692229,0.045734904,0.40120455,0.0073612754
4wqq_MAN_C_204,0,0.44723441,0.10116399,0.22533754,0.024335351,0.40297946,0.0065203781
4ws1_URF_A_301,0.035058805,0,0.10287254,0.23229113,3.8771334e-07,0.26054565,2.7236541e-05
4ws2_6UA_A_303,0.11268026,0.9576682,0.10068857,0.22428474,0.11160692,0.52732638,0
4ws6_WBU_A_301,0,0.96191823,0.098588582,0.21567712,5.1519438e-07,0.54033945,0
4wua_3UL_A_701,0.98708508,0.92682913,0.10200948,0.23731686,0,0.35806761,0
4wxb_CIT_A_501,0.79853253,0.65467485,0.11517852,0.28148958,0.76652937,0.47912329,0.26274747
4wxb_CIT_B_501,0.90996692,1,0.10397621,0.23904228,0,0.71260681,0.7553303
4wxb_CIT_C_501,0.31199923,0.60386318,0.10113986,0.22810009,0,0.38713558,2.1206378e-07
4wxb_CIT_D_501,0,0.44499066,0.10106593,0.22502311,0.018699635,0.39950029,0.00048475968
4x2f_3WJ_A_601,0.99857514,0.98539369,0.11697895,0.29111165,0.99200375,0.4426146,0
4x36_CHT_A_408,0.99463491,0.97509629,0.10247225,0.24036338,0.060996447,0,0
4x36_CHT_A_409,0.99646917,0.97188093,0.11645327,1.9339561e-33,0.98865111,0,0
4x36_CHT_A_410,0.95947472,0.94872947,0.10173615,0.23739761,0.012970805,0,0
4x36_CHT_A_412,0,0.91100396,0.099485334,0.22080493,0.061966186,0,0
4x3j_3WR_A_1201,0.98624027,0.97209732,0.11683828,0.29050271,0.98170602,0.4402404,0
4xf0_CYS_A_502,0.99501274,0.94212112,0.12016239,0.29677394,0.96923581,0.83190765,0.97012731
4xfh_CYS_A_502,0,0.81774772,0.10632919,0.24263501,0.42501001,0.59481326,0.16594253
4xh4_PPI_A_504,0.99779281,0.98414873,0.114465,0,0.86211515,0,0
4xp0_42A_A_404,0.99687933,0.98992031,0.10190045,0.23691171,0.013915543,0.38275776,0
4xp2_TT4_A_401,0,0.98063021,0,0.97678237,0.0023823017,7.861235e-05,7.968525e-05
4xp3_DX4_A_401,0,0,0.10645531,0.064449749,0.018795449,0.98875067,0.98830967
4xpq_FUL_A_1002,0.99573926,0.97736956,0.10173718,0.23632596,9.6600138e-06,0.37850199,4.0538942e-06
4xpq_FUL_A_1003,0.017863074,0,0.106216,0.23832809,0.0014670546,0.66819942,0.97555087
4xti_IMP_A_601,0.96372754,0,0.12021627,0.30333044,0.93205912,0.16402991,0
4xv4_25T_A_303,0.77106562,0.99754875,0.1187703,0.29123763,0.99796524,0.7249455,0.72554105
4xz9_G3P_B_302,0.9904519,0.94481558,0.10775601,0.25889659,0.39112219,0.12698805,0.0074782438
4xz9_G3P_C_302,0.99723439,0.95554234,7.3196906e-99,0.24295336,0.10556462,0.12967404,0.0095464658
4xzh_48I_B_402,0.99490213,0.93056851,0.10201956,0.23742363,6.5610199e-07,0.35773098,0
4y14_C0A_B_404,0.97211292,1,0.11917531,0.29378381,0.95733781,0.79403435,0.83172858
4yjs_4DN_A_701,0,0.45404634,0.10075606,0.22390593,0.001032364,0.40049319,0
4ynu_LGC_A_602,0,0,0.10290293,0.23198135,0.0059438459,0.27302002,0.015088213
4ynu_LGC_A_603,0.003144213,0,0.10276939,0.23162098,2.5022509e-07,0.2658632,1.6143967e-06
4ysx_MLI_A_701,0.99129179,0.47850099,0.11887854,0.29784878,0.96187262,0.33539862,0.075302474
4ysx_MLI_E_701,0.98895814,0.4932154,0.11928299,0.29907355,0.98534629,0.35478683,0.10787287
4yu7_DHC_A_203,0.43601167,0.12943757,0.10367163,0.23880738,0.0042653599,0.23072602,0
4yu7_DHC_B_203,0,0.83104606,0.099156008,0.21783734,1.9919171e-07,0.50306735,0
4yu7_DHC_B_204,0.065174607,0.87599011,0.099171619,0.21846373,1.2759985e-06,0.50498637,0
4ywb_OXD_C_704,0.9971287,0.93161089,0.10202343,0.2374576,5.8043281e-05,0.35763675,9.1255734e-06
4ywd_NTM_A_704,0.044634742,0.47551265,0.10080988,0.22450199,0.00082228475,0.39858684,0
4z1d_PEP_A_300,0.82637592,0.97958178,0.10120842,0.23281,0.00091743283,0.40911529,0.0039833175
4z1d_PEP_B_300,0.88488139,0.94770958,0.10537684,0.24296467,0.04670795,0.76908896,0.91020797
4z2w_AKG_A_401,0.99517206,0.87459617,0.10503137,0.24335393,0.00041255541,0.69025597,0.82176603
4z69_DIF_A_1006,0,0.013462129,0.11516192,0.27599445,0.82222964,0.33979842,0
4z69_DIF_A_1007,0.9943386,0.93029927,0.10201882,0.23741589,0,0.35775529,0
4z69_DIF_A_1008,0,0.44685406,0.10099123,0.22475625,0.014437936,0.39950238,0
4z69_DIF_I_1006,0.97985257,0.92333526,0.10200126,0.23722211,6.2971082e-05,0.35837437,0
4z6p_DHY_C_403,0.98436267,1,0.12039889,0.29731038,0.99711357,0.86303485,0.99694303
4za7_4LV_A_606,0.98510271,0.85111147,0.11694754,0.29099679,0.95496015,0.40429406,0
4zb2_FRU_A_404,0,0.45457354,0.10073883,0.22384361,4.9786474e-05,0.40056584,3.7184125e-08
4zb5_GLC_A_403,0.98060384,0.9856348,0.10199255,0.23672535,4.8949895e-05,0.40414773,0.070965102
4zbc_FRU_A_409,0.99597874,0.93096553,0.10202499,0.23745292,0.00023153372,0.35767187,6.6816229e-06
4zbc_FRU_A_410,0.007092705,0.45799478,0.10074717,0.22393754,4.5660184e-06,0.40026657,4.3647509e-06
4zbc_FRU_B_408,0.0056344966,0.45848921,0.10075294,0.22393438,0.00045318814,0.40135584,0.001646051
4zbc_FRU_B_409,0,0.45460022,0.10073795,0.22384045,2.5275219e-08,0.4005695,1.1156819e-08
4zbc_GLC_A_408,0.087158684,0.49642514,0.10085491,0.22504526,0.00026931061,0.39699791,0.00031172023
4zbc_GLC_B_406,0,0.45392918,0.10084565,0.22420976,0.0061617544,0.40206277,0.003019102
4zbc_GLC_B_407,0.081255711,0.49347407,0.10084264,0.22494986,9.5312856e-07,0.39707147,1.1673423e-06
4zhd_4OZ_A_202,0,0.45459966,0.10073797,0.22384052,1.0505516e-06,0.40056941,0
4zhd_4OZ_B_202,0.017621969,0.45386091,0.10106048,0.22516515,0.017091423,0.3985475,0
4zhd_4OZ_C_202,0.015308782,0.46192378,0.10075768,0.22404949,5.2323397e-07,0.39991029,0
4zib_4OG_A_512,0.078209433,0.97114356,0.11127725,0.26199563,0.81063047,0.58082147,0
4zjz_BEZ_A_1001,0.99225216,0.39724235,0.11941295,0.3002906,0.99169519,0.28454889,7.4747403e-08
4zjz_BEZ_B_601,0.99635403,0.39790523,0.11946074,0.30050031,0.99411853,0.28419366,8.4606511e-07
4zo7_BGC_A_801,0,0,0.11803514,0.2864441,0.99254537,0.32872611,3.7122335e-06
4zo7_BGC_A_802,0.9834413,0,0.10593498,0.25220021,8.2086896e-07,0.10220309,6.3444466e-06
4zo7_BGC_A_805,0.76289475,0,0.10522279,0.2475703,6.2179074e-07,0.13902296,4.6578789e-06
4zsy_RW2_A_502,0,0,0.117715,0,0.98971159,0.33324589,8.2692632e-06
4zsy_RW2_C_502,0,0,0.12145315,0.29279811,0.99101208,0.74113429,0.99436256
4zu3_4SD_A_301,0.9567195,0,0.12172308,0.30190464,0.81227243,0.91686176,0.91845638
4zu3_4SD_B_301,0.93852138,0.17594275,0.1224933,0.30445038,0.91529896,0.92761038,0.92738975
4zu3_4SD_B_302,0.95106907,0.81490058,0.11928168,0.29478107,0.94175236,0.70108251,0.71791004
4zu3_4SD_D_301,0.098106271,0.85714654,0.11626112,0.27463098,0.89565204,0.92454201,0.92144207
4zu3_4SD_E_301,0.98420085,0.30014726,0.12181937,0.30255619,0.90159167,0.91237303,0.91181571
4zu3_4SD_F_301,0.98242217,0.90510997,0.11868482,0.29136351,0.87708507,0.90208511,0.89943864
4zvv_GN0_C_403,0,0,0.11806302,0.28648663,0.99384059,0.33260519,0
4zvv_GN0_D_403,0,0,0.11784671,0.28570383,0.97973805,0.33208705,0
4zvz_4TF_A_503,0,0.49703055,0.10079756,0.22371709,0.0037835134,0.43317215,0.050944493
4zvz_4TF_B_503,0.87903441,0.81991149,0.10729373,0.2510424,0.17897515,0.66358653,0.72124788
4zvz_4TF_C_503,0.97449052,0.97449652,0.10208363,0.2370394,0.0056445703,0.40014303,0.064993554
4zvz_4TF_D_503,0.7568858,0.91475463,0.11080642,0.26417363,0.52164871,0.60893474,0.43304494
5a02_GOL_A_1341,0.9922155,0.86432338,0.10221603,0.23811828,1.4487754e-05,0.3468978,1.0032423e-05
5a02_GOL_B_1342,0.99563457,0.75620879,0.1027018,0.23999469,0.00034967447,0.31565418,0.00024366674
5a02_GOL_E_1341,0.99371558,0,0.10600524,0.2525491,0.0024088277,0.10064092,1.0922324e-05
5a2r_MLT_A_1615,0,0.90303237,0.099587239,0.21932007,0.048298263,0.52660331,2.549425e-06
5a66_3PO_B_1000,0.99077318,0.93241025,0.11476524,0.27720594,0.61127011,0.81740694,0.99432739
5a7p_6Z1_A_1361,0.92192178,0.89504988,0.1019453,0.23649869,0.0011269688,0.36079012,0
5a7p_6Z1_B_1361,0.9926639,0.92879714,0.10203958,0.2374759,0.001306454,0.35773084,0
5a86_D7E_B_1432,0,0.45459877,0.100738,0.22384062,2.7101685e-06,0.40056929,0
5a8k_COM_A_556,0,0,0.10275923,0.23155495,0,0.26638747,4.6477801e-08
5a8k_COM_D_555,0,0,0.10275924,0.23155497,0,0.26638862,2.821489e-06
5abz_Z47_B_201,0.18177379,0.34519826,0.10739265,0.24953748,0.36599928,0.36569164,0
5ack_SVQ_A_600,0.98842987,0.42539244,0.1184278,0.29669415,0.93581828,0.28884329,0
5adi_TUE_B_800,0,0.45459869,0.100738,0.22384063,2.8514416e-06,0.40056928,0
5aew_BNL_I_462,0.99844431,0.94351381,0.1205455,0.29810831,0.99104103,0.83819153,0.9823986
5af9_SJR_H_1250,2.8190952e-07,5.5768495e-07,0.11775976,0.2854546,0.97465303,0.32760094,0
5afy_WCE_H_1248,0.99677034,0.99125566,0.10169135,0.23615812,0.00072854404,0.38232805,0
5ag5_DLR_A_1422,1.8081241e-05,0.45460278,0.10073818,0.22384142,1.1351478e-05,0.40056787,0
5agl_CCW_A_800,0.92788286,0.63699113,0.11048459,0.26742842,0.48746632,0.32460101,2.0071799e-05
5agn_4JK_A_800,0,0.45462007,0.10073805,0.22384062,5.6689466e-06,0.400586,2.6228226e-05
5agn_4JK_B_800,2.7294901e-06,0.45460074,0.10073798,0.22384058,1.4849271e-06,0.40056928,1.6326438e-08
5ahn_IMP_A_1468,0.94831195,0,0.10633792,0.25331821,0.033553405,0.11017264,0
5aov_GLV_A_1336,0,0.92334261,0.098755829,0.21631384,0,0.52935317,0
5aov_GLV_A_1356,0.25342018,0.94675033,0.099211426,0.22205792,6.9610012e-06,1.6504097e-06,1.717509e-06
5av2_KMP_A_300,0.99688126,0,0.10597836,0.25248231,6.8713438e-07,0.099956625,0
5av3_KMP_A_300,0.99742038,0.97086888,0.10253391,0.99591441,7.4367066e-07,0.37490525,0
5av4_GEN_A_400,1.1952507e-06,0.91708029,0.11399185,0.27106549,0.98818979,0.58963304,0
5awd_IDQ_A_901,5.1274426e-06,4.1607498e-09,0.10276,0.23155776,4.8913406e-05,0.26638967,0
5b4o_6DQ_B_201,0.91413971,0.40050572,0.11798374,0.29442027,0.91596001,0.2935098,0
5b4o_6DQ_B_202,0.25459049,0.42742177,0.10593701,0.2449292,0.27767462,0.36908439,0
5b4o_6DQ_C_201,1.2912694e-06,0.12849898,0.11140056,0.26239419,0.6078156,0.35564573,0
5bkd_AKG_A_502,0.9889843,0.98298466,0.11127331,0.2705224,0.62261497,0.4203317,3.7492852e-06
5bkd_AKG_B_502,0.97236046,0.89527235,0.1110759,0.26973832,0.58856697,0.39598748,1.4474867e-06
5bkd_RCF_A_503,0,0.45460022,0.10073795,0.22384045,0,0.40056949,0
5bkd_RCF_B_503,0.78975612,0.83242547,0.10175528,0.23462278,0,0.3665642,0
5bwd_FUM_A_901,0.025442201,0,0.11689568,0.28249223,0.91919363,0.33153632,0
5bwr_4VT_A_402,0,0,0.10275932,0.23155512,1.7144744e-08,0.2663985,2.6624167e-05
5bwr_4VT_B_402,2.370869e-05,0,0.10275933,0.2315555,3.847832e-07,0.26638559,4.9928011e-06
5c38_DA8_A_403,0.8342698,0.85371489,0.10181283,0.23523126,1.167558e-05,0.36464667,4.1242047e-09
5c4i_TPP_C_402,0.10518923,1,0.10932436,0.24926439,0.46208042,0.97607211,0.99666659
5c4i_TPP_F_402,0.12796442,1,0.10931617,0.24945375,0.45696125,0.97160353,0.99580665
5c7v_PYC_A_804,0.0094924231,0,0.1183562,0.99707718,0.97596914,1.7462792e-05,1.7746324e-05
5c8w_PCG_A_302,0.99197156,0,0.12131436,0.30754128,0.99748107,0.16342337,0
5c8w_PCG_B_303,0,0,0.11806138,0.2865384,0.99425099,0.32883169,0
5c8w_PCG_C_302,0.98628668,0,0.12129247,0.30740925,0.99725159,0.16435806,0
5c8w_PCG_D_302,0,0,0.11807545,0.28658896,0.99516523,0.32888911,0
5c8w_PCG_E_302,0.90661575,0.1944693,0.11992731,0.30247791,0.99672699,0,0
5c8w_PCG_F_302,0,0,0.11811431,0.28672858,0.99769005,0.32904768,0
5cak_4Z9_A_802,0.97813324,0,0.12237422,0.30635554,0.88575084,0.49721283,0.81595932
5cfw_53W_A_201,6.2280362e-05,0.44813914,0.10095027,0.22460869,0.012098236,0.39967263,0
5cga_KP6_A_301,0.99670158,0.98172379,0.1169633,0.29104123,0.99034609,0.44177811,0
5cga_KP6_B_301,0.99601473,0.98382462,0.11108892,0.26992512,0.60939695,0.41856546,0
5cga_KP6_F_301,0.99586843,0.9762993,0.11691819,0.29087637,0.98606218,0.44010327,0
5clo_NS8_M_101,0,0.98830412,0.098760461,0.21594316,0.0062618977,0.57101025,0.05487094
5cmb_GLY_A_301,0,0,0.12244859,0.99877593,0.99882663,0.99879572,0.99879427
5cpp_ADO_A_422,0.99587133,0.96500324,0.10531129,0.24918113,0.22872553,0.38932094,0
5cyf_FLC_A_301,0.98374886,0.90850609,0.10461268,0.24621692,0.14918866,0.39401171,0.072548995
5cyf_FLC_C_301,0.99120391,0.59657637,0.11450923,0.28216823,0.71267358,0.34229685,0.05744854
5d41_57N_A_1103,0,0.98561914,0.098485812,0.21528588,0,0.54708937,0
5d8u_0N8_A_203,0.96603555,0.91675888,0.10198236,0.23702948,2.3288307e-08,0.35897398,2.5664386e-08
5d9w_ASC_A_301,0.19998192,0,0.11079737,0.26224574,0.47769333,0.26783939,0.011661129
5dav_58J_A_402,0,0.99097036,0.11345412,0.27116997,0.99450685,0,0
5ddu_PMP_A_601,0.98996833,0.94084043,0.10229982,0.23822878,0.016526033,0.37262199,0.024633794
5ddu_PMP_B_601,0.21266363,1,0.103761,0.23055204,0.08820023,0.91594765,0.95153077
5ddu_PMP_C_601,0.9915381,1,0.10498389,0.24216511,0.00067841933,0.78698721,0.96735237
5del_D59_A_603,0.54678837,0.1908603,0.11861903,0.293413,0.97914902,0.30465692,3.7822159e-08
5del_ORO_A_602,0,0.85510364,0.099456812,0.21889588,0.026322163,0.51157205,0
5di7_5CQ_A_601,0.99054191,0.60468161,0.11260131,0.2756458,0.60352761,0.31331199,0
5di7_5CQ_B_601,0.98966724,0.43962418,0.11798342,0.29509847,0.91039536,0.29066902,0
5did_5CK_A_601,0.99497961,0.99718757,0.11157978,0.27166677,0.64527221,0.42479717,0
5did_5CK_B_601,0,0.99679055,0.10175424,0.22701958,0.21551187,0.56380625,0
5die_5CJ_A_601,0.9934629,0.99384331,0.10417151,0.24503633,0.16329875,0.39382746,0
5die_5CJ_B_601,0,0.05677662,0.11374566,0.27087355,0.74149651,0.34576542,0
5dky_NOJ_A_1000,0,0.99009643,0.11720751,0.2766252,0.99409784,1,0.99427407
5dmm_HCS_A_505,0.55866903,0.48373169,0.10248387,0.23535594,0.0009088102,0.31141364,0.0011430061
5dne_ASN_B_601,0,0.97875276,0.11724404,0.27673897,0.99318145,0.9932311,0.99323185
5dne_ASN_D_601,0,0.9763926,0.11481779,0.27327973,0.99412384,0.34306394,0.34525333
5dnx_5LD_A_203,0.93684412,0.97989056,0.10157263,0.23517939,0.0023865991,0.38920021,0
5dnx_5LD_B_201,0.98986377,0.98562376,0.10194968,0.50427798,3.4394565e-05,0.38132321,0
5dnx_5LD_B_205,0,0.91687414,0.10368547,0.23403295,0.3184792,0.54751315,0
5dr9_SKE_A_401,0,0,0.10275923,0.23155495,0,0.26638745,0
5dt0_SKE_A_401,0.96918022,0,0.1058889,0.25190075,0,0.10458131,0
5dw3_TRP_A_402,0,0.62046915,0.10972742,0.25296909,0.5162837,0.68994715,0.50745142
5dw3_TRP_B_402,0,0.89815295,0.10180672,0.22405813,0.065077692,0.74962907,0.54824948
5dw3_TRP_C_402,0,0.74530404,0.1012257,0.22326377,0.030468958,0.62540891,0.35183236
5dw3_TRP_D_402,0,0.62825079,0.10878609,0.2497263,0.46244041,0.6783169,0.48326717
5dz2_212_A_404,0.98873409,0.9652972,0.10191794,0.2369209,0.0098241803,0.37684806,0
5dzh_5KG_B_901,0,0.20575678,0.10887443,0.25326022,0.46381498,0.36628888,0
5e4o_L57_A_201,0.0010655202,0.96973711,0.11197576,0.26378247,0.87180585,0.59714236,0
5e4o_L57_B_201,0.98319123,0.97697248,0.11219247,0.27377632,0.68185981,0.42330595,0
5e4r_40E_A_504,0.66599474,0.94907426,0.10257624,0.23600406,0.10567557,0.45069993,0.044764487
5e9m_BAE_A_2001,0.99808118,0.98347443,0.10194071,0.23706148,0.014004822,0.38157293,0.0020392714
5edh_5MF_B_803,0,0,0.11808531,0.28656731,0.99529393,0.33265859,0
5edh_5MF_C_803,0.98998004,0.39417827,0.11947466,0.30049332,0.99538012,0.28437432,0
5edh_5MF_D_803,0,0.45460022,0.10073795,0.22384045,1.1401345e-08,0.40056949,0
5eo7_SFU_A_401,0,0.90897838,0.11589512,0.27347558,0.94221486,0.89316072,0.7441878
5eo7_SFU_A_403,0.01341422,0.93299468,0.10077771,0.22021606,0,0.77202568,0.58374412
5eo7_SFU_A_405,0.86463364,0.95290717,0.11892621,0.29130814,0.9272411,0.83947827,0.93485937
5eo7_SFU_B_401,0.94623429,0.93659269,0.11587057,0.28417182,0.82249309,0.60155246,0.42122763
5eo7_SFU_B_402,0.97909445,0.94413689,0.12056343,0.29790901,0.99336824,0.84741495,0.9960647
5eo7_SFU_B_403,0,0.92059197,0.10947873,0.25144829,0.56777105,0.80066374,0.56993597
5eo7_SFU_B_404,0,0.95250126,0.1022081,0.2225084,0.0061792143,0.99570935,0.99585731
5eo7_SFU_B_405,0,0.95929019,0.11717647,0.27674322,0.99098463,1,0.96055797
5eo7_SFU_C_401,0.84803217,0.8047914,0.1184614,0.28967539,0.86090734,0.79200864,0.92547719
5eo7_SFU_C_402,0,0.90657278,0.11679123,0.27523511,0.94458545,0.99440657,0.98953764
5eo7_SFU_C_403,0.70668546,0.73820063,0.11783676,0.2868825,0.85826809,0.7465781,0.80519618
5eo7_SFU_C_404,0.96825835,0.98627008,0.10517551,0.2425126,0.0090471548,0.79689528,0.99002
5eo7_SFU_C_405,0,0.89753061,0.11649908,0.27424966,0.92516502,0.98672111,0.98015925
5eo8_TFU_A_401,0,0,0.1210885,0.29171917,0.97604573,0.7240963,0.9555576
5eo8_TFU_A_402,0.86508143,0,0.10899724,0.25625605,0.0036373978,0.52833066,0.97902047
5eo8_TFU_A_403,0.9876577,0,0.12441601,0.31280617,0.97962171,0.56939528,0.97957955
5eo8_TFU_A_404,0,0,0.12125373,0.29222914,0.98362263,0.73039898,0.96960337
5eso_ISC_A_602,0.98798575,0.96478305,0.1193952,0.29582944,0.99596121,0.70736637,0.65527448
5eso_ISC_B_602,0,0,0.12099921,0.29136111,0.96883954,0.72623528,0.96180469
5ew8_5SF_A_803,0.98966429,0.3970337,0.11937595,0.30013356,0.98977639,0.28480209,0
5ewc_5SJ_A_801,0.99223491,0,0.1212273,0.30723093,0.99176909,0.16302066,0
5ezp_IPJ_B_201,0,0.45460022,0.10073795,0.22384045,2.4363858e-09,0.40056949,0
5ezp_IPJ_C_201,0,0.45443927,0.10074322,0.22385948,0.00029999675,0.40054732,0
5ezp_IPJ_F_201,0.99677704,1.7026874e-07,0.10753576,0.25807737,0.10121426,0.10633082,0
5ezp_IPJ_G_202,0.99217538,0.98536504,0.10169085,0.23611864,6.8820985e-07,0.38137184,0
5f79_4V7_A_4000,0.96011011,0,0.10586285,0.25172196,0.00021057915,0.10611176,0
5faj_DCS_A_401,0,0.94322705,0.09866962,0.21598564,3.6731228e-07,0.53501623,0
5faj_DCS_B_401,0,0.9597297,0.11386398,0.27056645,0.99189618,0.60201247,0
5faj_DCS_C_401,0,0.94729317,0.098651985,0.2159185,0,0.53617423,0
5fal_SKT_A_502,0,0,0.11809385,0.28665506,0.9963605,0.32896418,0
5fay_CHT_A_908,0.98010434,0.96037222,0.11700259,0.29104636,0.99036631,0.43846944,0
5fay_CHT_B_906,0.98960278,0.96335208,0.1168645,0.29220604,0.9954769,0,0
5fe1_12Q_A_901,0.99711882,0.99322233,0.11691442,0.29085886,0.99032203,0.44498169,0
5fe1_12Q_B_901,0.99708093,0.99310914,0.11686881,0.29069472,0.98733452,0.44476815,0
5fe4_5WY_A_903,0.9972424,0.99298581,0.10233125,0.23846025,0.042694497,0.38537766,0
5fe4_5WY_B_904,0.99617209,0.99050938,0.10174478,0.23634517,0.0041152133,0.38242809,0
5fes_9SE_A_409,0.00058938415,0.97577998,0.10020123,0.22339435,0.12730118,1.186284e-07,1.1477818e-07
5fh3_OXL_A_703,0.99741032,0.68061426,0.10471295,0.24730929,0.10940755,0.30057994,7.311055e-06
5fiu_Y3J_A_1299,0,0.787054,0.11796652,0.2795548,0.98959908,0.96598025,0.98930789
5fiu_Y3J_C_1299,0.98945543,1,0.12015922,0.29657482,0.98340815,0.85590761,0.98388759
5fli_QUE_A_301,0,0.98549107,0.098486368,0.21528799,4.0423739e-08,0.5470529,0
5fli_QUE_D_301,0,0,0.11707343,0.28290606,0.93119399,0.33174486,0
5fli_QUE_E_301,0.99697999,0.93156293,0.10202222,0.23745196,0,0.35764156,0
5fli_QUE_F_301,0,0,0.11768353,0.28511327,0.96909891,0.33169617,0
5fli_QUE_H_301,0,0.45460022,0.10073795,0.22384045,0,0.40056949,0
5fli_QUE_J_301,0,0.45460022,0.10073795,0.22384045,0,0.40056949,0
5fli_QUE_K_301,0.99383522,0.42629644,0.11848976,0.2969668,0.93895326,0.28837884,0
5fqf_NGA_A_1588,0.96236063,1,0.11996516,0.29596408,0.98934478,0.83707711,0.92670362
5fqf_NGA_A_1589,0.51472543,0.702756,0.10140125,0.23085408,3.0577442e-05,0.37982693,0.0022042294
5fqf_NGA_B_1585,0.9868576,1,0.12024566,0.29683444,0.98856648,0.85851643,0.98834972
5fqf_NGA_B_1586,0.11588472,0.51084458,0.10088718,0.22541625,3.8888974e-06,0.39617579,0.00092392153
5fuv_THM_A_1388,0,0,0.11791116,0.28718911,0.99604766,0,0
5fuv_THM_B_1385,0.97727579,0,0.12121873,0.30705968,0.99435105,0.16568027,0
5fv3_OGA_A_1770,0.99799561,0.98032821,0.10173325,0.2363298,9.6099507e-05,0.37900781,8.7153091e-05
5fwd_GJV_A_1446,0.97693357,0.98077474,0.11995196,0.29581479,0.9703424,0.84582612,0.96969867
5fwe_OGA_A_1358,0.99620838,0.53719819,0.11491342,0.28405458,0.73491417,0.30357649,0.00033973026
5fwe_OGA_B_1359,0,0.45504602,0.10073789,0.22383681,0,0.4008992,0.00051081234
5fzn_FB2_A_1615,0.92541509,0.99330165,0.1014863,0.23474946,0.0029536857,0.39496336,0
5g03_OE2_A_1263,0,0.76206723,0.1014048,0.22374106,0.040872468,0.64116597,0.37743604
5g09_6DF_A_1475,0,1,0.10574044,0.2354465,0.25308546,0.97720189,0.98866
5g09_6DF_B_1474,0.98969785,1,0.12032703,0.29713379,0.99251462,0.8596605,0.99165245
5g09_6DF_C_1475,0,0.87954333,0.11489478,0.26845918,0.81448353,0.97784127,0.98763188
5g09_6DF_D_1476,0.9898245,1,0.11730658,0.28630169,0.79698222,0.84598593,0.98832998
5g0v_JDD_B_1271,2.0925589e-10,0.91805016,0.09877923,0.21640263,2.2011629e-05,0.52786116,3.346712e-05
5g21_YN4_A_1002,0.95834817,0.91294372,0.11565896,0.28605816,0.89426831,0.42255868,0
5g44_I6G_A_1510,0.99529456,0.0014132077,0.12090228,0.0012266449,0.98994113,0.163553,0.00043100361
5g4r_LF1_A_1739,0.93962611,0.56336641,0.11309016,0.27695538,0.6351329,0.31316837,0
5g4r_LF1_B_1739,0,0.14385694,0.11089838,0.26057839,0.57918902,0.35776158,0
5g4r_LF1_C_1739,0.98728553,0.39230253,0.11949038,0.30052589,0.99647359,0.28440953,0
5g4r_LF1_D_1739,0.36085273,0.092321515,0.11869294,0.29200775,0.99701573,0.31134238,0
5g6g_H8B_A_1367,0.99125968,0.98773209,0.10167762,0.23606032,2.3138427e-07,0.38219881,0
5g6i_M85_A_904,0.96293771,0.98884147,0.10158142,0.23544769,4.55622e-06,0.38724343,0
5g6k_M94_A_904,0,0.98335847,0.098495766,0.21532374,9.852619e-06,0.54644616,0
5gnx_BGC_A_502,0,0.40942961,0.10223436,0.22924656,0.085306647,0.39470648,0.00068479845
5gnx_BGC_B_503,0,0.45480277,0.10073792,0.22383879,0,0.4007193,0.00023209025
5goo_FRU_A_501,0.97635857,0.97909459,0.10166703,0.23589033,4.2896074e-06,0.38222851,3.892378e-06
5goo_FRU_B_501,0,0,0.10608522,0.23777753,2.9199673e-06,0.66502957,0.96094262
5goo_FRU_C_501,0.99390848,0,0.10929595,0.25864465,4.083696e-07,0.49924495,0.96130441
5gri_CIT_B_401,0.71560247,0.55984175,0.10367844,0.24003922,0.028861052,0.37907309,0.1709131
5gwt_SIN_A_302,0.99381726,0.92157752,0.10229517,0.23841043,0.015791442,0.35661059,0
5gwt_SIN_B_302,0.99454225,0.91594078,0.10249175,0.23912774,0.026944133,0.35575508,0
5gwt_SIN_C_301,0,0.0023640959,0.11552479,0.27730653,0.84291507,0.33826956,0
5gwt_SIN_D_301,0.99502357,0.72629482,0.10345554,0.24389893,0.049835931,0,0
5gwx_SAR_A_302,0,0.89604445,0.11441125,0.24559886,0.82752785,0.82748064,0.82482136
5gzz_GSH_C_301,0.9453332,0.90685888,0.10195569,0.2367468,2.5837688e-08,0.35986845,4.7908883e-06
5gzz_GSH_D_301,0.98052436,0.83232286,0.10231677,0.23840021,1.8636896e-07,0.33973092,7.0259186e-10
5gzz_JAA_A_601,0,0.45456494,0.10073911,0.22384462,6.5754048e-05,0.40056463,0
5h24_LQG_A_501,0.99173182,0.9911564,0.10166435,0.23601388,3.2715486e-06,0.38309542,0
5h24_LQG_B_501,0.93618506,0.99551025,0.1014661,0.23477595,3.6062827e-06,0.39360902,0
5h5k_C5P_A_206,0,0.97518633,0.10698746,0.24584352,0.54945172,0.57862662,0
5h8q_5YE_B_302,0.98891678,0.99544219,0.11693182,0.2908423,0.99379881,0.44720161,0
5h8q_GLY_B_301,0,0,0.10275923,0.23155495,0,0.26638745,0
5h9i_XAN_A_301,0,0,0.12129411,0.29142782,0.97615154,0.97845374,0.97503983
5ha7_WY1_B_402,0,0.45448509,0.10074172,0.22385406,0.00021459129,0.40055363,0
5hc0_NPO_A_402,0.9968218,0.96444565,0.10202825,0.23739402,0.015055082,0.37558381,0
5hc0_NPO_A_407,0.0024416399,0.94634404,0.098663985,0.21598543,0,0.53549628,0
5hfa_FP1_A_608,0.0055357731,0.99015668,0.098827808,0.2165625,0.022337836,0.54886038,0
5hfa_FP1_B_609,0.0041199842,0.45566723,0.10077282,0.22400358,0.0016849908,0.40026756,0
5hgz_MLA_A_302,0.87498562,0.95220147,0.11499596,0.018603516,0.9124851,0.00057554326,0.00056184696
5hgz_MLA_A_303,0.97848244,0.6770346,0.10304571,0.24103703,0,0.30330614,0.017982742
5hpu_IPH_A_101,0.99360749,0.98832659,0,0,0.98905824,0,0
5hpu_IPH_C_101,0.99534277,0.97854959,0,0,3.1054782e-07,0.37931067,0
5hss_64Z_A_402,0.97133303,1,0.1051808,0.24701951,0.18064841,0.49995809,0.24374141
5hss_64Z_D_403,0,0.56807958,0.10434796,0.23527654,0.19179703,0.37402607,0.37296076
5hss_64Z_E_402,0.90557479,1,0.1096176,0.25880449,0.35492486,0.79985757,0.80329013
5hss_650_C_401,0.99721166,0.96225441,0.10616652,0.25226907,0.28323102,0.39175073,3.1785392e-05
5htd_MYR_A_201,0.98150334,0.97166517,0.1017698,0.23625054,0.0010852526,0.38379331,0.010783164
5hxi_5HN_A_403,0.99486855,0.98846321,0.11195718,0.27302985,0.6673586,0.42371827,2.2305846e-07
5hyv_TPP_A_701,0.85123816,1,0.10394227,0.23835345,0.009534525,0.72408575,0.75792227
5i0d_GLC_A_1124,0.90418987,0.9889307,0.10139138,0.23421313,7.9565379e-06,0.39707736,6.2300799e-07
5i0d_GLC_B_1122,0.98080117,0.92381448,0.1020017,0.23723221,1.8145499e-05,0.35833784,1.5495395e-06
5i0m_UMP_A_201,0.98195797,0,0.11696212,0.29180884,0.71679683,0.14746669,0
5i0m_UMP_B_201,0,0,0.11096697,0.26104689,0.53329478,0.29988119,0
5i3p_68T_A_1003,0.63926864,0.31260693,0.11620402,0.28551269,0.83469176,0.31135174,0
5i5s_NVU_A_402,0.96649614,0.99177429,0.11358301,0.27860205,0.77987337,0.4364804,3.8294434e-05
5i5s_NVU_B_402,0.99564549,0.93094365,0.10202675,0.23745471,0.00035780691,0.35782872,0.00024191423
5i5t_67X_A_402,0.96197103,0.990089,0.10806333,0.2532063,0.21340523,0.78543667,0.92630777
5i7r_68W_A_402,0.8057277,0.98304264,0.11639777,0.28721477,0.99404188,0.47426921,0
5i8s_LEA_A_202,0.99427968,0.98192232,0.11826,0.0038790077,0.8744518,0.84003746,0.97513702
5i93_69O_A_202,0.67255295,0.98940062,0.11115612,0.2641176,0.56977725,0.68089978,0.50436265
5i95_AKG_A_508,0.8047017,0.92387108,0.10135299,0.23319995,6.5355906e-06,0.39525624,0.0002370638
5i9m_69K_A_302,0,0.22536015,0.10825371,0.25101108,0.42843656,0.36936398,0.00071310436
5i9m_69K_B_302,0.99556728,0.7233403,0.10882863,0.26204463,0.38810506,0.32951836,0.00077597292
5i9m_69K_C_302,0,0,0.11796647,0.28613307,0.98740314,0.33265256,0.00061655009
5iav_MLI_A_302,0.98892606,0.64405971,0.11397452,0.2817643,0.71451342,0.00011500955,5.400759e-05
5ice_2H4_A_402,0,0.036578582,0.11440608,0.27326148,0.77914328,0.34298294,0
5icf_SAU_A_402,0,0.9098824,0.10379659,0.2344387,0.32372939,0.54585166,0
5igs_GMP_A_403,0.97818636,0.39086227,0.11938341,0.30005729,0.99104438,0.28520259,0
5ihe_D5M_B_701,0.56347226,0.73381737,0.1014668,0.23146968,0.00025643383,0.38352572,0.011212512
5ijz_AKG_A_502,0,0.47492313,0.10073486,0.22367436,0,0.41560009,0.023286878
5ijz_AKG_C_502,0,0.45460022,0.10073795,0.22384045,0,0.40056949,0
5ijz_AKG_E_502,0.97827861,1,0.10287825,0.23800968,0,0.54315143,0.37438243
5ijz_AKG_H_502,0,0.19424472,0.10925084,0.25462124,0.48527209,0.36470299,0
5in3_G1P_A_416,0.98500283,0.98369825,0.11673895,0.29011774,0.97856571,0.44394851,0.00095174312
5in3_G1P_B_418,0,0.029633246,0.11524074,0.27613716,0.82688479,0.35326151,0.021391389
5ioq_DUR_B_302,0.00010326938,0,0.10276543,0.23157819,0.00038103628,0.26639414,0
5ioq_DUR_B_303,0.94775038,0,0.1058197,0.25145088,1.3671399e-09,0.10815906,0
5ioq_DUR_D_302,0,0,0.1027662,0.23158001,0.00045323262,0.26641591,0
5ip6_6C9_A_301,0.88842373,0,0.11953627,0.30017997,0.90367597,0.17481938,0
5irw_D9P_A_202,0.92349947,1,0.11595274,0.28074392,0.73171199,0.93181556,0.93168131
5irw_D9P_B_202,0.92073588,0.97439807,0.12003089,0.29550445,0.98274255,0.85919433,0.98180725
5ita_6DC_A_801,0.97928989,0.98794143,0.11695,0.29082418,0.99488663,0.44674096,0
5iuy_BOG_B_503,0.86112427,0.3762839,0.11787814,0.29356155,0.91383303,0.29594975,3.6326165e-12
5ivg_FPS_A_704,0,0.4472866,0.10097709,0.22470511,0.013631731,0.39956197,0
5ivg_FPS_B_704,0,0.45424571,0.10074955,0.22388236,0.00066076776,0.40052065,0
5ivg_FPS_C_704,0,0.049627227,0.11397942,0.27171879,0.75482214,0.34478052,0
5ivg_FPS_D_704,0,0.45460022,0.10073795,0.22384045,0,0.40056949,0
5j4k_6FZ_A_404,0.98689663,0.96632288,0.11742354,0.28788483,0.84280335,0.77593065,0.77373321
5j5i_6GM_B_302,0.95485162,0.99110342,0.11687983,0.29033966,0.99634598,0.45181314,0
5j5i_6GM_C_302,0.94990699,0.99640057,0.11681775,0.29006526,0.99484226,0.45405283,0
5j5i_6GM_F_302,0,0.99197501,0.098458272,0.21518102,1.1065327e-06,0.54889958,0
5j5i_6GM_F_303,0.95778132,0.98841696,0.11683541,0.29021005,0.99208838,0.45029153,0
5j5i_6GM_G_302,0.89147907,0.98368478,0.11668476,0.28905057,0.99487807,0.46018829,0
5j61_A3G_A_501,0.98920645,1,0.10973207,0.25912298,0.30661128,0.81224814,0.98098989
5j61_A3G_B_501,0.95025229,1,0.11197372,0.26697856,0.46672228,0.81720982,0.95303339
5j61_A3G_D_501,0.97440373,1,0.11870664,0.29120196,0.8917282,0.85350783,0.98591974
5j61_A3G_E_501,0,1,0.10183358,0.22142852,0,0.9599071,0.98526916
5j61_A3G_F_501,0,0.78947265,0.11763121,0.2784024,0.97041666,0.96157525,0.98028666
5j61_A3G_G_501,0,1,0.10629319,0.23755436,0.2935875,0.97127527,0.96826855
5j61_A3G_H_501,0,0.78675357,0.11763754,0.2784446,0.97075508,0.95967351,0.97737906
5j6y_GLC_A_309,0,0,0.10657047,0.24176486,0.053104879,0.014803571,0.96221287
5jdv_EVF_B_302,0.9943729,0.98593701,0.11704809,0.29131936,0.99750222,0.44386876,0.00012658825
5je1_TOF_A_302,0.0032439393,0,0.11811956,0.28677791,0.9973506,0.32848478,0
5je1_TOF_B_302,0.0033249225,0,0.11793669,0.2873105,0.9969934,0,0
5je5_AZ9_A_302,0.00041595415,0,0.10276057,0.23156368,0,0.26631801,0
5je7_EVF_B_302,0.99305987,0.99127975,0.11702956,0.29123528,0.99807033,0.44566146,0.00016567211
5jeh_EVF_B_302,0.99037332,0.9302559,0.11645435,0.28919696,0.94396135,0.42553042,0.00064346712
5jfx_6K4_A_4000,0.94136716,0.8724129,0.1020165,0.23691643,0,0.35768581,0
5jg5_EVF_B_301,0.992079,0.98036964,0.11705399,0.29132408,0.99679406,0.44263072,0.0001483911
5jg5_EVF_B_302,0,0.24240474,0.10767911,0.24893751,0.39567733,0.37139234,0.00010441745
5jj2_MLI_A_301,0.9768498,0.95185752,0.11655708,0.28933773,0.92516581,0.20238548,0.20184878
5jj2_MLI_A_303,0.99342226,0.93313281,1.5480729e-09,0.27252683,0.55265081,0.79774644,0.80087995
5jj2_MLI_A_305,0.024031921,0.2272155,0.10187409,0.22838945,0.001456144,0.3271772,1.1302135e-07
5joy_6LW_A_602,0,0.45458866,0.10073855,0.22384255,3.3946291e-05,0.4005719,7.6209818e-06
5joy_6LW_B_602,0.0075773133,0.45822695,0.10074781,0.2239442,5.2882408e-06,0.40024618,5.1831319e-06
5jp9_DCM_A_401,0,0,0.11778322,0.28547405,0.97559846,0.33193496,0
5jtt_6MY_A_902,0,0,0.1203178,0.29083273,0.99699959,0.59438426,0.63970914
5jtu_6NE_A_902,0,0,0.12154332,0.29310976,0.99640524,0.74233179,0.99643267
5k2c_ZMA_A_1201,0,0.99248909,0.11308103,0.26772281,0.95025355,0.60872688,0
5k5m_68T_A_1003,0.33246179,0.60335659,0.10150286,0.2295967,0.01919026,0.38483601,0
5kas_PC_A_517,0,0.45460022,0.10073795,0.22384045,0,0.40056949,0
5kcj_6RM_B_302,0,0.99481248,0.10925609,0.25397694,0.70238409,0.59382106,0
5kcj_GLU_A_302,0,0,0.10275923,0.23155495,0,0.26638763,4.4607011e-07
5kcp_PFB_A_378,0,0.96046529,0.11414335,0.27035318,0.96436567,0.68514583,0.20405932
5kcp_PFB_A_379,0.98490993,0.93027659,7.0490077e-68,0.23775044,0.010325126,0.36428195,0.01043589
5kcp_PFB_B_379,0.91561617,0.045693112,0.11068235,0.26343693,0.14157073,0.49328614,0.86263017
5kf2_COA_A_401,0.91137968,0.96374555,0.10998805,0.26303335,0.46316492,0.56496809,0.36853679
5kjw_53C_B_800,0.99900078,0.99665836,0.10169758,0.23619644,0.0021873312,0.38358597,0
5kjz_PCG_A_401,0.9532402,0,0.10583742,0.25156612,0,0.10724252,0
5kmj_6UF_A_901,0.00087032259,1,0.10174567,0.22129372,0.00062762797,0.94776874,0.95626855
5kts_CIZ_A_402,0,0.023160639,0.10295441,0.23172568,0,0.30841358,0.085405541
5kxb_NGA_A_307,0.98461004,1,0.11018057,0.26065745,0.33543723,0.81718639,0.98667984
5kxb_NGA_B_305,0,1,0.10675053,0.23934582,0.32887604,0.96318177,0.94351
5kxb_NGA_C_305,0,1,0.10644313,0.23801496,0.30038483,0.97714117,0.98135855
5kxb_NGA_D_301,0,1,0.10667573,0.23914043,0.32640348,0.95861593,0.93289856
5l1u_7PF_A_401,0,0,0.11806241,0.28654208,0.99431735,0.32883664,1.8954547e-06
5l1v_7PF_A_401,0,0,0.12164416,0.29254517,0.99431958,0.99422414,0.9942777
5l7u_NGA_A_601,0.17864294,0.98914271,0.1171799,0.27953196,0.99733982,0.81659209,0.81528177
5l7u_NGA_B_601,0.96959322,0.97647665,0.1167035,0.28985772,0.9776628,0.44403626,5.6208175e-05
5l9v_OGA_A_502,0.99676817,0,0.11983046,0.30225217,0.89997525,0.15665279,0.00037146538
5la1_XYP_A_602,0.088004989,0.96419172,0.1013589,0.22645474,0.16214341,0.53653844,0.00014619765
5la2_ARB_A_606,0.046580092,0,0.10856088,0.24769917,0.1732959,0.62716373,0.86217566
5la2_ARB_B_606,0,0,0.10583027,0.24258932,0.19952281,0.27894952,7.4678572e-05
5lik_W8X_X_402,0.98541046,0.91823304,0.10196035,0.23708575,1.8965233e-05,0.36338337,0
5lu8_5KN_A_306,0,1.5998133e-06,0.10275976,0.23155687,3.5290489e-05,0.26639012,0
5lwy_OLB_A_402,0.7943107,0,0.10540209,0.24850956,0.0050600677,0.1340968,0
5lwy_OLB_A_404,0,0.45551185,0,0.2237245,2.1533707e-15,0.40071668,5.8311891e-11
5lwy_OLB_A_406,0,0.45460018,0.10073796,0.22384045,7.6217506e-08,0.40056949,4.3040388e-10
5lwy_OLB_A_407,0,0,0.10275924,0.23155495,3.3360992e-07,0.26639042,0
5m0e_7CR_A_922,0.89477815,0.38899971,0.11803215,0.29442115,0.92014125,0.29403444,0
5m0t_AKG_A_302,0.99488046,0.97201306,0.10176071,0.23640743,0.00020997059,0.37713276,4.8489843e-06
5m5a_KSA_A_404,0.9903893,0.98415248,0.12029347,0.29700787,0.9847279,0.85638851,0.99607813
5m66_ADN_A_502,0.98782215,1,6.659682e-51,0.29657437,0.98751088,0.8516704,0.97255891
5m66_ADN_C_502,0.9892735,1,0.11945674,0.29431317,0.94776885,0.83531451,0.93957345
5m8d_UGI_B_501,0.98035145,0.38950893,0.11946432,0.3003693,0.99549744,0.28478024,0
5mdh_MAK_A_335,0,0.52192029,0.11299127,0.26476072,0.70234831,0.67713992,0.50891523
5mot_HBD_A_401,0.001269066,0.92876472,0.11312808,0.26796286,0.93509195,0.58941424,0
5mot_HBD_A_402,0.94229475,0.90821287,0.10162242,3.670827e-12,6.188253e-05,0.36819783,0
5mxh_GAL_A_401,0.11528099,0.92612869,0.11773622,0.27973012,0.9886336,0.98105001,0.98364106
5mxh_GAL_A_402,0.11106635,0.94048845,0.11758228,0.27922682,0.98743605,0.9786202,0.96641087
5mzj_TEP_A_2401,0.99759144,0,0.1213388,0.69520158,0.97845991,0,0
5mzp_CFF_A_2401,0.045077042,0.98745026,0.099247862,0.21844562,0.040571855,0.54263332,0
5n5k_8NW_A_307,0,0.8035874,0.10731401,0.247176,0.52232736,0.52805211,0
5n63_8OW_A_401,0.98231541,0.3964604,0.11927028,0.29968535,0.98429197,0.28552387,0
5n8c_8Q8_B_403,0.78343251,0.97325276,0.10834983,0.25809677,0.47305032,0.44248226,0
5nh9_XLS_B_503,0,0.49445729,0.1048854,0.23756024,0.23787657,0.5068553,0.19190741
5nh9_XLS_C_504,0.97912871,0.99677826,0.10509682,0.24711829,0.17804614,0.47044827,0.19396828
5nh9_XLS_D_504,0.97576516,0.98417865,0.10660294,0.25238844,0.27597213,0.48651275,0.20587611
5njb_BB2_A_502,0.95977064,0.40358246,0.11865571,0.29726041,0.95091423,0.28896156,0
5njb_BB2_C_502,0.96875337,0.40204285,0.11885813,0.29807313,0.96179374,0.28777067,0
5nnw_GCS_D_302,0,0,0.10275935,0.23155537,7.5903389e-06,0.26638819,6.3879794e-07
5nov_93B_A_201,0.99570964,0.99266668,0.10551648,0.25134898,0.26403636,0,0
5nuk_Z80_A_201,0.97926673,0.96381253,0.1017426,0.23620337,0,0.37738881,0
5o3b_9HZ_A_501,0,0.45460022,0.10073795,0.22384045,0,0.40056949,0
5o3b_9HZ_B_501,0,0.45460022,0.10073795,0.22384045,0,0.40056949,0
5o3b_9HZ_C_501,0,0.45460022,0.10073795,0.22384045,0,0.40056949,0
5o3b_9HZ_D_501,7.0236726e-05,0.45463382,0.10073804,0.22384141,0,0.40056647,0
5o3d_9J5_A_501,0.9679773,0,0.12045874,0.30424156,0.94692149,0.16425384,0
5o3g_9J8_A_501,0,0,0.11619192,0.27982108,0.87278345,0.32120288,0
5o3g_9J8_B_501,0.19507364,0,0.11750421,0.28636805,0.91711929,0.29141956,0
5o4j_9KH_C_302,0,0.96566868,0.098576021,0.21562851,0.00024096733,0.54142267,0
5o4j_PJL_A_304,0.24224215,0.93433296,0.099491867,0.22122249,7.6158928e-05,0.49207781,7.8432664e-05
5o72_9MH_A_303,0.96568365,0.97380036,0.10165543,0.23575336,2.3224154e-10,0.38250104,0
5ocm_9RH_A_302,0.0016953332,0.98582706,0.10928621,0.25410943,0.70145434,0.59092061,0
5ocm_9RH_D_302,0.001855516,0.9926915,0.10980246,0.25595952,0.7368972,0.59507484,0
5ocm_9RH_E_302,0.9950276,0.94805926,0.11291347,0.27650494,0.71807757,0.4153701,0
5ocm_9RH_F_302,0.76143858,0.99175557,0.11226764,0.27195052,0.73743566,0.46802854,0
5oew_9TE_B_901,0.98736748,0.63298439,0.11162215,0.27207678,0.54794392,0.31755687,0
5oew_GLU_B_902,0,0,0.10275939,0.23155526,0,0.26640712,4.7408746e-05
5oew_GLU_C_302,0,0,0.1027595,0.23155547,0,0.26642056,7.9825128e-05
5oir_9W8_A_302,0.45972074,0.88519895,0.10681741,0.24963259,0.41659568,0.46790328,0
5oo4_URI_A_201,0.97431333,0.39658079,0.11908795,0,0.99302518,0.28747523,0
5ooa_URI_A_201,0.98805986,0,0,0.978031,0.98657926,0,0
5osf_A9E_A_404,0.94604718,0.98273034,0.10155331,0.23519375,3.9295155e-07,0.38832264,0
5r0i_SYV_A_2501,0.99776035,0.99338809,0.10167411,0.2361035,1.4983411e-06,0.38272441,0
5r0j_RBJ_B_401,0,0.94617903,0.11265834,2.9033673e-16,0.94736451,0,0
5r9o_54F_A_401,0.99296671,0.98521549,0.11411271,0.28076025,0.80689795,0.43187456,0
5r9u_JMM_A_401,0.98952802,4.6928444e-07,0.12055061,0.30477402,0.94836922,0.16074697,0
5sga_TYR_P_1,0,0.63812447,0.10072938,0.22239499,0,0.53702287,0.21709897
5syi_NIZ_A_805,0.0015552842,0.98768055,0.098608103,0.21573798,0.0082002149,0.54793182,0
5syi_NIZ_B_805,0.95171259,0.90561961,0.10210408,0.23734077,0.0079905635,0.3590001,0
5t3h_BEN_A_302,0.99801722,0.99452993,0.12121619,0.99795846,0.99474533,0.99469528,0.99472224
5t63_ALA_C_1,0,0,0.10275923,0.23155495,0,0.26638745,0
5t6b_TMP_A_504,0,0,0.11771214,0.28521682,0.97096432,0.3317647,0
5t6b_TMP_B_504,0,0,0.1169008,0.28228187,0.92135352,0.33247217,0
5t6b_TMP_C_503,0.98733835,0.4626137,0.11719229,0.29221699,0.86546893,0.29408982,0
5t85_44G_L_301,0.011390865,0,0.10279641,0.23179519,1.3983781e-05,0.26450848,5.2720656e-05
5tbo_78Z_A_1001,0.97538858,0.39326656,0.11925743,0.2995766,0.9840683,0.28583866,0
5tch_MLI_B_501,0.99862595,1,0.10418657,0.24206253,0.049081611,0.60123886,0.51514403
5tch_MLI_C_301,0.99645158,1,0.11310184,0.27151864,0.532318,0.80994534,0.94418383
5tch_MLI_D_501,0.99581503,1,0.1044649,0.24124013,7.6492707e-07,0.72361973,0.8164263
5tch_MLI_E_301,0.99810456,1,0.10795369,0.25373297,0.22376891,0.74178183,0.82725085
5tch_MLI_F_501,0.99787196,1,0.10684739,0.25136966,0.21282054,0.62881238,0.55652378
5tch_MLI_H_501,0.93544723,1,0.11822817,0.29092324,0.93353675,0.73499532,0.687427
5tde_2HP_A_502,0.99540916,0.97430035,0.10626588,0.25140921,0.24861088,0.47603893,0.19945812
5tde_2HP_B_901,0.9961562,0.94388161,0.11991557,0,0.96861979,0.84013232,0.98793898
5tde_2HP_B_902,0,0.94934669,0.098787574,0.21640337,0.009372456,0.53737706,7.0745561e-05
5tde_FLC_A_501,0.98575395,0.5693977,0.11471392,0.28299791,0.72458447,0.32820471,0.036615954
5tdt_MBN_A_503,0.08580802,0.17139023,0.10896232,0.24755617,0.19925902,0.99858464,0.99838318
5tdt_MBN_A_504,0.99857112,0.098557181,0.10530174,2.8089201e-109,5.042636e-06,0.12823317,6.9929805e-07
5tdt_MBN_D_502,0.97062039,0.23324648,0.10462982,3.5247374e-58,2.3893224e-06,0.17125807,9.6661642e-06
5thu_B3N_A_404,0.83072565,0.9608277,0.10127592,0.23313452,3.0764625e-06,0.40133809,0
5thu_B3N_B_404,0,0.36454961,0.10117863,0.22553756,5.6350685e-07,0.37021032,0
5thu_GGG_B_405,0,0.97810953,0.098518381,0.21540986,5.5683206e-07,0.54495071,5.424622e-08
5tix_OQR_B_302,0,0.41922222,0.10189471,0.22802305,0.065940444,0.39569583,0
5tlg_7EG_A_601,0.98490613,0.39715784,0.11929134,0.2997848,0.98530216,0.28533766,0
5tlg_7EG_B_601,0.9922672,0.9944011,0.1169262,0.29085454,0.99243756,0.44626026,0
5tm5_7EV_A_601,0,0,0.11774799,0.28534656,0.9733016,0.33185057,0
5tvr_AKG_A_402,0.99076666,0.94842987,0.10488299,0.24239387,0.00053428109,0.73409217,0.87495559
5tzr_MLI_A_2403,0.97586197,0.93019761,0.10167563,0.23732323,0.00010712918,4.892547e-06,4.9461216e-06
5u5g_7VD_A_302,0.88365286,0.91119604,0.11222072,0.26771423,0.4864854,0.77705605,0.88740571
5u5g_7VD_B_302,0.86719422,0.93180979,0.11517769,0.278379,0.69592775,0.78397133,0.85159144
5u5g_7VD_C_302,0,0.88341962,0.11357744,0.26390996,0.74006961,0.95593109,0.9364544
5u5g_7VD_D_302,0.99126469,0.90543956,0.11766604,0.28800326,0.80504719,0.79783258,0.93651939
5u5z_7VP_A_302,0.00020115681,0,0.10276039,0.23156012,1.7737456e-09,0.2664148,0.00014689545
5u8z_83D_A_602,0,0.45460022,0.10073795,0.22384045,0,0.40056949,0
5u8z_83D_B_602,3.3227494e-07,0.45459956,0.10073798,0.22384055,1.5370638e-06,0.40056936,0
5u8z_83D_D_602,0,0.4546002,0.10073795,0.22384045,4.3888664e-08,0.40056949,0
5uap_82S_A_505,0.042905437,0.45181912,0.10155531,0.22718176,0.043442223,0.39551125,0
5uap_82S_B_505,0.99603508,0.93715165,0.10236739,0.23863052,0.029566402,0.36885328,0
5ud0_13P_B_405,0.99341643,0.7669521,0.11876758,0,0.8977546,0.74190483,0.74208696
5ud0_G3H_B_406,0,0,0.10275925,0.23155503,1.3249226e-06,0.26638802,1.1701284e-06
5ud3_P6F_A_404,0,0.87767792,0.10081937,0.22087611,0.0083527538,0.71617005,0.48991596
5ud3_P6F_B_404,0,0.38801977,0.11678872,0.2786275,0.91866482,0.64795503,0.48846927
5uda_CAE_A_502,0.47926931,0.9961013,0.10243215,0.23395628,0.15880663,0.48003381,0
5uda_CAE_B_502,0.50867144,0.9871517,0.10091864,0.22880235,0.051776905,0.46585422,0
5uim_TYD_B_403,0,0.26823581,0.10683154,0.24587357,0.3473614,0.37489598,0
5uio_8DM_A_202,0.98649564,0.96228972,0.11607682,0.28777813,0.92941387,0.43412036,0
5uio_8DM_C_202,0,0.9648822,0.10897391,0.25299077,0.67561793,0.58361594,0
5uio_8DM_D_202,0,0,0.117974,0.28616449,0.98803698,0.33239196,0
5uio_8DM_E_202,0.98849882,0.97354823,0.11676582,0.29026222,0.97693308,0.43997678,0
5uio_LG3_A_201,0.9922251,0,0.12123368,0.30725377,0.99218586,0.16304847,0
5uio_LG3_B_201,0.99814409,0.32725675,0.11983951,0.30199637,0.99255094,0.25528514,0
5uio_LG3_C_201,0.9928667,0.99352153,0.11695535,0.29096571,0.99395769,0.44600514,0
5uj3_CE4_A_302,0,0.97415116,0.098537554,0.21548243,0.0001311768,0.54383156,0
5unr_8EV_B_803,0.65032883,0.76572081,0.10157573,0.23271941,2.9837856e-06,0.37256743,0
5unt_8J1_A_803,0.99376867,0.98032046,0.10171792,0.23623556,4.4516273e-06,0.37966939,8.8451123e-11
5unt_8J1_B_803,0.95879282,0.91329066,0.10197314,0.23693098,6.0379245e-06,0.35928537,3.5277879e-12
5unx_8F1_A_803,0.97968162,0.92328275,0.10200009,0.23721632,8.3994277e-06,0.35838577,3.6575773e-10
5unx_8F1_B_803,0.98437922,0.92553211,0.10200608,0.23728024,5.054284e-06,0.35818389,2.2144278e-07
5uo3_8EY_A_803,0.99177634,0.92907083,0.10201562,0.23738128,5.8257169e-06,0.35786555,5.6091763e-07
5uo3_8EY_B_804,0.9837912,0.92525416,0.10200527,0.237272,1.8925637e-06,0.35821068,2.1373913e-06
5uo5_M4R_B_803,0.9880854,1,0.11874667,0.29142098,0.88944907,0.8547878,0.99485386
5urz_BOG_B_201,0.69756857,0,0.10729131,0.25438954,0.14810985,0.15922938,0
5ut1_7DZ_A_905,0,0,0.10275923,0.23155495,1.608975e-08,0.26638745,0
5v31_ARG_A_401,0,0.45460858,0.10073796,0.22384039,2.2027105e-07,0.40057574,9.7121824e-06
5v7y_AKG_B_302,0,1,0.10126649,0.2204769,0.00034394334,0.83289745,0.825736
5ve5_GSH_B_402,0,0.48849352,0.10190912,0.22804202,0.082177041,0.4110457,0.00090477109
5ved_STU_A_601,0,0.89515545,0.11213579,0.26436984,0.85965169,0.57857135,0.0078466256
5vl0_BNF_A_404,0,0.98251589,0.10977931,0.25586835,0.73291573,0.59223657,0
5vl0_BNF_B_404,0.9898405,0.98161095,0.11256436,0.27517071,0.70593462,0.42502889,0
5vl0_BNF_C_404,0.99308429,0.98575008,0.11084661,0.26902515,0.59481012,0.41868694,0
5vl0_BNF_D_404,0,0.98820202,0.11193167,0.26359691,0.87436639,0.60273982,0
5vrj_R07_A_204,0,0.048265455,0.11400964,0.17169578,0.76275858,0.34495002,0
5vut_9OG_A_803,0.93034317,0.89968337,0.10193638,0.23654218,7.835862e-13,0.3605108,0
5vut_9OG_B_803,0,0.45460022,0.10073795,0.22384045,2.4527493e-13,0.40056949,0
5vuu_9OJ_B_803,0.69973667,0.7893595,0.10163933,0.23339377,0,0.37044025,4.1056667e-09
5vv0_9OM_A_803,4.6152954e-10,0.45460022,0.10073795,0.22384045,3.6093483e-13,0.40056949,0
5vv0_9OM_B_803,0.7012228,0.79007047,0.10164124,0.23341406,3.5623766e-10,0.37037626,0
5vv5_9OJ_A_803,0.06298845,0.48473436,0.10081909,0.22470042,2.1060541e-08,0.39785734,3.9064046e-15
5vv5_9OJ_B_803,0,0.45460022,0.10073795,0.22384045,3.090196e-10,0.40056949,2.9998577e-10
5vyr_B62_A_301,0.98878633,0.98331507,0.11700152,0.29110279,0.99493885,0.44384121,0
5vyr_GMP_B_303,0.99858409,0.99382816,0.10168185,0.23613605,0.00035778169,0.38291524,0.00043544301
5vys_1YJ_A_301,0.99314773,0.98434714,0.12019042,3.7079378e-54,0.99217786,0.99329901,0.99284637
5vys_1YJ_B_301,0.98921784,0.9774128,0.12052225,0.99135422,0.94978735,0.98250049,0.98250282
5vys_GMP_B_303,0.97877942,0.92116654,0.10205401,0.23740316,0.0031482846,0.35819255,0
5w3k_9TY_A_401,0.99604281,0.9492589,0.11692579,0.29093037,0.97890133,0.43192338,0
5w3k_9TY_B_401,0.26141844,0.95938069,0.11447614,0.27522105,0.97672361,0.55731594,0
5w5t_9X7_A_506,0,0,0.1025206,0,0,0.26684991,0
5w5t_9X7_D_508,0,0.45492557,0.10077403,0.22395996,0.0020690356,0.40147819,0.0016447594
5w8q_BU4_A_400,0.99492649,0.97220017,0.11606037,0.2832033,0.75869276,0.7540742,0.75537341
5wct_GY4_A_303,0,0.45460022,0.10073795,0.22384045,6.8158649e-10,0.40056949,0
5wcz_NOJ_A_601,0,0,0.10277376,0.23158214,0,0.26812965,0.0041996553
5wcz_NOJ_B_601,0.9846017,0.75339008,0.10268837,0.239819,0,0.31851223,0.0046810373
5wgr_PM7_A_711,0,0.97770217,0.098520138,0.21541656,0,0.54483464,0
5wgr_PM7_A_712,0,0.45458772,0.10073836,0.22384193,2.3301768e-05,0.40056777,0
5wgv_PM7_A_712,0,0.45460022,0.10073795,0.22384045,0,0.40056949,0
5wgv_PM7_A_713,0,0.45458472,0.10073846,0.22384228,2.8890057e-05,0.40056736,0
5wgw_MB5_A_714,0,0.45460022,0.10073795,0.22384045,0,0.40056949,0
5wqp_NCA_A_302,0,0.98082532,0.098506682,0.21536531,5.5159792e-06,0.54572445,0
5x23_LSN_A_502,0,0,0.1178821,0.28583189,0.98204509,0.33217182,0
5x23_LSN_A_504,0.05913547,0.48289107,0.10081413,0.22464781,9.8855416e-12,0.39802324,0
5x2m_GLN_A_951,0.93053849,0.53129971,0.11398479,0.28010843,0.68679809,0.30974108,0
5x2m_GLN_B_951,0.99257231,0.92898086,0.10203202,0.23744775,0.00088236842,0.35776613,0
5x2m_GLN_D_951,0,0.45460024,0.10073795,0.22384045,0,0.4005695,1.7817596e-08
5x5d_UMP_A_401,0.96627977,0,0.96376936,0.30734336,0.98818523,0.16760899,0
5x5d_UMP_B_401,0.96184083,0.38284462,0.11936882,0.29985751,0.99141311,0.28587914,0
5x5d_UMP_C_401,0.73875451,0.28078347,0.11892892,0.29626025,0.98271806,0.29612744,0
5x5d_UMP_D_401,0,0,0.11159369,0.2632988,0.57401564,0.30243868,0
5x6r_7ZR_A_402,0.87822792,0.87475105,0.10186925,0.23583066,3.095097e-09,0.36275478,0
5x6r_7ZR_B_402,5.6017311e-10,0.45460022,0.10073795,0.22384045,2.2208678e-10,0.40056949,0
5x86_TMP_A_205,0,0.45460022,0.10073795,0.22384045,0,0.40056949,0
5x86_TMP_B_207,0.99407495,0,0.12114362,0.30694753,0.98594595,0.16234774,0
5xdt_ZI7_A_403,0.76888049,0.9912725,0.11570698,0.28437903,0.959208,0.480577,0
5xh2_NPO_A_305,0.99645798,0.96943591,0.10391011,0.98894457,0.10364469,0,0
5xin_XLS_A_397,0.99144466,1,0.10230465,0.2372391,0.0038330375,0.46000973,0.17956137
5xin_XLS_B_397,0.98670937,1,0.10239063,0.23794597,0.022604521,0.42877362,0.11210808
5xin_XLS_D_397,0.95246752,0.95682173,0.10453494,0.24517865,0.14759603,0.4416462,0.14407991
5xj7_87O_A_309,0.94204549,0,0.12208349,0.30442458,0.85377942,0.53932872,0.90779839
5xmq_PLG_A_501,0,1,0.10181892,0.22140111,0,0.9581506,0.98103566
5xmq_PLG_B_501,2.7062575e-05,0.78398527,0.11780516,0.27903297,0.98032854,0.96070655,0.98007759
5xmq_PLG_C_501,0.99155092,0.44764422,0.11775309,0.29428259,0.89712726,0.29156883,4.0833952e-07
5xoi_SIN_A_401,0.99751015,0.92729051,0.11584407,0.28707772,0.90212068,0.42059963,0
5xsm_8EO_A_705,0.96814297,0.91772502,0.10198645,0.23706322,7.8406877e-05,0.35887742,0
5xvt_8FL_A_709,0.43280237,0.66165612,0.10129547,0.22974939,1.273413e-09,0.3819339,0
5xvv_AKG_A_508,0,0.45450996,0.10075354,0.22389386,0.00089210218,0.40079079,0.00044500508
5xvv_AKG_C_504,0.98379346,0.80506148,0.10785718,0.25798119,0.33409901,0.37719324,0.067669
5xz7_F6P_A_407,0,0.97935305,0.10195997,0.22208092,0.0091575623,0.9421366,0.95519279
5y7r_58K_B_403,0,0.99361126,0.09845116,0.21515395,0,0.54936551,0
5y7r_AKG_B_402,0.99479759,0.95622241,0.1018281,0.23666336,0.00015502519,0.37265026,1.5085619e-05
5y8k_SER_A_301,0,0.0080345712,0.10272471,0.23142337,1.675565e-05,0.26868438,1.844563e-05
5y8k_SER_B_301,0,0.0027195521,0.1027476,0.23151053,6.20462e-06,0.26717061,1.988193e-05
5y8p_3OH_B_301,0.41505808,0.8388111,0.10046788,0.22644122,0.00034065989,0.43600562,1.3522448e-08
5yaq_ISE_B_402,0.97140153,0.80097106,0.10737584,0,0.32380565,0.37209411,0.054592476
5yaq_ISE_C_402,0.8109495,1,0.11655841,0.28260958,0.81138986,0.82972566,0.87499586
5yb7_ORN_A_603,0.98024333,0.9255743,0.10200425,0.23722014,0.0002232725,0.35992702,0.0024499293
5yb7_ORN_B_603,0,1,0.10175342,0.22127857,1.8982984e-08,0.95029809,0.96210958
5yb7_ORN_C_602,0.985926,0.89119753,0.10321382,0.2416473,0.068753855,0.35437483,0.0020743766
5yb7_ORN_D_602,0.99589612,0.91871858,0.10244181,0.23895514,0.024002727,0.35632243,0.00063249683
5yb7_ORN_D_603,0.9779181,0.76278441,0.10726842,0.25623783,0.30046943,0.33739876,0.0017726506
5ybl_AKG_A_302,0.00032760129,0.45708869,0.10073802,0.22382587,0,0.40227992,0.0026718137
5ybl_AKG_C_302,0.9948874,0.82885764,0.10471798,0.24315232,0.00060066452,0.61572092,0.67335344
5ybp_8SX_B_303,0,0.45460022,0.10073795,0.22384045,0,0.40056949,0
5ybp_AKG_A_302,0.99764391,0.39162652,0.11953953,0.30085374,0.99128515,0.27364637,5.9948306e-05
5ybp_AKG_B_302,0,0.78793953,0.11571839,0.27552902,0.99382219,0.68264689,0.31201769
5ybq_8T0_A_303,0.94937369,0,0.12104694,0.30618041,0.98904324,0.17000521,0
5ybq_8T0_B_303,0,0.24970661,0.10743739,0.24806421,0.38189765,0.3723434,0
5yfj_RUB_A_401,0.8848409,1,0.11737105,0.28632983,0.85270405,0.81257409,0.85713375
5yfj_RUB_C_401,0,0.7515318,0.1149417,0.26959808,0.81605438,0.88367258,0.84191633
5ysh_5AD_G_605,0.99857816,0.98270107,0.10176301,0.23644053,0.0025956571,0.37970717,0
5z54_0HZ_B_303,0,0,0.1180721,0.28657693,0.99494768,0.32887544,0
5z54_0HZ_C_303,0.9675157,0.97021343,0.10737089,0.25631056,0.36996428,0.40440934,0
5z54_0HZ_D_303,0.98743691,0,0.12093835,0.30614761,0.97400102,0.16270576,0
5z9b_AX7_A_304,0.99593375,0,0.1068701,0.2556776,0.058139927,0.10376627,0
5z9b_HX3_A_303,0.97892104,0.99146747,0.10163399,0.23578423,0.00080650781,0.38537323,0
5z9p_AX7_A_301,0.99849684,0,0.10976826,0.26611528,0.24590882,0.11513124,0
5z9p_AX7_B_301,0.99588736,0,0.12154765,0.99592156,0.96607933,0.1594445,0
5zg2_9C0_A_902,0.99541605,0.99583963,0.10165754,0.23601967,0.00010728631,0.38382063,0
5zg2_ZK1_A_901,0.91170789,0.89076811,0.10191238,0.23628776,0,0.3613132,0
5zge_ZZ7_A_301,0.37748873,0.93609056,0.11485549,0.27750805,0.96338292,0.54351614,0.031455512
5zge_ZZ7_B_302,0,0.90970714,0.1135616,0.26952633,0.95815713,0.58564731,3.3937472e-07
5zi4_OAA_A_401,0.99549711,0.9287923,0.10208814,0.23767686,0.0038665598,0.35742943,1.5186214e-05
5zi4_OAA_B_401,0.46207415,0.67566218,0.10133321,0.23014911,1.6949924e-06,0.38067571,3.5866236e-06
5zpt_HY1_A_702,0.0056048982,0.16188896,0.11040368,0.25884007,0.5505773,0.35963494,0
5zpt_HY1_B_703,0.98684521,0.41913849,0.11860546,0.29732226,0.94606189,0.28815442,0
6a1l_BEZ_A_403,0.99315221,0.9676315,0.11621391,0.28989208,0.9536112,1.8423438e-06,1.832623e-06
6a1l_BEZ_A_404,0.98537155,0.99620122,0.11176708,0.27068333,0.58055684,0.38411707,0.37966528
6a2m_9QR_A_701,0,0.45460024,0.10073795,0.22384045,3.3245888e-08,0.40056952,4.6543124e-08
6a2m_9QR_B_701,0.9312779,0.90013055,0.10193759,0.23655494,1.4774125e-08,0.36047055,3.8643968e-10
6a2m_UMP_A_703,0.9910418,0,0.12121623,0.30717993,0.99129983,0.16319038,0
6a2m_UMP_B_703,0.97735796,0,0.12105584,0.30647516,0.98375005,0.16500075,0
6a2n_9QR_A_701,3.0441704e-09,0.45460022,0.10073795,0.22384045,1.6686715e-08,0.40056949,2.2326095e-09
6a2n_UMP_A_703,0.98025962,0,0.12106858,0.30654819,0.98396917,0.16453008,0
6a2n_UMP_B_703,0.97628209,0,0.12102923,0.30636943,0.98224664,0.16508595,0
6a3j_SOE_B_401,0,0,0.12123748,0.29211456,0.98044686,0.7341105,0.97903093
6a3j_SOE_C_402,0.99701948,0,0.12455725,0.31330791,0.98330113,0.57458119,0.99529092
6a3j_SOE_D_401,0,0,0.12126371,0.29219359,0.98157698,0.73524053,0.98158381
6a6s_FSA_A_502,0,0.96672292,0.098569028,0.21560031,4.2923524e-06,0.54185426,0.00035245064
6a7e_9QR_A_201,0,0.13794756,0.11109211,0.26127875,0.59023253,0.35695691,1.7912526e-05
6abm_9VR_A_505,0,0.21299845,0.10863765,0.25240406,0.45031734,0.3672865,1.3863942e-09
6acn_TRC_A_899,0.93096665,0.89997307,0.10193802,0.23655358,4.7748096e-05,0.36049303,1.9524921e-05
6ald_2FP_B_700,0,0.45461348,0.10073801,0.22384054,3.3368578e-06,0.40058037,1.7238832e-05
6auq_BYJ_A_803,0.81040098,0.84225072,0.10178357,0.23491076,9.6432322e-05,0.36566838,3.6826273e-07
6auq_BYJ_B_803,0.98728891,0.98302471,0.10168532,0.23605505,7.2020778e-06,0.38152155,5.3526708e-08
6av2_BY7_A_803,0.43517616,0.66279176,0.10129853,0.2297818,9.2788243e-09,0.38183169,0
6av2_BY7_B_803,0.64943977,0.76529708,0.10157454,0.23270708,1.4010208e-12,0.37260593,0
6axu_BTM_A_401,0.98361336,0.98805821,0.10263745,0.23943707,0.064060977,0.38759161,0
6ayv_F6P_A_401,0,0.68809491,0.11751767,0,0.98057571,0.88595397,0.86093906
6ayv_F6P_B_401,0.97666965,1,0.11716913,0.2866166,0.82597896,0.78512253,0.83195777
6ayv_MLI_A_409,0,0.96546027,0.10161118,0.22130227,0,0.90547307,0.87773787
6b5k_TYD_B_304,0.97336789,0,0.10590246,0.2519888,2.5534735e-06,0.10388234,0
6b83_6NA_B_201,0.99297664,0.89047247,0.10224025,0.23818411,0.0086406301,0.3550443,0.00069610032
6b9p_D0J_A_1001,0.83438537,0.85377643,0.10181277,0.23523209,2.260473e-08,0.36464255,0
6b9p_D0J_B_1001,0.17947829,0.54046397,0.10096915,0.22629082,1.8128942e-08,0.39284152,0
6bds_DJ4_A_302,0.86628976,0.86903974,0.10185387,0.23566768,0,0.36326881,0
6bds_DJ4_A_303,2.6134336e-05,0.97148897,0.098547169,0.21551969,4.4369736e-07,0.5430608,0
6bkk_308_B_101,0.99665064,0.99379357,0.10526237,0.09455708,0.24380635,0.39864257,0
6bmm_OLB_A_404,0,0.45460022,0.10073795,0.22384045,2.8375525e-13,0.40056949,9.887511e-15
6bmm_OLB_B_404,0.41789111,0.65452246,0.10127626,0.22954581,0,0.38257595,1.3436686e-15
6bqx_9AG_A_201,0.99148885,0.90934025,0.10202506,0.23737188,1.9870696e-06,0.36064718,0.0019581392
6br1_E3Y_B_505,0,0,0.10311522,0.23283408,0.023130243,0.26784015,0
6btn_E8M_A_304,0,0.33469711,0.10465845,0.23801612,0.22348533,0.38405167,0
6btq_E8S_A_305,0,0.45421633,0.10075051,0.22388583,0.00071552896,0.40051661,0
6bvl_EBY_B_2001,0,0,0.10275923,0.23155493,0,0.2663904,0
6bxk_MTA_A_401,0.95733431,0.9580954,0.1017544,0.23604507,0.0037558768,0.37966128,7.6114155e-06
6bxk_MTA_B_401,0.99068009,0.88072688,0.10357973,0.24302644,0.089247854,0.35136135,6.9483617e-05
6c17_DNX_A_202,0.0062003955,0.91605381,0.10008114,0.22114092,0.082757418,0.53143978,0
6c1i_EEY_A_501,0.9899883,0.96816012,0.11688183,0.29069805,0.98264032,0.43855204,0
6c1i_KNA_A_502,0.00045524375,0.98234471,0.09850148,0.21534948,3.1599622e-09,0.54608089,1.6652359e-07
6c1x_DNX_A_203,0,0.9296904,0.11375352,0.27019741,0.97625687,0.59247512,0
6c6w_TFX_A_502,0,0.92190229,0.098762074,0.21633762,5.8058256e-09,0.52894297,0
6cdy_EY1_A_501,0,0,0.11750108,0.28452512,0.95784545,0.32654523,0
6cgc_F0A_A_402,0.72459197,0.77592468,0.10249942,0.23672728,0.047204281,0.36588116,0
6cgc_F0A_B_402,0.96937185,0.39545547,0.11908399,0.29889536,0.97462333,0.28679581,0
6cgn_DA_A_801,0,0.35816957,0.10389498,0.23525465,0.17996551,0.38735953,0.00014145737
6cqu_HI6_A_601,0,0.45363025,0.10076967,0.22395512,0.0018079118,0.40043587,0
6cqu_HI6_B_601,0,0.38215395,0.10310674,0.23240548,0.13503135,0.39058931,0
6cut_FEJ_A_401,0,0.77835303,0.11761027,0.27841672,0.96912011,0.95293266,0.96674825
6cut_FEJ_B_401,0,0.78180076,0.11763673,0.27847979,0.97066546,0.95598154,0.97164883
6cut_FEJ_C_401,0.95382874,1,0.12011815,0.29608972,0.98810039,0.86236053,0.98439731
6cut_FEJ_D_401,0,0.77310739,0.1179009,0.27943969,0.98571921,0.95441273,0.97094206
6cwr_6LA_A_201,0.97222635,0,0.1245419,0.31309367,0.9902869,0.57402837,0.98292288
6dl7_ONC_A_301,0.9216076,0.46568452,0.11597902,0.28723879,0.80113347,0.30167509,0
6dl7_ONC_B_301,0,0,0.11571899,0.27800869,0.85398494,0.33745139,0
6dl7_ONC_C_301,0.98777042,0.927157,0.10201036,0.23732622,0,0.3580381,0
6dl7_ONC_D_301,0,0,0.11780844,0.28556531,0.97724254,0.33199537,0
6dl7_ONC_E_301,0.86878442,0.3371722,0.11928667,0.29872342,0.99356315,0.28972705,0
6dl7_ONC_F_301,0.93854984,0.90360951,0.10194695,0.23665422,0,0.36015744,0
6dmi_5T5_A_504,0.98771329,0.94616264,0.11072082,0.26855944,0.57661169,0.40716627,0
6dqt_LEU_B_1,0.99303874,0.9205872,0.10197449,0.23720598,0,0.36277908,0
6dyt_F0G_A_503,0.99150775,0.46684266,0.11712468,0.29200999,0.86130837,0.29421934,2.3928733e-06
6dyt_PP3_B_1501,0.97243767,0.9198217,0.10199061,0.23711689,0,0.3586983,0
6e2w_DP6_A_403,0.98644199,0.9524336,0.11668978,0.28998477,0.96630616,0.43395235,0.00075448676
6e40_BBJ_D_502,0,0,0.10275923,0.23155495,9.9077512e-08,0.26638746,0
6e43_BEZ_A_502,0.99782941,0.96889248,0.11709145,0.29224669,0.9843882,0.10423775,0.10446788
6e43_BEZ_C_502,0.99858528,0.9766264,0.11711285,0.29236403,0.9888876,0.10030501,0.10030386
6e43_BEZ_D_502,0.99779232,0.97326257,0.11718721,0.29241287,0.9865475,0.12659876,0.12612577
6e8i_PTR_A_201,0.97849353,0,0.10927182,0.26414367,0.21785012,0.11670878,4.6629395e-07
6ezf_C6Z_A_1003,0.99549646,0,0.12085445,0.30592184,0.96685908,0.16091166,0
6f2b_AKG_A_402,0,0.67502101,0.11517651,0.27097799,0.82883501,0.83121279,0.76210396
6f2b_AKG_B_402,0,0.70642216,0.11698004,0.27683633,0.93239866,0.8878764,0.86175175
6f2b_AKG_C_402,0.71480457,1,0.10289525,0.2341021,1.6155747e-09,0.69115761,0.62510664
6f2v_AMP_A_1001,0,0.43387708,0.10141554,0.22629046,0.03862551,0.39771468,0
6f2v_AMP_B_1001,0,0,0.11653346,0.28095364,0.90041331,0.33401986,0
6f3s_CKW_A_902,0.99020573,0,0.11427488,0.28223055,0.54046421,0.13501509,0
6f3s_PLP_A_901,0,0.46141691,0.10113208,0.22512102,0.022631377,0.41291848,0.021723768
6f48_XQB_A_302,0,0.45460022,0.10073795,0.22384045,0,0.40056949,0
6f66_CUT_A_300,0.99597963,0.98986534,0.1169537,0.2909924,0.99216737,0.44433172,0
6f66_CUT_B_300,0.99767746,0.98783084,0.11664902,0.28991547,0.97144165,0.44216716,0
6f6a_CU5_A_301,0.01624386,0.99413742,0.1019242,0.22189016,5.0960845e-06,0.95705329,0.98892323
6f76_CVK_C_203,0.98460263,0.80154271,0.1024634,0.23899388,0,0.33028392,0
6f76_CVK_F_203,0,0.97452173,0.10191647,0.22762315,0.21977916,0.55773215,0
6f77_PLP_A_600,0,0.45460022,0.10073795,0.22384045,0,0.40056949,0
6f77_PLP_C_600,0,0.45459553,0.10073854,0.22384247,3.3601838e-05,0.40057687,1.5280249e-05
6f77_PLP_E_600,0.96609486,0.41745335,0.11830924,0.29606455,0.9306998,0.2901833,0
6f7r_CIT_A_1002,0.89067245,0.15752996,0.10978697,0.2650233,0.31409942,0.18232973,0.00012091377
6f7r_CIT_A_1003,0.84794682,0.93129812,0.10168637,0.23472549,0.011988733,0.39587991,0.012231345
6fa1_D2Z_A_203,0.0022376178,0.7693485,0.099430737,0.21890271,1.0133335e-11,0.48512245,0
6fgv_D9T_A_1901,0.93222785,0.8918838,0.10224401,0.23763005,0.022185131,0.36615024,0
6fjj_LSA_A_302,0.99771514,0.97872173,0.11617049,0.28807323,0.93281075,0.44629875,0.022076591
6fld_NAG_A_601,0,0.45459982,0.10073797,0.22384051,1.0459528e-06,0.40056953,1.8113933e-07
6fld_NAG_A_602,0.60495081,0.71453914,0.10161466,0.23246006,2.2550837e-08,0.36888916,4.359441e-07
6flu_DTK_A_401,0.15435641,1,0.10172657,0.22353624,3.7168075e-07,0.86156332,0.81034132
6flu_DTK_A_402,0,0.66714441,0.10070559,0.22210349,4.0045066e-07,0.55776493,0.24354271
6flu_DTK_A_403,0.92117095,0.89529528,0.10192458,0.236417,7.9429325e-07,0.36090597,4.471192e-07
6flu_DTK_A_404,0.78265699,0.74150653,0.10499854,0.24619436,0.1855054,0.36203692,0.013754316
6flu_DTK_A_405,0,0.97813573,0.1171834,0.27678137,0.99696657,0.96141655,0.96103359
6flu_DTK_A_406,0.98205729,0.99025352,0.11675401,3.0088143e-41,0.99458142,0.45944062,0.028848672
6flu_DTK_B_401,0,0.57746979,0.10071925,0.22283634,3.7667334e-07,0.49144257,0.14078958
6flu_DTK_B_402,0.080564702,0.69703939,0.1018847,0.22690595,0.061509909,0.56776099,0.27144741
6flu_DTK_B_403,0.93482349,0.97592084,0.11968606,4.416488e-27,0.97549626,0.96769158,0.96787132
6flu_DTK_B_404,0.99150481,0.97802153,0.12024592,2.0410375e-20,0.99333461,0.99696166,0.99685739
6flu_DTK_B_405,0,0.79401589,0.10486061,0.23518257,0.23906928,0.72879061,0.53588805
6fs7_E4Z_B_903,0,0,0.11747867,0,0.97425128,0.33267216,0
6fs7_E4Z_C_903,0.62171293,0.24188758,0.11821911,0.29264092,0.95085,0.30352238,0
6fs7_E4Z_D_903,0.59360106,0.73858342,0.10150261,0.23194473,0,0.37501023,0
6fs7_E4Z_E_903,0,0.45455767,0.10073935,0.22384548,7.9319298e-05,0.40056363,0
6fw0_E92_B_602,0.98620506,0.99334864,0.11689026,0.29066946,0.9910779,0.44688721,0
6g3f_FUM_A_601,0.97490132,0,0.10618,0.25300046,0.017714108,0.10473871,0
6g5q_EMZ_A_401,0.97669323,0.96878941,0.10171272,0.2360672,1.4772679e-09,0.37923648,1.4880124e-06
6g5q_EMZ_B_402,0.96654761,0.97977599,0.11660879,2.3088381e-10,0.99190876,0.44690966,8.56782e-10
6gck_EUB_B_302,0.98790333,0.9764824,0.10171588,0.23617672,2.1236478e-05,0.3795566,0
6gck_EUB_D_302,0.99379371,0.99049962,0.10167699,0.23607927,0.00020704967,0.38257693,0
6gl4_GLU_A_301,0,0,0.10275923,0.23155495,0,0.26638745,2.0639974e-09
6gl4_GLU_B_301,0,0,0.10275931,0.23155511,0,0.26639756,2.4383845e-05
6gnf_GLC_B_602,0.98433106,0.39291696,0.11945624,0.30036745,0.99475402,0.2854813,0.0012664955
6gpn_OGA_B_402,0.99673849,0.92691014,0.10195902,0.23717928,2.5254973e-10,0.36396216,2.3333729e-10
6gqk_F88_A_1001,0.9841873,0.39422739,0.11937498,0.30008078,0.99012321,0.28501229,0
6gqk_F88_B_1001,0.99052505,0.43434507,0.11817055,0.29578282,0.9209999,0.28984831,0
6gxk_FFW_A_402,0.98787049,0.92697628,0.10201796,0.23735461,0.00042606784,0.3580023,0
6gxk_FFW_B_402,0.99106229,0.92841785,0.10202487,0.23740829,0.00058527566,0.3578531,0
6h8p_OGA_A_504,0,1,0.10166876,0.2211202,0,0.94015035,0.93765158
6hgl_TES_A_401,0.97795019,0,0.12191439,0.96613124,0.99569856,0.16435915,0
6hl7_CP_A_401,0.99479686,0.9671758,0.10183299,0.23657653,3.3135942e-06,0.38231881,0.015824515
6hl7_CP_C_401,0.92243022,0.90433662,0.1019764,0.23634817,0.0021838172,0.38516075,0.03636165
6hl9_SIN_A_402,0,0.45403062,3.6445613e-80,0.22389961,0.0027613893,0.40051262,0
6hl9_SIN_B_402,0.98131883,0.84672457,0.10226742,0.23821698,0.00068395039,0.3437428,0
6hmw_FUL_A_203,0.99471794,0.97812596,0.10607128,0.24520817,0.050537344,0.99784598,0.99782233
6hmw_FUL_B_204,0.99029071,0.97755438,0.12045141,0.29739195,0.99879277,0.95132747,0.95134835
6hmw_FUL_C_203,0.73038698,0,0.10511779,0.24688781,3.7350092e-10,0.14444822,1.1505356e-08
6hmw_FUL_D_204,0.98560724,0.963058,0.105346,0.24254173,0.0017671826,0.99399064,0.99435363
6hmw_FUL_E_204,0.96679926,0.97489835,0.10606654,0.24496727,0.055983019,0.99495498,0.99505195
6hmw_FUL_F_202,0.98868244,0.96677423,0.12060416,0.29757066,0.9951536,0.99517371,0.99518184
6hmw_FUL_G_202,0.90053132,0.97047051,0.12031337,0.29573657,0.99605811,0.99606139,0.99605066
6hmw_FUL_H_201,0.95566509,0.97175853,0.1051857,0.24174028,0.0015617879,0.98922809,0.98921896
6hmw_FUL_I_201,0,0.96987268,0.11713897,0.27749292,0.99453974,0.66644587,0.99454261
6hmw_FUL_J_201,0.98788541,0.97262845,0.10566756,0.2442805,0.041902257,0.92563913,0.92560413
6hnz_GH5_A_301,0.97526871,1,0.11997407,0.29580493,0.97543327,0.85578522,0.97909173
6ho2_GHN_A_301,0,0.98649849,0.96795938,0.26737895,0.926569,0.60601985,0
6hpx_GKQ_A_205,0.95569734,0.98627814,0.10156909,0.23533775,5.2846481e-12,0.38772191,0
6hsg_GM5_A_504,0,0.45459814,0.10073802,0.22384069,3.8754286e-06,0.40056921,0
6hsg_GM5_B_504,0.99615439,0.72640325,0.10871638,0.2616492,0.38165738,0.32946877,0
6hsg_GM5_C_504,0,0.45460021,0.10073795,0.22384045,1.5175612e-08,0.40056949,0
6i4b_E2N_A_603,0.99096788,0.89924442,0.10297716,0.24085072,0.054876931,0.35384447,0
6i4b_E2N_B_603,7.2887036e-08,0.43062672,0.10152182,0.22667475,0.044683861,0.3972669,0
6i4b_ORO_A_602,0.2092047,0,0.10343569,0.23594999,5.8732403e-05,0.23146409,0
6i4b_ORO_B_602,0.0075869235,0,0.10278471,0.23171774,6.3670224e-05,0.2651248,0
6ijn_6MZ_A_401,0.95466967,0.98973567,0.10507769,0.24134325,0,0.98928653,0.98911803
6ijp_IMP_A_402,0,0,0.11795243,0.28614693,0.98717209,0.3283871,0
6ix8_B3O_A_408,0,0,0.1180943,0.28659986,0.99588047,0.33268014,0
6ix8_B3O_B_408,0.99101666,0,0.12091339,0.30609155,0.97162843,0.16195911,0
6jc7_F0G_A_601,0.99311049,0.97398105,0.10174365,0.23632769,2.7980336e-05,0.37797532,4.334176e-08
6jc7_F0G_B_601,0,0.45459393,0.10073816,0.2238412,1.1831009e-05,0.40056866,6.772339e-08
6jc7_F0G_C_601,0.96058201,0.914134,0.10197586,0.23695691,2.9693368e-05,0.35920664,8.5592851e-08
6jc7_F0G_D_601,0.9843174,0.92550267,0.10200599,0.23727938,4.752329e-06,0.35818655,1.9152359e-07
6jea_NAG_A_501,0,0,0.1177232,0.28525587,0.97165207,0.33185635,0.0001441617
6jk9_BU0_B_501,0,0,0.11802918,0.28636417,0.9916343,0.33252413,0
6jq8_CIT_A_302,0.99450081,0.74709195,0.10273202,0.24010254,3.749705e-05,0.31312635,8.0601932e-08
6jws_PT1_B_801,0.99679335,0,0.12128491,0.30748072,0.9945555,0.16243462,0
6jwy_PH2_A_802,0.9927468,0,0.12096155,0.30628083,0.97439447,0.16184398,0
6jx9_CQC_A_501,0,0.971403,0.099012679,0.21719219,0.030228069,0.54493913,0
6jyg_FLC_A_401,0.99004638,0.67013735,0.11108311,0.27000419,0.51718771,0.3340407,0.02219523
6jyg_FLC_B_401,0.95031269,0.594174,0.11269444,0.2755198,0.61190516,0.32421199,0.01516299
6jyg_FLC_C_401,0.99005395,0.92345695,0.10248366,0.23898466,0.026896269,0.36307983,0.011043333
6jyg_FLC_D_401,0.88282996,0.69336604,0.10785614,0.0010916515,0.35726869,0.3384713,0.00042984273
6jyg_FLC_E_401,0,0.28398303,0.10643042,0.24439656,0.32452613,0.37916917,0.0040056042
6jyg_FLC_E_402,0.0017093796,0.45545608,0.10074019,0.22386359,1.9979184e-06,0.4005247,4.4857468e-05
6jz4_EVA_A_701,0.97526108,0.59333139,0.10369187,0.24347904,0.021828691,0.27630444,0.0057564934
6jz4_EVA_B_701,0.97516707,0.54291179,0.10447588,0.24541804,0.023728291,0.32638097,0.16075643
6jz6_CKX_B_701,0.85205996,0.96911284,0.11984102,0.29416335,0.98261223,0.87046363,0.98498229
6jzh_ZMA_A_2002,0.94377523,0.99274981,0.10150253,0.23498065,2.2099096e-09,0.39155544,0
6k92_GT0_A_802,0.99321628,0.96383066,0.12012864,0.29660697,0.97320732,0.83924581,0.97158807
6k92_GT0_B_602,0.99388675,0.98208068,0.11588754,0.28712659,0.92029185,0.43951558,0.003774098
6krs_CIT_B_301,0.016753714,0.46432,0.10104221,0.22501203,0.016204057,0.406341,0.011914928
6krs_CIT_C_301,0.032461642,0.47446613,0.10105978,0.22519732,0.016074281,0.40756885,0.014850249
6krs_CIT_G_301,0,1,0.10431424,0.23151517,0.20518446,0.89118297,0.78996466
6krs_CIT_J_301,0.015352468,1,0.10112886,0.22072277,0.014343283,0.841188,0.70372516
6kxh_DY9_A_401,0,0,0.11810259,0.28662985,0.99642073,0.33269999,0
6kxh_DY9_B_402,0.024699116,0,0.11820504,0.28722141,0.99782159,0.32922142,0
6kxh_DY9_C_402,0.025170642,0.46656795,0.1007728,0.22419286,0.00013810416,0.39947549,0
6kxh_DY9_D_402,0.99606636,0.93112584,0.10202104,0.23743948,0,0.3576809,0
6l17_E2X_A_401,0.99032057,0,0.11542519,0.28636489,0.6151808,0.13968852,0
6l59_CIT_B_403,0,0.4324353,0.10146268,0.22646092,0.041312805,0.39751606,0
6l68_ALL_A_201,0,0,0.11995876,0.28706912,0.90275732,0.92068561,0.92053352
6l68_ALL_A_202,0.00076258625,0,0.10654004,0.24513775,0.24513817,0.28231689,0.0015928251
6l7v_3PO_A_302,0,0.90889819,0.10667325,0.24477437,0.51030105,0.5574012,0.00027034254
6l86_LMR_A_302,0,0.063331167,0.10483908,0.23507142,0.0059220457,0.55607106,0.6539197
6l86_LMR_B_302,0,0.0055025462,0.10576009,0.23720192,0.0029775904,0.62518665,0.8606717
6l86_LMR_B_303,0.0041605763,0.45918408,0.10074292,0.22387606,5.2428017e-09,0.40230841,0.0029716466
6l86_LMR_C_302,0.0034258343,0,0.11730084,0.28373155,0.94393725,0.33333231,0.0041471852
6l86_MLT_A_303,0,0.45473028,0.10084275,0.22419384,0.0060030823,0.40260402,0.0038394938
6l8a_BAL_C_504,0.97370188,0.9793028,0.10750604,0.25198656,0.20245014,0.77445714,0.78067883
6l8a_BAL_E_503,0.07984342,0.86044633,0.10724082,0.24946823,0.53487891,7.2360643e-08,6.7640213e-08
6lit_2OH_A_501,0.99498036,0.81148325,0.1177553,0.29402873,0.99420795,0.39382393,0
6lx5_C5F_A_502,0,0.45460022,0.10073795,0.22384045,0,0.40056949,0
6lx5_C5F_B_501,0.99204312,0.4558767,0,0.29333241,0.88411398,0.29266618,0
6ly4_TES_A_501,0.99030392,0.98696943,0.11656811,2.033707e-16,0.98631157,0.44464074,0
6m5m_NAG_A_202,0.00024894146,0.96336168,0.10201849,0.22208725,6.1126849e-05,0.95235714,0.99228549
6m5m_NAG_B_202,0,0.96075757,0.11492742,0.26877628,0.84963001,0.98380505,0.94115924
6m92_J8V_A_601,0,0.91713175,0.1003012,0.22187239,0.098659851,0.53378069,0
6m9b_BTN_A_201,0.9921411,0.98453752,0.11699515,0.29111026,0.99416538,0.4435807,0
6m9b_BTN_B_201,0,0.97831792,0.11379599,0.27030493,0.99271549,0.60735781,0
6m9b_BTN_C_201,0.99481187,0.98202831,0.11701272,0.29120079,0.99403961,0.4424123,0
6m9b_BTN_D_201,0.99366944,0.96285678,0.11704659,0.29132955,0.99107935,0.4369571,0
6md2_GW9_A_501,0.98498776,0.97140064,0.10172821,0.2361983,3.7605267e-07,0.37859854,9.0758768e-06
6md2_GW9_B_501,0,0.45460024,0.10073795,0.22384045,0,0.4005695,1.67707e-08
6mnh_JVD_A_301,0.99653529,0,0.12176954,0.98820015,0.98091392,0.16028431,0
6mpa_NAG_B_502,0.00029477578,0.45916958,0.10073902,0.22381289,7.807765e-05,0.40385716,0.0051221782
6mry_FLC_A_101,0.98769566,0.96231771,0.1030844,0.23928544,0.016340912,0.50322501,0.30527774
6mry_FLC_B_101,0.81909782,0.76706195,0.11772722,8.7353205e-31,0.8163096,0.80410251,0.97431607
6mry_FLC_I_102,0,0.85664241,0.10897381,0.24861219,0.47518284,0.8513472,0.75280187
6mry_FLC_K_101,0.98904505,0.93893257,0.10217538,0.2378106,0.0094543097,0.36929401,0.018606391
6mwl_K5G_A_301,0,0.98274612,0.10581855,0.2416364,0.47563187,0.57614335,0
6mwl_K5G_B_301,0.98814662,0.6158078,0.11219696,0.27416221,0.58065383,0.31510573,0
6n0z_DP6_A_401,0,0.72801216,0.11763452,0.27888421,0.97007,0.91600782,0.90964942
6n0z_DP6_B_401,0.98471677,1,0.11951506,0.29477888,0.96379025,0.81627863,0.88943597
6n0z_DP6_C_401,0,1,0.10799869,0.24414865,0.42066499,0.94637124,0.89377971
6n0z_DP6_E_401,0.97835863,0.64872277,0.11792802,0.29316343,0.90992776,0.44965322,0.24550605
6n9r_OHN_P_308,0,0.2310467,0.10804752,0.25027029,0.41667752,0.36977282,0
6nba_P1T_B_501,0,0.45460022,0.10073795,0.22384045,0,0.40056949,0
6nba_P1T_C_501,0.98408643,0.39525634,0.1193397,0.29995228,0.98811926,0.28516626,2.3587361e-06
6nba_P1T_D_501,0,0,0.11777039,0.28542762,0.97476192,0.33190423,0
6nbw_LAB_A_403,0,0,0.11811901,0.28668926,0.99749101,0.33273931,0
6ncx_ADA_B_601,0,0.4548488,0.10075394,0.22389261,0.00091774808,0.40104967,0.00084903012
6ncx_ADA_C_601,0,0.4551933,0.10075428,0.22389111,0.00094015983,0.40131169,0.0012575475
6ng5_KMD_A_803,0.80596235,0.84017866,0.10177616,0.23484404,0,0.36586639,0
6nga_KL7_A_803,0,0.45459982,0.10073797,0.2238405,7.403723e-07,0.40056944,0
6nga_KL7_B_804,0,0.45459772,0.10073804,0.22384074,4.6654064e-06,0.40056915,0
6ngp_KKY_A_803,0.86967087,0.87065476,0.10185831,0.23571414,4.7234139e-06,0.36312288,0
6ngp_KKY_B_803,0.96855217,0.91796283,0.1019856,0.23706384,2.9304963e-08,0.3588656,0
6ngu_KMJ_B_803,0.73171411,0.80465774,0.10168052,0.23383035,0,0.36906337,0
6nh0_KND_B_803,0.94546941,0.90691988,0.10195587,0.2367487,3.7608893e-09,0.3598595,0
6nhd_KNV_A_803,0.97458954,0.74180768,0.10255758,0.24048174,3.887511e-08,0,0
6nhd_KNV_B_803,0.61085218,0.74683649,0.10152483,0.23218025,5.2273014e-12,0.37426744,0
6nig_NAG_A_604,0,0.25708944,0.10135198,0.22750283,1.3383661e-05,1.3131533e-05,3.1525341e-05
6nig_NAG_A_605,0.092778866,0.49898633,0.10085747,0.22510714,1.3892135e-08,0.39657463,1.0173681e-08
6nig_NAG_B_803,0,0.45460049,0.10073795,0.22384045,2.7718025e-08,0.4005697,3.1926119e-07
6nig_NAG_C_802,0.030090878,0,0.10285641,0.23218668,7.5100423e-07,0.26136378,1.3019599e-08
6nig_NAG_D_602,3.2248292e-05,0.45461,0.10073828,0.2238419,1.6289119e-05,0.40056918,3.5406834e-06
6nni_CP6_A_203,0.99389583,0.989564,0.11698249,0.29107656,0.99439024,0.4447334,0
6nni_CP6_B_203,0.99069624,0.99058239,0.1169626,0.29097411,0.9940562,0.44553663,0
6nnn_G1P_A_503,0,0.8018727,0.099285837,0.21832513,5.7281713e-08,0.49515936,0.00096546167
6nnp_G6P_A_502,0.94313773,0.88132966,0.10535246,0.24311186,0.00010054437,0.7635406,0.97290531
6nsu_DYA_A_402,0,0.90184971,0.098886003,0.21673781,0,0.5276651,0.010686055
6nyo_U94_A_301,0,0.98537485,0.11537824,0.27146344,0.92698156,0.91981134,0.75828904
6o04_DNA_A_601,6.0293111e-05,0.45497709,0.10073806,0.22383869,4.4221977e-06,0.40082572,0.00040150315
6o04_DNA_B_601,0.0005838815,0.99467557,0.098449816,0.21515123,0,0.54973712,0.00040008891
6o04_DNA_C_603,0,0.45477534,0.10073793,0.22383902,0,0.40069901,0.00020066346
6o04_DNA_D_603,0.00058579621,1,0.10150704,0.22082688,1.6718269e-05,0.92041043,0.89030773
6o2z_LJV_A_500,0.98556962,0,0.12124695,0.30723894,0.99444416,0.16430145,2.1512187e-09
6o2z_LJV_B_500,0.98356638,0,0.11896968,0.29903748,0.84689974,0.15536975,1.0386905e-06
6o5m_G8K_B_506,0.63976748,0,0.10700797,0.24906921,0,0.42120458,0.63066326
6ock_9KL_A_602,0.99487708,0.93050292,0.10202128,0.23742962,0.00010056827,0.35772467,0
6ofr_BOG_A_801,6.755853e-09,0.44397917,0.10114227,0.22528901,0.023062997,0.40016109,0.0020081832
6ofr_BOG_A_803,0,0.4544553,0.10074269,0.22385758,0.00027012175,0.40054953,1.8185546e-10
6ofr_BOG_A_804,0,0.45421457,0.10075056,0.22388604,0.00071881402,0.40051636,1.9470265e-11
6ofr_BOG_A_805,1.6278771e-08,0.15842019,0.10207235,0.22893999,2.2532843e-10,0.31150513,8.0192568e-09
6ofr_BOG_A_806,1.7497465e-10,0.45458878,0.10073833,0.2238418,2.1324041e-05,0.40056792,7.0532008e-10
6ofr_BOG_A_807,0.79017682,0,0.10531086,0.24814298,2.4961561e-07,0.13446626,7.8318103e-08
6ooi_PGA_A_301,0.92030802,0.95526312,0.11840442,0.2914356,0.93821991,0.72842675,0.68629142
6ooi_PGA_B_301,0.98859826,0.97005871,0.11682116,0.29004105,0.96352225,0.467644,0.071158905
6ooi_PGA_C_302,0,0.96086329,0.11568498,0.27343757,0.97204413,0.85656089,0.61582659
6ooi_PGA_D_301,0.99094368,0.97571874,0.11859874,0.29310756,0.95421701,0.70053626,0.63102214
6ooi_PGA_E_301,0.98413419,0.91870723,0.11731585,0.29150865,0.97022802,0.47614996,0.12410474
6ooi_PGA_H_302,0.98955924,0.95599085,0.1179735,0.29140984,0.92883191,0.65572628,0.53983538
6oph_6QB_A_401,0,0.15002069,0.11069684,0.25984967,0.5677005,0.3586107,0
6p9t_O5D_A_307,1.7834601e-05,0.45460875,0.10073798,0.22384069,1.5596822e-09,0.40056873,2.0627904e-09
6paf_O6A_A_509,0.98378176,0.72709729,0.10848421,0.26069843,0.36933115,0.33091255,0
6pdd_O9S_A_803,0.98388279,1,0.10501837,0.24209717,4.2141736e-09,0.79656944,0.98747259
6pk1_3PY_A_502,0.99504973,0.88656192,0.10346097,0.24263679,0.082156728,0.35165299,8.2027209e-07
6pk1_PLP_A_501,0.96975824,0.93649511,0.1159517,0.28713053,0.91508531,0.43317748,0.010868952
6pk1_PLP_B_501,0.9891685,0.93665424,0.11637714,0.28884431,0.93881311,0.43126423,0.010367014
6pmv_M16_A_803,7.8065312e-09,0.45459775,0.10073803,0.22384074,4.6073657e-06,0.40056915,0
6pmv_M16_B_803,0.96203394,0.9148431,0.10197725,0.23697501,2.5545968e-06,0.35914607,0
6pn9_OU7_A_803,0,0.45459741,0.10073805,0.22384078,5.2374488e-06,0.40056911,0
6pn9_OU7_B_803,0.53555805,0.71081521,0.10142784,0.23115228,7.8365214e-11,0.37750945,0
6pna_M16_A_803,0.98512807,0.92589219,0.10200698,0.23729023,1.2825517e-06,0.35815178,0
6png_OSG_A_802,0.98981277,0.92813902,0.10201314,0.23735457,8.5792804e-06,0.35795659,1.0934366e-05
6png_OSG_A_803,0.21349137,0.51817968,0.10227365,0.23131356,0.071864658,0.38606547,1.3882327e-08
6png_OSG_B_801,0.44401434,0.60087028,0.10347282,0.23772308,0.12329537,0.37233838,1.965683e-08
6po9_OS7_A_803,0.26412292,0.58095861,0.10107819,0.22744645,8.3485485e-12,0.3891969,7.5325515e-14
6po9_OS7_B_804,0.40392794,0.64784238,0.10125828,0.22935517,8.5416241e-12,0.38317717,8.7493072e-12
6q4k_HHW_A_302,0.96633229,0.97261115,0.1016636,0.23578988,5.9196144e-05,0.38205778,0
6q4r_HJ5_A_1009,0,0.54100401,0.1007248,0.22313433,0,0.46447277,0.099005259
6q4r_MLT_A_1041,0,0,0.10277857,0.23159113,0,0.26870571,0.0055882558
6q4y_MAN_A_402,0.0028326016,0,0.1077553,0.2436962,0.10381571,0.6786505,0.97919966
6q4y_MAN_B_402,0.091252207,0,0.10713025,0.24233123,0.046564699,0.65676361,0.97069181
6qa7_HTW_A_901,0,0.27052005,0.10675685,0.24560352,0.34310385,0.37521066,0
6qa7_PLP_A_902,0.99308094,0.95106431,0.10229934,0.23823147,0.025386994,0.38097331,0.019108435
6qaw_HVE_A_402,0,0.97889613,0.11344325,0.27113017,0.99028299,0,0
6qdb_HWQ_A_1002,0,0,0.10275923,0.23155497,4.5346732e-07,0.26638748,0
6qdb_HWQ_A_1003,0.98756333,0,0.10594826,0.25228666,7.572648e-09,0.10151223,0
6qdc_HXE_A_1003,0.95424498,0.010210932,0.1057964,0.25141868,1.6308105e-07,0.10998283,0
6qdc_HXE_A_1004,0.0014868794,0.94070004,0.09894449,0.2169896,0.016836085,0.53510568,0
6qde_HWW_A_503,0,0.87217611,0.098977675,0.21715842,0,0.51478108,0
6qhu_FAH_A_401,0.95298176,0.95389507,0.11826077,0.29175796,0.93570513,0.63294804,0.63294804
6qli_4LR_A_301,0,0.8430435,0.10027112,0.22183265,0.075820346,0.51127115,6.0391719e-05
6qni_GLC_A_402,0,0.47310111,0.10073567,0.22369106,3.0515154e-05,0.4142624,0.021217893
6qnj_GLC_A_402,0.98690736,0.94343228,0.1020072,0.23717972,2.8243893e-05,0.37042677,0.019139398
6qo4_97T_A_301,0.33094554,0.99258974,0.11456402,0.27808747,0.99576951,0.00093715661,0.00093734222
6qol_JB5_A_301,0.99391945,0.99184126,0.10168039,0.23609144,0.00077986611,0.38297401,0
6qor_JBK_A_301,0.99854079,0.92760039,0.10217821,0.23803002,0.0087774616,0.35692561,0
6qor_JBK_B_301,0.99780293,0.92651625,0.10220117,0.23810639,0.010140233,0.35685666,0
6qot_6SD_A_301,0.99085635,0.99076658,0.11696413,0.29098096,0.9941742,0.44556977,0
6qot_6SD_B_301,0,0.99433931,0.11375204,0.27013214,0.99437303,0.61202476,0
6r0i_JNB_A_901,0.99443317,0.99332085,0.12031307,0.29714959,0.98931382,0.85570165,0.98906135
6r4j_GLU_A_704,0,0.45460022,0.10073795,0.22384045,0,0.40056949,0
6r5o_BGC_A_801,0,0,0.12118507,0.29219707,0.98725877,0.71569079,0.93359819
6r5o_BGC_A_802,0.0020964094,0.45560365,0.10074066,0.22386907,1.0989753e-07,0.40047962,6.2702144e-07
6r5o_BGC_B_801,0.99279429,0.90896179,0.10547015,0.24462787,0.029728356,0.71957329,0.86344889
6r6i_H50_A_201,0,0.78044657,0.10300515,0.23171492,0.23584167,0.50346883,0
6r6i_H50_B_201,0.76088164,0.73789396,0.10435733,0.2437715,0.15044841,0.35668782,0
6r73_LMP_A_301,0,0,0.10275923,0.23155493,0,0.2663904,0
6r73_LMP_B_301,0.47154947,0.65268529,0.10224481,0.23353052,0.051271179,0.37647607,0
6r7w_CIT_A_406,0.96275909,0.92868159,0.10303179,0.24044447,0.060461382,0.38861461,0.052627004
6rbo_JXQ_A_302,0.77378289,0.94318625,0.10095359,0.23293531,0.00037822043,7.5561634e-05,2.5258768e-06
6rbr_JXN_A_302,0.98075432,0.95237674,0.10209242,0.23748492,0.019195882,0.37508917,0
6rgg_K3Q_A_401,0,0.4700715,0.10105164,0.22478274,0.018100136,0.41785623,0.028854947
6rgg_K3Q_A_402,0.00075329736,0.45645017,0.10075078,0.22387942,0.00069195418,0.40186215,0.0021321993
6rgg_K3Q_A_403,2.8875836e-06,0.45448431,0.10074184,0.22385453,0.00022155766,0.40055416,1.8063713e-06
6rgg_K3Q_B_401,0.034880406,0,0.10298127,2.0501253e-49,0.01816007,0.27057446,0.020266255
6rgg_K3Q_B_402,0.0071367634,0.45792974,0.10075014,0.22394865,0.00017064237,0.40025461,7.7819968e-06
6rgg_K3Q_B_405,0.081699856,0,0.11818215,0.28773563,0.9848106,0.31486708,0.00064653271
6rhc_K48_A_305,0.9953123,0.96944913,0.12021337,1.444832e-25,0.9896873,0.98979112,0.98957485
6rhk_K4B_A_302,0,0.10496812,0.11216993,0.26517606,0.6516732,0.35240427,0
6rlt_MLI_A_508,0.99526779,0.54215619,0.11499346,0.28060709,0.59734535,0.5531333,0.62911768
6rlt_MLI_B_511,0.96251104,0.38015543,0.1166671,0.28641803,0.66561134,0.51991261,0.63673615
6rlt_MLI_B_512,0.98949235,0.81859592,0.10780427,0.25233846,0.12911536,0.751373,0.9857655
6rq3_OUC_A_401,0.028560803,0.46825974,0.10077488,0.22423088,7.8062697e-06,0.39933914,0
6rum_TOP_A_301,0.99616858,0.9743454,0.11640965,0.28900775,0.95067302,0.44047084,0.0077059447
6s23_KSW_A_402,0.22710281,0.97221637,0.099277314,0.22027475,2.0806847e-06,0.50535726,0
6s23_KSW_A_403,0.20075418,0.99324105,0.09931459,0.22014178,0.013875394,0.5166153,0
6s23_KSW_B_402,0.21864376,0.97933453,0.099219198,0.21997989,6.1288765e-06,0.508797,0
6s37_SAL_A_601,0.99590925,0.9883116,0.10279934,0.23822356,0,0.51453667,0.32047915
6s39_K5Z_A_301,1.0010585e-05,0.97379937,0.11327689,0.26844398,0.95771196,0.60387085,4.51464e-10
6s51_KVQ_A_901,0.92601743,0.99396802,0.11676265,0.28964522,0.99558929,0.45739538,3.1062005e-08
6s7u_KZK_A_501,0,0.45460022,0.10073795,0.22384045,3.3737824e-11,0.40056949,0
6s7u_KZK_C_501,0,0.020170574,0.11494257,0.27520134,0.80972588,0.34072258,0
6sds_L8N_A_302,0.98422833,0.98793427,0.11693817,0.29082805,0.99307996,0.44580097,0
6si4_LEK_A_402,0.94630379,0.99375653,0.11665551,0.28945089,0.98431142,0.45323998,0
6si4_LEK_B_402,0.95633218,0.99317932,0.10154136,0.23523771,9.7879364e-06,0.38958197,0
6sj8_44V_A_901,0,0,0.11702762,0.28282391,0.92708296,0.32461318,0
6sj8_44V_B_901,0.99360757,0,0.11441655,0.2833677,0.55474017,0,0
6sjs_THH_B_901,0.9801108,0,0.11709606,0.29227277,0.72588721,0.14834601,0
6svu_BEN_A_302,0.99585252,0.99658208,0.12118739,0.99661402,0.99395164,0.9950621,0.99496937
6sxr_KHP_A_506,0.97275358,0.91716813,0.10208272,0.23745279,0.0052276365,0.35829832,0
6sxr_KHP_A_507,0.98652342,0.26213176,0.11907729,0.30012245,0.94253946,0,0
6sxr_KHP_A_513,0,0,0.11775269,0.28536358,0.97360822,0.33186184,0
6syz_M1E_A_601,0.99781947,0.9932638,0.1051485,1.8325536e-50,0.010496457,0.99742835,0.9974067
6syz_M1E_B_601,0,0.99006114,0.11696375,1.1054798e-20,0.99566072,0.99583611,0.99606932
6sz3_M1H_B_601,0.00048584639,0.9731615,0.099310373,0.21826479,0.049964074,0.54659836,0
6szl_M3E_B_604,0.34560644,0.97528887,0.11492351,0.27760427,0.99260877,0.54878891,0
6szt_M4Q_A_601,0,0.30764856,0.101496,0.22673068,0.0045914643,0.35429338,0
6t02_M5E_A_601,0,0,0.10302632,0.23209691,0.0015942901,0.29555998,0.070080203
6t02_M5E_A_602,0.00016206908,0,0.10276043,0.23155963,2.5297171e-07,0.26644135,0.00019510753
6t02_M5E_B_601,0,0.99082976,0.099853957,0.2201965,0.090342279,0.55428467,9.0031431e-05
6t07_M45_B_601,0.00023881849,0,0.10276503,0.23157403,0.00017573677,0.26663734,0.00067186538
6t0a_M58_A_601,0.0026412827,0.99388745,0.098518049,0.21541884,0.0038696588,0.54924624,0
6t0m_GOZ_A_305,0,0.17965617,0.10972785,0.25634599,0.51246344,0.36269327,0
6t10_M6Z_A_601,0.99516666,0,0.12046671,1.9525586e-20,0.9613588,0.16119783,0
6t10_M6Z_B_601,0,0.45460022,0.10073795,0.22384045,2.2701391e-10,0.40056949,0
6t5p_VD8_A_302,0.99121313,0.88937562,0.12074563,0.29876663,0.98868421,0.82683241,0.98963038
6t5p_VD8_B_302,0,0.97990153,0.11135041,0.26151215,0.83411429,0.59811839,0.00065221674
6t5p_VD8_C_302,0,0.88272155,0.11766193,0.27836424,0.99362511,0.99219716,0.99316166
6tbx_N0Z_A_302,0,0.98603214,0.098572683,0.21559764,0.0057607347,0.5475688,0
6tbx_N0Z_B_302,0.99118029,0.98663721,0.1030314,0.24092497,0.087669676,0.38740636,0
6tbx_N0Z_C_303,0.99274841,0.85479171,0.10446078,0.2462312,0.13931925,0.34752666,0
6tbx_N0Z_D_302,0,0.98290155,0.099361481,0.21843484,0.056130628,0.54984071,0
6tfb_N6W_B_202,0.074752336,0.95043155,0.11424576,0.2726488,0.99839897,0.58729277,0
6tgi_N8Z_B_508,0.99641959,0,0.10626972,0.25352488,0.019028467,0.10122875,0
6tgl_LVP_B_201,0.98485135,0.98655078,0.10166208,0.23594539,1.9877009e-06,0.38293251,3.4512735e-07
6tof_NQE_A_201,0.99410309,0.98998999,0.10167701,0.23608274,1.8441739e-07,0.38236715,0
6toj_NQQ_A_201,0.97418721,0.67834609,0.1099158,0.26578843,0.45164225,0.32524205,0
6tor_PMP_A_504,0.98598829,0.98341715,0.10167931,0.23602087,0,0.38185001,7.0428982e-08
6tor_PMP_B_504,0,0,0.10582079,0.24255572,0.19892391,0.27888099,1.423287e-07
6tot_NRK_A_401,0,0.80746019,0.11476603,0.26857577,0.80648131,0.92194554,0.90011638
6tot_NRK_B_401,8.9394841e-07,0.77550965,0.11512307,0.27002781,0.82665079,0.90482745,0.87590499
6tt4_BMA_C_3,0,0,0.10275923,0.23155495,3.533859e-08,0.26638746,1.5582774e-08
6tt4_FT8_A_709,0.99238354,0.39876972,0.11936523,0.30011924,0.98896537,0.28474495,0
6tt4_FT8_B_711,0.43769216,0.13189958,0.1186998,0.29272372,0.99176423,0.30842197,0
6u30_PQM_A_501,0.88886852,0.96138617,0.10146121,0.23434571,0,0.39178991,0
6u6c_P1T_B_502,0.97466412,0.39604885,0.11915419,0.29919679,0.97823644,0.28630089,0
6u6c_P1T_D_505,0.97175868,0.39430235,0.11916211,0.29919927,0.97890094,0.28637688,0
6u6c_P1T_F_805,0,0,0.11784149,0.28574831,0.97996394,0.32793439,0
6u6c_P1T_H_504,0.93312254,0.37654756,0.1190885,0.29858559,0.97754211,0.2881409,0
6u6c_PZV_F_802,0.82493413,0.32400747,0.1189747,0.29720097,0.97899957,0.29269155,0
6ufd_Q6D_A_305,0.99286006,0.97896061,0.11076776,0.26874603,0.58782142,0.41635182,0
6uo7_QCP_A_504,0.9840092,0.95007497,0.11525639,0.28481815,0.87318732,0.42752542,0
6uqd_QF4_A_501,0,0.45460022,0.10073795,0.22384045,4.0563183e-10,0.40056949,0
6uqd_QF4_B_501,0,0.45551177,0,0.22372451,1.4150074e-07,0.40071667,0
6ur0_ETM_A_401,0.75018752,0.81349556,0.10170431,0.23408256,0,0.36826794,0
6ur0_ETM_B_401,0.98154439,0.96809039,0.10134648,6.1305219e-86,0.004351588,0,0
6urx_JMG_A_316,0.99728875,0.98789856,0.10638864,0.24644454,0.075619508,0.98976023,0.98906749
6uzr_QM1_B_301,0.017598742,0.98665208,0.11386063,0.27069472,0.99557091,0.60697255,0
6v1e_5SW_A_301,0.98806437,0.97313131,0.11641697,0.28900502,0.95424,0.43850533,0
6v8n_QS1_A_1704,0,0.99183913,0.11268763,0.26630985,0.92450931,0.6069249,0
6v9f_QTS_B_2001,0.99519611,0.99388312,0.1059646,0.25149549,0.2794519,0.40084447,0
6vei_9UO_B_502,0,0,0.11775923,0.28538724,0.97403451,0.3318775,0
6vmz_NAG_A_402,0,0,0.10379694,0.23528364,0.067424982,0.2706221,1.1336423e-11
6vmz_NAG_C_402,0,0,0.1027681,0.23158683,0.00057656782,0.26642366,1.0292973e-10
6vmz_NAG_E_402,0,0,0.10275927,0.23155511,2.8668874e-06,0.26638763,3.9733008e-10
6vmz_R3P_A_404,0,0.88964592,0.11347257,0.26922502,0.94672091,0.57921553,0
6vmz_R3P_E_403,2.4401517e-07,0.94925063,0.098643498,0.2158862,0,0.53673167,0
6vo2_R67_B_403,0,0.45460022,0.10073795,0.22384045,0,0.40056949,0
6vv1_RMJ_A_501,0,0.97525195,0.098531194,0.21545855,2.8041633e-05,0.54413859,0
6vv9_RQ1_A_202,0.0013911405,0.45526363,0.10073982,0.22385969,3.9642595e-06,0.4005093,1.368556e-09
6vv9_RQ1_B_304,0.49085464,0.65136041,0.10261498,0.23504263,0.07095495,0.37419,7.5524823e-10
6w0x_S6J_A_301,0.96992206,0.52577118,0.11483235,0.28352728,0.7322208,0.30468812,1.1301253e-08
6w0x_S6J_B_301,0.98126651,0.42103494,0.118449,0.29670636,0.93755264,0.28902355,6.2312273e-09
6wdv_TWM_A_701,0.9648928,0.86864687,0.11657922,0.28946735,0.94020952,0.41173576,0
6wdw_TWV_A_701,0,0.91347871,0.10856508,0.25156944,0.63457327,0.56639852,0
6wiw_I14_A_601,0.97131085,0.89293307,0.10402102,0.24438117,0.12974085,0.36667917,0
6wiw_I14_B_601,0.95102656,0.84863349,0.10215085,0.23751193,3.7073442e-06,0.34930107,0
6x9d_HYP_A_2002,0.97339818,0,0.12130576,0.30728385,0.9988529,0.17023742,0.0087431302
6xeb_V1P_A_411,0,0.45103016,0.10085469,0.22426252,0.0066541823,0.40007768,0
6xim_XLS_A_397,0.99491317,1,0.10231247,0.23728063,0.0029086705,0.46070239,0.18266953
6xim_XLS_B_397,0,0.53448821,0.10994154,0.25435154,0.52779664,0.63007402,0.4160084
6xim_XLS_D_397,0.99130531,0.95464934,0.10880452,0.26013662,0.38907336,0.50259609,0.26875162
6xp1_T2C_A_401,0.9852694,0.98470695,0.11730197,0.9375394,0.97282158,0.44217158,0
6xu3_GAB_B_402,0.0051727137,0.99025138,0.098655617,0.21594029,0.011252634,0.54825176,0
6xu3_PLG_B_401,0,0.82144061,0.11614671,0.2731376,0.88567603,0.95785649,0.96482165
6xu3_PLG_C_401,0.98334706,1,0.11990078,0.29605213,0.98537327,0.82481018,0.90618198
6xu3_PLP_D_401,0,0.7827092,0.11799721,0.27969183,0.99131844,0.96332205,0.98538643
6xzx_O5H_A_302,0.86854814,0.98847073,0.1141802,0.27983146,0.83830471,0.45554603,0
6xzx_O5H_B_302,0.97270403,0.98645791,0.11220734,0.27372248,0.6876984,0.42812492,0
6y4f_GLU_A_202,0.95041491,0,0.10908592,0.26320497,0.21139587,0.12148263,0.0011851029
6y4z_TLA_D_301,0.99618235,0,0.12125269,2.2365733e-32,0.97516837,0.17848104,0.17780734
6yaw_P9H_B_502,0,0.96220098,0.10894551,0.24876773,0.51745813,0.85987781,0.69172576
6yk5_PVK_A_312,0.99633508,0.39611683,0.11951887,0.30071034,0.99743363,0.28394891,0
6yk6_OUB_A_311,0.99551536,0.39717006,0.11947056,0.30052826,0.99473959,0.28418333,0
6yta_IYZ_A_702,0.98236373,0.9046758,0.11600263,0.2875262,0.90923012,0.41713424,0
6zac_QDE_A_4000,0,0.9478002,0.11356043,0.26948683,0.96881303,0.59716523,0
6zi7_QR8_B_502,0.92980244,0.92592633,0.11706299,0.29082297,0.99513931,0.43736041,8.0185423e-06
6zi7_QR8_C_502,0.053298546,0.92444065,0.11145968,0.26246003,0.81453428,0.57196035,8.5968832e-05
6zi7_QR8_D_502,2.0707183e-06,0.90169411,0.098860576,0.21671031,0.00070660118,0.52323209,7.9558799e-07
6zi7_QR8_F_503,0,0.91595984,0.11396861,0.27098156,0.98630957,0.58929734,0.00024415529
6zi7_RAM_D_503,0.007081322,0.41859403,0.10203572,0.22859646,0.073458542,0.39484829,2.0185657e-05
6zjw_GAL_A_1101,0.99808136,0.95277401,0.10235837,0.23815505,0.016058939,0.40327513,0.075118723
6zjw_GAL_A_1102,0.080685273,0.49654911,0.10084491,0.22492661,0.00020239148,0.39963718,0.0039612279
6zug_QPW_H_1001,0.99218168,0.39617345,0.1194467,0.30041202,0.99362453,0.28440928,0
7a2h_QX2_A_401,0,0.9754679,0.098612069,0.21568974,0.0031100341,0.54851417,0.0099326878
7ak3_RH8_A_501,0,0,0.11801472,0.28631183,0.99069143,0.33248949,0
7bp1_CAQ_A_401,0.99365204,0.99648061,0.12043257,0.29752725,0.99656832,0.86007253,0.99601565
7bp1_CAQ_C_401,0.99441545,0.99556071,0.11760912,0.2921991,0.99411729,0.52486314,0.1892896
7bzm_GIM_A_501,0.99316825,0.84724148,0.11607301,0.28793378,0.89535569,0.39810187,0
7c7g_FJR_A_402,0.99076541,0,0.10598494,0.25244855,0.0017118082,0.10108514,0
7c7g_FJR_B_402,0.99153711,0.99128371,0.10172091,0.23621519,0.0037554411,0.38339984,0
7cne_SIN_A_402,0,0.73499798,0.10006953,0.22120885,0.032297775,0.47774155,0
7cwd_GAL_A_902,0.92003339,0.44292045,0.10381209,0.24356239,4.5540684e-06,0.2391964,0.00064360178
7cwd_GLC_A_901,0,0.99043121,0.098680961,0.21598125,0.013983677,0.54943338,0.00022970443
7est_0Z2_E_1,0.97246926,0.94813664,0.116208,0.28813093,0.93689354,0.43290109,0
7jis_VBS_A_1101,0.99470933,0.93047663,0.1020193,0.23742095,0,0.35773933,0
7jo3_VGS_A_302,0.98560844,0.97441824,0.12043115,0.29748003,0.99243681,0.85397217,0.99384505
7joc_ARZ_A_302,0.98923768,0.98719574,0.11620855,0,0.96316359,0.4434273,0
7kje_NRD_A_405,0,0.49432096,0.10073191,0.22351584,0,0.42994651,0.045513768
7kjg_BTM_A_406,0.98037926,0.97567133,0.10169478,0.23603098,0,0.38058043,0
