PDB_CCD_ID,surfdock,unimol,diffdock,diffdock_l,gnina,autodock,smina
19gs_BSP_A_210,0.007388756,0.98557239,0.10149377,0.11729367,0.0039881531,0.16442959,3.9076459e-06
1a49_OXL_A_533,0.98958419,0.93781074,0.1058192,0.11172576,0.00010669079,0.1701896,0.064233496
1a49_OXL_D_2333,0.99569192,0.96645288,0.10625217,0.1119242,9.8789352e-05,0.17130109,0.082161587
1a59_CIT_A_379,0,0.93714712,0.10101909,0.1172707,0,0.16335178,0.0063502094
1a9r_HPA_A_290,0,0,0.096044526,0.13454387,0.9870541,0.16484929,0.22012759
1ac4_TMT_A_296,0,0.98176216,0.10410035,0.13321177,0.95959659,0.18186654,0
1aej_NVI_A_296,0.82686768,0.98628294,0.10513365,0.11273376,0.04936543,0.16937036,0
1aer_TIA_B_700,0,0,0.092315525,0.11898906,0.19126473,0.14518082,0
1aia_PMP_A_411,0.21621794,0,0.10188634,0.14035142,0.95144949,0.18213329,0.95587966
1aiq_CB3_A_266,0.93128278,0,0.096292073,0.11290372,0.18852995,0.14977927,0
1aiq_UMP_A_265,0.97899523,0.81022196,0.10646494,0.12577402,0.90941846,0.18188841,0
1aiq_UMP_B_266,0.96432939,0,0.098451771,0.12466519,0.90938269,0.16319155,0
1aj8_CIT_A_1000,0,0.93700491,0.1075319,0.12740102,0,0.18524096,0.96176815
1ajs_PLA_A_415,0.9487998,0.96056931,0.11200836,0.13339121,0.9641239,0.19979,0.59314122
1amq_PMP_A_413,0,0,0.093087984,0.12357249,0.4671525,0.1502509,0
1anc_BEN_A_384,0.010602554,0.8829061,0.10048892,0.11705412,4.0040124e-06,0.16201255,3.0732622e-07
1aog_MAE_A_501,0.99516562,0.89660671,0.10524879,0.11136447,0.0026800362,0.16865499,0.036085493
1aua_BOG_A_1,0,0,0.091780002,0.11581151,1.1729994e-07,0.1416659,0
1aua_BOG_A_2,0.15718129,0,0.092452454,0.11479209,9.016949e-09,0.1424505,0
1axg_ETF_A_404,0,0.95193289,0.11006399,0.14252701,0.92941759,0.20193611,0.92999069
1axg_ETF_B_404,0.99135464,0.98447323,0.1150965,0.13750705,0.9805795,0.20967766,0.97820694
1axg_ETF_C_404,0.99069673,0.96246439,0.11439902,0.13602401,0.92264914,0.20704025,0.93178758
1axg_ETF_D_404,0.41097855,0.97108532,0.1119852,0.14024558,0.96158857,0.2046324,0.91311732
1bcs_ARG_A_426,0,0,0.091780002,0.11581151,7.4498829e-08,0.1416659,0
1bit_BEN_A_246,0.97175269,0.82239164,0.10387476,0.11071042,0,0.16510927,0
1bit_BEN_A_247,0.010075766,0.83814091,0.10026396,0.11827599,0.077347776,0.16240235,1.7893769e-07
1bo8_U_A_318,0.95434796,0,0.098628233,0.12603035,0.98765853,0.16458023,0
1bqp_MAN_B_401,0.97770897,0.96333196,0.11497229,0.13798444,0.99689744,0.20974591,0.99227775
1ca7_ENO_A_501,0,0.90604403,0.10701959,0.13895867,0.97297985,0.1925539,0.53163124
1ca7_ENO_C_701,0.97770249,0.90243739,0.1140852,0.13696963,0.95822014,0.20702634,0.96569604
1cdk_MYR_A_403,0.97867701,0,0.10312665,0.13221017,0.94718211,0.17910681,0.66112392
1cdk_MYR_B_403,0.9745238,0.88011681,0.11342082,0.13477298,0.83482987,0.20393986,0.95304053
1cgk_NAR_A_390,0,0,0.091780002,0.11581151,0,0.1416659,0
1cib_HDA_A_437,0,0.93051469,0.11011385,0.1432554,0.95844255,0.20257798,0.956209
1cib_IMP_A_440,0,0.72986765,0.10001453,0.11865119,0.00021334828,0.1621104,0.1569563
1ck6_SHA_A_900,0.98848707,0.98775244,0.10570129,0.11086762,3.130899e-07,0.16930369,1.881675e-09
1cq1_BGC_B_455,0.66765475,0.77424877,0.10235743,0.11289497,0.00039786642,6.5250751e-05,0.019424027
1d3g_ORO_A_399,0.20925065,0,0.09313335,0.11717276,0.16362501,0.1457174,0
1d6u_HY1_A_2001,0.99426473,0.99667157,0.10864419,0.12744928,0.99548726,0.18797774,0.0063647831
1d6u_PEA_A_2003,0.99015159,0.97472167,0.10558058,0.11083764,9.891639e-06,0.16901269,8.737185e-07
1d7a_AIR_A_300,0.67609753,0.78992165,0.10263635,0.11305509,0.0020084039,0.16400255,0.03001733
1d7a_AIR_B_350,0.95471767,0.81891276,0.10379024,0.11085874,0.0024426256,0.1650259,0
1d7a_AIR_C_400,0,0.72990499,0.10001378,0.11864696,1.1507757e-06,0.16210566,0.15688037
1d7a_AIR_D_450,0.97994517,0.82370658,0.10391684,0.11065836,1.5505939e-06,0.16516664,0
1daf_DSD_A_225,0.87448279,0.98706643,0.10528189,0.11172272,0,0.16897112,0.011009728
1dai_DSD_A_225,0.89260721,0.98709623,0.10528467,0.11148849,0,0.16881002,8.9489172e-07
1diw_GAL_A_1400,0,0.97379023,0.10134451,0.11728322,0.0009117094,0.16408749,0.00096965744
1dna_CB3_A_601,0,0.72990519,0.10001378,0.11864693,1.4744818e-11,0.16210563,0.15687996
1dna_CB3_B_602,0.91066295,0.80463493,0.10366806,0.11180723,0.037427377,0.16543737,0
1dpm_EBP_A_900,0,0.74387868,0.10078808,0.12704785,0.60968361,0.16997399,0.00024718902
1dpm_EBP_A_901,0.00036292408,0.9780366,0.10137859,0.11726184,5.190402e-06,0.16414804,4.2039891e-07
1dpm_EBP_B_902,0.75421767,0.91797723,0.10490974,0.1136775,0.00014395142,0.16954083,0.10853671
1duc_DUD_A_201,0.49790609,0,0.094030093,0.11329405,0.042842225,0.14493863,0
1dxy_COI_A_404,0.96684591,0.94556853,0.10590442,0.11211997,0.0057999504,0.17066296,0.077669421
1dy3_87Y_A_201,0,0.97766173,0.11086712,0.14412851,0.98708305,0.20489523,0.9870738
1e26_GPB_A_208,0.61697191,0.98369541,0.10660099,0.12827658,0.90321794,0.18395464,0
1e2j_THM_A_500,0.98420793,0.82445838,0.10394075,0.11063505,0.0002166641,0.16520375,0
1e2j_THM_B_500,0.98410595,0.80579661,0.10405979,0.11180688,0.068098697,0.16632464,0
1e2s_CSN_P_701,0.89353797,0.29911644,0.098620676,0.11095229,0.029593188,0.15354524,0
1e48_13P_P_302,0.85673679,0,0.097775946,0.12408337,0.83234214,0.1612393,2.6846964e-05
1e5f_PLP_A_405,0.4238894,0,0.093593482,0.11306234,0,0.14378183,0
1e5f_PLP_B_405,0.39337695,0,0.098984015,0.13401168,0.99235377,0.17108335,0.4022451
1e7h_PLM_A_1007,0.99092652,0.96956467,0.10628433,0.11199275,0,0.17142192,0.085396574
1e8g_FCR_B_601,0.99606219,0.97599423,0.10580499,0.11190866,0.066671352,0.17029648,0
1e8m_P0H_A_724,0.97430306,0.88926204,0.10529259,0.11448274,0.22087112,0.17102809,0
1ei6_PPF_A_410,0.97993212,0.83340009,0.10801453,0.12197976,0.43038769,0.18255998,0.39004258
1ei6_PPF_C_413,0,0.85570918,0.10044672,0.11813678,0.051749333,0.16270603,0.018355649
1ei6_PPF_D_412,0.99636031,1,0.11534312,0.13752686,0.97372118,0.21024286,0.99170829
1eow_U2G_A_130,0,0,0.09337951,0.12530227,0.57127266,0.15216434,0
1euu_GAL_A_2,0.052775123,0.74695083,0.10105625,0.12030831,0.08592342,0.1656523,0.20369578
1eyw_PEL_A_404,0.0035114931,0.96758981,0.10171604,0.11975651,0.15232892,0.16672292,0
1eyw_TEN_A_403,0.98636349,0,0.096940072,0.1149932,0.33580396,0.15276071,0
1f5f_DHT_A_253,0.98975694,0.99476085,0.10856888,0.12744452,0.99767391,0.18780567,0
1fdk_GLE_A_150,0,0,0.091780002,0.11581151,6.3696569e-10,0.1416659,0
1fds_EST_A_350,0.99721255,0.82300974,0.10401946,0.11073521,0.011396672,0.16545486,0
1fm8_DDC_A_501,1.2272612e-05,0.99245385,0.10151854,0.11728543,6.0014969e-08,0.16447756,0
1foi_14W_A_810,0,0.99540042,0.10154741,0.11728993,2.4001213e-06,0.16454527,1.1915409e-07
1foi_14W_B_810,0,0.99301916,0.10152404,0.11728635,8.0473767e-08,0.1644905,5.5407762e-08
1fp2_HMO_A_2000,0,0.92100725,0.10081742,0.1171794,3.7590801e-09,0.1628353,0
1fqo_F6R_B_2268,0.94851056,0.94831394,0.10779901,0.12578906,0.8639032,0.18486996,0.034743563
1fs5_16G_A_1267,0.22979798,0.97451995,0.10232563,0.11576851,1.2464404e-07,0.16521238,5.5937244e-08
1fsa_F6P_A_338,0.98133986,0.91052122,0.10556443,0.11216862,0.029052086,0.16994301,0.060937092
1fsa_F6P_B_338,0.96123392,0.27271256,0.10175092,0.12640013,0.9842941,0.171821,2.1935784e-05
1fuq_CIT_A_1001,0.7328087,0.79533585,0.10284875,0.11254299,1.6959119e-05,0.16411334,0.018603246
1fuq_CIT_B_1002,0.42350044,0.9669304,0.10307991,0.11450108,2.677879e-06,0.16600504,6.8308857e-06
1fwn_PEP_A_1268,0,0.029137877,0.095293134,0.13122754,0.91753597,0.16076085,0.0030251786
1fwn_PEP_B_2268,0.9953144,0.33783242,0.10218304,0.12459442,0.882534,0.17147322,0.0020633448
1g4s_TPS_A_2001,0.98867079,0.9833517,0.10844044,0.12733072,0.99070117,0.18743567,0.0011261879
1g4s_TPS_B_2002,0,0.98254196,0.1081702,0.12776641,0,0.1869311,0.98985005
1g6n_CMP_A_621,5.0567369e-07,0.99572185,0.10433788,0.1338291,0.99550708,0.18284735,0
1g6n_CMP_B_622,0,0.99243928,0.10429682,0.13377171,0.99234586,0.1827138,0
1g6t_S3P_A_601,0.99198286,0.96177999,0.11342659,0.12833225,0.41918545,0.19925208,0.99609102
1g72_PQQ_A_701,0,0,0.10131236,0.14279816,0.99211557,0.18259841,0.99066592
1g72_PQQ_C_703,7.0264733e-06,0,0.10132557,0.142825,0.99263592,0.18264741,0.99238536
1g79_PLP_A_260,8.7059167e-05,0.90095242,0.1006358,0.11723053,0.0047690718,0.16246729,0.00021267812
1g8z_GAL_D_104,0.94144543,0.81745295,0.10371938,0.11090702,0.00023796911,0.16490061,0
1g8z_GAL_G_104,0.99236488,0.49697129,0.1026234,0.11957613,0.56838283,0.16879217,3.1325451e-07
1g8z_GAL_H_104,0.96352562,0.82086348,0.10383333,0.11077388,0.00068052065,0.16506167,0
1gck_PLP_B_913,0,0.72990519,0.10001378,0.11864693,0,0.16210563,0.15687996
1gey_PPE_A_413,0,0.31350552,0.096120891,0.12230877,0.36071842,0.15609757,0
1gim_HDA_A_438,0,0.95115893,0.10320904,0.12935051,0.72330822,0.17705793,0.010349419
1gim_IMP_A_440,0,0,0.091780658,0.1158154,0.00023428362,0.1416702,0
1giu_ADE_A_300,0.98646955,0,0.096435102,0.11199356,0.1552893,0.14944387,0
1gkc_NFH_A_1448,0.99085417,0.97566059,0.10834437,0.12716108,0.98274896,0.18709784,0
1gsi_TMP_A_1210,0.97981491,0,0.096882369,0.11485953,0.32520119,0.15253317,0
1gsq_GDN_A_203,0.73101184,0.95409597,0.10426954,0.11248756,1.0867999e-07,0.16724496,5.0084023e-06
1gz5_G6P_A_901,0.70041485,0.79244604,0.10272338,0.11281252,1.6373853e-06,0.16402427,0.024710562
1gz5_G6P_B_901,0,0.72990497,0.10001378,0.11864696,1.2221562e-06,0.16210566,0.1568804
1gz5_G6P_D_901,0.82702458,0.80375129,0.10321318,0.11175786,1.2766772e-06,0.16437107,0.00081887082
1gz5_UDP_C_900,0.95703959,0.95589697,0.10784035,0.12636949,0.92366707,0.18538902,0
1gz5_UDP_D_900,0,0.96637626,0.10353144,0.13070908,0.81032892,0.17876976,0
1h0v_UN4_A_1299,0,0.93373407,0.103669,0.13337731,0.97385433,0.18102463,1.0691243e-08
1h18_DTL_A_9009,0.99448401,0,0.096149351,0.11004262,0.040986001,0.14738329,0
1h18_DTL_A_9010,0.99086552,0.79709795,0.10372281,0.11098875,0.019086985,0.16497613,0.013464461
1h18_DTL_B_9009,0.99240068,0,0.096025687,0.10937524,2.0181051e-06,0.14661972,0
1h18_DTL_B_9010,0.97209303,0,0.096088528,0.11039533,0.053475467,0.14750104,0
1h18_PYR_A_1001,0,0.98341294,0.10438921,0.13337232,0.9379037,0.1826263,0.048898879
1h1i_QUE_A_1358,0.99344516,0.27684498,0.1019561,0.12636654,0.99450636,0.17226014,0
1h1i_QUE_B_1356,0.99406393,0.81648581,0.10383916,0.11046605,0,0,0
1h1i_QUE_D_1357,0.99102434,0.82600235,0.10398055,0.11058894,0,0.16526013,0
1h1m_KMP_A_1360,0,0,0.095129055,0.13230016,0.98710826,0.16117781,0
1h1m_KMP_B_1358,0,0.72990519,0.10001378,0.11864693,0,0.16210563,0.15687996
1h1m_KMP_C_1358,0,0,0.09512038,0.13238755,0.99258705,0.16122224,0
1h48_C5P_A_203,0.99086604,0.2925087,0.1019886,0.12587598,0.9627664,0.17197411,0
1h48_C5P_B_901,0,0,0.095124907,0.13234195,0.98972785,0.16119905,0
1h48_C5P_E_901,0.98758089,0.29808416,0.101986,0.12569439,0.95012735,0.17183515,0
1h48_C5P_F_901,0.9961927,0.28734481,0.10200469,0.12605089,0.97576667,0.17213864,0
1h48_CDI_A_201,0,0,0.094564341,0.13232392,0.99373842,0.15993474,0.00028864406
1h48_CDI_B_902,0.90556716,0.96987863,0.11441668,0.1375371,0.96092771,0.20816779,0.9614032
1h48_CDI_C_902,0.89463906,0,0.10517151,0.13706192,0.99347825,0.18718298,0.99475667
1h48_CDI_F_902,0,0,0.094557479,0.13229109,0.99193123,0.15989547,2.4271278e-05
1h48_GPP_C_904,0.96648463,0.051061276,0.096660614,0.11107146,0.08741935,0.14927049,0
1h48_GPP_E_904,0,0.83435966,0.10016695,0.11823602,0.071346744,0.16215486,0
1h5r_G1P_A_1294,0.84403737,0.4854717,0.1011464,0.11694298,0.3542036,0.16354699,0
1h5r_G1P_B_1294,0.9828736,0.94365805,0.10797213,0.12701282,0.97336326,0.18615736,0.00032358229
1h5r_G1P_C_1294,0,0.72990234,0.10001384,0.11864726,1.6174966e-05,0.16210599,0.15688575
1h5r_G1P_D_1294,0,0.72990519,0.10001378,0.11864693,0,0.16210563,0.15687996
1h5r_THM_A_1292,0.99569826,0,0.096039835,0.1093541,1.6440774e-05,0.14663644,0
1h5r_THM_A_1293,0.98071657,0,0.09754635,0.11877056,0.56096788,0.15687043,0
1h5r_THM_B_1292,0.95763577,0,0.095877061,0.10960133,3.9230732e-05,0.14644686,0
1h5r_THM_C_1292,0,0,0.092246116,0.11857722,0.16647514,0.14472526,0
1h5r_THM_C_1293,0,0,0.091780678,0.11581551,0.00024132294,0.14167033,0
1h5r_THM_D_1292,0.98919434,0,0.097071049,0.11568014,0.37825773,0.15355503,0
1h5r_THM_D_1293,0.45179086,0,0.096457498,0.1291669,0.9802655,0.16193574,0
1h69_ARH_A_1275,0,0.72990516,0.10001378,0.11864694,1.7418503e-07,0.16210563,0.15688002
1h69_ARH_B_1275,0,0.030918566,0.095255949,0.13102189,0.90696923,0.16052785,0
1h69_ARH_C_1275,0,0.72990435,0.1000138,0.11864703,4.7567371e-06,0.16210574,0.15688166
1h7q_TYD_A_1258,0.55942237,0,0.094173673,0.11218543,0.00012674876,0.1444607,0
1h82_GZZ_A_590,0,0.72611941,0,0.11861175,0,0.16195214,0.15431583
1h82_GZZ_B_590,0.95906774,0.73877971,0.10525489,0.11935564,0.43630952,0.17449265,0.13201513
1h82_GZZ_C_590,0,0.68462474,0.10091683,0.12377755,0.25737024,0.16786281,0.24896823
1h8p_PC_A_1110,0,0.87982616,0.10317859,0.1335261,0.98762949,0.18003871,0
1h8p_PC_B_1110,0.98868054,0.91480008,0.10601608,0.11686841,0.36779961,0.174387,0
1h8p_PC_B_1111,0,0.9354496,0.10095951,0.1172031,0.00013547327,0.16316974,0
1hkn_N2M_D_5139,0.99528217,0.25884882,0.098577972,0.10974097,0,0.15258372,0
1ho5_ADN_A_1604,0.98369689,0.94587035,0.10592038,0.11184815,1.1532432e-06,0.17050342,0.071097103
1ho5_ADN_B_2604,0.97807602,0.97888497,0.10634548,0.11212836,6.0170552e-09,0.17165496,0.11377593
1hot_16G_A_269,0.00032804334,0.72993448,0.10001505,0.1186442,2.5018792e-08,0.16210653,0.15681807
1hot_16G_B_271,0.27312227,0.75429263,0.10107037,0.11637184,4.3482707e-07,0.16285379,0.10534128
1hq2_PH2_A_181,0.99671125,0.96316756,0.10828135,0.12730932,0.99507507,0.18706645,0
1hsb_ALA_C_1,0,0,0.091780002,0.11581151,0,0.1416659,0
1hsr_BHO_A_800,0.99664928,0.99188539,0.10577677,0.11082087,2.819143e-06,0.16943948,7.7953214e-10
1if4_FBS_A_555,0.99666889,0.98795365,0.10852428,0.12734579,0.99503764,0.18763526,0
1ij8_BNI_A_501,0.74154892,0.79581587,0.10288856,0.11250422,0.0017244195,0.16417548,0.017564883
1ij8_BNI_B_502,0.83194396,0.77123971,0.10388936,0.11545046,0.18729102,0.16857408,0.066903714
1iki_REY_A_400,0.85864645,0.32950106,0.10131028,0.12434577,0.81633863,0.16931955,7.6439142e-08
1iri_E4P_A_601,0.99636509,0.95515978,0.11305949,0.13238211,0.79336733,0.20139889,0.79536845
1iri_E4P_B_602,0.98966565,0.95990547,0.10614414,0.11193243,0.00065815938,0.17106504,0.079453344
1iri_E4P_C_603,0.99298605,0.96082443,0.11107582,0.12350419,0.323562,0.19049442,0.69132489
1iri_E4P_D_604,0.99168967,0.97216147,0.11471672,0.13585635,0.88063136,0.20762491,0.98105833
1isx_XYP_A_1461,0.032025759,0.96506034,0.1043827,0.13366424,0.97624465,0.18283102,0.038516264
1isx_XYP_B_961,0.94605276,0.97208371,0.10824146,0.12754747,0.97528673,0.18714131,0.021229635
1itw_ICT_A_743,0.98770296,0.82488015,0.10396118,0.11062658,0.0010421281,0.16524379,0
1itw_ICT_B_744,0,0.72748542,0.10006204,0.11892111,0.013753761,0.16241329,0.16180112
1itw_ICT_D_743,0.98668586,0.82464917,0.10395524,0.11063348,0.0010759672,0.1652354,0
1iwe_IMP_A_460,0,0,0.091780002,0.11581151,0,0.1416659,0
1iwe_IMP_B_1443,0.97852813,0,0.095997701,0.10965131,0.011203601,0.14675632,0
1iwe_IMP_B_1452,0,0,0.091782757,0.11582785,0.00098386525,0.14168398,0
1ixo_G3P_A_1001,0.86584543,0,0.095560468,0.11064821,0.027220164,0.14648818,0
1ixo_G3P_B_1002,0.83841247,0.35069264,0.10159919,0.12485327,0.82159133,0.1703302,0.024492461
1ixo_G3P_D_1004,0,0.72715456,0.10006864,0.1189586,0.015634324,0.16245536,0.16247399
1j0n_CEG_A_780,0,0,0.091780025,0.11581164,8.1131681e-06,0.14166604,0
1j0y_BGC_B_2601,0.9543416,0.98244992,0.11483161,0.13681796,0.91602912,0.20857621,0.99200104
1j0y_BGC_C_3601,0.99731894,0.58467341,0.10647053,0.12943546,0.99471414,0.18456593,0.25181758
1j0y_BGC_D_4601,0.99550916,0.9816682,0.11524708,0.13790754,0.99544638,0.2103061,0.99561829
1j3i_UMP_C_611,0.95413995,0,0.098579417,0.12574732,0.9705415,0.16426462,0
1j3i_UMP_D_711,0.98312368,0,0.098719461,0.12565456,0.97627229,0.16451462,0
1j3i_WRA_A_609,0,0.99015522,0.10318551,0.12730707,0.60342269,0.17551412,7.4726446e-06
1j3i_WRA_B_709,0.97842315,0.99489507,0.10671884,0.11682053,0.35374769,0.17591875,8.4858114e-06
1j3k_UMP_C_611,0.98438715,0,0.098776725,0.12595407,0.99479399,0.1648613,0
1j3k_WRA_A_609,0.97624103,0.9934278,0.10979476,0.12931401,0.97867757,0.19189533,0.19799587
1j3k_WRA_B_709,0.98990463,0.99566085,0.10629982,0.11234061,0.054633894,0.17171277,0.05307699
1j54_TMP_A_2000,0.98734221,0,0.098666147,0.12520377,0.95078537,0.1640673,0
1ja9_PYQ_A_406,0,0.97089405,0.10134611,0.11748594,0.013991928,0.16423908,0
1jf0_CZH_A_197,2.1247351e-08,0.99184997,0.10429725,0.1338077,0.99456484,0.18274104,0
1jho_NIO_A_991,0.74250038,0.99493667,0.10668102,0.12411296,0.70059852,0.18111603,0
1jhv_NIO_A_991,0.74166281,0.99598565,0.10749466,0.12890795,0.98879985,0.18643232,0
1jhv_PCR_A_990,0.99831,0.99501148,0.1058298,0.11090519,0.0054470704,0.16961967,0
1jl0_PUT_A_401,0.045505925,0.90215522,0.10628483,0.13670269,0.92656634,0.18928007,0.41996822
1jla_TNK_A_999,0.9910065,0,0.098781929,0.12577399,0.9865385,0.16474263,0
1jtk_THU_A_138,0,0.95567749,0.1105366,0.14374205,0.97278509,0.20387591,0.97610867
1jtk_THU_B_1138,0.98802818,0.96226708,0.11476229,0.13717226,0.96714939,0.20868716,0.96875062
1jw0_GUA_B_999,0,0.88972707,0.1031441,0.13275962,0.9406064,0.17940218,2.5623888e-06
1jyw_147_A_2001,0.98575778,0.96233771,0.10581694,0.11308277,0.13454226,0.17117843,0
1jyw_147_C_2001,0.97471888,0.96856532,0.10574921,0.11267937,0.10539402,0.1707308,0
1jyx_IPT_A_2001,0,0.97448388,0.10988975,0.13849369,0.64785474,0.19860025,0.98760474
1jyx_IPT_B_2001,0.98629703,0.96488624,0.11491822,0.1375963,0.98304585,0.20934384,0.98240995
1jyx_IPT_C_2001,0,0.98310258,0.11085816,0.14401152,0.98479017,0.2047902,0.97887138
1jyx_IPT_D_2001,0.99098755,0.9567982,0.1148558,0.13753339,0.9817712,0.20915943,0.98247548
1jyx_IPT_D_2002,0.00063084568,0.72819098,0.10005153,0.11884229,0.010063584,0.16233247,0.16036172
1k5s_GRO_B_601,0,0.96654426,0.11023937,0.14222871,0.89925485,0.20210902,0.94707091
1k8z_IAG_A_501,0.99442625,0.78868556,0.10352861,0.11058765,0.0056558862,0.16425111,0
1kae_HSO_A_1001,0.97038463,0,0.10529376,0.136041,0.9758712,0.186725,0.97239001
1kar_HSM_A_502,0.0014684532,0,0.092637142,0.12085059,0.30388834,0.14725787,0
1kbq_936_A_703,0.99387654,0.98181182,0.10566606,0.11082385,6.7692787e-07,0.16919406,0
1kbq_936_C_701,0.99192282,0.9607106,0.10615808,0.1119053,8.1288974e-08,0.17107677,0.079145831
1kbq_936_D_702,0.98438844,0.98973226,0.10570321,0.11089731,1.055005e-05,0.16932893,0
1kdo_C_A_5407,0.96351685,0.97707829,0.10825996,0.12745106,0.98940465,0.18711628,0
1kep_TDX_A_3500,0.14504393,0,0.09240074,0.11487207,7.5800224e-05,0.14239131,0
1kfc_IPL_A_674,0.99350644,0.94924874,0.10907206,0.12120037,0.37737549,0.18435369,0.39167382
1ki2_GA2_A_1,0.95137752,0.81912013,0.1037701,0.11083997,0,0.16496664,0
1ki2_GA2_B_2,0.98928761,0.82544522,0.10397042,0.1106074,0.00046980284,0.1652507,0
1klk_PMD_A_653,0.99428941,0.2794884,0.10196924,0.12628752,0.98987492,0.17223195,0
1klz_U_A_2001,0.96733147,0,0.098628969,0.12562093,0.96808301,0.16428529,0
1km6_OMP_A_2001,0.97817557,0,0.10286252,0.13229343,0.98694232,0.17858044,0.60637307
1knu_YPA_A_1001,0.98339956,0.82437099,0.10393602,0.11063659,2.0392343e-09,0.16519418,0
1kuj_MMA_A_501,0.97735509,0.94941724,0.11485006,0.13797887,0.99593486,0.20946884,0.994993
1kuj_MMA_C_502,0.99014569,0.94943352,0.11483007,0.13758766,0.98028587,0.20914111,0.99043813
1kuj_MMA_E_503,0.97973905,0.96051019,0.11493737,0.13787594,0.99148163,0.20958913,0.99216742
1kuj_MMA_G_504,0,0.96582449,0.11082818,0.14433363,0.99545417,0.20495772,0.99496109
1kwc_BPY_B_401,0.99651389,0.99116452,0.10577818,0.11087196,0.0030372542,0.16947989,8.2689359e-05
1kwu_MMA_A_501,0,0.95346127,0.10378574,0.13213833,0.88014446,0.18037951,0.027213787
1kwu_MMA_B_601,0.017913055,0.93323504,0.10383391,0.13294713,0.93648164,0.18108056,0.029012238
1kya_XYD_B_612,0.9916317,0.9752551,0.10835933,0.1272481,0.98832672,0.18719491,0
1kya_XYD_D_814,0.015163434,0.97004199,0.10414443,0.13365501,0.99324334,0.18229118,0
1l4f_150_A_990,0.99368633,0.98467331,0.10575766,0.11121091,0.022965378,0.16968103,5.2107776e-06
1l4f_NCN_A_991,0.9681295,0.99178363,0.10844379,0.12756046,0.99647566,0.18760726,0
1l4n_NIO_A_991,0.76503037,0.99500638,0.10756923,0.12866122,0.98315863,0.18642279,0
1l5o_2MP_A_990,0.99710042,0.99368906,0.10583611,0.11105622,0.014184438,0.16974381,0
1l5o_NCN_A_991,0.96830921,0.9930576,0.10844637,0.12749778,0.99265934,0.1875673,0
1lc8_33P_A_800,0,1,0.11104558,0.14404401,0.98265197,0.20523203,0.98291876
1ldo_SNR_B_350,0.98395114,0.97356556,0.10554268,0.11087596,0,0.16895496,0
1lfw_AEP_A_683,0,0.72986914,0.1000145,0.11865102,0.0002049184,0.16211021,0.15695328
1lnf_VAL_E_1321,0.98727058,0,0.098742073,0.12565366,0.97777478,0.16456516,9.7473339e-05
1lo3_AN1_Y_500,0.99192112,0.97975166,0.10563748,0.11083346,0,0.16913693,0
1lqp_FCN_A_4002,0.99596532,0,0.096040932,0.10935209,8.1180276e-09,0.14663747,0
1lqp_FCN_A_4004,0,0.72949264,0.10002201,0.11869368,0.0023448928,0.16215808,0.15771897
1lqp_FCN_B_4001,0,0,0.091780002,0.11581151,0,0.1416659,0
1lro_PEP_A_1268,0,0.30647755,0.096629459,0.12439975,0.46288175,0.15875745,0.037611107
1lro_PEP_B_2268,0.0035607623,0.69015354,0.10082668,0.12315746,0.22775219,0.16721003,0.23769883
1lti_GAL_D_104,0.99229857,0.92993194,0.11464772,0.13762882,0.98717018,0.20876467,0.98758186
1lti_GAL_E_104,0.99412383,0.96631519,0.11414324,0.13236679,0.66476972,0.20379742,0.99247915
1lti_GAL_H_104,0.98568147,0.95699148,0.11490012,0.13775839,0.98903389,0.20942137,0.98904427
1luq_BTN_A_5100,0.99249329,0,0.09879673,0.12581443,0.98955304,0.16480545,0
1luq_BTN_B_5200,0.98717775,0.96500406,0.10822347,0.1271655,0.98253231,0.18683057,0
1lzz_IHG_A_830,0.9916934,0.92919724,0.1056988,0.11162815,1.2220119e-06,0.16985028,0.057824815
1lzz_IHG_B_1830,0.87990769,0.9348825,0.10611934,0.1197472,0.4955154,0.17669964,0.0020482913
1m3u_KPL_A_265,0.42182256,0.76288167,0.10173913,0.11566443,0.026650278,0.16385725,0.086816611
1m3u_KPL_B_265,0.5774203,1,0.11273876,0.13850439,0.93483745,0.20507384,0.88857418
1m3u_KPL_C_265,0.63416872,0.69419667,0.10430857,0.1238265,0.52482113,0.17558261,0.22499423
1m3u_KPL_D_265,0.77151058,0.90010893,0.11010991,0.1321528,0.84598873,0.19461862,0.56146987
1m3u_KPL_E_265,0.99436588,1,0.11534743,0.13776604,0.99054643,0.21042696,0.98668302
1m3u_KPL_F_265,0.27282851,0.78888403,0.10755942,0.13798016,0.99172852,0.19309023,0.59247501
1m3u_KPL_H_265,0.2487361,0.74468343,0.10112425,0.11741705,0.042241716,0.16373189,0.12505714
1m3u_KPL_I_265,0.23320502,0.55640876,0.10376965,0.13498605,0.94391972,0.18244787,0.39089578
1m3u_KPL_J_265,0.99584105,0.59455974,0.10658958,0.1294715,0.99108144,0.18485738,0.25874524
1m7p_G3H_A_5401,0.99232306,0.97335821,0.10557646,0.11082136,0,0.16899198,0
1m7p_G3H_B_6401,0.98070982,0.96292308,0.1061607,0.11202622,0,0.1711687,0.083397485
1m9j_CLW_A_906,0.0010600658,0,0.091784547,0.11580469,3.6529426e-06,0.14167125,0
1m9j_CLW_B_907,0.54462011,0,0.094109992,0.11227934,4.4000038e-07,0.14438449,0
1mex_RAC_H_601,0.95570862,0.47446855,0.10233507,0.12016194,0.59110997,0.16856977,0
1ml4_PAL_A_385,0.98836746,0.96753583,0.11370694,0.1357752,0.99335002,0.20531956,0.7954115
1mmx_FUC_A_348,0.12276465,0.95600972,0.10380463,0.11974744,0.0014398473,0.17138535,0.28983738
1mmx_FUC_B_348,0.084803449,0.92972479,0.11083249,0.1437162,0.99486867,0.2045317,0.99457609
1mmy_G6D_A_348,0.060535724,0,0.092046349,0.11546259,0.0026300371,0.14201641,0
1moo_4MZ_A_264,0.055030513,0,0.092015434,0.11545461,3.0297935e-07,0.1419406,0
1moo_4MZ_A_265,0.99139843,0,0.096021418,0.10938185,8.5848719e-06,0.14661483,0
1mrj_ADN_A_300,0.99255623,0.98721051,0.10571338,0.11084042,0,0.16931154,0
1mrq_STR_A_501,0.98824881,0.82540851,0.10396434,0.11060629,0,0.16523612,0
1msv_PUT_B_355,0.93965909,0.91313909,0.11406371,0.13682029,0.92001553,0.20686166,0.98670242
1n1i_HIS_C_501,0.8243796,0,0.095310855,0.11048866,0.0014285187,0.14580722,0
1n3o_GYP_A_1001,0,0.94680066,0.10381857,0.13346067,0.9763628,0.18141923,0.0021016581
1n3o_GYP_B_1101,0.042341654,0.96103598,0.10796798,0.12721167,0.0016164724,0.18608347,0.96391073
1n5i_TMP_A_217,0.98863951,0,0.098779184,0.12583314,0.98917489,0.16477927,0
1ne4_RP1_A_401,0.9695519,0.97117567,0.10824099,0.12748105,0.99409321,0.1870969,0
1ne4_RP1_A_601,0,0.015352398,0.095093642,0.13112787,0.91988095,0,0
1nf0_13P_A_5001,0.99053029,0.9324785,0.10743999,0.12424055,0.81037383,0.1829472,0.00049362274
1nf0_13P_B_1150,0,0,0.091780002,0.11581151,5.8260375e-08,0.1416659,0
1ngp_NPA_H_302,0,0.95306656,0.11011696,0.14097244,0.79716352,0.20091678,0.99043765
1njr_XYL_A_285,0.9371685,0.83104973,0.10412671,0.11125241,6.1466915e-05,0.16605994,0.004647843
1nme_159_B_9002,0.97329797,0.96439468,0.10616257,0.11210625,8.3719521e-07,0.17122986,0.086214457
1nmm_NAG_B_403,0.98559406,1,0.11537464,0.13794954,0.99266223,0.21061972,0.99530916
1nmm_NAG_D_527,0.97095362,1,0.11517454,0.1376281,0.97613541,0.20993642,0.98193309
1nmz_NYM_A_301,0.97243404,0.7531216,0.10504438,0.11775449,0.3615752,0.17285751,0.10275258
1now_IFG_A_557,0.93767286,0.98300879,0.11491215,0.1380017,0.98513541,0.20961746,0.98508921
1now_IFG_B_558,0.98726233,0.98739446,0.11518913,0.13781017,0.99245148,0.21010466,0.98528131
1nrg_PLP_A_320,8.6710282e-06,0.93683635,0.10097563,0.11721134,0.00033097656,0.16321172,0.00028209236
1ns4_BGC_A_1400,0.071644719,1,0.1103977,0.13790045,0.64048264,0.1993138,0.98345498
1nsm_GAL_A_1400,0.018743792,0.72894593,0.1001388,0.11878913,0.014965331,0.16249174,0.15869763
1nsm_GLA_B_2400,0.019248487,0.70288632,0.10066137,0.12174278,0.16334207,0.16581219,0.21169228
1nuw_F6P_A_2336,0,0.69926923,0.10062477,0.12211822,0.1741322,0.16600083,0.21918527
1nux_F6P_A_2339,0.9712401,0.38421772,0.10215191,0.12299078,0.77438456,0.17022884,6.7003181e-06
1o28_UFP_A_703,0,0.72984519,0.10001498,0.11865373,0.00034104143,0.16211326,0.15700199
1o28_UFP_B_708,0,0.7299033,0.10001382,0.11864715,1.0721248e-05,0.16210587,0.1568838
1o28_UFP_C_713,0,0.0085881772,0.095191034,0.13172255,0.9507085,0.16089446,0.00024364902
1o28_UFP_D_718,9.5050001e-05,1,0.11002137,0.14236193,0.97546343,0.20172467,0.83562159
1o29_UFP_A_803,0.00012005399,0.72991451,0.10001427,0.11864609,7.9691224e-06,0.16210614,0.15686016
1o29_UFP_B_808,0,0.72982862,0.10001531,0.11865561,0.00043521144,0.16211537,0.15703568
1o29_UFP_C_813,0.0001942159,0.46145303,0.10194197,0.13672484,0.97169727,0.17959701,0.38081426
1o29_UFP_D_818,0,0.72985222,0.10001484,0.11865294,0.00030105738,0.16211237,0.15698768
1o68_KIV_A_275,0.98739086,0.96902026,0.1108323,0.12249964,0.27572336,0.18921763,0.66696914
1o68_KIV_B_275,0.9921679,0.97842617,0.1122127,0.13034352,0.75614116,0.19802613,0.65560804
1o68_KIV_D_275,0.92939119,0.99160496,0.11498939,0.13807542,0.9821337,0.20984197,0.99047589
1o68_KIV_E_275,0.9968964,0.9215331,0.11207369,0.13316707,0.9452387,0.19977882,0.63647904
1o6g_SIN_A_724,0.96743382,0.91780026,0.10700358,0.12323474,0.74244214,0.18123482,2.8431668e-08
1o8a_NXA_A_702,0.98983562,0,0.10554549,0.13636128,0.99091045,0.18752329,0.99092957
1okm_SAB_A_555,0.99019112,0.28617298,0.10196517,0.12606934,0.97463114,0.17206285,0
1om5_INE_A_790,0.00020521086,0.98684058,0.10146456,0.11727661,2.7932529e-05,0.16435067,2.8345976e-05
1ov5_2LP_A_403,0.99352793,0.99478198,0.11536324,0.13792547,0.99478527,0.2105781,0.99529623
1ovk_NYL_A_405,0.95630158,0.98703406,0.11510435,0.13809168,0.99258249,0.21011511,0.99273848
1owz_4FA_A_409,0.98487937,0.97461893,0.10832861,0.12731713,0.98990214,0.18717553,0
1oxp_IK2_A_411,0.96819645,0.94966152,0.10593471,0.11202195,8.2486259e-06,0.17065923,0.077474773
1p1w_AMQ_A_428,0.99363753,0,0.098733242,0.12540125,0.96512929,0.16436232,0
1p1w_AMQ_B_427,0.99633263,0,0.098569348,0.12434288,0.90247571,0.16322437,0
1p2s_ETF_A_400,0,0.7009665,0.099804995,0.11873248,0.0078780893,0.16170214,0.14987447
1p5g_G6P_X_658,0.98534318,0.89572445,0.10519483,0.11138892,5.5856306e-07,0.16855065,0.036675325
1p7c_THM_B_501,0.98834238,0,0.098771768,0.1257986,0.98697997,0.16473745,0
1p7l_MET_A_485,0.98409624,0,0.095990279,0.10942982,4.4855776e-05,0.14657905,0
1p7l_MET_B_385,0.97969341,0,0.095971319,0.10945764,6.4489877e-07,0.14655626,0
1pbd_PAB_A_396,0.99647336,0.98465301,0.10848126,0.12728405,0.99154026,0.18749414,0
1pfw_MF3_A_553,0.98994574,0.99201225,0.11449948,0.13596203,0.93724513,0.20722056,0.89847451
1pke_2FD_C_448,0.99291476,0,0.096224138,0.11053638,0.070094079,0.14791039,0
1pl6_572_C_409,0,0.958854,0.10196495,0.12184102,0.27721091,0.16879959,0
1pl6_572_D_411,0,0.95630496,0.10250977,0.12521833,0.48072733,0.17248109,0
1pr0_NOS_A_1245,0,1,0.11103139,0.14400415,0.98120033,0.20517134,0.98143408
1pr0_NOS_B_1246,0,0.7259747,0.10009217,0.11909229,0.022340558,0.16260537,0.16487352
1pr0_NOS_C_1247,0.97562186,1,0.11532012,0.13792576,0.98695175,0.21047885,0.99591391
1pr6_XYA_A_1245,0.98852205,0,0.097493363,0.11820739,0.53011637,0.15634243,0
1pr6_XYA_B_1246,0.98677071,0,0.096280262,0.11106521,0.099527104,0.14842062,0
1pr6_XYA_C_1247,0.95218787,0,0.095988091,0.11043377,0.048018603,0.1473014,0
1pt8_OXL_A_802,0.99584749,0.82703428,0.10400872,0.1105588,2.0559824e-08,0.16530186,0
1pt8_OXL_B_801,0.99860125,0.82762285,0.1040248,0.11054161,1.5654447e-06,0.1653257,0
1pwz_RSO_A_256,0.99704689,0.95304311,0.1060649,0.11180928,0.00086467767,0.17079989,0.073081454
1pwz_RSO_B_256,0.9951624,0.93489993,0.10579436,0.11165999,0.00060101844,0.17008726,0.061115737
1pym_OXL_A_1001,0.99587261,0.87602299,0.10493585,0.11111919,1.8353189e-09,0.1677783,0.020727023
1pym_OXL_B_1002,0.9971198,0.92552503,0.10565966,0.11154656,1.9917075e-09,0.16970449,0.054001911
1q20_PLO_A_401,4.5957738e-07,0.98976784,0.10417304,0.1331888,0.95749823,0.18201199,0
1q22_AND_A_401,0.97766242,0.99136811,0.10569046,0.11094319,1.1518876e-07,0.16933276,0
1q3a_NGH_A_480,0.99064438,0.85950608,0.10662452,0.12355334,0.7758924,0.18062551,0
1q3a_NGH_B_479,0.96675714,0.95346286,0.10786897,0.12636769,0.92756993,0.1854533,0
1q3a_NGH_C_481,0.94462054,0,0.096984824,0.11658911,0.41556956,0.15401822,0
1q4g_BFL_A_701,0.98606175,0.9863461,0.10844602,0.12731069,0.98892805,0.18743308,0
1q4g_BFL_B_1701,0.9911122,0.9888112,0.10849452,0.12729766,0.98989504,0.18753272,0
1q6r_LX1_A_7301,0.99215021,0,0.096193009,0.11037604,0.060144459,0.14772372,0
1q6r_LX1_B_9301,0.98713275,0,0.09608237,0.10987947,0.028295898,0.14711339,0
1q92_DRM_A_1001,0.98807652,0.31858758,0,0.12497651,0.90616134,0.17139488,0
1qit_MAE_A_411,0,0.85142394,0.10013469,0.1170764,2.0989431e-05,0.16123631,0
1qjc_PNS_B_1163,0.57135051,0.77842941,0.10227379,0.11417002,0.01416753,0.16398761,0.05413394
1qmh_CIT_A_401,0,0.15360004,0.095863393,0.12805931,0.70857955,0.15972015,0.016457058
1qmh_CIT_B_401,0.95803441,0.89325502,0.10534866,0.11258683,0.04615932,0.16976255,0.062739143
1qxa_GLY_B_245,0.93014715,0.01303997,0.095887304,0.10979833,0,0.14660865,0
1r4f_AD3_B_330,0,0.28485877,0.094577448,0.11624799,0.0008071043,0.14822822,0
1r4s_MUA_A_800,0.082806303,0.97175427,0.1044369,0.13313743,0.98834243,0.18257813,0
1rf2_BV4_D_104,0,1,0.10901648,0.13828408,0.77020466,0.19650768,0.77256807
1rf2_BV4_E_105,0,0.92698486,0.10509399,0.12895385,0.42467202,0.18095623,0.44423549
1rf2_BV4_F_106,0,0.26274316,0.095965818,0.12387501,0.45889408,0.15689485,2.1305746e-05
1rf2_BV4_G_107,0.028399354,0.97136588,0.10766498,0.13520577,0.66931281,0.19125385,0.6641622
1rf2_BV4_H_108,0.022685385,0.14077005,0.096180453,0.12930148,0.78308449,0.16133795,0.032103827
1rnd_DGP_A_126,0,0.72990519,0.10001378,0.11864693,1.2575528e-08,0.16210563,0.15687996
1rqh_PYR_A_602,0.47410252,0.94853187,0.1031608,0.11441241,0.01606809,0.16612985,1.1997045e-06
1ruk_BEZ_H_601,0.99225605,0.96930848,0.10629228,0.11200883,0.0014399581,0.17145162,0.085552962
1rum_BEZ_H_1601,0.98712959,0.79663233,0.10363034,0.11074927,0.0063939891,0.16459447,0.0085915776
1rvt_NDG_H_742,0,0,0.091780003,0.11581151,4.6338268e-07,0.1416659,0
1rvz_NAG_A_3321,2.3336708e-05,0,0.091780102,0.11581135,0,0.14166601,0
1rvz_NAG_F_3331,8.6951221e-05,0.00015058308,0.091783234,0.11581937,0.0004935975,0.14167886,0
1s1f_PIM_A_431,0,0,0.091780002,0.11581151,6.1802859e-09,0.1416659,0
1s2c_FLF_A_2001,0,0.97556009,0.10135272,0.11726043,7.6263792e-07,0.16408921,0
1s2c_FLF_A_2002,0,0.93205554,0.10105451,0.11795934,0.045958932,0.16393384,0
1s3u_TQD_A_187,0.5475266,0.14977555,0.098897602,0.12897053,0.98746266,0.16725552,0
1s5s_PG3_A_1,0.97213715,0.94968726,0.11136168,0.13049009,0.82229427,0.19623449,0.55755448
1s6h_4BZ_A_1,0.99692146,0.97821881,0.10836066,0.12691925,0.97033242,0.18695875,0
1sep_BIO_A_801,0,0,0.094100111,0.129578,0.82863904,0.15689404,1.534551e-08
1sff_IK2_A_450,0,0.96971756,0.1040257,0.13345219,0.9751447,0.18187543,0
1sff_IK2_B_450,0,0.96952305,0.1040013,0.13331844,0.96711162,0.18172333,0
1sff_IK2_D_450,0.98612264,0.97445498,0.10830548,0.12714955,0.98031553,0.18700179,0
1sjc_SMG_A_1000,0.93247286,0.77354049,0.1044114,0.11536945,0.22523458,0.16969822,0.061510049
1sjc_SMG_B_1100,0.97844694,0.74534043,0.10523353,0.1186469,0.4088544,0.17393158,0.11853465
1sjc_SMG_C_1200,0,1,0.11072896,0.14283987,0.92459202,0.20364733,0.96032468
1sjc_SMG_D_1300,0,1,0.10723783,0.13253995,0.51207928,0.18835051,0.63719531
1sqk_LAR_A_378,0,0,0.091780002,0.11581151,0,0.1416659,0
1sz6_NAG_A_5003,0,0,0.091782469,0.11582614,0.00088095403,0.14168208,0
1sz6_NAG_B_5001,7.7799723e-05,0.9388798,0.10099313,0.11720547,1.9886327e-06,0.16324653,2.3483403e-07
1sz6_NAG_B_5004,6.220312e-05,0,0.091780269,0.11581111,2.4218257e-07,0.14166621,0
1t5z_DHT_A_931,0.98484995,0.99363905,0.10852853,0.12742512,0.9946907,0.18770056,0
1t87_CAM_A_1422,0.082516203,0.98911503,0.10193517,0.11731753,0.034438836,0.16544555,0
1t87_CAM_B_2422,0.081808415,0.97759823,0.10181404,0.11727478,0.032618709,0.16514385,0
1t93_FLV_A_432,0.99533845,0.9833779,0.10570835,0.11085859,0.00079637273,0.16931395,0.0027046301
1tc2_7HP_A_800,0.99734029,0,0.098748355,0.12572795,0.99171433,1.0220562e-07,1.0491379e-07
1tc2_7HP_B_810,0.99836053,0,0.098810313,0.12570802,0.98543863,0.16475913,1.2944224e-07
1tf8_TRP_A_911,0,0,0.091780137,0.1158123,4.809949e-05,0.14166678,0
1tf8_TRP_A_913,0,1,0.11110425,0.14421347,0.98903114,0.20548644,0.98890516
1thc_FL9_A_130,3.6158123e-07,0.72990521,0.10001378,0.11864693,4.4278506e-08,0.16210563,0.15687991
1thc_FL9_A_131,0.0034077821,0.9819991,0.10143153,0.11725409,0.00037338405,0.16426109,7.6225485e-07
1thc_FL9_B_130,0,0.72990519,0.10001378,0.11864693,1.7245159e-08,0.16210563,0.15687997
1thc_FL9_B_131,0.030091695,0.98618795,0.10158576,0.11708116,7.0184595e-06,0.16448382,1.2601285e-09
1tiw_TFB_A_2002,0.62811862,0.97161368,0.11196409,0.13130548,0.46832062,0.19809465,0.97557413
1tke_SER_A_500,0.69310183,0,0.095081748,0.11331312,0.12019129,0.14733446,0
1tkh_DPN_A_911,0,0.96400167,0.10125629,0.11727003,2.9396386e-05,0.16388087,0.0024791323
1tl2_NDG_A_237,0.98017459,1,0.11481526,0.13705911,0.98518128,0.20872355,0.91973813
1tl2_NDG_A_238,0.00028478674,1,0.11103006,0.1440248,0.98335812,0.20518356,0.98017502
1tl2_NDG_A_239,0.97786416,0.95421403,0.11476591,0.13760173,0.98178096,0.20900641,0.98124082
1tl2_NDG_A_241,0.98446654,0.82455543,0.10394225,0.11063172,0.00011101267,0.16520473,0
1toq_AMG_A_501,0.99549451,0.95893793,0.11503989,0.13791984,0.99717729,0.20985256,0.99724082
1toq_AMG_C_502,0,0.92745487,0.11042968,0.14420382,0.99230432,0.20397362,0.99302866
1toq_AMG_G_504,0.9657646,0.94595247,0.11471284,0.13776047,0.97921127,0.20900113,0.99399425
1tsd_UMP_A_267,0.96169717,0.27905861,0.10177281,0.12620474,0.97223778,0.17172729,0
1tt6_DES_A_129,0.33418096,0,0.093201263,0.035233381,0,0.14329014,0
1tt6_DES_B_128,0.3116108,0.7396279,0.10158027,0.11810226,0.10288742,0.16526072,0.13489184
1tvw_CB3_A_318,0.18547571,0.74646661,0.1007313,0.11710193,7.7561149e-11,0.16261369,0.12188024
1u18_HSM_A_401,0.88445605,0,0.095782842,0.11137455,0.078205628,0.14751806,0
1u18_HSM_B_402,0.99603017,0,0.098469593,0.1237606,0.86730843,0.16257659,5.3256683e-07
1u1g_BBB_A_3300,0,0.9690152,0.1012886,0.11725131,3.6819806e-05,0.16393944,0
1u1g_BBB_B_4300,0,0.95564832,0.10156188,0.11963123,0.14448488,0.16628677,0
1u1g_BBB_C_5300,0,0.98152727,0.10232893,0.12271427,0.32774737,0.17024946,0
1u1g_BBB_E_7300,0,0,0.094230932,0.13035423,0.87536247,0.15775269,0
1u2o_NEC_A_1001,0.98248375,0.9842777,0.10807774,0.12535677,0.87010244,0.18518406,3.2642326e-06
1u2o_NEC_B_1002,0,0.98398553,0.11077385,0.14365401,0.96731487,0.20434132,0.97241114
1uay_ADN_A_1001,0.96927504,1,0.11521291,0.13781661,0.98484557,0.21015925,0.98503771
1uay_ADN_B_1002,0.99461596,0.95467063,0,0.13835751,0.99770245,0.99773771,0.99770735
1ubs_SER_B_398,0.96313177,0.94124263,0.1134669,0.13431176,0.84783539,0.2037075,0.87363587
1uk7_BUA_A_1300,0.99759868,0.97235082,0.11424391,0.13530987,0.90257817,0.20617539,0.89872057
1um4_SH4_H_1001,0.95339115,0.98374385,0.10929669,0.12644582,0.77252682,0.18868402,0.23787646
1uqx_MMA_A_1116,0.90406872,0.92333776,0.10749595,0.12741297,0.95911907,0.18537202,0.01502514
1uux_PPI_A_1165,0.99515914,0.93079883,0.1057336,0.11161976,0.00041528366,0.16992242,0.0582498
1uxi_FUM_A_1311,0,0.91529939,0.10317207,0.13147472,0.86098064,0.1785266,0
1uxq_G1P_A_1503,0.95994683,0.8249602,0.10410171,0.11100579,0.00068559358,0.16582857,0
1v03_BGC_A_1498,0.91451413,0,0.09815245,0.12447679,0.87859552,0.1623771,0
1v3v_5OP_A_1360,0.94873098,0.98622764,0.10568028,0.1120954,0.058495961,0.17014602,3.6442312e-05
1v3v_5OP_B_2360,0,0.98491371,0.10558991,0.12372137,2.7811323e-05,0.17823603,0.60798342
1v5g_HTL_A_1602,0.17612155,0,0.092781393,0.11614024,0.088541991,0.14417221,0
1v5y_4HC_A_1455,0.99504592,0.98753036,0.10572723,0.11082483,1.7080079e-07,0.1693315,7.7755802e-06
1v5y_4HC_B_1201,0.0021852445,0.98407117,0.10144567,0.11725908,4.1809602e-06,0.16429608,1.169379e-05
1vje_MSE_A_301,0.98028098,0.96711162,0.10622054,0.11206723,1.1472612e-06,0.17133199,0.086344607
1vje_MSE_A_401,0.93868149,0.89802039,0.10510515,0.11183094,3.1162682e-06,0.16866431,0.049681166
1vkf_CIT_A_501,0,0.86734174,0.10856211,0.14147185,0.93882056,0.19781827,0.82759415
1vkf_CIT_C_502,0.92989323,0.757633,0.10319304,0.11090836,0.00014464409,0.16372478,0
1vkf_CIT_D_503,0.7903452,0.90373428,0.10479697,0.11322198,7.6385723e-06,0.16896385,0.089949644
1vzd_CB3_A_318,0,0.72990518,0.10001378,0.11864694,2.6442037e-08,0.16210563,0.15687997
1vzd_UFP_A_317,0.98543516,0,0.095995887,0.10942042,1.882708e-06,0.14658494,0
1vzu_UDP_B_2371,0.97566077,0.95794339,0.10782633,0.12557674,0.88303613,0.18478232,0
1w1a_NDG_1_1261,0,0.91813182,0.10079274,0.11719601,0.0012541785,0.16279236,4.5442916e-06
1w1a_NDG_2_1261,0.89520071,0.90850903,0.10551445,0.11369685,0.065471508,0.17093026,0.09730424
1w3t_3GR_A_1297,0.97712517,0.98621475,0.10614622,0.11336731,0.1335584,0.17211867,0.019751942
1w3t_3GR_B_1297,0.97220018,0.76932847,0.10471983,0.11591771,0.26933799,0.1707936,0.06979381
1w3t_3GR_D_1297,0.98036883,0.74412231,0.10526868,0.11878836,0.41675347,0.17411355,0.12099831
1w55_C_A_1372,1.4510704e-05,0.94860626,0.1010883,0.11722033,1.9918047e-06,0.16346977,0
1w55_C_A_1373,0.9813245,0.9810874,0.10828484,0.12680369,0.95703139,0.18670239,0
1w62_PYC_A_700,0,0,0.10134559,0.1428797,0.99455149,0.18273194,0.99453936
1w78_PD8_A_1421,0,0.016428089,0.095211596,0.13146868,0.93497985,0.16075503,0
1wc7_PP3_A_1214,0,0.50012208,0.096692252,0.11655533,9.453789e-06,0.15317267,1.1723819e-05
1wmz_A2G_B_502,0.95253956,0.9375668,2.5760127e-56,0.12629037,0.8830464,0.18545768,0.057064566
1wmz_NGA_A_501,0.93263607,0.97061428,0.10541383,0.11191324,0.042643793,0.1694155,3.7168088e-05
1wmz_NGA_C_503,0,0.96623915,0.10127386,0.11732122,0.0044891239,0.16395759,5.837495e-06
1wmz_NGA_D_504,0.91030941,0.96748503,0.10781694,0.1270622,0.94607984,0.18583415,6.7848443e-06
1wq4_TYR_A_501,0.98465747,0,0.098508364,0.12435305,0.89852906,0.16309361,2.2285523e-06
1x09_IPE_A_902,0.90629933,0.81187786,0.10353858,0.11112682,1.4298886e-05,0.16465131,0
1x29_PMG_A_413,0.97441557,1,0.11449847,0.13592251,0.92648083,0.20718657,0.90099509
1x2a_PDG_B_1413,0.33942192,0.097776513,0.097492591,0.12996061,0.97005908,0.16480544,0
1x7j_GEN_A_201,0.99605635,0.99433284,0.10579825,0.1108283,1.8844286e-07,0.16949273,0
1x7j_GEN_B_202,0,0.99376865,0.10207155,0.12049256,0.19292268,0.16805312,0
1x82_PA5_A_301,0.96973567,0.95094844,0.10568604,0.11300785,0.11506645,0.17082805,0.015243954
1x8i_BMH_A_2,0.95697267,0,0.10513885,0.13586869,0.96709226,0.18625156,0.96169093
1xc7_GL6_A_998,0.95675401,0.97966028,0.11330007,0.13309014,0.80567889,0.20244481,0.81519252
1xdj_HCS_A_1049,0.99616954,0.98594286,0.11083815,0.12826935,0.7740503,0.19345461,0.43332523
1xdj_HCS_A_1050,0.97585257,0.91853185,0.11222784,0.13391772,0.96099007,0.20066563,0.67014256
1xid_ASC_A_389,0.9912334,0.89814863,0.10525184,0.11138017,0.0010913964,0.16867252,0.037372034
1xin_XYL_B_397,0.98988845,0.97847839,0.10661624,0.11665242,0.34689213,0.17556887,0.0042073303
1xin_XYL_C_397,0.98328384,0.97677191,0.10557607,0.11091347,0.001710163,0.16905675,0
1xin_XYL_D_397,0.98686733,0.98115463,0.10569673,0.11115159,0.01459389,0.16950034,0.0038490129
1xkw_188_A_1001,0,0,0.095113532,0.13245654,0.99691169,0.16125732,0
1xl0_OX2_A_998,0.99585109,0.99262944,0.11337581,0.13462833,0.97801986,0.20374827,0.71233137
1xny_BTN_B_5602,0.96483152,0.96439152,0.10546984,0.11157367,0.035352719,0.16929834,0
1xuf_BAZ_A_246,0,0.72990519,0.10001378,0.11864693,0,0.16210563,0.15687996
1xuz_PEP_A_2001,0.9135682,0.84420816,0.11305435,0.13678281,0.93958689,0.20457863,0.94619993
1y2x_NAG_A_144,0,0.88494877,0.10998864,0.14408363,0.99068784,0.20290164,0.99018027
1y2x_NAG_B_1144,0,0.96207865,0.11077303,0.14427569,0.99351531,0.20479242,0.99305975
1y2x_NAG_D_3144,0.96231023,0.96230572,0.11486821,0.13796247,0.99065152,0.20949491,0.99071689
1y42_TYR_X_701,0.85924668,0.84976395,0.10549202,0.12157391,0.60631816,0.17662946,3.968174e-06
1y5v_NE8_A_500,0,0,0.094555777,0.13228171,0.99138177,0.15988482,2.4828784e-07
1y5x_E89_A_500,0,0,0.094525474,0.13210191,0.98055976,0.15968593,0
1y5x_E89_D_1500,0,0,0.094400034,0.13135761,0.93575804,0.1588626,0
1y8j_STS_A_900,0.87107372,0,0.095506622,0.11016209,0,0.14601405,0
1yee_PNB_H_551,0.98948095,0.78980334,0.10440912,0.11362864,0.16173101,0.16843385,0.028030608
1yik_MM1_A_500,0.89632288,0,0.09567988,0.11038542,0.023299957,0.14656828,0
1yqc_GLV_A_1001,0.78960375,0.97675436,0.10474251,0.11214116,5.0579488e-08,0.16805813,6.8626509e-08
1yw9_A84_A_482,0,0.96938546,0.10396436,0.13310707,0.95440083,0.18148658,0
1z11_8MO_A_501,0.97855457,0.94629097,0.10766865,0.12521004,0.86313496,0.1841632,0
1z11_8MO_B_501,0.97544795,0.92397906,0.10743859,0.12520988,0.86390692,0.18364904,0
1z11_8MO_D_501,0.99423373,0.95399632,0.107671,0.12428711,0.81301338,0.18349748,0
1z3n_3NA_A_320,0,1,0.11103366,0.14401761,0.98201005,0.20518624,0.98143503
1z4k_T3P_A_4341,0.99006705,0.82579739,0.10397496,0.11059493,3.6264113e-07,0.16525186,0
1z6k_OAA_A_274,0,0.95013558,0.10110523,0.11722776,0.00016303905,0.16351298,0.00022556493
1z8p_DEB_A_420,0,0,0.10127951,0.14269841,0.98814578,0.18245242,0.98747832
1zb6_GST_A_502,0,0.91291662,0.1018538,0.12378786,0.3985028,0.16997274,0
1zdq_MSM_B_1508,0.95106816,0.98801844,0.1083305,0.12764562,0.99527764,0.18741353,0
1zdq_MSM_C_1509,0.99417647,0.99510619,0.10858054,0.12735325,0.99387438,0.18776584,0
1zei_CRS_A_54,0.99802931,0.98369584,0.10847182,0.11864485,0.28861449,0.18115381,0.2876748
1zei_CRS_B_56,0.99702477,0.98598671,0.10851302,0.12737918,0.99736155,0.18763456,1.311009e-06
1zei_CRS_C_56,0.99600051,0.99193138,0.11004816,0.12831431,0.88448169,0.19173171,0.26359788
1zei_CRS_D_54,0.036488016,0.96964612,0.10703225,0.13787677,0.99369211,0.19180419,0.41055306
1zei_CRS_E_54,0.99604346,0.98713007,0.1151914,0.13764343,0.98767554,0.2099897,0.98244692
1zei_CRS_F_54,0.99545588,0.99076024,0.10995672,0.127574,0.83379369,0.19098666,0.27302846
1zei_CRS_F_55,0.24575348,0.98633146,0.1035102,0.11985554,0.21348986,0.1708401,0.059056671
1zfj_IMP_A_500,0.98325547,0,0.098512422,0,0.90681112,0.16317046,0
1zg3_2HI_A_365,0.80538256,0.98039737,0.10484584,0.11204467,2.6605662e-05,0.16822111,0
1zgj_P1S_A_0,0,0.98577978,0.10417275,0.13341339,0.97137338,0.18217531,0
1zha_PEP_A_1268,0.99620821,0.81994867,0.10402594,0.1108976,0.020921135,0.1655877,0
1zha_R5P_A_1269,0.51672359,0,0.093990703,0.1124606,2.1169192e-05,0.14424562,0
1zk0_SS2_A_1260,0.78316205,0.96934391,0.1060775,0.12068024,0.5119674,0.17727027,0.00026403213
1zmt_RNO_B_1001,0.98887301,0.96317512,0.10618591,0.11195469,0,0.17117428,0.081565844
1zmt_RNO_C_1003,0.00013013306,0.72991681,0.10001428,0.11864585,0,0.16210599,0.1568554
1zmt_RNO_D_1004,0,0.72990519,0.10001378,0.11864693,0,0.16210563,0.15687996
1zng_HE4_A_202,0.98427394,0.96792676,0.10624384,0.1120417,0.0001590073,0.17136608,0.085989961
1zoy_UQ1_B_1201,0.99492405,0.96770075,0.10626785,0.1119405,1.7945595e-05,0.1713478,0.083159634
1zpd_CIT_B_610,0,0.075844458,0.095913067,0.13147393,0.9069543,0.16232286,0.036868219
1zpd_CIT_F_610,0.89851557,0.63451786,0.1065867,0.12957022,0.93513786,0.18490429,0.29120456
1zuw_DGL_A_1301,0.0022358184,0.98705009,0.11102221,0.14427919,0.99264585,0.20535154,0.9926218
1zuw_DGL_B_2301,0.0010481364,0.98594309,0.11069656,0.14367206,0.98191536,0.20418309,0.95160411
2a0x_DIH_A_300,0.11576265,0,0.092480647,0.11627941,0.073356347,0.14359184,0
2a15_NCA_A_1001,0.94465878,0.98346168,0.10824448,0.12759807,0.99032072,0.1871857,0
2a1m_CAM_A_1422,0.50253516,0.9879787,0.10396924,0.11606507,0.12311961,0.16914576,0
2a1m_CAM_B_2422,0,0.99117567,0.10160923,0.11789647,0.036889306,0.16512605,0
2a5t_GLY_A_1001,0,0,0.091780002,0.11581151,0,0.1416659,0
2a9z_26A_A_1002,0.9726906,0.98943181,0.10837618,0.12714734,0.97359999,0.18715557,0
2agw_TSS_D_3001,0,0,0.091981889,0.11700941,0.072105097,0.14299099,0
2agw_TSS_H_2001,0,0,0.091922679,0.11665808,0.050957705,0.14260236,0
2ahc_VNL_B_266,0.99686779,0.96299562,0.1062073,0.11189169,0.00051382353,0.17117754,0.079716984
2ahc_VNL_C_366,0.99217359,0.99022294,0.10574223,0.11085286,0.00033027608,0.16938494,0
2ahc_VNL_D_466,0.99549928,0,0.09603997,0.10936124,0.00036857131,0.14664192,0
2aiq_BEN_A_401,0.98927238,0.98338686,0.10837871,0.12696625,0.96948563,0.18703195,0.00035627015
2as1_TP5_A_500,0.84014149,0.99355835,0.10512645,0.11185516,0.0010120522,0.16871524,0
2b04_CHO_A_200,0,0,0.091780002,0.11581151,1.1109683e-13,0.1416659,0
2b3f_GAL_A_3310,0,1,0.11118417,0.14443802,0.99721077,0.20582837,0.99726733
2b3f_GAL_C_3312,0,1,0.1111699,0.14440391,0.99623799,0.20577169,0.99557411
2b3f_GAL_D_3313,0,1,0.11118756,0.14444756,0.99755872,0.20584289,0.99762187
2b3f_GAL_E_3314,0,0.99032772,0.11108705,0.14441759,0.99699715,0.20559669,0.99703009
2b3f_GAL_F_3315,0.94250889,1,0.11521832,0.13833008,0.99735715,0.21054085,0.99748793
2bdg_PBZ_A_301,0.99473734,0.99621974,0,0.99474304,0.98897645,0,0
2bdg_PBZ_B_302,0.99058278,0.99566928,0.10857842,0.12742327,0.99663567,0.18781159,0
2bf7_HBI_A_1290,0,0.72990381,0.10001381,0.11864709,7.8600228e-06,0.16210581,0.15688277
2bf7_HBI_B_1290,0,0.72990503,0.10001378,0.11864695,9.0654154e-07,0.16210565,0.15688028
2bf7_HBI_C_1290,0,0.72794257,0.10005292,0.11886931,0.011155367,0.16235517,0.1608714
2bf7_HBI_D_1290,0,0.72963786,0.10001911,0.11867722,0.0015194765,0.16213962,0.15742364
2bgc_DTT_F_1238,0.36626258,0,0.09595009,0.12786692,0.84692595,0.15983752,0.034002664
2bjf_DXC_A_330,0,0.98847693,0.10147946,0.11727961,1.0000561e-07,0.16438609,0
2bk3_FOF_A_1503,0.91868267,0.9905141,0.1066859,0.11877786,0.44863987,0.17726351,4.9209616e-10
2bk3_FOF_B_1498,0,0.98677395,0.10326385,0.12796397,0.64327053,0.17616852,3.0404468e-10
2brk_CMF_A_1534,0,0.72990519,0.10001378,0.11864693,1.9432917e-09,0.16210563,0.15687996
2bs3_CIT_A_1657,0,0.98364729,0.10172031,0.11898257,0.10293461,0.16616685,4.603761e-06
2bs8_NAG_A_1177,0.91733601,0.87833032,0.10581987,0.12004538,0.53439824,0.17625567,6.2355563e-05
2bxh_IOS_A_1001,0.99680824,0.98585939,0.10843195,0.12691126,0.96910126,0.18711199,3.5537774e-05
2bxh_IOS_A_1002,0.21960481,0,0.092719527,0.11438732,4.7310786e-06,0.14276219,0
2bxh_IOS_B_1002,0.00019830868,0.92637842,0.10087097,0.11718609,2.4831414e-08,0.16295975,2.0482927e-07
2c3d_COM_A_1525,0.99153815,0.96119892,0.11470971,0.13715861,0.97526773,0.208561,0.95704071
2c3d_COM_A_1526,0.97782818,0.97824818,0.10556266,0.11092332,2.6327133e-05,0.16903305,2.3624236e-05
2c3d_COM_B_1525,0.97631434,0.94499902,0.10598016,0.1122488,0.016208887,0.17092764,0.079704743
2c3d_COM_B_1526,0.98382622,0.9832389,0.11517873,0.13786992,0.99029147,0.21012412,0.9927803
2c5b_5F1_A_500,0,0,0.091780002,0.11581151,0,0.1416659,0
2c5b_5F1_B_500,0,0,0.091780002,0.11581151,0,0.1416659,0
2c5b_5F1_C_500,0,0,0.091780002,0.11581151,0,0.1416659,0
2c6q_IMP_A_1337,0.95838321,0,0.098492251,0.12509489,0.93292619,0.16359454,0
2c6q_IMP_B_1339,0,0,0.094447654,0.13164016,0.95276595,0.15917516,0
2c6q_IMP_C_1337,0.99548347,0,0.096038951,0.10935569,2.8661999e-05,0.14663559,0
2c6q_IMP_F_1337,0.9927371,0,0.098697442,0.12521752,0.95371906,0.16414814,0
2c6q_IMP_G_1338,0.99621839,0,0.098687341,0.12504664,0.94479226,0.16400147,0
2ci0_1CM_A_1450,2.7426361e-05,0,0.091780143,0.11581147,8.2726627e-06,0.14166618,0
2cjz_PTR_A_1537,0.80875484,1,0.11307841,0.13465776,0.82590744,0.20306716,0.83796774
2coj_GBN_A_420,0.99037458,0.77946177,0.10462042,0.11480202,0.2209652,0.16976132,0.049056246
2coj_GBN_B_420,0.99002875,0.98307273,0.10833033,0.12663219,0.94883069,0.18668019,0.0017205918
2cxp_A5P_A_1601,0.99396606,1,0.11413966,0.1306851,0.56572498,0.20256211,0.98424829
2d0e_NQ_A_409,0.02018451,0.96322172,0.10131818,0.11711225,6.3525041e-05,0.16390754,6.4729174e-07
2d0e_NQ_A_410,0.99111416,0.98804439,0.10571554,0.11085169,3.6539229e-05,0.16932432,6.1722315e-06
2d1j_D01_A_700,0,0.11731071,0.095520378,0.12835812,0.73997009,0.15917343,0
2d3n_GLC_A_608,0.013895512,0.93914262,0.10105679,0.11712788,0.00070214434,0.16333442,5.8077887e-07
2dcf_ACA_A_501,9.6187547e-07,0.97065714,0.1097183,0.14226908,0.97327166,0.20098048,0.83433157
2dm5_ODI_A_312,0,0.96308835,0.10460407,0.13264579,0.82854696,0.18257078,0.15456901
2e1a_MSE_D_301,0.98007347,0.96764968,0.11002801,0.13016943,0.99486628,0.2562013,0.25578773
2e40_LGC_A_1001,0.9583643,0.00092158409,0.095992721,0.1102121,0.037004959,0.14715101,0
2e40_LGC_B_2001,0,0,0.091884823,0.11643347,0.037437316,0.14235389,0
2e56_MYR_A_501,0.65949861,0.92168717,0.1047133,0.11456427,5.1003655e-05,0.1697318,0.1342478
2e56_MYR_A_601,0,0.89674376,0.10057933,0.11714337,8.3647027e-10,0.16227761,5.8843662e-07
2e56_MYR_A_701,0.9766597,0.96573115,0.10619089,0.1120877,0,0.17128011,0.086295991
2eb5_OXL_A_2001,0.98917454,0.839325,0.10475243,0.11222368,0.06494912,0.16817388,0.027079636
2eb5_OXL_B_2002,0.98365441,0.96461801,0.10600639,0.11205233,0.026761768,0.17084555,0.070084887
2eb5_OXL_C_2003,0.98853298,0.96425191,0.1074963,0.12200807,0.65468291,0.18144155,0.028213748
2eb5_OXL_D_2004,0.99310695,0.95054763,0.10601328,0.11180454,1.2538635e-07,0.17068056,0.071961075
2ef9_A5P_A_1269,0,0,0.092191334,0.11825216,0.14690924,0.14436569,0
2ef9_A5P_B_2269,0.96285241,0.80654159,0.10392487,0.11168448,0.053077539,0.16593041,0
2ef9_PEP_A_1268,0.99276944,1,0.1143247,0.13387794,0.80141553,0.20530879,0.9153514
2ei7_D93_A_700,0,0,0.095123027,0.13236089,0.99091535,0.16120868,0
2eup_LG4_A_400,0.99484732,0.98113768,0.10837093,0.12688068,0.96693973,0.18695314,6.8116109e-08
2euq_BVC_A_401,0.73427898,0.70256923,0.10552361,0.12607806,0.67039515,0.17995402,0.27280721
2eus_ABN_A_400,0.9957896,0.99203182,0.10849781,0.12698538,0.97263576,0.18731292,0
2evd_D10_A_304,0.97933701,0.95994292,0.10615066,0.11214956,0.0065154614,0.17123605,0.084682407
2ex1_C5P_A_1427,0,0,0.095122461,0.1323666,0.99127305,0.16121158,0
2exs_TRP_B_2100,0,0,0.091780002,0.11581151,0,0.1416659,0
2f64_12Q_A_472,0,1.3388283e-33,0.092069218,0.11752758,0.10329489,0.14356418,0
2f64_12Q_B_471,0.0054556519,1.1648884e-33,0.091803361,0.11577623,6.7573112e-06,0.14169325,0
2f78_BEZ_A_1001,0.99520585,0.98845297,0.11529459,0.13787175,0.99379844,0.21038603,0.99368829
2f78_BEZ_A_1003,0.039227747,0.99297058,0.10928803,0.13388555,0.41110663,0.19390207,0.94535438
2f78_BEZ_B_1002,0.99407507,0.9960496,0.11531658,0.13776133,0.98932595,0.21035452,0.98852637
2f78_BEZ_B_1004,0,0.99145624,0.10978472,0.14211053,0.97528206,0.20101391,0.81331476
2f7x_4EA_E_351,0.97317141,0.410766,0.10224463,0.12217756,0.72414433,0.16984248,0
2fc0_DGP_A_239,0.0015877382,0,0.091786937,0.11580205,5.0921204e-05,0.14167476,0
2fcu_AKG_B_898,0.9951317,0.82679071,0.10400454,0.11056698,0.00022896457,0.16529839,0
2fhk_MFN_A_600,0,0,0.091780002,0.11581151,9.425511e-17,0.1416659,0
2fhk_MFN_C_601,0.80400458,0.97345808,0.10477178,0.11204286,2.2382074e-18,0.16805425,9.0857373e-18
2fhn_BNI_X_501,0.97362038,0.96658839,0.10820149,0.12737727,0.98984509,0.1869337,0
2fhn_BNI_Y_502,0,0.95546413,0.10393497,0.13372257,0.99269362,0.18187032,0
2fib_GLY_B_2,0,0,0.091780002,0.11581151,0,0.1416659,0
2fkm_G16_X_464,5.105696e-06,0.72990441,0.10001382,0.11864703,7.0294861e-06,0.1621058,0.15688151
2fpu_HSO_B_509,0.86161198,0,0.095466353,0.1102247,7.5173096e-05,0.1459682,0
2fr6_CTN_A_1001,0.97399279,0.98471502,0.10839136,0.12746357,0.99356474,0.18742056,0
2fr6_CTN_C_1003,0.99263193,0,0.098815436,0.125921,0.99602181,0.16492502,0
2fr6_CTN_D_1004,0.99356225,0.27693614,0.10195708,0.12636408,0.99439649,0.17226055,0
2fu9_MP2_A_1410,0.98379741,0.98259031,0.10826292,0.12650795,0.94002741,0.18643799,5.2404979e-05
2fu9_MP2_B_2410,0.93812531,0.99086491,0.1069572,0.11974781,0.51457615,0.17858056,8.7977627e-06
2fyd_BGC_D_530,0,0.98317917,0.10460211,0.12461893,0.19660342,0.17669644,0.38487729
2fyd_NGA_B_404,0.97698155,0.47133659,0.10058509,0.11017741,0.00012987687,0.1573788,0
2fz8_ZST_A_600,0,0,0.095119175,0.13239969,0.99334807,0.16122841,0
2fzb_TOL_A_600,0.8933844,0.99113834,0.10806748,0.12774639,0.97854583,0.18688982,0
2fzb_TOL_A_700,0.87667258,0.98333428,0.10517957,0.11158624,2.1866441e-09,0.16864399,0
2fzb_TOL_A_900,0,0.96631681,0.10124955,1.4970414e-11,9.7095543e-08,0.16381182,0
2g21_L1B_B_985,0.98792541,0.27572754,0.10191963,0.12638473,0.99353872,0.17219105,0
2g5v_22M_A_301,0,0.028081506,0.095247265,0.13110936,0.91245337,0.16057233,0
2g8t_MI2_A_401,0,0.064188701,0.095357782,0.12999605,0.84265686,0.16000626,0
2g9z_VNP_B_601,0,0.91507657,0.10075922,0.11717061,8.3709139e-07,0.162699,7.9841998e-08
2giq_NN2_A_1001,0.99421199,0.97800861,0.1056253,9.2940921e-59,0.0025082608,0.16909245,0
2giq_NN2_B_2001,0.98879051,0.28476463,0.10195247,0.12610864,0.9765599,0.17206295,0
2gn2_C5P_A_400,0,0.96464922,0.10124566,0.11724422,3.6028831e-07,0.16383842,0
2gue_NAG_B_122,0,0.71221233,0.10036664,0.12065167,0.10056469,0.16435519,0.19286248
2gx5_PCG_C_514,0.85691377,0,0.095447483,0.11026247,0.00051424062,0.14595282,0
2gyv_HBP_A_1409,0,0.67925443,0.10102393,0.12438604,0.28789459,0.16854561,0.25988999
2gyv_HBP_B_545,0,0.31718466,0.096132152,0.12219533,0.35360649,0.15603989,0
2gyw_OBI_A_952,0.98696586,0.40777807,0.10231807,0.12231034,0.73773655,0.17010577,0
2gyw_OBI_B_953,0.95715683,0.32261735,0.10187895,0.12484829,0.88546444,0.17097316,0
2gzm_DGL_B_502,0,1,0.11112768,0.14427453,0.99104021,0.2055832,0.99151646
2gzm_DGL_C_503,0,1,0.11114757,0.14433408,0.99337429,0.20567098,0.99347535
2gzm_DGL_D_504,0,1,0.11112258,0.14425795,0.99033566,0.20555971,0.99105671
2hi4_BHF_A_800,0.99774251,0.99804217,0.10863343,0.12738684,0.99702579,0.18790904,0
2hs3_FGR_A_2166,0.92818262,0.81539588,0.10365097,0.11098745,0,0.16480428,0
2ht8_G39_A_800,0.96659385,0.27475713,0.10179317,0.12636667,0.9840305,0.1718918,0.0002985737
2htu_BCZ_A_801,0,0,0.10137714,0.98655048,0.98366966,0.18290556,0.99050918
2huu_ALA_A_701,0.96467164,0,0.095907052,0.10955505,1.0990168e-08,0.14648126,0
2i1v_F6P_B_720,0,0.95616508,0.1011624,0.11723162,0,0.1636434,1.1663864e-07
2i1v_FDP_B_710,0,0.91477937,0.10281469,0.1293816,0.73499334,0.17620093,6.93364e-05
2iht_TPP_A_600,0,1,0.11009869,0.14135706,0.88359018,0.20116147,0.88472213
2iht_TPP_B_600,0.8056644,1,0.1131052,0.13486674,0.83624315,0.20327889,0.83959179
2iht_TPP_C_600,0.96034959,1,0.11491648,0.13621763,0.88245156,0.20832857,0.9892098
2iht_TPP_D_600,0.41478749,0.99062302,0.1117477,0.13857764,0.88169532,0.20288681,0.88058444
2ihu_TP9_A_600,0,1,0.11116065,0.14438438,0.99581896,0.20573684,0.99438923
2ihu_TP9_B_600,0,1,0.11081265,0.14232432,0.87192247,0.20345624,0.99422697
2ij7_TPF_A_2472,0,0.67248848,0.09934586,0.11831428,1.0580889e-05,0.16037312,0.12696967
2ij7_TPF_B_2470,2.9298203e-05,0.96769021,0.10127978,0.11727321,0.0014848938,0.16393574,0
2ij7_TPF_C_2471,8.3067248e-05,0.96741354,0.10127318,0.11724808,1.7637408e-05,0.16390269,0
2ij7_TPF_D_2473,0,0.73624655,0.10027435,0.118881,9.3657847e-05,0.16285719,0.1702593
2ipf_FFA_A_3,0.97721847,0,0.095996985,0.1096888,0.012948833,0.14678186,0
2ipf_FFA_B_4,0.99172463,0.98383379,0.10813153,0.12540674,0.87675954,0.18534225,0
2isf_PAC_A_317,0.99146936,0.97666544,0.10561694,0.11086501,0.0012259024,0.169114,0.0012103723
2ixi_TYD_A_1182,0,0,0.091796883,0.11591167,0.0060292577,0.1417767,0
2ixi_TYD_B_1182,0.97950715,0,0.09601907,0.10974691,0.017339826,0.14687398,0
2iyq_SKM_A_201,0.94684248,0.96253333,0.10809851,0.12755948,0.98451484,0.1868317,0.0097245743
2izf_BTN_B_300,0.99576395,0.27854141,0.10197517,0.12632107,0.99254101,0.17226993,0
2j1s_FUL_A_1153,0,0.95944846,0.11074257,0.14429085,0.9956599,0.20473557,0.99149687
2j51_DKI_A_1314,0,0.15743745,0.095643198,0.12712088,0.66240364,0.15854434,0
2j5b_TYE_A_1336,0,0,0.092306051,0.11893285,0.18788128,0.14511865,0
2j5z_GAL_A_1278,0.9763693,0.85290041,0.10455314,0.11111026,0.00093620012,0.16691463,0.010252622
2jav_5Z5_A_1280,0,0,0.10128509,0.14273913,0.99075997,0.1824946,0.98722271
2jfv_FLC_A_1271,0.89292768,0.75624317,0.10368641,0.11383332,0.13497512,0.1669528,0.026249129
2jhp_GUN_A_1648,0.0013521698,0.96686583,0.10127619,0.11725638,0.001057896,0.16391569,5.9324427e-06
2ji6_TPW_B_1566,0,0.043326251,0.095293926,0.13063931,0.88298473,0.16033333,0
2no7_LDC_A_401,0.99018967,0.98859086,0.10848742,0.1272974,0.989539,0.18751651,0
2no7_LDC_B_401,0.98605472,0.98496326,0.10575645,0.11143066,0.033190703,0.16983739,0
2nos_AGU_A_903,0.15479364,0.91290436,0.10140097,0.11616832,0.00029350186,0.16342715,7.2369047e-07
2npq_BOG_A_1000,0,0.96942837,0.11034467,0.14293991,0.94715117,0.2028636,0.9386955
2npq_BOG_A_2000,0,0.71479988,0.09977478,0.11845005,0,0,0.14534804
2nry_STU_A_504,0.99421219,1,0.11540325,0.13792352,0.99614686,0.21066623,0.99266674
2nry_STU_B_502,0.93096274,0.81584226,0.10366525,0.11096977,0,0.16482374,0
2nry_STU_C_503,0.99268149,0.98307711,0.1156083,0.13829155,0.98965443,0.99784655,0.99782376
2nry_STU_D_501,0.99343246,1,0.11530253,0.13763841,0.98483138,0.21023357,0.98302985
2ntk_IMP_A_205,0,0,0.094524176,0.13209421,0.98009597,0.15967741,0
2ntk_IMP_B_206,0.98439979,0,0.098753247,0.12581436,0.98638931,0.16470691,0
2ntk_IMP_C_207,0,0,0.094536887,0.13216963,0.98463583,0.15976084,0
2nu7_COA_B_1325,0,0.72990518,0.10001378,0.11864694,2.279036e-08,0.16210563,0.15687997
2nz5_226_A_431,0.029638301,0.9844627,0.10156688,0.11708146,2.1495134e-06,0.16444182,4.3509303e-07
2nz5_226_A_432,0.0022024582,0.9632256,0.10124119,0.11722795,4.3177406e-07,0.16381696,1.1578051e-05
2nz5_226_B_432,0.99169374,0.82445432,0.10398459,0.11065411,0.0042822825,0.16531684,0
2o1o_RIS_A_400,0,0.96428227,0.10453863,0.12441412,0.16671777,0.17640391,0.40090126
2o1o_RIS_B_400,0.92457638,0.97295504,0.10779839,0.1261873,0.89850276,0.1851566,0
2o7b_HC4_C_701,0.99752334,0.28565334,0.10200747,0.12610697,0.97979032,0.17218604,0
2o7b_HC4_D_701,0.99309925,0.2847313,0.10197817,0.12612236,0.97906581,0.17213108,0
2o7b_HC4_G_701,0.99643873,0.2762857,0.10197231,0.12639261,0.99728374,0.17231588,0
2o7d_DHC_A_701,0.98973217,0.79019986,0.10350515,0.11052713,6.8856486e-05,0.16415372,0
2o7d_DHC_B_701,0.99689158,0.27764538,0.10197918,0.12635202,0.99491203,0.17230167,0
2o7d_DHC_E_701,0.99706755,0.54587443,0.10280123,0.11808213,0.47651527,0.16809925,0
2o7d_DHC_G_701,0.98389492,0.27276151,0.10188643,0.12646431,0.99698834,0.17217431,0
2o7d_DHC_H_701,0.99861374,0.82760504,0.10402488,0.11054237,5.3417731e-05,0.16532642,0
2okk_ABU_A_585,0,0.14589691,0.093211621,0.1160282,3.3406161e-07,0.14501935,0
2ot7_OGA_B_500,0,0.14299996,0.095600811,0.12757241,0.69061319,0.15877936,0.0001279635
2oxp_THP_A_300,0.96268291,0,0.095912397,0.10965015,0.0049480547,0.14656227,0
2p1e_LAC_A_303,0,0,0.091832309,0.11612187,0.018681664,0.14200921,0
2pir_DHT_A_931,0.99481516,0.99759974,0.10861256,0.12738137,0.99559318,0.18785793,0
2pnz_UDP_A_250,0.92954455,0.86432154,0.10463125,0.11176616,0.0071791023,0.16755849,0.032333147
2prg_BRL_A_1,0.94496135,0.88845374,0.10517038,0.11238777,0.033131172,0.16921727,0.056750865
2prg_BRL_B_2,0.79932773,0.91630435,0.10553848,0.11998398,0.48127914,0.17556183,0
2prl_R2C_A_400,0.98308756,0.98716578,0.10567243,0.11090177,7.9024643e-09,0.16926325,0
2pt6_S4M_A_501,0,0.96804149,0.11078862,0.14415804,0.98863972,0.20474152,0.98876726
2pt6_S4M_B_502,0,0.97815566,0.11089884,0.1442008,0.98951126,0.20501867,0.99001806
2pt6_S4M_C_503,0.93775205,0.95214038,0.11435681,0.13654105,0.90183548,0.20731184,0.98222283
2ptm_CMP_A_401,0,0,0.091780002,0.11581151,0,0.1416659,0
2pvy_ACP_A_802,0.98973713,0.35066844,0.1021821,0.12415802,0.85341808,0.17115156,0.0015779511
2pvy_ACP_D_802,0.97872743,0.82307091,0.10391235,0.11068978,0.0014472393,0.16517935,0
2pwf_BGC_D_9999,0.95640016,0.7809469,0.10328307,0.1107347,3.6474947e-05,0.16380366,0.00041119874
2pye_7PE_A_504,0,0.82942184,0.10163002,0.11970465,7.8604028e-10,0.16648136,0.23342422
2q6m_P34_A_1001,0.93265115,0.76354563,0.10461174,0.11650226,0.28213503,0.17097152,0.081835647
2q6m_P34_A_1002,0.95753292,0.33891759,0.1019311,0.12434681,0.85416859,0.17072351,0
2qab_EI1_A_1,0.99637467,0.28805417,0.10200795,0.12602956,0.97449855,0.17213038,0
2qab_EI1_B_1,0.99581208,0.77793534,0.10468158,0.11498469,0.23240095,0.17003202,0.052121944
2qb3_PMP_A_700,0,0.68597048,0.10088999,0.12362506,0.24972116,0.1676917,0.24623135
2qb4_DSM_A_801,0.9771008,0.98902921,0.95435495,0.12520571,0.85914879,0,0
2qb4_DSM_A_802,0.97363166,0.81902747,0.10389913,0.11089569,0.012040554,0.16529925,0
2qb4_LEU_A_601,0.99191571,0.99314671,0.11501935,0.13702746,0.96159178,0.20915618,0.96185469
2qca_DGP_A_200,0.95858971,0,0.095881032,0.10959449,5.5223923e-09,0.14645091,0
2qca_DGP_A_300,0.97119515,0.77729085,0.10455536,0.11501372,0.22357045,0.16976706,0.053607625
2qcx_PF1_A_300,0,0.97400987,0.10233878,0.12319921,0.35760892,0.17062545,0
2qcx_PF1_B_300,0,0.98388824,0.10304455,0.12682646,0.57505882,0.17484865,0
2qd1_CHD_D_802,6.2332991e-11,0,0.091780002,0.11581151,5.6557695e-11,0.1416659,0
2qd4_CHD_A_801,3.7933756e-08,0.98483548,0.10144373,0.1172742,6.6848361e-08,0.16430239,0
2qd4_CHD_A_802,0.83353854,0.97158938,0.10487979,0.11184854,2.2153881e-08,0.16815872,0
2qd4_CHD_A_803,0,0.9894045,0.10148857,0.11728099,3.1758291e-07,0.16440742,0
2qd4_CHD_B_926,0,0.72990383,0.10001381,0.11864709,7.7195174e-06,0.1621058,0.15688272
2qd4_CHD_B_927,2.0706733e-09,0.99041594,0.10149849,0.11728249,3.6144474e-08,0.16443066,0
2qd4_CHD_B_928,0,0.94293071,0.10103254,0.11721196,1.3717421e-07,0.16333921,0
2qg6_NMN_A_301,0,0.96742342,0.10403328,0.13362734,0.98589242,0.18202021,0
2qgw_EES_A_1,0,0.72990508,0.10001378,0.11864695,6.0958722e-07,0.16210564,0.15688018
2qgw_EES_B_1,0,0.72990508,0.10001378,0.11864695,6.3747921e-07,0.16210565,0.15688019
2qhv_OC9_A_1001,0.9896149,0.98433836,0.11113609,0.11935176,3.1956239e-06,0.18759211,0.80130958
2qim_ZEA_A_160,0,0.099163366,0.095464856,0.12891775,0.77505353,0.15945805,1.6855805e-06
2qim_ZEA_A_161,0,0.7281538,0.10004871,0.11884538,0.0099547218,0.16232831,0.16044181
2qim_ZEA_A_162,0,0.72990519,0.10001378,0.11864693,1.8596019e-09,0.16210563,0.15687996
2qs2_UBF_A_603,0,0.13836197,0.095584811,0.12770904,0.69927724,0.1588434,0
2qs2_UBF_B_602,0.97744816,0.52661141,0.10262482,0.11861826,0.50263432,0.16809341,0
2qse_1HP_A_1,0.99307504,0.97611122,0.10835645,0.1271364,0.98208981,0.18710717,0
2qui_LTN_A_501,0,0,0.091806237,0.11596717,0.0093701276,0.14183809,0
2qvr_CIT_A_335,0.88736328,0.9596157,0.105133,0.11203669,0.027459647,0.16887038,0.0093200346
2qvr_FDP_A_333,0.97305232,0.29468135,0.10188867,0.12575671,0.94848265,0.17166082,4.223438e-06
2qx4_ML1_A_233,0.43266812,0.98553668,0.10330168,0.11446932,1.1428709e-05,0.16647848,0
2qx4_ML1_B_233,0.98086065,0.95711943,0.10607663,0.11197344,3.1383347e-07,0.17094273,0.079423589
2qx9_ML2_A_234,0,0,0.091780048,0.11581178,1.6245054e-05,0.14166619,0
2qxf_TMP_A_3000,0.97848271,0.82136182,0.1039178,0.11078117,0.0069316859,0.16525818,0
2r0g_7CK_A_1355,0.99235832,0.98968096,0.11516364,0.13750236,0.97860672,0.20982416,0.98073989
2r0g_7CK_B_1357,0.99379043,0.98391776,0.1151557,0.13765183,0.98686586,0.20991568,0.98357916
2r3d_ACM_A_303,0.72149965,0.99277008,0.11416616,0.13965295,0.9937472,0.20911914,0.99373575
2r4j_13P_A_1968,0,0.72987347,0.10001441,0.11865053,0.00018027954,0.16210966,0.15694447
2r4j_13P_B_816,0,0.63875005,0.10166691,0.12837034,0.4924148,0.17288666,0.32287587
2r4t_250_A_503,1.2679296e-07,0,0.091780003,0.11581151,1.9627898e-07,0.1416659,0
2r4t_GLC_A_502,0,0.13352039,0.097186184,0.13357294,0.97870714,0.16669324,0.11467481
2r5e_QLP_A_430,0,0.98567842,0.101452,0.11727545,3.0195434e-07,0.16432177,0
2r5e_QLP_B_430,0,0,0.091780002,0.11581151,0,0.1416659,0
2rbu_273_X_4001,0.9926902,0.9861965,0.10653107,0.11212421,6.4436147e-07,0.17206841,0.096246783
2rbx_3AY_X_2001,0,0.73531767,0.10549096,0.13534145,0.67999946,0.18649519,0.67344959
2rhx_MLY_A_537,0.95165604,0,0.095964644,0.11031159,0.040457057,0.14715979,0
2ri1_GLP_A_234,0,0.67196417,0.10116933,0.12521208,0.32933184,0.16947253,0.27471643
2ri1_GLP_B_234,0.66481448,0.76763856,0.10301701,0.11555976,0.12293717,0.16667672,0.075415343
2rtn_IMI_B_300,0.9909278,0.98033077,0.11514197,0.13771673,0.98680205,0.2099317,0.98855135
2rtn_IMI_D_300,0.99444179,0.97334573,0.11043431,0.13043658,0.9860596,0.19414071,0.30624612
2tio_BEN_A_247,0,1,0.11114951,0.14434361,0.99390666,0.20568225,0.9935403
2uyv_TLA_B_1275,0,0.72515484,0.10010852,0.11918518,0.027000597,0.16270961,0.1665409
2uza_HTL_B_1236,0,0,0.094285724,0.13067934,0.89493172,0.15811232,0
2v32_BEZ_A_1222,0.98959182,0.97463072,0.10869512,0.12778128,0.986335,0.18833091,0.052244784
2v32_BEZ_B_1220,0.99633597,0.96973012,0.11472586,0.13557584,0.85883692,0.20744089,0.99193351
2v32_BEZ_C_1222,0.99266246,0.98394586,0.10908014,0.12835055,0.99768711,0.18960475,0.088719752
2v32_BEZ_D_1221,0.9705932,0.9540522,0.10761868,0.12256263,0.65370823,0.18211437,0.072497837
2v60_C17_A_1503,0.98825756,0.27442467,0.10191763,0.12642588,0.99624544,0.17221669,0
2v60_C17_B_1498,0.9941897,0.27755512,0.10196273,0.12634684,0.99355552,0.17226069,0
2v7o_DRN_A_1303,0.94648488,0.90259409,0.10519229,0.11180089,0,0.1688382,0.050868073
2vag_V25_A_1482,0.99211943,0.2776824,0.10195073,0.12633682,0.99213639,0.17222621,0
2vez_G6P_A_202,0.86239075,0,0.095471537,0.11023064,0.00073660641,0.14598424,0
2vjb_CCD_B_1539,0,0,0.092322886,0.11903274,0.19389386,0.14522914,0
2vjb_CCD_B_1540,0.00014870783,0.9911866,0.10159164,0.11778673,0.030340774,0.1650067,0
2vlf_PLI_A_1457,0.88468094,0,0.097926385,0.12408621,0.84343943,0.16158211,0
2vmg_MBG_A_1179,0.98019659,1,0.11476334,0.13634144,0.93324889,0.20808317,0.93343649
2vmp_PLP_A_501,0.99157569,0.82611568,0.10398377,0.11058568,1.1721139e-05,0.16526504,0
2vp5_DCZ_A_1210,0.99219234,0.98930056,0.10851167,0.12733721,0.99265351,0.18760006,0
2vp5_DCZ_B_1210,0.98266904,0.9933593,0.10850077,0.12734579,0.98908917,0.18758031,0
2vss_V55_D_1250,0.002850117,0.97471469,0.1014947,0.11805997,0.049314917,0.16499028,6.0635982e-07
2vsu_V55_D_1251,0.0038107567,0.98219135,0.10295472,0.12626832,0.54310222,0.17424139,1.9703024e-07
2vzu_PNJ_A_1901,0,0.66999821,0.10120853,0.12543484,0.34050616,0.16972249,0.27871465
2vzu_PNJ_B_1904,0.99140071,0.37182469,0.10223457,0.12343197,0.80974869,0.17073901,0
2w0b_CMW_A_1450,5.77721e-06,0.86660758,0.10028364,0.11709857,0,0.16158495,0
2w1a_TSA_C_1091,0.94764895,0.99316705,0.10898722,0.12860409,0.99227351,0.1895743,0.092288641
2w1a_TSA_D_1091,0.97137595,0.99394766,0.10631932,0.11196822,0,0.17147941,0.092464829
2w5t_GP9_A_1644,0,0.22158762,0.09978136,0.13732103,0.98853363,0.17520688,0.4486867
2wd2_MS5_A_1263,0.67091075,0.96556406,0.10577124,0.12266287,0.58799277,0.17801415,0
2wdq_CBE_C_1130,0.98982153,0.98605125,0.10569032,0.1108565,3.5757344e-06,0.16927131,0
2wdq_TEO_A_1589,0.98038844,0.6876402,0.10272828,0.11051294,0.0023192583,0.16240779,0
2wdq_TEO_E_1589,0,0.67679416,0.10769418,0.14311032,0.96847194,0.19707126,0.9623516
2wdq_TEO_I_1589,0,0.87889196,0.10980827,0.14382324,0.98552239,0.20230967,0.97456397
2whq_HI6_A_1543,0.0044690692,0.73026733,0.1000318,0.11861389,0.00020978055,0.16212257,0.1561117
2whq_HI6_B_1545,0.00242729,0.72980173,0.10002956,0.118663,0.001819943,0.16215299,0.15707311
2wj4_HQD_A_1281,0,1,0.11111131,0.14422907,0.98940949,0.20551353,0.98978407
2wj4_HQD_B_1278,0,0.9934234,0.11106172,0.14426494,0.99123582,0.20542898,0.99122628
2wj4_HQD_C_1277,0.026462154,0,0.095303424,0.13221748,0.99203035,0.16151133,0
2wj4_HQD_D_1278,0.0048803844,0.99555117,0.11113263,0.14431714,0.99412005,0.2056261,0.99431803
2wu4_HBP_A_1544,0.12293251,0.74042448,0.10049848,0.11767475,0.0026006642,0.16250055,0.13461283
2wu4_HBP_B_1545,0.98368864,0.82373522,0.10393836,0.11066535,0.0018817005,0.16522046,0
2wzv_FMN_A_801,0.00037572046,0,0.094444928,0.13161201,0.95121793,0.15914859,0
2wzv_FMN_B_801,0.98355615,0,0.098623103,0.12506903,0.94119692,0.16387219,0
2x05_X05_A_1900,0.98629595,0.51029071,0.10262783,0.11914755,0.53919631,0.1684881,0
2x0u_X0U_B_1291,7.3080386e-05,0.99578285,0.10433705,0.13381841,0.99488689,0.18283772,0
2x6o_2TC_A_1209,0,0,0.091780003,0.11581151,4.399401e-07,0.1416659,0
2xh0_PEP_C_1440,0.98802835,1,0.11539924,0.13800075,0.9963273,0.21071241,0.99588447
2xhk_AKG_A_519,0.92365457,0.81457517,0.10362808,0.11102128,0.00030766263,0.1647771,0
2xhk_AKG_B_519,0.95040386,0,0.095847219,0.10965475,0.00043138965,0.14641797,0
2xta_TPP_A_2001,0.9785827,0.79737365,0.10419657,0.11275139,0.11317086,0.16731774,0.012712089
2xta_TPP_B_2001,0.99476056,0.82680173,0.10400237,0.11056559,0,0.16529245,0
2xta_TPP_C_2001,0.95225006,0.81926023,0.10377458,0.11083442,0,0.16497275,0
2xta_TPP_D_2001,0,0.73098903,0.10282083,0.12859919,0.46265347,0.17562653,0.38254252
2xul_AKG_A_201,0,0,0.091780002,0.11581151,6.1139197e-08,0.1416659,0
2xul_AKG_B_201,0.92692556,0.90914845,0.10695346,0.12469141,0.81448838,0.18217911,0.00093150627
2xul_AKG_D_201,0,1.7462243e-05,0.091780173,0.11581153,3.360094e-09,0.1416663,0
2xul_AKG_E_201,0.99308964,0.82644417,0.10399261,0.11057603,1.5467365e-07,0.165278,0
2xul_AKG_F_201,0.99389446,0.82592122,0.10399736,0.11059951,0.0017602733,0.16530589,0
2xum_OGA_A_601,0.99876942,0.97602299,0.10563672,0.11079848,0.00039266639,0.16911089,0.00079700692
2xya_7L4_A_1181,0.99324319,0.97457555,0.10837413,0.12732293,0.99351733,0.18728284,5.118026e-06
2xyj_WLM_A_1441,0.98196518,0.82406404,0.10392764,0.11064556,1.568986e-07,0.16518177,0
2xyj_WLM_A_1442,0,0.72610233,0,0.11861368,9.7046703e-05,0.16195431,0.15435055
2xyj_WLM_B_1441,0.85546994,0.80629142,0.10332321,0.11152089,1.1398137e-07,0.16444897,0
2xyj_WLM_B_1442,0.92627018,0.29088378,0.10159692,0.12573573,0.9293051,0.17098603,0
2y00_Y00_B_601,0.99473563,0.9853551,0.10846921,0.12722809,0.98743094,0.18742609,0
2y2f_YI1_A_1469,0.83272339,0,0.096930374,0.11983224,0.56709888,0.15624436,0
2y4j_LAC_A_400,0.98384052,0.86898395,0.10711413,0,0.9311136,0.18360757,0.00064166763
2y4j_LAC_B_400,0.9640357,0.79397989,0.10418208,0.11310993,0.12507775,0.16754424,0.019717482
2y5a_3AP_A_1295,0.15692001,0.99601294,0.10346274,0.1236188,0.44215715,0.17346826,0
2ye5_2A7_A_1224,0.99016123,0.8793011,0.10661104,0.1221523,0.68504063,0.17957223,0.0071464511
2yjd_YJD_A_1498,0.99391657,0.82593617,0.10399749,0.11059895,0.001734402,0.16530577,0
2yjd_YJD_B_1498,0,0.72961383,0.10001959,0.11867995,0.0016560646,0.16214268,0.15747251
2ynf_WHU_A_1563,0,0,0.094567398,0.13235067,0.99553311,0.1599611,0
2yp6_C6W_B_1186,1.2670129e-07,0.93108995,0.10091635,0.11719437,0,0.16306705,0
2z1z_MLT_A_433,0.97083013,0,0.096398857,0.11227693,0.16624079,0.14956706,0
2z20_PLP_B_801,0,0.99387726,0.1041589,0.13287176,0.93804712,0.18174899,0
2z26_DOR_A_1410,0,0,0.091780002,0.11581151,0,0.1416659,0
2z48_A2G_A_1001,0,1,0.11001419,0.13859183,0.66874474,0.19895083,0.96055526
2z48_A2G_A_1005,0.98852892,0.31170777,0.10203338,0.12527714,0.92433055,0.17163647,4.0244369e-07
2z48_A2G_B_2001,0,1,0.11025405,0.14179692,0.89976222,0.20182861,0.90086712
2z48_A2G_B_2005,0,0.93542738,0.10344255,0.13193761,0.88704387,0.17946822,3.5234666e-07
2z48_NGA_A_1002,0,0.72989553,0.10001397,0.11864803,5.4928245e-05,0.16210686,0.15689961
2z48_NGA_A_1006,0,0.72638792,0.10008393,0.11904547,0.019991864,0.16255283,0.16403314
2z48_NGA_B_2003,0.98433886,1,0.11391512,0.13215416,0.70372509,0.20313538,0.90068636
2z48_NGA_B_2004,0,0.70889472,0.1004328,0.12102758,0.1194217,0.164777,0.1996096
2z6j_TUI_B_502,0.86731063,0.80734872,0.10336902,0.11142225,1.5816314e-08,0.1644814,0
2z7s_P01_A_1,0.73019444,0.95488661,0.11047211,0.12337667,0.10142447,0.18899939,0.86744091
2zgw_ADN_A_1301,0.9912198,1,0.11536899,0.13786381,0.99241541,0.21054569,0.99105103
2zgw_ADN_B_1302,0.36922621,0.67865402,0.10312179,0.12511403,0.4786991,0.17382516,0.25848684
2zgw_BTN_A_1401,0.95145951,0.27224784,0.10169067,0.12638457,0.97960222,0.17167343,0
2zgw_BTN_B_1402,0.96774481,0.28207252,0.10181824,0.12612963,0.9698386,0.17177493,0
2zi2_24U_H_801,0.94760229,0.98034485,0.1082297,0.1275934,0.99146739,0.18714983,0
2zka_AZA_A_302,0.1524748,0.97175762,0.11145445,0.14311013,0.9862864,0.20548981,0.98636755
2ztl_3HL_A_301,0.99795886,0.96113066,0.10826044,0.12725101,0.99201901,0.18697742,0.00033717621
2ztl_3HL_B_301,0.987304,0.9548612,0.10815559,0.12705764,0.97108292,0.18659994,0.0092645086
2ztl_3HL_C_301,0.99514346,0.96795015,0.10832434,0.12733413,0.99533857,0.18718022,0.00029793126
2zut_A2G_B_4002,0.00016298939,0.72991696,0.10001447,0.11864589,1.5791426e-05,0.16210643,0.15685485
2zut_A2G_C_4003,0.9520775,0.81921843,0.10377375,0.11083628,4.6275467e-05,0.16497222,0
2zut_A2G_D_4004,0.98132327,0.28167287,0.10189903,0.12618452,0.97842607,0.17199773,5.1335633e-05
2zuw_NDG_B_4002,0,0.72949385,0.10002198,0.11869354,0.0023379972,0.16215793,0.15771651
2zuw_NDG_C_4003,8.3746197e-05,0.72990566,0.10001424,0.11864703,3.9824174e-05,0.16210675,0.15687841
2zuw_NDG_D_4004,0.99186384,0.82616637,0.10398545,0.11058433,3.9478236e-05,0.16526787,0
2zvq_1NP_X_501,0.18870299,0.064714539,0.095993882,0.13112897,0.98987691,0.16228658,0
2zvq_1NP_X_502,0,2.6746594e-06,0.091780028,0.11581151,0,0.14166596,0
2zwt_CAM_A_422,0,0,0.091910764,0.11658739,0.046702397,0.14252416,0
2zyv_NPO_X_1602,0.99812404,0.9939377,0.10580364,0.11081681,0.00015072095,0.16949673,0
3kt7_AKG_A_702,0,0.98618209,0.10145908,0.11727952,0,0.16434052,0.00031313887
3mk1_NPO_A_912,0,0.42969763,0.098781795,0.13297685,0.99480978,0.16982443,0
3mk1_NPO_A_913,0.9948701,0.99051552,0.10575683,0.11083694,0.00039834249,0.16940638,0
3qfx_CP6_A_602,0.99170231,0.9942075,0.10854735,0.12728614,0.98894938,0.18764232,0
3qfx_CP6_B_702,0.98832834,0.99489177,0.10853976,0.12730983,0.98899696,0.18764208,0
3qgz_ADN_A_127,0.99129892,0.98362888,0.11515105,0.13766072,0.98518542,0.20991126,0.98556684
3qhd_795_A_167,0.82748813,5.4053409e-05,0.098094698,0.1269046,0.99075318,0.16400509,0
3qhd_CTN_A_165,0.98127813,0.27889386,0.10188953,0.12626752,0.98365153,0.17203711,0
3qhd_CTN_B_165,0.97247348,0.27189807,0.10181541,0.12645728,0.99218562,0.17200864,0
3qhd_MSR_A_166,0,0.99091825,0.10150391,0.11728615,0.0001756332,0.16444543,0
3qk1_BEN_A_1010,0.99840518,0.99167222,0.1153697,0.13792641,0.99577539,0.21059398,0.99725208
3qss_MTG_A_405,0.81927462,0.9762163,0.10740765,0.12701221,0.90616657,0.18486794,0.00092424007
3qss_MTG_B_405,0,0.97090356,0.10384769,0.13227294,0.90286485,0.18061717,0.0018673786
3qt8_FM0_A_328,0.99100529,0.82599827,0.10398044,0.11058906,0,0.16525997,0
3qt8_FM0_B_328,0,0.72944349,0.10002299,0.11869925,0.002624238,0.16216433,0.15781892
3qwi_CUE_A_272,0.99717939,0.81999748,0.10403136,0.11089719,0.021272968,0.16559967,0
3qwi_CUE_B_272,0.99810223,0.82526103,0.10402206,0.1106372,0.0057113971,0.16538926,0
3qwi_CUE_D_272,3.9190748e-06,0.72990543,0.1000138,0.11864691,6.3207392e-07,0.16210566,0.15687945
3qxx_8AC_A_221,0.9584796,0.97202613,0.1054186,0.11103889,5.5505065e-07,0.16879245,6.1878833e-07
3r3z_GOA_A_305,0.99377237,0.970365,0.10630349,0.11197413,0,0.17145159,0.085241341
3r3z_GOA_C_305,0.99618025,0.96495594,0.10623111,0.11190445,0,0.1712398,0.080981275
3r3z_GOA_D_305,0.9932017,0.95215468,0.11256895,0.12553115,0.2899826,0.19529588,0.93644861
3r51_MMA_A_200,0.97276311,0.96556947,0.11495797,0.1378954,0.98866503,0.209648,0.99344042
3ro7_TDR_A_300,0,0,0.091903442,0.11654394,0.04408724,0.1424761,0
3roe_THM_A_265,0,0,0.092064207,0.11749785,0.10150533,0.14353129,0
3roe_THM_C_265,0.44499075,0.11857773,0.098188264,0.12963032,0.98966867,0.16613577,0
3roe_THM_D_265,0,0,0.095134729,0.13224301,0.98352505,0.16114875,0
3roe_THM_E_265,0,0,0.095133211,0.1322583,0.98448371,0.16115652,0
3rop_NCA_A_302,0.9264634,0.0047277993,0.095790668,0.10981395,0.00024541566,0.14640372,0
3rop_NCA_B_302,0.0029048687,0.009204335,0.091894399,0.11587547,0.0041614141,0.14196843,0
3ryd_SRT_A_267,0.977592,0.80072247,0.10412419,0.11237017,0.093633642,0.166878,0.0059085289
3ryd_SRT_A_271,0,0.4721969,0.096430481,0.11653928,3.093599e-08,0.15257659,0
3ryd_SRT_C_268,0.54297982,0.77837049,0.10211469,0.11412599,0.00010355424,0.1635953,0.054455402
3se2_3AB_C_4,0.9965687,0.97637724,0.10839508,0.12723922,0.98961868,0.18726909,0
3se2_3AB_D_3,0.99562959,0.98617436,0.10829166,0.12609962,0.91978108,0.18620616,0
3se2_LDR_B_2,0.99832843,0.82715387,0.10402324,0.11056015,0.0010412299,0.1653357,0
3sj1_DXC_X_75,0.9831885,0.98290361,0.10563104,0.11089478,0,0.16916579,0
3sru_Q26_X_169,0,0.0010271691,0.095164457,0.13194354,0.96475039,0.16099648,0
3t2e_F6R_A_3469,0,0.89464447,0.10055873,0.11714024,1.1495919e-09,0.16222935,5.307697e-09
3t3q_9PL_A_501,0.76479508,0.79153401,0.10310528,0.11303094,0.037860187,0.16504749,0.026107822
3t3q_9PL_B_501,0.00011128351,0.70695179,0.10047218,0.12124792,0.13052166,0.1650256,0.20356022
3t3q_9PL_C_501,0.9875571,0.82507713,0.10396031,0.11061813,0.0004643414,0.16523566,0
3te7_TE7_B_1,0,0.7298722,0.10001444,0.11865067,0.00018748548,0.16210982,0.15694704
3tky_N7I_B_369,0.08238235,0.73726124,0.10033248,0.11796069,0,0.1623313,0.14133421
3tyn_CXW_A_800,0,0.72990513,0.10001378,0.11864694,3.4146513e-07,0.16210564,0.15688008
3u1t_MLI_A_351,0.99667549,0.93668993,0.105821,0.11164954,1.8274082e-06,0.17013936,0.061685715
3u1t_MLI_B_350,0.99701817,0.94240646,0.10590617,0.11170103,0.00018807884,0.17036691,0.065564481
3u3o_3QV_A_296,0,0.72990494,0.10001378,0.11864696,1.4329771e-06,0.16210566,0.15688047
3ucc_2PG_A_601,0,0,0.10134902,0.14288745,0.99474864,0.18274522,0.99496091
3ucc_2PG_B_601,0,0.72990519,0.10001378,0.11864693,0,0.16210563,0.15687996
3ucl_CYH_A_543,0.12866598,0.98810365,0.10202701,0.11644576,2.0293749e-06,0.1650223,0.00010864387
3uud_EST_A_600,0.98777222,0.97890557,0.10832626,0.12696776,0.96961901,0.18691575,0
3uud_EST_B_600,0.98162337,0.99303972,0.10851194,0.1274635,0.99579504,0.18769098,0
3uwb_BB2_A_154,0.98515746,0.93840398,0.10777795,0.12609562,0.91972278,0.18505481,0
3v1m_HPK_A_288,0,0.44562483,0.10148054,0.13557476,0.88227148,0.17772581,0.41910781
3v1s_0LH_B_401,0.99373495,0.99579135,0.10584011,0.11106793,0.013387532,0.16976068,0
3v1v_GST_A_511,0.89846807,0.89578693,0.10505346,0.11511055,0.22847236,0.17093921,0
3v7u_MTA_A_301,0.14848019,0.71148626,0.10121993,0.12099933,0.18004913,0.16653991,0.1932838
3v7u_MTA_A_302,0.98556534,0.82460827,0.10394868,0.11063233,0.00057250105,0.16521972,0
3v8n_5NB_A_301,0.25908289,0.74931094,0.10109041,0.11691121,0.021190585,0.16328934,0.11557248
3vbn_TYD_A_301,0.86824118,0,0.097167298,0.12010607,0.59744717,0.15697938,0
3vbn_TYD_C_301,0.94415024,0,0.095864118,0.10995433,0.016022185,0.14667327,0
3vbn_TYD_E_301,0.5859874,0,0.09665458,0.12605939,0.84560493,0.16013091,0
3vc3_C6P_B_501,3.2435431e-05,0.93850982,0.10777419,0.13937238,0.94751591,0.19453684,0.60601819
3vc3_C6P_C_501,0,0.95290279,0.11058165,0.14355807,0.94894499,0.20384124,0.99649901
3vc3_C6P_F_501,0.64304037,0.95816048,0.11101917,0.13559559,0.93901863,0.19913442,0.65369008
3vca_PRO_A_504,0.90096218,0.044626171,0.096072386,0.11003452,4.7754138e-08,0.14718898,0
3vcp_PRO_A_502,0,0,0.092810148,0.12192393,0.36792192,0.14842731,0
3vmg_9CA_B_2001,0,0,0.10092502,0.1422129,0.99351137,0.18130918,0.93328234
3vmg_9CA_C_2002,0,0,0.10068624,0.14126545,0.94651671,0.18008527,0.91755955
3vnj_PSJ_A_301,0,0,0.091780002,0.11581151,0,0.1416659,0
3vnj_PSJ_C_301,0,0,0.091780002,0.11581151,0,0.1416659,0
3vnj_PSJ_D_301,0.91312897,0,0.096325944,0.11368326,0.22836561,0.15042072,0
3vnm_SDD_A_301,0.5634226,0,0.094190431,0.11215738,0,0.14447834,0
3vnm_SDD_B_301,0.5488338,0.89647037,0.10405399,0.11533968,0,0.16880627,0.14426675
3vnm_SDD_C_301,0.49332286,0.76939419,0.10201318,0.11505431,0.025921881,0.16403681,0.073063708
3vq4_0NX_A_304,0,0.98286377,0.10414782,0.13343036,0.9726435,0.18213205,1.8473579e-05
3vq4_0NX_A_305,0.99491314,0.9885928,0.11509636,0.13733302,0.97484415,0.2095512,0.9723803
3vq4_0NX_B_303,0.99589108,0.97810158,0.10601253,0.11302525,0.13361143,0.17157478,2.3770666e-05
3vq5_MMJ_A_1007,0.99438716,0.33623236,0.10215656,0.12458433,0.88242219,0.17140663,0.00092565632
3vq5_MMJ_B_307,0.9934769,0.79419995,0.10434401,0.11313762,0.13876908,0.16793115,0.019060681
3vqe_FMQ_A_1006,0.98665076,0.44565346,0.10302356,0.12579525,0.94627712,0.17422436,0
3vqe_FMQ_B_306,0.9924809,0.47430214,0.10068784,0.1101249,0.0027551654,0.15757257,0
3vv5_SLZ_B_301,0,0.88280155,0.10897232,0.14157903,0.91289648,0.19880991,0.87615467
3w4i_8LG_A_402,0.35536132,0.75515174,2.0484987e-65,0.11595387,0.015176675,0.16326386,0.092669277
3w4i_8LG_B_402,0.34595657,0,0.093290064,0.11374574,0.010712321,0.14358968,0
3w4i_8LG_D_402,0.98985977,0,0.096045399,0.10957318,0.01092459,0.14680776,0
3w7f_FPS_A_301,0,0.729905,0.10001378,0.11864696,1.0788732e-06,0.16210565,0.15688035
3w7f_FPS_B_301,0,0.72989562,0.10001397,0.11864802,5.4395098e-05,0.16210685,0.15689942
3w8x_FTK_B_601,0,0,0.0917809,0.11581683,0.00032069343,0.14167179,0
3wat_BMA_B_404,0.99042,0,0.096056221,0.10961954,0.013933567,0.14686585,0
3wca_FPS_A_501,0,0.82798246,0.10170641,0.12005362,0.017159375,0.16690632,0.24026917
3wca_FPS_B_401,0,0.95102449,0.1012256,0.11789824,0.040585563,0.1642711,0
3wca_FPS_C_401,0.93488302,0.90343579,0.10517515,0.11191769,0.00021400814,0.16888298,0.05438281
3wca_FPS_C_402,0,0.91551948,0.10076358,0.1171713,2.990651e-06,0.16270922,0
3wca_FPS_D_401,0,0.772551,0.10115958,0.12052871,0.062996951,0.16603353,0.22355911
3wgc_PLG_A_401,0,1,0.11063386,0.14286872,0.93901007,0.20345701,0.94045521
3wgc_PLG_C_401,0.98540505,0.98433219,0.11204092,0.13273654,0.95621872,1.601904e-08,0.57466755
3wgc_PLG_D_401,0.97951194,0.82363476,0.10391462,0.11066124,8.9902259e-06,0.16516372,0
3wjz_NUP_A_301,0,0.68978438,0.10081393,0.12319292,0.22804329,0.16720678,0.23847491
3wk1_O7E_A_301,0.98620248,0.27730692,0.10191415,0.12633096,0.98950946,0.17213926,0
3wlf_FEH_A_401,0.99626471,0,0.098764223,0.12534578,0.95949053,0.16439122,0.0052109764
3wlf_FEH_B_401,0.99680978,0,0.10031451,0.12771001,0.95626562,0.16956727,0.23356925
3wlf_FEH_C_401,0.9948248,0.82681026,0.10400275,0.1105654,1.32047e-05,0.16529317,0
3wlf_FEH_D_401,0.99676535,0,0.098955227,0.12604059,0.99247392,0.16532421,0.019366173
3wqs_KBK_B_503,0.99157589,0.89480911,0.1073776,0.12598907,0.91971244,0.18408463,0
3wr4_GDE_B_502,0.98247533,0.98741293,0.10815612,0.12550391,0.87567593,0.18546622,0.0047040027
3wsg_CIT_B_302,0.98773373,0.98369108,0.10726735,0.11627811,0.23730957,0.17674252,0.13855452
3wsg_CIT_C_302,0.91616998,0.4838645,0.10056736,0.11129954,0.042814166,0.15814762,0
3wsg_CIT_D_302,0,0.73575232,0.10123211,0.12246276,0.1702115,0.16760644,0.24746516
3wsg_CIT_E_302,0,0.63532418,0.099976547,0.12453736,0.38587088,0.16632429,0.12936088
3wug_XYP_B_1,0.98385515,0,0.096047488,1.1901103e-30,0.025063867,0.14697614,0
3wug_XYP_B_2,0,0,0.091780007,0.11581153,1.7576778e-06,0.14166593,0
3wug_XYP_C_2,0.24022558,0,0.09280775,0.11425361,6.1534215e-06,0.14286515,0
3wur_O4B_A_201,0,0.18494934,0.093594824,0.1160862,2.5142775e-07,0.14591697,0
3wur_O4B_A_202,0.97220594,0.38204476,0.10188475,0.12310749,0.78454159,0.16971795,0
3wur_O4B_B_201,0.83349925,0.10187215,0.098832191,0.12531202,0.88813638,0.16448957,0
3wur_O4B_B_202,0.63647398,0.86049093,0.1048146,0.12404579,0.66718391,0.17688246,0
3wur_O4B_B_204,0.61499371,0.057226008,0.097565866,0.12729522,0.9262004,0.16307217,0
3wwc_BUA_A_402,0,0,0.091780002,0.11581151,6.7551523e-08,0.1416659,0
3wwc_BUA_A_403,0.97680429,0.98285024,0.10560348,0.11093695,3.367669e-05,0.16913392,2.6542606e-05
3wxo_NIZ_A_802,0,0.94829447,0.10123586,0.11811403,0.053818481,0.16445153,0
3wxo_NIZ_A_803,0.0014440756,0.99258045,0.10152638,0.11727913,0.00016827594,0.16449071,0
3wxo_NIZ_A_804,0.0010568972,0.0018437698,0.091802623,0.11580743,2.4608157e-06,0.1417136,0
3wzo_ZOE_B_201,0,0.012400581,0.095199269,0.13159286,0.94276517,0.16081817,0
3wzo_ZOE_C_201,0,0.10911539,0.095495293,0.12861081,0.75581194,0.15930191,0
3wzo_ZOE_D_201,0.94673785,0.81837517,0.10374627,0.11086947,0,0.16493417,0
3zbs_OVE_A_1380,0,0.99336901,0.10474607,0.13277115,0.85478272,0.18298073,0.12104376
3zcm_PX3_A_1214,0,0.72988442,0.10001419,0.11864929,0.00011806347,0.16210827,0.1569222
3zcm_PX3_B_1216,0,0.72990519,0.10001378,0.11864693,0,0.16210563,0.15687996
3zjq_NCA_A_300,0.0025526084,0.98903597,0.10149589,0.11726398,6.0154675e-06,0.16441179,0
3zjq_NCA_B_300,0.62367951,0.98803469,0.10414336,0.11323412,5.9838391e-06,0.16748927,0
3zks_WZV_A_1398,0,0.96643685,0.10126689,0.11726881,0.0013204761,0.16390377,0
3zp7_PRE_A_1118,0,0,0.09448773,0.13187795,0.96707904,0.15943819,0
3zr0_8OG_A_1157,0.9732504,0.98001581,0.10773209,0.12384202,0.77570494,0.18330517,5.5442939e-08
3zr0_8OG_B_1157,0.95974371,0,0.09838524,0.12441657,0.89262757,0.16286075,6.869501e-09
3zv6_4HB_A_1277,0,0.89869674,0.10091823,0.11904346,0.11419696,0.16442112,0
3zwe_FUC_A_110,0,0.97461679,0.11093563,0.1444026,0.99732843,0.20524779,0.99729766
3zwe_FUC_B_110,0.94357148,0.97349123,0.1149543,0.13826537,0.99692369,0.20990459,0.99642748
3zwe_FUC_C_110,0.99039133,0.97849478,0.11521544,0.13799801,0.99778929,0.21030051,0.9977935
3zwt_ORO_A_1398,0.20988912,0.74862354,0.10082621,0.11690117,0.00013061549,0.16268349,0.11732011
3zyx_MBT_A_601,0.99571843,0.82700667,0.10400796,0.1105596,0,0.16530074,0
3zyx_MBT_B_601,0,0.072358329,0.095382787,0.12974416,0.82686467,0.15987818,0
3zzm_JLN_A_1526,0.96898039,0.27008802,0.10178896,0.1265028,0.99370554,0.17198222,1.4604829e-07
3zzv_FUC_B_401,0,0.97359332,0.11092812,0.14440857,0.99761764,0.20523538,0.99755056
4a01_2PN_A_1773,0,0,0.091780002,0.11581151,0,0.1416659,0
4a3u_NCA_A_1359,0.99429191,0.82669218,0.10399963,0.1105689,2.3506685e-05,0.16528868,0
4a3u_NCA_B_1359,0.77207458,0.79595726,0.10305819,0.11254276,0.016413314,0.16458768,0.017060371
4a78_JZ3_A_1296,0.24517586,0.98732924,0.10409759,0.12052592,0.19416268,0.17263627,0.15206974
4a7a_RGZ_A_601,0.99485876,0.82682274,0.10400294,0.11056497,1.0724182e-08,0.1652933,0
4a7a_RGZ_B_601,0.98458192,0.81640187,0.10397298,0.1110619,0.026439241,0.16558736,0
4a7x_UDP_B_1241,0.94721058,0.94395304,0.10788343,0.12761606,0.99593217,0.18639346,0
4a8p_PAO_A_1340,0.98902869,0.27447772,0.10192241,0.12642652,0.99657982,0.17222796,0
4a8p_PAO_B_1340,0.98914774,0.43054743,0.10240082,0.12161471,0.69495888,0.16978303,0
4a8p_PAO_D_1340,0.88022415,0.79076442,0.10377272,0.11332446,0.1008177,0.16677199,0.026852568
4a8p_PAO_E_1338,0.96495038,0.31996384,0.10191749,0.12495308,0.89500987,0.17113704,0
4a9j_TYL_A_1188,0.99415303,0.99128895,0.10576104,0.11084088,0.00028638637,0.16941852,0
4adl_LMR_D_1468,0,0,0.091780002,0.11581151,0,0.1416659,0
4adm_SRT_C_1466,0,0,0.091780002,0.11581151,0,0.1416659,0
4ajj_88R_C_1335,0.9930883,0.27869603,0.10195977,0.12630892,0.99074973,0.17222621,1.0073222e-05
4ajj_88S_A_1332,0.97726652,0.9830246,0.10817991,0.12620051,0.91896708,0.18602714,0
4ajj_88S_B_1332,0.99295854,0.98505575,0.10579394,0.11142782,0.035706876,0.16992022,0
4ajj_88S_C_1334,0.99264221,0.98744677,0.10571607,0.11084021,0,0.1693174,0
4ajj_88S_D_1332,0.96835044,0.97852735,0.10554979,0.11113384,0.0089882123,0.16915631,0
4ajj_MLI_D_1333,0,0.88498949,0.10969476,0.14324139,0.95931022,0.20163221,0.95990453
4al9_GLA_A_1123,0.94428736,0.982636,0.11505485,0.13829118,0.99731625,0.21014793,0.9974034
4al9_GLA_B_1123,0.997371,0.97171405,0.11516664,0.13790724,0.9964365,0.21012663,0.99657122
4al9_GLA_C_1123,0.94486765,0.97494753,0.10831953,0.12788539,0.99489451,0.18756206,0.021251355
4al9_GLA_D_1123,0.91528956,0.96796943,0.11476195,0.13838858,0.9948591,0.20956028,0.99475716
4al9_GLA_G_1123,0.96910569,0.96471079,0.10821361,0.12755234,0.99563934,0.18708755,0.0049342247
4aql_TXC_A_1452,0,0.014948654,0.095207068,0.13151429,0.93783965,0.16077822,0
4aw0_MJF_A_600,0,0.72990519,0.10001378,0.11864693,1.715285e-10,0.16210563,0.15687996
4b1f_DGL_A_1257,0.0014380996,1,0.11092696,0.14369955,0.97114198,0.20471668,0.96934558
4b1f_DGL_B_1256,0.0023638514,1,0.11103214,0.1439761,0.98135004,0.20515302,0.97999946
4b1f_KRH_A_1256,0.9184049,0.97506368,0.10527697,0.11130336,4.0960437e-06,0.16866228,0
4b1f_KRH_B_1257,0,0.95203713,0.1011219,0.11722549,1.8713326e-07,0.16354852,0
4b1y_LAB_B_1376,0.0017843648,0,0.095124463,0.13245929,0.99776604,0.16128404,0
4b5v_E8U_A_1253,0,0.97680147,0.10140667,0.1174751,0.012062637,0.16436628,0.00117252
4b5v_E8U_B_1254,0.88630508,0.97506043,0.10515711,0.11156555,0.0021895931,0.16858039,0.001669429
4b98_PXG_A_470,0,0.72990519,0.10001378,0.11864693,0,0.16210563,0.15687996
4b98_PXG_C_470,0,0,0.09512598,0.13233114,0.98905054,0.16119356,0
4b98_PXG_D_470,0.99305579,0.27770739,0.10195641,0.1263388,0.99261867,0.17224051,0
4bbx_LKF_B_1760,0.89580478,0.75490928,0.10457582,0.11741496,0.31252281,0.17155035,0.09966154
4bdr_CYS_B_804,0,0.64059435,0.098881569,0.11803145,0,0.15913136,0.10532873
4bdr_KAI_B_900,0.92350269,0.96895492,0.11461813,0.13749794,0.95036284,0.20859096,0.98536359
4bq5_GAL_C_1,0,0.6310171,0.10754666,0.14384052,0.99531233,0.19727362,0.99557529
4bu7_25F_A_2165,0.99542246,0,0.098816788,0.12584009,0.992241,0.16486947,0
4bu7_25F_C_2165,0.99673568,0,0.098826209,0.12585413,0.99359914,0.16490099,0
4buf_F36_A_2162,0.97707337,0.27287882,0.10184595,0.12644059,0.99289624,0.17206544,0
4buf_F36_B_2162,0.97541797,0.27523732,0.10184326,0.12636299,0.98739917,0.17200249,0
4buv_16I_A_2165,0.99517154,0.30634336,0.10205672,0.12546209,0.93846317,0.17182477,0
4buv_16I_C_2165,0.9953134,0.28863372,0.10200337,0.12600856,0.97277691,0.17210464,0
4bux_F35_A_2166,0.81415458,0.2608519,0.1008338,0.12633134,0.92382908,0.16969769,0
4bux_F35_C_2165,0.80383236,0.23904467,0.10070525,0.12697332,0.96013428,0.16987761,0
4bvh_OCZ_A_1393,2.4791712e-05,0,0.094573354,0.13238522,0.99762243,0.15999962,0
4bvh_OCZ_B_1392,0.9877122,0,0.098797386,0.12597069,0.99709252,0.16492014,0
4bvh_OCZ_C_1394,0.98447356,0,0.098787253,0.12601378,0.9984219,0.16492841,0
4bz6_SHH_A_700,0.95973613,0.93972826,0.10576783,0.11201048,1.3235952e-05,0.17027712,0.0728141
4bz6_SHH_B_700,0.97872213,0.95147877,0.10598888,0.11194277,8.8375209e-09,0.17072427,0.076121604
4bz6_SHH_C_700,0.93851565,0.94664435,0.10944124,0.1186882,0.063757479,0.18332416,0.61286102
4c2p_X8Z_A_709,0.98923888,0.94641592,0.10804302,0.12708379,0.9800801,0.18636854,0
4c2z_646_B_1498,0,0.6955926,0.10069809,0.12253481,0.19502984,0.1664683,0.22666254
4c67_L5S_A_1170,0,0,0.095112635,0.13246557,0.99747818,0.16126191,0
4c7g_NGO_A_1495,0,0,0.094531583,0.13211648,0.98097349,0.15971017,0.00072600716
4can_M7K_A_800,0,0.72990519,0.10001378,0.11864693,5.735535e-12,0.16210563,0.15687996
4can_M7K_B_800,0,0.72990519,0.10001378,0.11864693,7.1998869e-09,0.16210563,0.15687996
4ccu_AWF_A_1500,0.9827705,0.28330302,0.10191196,0.12613596,0.9759741,0.17199141,0
4cdt_M48_A_801,0.035791247,0.73310104,0.10015224,0.11834879,3.4183517e-08,0.16220367,0.15012608
4cdt_M48_B_801,0,0.72990519,0.10001378,0.11864693,1.4228179e-13,0.16210563,0.15687996
4cjs_L0Y_A_1217,0,0.72986661,0.10001455,0.11865131,0.000219282,0.16211054,0.15695842
4cjs_L0Y_B_1217,0.98314179,0.82405554,0.10393453,0.11064888,0.00065909587,0.16519978,0
4cju_JNS_A_1217,0,0.92148333,0.10360645,0.13370129,0.99445078,0.18112156,0
4cju_JNS_B_1214,0,0.98273282,0.10420643,0.13378613,0.99408154,0.1825226,0
4cjv_IV2_A_1212,0.99438721,0.99705003,0.10861522,0.12740554,0.99615102,0.18788139,0.0012211086
4cjw_CBJ_A_1215,0.975414,0.82092016,0.10390183,0.11079793,0.0067639809,0.16523423,0
4cjw_CBJ_B_1217,0.99189749,0.82322352,0.10398787,0.1107116,0.0078914951,0.16536618,0
4cld_JUO_A_1270,0.99589984,0.826808,0.10400904,0.11056821,0.00060131922,0.16530946,0
4cld_JUO_C_1270,0,0.72988208,0.10001424,0.11864955,0.0001313266,0.16210857,0.15692695
4cld_JUO_D_1270,0,0.72960786,0.10001971,0.11868062,0.0016900192,0.16214344,0.15748466
4cle_JR2_A_1270,0.99282038,0.82617486,0.10399105,0.1105864,0.00053617997,0.16528205,0
4cle_JR2_A_1271,0,0,0.091780181,0.11581257,6.3886891e-05,0.14166707,0
4cle_JR2_B_1270,0.99593436,0.29731926,0.10203367,0.12574259,0.95633931,0.17197821,0
4cle_JR2_C_1270,0.99120331,0.825474,0.10398164,0.11061106,0.0014347363,0.16527874,0
4cle_JR2_D_1270,0.99116582,0.82570433,0.1039814,0.11060152,0.0008312329,0.16527124,0
4cle_JR2_D_1271,0,0,0.091780397,0.11581385,0.00014098235,0.14166849,0
4clo_XP0_B_1270,0,0,0.091804722,0.11595819,0.0088290075,0.14182815,0
4clo_XP0_D_1270,0.9637722,0,0.098670433,0.12598039,0.98833029,0.16463961,0
4clr_FDB_A_1270,0.14254979,0.040166925,0.096137653,0.13115678,0.96986567,0.16261956,0
4clr_FDB_B_1270,0.1399195,0.030602702,0.096092632,0.13144393,0.98686323,0.16272823,0
4clr_FDB_C_1270,0.15304424,0.058566911,0.096256799,0.13062037,0.94024436,0.16249576,0
4clr_FDB_D_1270,0.99889934,0.28223219,0.10200524,0.12621651,0.98718323,0.17226127,0
4cme_KTZ_B_1270,0.98976229,0.27820586,0.10193822,0.12631373,0.98978889,0.17218102,0
4cme_KTZ_C_1270,0.99550674,0.28100648,0.10198118,0.1262443,0.98763019,0.17222725,0
4cme_KTZ_D_1270,0.95432119,0.2848736,0.10174645,0.12600371,0.95681769,0.17152039,0
4cmk_FQW_B_1270,0,0.71723627,0.10026644,0.12008242,0.072009048,0.16371642,0.18264513
4cmk_FQW_D_1270,0.99061305,0.82410891,0.10397828,0.11066555,0.004571419,0.16531093,0
4cno_9PY_B_301,0,0.94810296,0.11063409,0.14424674,0.99307578,0.20446117,0.99297493
4cno_9PY_C_301,0,0.92928702,0.10506553,0.12891727,0.42788562,0.18086639,0.43542829
4cno_9PY_D_301,0.99007119,0.97488296,0.11474881,0.13640786,0.92287123,0.20809956,0.96551874
4cpp_ADM_A_422,0.99500518,0.9350857,0.10785041,0.12640001,0.94218556,0.1854405,0
4crg_J4X_A_1493,0,0.096704132,0.095457305,0.12899349,0.77980335,0.15949649,0
4cvb_PQQ_A_1608,0,0,0.095125542,0.13233556,0.98932721,0.1611958,2.7020321e-09
4cw2_XDS_A_1303,0,0,0.091780002,0.11581151,0,0.1416659,0
4cx6_Q16_A_800,0,0.72990516,0.10001378,0.11864694,1.8974404e-07,0.16210564,0.15688003
4cxr_2BG_A_502,0.99651084,0.9942728,0.11526268,0.1375797,0.98196121,0.21010224,0.98467477
4d06_NAR_A_301,0,0,0.095130657,0.13228402,0.98609638,0.1611696,0
4d06_NAR_C_301,0,0,0.095121862,0.13237263,0.99165115,0.16121465,0
4d06_NAR_D_302,1.0028765e-06,0.72990518,0.10001379,0.11864694,5.4518072e-07,0.16210565,0.15687997
4d06_NAR_E_301,0.99419914,0.28115971,0.10197382,0.12623573,0.98659306,0.17220433,0
4d06_NAR_F_301,0.97458134,0.82284582,0.10388928,0.11069244,6.360607e-10,0.16512907,0
4d06_NAR_F_302,0.9941494,0.22789637,0.098270067,2.1532666e-36,0.0044526342,0.15188699,0
4d0z_BBK_A_1581,0.93187622,0.9382103,0.10567287,0.11225113,0.0001254788,0.17023564,0.078670185
4d0z_BBK_B_1580,0.95713481,0,0.095874808,0.10960393,1.3578964e-07,0.14644364,0
4d0z_BBK_E_1584,0.92336522,0,0.09573066,0.10982487,0.00011604205,0.14627721,0
4d2c_ALA_A_508,0.99307788,0.97327179,0.11429534,0.13484995,0.85472701,0.20595235,0.92742494
4d3s_BOG_F_1000,0.96742037,0.31211201,0.10190824,0.12520245,0.91158733,0.1712989,6.1716387e-10
4d4u_FUC_B_950,0.99300574,0.99048334,0.1153399,0.13799247,0.99782195,0.21057475,0.99713997
4d5e_TPP_A_1589,0.36990274,0.94448105,0.1031653,0.11798987,0.19108937,0.168733,0
4d5e_TPP_B_1590,0,1,0.11092762,0.14400441,0.99438554,0.20494083,0.96079979
4d6z_PK9_A_1600,8.3803221e-06,0.72990265,0.10001388,0.11864724,1.8683987e-05,0.16210607,0.15688506
4d96_5PA_A_501,0,0,0.095151493,0.13207413,0.9729376,0.16106288,0
4d96_5PA_B_501,0,0.72990519,0.10001378,0.11864693,0,0.16210563,0.15687996
4d96_5PA_C_402,0,0.67300678,0.10114853,0.12509395,0.32340574,0.16933997,0.27259604
4d96_5PA_D_501,0,0.084883227,0.095421124,0.12935797,0.80265359,0.15968182,0
4dab_HPA_A_301,0.26485807,0.99653745,0.10537073,0.13147015,0.95683889,0.18347759,7.7131415e-07
4dch_4DC_A_502,0.96829989,0,0.097994653,0.12182631,0.74005399,0.16009957,0
4dch_GLC_A_501,0,0.98351441,0.10417139,0.13338511,0.96669289,0.18215141,0.0049831128
4dd8_BAT_A_1000,0,0.083969516,0.095418327,0.12938614,0.80441982,0.15969614,0
4dd8_BAT_B_1000,0.93643228,0.81672038,0.10369334,0.110935,3.0038879e-07,0.16486203,0
4dd8_BAT_C_1000,0.59027314,0.78261161,0.10229729,0.11372997,0,0.16372253,0.045493985
4dd8_BAT_D_1000,0,0.72957873,0.10002029,0.11868393,0.0018555858,0.16214714,0.1575439
4do1_ANN_A_502,0.99576008,0.98213036,0.10567724,0.1108121,2.6620655e-08,0.16921077,0
4do1_ANN_B_502,0.99638973,0.98563776,0.10571435,0.11081322,1.6661633e-08,0.16929453,0
4do1_ANN_D_502,0.99500566,0.97936974,0.10564692,0.11081289,4.11256e-08,0.16914355,0
4dt8_ADN_A_401,0,0.72988272,0.10001423,0.11864948,0.00012771171,0.16210849,0.15692566
4dt8_ADN_B_401,0.9783334,0.28864742,0.10191169,0.12599322,0.96478848,0.17188577,0.00070465027
4dtb_GMP_B_401,0.99279644,0.36290279,0.10221562,0.12371118,0.82778591,0.17090079,0
4du7_DP6_A_401,0.98583086,1,0.11450458,0.1360164,0.94559839,0.20727141,0.8868785
4dvw_0M4_A_512,0.74357877,0.98815446,0.10703028,0.12151093,0.43757487,0.17998876,0.16832069
4dwv_PFB_A_378,0.99004499,0.98319331,0.11503883,0.13711054,0.95270841,0.20925902,0.98385887
4dwv_PFB_B_378,0.99182577,0.98198648,0.11500954,0.13722988,0.96671165,0.20928151,0.97443221
4e7v_CRS_1_101,0,0.98431918,0.1041249,0.12487596,0.27938768,0.17582366,0.27925035
4e7v_CRS_3_101,0.99789088,0.97780262,0.10958809,0.12548052,0.69783633,0.18863522,0.29191525
4e7v_CRS_A_101,0.99772182,0.98615407,0.10650179,0.11409045,0.16944603,0.17344276,0.044329111
4e7v_CRS_C_101,0.039583284,0.99096455,0.11093465,0.14323178,0.96273961,0.20439943,0.96299322
4e7v_CRS_E_101,0.25271518,0.9905427,0.10374117,0.12106046,0.29467062,0.17223689,0.049165754
4e7v_CRS_G_101,0.99448582,0.99519348,0.11488329,0.13715416,0.99424206,0.20894713,0.92393251
4e7v_CRS_I_101,0.9978539,0.98707028,0.10707219,0.11842091,0.4515021,0.17787869,0.010759305
4e7v_CRS_K_101,0.99652202,0.9820967,0.11512288,0.1375291,0.98189861,0.20975342,0.98171348
4e7v_CRS_M_101,0.99555703,0.98743952,0.11005155,0.12969161,0.99087744,0.19274627,0.22714645
4e7v_CRS_O_101,0.9942327,0.98736929,0.11399537,0.1358798,0.99386439,0.20604027,0.80527909
4e7v_CRS_Q_101,0.99832261,0.98753869,0.10945426,0.12719207,0.86585662,0.18847811,0.1888693
4e7v_CRS_S_101,0.18070844,0.98539739,0.10344123,0.12190429,0.31859733,0.17217072,0.047936036
4e7v_CRS_U_101,0.99700699,0.99039757,0.10994344,0.12928295,0.97613473,0.19220757,0.21217742
4e7v_CRS_Y_101,0.99746277,0.98949961,0.1084973,0.11855962,0.28434399,0.18114847,0.28516806
4e9z_651_A_301,0.99823689,0,0.096614712,0.11268425,0.2014575,0.15035106,0
4ea0_651_A_306,0.82475567,0.99071232,0.10502986,0.11193391,4.7640612e-07,0.16855443,0
4ea0_651_B_305,0.88660388,0.99105793,0.10529785,0.11153331,9.1467988e-07,0.16887111,0
4eip_K2C_A_601,5.6946077e-06,0.7299057,0.1000138,0.11864689,0,0.16210565,0.15687889
4ejh_0QA_A_502,0.99249055,0.35883646,0.10220134,0.12383565,0.83547295,0.17095974,0
4ejh_0QA_D_502,0,0.72907528,0.10003033,0.11874097,0.0047171411,0.16221115,0.15856778
4ejh_0QA_E_502,0.72563523,0.70344186,0.10464091,0.12294244,0.51869388,0.1756961,0.20554191
4ejh_0QA_F_502,0,0.014655075,0.095206169,0.13152334,0.93840715,0.16078282,0
4ek1_CAM_B_502,0.072793645,0.72878244,0.10044741,0.11890426,0.043326237,0.1632742,0.15864595
4ekr_0R0_A_202,0.9971705,0.99177384,0.1128899,0.12358725,0.13947097,0.19459165,0.98582054
4ekr_0R0_A_203,0.0064548937,0.94166089,0.10110786,0.11726178,0,0.16354445,0.0088247875
4ekr_0R0_B_203,0,0.99207739,0.10861843,0.12987572,0.12591395,0.18947135,0.99016093
4evi_C9M_A_402,0,0.97820645,0.10414925,0.13370364,0.98952122,0.18233475,0
4evi_N7I_B_401,0.99517936,0.99259439,0.10857072,0.12740552,0.99763647,0.18778225,0
4evq_PHB_A_406,0.99542033,0.99270094,0.10856986,0.12738668,0.99658743,0.18776662,0
4f06_PHB_A_401,0.98213379,0.99116736,0.10849362,0.1274448,0.99503577,0.18763653,0
4f8n_GAL_A_204,0.98184816,0.96241952,0.11315183,0.1327411,0.80353539,0.20186412,0.80339719
4fa2_SB0_A_402,0,0.72990519,0.10001378,0.11864693,0,0.16210563,0.15687996
4fra_GAL_A_402,0.9772443,0.98949227,0.10834453,0.12681087,0.95511636,0.18684011,4.1850984e-06
4fxr_BMP_A_301,0.9869602,0.9526753,0.10786754,0.12576002,0.89895044,0.1850101,0
4fxr_BMP_B_301,0.99338946,0.96170767,0.10783898,0.1248732,0.84727252,0.1843001,0
4g1q_T27_A_601,0,0.72990514,0.10001378,0.11864694,2.6334242e-07,0.16210564,0.15688005
4g1x_TQU_A_409,0,0.72990453,0.10001379,0.11864701,3.7308404e-06,0.16210571,0.1568813
4g1x_TQU_A_410,0.9971105,0.99486641,0.10759497,0.11560264,0.1632594,0.17697981,0.17545852
4gcq_0JM_B_401,0.00023758942,0.97055429,0.10130462,0.11725149,2.3658596e-06,0.16397537,1.3648693e-07
4gh8_MTX_B_201,0.97815095,0,0.098709194,0.12575212,0.98020355,0.16456204,0
4ghf_4NC_D_402,0,0.93203626,0.10092564,0.11719578,0,0.1630888,0
4gim_PSU_A_400,0,0.86227518,0.10088048,0.12088596,0.22835766,0.16568193,0
4gim_PSU_B_400,0.97830455,0.91511043,0.1052363,0.11255465,0.10406538,0.16949562,0
4gmu_OXL_A_705,0,0.48852067,0.09893327,0.12510228,0.39934617,0.16440585,0.18419135
4gnp_PEP_A_703,0.99025742,0.35690535,0.10218207,0.12388863,0.83794124,0.170955,3.2525816e-07
4gps_CIT_A_501,0,0.34913939,0.096584963,0.1224653,0.35115921,0.1572465,0.025188863
4gt9_UMP_A_302,0.49790126,0.77436357,0.10193994,0.11449943,0,0.1634695,0.062924783
4gy9_ZIP_A_201,0.99409346,0.98823186,0.10764863,0.12212356,0.67768399,0.18186794,0.0031092819
4h0x_LAR_B_403,0,0.98401795,0.10422855,0.13384447,0.99747829,0.18261456,0
4h4c_10D_A_402,0,0.92458211,0.10310115,0.13052724,0.80311995,0.17767664,0
4h4c_10D_B_402,0,0.90521305,0.1029621,0.12122693,0.040354752,0.17056265,0.30323297
4h9g_14J_A_512,0.0034863285,0.97718225,0.1033491,0.12861262,0.67832617,0.17683251,0.0097244858
4h9x_HL4_A_404,0.58616657,0.9850088,0.10551712,0.12275264,0.55857501,0.17749745,0
4h9x_HL4_B_404,0.54444563,0.69167149,0.10262817,0.1235839,0.61854745,0.17164895,0
4hey_4MZ_A_303,0.8082825,0,0.095237989,0.11056932,0,0.14570061,0
4hey_4MZ_A_307,0.071537657,0,0.0920861,0.11534782,1.6473936e-05,0.14202329,0
4hez_1MZ_A_304,0.22115159,0.80111648,0.10180202,0.11745746,8.9247272e-05,0.16526729,0.1600098
4hez_1MZ_A_306,0.19139974,0.99592302,0.10237138,0.11604934,1.0054297e-06,0.16551267,0
4hgg_SYN_B_502,0.99201502,0.94275026,0.10589789,0.11174898,0.00017374498,0.17038249,0.067018559
4hon_AKG_A_401,0.99662671,0,0.10561405,0.13642911,0.99502428,0.18772685,0.99503453
4hon_AKG_B_401,0.99329821,0,0.10525547,0.13591491,0.99500132,0.18655279,0.94454028
4hoz_GLC_A_703,0.99290205,0,0.09986356,0.12730428,0.97618737,0.16826708,0.16170067
4hrq_AZG_A_201,0.012747853,0.97877727,0.10181642,0.11822702,0.037300879,0.16583028,0.040063501
4hzf_CMP_A_302,0.8709495,0.98035391,0.10791932,0.12819419,0.99770562,0.18688205,0
4i02_CMP_A_301,0,0.27043311,0.095989055,0.12363684,0.44397894,0.15677284,0
4i02_CMP_A_302,0.87754944,0.76623534,0.10424681,0.116099,0.23888144,0.16985304,0.07675714
4i02_CMP_B_302,0.18131332,0.03724584,0.096360776,0.13136107,0.99747704,0.16327358,0
4i02_CMP_C_301,0,0,0.095119049,0.13240096,0.9934277,0.16122906,0
4i02_CMP_D_301,0.95881996,0.26717835,0.10171922,0.12656257,0.99357243,0.1718684,0
4i02_CMP_D_302,0.92813279,0.25964957,0.10151246,0.12670428,0.99073737,0.17150493,0
4i02_CMP_F_301,0.52976567,0.14074609,0.098763636,0.1291966,0.99485296,0.1671184,0
4i0b_CMP_A_302,0.97462773,0.97654145,0.10832014,0.12748447,0.99580115,0.18727695,0
4i0g_1B9_A_504,0.80440916,0.98539928,0.99150534,0.11303838,0.052870756,0.16972352,0.00078862754
4i2p_G73_A_601,0.9862799,1,0.11535976,0.13792598,0.99336257,0.21056955,0.99240886
4i4v_NGA_A_201,0,0.94789829,0.11053235,0.14397824,0.9838492,0.20403858,0.98213771
4i4v_NGA_A_202,0.96863382,0.93122381,0.11410236,0.13510747,0.8267704,0.20570267,0.98645358
4i4v_NGA_B_201,0,0.95332484,0.10354688,0.13154117,0.86158138,0.17941166,1.0038648e-10
4i4v_NGA_D_201,0.98665319,0.98194089,0.10820084,0.12608698,0.91589457,0.18599263,2.39634e-07
4i4v_NGA_D_202,0,0.97422943,0.10363187,0.13084361,0.81738689,0.17909209,0.00052865784
4i6s_FUC_A_101,0.98624321,0.94468373,0.11485804,0.13795253,0.99698009,0.20946893,0.99697048
4i6s_FUC_A_102,0,0.92303043,0.11043102,0.14433019,0.99747072,0.20406867,0.99747106
4i6s_FUC_B_101,0.52744812,0.95106866,0.11296668,0.14096226,0.99787803,0.20736314,0.99789244
4i6s_FUC_B_102,0.97359678,0.96207217,0.11496862,0.13804335,0.99634592,0.20977981,0.99635898
4i6s_FUC_C_101,0.74154165,0.96938942,0.11287334,0.13768166,0.99215671,0.20480555,0.82584714
4i6w_1CO_A_501,0.00035806334,0.72993716,0.10001516,0.11864395,0,0.16210661,0.15681239
4i6w_1CO_B_1001,0.98595935,0.82134853,0.10396107,0.11079893,0.010918322,0.16536906,0
4i6y_MEV_A_501,0,0.97424084,0.10463832,0.12240038,0.00099556579,0.17515331,0.48337873
4i6y_MEV_B_1001,0.99439308,0.97619063,0.11135205,0.13039589,0.86946354,0.19615142,0.48466494
4i7n_1DJ_A_202,0.99716477,1,0.11542799,0.13790834,0.99493549,0.21071077,0.99493901
4i7n_1DJ_B_203,0.99866992,1,0.11543755,0.13790829,0.99533162,0.21073232,0.99523392
4i9n_1E5_A_402,0.88465507,0.25683124,0.10124355,0.12666306,0.97154926,0.17086692,0
4i9n_1E5_B_402,0.99031155,0.28822259,0.10197216,0.1260065,0.97073742,0.1720326,0
4i9n_1E5_C_402,0.8633477,0.26760557,0.10114897,0.12626806,0.93864857,0.17036368,0
4i9n_1E5_D_402,0.8644883,0.36317588,0.10144832,0.12332467,0.754554,0.16888326,0
4i9n_1E5_F_402,0.93713698,0.27687699,0.1016191,0.12619963,0.96253824,0.17137613,0
4i9n_1E5_G_402,0.86354281,0.36151456,0.10143757,0.12337311,0.75722964,0.16889447,0
4i9n_1E6_A_401,0.99021964,1,0.11455637,0.13482252,0.84634554,0.2065142,0.93247842
4i9n_1E6_D_401,0.94817512,1,0.11426337,0.1330879,0.69695683,0.20458448,0.97723324
4i9n_1E6_F_401,0,1,0.11020932,0.14061602,0.80910911,0.20086534,0.93153309
4i9n_1E6_G_401,0,0.71254121,0.10036008,0.1206144,0.098695396,0.16431337,0.19219363
4i9n_1E6_H_401,0.7574588,0.97830177,0.10797807,0.12575401,0.66821738,0.25732069,0.21311731
4ict_1ED_A_406,0.98235538,0.96989592,0.10553307,0.11107806,0.011869561,0.16908078,0
4ioq_BAQ_A_201,0.99515791,0.98961076,0.10609577,0.11136812,2.1962924e-05,0.17054845,0.050988144
4iph_1FJ_A_201,0.98293708,0,0.096904278,0.11489002,0.32825542,0.15260489,0
4itu_1HS_A_302,7.9335427e-06,0.7299059,0.10001381,0.11864687,0,0.16210565,0.15687846
4itu_1HS_B_302,7.3478855e-06,0.25101101,0.095929674,0.12423579,0.48153044,0.15707755,1.5778906e-06
4itu_1HS_C_302,7.119074e-06,0.6781902,0.1010452,0.12450664,0.29394724,0.16868102,0.26205431
4itu_1HS_D_302,5.1528215e-06,0.96064718,0.10373104,1.4950978e-40,0.935659,1.8188675e-06,1.8979311e-06
4ixw_IXW_A_302,0.96004684,0,0.098152607,0.12273278,0.78511343,0.16111195,0.0098413604
4j0k_EGR_A_501,0.9034004,0.7287984,0.10279862,0.11104872,0.00083448998,0.16294222,0
4j0k_EGR_B_501,0.9409488,0.77542336,0.10341609,0.11086966,0.00053170677,0.16419634,0
4j4b_0TF_A_904,0.97641548,0.34697137,0.10206879,0.12415413,0.8492999,0.17089353,8.7735336e-09
4j5h_1K4_A_303,0,1,0.11041729,0.14215214,0.90802991,0.20245137,0.92141415
4j7u_YTZ_A_802,0.95283946,0.95988885,0.1060494,0.11227493,0.0011275768,0.17109667,0.088690337
4j7u_YTZ_B_802,0.94858893,0.89629386,0.10526611,0.11232057,0.028202588,0.16938241,0.058932973
4j7u_YTZ_C_802,0.95342618,0.95107983,0.10592292,0.11219226,0.0011604346,0.1707544,0.082585576
4j7u_YTZ_D_802,0.99379934,0.98712551,0.10572044,0.11084753,0.00092071355,0.16933272,0
4jb0_FER_A_401,0,0.72611941,0,0.11861175,0,0.16195214,0.15431583
4jh6_FCN_B_202,0,0,0.094450259,0.13165562,0.95369612,0.15919225,0
4jhh_H35_A_201,0.96983172,0,0.095931668,0.10953666,0.00090745135,0.1465237,0
4jm8_26D_A_302,0.99824273,0.76902749,0.10487296,0.11599836,0.28426601,0.17119886,0.070220832
4jmz_1M2_A_302,0.99655803,0.99511189,0.11191974,0.12047999,0.01217083,0.19016203,0.89138669
4jp3_CIT_A_301,0,0.71194086,0.10011183,0.11976311,0.060732711,0.086898461,0.17306101
4jxh_HRC_A_301,0.98481105,0.82420742,0.1039443,0.11064686,0.0011788271,0.1652204,0
4jzx_476_A_402,0.98889299,0.30134335,0.10200383,0.12559776,0.94457069,0.17180464,0
4jzx_476_B_402,0,0.0077628518,0.095185074,0.13173585,0.95173007,0.16089088,0
4jzx_IPE_A_401,0,0.7298575,0.10001473,0.11865234,0.00027107356,0.16211169,0.15697695
4jzx_IPE_B_401,0.98659831,0.82505538,0.1039547,0.1106166,2.6341609e-09,0.16522185,0
4k5g_Q13_A_803,0.021061927,0.73178584,0.10009526,0.11847149,6.8728764e-13,0.16216332,0.15290552
4k5g_Q13_B_803,0.22522573,0.75001595,0.10088508,0.11677081,2.6709003e-13,0.16272258,0.11437932
4k5u_GAL_A_301,0.99269207,0.989861,0.11429312,0.13516418,0.89886766,0.20617859,0.88534041
4k5u_GAL_B_301,0,0.98416174,0.11094049,0.14415994,0.98764343,0.20508188,0.98824991
4k5u_GAL_C_301,0.92530297,0.98466455,0.11438583,0.1373876,0.99041217,0.20799553,0.9111077
4k5u_GAL_D_301,0,0.98754743,0.11030675,0.14295678,0.97369752,0.20279317,0.89615582
4k90_MLA_A_704,0.98196275,0.87380436,0.10486711,0.11122617,4.518149e-05,0.16770042,0.022654965
4kcf_FMN_A_502,0,0.72990253,0.10001383,0.11864724,1.5124636e-05,0.16210597,0.15688537
4kfj_1R0_A_202,0,0.31133906,0.094835752,0.11627821,0.0002590492,0.1488268,0
4kp7_1UQ_A_503,0,0.011646483,0.095196961,0.13161611,0.94422287,0.16082999,0
4kp7_1UQ_B_502,0.99343385,0.29736562,0.10201884,0.12573379,0.95483281,0.17193825,0
4kqk_PCR_A_403,0.99598812,0.27756234,0.10197352,0.12635192,0.99456061,0.1722888,0
4kqk_PCR_B_703,0.99704905,0.27835053,0.10198228,0.12633074,0.99363817,0.17229309,0
4kqx_HIO_A_402,0.81156222,0.95520729,0.10676785,0.12452923,0.75291498,0.18162578,0.005095586
4kqx_HIO_B_401,0.80305821,0.92153853,0.10581341,0.11985257,0.44556243,0.1760782,0.045117141
4kux_FPS_A_704,0.86740178,0.92710586,0.1058886,0.119279,0.46445401,0.17584071,0
4kux_FPS_C_705,0,0.90848005,0.1009109,0.11844486,0.077290912,0.16396776,0
4kux_FPS_D_704,0,0.90060287,0.10183363,0.12436687,0.43445555,0.17035042,0
4kwk_CSS_A_302,0,0,0.091780002,0.11581151,0,0.1416659,0
4kwl_3SS_A_302,0.98946674,0.99136081,0.11254064,0.13248067,0.90050951,0.200319,0.62750063
4l4d_CAM_A_503,0,0.97883744,0.10151745,0.11805189,0.047347539,0.16503465,0
4l7p_M95_A_601,0.97495861,0.82276929,0.10389177,0.11069742,0.00045034415,0.16513833,0
4l80_OXL_D_402,0.99482162,0.8268148,0.10400273,0.11056521,0,0.16529298,0
4l80_OXL_F_402,0.99232612,0.47444646,0.10359441,0.1239485,0.78572142,0.17414805,0.073805683
4l8q_XMM_A_303,0.12899927,0.73398598,0.10066116,0.11841513,0.042275572,0.16340466,0.14766388
4l91_X29_A_301,0.99558306,0.28685282,0.10199953,0.12606427,0.97637226,0.17213679,0
4lcq_URQ_A_603,0,0.92246362,0.11019042,0.14363901,0.97097524,0.20302814,0.97387911
4lm7_U5P_A_201,0.7553354,0.86152891,0.10472563,0.11552554,0.11201742,0.1704789,0.12096234
4lo1_GAL_A_301,0.97194241,1,0.11509391,0.13741857,0.97033081,0.20960412,0.97187122
4lo1_GAL_B_301,0,0.15174787,0.09603133,0.12873026,0.74117009,0.16058424,0.028775082
4lol_1YE_A_401,0.99795073,0.97465019,0.10811596,0.12563697,0.89386936,0.18547668,0
4lvb_20N_A_601,0.99175998,0.8261596,0.10398485,0.11058435,3.6617963e-07,0.1652665,0
4lvb_20N_B_601,0.99380289,0.82659672,0.10399678,0.11057158,3.032122e-07,0.16528417,0
4lxi_22J_A_301,0.90201603,1,0.11272445,0.13203795,0.75705965,0.20038484,0.75580724
4lz3_BTM_A_409,0.98642741,0.98622247,0.10820997,0.12590546,0.90449749,0.18588046,0
4lz7_1YW_B_804,0.19717189,0.95077782,0.10195308,0.11594484,3.3472084e-09,0.1645038,0
4lz7_1YW_C_804,0,0.72990518,0.10001378,0.11864694,4.1166882e-08,0.16210563,0.15687997
4lz7_GLU_A_802,0,0.72990519,0.10001378,0.11864693,0,0.16210563,0.15687996
4m2c_DAR_C_402,0.97985841,0.82369313,0.10391639,0.11065889,0,0.16516601,0
4m2c_DAR_D_402,0,0.72990519,0.10001378,0.11864693,0,0.16210563,0.15687996
4m54_AE5_A_403,5.927046e-05,0,0.091780256,0.11581112,0,0.14166619,0
4m72_M72_A_402,0,0.67659633,0.10107694,0.12468722,0.30300305,0.16888358,0.26529586
4ma8_Z80_C_301,0,0.73788609,0.10029769,0.11889357,8.2069673e-07,0.16291841,0.1713292
4mig_G3F_B_802,0.98360732,0.73382618,0.10549232,0.11996077,0.47691941,0.17546828,0.14191485
4mig_G3F_C_802,0.95042455,0.81644432,0.10377534,0.11098175,0.0082861636,0.16508166,0
4mig_G3F_D_802,0.96683168,0.54314594,0.10297875,0.11937439,0.52596377,0.16943231,0.026031548
4mju_27S_A_501,0.67541437,0.27061449,0.10003552,0.12563012,0.82674956,0.16737942,0.00017287432
4mog_G3F_A_802,0.94564143,0.92957132,0.10558756,0.11206551,0.0008515307,0.16991258,0.069763759
4mol_2FG_A_802,0,0.97251366,0.10516276,0.13480172,0.94412743,0.18539068,0.17548204
4mol_2FG_B_802,0.0084512268,0.96715893,0.10236235,0.11883524,0,0.16748693,0.1548681
4mol_2FG_C_703,0.0074979064,0,0.092064313,0.11725952,0.090086444,0.14335887,0
4mol_2FG_D_802,0.0070901202,0.95670906,0.10303478,0.12291068,0.23393983,0.17196185,0.17331627
4mop_2H5_A_802,0.011034262,0.91595387,0.10083146,0.1171259,2.4594775e-06,0.16282945,0.0024081128
4mop_2H5_B_802,0.99591975,0.88983296,0.10519999,0.1114753,0.011108163,0.16862718,0.035146968
4mpr_TPP_A_602,0,0.71822337,0.10024676,0.11997057,0.066398459,0.16359091,0.18063764
4n36_2F8_A_401,0,0.97125361,0.1094783,0.14118631,0.91606176,0.19965494,0.82176799
4n36_2F8_D_401,0.95954446,0.9240054,0.11281189,0.13301297,0.80176874,0.20129901,0.82354371
4n4j_HG1_A_608,0.0016010646,0.86529873,0.10027762,0.11708628,0,0.16156283,0
4n5p_2H0_E_412,0.99056021,0.78258566,0.10455916,0.11444839,0.20330346,0.16936675,0.042701765
4n6w_FLC_A_203,0,0.98522969,0.1110323,0.14440307,0.99702905,0.20546392,0.99632401
4n94_2HO_A_401,0.0019292408,0.99624085,0.10157794,0.11736192,0.005013606,0.16466631,0
4n9v_AZA_A_401,0.017437472,0.97544483,0.108232,0.12773117,9.354593e-09,0.18704603,0.99818656
4n9v_AZA_A_403,0,0.027836011,0.092053144,0.11585285,2.6852909e-08,0.14230571,0
4nf4_2JK_A_301,0,0,0.10135496,0.14290852,0.99571387,0.18277385,0.99543615
4ni1_2JX_A_204,0,0,0.091863623,0.11630767,0.029865494,0.14221474,0
4nir_6DH_A_307,0.99514521,0,0.096037423,0.10935741,1.4013414e-09,0.14663338,0
4nir_6DH_A_308,0,0,0.091801293,0.11593783,0.0076040251,0.14180564,0
4nir_6DH_B_306,1.003211e-05,0,0.091793966,0.11589404,0.004971992,0.14175732,0
4nkw_PLO_A_601,0.98700299,0.82514188,0.10395706,0.11061408,2.1286123e-07,0.16522535,0
4nkw_PLO_D_601,0.98034375,0.99394282,0.10571529,0,1.8629093e-07,0.16934335,0
4npm_SIN_A_301,0.99523311,0.40064671,0.10266942,0.12597406,0.96441396,0.17356603,0
4npm_SIN_B_301,0.99470736,0.68122719,0.10538166,0.12616445,0.95058507,0.17975842,0
4nr9_ALY_A_2005,0.87533355,0.98503991,0.10520107,0.11165967,0.0037448917,0.16874533,1.0496015e-08
4nv0_MG7_A_403,0.97470418,0,0.098736382,0.1260233,0.99518081,0.16482008,0
4nv0_MG7_B_402,7.2887944e-06,0,0.093266072,0.12462895,0.53074633,0.15141961,0
4o7g_ASC_A_303,0.10506859,0,0.092270671,0.11537433,0.014702431,0.14246056,0
4o7g_ASC_B_303,0.98358203,0.97739772,0.10561342,0.11109005,0.012399145,0.16926907,3.6517667e-07
4o95_245_A_602,0.93665459,0.98405158,0.10544323,0.1111983,8.0319187e-07,0.16895991,4.3826212e-08
4ocj_NDG_A_401,0,1,0.11109771,0.14418786,0.98777253,0.20545317,0.98846261
4ocu_NDG_A_401,0,0.72989821,0.10001392,0.11864773,3.9679713e-05,0.16210652,0.15689416
4ofu_DHT_A_1001,0.99281794,0.99453362,0.10855841,0.12729769,0.99005079,0.18767563,0
4ovl_1TD_A_308,0.99390769,0.27921952,0.10196614,0.12629469,0.99017838,0.17223018,0
4ovl_1TD_B_308,0.9966803,0.82451093,0,0.11053928,0,0.16520993,0
4oxy_1TN_A_302,0.98129797,0.97494096,0.10554497,0.11089612,5.4457692e-05,0.16897433,0
4oxy_1TN_B_302,0.98677158,0.27945129,0.10192412,0.12626652,0.98568679,0.17211457,0
4oxy_1TN_D_302,0,0.99031155,0.10426557,0.133707,0.98864134,0.18259682,0
4p5y_NGA_A_201,0.9865421,0.75208277,0.1051448,0.11789741,0.37464,0.17318841,0.104765
4p7q_NAG_A_703,0.084504057,0,0.092146388,0.11529229,0.0017362879,0.14211962,0
4p7q_NAG_A_704,0,0.72990231,0.10001384,0.11864726,1.6376658e-05,0.162106,0.15688582
4p7q_NAG_A_706,0.11122306,0,0.092255848,0.11509023,4.4280901e-06,0.14222117,0
4p8c_2J3_A_504,0.68942883,0,0.09476305,0.11153917,0.011979095,0.14532747,0
4p8c_Y22_A_502,0.99552788,0.8269659,0.10400685,0.11056079,2.6849032e-09,0.16529909,0
4p8c_Y22_B_502,0,0.72990518,0.10001378,0.11864694,2.5917568e-08,0.16210563,0.15687997
4pbr_2L7_A_401,0.99532386,0.98982832,0.10845469,0.12686941,0.96567063,0.18713195,0
4pgi_Y69_A_303,0.96262219,0.82092562,0.10382786,0.11076848,1.5890366e-09,0.16504536,0
4pik_MAN_A_501,0,0.96623289,0.10592751,0.13669567,0.99454936,0.18847573,0.27597947
4pik_MAN_A_502,0.9902741,0.97879827,0.10574547,0.11119437,0.012903344,0.16964058,0.012946514
4pik_MAN_B_503,0,0.97859407,0.10909084,0.14137349,0.98873006,0.19893112,0.72453528
4pik_MAN_C_503,0.76768728,0.98020728,0.11424584,0.13935138,0.99442552,0.20908501,0.99424236
4pik_MAN_D_503,0,0.97858034,0.10189802,0.11819025,0.010066564,0.16598191,0.07149762
4ptx_BGC_A_501,0.99132429,0.45466492,0.10454836,0.12816381,0.99392041,0.17935108,0.14621366
4ptx_BGC_B_501,0.9378411,0.29646586,0.10208044,0.12700206,0.99143986,0.17299048,0.028180783
4pxd_1AL_A_502,0,0.97824081,0.11097001,0.14440393,0.9971479,0.20532549,0.99719807
4pxd_1AL_B_502,0,0.98657202,0.10825757,0.12784677,0,0.18718446,0.99686467
4q3a_2YC_A_904,0.86737563,0.2810705,0.1012143,0.12586476,0.91490274,0.17021578,0
4q3a_2YC_B_904,0,0,0.095140436,0.13218551,0.97992052,0.16111951,0
4q3a_2YC_C_904,0.92837893,0.28303305,0.10158551,0.12598401,0.94567573,0.1711422,0
4q3a_2YC_D_904,0.95388296,0.27855064,0.10172447,0.12619737,0.9687919,0.17161265,0
4q40_VAL_A_403,0,0.72990509,0.10001378,0.11864695,5.8593925e-07,0.16210564,0.15688017
4q40_VAL_C_404,0,0.72990512,0.10001378,0.11864694,4.1151926e-07,0.16210564,0.15688011
4q40_VAL_D_403,0.99675676,0.75500377,0.10514425,0.1175847,0.36322147,0.17296097,0.09875187
4qbz_D80_A_917,6.5425734e-05,0.72801346,0.10005188,0.1188614,0.010785658,0.16234708,0.16072677
4qbz_D80_B_901,0.99623849,0.9781326,0.11025959,0.13002316,0.99207644,0.99209185,0.21661766
4qck_ASD_A_404,0.97764501,0,0.098757719,0.12605617,0.99830789,0.16489223,0
4qxc_OGA_C_600,0,0.97780523,0.10137884,0.11727013,0,0.16415457,0.00060091925
4qya_LU2_A_201,0.98717476,0,0.096003324,0.1094091,2.03726e-11,0.14659359,0
4qya_LU2_B_201,0,0,0.091780005,0.11581152,9.3388017e-07,0.14166591,0
4r08_URI_A_901,0,0,0.091780074,0.11581193,2.557471e-05,0.14166637,0
4r08_URI_B_901,0.98503086,0,0.097215145,0.11666784,0.436084,0.15459694,0
4r08_URI_D_901,0,0,0.091780229,0.11581285,8.1160254e-05,0.14166739,0
4r2n_PHE_C_402,0.00085510106,0.72992266,0.10001826,0.11864648,0.00033469632,0.16211546,0.15683836
4r2n_PHE_D_402,0.74142151,0.96054985,0.10444046,0.11280393,0.022532918,0.16785925,1.5079407e-08
4r2n_PLP_B_401,0.9848017,1,0.115238,0.13760142,0.98075028,0.21006111,0.98065689
4r3n_3GQ_B_404,0.86026705,0.79136887,0.10364792,0.1132203,0.087253294,0.16641389,0.025765113
4rcv_DE2_A_403,0,0.80684301,0.10130345,0.11951228,0.00036552727,0.16561274,0.21827396
4rg3_ECE_A_603,0.39722291,0.98836796,0.11258819,0.64212673,0.97367801,0.206822,0.97253955
4rii_TYD_B_401,0.94001228,0.25976897,0.10158395,0.1267356,0.99723792,0.17168946,0
4rje_PYR_A_402,0.74839893,0.79673091,0.102909,0.11241278,0,0.16415567,0.015655265
4rje_PYR_B_402,0.99591366,1,0.11510223,0.13701064,0.96169063,0.20932962,0.96159897
4rje_PYR_C_402,0,0.67253351,0.10115797,0.12514757,0.32609573,0.16940014,0.27355853
4rje_PYR_D_402,0,0.8902379,0.1094207,0,0.89271597,0.20003451,0.94165
4rkz_3S4_A_402,0.98471835,0.45924806,0.10271145,0.12159821,0.67862861,0.17046272,0.017688802
4rkz_3S4_B_401,0,0.27216123,0.099043675,0.13436555,0.95019174,0.17141314,0.2163614
4rp9_ASC_A_501,0,0.93065976,0.10747,0.12739941,0.00059072088,0.18510165,0.96157962
4rql_SNE_A_505,0.99305665,0.89078395,0.10518115,0.11141622,0.0066785632,0.16854152,0.034475422
4rvg_TYD_A_502,0.9743768,0.2954532,0.1018989,0.1257366,0.94773118,0.17166922,0
4tq4_DMA_A_403,0.95627539,0.81979299,0.10379571,0.11081494,0.00037300084,0.16500641,0
4tq4_DMA_B_403,0,1,0.10919618,0.13357006,0.36287912,0.19345884,0.96618452
4tq4_DMA_C_403,0.95790485,0.81831954,0.10381105,0.11089792,0.0060718716,0.16510151,0
4tq4_DMA_D_403,0.9842704,0.81632658,1.888078e-53,0.11088271,0.016302459,0.16532451,0
4tqi_6BD_A_201,0.92487826,0.81486498,0.10363399,0.11100848,1.1004356e-06,0.16478116,0
4tqi_6BD_B_201,0.95377808,0.81950557,0.10378243,0.11082471,2.1020935e-08,0.16498345,0
4tsk_TLA_A_404,0,0,0.091784315,0.1158371,0.0015403094,0.1416942,0
4u2a_A2G_A_303,0.99307719,1,0.11535386,0.1377773,0.98926857,0.2104492,0.98895915
4u7g_K17_A_303,0,0.95633956,0.10118306,0.11726144,8.8602677e-06,0.16371114,0.0027742723
4u8p_UDP_A_603,0.89250141,0,0.09559831,0.11002321,5.873032e-06,0.14612112,0
4u8p_UDP_C_603,0.97078699,0.82223058,0.10386982,0.11071689,1.9734331e-05,0.1651028,0
4ubp_HAE_C_800,0,0.96412458,0.1097333,0.14244479,0.97836021,0.20114181,0.84384405
4uc9_ASP_A_1300,0,0,0.091780002,0.11581151,6.0201099e-08,0.1416659,0
4uc9_ASP_B_1300,0,0.72990519,0.10001378,0.11864693,2.8807033e-09,0.16210563,0.15687996
4uc9_ASP_D_1300,0,0.72990519,0.10001378,0.11864693,3.2324417e-09,0.16210563,0.15687996
4uch_OLW_A_800,0,0.72990519,0.10001378,0.11864693,1.6165646e-08,0.16210563,0.15687997
4uch_OLW_B_800,0,0.729905,0.10001378,0.11864696,1.0721144e-06,0.16210565,0.15688034
4udc_DEX_A_1778,0.99319767,0.99631688,0.10859172,0.1273821,0.99512038,0.18781168,0
4ug6_H4B_A_902,0.4849042,0.98518447,0.10352167,0.11412983,1.4144579e-07,0.16673092,3.3907886e-10
4ug6_XFJ_A_904,0.038658154,0.73335704,0.10016333,0.11832491,4.008391e-09,0.16221152,0.14958507
4ug7_1EV_A_904,0.96100584,0.82066586,0.10381956,0.11077877,7.4270546e-07,0.16503405,0
4ugf_Q16_A_904,0,0.72990507,0.10001378,0.11864695,6.7127896e-07,0.16210565,0.1568802
4umd_CIT_A_1174,0.75898469,0.66789634,0.1016181,0.11210209,0.013306951,0.16105071,0
4uoc_NCN_A_400,0.88952884,0.25411035,0.1012644,0.12676132,0.97957049,0.17098605,0
4upd_7P9_A_1550,0,0,0.093908784,0.12844207,0.76024999,0.15563776,2.2784387e-05
4uqs_INE_A_904,0.99602178,0.98460568,0.10570307,0.11081568,7.6627665e-05,0.16927108,3.0684545e-05
4ur9_BK9_B_1717,0.0012290962,0.99591362,0.10156218,0.11730924,0.0015978673,0.16459256,1.7833965e-06
4ur9_OAN_A_1718,0,0.26169162,0.099053392,0.13483603,0.97740844,0.17177816,0.21932456
4ur9_OAN_B_1718,0.89753483,0.80325532,0.1036214,0.11194009,0.038606106,0.16542778,0.0013264026
4uy7_HIS_B_800,0,1,0.10763478,0.13257295,0.47961638,0.18925826,0.68924053
4uzi_IMD_B_1455,0.86494796,0.64089495,0.10176924,0.11115383,8.9129817e-06,0.16071464,0
4uzi_IMD_B_1456,0.8941696,0.27736632,0.10136337,0.12605793,0.93724548,0.17069427,0
4v2z_Y70_A_151,0.99272155,0.27539771,0.10194734,0.12640903,0.99689397,0.17227148,0
4v2z_Y70_B_151,0.99349922,0.27501116,0.10195081,0.12642324,0.99808184,0.17228974,0
4v2z_Y70_C_151,0.98637397,0.79026193,0.10438242,0.11357113,0.15754756,0.16833176,0.027120044
4v36_LYN_A_1851,0,1.1230582e-09,0.091780002,0.11581151,2.1146423e-09,0.1416659,0
4v3w_E2Z_A_800,0.0007964011,0.7299763,0.10001686,0.1186403,1.0010576e-10,0.16210781,0.15672968
4v3w_E2Z_B_800,0.19068595,0.74693184,0.10075146,0.11705852,1.3316878e-13,0.16262796,0.12089706
4w1v_3GS_B_502,0,0.70684099,0.10047376,0.12126028,0.13109496,0.16503812,0.20378635
4wbd_CIT_A_602,0.89966864,0.97166556,0.11380753,0.13346668,0.7018558,0.20383488,0.97958002
4wca_CIT_A_401,0,0.85602974,0.10050822,0.11849906,0.073860612,0.16310778,0.017833404
4wdd_CIT_A_401,0.98767434,0.92971153,0.10557806,0.11339077,0.15536286,0.17087037,0.0021672794
4wdx_WDX_B_402,0,0,0.095152458,0.13206442,0.97232857,0.16105794,0
4wqq_MAN_A_204,0.91004476,0.90842341,0.1053128,0.11267163,0.023236129,0.16973534,0.074353339
4wqq_MAN_B_204,0.017094036,0.95570808,0.10140929,0.11795794,0.045734904,0.16472739,0.0073612754
4wqq_MAN_C_204,0,0.93793687,0.10109613,0.11767797,0.024335351,0.16382105,0.0065203781
4wqq_MAN_D_204,0.81890647,0.95995344,0.10505294,0.11336663,0.073111727,0.16964988,0.021299423
4ws1_URF_A_301,0.035058805,0,0.091929991,0.11558414,3.8771334e-07,0.14184091,0
4ws2_6UA_A_303,0.11268026,0.47540635,0.097291015,0.11764885,0.11160692,0.15532738,0
4ws6_WBU_A_301,0,0.96191823,0.10121886,0.11724017,5.1519438e-07,0.16377565,0
4wua_3UL_A_701,0.98708508,0.82515953,0.10395754,0.11061356,0,0.16522606,0
4wxb_CIT_A_501,0.79853253,0.65776375,0.10565822,0.12714074,0.76652937,0.18104191,0.26274747
4wxb_CIT_C_501,0.31199923,0.75776409,0.10122077,0.11604799,0,0.16296027,0.098004947
4wxb_CIT_D_501,0,0.72661527,0.10007939,0.11901971,0.018699635,0.16252393,0.16357078
4x36_CHT_A_408,0.99463491,0.97509629,0.10577419,0.1118223,0.060996447,0.17016442,0
4x36_CHT_A_409,0.99646917,0.97188093,0.10834783,0.12721711,0.98865111,0.18714746,0
4x36_CHT_A_410,0.95947472,0.94872947,0.10597166,0.11236575,0.012970805,0.17099083,0.084890575
4x36_CHT_A_411,0.87202325,0.79987317,0.10354473,0.11227771,0.04488214,0.16549829,0.0083860938
4x36_CHT_A_412,0,0.91100396,0.10089276,0.11819401,0.061966186,0.16374414,0
4x3j_3WR_A_1201,0.98624027,0.97209732,0.10828674,0.12716839,0.98170602,0.18697374,0
4xfh_CYS_A_502,0,0.81774772,0.10212559,0.12584642,0.42501001,0.17207481,0.16594253
4xh4_PPI_A_504,0.99779281,0.98414873,0.10811958,0.12512455,0.86211515,0.18511065,0
4xp0_42A_A_404,0.99687933,0.98992031,0.10579743,0.11104759,0.013915543,0.16965114,0
4xp2_TT4_A_401,0,0.72948606,0.10002214,0.11869443,0.0023823017,0.16215892,0.15773236
4xp3_DX4_A_401,0,0,0.091832627,0.11612376,0.018795449,0.1420113,0
4xpq_FUL_A_1002,0.99573926,0.97736956,0.10563049,0.11080537,9.6600138e-06,0.16910151,4.0538942e-06
4xpq_FUL_A_1003,0.017863074,0,0.091860531,0.11572003,0.0014670546,0.14178202,0
4xpq_FUL_A_1004,0.0056294515,0,0.091805381,0.11578268,0.00046264559,0.1417025,0
4xti_IMP_A_601,0.96372754,0,0,0.12503536,0.93205912,0.16356029,0
4xti_IMP_B_601,0.96915676,0.30503777,0.10189698,0.12542569,0.926246,0.17143705,0
4xv4_25T_A_302,0.99781225,0.99723952,0.10872807,0.11544585,0.010143747,0.17938451,0.42025833
4xv4_25T_A_303,0.77106562,0.99754875,0.11260832,0.13656493,0.99796524,0.2034085,0.72554105
4xz9_G3P_B_302,0.9904519,0.94481558,0.10643447,0.11736826,0.39112219,0.17568572,0.0074782438
4xz9_G3P_C_302,0.99723439,0.95554234,0.10578331,0.11261806,0.10556462,0.17076574,0.0095464658
4xzh_48I_A_402,0.99561665,0.8269849,0.10400737,0.11056024,0,0.16529986,0
4xzh_48I_B_402,0.99490213,0.82683176,0.1040032,0.11056471,6.5610199e-07,0.16529369,0
4y14_C0A_A_407,0.96805373,1,0.11517412,0.13790227,0.9954446,0.2101354,0.97576256
4y6n_3PG_A_402,0.98158737,0,0.098617022,0.12505281,0.93853534,0.16384636,0.0014364564
4yjs_4DN_A_701,0,0.72972356,0.1000174,0.11866751,0.001032364,0.16212872,0.15724934
4ynu_LGC_A_603,0.003144213,0,0.091793454,0.11579112,2.5022509e-07,0.14168159,0
4ysx_MLI_A_701,0.99129179,0.38484018,0.10333505,0.12678291,0.96187262,0.1756381,0.075302474
4ysx_MLI_E_701,0.98895814,0.41169463,0.10386231,0.12757111,0.98534629,0.17738845,0.10787287
4yu7_DHC_A_203,0.43601167,0.12943757,0.094927396,0.11324682,0.0042653599,0.14689586,0
4yu7_DHC_A_204,0.57327386,0.88076034,0.10388981,0.11497964,1.507307e-08,0.16818208,0.12761379
4yu7_DHC_B_204,0.065174607,0.87599011,0.10065452,0.11668986,1.2759985e-06,0.16212593,0
4ywd_NTM_A_704,0.044634742,0.73374603,0.10018934,0.11829152,0.00082228475,0.16224629,0.14875149
4z1d_PEP_A_300,0.82637592,0.97958178,0.1049573,0.11196434,0.00091743283,0.16841481,0.0039833175
4z2w_AKG_A_401,0.99517206,0.82672684,0.10400479,0.1105697,0.00041255541,0.16530092,0
4z69_DIF_A_1006,0,0.43761168,0.098376244,0.13012146,0.82222964,0.16683478,0
4z69_DIF_A_1007,0.9943386,0.98504842,0.10569979,0.11082565,0,0.16927074,0
4z69_DIF_I_1006,0.97985257,0.4758969,0.10064193,0.11016445,6.2971082e-05,0.15749672,0
4z6p_DHY_C_403,0.98436267,1,0.11539298,0.13804881,0.99711357,0.21073281,0.99694303
4za7_4LV_A_606,0.98510271,0.85111147,0.10701981,0.12655174,0.95496015,0.18369568,0
4zb2_GLC_A_403,0,0.75531922,0.10043483,0.12323693,0.35648588,0.16640193,0.035948937
4zb5_GLC_A_403,0.98060384,0.034694196,0.096315787,0.10950406,4.8949895e-05,0.14735914,0
4zbc_FRU_A_410,0.007092705,0.7305377,0.10004123,0.11858794,4.5660184e-06,0.16212516,0.15554318
4zbc_FRU_B_408,0.0056344966,0.73032857,0.10003717,0.11860903,0.00045318814,0.1621312,0.15597887
4zbc_FRU_B_409,0,0.72990518,0.10001378,0.11864694,2.5275219e-08,0.16210563,0.15687997
4zbc_GLC_A_407,0,0.32154952,0.096160123,0.12211241,0.3476107,0.15604174,0.0010367392
4zbc_GLC_A_408,0.087158684,0.73764034,0.1003519,0.11792627,0.00026931061,0.1623504,0.14052927
4zbc_GLC_B_406,0,0.72882112,0.1000354,0.11876977,0.0061617544,0.16224346,0.15908466
4zbc_GLC_B_407,0.081255711,0.73716047,0.10032813,0.11797009,9.5312856e-07,0.16232823,0.14154715
4zdz_TPF_A_602,3.7063607e-05,0.72990377,0.10001402,0.11864716,2.6890642e-05,0.16210633,0.15688259
4zhd_4OZ_A_202,0,0.729905,0.10001378,0.11864696,1.0505516e-06,0.16210565,0.15688034
4zhd_4OZ_B_202,0.017621969,0.7284717,0.10014192,0.11884086,0.017091423,0.16253622,0.15967004
4zhd_4OZ_C_202,0.015308782,0.73127204,0.100073,0.11851942,5.2323397e-07,0.16214758,0.15399134
4zib_4OG_A_512,0.078209433,0.97114356,0.10391366,0.13021394,0.81063047,0.17927528,0
4zjz_BEZ_B_601,0.99635403,0.98838298,0.10852458,0.12733321,0.99411853,0.18762668,8.4606511e-07
4zo7_BGC_A_801,0,0,0.094559058,0.13230107,0.99254537,0.15990628,3.7122335e-06
4zo7_BGC_A_802,0.9834413,0,0.095987354,0.10943333,8.2086896e-07,0.14657497,0
4zo7_GLC_A_806,0.99400109,1,0.11541546,0.13793164,0.99503436,0.21069926,0.99504636
4zqp_IMP_A_601,0.99112463,0.31755668,0.10206682,0.12510442,0.91449427,0.17158547,0
4zsy_RW2_A_502,0,0.93005886,0.10367739,0.13363538,0.98971159,0.18123176,8.2692632e-06
4zsy_RW2_B_502,0,0,0.091780002,0.11581151,0,0.1416659,0
4zsy_RW2_C_502,0,1,0,0.14429264,0.99101208,0.20559799,0.99436256
4zsy_RW2_D_502,0,0,0.091780002,0.11581151,0,0.1416659,0
4zu3_4SD_B_302,0.95106907,1,0.11319304,0.13438634,0.94175236,0.20315547,0.71791004
4zu3_4SD_C_301,0.030118337,1,0.11059026,0.14233922,0.93362789,0.20297953,0.91737285
4zu3_4SD_D_301,0.098106271,1,5.2495923e-64,0.14129895,0.89565204,0.20266448,0.92144207
4zu3_4SD_E_301,0.98420085,1,0.11454442,0.13556029,0.90159167,0.20702596,0.91181571
4zu3_4SD_F_301,0.98242217,1,0.11438381,0.13503345,0.87708507,0.20628311,0.89943864
4zvv_GN0_A_405,0.40960682,0.11369982,0.097961502,0.12967645,0.97904804,0.16565705,0
4zvv_GN0_B_404,0.81865592,0.22510719,0.10075134,0.12744674,0.99547552,0.17032871,0
4zvv_GN0_C_403,0,0,0.095118395,0.13240755,0.99384059,0.16123241,0
4zvv_GN0_D_403,0,0,0.095140725,0.1321826,0.97973805,0.16111803,0
4zvz_4TF_A_503,0,0.71836953,0.099855161,0.11858095,0.0037835134,0.046697126,0.14994098
4zvz_4TF_B_503,0.87903441,0.81991149,0.10482604,0.11545056,0.17897515,0.1706716,0.092903915
4zvz_4TF_C_503,0.97449052,0.82111269,0.10389572,0.11078547,0.0056445703,0.16521133,0
4zvz_4TF_D_503,0.7568858,0.70571241,0.10477218,0.12274103,0.52164871,0.1758478,0.20070211
5a02_GOL_A_1341,0.9922155,0.86432338,0.10475599,0.11104887,1.4487754e-05,0.1673252,0.013694095
5a02_GOL_B_1342,0.99563457,0.75620879,0.10346082,0.11048318,0.00034967447,0.16402375,0
5a02_GOL_C_1341,0.99558525,0.84873149,0.10454162,0.11089396,0.00066432178,0.16673476,0.0025865028
5a02_GOL_D_1341,0.99496701,0.58751,0.10180164,0.11023127,7.2261559e-06,0.16013657,0
5a02_GOL_E_1341,0.99371558,0,0.096038051,0.1094067,0.0024088277,0.14667051,0
5a02_GOL_F_1342,0.99547269,0.84756922,0.10452071,0.11087095,1.3083337e-05,0.16667132,0.0015288211
5a2r_MLT_A_1615,0,0.72140783,0.10018325,0.11960975,0.048298263,0.16318603,0.1741613
5a66_3PO_A_1000,0.98577299,0.80998541,0.10394861,0.11062756,0.00010782283,0.16521609,0
5a66_3PO_B_1000,0.99077318,0.93241025,0.11365902,0.13146895,0.61127011,0.20206056,0.99432739
5a7p_6Z1_A_1361,0.92192178,0.8140475,0.10362019,0.11104571,0.0011269688,0.164777,0
5a86_D7E_A_1433,0.98957987,0.2771402,0.10193386,0.12634605,0.99174548,0.17219487,0
5a86_D7E_B_1432,0,0.72990471,0.10001379,0.11864699,2.7101685e-06,0.16210569,0.15688093
5a8k_TP7_A_558,0,1,0.11110315,0.14429092,0.99548915,0.20554064,0.98609124
5a8k_TP7_D_554,0,1,0.11115021,0.14428773,0.98925938,0.20564293,0.99555154
5abz_Z47_A_201,0.98239623,0,0.098554299,0.12469774,0.91839536,0.16344737,0
5abz_Z47_B_201,0.18177379,0,0.093582428,0.12071308,0.36599928,0.14929934,0
5ack_SVQ_A_600,0.98842987,0.30573541,0.1020145,0.12546097,0.93581828,0.17172852,0
5adi_TUE_A_800,0.99028658,0.82584388,0.10397624,0.11059358,1.5762146e-06,0.16525377,0
5adi_TUE_B_800,0,0.72990469,0.10001379,0.11864699,2.8514416e-06,0.16210569,0.15688098
5aew_BNL_C_462,0,0.50044084,0.096700041,0.11656959,0.00053173872,0.15320044,0.00049513032
5aew_BNL_I_462,0.99844431,1,0.11533705,0.13770238,0.99104103,0.21035824,0.9823986
5afy_WCE_H_1248,0.99677034,0.99125566,0.10577314,0.1108312,0.00072854404,0.16943895,0
5ag5_DLR_A_1422,1.8081241e-05,0.72990481,0.10001389,0.11864701,1.1351478e-05,0.16210593,0.15688061
5agl_CCW_A_800,0.92788286,0.72699489,0.10531375,0.12063521,0.48746632,0.17555157,0.15620393
5agl_CCW_B_800,0.82902421,0.7815217,0.10366781,0.11428021,0.12736723,0.16722563,0.046013664
5agn_4JK_B_800,2.7294901e-06,0.72990517,0.1000138,0.11864694,1.4849271e-06,0.16210567,0.15687998
5ahn_IMP_A_1468,0.94831195,0.80867823,0.10380011,0.11141639,0.033553405,0.16545384,0
5aov_GLV_A_1336,0,0.92334261,0.035166269,0.11717589,0,0.16285897,0
5aov_GLV_A_1356,0.25342018,0.94675033,1.1051073e-16,0.11556338,6.9610012e-06,0.16464567,1.717509e-06
5av2_KMP_A_300,0.99688126,0,0.096044852,0.10934616,6.8713438e-07,0.14664206,0
5av3_KMP_A_300,0.99742038,0.97086888,0.10557384,0.11078462,7.4367066e-07,0.16896022,0
5b4o_6DQ_A_201,3.9933693e-06,0.16744202,0.095673843,0.12681242,0.64306672,0.15838756,0
5b4o_6DQ_B_201,0.91413971,0.29423163,0.10153454,0.12559676,0.91596001,0.17074321,0
5b4o_6DQ_B_202,0.25459049,0.70378527,0.10197297,0.12206157,0.27767462,0.16901438,0.20819139
5b4u_MLA_A_302,0,0.72990519,0.10001378,0.11864693,0,0.16210563,0.15687996
5bk9_SIN_A_301,0.99492289,0,0.098634081,0.12477191,0.9277497,0.1636818,0
5bkd_AKG_A_502,0.9889843,0.98298466,0.10739992,0.12120109,0.62261497,0.18063865,3.7492852e-06
5bkd_AKG_B_502,0.97236046,0.89527235,0.10637278,0.12061295,0.58856697,0.17791383,1.4474867e-06
5bkd_RCF_A_503,0,0,0.091780002,0.11581151,0,0.1416659,0
5bkd_RCF_B_503,0.78975612,0,0.095158729,0.11068948,0,0.14560814,0
5bwd_FUM_A_901,0.025442201,0.03205257,0.095411733,0.13106189,0.91919363,0.16090928,0
5bwr_4VT_A_402,0,0.72990519,0.10001378,0.11864693,1.7144744e-08,0.16210563,0.15687997
5bwr_4VT_B_402,2.370869e-05,0.72990724,0.10001387,0.11864674,3.847832e-07,0.1621057,0.15687562
5c4i_TPP_C_402,0.10518923,1,0.11013178,0.13485912,0.46208042,0.19650543,0.99666659
5c7v_PYC_A_804,0.0094924231,0,0.094553352,0.13196427,0.97596914,0.15964936,1.7746324e-05
5c8w_PCG_A_302,0.99197156,0,0.098816696,0.12594952,0.99748107,0.16494854,0
5c8w_PCG_B_303,0,0,0.094563809,0.13232937,0.99425099,0.15993754,0
5c8w_PCG_C_302,0.98628668,0,0.098791733,0.12598258,0.99725159,0.16491595,0
5c8w_PCG_D_302,0,0,0.094566368,0.13234456,0.99516523,0.15995434,0
5c8w_PCG_E_302,0.90661575,0,0.098449416,0.12649058,0.99672699,0.16450861,0
5c8w_PCG_F_302,0,0,0.094573438,0.13238651,0.99769005,0.16000074,0
5cfw_53W_A_201,6.2280362e-05,0.72778225,0.10005647,0.11888759,0.012098236,0.16237643,0.16119701
5cga_KP6_A_301,0.99670158,0.98172379,0.10845015,0.12725838,0.99034609,0.18740601,0
5cga_KP6_B_301,0.99601473,0.98382462,0.10740121,0.1209371,0.60939695,0.18045005,0
5cga_KP6_C_301,0.99698746,0.98213717,0.10844911,0.12721966,0.98809012,0.18737548,0
5cga_KP6_E_301,0.99686063,0.96607774,0.10807724,0.12592833,0.91174818,0.18560276,0
5cga_KP6_F_301,0.99586843,0.9762993,0.10838136,0.12718456,0.98606218,0.18719844,0
5cga_KP6_H_301,0.99648687,0.98654367,0.10849964,0.12728538,0.99145683,0.18753613,0
5ci9_549_A_401,0,0.00047604393,0.091784674,0.11581222,3.1141058e-07,0.14167684,0
5ci9_549_A_402,0.91531654,0.98041395,0.10531625,0.1113313,2.0183795e-06,0.1687698,0
5cjn_52F_A_809,0.99020367,0.76972872,0.10481356,0.11590454,0.27620025,0.17099642,0.068851857
5clo_NS8_M_101,0,0.98830412,0.10186942,0.11796519,0.0062618977,0.16575451,0.05487094
5cmb_GLY_A_301,0,0,0.10138657,0.14299584,0.99882663,0.182908,0.99879427
5cpn_531_A_401,0.9526016,0.81897381,0.10377777,0.11085063,0.0011261313,0.16499175,0
5cpn_531_B_401,0.99198861,0.82561374,0.10398623,0.11060731,0.0015063447,0.16528638,0
5cpp_ADO_A_422,0.99587133,0.96500324,0.10615006,0.11458584,0.22872553,0.17302101,0
5cr1_STL_B_201,0,0.99110272,0.10150523,0.11728351,2.3943964e-07,0.16444645,0
5cyf_FLC_A_301,0.98374886,0.95465406,0.10626861,0.11409697,0.14918866,0.17292334,0.072548995
5cyf_FLC_C_301,0.99120391,0.97583711,0.10798311,0.12328136,0.71267358,0.18345677,0.05744854
5d41_57N_A_1103,0,0.72990519,0.10001378,0.11864693,0,0.16210563,0.15687996
5d8u_0N8_A_203,0.96603555,0.82147367,0.10384539,0.11074678,2.3288307e-08,0.16506925,0
5dav_58J_A_402,0,0,0.09511734,0.13241818,0.99450685,0.16123781,0
5ddu_PMP_A_601,0.98996833,0.8202849,0.10398852,0.11086529,0.016526033,0.16547948,0
5ddu_PMP_B_601,0.21266363,0.73337674,0.10114595,0.1186337,0.08820023,0.16466114,0.14830827
5ddu_PMP_C_601,0.9915381,0.82584434,0.10398357,0.11059672,0.00067841933,0.16527264,0
5ddu_PMP_D_601,0.99385418,0.8048909,0.10413293,0.11192693,0.078194155,0.16657717,0
5del_D59_A_603,0.54678837,0.15386002,0.098905685,0.12884242,0.97914902,0.16717991,3.7822159e-08
5del_ORO_A_602,0,0.85510364,0.10024443,0.11751882,0.026322163,0.16180423,0
5di7_5CQ_A_601,0.99054191,0.47825541,0.1025552,0.12014782,0.60352761,0.16905696,0
5di7_5CQ_B_601,0.98966724,0.31924992,0.10206327,0.12504792,0.91039536,0.17153606,0
5did_5CK_A_601,0.99497961,0.45796089,0.10251964,0.12078665,0.64527221,0.16944476,0
5die_5CJ_A_601,0.9934629,0.78988308,0.10443002,0.11362673,0.16329875,0.16847983,0.02784015
5die_5CJ_B_601,0,0.11652106,0.095517961,0.12838247,0.74149651,0.15918581,0
5dmm_HCS_A_505,0.55866903,0.48373169,0.098919272,0.11292176,0.0009088102,0.15558991,0
5dne_ASN_A_601,0,0.98411263,0.1110253,0.14440714,0.99699319,0.20545125,0.99692051
5dne_ASN_B_601,0,0.97875276,0.11093689,0.14429674,0.99318145,0.20517348,0.99323185
5dne_ASN_C_601,0,1,0.11114494,0.14432896,0.99329093,0.20566138,0.99312344
5dne_ASN_D_601,0,0.40646893,0.10127133,0.1366475,0.99412384,0.17804526,0.34525333
5dnx_5LD_B_201,0.98986377,0.98562376,0.10568639,0.1108561,3.4394565e-05,0.16926226,0
5dr9_SKE_A_401,0,0.72990519,0.10001378,0.11864693,0,0.16210563,0.15687996
5dt0_SKE_A_401,0.96918022,0,0.095914559,0,0,0.14644243,0
5dw3_TRP_A_402,0,0,0.096685439,0.12976935,0.5162837,0.16278153,0.50745142
5dw3_TRP_B_402,0,0,0.091962213,0.11689267,0.065077692,0.14286185,0
5dw3_TRP_C_402,0,0,0.091865312,0.1163177,0.030468958,0.14222583,0
5dw3_TRP_D_402,0,0,0.09307479,0.1234942,0.46244041,0.1501643,0
5dz2_212_B_404,0.99036767,0.28253977,0.10195511,0.12618188,0.98175431,0.17212258,0
5dzh_5KG_A_900,0.98964519,0.96594865,0.10622832,0.11197229,0,0.17128183,0.0832579
5dzh_5KG_B_901,0,0.98898475,0.10278308,0.12498589,0.46381498,0.17292143,0
5e4o_L57_A_201,0.0010655202,0.049421658,0.095318962,0.13045451,0.87180585,0.16025449,0
5e9m_BAE_A_2001,0.99808118,0.98347443,0.10575348,0.11105333,0.014004822,0.16955735,0.0020392714
5edh_5MF_A_803,0,0.72989161,0.10001405,0.11864847,7.7184361e-05,0.16210736,0.15690758
5edh_5MF_C_803,0.98998004,0.27537723,0.10193086,0.12640159,0.99538012,0.17222879,0
5edh_5MF_D_803,0,0.72990519,0.10001378,0.11864693,1.1401345e-08,0.16210563,0.15687996
5eo7_SFU_A_402,0,1,0.11094274,0.14365032,0.96358229,0.20471544,0.97566781
5eo7_SFU_A_405,0.86463364,0.95290717,0.11379972,0.13693627,0.9272411,0.20634608,0.93485937
5eo7_SFU_B_401,0.94623429,0.86519207,0.10941093,0.12907784,0.82249309,0.19085103,0.42122763
5eo7_SFU_B_402,0.97909445,1,0.11535397,0.13801144,0.99336824,0.21061756,0.9960647
5eo7_SFU_B_404,0,0.72881805,0.10003546,0.11877012,0.0061792143,0.16224386,0.15909091
5eo7_SFU_C_401,0.84803217,1,0.1139411,0.13591237,0.86090734,0.20591162,0.92547719
5eo7_SFU_C_402,0,1,0.11098412,0.14348178,0.94458545,0.20468414,0.98953764
5eo7_SFU_C_403,0.70668546,1,0.11250891,0.13550987,0.85826809,0.20240144,0.80519618
5eo7_SFU_C_404,0.96825835,0.81907609,0.10386787,0.11088082,0.0090471548,0.16521767,0
5eo7_SFU_C_405,0,1,0.1108658,0.1430597,0.92516502,0.20411235,0.98015925
5eo8_TFU_A_402,0.86508143,0,0.09549117,0.11026138,0.0036373978,0.14605098,0
5eo8_TFU_A_403,0.9876577,1,0.11523971,0.13755273,0.97962171,0.21002994,0.97957955
5eo8_TFU_A_405,0,1,0.11108553,0.14408416,0.98085887,0.20535022,0.98951449
5eo8_TFU_A_406,0.89876625,1,0.11444018,0.13565984,0.83137131,0.20684782,0.9789705
5eso_ISC_B_602,0,1,0.11086294,0.14359066,0.96883954,0.20449439,0.96180469
5ew8_5SF_A_803,0.98966429,0.2781836,0.10193756,0.12631413,0.98977639,0.17217983,0
5ew8_5SF_B_802,0.9519242,0.26767099,0.10167945,0.12652706,0.98871276,0.17175248,0
5ewc_5SJ_A_801,0.99223491,0,0.09880183,0.12585292,0.99176909,0.16484489,0
5ezp_IPJ_A_201,0.98673532,0.82508467,0.1039555,0.11061575,6.617497e-08,0.16522303,0
5ezp_IPJ_B_201,0,0.72990519,0.10001378,0.11864693,2.4363858e-09,0.16210563,0.15687996
5ezp_IPJ_C_201,0,0.72985241,0.10001483,0.11865291,0.00029999675,0.16211234,0.1569873
5ezp_IPJ_F_201,0.99677704,0.80110184,0.10422501,0.11236148,0.10121426,0.16710012,0.005000646
5ezp_IPJ_G_202,0.99217538,0.82624835,0.10398727,0.11058176,6.8820985e-07,0.1652701,0
5f35_FLC_A_302,0.97670893,0.89337888,0.10513792,0.11144621,3.4505883e-06,0.16846391,0.037203652
5f79_4V7_A_4000,0.96011011,0.82045816,0.10381521,0.1107879,0.00021057915,0.16503086,0
5faj_DCS_A_401,0,0.72990512,0.10001378,0.11864694,3.6731228e-07,0.16210564,0.15688009
5faj_DCS_C_401,0,0.72990519,0.10001378,0.11864693,0,0.16210563,0.15687996
5faj_DCS_D_401,0,0.97271179,0.10802542,0.12767666,0,0.18654275,0.98276286
5fal_SKT_A_502,0,0,0.094569715,0.13236442,0.9963605,0.15997631,0
5fay_CHT_B_906,0.98960278,0.27521657,0.10192811,0.12640543,0.9954769,0.17222538,0
5fc5_PC_A_516,0.98828868,0.93064361,0.10757464,0.12522981,0.86952398,0.18396955,0
5fe1_12Q_A_901,0.99711882,0.99322233,0.1085647,0.12727235,0.99032203,0.18767194,0
5fe4_5WY_A_903,0.9972424,0.81348561,0.10405788,0.11124765,0.042694497,0.1659147,0
5fe4_5WY_B_904,0.99617209,0.82547847,0.10401074,0.11062341,0.0041152133,0.16535359,0
5fes_9SE_A_409,0.00058938415,0.97577998,0.10171383,0.11937183,0.12730118,0.16643665,1.1477818e-07
5fh3_OXL_A_703,0.99741032,0.7997169,0.1042562,0.11251954,0.10940755,0.16728513,0.0078127414
5fiu_Y3J_A_1299,0,1,0.11110859,0.14422717,0.98959908,0.2055061,0.98930789
5fiu_Y3J_B_1299,0,1,0.11108872,0.14420457,0.99027605,0.20544539,0.98611511
5fiu_Y3J_C_1299,0.98945543,1,0.11528738,0.13764965,0.98340815,0.21020721,0.98388759
5fkl_TDC_A_222,0,0.72990519,0.10001378,0.11864693,0,0.16210563,0.15687996
5fli_QUE_A_301,0,0.49970506,0.096676573,5.7004045e-40,4.0423739e-08,0.1531002,0
5fli_QUE_C_301,0,0,0,0.13192262,0.97037544,0.15945532,0
5fli_QUE_D_301,0,0.018386592,0.095217591,0.13140829,0.93119399,0.16072432,0
5fli_QUE_E_301,0.99697999,0.82727659,0.10401533,0.11055172,0,0.16531165,0
5fli_QUE_F_301,0,0,0.095157571,0.1320129,0.96909891,0.16103174,0
5fli_QUE_G_301,0.82699134,0.26531699,0.10092431,0.1262315,0.92247166,0.1698291,0
5fli_QUE_H_301,0,0.72990519,0.10001378,0.11864693,0,0.16210563,0.15687996
5fli_QUE_J_301,0,0.72990519,0.10001378,0.11864693,0,0.16210563,0.15687996
5fli_QUE_K_301,0.99383522,0.3056981,0.10204675,0.12547805,0.93895326,0.17181392,0
5fp9_4SV_A_1342,0.99651004,0.95046191,0.10605568,0.11190187,0.0061118203,0.17084677,0.073853826
5fqf_NGA_A_1588,0.96236063,1,0.11479819,0.13731767,0.98934478,0.20887075,0.92670362
5fqf_NGA_A_1589,0.51472543,0.77586045,0.10200513,0.11435989,3.0577442e-05,0.16351627,0.059760962
5fqf_NGA_B_1585,0.9868576,1,0.11532113,0.13779951,0.98856648,0.21039129,0.98834972
5fqf_NGA_B_1586,0.11588472,0.74025203,0.1004621,0.11768169,3.8888974e-06,0.16242315,0.13501362
5fuv_THM_A_1388,0,0,0.0951149,0.13244275,0.99604766,0.16125031,0
5fuv_THM_B_1385,0.97727579,0.27218555,0.10184504,0.12646256,0.99435105,0.17207948,0
5fv3_OGA_A_1770,0.99799561,0.82745593,0.10402127,0.11054693,9.6099507e-05,0.16532158,0
5fwe_OGA_A_1358,0.99620838,0.41236133,0.10239222,0.12221319,0.73491417,0.17020196,0.00033973026
5fwe_OGA_B_1359,0,0.72990519,0.10001378,0.11864693,0,0.16210563,0.15687996
5fzn_FB2_A_1615,0.92541509,0.99330165,0.10549418,0.11133399,0.0029536857,0.16917068,0
5g09_6DF_A_1475,0,0.68537858,0.1009018,0.12369213,0.25308546,0.16776696,0.24743512
5g09_6DF_C_1475,0,1,0.11060686,0.14130014,0.81448353,0.20224955,0.98763188
5g0v_JDD_B_1271,2.0925589e-10,0.71479914,0.099774907,0.11845053,2.2011629e-05,3.4758009e-05,0.14535831
5g21_YN4_A_1002,0.95834817,0.31841215,0.10187321,0.12498146,0.89426831,0.17105778,0
5g44_SWX_A_1511,1.3399904e-05,0.95621643,0.10116298,0.11723165,2.076966e-06,0.16364472,1.261645e-06
5g44_YTZ_A_1512,0.00010079617,0.98901905,0.103994,0.13216576,0.89602537,0.18086558,0
5g4r_LF1_A_1739,0.93962611,0.44698025,0.10215465,0.1209621,0.6351329,0.16874838,0
5g4r_LF1_B_1739,0,0.20048611,0.095774961,0.12579354,0.57918902,0.15786944,0
5g4r_LF1_C_1739,0.98728553,0.2740217,0.10191058,0.12643544,0.99647359,0.17220776,0
5g4r_LF1_D_1739,0.36085273,0.090113345,0.097597435,0.13026004,0.99701573,0.16526184,0
5g6g_H8B_A_1367,0.99125968,0.82605261,0.10398192,0.11058747,2.3138427e-07,0.16526217,0
5g6i_M85_A_904,0.96293771,0.82097489,0.10382948,0.11076655,4.55622e-06,0.16504763,0
5g6k_M94_A_904,0,0.72990346,0.10001381,0.11864713,9.852619e-06,0.16210585,0.15688349
5gnx_BGC_B_503,0,0.72990519,0.10001378,0.11864693,0,0.16210563,0.15687996
5goo_FRU_A_501,0.97635857,0.97909459,0.10556449,0.11093353,4.2896074e-06,0.16904431,3.892378e-06
5goo_FRU_B_501,0,0,0.09178001,0.11581155,2.9199673e-06,0.14166595,0
5gri_CIT_B_401,0.71560247,0.78872479,0.1028834,0.11326132,0.028861052,0.16471143,0.032170654
5gto_MYR_A_502,0,0.91446168,0.10286781,0.12045819,0,0.16979149,0.29111296
5gwt_SIN_A_302,0.99381726,0.21048408,0.098141338,0.10994099,0.015791442,0.15175494,0
5gwt_SIN_B_302,0.99454225,0.21047902,0.098175617,0.11012156,0.026944133,0.1519634,0
5gwt_SIN_C_301,0,0.22806921,0.096378019,0.1301539,0.84291507,0.16239858,0
5gwt_SIN_D_301,0.99502357,0.48420553,0.10092772,0.11090529,0.049835931,0.15867811,0
5gwx_SAR_A_302,0,0.89604445,0.10851324,0.13963614,0.82752785,0.19636921,0.82482136
5gzz_GSH_C_301,0.9453332,0.81814963,0.10373906,0.1108784,2.5837688e-08,0.16492433,0
5gzz_GSH_E_301,0.89858757,0.81064399,0.10349896,0.11117562,0,0.16459711,0
5gzz_JAA_A_601,0,0.72989362,0.10001401,0.11864825,6.5754048e-05,0.1621071,0.15690349
5h24_LQG_A_501,0.99173182,0.9911564,0.10574858,0.11085168,3.2715486e-06,0.16939818,0
5h24_LQG_B_501,0.93618506,0.99551025,0.10547659,0.11112514,3.6062827e-06,0,0
5h5k_C5P_A_206,0,0.97518633,0.10288746,0.12638811,0.54945172,0.17417804,0
5h5k_C5P_B_203,0.98619093,0.98134925,0.1070431,0.11926581,0.50518412,0.17842897,0
5h8f_GLU_A_302,0,0.72990519,0.10001378,0.11864693,0,0.16210563,0.15687996
5h8q_5YE_B_302,0.98891678,0.2758836,0.10192605,0.12638284,0.99379881,0.17220416,0
5h8q_GLU_A_302,0,0,0.091780002,0.11581151,0,0.1416659,0
5h8q_GLY_B_301,0,0,0.091780002,0.11581151,0,0.1416659,0
5h9i_XAN_A_301,0,0,0.10116112,0.14236726,0.97615154,0.18194698,0.97503983
5ha7_WY1_A_402,0.59192995,0.78267056,0.10230547,0.11372625,0.00050580634,0.16373838,0.04536232
5hc0_NPO_A_402,0.9968218,0.96444565,0.1055504,0.11102906,0.015055082,0.16908626,0
5hc0_NPO_A_407,0.0024416399,0.94634404,0.10107648,0.11720119,0,0.16342985,0
5hfa_FP1_A_607,0.00070349745,0.7297489,0.10002087,0.1186659,0.0012453548,0.16213542,0.1571928
5hfa_FP1_A_608,0.0055357731,0.72646948,0.10011357,0.11904612,0.022337836,0.16262047,0.16382793
5hfa_FP1_B_609,0.0041199842,0.72997662,0.10003563,0.11864621,0.0016849908,0.16215461,0.15670541
5hgz_MLA_A_302,0.87498562,0.95220147,0.10742557,0.12671635,0.9124851,0.18470186,0.00056184696
5hgz_MLA_A_303,0.97848244,0.6770346,0.10260956,0.11047102,0,0.16211188,0
5hpu_IPH_A_101,0.99360749,0.98832659,0.1084981,0.12726686,0.98905824,0.18751866,0
5hss_64Z_A_402,0.97133303,0.78485465,0.10440529,0.11415693,0.18064841,0.16880731,0.0382239
5hss_64Z_D_403,0,0.69616137,0.10068675,0.12247036,0.19179703,0.16639598,0.22550583
5hss_64Z_E_402,0.90557479,0.74832166,0.10476239,0.11817885,0.35492486,0.17252561,0.11298957
5hss_650_B_402,0.99662284,0.94607063,0.10595747,0.11173339,1.3837209e-05,0.17050486,0.068067715
5hss_650_C_401,0.99721166,0.96225441,0.10628165,0.11547892,0.28323102,0.17396691,3.1785392e-05
5i0d_GLC_B_1122,0.98080117,0.82383898,0.10392125,0.11065319,1.8145499e-05,0.16517288,0
5i0m_UMP_A_201,0.98195797,0.41714265,0.10231675,0.12200684,0.71679683,0.16988037,0
5i0m_UMP_B_201,0,0.22193198,1.210419e-37,0.12504855,0.53329478,0.1574116,0
5i3p_68T_A_1003,0.63926864,0.93984835,0.10607426,0.1269284,0.83469176,0.18179879,0
5i5s_NVU_B_402,0.99564549,0.99177946,0.10577408,0.11083568,0.00035780691,0.1694441,0.00024191423
5i5t_67X_B_402,0.99593959,0.98907564,0.10658207,0.11212229,9.2281678e-05,0.17218136,0.097444532
5i7r_68W_A_402,0.8057277,0.22205915,0.10066461,0.12750263,0.99404188,0.17017364,0
5i8s_LEA_A_202,0.99427968,0.98192232,0.1147659,0.1356886,0.8744518,0.20761295,0.97513702
5i8z_JA1_A_302,0.98746334,0.97862476,0.10836566,0.16883444,0.9835488,0.18718705,0
5i93_69O_A_202,0.67255295,0.98940062,0.10939999,0.12773288,0.56977725,0.18979245,0.50436265
5i95_AKG_A_508,0.8047017,0.92387108,0.10512794,0.11327067,6.5355906e-06,0.16974018,0.10008742
5i9m_69K_B_302,0.99556728,0.75051967,0.10522696,0.11809065,0.38810506,0.17351433,0.10787979
5i9m_69K_C_302,0,0,0.095139577,0.13231243,0.98740314,0.16121022,0.00061655009
5iav_MLI_B_302,0,0.62897078,0.098712384,0.11792845,0,0.15867892,0.097443615
5ice_2H4_A_402,0,0.0970456,0.09545835,0.12898296,0.77914328,0.15949114,0
5icf_SAU_A_402,0,0.9098824,0.10153796,0.12244831,0.32372939,0,0
5igs_GMP_A_403,0.97818636,0.27416308,0.10185654,0.12640427,0.99104438,0.17206277,0
5ihe_D5M_A_701,0,0.72990123,0.10001386,0.11864738,2.2519875e-05,0.16210613,0.15688802
5ihe_D5M_B_701,0.56347226,0.67881283,0.10077037,0.11326426,0.00025643383,0.1599718,0.011212512
5ijz_AKG_B_502,0,0.72973612,0.10001715,0.11866609,0.00096094983,0.16212713,0.15722379
5ijz_AKG_C_502,0,0.72990519,0.10001378,0.11864693,0,0.16210563,0.15687996
5ijz_AKG_D_502,0.99187262,0.50486504,0.10265525,0.11936891,0.55462288,0.16871186,0.00075522284
5ijz_AKG_E_502,0.97827861,0.82343947,0.10390827,0.11066893,0,0.16515495,0
5ijz_AKG_H_502,0,0.2490713,0.095923671,0.1242955,0.48527209,0.15710774,0
5in3_G1P_A_416,0.98500283,0.98369825,0.10839298,0.12715156,0.97856571,0.18719831,0.00095174312
5in3_G1P_B_418,0,0.98134431,0.10387052,0.13123318,0.82688479,0.17990822,0.021391389
5ioq_DUR_B_302,0.00010326938,0,0.091781511,0.11581717,0.00038103628,0.14167341,0
5ioq_DUR_B_303,0.94775038,0.81853775,0.10375147,0.11086303,1.3671399e-09,0.16494125,0
5ioq_DUR_C_302,0.76390532,0.79811532,0.10296899,0.11228364,9.8145322e-07,0.16419817,0.012729523
5ip6_6C9_A_301,0.88842373,0,0.098111054,0.12506267,0.90367597,0.16270778,0
5irw_D9P_B_202,0.92073588,1,0.11497734,0.13806222,0.98274255,0.20980428,0.98180725
5ita_6DC_B_801,0.51378784,0.13754132,0.098642708,7.5825496e-34,0.99114931,0.16683292,0
5iuy_BOG_B_503,0.86112427,0,0.0980227,0.12540847,0.91383303,0.16275817,3.6326165e-12
5iuy_BOG_C_503,0.084318658,0.97060563,0.10166685,0.11671819,0.00072106536,0.16440947,1.6136138e-07
5ivg_FPS_A_704,0,0.91136301,0.10076095,0.11739154,0.013631731,0.16286414,0
5ivg_FPS_B_704,0,0.90848534,0.10069639,0.11717178,0.00066076776,0.16255962,0
5ivg_FPS_C_704,0,0.95714237,0.10328542,0.12977321,0.75482214,0.17753746,0
5ivg_FPS_D_704,0,0.94506983,0.10105353,0.11721514,0,0.16338838,0
5j4k_6FZ_A_404,0.98689663,0.96632288,0.11311942,0.13305199,0.84280335,0.20202096,0.77373321
5j5i_6GM_A_302,0.86870557,0.24033824,0.10109759,0.1271246,0.99439326,0.17087523,0
5j5i_6GM_A_303,0,0,0.095116642,0.13242521,0.994948,0.16124139,0
5j5i_6GM_B_302,0.95485162,0.26458028,0.10168751,0.12663098,0.99634598,0.17184687,0
5j5i_6GM_C_302,0.94990699,0.26390875,0.10165586,0.12663712,0.99484226,0.17177981,0
5j5i_6GM_E_302,0,0.0049712488,0.095176529,0.13182193,0.95712634,0.16093464,0
5j5i_6GM_F_303,0.95778132,0.26764162,0.10171442,0.12654522,0.99208838,0.17184484,0
5j5i_6GM_I_302,0.96099703,0.26579368,0.10172802,0.12661168,0.99748265,0.17192427,0
5j5i_6GM_I_303,0,0.72990519,0.10001378,0.11864693,7.1498723e-10,0.16210563,0.15687996
5j61_A3G_A_501,0.98920645,0.98003429,0,0.12633522,0.30661128,0.19719222,0.98098989
5j61_A3G_B_501,0.95025229,0.73264189,0.1053275,0.12003534,0.46672228,0.17514881,0.14456045
5j61_A3G_C_501,0,0.2763198,0.099066502,0.13427304,0.94384045,0.17139652,0.21707787
5j61_A3G_D_501,0.97440373,1,0.11498015,0.13624571,0.8917282,0.20849382,0.98591974
5j61_A3G_E_501,0,0.72990519,0.10001378,0.11864693,0,0.16210563,0.15687996
5j61_A3G_F_501,0,1,0.11099337,0.14381283,0.97041666,0.20494687,0.98028666
5j6y_GLC_A_309,0,0,0.091928691,0.11669376,0.053104879,0.14264182,0
5je1_TOF_A_302,0.0032439393,0,0.094586365,0.13235983,0.9973506,0.1600107,0
5je1_TOF_B_302,0.0033249225,0,0.094585712,0.13235337,0.9969934,0.16000454,0
5je5_AZ9_A_302,0.00041595415,0,0.091781782,0.11580881,0,0.14166797,0
5je7_EVF_B_302,0.99305987,0.27509017,0.10195076,0.12642777,0.99807033,0.17229284,0.00016567211
5jeh_EVF_B_302,0.99037332,0.30287648,0.10202645,0.12558692,0.94396135,0.17184746,0.00064346712
5jep_EVF_B_302,0.99295943,1,0.11544558,0.13803746,0.99872965,0.21084338,0.99859952
5jep_EVF_B_303,0.45918749,0.68044805,0.10359424,0.12507155,0.51415964,0.17486481,0.25419888
5jfx_6K4_A_4000,0.94136716,0.81751283,0.10371869,0.11090362,0,0.16489657,0
5jg5_EVF_B_301,0.992079,0.27544183,0.10194572,0.12641318,0.99679406,0.17227077,0.0001483911
5jj2_MLI_A_302,0.88094184,0.86098166,0.10441409,0.11202592,7.2630691e-05,0.16725452,0.038751625
5jj2_MLI_A_303,0.99342226,0.93313281,0.11219436,0.12842781,0.55265081,0.19658048,0.80087995
5jj2_MLI_A_305,0.024031921,0.2272155,0.094116452,0.1160173,0.001456144,0.14703518,0
5joy_6LW_A_602,0,0.95993939,0.10119959,0.11723787,3.3946291e-05,0.16373095,7.6209818e-06
5joy_6LW_B_602,0.0075773133,0.93147422,0.10095259,0.11714594,5.2882408e-06,0.16311392,5.1831319e-06
5jp9_DCM_A_401,0,0,0.09514728,0.13211657,0.97559846,0.16108446,0
5jp9_DCM_B_401,0.9815708,0.27978435,0.10189401,0.12624092,0.98209601,0.17202775,0
5jtt_6MY_A_902,0,0.76372967,0.1065148,0.14030564,0.99699959,0.19240578,0.63970914
5jtu_6NE_A_902,0,1,0.11117622,0.14441579,0.99640524,0.20579444,0.99643267
5k2c_ZMA_A_1201,0,0.99248909,0.10417945,0.13307248,0.95025355,0.1819414,0
5k5m_68T_A_1003,0.33246179,0.75621499,0.10136726,0.11626009,0.01919026,0.16344559,0.10100998
5kas_PC_A_517,0,0.93784104,0.1009826,0.1172044,0,0.16322222,0
5kcj_6RM_B_302,0,0.13675473,0.095579892,0.1277586,0.70238409,0.1588686,0
5kcj_GLU_A_302,0,0.72990519,0.10001378,0.11864693,0,0.16210563,0.15687996
5kcp_PFB_A_378,0,0.2498406,0.098801974,0.13444072,0.96436567,0.17092911,0.20405932
5kcp_PFB_B_378,0,0.0047642911,0.095175898,0.13182832,0.95752684,0.1609379,1.9108277e-07
5kcp_PFB_B_379,0.91561617,0.78675474,0.10405263,0.11384204,0.14157073,0.16778055,0.03475563
5kf2_COA_A_401,0.91137968,0.93869756,0.10869962,0.12289726,0.46316492,0.18474763,0.36853679
5kjw_53C_A_800,0.94584594,0.98725683,0.10765721,0.1238603,0.7654594,0.18314652,0
5kjw_53C_B_800,0.99900078,0.99665836,0.10583979,0.110849,0.0021873312,0.16960107,0
5kts_CIZ_A_402,0,0.023160639,0.092007267,0.1158459,0,0.14219824,0
5kxb_NGA_A_307,0.98461004,0.91079338,0.11259609,0.12681321,0.33543723,0.19628864,0.98667984
5kxb_NGA_B_305,0,0.91942647,0.10815574,0.13264506,0.32887604,0.1904624,0.94351
5kxb_NGA_D_301,0,0.95943679,0.10846907,0.13255089,0.32640348,0.19109345,0.93289856
5l1u_7PF_A_401,0,0,0.094564007,0.13233049,0.99431735,0.1599388,1.8954547e-06
5l1v_7PF_A_401,0,1,0.11115569,0.14435829,0.99431958,0.20570673,0.9942777
5l7u_NGA_A_601,0.17864294,1,0.11070794,0.14135187,0.99733982,0.2025523,0.81528177
5l7u_NGA_B_601,0.96959322,0.2786352,0.10181958,0.12624386,0.9776628,0.17186164,5.6208175e-05
5l9v_OGA_B_502,0.99753535,0.84530028,0.10449562,0.11084147,0.00045241003,0.16659425,0
5la1_XYP_A_601,0.99594295,0,0.098966497,0.12600104,0.98693706,0.16532015,0.023808841
5la1_XYP_A_602,0.088004989,0.96419172,0.10207265,0.11936807,0.16214341,0.1672503,0.00014619765
5la2_ARB_A_606,0.046580092,0,0.092464492,0.11838844,0.1732959,0.14508312,0
5la2_ARB_B_606,0,0,0.092338647,0.11912625,0.19952281,0.14533259,0
5lqs_NTM_A_302,0.04883897,0.94638099,0.10128841,0.1169779,0.0046690651,0.16374811,0
5lu8_5KN_A_306,0,0.72989898,0.1000139,0.11864764,3.5290489e-05,0.16210642,0.15689259
5lwy_OLB_A_402,0.7943107,0,0.095192383,0.110744,0.0050600677,0.14572386,0
5lwy_OLB_A_403,0,0,0.091780002,0.11581151,0,0.1416659,0
5lwy_OLB_A_404,0,0,0.091780002,0.11581151,2.1533707e-15,0.1416659,0
5lwy_OLB_A_406,0,0.72990518,0.10001378,0.11864694,7.6217506e-08,0.16210563,0.15687999
5lwy_OLB_A_409,0,0.72990519,0.10001378,0.11864693,0,0.16210563,0.15687996
5m0t_AKG_B_302,0.99435051,0.82663501,0.10399998,0.11057139,0.00020001647,0.16529128,0
5m5a_KSA_A_404,0.9903893,1,0.11537819,0.13779478,0.9847279,0.21051546,0.99607813
5m62_BGC_A_409,0,0.72893467,0.10003314,0.1187569,0.005516375,0.16222903,0.15885374
5m66_ADN_B_502,0.99174247,1,0.11526011,0.13773083,0.99594017,0.21020649,0.97330705
5m66_ADN_C_502,0.9892735,1,0.11488467,0.13658887,0.94776885,0.20853594,0.93957345
5m66_ADN_D_502,0.98273753,0.80687371,0.10403058,0.11168239,0.061282038,0.16616841,0
5m8d_UGI_B_501,0.98035145,0.27249408,0.10186439,0.12646211,0.99549744,0.17212291,0
5mdh_MAK_B_335,0.48841866,0.77351682,0.10190326,0.11457842,2.3498881e-07,0.16344353,0.064714256
5mot_HBD_A_401,0.001269066,0.92876472,0.10351713,0.13271772,0.93509195,0.1802044,0
5mot_HBD_A_402,0.94229475,0.90821287,0.10526337,0.11188984,6.188253e-05,0.16906082,0.055735845
5mxh_GAL_A_401,0.11528099,0.92612869,0.11083558,0.14329367,0.9886336,0.20423603,0.98364106
5mxh_GAL_A_402,0.11106635,0.94048845,0.11083762,0.14313974,0.98743605,0.20412823,0.96641087
5mzj_TEP_A_2401,0.99759144,0,0.098787482,0.12559707,0.97845991,0.16462704,0
5n5k_8NW_A_307,0,0.22990184,0.095864997,0.12488656,0.52232736,0.15740827,0
5n5k_HAE_A_306,0.26727682,0.96926924,0.10476274,0.12933266,0.83156046,0.18056061,2.4947079e-07
5n63_8OW_A_401,0.98231541,0.2788666,0.10189566,0.12627141,0.98429197,0.17205382,0
5n8c_8Q8_A_403,0,0.29801985,0.096073492,0.12278625,0.39065277,0.15634035,0
5n8c_8Q8_B_403,0.78343251,0.71663297,0.10470435,0.1215511,0.47305032,0.17483341,0.17830395
5nh9_XLS_A_503,0.78732848,0.77005854,0.10366087,0.11550455,0.17136124,0.16809553,0.069623011
5nh9_XLS_B_503,0,0.68805436,0.10084843,0.12338894,0.23787657,0.16742675,0.2419933
5nh9_XLS_C_504,0.97912871,0.78600857,0.10442632,0.11404011,0.17804614,0.16877045,0.035821732
5nj0_8YW_A_301,0.98833615,0.28264898,0.10194328,0.12617253,0.98039207,0.17208899,0
5njb_BB2_A_502,0.95977064,0.96036736,0.10797219,0.12681108,0.95091423,0.18600613,0
5njb_BB2_C_502,0.96875337,0.95452207,0.10798372,0.12692489,0.96179374,0.18611655,0
5nnw_GCS_D_302,0,0,0.091780023,0.11581163,7.5903389e-06,0.14166603,0
5nov_93B_A_201,0.99570964,0.99266668,0.10651969,0.11521461,0.26403636,0.17430497,0
5nuk_Z80_A_201,0.97926673,0.82359812,0.10391335,0.11066265,0,0.16516187,0
5o3b_9HZ_A_501,0,0.72990519,0.10001378,0.11864693,0,0.16210563,0.15687996
5o3b_9HZ_B_501,0,0.72990519,0.10001378,0.11864693,0,0.16210563,0.15687996
5o3b_9HZ_D_501,7.0236726e-05,0.72991146,0.10001405,0.11864635,0,0.16210582,0.15686671
5o3f_9HT_A_501,0,0.089478254,0.095435188,0.12921629,0.79377123,0.15960978,0
5o3g_9J8_A_501,0,0.048603585,0.095310079,0.1304766,0.87278345,0.16025059,0
5o3g_9J8_B_501,0.19507364,0,0.09518241,0.12978279,0.91711929,0.15949382,0
5o4j_9KH_B_302,0,0.96169539,0.10121802,0.11724785,0.00048254295,0.16377938,0
5o4j_PJL_A_304,0.24224215,0.93433296,0.10198528,0.11563021,7.6158928e-05,0.16435399,7.8432664e-05
5o4k_9KE_A_405,0.94895827,0.81856878,0.10375833,0.11086412,0.00053507212,0.16495757,0
5o72_9MH_A_303,0.96568365,0.82141718,0.10384358,0.11074901,2.3224154e-10,0.16506679,0
5ocm_9RH_A_302,0.0016953332,0.13773267,0.095593035,0.12773344,0.70145434,0.15887986,0
5ocm_9RH_B_302,0.0016603815,0.11694386,0.095529195,0.12837433,0.74162006,0.15920523,0
5ocm_9RH_C_302,0.0016974413,0.72570089,0.10010722,0.11912635,0.024758382,0.16266411,0.16541831
5ocm_9RH_D_302,0.001855516,0.11944429,0.095538016,0.1282978,0.7368972,0.1591691,0
5ocm_9RH_E_302,0.9950276,0.94805926,0.10735033,0.12269594,0.71807757,0.18162031,0
5ocm_9RH_F_302,0.76143858,0.99175557,0.10682084,2.8910695e-59,0.73743566,0.18174608,0
5oew_9TE_B_901,0.98736748,0.50607949,0.10262135,0.11928055,0.54794392,0.16857094,0
5oew_9TE_C_301,0.75081606,0.79694673,0.10291835,0.11239265,3.1051339e-09,0.16416229,0.015199147
5oew_GLU_A_301,0,0.72990519,0.10001378,0.11864693,0,0.16210563,0.15687996
5oew_GLU_B_902,0,0.72990519,0.10001378,0.11864693,0,0.16210563,0.15687996
5oew_GLU_C_302,0,0.72990519,0.10001378,0.11864693,0,0.16210563,0.15687996
5oip_9WE_A_302,0.93587628,0.25842116,0.10155506,0.12676497,0.99749967,0.17164569,0
5oir_9W8_A_302,0.45972074,0.88519895,0.10359925,0.12106572,0.41659568,0.17196294,0
5osf_A9E_A_404,0.94604718,0.98273034,0.10547045,0.11113541,3.9295155e-07,0.16897641,0
5r0j_RBJ_B_401,0,0.94617903,0.10371694,0.13295571,0.94736451,0.18082387,0
5r28_RDJ_A_401,0.9852464,0.97562402,0.10557021,0.11087407,5.437714e-05,0.16901525,0.00024046419
5r9u_JMM_A_401,0.98952802,0.29956444,0.10200219,0.12565448,0.94836922,0.1718425,0
5syi_NIZ_A_805,0.0015552842,0.72860136,0.10004857,0.11879745,0.0082002149,0.16229332,0.15952055
5t3h_BEN_A_302,0.99801722,1,0.11542962,0.13789736,0.99474533,0.21070656,0.99472224
5t63_ALA_C_1,0,0,0.091780002,0.11581151,0,0.1416659,0
5t6b_TMP_A_504,0,0,0.095154618,0.13204266,0.97096432,0.16104687,0
5t6b_TMP_B_504,0,0.023477272,0.095233172,0.13125133,0.92135352,0.16064451,0
5t6b_TMP_C_503,0.98733835,0.34180863,0.10211838,0.1243455,0.86546893,0.17114585,0
5t6b_TMP_D_503,0,0,0.091780006,0.11581153,1.5910565e-06,0.14166592,0
5t85_44G_L_301,0.011390865,0,0.091828773,0.11573786,1.3983781e-05,0.14172301,0
5tbo_78Z_A_1001,0.97538858,0.27695183,0.10184833,0.12631004,0.9840683,0.17197515,0
5tch_MLI_A_301,0.99560524,1,0.11280647,0.13250781,0.88528734,0.20093194,0.65645534
5tch_MLI_B_501,0.99862595,0.81176314,0.10407279,0.11134346,0.049081611,0.16601818,0
5tch_MLI_C_301,0.99645158,1,0.11378359,0.12968916,0.532318,0.20104255,0.94418383
5tch_MLI_D_501,0.99581503,0.82702704,0.10400853,0.11055901,7.6492707e-07,0.16530158,0
5tch_MLI_E_301,0.99810456,0.77965872,0.10466016,0.11479352,0.22376891,0.16984521,0.048600762
5tch_MLI_F_501,0.99787196,0.90786412,0.10934789,0.12012472,0.21282054,0.18417755,0.55652378
5tch_MLI_G_301,0.99705808,0.8127758,0.10879281,0,0.18721962,0.18301682,0.62485001
5tch_MLI_H_501,0.93544723,1,0.11289537,0.13402795,0.93353675,0.20222802,0.687427
5tde_2HP_A_502,0.99540916,0.97430035,0.10765493,0.11704791,0.24861088,0.17816822,0.19945812
5tde_2HP_B_901,0.9961562,0.94388161,0.1147516,0.13732012,0.96861979,0.20877184,0.98793898
5tde_2HP_B_902,0,0.94934669,0.10112222,0.11737795,0.009372456,0.16366054,7.0745561e-05
5tde_FLC_A_501,0.98575395,0.45883749,0.10298315,0.12255712,0.72458447,0.1717685,0.036615954
5tdt_MBN_A_502,0,0.18263659,0.093898694,0.11802045,0.11663416,0.14800723,0
5tdt_MBN_A_503,0.08580802,0.17139023,0.094386783,0.11881991,0.19925902,0.14969548,0
5tdt_MBN_A_504,0.99857112,0.098557181,0.09701919,0.10948165,5.042636e-06,0.14891592,0
5tdt_MBN_D_501,0.088836549,0.99120345,0.11104407,0.14317787,0.99751706,0.20461435,0.93351141
5tdt_MBN_D_502,0.97062039,0.23324648,0.098221247,0.10986293,2.3893224e-06,0.15187219,0
5thu_B3N_A_404,0.83072565,0.80408145,0.1032275,0.11172707,3.0764625e-06,0.16438125,0.00012111356
5thu_B3N_B_404,0,0.72990509,0.10001378,0.11864695,5.6350685e-07,0.16210564,0.15688016
5thu_GGG_B_405,0,0.72990509,0.10001378,0.11864695,5.5683206e-07,0.16210564,0.15688016
5tix_OQR_A_302,0,0.71917703,0.10022774,0.11986252,0.060977967,0.16346966,0.17869816
5tix_OQR_B_302,0,0.9639552,0.10142347,0.11833868,0.065940444,0.16503426,0
5tlg_7EG_A_601,0.98490613,0.27910344,0.10191189,0.12627174,0.98530216,0.17209075,0
5tm5_7EV_A_601,0,0.96033788,0.1039285,0.13340764,0.9733016,0.18162597,0
5tm5_7EV_B_601,0,0.93737523,0.10097803,0.11720371,0,0.16321152,0
5tvr_AKG_A_402,0.99076666,0.82573621,0.10397906,0.1105992,0.00053428109,0.16526426,0
5tvr_AKG_B_402,0.99751272,0.8271732,0.10401846,0.1105573,0.00055039333,0.1653228,0
5u5g_7VD_D_302,0.99126469,1,0.11447276,0.13417249,0.80504719,0.20585306,0.93651939
5u5x_TP5_A_302,0.99792246,0.37660925,0.10228826,0.12330366,0.8041954,0.17076633,0
5u5z_7VP_A_302,0.00020115681,0.72992315,0.10001456,0.11864526,1.7737456e-09,0.16210618,0.156842
5u8z_83D_A_602,0,0.72990519,0.10001378,0.11864693,0,0.16210563,0.15687996
5u8z_83D_B_602,3.3227494e-07,0.72990495,0.10001379,0.11864696,1.5370638e-06,0.16210567,0.15688045
5u8z_83D_C_602,2.5714219e-07,0.72990515,0.10001378,0.11864694,3.5625618e-07,0.16210564,0.15688004
5u8z_83D_D_602,0,0.50011266,0.096692058,0.11655504,4.3888664e-08,0.15317202,0
5uap_82S_A_505,0.042905437,0.95570769,0.10146311,0.11767439,0.043442223,0.16464541,0
5ud0_G3H_B_406,0,0.72990496,0.10001378,0.11864696,1.3249226e-06,0.16210566,0.15688043
5ud3_P6F_A_404,0,0.72843565,0.10004309,0.11881344,0.0083527538,0.16229248,0.15986861
5ud3_P6F_B_404,0,0.78959554,0.10541632,0,0.91866482,0.18781594,0.48846927
5uim_TYD_B_403,0,0.32041538,0.09614204,0.12209572,0.3473614,0.15598924,0
5uio_8DM_A_202,0.98649564,0.96228972,0.10804519,0.12628342,0.92941387,0.1857886,0
5uio_8DM_C_202,0,0.15060142,0.095622274,0.12733166,0.67561793,0.15865151,0
5uio_LG3_A_201,0.9922251,0,0.098802955,0.12585991,0.99218586,0.1648525,0
5uio_LG3_B_201,0.99814409,0.32725675,0.10204052,0.12631363,0.99255094,0.17241077,0
5uio_LG3_C_201,0.9928667,0.99352153,0.10855962,0.12736077,0.99395769,0.18772441,0
5uio_LG3_E_201,0.99610047,0.99514181,0.10858277,0.1273031,0.99160355,0.18773453,0
5uj3_CE4_A_302,0,0.72988211,0.10001424,0.11864955,0.0001311768,0.16210857,0.1569269
5unr_8EV_A_803,0,0.72990421,0.1000138,0.11864705,5.5719371e-06,0.16210576,0.15688195
5unr_8EV_B_803,0.65032883,0.78797355,0.10252962,0.11322977,2.9837856e-06,0.1638871,0.034162398
5unt_8J1_A_803,0.99376867,0.82658775,0.10399658,0.11057186,4.4516273e-06,0.16528393,0
5unt_8J1_B_803,0.95879282,0.82030892,0.1038082,0.11079292,6.0379245e-06,0.16501864,0
5unx_8F1_A_803,0.97968162,0.82366218,0.10391549,0.11066015,8.3994277e-06,0.1651649,0
5unx_8F1_B_803,0.98437922,0.97370697,0.10554591,0.11087348,5.054284e-06,0.16896044,2.2144278e-07
5uo3_8EY_A_803,0.99177634,0.82616094,0.10398494,0.11058433,5.8257169e-06,0.16526671,0
5uo3_8EY_B_804,0.9837912,0.82445404,0.10393831,0.11063418,1.8925637e-06,0.16519759,0
5uo5_M4R_A_803,0.98346452,0.82434637,0.1039364,0.11063777,9.7530062e-05,0.1651959,0
5uo5_M4R_B_803,0.9880854,1,0.11509321,0.13621384,0.88944907,0.20872494,0.99485386
5urz_BOG_B_201,0.69756857,0.76613447,0.10323205,0.11578873,0.14810985,0.16732954,0.07824147
5ut1_7DZ_A_905,0,0.72990519,0.10001378,0.11864693,1.608975e-08,0.16210563,0.15687997
5v31_ARG_A_401,0,0.72990515,0.10001378,0.11864694,2.2027105e-07,0.16210564,0.15688004
5v7y_AKG_B_302,0,0.89361154,0.10617957,0.1258999,0.00034394334,0.18113284,0.825736
5ve5_GSH_B_402,0,0.48849352,0.097133813,0.118416,0.082177041,0.15551438,0.039604597
5ved_STU_A_601,0,0.064956807,0.095470721,0.13036339,0.85965169,0.16052615,0.0078466256
5vjg_0BP_A_403,0.99877021,0.77175123,0.10643262,0.12693042,0.98581697,0.18266367,0.00684306
5vka_AKG_A_402,0.99425499,0.28945423,0.10199954,0.12598014,0.97059111,0.17207517,0
5vl0_BNF_B_404,0.9898405,0.98161095,0.10762337,0.12257768,0.70593462,0.18214245,0
5vl0_BNF_C_404,0.99308429,0.48351041,0.1025865,0.11999328,0.59481012,0.16901447,0
5vl0_BNF_D_404,0,0.98820202,0.10392491,0.13180538,0.87436639,0.18044826,0
5vrj_R07_A_204,0,0.10552175,0.095484294,0.12872162,0.76275858,0.15935825,0
5vut_9OG_A_803,0.93034317,0.81574278,0.10366206,0.11097371,7.835862e-13,0.1648194,0
5vuu_9OJ_A_805,0.0001329821,0.72991706,0.10001429,0.11864583,0,0.162106,0.15685487
5vuu_9OJ_B_803,0.69973667,0.79238578,0.10272075,0.11281814,0,0.16402237,0.024837951
5vv0_9OM_A_803,4.6152954e-10,0.72990519,0.10001378,0.11864693,3.6093483e-13,0.16210563,0.15687996
5vv5_9OJ_A_803,0.06298845,0.73552952,0.10025745,0.11812224,2.1060541e-08,0.16227817,0.14499389
5vyr_B62_B_301,0.97738831,0.96035943,0.10818812,0.12742384,0.99237914,0.18693837,0.0035990669
5vyr_GMP_B_302,0,0.72990485,0.10001379,0.11864697,1.9450684e-06,0.16210567,0.15688066
5vyr_GMP_B_303,0.99858409,0.82747849,0.10402471,0.11054749,0.00035778169,0.16532978,0
5vys_1YJ_A_301,0.99314773,1,0.11538881,0.13786639,0.99217786,0.21059209,0.99284637
5vys_1YJ_B_301,0.98921784,1,0.11518279,0.13707796,0.94978735,0.20955644,0.98250282
5vys_GMP_B_303,0.97877942,0.82256136,0.1039147,0.11071731,0.0031482846,0.16520469,0
5w3k_9TY_A_401,0.99604281,0.9492589,0.10809673,0.1270243,0.97890133,0.18644619,0
5w3k_9TY_B_401,0.26141844,0.95938069,0.10504709,0.13176762,0.97672361,0.18297178,0
5w5t_9X7_A_506,0,0,0.091780002,0.11581151,0,0.1416659,0
5w7b_MYR_B_208,0.98258875,0.7064787,0.10291605,0.11048812,4.7302411e-11,0.16280915,0
5w8q_BU4_B_400,0.025831113,0.995276,0.10892955,0.13773619,0.75891852,0.19591905,0.75503505
5wct_GY4_A_303,0,0.72990519,0.10001378,0.11864693,6.8158649e-10,0.16210563,0.15687996
5wcz_NOJ_A_601,0,0.72990519,0.10001378,0.11864693,0,0.16210563,0.15687996
5wcz_NOJ_B_601,0.9846017,0.79443469,0.10355337,0.11061471,0,0.16432416,0.0046810373
5wgk_AGJ_A_816,0.9639104,0.44817551,0.10230369,0.12099681,0.64658277,0.16911067,0
5wgr_PM7_A_711,0,0.97770217,0.10137374,0.1172636,0,0.16413843,0
5wgv_PM7_A_712,0,0,0.091780002,0.11581151,0,0.1416659,0
5wgv_PM7_A_713,0,0,0.091767739,1.2639029e-31,2.8890057e-05,0.14160215,0
5wgw_MB5_A_714,0,0,0.091780002,0.11581151,0,0.1416659,0
5wgw_MB5_A_715,0.54284463,0,0.094102396,0.11229085,2.5172938e-07,0.14437563,0
5wqp_NCA_A_302,0,0.98082532,0.1014044,0.11726833,5.5159792e-06,0.16421032,0
5x0j_SEP_A_302,0,0,0.091780002,0.11581151,0,0.1416659,0
5x23_LSN_A_503,0,0.72983002,0.10001528,0.11865545,0.00042723731,0.16211519,0.15703283
5x2m_GLN_B_951,0.99257231,0.76106608,0.10349687,0.1105191,0.00088236842,0.1641299,0
5x5d_UMP_B_401,0.96184083,0.26918093,0.10174344,0.12650972,0.99141311,0.17188441,0
5x5d_UMP_C_401,0.73875451,0.20828517,0.1002215,0.12772997,0.98271806,0.16933873,0
5x5d_UMP_D_401,0,0.20316241,0.095783153,0.12571102,0.57401564,0.15782748,0
5x5d_UMP_E_401,0.96373128,0.27019749,0.10175787,0.12648395,0.99051924,0.17189813,0
5x6r_7ZR_A_402,0.87822792,0.96677782,0.10502377,0.11155156,3.095097e-09,0.1682712,0
5x6r_7ZR_B_402,5.6017311e-10,0.96804219,0.10127895,0.11724926,2.2208678e-10,0.1639164,0
5x86_TMP_A_205,0,0.72990519,0.10001378,0.11864693,0,0.16210563,0.15687996
5xdt_MB3_A_404,0.38395684,0.99568175,0.10319287,0.11480052,2.3614621e-05,0.16646873,0
5xdt_ZI7_A_403,0.76888049,0.22927832,0.10046611,0.12717146,0.959208,0.1694823,0
5xh2_NPO_A_305,0.99645798,0.96943591,0.10584586,0.11251061,0.10364469,0.17082718,0
5xin_XLS_A_397,0.99144466,0.82457845,0.10398312,0.11064839,0.0038330375,0.16530934,0
5xin_XLS_C_397,0.95556714,0.7955283,0.10410335,0.11291934,0.11197871,0.16722803,0.016628624
5xj7_87O_A_309,0.94204549,1,0.11420281,0.13499677,0.85377942,0.20584482,0.90779839
5xmq_PLG_A_501,0,0.72990519,0.10001378,0.11864693,0,0.16210563,0.15687996
5xmq_PLG_B_501,2.7062575e-05,1,0.11101982,0.14397511,0.98032854,0.20512437,0.98007759
5xmq_PLG_C_501,0.99155092,0.32666645,0.10209726,0.12482482,0.89712726,0.17144937,4.0833952e-07
5xrv_F6R_A_702,0,0.29914917,0.096078649,0.12275744,0.38875384,0.15633082,0.00012062773
5xvt_8FL_A_709,0.43280237,0.76855079,0.1016881,0.1150417,1.273413e-09,0.16329118,0.075209103
5xvv_AKG_A_508,0,0.72974824,0.10001691,0.11866472,0.00089210218,0.16212559,0.15719916
5xvv_AKG_B_506,0,0.71603141,0.10029047,0.12021894,0.078857365,0.16386961,0.18509549
5xvv_AKG_C_504,0.98379346,0.75896992,0.10499192,0.11711213,0.33409901,0.17227401,0.090777923
5xz7_F6P_A_407,0,0.72829405,0.10004591,0.11882949,0.0091575623,0.16231048,0.16015658
5y1g_AKB_A_401,0.9331461,0,0.098997296,0.12522542,0.85245806,0.16480712,0.12295326
5y7a_KYN_A_502,0.9182321,0.7927022,0.10782067,0.12698479,0.74610367,0.18577251,0.33603053
5y7r_58K_B_403,0,0.72990519,0.10001378,0.11864693,0,0.16210563,0.15687996
5y7r_AKG_B_402,0.99479759,0.95622241,0.10610122,0.11184282,0.00015502519,0.17090492,0.075466545
5yaq_ISE_C_402,0.8109495,1,0.11329962,0.13479496,0.81138986,0.20365979,0.87499586
5yaq_ISE_D_402,0,0,0.095098073,0.13281876,0.96639665,0.16148327,0.08979739
5yb7_ORN_A_602,0.98493186,0.8154719,0.10397873,0.11111273,0.029678287,0.16563737,0
5yb7_ORN_A_603,0.98024333,0.82368695,0.10391864,0.1106601,0.0002232725,0.16517198,0
5yb7_ORN_B_602,0,0.70748146,0.10046099,0.12118771,0.12745456,0.16495669,0.2024838
5yb7_ORN_C_602,0.985926,0.80584386,0.10406913,0.11180478,0.068753855,0.16634428,0
5yb7_ORN_C_603,0,0.72990519,0.10001378,0.11864693,8.4247704e-09,0.16210563,0.15687996
5ybl_AKG_A_302,0.00032760129,0.72993444,0.10001505,0.11864421,0,0.16210653,0.15681814
5ybl_AKG_C_302,0.9948874,0.82659164,0.10400313,0.11057452,0.00060066452,0.16530069,0
5ybp_AKG_A_302,0.99764391,0.27981521,0.10199117,0.12629032,0.99128515,0.17228352,5.9948306e-05
5ybp_AKG_B_302,0,0.36613255,0.10067945,0.13623497,0.99382219,0.17642455,0.31201769
5ybq_8T0_A_303,0.94937369,0.26675238,0.10166137,0.12654787,0.98904324,0.17172686,0
5ybq_8T0_B_303,0,0.30254906,0.096087355,0.12264659,0.38189765,0.15626934,0
5ybq_AKG_A_302,0.99649565,0.82707809,0.10401251,0.11055863,0.00024023266,0.16531032,0
5ybq_AKG_B_302,0,0.72983297,0.10001522,0.11865512,0.0004105101,0.16211481,0.15702684
5yfj_RUB_A_401,0.8848409,1,0.11360963,0.1348127,0.85270405,0.20437858,0.85713375
5yfj_RUB_B_401,0,1,0.1095043,0.14018125,0.86307711,0.19897996,0.80597813
5yfj_RUB_C_401,0,1,0.10961774,0.13978118,0.81605438,0.19893949,0.84191633
5ykt_PMP_A_501,0.99034576,0.99035337,0.11276961,0.12365437,0.1512955,0.19437167,0.96964837
5ykt_PMP_B_501,0.99295307,0.79705052,0.1042842,0.11281369,0.12230085,0.16756134,0.013267116
5ylf_BGC_A_401,0,0.95010361,0.10125734,0.11770539,0.0197927,0.16420051,0.014519174
5ysh_5AD_D_605,0.21274926,0.98677077,0.10237974,0.11593783,0.0024414504,0.16545373,0
5ysh_5AD_G_605,0.99857816,0.98270107,0.10570216,0.11083779,0.0025956571,0.16928565,0
5ysh_5AD_J_605,0.21831849,0.98087692,0.10254835,0.1170952,0.074807582,0.16667595,0
5z54_0HZ_A_303,0.19287987,0.9839039,0.10503523,0.13249023,0.99127067,0.18346066,0
5z54_0HZ_B_303,0,0,0.094565759,0.13234095,0.99494768,0.15995035,0
5z54_0HZ_C_303,0.9675157,0.97021343,0.10647533,0.11712394,0.36996428,0.17559481,0
5z54_0HZ_D_303,0.98743691,0,0.098731554,0.12558885,0.97400102,0.16449441,0
5z9b_AX7_A_304,0.99593375,0.80860483,0.10407061,0.11150983,0.058139927,0.16613427,0
5z9b_HX3_A_303,0.97892104,0.99146747,0.10569908,0.11094857,0.00080650781,0.16935615,0
5z9b_HX3_B_303,0.97160376,0.98667353,0.10561975,0.11098309,0.00045624252,0.169203,0
5z9p_AX7_A_301,0.99849684,0,0.096740283,0.11342105,0.24590882,0.15116925,0
5z9p_AX7_B_301,0.99588736,0,0.098745527,0.12540244,0.96607933,0.16439101,0
5zg2_9C0_A_902,0.99541605,0.82689961,0.1040062,0.11056323,0.00010728631,0.1652994,0
5zg2_ZK1_B_901,0,0,0.095140678,0.13218308,0.979768,0.16111827,0
5zge_ZZ7_A_301,0.37748873,0.93609056,0.10549224,0.13109214,0.96338292,0.18349145,0.031455512
5zge_ZZ7_B_302,0,0.90970714,0.10338928,0.13308084,0.95815713,0.18018391,3.3937472e-07
5zgr_ZZ7_A_303,0.53211402,0.94264671,0.10624043,0.13016204,0.96568782,0.18450974,0.033785488
5zgr_ZZ7_B_303,0.99201471,0.93892784,0.10584127,0.11171145,0,0.17022883,0.064346409
5zi4_OAA_B_401,0.46207415,0.94449702,0.10302478,0.11421753,1.6949924e-06,0.16568187,3.5866236e-06
5zpt_HY1_A_702,0.0056048982,0.21693053,0.095858849,0.12530302,0.5505773,0.15769958,0
5zpt_HY1_B_703,0.98684521,0.29997166,0.10198737,0.12563402,0.94606189,0.17179402,0
6a1f_9OF_A_807,0.97926501,0.27057541,0.10185202,0.12651807,0.99859068,0.17213594,0
6a1l_BEZ_A_403,0.99315221,0.9676315,0.10819384,0.1266502,0.9536112,0.18638933,1.832623e-06
6a1l_BEZ_A_404,0.98537155,0.99620122,0.10998499,0.12457106,0.58055684,0.18885105,0.37966528
6a2m_9QR_A_701,0,0.72990518,0.10001378,0.11864694,3.3245888e-08,0.16210563,0.15687997
6a2m_UMP_B_703,0.97735796,0.27769376,0.10186239,0.12629297,0.98375005,0.17199442,0
6a2n_9QR_A_701,3.0441704e-09,0.72990519,0.10001378,0.11864693,1.6686715e-08,0.16210563,0.15687997
6a2n_UMP_A_703,0.98025962,0.27843098,0.10188202,0.12627879,0.98396917,0.17202839,0
6a3j_SOE_A_402,0.0089691686,1,0.11106572,0.14394083,0.98129301,0.20520336,0.98080315
6a3j_SOE_B_401,0,1,0.11101289,0.14396615,0.98044686,0.20510243,0.97903093
6a3j_SOE_C_402,0.99701948,1,0.11539719,0.13771973,0.98330113,0.2105043,0.99529092
6a3j_SOE_D_401,0,1,0.11103346,0.144012,0.98157698,0.20518169,0.98158381
6a6s_FSA_A_502,0,0.96672292,0.10126842,0.1172511,4.2923524e-06,0.16389423,0.00035245064
6a7e_9QR_A_201,0,0.1947949,0.095757794,0.12596991,0.59023253,0.15795988,1.7912526e-05
6ald_2FP_A_700,0,0.72990481,0.10001379,0.11864698,2.1624969e-06,0.16210568,0.15688073
6ald_2FP_B_700,0,0.7299046,0.10001379,0.118647,3.3368578e-06,0.16210571,0.15688115
6auq_BYJ_A_803,0.81040098,0.8022502,0.1031492,0.11189823,9.6432322e-05,0.16432767,0.0039898302
6auq_BYJ_B_803,0.98728891,0.82520029,0.10395873,0.1106124,7.2020778e-06,0.16522791,0
6av2_BY7_B_803,0.64943977,0.78789469,0.10252617,0.11323711,1.4010208e-12,0.1638846,0.034329098
6axu_BTM_A_401,0.98361336,0.806463,0.10404372,0.11173049,0.064060977,0.16623297,0
6ayv_F6P_A_401,0,1,0.11020808,0.14271614,0.98057571,0.20239884,0.86093906
6ayv_F6P_B_401,0.97666965,1,0.11375601,0.1335062,0.82597896,0.20376895,0.83195777
6ayv_MLI_A_409,0,0.96546027,0.10723818,0.12655229,0,0.18396954,0.87773787
6b5k_TYD_A_304,0.94791251,0.81856297,0.10375231,0.11086205,2.6706697e-06,0.16494243,0
6b5k_TYD_B_304,0.97336789,0.82265021,0.10388305,0.1107002,2.5534735e-06,0.16512061,0
6b6r_BEN_A_302,0.99817632,1,0.1154314,0.1378991,0.9948327,0.21071183,0.99484727
6b83_6NA_B_201,0.99297664,0.89047247,0.10518753,0.11145554,0.0086406301,0.16858444,0.035178081
6b9p_D0J_B_1001,0.17947829,0,0.092547844,0.11464748,1.8128942e-08,0.1425618,0
6ba2_7KM_A_809,0.99141067,0.82608501,0.10398281,0.11058652,4.6528061e-10,0.16526348,0
6bds_DJ4_A_302,0.86628976,0.80725756,0.10336507,0.11143076,0,0.1644786,0
6bds_DJ4_A_303,2.6134336e-05,0.72990744,0.10001388,0.11864673,4.4369736e-07,0.16210571,0.15687519
6bkk_308_B_101,0.99665064,0.99379357,0.10647813,0.11487409,0.24380635,0.1739638,0
6bmm_OLB_A_404,0,0.72611941,0,0.11861175,2.8375525e-13,0.16195214,0.15431583
6bmm_OLB_B_404,0.41789111,0.76721934,0.10163042,0.11516591,0,0.16325033,0.078022893
6bqx_9AG_A_201,0.99148885,0.90934025,0.10540924,0.11145407,1.9870696e-06,0.16907748,0.044404896
6br1_E3Y_B_505,0,0.72583577,0.10009494,0.11910803,0.023130243,0.16262304,0.16515607
6btn_E8M_A_304,0,0.69058628,0.10079794,0.12310206,0.22348533,0.16710483,0.23684405
6btq_E8S_A_305,0,0.7297793,0.10001629,0.1186612,0.00071552896,0.16212164,0.15713598
6bxk_MTA_A_401,0.95733431,0.81893306,0.10380529,0.11086362,0.0037558768,0.1650635,0
6bxk_MTA_B_401,0.99068009,0.80266274,0.10415943,0.11217372,0.089247854,0.16681574,0.0018695189
6c17_DNX_A_202,0.0062003955,0.7158989,0.10032814,0.12024503,0.082757418,0.16397384,0.18532092
6c1i_EEY_A_501,0.9899883,0.28197021,0.10195109,0.12619833,0.98264032,0.17212555,0
6c1i_EEY_B_501,0.99469493,0.82678769,0.10400199,0.110566,3.5019191e-10,0.16529189,0
6c1i_KNA_A_502,0.00045524375,0.98234471,0.10385708,0.12105559,3.1599622e-09,0.17243356,0.33705131
6c1x_DNX_A_203,0,0.9296904,0.10363604,0.13341122,0.97625687,0.18097584,0
6cdy_EY1_B_501,0,0,0.092072816,0.11754893,0.10458001,0.14358779,0
6cgc_F0A_A_402,0.72459197,0,0.095012112,0.11189633,0.047204281,0.14615034,0
6cgc_F0A_B_402,0.96937185,0.28007421,0.10182186,0.12619604,0.97462333,0.17183179,0
6cqu_HI6_A_601,0,0.72958711,0.10002012,0.11868297,0.0018079118,0.16214607,0.15752684
6cqu_HI6_B_601,0,0.70614844,0.10048757,0.12133875,0.13503135,0.16512618,0.20519481
6cut_FEJ_A_401,0,1,0.11089744,0.14364774,0.96912011,0.20461282,0.96674825
6cut_FEJ_B_401,0,1,0.11093518,0.14372538,0.97066546,0.20475352,0.97164883
6cut_FEJ_C_401,0.95382874,0.93209002,0.11448521,0.13786321,0.98810039,0.20856637,0.98439731
6cut_FEJ_D_401,0,1,0.11097251,0.14396798,0.98571921,0.20501397,0.97094206
6dl7_ONC_A_301,0.9216076,0.34666574,0.10162126,0.1236156,0.80113347,0,0
6dl7_ONC_B_301,0,0.058328448,0.095339845,0.13017675,0.85398494,0.16009813,0
6dl7_ONC_D_301,0,0,0.095144677,0.1321428,0.97724254,0.16109779,0
6dl7_ONC_E_301,0.86878442,0.24079079,0.10109944,0.12711088,0.99356315,0.17086938,0
6dl7_ONC_F_301,0.93854984,0.81706047,0.10370421,0.11092153,0,0.16487685,0
6dl7_ONC_G_301,2.3043627e-07,0.72990521,0.10001378,0.11864693,0,0.16210563,0.15687992
6dqt_LEU_B_1,0.99303874,0.9205872,0.10557702,0.11153968,0,0.1695144,0.051653399
6dyt_F0G_A_503,0.99150775,0.34518608,0.10215371,0.12425376,0.86130837,0.17115848,2.3928733e-06
6dyt_PP3_B_1501,0.97243767,0.82250163,0.10387827,0.11070607,0,0.16511407,0
6e2w_DP6_A_403,0.98644199,0.2902999,0.10196599,0.12596864,0.96630616,0.17199047,0.00075448676
6e40_BBJ_A_502,0.96757395,0.82172023,0.10385329,0.11073702,1.5178846e-06,0.16508004,0
6e40_BBJ_B_502,0,0.72990503,0.10001378,0.11864695,9.0146057e-07,0.16210565,0.15688028
6e40_BBJ_D_502,0,0.72990517,0.10001378,0.11864694,9.9077512e-08,0.16210563,0.15688
6e43_BEZ_A_502,0.99782941,0.41064228,0.10386421,0.12746001,0.9843882,0.17731332,0.10446788
6e43_BEZ_B_502,0.99747155,0.36419371,0.10319662,0.12704088,0.98653016,0.1755189,0.067339126
6e43_BEZ_D_502,0.99779232,0.43590111,0.10424654,0.12776037,0.9865475,0.17838495,0.12612577
6e8i_PTR_A_201,0.97849353,0,0.096576143,0.11308463,0.21785012,0.15055376,0
6f2b_AKG_A_402,0,0.99984368,0.10896249,0.13912478,0.82883501,0.19700137,0.76210396
6f2b_AKG_C_402,0.71480457,0.8351685,0.10732009,0.35428335,1.6155747e-09,0.17888327,0.62510664
6f2v_AMP_A_1001,0,0.72310961,0.10014931,0.11941692,0.03862551,0.16296965,0.17070035
6f2v_AMP_B_1001,0,0.03431008,0.095266329,0.13091731,0.90041331,0.16047468,0
6f3s_CKW_A_902,0.99020573,0.51078088,0.10265274,0.11914396,0.54046421,0.16854177,0
6f66_CUT_A_300,0.99597963,0.98986534,0.10853205,0.12730541,0.99216737,0.18762301,0
6f6a_CU5_A_301,0.01624386,0.73135473,0.10007664,0.11851173,5.0960845e-06,0.16215024,0.15381653
6f6a_CU5_B_301,0.90033323,1,0.11502403,0.13856617,0.99606021,0.21027215,0.99598924
6f76_CVK_A_203,0,0.38187207,0.096330147,0.1202008,0.22856339,0.15502575,0
6f76_CVK_B_203,0.48931418,0.77359682,0.10190672,0.11457096,2.4457992e-09,0.16344598,0.064545187
6f76_CVK_C_203,0.98460263,0.82462839,0.10394304,0.11062907,0,0.16520458,0
6f76_CVK_F_203,0,0.69123833,0.10078493,0.12302818,0.21977916,0.16702192,0.23551797
6f77_PLP_A_600,0,0.72990519,0.10001378,0.11864693,0,0.16210563,0.15687996
6f77_PLP_D_600,0,0,0.095134103,0.13224931,0.98392027,0.16115195,0
6f7r_CIT_A_1002,0.89067245,0.75417363,0.1045615,0.11748914,0.31409942,0.17157155,0.10119414
6f7r_CIT_A_1003,0.84794682,0.80351045,0.10333618,0.11182254,0.011988733,0.16469653,0.0011599603
6fa1_D2Z_A_203,0.0022376178,0.7693485,0.10076154,0.11915212,1.0133335e-11,0.16414188,0.19212314
6fa1_D2Z_B_203,0.13906551,0.98597812,0.10204989,0.11637398,2.1235065e-07,0.16502284,0
6fa1_D2Z_F_203,0.07383777,0,0.092095894,0.11533262,5.9615987e-11,0.14203447,0
6fgv_D9T_A_1901,0.93222785,0.8918838,0.10512462,0.11230248,0.022185131,0.16905057,0.057212242
6fjj_LSA_A_302,0.99771514,0.97872173,0.10841446,0.12652557,0.93281075,0.18679058,0.022076591
6fld_DQ5_A_604,0,0.72990519,0.10001378,0.11864693,0,0.16210563,0.15687996
6fld_NAG_A_601,0,0.729905,0.10001378,0.11864696,1.0459528e-06,0.16210565,0.15688033
6fld_NAG_A_602,0.60495081,0.71453914,0.10137954,0.1129493,2.2550837e-08,0.16110937,4.359441e-07
6fld_NAG_A_603,0,0.72990519,0.10001378,0.11864693,3.643899e-10,0.16210563,0.15687996
6flu_DTK_A_401,0.15435641,0.74368785,0.10061092,0.11736116,3.7168075e-07,0.16252846,0.12775266
6flu_DTK_A_402,0,0.94189285,0.10268287,0.11979277,4.0045066e-07,0.1688959,0.24354271
6flu_DTK_A_403,0.92117095,0.81426982,0.10361495,0.11103204,7.9429325e-07,0.16475521,0
6flu_DTK_A_406,0.98205729,0.99025352,0.10867975,0.12774228,0.99458142,0.18826784,0.028848672
6flu_DTK_B_406,0.11624599,0.74028492,0.10046349,0.11767861,3.4084104e-07,0.16242406,0.13494418
6fs7_E4Z_A_903,0,0.00071009107,0.095163486,0.13195332,0.96536331,0.16100145,0
6fs7_E4Z_B_903,0,0,0.095007221,0.13199487,0.97425128,0,0
6fs7_E4Z_E_903,0,0.72989123,0.10001406,0.11864852,7.9319298e-05,0.16210741,0.15690834
6fs7_E4Z_F_903,0.00056997011,0,0.095152905,0.13209596,0.97452401,0.16108207,0
6fw0_E92_A_602,0.54614392,0.14728526,0.098881702,0.12904324,0.99149301,0.16727287,0
6fw0_E92_B_602,0.98620506,0.27649629,0.10191169,0.12635596,0.9910779,0.17215201,0
6g3f_FUM_A_601,0.97490132,0.81750397,0.10391258,0.11098054,0.017714108,0.16539146,0
6g5q_EMZ_A_401,0.97669323,0.82318491,0.10390013,0.11067901,1.4772679e-09,0.16514385,0
6gck_EUB_A_302,0.82353599,0.80336902,0.10320109,0.11179494,0.00040353673,0.16437052,0.0016211053
6gck_EUB_B_302,0.98790333,0.9764824,0.10635519,4.6192792e-38,2.1236478e-05,0.17159728,0.089014533
6gck_EUB_C_302,0.99039091,0.82559035,0.10397687,0.11060424,0.00070002957,0.16526298,0
6gck_EUB_D_302,0.99379371,0.8265131,0.10399673,0.11057498,0.00020704967,0.16528655,0
6gl4_GLU_A_301,0,0.72990519,0.10001378,0.11864693,0,0.16210563,0.15687996
6gl4_GLU_B_301,0,0.72990519,0.10001378,0.11864693,0,0.16210563,0.15687996
6gnf_GLC_B_602,0.98433106,0.27558825,0.10191554,0.12644155,0.99475402,0.1722227,0.0012664955
6gpn_OGA_B_402,0.99673849,0.82722492,0.10401392,0.11055323,2.5254973e-10,0.16530956,0
6gqk_F88_A_1001,0.9841873,0.2763987,0.10189931,0.12635302,0.99012321,0.17212188,0
6gqk_F88_B_1001,0.99052505,0.31401543,0.10205239,0.12521185,0.9209999,0.17163158,0
6gxk_FFW_A_402,0.98787049,0.8251593,0.10396214,0.11061555,0.00042606784,0.16523792,0
6gxk_FFW_B_402,0.99106229,0.82577932,0.10398079,0.11059818,0.00058527566,0.16526742,0
6h8p_OGA_A_504,0,0.72990519,0.10001378,0.11864693,0,0.16210563,0.15687996
6hgl_TES_A_401,0.97795019,0,0.098751719,0.12601085,0.99569856,0.1648458,0
6hl7_CP_A_401,0.99479686,0.9671758,0.10625979,0.11193669,3.3135942e-06,0.17132702,0.082828058
6hl7_CP_C_401,0.92243022,0.90433662,0.10516658,0.11207971,0.0021838172,0.16897973,0.058946721
6hl9_SIN_A_402,0,0.72941936,0.10002347,0.11870198,0.0027613893,0.1621674,0.157868
6hl9_SIN_B_402,0.98131883,0.82371938,0.10392473,0.1106608,0.00068395039,0.16518628,0
6hmw_FUL_A_203,0.99471794,0.97812596,0.11256544,1.6394961e-50,0.050537344,0.19283933,0.99782233
6hmw_FUL_C_203,0.73038698,0.79512259,0.10283932,0.11256282,3.7350092e-10,0.16410633,0.019054163
6hmw_FUL_D_204,0.98560724,0.8241454,0.10394896,0.11065142,0.0017671826,0.16523428,0
6hmw_FUL_E_204,0.96679926,0.80638284,0.10395033,0.11170952,0.055983019,0.16600622,0
6hmw_FUL_F_202,0.98868244,1,0.11539396,0.13796955,0.9951536,0.210678,0.99518184
6hmw_FUL_G_202,0.90053132,1,0.11502529,0.13856551,0.99605811,0.21027451,0.99605066
6hmw_FUL_J_201,0.98788541,0.81222442,0.10400885,0.11129416,0.041902257,0.16583757,0
6hnz_GH5_A_301,0.97526871,1,0.11517166,0.13755832,0.97543327,0.20987995,0.97909173
6ho7_GHQ_A_301,0,0.99041379,0.99683635,0.14467882,0.98730573,0.98744015,0.98717229
6hpx_GKQ_A_205,0.95569734,0.98627814,0.10643465,0.11245917,5.2846481e-12,0.17209077,0.10537706
6hqr_3DM_A_502,0.99658488,0.9589593,0.1081466,0.12675258,0.96189051,0.18635925,0
6hsg_GM5_A_504,0,0.72990451,0.10001379,0.11864701,3.8754286e-06,0.16210572,0.15688135
6hsg_GM5_B_504,0.99615439,0.75170646,0.10520661,0.11795723,0.38165738,0.17337171,0.10546199
6hsg_GM5_C_504,0,0.72990519,0.10001378,0.11864693,1.5175612e-08,0.16210563,0.15687997
6hsg_GM5_D_504,0,0.18287303,0.095721051,0.12633661,0.61323574,0.15814557,0
6i4b_E2N_A_603,0.99096788,0.80876909,0.10404054,0.11148708,0.054876931,0.16604969,0
6i4b_E2N_B_603,7.2887036e-08,0.72204374,0.10017056,0.1195377,0.044683861,0.16310517,0.17286804
6i4b_ORO_A_602,0.2092047,0.74857507,0.10082331,0.11690543,5.8732403e-05,0.16268001,0.11742354
6i4b_ORO_B_602,0.0075869235,0.73057144,0.10004335,0.118585,6.3670224e-05,0.16212784,0.15547107
6i6r_H62_A_704,0.92511346,0.45172387,0.1025945,0.12258417,0.7033315,0.17091003,0.036343028
6ijp_IMP_A_402,0,0,0.094543988,0.13221177,0.98717209,0.15980745,0
6ix8_B3O_A_408,0,0,0.094568371,0.13235644,0.99588047,0.15996749,0
6ix8_B3O_B_408,0.99101666,0,0.098740226,0.12552622,0.97162843,0.16446868,0
6j4t_IMP_A_401,0,0.72990519,0.10001378,0.11864693,0,0.16210563,0.15687996
6jc7_F0G_A_601,0.99311049,0.82643764,0.10399273,0.11057635,2.7980336e-05,0.16527851,0
6jc7_F0G_D_601,0.9843174,0.82456549,0.10394138,0.11063093,4.752329e-06,0.16520217,0
6jk9_BU0_A_501,0,0.72989874,0.10001391,0.11864767,3.6679374e-05,0.16210645,0.15689308
6jk9_BU0_B_501,0,0,0.095121889,0.13237236,0.9916343,0.16121451,0
6jmd_BVO_A_408,0.99417619,0.27573197,0.10195707,0.12640301,0.99707209,0.17228906,0
6jmd_ORO_A_402,0.013339302,0.86529912,0.10304972,0.13316055,0.97213268,0.1794866,0
6jme_BVU_A_409,0.99346171,0.27627452,0.10195445,0.12638418,0.99561846,0.17226935,0
6jme_ORO_A_402,0,0.85171822,0.10195491,0.11990353,6.2110735e-05,0.16735098,0.2485778
6jq8_CIT_A_302,0.99450081,0.82673135,0.10400085,0.11056782,3.749705e-05,0.16529065,0
6jws_PT1_A_801,0.99481599,0.27997618,0.10197389,0.12627404,0.98923041,0.17223256,0
6jws_PT1_B_801,0.99679335,0.27780102,0.10197907,0.12634693,0.9945555,0.17229769,0
6jwy_PH2_A_802,0.9927468,0,0.098755372,0.12556095,0.97439447,0.16452814,0
6jx9_CQC_A_501,0,0.72458701,0.10011984,0.11924952,0.030228069,0.16278181,0.1676957
6jyg_FLC_B_401,0.95031269,0.48060277,0.10253524,0.12071252,0.61190516,0.16941685,0.01516299
6jyg_FLC_C_401,0.99005395,0.81714133,0.10400164,0.11103459,0.026896269,0.16563237,0
6jyg_FLC_E_401,0,0.67280966,0.10115246,0.12511628,0.32452613,0.16936503,0.27299692
6jyg_FLC_E_402,0.0017093796,0.73005747,0.1000204,0.11863274,1.9979184e-06,0.16211036,0.15655811
6jz4_EVA_A_701,0.97526108,0.81630901,0.10391946,0.11104565,0.021828691,0.1654544,0
6jz4_EVA_B_701,0.97516707,0.54291179,0.10134582,0.11068763,0.023728291,0.16164414,0
6jz6_CKX_B_701,0.85205996,0.96911284,0.11440173,0.13849325,0.98261223,0.20882189,0.98498229
6jzh_ZMA_A_2002,0.94377523,0.81789948,0.10373105,0.11088831,2.2099096e-09,0.16491343,0
6k92_GT0_A_802,0.99321628,1,0.11519105,0.13732538,0.97320732,0.20975669,0.97158807
6k92_GT0_B_602,0.99388675,0.31996529,0.10214392,0.12522637,0.92029185,0.1718469,0.003774098
6krs_CIT_B_301,0.016753714,0.72855029,0.10013545,0.1188304,0.016204057,0.162514,0.15951638
6krs_CIT_D_301,0,0.68114447,0.10098624,0.12417189,0.27715179,0.1683053,0.25604616
6krs_CIT_F_301,0,0.72834757,0.10004484,0.11882342,0.0088533478,0.16230367,0.16004773
6krs_CIT_G_301,0,0.69380605,0.10073372,0.12273724,0.20518446,0.16669545,0.23029591
6krs_CIT_H_301,0.015301673,0.72861231,0.10012601,0.11882078,0.015114598,0.16248565,0.15940057
6krs_CIT_I_301,0.014972373,1,0.10915579,0.13737338,0.69429343,0.19615457,0.81477041
6krs_CIT_J_301,0.015352468,0.72875255,0.1001235,0.11880498,0.014343283,0.16246853,0.15911501
6kxh_DY9_A_401,0,0,0.09511431,0.1324487,0.99642073,0.16125333,0
6kxh_DY9_B_402,0.024699116,0,0,0.13230768,0.99782159,0.16145322,0
6kxh_DY9_C_402,0.025170642,0.73212842,0.10011164,0.11844002,0.00013810416,0.16217767,0.15217961
6kxh_DY9_D_402,0.99606636,0.82708111,0.10401,0.11055743,0,0.16530375,0
6l59_CIT_B_403,0,0.72263682,0.10015874,0.1194705,0.041312805,0.16302977,0.17166187
6l68_ALL_A_201,0,0,0.0066050463,0.14056004,0.90275732,0.17930641,0.92053352
6l68_ALL_A_202,0.00076258625,0,0.092469628,0.11987913,0.24513817,0.14617468,0
6l7v_3PO_A_302,0,0.90889819,0.10212923,0.1256421,0.51030105,0.17194112,0.00027034254
6l86_LMR_A_302,0,0.72886329,0.10003456,0.11876499,0.0059220457,0.1622381,0.1589989
6l86_LMR_C_302,0.0034258343,0.017851159,0.09529491,0.13164156,0.94393725,0.16106761,0.0041471852
6l86_LMR_D_302,0.95079546,0.78801306,0.10422628,0.11376235,0.15227293,0.16811631,0.031946511
6l86_MLT_A_303,0,0.72884904,0.10003484,0.1187666,0.0060030823,0.16223992,0.15902789
6l8a_BAL_C_504,0.97370188,0.9793028,0.11144477,0.12259206,0.20245014,0.19064463,0.78067883
6l8a_BAL_D_507,0.99811306,0.9740703,0.10619306,0.11419669,0.20411744,0.17283321,0.0019563319
6lit_2OH_A_501,0.99498036,0.27744937,0.10196714,0.12635243,0.99420795,0.17227476,0
6lit_2OH_B_501,0.99754227,0.27816315,0.10198466,0.12633797,0.99427985,0.17230377,0
6lj7_EFR_A_301,0.95921318,0.93139768,0.10564536,0.11194199,4.1916056e-05,0.16995393,0.067304219
6lql_F0C_A_702,0.9818878,0.82404738,0.10392719,0.11064605,4.1876293e-07,0.1651811,0
6lx5_C5F_A_503,4.578077e-07,0.70164242,0.10057744,0.12184932,0.16064342,0.1656991,0.21435884
6lx5_C5F_B_501,0.99204312,0.33354228,0.10212124,0.12461424,0.88411398,0.17134927,0
6lx5_C5F_B_502,5.4205958e-07,0.83880029,0.10031505,0.11886281,0.10867837,0.16294298,0
6ly4_TES_A_501,0.99030392,0.28016352,0.10194745,0.12625496,0.98631157,0.17215883,0
6m5m_NAG_A_202,0.00024894146,0.96336168,0.10799983,0.12776315,6.1126849e-05,0.18654841,0.99228549
6m5m_NAG_B_202,0,1,0.1103884,0.14139128,0.84963001,0.20183057,0.94115924
6m92_J8V_A_601,0,0.91713175,0.10105563,0.11881272,0.098659851,0.16455932,0
6m9b_BTN_A_201,0.9921411,0.27663911,0.10194766,0.12636905,0.99416538,0.17224291,0
6m9b_BTN_B_201,0,0,0.094977872,0.1322893,0.99271549,0,0
6m9b_BTN_D_201,0.99366944,0.27868359,0.10196307,0.12631051,0.99107935,0.17223484,0
6mae_JBA_A_301,0.96698926,0.2818026,0.10181289,0.12613572,0.96993224,0.17176731,0
6md2_GW9_A_501,0.98498776,0.82405409,0.10392696,0,3.7605267e-07,0.16513097,0
6mnh_JVD_A_301,0.99653529,0,0.098789834,0.12564469,0.98091392,0.16466687,0
6mry_FLC_A_101,0.98769566,0.96231771,0.10757552,0.11434339,0.016340912,0.17601055,0.30527774
6mry_FLC_B_101,0.81909782,0.76706195,0.11173972,0.135531,0.8163096,0.2007126,0.97431607
6mry_FLC_C_102,0.76872413,0.76214548,0.10537289,0.12817486,0.96441395,0.18116553,0.018377331
6mry_FLC_I_102,0,0.29354884,0.096525546,0.1249733,0.47518284,0.15894242,0.086494691
6mwl_K5G_A_301,0,0.98274612,0.10275495,0.12517295,0.47563187,0.1729952,0
6mwl_K5G_B_301,0.98814662,0.97405846,0.10719124,0.12049611,0.58065383,0.17965808,0
6n0z_DP6_A_401,0,1,0.11051079,0.14305809,0.97007,0.20332192,0.90964942
6n0z_DP6_E_401,0.97835863,0.61528768,0.10636177,0.12812112,0.90992776,0.18336061,0.24550605
6n0z_DP6_F_401,0,0.72990519,0.10001378,0.11864693,0,0.16210563,0.15687996
6n9r_OHN_A_303,0,0.72990519,0.10001378,0.11864693,0,0.16210563,0.15687996
6n9r_OHN_P_308,0,0.2845567,0.096032284,0.12320136,0.41667752,0.15655142,0
6n9r_OHN_X_305,0,0.72990519,0.10001378,0.11864693,0,0.16210563,0.15687996
6nba_P1T_A_501,0,0,0.095136427,0.1322259,0.98245257,0.16114005,0
6nba_P1T_C_501,0.98408643,0.27740869,0.10190183,0.1263217,0.98811926,0.17210462,2.3587361e-06
6nbw_LAB_A_403,0,0,0.095112615,0.13246578,0.99749101,0.16126201,0
6ncx_ADA_A_601,0,0.72978378,0.1000162,0.11866069,0.00069010586,0.16212107,0.15712688
6ncx_ADA_B_601,0,0.72974372,0.100017,0.11866523,0.00091774808,0.16212616,0.15720833
6ncx_ADA_C_601,0,0.72973978,0.10001708,0.11866568,0.00094015983,0.16212666,0.15721635
6ncx_ADA_D_601,0,0.72971914,0.10001749,0.11866802,0.00105751,0.16212929,0.15725834
6ng5_KMD_A_803,0.80596235,0.78664171,0.10289065,0.11173455,0,0,0
6ng5_KMD_B_803,0,0.72990519,0.10001378,0.11864693,3.2003711e-10,0.16210563,0.15687996
6nga_KL7_A_803,0,0.71479975,0.099774783,0.11845007,7.403723e-07,0,0.1453483
6nga_KL7_B_804,0,0.72990437,0.1000138,0.11864703,4.6654064e-06,0.16210574,0.15688163
6ngp_KKY_B_803,0.96855217,0.82187775,0.10385832,0.11073077,2.9304963e-08,0.16508687,0
6ngu_KMJ_A_803,0.50490236,0.77498839,0.10196703,0.11444114,1.8426388e-06,0.16348872,0.061604317
6nh0_KND_A_803,0.89640649,0.81029378,0.10348775,0.11118949,1.9893493e-08,0.16458185,0
6nh0_KND_B_803,0.94546941,0.8181715,0.10373976,0.11087754,3.7608893e-09,0.16492529,0
6nhd_KNV_B_803,0.61085218,0.78444914,0.1023769,0.11355855,5.2273014e-12,0.1637789,0.041610669
6nig_NAG_A_604,0,0.72990283,0.10001383,0.1186472,1.3383661e-05,0.16210593,0.15688475
6nig_NAG_A_605,0.092778866,0.73818956,0.1003727,0.11787409,1.3892135e-08,0.16235977,0.13937237
6nig_NAG_B_803,0,0.72990518,0.10001378,0.11864694,2.7718025e-08,0.16210563,0.15687997
6nig_NAG_C_802,0.030090878,0.73259192,0.10013019,0.11839629,7.5100423e-07,0.16218807,0.15120201
6nig_NAG_D_602,3.2248292e-05,0.7299052,0.10001396,0.11864699,1.6289119e-05,0.16210608,0.1568797
6nni_CP6_B_203,0.99069624,0.99058239,0.10852177,0.12737212,0.9940562,0.18764783,0
6nnn_G1P_A_503,0,0.8018727,0.10122904,0.11946054,5.7281713e-08,0.16540903,0.21473565
6nnp_G6P_A_502,0.94313773,0.88132966,0.10487452,0.11164483,0.00010054437,0.16801505,0.03730982
6nsu_DYA_A_402,0,0.90184971,0.10070229,0.11726425,0,0.16263982,0.010686055
6ny7_L8J_A_303,0.012106808,0.7309729,0.10006088,0.11854759,7.5711598e-05,0.16214049,0.15462247
6nyo_U94_A_301,0,0.98537485,0.10921463,0.14071561,0.92698156,0.19872564,0.75828904
6o04_DNA_A_601,6.0293111e-05,0.7148409,0.099775606,0.11845011,4.4221977e-06,0.00040132739,0.1453661
6o04_DNA_C_603,0,0.72990519,0.10001378,0.11864693,0,0.16210563,0.15687996
6o04_DNA_D_603,0.00058579621,0.72616873,2.5848561e-49,0.1186072,1.6718269e-05,0.16195412,0.15421124
6o1s_7SD_E_803,0.93003853,0.75774489,0.10471267,0.11715486,0.31377997,0.17167224,0.093651365
6o2z_LJV_A_500,0.98556962,0.27456858,0.10190198,0.12641352,0.99444416,0.17217226,2.1512187e-09
6o2z_LJV_B_500,0.98356638,0.35031044,0.10212184,0.12407229,0.84689974,0.17095345,1.0386905e-06
6o5m_G8K_B_506,0.63976748,0.78703103,0.10248876,0.11331768,0,0.1638581,0.036154283
6ock_9KL_A_601,0.86336569,0.80699647,0.10335376,0.11145511,0,0.16447059,0
6ock_9KL_A_602,0.99487708,0.82678694,0.10400305,0.11056649,0.00010056827,0.16529466,0
6ofr_BOG_A_801,6.755853e-09,0.7258476,0.1000947,0.11910669,0.023062997,0.16262153,0.16513201
6ofr_BOG_A_802,0,0.72985662,0.10001475,0.11865244,0.00027605543,0.16211181,0.15697873
6ofr_BOG_A_805,1.6278771e-08,0.72990519,0.10001378,0.11864693,2.2532843e-10,0.16210563,0.15687996
6ofr_BOG_A_806,1.7497465e-10,0.72990144,0.10001385,0.11864736,2.1324041e-05,0.16210611,0.15688759
6ofr_BOG_A_807,0.79017682,0.80046127,0.10307063,0.11206478,2.4961561e-07,0.16427012,0.0077717651
6oha_XAN_A_501,0.0021679904,0.73009877,0.10002217,0.11862888,0,0.16211157,0.15647086
6ooi_PGA_A_301,0.92030802,1,0.11283597,0.1341919,0.93821991,0.20221249,0.68629142
6ooi_PGA_B_301,0.98859826,0.37814894,0.10324005,0.1267748,0.96352225,0.17541984,0.071158905
6ooi_PGA_C_302,0,0.74754249,0.10612866,0.1396146,0.97204413,0.19104053,0.61582659
6ooi_PGA_F_301,0.99383737,1,0.11150356,0.12693535,0.5941182,0.19395873,0.58604062
6ooi_PGA_G_301,0,0.058218146,0.096067862,0.13275551,0.97590874,0.16360328,0.051679523
6ooi_PGA_H_302,0.98955924,0.96738576,0.11165472,0.13196514,0.92883191,0.19796924,0.53983538
6oph_6QB_A_401,0,0.20642937,0.095793152,0.12561029,0.5677005,0.15777627,0
6paf_O6A_A_509,0.98378176,0.75277031,0.10511549,0.11781457,0.36933115,0.17306209,0.10338636
6pdd_O9S_A_803,0.98388279,0.82447438,0.10393884,0.11063357,4.2141736e-09,0.16519836,0
6pk1_PLP_A_501,0.96975824,0.32422986,0.10211251,0.12537734,0.91508531,0.17188242,0.010868952
6pk1_PLP_B_501,0.9891685,0.31703322,0.10219961,0.12563142,0.93881311,0.17226578,0.010367014
6pmv_M16_A_803,7.8065312e-09,0.72990438,0.1000138,0.11864703,4.6073657e-06,0.16210573,0.15688161
6pn9_OU7_A_803,0,0.72990427,0.1000138,0.11864704,5.2374488e-06,0.16210575,0.15688183
6pn9_OU7_B_803,0.53555805,0.77772601,0.10208562,0.11418575,7.8365214e-11,0.16357265,0.055818856
6pna_M16_A_803,0.98512807,0.82474031,0.10394611,0.11062581,1.2825517e-06,0.16520914,0
6pna_M16_B_803,0.81867137,0.80300549,0.10318086,0.11182743,8.6516959e-07,0.16434818,0.0023949945
6png_OSG_A_802,0.98981277,0.82573974,0.10397347,0.11059665,8.5792804e-06,0.16524976,0
6png_OSG_A_803,0.21349137,0.73632466,0.10109184,0.11830116,0.071864658,0.16429799,0.14230713
6png_OSG_B_801,0.44401434,0.74403223,0,0.11737058,0.12329537,0.16592467,0.11461634
6png_OSG_B_804,0.46300822,0.76742479,0,0.11475475,9.5026989e-06,0.16321915,0.066924159
6po9_OS7_A_803,0.26412292,0.75348914,0.10103555,0.1164468,8.3485485e-12,0.16282913,0.10703932
6po9_OS7_B_804,0.40392794,0.76597255,0.1015764,0.11528222,8.5416241e-12,0.16321208,0.080657777
6ps7_ZMA_A_1201,0,0.72990055,0.10001387,0.11864746,2.6371419e-05,0.16210622,0.1568894
6pvi_OZ7_A_501,0,0,0.091780002,0.11581151,0,0.1416659,0
6q4b_HHN_A_301,0.99333107,0.98043184,0.10577738,0.11147639,0.036972606,0.16991863,0.0034727076
6q4k_HHW_A_301,0.98913197,0.9802355,0.10563168,0.11086049,0.00049452879,0.16914322,0
6q4k_HHW_A_302,0.96633229,0.97261115,0.1054581,0.1109898,5.9196144e-05,0.16884616,0
6q4r_HJ5_A_1009,0,0.72990519,0.10001378,0.11864693,0,0.16210563,0.15687996
6qa7_HTW_A_901,0,0.66954119,0.10121765,0.12548662,0.34310385,0.1697806,0.27964411
6qaw_HVE_A_402,0,0.97889613,0.10415815,0.13371732,0.99028299,0.1823646,0
6qdb_HWQ_A_1003,0.98756333,0.82526185,0.10396034,0.11061057,7.572648e-09,0.1652302,0
6qde_HWW_A_502,0,0.72990519,0.10001378,0.11864693,0,0.16210563,0.15687996
6qde_HWW_A_503,0,0.72990519,0.10001378,0.11864693,0,0.16210563,0.15687996
6qhu_FAH_A_401,0.95298176,1,0.11260501,0.1333726,0.93570513,0.20110707,0.63294804
6qli_4LR_A_301,0,0.8430435,0.1002651,0.11832388,0.075820346,0.16243805,6.0391719e-05
6qni_GLC_A_402,0,0,0.091780087,0.11581201,3.0515154e-05,0.14166646,0
6qnj_GLC_A_402,0.98690736,0,0.096002259,0.10941131,2.8243893e-05,0.14659278,0
6qo4_97T_A_301,0.33094554,0.99258974,0,0.13168127,0.99576951,0.18440586,0.00093734222
6qo4_97T_B_301,0.9439596,0,0.098618183,0.12627357,0.99763953,0.16473346,0.00094564925
6qol_JB5_A_301,0.99391945,0.82631377,0.10399748,0.11058348,0.00077986611,0.16529445,0
6qol_JB5_B_301,0.00073635277,0.72986352,0.10001877,0.11865297,0.00061054468,0.16212131,0.15695946
6qor_JBK_B_301,0.99780293,0.981224,0.10570548,0.11096597,0.010140233,0.16938648,0
6qot_6SD_A_301,0.99085635,0.27625795,0.1019388,0.12637701,0.9941742,0.17222873,0
6qqs_JCZ_A_301,0.53484623,0.14121954,0.0987955,0.12919697,0.99681659,0.1671907,0
6qqs_JCZ_B_301,0.92756935,0.81529548,0.10364782,0.11099145,6.3193828e-06,0.16480008,0
6qrn_RIP_A_500,0.026538018,0,0.094967047,0.13233191,0.97174706,0.16084182,0.05173119
6r0i_JNB_A_901,0.99443317,1,0.11536049,0.13777034,0.98931382,0.21045914,0.98906135
6r5o_BGC_A_801,0,0,0.10090967,0.14211237,0.98725877,0.18120151,0.93359819
6r5o_BGC_B_802,0.066333765,0.73582787,0.1002704,0.11809442,2.0561331e-06,0.16228738,0.14436335
6r6i_H50_A_201,0,0.78044657,0.10009849,0.12088876,0.23584167,0.16393863,0
6r73_LMP_A_301,0,0.72990519,0.10001378,0.11864693,0,0.16210563,0.15687996
6r7w_CIT_A_406,0.96275909,0.80523418,0.10395041,0.11183245,0.060461382,0.16609533,0
6rbo_JXQ_A_302,0.77378289,0.94318625,0.10532961,0.11372903,0.00037822043,0.17051848,0.12094482
6rbr_JXN_A_302,0.98075432,0.81799261,0.10394446,0.1109676,0.019195882,0.16545419,0
6rbx_JYT_A_301,0.98338246,0.97331559,0.10714414,0.12041066,0.57371739,0.17948975,0
6rgg_K3Q_B_401,0.034880406,0,0.091980074,0.11588699,0.01816007,0.14217374,0
6rgg_K3Q_B_405,0.081699856,0,0.094891312,0.13164952,0.9848106,0.16018669,0.00064653271
6rgr_RM4_A_402,0.054839278,0.94657568,0.10407736,0.12979142,0.70274651,0.17932281,0.1183336
6rgr_RM4_A_403,0.22235516,0.96693027,0.1089819,0.12914511,0.23026258,0.18979284,0.89728833
6rhc_K48_A_305,0.9953123,0.96944913,0.11506901,0.13773092,0.9896873,0.20977995,0.98957485
6rhk_K4B_A_302,0,0.16298853,0.095660188,0.12694972,0.6516732,0.15845731,0
6rlt_MLI_A_508,0.99526779,0.54215619,0.10731982,0.12675644,0.59734535,0.18448868,0.62911768
6rlt_MLI_B_511,0.96251104,0.38015543,0.10583312,0.12794319,0.66561134,0.18203068,0.63673615
6rq3_OUC_A_401,0.028560803,0.73245405,0.1001243,0.11840918,7.8062697e-06,0.16218404,0.15149326
6rum_TOP_A_301,0.99616858,0.9743454,0.10831693,0.12667348,0.95067302,0.18668125,0.0077059447
6s23_KSW_A_402,0.22710281,0.97221637,0.1022915,0.1157826,2.0806847e-06,0.16514601,0
6s23_KSW_B_402,0.21864376,0.74942716,0.10085964,0.11682576,6.1288765e-06,0.16270468,0.11562354
6s37_SAL_A_601,0.99590925,0.9883116,0.10792361,0.11421843,0,0.17669705,0.32047915
6s39_K5Z_A_301,1.0010585e-05,0.97379937,0.10401698,0.13316857,0.95771196,0.18164893,4.51464e-10
6s4h_KUQ_A_901,0.99250904,1,0.11105257,0.12575805,0.55387147,0.19209462,0.53725617
6s7u_KZK_A_501,0,0.72990519,0.10001378,0.11864693,3.3737824e-11,0.16210563,0.15687996
6s7u_KZK_C_501,0,0,0.094047156,0.12926379,0.80972588,0.15654647,0
6s9g_L1Q_A_305,0.99700611,0.97132235,0.1150308,0.13720175,0.95528941,0.20930845,0.99433744
6s9g_L1Q_A_306,0.94764216,0.81785165,0.1037536,0.1108997,0.0021964177,0.16497275,0
6sds_L8N_A_302,0.98422833,0.27488113,0.10189491,0.12639994,0.99307996,0.17214631,0
6si4_LEK_B_402,0.95633218,0.81991269,0.10379556,0.11080863,9.7879364e-06,0.16500147,0
6sj8_44V_A_901,0,0.020513313,0.0952241,0.13134271,0.92708296,0.16069098,0
6sj8_44V_B_901,0.99360757,0.50439282,0.10265355,0.11935095,0.55474017,0.16869529,0
6sjs_THH_B_901,0.9801108,0,0.098005517,0.12151436,0.72588721,0.15989818,0
6sux_BEN_A_302,0.99755928,1,0.11543397,0.13792102,0.99563407,0.21073343,0.99528147
6sxr_KHP_A_506,0.97275358,0.94644052,0.10592945,0.11206226,0.0052276365,0.17067779,0.076550804
6sxr_KHP_A_507,0.98652342,0.93065747,0.10777166,0.12645432,0.94253946,0.18530288,0
6sxr_KHP_A_513,0,0.96611619,0.10398606,0.13342131,0.97360822,0.18176442,0
6syz_M1E_B_601,0,0.99006114,0.11107414,0.14438481,0.99566072,0.20554399,0.99606932
6szl_M3E_B_604,0.34560644,0.08792397,0.097499459,0.13028262,0.99260877,0.16505694,0
6szt_M4Q_A_601,0,0.72909739,0.10002989,0.11873846,0.0045914643,0.16220834,0.15852281
6szt_M4Q_B_601,0.037841621,0.73273378,0.10017115,0.11839407,0.0031281087,0.16227926,0.15085841
6t02_M5E_A_602,0.00016206908,0,0.091780696,0.11581046,2.5297171e-07,0.14166671,0
6t02_M5E_B_601,0,0.99082976,0.10175611,0.11878495,0.090342279,0.16610248,9.0031431e-05
6t07_M45_B_601,0.00023881849,0,0.091781516,0.11581288,0.00017573677,0.14167032,0
6t0a_M58_A_601,0.0026412827,0.99388745,0.10155469,0.1173348,0.0038696588,0.16459475,0
6t0a_M58_B_601,0.88004269,0,0.095544993,0.11010392,0,0.14605882,0
6t0m_GOZ_A_305,0,0.23500465,0.095880615,0.12472922,0.51246344,0.15732827,0
6t10_M6Z_B_601,0,0.72990519,0.10001378,0.11864693,2.2701391e-10,0.16210563,0.15687996
6t5p_VD8_A_302,0.99121313,1,0.11534883,0.1377868,0.98868421,0.21044454,0.98963038
6t5p_VD8_B_302,0,0.069402571,0.095382933,0.12986779,0.83411429,0.15996873,0.00065221674
6t5p_VD8_C_302,0,1,0.11114614,0.14433492,0.99362511,0.2056684,0.99316166
6t5p_VD8_D_302,0.99554728,1,0.11537754,0.13781142,0.99169574,0.21052736,0.98988526
6t9c_MX8_A_501,0,0.72990519,0.10001378,0.11864693,0,0.16210563,0.15687996
6tbx_N0Z_A_302,0,0.49713253,0.096682936,0.11664693,0.0057607347,0.15321874,0
6tbx_N0Z_B_302,0.99118029,0.98663721,0.10593531,0,0.087669676,0.17084001,0
6tbx_N0Z_C_303,0.99274841,0.79403811,0.10434312,0.11315465,0.13931925,0.16794147,0.019395001
6tfb_N6W_B_202,0.074752336,0.95043155,0.10422137,0.13332507,0.99839897,0.18223263,0
6tgi_N8Z_A_508,0.99346529,0,0.096083012,0.10968145,0.018848965,0.14697139,0
6tgl_LVP_B_201,0.98485135,0.98655078,0.10567395,0.11088945,1.9877009e-06,0.16925796,3.4512735e-07
6to7_SUV_A_401,0,0.9844912,0.10423393,0.13384955,0.9977419,0.18263028,0
6to7_SUV_B_401,0,0.98395451,0.10422757,0.13384221,0.99734801,0.1826107,0
6tof_NQE_A_201,0.99410309,0.82666099,0.10399853,0.1105697,1.8441739e-07,0.16528677,0
6tog_NQH_A_201,0.97943118,0.99100723,0.10844741,0.1272658,0.98322104,0.18740224,0
6toj_NQQ_A_201,0.97418721,0.73743219,0.10536718,0.11953535,0.45164225,0.17487705,0.13464817
6tol_NQW_A_201,0,0.72973959,0.10001708,0.1186657,0.00094125083,0.16212669,0.15721674
6tor_PMP_A_504,0.98598829,0.82492486,0.10395114,0.11062041,0,0.16521657,0
6tor_PMP_B_504,0,0.6949075,0.10071176,0.12261243,0.19892391,0.16655541,0.22805586
6tot_NRK_B_401,8.9394841e-07,0.97663485,0.10964988,0.1402829,0.82665079,0.199376,0.87590499
6tt4_FT8_A_709,0.99238354,0.27940025,0.10195756,0.12628463,0.98896537,0.17220343,0
6u30_PQM_A_501,0.88886852,0.96138617,0.10589602,0.11284245,0,0.17115656,0.10488564
6u6c_P1T_B_502,0.97466412,0.27975642,0.10185257,0.12622143,0.97823644,0.17191981,0
6u6c_P1T_F_805,0,0,0.095140368,0.13218621,0.97996394,0.16111986,0
6ufd_Q6D_A_305,0.99286006,0.48706008,0.10259602,0.11988317,0.58782142,0.1689553,0
6uo7_QCP_A_504,0.9840092,0.33683987,0.10208324,0.12448889,0.87318732,0.17117151,0
6uqd_QF4_B_501,0,0.72990516,0.10001378,0.11864694,1.4150074e-07,0.16210563,0.15688001
6ur0_ETM_A_401,0.75018752,0.76054029,0.10260673,0.11231583,0,0.16341074,0.002658798
6ur0_ETM_B_401,0.98154439,0.96809039,0.10549084,0.11095574,0.004351588,0.16889707,0
6uvj_QJ1_A_205,0.90871613,0.99132732,0.10814656,0.12771625,0.98269995,0.18704703,0
6uxr_K6G_B_202,0,0.72984495,0.10001498,0.11865376,0.00034241582,0.16211329,0.15700248
6v9f_QTS_B_2001,0.99519611,0.99388312,0.10657259,0.11547585,0.2794519,0.17461366,0
6vei_9UO_B_502,0,0.97717331,0.10409575,0.13344482,0.97403451,0.1820264,0
6vlu_CIT_A_701,0.32936247,0.75927011,0.10128882,0.11590838,0.00025217842,0.16301347,0.094818693
6vmz_NAG_C_402,0,0.72980375,0.1000158,0.11865843,0.00057656782,0.16211853,0.15708626
6vmz_NAG_E_402,0,0.72990468,0.10001379,0.11864699,2.8668874e-06,0.16210569,0.15688099
6vmz_R3P_C_404,1.4709773e-07,0.95983833,0.10119845,0.11723707,0,0.16372783,0
6vmz_R3P_E_403,2.4401517e-07,0.94925063,0.10109456,0.11722134,0,0.16348447,0
6vo2_R67_A_403,0,0.72123272,0.10018674,0.11962959,0.04929356,0.16320829,0.17451743
6vv1_RMJ_A_501,0,0.72990026,0.10001388,0.11864749,2.8041633e-05,0.16210626,0.15688999
6w0x_S6J_A_301,0.96992206,0,0.097979661,0.12168566,0.7322208,0.15996371,1.1301253e-08
6w0x_S6J_B_301,0.98126651,0,0.09852834,0.12493287,0.93755264,6.3441516e-09,6.2312273e-09
6wdv_TWM_A_701,0.9648928,0.86864687,0.10706412,0.1264638,0.94020952,0.18372677,0
6wdw_TWV_A_701,0,0.91347871,0.10252029,0.12771062,0.63457327,0.17432399,0
6wiw_I14_A_601,0.97131085,0.7938091,0.10422658,0.11314228,0.12974085,0.16766848,0.020013123
6wiw_I14_B_601,0.95102656,0.81906265,0.1037683,0.11084226,3.7073442e-06,0.16496424,0
6x9d_HYP_A_2002,0.97339818,0,0.098800689,0.12618548,0.9988529,0.16508138,0.0087431302
6x9d_HYP_B_2002,0.96682013,1,0.11533862,0.13821947,0.99912904,0.21073286,0.99915038
6xeb_V1P_A_411,0,0,0.091798633,0.11592205,0.0066541823,0.14178818,0
6xim_XLS_B_397,0,0.73391372,0.10327077,0.13007722,0.52779664,0.17770829,0.4160084
6xim_XLS_C_397,0,0.72990519,0.10001378,0.11864693,0,0.16210563,0.15687996
6xim_XLS_D_397,0.99130531,0.74996875,0.10521387,0.11814546,0.38907336,0.17352432,0.1090305
6xp1_T2C_A_401,0.9852694,0.98470695,0.10838145,0.12704581,0.97282158,0.18709546,0
6xu3_GAB_B_402,0.0051727137,0.99025138,0.10155051,0.11743564,0.011252634,0.16465949,0
6xu3_PLG_B_401,0,1,0.11065066,0.14224103,0.88567603,0.2030352,0.96482165
6xu3_PLG_C_401,0.98334706,1,0.11473694,0.13689799,0.98537327,0.20843229,0.90618198
6xzx_O5H_A_302,0.86854814,0.98847073,0.10754239,0.12557363,0.83830471,0.18412727,0
6xzx_O5H_B_302,0.97270403,0.98645791,0.10754655,0.12239305,0.6876984,0.18183319,0
6yaw_P9H_A_301,0,0.95287341,0.10314429,0.12278225,0.19766221,0.17210943,0.21424433
6yaw_P9H_B_502,0,0.96220098,0.10738677,0.13317184,0.51745813,0.18914182,0.69172576
6yk5_PVK_A_312,0.99633508,0.27617777,0.10197136,0.12639563,0.99743363,0.17231595,0
6yk6_OUB_A_311,0.99551536,0.27733117,0.10196998,0.12635765,0.99473959,0.17228501,0
6ypv_AKG_A_302,0.99691914,0.95992978,0.10806304,0.12532432,0.85743381,0.18512885,0.029032794
6yta_IYZ_A_702,0.98236373,0.31771183,0.10201484,0.12507382,0.90923012,0.17144558,0
6zac_QDE_A_4000,0,0,0.095158024,0.13200834,0.96881303,0.16102943,0
6zi7_QR8_A_502,0,0,0.095117256,0.13244357,0.99600034,0.16125616,0.00012799026
6zi7_QR8_B_502,0.92980244,0.25787156,0.10151713,0.12676442,0.99513931,0.17155955,8.0185423e-06
6zi7_QR8_D_502,2.0707183e-06,0.90169411,0.1006299,0.11716245,0.00070660118,0.1624044,7.9558799e-07
6zjw_GAL_A_1101,0.99808136,0.82172977,0.10402962,0.11080605,0.016058939,0.16552941,0
6zjw_GAL_A_1102,0.080685273,0.7370741,0.10032663,0.11797886,0.00020239148,0.16233117,0.14172687
7a2h_QX2_A_401,0,0.9754679,0.10142824,0.11741727,0.0031100341,0.16437183,0.0099326878
7bp1_CAQ_A_401,0.99365204,1,0.11542487,0.13796967,0.99656832,0.21074791,0.99601565
7bp1_CAQ_C_401,0.99441545,0.50795049,0.10533706,0.12867656,0.99411729,0.18148436,0.1892896
7bp1_CAQ_D_401,0.98569628,0.82486239,0.10394943,0.11062224,0,0.16521404,0
7bqu_EF2_A_501,0.78958698,0.2157303,0.10054861,0.1276502,0.99712986,0.1700196,0
7bzm_GIM_A_501,0.99316825,0.84724148,0.10684946,0.12550345,0.89535569,0.18255162,0
7bzm_GIM_B_501,0,0.8692706,0.10285152,0.13218433,0.90780873,0.1783292,0
7c7g_FJR_A_402,0.99076541,0.82527089,0.10397909,0.11061828,0.0017118082,0.16527825,0
7c7g_FJR_B_402,0.99153711,0.99128371,0.10575951,0.11091547,0.0037554411,0.16946909,0
7cne_SIN_A_402,0,0.73499798,0.10043885,0.11954881,0.032297775,0.16371129,0.18409121
7cwd_GLC_A_901,0,0.72744497,0.10006284,0.1189257,0.013983677,0.16241843,0.16188338
7est_0Z2_E_1,0.97246926,0.30050057,0.10190293,0.12557535,0.93689354,0.17156016,0
7jis_VBS_A_1101,0.99470933,0.82679077,0.10400207,0.11056591,0,0.16529201,0
7kje_NRD_A_405,0,0.72990519,0.10001378,0.11864693,0,0.16210563,0.15687996
7kjg_BTM_A_406,0.98037926,0.82377676,0.10391906,0.11065558,0,0.16516966,0
8cpp_TCM_A_422,0.078946401,0.72923868,0.10047307,0.11886356,0.043855689,0.1633029,0.15767435
8icd_ICT_A_418,0.86263823,0.79755591,1.034521e-17,0.11205094,0.03138311,0.16501426,0.0027163181
