PDB_CCD_ID,surfdock,unimol,diffdock,diffdock_l,gnina,autodock,smina
19gs_BSP_B_210,0.0053721136,0.98854669,0.032005635,0.096678038,0.37356759,0.25839418,0.23194894
1a49_OXL_A_533,0.5371995,0.6606601,0.037389815,0.093507552,0.38120086,0.24718516,0.22630337
1a49_OXL_D_2333,0.53704714,0.96645288,0.032449474,0.095778921,0.38426233,0.24415854,0.23641261
1a49_OXL_F_4133,0.53709462,0.87115368,0.03398905,0.095071086,0.38330826,0.24510173,0.23326223
1a59_CIT_A_379,0,0.93714712,0.032835122,0.09630372,0.37294229,0.25904939,0.23019714
1a9r_HPA_A_290,0,0,0.047974831,0.089343532,0.36355246,0.2683329,0.19921405
1ac4_TMT_A_296,0,0.98176216,0.032114362,0.096635076,0.37338932,0.25860743,0.23167216
1aej_NVI_A_296,0.82686768,0.98628294,0.032176497,0.095525575,0.39041109,0.23608407,0.23989915
1aer_TIA_B_700,0.53752867,0,0.048062704,0.088600589,0.37458691,0.25372364,0.20446386
1aia_PMP_A_411,0.53752867,0,0.048062704,0.088600589,0.37458691,0.25372364,0.20446386
1aia_PMP_B_411,0.53752867,0,0.048062704,0.088600589,0.37458691,0.25372364,0.20446386
1aiq_CB3_A_266,0.53752867,0,0.048062704,0.088600589,0.37458691,0.25372364,0.20446386
1aiq_UMP_A_265,0.53712498,0.81022196,0.034973414,0.094618515,0.38269826,0.24570478,0.23124796
1aj8_CIT_A_1000,0.53706181,0.93700491,0.032925211,0.095560196,0.38396752,0.24444999,0.23543912
1aj8_CIT_B_2000,0.53705822,0.94422312,0.0328086,0.095613809,0.38403978,0.24437855,0.23567774
1amq_PMP_A_413,0.53752867,0,0.048062704,0.088600589,0.37458691,0.25372364,0.20446386
1anc_BEN_A_290,0.5371995,0.6606601,0.037389815,0.093507552,0.38120086,0.24718516,0.22630337
1anc_BEN_A_384,0.010602554,0.8829061,0.033713125,0.095886215,0.3726165,0.25929848,0.22850745
1aog_MAE_A_500,0.53752867,0,0.048062704,0.088600589,0.37458691,0.25372364,0.20446386
1aua_BOG_A_1,0.53752867,0,0.048062704,0.088600589,0.37458691,0.25372364,0.20446386
1aua_BOG_A_2,0.53752867,0,0.048062704,0.088600589,0.37458691,0.25372364,0.20446386
1axg_ETF_B_404,0.53703816,0.98447323,0.032158351,0.095912767,0.38444274,0.24398019,0.23700832
1axg_ETF_C_404,0.53704913,0.96246439,0.032513908,0.095749296,0.3842224,0.24419802,0.23628075
1axg_ETF_D_404,0.53704483,0.97108532,0.032374636,0.095813328,0.38430871,0.24411269,0.23656574
1bqp_MAN_B_401,0.97770897,0.96333196,0.032571931,0.095146593,0.39327806,0.23221078,0.24061391
1bqp_MAN_C_402,0,0.97204432,0.032271354,0.096562902,0.37329195,0.2587037,0.23135088
1c3s_SHH_A_952,0.53707872,0.90306974,0.03347344,0.095308142,0.38362778,0.24478585,0.2343173
1c9c_PP3_A_413,0.53752867,0,0.048062704,0.088600589,0.37458691,0.25372364,0.20446386
1ca7_ENO_A_501,0.53707724,0.90604403,0.03342539,0.095330234,0.38365756,0.24475642,0.23441563
1ca7_ENO_B_601,0.53705048,0.95974611,0.032557823,0.095729106,0.38419519,0.24422492,0.23619089
1ca7_ENO_C_701,0.53707904,0.90243739,0.033483656,0.095303446,0.38362145,0.24479211,0.2342964
1cdk_MYR_A_403,0.53752867,0,0.048062704,0.088600589,0.37458691,0.25372364,0.20446386
1cdk_MYR_B_403,0.53709016,0.88011681,0.033844249,0.095137659,0.383398,0.24501302,0.23355853
1cgk_NAR_A_390,0,0,0.047974831,0.089343532,0.36355246,0.2683329,0.19921405
1cq1_BGC_A_455,0.11433033,0.96862762,0.032345241,0.096379474,0.37560504,0.25562945,0.23235479
1cq1_BGC_B_455,0.66765475,0.94477314,0.032821065,0.095437381,0.38672637,0.24082351,0.23697147
1d6u_HY1_A_2001,0.99426473,0.99667157,0.024727995,0.097353961,0.14764667,0.0056933056,0.29266476
1d6u_HY1_B_3001,0.53703235,0.99613863,0.031969895,0.095999412,0.38455952,0.24386474,0.23739395
1d7a_AIR_B_350,0.5370862,0.88806388,0.033715863,0.095196686,0.38347756,0.24493437,0.23382124
1d7a_AIR_C_400,0.53706742,0.9257566,0.03310693,0.095476649,0.38385491,0.24456132,0.23506728
1d7a_AIR_D_450,0.53707381,0.91292722,0.033314191,0.095381359,0.38372647,0.24468829,0.23464317
1dai_DSD_A_225,0.53703685,0.98709623,0.032115976,0.09593225,0.384469,0.24395423,0.23709503
1diw_GAL_A_1400,0,0.97379023,0.032243149,0.096575869,0.37330944,0.2586864,0.2314086
1dna_CB3_A_601,0.53752867,0,0.048062704,0.088600589,0.37458691,0.25372364,0.20446386
1dna_CB3_B_602,0.53752867,0,0.048062704,0.088600589,0.37458691,0.25372364,0.20446386
1dpm_EBP_A_900,0.53715804,0.74387868,0.036045202,0.09412575,0.38203408,0.24636139,0.22905481
1dpm_EBP_A_901,0.53704137,0.9780366,0.032262336,0.095864959,0.3843783,0.2440439,0.23679554
1dpm_EBP_B_903,0.53704078,0.97920817,0.032243409,0.095873661,0.38439003,0.2440323,0.23683427
1duc_DUD_A_201,0.53752867,0,0.048062704,0.088600589,0.37458691,0.25372364,0.20446386
1dxy_COI_A_404,0.53705755,0.94556853,0.032786864,0.095623802,0.38405325,0.24436524,0.23572222
1e26_GPB_A_208,0.5371995,0.6606601,0.037389815,0.093507552,0.38120086,0.24718516,0.22630337
1e2s_CSN_P_701,0.89353797,0.29911644,0.03394955,0.092863717,0.029593188,0,0.282781
1e48_13P_P_302,0.53752867,0,0.048062704,0.088600589,0.37458691,0.25372364,0.20446386
1e5f_PLP_B_405,0.53752867,0,0.048062704,0.088600589,0.37458691,0.25372364,0.20446386
1e7h_PLM_A_1001,0.53704269,0.97538283,0.032305208,0.095845248,0.38435173,0.24407016,0.23670781
1e8g_FCR_B_601,0.99606219,0.97599423,0.032370371,0.095215263,0.39378175,0.23158641,0.24121183
1e8m_P0H_A_724,0.97430306,0.88926204,0.033767981,0.094601184,0.39246599,0.23303711,0.23813181
1ei6_PPF_A_410,0.97993212,0.83340009,0.034671357,0.094178516,0.39202184,0.23343746,0.23633994
1ei6_PPF_D_412,0.5371995,0.6606601,0.037389815,0.093507552,0.38120086,0.24718516,0.22630337
1eow_U2G_A_130,0.5371995,0.6606601,0.037389815,0.093507552,0.38120086,0.24718516,0.22630337
1euu_GAL_A_2,0.53715651,0.74695083,0.035995571,0.094148569,0.38206483,0.24633098,0.22915636
1eyw_PEL_A_404,0.0035114931,0.96758981,0.032343891,0.096524964,0.37331941,0.25865236,0.23123791
1eyw_TEN_A_403,0.98636349,0,0.048136073,0.087979965,0.38380356,0.2415184,0.20884966
1f5f_DHT_A_253,0.5371995,0.6606601,0.037389815,0.093507552,0.38120086,0.24718516,0.22630337
1fhv_OSB_A_789,0.9865647,0.94487042,0.032871626,0.094997237,0.3932749,0.23215291,0.24009006
1fk1_DAO_A_201,0.5370452,0.97035544,0.032386427,0.095807907,0.3843014,0.24411992,0.23654161
1fm8_DDC_A_501,1.2272612e-05,0.99245385,0.022062668,0.099394834,6.0014969e-08,0,0.30072865
1foi_14W_A_810,0,0.99540042,0.031894034,0.096736367,0.37352597,0.25847233,0.23212306
1fp2_HMO_A_2000,0,0.92100725,0.033095863,0.09618385,0.37278058,0.25920928,0.22966354
1fqo_F6R_A_1268,0.53752867,0,0.048062704,0.088600589,0.37458691,0.25372364,0.20446386
1fqo_F6R_B_2268,0.94851056,0.94831394,0.032809775,0.095075418,0.39252812,0.23315331,0.23983216
1fs5_16G_A_1267,0.53704312,0.97451995,0.032319148,0.095838839,0.38434309,0.2440787,0.23667928
1fs5_16G_B_2267,0.53752867,0,0.048062704,0.088600589,0.37458691,0.25372364,0.20446386
1fsa_F6P_A_338,0.98133986,0.91052122,0.033425687,0.094749348,0.39282347,0.23263522,0.2389034
1fsa_F6P_B_338,0.96123392,0.66048302,0.037461246,0.092920361,0.38990553,0.23565821,0.23044161
1fuq_CIT_A_1001,0.5371995,0.6606601,0.037389815,0.093507552,0.38120086,0.24718516,0.22630337
1fuy_FIP_A_269,0,0.97591356,0.032208846,0.096591639,0.37333072,0.25866537,0.2314788
1fwn_PEP_A_1268,0,0.97246389,0.032264576,0.096566018,0.37329615,0.25869954,0.23136475
1fwn_PEP_B_2268,0.5371995,0.6606601,0.037389815,0.093507552,0.38120086,0.24718516,0.22630337
1g4s_TPS_A_2001,0.5371995,0.6606601,0.037389815,0.093507552,0.38120086,0.24718516,0.22630337
1g4s_TPS_B_2002,0.53703912,0.98254196,0.032189551,0.095898423,0.3844234,0.24399931,0.23694447
1g6n_CMP_B_622,0,0.99243928,0.031941872,0.096714375,0.3734963,0.25850166,0.23202516
1g6t_S3P_A_601,0.99198286,0.96177999,0.027903321,0.096455204,0.24903824,0.10357084,0.99609102
1g72_PQQ_C_703,7.0264733e-06,0,0.047974832,0.089343522,0.3635526,0.26833271,0.19921411
1g79_PLP_A_260,8.7059167e-05,0.90095242,0.033419865,0.096034782,0.37258142,0.25940557,0.22900135
1g79_PLP_A_270,0.5371995,0.6606601,0.037389815,0.093507552,0.38120086,0.24718516,0.22630337
1g8z_GAL_D_104,0.53704284,0.97509055,0.03230993,0.095843077,0.3843488,0.24407305,0.23669815
1g8z_GAL_F_104,0.53704208,0.97660964,0.032285389,0.09585436,0.38436401,0.24405802,0.23674836
1g8z_GAL_G_104,0.53705077,0.95916607,0.032567193,0.095724798,0.38418938,0.24423066,0.23617172
1g8z_GAL_H_104,0.53704972,0.96128231,0.032533005,0.095740517,0.38421057,0.24420972,0.23624168
1gck_PLP_A_413,0.5371995,0.6606601,0.037389815,0.093507552,0.38120086,0.24718516,0.22630337
1gey_PPE_A_413,0.5371995,0.6606601,0.037389815,0.093507552,0.38120086,0.24718516,0.22630337
1gij_2PU_A_501,0.5371995,0.6606601,0.037389815,0.093507552,0.38120086,0.24718516,0.22630337
1gim_HDA_A_438,0.5371995,0.6606601,0.037389815,0.093507552,0.38120086,0.24718516,0.22630337
1giu_ADE_A_300,0.98646955,0,0.048136091,0.087979819,0.38380574,0.24151552,0.2088507
1gkc_NFH_A_1448,0.99085417,0.97566059,0.032374909,0.095219985,0.39367148,0.23173129,0.24114992
1gkc_NFH_B_1449,0.96347199,0.93849705,0.032970814,0.094981825,0.39273693,0.23284383,0.23965376
1gsi_TMP_A_1210,0.53752867,0,0.048062704,0.088600589,0.37458691,0.25372364,0.20446386
1gsq_GDN_A_203,0.5371995,0.6606601,0.037389815,0.093507552,0.38120086,0.24718516,0.22630337
1gxu_2HP_A_1092,0.5371995,0.6606601,0.037389815,0.093507552,0.38120086,0.24718516,0.22630337
1gz5_G6P_A_901,0.537041,0.97877921,0.032250339,0.095870475,0.38438573,0.24403655,0.23682009
1gz5_G6P_B_901,0.53704425,0.9722514,0.032355797,0.095821989,0.38432038,0.24410115,0.23660429
1gz5_G6P_C_901,0.53705046,0.95979779,0.032556988,0.09572949,0.3841957,0.24422441,0.2361926
1gz5_UDP_D_900,0.53704718,0.96637626,0.032450711,0.095778352,0.38426156,0.2441593,0.23641007
1h0v_UN4_A_1299,0.5371995,0.6606601,0.037389815,0.093507552,0.38120086,0.24718516,0.22630337
1h18_DTL_A_9009,0.5371995,0.6606601,0.037389815,0.093507552,0.38120086,0.24718516,0.22630337
1h18_DTL_B_9009,0.5371995,0.6606601,0.037389815,0.093507552,0.38120086,0.24718516,0.22630337
1h18_PYR_A_1001,0,0.98341294,0.032087693,0.096647336,0.37340586,0.25859108,0.23172674
1h18_PYR_B_1001,0.53752867,0,0.048062704,0.088600589,0.37458691,0.25372364,0.20446386
1h1i_QUE_B_1356,0.53752867,0,0.048062704,0.088600589,0.37458691,0.25372364,0.20446386
1h1i_QUE_C_1358,0.53752867,0,0.048062704,0.088600589,0.37458691,0.25372364,0.20446386
1h1i_QUE_D_1357,0.53752867,0,0.048062704,0.088600589,0.37458691,0.25372364,0.20446386
1h1m_KMP_A_1360,0.53703623,0.98834119,0.032095864,0.095941496,0.38448146,0.24394191,0.23713618
1h1m_KMP_C_1358,0.5292556,0.63549983,0.039077531,0.092983213,0.42392061,0.28570838,0
1h48_C5P_A_203,0.53706748,0.92561991,0.033109138,0.095475634,0.38385354,0.24456267,0.23506276
1h48_C5P_C_901,0.53704438,0.97198425,0.032360113,0.095820005,0.38431771,0.2441038,0.23659546
1h48_C5P_D_204,0.53706547,0.92967262,0.033043666,0.095505735,0.38389411,0.24452256,0.23519673
1h48_C5P_E_901,0.53705415,0.95238654,0.032676718,0.095674443,0.38412151,0.24429776,0.2359476
1h48_C5P_F_901,0.54349098,0.85419986,0.026469176,0.097051209,0.12057763,0,0.28693047
1h48_CDI_A_201,0.53752867,0,0.048062704,0.088600589,0.37458691,0.25372364,0.20446386
1h48_CDI_B_902,0.53704543,0.96987863,0.03239413,0.095804366,0.38429663,0.24412464,0.23652585
1h48_CDI_C_902,0.53752867,0,0.048062704,0.088600589,0.37458691,0.25372364,0.20446386
1h48_CDI_D_201,0.5370712,0.91815537,0.033229729,0.095420191,0.38377881,0.24463655,0.234816
1h48_CDI_E_902,0.53704319,0.97437693,0.032321459,0.095837777,0.38434166,0.24408012,0.23667456
1h48_GPP_C_904,0.53750323,0.051061276,0.0472378,0.088979846,0.3750981,0.25321828,0.20615183
1h48_GPP_E_904,0.53711295,0.83435966,0.034583465,0.094797798,0.38293991,0.24546588,0.2320459
1h5r_G1P_A_1294,0.84403737,0.4854717,0.040269961,0.091782316,0.38574568,0.24057842,0.22350952
1h5r_G1P_C_1294,0,0.97273598,0.03226018,0.096568039,0.37329888,0.25869684,0.23137374
1h5r_G1P_D_1294,0,0,0.047974831,0.089343532,0.36355246,0.2683329,0.19921405
1h5r_THM_A_1292,0.99569826,0,0.048137599,0.087967061,0.38399521,0.24126463,0.20894085
1h5r_THM_B_1292,0.95763577,0,0.048131377,0.088019679,0.38321375,0.24229937,0.20856903
1h5r_THM_B_1293,0.98383148,0,0.04813566,0.087983466,0.38375157,0.24158723,0.20882493
1h69_ARH_C_1275,0.5371995,0.6606601,0.037389815,0.093507552,0.38120086,0.24718516,0.22630337
1h70_CIR_A_500,0,0,0.047974831,0.089343532,0.36355246,0.2683329,0.19921405
1h7q_TYD_A_1258,0.5371995,0.6606601,0.037389815,0.093507552,0.38120086,0.24718516,0.22630337
1h82_GZZ_A_590,0.5371995,0.6606601,0.037389815,0.093507552,0.38120086,0.24718516,0.22630337
1h8p_PC_A_1110,0.5370903,0.87982616,0.033848945,0.095135501,0.38339509,0.2450159,0.23354892
1h8p_PC_A_1111,0.53707759,0.90533677,0.033436816,0.095324981,0.38365048,0.24476342,0.23439225
1h8p_PC_B_1110,0.53707288,0.91480008,0.033283934,0.09539527,0.38374522,0.24466976,0.23470508
1hdi_3PG_A_419,0.5371995,0.6606601,0.037389815,0.093507552,0.38120086,0.24718516,0.22630337
1hkn_N2M_C_4138,0.53703895,0.98289347,0.032183873,0.095901033,0.38442692,0.24399583,0.23695609
1hkn_N2M_D_5139,0.5373997,0.25884882,0.043880952,0.090523189,0.37717831,0.25116178,0.21302082
1ho5_ADN_B_2604,0.53704095,0.97888497,0.032248631,0.09587126,0.38438679,0.2440355,0.23682358
1hot_16G_B_271,0.53704615,0.968443,0.032417323,0.095793703,0.38428225,0.24413885,0.23647839
1hsb_ALA_A_1001,0.53752867,1.1247562e-05,0.048062523,0.088600672,0.37458702,0.25372353,0.20446423
1hsb_ALA_C_1,0,0,0.047974831,0.089343532,0.36355246,0.2683329,0.19921405
1hsr_BHO_A_800,0.99664928,0.99188539,0.032113743,0.095332475,0.39395302,0.23141303,0.24174294
1i8a_BGC_A_189,0.53708037,0.89975852,0.033526934,0.095283548,0.38359463,0.24481862,0.23420784
1ia1_TQ3_A_194,0.5375046,0,2.6262328e-60,0.088623093,0.37249096,0.25186163,0.20492191
1ia1_TQ3_B_196,0.5371995,0.6606601,0.037389815,0.093507552,0.38120086,0.24718516,0.22630337
1ij8_BNI_A_501,0.74154892,0.66057476,0.03742424,0.093224561,0.38539596,0.24162982,0.22829776
1ij8_BNI_B_502,0.83194396,0.66053701,0.037439467,0.09309939,0.38725154,0.23917265,0.2291799
1iki_DAL_A_500,0.63914911,0,0.048079314,0.088459961,0.37667488,0.2509575,0.20545778
1iki_REY_A_400,0.53752867,0,0.048062704,0.088600589,0.37458691,0.25372364,0.20446386
1iri_E4P_B_602,0.5370504,0.95990547,0.032555248,0.09573029,0.38419678,0.24422334,0.23619616
1iri_E4P_C_603,0.53704994,0.96082443,0.032540402,0.095737116,0.38420598,0.24421425,0.23622654
1isx_XYP_A_1461,0.53704783,0.96506034,0.03247197,0.095768578,0.38424839,0.24417232,0.23636657
1isx_XYP_B_961,0.53704433,0.97208371,0.032358506,0.095820744,0.3843187,0.24410281,0.23659875
1itw_ICT_B_744,0.5371995,0.6606601,0.037389815,0.093507552,0.38120086,0.24718516,0.22630337
1itw_ICT_C_743,0.5371995,0.6606601,0.037389815,0.093507552,0.38120086,0.24718516,0.22630337
1itw_ICT_D_743,0.5371995,0.6606601,0.037389815,0.093507552,0.38120086,0.24718516,0.22630337
1iwe_IMP_B_1443,0.97852813,0,0.048134793,0.087990797,0.38364269,0.24173141,0.20877312
1iwe_IMP_B_1452,0,0,0.047974831,0.089343532,0.36355246,0.2683329,0.19921405
1ixo_G3P_A_1001,0.53752867,0,0.048062704,0.088600589,0.37458691,0.25372364,0.20446386
1ixo_G3P_B_1002,0.5371995,0.6606601,0.037389815,0.093507552,0.38120086,0.24718516,0.22630337
1ixo_G3P_D_1004,0.5371995,0.6606601,0.037389815,0.093507552,0.38120086,0.24718516,0.22630337
1j0n_CEG_A_780,0,0,0.047974831,0.089343532,0.36355246,0.2683329,0.19921405
1j0y_BGC_A_1601,0.5371995,0.6606601,0.037389815,0.093507552,0.38120086,0.24718516,0.22630337
1j0y_BGC_B_2601,0.5371995,0.6606601,0.037389815,0.093507552,0.38120086,0.24718516,0.22630337
1j0y_BGC_C_3601,0.5371995,0.6606601,0.037389815,0.093507552,0.38120086,0.24718516,0.22630337
1j0y_BGC_D_4601,0.5371995,0.6606601,0.037389815,0.093507552,0.38120086,0.24718516,0.22630337
1j3i_UMP_D_711,0.5371995,0.6606601,0.037389815,0.093507552,0.38120086,0.24718516,0.22630337
1j3i_WRA_A_609,0.53703533,0.99015522,0.032066558,0.09595497,0.38449962,0.24392396,0.23719615
1j3i_WRA_B_709,0.53703297,0.99489507,0.031989985,0.095990175,0.38454707,0.24387705,0.23735284
1j3k_UMP_D_711,0.5371995,0.6606601,0.037389815,0.093507552,0.38120086,0.24718516,0.22630337
1j3k_WRA_A_609,0.5370337,0.9934278,0.032013689,0.095979277,0.38453238,0.24389157,0.23730434
1j3k_WRA_B_709,0.53703259,0.99566085,0.031977613,0.095995863,0.38455474,0.24386947,0.23737815
1j54_TMP_A_2000,0.98734221,0.66047212,0.037465644,0.092884208,0.39044146,0.23494851,0.23069639
1ja9_PYQ_A_406,0,0.97089405,0.032289937,0.096554359,0.37328042,0.25871509,0.23131285
1jho_RMB_A_990,0.5371995,0.6606601,0.037389815,0.093507552,0.38120086,0.24718516,0.22630337
1jhv_NIO_A_991,0.74166281,0.99598565,0.03200582,0.095715426,0.38875896,0.23830427,0.23938758
1jhv_PCR_A_990,0.99831,0.66046754,0.037467491,0.092869021,0.3906666,0.23465038,0.23080342
1jl0_PUT_A_401,0.045505925,0.90215522,0.033407859,0.095980927,0.37352597,0.25815894,0.22948481
1jl0_PUT_B_401,0.5371995,0.6606601,0.037389815,0.093507552,0.38120086,0.24718516,0.22630337
1jtk_THU_A_138,0,0.95567749,0.032535762,0.096441345,0.37312796,0.25886583,0.23080977
1jtk_THU_B_1138,0.5371995,0.6606601,0.037389815,0.093507552,0.38120086,0.24718516,0.22630337
1jw0_GUA_B_999,0,0.88972707,0.039058508,0.094469435,0.9406064,2.5129456e-06,0.19027788
1jyw_147_A_2001,0.5371995,0.6606601,0.037389815,0.093507552,0.38120086,0.24718516,0.22630337
1jyx_IPT_A_2001,0.5371995,0.6606601,0.037389815,0.093507552,0.38120086,0.24718516,0.22630337
1jyx_IPT_A_2002,0.5371995,0.6606601,0.037389815,0.093507552,0.38120086,0.24718516,0.22630337
1jyx_IPT_C_2001,0.5371995,0.6606601,0.037389815,0.093507552,0.38120086,0.24718516,0.22630337
1k5s_GRO_B_601,0.5371995,0.6606601,0.037389815,0.093507552,0.38120086,0.24718516,0.22630337
1k8z_IAG_A_501,0.99442625,0.96225639,0.03259204,0.095115494,0.39361051,0.23176697,0.24074166
1kae_HSO_A_1001,0.97038463,0,0.048133461,0.088002055,0.3834755,0.24195279,0.20869357
1kar_HSM_A_502,0.5371995,0.6606601,0.037389815,0.093507552,0.38120086,0.24718516,0.22630337
1kar_HSM_B_503,0.0036272461,0.66088291,0.037299936,0.094246369,0.37024833,0.26168848,0.22109659
1kbq_936_B_704,0.99325856,0.66046965,0.03746664,0.092876016,0.39056291,0.23478769,0.23075412
1kbq_936_C_701,0.5371995,0.6606601,0.037389815,0.093507552,0.38120086,0.24718516,0.22630337
1kdo_C_A_5407,0.5371995,0.6606601,0.037389815,0.093507552,0.38120086,0.24718516,0.22630337
1kdo_C_B_6407,0.5371995,0.6606601,0.037389815,0.093507552,0.38120086,0.24718516,0.22630337
1kep_TDX_A_3500,0.5371995,0.6606601,0.037389815,0.093507552,0.38120086,0.24718516,0.22630337
1ki2_GA2_A_1,0.95137752,0,0.048130354,0.08802833,0.38308526,0.2424695,0.20850789
1ki2_GA2_B_2,0.5371995,0.6606601,0.037389815,0.093507552,0.38120086,0.24718516,0.22630337
1klk_PMD_A_653,0.5371995,0.6606601,0.037389815,0.093507552,0.38120086,0.24718516,0.22630337
1klz_U_A_2001,0.96733147,0,0.048132962,0.088006275,0.38341281,0.24203579,0.20866374
1km6_OMP_A_2001,0.53752867,0,0.048062704,0.088600589,0.37458691,0.25372364,0.20446386
1knu_YPA_A_1001,0.5371995,0.6606601,0.037389815,0.093507552,0.38120086,0.24718516,0.22630337
1kuj_MMA_A_501,0.5371995,0.6606601,0.037389815,0.093507552,0.38120086,0.24718516,0.22630337
1kuj_MMA_C_502,0.5371995,0.6606601,0.037389815,0.093507552,0.38120086,0.24718516,0.22630337
1kuj_MMA_G_504,0.5371995,0.6606601,0.037389815,0.093507552,0.38120086,0.24718516,0.22630337
1kwc_BPY_B_401,0.99651389,0.99116452,0.032125367,0.095327309,0.39394302,0.23142385,0.24171778
1kwu_MMA_B_601,0.017913055,0.63927585,0.038747398,0.093770672,0.40716336,0.29409478,0.029012238
1kwu_MMA_C_701,0.01853816,0.93401632,0.032888731,0.09625484,0.37329153,0.25857644,0.23027473
1kya_XYD_B_612,0.9916317,0.9752551,0.032381587,0.095215899,0.39368338,0.23171417,0.24114411
1kya_XYD_D_814,0.015163434,0.97004199,0.032306181,0.096527068,0.37358321,0.25831131,0.23143281
1l4f_150_A_990,0.99368633,0.98467331,0.032229771,0.095283007,0.39381993,0.23156502,0.24147556
1l4f_NCN_A_991,0.9681295,0.99178363,0.032110725,0.095371146,0.39336646,0.23218935,0.24146097
1l5o_2MP_A_990,0.99710042,0.99368906,0.032084679,0.095345248,0.39398036,0.23138289,0.24180698
1lc8_33P_A_800,0.5371995,0.6606601,0.037389815,0.093507552,0.38120086,0.24718516,0.22630337
1ldo_SNR_A_150,0.5371995,0.6606601,0.037389815,0.093507552,0.38120086,0.24718516,0.22630337
1ldo_SNR_B_350,0.5371995,0.6606601,0.037389815,0.093507552,0.38120086,0.24718516,0.22630337
1lfw_AEP_A_683,0,0.96861445,0.032326764,0.096537428,0.37325758,0.25873767,0.23123748
1lo3_AN1_Y_500,0.99192112,0.97975166,0.022496192,0.097911384,0,0,0.30955958
1lqp_FCN_B_4001,0,0,0.047974831,0.089343532,0.36355246,0.2683329,0.19921405
1lqp_FCN_B_4003,0,0,0.047974831,0.089343532,0.36355246,0.2683329,0.19921405
1lro_PEP_A_1268,0.5371995,0.6606601,0.037389815,0.093507552,0.38120086,0.24718516,0.22630337
1lro_PEP_B_2268,0.5371995,0.6606601,0.037389815,0.093507552,0.38120086,0.24718516,0.22630337
1lti_GAL_D_104,0.5371995,0.6606601,0.037389815,0.093507552,0.38120086,0.24718516,0.22630337
1lti_GAL_E_104,0.5371995,0.6606601,0.037389815,0.093507552,0.38120086,0.24718516,0.22630337
1lti_GAL_H_104,0.5371995,0.6606601,0.037389815,0.093507552,0.38120086,0.24718516,0.22630337
1luq_BTN_A_5100,0.5371995,0.6606601,0.037389815,0.093507552,0.38120086,0.24718516,0.22630337
1luq_BTN_B_5200,0.5371995,0.6606601,0.037389815,0.093507552,0.38120086,0.24718516,0.22630337
1lzz_IHG_B_1830,0.5371995,0.6606601,0.037389815,0.093507552,0.38120086,0.24718516,0.22630337
1m3u_KPL_A_265,0.42182256,0.84788602,0.0343461,0.095057643,0.3807084,0.24846629,0.23136678
1m3u_KPL_B_265,0.5371995,0.6606601,0.037389815,0.093507552,0.38120086,0.24718516,0.22630337
1m3u_KPL_E_265,0.5371995,0.6606601,0.037389815,0.093507552,0.38120086,0.24718516,0.22630337
1m3u_KPL_F_265,0.5371995,0.6606601,0.037389815,0.093507552,0.38120086,0.24718516,0.22630337
1m3u_KPL_G_265,0.5371995,0.6606601,0.037389815,0.093507552,0.38120086,0.24718516,0.22630337
1m3u_KPL_I_265,0.5371995,0.6606601,0.037389815,0.093507552,0.38120086,0.24718516,0.22630337
1m3u_KPL_J_265,0.5371995,0.6606601,0.037389815,0.093507552,0.38120086,0.24718516,0.22630337
1m9j_CLW_A_906,0.0010600658,0,0.047975005,0.089342066,0.36357422,0.26830408,0.1992244
1ml4_PAL_A_385,0.5371995,0.6606601,0.037389815,0.093507552,0.38120086,0.24718516,0.22630337
1mmx_FUC_A_348,0.5371995,0.6606601,0.037389815,0.093507552,0.38120086,0.24718516,0.22630337
1mmx_FUC_B_348,0.5371995,0.6606601,0.037389815,0.093507552,0.38120086,0.24718516,0.22630337
1mmy_G6D_A_348,0.5371995,0.6606601,0.037389815,0.093507552,0.38120086,0.24718516,0.22630337
1mmy_G6D_B_348,0.5371995,0.6606601,0.037389815,0.093507552,0.38120086,0.24718516,0.22630337
1mrj_ADN_A_300,0.99255623,0.98721051,0.032188597,0.095303413,0.39382215,0.23157061,0.2415484
1mrq_STR_A_501,0.98824881,0.97981706,0.032307335,0.095254457,0.39365963,0.23176094,0.24126189
1msv_PUT_A_355,0.5371995,0.6606601,0.037389815,0.093507552,0.38120086,0.24718516,0.22630337
1msv_PUT_B_355,0.5371995,0.6606601,0.037389815,0.093507552,0.38120086,0.24718516,0.22630337
1mvc_BM6_A_200,0.99246354,0.99215841,0.032108648,0.09534029,0.39386982,0.23152411,0.24171108
1n1i_HIS_C_501,0.8243796,0,0.048109594,0.088203895,0.38047786,0.24592197,0.20726727
1n3o_GYP_A_1001,0.53705693,0.94680066,0.032766959,0.095632954,0.38406559,0.24435304,0.23576295
1n3o_GYP_B_1101,0.53704984,0.96103598,0.032536985,0.095738687,0.3842081,0.24421215,0.23623353
1n5i_TMP_A_217,0.53752867,0,0.048062704,0.088600589,0.37458691,0.25372364,0.20446386
1ne4_RP1_A_401,0.5371995,0.6606601,0.037389815,0.093507552,0.38120086,0.24718516,0.22630337
1nf0_13P_A_5001,0.5371995,0.6606601,0.037389815,0.093507552,0.38120086,0.24718516,0.22630337
1nf0_13P_B_1150,0.5371995,0.6606601,0.037389815,0.093507552,0.38120086,0.24718516,0.22630337
1njr_XYL_A_285,0.5371995,0.6606601,0.037389815,0.093507552,0.38120086,0.24718516,0.22630337
1nme_159_B_9002,0.97329797,0.96439468,0.032554041,0.095160583,0.39319815,0.23232016,0.24060595
1nmm_NAG_B_403,0.98559406,0.97401938,0.032400563,0.095215068,0.39354704,0.23189055,0.24104427
1nmm_NAG_D_527,0.53704438,0.97198781,0.032360056,0.095820032,0.38431774,0.24410376,0.23659558
1nmz_NYM_A_301,0.5371995,0.6606601,0.037389815,0.093507552,0.38120086,0.24718516,0.22630337
1now_IFG_A_557,0.5371995,0.6606601,0.037389815,0.093507552,0.38120086,0.24718516,0.22630337
1now_IFG_B_558,0.5371995,0.6606601,0.037389815,0.093507552,0.38120086,0.24718516,0.22630337
1ns4_BGC_A_1400,0.5371995,0.6606601,0.037389815,0.093507552,0.38120086,0.24718516,0.22630337
1ns4_BGC_B_2400,0.5371995,0.6606601,0.037389815,0.093507552,0.38120086,0.24718516,0.22630337
1nsm_GAL_A_1400,0.5371995,0.6606601,0.037389815,0.093507552,0.38120086,0.24718516,0.22630337
1nsm_GLA_B_2400,0.5371995,0.6606601,0.037389815,0.093507552,0.38120086,0.24718516,0.22630337
1nuw_F6P_A_2336,0,0.66088443,0.037299325,0.094251391,0.37017387,0.26178707,0.2210612
1nux_F6P_A_2339,0.9712401,0.66047884,0.037462931,0.092906505,0.39011093,0.23538621,0.23053925
1o28_UFP_B_708,0.5371995,0.6606601,0.037389815,0.093507552,0.38120086,0.24718516,0.22630337
1o28_UFP_C_713,0.5371995,0.6606601,0.037389815,0.093507552,0.38120086,0.24718516,0.22630337
1o28_UFP_D_718,9.5050001e-05,0,0.047974847,0.0893434,0.36355441,0.26833032,0.19921497
1o29_UFP_A_803,0.5371995,0.6606601,0.037389815,0.093507552,0.38120086,0.24718516,0.22630337
1o29_UFP_C_813,0.5371995,0.6606601,0.037389815,0.093507552,0.38120086,0.24718516,0.22630337
1o2i_655_A_246,0.53752867,0,0.048062704,0.088600589,0.37458691,0.25372364,0.20446386
1o68_KIV_B_275,0.9921679,0.97842617,0.032330446,0.095238709,0.39372616,0.23166818,0.24125419
1o68_KIV_D_275,0.92939119,0.99160496,0.032107279,0.095423371,0.39256933,0.23324423,0.24107664
1o68_KIV_E_275,0.9968964,0.9215331,0.033250332,0.094809628,0.3932532,0.23210323,0.23941943
1o6g_SIN_A_724,0.96743382,0.91780026,0.03330582,0.094822633,0.3926109,0.23294115,0.23900821
1o8a_NXA_A_702,0.53752867,0,0.048062704,0.088600589,0.37458691,0.25372364,0.20446386
1okm_SAB_A_555,0.5371995,0.6606601,0.037389815,0.093507552,0.38120086,0.24718516,0.22630337
1om5_INE_A_790,0.5371995,0.6606601,0.037389815,0.093507552,0.38120086,0.24718516,0.22630337
1om5_INE_B_791,0.5371995,0.6606601,0.037389815,0.093507552,0.38120086,0.24718516,0.22630337
1opr_ORO_A_220,0.99831537,0,0.040431384,0.090054205,0.12432701,0,0.26252194
1ov5_2LP_A_403,0.99352793,0.99478198,0.032066438,0.095358303,0.39391796,0.23146919,0.24180821
1ovk_NYL_A_405,0.5371995,0.6606601,0.037389815,0.093507552,0.38120086,0.24718516,0.22630337
1owz_4FA_A_409,0.5371995,0.6606601,0.037389815,0.093507552,0.38120086,0.24718516,0.22630337
1oxp_IK2_A_411,0.96819645,0.94966152,0.022976875,0.097721119,8.2486259e-06,0,0.30834299
1p1w_AMQ_A_428,0.53752867,0,0.048062704,0.088600589,0.37458691,0.25372364,0.20446386
1p1w_AMQ_B_427,0.53752867,0,0.048062704,0.088600589,0.37458691,0.25372364,0.20446386
1p2s_ETF_A_400,0.53717942,0.7009665,0.036738457,0.09380702,0.38160447,0.24678609,0.22763623
1p7c_THM_B_501,0.5371995,0.6606601,0.037389815,0.093507552,0.38120086,0.24718516,0.22630337
1p7l_MET_A_485,0.53752867,0,0.048062704,0.088600589,0.37458691,0.25372364,0.20446386
1p7l_MET_B_385,0.53752867,0,0.048062704,0.088600589,0.37458691,0.25372364,0.20446386
1p7l_PPK_C_684,0.5371995,0.6606601,0.037389815,0.093507552,0.38120086,0.24718516,0.22630337
1p7l_PPK_D_884,0.5371995,0.6606601,0.037389815,0.093507552,0.38120086,0.24718516,0.22630337
1pfw_MF3_A_553,0.5371995,0.6606601,0.037389815,0.093507552,0.38120086,0.24718516,0.22630337
1pi3_TZD_A_530,0.5371995,0.6606601,0.037389815,0.093507552,0.38120086,0.24718516,0.22630337
1pke_2FD_A_446,0.5371995,0.6606601,0.037389815,0.093507552,0.38120086,0.24718516,0.22630337
1pke_2FD_B_447,0.5371995,0.6606601,0.037389815,0.093507552,0.38120086,0.24718516,0.22630337
1pke_2FD_C_448,0.5371995,0.6606601,0.037389815,0.093507552,0.38120086,0.24718516,0.22630337
1pl6_572_A_405,0.53705372,0.95325612,0.03266267,0.095680902,0.38413021,0.24428915,0.23597635
1pl6_572_B_407,0.53705799,0.94468091,0.032801204,0.09561721,0.38404436,0.24437402,0.23569287
1pl6_572_C_409,0.53705093,0.958854,0.032572235,0.09572248,0.38418625,0.24423375,0.2361614
1poc_GEL_A_420,0.53705451,0.95165088,0.032688603,0.095668979,0.38411414,0.24430504,0.23592328
1pr0_NOS_A_1245,0.5371995,0.6606601,0.037389815,0.093507552,0.38120086,0.24718516,0.22630337
1pr0_NOS_B_1246,0.5371995,0.6606601,0.037389815,0.093507552,0.38120086,0.24718516,0.22630337
1pr0_NOS_C_1247,0.5371995,0.6606601,0.037389815,0.093507552,0.38120086,0.24718516,0.22630337
1pr6_XYA_A_1245,0.5371995,0.6606601,0.037389815,0.093507552,0.38120086,0.24718516,0.22630337
1pr6_XYA_C_1247,0.5371995,0.6606601,0.037389815,0.093507552,0.38120086,0.24718516,0.22630337
1pvc_ILE_0_7,0.53752867,0,0.048062704,0.088600589,0.37458691,0.25372364,0.20446386
1pwz_RSO_A_256,0.99704689,0.95304311,0.032741309,0.095043444,0.393572,0.23178699,0.24046266
1pym_OXL_A_1001,0.99587261,0.87602299,0.033985385,0.094473039,0.39277618,0.23258189,0.23790482
1pzy_NAG_B_405,0.53704575,0.96923682,0.032404499,0.095799599,0.3842902,0.24413099,0.23650464
1pzy_NAG_D_406,0.53706721,0.92616841,0.033100277,0.095479708,0.38385903,0.24455724,0.23508089
1q20_PLO_A_401,4.5957738e-07,0.98976784,0.031985029,0.096694534,0.37346954,0.25852811,0.23193684
1q3a_NGH_A_480,0.99064438,0.85950608,0.034251363,0.094357596,0.39250335,0.23288764,0.23730768
1q3a_NGH_B_479,0.96675714,0.95346286,0.032729577,0.095088435,0.39295433,0.23260627,0.24018064
1q4g_BFL_A_701,0.98606175,0.9863461,0.0322015,0.095305972,0.39368015,0.23175572,0.24145638
1q4g_BFL_B_1701,0.9911122,0.9888112,0.032162502,0.095317298,0.39380854,0.23159401,0.24158721
1q6r_LX1_A_7301,0.99215021,0,0.048137019,0.087971966,0.38392237,0.24136109,0.20890619
1q6r_LX1_B_9301,0.98713275,0,0.048136199,0.087978902,0.38381935,0.24149749,0.20885718
1q92_DRM_A_1001,0.5371995,0.6606601,0.037389815,0.093507552,0.38120086,0.24718516,0.22630337
1qit_MAE_A_411,0.5371995,0.6606601,0.037389815,0.093507552,0.38120086,0.24718516,0.22630337
1qmh_CIT_A_401,0.53708872,0.88300113,0.033797652,0.095159083,0.38342687,0.24498447,0.23365388
1r4f_AD3_B_330,0.5371995,0.6606601,0.037389815,0.093507552,0.38120086,0.24718516,0.22630337
1r4s_MUA_A_800,0.082806303,0.97175427,0.032289576,0.096446275,0.37498914,0.25645546,0.23215021
1rf2_BV4_E_105,0.5371995,0.6606601,0.037389815,0.093507552,0.38120086,0.24718516,0.22630337
1rf2_BV4_H_108,0.5371995,0.6606601,0.037389815,0.093507552,0.38120086,0.24718516,0.22630337
1rnd_DGP_A_126,0.5371995,0.6606601,0.037389815,0.093507552,0.38120086,0.24718516,0.22630337
1rum_BEZ_H_1601,0.98712959,0.9750919,0.032383488,0.09522091,0.39358931,0.23183818,0.24109473
1rvt_NDG_H_742,0.5371995,0.6606601,0.037389815,0.093507552,0.38120086,0.24718516,0.22630337
1rvz_NAG_A_3321,0.5371995,0.6606601,0.037389815,0.093507552,0.38120086,0.24718516,0.22630337
1rvz_NAG_F_3331,0.5371995,0.6606601,0.037389815,0.093507552,0.38120086,0.24718516,0.22630337
1s1f_PIM_A_431,0.5371995,0.6606601,0.037389815,0.093507552,0.38120086,0.24718516,0.22630337
1s3u_TQD_A_187,0.5475266,0.98836486,0.032097199,0.095927204,0.38469678,0.2436574,0.23723915
1s3v_TQD_A_187,0.5371995,0.6606601,0.037389815,0.093507552,0.38120086,0.24718516,0.22630337
1s5s_PG3_A_1,0.5371995,0.6606601,0.037389815,0.093507552,0.38120086,0.24718516,0.22630337
1s6h_4BZ_A_1,0.99692146,0.97821881,0.032334573,0.095230597,0.39382168,0.23154101,0.24129377
1s83_4HA_A_5,0.97650847,0.96651693,0.032520281,0.095171907,0.39328533,0.23221186,0.24070748
1sep_BIO_A_801,0,0,0.047974831,0.089343532,0.36355246,0.2683329,0.19921405
1sff_IK2_B_450,0.5371995,0.6606601,0.037389815,0.093507552,0.38120086,0.24718516,0.22630337
1sff_IK2_C_450,0.5371995,0.6606601,0.037389815,0.093507552,0.38120086,0.24718516,0.22630337
1sjc_SMG_A_1000,0.53706166,0.93730527,0.032920359,0.095562427,0.38397052,0.24444702,0.23544905
1sjc_SMG_B_1100,0.53706055,0.93954584,0.032884162,0.095579069,0.38399296,0.24442484,0.23552312
1sjc_SMG_D_1300,0.53705533,0.95002002,0.03271495,0.095656866,0.38409782,0.24432118,0.23586937
1sqk_LAR_A_378,0.5371995,0.6606601,0.037389815,0.093507552,0.38120086,0.24718516,0.22630337
1syf_THP_A_180,0.53752867,0,0.048062704,0.088600589,0.37458691,0.25372364,0.20446386
1sz6_NAG_A_5003,0.53752867,0,0.048062704,0.088600589,0.37458691,0.25372364,0.20446386
1sz6_NAG_B_5002,0.53704583,0.96908857,0.032406893,0.095798498,0.38428872,0.24413246,0.23649974
1sz6_NAG_B_5004,0.53752867,0,0.048062704,0.088600589,0.37458691,0.25372364,0.20446386
1t87_CAM_B_2422,0.081808415,0.97759823,0.032195004,0.096491057,0.37502721,0.2564247,0.23233367
1t93_FLV_A_431,0.5371995,0.6606601,0.037389815,0.093507552,0.38120086,0.24718516,0.22630337
1t93_FLV_A_432,0.99533845,0.9833779,0.00011129274,0.095288254,0.39220553,0.2300807,0.24180454
1tc2_7HP_A_800,0.99734029,0,0.048137868,0.087964791,0.38402892,0.24121999,0.20895689
1tc2_7HP_B_810,0.99836053,0,0.048138035,0.08796338,0.38404987,0.24119226,0.20896686
1thc_FL9_A_130,0.5371995,0.6606601,0.037389815,0.093507552,0.38120086,0.24718516,0.22630337
1thc_FL9_A_131,0.0034077821,0.660883,0.037299899,0.094246673,0.37024382,0.26169444,0.22109445
1thc_FL9_B_130,0,0.94444694,0.032717193,0.096357936,0.37301543,0.25897708,0.23043848
1thc_FL9_B_131,0.030091695,0.66087186,0.037304394,0.094209723,0.37079157,0.2609691,0.22135485
1tiw_TFB_A_2002,0.62811862,0.97161368,0.032380991,0.095691381,0.38618358,0.24163242,0.23747262
1tkh_DPN_A_913,0,0,0.047974831,0.089343532,0.36355246,0.2683329,0.19921405
1tkj_MED_A_913,0.83885921,0,0.049430749,0.087807738,0.42138912,0.28157375,0
1tl2_NDG_A_237,0.5371995,0.6606601,0.037389815,0.093507552,0.38120086,0.24718516,0.22630337
1tl2_NDG_A_238,0.5371995,0.6606601,0.037389815,0.093507552,0.38120086,0.24718516,0.22630337
1tl2_NDG_A_239,0.5371995,0.6606601,0.037389815,0.093507552,0.38120086,0.24718516,0.22630337
1tl2_NDG_A_240,0.5371995,0.6606601,0.037389815,0.093507552,0.38120086,0.24718516,0.22630337
1tl2_NDG_A_241,0.5371995,0.6606601,0.037389815,0.093507552,0.38120086,0.24718516,0.22630337
1toq_AMG_A_501,0.99549451,0.95893793,0.032645824,0.095089371,0.39359919,0.2317708,0.24064238
1toq_AMG_E_503,0,0.9581768,0.027760695,0.097810901,0.22746386,0.12953261,0.99461845
1toq_AMG_G_504,0.9657646,0.94595247,0.032850746,0.095034027,0.3928587,0.23270765,0.23992264
1tsd_UMP_A_267,0.5371995,0.6606601,0.037389815,0.093507552,0.38120086,0.24718516,0.22630337
1tsd_UMP_B_265,0.5371995,0.6606601,0.037389815,0.093507552,0.38120086,0.24718516,0.22630337
1tt6_DES_A_129,0.5371995,0.6606601,0.037389815,0.093507552,0.38120086,0.24718516,0.22630337
1tuu_PIS_B_2854,0.53708122,0.89805393,0.033554472,0.095270887,0.38357757,0.24483549,0.23415149
1tvw_CB3_A_318,0.5371995,0.6606601,0.037389815,0.093507552,0.38120086,0.24718516,0.22630337
1tvw_UMP_A_317,0.5371995,0.6606601,0.037389815,0.093507552,0.38120086,0.24718516,0.22630337
1u18_HSM_A_401,0.88445605,0,0.048119414,0.088120844,0.38171129,0.24428878,0.20785415
1u1g_BBB_B_4300,0.5371995,0.6606601,0.037389815,0.093507552,0.38120086,0.24718516,0.22630337
1u1g_BBB_C_5300,0.5371995,0.6606601,0.037389815,0.093507552,0.38120086,0.24718516,0.22630337
1u1g_BBB_D_6300,0.5371995,0.6606601,0.037389815,0.093507552,0.38120086,0.24718516,0.22630337
1u1g_BBB_F_8300,0.5371995,0.6606601,0.037389815,0.093507552,0.38120086,0.24718516,0.22630337
1u2o_NEC_A_1001,0.53703826,0.9842777,0.03216151,0.095911315,0.38444078,0.24398213,0.23700185
1u2o_NEC_B_1002,0.5370384,0.98398553,0.03216623,0.095909145,0.38443785,0.24398502,0.2369922
1u6r_IOM_B_1601,0.5370436,0.97355557,0.032334728,0.095831676,0.38433344,0.24408825,0.2366474
1uay_ADN_A_1001,0.53704113,0.97851728,0.032254571,0.095868529,0.38438311,0.24403914,0.23681143
1uay_ADN_B_1002,0.53705301,0.95467063,0.032639818,0.095691408,0.38414437,0.24427515,0.23602311
1ubs_SER_B_398,0.96313177,0.94124263,0.032926403,0.095002687,0.39275745,0.23282588,0.23974121
1uk7_BUA_A_1300,0.5371995,0.6606601,0.037389815,0.093507552,0.38120086,0.24718516,0.22630337
1um4_SH4_H_1001,0.53703852,0.98374385,0.032170135,0.09590735,0.38443543,0.24398741,0.23698421
1uqx_MMA_A_1116,0.53706862,0.92333776,0.033146007,0.095458683,0.38383069,0.24458526,0.23498732
1uux_PPI_A_1165,0.99515914,0.93079883,0.033100359,0.094880846,0.39331037,0.23205867,0.2397088
1uxi_FUM_A_1311,0.53707263,0.91529939,0.033275868,0.095398978,0.38375022,0.24466481,0.23472159
1uxi_FUM_B_1311,0.53707237,0.91581464,0.033267544,0.095402805,0.38375538,0.24465971,0.23473862
1uxq_G1P_A_1503,0.52643772,0.8249602,0.024900918,0.097406981,0.00068559358,0,0.30005059
1v03_BGC_A_1498,0.91451413,0,0.040366831,0.090183845,0.12089601,0,0.26205642
1v5g_HTL_A_1602,0.53752867,0,0.048062704,0.088600589,0.37458691,0.25372364,0.20446386
1v5y_4HC_A_1455,0.5371995,0.6606601,0.037389815,0.093507552,0.38120086,0.24718516,0.22630337
1v5y_4HC_B_1201,0.5371995,0.6606601,0.037389815,0.093507552,0.38120086,0.24718516,0.22630337
1vje_MSE_A_401,0.93868149,0.89802039,0.033620666,0.094715476,0.39182239,0.23391873,0.23807338
1vkf_CIT_A_501,0,0.66088443,0.037299325,0.094251391,0.37017387,0.26178707,0.2210612
1vkf_CIT_D_503,0.7903452,0.66055438,0.037432459,0.093156992,0.38639762,0.24030341,0.22877395
1vl1_CIT_A_300,0.86706107,0.66052235,0.037445382,0.093050763,0.3879724,0.23821807,0.2295226
1vzd_UFP_A_317,0.5371995,0.6606601,0.037389815,0.093507552,0.38120086,0.24718516,0.22630337
1vzu_UDP_A_1371,0.53705943,0.94178014,0.032848066,0.095595664,0.38401532,0.24440273,0.23559698
1vzu_UDP_B_2371,0.53705138,0.95794339,0.032586946,0.095715717,0.38417714,0.24424276,0.2361313
1w1a_NDG_1_1261,0.5371995,0.6606601,0.037389815,0.093507552,0.38120086,0.24718516,0.22630337
1w1a_NDG_2_1261,0.5371995,0.6606601,0.037389815,0.093507552,0.38120086,0.24718516,0.22630337
1w3t_3GR_B_1297,0.53713096,0.79823146,0.035167123,0.094529456,0.38257822,0.24582345,0.23085159
1w3t_3GR_C_1297,0.5371995,0.6606601,0.037389815,0.093507552,0.38120086,0.24718516,0.22630337
1w55_C_A_1372,1.4510704e-05,0.66088442,0.037299327,0.094251371,0.37017417,0.26178668,0.22106134
1w55_C_A_1373,0.9813245,0.66047463,0.03746463,0.092892541,0.39031793,0.23511209,0.23063766
1w55_GPP_A_1374,0.5371995,0.6606601,0.037389815,0.093507552,0.38120086,0.24718516,0.22630337
1w62_PYC_A_700,0,0,0.047974831,0.089343532,0.36355246,0.2683329,0.19921405
1w78_PD8_A_1421,0.53763327,0.65825503,0.037455052,0,0.38207032,0.24797773,0.22604555
1wc7_PP3_A_1214,0,0.92140223,0.033089482,0.096186783,0.37278453,0.25920536,0.2296766
1wmz_NGA_C_503,0.5371995,0.6606601,0.037389815,0.093507552,0.38120086,0.24718516,0.22630337
1wq4_TYR_A_501,0.98465747,0,0.048135795,0.087982324,0.38376853,0.24156478,0.208833
1x09_IPE_A_901,0.5371995,0.6606601,0.037389815,0.093507552,0.38120086,0.24718516,0.22630337
1x09_IPE_A_902,0.5371995,0.6606601,0.037389815,0.093507552,0.38120086,0.24718516,0.22630337
1x29_PMG_B_1413,0.5371995,0.6606601,0.037389815,0.093507552,0.38120086,0.24718516,0.22630337
1x2a_PDG_A_413,0.5371995,0.6606601,0.037389815,0.093507552,0.38120086,0.24718516,0.22630337
1x7j_GEN_B_202,0.53703353,0.99376865,0.032008182,0.095981809,0.3845358,0.24388819,0.2373156
1x8x_TYR_A_952,0.99166536,0.95203449,0.032756724,0.095043393,0.39345141,0.23194328,0.24037674
1xc7_GL6_A_998,0.53704056,0.97966028,0.032236105,0.095877019,0.38439455,0.24402783,0.23684921
1xdj_HCS_A_1049,0.5321477,0.66023983,0.043575039,0.091832653,0.58893665,0.44055216,0.18335787
1xid_ASC_A_389,0.9912334,0.89814863,0.033627185,0.09464378,0.39290262,0.23248883,0.238591
1xin_XYL_A_397,0.5371995,0.6606601,0.037389815,0.093507552,0.38120086,0.24718516,0.22630337
1xin_XYL_B_397,0.5371995,0.6606601,0.037389815,0.093507552,0.38120086,0.24718516,0.22630337
1xin_XYL_C_397,0.5371995,0.6606601,0.037389815,0.093507552,0.38120086,0.24718516,0.22630337
1xin_XYL_D_397,0.5371995,0.6606601,0.037389815,0.093507552,0.38120086,0.24718516,0.22630337
1xl0_OX2_A_998,0.5370341,0.99262944,0.032026586,0.095973347,0.38452439,0.24389947,0.23727794
1xny_BTN_A_5602,0.96277469,0.88526479,0.033830673,0.094587433,0.39218925,0.23339011,0.23788703
1xuz_PEP_A_2001,0.9135682,0.84420816,0.034485903,0.09435053,0.39076761,0.23513451,0.23604897
1y2x_NAG_A_144,0,0.88494877,0.033678392,0.095916043,0.37241929,0.25956648,0.2284714
1y2x_NAG_B_1144,0,0.96207865,0.032432351,0.096488887,0.37319209,0.25880242,0.2310214
1y2x_NAG_C_2144,0.96157168,0.89133688,0.033732381,0.094634194,0.39222539,0.23336267,0.23807603
1y2x_NAG_D_3144,0.96231023,0.96230572,0.032585993,0.095160258,0.39295163,0.23263956,0.24042955
1y42_TYR_X_701,0.85924668,0.84976395,0.034387269,0.094466888,0.389708,0.23655622,0.23570199
1y5v_NE8_A_500,0.5371995,0.6606601,0.037389815,0.093507552,0.38120086,0.24718516,0.22630337
1y5x_E89_A_500,0.5371995,0.6606601,0.037389815,0.093507552,0.38120086,0.24718516,0.22630337
1y5x_E89_D_1500,0.5371995,0.6606601,0.037389815,0.093507552,0.38120086,0.24718516,0.22630337
1y8j_STS_A_900,0.5371995,0.6606601,0.037389815,0.093507552,0.38120086,0.24718516,0.22630337
1yee_PNB_H_551,0.5371995,0.6606601,0.037389815,0.093507552,0.38120086,0.24718516,0.22630337
1yik_MM1_A_501,0.34175622,0.66515264,0.037285089,0.093811168,0.37723364,0.25245309,0.22454327
1yw9_A84_A_482,0.5371995,0.6606601,0.037389815,0.093507552,0.38120086,0.24718516,0.22630337
1z11_8MO_C_501,0.98998631,0.94893196,0.032806571,0.095022671,0.39338585,0.23201966,0.24025776
1z4k_T3P_A_4341,0.5371995,0.6606601,0.037389815,0.093507552,0.38120086,0.24718516,0.22630337
1z6k_OAA_A_274,0.5371995,0.6606601,0.037389815,0.093507552,0.38120086,0.24718516,0.22630337
1zb6_DIN_A_401,0.53704036,0.98006294,0.0322296,0.09588001,0.38439858,0.24402384,0.23686252
1zb6_GST_A_502,0.5371995,0.6606601,0.037389815,0.093507552,0.38120086,0.24718516,0.22630337
1zdq_MSM_A_1507,0.53703428,0.99225512,0.032032633,0.095970567,0.38452064,0.24390317,0.23726557
1zdq_MSM_B_1508,0.53703639,0.98801844,0.032101078,0.095939099,0.38447823,0.24394511,0.23712551
1zei_CRS_C_56,0.5371995,0.6606601,0.037389815,0.093507552,0.38120086,0.24718516,0.22630337
1zei_CRS_D_54,0.5371995,0.6606601,0.037389815,0.093507552,0.38120086,0.24718516,0.22630337
1zei_CRS_E_54,0.5371995,0.6606601,0.037389815,0.093507552,0.38120086,0.24718516,0.22630337
1zei_CRS_E_55,0.52925594,0.63550092,0.039077458,0.092983235,0.42391876,0.28570671,9.805556e-06
1zei_CRS_F_54,0.5371995,0.6606601,0.037389815,0.093507552,0.38120086,0.24718516,0.22630337
1zei_CRS_F_55,0.24575348,0.98633146,0.00010325508,0.096346401,0.37684757,0.25043106,0.2345791
1zfj_IMP_A_500,0.5371995,0.6606601,0.037389815,0.093507552,0.38120086,0.24718516,0.22630337
1zg3_2HI_A_365,0.80538256,0.98039737,0.032268067,0.095511564,0.38991101,0.23672645,0.23949468
1zha_PEP_A_1268,0.5371995,0.6606601,0.037389815,0.093507552,0.38120086,0.24718516,0.22630337
1zha_PEP_B_2268,0.5371995,0.6606601,0.037389815,0.093507552,0.38120086,0.24718516,0.22630337
1zha_R5P_A_1269,0.51672359,0.66066865,0.037386367,0.093535879,0.38078087,0.24774117,0.22610375
1zjp_DR4_A_1,0.5371995,0.6606601,0.037389815,0.093507552,0.38120086,0.24718516,0.22630337
1zk0_SS2_A_1260,0.78316205,0.96934391,0.032443004,0.095460188,0.38934405,0.23744002,0.23891217
1zmt_RNO_A_1002,0.5371995,0.6606601,0.037389815,0.093507552,0.38120086,0.24718516,0.22630337
1zmt_RNO_B_1001,0.5371995,0.6606601,0.037389815,0.093507552,0.38120086,0.24718516,0.22630337
1zmt_RNO_C_1003,0.5371995,0.6606601,0.037389815,0.093507552,0.38120086,0.24718516,0.22630337
1zmt_RNO_D_1004,0.5371995,0.6606601,0.037389815,0.093507552,0.38120086,0.24718516,0.22630337
1zng_HE4_A_202,0.53704641,0.96792676,0.032425663,0.095789868,0.38427708,0.24414395,0.23646133
1zoy_UQ1_B_1201,0.5371995,0.6606601,0.037389815,0.093507552,0.38120086,0.24718516,0.22630337
1zpd_CIT_A_610,0.5371995,0.6606601,0.037389815,0.093507552,0.38120086,0.24718516,0.22630337
1zpd_CIT_B_610,0.5371995,0.6606601,0.037389815,0.093507552,0.38120086,0.24718516,0.22630337
1zpd_CIT_E_610,0.5371995,0.6606601,0.037389815,0.093507552,0.38120086,0.24718516,0.22630337
1zpd_CIT_F_610,0.5371995,0.6606601,0.037389815,0.093507552,0.38120086,0.24718516,0.22630337
1zuw_DGL_A_1301,0.53703688,0.98705009,0.032116722,0.095931907,0.38446853,0.24395469,0.2370935
1zuw_DGL_B_2301,0.53703743,0.98594309,0.032134605,0.095923685,0.38445745,0.24396565,0.23705691
1zuw_DGL_C_3301,0.53703614,0.98853667,0.032092706,0.095942948,0.38448342,0.24393998,0.23714265
1zwp_NIM_A_401,0.9545907,0.94488591,0.032866149,0.095041553,0.3926186,0.23302198,0.23977822
227l_BNZ_A_169,0.99736557,0.99278316,0.032099357,0.095338153,0.39397672,0.23138466,0.24177962
2a15_NCA_A_1001,0.5371995,0.6606601,0.037389815,0.093507552,0.38120086,0.24718516,0.22630337
2a1m_CAM_A_1422,0.50253516,0.9879787,0.032096083,0.095986533,0.38376919,0.24488432,0.23678687
2a1m_CAM_B_2422,0,0.99117567,0.031962285,0.09670499,0.37348364,0.25851418,0.23198338
2a5t_GLU_B_2002,0.5371995,0.6606601,0.037389815,0.093507552,0.38120086,0.24718516,0.22630337
2a5t_GLY_A_1001,0.53752867,0,0.048062704,0.088600589,0.37458691,0.25372364,0.20446386
2a9z_26A_A_1001,0.99335643,0.66046961,0.037466657,0.09287588,0.39056492,0.23478503,0.23075508
2a9z_26A_A_1002,0.9726906,0.66047824,0.037463176,0.092904496,0.3901407,0.23534678,0.23055341
2agw_TSS_D_3001,0.53752867,0,0.048062704,0.088600589,0.37458691,0.25372364,0.20446386
2agw_TSS_H_2001,0.53752867,0,0.048062704,0.088600589,0.37458691,0.25372364,0.20446386
2ahc_VNL_A_166,0.53703412,0.99258572,0.032027292,0.095973023,0.38452395,0.2438999,0.2372765
2ahc_VNL_B_266,0.53704886,0.96299562,0.032505326,0.095753242,0.38422772,0.24419276,0.23629832
2ahc_VNL_D_466,0.53752867,0,0.048062704,0.088600589,0.37458691,0.25372364,0.20446386
2ai1_P1G_A_293,0.5371995,0.6606601,0.037389815,0.093507552,0.38120086,0.24718516,0.22630337
2aiq_BEN_A_401,0.98927238,0.98338686,0.032249832,0.095279555,0.39371642,0.23169776,0.24138991
2ajv_COC_L_501,0.5371995,0.6606601,0.037389815,0.093507552,0.38120086,0.24718516,0.22630337
2ajx_TGN_L_501,0.5371995,0.6606601,0.037389815,0.093507552,0.38120086,0.24718516,0.22630337
2as1_TP5_A_500,0.84014149,0.99355835,0.032061132,0.09556126,0.39075651,0.23565115,0.24026935
2b04_CHO_A_200,0.5371995,0.6606601,0.037389815,0.093507552,0.38120086,0.24718516,0.22630337
2b3f_GAL_A_3310,0.53703562,0.9895783,0.032075878,0.095950685,0.38449384,0.24392967,0.23717708
2b3f_GAL_B_3311,0.53703574,0.98933276,0.032079845,0.095948861,0.38449139,0.2439321,0.23716896
2b3f_GAL_C_3312,0.53703582,0.98916431,0.032082566,0.09594761,0.3844897,0.24393376,0.23716339
2b3f_GAL_D_3313,0.53703624,0.98832846,0.032096069,0.095941402,0.38448133,0.24394204,0.23713576
2b3f_GAL_E_3314,0.53703524,0.99032772,0.032063771,0.095956251,0.38450135,0.24392225,0.23720185
2b3f_GAL_F_3315,0.53703656,0.98768118,0.032106526,0.095936594,0.38447485,0.24394844,0.23711436
2bdg_PBZ_A_301,0.99473734,0.99621974,0.032043409,0.09536731,0.3939572,0.23142207,0.24186756
2bdg_PBZ_B_302,0.99058278,0.99566928,0.032051623,0.095368965,0.39386638,0.23154046,0.24180878
2bf7_HBI_B_1290,0,0,0.038092606,0.092024754,9.0654154e-07,0,0.26793093
2bf7_HBI_C_1290,0.5371995,0.6606601,0.037389815,0.093507552,0.38120086,0.24718516,0.22630337
2bf7_HBI_D_1290,0.5371995,0.6606601,0.037389815,0.093507552,0.38120086,0.24718516,0.22630337
2bgc_DTT_F_1238,0.5371995,0.6606601,0.037389815,0.093507552,0.38120086,0.24718516,0.22630337
2bgc_DTU_A_1238,0.53763327,0.65825503,0.037455052,0,0.38207032,0.24797773,0.22604555
2bk3_FOF_A_1503,0.91868267,0.9905141,0.032123151,0.095430073,0.39233854,0.23354615,0.24093596
2brk_CMF_A_1534,0.5371995,0.6606601,0.037389815,0.093507552,0.38120086,0.24718516,0.22630337
2bs3_CIT_D_1657,0.5371995,0.6606601,0.037389815,0.093507552,0.38120086,0.24718516,0.22630337
2bs8_NAG_A_1177,0.53709105,0.87833032,0.03387311,0.09512439,0.38338011,0.2450307,0.23349947
2bsc_NAG_A_1176,0,0.98456683,0.022497307,0.099252889,0.018844109,0,0.29832315
2bx7_34D_B_1313,0.98041028,0.86320922,0.034189866,0.094399247,0.39233034,0.23312917,0.23733013
2bxh_IOS_A_1002,0.53752867,0,0.048062704,0.088600589,0.37458691,0.25372364,0.20446386
2bxh_IOS_B_1002,0.53706711,0.92637842,0.033096884,0.095481268,0.38386113,0.24455516,0.23508783
2c3d_COM_A_1525,0.5371995,0.6606601,0.037389815,0.093507552,0.38120086,0.24718516,0.22630337
2c3d_COM_A_1526,0.5371995,0.6606601,0.037389815,0.093507552,0.38120086,0.24718516,0.22630337
2c3d_COM_B_1525,0.5371995,0.6606601,0.037389815,0.093507552,0.38120086,0.24718516,0.22630337
2c5b_5F1_A_500,0,0,0.047974831,0.089343532,0.36355246,0.2683329,0.19921405
2c5b_5F1_C_500,0,0,0.047974831,0.089343532,0.36355246,0.2683329,0.19921405
2c6q_IMP_A_1337,0.5371995,0.6606601,0.037389815,0.093507552,0.38120086,0.24718516,0.22630337
2c6q_IMP_B_1339,0.5371995,0.6606601,0.037389815,0.093507552,0.38120086,0.24718516,0.22630337
2c6q_IMP_C_1337,0.5371995,0.6606601,0.037389815,0.093507552,0.38120086,0.24718516,0.22630337
2c6q_IMP_D_1337,0.5371995,0.6606601,0.037389815,0.093507552,0.38120086,0.24718516,0.22630337
2c6q_IMP_E_1337,0.5371995,0.6606601,0.037389815,0.093507552,0.38120086,0.24718516,0.22630337
2c6q_IMP_G_1338,0.5371995,0.6606601,0.037389815,0.093507552,0.38120086,0.24718516,0.22630337
2c6q_IMP_H_1337,0.5371995,0.6606601,0.037389815,0.093507552,0.38120086,0.24718516,0.22630337
2caq_GSH_A_1208,0.53752867,0,0.048062704,0.088600589,0.37458691,0.25372364,0.20446386
2ci0_1CM_A_1450,0.53752867,0,0.048062704,0.088600589,0.37458691,0.25372364,0.20446386
2coj_GBN_A_420,0.5371995,0.6606601,0.037389815,0.093507552,0.38120086,0.24718516,0.22630337
2coj_GBN_B_420,0.5371995,0.6606601,0.037389815,0.093507552,0.38120086,0.24718516,0.22630337
2cxp_A5P_A_1601,0.53704636,0.96801873,0.032424177,0.095790551,0.38427801,0.24414304,0.23646437
2cxp_A5P_B_2601,0.53705521,0.95026194,0.032711041,0.095658663,0.38410024,0.24431879,0.23587737
2d0e_NQ_A_409,0.02018451,0.660876,0.037302725,0.094223442,0.3705882,0.26123841,0.22125817
2d0e_NQ_A_410,0.99111416,0.66047054,0.037466279,0.092878985,0.39051889,0.23484598,0.2307332
2d1j_D01_A_700,0.53722763,0.6042025,0.038301698,0.093088305,0.38063574,0.24774378,0.22443743
2d20_NPO_B_953,0.5370346,0.99162815,0.032042762,0.09596591,0.38451437,0.24390938,0.23724484
2d3n_GLC_A_608,0.013895512,0.93914262,0.032805156,0.096299331,0.37324757,0.25865187,0.23039885
2dcf_ACA_A_501,9.6187547e-07,0.97065714,0.050353465,0.091652972,0.97327166,0.82225419,0.10580651
2dm5_ODI_A_312,0.53704882,0.96308835,0.032503828,0.095753931,0.38422865,0.24419184,0.23630138
2dv0_ZST_A_600,0.53763327,0.65825503,0.037455052,2.8377262e-09,0.38207032,0.24797773,0.22604555
2e40_LGC_A_1001,0.5371995,0.6606601,0.037389815,0.093507552,0.38120086,0.24718516,0.22630337
2e40_LGC_B_2001,0.5371995,0.6606601,0.037389815,0.093507552,0.38120086,0.24718516,0.22630337
2e56_MYR_A_501,0.5371995,0.6606601,0.037389815,0.093507552,0.38120086,0.24718516,0.22630337
2e56_MYR_A_601,0.5371995,0.6606601,0.037389815,0.093507552,0.38120086,0.24718516,0.22630337
2e56_MYR_A_701,0.5371995,0.6606601,0.037389815,0.093507552,0.38120086,0.24718516,0.22630337
2eb5_OXL_A_2001,0.98917454,0.66047135,0.037465952,0.092881671,0.39047907,0.23489871,0.23071427
2eb5_OXL_B_2002,0.98365441,0.66047366,0.037465023,0.092889315,0.39036576,0.23504876,0.2306604
2eb5_OXL_C_2003,0.98853298,0.66047162,0.037465844,0.092882559,0.39046591,0.23491615,0.23070801
2eb5_OXL_E_2005,0.5371995,0.6606601,0.037389815,0.093507552,0.38120086,0.24718516,0.22630337
2ef9_A5P_A_1269,0,0.66088443,0.037299325,0.094251391,0.37017387,0.26178707,0.2210612
2ef9_A5P_B_2269,0.96285241,0.66048234,0.037461518,0.09291812,0.38993875,0.23561421,0.2304574
2ef9_PEP_A_1268,0.5371995,0.6606601,0.037389815,0.093507552,0.38120086,0.24718516,0.22630337
2ef9_PEP_B_2268,0.5371995,0.6606601,0.037389815,0.093507552,0.38120086,0.24718516,0.22630337
2ei7_D93_A_700,0.53752867,0,0.048062704,0.088600589,0.37458691,0.25372364,0.20446386
2euq_BVC_A_401,0.73427898,0.70256923,0.036744786,0.093546431,0.38566745,0.24141162,0.22961479
2evd_D10_A_304,0.53705038,0.95994292,0.032554643,0.095730568,0.38419716,0.24422297,0.2361974
2ex1_C5P_A_1427,0.5371995,0.6606601,0.037389815,0.093507552,0.38120086,0.24718516,0.22630337
2exs_TRP_B_2100,0,0,0.047974831,0.089343532,0.36355246,0.2683329,0.19921405
2f3s_7GP_A_998,0.53703579,0.9892257,0.032081574,0.095948066,0.38449031,0.24393316,0.23716542
2f64_12Q_A_472,0,1.3388283e-33,0.047974831,0.089343532,0.36355246,0.2683329,0.19921405
2f64_12Q_B_471,0.0054556519,1.1648884e-33,0.047975723,0.08933599,0.36366447,0.26818459,0.19926734
2f78_BEZ_A_1001,0.53703618,0.98845297,0.032094058,0.095942327,0.38448258,0.2439408,0.23713988
2f78_BEZ_A_1003,0.53703393,0.99297058,0.032021075,0.095975881,0.38452781,0.24389609,0.23728922
2f78_BEZ_B_1002,0.53703239,0.9960496,0.031971333,0.095998751,0.38455863,0.24386562,0.23739101
2f78_BEZ_B_1005,0.53703704,0.98672432,0.032121985,0.095929487,0.38446527,0.24395791,0.23708273
2f7x_4EA_E_351,0.5371995,0.6606601,0.037389815,0.093507552,0.38120086,0.24718516,0.22630337
2fc0_DGP_A_239,0.5371995,0.6606601,0.037389815,0.093507552,0.38120086,0.24718516,0.22630337
2fcu_AKG_A_897,0.5371995,0.6606601,0.037389815,0.093507552,0.38120086,0.24718516,0.22630337
2fcu_AKG_B_898,0.5371995,0.6606601,0.037389815,0.093507552,0.38120086,0.24718516,0.22630337
2fhk_MFN_A_600,0.5371995,0.6606601,0.037389815,0.093507552,0.38120086,0.24718516,0.22630337
2fhk_MFN_B_602,0.53870528,0,0.049984803,0.088077771,0.44405659,0.31087355,0.19111325
2fhk_MFN_C_601,0.5371995,0.6606601,0.037389815,0.093507552,0.38120086,0.24718516,0.22630337
2fib_GLY_B_2,0.53752867,0,0.048062704,0.088600589,0.37458691,0.25372364,0.20446386
2fkm_G16_X_464,0.5371995,0.6606601,0.037389815,0.093507552,0.38120086,0.24718516,0.22630337
2fr6_CTN_A_1001,0.5371995,0.6606601,0.037389815,0.093507552,0.38120086,0.24718516,0.22630337
2fr6_CTN_C_1003,0.5371995,0.6606601,0.037389815,0.093507552,0.38120086,0.24718516,0.22630337
2fr6_CTN_D_1004,0.5371995,0.6606601,0.037389815,0.093507552,0.38120086,0.24718516,0.22630337
2fr6_URI_B_1002,0.54415205,0,0.040080551,0.090757507,0.1056941,0,0.26000232
2fu9_MP2_B_2410,0.93812531,0.99086491,0.032120662,0.095405801,0.39274124,0.23301412,0.24113749
2fyd_BGC_B_403,0.53752867,0,0.048062704,0.088600589,0.37458691,0.25372364,0.20446386
2fyd_BGC_D_530,0.53703881,0.98317917,0.032179257,0.095903156,0.38442978,0.243993,0.23696554
2fyd_NGA_B_404,0.5371995,0.6606601,0.037389815,0.093507552,0.38120086,0.24718516,0.22630337
2fyd_NGA_D_529,0.5371995,0.6606601,0.037389815,0.093507552,0.38120086,0.24718516,0.22630337
2fz8_ZST_A_600,0.5371995,0.6606601,0.037389815,0.093507552,0.38120086,0.24718516,0.22630337
2fzb_TOL_A_600,0.5371995,0.6606601,0.037389815,0.093507552,0.38120086,0.24718516,0.22630337
2fzb_TOL_A_800,0.5371995,0.6606601,0.037389815,0.093507552,0.38120086,0.24718516,0.22630337
2fzb_TOL_A_900,0.53704721,0.96631681,0.032451672,0.09577791,0.38426097,0.24415989,0.23640811
2g21_L1B_A_885,0.98834116,0.99475628,0.032066006,0.095365283,0.39381121,0.23161044,0.24175669
2g5v_22M_A_301,0.53703792,0.98495266,0.032150606,0.095916328,0.38444754,0.24397545,0.23702417
2g8t_MI2_A_401,0.53752867,0,0.048062704,0.088600589,0.37458691,0.25372364,0.20446386
2g9z_VNP_A_602,0.5371995,0.6606601,0.037389815,0.093507552,0.38120086,0.24718516,0.22630337
2g9z_VNP_B_601,0.5371995,0.6606601,0.037389815,0.093507552,0.38120086,0.24718516,0.22630337
2giq_NN2_A_1001,0.5371995,0.6606601,0.037389815,0.093507552,0.38120086,0.24718516,0.22630337
2giq_NN2_B_2001,0.5371995,0.6606601,0.037389815,0.093507552,0.38120086,0.24718516,0.22630337
2gn2_C5P_A_400,0,0.96464922,0.032390823,0.096507978,0.37321785,0.25877695,0.23110639
2gnm_MAN_A_253,0.53705238,0.95594477,0.032619234,0.095700872,0.38415713,0.24426254,0.23606523
2gx5_PCG_C_514,0.85691377,0,0.048114912,0.088158919,0.38114582,0.24503752,0.20758509
2gyv_HBP_A_1409,0.5371995,0.6606601,0.037389815,0.093507552,0.38120086,0.24718516,0.22630337
2gyv_HBP_B_545,0.5371995,0.6606601,0.037389815,0.093507552,0.38120086,0.24718516,0.22630337
2gyw_OBI_A_952,0.5371995,0.6606601,0.037389815,0.093507552,0.38120086,0.24718516,0.22630337
2gzm_DGL_A_501,0.5371995,0.6606601,0.037389815,0.093507552,0.38120086,0.24718516,0.22630337
2gzm_DGL_B_502,0.5371995,0.6606601,0.037389815,0.093507552,0.38120086,0.24718516,0.22630337
2gzm_DGL_C_503,0.5371995,0.6606601,0.037389815,0.093507552,0.38120086,0.24718516,0.22630337
2hdk_COI_B_900,0,0,0.047974831,0.089343532,0.36355246,0.2683329,0.19921405
2hi4_BHF_A_800,0.99774251,0.99804217,0.032014459,0.09537669,0.39403716,0.23132232,0.24195717
2hjp_PPR_A_291,0.5371995,0.6606601,0.037389815,0.093507552,0.38120086,0.24718516,0.22630337
2hs3_FGR_A_2166,0.5371995,0.6606601,0.037389815,0.093507552,0.38120086,0.24718516,0.22630337
2ht8_G39_A_800,0.5371995,0.6606601,0.037389815,0.093507552,0.38120086,0.24718516,0.22630337
2htu_BCZ_A_801,0.53752867,0,0.048062704,0.088600589,0.37458691,0.25372364,0.20446386
2i1v_F6P_B_720,0.5371995,0.6606601,0.037389815,0.093507552,0.38120086,0.24718516,0.22630337
2i1v_FDP_B_710,0.5371995,0.6606601,0.037389815,0.093507552,0.38120086,0.24718516,0.22630337
2i6p_4NP_A_401,0.5371995,0.6606601,0.037389815,0.093507552,0.38120086,0.24718516,0.22630337
2iht_TPP_B_600,0.5371995,0.6606601,0.037389815,0.093507552,0.38120086,0.24718516,0.22630337
2iht_TPP_D_600,0.5371995,0.6606601,0.037389815,0.093507552,0.38120086,0.24718516,0.22630337
2ij7_TPF_C_2471,8.3067248e-05,0.66088439,0.037299339,0.094251276,0.37017557,0.26178482,0.22106201
2ij7_TPF_D_2473,0,0.66088443,0.037299325,0.094251391,0.37017387,0.26178707,0.2210612
2ij7_TPF_F_2474,0.5371995,0.6606601,0.037389815,0.093507552,0.38120086,0.24718516,0.22630337
2ipf_FFA_A_3,0.97721847,0,0.048134578,0.087992607,0.3836158,0.24176701,0.20876033
2isf_PAC_A_317,0.99146936,0.97666544,0.032358777,0.095226598,0.39369418,0.23170461,0.24118915
2ixi_TYD_A_1182,0.5371995,0.6606601,0.037389815,0.093507552,0.38120086,0.24718516,0.22630337
2ixi_TYD_B_1182,0.5371995,0.6606601,0.037389815,0.093507552,0.38120086,0.24718516,0.22630337
2iyq_SKM_A_201,0.94684248,0.96253333,0.032579787,0.095183332,0.39263634,0.2330578,0.24028598
2izf_BTN_B_300,0.5371995,0.6606601,0.037389815,0.093507552,0.38120086,0.24718516,0.22630337
2izf_BTN_D_301,0.5371995,0.6606601,0.037389815,0.093507552,0.38120086,0.24718516,0.22630337
2j1s_FUL_A_1153,0.53763327,0.65825503,0.037455052,9.8793906e-66,0.38207032,0.24797773,0.22604555
2j1s_FUL_B_1153,0.9963517,0.94123959,0.028493314,0.096223155,0.25684465,0.11068724,0.95402937
2j51_DKI_A_1314,0.5371995,0.6606601,0.037389815,0.093507552,0.38120086,0.24718516,0.22630337
2j5b_TYE_A_1336,0.5371995,0.6606601,0.037389815,0.093507552,0.38120086,0.24718516,0.22630337
2j5b_TYE_B_1338,0.83428746,0.65813663,0.037504863,0,0.38815978,0.23990686,0.22894284
2j9e_AKG_C_1119,0.5371995,0.6606601,0.037389815,0.093507552,0.38120086,0.24718516,0.22630337
2jfv_FLC_A_1271,0.53715188,0.75624317,0.035845452,0.094217588,0.38215786,0.24623901,0.22946355
2jhp_GUN_A_1647,0.5371995,0.6606601,0.037389815,0.093507552,0.38120086,0.24718516,0.22630337
2jhp_GUN_A_1648,0.5371995,0.6606601,0.037389815,0.093507552,0.38120086,0.24718516,0.22630337
2ji6_TPW_A_1566,0.5371995,0.6606601,0.037389815,0.093507552,0.38120086,0.24718516,0.22630337
2ji6_TPW_B_1566,0.5371995,0.6606601,0.037389815,0.093507552,0.38120086,0.24718516,0.22630337
2jig_PD2_A_1254,0.5371995,0.6606601,0.037389815,0.093507552,0.38120086,0.24718516,0.22630337
2nos_AGU_A_903,0.5371995,0.6606601,0.037389815,0.093507552,0.38120086,0.24718516,0.22630337
2npq_BOG_A_1000,0.53704566,0.96942837,0.032401404,0.095801021,0.38429212,0.24412909,0.23651097
2npq_BOG_A_2000,0.53705734,0.94598589,0.032780122,0.095626902,0.38405743,0.24436111,0.23573601
2nry_STU_A_504,0.53704395,0.97284677,0.032346179,0.095826412,0.38432634,0.24409526,0.23662397
2nry_STU_C_503,0.53703886,0.98307711,0.032180906,0.095902397,0.38442876,0.24399401,0.23696216
2nry_STU_D_501,0.53704321,0.974346,0.032321959,0.095837547,0.38434135,0.24408042,0.23667353
2ntk_IMP_A_205,0.5371995,0.6606601,0.037389815,0.093507552,0.38120086,0.24718516,0.22630337
2ntk_IMP_B_206,0.5371995,0.6606601,0.037389815,0.093507552,0.38120086,0.24718516,0.22630337
2ntk_IMP_C_207,0.53763327,0.65825503,0.037455052,0,0.38207032,0.24797773,0.22604555
2ntk_IMP_D_208,0.5371995,0.6606601,0.037389815,0.093507552,0.38120086,0.24718516,0.22630337
2nu7_COA_B_1025,0.5371995,0.6606601,0.037389815,0.093507552,0.38120086,0.24718516,0.22630337
2nu7_COA_B_1325,0.5371995,0.6606601,0.037389815,0.093507552,0.38120086,0.24718516,0.22630337
2nu7_COA_E_1025,0.5371995,0.6606601,0.037389815,0.093507552,0.38120086,0.24718516,0.22630337
2nu7_COA_E_1325,0.5371995,0.6606601,0.037389815,0.093507552,0.38120086,0.24718516,0.22630337
2nz5_226_A_431,0.029638301,0.63604006,0.038966393,0.093686008,0.41291125,0.29870744,4.3509303e-07
2nz5_226_A_432,0.5371995,0.6606601,0.037389815,0.093507552,0.38120086,0.24718516,0.22630337
2o1o_RIS_A_400,0.5371995,0.6606601,0.037389815,0.093507552,0.38120086,0.24718516,0.22630337
2o1o_RIS_B_400,0.5371995,0.6606601,0.037389815,0.093507552,0.38120086,0.24718516,0.22630337
2o7b_HC4_A_701,0.5371995,0.6606601,0.037389815,0.093507552,0.38120086,0.24718516,0.22630337
2o7b_HC4_C_701,0.5371995,0.6606601,0.037389815,0.093507552,0.38120086,0.24718516,0.22630337
2o7b_HC4_D_701,0.5371995,0.6606601,0.037389815,0.093507552,0.38120086,0.24718516,0.22630337
2o7b_HC4_E_701,0.5371995,0.6606601,0.037389815,0.093507552,0.38120086,0.24718516,0.22630337
2o7b_HC4_G_701,0.99643873,0.9905619,0.03213509,0.095322937,0.39393544,0.23143186,0.24169713
2o7d_DHC_A_701,0.5371995,0.6606601,0.037389815,0.093507552,0.38120086,0.24718516,0.22630337
2o7d_DHC_B_701,0.5371995,0.6606601,0.037389815,0.093507552,0.38120086,0.24718516,0.22630337
2o7d_DHC_G_701,0.5371995,0.6606601,0.037389815,0.093507552,0.38120086,0.24718516,0.22630337
2oci_TYC_A_401,0.99565989,0.85657699,0.034299503,0.094328908,0.39257697,0.23278031,0.23725983
2okk_ABU_A_585,0,0.66088443,0.037299325,0.094251391,0.37017387,0.26178707,0.2210612
2ot7_OGA_A_500,0.5371995,0.6606601,0.037389815,0.093507552,0.38120086,0.24718516,0.22630337
2ot7_OGA_B_500,0.5371995,0.6606601,0.037389815,0.093507552,0.38120086,0.24718516,0.22630337
2oxp_THP_A_300,0.53752867,0,0.048062704,0.088600589,0.37458691,0.25372364,0.20446386
2p1e_LAC_A_303,0.5371995,0.6606601,0.037389815,0.093507552,0.38120086,0.24718516,0.22630337
2pd5_ZST_A_600,0.5371995,0.6606601,0.037389815,0.093507552,0.38120086,0.24718516,0.22630337
2pin_LEG_A_501,0.5371995,0.6606601,0.037389815,0.093507552,0.38120086,0.24718516,0.22630337
2pin_LEG_B_502,0.5371995,0.6606601,0.037389815,0.093507552,0.38120086,0.24718516,0.22630337
2pir_NK_A_933,0.5372368,0.58580643,0.03859889,0.092951668,0.38045157,0.24792584,0.2238293
2prg_BRL_A_1,0.5371995,0.6606601,0.037389815,0.093507552,0.38120086,0.24718516,0.22630337
2prg_BRL_B_2,0.5371995,0.6606601,0.037389815,0.093507552,0.38120086,0.24718516,0.22630337
2prl_ORO_A_399,0.0026259815,0.86085771,0.034068015,0.095733489,0.37223182,0.25973374,0.22770058
2prl_R2C_A_400,0.98308756,0.98716578,0.032187772,0.095316171,0.3936273,0.23182846,0.24145442
2pt6_S4M_A_501,0.5371995,0.6606601,0.037389815,0.093507552,0.38120086,0.24718516,0.22630337
2pt6_S4M_B_502,0,0.65770597,0.058150258,0.088582327,0.98951126,0.98994238,0.076569812
2pt6_S4M_C_503,0.5371995,0.6606601,0.037389815,0.093507552,0.38120086,0.24718516,0.22630337
2pvy_ACP_A_802,0.5371995,0.6606601,0.037389815,0.093507552,0.38120086,0.24718516,0.22630337
2pvy_ACP_D_802,0.97872743,0.66095388,0.02987041,0.094960532,0.13510794,3.570043e-05,0.28327409
2pwf_BGC_D_9999,0.5371995,0.6606601,0.037389815,0.093507552,0.38120086,0.24718516,0.22630337
2pye_7PE_A_504,0.53711542,0.82942184,0.034663236,0.094761122,0.38289047,0.24551475,0.23188267
2q1a_2KT_X_295,0.99573964,0.98694753,0.032193366,0.095297059,0.39388487,0.23148667,0.2415708
2q28_TPP_A_4001,0.5371995,0.6606601,0.037389815,0.093507552,0.38120086,0.24718516,0.22630337
2q28_TPP_B_5001,0.5371995,0.6606601,0.037389815,0.093507552,0.38120086,0.24718516,0.22630337
2q6m_P34_A_1002,0.53752867,0,0.048062704,0.088600589,0.37458691,0.25372364,0.20446386
2qab_EI1_A_1,0.5371995,0.6606601,0.037389815,0.093507552,0.38120086,0.24718516,0.22630337
2qb3_PMP_A_700,0.5371995,0.6606601,0.037389815,0.093507552,0.38120086,0.24718516,0.22630337
2qb4_DSM_A_801,0.5371995,0.6606601,0.037389815,0.093507552,0.38120086,0.24718516,0.22630337
2qb4_DSM_A_802,0.97363166,0.97583341,0.032369302,0.095245077,0.39331961,0.23219778,0.24098739
2qb4_LEU_A_601,0.99191571,0.99314671,0.032092593,0.095348387,0.39386848,0.23152921,0.2417384
2qca_DGP_A_200,0.5371995,0.6606601,0.037389815,0.093507552,0.38120086,0.24718516,0.22630337
2qca_DGP_A_300,0.97119515,0.63502781,0.039175578,0.0923667,0.43359642,0.27432605,0
2qcx_PF1_A_300,0,0.97400987,0.032239601,0.0965775,0.37331164,0.25868422,0.23141586
2qcx_PF1_B_300,0,0.98388824,0.032080014,0.096650866,0.37341062,0.25858637,0.23174245
2qd1_CHD_D_802,6.2332991e-11,0,0.047974831,0.089343532,0.36355246,0.2683329,0.19921405
2qd4_CHD_A_801,3.7933756e-08,0.98483548,0.032064712,0.096657902,0.37342011,0.25857698,0.23177377
2qd4_CHD_A_802,0.53704458,0.97158938,0.032366492,0.095817072,0.38431375,0.24410771,0.23658241
2qd4_CHD_A_803,0,0.9894045,0.031990899,0.096691836,0.37346589,0.25853172,0.23192482
2qd4_CHD_B_926,0,0.98872195,0.032001925,0.096686766,0.37345905,0.25853848,0.23190226
2qd4_CHD_B_927,2.0706733e-09,0.99041594,0.031974559,0.096699348,0.37347602,0.2585217,0.23195826
2qd4_CHD_B_928,0.53705886,0.94293071,0.032829479,0.09560421,0.38402684,0.24439134,0.23563502
2qg6_NMN_A_301,0,0.96742342,0.032346005,0.096528582,0.37324565,0.25874947,0.23119811
2qgw_EES_A_1,0.5371995,0.6606601,0.037389815,0.093507552,0.38120086,0.24718516,0.22630337
2qgw_EES_B_1,0.5371995,0.6606601,0.037389815,0.093507552,0.38120086,0.24718516,0.22630337
2qhv_OC9_A_1001,0.5371995,0.6606601,0.037389815,0.093507552,0.38120086,0.24718516,0.22630337
2qim_ZEA_A_159,0.5371995,0.6606601,0.037389815,0.093507552,0.38120086,0.24718516,0.22630337
2qim_ZEA_A_160,0.5371995,0.6606601,0.037389815,0.093507552,0.38120086,0.24718516,0.22630337
2qim_ZEA_A_161,0.5371995,0.6606601,0.037389815,0.093507552,0.38120086,0.24718516,0.22630337
2qim_ZEA_A_162,0.5371995,0.6606601,0.037389815,0.093507552,0.38120086,0.24718516,0.22630337
2qs2_UBF_A_603,0.5371995,0.6606601,0.037389815,0.093507552,0.38120086,0.24718516,0.22630337
2qs2_UBF_B_602,0.5371995,0.6606601,0.037389815,0.093507552,0.38120086,0.24718516,0.22630337
2qse_1HP_A_1,0.5292556,0.63549983,0.039077531,0.092983213,0.42392061,0.28570838,0
2qui_LTN_A_501,0,0,0.038245371,0.091983292,0.0093701276,0,0.26686457
2qui_LTN_B_478,0.53752867,0,0.048062704,0.088600589,0.37458691,0.25372364,0.20446386
2qvr_FDP_A_333,0.97305232,0,0.048133897,0.087998367,0.38353027,0.24188027,0.20871963
2qx4_ML1_A_233,0.43266812,0.98553668,0.032124113,0.096064981,0.38231027,0.24680786,0.23602361
2qx4_ML1_B_233,0.98086065,0.95711943,0.03267281,0.095096095,0.39328052,0.23218664,0.2404393
2qx9_ML2_A_233,0,0.66088443,0.037299325,0.094251391,0.37017387,0.26178707,0.2210612
2qx9_ML2_A_234,0,0.66088443,0.037299325,0.094251391,0.37017387,0.26178707,0.2210612
2qxf_TMP_A_3000,0.5375046,0,0,0.088623093,0.37249096,0.25186163,0.20492191
2r0g_7CK_A_1355,0.53703557,0.98968096,0.032074219,0.095951448,0.38449487,0.24392865,0.23718047
2r3d_ACM_A_303,0.72149965,0.99277008,0.02736469,0.097057524,0.24399019,0.11078966,0.99373575
2r4j_13P_A_1968,0,0.95327715,0.03257454,0.096423518,0.37310391,0.25888961,0.23073041
2r4t_250_A_503,0.5371995,0.6606601,0.037389815,0.093507552,0.38120086,0.24718516,0.22630337
2r5e_QLP_A_430,0.5371995,0.6606601,0.037389815,0.093507552,0.38120086,0.24718516,0.22630337
2r5e_QLP_B_430,0.5371995,0.6606601,0.037389815,0.093507552,0.38120086,0.24718516,0.22630337
2rbx_3AY_X_2001,0,0.73531767,0.036095698,0.094804734,0.37092004,0.26104874,0.22352444
2rhx_MLY_A_537,0.5371995,0.6606601,0.037389815,0.093507552,0.38120086,0.24718516,0.22630337
2ri1_GLP_A_234,0.5371995,0.6606601,0.037389815,0.093507552,0.38120086,0.24718516,0.22630337
2ri1_GLP_B_234,0.5371995,0.6606601,0.037389815,0.093507552,0.38120086,0.24718516,0.22630337
2rtn_IMI_B_300,0.5371995,0.6606601,0.037389815,0.093507552,0.38120086,0.24718516,0.22630337
2rtn_IMI_D_300,0.5371995,0.6606601,0.037389815,0.093507552,0.38120086,0.24718516,0.22630337
2tmk_ATM_A_217,0.5371995,0.6606601,0.037389815,0.093507552,0.38120086,0.24718516,0.22630337
2tmk_ATM_B_217,0.5371995,0.6606601,0.037389815,0.093507552,0.38120086,0.24718516,0.22630337
2uuj_896_B_1250,0.5370371,0.98661085,0.032123818,0.095928644,0.38446414,0.24395904,0.23707898
2uyv_TLA_A_1275,0.53752867,0,0.048062704,0.088600589,0.37458691,0.25372364,0.20446386
2uyv_TLA_A_1277,0.53752867,0,0.048062704,0.088600589,0.37458691,0.25372364,0.20446386
2uyv_TLA_B_1275,0.53752867,0,0.048062704,0.088600589,0.37458691,0.25372364,0.20446386
2uyv_TLA_C_1275,0.53752867,0,0.048062704,0.088600589,0.37458691,0.25372364,0.20446386
2uyv_TLA_D_1275,0.53752867,0,0.048062704,0.088600589,0.37458691,0.25372364,0.20446386
2uza_HTL_B_1236,0.53752867,0,0.048062704,0.088600589,0.37458691,0.25372364,0.20446386
2v32_BEZ_B_1220,0.5371995,0.6606601,0.037389815,0.093507552,0.38120086,0.24718516,0.22630337
2v32_BEZ_D_1221,0.5371995,0.6606601,0.037389815,0.093507552,0.38120086,0.24718516,0.22630337
2v60_C17_A_1503,0.5371995,0.6606601,0.037389815,0.093507552,0.38120086,0.24718516,0.22630337
2v60_C17_B_1498,0.5371995,0.6606601,0.037389815,0.093507552,0.38120086,0.24718516,0.22630337
2v7o_DRN_A_1303,0.5371995,0.6606601,0.037389815,0.093507552,0.38120086,0.24718516,0.22630337
2vez_G6P_A_202,0.86239075,0,0.048115807,0.088151347,0.38125827,0.24488863,0.20763859
2vjb_CCD_A_1539,0.53752867,0,0.048062704,0.088600589,0.37458691,0.25372364,0.20446386
2vjb_CCD_A_1540,0.53704437,0.9720178,0.032359571,0.095820254,0.38431804,0.24410347,0.23659657
2vjb_CCD_B_1539,0.53752867,0,0.048062704,0.088600589,0.37458691,0.25372364,0.20446386
2vjb_CCD_B_1540,0.53703482,0.9911866,0.032049896,0.095962631,0.38450995,0.24391375,0.23723025
2vkg_CF4_A_1064,0.5371995,0.6606601,0.037389815,0.093507552,0.38120086,0.24718516,0.22630337
2vlf_PLI_B_1459,0,0,0.047974831,0.089343532,0.36355246,0.2683329,0.19921405
2vmp_PLP_A_501,0.5371995,0.6606601,0.037389815,0.093507552,0.38120086,0.24718516,0.22630337
2vmw_PLP_A_501,0.5371995,0.6606601,0.037389815,0.093507552,0.38120086,0.24718516,0.22630337
2vp5_DCZ_A_1210,0.53703576,0.98930056,0.032080365,0.095948622,0.38449106,0.24393242,0.2371679
2vp5_DCZ_B_1210,0.53703373,0.9933593,0.032014795,0.095978768,0.3845317,0.24389225,0.23730207
2vss_V55_D_1250,0.002850117,0.97471469,0.03222868,0.096578794,0.37337722,0.25859976,0.231467
2vsu_V55_D_1251,0.0038107567,0.98219135,0.032108051,0.096632996,0.37347185,0.25849958,0.23172358
2vzu_PNJ_A_1901,0.5371995,0.6606601,0.037389815,0.093507552,0.38120086,0.24718516,0.22630337
2vzu_PNJ_B_1904,0.99140071,0.92848602,0.033137109,0.094868864,0.39321003,0.23218375,0.23959562
2w0b_CMW_A_1450,0.53709689,0.86660758,0.034062494,0.09503732,0.38326275,0.24514672,0.23311195
2w1a_TSA_C_1091,0.94764895,0.99316705,0.032085028,0.095409733,0.39295984,0.23273241,0.24130664
2w1a_TSA_D_1091,0.97137595,0.99394766,0.032076296,0.09538273,0.3934548,0.23207966,0.24156423
2w7k_PLP_A_501,0.5371995,0.6606601,0.037389815,0.093507552,0.38120086,0.24718516,0.22630337
2wch_B7M_A_1145,0.5371995,0.6606601,0.037389815,0.093507552,0.38120086,0.24718516,0.22630337
2wd2_MS5_A_1263,0.5371995,0.6606601,0.037389815,0.093507552,0.38120086,0.24718516,0.22630337
2wdq_CBE_C_1130,0.98982153,0.98605125,0.032206878,0.095298584,0.39375439,0.23165643,0.24148336
2wdq_CBE_G_1130,0.99426637,0.98345321,0.032249576,0.095273144,0.39381961,0.23156134,0.24144089
2wdq_CBE_K_1130,0.991867,0.98989522,0.032145113,0.095324306,0.3938349,0.23156275,0.24163043
2wdq_TEO_A_1589,0.5371995,0.6606601,0.037389815,0.093507552,0.38120086,0.24718516,0.22630337
2wdq_TEO_E_1589,0.5371995,0.6606601,0.037389815,0.093507552,0.38120086,0.24718516,0.22630337
2whq_HI6_A_1543,0.53752867,0,0.048062704,0.088600589,0.37458691,0.25372364,0.20446386
2wj4_HQD_A_1281,0.53752867,0,0.048062704,0.088600589,0.37458691,0.25372364,0.20446386
2wj4_HQD_C_1277,0.5371995,0.6606601,0.037389815,0.093507552,0.38120086,0.24718516,0.22630337
2wj4_HQD_D_1278,0.5371995,0.6606601,0.037389815,0.093507552,0.38120086,0.24718516,0.22630337
2wu4_HBP_B_1545,0.53703909,0.98260099,0.032188598,0.095898861,0.38442399,0.24399872,0.23694643
2wzh_NGO_A_1589,0.5371995,0.6606601,0.037389815,0.093507552,0.38120086,0.24718516,0.22630337
2wzv_FMN_A_801,0.00037572046,0,0.047974893,0.089343012,0.36356017,0.26832269,0.19921772
2wzv_FMN_B_801,0.98355615,0,0.048135615,0.087983846,0.38374592,0.24159472,0.20882224
2x05_X05_A_1900,0.5371995,0.6606601,0.037389815,0.093507552,0.38120086,0.24718516,0.22630337
2x05_X05_B_1900,0.5371995,0.6606601,0.037389815,0.093507552,0.38120086,0.24718516,0.22630337
2x0u_X0U_B_1291,7.3080386e-05,0.99578285,0.031887868,0.096739107,0.3735313,0.25846655,0.23213641
2x6o_2TC_A_1209,0.53752867,0,0.048062704,0.088600589,0.37458691,0.25372364,0.20446386
2xh0_PEP_A_1440,0.5371995,0.6606601,0.037389815,0.093507552,0.38120086,0.24718516,0.22630337
2xh0_PEP_B_1440,0.5371995,0.6606601,0.037389815,0.093507552,0.38120086,0.24718516,0.22630337
2xhk_AKG_A_519,0.5371995,0.6606601,0.037389815,0.093507552,0.38120086,0.24718516,0.22630337
2xhk_AKG_B_519,0.5371995,0.6606601,0.037389815,0.093507552,0.38120086,0.24718516,0.22630337
2xmi_FLC_A_1379,0.53704978,0.9611541,0.032535076,0.095739564,0.38420928,0.24421098,0.23623744
2xoz_AMP_B_1664,0.5371995,0.6606601,0.037389815,0.093507552,0.38120086,0.24718516,0.22630337
2xta_TPP_B_2001,0.5371995,0.6606601,0.037389815,0.093507552,0.38120086,0.24718516,0.22630337
2xta_TPP_C_2001,0.5371995,0.6606601,0.037389815,0.093507552,0.38120086,0.24718516,0.22630337
2xta_TPP_D_2001,0.5371995,0.6606601,0.037389815,0.093507552,0.38120086,0.24718516,0.22630337
2xul_AKG_A_201,0,0,0.047974831,0.089343532,0.36355246,0.2683329,0.19921405
2xul_AKG_C_201,0.93368965,0.66049452,0.037456606,0.092958501,0.38934011,0.23640693,0.23017281
2xul_AKG_E_201,0.99308964,0.66046972,0.037466612,0.09287625,0.39055944,0.23479228,0.23075248
2xul_AKG_F_201,0.99389446,0.66046938,0.037466748,0.092875135,0.39057596,0.23477041,0.23076033
2xya_7L4_A_1181,0.53704309,0.97457555,0.03231825,0.095839252,0.38434365,0.24407815,0.23668112
2xyj_WLM_A_1442,0.5371995,0.6606601,0.037389815,0.093507552,0.38120086,0.24718516,0.22630337
2xyj_WLM_B_1441,0.5371995,0.6606601,0.037389815,0.093507552,0.38120086,0.24718516,0.22630337
2xyj_WLM_B_1442,0.5371995,0.6606601,0.037389815,0.093507552,0.38120086,0.24718516,0.22630337
2y00_Y00_A_601,0.98063099,0.98996936,0.032142078,0.095340389,0.39360495,0.23186747,0.24152311
2y00_Y00_B_601,0.99473563,0.9853551,0.032218928,0.09528662,0.3938483,0.23152974,0.24150835
2y2f_YI1_A_1469,0.53752867,0,0.048062704,0.088600589,0.37458691,0.25372364,0.20446386
2y4j_LAC_B_400,0.5371995,0.6606601,0.037389815,0.093507552,0.38120086,0.24718516,0.22630337
2y5a_3AP_A_1295,0.5371995,0.6606601,0.037389815,0.093507552,0.38120086,0.24718516,0.22630337
2ye5_2A7_A_1224,0.99016123,0.8793011,0.033931494,0.094505281,0.39269177,0.23270468,0.2379574
2yi6_6QM_A_1225,0.97225952,0.66047842,0.037463103,0.092905093,0.39013185,0.2353585,0.2305492
2yjd_YJD_A_1498,0.5371995,0.6606601,0.037389815,0.093507552,0.38120086,0.24718516,0.22630337
2yjd_YJD_B_1498,0.5371995,0.6606601,0.037389815,0.093507552,0.38120086,0.24718516,0.22630337
2ynf_WHU_A_1563,0,0,0.047974831,0.089343532,0.36355246,0.2683329,0.19921405
2yp6_C6W_B_1186,0.53706476,0.93108995,0.033020768,0.095516263,0.3839083,0.24450853,0.23524359
2z1z_MLT_A_433,0.5371995,0.6606601,0.037389815,0.093507552,0.38120086,0.24718516,0.22630337
2z20_PLP_A_701,0.5370604,0.93983054,0.032879563,0.095581183,0.38399581,0.24442203,0.23553253
2z20_PLP_B_801,0,0.99387726,0.031918641,0.096725055,0.3735107,0.25848742,0.2320727
2z48_A2G_A_1001,0.5371995,0.6606601,0.037389815,0.093507552,0.38120086,0.24718516,0.22630337
2z48_A2G_A_1005,0.5371995,0.6606601,0.037389815,0.093507552,0.38120086,0.24718516,0.22630337
2z48_A2G_B_2001,0.5371995,0.6606601,0.037389815,0.093507552,0.38120086,0.24718516,0.22630337
2z48_A2G_B_2005,0.5371995,0.6606601,0.037389815,0.093507552,0.38120086,0.24718516,0.22630337
2z48_NGA_A_1002,0.5371995,0.6606601,0.037389815,0.093507552,0.38120086,0.24718516,0.22630337
2z48_NGA_A_1003,0.5371995,0.6606601,0.037389815,0.093507552,0.38120086,0.24718516,0.22630337
2z48_NGA_A_1004,0.5371995,0.6606601,0.037389815,0.093507552,0.38120086,0.24718516,0.22630337
2z48_NGA_B_2002,0.5371995,0.6606601,0.037389815,0.093507552,0.38120086,0.24718516,0.22630337
2z48_NGA_B_2003,0.5371995,0.6606601,0.037389815,0.093507552,0.38120086,0.24718516,0.22630337
2z48_NGA_B_2004,0.5371995,0.6606601,0.037389815,0.093507552,0.38120086,0.24718516,0.22630337
2z48_NGA_B_2006,0.53717843,0.66279764,3.7328854e-82,0.093537936,0.37942968,0.24558331,0.22674362
2z6j_TUI_A_501,3.3648333e-12,0.96635597,0.03236325,0.096520654,0.37323495,0.25876004,0.23116281
2z6j_TUI_B_502,0.86731063,0.95188172,0.032738864,0.095214168,0.39089674,0.23532541,0.23915689
2z7s_P01_A_1,0.73019444,0.95488661,0.032667905,0.095426038,0.38811171,0.23902317,0.23791677
2zce_PYL_A_601,0.72339306,0,0.048093085,0.0883435,0.37840449,0.24866731,0.20628075
2zgw_ADN_A_1301,0.5371995,0.6606601,0.037389815,0.093507552,0.38120086,0.24718516,0.22630337
2zgw_BTN_A_1401,0.53763327,0.65825503,0.037455052,0,0.38207032,0.24797773,0.22604555
2zi2_24U_H_801,0.53704022,0.98034485,0.032225046,0.095882104,0.38440141,0.24402105,0.23687184
2zka_AZA_A_302,0.5371995,0.6606601,0.037389815,0.093507552,0.38120086,0.24718516,0.22630337
2zm7_ACA_A_501,0.5371995,0.6606601,0.037389815,0.093507552,0.38120086,0.24718516,0.22630337
2zm9_ACA_A_501,0.5371995,0.6606601,0.037389815,0.093507552,0.38120086,0.24718516,0.22630337
2ztl_3HL_A_301,0.5371995,0.6606601,0.037389815,0.093507552,0.38120086,0.24718516,0.22630337
2ztl_3HL_B_301,0.5371995,0.6606601,0.037389815,0.093507552,0.38120086,0.24718516,0.22630337
2ztl_3HL_C_301,0.5371995,0.6606601,0.037389815,0.093507552,0.38120086,0.24718516,0.22630337
2ztl_3HL_D_301,0.5371995,0.6606601,0.037389815,0.093507552,0.38120086,0.24718516,0.22630337
2zut_A2G_A_4001,0.5371995,0.6606601,0.037389815,0.093507552,0.38120086,0.24718516,0.22630337
2zut_A2G_B_4002,0.5371995,0.6606601,0.037389815,0.093507552,0.38120086,0.24718516,0.22630337
2zut_A2G_D_4004,0.5371995,0.6606601,0.037389815,0.093507552,0.38120086,0.24718516,0.22630337
2zuw_NDG_B_4002,0.5371995,0.6606601,0.037389815,0.093507552,0.38120086,0.24718516,0.22630337
2zuw_NDG_C_4003,0.5371995,0.6606601,0.037389815,0.093507552,0.38120086,0.24718516,0.22630337
2zuw_NDG_D_4004,0.99186384,0.98591184,0.032209464,0.095294725,0.39379492,0.23160229,0.2414987
2zvq_1NP_X_502,0.53752867,2.6746594e-06,0.048062661,0.088600608,0.37458693,0.25372361,0.20446395
2zwt_CAM_A_422,0,0,0.047974831,0.089343532,0.36355246,0.2683329,0.19921405
2zyv_NPO_X_1601,0.5371995,0.6606601,0.037389815,0.093507552,0.38120086,0.24718516,0.22630337
3mk1_NPO_A_911,0.53714151,0.77704057,0.035509466,0.09437206,0.38236607,0.24603318,0.23015106
3mk1_NPO_A_912,0.53731458,0.42969763,0.041120857,0.091792169,0.37888873,0.24947087,0.21866869
3mk1_NPO_A_913,0.53703515,0.99051552,0.032060737,0.095957646,0.38450323,0.24392039,0.23720806
3qfx_CP6_A_602,0.99170231,0.9942075,0.032075421,0.09535656,0.39387472,0.23152451,0.24177139
3qfx_CP6_B_702,0.98832834,0.99489177,0.032063815,0.095366307,0.39381231,0.23160945,0.24176105
3qgz_ADN_A_127,0.5371995,0.6606601,0.037389815,0.093507552,0.38120086,0.24718516,0.22630337
3qhd_795_A_167,0.82748813,5.4053409e-05,0.048109229,0.088199999,0.38054222,0.24583693,0.20729942
3qhd_MSR_A_166,0,0.99091825,0.031966444,0.096703078,0.37348106,0.25851673,0.23197487
3qss_MTG_A_405,0.81927462,0.9762163,0.032337883,0.095461307,0.39015433,0.23639021,0.23949216
3qss_MTG_B_405,0,0.97090356,0.032289783,0.096554429,0.37328052,0.258715,0.23131316
3qt8_FM0_B_328,0.5371995,0.6606601,0.037389815,0.093507552,0.38120086,0.24718516,0.22630337
3qwi_CUE_B_272,0.5371995,0.6606601,0.037389815,0.093507552,0.38120086,0.24718516,0.22630337
3qwi_CUE_D_272,0.5371995,0.6606601,0.037389815,0.093507552,0.38120086,0.24718516,0.22630337
3r3z_GOA_B_305,0.5371995,0.6606601,0.037389815,0.093507552,0.38120086,0.24718516,0.22630337
3r51_MMA_A_200,0.97276311,0.96556947,0.032534975,0.095170048,0.39319894,0.23232307,0.24063957
3rgz_BLD_A_800,0.5371995,0.6606601,0.037389815,0.093507552,0.38120086,0.24718516,0.22630337
3ro7_TDR_A_300,0.5371995,0.6606601,0.037389815,0.093507552,0.38120086,0.24718516,0.22630337
3roe_THM_A_265,0.5371995,0.6606601,0.037389815,0.093507552,0.38120086,0.24718516,0.22630337
3roe_THM_B_265,0.5371995,0.6606601,0.037389815,0.093507552,0.38120086,0.24718516,0.22630337
3roe_THM_D_265,0.5371995,0.6606601,0.037389815,0.093507552,0.38120086,0.24718516,0.22630337
3roe_THM_E_265,0.5371995,0.6606601,0.037389815,0.093507552,0.38120086,0.24718516,0.22630337
3roe_THM_F_265,0.5371995,0.6606601,0.037389815,0.093507552,0.38120086,0.24718516,0.22630337
3rsc_TYD_A_397,0.53752867,0,0.048062704,0.088600589,0.37458691,0.25372364,0.20446386
3rsc_TYD_B_397,0.53752867,0,0.048062704,0.088600589,0.37458691,0.25372364,0.20446386
3ryd_SRT_A_267,0.5371995,0.6606601,0.037389815,0.093507552,0.38120086,0.24718516,0.22630337
3ryd_SRT_A_271,0.5371995,0.6606601,0.037389815,0.093507552,0.38120086,0.24718516,0.22630337
3se2_3AB_C_4,0.5370422,0.97637724,0.032289144,0.095852634,0.38436168,0.24406032,0.23674068
3se2_3AB_D_3,0.53703731,0.98617436,0.032130869,0.095925402,0.38445977,0.24396336,0.23706455
3se2_LDR_A_1,0.5371995,0.6606601,0.037389815,0.093507552,0.38120086,0.24718516,0.22630337
3se2_LDR_B_2,0.5371995,0.6606601,0.037389815,0.093507552,0.38120086,0.24718516,0.22630337
3sj1_DXC_X_75,0.53703894,0.98290361,0.032183709,0.095901109,0.38442702,0.24399573,0.23695643
3sjh_LAR_A_503,0.5371995,0.6606601,0.037389815,0.093507552,0.38120086,0.24718516,0.22630337
3sli_SKD_A_760,0.5371995,0.6606601,0.037389815,0.093507552,0.38120086,0.24718516,0.22630337
3sp6_IL2_A_901,0.5371995,0.6606601,0.037389815,0.093507552,0.38120086,0.24718516,0.22630337
3sru_Q26_X_169,0.5371995,0.6606601,0.037389815,0.093507552,0.38120086,0.24718516,0.22630337
3t2e_F6R_A_3469,0.5371995,0.6606601,0.037389815,0.093507552,0.38120086,0.24718516,0.22630337
3t3q_9PL_A_501,0.5371995,0.6606601,0.037389815,0.093507552,0.38120086,0.24718516,0.22630337
3t3q_9PL_B_501,0.5371995,0.6606601,0.037389815,0.093507552,0.38120086,0.24718516,0.22630337
3t3q_9PL_D_501,0.5371995,0.6606601,0.037389815,0.093507552,0.38120086,0.24718516,0.22630337
3te7_TE7_A_1,0.5371995,0.6606601,0.037389815,0.093507552,0.38120086,0.24718516,0.22630337
3te7_TE7_B_1,0.5371995,0.6606601,0.037389815,0.093507552,0.38120086,0.24718516,0.22630337
3tky_N7I_A_369,0,0.96752933,0.032344294,0.096529369,0.37324671,0.25874842,0.23120161
3tky_N7I_B_369,0.5371995,0.6606601,0.037389815,0.093507552,0.38120086,0.24718516,0.22630337
3tky_N7I_C_369,0.98277996,0.98836349,0.032168373,0.095325491,0.39363298,0.23182495,0.24149102
3tky_N7I_D_369,0.5371995,0.6606601,0.037389815,0.093507552,0.38120086,0.24718516,0.22630337
3tye_XHP_B_901,0.99356677,0.99357731,0.032085906,0.095349303,0.39390669,0.23148006,0.24176876
3tye_XTZ_A_801,0.5371995,0.6606601,0.037389815,0.093507552,0.38120086,0.24718516,0.22630337
3tye_YTZ_B_902,0.5371995,0.6606601,0.037389815,0.093507552,0.38120086,0.24718516,0.22630337
3tyn_CXW_A_800,0.5371995,0.6606601,0.037389815,0.093507552,0.38120086,0.24718516,0.22630337
3tyn_CXW_B_800,0.5371995,0.6606601,0.037389815,0.093507552,0.38120086,0.24718516,0.22630337
3u1t_MLI_B_350,0.5371995,0.6606601,0.037389815,0.093507552,0.38120086,0.24718516,0.22630337
3u3o_3QV_A_296,0.5371995,0.6606601,0.037389815,0.093507552,0.38120086,0.24718516,0.22630337
3u3o_3QV_A_297,3.4594526e-05,0.98927618,0.022114232,0.099371141,1.4433102e-05,0,0.30062222
3ucc_2PG_A_601,0.5371995,0.6606601,0.037389815,0.093507552,0.38120086,0.24718516,0.22630337
3ucc_2PG_B_601,0.5371995,0.6606601,0.037389815,0.093507552,0.38120086,0.24718516,0.22630337
3ucl_CYH_A_543,0.12866598,0.98810365,0.032032947,0.096504304,0.37609451,0.2550468,0.23313873
3uu7_2OH_A_1,0.53752867,0,0.048062704,0.088600589,0.37458691,0.25372364,0.20446386
3uu7_2OH_B_1,0.53752867,0,0.048062704,0.088600589,0.37458691,0.25372364,0.20446386
3uud_EST_A_600,0.5371995,0.6606601,0.037389815,0.093507552,0.38120086,0.24718516,0.22630337
3uud_EST_B_600,0.5371995,0.6606601,0.037389815,0.093507552,0.38120086,0.24718516,0.22630337
3uwb_BB2_A_154,0.5371995,0.6606601,0.037389815,0.093507552,0.38120086,0.24718516,0.22630337
3v1m_HPK_A_288,0,0.44562483,0.040775716,0.092653186,0.36801744,0.26391848,0.21394688
3v1s_0LH_B_401,0.99373495,0.99579135,0.032050166,0.095365514,0.39393232,0.23145356,0.24184361
3v7u_MTA_A_301,0.5371995,0.6606601,0.037389815,0.093507552,0.38120086,0.24718516,0.22630337
3v7u_MTA_A_302,0.5371995,0.6606601,0.037389815,0.093507552,0.38120086,0.24718516,0.22630337
3v8n_5NB_A_301,0.5371995,0.6606601,0.037389815,0.093507552,0.38120086,0.24718516,0.22630337
3vbn_TYD_A_301,0.86824118,0,0.048116764,0.08814326,0.38137838,0.24472958,0.20769574
3vbn_TYD_E_301,0.5859874,0,0.048070623,0.088533452,0.37558341,0.25240271,0.20493846
3vc3_C6P_A_501,0.5371995,0.6606601,0.037389815,0.093507552,0.38120086,0.24718516,0.22630337
3vc3_C6P_B_501,0.5371995,0.6606601,0.037389815,0.093507552,0.38120086,0.24718516,0.22630337
3vc3_C6P_C_501,0,0.95290279,0.032580588,0.096420738,0.37310016,0.25889331,0.23071804
3vc3_C6P_D_501,0.5371995,0.6606601,0.037389815,0.093507552,0.38120086,0.24718516,0.22630337
3vc3_C6P_E_501,0.5371995,0.6606601,0.037389815,0.093507552,0.38120086,0.24718516,0.22630337
3vc3_C6P_F_501,0.5371995,0.6606601,0.037389815,0.093507552,0.38120086,0.24718516,0.22630337
3vca_PRO_A_504,0.53750644,0.044626171,0.04734176,0.08893205,0.37503367,0.25328197,0.2059391
3vmg_9CA_C_2002,0.5371995,0.6606601,0.037389815,0.093507552,0.38120086,0.24718516,0.22630337
3vnj_PSJ_A_301,0.5371995,0.6606601,0.037389815,0.093507552,0.38120086,0.24718516,0.22630337
3vnj_PSJ_B_301,0.5371995,0.6606601,0.037389815,0.093507552,0.38120086,0.24718516,0.22630337
3vnj_PSJ_D_301,0.5371995,0.6606601,0.037389815,0.093507552,0.38120086,0.24718516,0.22630337
3vnm_SDD_A_301,0.5371995,0.6606601,0.037389815,0.093507552,0.38120086,0.24718516,0.22630337
3vnm_SDD_D_301,0,0,0.047974831,0.089343532,0.36355246,0.2683329,0.19921405
3vq4_0NX_A_304,0,0.98286377,0.032096565,0.096643258,0.37340035,0.25859652,0.23170858
3vq4_0NX_A_305,0.99491314,0.9885928,0.032166652,0.095310421,0.39388439,0.23149284,0.24161712
3vq5_MMJ_A_1007,0.53703515,0.99052549,0.032060576,0.09595772,0.38450333,0.24392029,0.23720839
3vq5_MMJ_B_307,0.53703206,0.99671805,0.031960534,0.096003716,0.38456532,0.243859,0.2374131
3vqe_FMQ_A_1006,0.53730663,0.44565346,0.040863088,0.091910681,0.37904846,0.24931296,0.21919616
3vv5_SLZ_A_300,0.5371995,0.6606601,0.037389815,0.093507552,0.38120086,0.24718516,0.22630337
3vv5_SLZ_B_301,0.53708882,0.88280155,0.033800877,0.0951576,0.38342487,0.24498645,0.23364728
3w4i_8LG_A_402,0.35536132,0.96877712,0.032382228,0.096047378,0.38055516,0.24907549,0.23471432
3w4i_8LG_B_402,0.53752867,0,0.048062704,0.088600589,0.37458691,0.25372364,0.20446386
3w4i_8LG_C_402,0.53752867,0,0.048062704,0.088600589,0.37458691,0.25372364,0.20446386
3w7f_FPS_A_301,0.5371995,0.6606601,0.037389815,0.093507552,0.38120086,0.24718516,0.22630337
3w7f_FPS_A_302,0.5371995,0.6606601,0.037389815,0.093507552,0.38120086,0.24718516,0.22630337
3w7f_FPS_B_301,0.5371995,0.6606601,0.037389815,0.093507552,0.38120086,0.24718516,0.22630337
3w7f_FPS_B_302,0.5371995,0.6606601,0.037389815,0.093507552,0.38120086,0.24718516,0.22630337
3w8x_FTK_A_601,1.1143835e-07,0.9752265,0.032219946,0.096586536,0.37332383,0.25867217,0.23145608
3wat_BGC_A_403,0.53703711,0.98657801,0.032124348,0.0959284,0.38446381,0.24395936,0.2370779
3wat_BGC_B_403,0.53703793,0.98493243,0.032150933,0.095916178,0.38444733,0.24397565,0.2370235
3wat_BMA_A_404,0.53752867,0,0.048062704,0.088600589,0.37458691,0.25372364,0.20446386
3wat_BMA_B_404,0.53752867,0,0.048062704,0.088600589,0.37458691,0.25372364,0.20446386
3wca_FPS_A_501,0.53711613,0.82798246,0.03468649,0.094750431,0.38287606,0.245529,0.23183509
3wca_FPS_B_401,0.53705483,0.95102449,0.032698722,0.095664327,0.38410787,0.24431124,0.23590258
3wca_FPS_C_401,0.53707854,0.90343579,0.033467527,0.095310861,0.38363145,0.24478223,0.2343294
3wca_FPS_C_402,0.53707252,0.91551948,0.033272312,0.095400613,0.38375242,0.24466264,0.23472886
3wca_FPS_D_401,0.53714375,0.772551,0.035581995,0.094338714,0.38232112,0.24607761,0.23000265
3wgc_PLG_A_401,0.5371995,0.6606601,0.037389815,0.093507552,0.38120086,0.24718516,0.22630337
3wgc_PLG_B_401,0.99242287,0.95506587,4.2009748e-49,0.09508222,0.39184356,0.23042401,0.24084411
3wgc_PLG_D_401,0.5371995,0.6606601,0.037389815,0.093507552,0.38120086,0.24718516,0.22630337
3wjz_NUP_A_301,0.53752867,0,0.048062704,0.088600589,0.37458691,0.25372364,0.20446386
3wk1_O7E_A_301,0.98620248,0,0.048136047,0.087980188,0.38380025,0.24152278,0.20884809
3wlf_FEH_A_401,0.5371995,0.6606601,0.037389815,0.093507552,0.38120086,0.24718516,0.22630337
3wlf_FEH_C_401,0.5371995,0.6606601,0.037389815,0.093507552,0.38120086,0.24718516,0.22630337
3wqs_KBK_B_503,0.5371995,0.6606601,0.037389815,0.093507552,0.38120086,0.24718516,0.22630337
3wsg_CIT_A_302,0.5371995,0.6606601,0.037389815,0.093507552,0.38120086,0.24718516,0.22630337
3wsg_CIT_B_302,0.5371995,0.6606601,0.037389815,0.093507552,0.38120086,0.24718516,0.22630337
3wsg_CIT_C_302,0.5371995,0.6606601,0.037389815,0.093507552,0.38120086,0.24718516,0.22630337
3wsg_CIT_D_302,0.5371995,0.6606601,0.037389815,0.093507552,0.38120086,0.24718516,0.22630337
3wsg_CIT_E_302,0.5371995,0.6606601,0.037389815,0.093507552,0.38120086,0.24718516,0.22630337
3wsg_CIT_F_302,0.4776886,0.63968055,0.04492955,0.091475054,0.31520872,0.81800155,0.17499017
3wug_XYP_B_2,0.53752867,0,0.048062704,0.088600589,0.37458691,0.25372364,0.20446386
3wug_XYP_C_2,0.53752867,0,0.048062704,0.088600589,0.37458691,0.25372364,0.20446386
3wur_O4B_A_201,0.53743652,0.18494934,0.045074813,0.0899743,0.37643848,0.25189317,0.21057787
3wur_O4B_A_202,0.53733832,0.38204476,0.041890698,0.091438227,0.37841166,0.2499425,0.2170934
3wur_O4B_B_201,0.53747792,0.10187215,0.04641694,0.089357244,0.37560678,0.2527154,0.20783152
3wur_O4B_B_202,0.53709994,0.86049093,0.034161309,0.094991888,0.38320152,0.24520726,0.23290974
3wur_O4B_B_204,0.53750016,0.057226008,0.047138207,0.089025635,0.37515981,0.25315727,0.20635562
3wwc_BUA_A_402,0.5371995,0.6606601,0.037389815,0.093507552,0.38120086,0.24718516,0.22630337
3wwc_BUA_A_403,0.5371995,0.6606601,0.037389815,0.093507552,0.38120086,0.24718516,0.22630337
3wxo_NIZ_A_802,0,0.94829447,0.032655036,0.096386512,0.37305398,0.25893896,0.23056568
3wxo_NIZ_A_804,0.0010568972,0.0018437698,0.047945218,0.089355764,0.36359263,0.2682859,0.19928533
3wzo_ZOE_A_201,0.5371995,0.6606601,0.037389815,0.093507552,0.38120086,0.24718516,0.22630337
3wzo_ZOE_B_201,0.5371995,0.6606601,0.037389815,0.093507552,0.38120086,0.24718516,0.22630337
3wzo_ZOE_C_201,0,0.65846963,0.037364777,0,0.37104068,0.26259111,0.22079937
3wzo_ZOE_D_201,0.5371995,0.6606601,0.037389815,0.093507552,0.38120086,0.24718516,0.22630337
3zcm_PX3_A_1214,0.53704267,0.97542855,0.03230447,0.095845588,0.38435219,0.24406971,0.23670932
3zcm_PX3_B_1216,0.53752867,0,0.048062704,0.088600589,0.37458691,0.25372364,0.20446386
3zjq_NCA_B_300,0.62367951,0.98803469,0.032114982,0.095819476,0.38625697,0.24159043,0.23797215
3zks_WZV_A_1398,0,0.96643685,0.032361944,0.096521255,0.37323576,0.25875924,0.23116549
3zog_A2Q_A_200,0.5371995,0.6606601,0.037389815,0.093507552,0.38120086,0.24718516,0.22630337
3zp7_PRE_A_1118,0.53752867,0,0.048062704,0.088600589,0.37458691,0.25372364,0.20446386
3zr0_8OG_A_1157,0.5371995,0.6606601,0.037389815,0.093507552,0.38120086,0.24718516,0.22630337
3zwe_FUC_B_110,0.53704363,0.97349123,0.032335768,0.095831198,0.38433279,0.24408888,0.23664528
3zwe_FUC_C_110,0.53704114,0.97849478,0.032254934,0.095868362,0.38438288,0.24403936,0.23681068
3zwt_KFZ_A_1401,0.5371995,0.6606601,0.037389815,0.093507552,0.38120086,0.24718516,0.22630337
3zwt_ORO_A_1398,0.20988912,0,0.048009142,0.089053377,0.36786171,0.26262702,0.20126442
3zyx_MBT_A_601,0.5371995,0.6606601,0.037389815,0.093507552,0.38120086,0.24718516,0.22630337
3zzm_JLN_A_1526,0.5371995,0.6606601,0.037389815,0.093507552,0.38120086,0.24718516,0.22630337
3zzv_FUC_B_401,0.53704358,0.97359332,0.032334118,0.095831957,0.38433381,0.24408787,0.23664865
4a01_2PN_A_1773,0.53752867,0,0.048062704,0.088600589,0.37458691,0.25372364,0.20446386
4a01_2PN_B_1773,0.53752867,0,0.048062704,0.088600589,0.37458691,0.25372364,0.20446386
4a3u_NCA_B_1359,0.77207458,0.94658498,0.032808865,0.095306486,0.38888837,0.23796689,0.23805143
4a78_JZ3_A_1296,0.24517586,0.98732924,0.032064504,0.096337487,0.37847882,0.25188712,0.23425129
4a7a_RGZ_A_601,0.5371995,0.6606601,0.037389815,0.093507552,0.38120086,0.24718516,0.22630337
4a7a_RGZ_B_601,0.5371995,0.6606601,0.037389815,0.093507552,0.38120086,0.24718516,0.22630337
4a8p_PAO_B_1340,0.5371995,0.6606601,0.037389815,0.093507552,0.38120086,0.24718516,0.22630337
4a8p_PAO_C_1340,0.53704917,0.9623727,0.03251539,0.095748615,0.38422148,0.24419892,0.23627772
4a8p_PAO_D_1340,0.5371995,0.6606601,0.037389815,0.093507552,0.38120086,0.24718516,0.22630337
4a8p_PAO_E_1338,0.5371995,0.6606601,0.037389815,0.093507552,0.38120086,0.24718516,0.22630337
4a8p_PAO_F_1340,0.5371995,0.6606601,0.037389815,0.093507552,0.38120086,0.24718516,0.22630337
4a9j_TYL_A_1188,0.99415303,0.99128895,0.032122971,0.095331497,0.3938958,0.2314868,0.24169884
4a9j_TYL_B_1187,0.99918209,0.99386227,0.032082221,0.095343656,0.39402483,0.23132459,0.24183304
4a9j_TYL_C_1184,0.99701044,0.99584009,0.032049914,0.095361348,0.39400006,0.23136403,0.24187722
4adl_LMR_D_1468,0.5371995,0.6606601,0.037389815,0.093507552,0.38120086,0.24718516,0.22630337
4ajj_88R_B_1333,0.5371995,0.6606601,0.037389815,0.093507552,0.38120086,0.24718516,0.22630337
4ajj_88R_C_1335,0.5371995,0.6606601,0.037389815,0.093507552,0.38120086,0.24718516,0.22630337
4ajj_88S_A_1332,0.5371995,0.6606601,0.037389815,0.093507552,0.38120086,0.24718516,0.22630337
4ajj_88S_B_1332,0.5371995,0.6606601,0.037389815,0.093507552,0.38120086,0.24718516,0.22630337
4ajj_88S_C_1334,0.5371995,0.6606601,0.037389815,0.093507552,0.38120086,0.24718516,0.22630337
4ajj_88S_D_1332,0.5371995,0.6606601,0.037389815,0.093507552,0.38120086,0.24718516,0.22630337
4ajj_MLI_A_1333,0.5371995,0.6606601,0.037389815,0.093507552,0.38120086,0.24718516,0.22630337
4ajj_MLI_D_1333,0.5371995,0.6606601,0.037389815,0.093507552,0.38120086,0.24718516,0.22630337
4al9_GLA_A_1123,0.5371995,0.6606601,0.037389815,0.093507552,0.38120086,0.24718516,0.22630337
4al9_GLA_C_1123,0.5371995,0.6606601,0.037389815,0.093507552,0.38120086,0.24718516,0.22630337
4al9_GLA_D_1123,0.5371995,0.6606601,0.037389815,0.093507552,0.38120086,0.24718516,0.22630337
4al9_GLA_E_1123,0.5371995,0.6606601,0.037389815,0.093507552,0.38120086,0.24718516,0.22630337
4al9_GLA_G_1123,0.5371995,0.6606601,0.037389815,0.093507552,0.38120086,0.24718516,0.22630337
4aql_TXC_A_1452,0.5371995,0.6606601,0.037389815,0.093507552,0.38120086,0.24718516,0.22630337
4aw0_MJF_A_600,0.5371995,0.6606601,0.037389815,0.093507552,0.38120086,0.24718516,0.22630337
4b1f_DGL_A_1257,0.0014380996,0.98003017,0.032142577,0.096620225,0.37340149,0.25858549,0.23162895
4b1f_KRH_A_1256,0.5371995,0.6606601,0.037389815,0.093507552,0.38120086,0.24718516,0.22630337
4b1f_KRH_B_1257,0.5371995,0.6606601,0.037389815,0.093507552,0.38120086,0.24718516,0.22630337
4b98_PXG_B_470,0.53703729,0.98621689,0.032130182,0.095925718,0.38446019,0.24396294,0.23706596
4b98_PXG_C_470,0.53752867,0,0.048062704,0.088600589,0.37458691,0.25372364,0.20446386
4b98_PXG_D_470,0.53752867,0,0.048062704,0.088600589,0.37458691,0.25372364,0.20446386
4bbx_LKF_A_1760,0.53752867,0,0.048062704,0.088600589,0.37458691,0.25372364,0.20446386
4bbx_LKF_B_1760,0.53752867,0,0.048062704,0.088600589,0.37458691,0.25372364,0.20446386
4bdr_CYS_B_804,0,0.64059435,0.037625963,0.094101224,0.36997095,0.26198708,0.22039278
4bdr_KAI_B_900,0.92350269,0.96895492,0.03247223,0.09526329,0.39222149,0.23362868,0.24027028
4bq5_GAL_C_1,0.5371995,0.6606601,0.037389815,0.093507552,0.38120086,0.24718516,0.22630337
4bu7_25F_A_2165,0.99542246,0,0.048137554,0.087967442,0.38398955,0.24127213,0.20893816
4bu7_25F_C_2165,0.5371995,0.6606601,0.037389815,0.093507552,0.38120086,0.24718516,0.22630337
4buf_F36_A_2162,0.97707337,0,0.048134555,0.087992808,0.38361282,0.24177095,0.20875891
4buf_F36_B_2162,0.97541797,0,0.048134284,0.087995096,0.38357884,0.24181596,0.20874274
4buv_16I_C_2165,0.5371995,0.6606601,0.037389815,0.093507552,0.38120086,0.24718516,0.22630337
4bux_F35_A_2166,0.5371995,0.6606601,0.037389815,0.093507552,0.38120086,0.24718516,0.22630337
4bux_F35_C_2165,0.5371995,0.6606601,0.037389815,0.093507552,0.38120086,0.24718516,0.22630337
4bvh_OCZ_B_1392,0.53752867,0,0.048062704,0.088600589,0.37458691,0.25372364,0.20446386
4bvh_OCZ_C_1394,0.53752867,0,0.048062704,0.088600589,0.37458691,0.25372364,0.20446386
4bz6_SHH_A_700,0.5371995,0.6606601,0.037389815,0.093507552,0.38120086,0.24718516,0.22630337
4bz6_SHH_C_700,0.5371995,0.6606601,0.037389815,0.093507552,0.38120086,0.24718516,0.22630337
4bz6_SHH_D_700,0.5371995,0.6606601,0.037389815,0.093507552,0.38120086,0.24718516,0.22630337
4c2p_X8Z_A_709,0.5371995,0.6606601,0.037389815,0.093507552,0.38120086,0.24718516,0.22630337
4c2z_646_A_1498,0.5371995,0.6606601,0.037389815,0.093507552,0.38120086,0.24718516,0.22630337
4c2z_646_B_1498,0.5371995,0.6606601,0.037389815,0.093507552,0.38120086,0.24718516,0.22630337
4c67_L5S_A_1170,0.5371995,0.6606601,0.037389815,0.093507552,0.38120086,0.24718516,0.22630337
4c7g_NGO_A_1495,0.5371995,0.6606601,0.037389815,0.093507552,0.38120086,0.24718516,0.22630337
4can_M7K_A_800,0.5371995,0.6606601,0.037389815,0.093507552,0.38120086,0.24718516,0.22630337
4can_M7K_B_800,0.5371995,0.6606601,0.037389815,0.093507552,0.38120086,0.24718516,0.22630337
4cb5_93G_A_1484,0,0,0.047974831,0.089343532,0.36355246,0.2683329,0.19921405
4ccu_AWF_A_1500,0.5371995,0.6606601,0.037389815,0.093507552,0.38120086,0.24718516,0.22630337
4cdt_M48_A_801,0.5371995,0.6606601,0.037389815,0.093507552,0.38120086,0.24718516,0.22630337
4cjs_L0Y_A_1217,0.53703881,0.98316231,0.032179529,0.09590303,0.38442961,0.24399317,0.23696498
4cjs_L0Y_B_1217,0.53704698,0.96678194,0.032444158,0.095781365,0.38426562,0.24415529,0.23642348
4cjv_IV2_B_1215,0.9945621,0.99581782,0.032049873,0.095364567,0.39394957,0.23143081,0.24185256
4cjw_CBJ_A_1215,0.5370564,0.94785945,0.032749854,0.095640818,0.38407619,0.24434256,0.23579795
4cjw_CBJ_A_1216,0.53752867,0,0.048062704,0.088600589,0.37458691,0.25372364,0.20446386
4cjw_CBJ_B_1217,0.5370655,0.9296023,0.033044802,0.095505213,0.38389341,0.24452326,0.23519441
4cjw_CBJ_B_1218,0.5371963,0.66709005,0.037285737,0.093555402,0.38126533,0.24712137,0.22651635
4cld_JUO_A_1270,0.53752867,0,0.048062704,0.088600589,0.37458691,0.25372364,0.20446386
4cld_JUO_B_1270,0.53752867,0,0.048062704,0.088600589,0.37458691,0.25372364,0.20446386
4cld_JUO_C_1270,0.53752867,0,0.048062704,0.088600589,0.37458691,0.25372364,0.20446386
4cld_JUO_D_1270,0.53752867,0,0.048062704,0.088600589,0.37458691,0.25372364,0.20446386
4cle_JR2_A_1270,0.5371995,0.6606601,0.037389815,0.093507552,0.38120086,0.24718516,0.22630337
4cle_JR2_A_1271,0.5371995,0.6606601,0.037389815,0.093507552,0.38120086,0.24718516,0.22630337
4cle_JR2_B_1270,0.5371995,0.6606601,0.037389815,0.093507552,0.38120086,0.24718516,0.22630337
4clo_XP0_B_1270,0.5371995,0.6606601,0.037389815,0.093507552,0.38120086,0.24718516,0.22630337
4clo_XP0_D_1270,0.5371995,0.6606601,0.037389815,0.093507552,0.38120086,0.24718516,0.22630337
4clr_FDB_A_1270,0.5371995,0.6606601,0.037389815,0.093507552,0.38120086,0.24718516,0.22630337
4clr_FDB_C_1270,0.5371995,0.6606601,0.037389815,0.093507552,0.38120086,0.24718516,0.22630337
4clr_FDB_D_1270,0.5371995,0.6606601,0.037389815,0.093507552,0.38120086,0.24718516,0.22630337
4cme_KTZ_A_1270,0.5371995,0.6606601,0.037389815,0.093507552,0.38120086,0.24718516,0.22630337
4cme_KTZ_B_1270,0.5371995,0.6606601,0.037389815,0.093507552,0.38120086,0.24718516,0.22630337
4cme_KTZ_C_1270,0.53752867,0,0.048062704,0.088600589,0.37458691,0.25372364,0.20446386
4cme_KTZ_D_1270,0.53752867,0,0.048062704,0.088600589,0.37458691,0.25372364,0.20446386
4cmk_FQW_A_1270,0.5371995,0.6606601,0.037389815,0.093507552,0.38120086,0.24718516,0.22630337
4cmk_FQW_B_1270,0.5371995,0.6606601,0.037389815,0.093507552,0.38120086,0.24718516,0.22630337
4cmk_FQW_C_1270,0.5371995,0.6606601,0.037389815,0.093507552,0.38120086,0.24718516,0.22630337
4cmk_FQW_D_1270,0.5371995,0.6606601,0.037389815,0.093507552,0.38120086,0.24718516,0.22630337
4cno_9PY_B_301,0.53705628,0.94810296,0.03274592,0.095642627,0.38407862,0.24434015,0.235806
4cno_9PY_C_301,0.53706566,0.92928702,0.033049895,0.095502871,0.38389025,0.24452638,0.23518399
4cno_9PY_D_301,0.53704294,0.97488296,0.032313284,0.095841535,0.38434673,0.24407511,0.23669128
4crg_J4X_A_1493,0.5371995,0.6606601,0.037389815,0.093507552,0.38120086,0.24718516,0.22630337
4cvb_PQQ_A_1608,0.5371995,0.6606601,0.037389815,0.093507552,0.38120086,0.24718516,0.22630337
4cw2_XDS_A_1303,0,0,0.047974831,0.089343532,0.36355246,0.2683329,0.19921405
4cx6_Q16_B_800,0.5371995,0.6606601,0.037389815,0.093507552,0.38120086,0.24718516,0.22630337
4cxr_2BG_A_502,0.99651084,0.9942728,0.032075152,0.095350398,0.3939741,0.23139314,0.24182052
4d06_NAR_C_301,0.53703428,0.992269,0.032032409,0.09597067,0.38452078,0.24390304,0.23726603
4d06_NAR_E_301,0.53703373,0.99335969,0.032014789,0.095978771,0.3845317,0.24389224,0.23730208
4d06_NAR_F_301,0.53705335,0.95399504,0.032650732,0.09568639,0.38413761,0.24428184,0.23600078
4d06_NAR_F_302,0.5371995,0.6606601,0.037389815,0.093507552,0.38120086,0.24718516,0.22630337
4d06_X8W_B_301,0.53703827,0.98425318,0.032161906,0.095911133,0.38444053,0.24398237,0.23700104
4d06_X8W_D_303,0.5371995,0.6606601,0.037389815,0.093507552,0.38120086,0.24718516,0.22630337
4d0z_BBK_A_1581,0.53706121,0.9382103,0.032905738,0.095569149,0.38397959,0.24443806,0.23547897
4d0z_BBK_B_1580,0.53752867,0,0.048062704,0.088600589,0.37458691,0.25372364,0.20446386
4d0z_BBK_E_1584,0.53752867,0,0.048062704,0.088600589,0.37458691,0.25372364,0.20446386
4d3s_BOG_F_1000,0.5371995,0.6606601,0.037389815,0.093507552,0.38120086,0.24718516,0.22630337
4d3s_BOG_H_1000,0.5371995,0.6606601,0.037389815,0.093507552,0.38120086,0.24718516,0.22630337
4d4u_FUC_A_950,0.5371995,0.6606601,0.037389815,0.093507552,0.38120086,0.24718516,0.22630337
4d4u_FUC_B_950,0.5371995,0.6606601,0.037389815,0.093507552,0.38120086,0.24718516,0.22630337
4d5e_TPP_A_1589,0.5371995,0.6606601,0.037389815,0.093507552,0.38120086,0.24718516,0.22630337
4d5e_TPP_B_1590,0.5371995,0.6606601,0.037389815,0.093507552,0.38120086,0.24718516,0.22630337
4d6z_PK9_A_1600,0.5371995,0.6606601,0.037389815,0.093507552,0.38120086,0.24718516,0.22630337
4d96_5PA_B_501,0.5371995,0.6606601,0.037389815,0.093507552,0.38120086,0.24718516,0.22630337
4d96_5PA_C_402,0.5371995,0.6606601,0.037389815,0.093507552,0.38120086,0.24718516,0.22630337
4d96_5PA_D_501,0.5371995,0.6606601,0.037389815,0.093507552,0.38120086,0.24718516,0.22630337
4dch_4DC_A_502,0.5371995,0.6606601,0.037389815,0.093507552,0.38120086,0.24718516,0.22630337
4dch_GLC_A_501,0,0.98351441,0.032086054,0.09664809,0.37340687,0.25859007,0.23173009
4dd8_BAT_A_1000,0.5371995,0.6606601,0.037389815,0.093507552,0.38120086,0.24718516,0.22630337
4dd8_BAT_B_1000,0.5371995,0.6606601,0.037389815,0.093507552,0.38120086,0.24718516,0.22630337
4dd8_BAT_C_1000,0.5371995,0.6606601,0.037389815,0.093507552,0.38120086,0.24718516,0.22630337
4do1_ANN_B_502,0.5371995,0.6606601,0.037389815,0.093507552,0.38120086,0.24718516,0.22630337
4do1_ANN_C_502,0.5371995,0.6606601,0.037389815,0.093507552,0.38120086,0.24718516,0.22630337
4do1_ANN_D_502,0.99500566,0.65807248,0.037531849,1.3329135e-19,0.39145763,0.23553694,0.23051161
4dt8_ADN_B_401,0.5371995,0.6606601,0.037389815,0.093507552,0.38120086,0.24718516,0.22630337
4dta_ADN_A_401,0.5371995,0.6606601,0.037389815,0.093507552,0.38120086,0.24718516,0.22630337
4dta_ADN_B_401,0.5371995,0.6606601,0.037389815,0.093507552,0.38120086,0.24718516,0.22630337
4dtb_GMP_A_401,0.5371995,0.6606601,0.037389815,0.093507552,0.38120086,0.24718516,0.22630337
4du7_DP6_A_401,0.5371995,0.6606601,0.037389815,0.093507552,0.38120086,0.24718516,0.22630337
4du7_DP6_B_401,0.5371995,0.6606601,0.037389815,0.093507552,0.38120086,0.24718516,0.22630337
4dvw_0M4_B_512,0.53703492,0.99097395,0.032053331,0.095961051,0.38450782,0.24391585,0.23722322
4dwv_PFB_B_378,0.99182577,0.98198648,0.032272873,0.095265624,0.39375481,0.23164221,0.24136855
4e7v_CRS_1_101,0,0.98431918,0.032073053,0.096654067,0.37341494,0.2585821,0.2317567
4e7v_CRS_3_101,0.99789088,0.97780262,0.032341455,0.095226166,0.39383741,0.23151878,0.24128948
4e7v_CRS_E_101,0.25271518,0.9905427,0.032013823,0.096350931,0.37866581,0.25165033,0.23443119
4e7v_CRS_G_101,0.99448582,0.99519348,0.032059947,0.095360035,0.39394175,0.23143907,0.24183117
4e7v_CRS_I_101,0.9978539,0.98707028,0.032191729,0.095295048,0.39392951,0.23142798,0.24159552
4e7v_CRS_M_101,0.5371995,0.6606601,0.037389815,0.093507552,0.38120086,0.24718516,0.22630337
4e7v_CRS_O_101,0.5371995,0.6606601,0.037389815,0.093507552,0.38120086,0.24718516,0.22630337
4e7v_CRS_Q_101,0.5371995,0.6606601,0.037389815,0.093507552,0.38120086,0.24718516,0.22630337
4e7v_CRS_S_101,0.5371995,0.6606601,0.037389815,0.093507552,0.38120086,0.24718516,0.22630337
4e7v_CRS_U_101,0.5371995,0.6606601,0.037389815,0.093507552,0.38120086,0.24718516,0.22630337
4e7v_CRS_Y_101,0.5371995,0.6606601,0.037389815,0.093507552,0.38120086,0.24718516,0.22630337
4e9z_651_A_301,0.5371995,0.6606601,0.037389815,0.093507552,0.38120086,0.24718516,0.22630337
4ea0_651_A_306,0.5371995,0.6606601,0.037389815,0.093507552,0.38120086,0.24718516,0.22630337
4ea0_651_B_305,0.5371995,0.6606601,0.037389815,0.093507552,0.38120086,0.24718516,0.22630337
4ejh_0QA_A_502,0.5371995,0.6606601,0.037389815,0.093507552,0.38120086,0.24718516,0.22630337
4ejh_0QA_D_502,0.53718544,0.68886984,0.036933881,0.093717172,0.38148337,0.24690581,0.22723634
4ejh_0QA_F_502,0.5371995,0.6606601,0.037389815,0.093507552,0.38120086,0.24718516,0.22630337
4ek1_CAM_A_502,0.5371995,0.6606601,0.037389815,0.093507552,0.38120086,0.24718516,0.22630337
4ek1_CAM_B_502,0.5371995,0.6606601,0.037389815,0.093507552,0.38120086,0.24718516,0.22630337
4ekr_0R0_A_202,0.9971705,0.99177384,0.032115631,0.095330926,0.39396261,0.23139996,0.24174434
4ekr_0R0_A_203,0.5371995,0.6606601,0.037389815,0.093507552,0.38120086,0.24718516,0.22630337
4ekr_0R0_B_203,0,0.99207739,0.031947718,0.096711687,0.37349267,0.25850525,0.23201319
4evi_N7I_B_401,0.99517936,0.99259439,0.032102049,0.095339773,0.39392995,0.23144596,0.24175202
4evq_PHB_B_402,0.98976449,0.99211104,0.032108972,0.095343669,0.39381393,0.23159795,0.24168314
4evs_PHB_A_408,0.53703542,0.98997319,0.032069498,0.095953618,0.3844978,0.24392576,0.23719013
4f06_PHB_A_401,0.98213379,0.99116736,0.03212297,0.095347209,0.39364781,0.23181475,0.2415774
4f8n_GAL_A_204,0.5371995,0.6606601,0.037389815,0.093507552,0.38120086,0.24718516,0.22630337
4f8n_PC_A_202,0.9663152,0.92965042,0.033114197,0.094912191,0.39270666,0.23285417,0.23938906
4fh7_TBP_A_202,0.02861531,0.66087248,0.037304145,0.094211767,0.37076127,0.26100924,0.22134044
4fm6_TYR_C_259,0.5371995,0.6606601,0.037389815,0.093507552,0.38120086,0.24718516,0.22630337
4fra_GAL_A_402,0.9772443,0.98949227,0.032149232,0.095341527,0.39353064,0.23196426,0.24147426
4g1q_T27_A_601,0.5371995,0.6606601,0.037389815,0.093507552,0.38120086,0.24718516,0.22630337
4g1x_TQU_A_409,0,0.94765954,0.024562015,0.098580134,0.099982627,0,0.28685458
4g1x_TQU_A_410,0.9971105,0.99486641,0.033537931,0.094933732,0.43926369,0.2715541,0
4gcq_0JM_A_401,0.53707195,0.91666671,0.033253779,0.095409134,0.38376391,0.24465128,0.23476679
4gcq_0JM_B_401,0.00023758942,0.97055429,0.032295465,0.096551507,0.3732819,0.258712,0.23130394
4ghf_4NC_A_402,0.5370612,0.93823821,0.032905287,0.095569356,0.38397986,0.24443779,0.23547989
4ghf_4NC_C_402,0.53705707,0.94652896,0.032771348,0.095630936,0.38406287,0.24435573,0.23575397
4ghf_4NC_D_402,0.53706429,0.93203626,0.033005481,0.095523291,0.38391778,0.24449917,0.23527487
4gim_PSU_B_400,0.97830455,0.91511043,0.033351052,0.094787628,0.39280713,0.23267227,0.23902547
4gim_PSU_C_400,0.94561269,0.79013062,0.03536477,0.093904597,0.39088369,0.23479908,0.23457414
4gmu_OXL_A_705,0.5371995,0.6606601,0.037389815,0.093507552,0.38120086,0.24718516,0.22630337
4gnp_PEP_A_703,0.99025742,0.95707198,0.032675113,0.095082753,0.39347297,0.23193166,0.24052953
4gt9_MEF_A_304,0.5371995,0.6606601,0.037389815,0.093507552,0.38120086,0.24718516,0.22630337
4gt9_UMP_A_302,0.5371995,0.6606601,0.037389815,0.093507552,0.38120086,0.24718516,0.22630337
4gy9_ZIP_A_201,0.5371995,0.6606601,0.037389815,0.093507552,0.38120086,0.24718516,0.22630337
4h4c_10D_A_402,0.5371995,0.6606601,0.037389815,0.093507552,0.38120086,0.24718516,0.22630337
4h4c_10D_B_402,0.5371995,0.6606601,0.037389815,0.093507552,0.38120086,0.24718516,0.22630337
4h9g_14J_A_512,0.0034863285,0.97718225,0.03218892,0.096596242,0.373415,0.25855802,0.2315548
4h9x_HL4_A_404,0.58616657,0.9850088,0.032157733,0.095848862,0.38545647,0.24264021,0.23750566
4h9x_HL4_B_404,0.54444563,0.69167149,0.036889808,0.093727922,0.38166078,0.24668024,0.22740005
4hey_4MZ_A_303,0.53752867,0,0.048062704,0.088600589,0.37458691,0.25372364,0.20446386
4hey_4MZ_A_307,0.53752867,0,0.048062704,0.088600589,0.37458691,0.25372364,0.20446386
4hey_4MZ_A_308,0.53752867,0,0.048062704,0.088600589,0.37458691,0.25372364,0.20446386
4hez_1MZ_A_302,0.5371995,0.6606601,0.037389815,0.093507552,0.38120086,0.24718516,0.22630337
4hez_1MZ_A_304,0.5371995,0.6606601,0.037389815,0.093507552,0.38120086,0.24718516,0.22630337
4hez_1MZ_A_306,0.5371995,0.6606601,0.037389815,0.093507552,0.38120086,0.24718516,0.22630337
4hez_1MZ_A_307,0.5371995,0.6606601,0.037389815,0.093507552,0.38120086,0.24718516,0.22630337
4hgg_SYN_A_502,0.99810189,0.86131549,0.034223351,0.094360725,0.39267459,0.23266698,0.23744035
4hgg_SYN_B_502,0.99201502,0.94275026,0.032906769,0.094973955,0.39336556,0.23202575,0.24007321
4hmx_WUB_A_302,0.53752867,0,0.048062704,0.088600589,0.37458691,0.25372364,0.20446386
4hon_AKG_A_401,0.99662671,0,0.048137751,0.087965777,0.38401427,0.24123939,0.20894992
4hon_AKG_B_401,0.99329821,0,0.048137207,0.087970379,0.38394594,0.24132988,0.20891741
4hoz_GLC_A_703,0.5371995,0.6606601,0.037389815,0.093507552,0.38120086,0.24718516,0.22630337
4hrq_AZG_A_201,0.012747853,0.97877727,0.032164667,0.096595284,0.37362114,0.25829044,0.23169801
4hrq_AZG_B_201,0,0,0.047974831,0.089343532,0.36355246,0.2683329,0.19921405
4hxk_1AJ_A_201,0.5370596,0.94145401,0.032853335,0.095593242,0.38401206,0.24440596,0.2355862
4hzf_CMP_A_301,0.5371995,0.6606601,0.037389815,0.093507552,0.38120086,0.24718516,0.22630337
4hzf_CMP_A_302,0.5371995,0.6606601,0.037389815,0.093507552,0.38120086,0.24718516,0.22630337
4hzf_CMP_B_301,0.5371995,0.6606601,0.037389815,0.093507552,0.38120086,0.24718516,0.22630337
4i02_CMP_A_301,0.5371995,0.6606601,0.037389815,0.093507552,0.38120086,0.24718516,0.22630337
4i02_CMP_A_302,0.5371995,0.6606601,0.037389815,0.093507552,0.38120086,0.24718516,0.22630337
4i02_CMP_B_301,0.5371995,0.6606601,0.037389815,0.093507552,0.38120086,0.24718516,0.22630337
4i02_CMP_B_302,0.5371995,0.6606601,0.037389815,0.093507552,0.38120086,0.24718516,0.22630337
4i02_CMP_D_301,0.5371995,0.6606601,0.037389815,0.093507552,0.38120086,0.24718516,0.22630337
4i02_CMP_D_302,0.5371995,0.6606601,0.037389815,0.093507552,0.38120086,0.24718516,0.22630337
4i02_CMP_F_301,0.5371995,0.6606601,0.037389815,0.093507552,0.38120086,0.24718516,0.22630337
4i0b_CMP_A_301,0.5371995,0.6606601,0.037389815,0.093507552,0.38120086,0.24718516,0.22630337
4i0b_CMP_A_302,0.5371995,0.6606601,0.037389815,0.093507552,0.38120086,0.24718516,0.22630337
4i0b_CMP_B_301,0.5371995,0.6606601,0.037389815,0.093507552,0.38120086,0.24718516,0.22630337
4i2p_G73_A_601,0.5371995,0.6606601,0.037389815,0.093507552,0.38120086,0.24718516,0.22630337
4i4v_NGA_A_201,0,0.94789829,0.050247103,0.091612536,0.9838492,0.78202856,0.10831638
4i4v_NGA_A_202,0.5371995,0.6606601,0.037389815,0.093507552,0.38120086,0.24718516,0.22630337
4i4v_NGA_B_201,0.53705368,0.95332484,0.03266156,0.095681412,0.3841309,0.24428847,0.23597862
4i4v_NGA_B_202,0.5371995,0.6606601,0.037389815,0.093507552,0.38120086,0.24718516,0.22630337
4i4v_NGA_D_201,0.5371995,0.6606601,0.037389815,0.093507552,0.38120086,0.24718516,0.22630337
4i4v_NGA_D_202,0.5371995,0.6606601,0.037389815,0.093507552,0.38120086,0.24718516,0.22630337
4i6s_FUC_A_101,0.5371995,0.6606601,0.037389815,0.093507552,0.38120086,0.24718516,0.22630337
4i6s_FUC_B_101,0.5371995,0.6606601,0.037389815,0.093507552,0.38120086,0.24718516,0.22630337
4i6s_FUC_B_102,0.5371995,0.6606601,0.037389815,0.093507552,0.38120086,0.24718516,0.22630337
4i6s_FUC_C_101,0.5371995,0.6606601,0.037389815,0.093507552,0.38120086,0.24718516,0.22630337
4i6w_1CO_B_1001,0.5371995,0.6606601,0.037389815,0.093507552,0.38120086,0.24718516,0.22630337
4i6y_MEV_A_501,0.5371995,0.6606601,0.037389815,0.093507552,0.38120086,0.24718516,0.22630337
4i6y_MEV_B_1001,0.53702416,0.97619063,0,0.095868496,0.38271638,0.24260312,0.23709183
4i7n_1DJ_A_202,0.99716477,0.99635442,0.03204163,0.095364954,0.39400838,0.23135474,0.24189573
4i7n_1DJ_B_203,0.5371995,0.6606601,0.037389815,0.093507552,0.38120086,0.24718516,0.22630337
4i9n_1E5_B_402,0.99031155,0.66047088,0.037466144,0.092880097,0.39050241,0.2348678,0.23072537
4i9n_1E5_C_402,0.8633477,0.6605239,0.037444757,0.093055905,0.38789617,0.23831901,0.22948636
4i9n_1E5_F_402,0.93713698,0.66049308,0.037457187,0.092953728,0.38941088,0.23631322,0.23020645
4i9n_1E5_H_402,0.89727759,0.66050973,0.037450472,0.093008922,0.38859267,0.23739671,0.22981747
4i9n_1E6_A_401,0.5371995,0.6606601,0.037389815,0.093507552,0.38120086,0.24718516,0.22630337
4i9n_1E6_B_401,0.5371995,0.6606601,0.037389815,0.093507552,0.38120086,0.24718516,0.22630337
4i9n_1E6_C_401,0.5371995,0.6606601,0.037389815,0.093507552,0.38120086,0.24718516,0.22630337
4i9n_1E6_D_401,0.5371995,0.6606601,0.037389815,0.093507552,0.38120086,0.24718516,0.22630337
4i9n_1E6_F_401,0.5371995,0.6606601,0.037389815,0.093507552,0.38120086,0.24718516,0.22630337
4i9n_1E6_G_401,0.5371995,0.6606601,0.037389815,0.093507552,0.38120086,0.24718516,0.22630337
4ioq_BAQ_A_201,0.99515791,0.98961076,0.032150246,0.095317643,0.39389961,0.2314761,0.24165317
4iph_1FJ_A_201,0.5371995,0.6606601,0.037389815,0.093507552,0.38120086,0.24718516,0.22630337
4iph_1FJ_A_202,0.5371995,0.6606601,0.037389815,0.093507552,0.38120086,0.24718516,0.22630337
4itu_1HS_A_302,0.5371995,0.6606601,0.037389815,0.093507552,0.38120086,0.24718516,0.22630337
4itu_1HS_B_302,0.5371995,0.6606601,0.037389815,0.093507552,0.38120086,0.24718516,0.22630337
4itu_1HS_D_302,0.5371995,0.6606601,0.037389815,0.093507552,0.38120086,0.24718516,0.22630337
4ixw_IXW_B_302,0.5371995,0.6606601,0.037389815,0.093507552,0.38120086,0.24718516,0.22630337
4j0k_EGR_A_501,0.53716555,0.7287984,0.036288827,0.094013741,0.38188311,0.24651064,0.22855629
4j0k_EGR_B_501,0.53714232,0.77542336,0.035535592,0.094360048,0.38234988,0.24604918,0.2300976
4j4b_0TF_A_904,0.5371995,0.6606601,0.037389815,0.093507552,0.38120086,0.24718516,0.22630337
4j4b_0TF_B_301,0.5371995,0.6606601,0.037389815,0.093507552,0.38120086,0.24718516,0.22630337
4j5h_1K4_A_303,0.5371995,0.6606601,0.037389815,0.093507552,0.38120086,0.24718516,0.22630337
4j7u_YTZ_A_802,0.95283946,0.66048653,0.037459832,0.092931985,0.38973321,0.23588639,0.23035969
4j7u_YTZ_B_802,0.94858893,0.6604883,0.037459116,0.09293787,0.38964596,0.23600193,0.23031821
4j7u_YTZ_D_802,0.99379934,0.66046942,0.037466731,0.092875267,0.39057401,0.23477299,0.2307594
4jb0_ENO_A_402,0.93883266,0,0.06913213,0.082347637,0.99453131,0.99515966,0.062521816
4jb0_FER_A_401,0,0.66088443,0.037299325,0.094251391,0.37017387,0.26178707,0.2210612
4jh6_FCN_A_202,0.99536604,0.92701857,0.033161464,0.094852484,0.39327674,0.23209049,0.23958584
4jh6_FCN_B_202,0,0,0.047974831,0.089343532,0.36355246,0.2683329,0.19921405
4jhh_H35_A_201,0.5371995,0.6606601,0.037389815,0.093507552,0.38120086,0.24718516,0.22630337
4jp3_CIT_A_301,0.5371995,0.6606601,0.037389815,0.093507552,0.38120086,0.24718516,0.22630337
4jwx_1N4_A_301,0.5371995,0.6606601,0.037389815,0.093507552,0.38120086,0.24718516,0.22630337
4jxh_HRC_A_301,0.5371995,0.6606601,0.037389815,0.093507552,0.38120086,0.24718516,0.22630337
4jzx_476_A_402,0.53763327,0.65825503,0.037455052,0,0.38207032,0.24797773,0.22604555
4jzx_IPE_A_401,0.5371995,0.6606601,0.037389815,0.093507552,0.38120086,0.24718516,0.22630337
4k5g_Q13_A_803,0.5371995,0.6606601,0.037389815,0.093507552,0.38120086,0.24718516,0.22630337
4k5g_Q13_B_803,0.5371995,0.6606601,0.037389815,0.093507552,0.38120086,0.24718516,0.22630337
4k5u_GAL_B_301,0,0.98416174,0.032075596,0.096652898,0.37341336,0.25858366,0.23175149
4k5u_GAL_C_301,0.92530297,0.98466455,0.032218734,0.095377477,0.39241586,0.23342412,0.24080724
4k5u_GAL_D_301,0,0.98754743,0.0320209,0.096678043,0.37344728,0.25855012,0.23186343
4k90_MLA_A_704,0.98196275,0.87380436,0.034018954,0.094475791,0.39246837,0.23298201,0.23769558
4kfj_1R0_A_202,0.5371995,0.6606601,0.037389815,0.093507552,0.38120086,0.24718516,0.22630337
4kp7_1UQ_B_502,0.99343385,0.94583919,0,0.095012346,0.39176759,0.23048412,0.24054989
4kqk_PCR_A_403,0.5371995,0.6606601,0.037389815,0.093507552,0.38120086,0.24718516,0.22630337
4kqk_PCR_B_703,0.5371995,0.6606601,0.037389815,0.093507552,0.38120086,0.24718516,0.22630337
4kqx_HIO_A_402,0.81156222,0.95520729,0.032676025,0.095315935,0.38978549,0.23680799,0.23872224
4kqx_HIO_B_401,0.80305821,0.92153853,0.033218558,0.095077633,0.38927354,0.23737271,0.23752604
4kux_FPS_A_704,0.53706674,0.92710586,0.033085132,0.095486671,0.38386842,0.24454796,0.23511188
4kux_FPS_B_405,0,0.94015224,0.024681639,0.098524826,0.099851688,0,0.28661789
4kux_FPS_C_705,0.53707602,0.90848005,0.033386036,0.095348328,0.38368195,0.24473231,0.23449615
4kux_FPS_D_704,0.53707995,0.90060287,0.033513293,0.09528982,0.38360309,0.24481027,0.23423575
4kwl_3SS_A_302,0.98946674,0.99136081,0.032121044,0.095338509,0.3938003,0.23161348,0.24165543
4l1x_STR_A_402,0.5371995,0.6606601,0.037389815,0.093507552,0.38120086,0.24718516,0.22630337
4l1x_STR_B_402,0.53752867,0,0.048062704,0.088600589,0.37458691,0.25372364,0.20446386
4l4d_CAM_A_503,0.5371995,0.6606601,0.037389815,0.093507552,0.38120086,0.24718516,0.22630337
4l7p_M95_A_601,0.5371995,0.6606601,0.037389815,0.093507552,0.38120086,0.24718516,0.22630337
4l80_OXL_A_402,0.5371995,0.6606601,0.037389815,0.093507552,0.38120086,0.24718516,0.22630337
4l80_OXL_B_402,0.5371995,0.6606601,0.037389815,0.093507552,0.38120086,0.24718516,0.22630337
4l80_OXL_C_402,0.5371995,0.6606601,0.037389815,0.093507552,0.38120086,0.24718516,0.22630337
4l80_OXL_D_402,0.5371995,0.6606601,0.037389815,0.093507552,0.38120086,0.24718516,0.22630337
4l80_OXL_E_402,0.5371995,0.6606601,0.037389815,0.093507552,0.38120086,0.24718516,0.22630337
4l80_OXL_F_402,0.5371995,0.6606601,0.037389815,0.093507552,0.38120086,0.24718516,0.22630337
4l8q_XMM_A_303,0.12899927,0.82378864,0.025505914,0.097774578,0.042275572,0,0.29154614
4l91_X29_A_301,0.99558306,0.9896262,0.032150066,0.09531717,0.3939085,0.23146439,0.24165783
4lek_1DN_X_202,0.5371995,0.6606601,0.037389815,0.093507552,0.38120086,0.24718516,0.22630337
4lm7_U5P_A_201,0.53709942,0.86152891,0.03414454,0.094999598,0.38321191,0.24519699,0.23294406
4lo1_GAL_A_301,0.5371995,0.6606601,0.037389815,0.093507552,0.38120086,0.24718516,0.22630337
4lo1_GAL_B_301,0.5371995,0.6606601,0.037389815,0.093507552,0.38120086,0.24718516,0.22630337
4lol_1YE_A_402,0.53704532,0.97010127,0.032390533,0.095806019,0.38429885,0.24412243,0.23653321
4luu_BTM_A_704,0.5371995,0.6606601,0.037389815,0.093507552,0.38120086,0.24718516,0.22630337
4lvb_20N_B_601,0.5371995,0.6606601,0.037389815,0.093507552,0.38120086,0.24718516,0.22630337
4lxi_22J_A_301,0.5371995,0.6606601,0.037389815,0.093507552,0.38120086,0.24718516,0.22630337
4lz3_BTM_A_409,0.5371995,0.6606601,0.037389815,0.093507552,0.38120086,0.24718516,0.22630337
4lz7_1YW_B_804,0.53705495,0.95077782,0.032702707,0.095662494,0.3841054,0.24431368,0.23589442
4lz7_1YW_C_804,0.53752867,3.440424e-08,0.048062704,0.088600589,0.37458691,0.25372364,0.20446386
4m2c_DAR_C_402,0.5371995,0.6606601,0.037389815,0.093507552,0.38120086,0.24718516,0.22630337
4m2c_DAR_D_402,0.5371995,0.6606601,0.037389815,0.093507552,0.38120086,0.24718516,0.22630337
4m54_AE5_A_403,5.927046e-05,0,0.047974841,0.08934345,0.36355368,0.26833129,0.19921462
4m72_M72_B_402,0.5371995,0.6606601,0.037389815,0.093507552,0.38120086,0.24718516,0.22630337
4ma8_Z80_C_301,0,0.73788609,0.036054205,0.094823809,0.37094578,0.2610233,0.22360935
4mgj_CPZ_A_502,0.5371995,0.6606601,0.037389815,0.093507552,0.38120086,0.24718516,0.22630337
4mig_G3F_A_802,0.5371995,0.6606601,0.037389815,0.093507552,0.38120086,0.24718516,0.22630337
4mig_G3F_B_802,0.5371995,0.6606601,0.037389815,0.093507552,0.38120086,0.24718516,0.22630337
4mig_G3F_D_802,0.5371995,0.6606601,0.037389815,0.093507552,0.38120086,0.24718516,0.22630337
4mju_27S_A_501,0.5371995,0.6606601,0.037389815,0.093507552,0.38120086,0.24718516,0.22630337
4mog_G3F_A_802,0.53706552,0.92957132,0.033045302,0.095504983,0.3838931,0.24452356,0.23519338
4mol_2FG_C_703,0.53752867,0,0.048062704,0.088600589,0.37458691,0.25372364,0.20446386
4mol_2FG_D_802,0.53705199,0.95670906,0.032606887,0.095706549,0.38416478,0.24425498,0.2360905
4mop_2H5_A_802,0.5370723,0.91595387,0.033265295,0.095403839,0.38375677,0.24465834,0.23474322
4mop_2H5_B_802,0.53708532,0.88983296,0.033687283,0.095209826,0.38349527,0.24491686,0.23387972
4mop_2H5_C_703,0.53707246,0.91563809,0.033270396,0.095401494,0.38375361,0.24466146,0.23473278
4mpr_TPP_A_602,0,0.95581788,0.032533494,0.096442388,0.37312936,0.25886444,0.23081441
4mr7_2BV_A_501,0,0,0.047974831,0.089343532,0.36355246,0.2683329,0.19921405
4mr8_2BW_A_507,0.5371995,0.6606601,0.037389815,0.093507552,0.38120086,0.24718516,0.22630337
4mux_2E4_A_402,0,0.66088443,0.037299325,0.094251391,0.37017387,0.26178707,0.2210612
4n36_2F8_A_401,0,0.97125361,0.047904761,0.092319115,0.91606176,0.72334825,0.12274715
4n36_2F8_B_401,0.53705011,0.96049557,0.032545715,0.095734673,0.38420269,0.2442175,0.23621567
4n36_2F8_C_401,0.53705181,0.95707559,0.032600965,0.095709271,0.38416845,0.24425135,0.23610261
4n4j_HG1_A_605,0.53705609,0.94848261,0.032739787,0.095645447,0.38408242,0.2443364,0.23581855
4n4j_HG1_A_606,0.53752867,0,0.048062704,0.088600589,0.37458691,0.25372364,0.20446386
4n4j_HG1_A_607,0.53707594,0.90865764,0.033383167,0.095349647,0.38368373,0.24473055,0.23450203
4n4j_HG1_A_608,0.5371995,0.6606601,0.037389815,0.093507552,0.38120086,0.24718516,0.22630337
4n5p_2H0_E_412,0.53703704,0.98671827,0.032122082,0.095929442,0.38446521,0.24395797,0.23708253
4n6w_FLC_A_203,0,0.98522969,0.032058343,0.096660829,0.37342406,0.25857308,0.2317868
4n94_2HO_A_401,0.0019292408,0.99624085,0.031880772,0.096739942,0.373574,0.25841155,0.23216969
4n9v_AZA_A_401,0.5371995,0.6606601,0.037389815,0.093507552,0.38120086,0.24718516,0.22630337
4n9v_AZA_A_402,0.5371995,0.6606601,0.037389815,0.093507552,0.38120086,0.24718516,0.22630337
4n9v_AZA_A_403,0.5371995,0.6606601,0.037389815,0.093507552,0.38120086,0.24718516,0.22630337
4ndn_PPK_A_406,0.90226474,0.66050765,0.037451312,0.093002016,0.38869504,0.23726114,0.22986614
4ndn_PPK_C_404,0,0.66088443,0.037299325,0.094251391,0.37017387,0.26178707,0.2210612
4nf4_2JK_A_301,0,0,0.047974831,0.089343532,0.36355246,0.2683329,0.19921405
4ni1_2JX_A_203,2.3874317e-06,0,0.047974832,0.089343529,0.36355251,0.26833284,0.19921407
4ni1_2JX_A_204,0,0,0.047974831,0.089343532,0.36355246,0.2683329,0.19921405
4nir_6DH_A_307,0.99514521,0,0.048137509,0.087967825,0.38398386,0.24127967,0.20893545
4nir_6DH_A_308,0,0,0.047974831,0.089343532,0.36355246,0.2683329,0.19921405
4nir_6DH_B_306,1.003211e-05,0,0.047974833,0.089343518,0.36355267,0.26833263,0.19921414
4nkw_PLO_A_601,0.5371995,0.6606601,0.037389815,0.093507552,0.38120086,0.24718516,0.22630337
4nkw_PLO_B_601,0.99066857,0.9938415,0.022268331,0.09801777,2.0627168e-07,0,0.3100135
4nkw_PLO_C_601,0.5371995,0.6606601,0.037389815,0.093507552,0.38120086,0.24718516,0.22630337
4nkw_PLO_D_601,0.5371995,0.6606601,0.037389815,0.093507552,0.38120086,0.24718516,0.22630337
4np7_DPJ_A_403,0.5371995,0.6606601,0.037389815,0.093507552,0.38120086,0.24718516,0.22630337
4npm_SIN_A_301,0.5371995,0.6606601,0.037389815,0.093507552,0.38120086,0.24718516,0.22630337
4nv0_MG7_B_402,0.5371995,0.6606601,0.037389815,0.093507552,0.38120086,0.24718516,0.22630337
4o7g_ASC_B_303,0.98358203,0.97739772,0.0323837,1.5460668e-06,0.39443335,0.23270741,0.24092917
4o7g_ASC_B_304,0.12732296,0,0.047995645,0.089167518,0.36616654,0.2648716,0.20045784
4o95_245_A_602,0.93665459,0.98405158,0.032230492,0.095357231,0.39264278,0.2331216,0.24089787
4ocu_NDG_A_401,0.53705924,0.94216536,0.032841843,0.095598525,0.38401918,0.24439892,0.23560971
4ofu_DHT_A_1001,0.99281794,0.99453362,0.032070335,0.09535744,0.3939009,0.23149095,0.24179307
4ovl_1TD_A_308,0.53705867,0.94330338,0.032823458,0.095606978,0.38403057,0.24438766,0.23564734
4ox5_DAL_A_307,0.53752867,0,0.048062704,0.088600589,0.37458691,0.25372364,0.20446386
4oxy_1TN_A_302,0.98129797,0.97494096,0.032384973,0.095227851,0.39346807,0.23199821,0.24103278
4oxy_1TN_B_302,0.98677158,0.98767604,0.032180131,0.095314868,0.39370805,0.23172325,0.24150728
4p5y_NGA_A_201,0.5371995,0.6606601,0.037389815,0.093507552,0.38120086,0.24718516,0.22630337
4p7q_NAG_A_703,0.5371995,0.6606601,0.037389815,0.093507552,0.38120086,0.24718516,0.22630337
4p7q_NAG_A_704,0.5371995,0.6606601,0.037389815,0.093507552,0.38120086,0.24718516,0.22630337
4p7q_NAG_A_706,0.5375046,0,0,0.088623093,0.37249096,0.25186163,0.20492191
4p8c_2J3_A_504,0.5371995,0.6606601,0.037389815,0.093507552,0.38120086,0.24718516,0.22630337
4p8c_Y22_B_502,0,0.66088443,0.037299325,0.094251391,0.37017387,0.26178707,0.2210612
4pb4_PLP_A_401,0.5371995,0.6606601,0.037389815,0.093507552,0.38120086,0.24718516,0.22630337
4pb4_PLP_B_401,0.5371995,0.6606601,0.037389815,0.093507552,0.38120086,0.24718516,0.22630337
4pbr_2L7_A_401,0.99532386,0.98982832,0.032146759,0.09531903,0.3939052,0.23146944,0.24166198
4pgi_Y69_A_303,0.5371995,0.6606601,0.037389815,0.093507552,0.38120086,0.24718516,0.22630337
4pik_MAN_C_503,0.76768728,0.98020728,0.032264976,0.095562263,0.38913518,0.23775309,0.23912016
4pxd_1AL_A_502,0,0.97824081,0.032171249,0.096608923,0.37335403,0.25864231,0.23155574
4pxd_1AL_B_502,0,0.98657202,0.032036658,0.096670799,0.37343751,0.25855978,0.23183118
4q3a_2YC_A_904,0.86737563,0.98231189,0.032247272,0.095440083,0.39120297,0.23502219,0.24016358
4q3a_2YC_B_904,0,0.98686118,0.032031986,0.096672946,0.37344041,0.25855692,0.23184074
4q3a_2YC_C_904,0.92837893,0,0.048126595,0.088060124,0.38261307,0.24309472,0.20828322
4q40_VAL_A_403,0.5371995,0.6606601,0.037389815,0.093507552,0.38120086,0.24718516,0.22630337
4q40_VAL_B_403,0.5371995,0.6606601,0.037389815,0.093507552,0.38120086,0.24718516,0.22630337
4q40_VAL_C_404,0.5371995,0.6606601,0.037389815,0.093507552,0.38120086,0.24718516,0.22630337
4q40_VAL_D_403,0.5371995,0.6606601,0.037389815,0.093507552,0.38120086,0.24718516,0.22630337
4qbz_D80_A_917,0.5371995,0.6606601,0.037389815,0.093507552,0.38120086,0.24718516,0.22630337
4qbz_D80_B_901,0.5371995,0.6606601,0.037389815,0.093507552,0.38120086,0.24718516,0.22630337
4qck_ASD_A_404,0.5371995,0.6606601,0.037389815,0.093507552,0.38120086,0.24718516,0.22630337
4qe1_RUU_A_403,0.53752867,0,0.048062704,0.088600589,0.37458691,0.25372364,0.20446386
4qpe_37E_A_901,0.5371995,0.6606601,0.037389815,0.093507552,0.38120086,0.24718516,0.22630337
4qxc_OGA_A_600,0.53703708,0.98663997,0.032123347,0.095928861,0.38446443,0.24395875,0.23707994
4qxc_OGA_C_600,0.53704148,0.97780523,0.032266074,0.095863241,0.38437598,0.24404619,0.23678789
4qya_LU2_A_201,0.5371995,0.6606601,0.037389815,0.093507552,0.38120086,0.24718516,0.22630337
4qya_LU2_B_201,0.5371995,0.6606601,0.037389815,0.093507552,0.38120086,0.24718516,0.22630337
4r08_URI_D_901,0.53752867,0,0.048062704,0.088600589,0.37458691,0.25372364,0.20446386
4r2n_PHE_C_402,0.00085510106,0.8765809,0.033813716,0.095852713,0.372353,0.25962612,0.22820311
4r2n_PLP_A_401,0.5371995,0.6606601,0.037389815,0.093507552,0.38120086,0.24718516,0.22630337
4r3n_3GQ_B_404,0.5371995,0.6606601,0.037389815,0.093507552,0.38120086,0.24718516,0.22630337
4rcv_DE2_A_403,0.5371995,0.6606601,0.037389815,0.093507552,0.38120086,0.24718516,0.22630337
4rg3_ECE_A_603,0.39722291,0.98836796,0.052372092,0.090628037,0.97367801,0.97258257,0.094797337
4rii_TYD_A_401,0,0,0.047974831,0.089343532,0.36355246,0.2683329,0.19921405
4rii_TYD_B_401,0.5371995,0.6606601,0.037389815,0.093507552,0.38120086,0.24718516,0.22630337
4rje_PYR_A_402,0.5371995,0.6606601,0.037389815,0.093507552,0.38120086,0.24718516,0.22630337
4rje_PYR_C_402,0.5371995,0.6606601,0.037389815,0.093507552,0.38120086,0.24718516,0.22630337
4rkz_3S4_B_401,0.5371995,0.6606601,0.037389815,0.093507552,0.38120086,0.24718516,0.22630337
4rm3_FOA_A_1000,0.97910876,0.99066461,0.032130598,0.095347657,0.39358067,0.23190196,0.24153123
4rm3_FOA_B_1000,0.98819616,0.99223581,0.0321067,0.095346764,0.39378298,0.23163935,0.24167195
4rql_SNE_A_505,0.99305665,0.89078395,0.03374646,0.094586562,0.39286627,0.23251222,0.23836532
4rql_SNE_B_502,0.53752867,0,0.048062704,0.088600589,0.37458691,0.25372364,0.20446386
4s38_CDI_A_900,0.53752867,0,0.048062704,0.088600589,0.37458691,0.25372364,0.20446386
4tq4_DMA_B_403,0.5371995,0.6606601,0.037389815,0.093507552,0.38120086,0.24718516,0.22630337
4tq4_DMA_C_403,0.53763327,0.65825503,0.037455052,1.9367962e-91,0.38207032,0.24797773,0.22604555
4tq4_DMA_D_403,0.5371995,0.6606601,0.037389815,0.093507552,0.38120086,0.24718516,0.22630337
4tqi_6BD_A_201,0.5371995,0.6606601,0.037389815,0.093507552,0.38120086,0.24718516,0.22630337
4tqi_6BD_B_201,0.5371995,0.6606601,0.037389815,0.093507552,0.38120086,0.24718516,0.22630337
4trj_665_A_501,0.5371995,0.6606601,0.037389815,0.093507552,0.38120086,0.24718516,0.22630337
4tsk_TLA_A_404,0.5371995,0.6606601,0.037389815,0.093507552,0.38120086,0.24718516,0.22630337
4tyv_BGC_B_701,0.0043567237,0.94268702,0.032784674,6.9686556e-48,0.37398738,0.25967739,0.23021419
4u7g_K17_B_303,0,0.96404198,0.032400633,0.096503468,0.37321177,0.25878297,0.23108631
4u8p_UDP_C_603,0.5371995,0.6606601,0.037389815,0.093507552,0.38120086,0.24718516,0.22630337
4u8y_MIY_B_1102,0,0.9426336,0.032746487,0.096344468,0.37299726,0.25899504,0.23037853
4ubp_HAE_C_800,0,0.96412458,0.032399298,0.096504082,0.37321259,0.25878215,0.23108904
4uc9_ASP_A_1300,0.5371995,0.6606601,0.037389815,0.093507552,0.38120086,0.24718516,0.22630337
4uc9_ASP_B_1300,0.5371995,0.6606601,0.037389815,0.093507552,0.38120086,0.24718516,0.22630337
4uc9_ASP_C_1300,0.5371995,0.6606601,0.037389815,0.093507552,0.38120086,0.24718516,0.22630337
4uch_OLW_A_800,0.53717843,0.66279764,0,0.093537936,0.37942968,0.24558331,0.22674362
4ud9_FQI_H_1257,0.99553818,0.99824518,0.032010819,0.095381246,0.39399393,0.23138023,0.24194235
4udc_DEX_A_1778,0.53703226,0.99631688,0.031967015,0.096000736,0.38456131,0.24386297,0.23739984
4ug6_XFJ_A_904,0.5371995,0.6606601,0.037389815,0.093507552,0.38120086,0.24718516,0.22630337
4ug7_1EV_A_904,0.5371995,0.6606601,0.037389815,0.093507552,0.38120086,0.24718516,0.22630337
4ugf_Q16_A_904,0.5371995,0.6606601,0.037389815,0.093507552,0.38120086,0.24718516,0.22630337
4ugg_S5D_A_904,0.5371995,0.6606601,0.037389815,0.093507552,0.38120086,0.24718516,0.22630337
4umd_CIT_A_1174,0.5371995,0.6606601,0.037389815,0.093507552,0.38120086,0.24718516,0.22630337
4uoc_NCN_B_400,0.5371995,0.6606601,0.037389815,0.093507552,0.38120086,0.24718516,0.22630337
4upd_7P9_B_1550,0.53752867,0,0.048062704,0.088600589,0.37458691,0.25372364,0.20446386
4ur9_BK9_A_1717,0.99030694,0.99511855,0.032060475,0.095365256,0.3938552,0.23155342,0.24178787
4ur9_BK9_B_1717,0.0012290962,0.99591362,0.031885944,0.09673848,0.37355634,0.25843383,0.23215203
4ur9_OAN_B_1718,0.5371995,0.6606601,0.037389815,0.093507552,0.38120086,0.24718516,0.22630337
4uy7_HIS_A_800,0.5371995,0.6606601,0.037389815,0.093507552,0.38120086,0.24718516,0.22630337
4uy7_HIS_B_800,0.5371995,0.6606601,0.037389815,0.093507552,0.38120086,0.24718516,0.22630337
4uzi_IMD_B_1455,0.53720935,0.64089495,0.037708924,0.093360838,0.38100308,0.24738063,0.2256504
4uzi_IMD_B_1456,0.8941696,0.99299115,0.032079127,0.095482358,0.39186008,0.234188,0.24077839
4v2z_Y70_A_151,0.5371995,0.6606601,0.037389815,0.093507552,0.38120086,0.24718516,0.22630337
4v36_LYN_A_1851,0,1.1230582e-09,0.047974831,0.089343532,0.36355246,0.2683329,0.19921405
4v3w_E2Z_A_800,0.5371995,0.6606601,0.037389815,0.093507552,0.38120086,0.24718516,0.22630337
4v3w_E2Z_B_800,0.5371995,0.6606601,0.037389815,0.093507552,0.38120086,0.24718516,0.22630337
4w1v_3GS_B_502,0.5371995,0.6606601,0.037389815,0.093507552,0.38120086,0.24718516,0.22630337
4wbd_CIT_A_602,0.5371995,0.6606601,0.037389815,0.093507552,0.38120086,0.24718516,0.22630337
4wca_CIT_A_401,0,0.85602974,0.034145582,0.095701262,0.37212953,0.25985295,0.22751531
4wdd_CIT_A_401,0.53706545,0.92971153,0.033043037,0.095506024,0.3838945,0.24452218,0.23519802
4wdx_WDX_A_402,0.5371995,0.6606601,0.037389815,0.093507552,0.38120086,0.24718516,0.22630337
4wmz_TPF_A_602,0.5371995,0.6606601,0.037389815,0.093507552,0.38120086,0.24718516,0.22630337
4wqq_MAN_A_204,0.5371995,0.6606601,0.037389815,0.093507552,0.38120086,0.24718516,0.22630337
4wqq_MAN_B_204,0.5371995,0.6606601,0.037389815,0.093507552,0.38120086,0.24718516,0.22630337
4wqq_MAN_C_204,0.5371995,0.6606601,0.037389815,0.093507552,0.38120086,0.24718516,0.22630337
4wqq_MAN_D_204,0.5371995,0.6606601,0.037389815,0.093507552,0.38120086,0.24718516,0.22630337
4ws1_URF_A_301,0.53752867,0,0.048062704,0.088600589,0.37458691,0.25372364,0.20446386
4ws6_WBU_A_301,0,0.66088443,0.037299325,0.094251391,0.37017387,0.26178707,0.2210612
4wua_3UL_A_701,0.98708508,0,0.048136191,0.087978968,0.38381837,0.24149878,0.20885671
4wxb_CIT_A_501,0.5371995,0.6606601,0.037389815,0.093507552,0.38120086,0.24718516,0.22630337
4wxb_CIT_B_501,0.5371995,0.6606601,0.037389815,0.093507552,0.38120086,0.24718516,0.22630337
4wxb_CIT_C_501,0.5371995,0.6606601,0.037389815,0.093507552,0.38120086,0.24718516,0.22630337
4wxb_CIT_D_501,0.5371995,0.6606601,0.037389815,0.093507552,0.38120086,0.24718516,0.22630337
4x2f_3WJ_A_601,0.5371995,0.6606601,0.037389815,0.093507552,0.38120086,0.24718516,0.22630337
4x36_CHT_A_408,0.99463491,0.97509629,0.032384644,0.095210568,0.39374345,0.2316341,0.2411682
4x36_CHT_A_409,0.99646917,0.97188093,0.032436888,0.095184151,0.39374889,0.23161609,0.24107981
4x36_CHT_A_411,0.53706702,0.92654684,0.033094163,0.095482519,0.38386282,0.2445535,0.2350934
4x36_CHT_A_412,0.53707477,0.91100396,0.033345261,0.095367074,0.38370722,0.24470733,0.23457959
4x3j_3WR_A_1201,0.5371995,0.6606601,0.037389815,0.093507552,0.38120086,0.24718516,0.22630337
4xf0_CYS_A_502,0.5371995,0.6606601,0.037389815,0.093507552,0.38120086,0.24718516,0.22630337
4xfh_CYS_A_502,0,0.65450791,0.037722094,0.094117827,0.38085667,0.2713547,0.16594253
4xh4_PPI_A_504,0.5371995,0.6606601,0.037389815,0.093507552,0.38120086,0.24718516,0.22630337
4xp0_42A_A_404,0.5371995,0.6606601,0.037389815,0.093507552,0.38120086,0.24718516,0.22630337
4xp3_DX4_A_401,0.5371995,0.6606601,0.037389815,0.093507552,0.38120086,0.24718516,0.22630337
4xpq_FUL_A_1003,0.5371995,0.6606601,0.037389815,0.093507552,0.38120086,0.24718516,0.22630337
4xpq_FUL_A_1004,0.5371995,0.6606601,0.037389815,0.093507552,0.38120086,0.24718516,0.22630337
4xti_IMP_A_601,0.96372754,0,0.048132373,0.088011258,0.38333882,0.24213376,0.20862853
4xti_IMP_B_601,0.96915676,0,0.048133261,0.088003752,0.38345029,0.24198617,0.20868157
4xv4_25T_A_302,0.5371995,0.6606601,0.037389815,0.093507552,0.38120086,0.24718516,0.22630337
4xv4_25T_A_303,0.5371995,0.6606601,0.037389815,0.093507552,0.38120086,0.24718516,0.22630337
4xz9_G3P_B_302,0.5371995,0.6606601,0.037389815,0.093507552,0.38120086,0.24718516,0.22630337
4xz9_G3P_C_302,0.99723439,0.95554234,0.032700965,0.095061747,0.39360089,0.23175714,0.24054712
4xzh_48I_A_402,0.5371995,0.6606601,0.037389815,0.093507552,0.38120086,0.24718516,0.22630337
4xzh_48I_B_402,0.5371995,0.6606601,0.037389815,0.093507552,0.38120086,0.24718516,0.22630337
4y14_C0A_A_407,0.5371995,0.6606601,0.037389815,0.093507552,0.38120086,0.24718516,0.22630337
4y14_C0A_B_404,0.5371995,0.6606601,0.037389815,0.093507552,0.38120086,0.24718516,0.22630337
4y6n_3PG_A_402,0.5371995,0.6606601,0.037389815,0.093507552,0.38120086,0.24718516,0.22630337
4yjs_4DN_A_701,0.5371995,0.6606601,0.037389815,0.093507552,0.38120086,0.24718516,0.22630337
4ynu_LGC_A_602,0,0,0.047974831,0.089343532,0.36355246,0.2683329,0.19921405
4ysx_MLI_A_701,0.5371995,0.6606601,0.037389815,0.093507552,0.38120086,0.24718516,0.22630337
4ysx_MLI_E_701,0.98895814,0.93643956,0,0.094948773,0.39157717,0.23069503,0.24019638
4yu7_DHC_A_203,0.43601167,0.12943757,0.045955029,0.089702114,0.37380116,0.25519761,0.20775271
4yu7_DHC_A_204,0.57327386,0.88076034,0.03383977,0.095092432,0.38414724,0.2440234,0.23393314
4yu7_DHC_B_203,0,0.83104606,0.034549196,0.095515708,0.3718792,0.26010044,0.22668932
4ywb_OXD_C_704,0.5371995,0.6606601,0.037389815,0.093507552,0.38120086,0.24718516,0.22630337
4ywd_NTM_A_704,0.5371995,0.6606601,0.037389815,0.093507552,0.38120086,0.24718516,0.22630337
4z1d_PEP_A_300,0.82637592,0.66053934,0.037438529,0.0931071,0.38713724,0.239324,0.22912556
4z1d_PEP_B_300,0.88488139,0.6605149,0.037448384,0.093026087,0.3883382,0.23773367,0.2296965
4z69_DIF_A_1006,0.53731063,0.43761168,0.040993004,0.091850951,0.37896796,0.24939255,0.21893031
4z69_DIF_A_1008,0.53752867,0,0.048062704,0.088600589,0.37458691,0.25372364,0.20446386
4z69_DIF_I_1006,0.5371995,0.6606601,0.037389815,0.093507552,0.38120086,0.24718516,0.22630337
4z6p_DHY_C_403,0.5371995,0.6606601,0.037389815,0.093507552,0.38120086,0.24718516,0.22630337
4za7_4LV_A_606,0.5371995,0.6606601,0.037389815,0.093507552,0.38120086,0.24718516,0.22630337
4zb2_FRU_A_404,0.5371995,0.6606601,0.037389815,0.093507552,0.38120086,0.24718516,0.22630337
4zb2_GLC_A_403,0.5371995,0.6606601,0.037389815,0.093507552,0.38120086,0.24718516,0.22630337
4zb5_GLC_A_403,0.5371995,0.6606601,0.037389815,0.093507552,0.38120086,0.24718516,0.22630337
4zbc_FRU_A_409,0.5371995,0.6606601,0.037389815,0.093507552,0.38120086,0.24718516,0.22630337
4zbc_FRU_A_410,0.5371995,0.6606601,0.037389815,0.093507552,0.38120086,0.24718516,0.22630337
4zbc_FRU_B_408,0.5371995,0.6606601,0.037389815,0.093507552,0.38120086,0.24718516,0.22630337
4zbc_GLC_A_407,0.5371995,0.6606601,0.037389815,0.093507552,0.38120086,0.24718516,0.22630337
4zbc_GLC_A_408,0.5371995,0.6606601,0.037389815,0.093507552,0.38120086,0.24718516,0.22630337
4zdz_TPF_A_602,0.5371995,0.6606601,0.037389815,0.093507552,0.38120086,0.24718516,0.22630337
4zhd_4OZ_B_202,0.53722021,0.61909143,0.038061164,0.093198892,0.3807848,0.24759642,0.22492962
4zhd_4OZ_C_202,0.53717769,0.70443927,0.036682353,0.093832814,0.38163924,0.24675172,0.22775103
4zjz_BEZ_A_1001,0.5371995,0.6606601,0.037389815,0.093507552,0.38120086,0.24718516,0.22630337
4zjz_BEZ_B_601,0.99635403,0.98838298,0.032170277,0.095306871,0.39391187,0.23145575,0.24162426
4zo7_BGC_A_801,0,0.66088443,0.037299325,0.094251391,0.37017387,0.26178707,0.2210612
4zo7_BGC_A_802,0.9834413,0.66047375,0.037464987,0.09288961,0.39036139,0.23505455,0.23065832
4zo7_BGC_A_805,0.76289475,0.66056585,0.037427835,0.093195003,0.38583413,0.24104959,0.22850607
4zo7_GLC_A_806,0.99400109,0.66046934,0.037466765,0.092874988,0.39057815,0.23476751,0.23076137
4zqp_IMP_A_601,0.5371995,0.6606601,0.037389815,0.093507552,0.38120086,0.24718516,0.22630337
4zsy_RW2_A_502,0.5371995,0.6606601,0.037389815,0.093507552,0.38120086,0.24718516,0.22630337
4zsy_RW2_B_502,0.5371995,0.6606601,0.037389815,0.093507552,0.38120086,0.24718516,0.22630337
4zsy_RW2_C_502,0.5371995,0.6606601,0.037389815,0.093507552,0.38120086,0.24718516,0.22630337
4zsy_RW2_D_502,0.5371995,0.6606601,0.037389815,0.093507552,0.38120086,0.24718516,0.22630337
4zu3_4SD_A_301,0.5371995,0.6606601,0.037389815,0.093507552,0.38120086,0.24718516,0.22630337
4zu3_4SD_B_301,0.5371995,0.6606601,0.037389815,0.093507552,0.38120086,0.24718516,0.22630337
4zu3_4SD_B_302,0.5371995,0.6606601,0.037389815,0.093507552,0.38120086,0.24718516,0.22630337
4zu3_4SD_C_301,0.5371995,0.6606601,0.037389815,0.093507552,0.38120086,0.24718516,0.22630337
4zu3_4SD_D_301,0.5371995,0.6606601,0.037389815,0.093507552,0.38120086,0.24718516,0.22630337
4zu3_4SD_E_301,0.5371995,0.6606601,0.037389815,0.093507552,0.38120086,0.24718516,0.22630337
4zvv_GN0_A_405,0.5371995,0.6606601,0.037389815,0.093507552,0.38120086,0.24718516,0.22630337
4zvv_GN0_B_404,0.5371995,0.6606601,0.037389815,0.093507552,0.38120086,0.24718516,0.22630337
4zvv_GN0_C_403,0.5371995,0.6606601,0.037389815,0.093507552,0.38120086,0.24718516,0.22630337
4zvz_4TF_A_503,0.5371995,0.6606601,0.037389815,0.093507552,0.38120086,0.24718516,0.22630337
4zvz_4TF_B_503,0.5371995,0.6606601,0.037389815,0.093507552,0.38120086,0.24718516,0.22630337
4zvz_4TF_C_503,0.5371995,0.6606601,0.037389815,0.093507552,0.38120086,0.24718516,0.22630337
4zvz_4TF_D_503,0.5370843,0.85398393,0,0.094961464,0.38143629,0.24376217,0.23306456
5a02_GOL_A_1341,0.5371995,0.6606601,0.037389815,0.093507552,0.38120086,0.24718516,0.22630337
5a02_GOL_B_1342,0.5371995,0.6606601,0.037389815,0.093507552,0.38120086,0.24718516,0.22630337
5a02_GOL_C_1341,0.53708689,0.84873149,5.324555e-51,0.09492248,0.38138127,0.24381199,0.23289147
5a02_GOL_D_1341,0.5371995,0.6606601,0.037389815,0.093507552,0.38120086,0.24718516,0.22630337
5a02_GOL_E_1341,0.5371995,0.6606601,0.037389815,0.093507552,0.38120086,0.24718516,0.22630337
5a02_GOL_F_1342,0.5371995,0.6606601,0.037389815,0.093507552,0.38120086,0.24718516,0.22630337
5a66_3PO_A_1000,0.98577299,0.80998541,0.035050578,0.09399654,0.39190716,0.23351063,0.23562288
5a66_3PO_B_1000,0.99077318,0.93241025,0.03307361,0.094898877,0.39323646,0.23216194,0.23971923
5a7p_6Z1_A_1361,0.5371995,0.6606601,0.037389815,0.093507552,0.38120086,0.24718516,0.22630337
5a7p_6Z1_B_1361,0.5371995,0.6606601,0.037389815,0.093507552,0.38120086,0.24718516,0.22630337
5a86_D7E_A_1433,0.54338639,0.98934574,0.024315674,0.098046957,0.12293241,0,0.29119087
5a86_D7E_B_1432,0.5371995,0.6606601,0.037389815,0.093507552,0.38120086,0.24718516,0.22630337
5a8k_COM_A_556,0.53752867,0,0.048062704,0.088600589,0.37458691,0.25372364,0.20446386
5a8k_COM_D_555,0.53752867,0,0.048062704,0.088600589,0.37458691,0.25372364,0.20446386
5a8k_TP7_A_558,0.5371995,0.6606601,0.037389815,0.093507552,0.38120086,0.24718516,0.22630337
5a8k_TP7_D_554,0.5371995,0.6606601,0.037389815,0.093507552,0.38120086,0.24718516,0.22630337
5abz_Z47_A_201,0.5371995,0.6606601,0.037389815,0.093507552,0.38120086,0.24718516,0.22630337
5abz_Z47_B_201,0.5371995,0.6606601,0.037389815,0.093507552,0.38120086,0.24718516,0.22630337
5adi_TUE_A_800,0.5371995,0.6606601,0.037389815,0.093507552,0.38120086,0.24718516,0.22630337
5aew_BNL_C_462,0.5371995,0.6606601,0.037389815,0.093507552,0.38120086,0.24718516,0.22630337
5aew_BNL_I_462,0.5371995,0.6606601,0.037389815,0.093507552,0.38120086,0.24718516,0.22630337
5af9_SJR_H_1250,0.5371995,0.6606601,0.037389815,0.093507552,0.38120086,0.24718516,0.22630337
5afy_WCE_H_1248,0.99677034,0.99125566,0.032123936,0.095327631,0.3939492,0.23141597,0.2417233
5agl_CCW_B_800,0.5371995,0.6606601,0.037389815,0.093507552,0.38120086,0.24718516,0.22630337
5agn_4JK_A_800,0.5371995,0.6606601,0.037389815,0.093507552,0.38120086,0.24718516,0.22630337
5agn_4JK_B_800,0.5371995,0.6606601,0.037389815,0.093507552,0.38120086,0.24718516,0.22630337
5ahn_IMP_A_1468,0.94831195,0,0.048129853,0.088032568,0.38302232,0.24255284,0.20847794
5av3_KMP_A_300,0.99742038,0.97086888,0.032453393,0.09517532,0.39375828,0.23160026,0.24105564
5av4_GEN_A_400,1.1952507e-06,0.91708029,0.033159304,0.096154682,0.37274125,0.25924814,0.22953372
5awd_IDQ_A_901,0.5371995,0.6606601,0.037389815,0.093507552,0.38120086,0.24718516,0.22630337
5b4o_6DQ_A_201,0.5371995,0.6606601,0.037389815,0.093507552,0.38120086,0.24718516,0.22630337
5b4o_6DQ_B_201,0.5371995,0.6606601,0.037389815,0.093507552,0.38120086,0.24718516,0.22630337
5b4o_6DQ_B_202,0.5371995,0.6606601,0.037389815,0.093507552,0.38120086,0.24718516,0.22630337
5b4o_6DQ_C_201,0.5371995,0.6606601,0.037389815,0.093507552,0.38120086,0.24718516,0.22630337
5b4u_MLA_A_302,0.5371995,0.6606601,0.037389815,0.093507552,0.38120086,0.24718516,0.22630337
5bk9_SIN_A_301,0.5371995,0.6606601,0.037389815,0.093507552,0.38120086,0.24718516,0.22630337
5bkd_AKG_A_502,0.5371995,0.6606601,0.037389815,0.093507552,0.38120086,0.24718516,0.22630337
5bkd_AKG_B_502,0.5371995,0.6606601,0.037389815,0.093507552,0.38120086,0.24718516,0.22630337
5bkd_RCF_B_503,0.5371995,0.6606601,0.037389815,0.093507552,0.38120086,0.24718516,0.22630337
5bwr_4VT_A_402,0.53752867,0,0.048062704,0.088600589,0.37458691,0.25372364,0.20446386
5c38_DA8_A_403,0.53703057,0.96315662,0,0.095771757,0.38257985,0.24272674,0.2366623
5c4i_TPP_C_402,0.5371995,0.6606601,0.037389815,0.093507552,0.38120086,0.24718516,0.22630337
5c4i_TPP_F_402,0.53704219,0.93954369,0,0.095596499,0.38233251,0.2429507,0.23588414
5c7v_PYC_A_804,0.0094924231,0,0.047976383,0.089330409,0.36374735,0.26807485,0.19930678
5c8w_PCG_A_302,0.5371995,0.6606601,0.037389815,0.093507552,0.38120086,0.24718516,0.22630337
5c8w_PCG_B_303,0.5371995,0.6606601,0.037389815,0.093507552,0.38120086,0.24718516,0.22630337
5c8w_PCG_D_302,0.5371995,0.6606601,0.037389815,0.093507552,0.38120086,0.24718516,0.22630337
5c8w_PCG_F_302,0.5371995,0.6606601,0.037389815,0.093507552,0.38120086,0.24718516,0.22630337
5cak_4Z9_A_802,0.53752867,0,0.048062704,0.088600589,0.37458691,0.25372364,0.20446386
5cfw_53W_A_201,0.5371995,0.6606601,0.037389815,0.093507552,0.38120086,0.24718516,0.22630337
5cga_KP6_B_301,0.53703848,0.98382462,0.03216883,0.09590795,0.38443624,0.24398661,0.23698688
5cga_KP6_C_301,0.53703933,0.98213717,0.032196091,0.095895416,0.38441935,0.24400331,0.23693109
5cga_KP6_E_301,0.53704733,0.96607774,0.032455534,0.095776135,0.38425857,0.24416225,0.2364002
5cga_KP6_H_301,0.53703713,0.98654367,0.032124903,0.095928145,0.38446346,0.2439597,0.23707676
5ci9_549_A_401,0,0.00047604393,0.047967141,0.089347067,0.36355723,0.26832819,0.19922978
5ci9_549_A_402,0.91531654,0.98041395,0.03228577,0.095359713,0.39216824,0.23373771,0.24056916
5cjn_52F_A_809,0.99020367,0,0.048136701,0.087974656,0.3838824,0.24141401,0.20888718
5clo_NS8_M_101,0,0.98830412,0.032008675,0.096683663,0.37345486,0.25854262,0.23188844
5cmb_GLY_A_301,0,0,0.047974831,0.089343532,0.36355246,0.2683329,0.19921405
5cpn_531_A_401,0.5371995,0.6606601,0.037389815,0.093507552,0.38120086,0.24718516,0.22630337
5cpn_531_B_401,0.5371995,0.6606601,0.037389815,0.093507552,0.38120086,0.24718516,0.22630337
5cpp_ADO_A_422,0.53704786,0.96500324,0.032472893,0.095768154,0.38424782,0.24417289,0.23636468
5cr1_STL_B_201,0.5371995,0.6606601,0.037389815,0.093507552,0.38120086,0.24718516,0.22630337
5cyf_FLC_A_301,0.5371995,0.6606601,0.037389815,0.093507552,0.38120086,0.24718516,0.22630337
5cyf_FLC_C_301,0.5371995,0.6606601,0.037389815,0.093507552,0.38120086,0.24718516,0.22630337
5d8u_0N8_A_203,0.5371995,0.6606601,0.037389815,0.093507552,0.38120086,0.24718516,0.22630337
5d9w_ASC_A_301,0.19998192,0,0.048007523,0.089067073,0.3676583,0.26289635,0.20116763
5dav_58J_A_402,0.5371995,0.6606601,0.037389815,0.093507552,0.38120086,0.24718516,0.22630337
5ddu_PMP_A_601,0.5371995,0.6606601,0.037389815,0.093507552,0.38120086,0.24718516,0.22630337
5ddu_PMP_B_601,0.5371995,0.6606601,0.037389815,0.093507552,0.38120086,0.24718516,0.22630337
5ddu_PMP_C_601,0.5371995,0.6606601,0.037389815,0.093507552,0.38120086,0.24718516,0.22630337
5ddu_PMP_D_601,0.5371995,0.6606601,0.037389815,0.093507552,0.38120086,0.24718516,0.22630337
5di7_5CQ_A_601,0.5371995,0.6606601,0.037389815,0.093507552,0.38120086,0.24718516,0.22630337
5di7_5CQ_B_601,0.5371995,0.6606601,0.037389815,0.093507552,0.38120086,0.24718516,0.22630337
5did_5CK_A_601,0.5371995,0.6606601,0.037389815,0.093507552,0.38120086,0.24718516,0.22630337
5did_5CK_B_601,0,0.99679055,0.031871576,0.096746692,0.37353989,0.25845856,0.23216901
5die_5CJ_A_601,0.5371995,0.6606601,0.037389815,0.093507552,0.38120086,0.24718516,0.22630337
5dky_NOJ_A_1000,0,0.99009643,0.03197972,0.096696975,0.37347282,0.25852487,0.2319477
5dmm_HCS_A_505,0.5371995,0.6606601,0.037389815,0.093507552,0.38120086,0.24718516,0.22630337
5dne_ASN_A_601,0.53703834,0.98411263,0.032164177,0.095910089,0.38443913,0.24398376,0.2369964
5dne_ASN_B_601,0.53704101,0.97875276,0.032250767,0.095870278,0.38438547,0.24403681,0.23681921
5dne_ASN_C_601,0.53703788,0.98503793,0.032149228,0.095916962,0.38444839,0.2439746,0.23702699
5dne_ASN_D_601,0.53704219,0.9763926,0.032288895,0.095852748,0.38436184,0.24406017,0.23674119
5dnx_5LD_A_203,0.5371995,0.6606601,0.037389815,0.093507552,0.38120086,0.24718516,0.22630337
5dnx_5LD_B_201,0.98986377,0.98562376,0.032213791,0.095295351,0.39375097,0.23165952,0.24146964
5dnx_5LD_B_205,0.5371995,0.6606601,0.037389815,0.093507552,0.38120086,0.24718516,0.22630337
5dr9_SKE_A_401,0.53752867,0,0.048062704,0.088600589,0.37458691,0.25372364,0.20446386
5dt0_SKE_A_401,0.53752867,0,0.048062704,0.088600589,0.37458691,0.25372364,0.20446386
5dw3_TRP_A_402,0.53752867,0,0.048062704,0.088600589,0.37458691,0.25372364,0.20446386
5dw3_TRP_C_402,0.53752867,0,0.048062704,0.088600589,0.37458691,0.25372364,0.20446386
5dw3_TRP_D_402,0.53752867,0,0.048062704,0.088600589,0.37458691,0.25372364,0.20446386
5dz2_212_A_404,0.5371995,0.6606601,0.037389815,0.093507552,0.38120086,0.24718516,0.22630337
5dz2_212_B_404,0.5371995,0.6606601,0.037389815,0.093507552,0.38120086,0.24718516,0.22630337
5dzh_5KG_A_900,0.5371995,0.6606601,0.037389815,0.093507552,0.38120086,0.24718516,0.22630337
5dzh_5KG_B_901,0.5371995,0.6606601,0.037389815,0.093507552,0.38120086,0.24718516,0.22630337
5e4o_L57_A_201,0.5370455,0.96973711,0.032396416,0.095803315,0.38429521,0.24412604,0.23652117
5e4o_L57_B_201,0.54195718,0.97697248,0.040902286,0.093511737,0.68185981,0.50038761,0.17687403
5e4r_40E_A_504,0.66599474,0.94907426,0.032751309,0.09547162,0.38673538,0.24082603,0.23709745
5e9m_BAE_A_2001,0.99808118,0.98347443,0.032249857,0.095268028,0.39389815,0.23145742,0.24147885
5edh_5MF_A_803,0.5371995,0.6606601,0.037389815,0.093507552,0.38120086,0.24718516,0.22630337
5edh_5MF_B_803,0.5371995,0.6606601,0.037389815,0.093507552,0.38120086,0.24718516,0.22630337
5edh_5MF_D_803,0.5371995,0.6606601,0.037389815,0.093507552,0.38120086,0.24718516,0.22630337
5eo7_SFU_A_401,0.5371995,0.6606601,0.037389815,0.093507552,0.38120086,0.24718516,0.22630337
5eo7_SFU_A_402,0.5371995,0.6606601,0.037389815,0.093507552,0.38120086,0.24718516,0.22630337
5eo7_SFU_A_403,0.53763327,0.65825503,0.037455052,7.8515406e-82,0.38207032,0.24797773,0.22604555
5eo7_SFU_B_401,0.5371995,0.6606601,0.037389815,0.093507552,0.38120086,0.24718516,0.22630337
5eo7_SFU_B_403,0.5371995,0.6606601,0.037389815,0.093507552,0.38120086,0.24718516,0.22630337
5eo7_SFU_B_404,0.5371995,0.6606601,0.037389815,0.093507552,0.38120086,0.24718516,0.22630337
5eo7_SFU_B_405,0.5371995,0.6606601,0.037389815,0.093507552,0.38120086,0.24718516,0.22630337
5eo7_SFU_C_401,0.5371995,0.6606601,0.037389815,0.093507552,0.38120086,0.24718516,0.22630337
5eo7_SFU_C_402,0.5371995,0.6606601,0.037389815,0.093507552,0.38120086,0.24718516,0.22630337
5eo7_SFU_C_403,0.5371995,0.6606601,0.037389815,0.093507552,0.38120086,0.24718516,0.22630337
5eo7_SFU_C_404,0.5371995,0.6606601,0.037389815,0.093507552,0.38120086,0.24718516,0.22630337
5eo7_SFU_C_405,0.5371995,0.6606601,0.037389815,0.093507552,0.38120086,0.24718516,0.22630337
5eo8_TFU_A_401,0.5371995,0.6606601,0.037389815,0.093507552,0.38120086,0.24718516,0.22630337
5eo8_TFU_A_402,0.5371995,0.6606601,0.037389815,0.093507552,0.38120086,0.24718516,0.22630337
5eo8_TFU_A_404,0.5371995,0.6606601,0.037389815,0.093507552,0.38120086,0.24718516,0.22630337
5eo8_TFU_A_405,0.5371995,0.6606601,0.037389815,0.093507552,0.38120086,0.24718516,0.22630337
5eo8_TFU_A_406,0.89876625,0,0.048121754,0.088101061,0.38200509,0.24389975,0.20799394
5eso_ISC_A_602,0.5371995,0.6606601,0.037389815,0.093507552,0.38120086,0.24718516,0.22630337
5eso_ISC_B_602,0.5371995,0.6606601,0.037389815,0.093507552,0.38120086,0.24718516,0.22630337
5ew8_5SF_A_803,0.5371995,0.6606601,0.037389815,0.093507552,0.38120086,0.24718516,0.22630337
5ew8_5SF_B_802,0.5371995,0.6606601,0.037389815,0.093507552,0.38120086,0.24718516,0.22630337
5ewc_5SJ_A_801,0.5371995,0.6606601,0.037389815,0.093507552,0.38120086,0.24718516,0.22630337
5ezp_IPJ_A_201,0.5371995,0.6606601,0.037389815,0.093507552,0.38120086,0.24718516,0.22630337
5ezp_IPJ_B_201,0.53752867,0,0.048062704,0.088600589,0.37458691,0.25372364,0.20446386
5ezp_IPJ_C_201,0.5371995,0.6606601,0.037389815,0.093507552,0.38120086,0.24718516,0.22630337
5ezp_IPJ_G_202,0.5371995,0.6606601,0.037389815,0.093507552,0.38120086,0.24718516,0.22630337
5f35_FLC_A_302,0.5371995,0.6606601,0.037389815,0.093507552,0.38120086,0.24718516,0.22630337
5f79_4V7_A_4000,0.5371995,0.6606601,0.037389815,0.093507552,0.38120086,0.24718516,0.22630337
5faj_DCS_A_401,0.53705871,0.94322705,0.032824691,0.095606411,0.38402981,0.24438841,0.23564481
5faj_DCS_B_401,0,0.9597297,0.032470298,0.096471441,0.37316856,0.25882569,0.23094374
5faj_DCS_C_401,0,0.94729317,0.032671212,0.096379075,0.37304395,0.25894888,0.23053258
5faj_DCS_D_401,0,0.97271179,0.032260571,0.096567859,0.37329863,0.25869708,0.23137294
5fay_CHT_A_908,0.5371995,0.6606601,0.037389815,0.093507552,0.38120086,0.24718516,0.22630337
5fay_CHT_B_906,0.5371995,0.6606601,0.037389815,0.093507552,0.38120086,0.24718516,0.22630337
5fc5_PC_A_516,0.5371995,0.6606601,0.037389815,0.093507552,0.38120086,0.24718516,0.22630337
5fe1_12Q_A_901,0.99711882,0.99322233,0.032092222,0.095341756,0.39397606,0.23138702,0.24179173
5fe1_12Q_B_901,0.99708093,0.99310914,0.032094044,0.095340967,0.39397415,0.23138917,0.24178762
5fe4_5WY_A_903,0.5371995,0.6606601,0.037389815,0.093507552,0.38120086,0.24718516,0.22630337
5fe4_5WY_B_904,0.5371995,0.6606601,0.037389815,0.093507552,0.38120086,0.24718516,0.22630337
5fh3_OXL_A_703,0.5371995,0.6606601,0.037389815,0.093507552,0.38120086,0.24718516,0.22630337
5fiu_Y3J_B_1299,0.5371995,0.6606601,0.037389815,0.093507552,0.38120086,0.24718516,0.22630337
5fiu_Y3J_C_1299,0.5371995,0.6606601,0.037389815,0.093507552,0.38120086,0.24718516,0.22630337
5fkl_TDC_A_222,0.5371995,0.6606601,0.037389815,0.093507552,0.38120086,0.24718516,0.22630337
5fli_QUE_A_301,0.5371995,0.6606601,0.037389815,0.093507552,0.38120086,0.24718516,0.22630337
5fli_QUE_C_301,0.5371995,0.6606601,0.037389815,0.093507552,0.38120086,0.24718516,0.22630337
5fli_QUE_D_301,0.5371995,0.6606601,0.037389815,0.093507552,0.38120086,0.24718516,0.22630337
5fli_QUE_E_301,0.5371995,0.6606601,0.037389815,0.093507552,0.38120086,0.24718516,0.22630337
5fli_QUE_F_301,0.5371995,0.6606601,0.037389815,0.093507552,0.38120086,0.24718516,0.22630337
5fli_QUE_G_301,0.5371995,0.6606601,0.037389815,0.093507552,0.38120086,0.24718516,0.22630337
5fli_QUE_H_301,0.5371995,0.6606601,0.037389815,0.093507552,0.38120086,0.24718516,0.22630337
5fli_QUE_J_301,0.5371995,0.6606601,0.037389815,0.093507552,0.38120086,0.24718516,0.22630337
5fp9_4SV_A_1342,0.99651004,0.95046191,0.032782921,0.095025016,0.39353512,0.23182716,0.24037208
5fqf_NGA_A_1588,0.5371995,0.6606601,0.037389815,0.093507552,0.38120086,0.24718516,0.22630337
5fqf_NGA_A_1589,0.5371995,0.6606601,0.037389815,0.093507552,0.38120086,0.24718516,0.22630337
5fqf_NGA_B_1585,0.53292336,0.97254082,0.031992984,0.98552018,0.37585048,0.23668632,0.23853501
5fqf_NGA_B_1586,0.11588472,0.97927225,4.6117264e-32,0.096473592,0.3741025,0.25402439,0.23307881
5fuv_THM_B_1385,0.97727579,0,0.048134588,0.087992528,0.38361698,0.24176545,0.20876089
5fv3_OGA_A_1770,0.5371995,0.6606601,0.037389815,0.093507552,0.38120086,0.24718516,0.22630337
5fwd_GJV_A_1446,0.5371995,0.6606601,0.037389815,0.093507552,0.38120086,0.24718516,0.22630337
5fwe_OGA_A_1358,0.5371995,0.6606601,0.037389815,0.093507552,0.38120086,0.24718516,0.22630337
5fwe_OGA_B_1359,0.5371995,0.6606601,0.037389815,0.093507552,0.38120086,0.24718516,0.22630337
5fzn_FB2_A_1615,0.92541509,0.99330165,0.032079219,0.095441469,0.3925047,0.23333551,0.24109389
5g03_OE2_A_1263,0.5371995,0.6606601,0.037389815,0.093507552,0.38120086,0.24718516,0.22630337
5g09_6DF_A_1475,0.5371995,0.6606601,0.037389815,0.093507552,0.38120086,0.24718516,0.22630337
5g09_6DF_B_1474,0.5371995,0.6606601,0.037389815,0.093507552,0.38120086,0.24718516,0.22630337
5g09_6DF_C_1475,0.5371995,0.6606601,0.037389815,0.093507552,0.38120086,0.24718516,0.22630337
5g09_6DF_D_1476,0.5371995,0.6606601,0.037389815,0.093507552,0.38120086,0.24718516,0.22630337
5g0v_JDD_B_1271,0.5371995,0.6606601,0.037389815,0.093507552,0.38120086,0.24718516,0.22630337
5g21_YN4_A_1002,0.5371995,0.6606601,0.037389815,0.093507552,0.38120086,0.24718516,0.22630337
5g44_I6G_A_1510,0.53752797,0.0014132077,0.048039874,0.088611085,0.37460105,0.25370965,0.20451058
5g44_SWX_A_1511,0.53705224,0.95621643,0.032614845,0.09570289,0.38415985,0.24425985,0.23607421
5g44_YTZ_A_1512,0.00010079617,0.98901905,0.031997142,0.096688834,0.3734641,0.2585328,0.23191307
5g4r_LF1_A_1739,0.5371995,0.6606601,0.037389815,0.093507552,0.38120086,0.24718516,0.22630337
5g4r_LF1_B_1739,0.5371995,0.6606601,0.037389815,0.093507552,0.38120086,0.24718516,0.22630337
5g4r_LF1_C_1739,0.5371995,0.6606601,0.037389815,0.093507552,0.38120086,0.24718516,0.22630337
5g4r_LF1_D_1739,0.5371995,0.6606601,0.037389815,0.093507552,0.38120086,0.24718516,0.22630337
5g6i_M85_A_904,0.54338678,0.98884147,0.02432371,0.098043241,0.12292362,0,0.29117497
5gnx_BGC_A_502,0.53752233,0.012735073,0.047856967,0.088695178,0.3747144,0.2535976,0.20488485
5gnx_BGC_B_503,0.53752867,0,0.048062704,0.088600589,0.37458691,0.25372364,0.20446386
5goo_FRU_A_501,0.5371995,0.6606601,0.037389815,0.093507552,0.38120086,0.24718516,0.22630337
5goo_FRU_B_501,0.5371995,0.6606601,0.037389815,0.093507552,0.38120086,0.24718516,0.22630337
5goo_FRU_C_501,0.5371995,0.6606601,0.037389815,0.093507552,0.38120086,0.24718516,0.22630337
5gri_CIT_B_401,0.53724973,0.55984175,0.039018354,0.092758815,0.38019163,0.24818282,0.22297096
5gto_MYR_A_502,0.53707304,0.91446168,0.033289401,0.095392756,0.38374183,0.24467311,0.23469389
5gwt_SIN_A_302,0.5371995,0.6606601,0.037389815,0.093507552,0.38120086,0.24718516,0.22630337
5gwt_SIN_C_301,0.5371995,0.6606601,0.037389815,0.093507552,0.38120086,0.24718516,0.22630337
5gwx_SAR_A_302,0.5371995,0.6606601,0.037389815,0.093507552,0.38120086,0.24718516,0.22630337
5gzz_GSH_C_301,0.5371995,0.6606601,0.037389815,0.093507552,0.38120086,0.24718516,0.22630337
5gzz_GSH_D_301,0.98052436,0.66047496,0.037464495,0.092893649,0.39030151,0.23513384,0.23062986
5gzz_GSH_E_301,0.89858757,0.66050918,0.037450693,0.093007108,0.38861956,0.2373611,0.22983026
5gzz_JAA_A_601,0,0.80081838,0.035037527,0.095291207,0.37157633,0.26039988,0.22568996
5h24_LQG_A_501,0.99173182,0.9911564,0.032124716,0.095333859,0.39384476,0.23155393,0.2416708
5h24_LQG_B_501,0.93618506,0.99551025,0.032045299,0.095442984,0.39274795,0.23302085,0.24127212
5h5k_C5P_B_203,0.5371995,0.6606601,0.037389815,0.093507552,0.38120086,0.24718516,0.22630337
5h8f_GLU_A_302,0.5371995,0.6606601,0.037389815,0.093507552,0.38120086,0.24718516,0.22630337
5h8q_GLU_A_302,0.5371995,0.6606601,0.037389815,0.093507552,0.38120086,0.24718516,0.22630337
5h8q_GLY_B_301,0.53752867,0,0.048062704,0.088600589,0.37458691,0.25372364,0.20446386
5h9i_XAN_A_301,0,0,0.047974831,0.089343532,0.36355246,0.2683329,0.19921405
5ha7_WY1_A_402,0.53704139,0.97798684,0.03226314,0.095864589,0.3843778,0.24404439,0.23679389
5ha7_WY1_B_402,0.53704173,0.97731341,0.03227402,0.095859588,0.38437106,0.24405105,0.23677163
5hc0_NPO_A_402,0.9968218,0.96444565,0.032557063,0.095128442,0.39368163,0.23168016,0.24083744
5hfa_FP1_A_607,0.00070349745,0.99142359,0.023865204,0.098901461,0.10077475,0,0.28823831
5hfa_FP1_A_608,0.53703533,0.99015668,0.032066534,0.095954981,0.38449963,0.24392394,0.2371962
5hfa_FP1_B_609,0.0041199842,0.98771627,0.032018846,0.096673602,0.37353356,0.25843644,0.23190926
5hgz_MLA_A_302,0.53705424,0.95220147,0.032679708,0.095673069,0.38411965,0.24429959,0.23594149
5hgz_MLA_A_303,0.53719134,0.6770346,0.037125081,0.093629266,0.38136488,0.24702295,0.22684509
5hpu_IPH_A_101,0.99360749,0.98832659,0.032170739,0.095310249,0.39385491,0.23153097,0.24159557
5hpu_IPH_C_101,0.99534277,0.97854959,0.0225164,0.097897664,3.1054782e-07,0,0.30955173
5hss_64Z_A_402,0.5371995,0.6606601,0.037389815,0.093507552,0.38120086,0.24718516,0.22630337
5hss_64Z_D_403,0.5371995,0.6606601,0.037389815,0.093507552,0.38120086,0.24718516,0.22630337
5hss_650_B_402,0.5371995,0.6606601,0.037389815,0.093507552,0.38120086,0.24718516,0.22630337
5htd_MYR_A_201,0.5371995,0.6606601,0.037389815,0.093507552,0.38120086,0.24718516,0.22630337
5hxi_5HN_A_403,0.5371995,0.6606601,0.037389815,0.093507552,0.38120086,0.24718516,0.22630337
5hyv_TPP_A_701,0.5371995,0.6606601,0.037389815,0.093507552,0.38120086,0.24718516,0.22630337
5i0d_GLC_A_1124,0.90418987,0.9889307,0.032146362,0.095438348,0.39202513,0.23395582,0.24074204
5i0d_GLC_B_1122,0.98080117,0.99150468,0.032117303,0.095351557,0.39362383,0.23184763,0.24157554
5i0m_UMP_B_201,0,0,0.047974831,0.089343532,0.36355246,0.2683329,0.19921405
5i5s_NVU_A_402,0.96649614,0.99177429,0.032110609,0.095373335,0.39333283,0.23223385,0.24144471
5i5t_67X_A_402,0.5371995,0.6606601,0.037389815,0.093507552,0.38120086,0.24718516,0.22630337
5i5t_67X_B_402,0.5371995,0.6606601,0.037389815,0.093507552,0.38120086,0.24718516,0.22630337
5i7r_68W_A_402,0.8057277,0.98304264,0.032225389,0.095530734,0.3899446,0.23669087,0.23958551
5i8s_LEA_A_202,0.5371995,0.6606601,0.037389815,0.093507552,0.38120086,0.24718516,0.22630337
5i8z_JA1_A_302,0.98746334,0.97862476,0.032326468,0.095246688,0.39363156,0.23179411,0.24121479
5i9m_69K_A_302,0,0.98917837,0.031994552,0.096690156,0.37346362,0.25853396,0.23191735
5iav_MLI_A_302,0.98892606,0.64405971,0.037731641,0.092759852,0.39030939,0.23506859,0.230168
5iav_MLI_B_302,0,0.62897078,1.6538092e-39,0.094033988,0.36805121,0.26050042,0.22040152
5ice_2H4_A_402,0,0.97953153,0.043809081,0.093455483,0.77914328,0.60542059,0.15055958
5icf_SAU_A_402,0.5371995,0.6606601,0.037389815,0.093507552,0.38120086,0.24718516,0.22630337
5igs_GMP_A_403,0.5371995,0.6606601,0.037389815,0.093507552,0.38120086,0.24718516,0.22630337
5ihe_D5M_A_701,0.5371995,0.6606601,0.037389815,0.093507552,0.38120086,0.24718516,0.22630337
5ihe_D5M_B_701,0.5371995,0.6606601,0.037389815,0.093507552,0.38120086,0.24718516,0.22630337
5ijz_AKG_A_502,0.53763327,0.65825503,0.037455052,0,0.38207032,0.24797773,0.22604555
5ijz_AKG_B_502,0,0.69949005,0.036674497,0.094538642,0.37056106,0.26140366,0.22233994
5ijz_AKG_C_502,0,0.84218857,0.034369187,0.095598463,0.37199085,0.25999006,0.22705771
5ijz_AKG_D_502,0.5371995,0.6606601,0.037389815,0.093507552,0.38120086,0.24718516,0.22630337
5ijz_AKG_H_502,0.5371995,0.6606601,0.037389815,0.093507552,0.38120086,0.24718516,0.22630337
5in3_G1P_B_418,0,0.98134431,0.032121112,0.096631973,0.37338513,0.25861157,0.23165834
5ioq_DUR_B_303,0.5371995,0.6606601,0.037389815,0.093507552,0.38120086,0.24718516,0.22630337
5ioq_DUR_C_302,0.76390532,0,0.040250815,0.090416837,0.11472978,0,0.26121979
5ioq_DUR_D_302,0.5371995,0.6606601,0.037389815,0.093507552,0.38120086,0.24718516,0.22630337
5irw_D9P_A_202,0.5371995,0.6606601,0.037389815,0.093507552,0.38120086,0.24718516,0.22630337
5irw_D9P_B_202,0.56339517,0.97439807,0.027698924,0.097130552,0.24240942,0.11721463,0.98180725
5ita_6DC_A_801,0.5371995,0.6606601,0.037389815,0.093507552,0.38120086,0.24718516,0.22630337
5ita_6DC_B_801,0.5371995,0.6606601,0.037389815,0.093507552,0.38120086,0.24718516,0.22630337
5iuy_BOG_B_503,0.86112427,0,0.0481156,0.088153098,0.38123226,0.24492306,0.20762622
5iuy_BOG_C_503,0.084318658,0.66084922,0.037313528,0.094134634,0.37190471,0.25949507,0.22188404
5ivg_FPS_B_704,0.53707602,0.90848534,0.03338595,0.095348367,0.383682,0.24473225,0.23449633
5ivg_FPS_C_704,0.53705178,0.95714237,0.032599887,0.095709767,0.38416912,0.24425069,0.23610482
5ivg_FPS_D_704,0.53705779,0.94506983,0.032794921,0.095620098,0.38404826,0.24437017,0.23570573
5j4k_6FZ_A_404,0.98689663,0.96632288,0.032525114,0.095156105,0.39349666,0.23193138,0.24080254
5j5i_6GM_A_302,0.5371995,0.6606601,0.037389815,0.093507552,0.38120086,0.24718516,0.22630337
5j5i_6GM_A_303,0.5371995,0.6606601,0.037389815,0.093507552,0.38120086,0.24718516,0.22630337
5j5i_6GM_E_302,0.5371995,0.6606601,0.037389815,0.093507552,0.38120086,0.24718516,0.22630337
5j5i_6GM_F_302,0.5371995,0.6606601,0.037389815,0.093507552,0.38120086,0.24718516,0.22630337
5j5i_6GM_F_303,0.53763327,0.65825503,0.037455052,0,0.38207032,0.24797773,0.22604555
5j5i_6GM_G_302,0.5371995,0.6606601,0.037389815,0.093507552,0.38120086,0.24718516,0.22630337
5j5i_6GM_I_302,0.5371995,0.6606601,0.037389815,0.093507552,0.38120086,0.24718516,0.22630337
5j5i_6GM_I_303,0.5371995,0.6606601,0.037389815,0.093507552,0.38120086,0.24718516,0.22630337
5j61_A3G_A_501,0.5371995,0.6606601,0.037389815,0.093507552,0.38120086,0.24718516,0.22630337
5j61_A3G_C_501,0.5371995,0.6606601,0.037389815,0.093507552,0.38120086,0.24718516,0.22630337
5j61_A3G_D_501,0.5371995,0.6606601,0.037389815,0.093507552,0.38120086,0.24718516,0.22630337
5j61_A3G_E_501,0.5371995,0.6606601,0.037389815,0.093507552,0.38120086,0.24718516,0.22630337
5j61_A3G_F_501,0.5371995,0.6606601,0.037389815,0.093507552,0.38120086,0.24718516,0.22630337
5j61_A3G_G_501,0.5371995,0.6606601,0.037389815,0.093507552,0.38120086,0.24718516,0.22630337
5j61_A3G_H_501,0.5371995,0.6606601,0.037389815,0.093507552,0.38120086,0.24718516,0.22630337
5j6y_GLC_A_309,0,0,0.047974831,0.089343532,0.36355246,0.2683329,0.19921405
5jdv_EVF_B_302,0.5371995,0.6606601,0.037389815,0.093507552,0.38120086,0.24718516,0.22630337
5je7_EVF_B_302,0.5371995,0.6606601,0.037389815,0.093507552,0.38120086,0.24718516,0.22630337
5jep_EVF_B_302,0.5371995,0.6606601,0.037389815,0.093507552,0.38120086,0.24718516,0.22630337
5jep_EVF_B_303,0.5371995,0.6606601,0.037389815,0.093507552,0.38120086,0.24718516,0.22630337
5jfx_6K4_A_4000,0.5292556,0.63549983,0.039077531,0.092983213,0.42392061,0.28570838,0
5jg5_EVF_B_302,0.5371995,0.6606601,0.037389815,0.093507552,0.38120086,0.24718516,0.22630337
5jj2_MLI_A_301,0.5371995,0.6606601,0.037389815,0.093507552,0.38120086,0.24718516,0.22630337
5jj2_MLI_A_302,0.53709969,0.86098166,0.034153381,0.094995533,0.38320643,0.2452024,0.23292597
5jj2_MLI_A_303,0.53706374,0.93313281,0.032987766,0.095531436,0.38392875,0.24448831,0.23531112
5jj2_MLI_A_305,0.53741546,0.2272155,0.044391995,0.090288233,0.37686162,0.25147486,0.21197509
5joy_6LW_B_602,0.0075773133,0.93147422,0.032928007,0.096251113,0.37304102,0.2588996,0.23008361
5jp9_DCM_A_401,0.5371995,0.6606601,0.037389815,0.093507552,0.38120086,0.24718516,0.22630337
5jp9_DCM_B_401,0.5371995,0.6606601,0.037389815,0.093507552,0.38120086,0.24718516,0.22630337
5jtt_6MY_A_902,0.53752867,0,0.048062704,0.088600589,0.37458691,0.25372364,0.20446386
5jtu_6NE_A_902,0.53752867,0,0.048062704,0.088600589,0.37458691,0.25372364,0.20446386
5k2c_ZMA_A_1201,0.53703417,0.99248909,0.032028854,0.095972305,0.38452298,0.24390086,0.2372733
5k5m_68T_A_1003,0.5371995,0.6606601,0.037389815,0.093507552,0.38120086,0.24718516,0.22630337
5kcj_6RM_B_302,0.5371995,0.6606601,0.037389815,0.093507552,0.38120086,0.24718516,0.22630337
5kcp_PFB_A_378,0,0.96046529,0.032458415,0.096476904,0.37317593,0.2588184,0.23096806
5kcp_PFB_A_379,0.98490993,0.044106051,0.047423298,0.08830955,0.38421564,0.241121,0.21029366
5kcp_PFB_B_378,0,0.95406069,0.032561882,0.096429337,0.37311176,0.25888184,0.23075632
5kcp_PFB_B_379,0.91561617,0.045693112,0.047386331,0.08841713,0.38280887,0.24298904,0.20966921
5kf2_COA_A_401,0.5371995,0.6606601,0.037389815,0.093507552,0.38120086,0.24718516,0.22630337
5kjw_53C_A_800,0.53703677,0.98725683,0.032113382,0.095933442,0.3844706,0.24395264,0.23710034
5kjw_53C_B_800,0.53703209,0.99665836,0.031961498,0.096003272,0.38456472,0.24385959,0.23741113
5kjz_PCG_A_401,0.53752867,0,0.048062704,0.088600589,0.37458691,0.25372364,0.20446386
5kmj_6UF_A_901,0.5371995,0.6606601,0.037389815,0.093507552,0.38120086,0.24718516,0.22630337
5kxb_NGA_B_305,0.5371995,0.6606601,0.037389815,0.093507552,0.38120086,0.24718516,0.22630337
5kxb_NGA_C_305,0.5371995,0.6606601,0.037389815,0.093507552,0.38120086,0.24718516,0.22630337
5l1u_7PF_A_401,0,0,0.047974831,0.089343532,0.36355246,0.2683329,0.19921405
5l7u_NGA_A_601,0.5371995,0.6606601,0.037389815,0.093507552,0.38120086,0.24718516,0.22630337
5l7u_NGA_B_601,0.5371995,0.6606601,0.037389815,0.093507552,0.38120086,0.24718516,0.22630337
5l9v_OGA_A_502,0.5371995,0.6606601,0.037389815,0.093507552,0.38120086,0.24718516,0.22630337
5l9v_OGA_B_502,0.5371995,0.6606601,0.037389815,0.093507552,0.38120086,0.24718516,0.22630337
5la1_XYP_A_601,0.99594295,0,0.048137639,0.087966722,0.38400024,0.24125798,0.20894324
5la1_XYP_A_602,0.53704827,0.96419172,0.032486003,0.095762126,0.38423969,0.24418092,0.23633786
5la2_ARB_A_606,0.53752867,0,0.048062704,0.088600589,0.37458691,0.25372364,0.20446386
5la2_ARB_B_606,0.5371995,0.6606601,0.037389815,0.093507552,0.38120086,0.24718516,0.22630337
5lik_W8X_X_402,0.53707117,0.91823304,0.033228474,0.095420768,0.38377959,0.24463578,0.23481857
5lqs_NTM_A_302,0.04883897,0.94638099,0.032693932,0.096304784,0.37403753,0.25763022,0.23097952
5lwy_OLB_A_403,0.5371995,0.6606601,0.037389815,0.093507552,0.38120086,0.24718516,0.22630337
5lwy_OLB_A_406,0.5371995,0.6606601,0.037389815,0.093507552,0.38120086,0.24718516,0.22630337
5lwy_OLB_A_407,0.5371995,0.6606601,0.037389815,0.093507552,0.38120086,0.24718516,0.22630337
5lwy_OLB_A_409,0,0.90933075,0.033284498,0.096097128,0.37266358,0.25932494,0.2292775
5m0e_7CR_A_922,0.5371995,0.6606601,0.037389815,0.093507552,0.38120086,0.24718516,0.22630337
5m0t_AKG_A_302,0.5371995,0.6606601,0.037389815,0.093507552,0.38120086,0.24718516,0.22630337
5m0t_AKG_B_302,0.5371995,0.6606601,0.037389815,0.093507552,0.38120086,0.24718516,0.22630337
5m5a_KSA_A_404,0.9903893,0.98415248,0.032237646,0.095283697,0.39374702,0.23165981,0.24142613
5m62_BGC_A_409,0,0,0.047974831,0.089343532,0.36355246,0.2683329,0.19921405
5m66_ADN_A_502,0.5371995,0.6606601,0.037389815,0.093507552,0.38120086,0.24718516,0.22630337
5m66_ADN_B_502,0.5371995,0.6606601,0.037389815,0.093507552,0.38120086,0.24718516,0.22630337
5m66_ADN_D_502,0.5371995,0.6606601,0.037389815,0.093507552,0.38120086,0.24718516,0.22630337
5m8d_UGI_B_501,0.5371995,0.6606601,0.037389815,0.093507552,0.38120086,0.24718516,0.22630337
5mdh_MAK_A_335,0.5371995,0.6606601,0.037389815,0.093507552,0.38120086,0.24718516,0.22630337
5mdh_MAK_B_335,0.5371995,0.6606601,0.037389815,0.093507552,0.38120086,0.24718516,0.22630337
5mot_HBD_A_402,0.94229475,0.90821287,0.033456596,0.094786181,0.3919987,0.23371954,0.23844566
5mxh_GAL_A_401,0.11528099,0.92612869,0.033031971,0.09606252,0.37519873,0.2560246,0.23095902
5mxh_GAL_A_402,0.11106635,0.94048845,0.032799299,0.096174996,0.37525608,0.25599693,0.23139259
5mzj_TEP_A_2401,0.99759144,0,0.048137909,0.087964443,0.38403408,0.24121317,0.20895935
5mzp_CFF_A_2401,0.045077042,0.98745026,0.032029838,0.096615006,0.37437179,0.25732565,0.23230056
5n5k_8NW_A_307,0.5371995,0.6606601,0.037389815,0.093507552,0.38120086,0.24718516,0.22630337
5n5k_HAE_A_306,0.5371995,0.6606601,0.037389815,0.093507552,0.38120086,0.24718516,0.22630337
5n8c_8Q8_A_403,0.53725835,0.5425519,0.039297675,0.092630395,0.38001854,0.24835394,0.2223994
5nh9_XLS_A_503,0.5371995,0.6606601,0.037389815,0.093507552,0.38120086,0.24718516,0.22630337
5nh9_XLS_C_504,0.5371995,0.6606601,0.037389815,0.093507552,0.38120086,0.24718516,0.22630337
5nh9_XLS_D_504,0.5371995,0.6606601,0.037389815,0.093507552,0.38120086,0.24718516,0.22630337
5nj0_8YW_A_301,0.5371995,0.6606601,0.037389815,0.093507552,0.38120086,0.24718516,0.22630337
5njb_BB2_A_502,0.53705017,0.96036736,0.032547786,0.095733721,0.38420141,0.24421877,0.23621143
5njb_BB2_C_502,0.53705308,0.95452207,0.032642218,0.095690305,0.38414289,0.24427662,0.2360182
5nnw_GCS_D_302,0.53752867,0,0.048062704,0.088600589,0.37458691,0.25372364,0.20446386
5nov_93B_A_201,0.53703408,0.99266668,0.032025985,0.095973624,0.38452476,0.2438991,0.23727917
5nuk_Z80_A_201,0.5371995,0.6606601,0.037389815,0.093507552,0.38120086,0.24718516,0.22630337
5o3b_9HZ_A_501,0.5371995,0.6606601,0.037389815,0.093507552,0.38120086,0.24718516,0.22630337
5o3b_9HZ_B_501,0.5371995,0.6606601,0.037389815,0.093507552,0.38120086,0.24718516,0.22630337
5o3b_9HZ_C_501,0.5371995,0.6606601,0.037389815,0.093507552,0.38120086,0.24718516,0.22630337
5o3b_9HZ_D_501,0.53752867,0,0.048062704,0.088600589,0.37458691,0.25372364,0.20446386
5o3d_9J5_A_501,0.5371995,0.6606601,0.037389815,0.093507552,0.38120086,0.24718516,0.22630337
5o3f_9HT_A_501,0.5371995,0.6606601,0.037389815,0.093507552,0.38120086,0.24718516,0.22630337
5o3g_9J8_B_501,0.5371995,0.6606601,0.037389815,0.093507552,0.38120086,0.24718516,0.22630337
5o4j_9KH_B_302,0.5371995,0.6606601,0.037389815,0.093507552,0.38120086,0.24718516,0.22630337
5o4j_9KH_C_302,0.5371995,0.6606601,0.037389815,0.093507552,0.38120086,0.24718516,0.22630337
5o4j_PJL_A_304,0.24224215,0.93433296,0.032920185,0.09594794,0.37788759,0.25249187,0.23247052
5o4k_9KE_A_405,0.5371995,0.6606601,0.037389815,0.093507552,0.38120086,0.24718516,0.22630337
5ocm_9RH_A_302,0.0016953332,0.98582706,0.03204897,0.096662922,0.37346485,0.25852107,0.23182311
5ocm_9RH_B_302,0.0016603815,0.91880368,0.033131734,0.096165188,0.37279259,0.25918597,0.2296069
5ocm_9RH_C_302,0.0016974413,0.91761066,0.033151013,0.096156277,0.37278139,0.25919678,0.22956782
5oew_9TE_B_901,0.5371995,0.6606601,0.037389815,0.093507552,0.38120086,0.24718516,0.22630337
5oew_9TE_C_301,0.5371995,0.6606601,0.037389815,0.093507552,0.38120086,0.24718516,0.22630337
5oew_GLU_A_301,0.53752867,0,0.048062704,0.088600589,0.37458691,0.25372364,0.20446386
5oew_GLU_B_902,0.53752867,0,0.048062704,0.088600589,0.37458691,0.25372364,0.20446386
5oip_9WE_A_302,0.93587628,0.98589462,0.03220059,0.095371996,0.39264526,0.2331245,0.2409512
5oir_9W8_A_302,0.45972074,0.88519895,0.033749501,0.095282375,0.38186035,0.24706639,0.23297061
5oo4_URI_A_201,0.5371995,0.6606601,0.037389815,0.093507552,0.38120086,0.24718516,0.22630337
5ooa_URI_A_201,0.5371995,0.6606601,0.037389815,0.093507552,0.38120086,0.24718516,0.22630337
5osf_A9E_A_404,0.94604718,0.98273034,0.032253372,0.095334434,0.39282238,0.23287935,0.24094594
5r0i_SYV_A_2501,0.5371995,0.6606601,0.037389815,0.093507552,0.38120086,0.24718516,0.22630337
5r28_RDJ_A_401,0.5371995,0.6606601,0.037389815,0.093507552,0.38120086,0.24718516,0.22630337
5r9o_54F_A_401,0.5371995,0.6606601,0.037389815,0.093507552,0.38120086,0.24718516,0.22630337
5sga_TYR_P_1,0.5371995,0.6606601,0.037389815,0.093507552,0.38120086,0.24718516,0.22630337
5syi_NIZ_A_805,0.5371995,0.6606601,0.037389815,0.093507552,0.38120086,0.24718516,0.22630337
5syi_NIZ_B_805,0.5371995,0.6606601,0.037389815,0.093507552,0.38120086,0.24718516,0.22630337
5t3h_BEN_A_302,0.5371995,0.6606601,0.037389815,0.093507552,0.38120086,0.24718516,0.22630337
5t63_ALA_C_1,0.53542109,0,0.047879176,0.54630866,0.37024809,0.2499278,0.20544797
5t6b_TMP_B_504,0.5371995,0.6606601,0.037389815,0.093507552,0.38120086,0.24718516,0.22630337
5t6b_TMP_D_503,0.53752867,0,0.048062704,0.088600589,0.37458691,0.25372364,0.20446386
5t85_44G_L_301,0.011390865,0,0.047976693,0.089327785,0.36378633,0.26802324,0.19932532
5tbo_78Z_A_1001,0.5371995,0.6606601,0.037389815,0.093507552,0.38120086,0.24718516,0.22630337
5tch_MLI_A_301,0.5371995,0.6606601,0.037389815,0.093507552,0.38120086,0.24718516,0.22630337
5tch_MLI_B_501,0.5371995,0.6606601,0.037389815,0.093507552,0.38120086,0.24718516,0.22630337
5tch_MLI_D_501,0.5371995,0.6606601,0.037389815,0.093507552,0.38120086,0.24718516,0.22630337
5tch_MLI_E_301,0.5371995,0.6606601,0.037389815,0.093507552,0.38120086,0.24718516,0.22630337
5tch_MLI_F_501,0.5371995,0.6606601,0.037389815,0.093507552,0.38120086,0.24718516,0.22630337
5tch_MLI_G_301,0.5371995,0.6606601,0.037389815,0.093507552,0.38120086,0.24718516,0.22630337
5tch_MLI_H_501,0.5371995,0.6606601,0.037389815,0.093507552,0.38120086,0.24718516,0.22630337
5tde_2HP_B_901,0.9961562,0.94388161,0.032889169,0.094976633,0.39346192,0.23190196,0.24015107
5tde_2HP_B_902,0,0.94934669,0.032638037,0.096394326,0.37306453,0.25892854,0.23060047
5tde_FLC_A_501,0.5371995,0.6606601,0.037389815,0.093507552,0.38120086,0.24718516,0.22630337
5tdt_MBN_A_502,0.5371995,0.6606601,0.037389815,0.093507552,0.38120086,0.24718516,0.22630337
5tdt_MBN_A_503,0.5371995,0.6606601,0.037389815,0.093507552,0.38120086,0.24718516,0.22630337
5tdt_MBN_D_501,0.5371995,0.6606601,0.037389815,0.093507552,0.38120086,0.24718516,0.22630337
5tdt_MBN_D_502,0.97062039,0.23324648,0.044365379,0.08973405,0.38581737,0.23963581,0.21640725
5thu_B3N_A_404,0.5371995,0.6606601,0.037389815,0.093507552,0.38120086,0.24718516,0.22630337
5thu_B3N_B_404,0.5371995,0.6606601,0.037389815,0.093507552,0.38120086,0.24718516,0.22630337
5thu_GGG_B_405,0,0.97810953,0.03217337,0.096607948,0.37335272,0.25864361,0.2315514
5tix_OQR_A_302,0.53704391,0.97293635,0.032344732,0.095827077,0.38432724,0.24409437,0.23662693
5tix_OQR_B_302,0.53704838,0.9639552,0.032489824,0.095760369,0.38423732,0.24418326,0.23633004
5tlg_7EG_B_601,0.5371995,0.6606601,0.037389815,0.093507552,0.38120086,0.24718516,0.22630337
5tm5_7EV_B_601,0.5371995,0.6606601,0.037389815,0.093507552,0.38120086,0.24718516,0.22630337
5tvr_AKG_B_402,0.99751272,0.66046787,0.037467357,0.092870125,0.39065024,0.23467205,0.23079564
5tzr_MLI_A_2403,0.97586197,0.93019761,0.033106918,0.094903057,0.39290815,0.23258922,0.23950041
5u5g_7VD_A_302,0.53763327,0.65825503,0.037455052,0,0.38207032,0.24797773,0.22604555
5u5g_7VD_B_302,0.5371995,0.6606601,0.037389815,0.093507552,0.38120086,0.24718516,0.22630337
5u5g_7VD_C_302,0.5371995,0.6606601,0.037389815,0.093507552,0.38120086,0.24718516,0.22630337
5u5g_7VD_D_302,0.5371995,0.6606601,0.037389815,0.093507552,0.38120086,0.24718516,0.22630337
5u5x_TP5_A_302,0.5371995,0.6606601,0.037389815,0.093507552,0.38120086,0.24718516,0.22630337
5u5z_7VP_A_302,0.5371995,0.6606601,0.037389815,0.093507552,0.38120086,0.24718516,0.22630337
5u8z_83D_A_602,0.5371995,0.6606601,0.037389815,0.093507552,0.38120086,0.24718516,0.22630337
5u8z_83D_B_602,0.5371995,0.6606601,0.037389815,0.093507552,0.38120086,0.24718516,0.22630337
5u8z_83D_C_602,0.5371995,0.6606601,0.037389815,0.093507552,0.38120086,0.24718516,0.22630337
5u8z_83D_D_602,0.5371995,0.6606601,0.037389815,0.093507552,0.38120086,0.24718516,0.22630337
5uap_82S_A_505,0.5371995,0.6606601,0.037389815,0.093507552,0.38120086,0.24718516,0.22630337
5uap_82S_B_505,0.5371995,0.6606601,0.037389815,0.093507552,0.38120086,0.24718516,0.22630337
5ud0_13P_B_405,0.5371995,0.6606601,0.037389815,0.093507552,0.38120086,0.24718516,0.22630337
5ud3_P6F_B_404,0.5371995,0.6606601,0.037389815,0.093507552,0.38120086,0.24718516,0.22630337
5uda_CAE_A_502,0.47926931,0.9961013,0.031961058,0.096079022,0.3833729,0.24543635,0.23682813
5uda_CAE_B_502,0.5371995,0.6606601,0.037389815,0.093507552,0.38120086,0.24718516,0.22630337
5uio_8DM_C_202,0.5371995,0.6606601,0.037389815,0.093507552,0.38120086,0.24718516,0.22630337
5uio_8DM_D_202,0.5371995,0.6606601,0.037389815,0.093507552,0.38120086,0.24718516,0.22630337
5uio_8DM_E_202,0.5371995,0.6606601,0.037389815,0.093507552,0.38120086,0.24718516,0.22630337
5uio_LG3_A_201,0.53752867,0,0.048062704,0.088600589,0.37458691,0.25372364,0.20446386
5uio_LG3_B_201,0.53736562,0.32725675,0.042775809,0.091031289,0.37786316,0.25048474,0.21528223
5uio_LG3_C_201,0.53703365,0.99352153,0.032012174,0.095979973,0.38453332,0.24389064,0.23730743
5uio_LG3_E_201,0.53703285,0.99514181,0.031985998,0.095992008,0.38454954,0.2438746,0.237361
5unr_8EV_A_803,0.5371995,0.6606601,0.037389815,0.093507552,0.38120086,0.24718516,0.22630337
5unt_8J1_B_803,0.5371995,0.6606601,0.037389815,0.093507552,0.38120086,0.24718516,0.22630337
5unx_8F1_A_803,0.5371995,0.6606601,0.037389815,0.093507552,0.38120086,0.24718516,0.22630337
5unx_8F1_B_803,0.52925561,0.63549986,0.039077529,0.092983213,0.42392057,0.28570834,2.2144278e-07
5uo3_8EY_A_803,0.5371995,0.6606601,0.037389815,0.093507552,0.38120086,0.24718516,0.22630337
5uo3_8EY_B_804,0.5371995,0.6606601,0.037389815,0.093507552,0.38120086,0.24718516,0.22630337
5uo5_M4R_A_803,0.5371995,0.6606601,0.037389815,0.093507552,0.38120086,0.24718516,0.22630337
5uo5_M4R_B_803,0.5371995,0.6606601,0.037389815,0.093507552,0.38120086,0.24718516,0.22630337
5urz_BOG_B_201,0.53794853,0,0.048098921,6.5264531e-35,0.37544609,0.25447504,0.20426929
5ut1_7DZ_A_905,0.5371995,0.6606601,0.037389815,0.093507552,0.38120086,0.24718516,0.22630337
5v31_ARG_A_401,0.5371995,0.6606601,0.037389815,0.093507552,0.38120086,0.24718516,0.22630337
5vjg_0BP_A_403,0.53714415,0.77175123,0.035594916,0.094332774,0.38231312,0.24608553,0.22997621
5vka_AKG_A_402,0.53752867,0,0.048062704,0.088600589,0.37458691,0.25372364,0.20446386
5vl0_BNF_A_404,0.53703914,0.98251589,0.032189972,0.095898229,0.38442314,0.24399956,0.23694361
5vl0_BNF_B_404,0.53703959,0.98161095,0.032204592,0.095891508,0.38441408,0.24400852,0.2369137
5vl0_BNF_C_404,0.53703753,0.98575008,0.032137724,0.095922251,0.38445552,0.24396756,0.23705053
5vrj_R07_A_204,0,0.81204554,0.034856151,0.095374591,0.37168882,0.26028867,0.22606115
5vut_9OG_A_803,0.5371995,0.6606601,0.037389815,0.093507552,0.38120086,0.24718516,0.22630337
5vut_9OG_B_803,0.5371995,0.6606601,0.037389815,0.093507552,0.38120086,0.24718516,0.22630337
5vuu_9OJ_A_805,0.5371995,0.6606601,0.037389815,0.093507552,0.38120086,0.24718516,0.22630337
5vuu_9OJ_B_803,0.5371995,0.6606601,0.037389815,0.093507552,0.38120086,0.24718516,0.22630337
5vv0_9OM_B_803,0.5371995,0.6606601,0.037389815,0.093507552,0.38120086,0.24718516,0.22630337
5vv5_9OJ_A_803,0.53704349,0.97378209,0.032331069,0.095833359,0.3843357,0.244086,0.23665489
5vv5_9OJ_B_803,0.5371995,0.6606601,0.037389815,0.093507552,0.38120086,0.24718516,0.22630337
5vyr_B62_A_301,0.5371995,0.6606601,0.037389815,0.093507552,0.38120086,0.24718516,0.22630337
5vyr_B62_B_301,0.5371995,0.6606601,0.037389815,0.093507552,0.38120086,0.24718516,0.22630337
5vyr_GMP_B_302,0.5371995,0.6606601,0.037389815,0.093507552,0.38120086,0.24718516,0.22630337
5vyr_GMP_B_303,0.5371995,0.6606601,0.037389815,0.093507552,0.38120086,0.24718516,0.22630337
5vys_1YJ_A_301,0.5371995,0.6606601,0.037389815,0.093507552,0.38120086,0.24718516,0.22630337
5vys_1YJ_B_301,0.5371995,0.6606601,0.037389815,0.093507552,0.38120086,0.24718516,0.22630337
5vys_GMP_B_303,0.5371995,0.6606601,0.037389815,0.093507552,0.38120086,0.24718516,0.22630337
5w3k_9TY_B_401,0.26141844,0.95938069,0.032518671,0.096107459,0.37853226,0.25172243,0.23348596
5w5t_9X7_A_506,0.53752867,0,0.048062704,0.088600589,0.37458691,0.25372364,0.20446386
5w5t_9X7_D_508,0.53752867,0,0.048062704,0.088600589,0.37458691,0.25372364,0.20446386
5w7b_MYR_B_208,0.5371995,0.6606601,0.037389815,0.093507552,0.38120086,0.24718516,0.22630337
5w8q_BU4_A_400,0.99492649,0.97220017,0.032431479,0.095188655,0.39372041,0.23165486,0.2410753
5w8q_BU4_B_400,0.025831113,0.995276,0.031900267,0.096699734,0.37405506,0.25777133,0.23237128
5wct_GY4_A_303,0.5371995,0.6606601,0.037389815,0.093507552,0.38120086,0.24718516,0.22630337
5wcz_NOJ_B_601,0.9846017,0.66047326,0.037465182,0.092888003,0.39038521,0.23502301,0.23066965
5wgk_AGJ_A_816,0.5371995,0.6606601,0.037389815,0.093507552,0.38120086,0.24718516,0.22630337
5wgr_PM7_A_711,0.5371995,0.6606601,0.037389815,0.093507552,0.38120086,0.24718516,0.22630337
5wgr_PM7_A_712,0.5371995,0.6606601,0.037389815,0.093507552,0.38120086,0.24718516,0.22630337
5wgv_PM7_A_713,0.5371995,0.6606601,0.037389815,0.093507552,0.38120086,0.24718516,0.22630337
5wgw_MB5_A_714,0.5371995,0.6606601,0.037389815,0.093507552,0.38120086,0.24718516,0.22630337
5wgw_MB5_A_715,0.5371995,0.6606601,0.037389815,0.093507552,0.38120086,0.24718516,0.22630337
5wqp_NCA_A_302,0,0.98082532,0.032129496,0.096628118,0.37337993,0.25861671,0.23164119
5x0j_SEP_A_302,0.5371995,0.6606601,0.037389815,0.093507552,0.38120086,0.24718516,0.22630337
5x23_LSN_A_502,0.5371995,0.6606601,0.037389815,0.093507552,0.38120086,0.24718516,0.22630337
5x23_LSN_A_503,0.5371995,0.6606601,0.037389815,0.093507552,0.38120086,0.24718516,0.22630337
5x23_LSN_A_504,0.53752867,0,0.048062704,0.088600589,0.37458691,0.25372364,0.20446386
5x2m_GLN_A_951,0.5371995,0.6606601,0.037389815,0.093507552,0.38120086,0.24718516,0.22630337
5x2m_GLN_D_951,0,0,0.038092591,0.092024758,0,0,0.26793104
5x5d_UMP_A_401,0.5371995,0.6606601,0.037389815,0.093507552,0.38120086,0.24718516,0.22630337
5x5d_UMP_B_401,0.5371995,0.6606601,0.037389815,0.093507552,0.38120086,0.24718516,0.22630337
5x5d_UMP_C_401,0.5371995,0.6606601,0.037389815,0.093507552,0.38120086,0.24718516,0.22630337
5x5d_UMP_D_401,0.5371995,0.6606601,0.037389815,0.093507552,0.38120086,0.24718516,0.22630337
5x5d_UMP_E_401,0.5292556,0.63549983,0.039077531,0.092983213,0.42392061,0.28570838,0
5x6r_7ZR_A_402,0.5371995,0.6606601,0.037389815,0.093507552,0.38120086,0.24718516,0.22630337
5x6r_7ZR_B_402,0.5371995,0.6606601,0.037389815,0.093507552,0.38120086,0.24718516,0.22630337
5x86_TMP_A_205,0.5371995,0.6606601,0.037389815,0.093507552,0.38120086,0.24718516,0.22630337
5x86_TMP_B_207,0.53763327,0.65825503,0.037455052,0,0.38207032,0.24797773,0.22604555
5xdt_MB3_A_404,0.53703258,0.99568175,0.031977276,0.095996019,0.38455495,0.24386926,0.23737885
5xdt_ZI7_A_403,0.53703477,0.9912725,0.032048508,0.095963269,0.38451081,0.2439129,0.23723309
5xin_XLS_A_397,0.5371995,0.6606601,0.037389815,0.093507552,0.38120086,0.24718516,0.22630337
5xin_XLS_B_397,0.5371995,0.6606601,0.037389815,0.093507552,0.38120086,0.24718516,0.22630337
5xin_XLS_C_397,0.5371995,0.6606601,0.037389815,0.093507552,0.38120086,0.24718516,0.22630337
5xin_XLS_D_397,0.5371995,0.6606601,0.037389815,0.093507552,0.38120086,0.24718516,0.22630337
5xj7_87O_A_309,0.5371995,0.6606601,0.037389815,0.093507552,0.38120086,0.24718516,0.22630337
5xmq_PLG_A_501,0.5371995,0.6606601,0.037389815,0.093507552,0.38120086,0.24718516,0.22630337
5xmq_PLG_B_501,0.5371995,0.6606601,0.037389815,0.093507552,0.38120086,0.24718516,0.22630337
5xmq_PLG_C_501,0.5371995,0.6606601,0.037389815,0.093507552,0.38120086,0.24718516,0.22630337
5xoi_SIN_A_401,0.5371995,0.6606601,0.037389815,0.093507552,0.38120086,0.24718516,0.22630337
5xrv_F6R_A_702,0.5371995,0.6606601,0.037389815,0.093507552,0.38120086,0.24718516,0.22630337
5xsm_8EO_A_705,0.5371995,0.6606601,0.037389815,0.093507552,0.38120086,0.24718516,0.22630337
5xvt_8FL_A_709,0.5371995,0.6606601,0.037389815,0.093507552,0.38120086,0.24718516,0.22630337
5xvv_AKG_A_508,0.5371995,0.6606601,0.037389815,0.093507552,0.38120086,0.24718516,0.22630337
5xvv_AKG_B_506,0.5371995,0.6606601,0.037389815,0.093507552,0.38120086,0.24718516,0.22630337
5xvv_AKG_C_504,0.5371995,0.6606601,0.037389815,0.093507552,0.38120086,0.24718516,0.22630337
5y1g_AKB_A_401,0.9331461,0,0.048127374,0.088053534,0.38271095,0.24296513,0.20832979
5y7a_KYN_A_502,0.5371995,0.6606601,0.037389815,0.093507552,0.38120086,0.24718516,0.22630337
5y7r_58K_B_403,0,0.66088443,0.037299325,0.094251391,0.37017387,0.26178707,0.2210612
5y7r_AKG_B_402,0.5371995,0.6606601,0.037389815,0.093507552,0.38120086,0.24718516,0.22630337
5y8k_SER_A_301,0.5371995,0.6606601,0.037389815,0.093507552,0.38120086,0.24718516,0.22630337
5y8k_SER_B_301,0.53752732,0.0027195521,0.04801877,0.088620788,0.37461413,0.25369672,0.20455376
5y8p_3OH_B_301,0.5371995,0.6606601,0.037389815,0.093507552,0.38120086,0.24718516,0.22630337
5yaq_ISE_B_402,0.5371995,0.6606601,0.037389815,0.093507552,0.38120086,0.24718516,0.22630337
5yaq_ISE_D_402,0.5371995,0.6606601,0.037389815,0.093507552,0.38120086,0.24718516,0.22630337
5yb7_ORN_A_602,0.5371995,0.6606601,0.037389815,0.093507552,0.38120086,0.24718516,0.22630337
5yb7_ORN_A_603,0.5371995,0.6606601,0.037389815,0.093507552,0.38120086,0.24718516,0.22630337
5yb7_ORN_B_602,0.5371995,0.6606601,0.037389815,0.093507552,0.38120086,0.24718516,0.22630337
5yb7_ORN_B_603,0.5371995,0.6606601,0.037389815,0.093507552,0.38120086,0.24718516,0.22630337
5yb7_ORN_C_603,0.5371995,0.6606601,0.037389815,0.093507552,0.38120086,0.24718516,0.22630337
5yb7_ORN_D_602,0.5371995,0.6606601,0.037389815,0.093507552,0.38120086,0.24718516,0.22630337
5yb7_ORN_D_603,0.5371995,0.6606601,0.037389815,0.093507552,0.38120086,0.24718516,0.22630337
5ybl_AKG_A_302,0.00032760129,0.91683579,0.033163307,0.096152415,0.37274551,0.25924169,0.22952882
5ybl_AKG_C_302,0.5371995,0.6606601,0.037389815,0.093507552,0.38120086,0.24718516,0.22630337
5ybp_8SX_B_303,0.5371995,0.6606601,0.037389815,0.093507552,0.38120086,0.24718516,0.22630337
5ybp_AKG_A_302,0.5371995,0.6606601,0.037389815,0.093507552,0.38120086,0.24718516,0.22630337
5ybp_AKG_B_302,0.5371995,0.6606601,0.037389815,0.093507552,0.38120086,0.24718516,0.22630337
5ybq_8T0_A_303,0.5371995,0.6606601,0.037389815,0.093507552,0.38120086,0.24718516,0.22630337
5ybq_8T0_B_303,0.5371995,0.6606601,0.037389815,0.093507552,0.38120086,0.24718516,0.22630337
5ybq_AKG_A_302,0.5371995,0.6606601,0.037389815,0.093507552,0.38120086,0.24718516,0.22630337
5ybq_AKG_B_302,0.5371995,0.6606601,0.037389815,0.093507552,0.38120086,0.24718516,0.22630337
5yfj_RUB_A_401,0.53704668,0.96737131,0.032434636,0.095785743,0.38427152,0.24414945,0.23644297
5yfj_RUB_B_401,0.53705068,0.95933851,0.032564408,0.095726079,0.38419111,0.24422895,0.23617742
5yfj_RUB_C_401,0.53704693,0.96687094,0.03244272,0.095782026,0.38426651,0.2441544,0.23642643
5ykt_PMP_A_501,0.5371995,0.6606601,0.037389815,0.093507552,0.38120086,0.24718516,0.22630337
5ykt_PMP_B_501,0.5371995,0.6606601,0.037389815,0.093507552,0.38120086,0.24718516,0.22630337
5ylf_BGC_A_401,0.53705529,0.95010361,0.032713599,0.095657487,0.38409865,0.24432035,0.23587214
5ysh_5AD_D_605,0.21274926,0.98677077,0.032068225,0.096378167,0.37780747,0.25277418,0.23391606
5ysh_5AD_J_605,0.21831849,0.98087692,0.032164351,0.096326694,0.37786276,0.25268116,0.23377561
5z54_0HZ_A_303,0.19287987,0.9839039,0.032111292,0.096384342,0.37737081,0.25334273,0.23362718
5z54_0HZ_D_303,0.5371995,0.6606601,0.037389815,0.093507552,0.38120086,0.24718516,0.22630337
5z9b_HX3_B_303,0.97160376,0.98667353,0.032193847,0.09532839,0.39338659,0.23214552,0.24132597
5z9p_AX7_A_301,0.53752867,0,0.048062704,0.088600589,0.37458691,0.25372364,0.20446386
5zg2_ZK1_A_901,0.5371995,0.6606601,0.037389815,0.093507552,0.38120086,0.24718516,0.22630337
5zg2_ZK1_B_901,0.5371995,0.6606601,0.037389815,0.093507552,0.38120086,0.24718516,0.22630337
5zge_ZZ7_B_302,0,0.90970714,0.033278418,0.096099924,0.37266735,0.25932122,0.22928994
5zgr_ZZ7_A_303,0.53211402,0.94264671,0.032833261,0.095608962,0.38392227,0.24452928,0.23557709
5zgr_ZZ7_B_303,0.99201471,0.93892784,0.03296852,0.094945567,0.39332726,0.23206362,0.23994683
5zi4_OAA_A_401,0.5371995,0.6606601,0.037389815,0.093507552,0.38120086,0.24718516,0.22630337
5zpt_HY1_A_702,0.0056048982,0.98585529,0.032049153,0.096657727,0.3735454,0.25841451,0.23186224
5zpt_HY1_B_703,0.98684521,0.99297244,0.032094579,0.095354102,0.39376263,0.23166878,0.24168311
6a1f_9OF_A_807,0.5371995,0.6606601,0.037389815,0.093507552,0.38120086,0.24718516,0.22630337
6a1l_BEZ_A_403,0.5371995,0.6606601,0.037389815,0.093507552,0.38120086,0.24718516,0.22630337
6a1l_BEZ_A_404,0.5371995,0.6606601,0.037389815,0.093507552,0.38120086,0.24718516,0.22630337
6a2m_9QR_A_701,0.5371995,0.6606601,0.037389815,0.093507552,0.38120086,0.24718516,0.22630337
6a2m_9QR_B_701,0.5371995,0.6606601,0.037389815,0.093507552,0.38120086,0.24718516,0.22630337
6a2m_UMP_A_703,0.53752867,0,0.048062704,0.088600589,0.37458691,0.25372364,0.20446386
6a2m_UMP_B_703,0.53752867,0,0.048062704,0.088600589,0.37458691,0.25372364,0.20446386
6a2n_9QR_A_701,0.5371995,0.6606601,0.037389815,0.093507552,0.38120086,0.24718516,0.22630337
6a2n_UMP_B_703,0.53752867,0,0.048062704,0.088600589,0.37458691,0.25372364,0.20446386
6a3j_SOE_A_402,0.5371995,0.6606601,0.037389815,0.093507552,0.38120086,0.24718516,0.22630337
6abm_9VR_A_505,0.5371995,0.6606601,0.037389815,0.093507552,0.38120086,0.24718516,0.22630337
6acn_TRC_A_899,0.5371995,0.6606601,0.037389815,0.093507552,0.38120086,0.24718516,0.22630337
6ald_2FP_A_700,0.5371995,0.6606601,0.037389815,0.093507552,0.38120086,0.24718516,0.22630337
6ald_2FP_B_700,0.5371995,0.6606601,0.037389815,0.093507552,0.38120086,0.24718516,0.22630337
6auq_BYJ_B_803,0.5371995,0.6606601,0.037389815,0.093507552,0.38120086,0.24718516,0.22630337
6av2_BY7_A_803,0.5371995,0.6606601,0.037389815,0.093507552,0.38120086,0.24718516,0.22630337
6av2_BY7_B_803,0.5371995,0.6606601,0.037389815,0.093507552,0.38120086,0.24718516,0.22630337
6axu_BTM_A_401,0.98361336,0.98805821,0.032173441,0.095322072,0.39364703,0.23180532,0.24148906
6ayv_MLI_A_409,0.5371995,0.6606601,0.037389815,0.093507552,0.38120086,0.24718516,0.22630337
6b5k_TYD_A_304,0.5371995,0.6606601,0.037389815,0.093507552,0.38120086,0.24718516,0.22630337
6b5k_TYD_B_304,0.5371995,0.6606601,0.037389815,0.093507552,0.38120086,0.24718516,0.22630337
6b6r_BEN_A_302,0.5371995,0.6606601,0.037389815,0.093507552,0.38120086,0.24718516,0.22630337
6b83_6NA_B_201,0.5371995,0.6606601,0.037389815,0.093507552,0.38120086,0.24718516,0.22630337
6b9p_D0J_A_1001,0.5371995,0.6606601,0.037389815,0.093507552,0.38120086,0.24718516,0.22630337
6b9p_D0J_B_1001,0.5371995,0.6606601,0.037389815,0.093507552,0.38120086,0.24718516,0.22630337
6ba2_7KM_A_809,0.5371995,0.6606601,0.037389815,0.093507552,0.38120086,0.24718516,0.22630337
6bds_DJ4_A_303,0.53704463,0.97148897,0.032368115,0.095816327,0.38431275,0.2441087,0.23657909
6bkk_308_B_101,0.99665064,0.99379357,0.032082917,0.095346646,0.39397217,0.23139409,0.24180604
6bmm_OLB_A_404,0.5371995,0.6606601,0.037389815,0.093507552,0.38120086,0.24718516,0.22630337
6bmm_OLB_B_404,0.5371995,0.6606601,0.037389815,0.093507552,0.38120086,0.24718516,0.22630337
6bqx_9AG_A_201,0.5370756,0.90934025,0.033372139,0.095354717,0.38369056,0.24472379,0.23452459
6br1_E3Y_B_505,0.5371995,0.6606601,0.037389815,0.093507552,0.38120086,0.24718516,0.22630337
6btn_E8M_A_304,0.5371995,0.6606601,0.037389815,0.093507552,0.38120086,0.24718516,0.22630337
6btq_E8S_A_305,0.5371995,0.6606601,0.037389815,0.093507552,0.38120086,0.24718516,0.22630337
6bvl_EBY_B_2001,0,0,0.047974831,0.089343532,0.36355246,0.2683329,0.19921405
6bxk_MTA_B_401,0.5371995,0.6606601,0.037389815,0.093507552,0.38120086,0.24718516,0.22630337
6c17_DNX_A_202,0.53707225,0.91605381,0.03326368,0.095404582,0.38375777,0.24465735,0.23474653
6c1i_EEY_A_501,0.53704629,0.96816012,0.032421893,0.095791602,0.38427942,0.24414165,0.23646904
6c1i_EEY_B_501,0.53711964,0.82094813,0.034800131,0.094698184,0.38280564,0.24559862,0.23160255
6c1i_KNA_A_502,0.53703922,0.98234471,0.032192738,0.095896958,0.38442143,0.24400126,0.23693795
6c1x_DNX_A_203,0.53706546,0.9296904,0.033043378,0.095505867,0.38389429,0.24452238,0.23519732
6c6w_TFX_A_502,0,0.92190229,0.033081404,0.096190497,0.37278954,0.25920041,0.22969313
6cdy_EY1_A_501,0.53752867,0,0.048062704,0.088600589,0.37458691,0.25372364,0.20446386
6cdy_EY1_B_501,0.5375046,0,0,0.088623093,0.37249096,0.25186163,0.20492191
6cgc_F0A_A_402,0.72459197,0,0.048093281,0.088341843,0.37842911,0.24863472,0.20629246
6cgc_F0A_B_402,0.96937185,0,0.048133296,0.088003455,0.3834547,0.24198032,0.20868367
6cgn_DA_A_801,0,0.9779484,0.032175973,0.096606751,0.3733511,0.25864521,0.23154607
6cqu_HI6_A_601,0.5371995,0.6606601,0.037389815,0.093507552,0.38120086,0.24718516,0.22630337
6cqu_HI6_B_601,0.5371995,0.6606601,0.037389815,0.093507552,0.38120086,0.24718516,0.22630337
6cut_FEJ_A_401,0.53706673,0.92714295,0.033084533,0.095486946,0.38386879,0.2445476,0.23511311
6cut_FEJ_B_401,0.53706142,0.9377936,0.03291247,0.095566054,0.38397541,0.24444219,0.23546519
6cut_FEJ_C_401,0.53706426,0.93209002,0.033004612,0.095523691,0.38391831,0.24449864,0.23527665
6cwr_6LA_A_201,0.5371995,0.6606601,0.037389815,0.093507552,0.38120086,0.24718516,0.22630337
6dl7_ONC_A_301,0.53704154,0.97769207,0.032267902,0.0958624,0.38437485,0.24404731,0.23678415
6dl7_ONC_B_301,0.53704166,0.97745983,0.032271654,0.095860675,0.38437252,0.2440496,0.23677647
6dl7_ONC_C_301,0.5370466,0.96753328,0.032432019,0.095786946,0.38427315,0.24414785,0.23644832
6dl7_ONC_D_301,0.53704426,0.97222376,0.032356244,0.095821784,0.3843201,0.24410143,0.23660338
6dl7_ONC_F_301,0.53704415,0.97245093,0.032352574,0.095823471,0.38432238,0.24409918,0.23661089
6dl7_ONC_G_301,0.53703991,0.98095509,0.032215188,0.095886636,0.38440752,0.24401501,0.23689202
6dmi_5T5_A_504,0.5371995,0.6606601,0.037389815,0.093507552,0.38120086,0.24718516,0.22630337
6e2w_DP6_A_403,0.5371995,0.6606601,0.037389815,0.093507552,0.38120086,0.24718516,0.22630337
6e40_BBJ_A_502,0.96757395,0.86917614,0.034091371,0.094461309,0.39212658,0.23341902,0.23740201
6e40_BBJ_B_502,0,0.91643021,0.033169806,0.096149856,0.37273472,0.25925462,0.22951221
6e40_BBJ_D_502,0,0,0.038092593,0.092024758,9.9077512e-08,0,0.26793103
6e43_BEZ_A_502,0.5371995,0.6606601,0.037389815,0.093507552,0.38120086,0.24718516,0.22630337
6e43_BEZ_B_502,0.99747155,0.98789407,0.039422946,0.093334828,0.98653016,0.066192897,0.19088185
6e43_BEZ_C_502,0.5371995,0.6606601,0.037389815,0.093507552,0.38120086,0.24718516,0.22630337
6e43_BEZ_D_502,0.5371995,0.6606601,0.037389815,0.093507552,0.38120086,0.24718516,0.22630337
6e8i_PTR_A_201,0.5371995,0.6606601,0.037389815,0.093507552,0.38120086,0.24718516,0.22630337
6ezf_C6Z_A_1003,0.5371995,0.6606601,0.037389815,0.093507552,0.38120086,0.24718516,0.22630337
6f2b_AKG_A_402,0.5371995,0.6606601,0.037389815,0.093507552,0.38120086,0.24718516,0.22630337
6f2b_AKG_B_402,0.5371995,0.6606601,0.037389815,0.093507552,0.38120086,0.24718516,0.22630337
6f2b_AKG_C_402,0.5371995,0.6606601,0.037389815,0.093507552,0.38120086,0.24718516,0.22630337
6f2v_AMP_B_1001,0.5371995,0.6606601,0.037389815,0.093507552,0.38120086,0.24718516,0.22630337
6f3s_CKW_A_902,0.53752867,0,0.048062704,0.088600589,0.37458691,0.25372364,0.20446386
6f3s_PLP_A_901,0.5371995,0.6606601,0.037389815,0.093507552,0.38120086,0.24718516,0.22630337
6f48_XQB_A_302,0.5371995,0.6606601,0.037389815,0.093507552,0.38120086,0.24718516,0.22630337
6f66_CUT_A_300,0.99597963,0.98986534,0.032146268,0.095318398,0.39391903,0.23145124,0.24166961
6f66_CUT_B_300,0.99767746,0.98783084,0.032179413,0.095300941,0.39393351,0.23142524,0.24161894
6f6a_CU5_B_301,0.53704214,0.97649721,0.032287205,0.095853525,0.38436289,0.24405913,0.23674465
6f76_CVK_A_203,0.5371995,0.6606601,0.037389815,0.093507552,0.38120086,0.24718516,0.22630337
6f76_CVK_B_203,0.5371995,0.6606601,0.037389815,0.093507552,0.38120086,0.24718516,0.22630337
6f76_CVK_C_203,0.5371995,0.6606601,0.037389815,0.093507552,0.38120086,0.24718516,0.22630337
6f77_PLP_A_600,0.52969014,0.63310064,0.039142304,0,0.42477774,0.28648994,0
6f77_PLP_C_600,0.5371995,0.6606601,0.037389815,0.093507552,0.38120086,0.24718516,0.22630337
6f77_PLP_D_600,0.5371995,0.6606601,0.037389815,0.093507552,0.38120086,0.24718516,0.22630337
6f77_PLP_E_600,0.5371995,0.6606601,0.037389815,0.093507552,0.38120086,0.24718516,0.22630337
6f7r_CIT_A_1003,0.5371995,0.6606601,0.037389815,0.093507552,0.38120086,0.24718516,0.22630337
6fa1_D2Z_A_203,0.5371995,0.6606601,0.037389815,0.093507552,0.38120086,0.24718516,0.22630337
6fa1_D2Z_B_203,0.5371995,0.6606601,0.037389815,0.093507552,0.38120086,0.24718516,0.22630337
6fa1_D2Z_F_203,0.5292556,0.63549983,0.039077531,0.092983213,0.42392061,0.28570838,0
6fjj_LSA_A_302,0.5371995,0.6606601,0.037389815,0.093507552,0.38120086,0.24718516,0.22630337
6fld_DQ5_A_604,0.5371995,0.6606601,0.037389815,0.093507552,0.38120086,0.24718516,0.22630337
6fld_NAG_A_602,0.5371995,0.6606601,0.037389815,0.093507552,0.38120086,0.24718516,0.22630337
6fld_NAG_A_603,0.5371995,0.6606601,0.037389815,0.093507552,0.38120086,0.24718516,0.22630337
6flu_DTK_A_401,0.5371995,0.6606601,0.037389815,0.093507552,0.38120086,0.24718516,0.22630337
6flu_DTK_A_403,0.5371995,0.6606601,0.037389815,0.093507552,0.38120086,0.24718516,0.22630337
6flu_DTK_A_404,0.5371995,0.6606601,0.037389815,0.093507552,0.38120086,0.24718516,0.22630337
6flu_DTK_A_405,0.5371995,0.6606601,0.037389815,0.093507552,0.38120086,0.24718516,0.22630337
6flu_DTK_A_406,0.5371995,0.6606601,0.037389815,0.093507552,0.38120086,0.24718516,0.22630337
6flu_DTK_B_401,0.5371995,0.6606601,0.037389815,0.093507552,0.38120086,0.24718516,0.22630337
6flu_DTK_B_402,0.5371995,0.6606601,0.037389815,0.093507552,0.38120086,0.24718516,0.22630337
6flu_DTK_B_403,0.5371995,0.6606601,0.037389815,0.093507552,0.38120086,0.24718516,0.22630337
6flu_DTK_B_404,0.5371995,0.6606601,0.037389815,0.093507552,0.38120086,0.24718516,0.22630337
6flu_DTK_B_405,0.5371995,0.6606601,0.037389815,0.093507552,0.38120086,0.24718516,0.22630337
6flu_DTK_B_406,0.11624599,0,0.045886526,0.089784383,0.30114926,0.20766429,0.54816003
6fs7_E4Z_A_903,0.5371995,0.6606601,0.037389815,0.093507552,0.38120086,0.24718516,0.22630337
6fs7_E4Z_B_903,0.5371995,0.6606601,0.037389815,0.093507552,0.38120086,0.24718516,0.22630337
6fs7_E4Z_C_903,0.5292556,0.63549983,0.039077531,0.092983213,0.42392061,0.28570838,0
6fs7_E4Z_D_903,0.5371995,0.6606601,0.037389815,0.093507552,0.38120086,0.24718516,0.22630337
6fs7_E4Z_E_903,0.5371995,0.6606601,0.037389815,0.093507552,0.38120086,0.24718516,0.22630337
6fs7_E4Z_F_903,0.5371995,0.6606601,0.037389815,0.093507552,0.38120086,0.24718516,0.22630337
6fw0_E92_A_602,0.5371995,0.6606601,0.037389815,0.093507552,0.38120086,0.24718516,0.22630337
6fw0_E92_B_602,0.98620506,0.99334864,0.024593672,0.09739107,0.1411568,0,0.29377347
6g3f_FUM_A_601,0.5371995,0.6606601,0.037389815,0.093507552,0.38120086,0.24718516,0.22630337
6g5q_EMZ_B_402,0.5371995,0.6606601,0.037389815,0.093507552,0.38120086,0.24718516,0.22630337
6gck_EUB_A_302,0.5371995,0.6606601,0.037389815,0.093507552,0.38120086,0.24718516,0.22630337
6gck_EUB_C_302,0.5371995,0.6606601,0.037389815,0.093507552,0.38120086,0.24718516,0.22630337
6gck_EUB_D_302,0.5371995,0.6606601,0.037389815,0.093507552,0.38120086,0.24718516,0.22630337
6gl4_GLU_B_301,0.53752867,0,0.048062704,0.088600589,0.37458691,0.25372364,0.20446386
6gnf_GLC_B_602,0.5371995,0.6606601,0.037389815,0.093507552,0.38120086,0.24718516,0.22630337
6gpn_OGA_B_402,0.5376331,0.65825595,0.037455027,3.5804512e-05,0.38206999,0.24797743,0.22604565
6gqk_F88_A_1001,0.5371995,0.6606601,0.037389815,0.093507552,0.38120086,0.24718516,0.22630337
6gxk_FFW_A_402,0.5371995,0.6606601,0.037389815,0.093507552,0.38120086,0.24718516,0.22630337
6gxk_FFW_B_402,0.5371995,0.6606601,0.037389815,0.093507552,0.38120086,0.24718516,0.22630337
6h8p_OGA_A_504,0.5371995,0.6606601,0.037389815,0.093507552,0.38120086,0.24718516,0.22630337
6hgl_TES_A_401,0.5371995,0.6606601,0.037389815,0.093507552,0.38120086,0.24718516,0.22630337
6hl7_CP_A_401,0.5371995,0.6606601,0.037389815,0.093507552,0.38120086,0.24718516,0.22630337
6hl7_CP_C_401,0.5371995,0.6606601,0.037389815,0.093507552,0.38120086,0.24718516,0.22630337
6hl9_SIN_A_402,0.5371995,0.6606601,0.037389815,0.093507552,0.38120086,0.24718516,0.22630337
6hl9_SIN_B_402,0.5371995,0.6606601,0.037389815,0.093507552,0.38120086,0.24718516,0.22630337
6hmw_FUL_A_203,0.5371995,0.6606601,0.037389815,0.093507552,0.38120086,0.24718516,0.22630337
6hmw_FUL_B_204,0.5371995,0.6606601,0.037389815,0.093507552,0.38120086,0.24718516,0.22630337
6hmw_FUL_C_203,0.5371995,0.6606601,0.037389815,0.093507552,0.38120086,0.24718516,0.22630337
6hmw_FUL_F_202,0.5371995,0.6606601,0.037389815,0.093507552,0.38120086,0.24718516,0.22630337
6hmw_FUL_G_202,0.5371995,0.6606601,0.037389815,0.093507552,0.38120086,0.24718516,0.22630337
6hmw_FUL_H_201,0.5371995,0.6606601,0.037389815,0.093507552,0.38120086,0.24718516,0.22630337
6hmw_FUL_I_201,0.5371995,0.6606601,0.037389815,0.093507552,0.38120086,0.24718516,0.22630337
6hnz_GH5_A_301,0.5333161,0.98294524,0.0318595,0.89955221,0.37677309,0.23729933,0.23869337
6ho2_GHN_A_301,0.5371995,0.6606601,0.037389815,0.093507552,0.38120086,0.24718516,0.22630337
6ho7_GHQ_A_301,0.5371995,0.6606601,0.037389815,0.093507552,0.38120086,0.24718516,0.22630337
6hpx_GKQ_A_205,0.5371995,0.6606601,0.037389815,0.093507552,0.38120086,0.24718516,0.22630337
6hqr_3DM_A_502,0.99658488,0.9589593,0.032645657,0.095088022,0.39362179,0.23174095,0.24065374
6hsg_GM5_A_504,0.5371995,0.6606601,0.037389815,0.093507552,0.38120086,0.24718516,0.22630337
6hsg_GM5_B_504,0.5371995,0.6606601,0.037389815,0.093507552,0.38120086,0.24718516,0.22630337
6hsg_GM5_D_504,0.5371995,0.6606601,0.037389815,0.093507552,0.38120086,0.24718516,0.22630337
6i4b_E2N_A_603,0.52923244,0.63764551,0,0.093013619,0.42215457,0.28411102,0
6i4b_ORO_B_602,0.5371995,0.6606601,0.037389815,0.093507552,0.38120086,0.24718516,0.22630337
6i6r_H62_A_704,0.92511346,0.6604981,0.037455161,0.092970377,0.38916407,0.23664006,0.23008912
6ijn_6MZ_A_401,0.95466967,0.98973567,0.03214161,0.095374543,0.3930696,0.23257555,0.24126178
6ix8_B3O_A_408,0,0,0.047974831,0.089343532,0.36355246,0.2683329,0.19921405
6ix8_B3O_B_408,0.99101666,0,0.048136834,0.087973533,0.38389909,0.2413919,0.20889512
6j4t_IMP_A_401,0,0,0.047974831,0.089343532,0.36355246,0.2683329,0.19921405
6jc7_F0G_A_601,0.5371995,0.6606601,0.037389815,0.093507552,0.38120086,0.24718516,0.22630337
6jc7_F0G_B_601,0.5371995,0.6606601,0.037389815,0.093507552,0.38120086,0.24718516,0.22630337
6jc7_F0G_C_601,0.5371995,0.6606601,0.037389815,0.093507552,0.38120086,0.24718516,0.22630337
6jc7_F0G_D_601,0.5371995,0.6606601,0.037389815,0.093507552,0.38120086,0.24718516,0.22630337
6jea_NAG_A_501,0.5371995,0.6606601,0.037389815,0.093507552,0.38120086,0.24718516,0.22630337
6jk9_BU0_A_501,0.5371995,0.6606601,0.037389815,0.093507552,0.38120086,0.24718516,0.22630337
6jk9_BU0_B_501,0.5371995,0.6606601,0.037389815,0.093507552,0.38120086,0.24718516,0.22630337
6jmd_BVO_A_408,0.5371995,0.6606601,0.037389815,0.093507552,0.38120086,0.24718516,0.22630337
6jmd_ORO_A_402,0.013339302,0.86529912,0.033998015,0.095751665,0.37249627,0.2593985,0.22795208
6jme_BVU_A_409,0.5371995,0.6606601,0.037389815,0.093507552,0.38120086,0.24718516,0.22630337
6jme_ORO_A_402,0,0.85171822,0.034215235,0.09566924,0.37208633,0.25989566,0.22737277
6jq8_CIT_A_302,0.5371995,0.6606601,0.037389815,0.093507552,0.38120086,0.24718516,0.22630337
6jws_PT1_A_801,0.5371995,0.6606601,0.037389815,0.093507552,0.38120086,0.24718516,0.22630337
6jws_PT1_B_801,0.5371995,0.6606601,0.037389815,0.093507552,0.38120086,0.24718516,0.22630337
6jwy_PH2_A_802,0.5371995,0.6606601,0.037389815,0.093507552,0.38120086,0.24718516,0.22630337
6jx9_CQC_A_501,0,0.971403,0.032281715,0.096558139,0.37328552,0.25871005,0.23132967
6jyg_FLC_A_401,0.5371995,0.6606601,0.037389815,0.093507552,0.38120086,0.24718516,0.22630337
6jyg_FLC_C_401,0.5371995,0.6606601,0.037389815,0.093507552,0.38120086,0.24718516,0.22630337
6jyg_FLC_D_401,0.5371995,0.6606601,0.037389815,0.093507552,0.38120086,0.24718516,0.22630337
6jyg_FLC_E_401,0.5371995,0.6606601,0.037389815,0.093507552,0.38120086,0.24718516,0.22630337
6jyg_FLC_E_402,0.5371995,0.6606601,0.037389815,0.093507552,0.38120086,0.24718516,0.22630337
6jz4_EVA_A_701,0.5371995,0.6606601,0.037389815,0.093507552,0.38120086,0.24718516,0.22630337
6jz4_EVA_B_701,0.5371995,0.6606601,0.037389815,0.093507552,0.38120086,0.24718516,0.22630337
6jz6_CKX_B_701,0.85205996,0.96911284,0.032458,0.095363227,0.39075628,0.2355693,0.23957759
6k92_GT0_A_802,0.5371995,0.6606601,0.037389815,0.093507552,0.38120086,0.24718516,0.22630337
6k92_GT0_B_602,0.5371995,0.6606601,0.037389815,0.093507552,0.38120086,0.24718516,0.22630337
6krs_CIT_B_301,0.5371995,0.6606601,0.037389815,0.093507552,0.38120086,0.24718516,0.22630337
6krs_CIT_C_301,0.032461642,0.63094641,0.039671284,0.093501392,0.016074281,0.79297667,0.2070868
6krs_CIT_D_301,0.5371995,0.6606601,0.037389815,0.093507552,0.38120086,0.24718516,0.22630337
6krs_CIT_F_301,0.5371995,0.6606601,0.037389815,0.093507552,0.38120086,0.24718516,0.22630337
6krs_CIT_H_301,0.5371995,0.6606601,0.037389815,0.093507552,0.38120086,0.24718516,0.22630337
6krs_CIT_I_301,0.5371995,0.6606601,0.037389815,0.093507552,0.38120086,0.24718516,0.22630337
6krs_CIT_J_301,0.5371995,0.6606601,0.037389815,0.093507552,0.38120086,0.24718516,0.22630337
6kxh_DY9_B_402,0.5371995,0.6606601,0.037389815,0.093507552,0.38120086,0.24718516,0.22630337
6kxh_DY9_C_402,0.5371995,0.6606601,0.037389815,0.093507552,0.38120086,0.24718516,0.22630337
6kxh_DY9_D_402,0.5371995,0.6606601,0.037389815,0.093507552,0.38120086,0.24718516,0.22630337
6l17_E2X_A_401,0.5371995,0.6606601,0.037389815,0.093507552,0.38120086,0.24718516,0.22630337
6l59_CIT_B_403,0.53722886,0.60173941,0.038341489,0.09307001,0.38061108,0.24776815,0.224356
6l68_ALL_A_201,0.5371995,0.6606601,0.037389815,0.093507552,0.38120086,0.24718516,0.22630337
6l86_LMR_A_302,0.5371995,0.6606601,0.037389815,0.093507552,0.38120086,0.24718516,0.22630337
6l86_LMR_B_302,0.53750189,0.0055025462,0,0.088663934,0.37254859,0.25180945,0.20510325
6l86_LMR_B_303,0.5371995,0.6606601,0.037389815,0.093507552,0.38120086,0.24718516,0.22630337
6l86_LMR_C_302,0.5371995,0.6606601,0.037389815,0.093507552,0.38120086,0.24718516,0.22630337
6l86_LMR_D_302,0.5371995,0.6606601,0.037389815,0.093507552,0.38120086,0.24718516,0.22630337
6l86_MLT_A_303,0.5375046,0,0,0.088623093,0.37249096,0.25186163,0.20492191
6l8a_BAL_C_504,0.5371995,0.6606601,0.037389815,0.093507552,0.38120086,0.24718516,0.22630337
6l8a_BAL_D_507,0.5371995,0.6606601,0.037389815,0.093507552,0.38120086,0.24718516,0.22630337
6l8a_BAL_E_503,0.5371995,0.6606601,0.037389815,0.093507552,0.38120086,0.24718516,0.22630337
6lit_2OH_A_501,0.53712435,0.81148325,0.034953037,0.094627883,0.38271089,0.24569229,0.23128966
6lit_2OH_B_501,0.53752867,0,0.048062704,0.088600589,0.37458691,0.25372364,0.20446386
6lj7_EFR_A_301,0.5371995,0.6606601,0.037389815,0.093507552,0.38120086,0.24718516,0.22630337
6lql_F0C_A_702,0.5371995,0.6606601,0.037389815,0.093507552,0.38120086,0.24718516,0.22630337
6lx5_C5F_A_502,0.5371995,0.6606601,0.037389815,0.093507552,0.38120086,0.24718516,0.22630337
6lx5_C5F_A_503,0.5371995,0.6606601,0.037389815,0.093507552,0.38120086,0.24718516,0.22630337
6lx5_C5F_B_501,0.5371995,0.6606601,0.037389815,0.093507552,0.38120086,0.24718516,0.22630337
6lx5_C5F_B_502,0.5371995,0.6606601,0.037389815,0.093507552,0.38120086,0.24718516,0.22630337
6ly4_TES_A_501,0.5371995,0.6606601,0.037389815,0.093507552,0.38120086,0.24718516,0.22630337
6m5m_NAG_A_202,0.5371995,0.6606601,0.037389815,0.093507552,0.38120086,0.24718516,0.22630337
6m5m_NAG_B_202,0.5371995,0.6606601,0.037389815,0.093507552,0.38120086,0.24718516,0.22630337
6m9b_BTN_A_201,0.9921411,0.98453752,0.032231712,0.095284135,0.39378684,0.23160837,0.24145597
6m9b_BTN_B_201,0.5371995,0.6606601,0.037389815,0.093507552,0.38120086,0.24718516,0.22630337
6m9b_BTN_C_201,0.99481187,0.98202831,0.038667897,0.093525236,0.99403961,0,0.19652463
6m9b_BTN_D_201,0.5371995,0.6606601,0.037389815,0.093507552,0.38120086,0.24718516,0.22630337
6mae_JBA_A_301,0.96698926,0,0.048132906,0.088006748,0.38340579,0.24204509,0.2086604
6md2_GW9_B_501,0.53706165,0.93732375,0.03292006,0.095562564,0.38397071,0.24444684,0.23544966
6mpa_NAG_B_502,0.54403411,0,0.040224243,0.090718679,0.11053485,0.0045206156,0.25900252
6mry_FLC_A_101,0.5370492,0.96231771,0.032516278,0.095748207,0.38422093,0.24419947,0.23627591
6mry_FLC_B_101,0.53714649,0.76706195,0.035670672,0.094297944,0.38226617,0.24613194,0.22982119
6mry_FLC_C_102,0.53758353,0.76214548,0.035787928,1.7366967e-30,0.3831114,0.2469631,0.2294558
6mry_FLC_K_101,0.53736619,0.32610286,0.04279445,0.091022719,0.37785161,0.25049616,0.21524408
6mwl_K5G_B_301,0.5371995,0.6606601,0.037389815,0.093507552,0.38120086,0.24718516,0.22630337
6n0z_DP6_B_401,0.5371995,0.6606601,0.037389815,0.093507552,0.38120086,0.24718516,0.22630337
6n0z_DP6_C_401,0.5371995,0.6606601,0.037389815,0.093507552,0.38120086,0.24718516,0.22630337
6n0z_DP6_E_401,0.5371995,0.6606601,0.037389815,0.093507552,0.38120086,0.24718516,0.22630337
6n0z_DP6_F_401,0.5371995,0.6606601,0.037389815,0.093507552,0.38120086,0.24718516,0.22630337
6n9r_OHN_A_303,0.5371995,0.6606601,0.037389815,0.093507552,0.38120086,0.24718516,0.22630337
6n9r_OHN_X_305,0.53726745,0.52429221,0.039592664,0.092494771,0.37983574,0.24853466,0.22179577
6nba_P1T_A_501,0,0.66088443,0.037299325,0.094251391,0.37017387,0.26178707,0.2210612
6nba_P1T_B_501,0,0.66088443,0.037299325,0.094251391,0.37017387,0.26178707,0.2210612
6nba_P1T_D_501,0,0.66088443,0.037299325,0.094251391,0.37017387,0.26178707,0.2210612
6ncx_ADA_A_601,0.5371995,0.6606601,0.037389815,0.093507552,0.38120086,0.24718516,0.22630337
6ncx_ADA_C_601,0.5371995,0.6606601,0.037389815,0.093507552,0.38120086,0.24718516,0.22630337
6ncx_ADA_D_601,0.5371995,0.6606601,0.037389815,0.093507552,0.38120086,0.24718516,0.22630337
6ng5_KMD_A_803,0.5371995,0.6606601,0.037389815,0.093507552,0.38120086,0.24718516,0.22630337
6ng5_KMD_B_803,0.5371995,0.6606601,0.037389815,0.093507552,0.38120086,0.24718516,0.22630337
6nga_KL7_A_803,0.5371995,0.6606601,0.037389815,0.093507552,0.38120086,0.24718516,0.22630337
6ngp_KKY_A_803,0.5371995,0.6606601,0.037389815,0.093507552,0.38120086,0.24718516,0.22630337
6ngu_KMJ_A_803,0.5371995,0.6606601,0.037389815,0.093507552,0.38120086,0.24718516,0.22630337
6ngu_KMJ_B_803,0.5371995,0.6606601,0.037389815,0.093507552,0.38120086,0.24718516,0.22630337
6nh0_KND_A_803,0.54363954,0.66120404,0.029530054,0.095635901,0.11723017,0,0.28087504
6nhd_KNV_A_803,0.5371995,0.6606601,0.037389815,0.093507552,0.38120086,0.24718516,0.22630337
6nhd_KNV_B_803,0.61085218,0.66116592,0.029583113,0.095531229,0.12001076,0,0.28124399
6nig_NAG_A_604,0.53752867,0,0.048062704,0.088600589,0.37458691,0.25372364,0.20446386
6nig_NAG_A_605,0.5371995,0.6606601,0.037389815,0.093507552,0.38120086,0.24718516,0.22630337
6nig_NAG_C_802,0.53752867,0,0.048062704,0.088600589,0.37458691,0.25372364,0.20446386
6nni_CP6_A_203,0.5371995,0.6606601,0.037389815,0.093507552,0.38120086,0.24718516,0.22630337
6nsu_DYA_A_402,0.5371995,0.6606601,0.037389815,0.093507552,0.38120086,0.24718516,0.22630337
6ny7_L8J_A_303,0.5371995,0.6606601,0.037389815,0.093507552,0.38120086,0.24718516,0.22630337
6nyo_U94_A_301,0.5371995,0.6606601,0.037389815,0.093507552,0.38120086,0.24718516,0.22630337
6o04_DNA_B_601,0.0005838815,0.99467557,0.031905839,0.096730177,0.37353069,0.25846363,0.23210479
6o04_DNA_C_603,0,0.99207757,0.031947715,0.096711689,0.37349267,0.25850524,0.2320132
6o1s_7SD_E_803,0.5371995,0.6606601,0.037389815,0.093507552,0.38120086,0.24718516,0.22630337
6o2z_LJV_A_500,0.53752867,0,0.048062704,0.088600589,0.37458691,0.25372364,0.20446386
6ock_9KL_A_601,0.5371995,0.6606601,0.037389815,0.093507552,0.38120086,0.24718516,0.22630337
6ock_9KL_A_602,0.5371995,0.6606601,0.037389815,0.093507552,0.38120086,0.24718516,0.22630337
6ofr_BOG_A_802,0.5371995,0.6606601,0.037389815,0.093507552,0.38120086,0.24718516,0.22630337
6ofr_BOG_A_803,0.5371995,0.6606601,0.037389815,0.093507552,0.38120086,0.24718516,0.22630337
6ofr_BOG_A_804,0.5371995,0.6606601,0.037389815,0.093507552,0.38120086,0.24718516,0.22630337
6ofr_BOG_A_805,0.5371995,0.6606601,0.037389815,0.093507552,0.38120086,0.24718516,0.22630337
6oha_XAN_A_501,0.4364574,0.62349778,0.04240997,0.092165554,0,0.9847464,0.19330565
6ooi_PGA_A_301,0.5371995,0.6606601,0.037389815,0.093507552,0.38120086,0.24718516,0.22630337
6ooi_PGA_B_301,0.53702718,0.97005871,0,0.095822985,0.38265215,0.24266128,0.23688975
6ooi_PGA_C_302,0.5371995,0.6606601,0.037389815,0.093507552,0.38120086,0.24718516,0.22630337
6ooi_PGA_D_301,0.5371995,0.6606601,0.037389815,0.093507552,0.38120086,0.24718516,0.22630337
6ooi_PGA_E_301,0.5371995,0.6606601,0.037389815,0.093507552,0.38120086,0.24718516,0.22630337
6ooi_PGA_F_301,0.5371995,0.6606601,0.037389815,0.093507552,0.38120086,0.24718516,0.22630337
6ooi_PGA_G_301,0.5371995,0.6606601,0.037389815,0.093507552,0.38120086,0.24718516,0.22630337
6ooi_PGA_H_302,0.5371995,0.6606601,0.037389815,0.093507552,0.38120086,0.24718516,0.22630337
6p9t_O5D_A_307,1.7834601e-05,0.91543393,0.033185904,0.096142432,0.3727251,0.259264,0.22947945
6pk1_3PY_A_502,0.5371995,0.6606601,0.037389815,0.093507552,0.38120086,0.24718516,0.22630337
6pk1_PLP_B_501,0.5371995,0.6606601,0.037389815,0.093507552,0.38120086,0.24718516,0.22630337
6pmv_M16_B_803,0.5371995,0.6606601,0.037389815,0.093507552,0.38120086,0.24718516,0.22630337
6pn9_OU7_A_803,0.5371995,0.6606601,0.037389815,0.093507552,0.38120086,0.24718516,0.22630337
6pn9_OU7_B_803,0.5371995,0.6606601,0.037389815,0.093507552,0.38120086,0.24718516,0.22630337
6pna_M16_B_803,0.5371995,0.6606601,0.037389815,0.093507552,0.38120086,0.24718516,0.22630337
6png_OSG_A_803,0.5371995,0.6606601,0.037389815,0.093507552,0.38120086,0.24718516,0.22630337
6png_OSG_B_801,0.5371995,0.6606601,0.037389815,0.093507552,0.38120086,0.24718516,0.22630337
6png_OSG_B_804,0.5371995,0.6606601,0.037389815,0.093507552,0.38120086,0.24718516,0.22630337
6po9_OS7_A_803,0.5371995,0.6606601,0.037389815,0.093507552,0.38120086,0.24718516,0.22630337
6po9_OS7_B_804,0.5371995,0.6606601,0.037389815,0.093507552,0.38120086,0.24718516,0.22630337
6ps7_ZMA_A_1201,0.53704898,0.96276576,0.03250904,0.095751535,0.38422542,0.24419503,0.23629072
6pvi_OZ7_A_501,0.53752867,0,0.048062704,0.088600589,0.37458691,0.25372364,0.20446386
6q4b_HHN_A_301,0.99333107,0.98043184,0.032298234,0.095251997,0.39377014,0.23161669,0.24133186
6q4k_HHW_A_301,0.5371995,0.6606601,0.037389815,0.093507552,0.38120086,0.24718516,0.22630337
6q4k_HHW_A_302,0.5371995,0.6606601,0.037389815,0.093507552,0.38120086,0.24718516,0.22630337
6q4r_HJ5_A_1009,0.5371995,0.6606601,0.037389815,0.093507552,0.38120086,0.24718516,0.22630337
6q4r_MLT_A_1041,0,0.66088443,0.037299325,0.094251391,0.37017387,0.26178707,0.2210612
6q4y_MAN_A_402,0.53752867,0,0.048062704,0.088600589,0.37458691,0.25372364,0.20446386
6q4y_MAN_B_402,0.53752867,0,0.048062704,0.088600589,0.37458691,0.25372364,0.20446386
6qa7_HTW_A_901,0.53703522,0.99036886,0.032063106,0.095956557,0.38450176,0.24392184,0.23720321
6qa7_PLP_A_902,0.5371995,0.6606601,0.037389815,0.093507552,0.38120086,0.24718516,0.22630337
6qaw_HVE_A_402,0.53704094,0.97889613,0.03224845,0.095871343,0.3843869,0.24403539,0.23682395
6qdb_HWQ_A_1002,0.5375046,0,0,0.088623093,0.37249096,0.25186163,0.20492191
6qdb_HWQ_A_1003,0.5375046,0,0,0.088623093,0.37249096,0.25186163,0.20492191
6qdc_HXE_A_1003,0.5371995,0.6606601,0.037389815,0.093507552,0.38120086,0.24718516,0.22630337
6qdc_HXE_A_1004,0.5371995,0.6606601,0.037389815,0.093507552,0.38120086,0.24718516,0.22630337
6qde_HWW_A_502,0.5371995,0.6606601,0.037389815,0.093507552,0.38120086,0.24718516,0.22630337
6qde_HWW_A_503,0.5371995,0.6606601,0.037389815,0.093507552,0.38120086,0.24718516,0.22630337
6qni_GLC_A_402,0.5371995,0.6606601,0.037389815,0.093507552,0.38120086,0.24718516,0.22630337
6qo4_97T_B_301,0.9439596,0,0.048129142,0.088038585,0.38293296,0.24267116,0.20843543
6qol_JB5_A_301,0.99391945,0.99184126,0.03211401,0.095335921,0.39389653,0.23148767,0.24171481
6qol_JB5_B_301,0.00073635277,0.99321922,0.031929392,0.09671915,0.37351923,0.25847392,0.23205814
6qor_JBK_A_301,0.53705143,0.95783462,0.032588703,0.095714909,0.38417605,0.24424384,0.23612771
6qor_JBK_B_301,0.99780293,0.981224,0.032286168,0.095251698,0.39386989,0.23148728,0.24140173
6qot_6SD_A_301,0.5371995,0.6606601,0.037389815,0.093507552,0.38120086,0.24718516,0.22630337
6qot_6SD_B_301,0.5371995,0.6606601,0.037389815,0.093507552,0.38120086,0.24718516,0.22630337
6qqs_JCZ_A_301,0.5371995,0.6606601,0.037389815,0.093507552,0.38120086,0.24718516,0.22630337
6qqs_JCZ_B_301,0.5371995,0.6606601,0.037389815,0.093507552,0.38120086,0.24718516,0.22630337
6qrn_RIP_A_500,0.5371995,0.6606601,0.037389815,0.093507552,0.38120086,0.24718516,0.22630337
6r0i_JNB_A_901,0.53703375,0.99332085,0.032015416,0.095978483,0.38453131,0.24389263,0.2373008
6r4j_GLU_A_704,0,0,0.047974831,0.089343532,0.36355246,0.2683329,0.19921405
6r5o_BGC_A_801,0.53802577,0,0.97183073,0.088130612,0.41900921,0.29317077,0.19478825
6r5o_BGC_A_802,0.5371995,0.6606601,0.037389815,0.093507552,0.38120086,0.24718516,0.22630337
6r5o_BGC_B_801,0.5371995,0.6606601,0.037389815,0.093507552,0.38120086,0.24718516,0.22630337
6r5o_BGC_B_802,0.5371995,0.6606601,0.037389815,0.093507552,0.38120086,0.24718516,0.22630337
6r6i_H50_B_201,0.5371995,0.6606601,0.037389815,0.093507552,0.38120086,0.24718516,0.22630337
6r73_LMP_A_301,0.5371995,0.6606601,0.037389815,0.093507552,0.38120086,0.24718516,0.22630337
6r73_LMP_B_301,0.5371995,0.6606601,0.037389815,0.093507552,0.38120086,0.24718516,0.22630337
6r7w_CIT_A_406,0.5371995,0.6606601,0.037389815,0.093507552,0.38120086,0.24718516,0.22630337
6rbo_JXQ_A_302,0.77378289,0.94318625,0.032864051,0.095278882,0.38888939,0.23795412,0.23795575
6rbr_JXN_A_302,0.5371995,0.6606601,0.037389815,0.093507552,0.38120086,0.24718516,0.22630337
6rbx_JYT_A_301,0.5371995,0.6606601,0.037389815,0.093507552,0.38120086,0.24718516,0.22630337
6rgg_K3Q_A_401,0.5371995,0.6606601,0.037389815,0.093507552,0.38120086,0.24718516,0.22630337
6rgg_K3Q_A_402,0.5371995,0.6606601,0.037389815,0.093507552,0.38120086,0.24718516,0.22630337
6rgg_K3Q_A_403,0.5371995,0.6606601,0.037389815,0.093507552,0.38120086,0.24718516,0.22630337
6rgg_K3Q_B_401,0.5371995,0.6606601,0.037389815,0.093507552,0.38120086,0.24718516,0.22630337
6rgg_K3Q_B_402,0.5371995,0.6606601,0.037389815,0.093507552,0.38120086,0.24718516,0.22630337
6rgr_RM4_A_402,0.5371995,0.6606601,0.037389815,0.093507552,0.38120086,0.24718516,0.22630337
6rgr_RM4_A_403,0.5371995,0.6606601,0.037389815,0.093507552,0.38120086,0.24718516,0.22630337
6rhc_K48_A_305,0.9953123,0.96944913,0.032475985,0.09516769,0.39370077,0.23167163,0.24098811
6rlt_MLI_A_508,0.53725854,0.54215619,0.039304068,0.092627456,0.38001458,0.24835786,0.22238632
6rlt_MLI_B_511,0.53733926,0.38015543,0.041921221,0.091424194,0.37839275,0.2499612,0.21703094
6rlt_MLI_B_512,0.53712081,0.81859592,0.034838131,0.094680713,0.38278209,0.2456219,0.23152479
6rq3_OUC_A_401,0.028560803,0.9571468,0.032516694,0.096412775,0.37372906,0.25807484,0.23113735
6s23_KSW_A_403,0.20075418,0.99324105,0.031961736,0.096442804,0.37762603,0.25303617,0.2340128
6s23_KSW_B_402,0.21864376,0.97933453,0.032189322,0.096314789,0.37785398,0.2526876,0.23372779
6s39_K5Z_A_301,0.53704348,0.97379937,0.03233079,0.095833487,0.38433588,0.24408583,0.23665546
6s4h_KUQ_A_901,0.53752867,0,0.048062704,0.088600589,0.37458691,0.25372364,0.20446386
6s51_KVQ_A_901,0.53703343,0.99396802,0.032004961,0.09598329,0.38453779,0.24388622,0.23732219
6s9g_L1Q_A_305,0.5371995,0.6606601,0.037389815,0.093507552,0.38120086,0.24718516,0.22630337
6s9g_L1Q_A_306,0.5371995,0.6606601,0.037389815,0.093507552,0.38120086,0.24718516,0.22630337
6sds_L8N_A_302,0.5371995,0.6606601,0.037389815,0.093507552,0.38120086,0.24718516,0.22630337
6si4_LEK_A_402,0.5371995,0.6606601,0.037389815,0.093507552,0.38120086,0.24718516,0.22630337
6si4_LEK_B_402,0.5371995,0.6606601,0.037389815,0.093507552,0.38120086,0.24718516,0.22630337
6sj8_44V_A_901,0.5371995,0.6606601,0.037389815,0.093507552,0.38120086,0.24718516,0.22630337
6sj8_44V_B_901,0.5371995,0.6606601,0.037389815,0.093507552,0.38120086,0.24718516,0.22630337
6sjs_THH_B_901,0.9801108,0,0.058026568,0.085305012,0.72588721,0.5359044,0.14003465
6sux_BEN_A_302,0.5371995,0.6606601,0.037389815,0.093507552,0.38120086,0.24718516,0.22630337
6svu_BEN_A_302,0.5371995,0.6606601,0.037389815,0.093507552,0.38120086,0.24718516,0.22630337
6sxr_KHP_A_507,0.53706497,0.93065747,0.033027755,0.09551305,0.38390397,0.24451281,0.23522929
6sxr_KHP_A_513,0.53704731,0.96611619,0.032454913,0.09577642,0.38425896,0.24416187,0.23640148
6syz_M1E_A_601,0.99781947,0.9932638,0.032091666,0.095341095,0.39399086,0.23136756,0.24179994
6sz3_M1H_B_601,0.5370438,0.9731615,0.032341094,0.095828749,0.38432949,0.24409215,0.23663438
6szl_M3E_B_604,0.34560644,0.97528887,0.032275435,0.096109226,0.38042013,0.24927617,0.23483432
6szt_M4Q_B_601,0.5371995,0.6606601,0.037389815,0.093507552,0.38120086,0.24718516,0.22630337
6t02_M5E_A_601,0.5371995,0.6606601,0.037389815,0.093507552,0.38120086,0.24718516,0.22630337
6t07_M45_B_601,0.5371995,0.6606601,0.037389815,0.093507552,0.38120086,0.24718516,0.22630337
6t0a_M58_A_601,0.53703347,0.99388745,0.032006263,0.095982691,0.38453698,0.24388702,0.23731953
6t0a_M58_B_601,0.53752867,0,0.048062704,0.088600589,0.37458691,0.25372364,0.20446386
6t10_M6Z_A_601,0.5371995,0.6606601,0.037389815,0.093507552,0.38120086,0.24718516,0.22630337
6t5p_VD8_B_302,0.5371995,0.6606601,0.037389815,0.093507552,0.38120086,0.24718516,0.22630337
6t5p_VD8_C_302,0.5371995,0.6606601,0.037389815,0.093507552,0.38120086,0.24718516,0.22630337
6t5p_VD8_D_302,0.5371995,0.6606601,0.037389815,0.093507552,0.38120086,0.24718516,0.22630337
6t9c_MX8_A_501,0.5371995,0.6606601,0.037389815,0.093507552,0.38120086,0.24718516,0.22630337
6tbx_N0Z_A_302,0,0.63607188,0.038959812,0.093727536,0.41226021,0.29947499,0
6tbx_N0Z_D_302,0.5371995,0.6606601,0.037389815,0.093507552,0.38120086,0.24718516,0.22630337
6tfb_N6W_B_202,0.5371995,0.6606601,0.037389815,0.093507552,0.38120086,0.24718516,0.22630337
6tgi_N8Z_A_508,0.5371995,0.6606601,0.037389815,0.093507552,0.38120086,0.24718516,0.22630337
6tgi_N8Z_B_508,0.5371995,0.6606601,0.037389815,0.093507552,0.38120086,0.24718516,0.22630337
6tgl_LVP_B_201,0.98485135,0.98655078,0.032197996,0.095309165,0.39365735,0.2317866,0.24145132
6to7_SUV_A_401,0.53703815,0.9844912,0.032158061,0.095912901,0.38444292,0.24398001,0.23700891
6to7_SUV_B_401,0.53703842,0.98395451,0.032166731,0.095908914,0.38443754,0.24398533,0.23699117
6tof_NQE_A_201,0.5371995,0.6606601,0.037389815,0.093507552,0.38120086,0.24718516,0.22630337
6tog_NQH_A_201,0.97943118,0.63501895,0.039177408,0.09235516,0.43377736,0.27411277,0
6toj_NQQ_A_201,0.53763327,0.65825503,0.037455052,4.0445548e-34,0.38207032,0.24797773,0.22604555
6tol_NQW_A_201,0.53752867,0,0.048062704,0.088600589,0.37458691,0.25372364,0.20446386
6tor_PMP_B_504,0.5371995,0.6606601,0.037389815,0.093507552,0.38120086,0.24718516,0.22630337
6tot_NRK_A_401,0.5371995,0.6606601,0.037389815,0.093507552,0.38120086,0.24718516,0.22630337
6tot_NRK_B_401,0.5371995,0.6606601,0.037389815,0.093507552,0.38120086,0.24718516,0.22630337
6tt4_BMA_C_3,0,0,0.047974831,0.089343532,0.36355246,0.2683329,0.19921405
6tt4_FT8_A_709,0.5370628,0.93501598,0.032957343,0.095545423,0.38394761,0.24446968,0.23537337
6tt4_FT8_B_711,0.53705822,0.94421967,0.032808655,0.095613784,0.38403975,0.24437859,0.23567763
6u6c_P1T_B_502,0.53706188,0.93687847,0.032927254,0.095559257,0.38396625,0.24445124,0.23543494
6u6c_P1T_D_505,0.53706725,0.92609289,0.033101497,0.095479147,0.38385827,0.24455799,0.2350784
6u6c_P1T_H_504,0.53706074,0.93915945,0.032890404,0.095576199,0.38398909,0.24442867,0.23551035
6u6c_PZV_F_802,0.5371995,0.6606601,0.037389815,0.093507552,0.38120086,0.24718516,0.22630337
6ufd_Q6D_A_305,0.5371995,0.6606601,0.037389815,0.093507552,0.38120086,0.24718516,0.22630337
6uqd_QF4_A_501,0.5371995,0.6606601,0.037389815,0.093507552,0.38120086,0.24718516,0.22630337
6uqd_QF4_B_501,0.5371995,0.6606601,0.037389815,0.093507552,0.38120086,0.24718516,0.22630337
6urx_JMG_A_316,0.99728875,0.98789856,0.032178255,0.095301981,0.39392621,0.23143514,0.24161738
6uvj_QJ1_A_205,0.5371995,0.6606601,0.037389815,0.093507552,0.38120086,0.24718516,0.22630337
6uxr_K6G_B_202,0.5371995,0.6606601,0.037389815,0.093507552,0.38120086,0.24718516,0.22630337
6uzr_QM1_B_301,0.017598742,0.98665208,0.032038241,0.096647065,0.37379963,0.25808056,0.23200574
6v1e_5SW_A_301,0.5371995,0.6606601,0.037389815,0.093507552,0.38120086,0.24718516,0.22630337
6v8n_QS1_A_1704,0.53703449,0.99183913,0.032039354,0.095967477,0.38451648,0.24390729,0.23725182
6vlu_CIT_A_701,0.5371995,0.6606601,0.037389815,0.093507552,0.38120086,0.24718516,0.22630337
6vmz_NAG_A_402,0.5371995,0.6606601,0.037389815,0.093507552,0.38120086,0.24718516,0.22630337
6vmz_NAG_C_402,0.5371995,0.6606601,0.037389815,0.093507552,0.38120086,0.24718516,0.22630337
6vmz_NAG_E_402,0.5371995,0.6606601,0.037389815,0.093507552,0.38120086,0.24718516,0.22630337
6vmz_R3P_A_404,0,0.88964592,0.033602509,0.095950929,0.37246635,0.25951995,0.2286267
6vmz_R3P_C_404,1.4709773e-07,0.95983833,0.032468543,0.096472248,0.37316965,0.25882461,0.23094734
6vmz_R3P_E_403,2.4401517e-07,0.94925063,0.032639589,0.096393613,0.37306357,0.25892949,0.2305973
6vo2_R67_A_403,0.53710055,0.85925299,0.034181308,0.094982693,0.38318912,0.24521951,0.23286882
6vo2_R67_B_403,0,0.92688462,0.033000914,0.096227501,0.37283947,0.25915105,0.22985785
6vv9_RQ1_A_202,0.5371995,0.6606601,0.037389815,0.093507552,0.38120086,0.24718516,0.22630337
6vv9_RQ1_B_304,0.5371995,0.6606601,0.037389815,0.093507552,0.38120086,0.24718516,0.22630337
6wdv_TWM_A_701,0.53709587,0.86864687,0.034029548,0.095052466,0.38328317,0.24512654,0.23317936
6wdw_TWV_A_701,0.53707353,0.91347871,0.033305281,0.095385455,0.38373199,0.24468283,0.2346614
6wiw_I14_A_601,0.5371995,0.6606601,0.037389815,0.093507552,0.38120086,0.24718516,0.22630337
6wiw_I14_B_601,0.54349528,0.84863349,0.026557875,0.097010196,0.12048064,0,0.286755
6x9d_HYP_A_2002,0.97339818,0,0.048133954,0.087997889,0.38353737,0.24187087,0.20872301
6x9d_HYP_B_2002,0.96682013,0,0.048132879,0.088006982,0.38340231,0.24204969,0.20865875
6xeb_V1P_A_411,0.5371995,0.6606601,0.037389815,0.093507552,0.38120086,0.24718516,0.22630337
6xim_XLS_A_397,0.5371995,0.6606601,0.037389815,0.093507552,0.38120086,0.24718516,0.22630337
6xim_XLS_C_397,0.5371995,0.6606601,0.037389815,0.093507552,0.38120086,0.24718516,0.22630337
6xp1_T2C_A_401,0.9852694,0.98470695,0.032227851,0.095294893,0.39364746,0.2317935,0.24139445
6xu3_GAB_B_402,0.5371995,0.6606601,0.037389815,0.093507552,0.38120086,0.24718516,0.22630337
6xu3_PLG_B_401,0.5371995,0.6606601,0.037389815,0.093507552,0.38120086,0.24718516,0.22630337
6xu3_PLG_C_401,0.5371995,0.6606601,0.037389815,0.093507552,0.38120086,0.24718516,0.22630337
6xu3_PLP_D_401,0,0.98993726,0.031982292,0.096695792,0.37347123,0.25852645,0.23194244
6xzx_O5H_B_302,0.5371995,0.6606601,0.037389815,0.093507552,0.38120086,0.24718516,0.22630337
6y4f_GLU_A_202,0.5371995,0.6606601,0.037389815,0.093507552,0.38120086,0.24718516,0.22630337
6y4z_TLA_D_301,0.99618235,0,0.048137679,0.087966391,0.38400515,0.24125147,0.20894558
6yaw_P9H_A_301,0.53705391,0.95287341,0.032668852,0.095678059,0.38412638,0.24429294,0.2359637
6yaw_P9H_B_502,0.53704926,0.96220098,0.032518164,0.09574734,0.38421976,0.24420062,0.23627205
6ypv_AKG_A_302,0.5371995,0.6606601,0.037389815,0.093507552,0.38120086,0.24718516,0.22630337
6yta_IYZ_A_702,0.53707792,0.9046758,0.033447494,0.095320071,0.38364386,0.24476996,0.23437039
6zac_QDE_A_4000,0.53705643,0.9478002,0.032750811,0.095640378,0.38407559,0.24434315,0.23579599
6zi7_QR8_A_502,0.53706717,0.92625916,0.033098811,0.095480382,0.38385994,0.24455634,0.23508389
6zi7_QR8_B_502,0.53706733,0.92592633,0.033104188,0.09547791,0.38385661,0.24455964,0.23507289
6zi7_QR8_C_502,0.53706807,0.92444065,0.033128189,0.095466875,0.38384173,0.24457434,0.23502378
6zi7_QR8_D_502,0.53707941,0.90169411,0.033495664,0.095297925,0.38361401,0.24479947,0.23427183
6zi7_QR8_F_503,0.5370723,0.91595984,0.033265198,0.095403884,0.38375683,0.24465828,0.23474342
6zi7_RAM_D_503,0.53752867,0,0.048062704,0.088600589,0.37458691,0.25372364,0.20446386
6zjw_GAL_A_1101,0.5371995,0.6606601,0.037389815,0.093507552,0.38120086,0.24718516,0.22630337
6zjw_GAL_A_1102,0.53703192,0.99699921,0.031955992,0.096005804,0.38456814,0.24385622,0.2374224
6zug_QPW_H_1001,0.5371995,0.6606601,0.037389815,0.093507552,0.38120086,0.24718516,0.22630337
7a2h_QX2_A_401,0.5371995,0.6606601,0.037389815,0.093507552,0.38120086,0.24718516,0.22630337
7ak3_RH8_A_501,0.53752867,0,0.048062704,0.088600589,0.37458691,0.25372364,0.20446386
7bp1_CAQ_C_401,0.99441545,0.99556071,0.032054003,0.09536286,0.39394398,0.23143734,0.24184263
7bp1_CAQ_D_401,0.98569628,0.99593816,0.03204648,0.095377717,0.39376875,0.23167064,0.24176993
7bqu_EF2_A_501,0.78958698,0.99578968,0.03201682,0.095647719,0.38974093,0.23700338,0.23984926
7bzm_GIM_A_501,0.53710654,0.84724148,0.034375356,0.094893478,0.38306887,0.24533839,0.23247175
7bzm_GIM_B_501,0,0.8692706,0.033931674,0.095799602,0.3722622,0.25972179,0.22795307
7c7g_FJR_A_402,0.5371995,0.6606601,0.037389815,0.093507552,0.38120086,0.24718516,0.22630337
7c7g_FJR_B_402,0.5371995,0.6606601,0.037389815,0.093507552,0.38120086,0.24718516,0.22630337
7cwd_GAL_A_902,0.52927817,0.63557132,0.039072735,0.092984703,0.42379922,0.28559891,0.00064360178
7cwd_GLC_A_901,0.5371995,0.6606601,0.037389815,0.093507552,0.38120086,0.24718516,0.22630337
7est_0Z2_E_1,0.5371995,0.6606601,0.037389815,0.093507552,0.38120086,0.24718516,0.22630337
7jo3_VGS_A_302,0.5371995,0.6606601,0.037389815,0.093507552,0.38120086,0.24718516,0.22630337
7joc_ARZ_A_302,0.5371995,0.6606601,0.037389815,0.093507552,0.38120086,0.24718516,0.22630337
7kje_NRD_A_405,0.5371995,0.6606601,0.037389815,0.093507552,0.38120086,0.24718516,0.22630337
7kjg_BTM_A_406,0.5371995,0.6606601,0.037389815,0.093507552,0.38120086,0.24718516,0.22630337
8cpp_TCM_A_422,0.5371995,0.6606601,0.037389815,0.093507552,0.38120086,0.24718516,0.22630337
8icd_ICT_A_418,0.86263823,0.93969954,1.034521e-17,0.097662896,0.03138311,0,0.3035635
