PDB_CCD_ID,surfdock,unimol,diffdock,diffdock_l,gnina,autodock,smina
19gs_BSP_B_210,0.0053721136,0.98854669,0.20713699,0.28986566,0.51101662,0.12799265,0.2350195
1a49_OXL_A_533,0.98958419,0.65685811,0.20406997,0.29511503,0.50973259,0.14368264,0.22612501
1a49_OXL_D_2333,0.99569192,0.64036777,0.20394723,0.29457231,0.50715099,0.14363203,2.9561683e-05
1a49_OXL_F_4133,0.9892019,0.87115368,0.20393118,0.29734715,0.50961135,0.14200808,0.23060025
1a59_CIT_A_379,0,0.93714712,0.2071885,0.28928194,0.51105388,0.12832153,0.23395706
1a9r_HPA_A_290,0,0,0.20780103,0.27950608,0.5115866,0.13562211,0.2143902
1ac4_TMT_A_296,0,0.98176216,0.20715934,0.28974735,0.51102852,0.12797397,0.23488859
1aej_NVI_A_296,0.82686768,0.98628294,0.20439755,0.2971116,0.50978879,0.13894952,0.23332881
1aer_TIA_B_700,0,0,0.20780103,0.27950608,0.5115866,0.13562211,0.2143902
1aia_PMP_A_411,0.21621794,0.65683365,0.20665031,0.28827121,0.51088972,0.13338444,0.22767182
1aia_PMP_B_411,0.2344142,0.65683422,0.2065896,0.28843224,0.51086249,0.13362674,0.22763542
1aiq_CB3_A_266,0.93128278,0,0.20469382,0.28774717,0.51019321,0.14802329,0.21252714
1aiq_UMP_A_265,0.97899523,0.81022196,0.20400506,0.29662122,0.50966125,0.14234684,0.22934846
1aj8_CIT_A_1000,0,0.93700491,0.2071886,0.28928046,0.51105396,0.12832264,0.23395409
1aj8_CIT_B_2000,0.060059918,0.94422312,0.20698349,0.28988724,0.51095999,0.12906618,0.23398465
1amq_PMP_A_413,0,0.65682681,0.20737172,0.28635781,0.51121323,0.13050526,0.22810427
1anc_BEN_A_290,0,0.65682681,0.20737172,0.28635781,0.51121323,0.13050526,0.22810427
1anc_BEN_A_384,0.010602554,0.8829061,0.20718858,0.28880995,0.51106885,0.12888526,0.23280335
1aog_MAE_A_500,0,0,0.20780103,0.27950608,0.5115866,0.13562211,0.2143902
1aua_BOG_A_1,0,0,0.20780103,0.27950608,0.5115866,0.13562211,0.2143902
1aua_BOG_A_2,0.15718129,0,0.2072766,0.28089701,0.51135142,0.13771517,0.21407576
1axg_ETF_B_404,0.99135464,0.98447323,0.2240775,0.37622902,0.9805795,0.18943165,0.2343797
1axg_ETF_C_404,0.99069673,0.96246439,0.22160488,0.36643423,0.92264914,0.18365329,0.23374702
1axg_ETF_D_404,0.41097855,0.97108532,0.2057951,0.29327279,0.51041968,0.13352983,0.23384349
1bqp_MAN_B_401,0.97770897,0.96333196,0.22931237,0.99694475,0.99689744,0.20171499,0.99227775
1bqp_MAN_C_402,0,0.97204432,0.2071657,0.28964597,0.51103404,0.12804967,0.23468569
1c3s_SHH_A_952,0.96309139,0.90306974,0.20399743,0.29744903,0.50963227,0.14141176,0.23131886
1c9c_PP3_A_413,0,0.65682681,0.20737172,0.28635781,0.51121323,0.13050526,0.22810427
1ca7_ENO_A_501,0,0.90604403,0.20720883,0.28895749,0.51107156,0.12856383,0.23330766
1ca7_ENO_B_601,0.97789674,0.95974611,0.22443319,0.37698344,0.98746204,0.19014826,0.23391099
1ca7_ENO_C_701,0.97770249,0.63559278,0.22678068,0.38202661,0.95822014,0.96444004,0.22727608
1cdk_MYR_A_403,0.97867701,0,0.20453569,0.28816657,0.5101223,0.14865441,0.21243233
1cdk_MYR_B_403,0.9745238,0.88011681,0.20397429,0.29731076,0.50962821,0.1417428,0.23081676
1cgk_NAR_A_390,0,0,0.20780103,0.27950608,0.5115866,0.13562211,0.2143902
1cq1_BGC_A_455,0.11433033,0.96862762,0.20678647,0.29062206,0.51086492,0.12959874,0.23438563
1cq1_BGC_B_455,0.66765475,0.94477314,0.2049559,0.29526969,0.5100506,0.13715277,0.23278063
1d6u_HY1_A_2001,0.99426473,0.62849179,0.2224002,0,0.99548726,0.18764904,0.0063647831
1d6u_HY1_B_3001,0.99514332,0.99613863,0.22366733,0.37488686,0.97149502,0.18846063,0.23458835
1d7a_AIR_B_350,0.95471767,0.656857,0.2041863,0.29480648,0.50978476,0.14321836,0.22619475
1d7a_AIR_C_400,0,0.65682681,0.20737172,0.28635781,0.51121323,0.13050526,0.22810427
1d7a_AIR_D_450,0.97994517,0.6568578,0.20410213,0.29502973,0.50974701,0.14355429,0.22614429
1dai_DSD_A_225,0.89260721,0.65685504,0.20439354,0.29425684,0.50987769,0.14239129,0.22631898
1diw_GAL_A_1400,0,0.97379023,0.20716455,0.28966419,0.51103305,0.12803607,0.23472214
1dna_CB3_A_601,0,0,0.20780103,0.27950608,0.5115866,0.13562211,0.2143902
1dna_CB3_B_602,0.91066295,0.65685561,0.20433329,0.29441663,0.50985067,0.14263172,0.22628286
1dpm_EBP_A_900,0,0.74387868,0.20731483,0.28726586,0.51116374,0.12982713,0.22992178
1dpm_EBP_A_901,0.00036292408,0.9780366,0.20716057,0.28971169,0.51103009,0.12800782,0.23481008
1dpm_EBP_B_903,0,0.97920817,0.20716101,0.2897207,0.51102997,0.12799386,0.23483526
1duc_DUD_A_201,0.49790609,0,0.20613977,0.28391214,0.51084163,0.14225235,0.21339413
1dxy_COI_A_404,0.96684591,0.94556853,0.20395713,0.29792558,0.50960249,0.14113068,0.23219869
1e26_GPB_A_208,0.61697191,0.98369541,0.22417266,0.66423868,0.90321794,0.18173624,0.23509459
1e2s_CSN_P_701,0.89353797,0.29911644,0.20462425,0.29053339,0.51007965,0.14519049,0.21884796
1e48_13P_P_302,0.85673679,0,0.21877826,0.34022133,0.83234214,0.1800527,0.21364601
1e5f_PLP_B_405,0.39337695,0,0.20648853,0.28298714,0.51099803,0.14086041,0.21360324
1e7h_PLM_A_1001,0.96268238,0.97538283,0.20395153,0.29819974,0.50959177,0.14084298,0.23282952
1e8g_FCR_B_601,0.99606219,0.97599423,0.18480425,0.22539869,0.066671352,0.095850138,0.23144132
1e8m_P0H_A_724,0.97430306,0.88926204,0.20396905,0.29740421,0.50962334,0.14166862,0.23100814
1ei6_PPF_A_410,0.97993212,0.83340009,0.20398678,0.29687129,0.50964668,0.14217875,0.22983053
1ei6_PPF_D_412,0.99636031,0.88534888,0.20389801,0.29755858,0.50959257,0.14199282,0.23088231
1eow_U2G_A_130,0,0,0.20780103,0.27950608,0.5115866,0.13562211,0.2143902
1euu_GAL_A_2,0.052775123,0.74695083,0.20713673,0.28776493,0.51108303,0.13050597,0.22988034
1eyw_PEL_A_404,0.0035114931,0.96758981,0.20715689,0.28963058,0.51103132,0.12813113,0.23458566
1eyw_TEN_A_403,0.98636349,0,0.20451004,0.28823459,0.5101108,0.14875676,0.21241695
1f5f_DHT_A_253,0.98975694,0.99476085,0.22481062,0.37914296,0.99767391,0.1910833,0.23464917
1fhv_OSB_A_789,0.9865647,0.94487042,0.18199097,0.21398622,0,0.089127421,0.23060965
1fk1_DAO_A_201,0.94505784,0.97035544,0.18222735,0.21432466,0.0027017322,0.088649559,0.23123282
1fm8_DDC_A_501,1.2272612e-05,0.99245385,0.20715231,0.28985898,0.51102242,0.12789084,0.2351118
1foi_14W_A_810,0,0.99540042,0.20715043,0.28988961,0.51102076,0.12786772,0.23517334
1fp2_HMO_A_2000,0,0.92100725,0.20719905,0.28911358,0.51106305,0.12844726,0.23362008
1fqo_F6R_A_1268,0.93841667,0,0.20467001,0.2878103,0.51018254,0.14811829,0.21251287
1fqo_F6R_B_2268,0.94851056,0.94831394,0.21922881,0.35621233,0.8639032,0.17717272,0.23335891
1fs5_16G_A_1267,0.22979798,0.97451995,0.20639736,0.29170532,0.51068881,0.13109043,0.23427766
1fs5_16G_B_2267,0.017154785,0,0.20774379,0.27965789,0.51156093,0.13585054,0.21435588
1fsa_F6P_A_338,0.98133986,0.91052122,0.20393168,0.29768824,0.50960073,0.14159671,0.23143794
1fsa_F6P_B_338,0.96123392,0.97265526,0.20395815,0.29815847,0.50959549,0.14084494,0.23277547
1fuq_CIT_A_1001,0.7328087,0.65684999,0.2049267,0.29284272,0.51011678,0.1402634,0.22663859
1fuy_FIP_A_269,0,0.97591356,0.20716317,0.28968634,0.51103184,0.12801953,0.23476648
1fwn_PEP_A_1268,0,0.97246389,0.20716542,0.28965035,0.5110338,0.1280464,0.23469445
1fwn_PEP_B_2268,0.9953144,0.96362355,0.21912607,0.35699751,0.882534,0.0020669718,0.23362085
1g4s_TPS_A_2001,0.98867079,0.65685808,0.20407302,0.29510695,0.50973396,0.14367048,0.22612684
1g4s_TPS_B_2002,0,0.65682681,0.20737172,0.28635781,0.51121323,0.13050526,0.22810427
1g6n_CMP_B_622,0,0.99243928,0.20715237,0.28985872,0.51102245,0.12789079,0.23511152
1g6t_S3P_A_601,0.99198286,0.96177999,0.19997136,0.28337321,0.41918545,0.13205164,0.23221415
1g72_PQQ_C_703,7.0264733e-06,0,0.20780101,0.27950615,0.51158659,0.1356222,0.21439019
1g79_PLP_A_260,8.7059167e-05,0.90095242,0.20721187,0.28890515,0.51107432,0.12860465,0.23320117
1g79_PLP_A_270,3.2833526e-06,0.002583767,0.20779933,0.27953306,0.51158513,0.13560202,0.21444414
1g8z_GAL_D_104,0.94144543,0.97509055,0.18213037,0.21393525,0.00023796911,0.088311724,0.23133149
1g8z_GAL_F_104,0.98978258,0.97660964,0.22356876,0.37413945,0.9685009,0.18823296,0.23418227
1g8z_GAL_G_104,0.99236488,0.95916607,0.20638156,0.30796499,0.56838283,0.14737545,0.23260806
1g8z_GAL_H_104,0.96352562,0.96128231,0.18208554,0.21406272,0.00068052065,0.088760625,0.2310004
1gck_PLP_A_413,0,0,0.20780103,0.27950608,0.5115866,0.13562211,0.2143902
1gey_PPE_A_413,0,0.64685407,0.20056749,0,0.35356844,0.11427729,0.22742232
1gij_2PU_A_501,0.89587387,0.65646336,0.55704148,0.21275113,0,0.091759158,0.22481726
1gim_HDA_A_438,0,0.95115893,0.20717935,0.28942811,0.51104591,0.12821237,0.23424962
1giu_ADE_A_300,0.98646955,0.65685801,0.20408036,0.29508747,0.50973725,0.14364117,0.22613124
1gkc_NFH_A_1448,0.99085417,0.97566059,0.22417796,0.37648992,0.98274896,0.18971567,0.23420322
1gkc_NFH_B_1449,0.96347199,0.93849705,0.20397301,0.29782196,0.50961156,0.14114084,0.2320578
1gsi_TMP_A_1210,0.97981491,0,0.20453189,0.28817664,0.5101206,0.14866956,0.21243005
1gsq_GDN_A_203,0.73101184,0.95409597,0.20473841,0.2959276,0.5099505,0.13792382,0.23284853
1gxu_2HP_A_1092,0.98786244,0.62895653,0.20409395,0.29480882,0.50975103,0.14387702,0.22554605
1gz5_G6P_A_901,0.70041485,0.65684896,0.20503479,0.29255606,0.51016525,0.13983204,0.22670338
1gz5_G6P_B_901,0,0.65682681,0.20737172,0.28635781,0.51121323,0.13050526,0.22810427
1gz5_G6P_C_901,0,0.66034627,0.20537886,0.27871309,0.46505861,3.0069225e-08,0.2280411
1gz5_UDP_D_900,0,0.65722628,1.0493254e-69,0.28149838,0.48189374,0.12748497,0.22802225
1h0v_UN4_A_1299,0,0.93373407,0.20719074,0.28924634,0.51105582,0.12834812,0.2338858
1h18_DTL_A_9009,0.99448401,0,0.20448295,0.28830645,0.51009865,0.1488649,0.21240071
1h18_DTL_B_9009,0.99240068,0,0.2044899,0.28828801,0.51010177,0.14883715,0.21240488
1h18_PYR_A_1001,0,0.98341294,0.20715826,0.28976457,0.51102758,0.12796111,0.23492306
1h18_PYR_B_1001,0,0,0.20780103,0.27950608,0.5115866,0.13562211,0.2143902
1h1i_QUE_B_1356,0.99406393,0.65685825,0.20405502,0.29515467,0.50972589,0.14374229,0.22611605
1h1i_QUE_C_1358,0,0.65682681,0.20737172,0.28635781,0.51121323,0.13050526,0.22810427
1h1i_QUE_D_1357,0.99102434,0.65685815,0.20406517,0.29512777,0.50973044,0.14370182,0.22612213
1h1m_KMP_A_1360,0,0.65682681,0.20737172,0.28635781,0.51121323,0.13050526,0.22810427
1h1m_KMP_C_1358,0,0.65682681,0.20737172,0.28635781,0.51121323,0.13050526,0.22810427
1h48_C5P_A_203,0.99086604,0.65685815,0.20406569,0.29512637,0.50973067,0.14369971,0.22612245
1h48_C5P_C_901,0.97232855,0.65699623,1.2344469e-28,0.37095291,0.9799157,0.19068278,0.22754924
1h48_C5P_D_204,0.98369946,0.65685792,0.20408961,0.29506295,0.5097414,0.14360428,0.22613678
1h48_C5P_E_901,0.98758089,0.65685804,0.20407666,0.2950973,0.50973559,0.14365596,0.22612902
1h48_C5P_F_901,0.9961927,0.65685831,0.20404792,0.29517351,0.5097227,0.14377064,0.2261118
1h48_CDI_A_201,0,0.65682681,0.20737172,0.28635781,0.51121323,0.13050526,0.22810427
1h48_CDI_B_902,0.90556716,0.65685545,0.20435029,0.29437153,0.5098583,0.14256386,0.22629305
1h48_CDI_C_902,0.89463906,0.6568551,0.20438676,0.29427482,0.50987465,0.14241834,0.22631491
1h48_CDI_D_201,0,0.65682681,0.20737172,0.28635781,0.51121323,0.13050526,0.22810427
1h48_CDI_E_902,0.96100581,0.6568572,0.20416532,0.29486213,0.50977535,0.14330209,0.22618217
1h48_GPP_C_904,0.96648463,0.65685738,0.20414704,0.29491061,0.50976715,0.14337505,0.22617121
1h48_GPP_E_904,0,0.65682681,0.20737172,0.28635781,0.51121323,0.13050526,0.22810427
1h5r_G1P_A_1294,0.84403737,0.6568535,0.20455559,0.29382703,0.50995036,0.14174453,0.22641612
1h5r_G1P_C_1294,0,0.65682681,0.20737172,0.28635781,0.51121323,0.13050526,0.22810427
1h5r_G1P_D_1294,0,0.65682681,0.20737172,0.28635781,0.51121323,0.13050526,0.22810427
1h5r_THM_A_1292,0.99569826,0.6568583,0.20404957,0.29516914,0.50972344,0.14376406,0.22611278
1h5r_THM_B_1292,0.95763577,0.6568571,0.20417657,0.29483231,0.50978039,0.14325721,0.22618891
1h5r_THM_B_1293,0.98383148,0.65686056,0.20387775,0.29425224,0.50497134,0.14310143,0.22612174
1h69_ARH_C_1275,0,0,0.20780103,0.27950608,0.5115866,0.13562211,0.2143902
1h70_CIR_A_500,0,0,0.20780103,0.27950608,0.5115866,0.13562211,0.2143902
1h7q_TYD_A_1258,0.55942237,0,0.20593452,0.28445651,0.51074959,0.14307151,0.21327106
1h82_GZZ_A_590,0,0.94736517,0.20718183,0.28938853,0.51104807,0.12824193,0.23417041
1h8p_PC_A_1110,0,0.87982616,0.20722597,0.288684,0.51108646,0.12876807,0.23276025
1h8p_PC_A_1111,0.071628614,0.90533677,0.20697031,0.28958397,0.51096479,0.12952316,0.23314959
1h8p_PC_B_1110,0.98868054,0.91480008,0.1978045,0.27437217,0.36779961,0.12710234,0.23108505
1hdi_3PG_A_419,0.99369566,0.95282995,0.2038628,0.29823892,0.50955819,0.14143165,0.23229659
1hkn_N2M_C_4138,0.9783261,0.98289347,0.18199387,0.21431097,0,0.088722136,0.23142004
1hkn_N2M_D_5139,0.99528217,0.25884882,0.2043111,0.29101369,0.50995031,0.14685904,0.21780366
1ho5_ADN_B_2604,0.97807602,0.97888497,0.18199725,0.21426663,6.0170552e-09,0.088749841,0.23133684
1hot_16G_B_271,0.27312227,0.968443,0.20625678,0.29202531,0.51062744,0.13171469,0.23406411
1hsb_ALA_A_1001,0,1.1247562e-05,0.20780102,0.2795062,0.51158659,0.13562202,0.21439044
1hsb_ALA_C_1,0,0,0.20780103,0.27950608,0.5115866,0.13562211,0.2143902
1hsr_BHO_A_800,0.99664928,0.99188539,0.18192801,0.2145713,2.819143e-06,0.088898812,0.23157121
1i8a_BGC_A_189,0.068665263,0.89975852,0.20698384,0.28949955,0.51097239,0.12952716,0.23303905
1ia1_TQ3_A_194,0.99704587,0,0.2044744,0.28832912,0.51009482,0.14889901,0.21239558
1ia1_TQ3_B_196,0,0.96735884,0.20716876,0.2895971,0.5110367,0.12808617,0.23458786
1ij8_BNI_A_501,0.74154892,0.95511663,0.20470259,0.29603149,0.50993416,0.13805619,0.23284876
1ij8_BNI_B_502,0.83194396,0.95623627,0.20440026,0.29684309,0.50979827,0.13925119,0.2326913
1iki_DAL_A_500,0.63914911,0,0.20566852,0.28516202,0.5106303,0.14413317,0.21311157
1iki_REY_A_400,0.85864645,0,0.20493617,0.2871044,0.51030189,0.14705605,0.21267246
1iri_E4P_B_602,0.98966565,0.95990547,0.18199948,0.21428065,0.00065815938,0.089120042,0.23091938
1iri_E4P_C_603,0.99298605,0.96082443,0.19586051,0.26759552,0.323562,0.12226747,0.23190425
1isx_XYP_A_1461,0.032025759,0.96506034,0.20706341,0.28985652,0.51099009,0.12853054,0.2344758
1isx_XYP_B_961,0.94605276,0.97208371,0.22400701,0.3748166,0.97528673,0.18837658,0.23419554
1itw_ICT_B_744,0,0.92113103,0.20719897,0.28911487,0.51106298,0.1284463,0.23362266
1itw_ICT_C_743,0.99213665,0.65685819,0.20406145,0.29513762,0.50972877,0.14371663,0.22611991
1itw_ICT_D_743,0.98668586,0.65685801,0.20407964,0.29508938,0.50973693,0.14364405,0.22613081
1iwe_IMP_B_1443,0.97852813,0,0.20453618,0.28816525,0.51012252,0.14865242,0.21243263
1iwe_IMP_B_1452,0,0,0.20780103,0.27950608,0.5115866,0.13562211,0.2143902
1ixo_G3P_A_1001,0.86584543,0,0.20491215,0.2871681,0.51029112,0.14715191,0.21265805
1ixo_G3P_B_1002,0.83841247,0,0.20500368,0.28692534,0.51033216,0.14678661,0.21271293
1ixo_G3P_D_1004,0,0,0.20107979,2.6127101e-63,0.35596953,0.11954815,0.21386541
1j0n_CEG_A_780,0,0,0.20780103,0.27950608,0.5115866,0.13562211,0.2143902
1j0y_BGC_A_1601,0.99715808,0.97425925,0.22448103,0.37777221,0.99026507,0.19058188,0.234184
1j0y_BGC_B_2601,0.9543416,0.98244992,0.21898157,0,0.91602912,0.17645013,0.23397493
1j0y_BGC_C_3601,0.99731894,0.97767278,0.22466946,0.37854354,0.99471414,0.19101378,0.23426835
1j0y_BGC_D_4601,0.99550916,0.9816682,0.22470433,0.37868995,0.99544638,0.1910336,0.23435759
1j3i_UMP_D_711,0.98312368,0,0.20452085,0.28820592,0.51011565,0.14871362,0.21242344
1j3i_WRA_A_609,0,0.99015522,0.20715386,0.2898349,0.51102375,0.12790858,0.23506383
1j3i_WRA_B_709,0.97842315,0.99489507,0.20388626,0.29854258,0.50955713,0.14090058,0.23320543
1j3k_UMP_D_711,0.9814067,0,0.20452658,0.28819072,0.51011822,0.14869076,0.21242687
1j3k_WRA_A_609,0.97624103,0.9934278,0.2038945,0.29850796,0.50956123,0.14088295,0.23317916
1j3k_WRA_B_709,0.98990463,0.99566085,0.20384745,0.29865217,0.50953952,0.1410475,0.23319845
1j54_TMP_A_2000,0.98734221,0,0.20450677,0.28824325,0.51010933,0.1487698,0.212415
1ja9_PYQ_A_406,0,0.97089405,0.20716645,0.28963397,0.51103469,0.12805863,0.23466167
1jho_RMB_A_990,0.95681204,0,0.20460864,0.28797308,0.51015501,0.14836325,0.21247607
1jhv_NIO_A_991,0.74166281,0.99598565,0.2046755,0.29645882,0.50991075,0.13773933,0.23370185
1jhv_PCR_A_990,0.99831,0.99501148,0.18215445,0.21551735,0.0054470704,0.089455133,0.23164956
1jl0_PUT_A_401,0.045505925,0.90215522,0.20705955,0.28931961,0.51100568,0.12920009,0.23313543
1jl0_PUT_B_401,0.98213682,0.92266115,0.20392108,0.29782193,0.50959264,0.14151275,0.23168982
1jtk_THU_A_138,0,0.95567749,0.20717639,0.28947524,0.51104334,0.12817717,0.23434396
1jtk_THU_B_1138,0.98802818,0.96226708,0.20387554,0.29828722,0.50956131,0.14128266,0.23250497
1jw0_GUA_B_999,0,0.88972707,0.2072195,0.28878728,0.51108083,0.12869094,0.23296697
1jyw_147_A_2001,0.98575778,0.96233771,0.20388307,0.29826786,0.50956467,0.14125188,0.23251099
1jyx_IPT_A_2001,0,0.65682681,0.20737172,0.28635781,0.51121323,0.13050526,0.22810427
1jyx_IPT_A_2002,0.00063031565,0.65682683,0.20736962,0.28636339,0.51121228,0.13051365,0.22810301
1jyx_IPT_C_2001,0,0.65682681,0.20737172,0.28635781,0.51121323,0.13050526,0.22810427
1k5s_GRO_B_601,0,0.96654426,0.20716929,0.2895886,0.51103717,0.12809252,0.23457085
1k8z_IAG_A_501,0.99442625,0.96225639,0.18219704,0.21517288,0.0056558862,0.089678213,0.23097401
1kae_HSO_A_1001,0.97038463,0.6568575,0.20413403,0.29494513,0.50976132,0.14342698,0.22616341
1kar_HSM_A_502,0.0014684532,0,0.20779613,0.27951908,0.5115844,0.13564166,0.21438726
1kar_HSM_B_503,0.0036272461,0.97095689,0.2071543,0.28966673,0.51102923,0.12810644,0.23465573
1kbq_936_B_704,0.99325856,0.98518428,0.18152152,0.2128317,1.1322975e-06,0,0.23142637
1kbq_936_C_701,0.99192282,0.9607106,0.20386356,0.29830544,0.50955637,0.14134665,0.23246468
1kdo_C_A_5407,0.96351685,0.97707829,0.20394764,0.29822481,0.50958956,0.14084088,0.23286325
1kdo_C_B_6407,0.96329766,0.96558044,0.20395589,0.29810293,0.50959643,0.14092753,0.23262362
1kep_TDX_A_3500,0.14504393,0,0.20731709,0.2807896,0.51136958,0.13755355,0.21410004
1ki2_GA2_A_1,0.95137752,0,0.20462677,0.28792499,0.51016315,0.14829088,0.21248694
1ki2_GA2_B_2,0.98928761,0,0.20450028,0.28826046,0.51010642,0.1487957,0.2124111
1klk_PMD_A_653,0.99428941,0.65685825,0.20405427,0.29515667,0.50972555,0.1437453,0.2261156
1klz_U_A_2001,0.96733147,0,0.20457354,0.28806617,0.51013928,0.14850333,0.21245503
1km6_OMP_A_2001,0.97817557,0,0.20453736,0.28816213,0.51012305,0.14864773,0.21243333
1knu_YPA_A_1001,0.98339956,0.72652695,0,0.21035131,2.0392343e-09,0.089963199,0.22603402
1kuj_MMA_A_501,0.97735509,0.94941724,0.20391955,0.29805872,0.50958458,0.14124064,0.23225803
1kuj_MMA_C_502,0.99014569,0.94943352,0.22409116,0.37580182,0.98028587,0.18965684,0.23364958
1kuj_MMA_G_504,0,0.96582449,0.20716976,0.28958109,0.51103758,0.12809813,0.23455582
1kwc_BPY_B_401,0.99651389,0.99116452,0.18205927,0.21506316,0.0030372542,0.089213725,0.23156557
1kwu_MMA_B_601,0.017913055,0.93323504,0.20713129,0.28939965,0.5110293,0.12859054,0.23383955
1kwu_MMA_C_701,0.01853816,0.93401632,0.2071287,0.28941333,0.51102792,0.12859278,0.23385461
1kya_XYD_B_612,0.9916317,0.9752551,0.22441529,0.37741295,0.98832672,0.19030119,0.23420999
1kya_XYD_D_814,0.015163434,0.97004199,0.20711641,0.28975927,0.51101249,0.12826719,0.23461355
1l4f_150_A_990,0.99368633,0.98467331,0.18292885,0.21825738,0.022965378,0.091269447,0.23149568
1l4f_NCN_A_991,0.9681295,0.99178363,0.22483217,0.37871869,0.99647566,0.19069307,0.23462659
1l5o_2MP_A_990,0.99710042,0.99368906,0.18253464,0.21693411,0.014184438,0.09034505,0.23165068
1lc8_33P_A_800,0,0.65682681,0.20737172,0.28635781,0.51121323,0.13050526,0.22810427
1ldo_SNR_A_150,0,0.94881019,0.20718088,0.28940361,0.51104725,0.12823067,0.23420058
1ldo_SNR_B_350,0.98395114,0.97356556,0.18198131,0.21426385,0,0.08886996,0.23121404
1lfw_AEP_A_683,0,0.96861445,0.20716794,0.2896102,0.51103599,0.12807639,0.23461408
1lo3_AN1_Y_500,0.99192112,0.97975166,0.18195116,0.21440076,0,0.088929053,0.23132729
1lqp_FCN_B_4001,0,0,0.20780103,0.27950608,0.5115866,0.13562211,0.2143902
1lqp_FCN_B_4003,0,0,0.20780103,0.27950608,0.5115866,0.13562211,0.2143902
1lro_PEP_A_1268,0,0.65682681,0.20737172,0.28635781,0.51121323,0.13050526,0.22810427
1lro_PEP_B_2268,0.0035607623,0.65682692,0.20735984,0.28638932,0.5112079,0.13055268,0.22809715
1lti_GAL_D_104,0.99229857,0.92993194,0.22439226,0.37675238,0.98717018,0.19054277,0.23325881
1lti_GAL_E_104,0.99412383,0.96631519,0.21051219,0.3239586,0.66476972,0.157227,0.23304406
1lti_GAL_H_104,0.98568147,0.65685798,0.20408299,0.29508049,0.50973843,0.14363067,0.22613282
1luq_BTN_A_5100,0.99249329,0,0.20448959,0.28828883,0.51010163,0.14883839,0.21240469
1luq_BTN_B_5200,0.98717775,0.96500406,0.22418753,0.37630911,0.98253231,0.18972666,0.23398739
1lzz_IHG_B_1830,0.87990769,0.9348825,0.20425418,0.29704478,0.50973865,0.14005623,0.2321495
1m3u_KPL_A_265,0.42182256,0.84788602,0.20583944,0.2920836,0.51047349,0.13463398,0.2312495
1m3u_KPL_B_265,0.5774203,0.89648717,0.20528852,0.29396749,0.51021305,0.13632735,0.23195297
1m3u_KPL_E_265,0.99436588,0.96072578,0.2038554,0.29832722,0.5095527,0.14137906,0.23246011
1m3u_KPL_F_265,0.27282851,0.83831478,0.20634281,0.29066528,0.51070185,0.1327245,0.23134772
1m3u_KPL_G_265,0.41429981,0.85666867,0.2058588,0.29210864,0.51047975,0.13446539,0.23144792
1m3u_KPL_I_265,0.23320502,0.88935954,0.20644165,0.29084712,0.51073212,0.13179922,0.23249277
1m3u_KPL_J_265,0.99584105,0.93830312,0.20386514,0.29810637,0.50956324,0.14157338,0.23198899
1m9j_CLW_A_906,0.0010600658,0,0,0.19383232,3.6529426e-06,0.082388278,0.21282544
1ml4_PAL_A_385,0.98836746,0.96753583,0.22464675,0.37813122,0.99335002,0.19083225,0.23407046
1mmx_FUC_A_348,0.12276465,0.95600972,0.20676657,0.29056507,0.51085947,0.12980935,0.23410531
1mmx_FUC_B_348,0.084803449,0.92972479,0.22780159,0.37035679,0.99486867,0.17923891,0.99457609
1mmy_G6D_A_348,0.060535724,0.65596883,0.8109582,0.20741064,0.0026300371,0.081911063,0.2265176
1mmy_G6D_B_348,0,0.65682681,0.20737172,0.28635781,0.51121323,0.13050526,0.22810427
1mrj_ADN_A_300,0.99255623,0.98721051,0.18194432,0.2144848,0,0.088879782,0.23148176
1mrq_STR_A_501,0.98824881,0.97981706,0.18196319,0.21436829,0,0.08887923,0.23133599
1msv_PUT_A_355,0,0.91784837,0.20720112,0.28908063,0.51106485,0.12847187,0.23355412
1msv_PUT_B_355,0.93965909,0.91313909,0.20406903,0.29734671,0.5096616,0.14102128,0.23157598
1mvc_BM6_A_200,0.99246354,0.99215841,0.22473575,0.37888038,0.99609982,0.19097841,0.23458468
1n1i_HIS_C_501,0.8243796,0,0.2050505,0.28680116,0.51035316,0.14659975,0.21274101
1n3o_GYP_A_1001,0,0.94680066,0.2071822,0.28938264,0.51104839,0.12824633,0.23415862
1n3o_GYP_B_1101,0.042341654,0.96103598,0.20703162,0.28990583,0.51097695,0.12869926,0.23437114
1n5i_TMP_A_217,0.98863951,0,0.20450245,0.28825473,0.51010739,0.14878707,0.2124124
1ne4_RP1_A_401,0.9695519,0.65685747,0.20413681,0.29493776,0.50976256,0.14341589,0.22616508
1nf0_13P_A_5001,0.99053029,0.65685814,0.20406681,0.2951234,0.50973117,0.14369524,0.22612312
1nf0_13P_B_1150,0,0.65682681,0.20737172,0.28635781,0.51121323,0.13050526,0.22810427
1njr_XYL_A_285,0.9371685,0.83104973,0.204131,0.29646835,0.509712,0.14162761,0.22986701
1nme_159_B_9002,0.97329797,0.96439468,0.18202222,0.21407151,8.3719521e-07,0.088798048,0.23104383
1nmm_NAG_B_403,0.98559406,0.97401938,0.2246222,0.37806076,0.99266223,0.19067424,0.2342093
1nmm_NAG_D_527,0.97095362,0.97198781,0.22396163,0.37518049,0.97613541,0.18879874,0.23414636
1nmz_NYM_A_301,0.97243404,0,0.20455652,0.28811132,0.51013164,0.14857127,0.21244482
1now_IFG_A_557,0.93767286,0.98300879,0.20402999,0.29805798,0.50962486,0.14045054,0.23303878
1now_IFG_B_558,0.98726233,0.98739446,0.22459915,0.37818146,0.99245148,0.19057139,0.23448461
1ns4_BGC_A_1400,0.071644719,0,0.20756199,0.28014008,0.5114794,0.13657615,0.21424687
1ns4_BGC_B_2400,0,0.77234344,0.22640867,0.36112509,0.95373104,0.17509687,0.95397826
1nsm_GAL_A_1400,0.018743792,0.6408578,0.20721007,0.28594587,0.50869451,0.13062715,0.0082771604
1nsm_GLA_B_2400,0.019248487,0.93132093,0.20712809,0.2893915,0.51102839,0.12862323,0.23379691
1nuw_F6P_A_2336,0,0.94570488,0.20718291,0.28937121,0.51104901,0.12825486,0.23413574
1nux_F6P_A_2339,0.9712401,0.96440473,0.20393016,0.29816095,0.50958521,0.14104245,0.23258319
1o28_UFP_B_708,0,0,0.20780103,0.27950608,0.5115866,0.13562211,0.2143902
1o28_UFP_C_713,0,0,0.20780103,0.27950608,0.5115866,0.13562211,0.2143902
1o28_UFP_D_718,9.5050001e-05,0,0.20780071,0.27950692,0.51158646,0.13562337,0.21439001
1o29_UFP_A_803,0.00012005399,0,0.20780063,0.27950715,0.51158642,0.13562371,0.21438996
1o29_UFP_C_813,0.0001942159,0,0.20780038,0.2795078,0.51158631,0.13562469,0.21438981
1o2i_655_A_246,0.99334405,0,0.20448675,0.28829636,0.51010036,0.14884972,0.21240299
1o68_KIV_B_275,0.9921679,0.65685819,0.20406135,0.29513789,0.50972872,0.14371705,0.22611985
1o68_KIV_D_275,0.92939119,0.6568562,0.20427081,0.29458236,0.50982265,0.14288111,0.2262454
1o68_KIV_E_275,0.9968964,0.65685834,0.20404557,0.29517974,0.50972165,0.14378001,0.22611039
1o6g_SIN_A_724,0.96743382,0.91780026,0.20397332,0.29764112,0.5096174,0.14135483,0.23161774
1o8a_NXA_A_702,0.98983562,0,0.20449845,0.28826531,0.5101056,0.148803,0.21241001
1okm_SAB_A_555,0.99019112,0.98194388,0.22382739,0.37521055,0.97463114,0.18882569,0.23431129
1om5_INE_A_790,0.00020521086,0.65682682,0.20737104,0.28635963,0.51121292,0.13050799,0.22810386
1om5_INE_B_791,0.17961588,0.65683249,0.20677243,0.2879473,0.51094448,0.13289704,0.22774502
1opr_ORO_A_220,0.99831537,0,0.20447016,0.28834035,0.51009292,0.14891592,0.21239304
1ov5_2LP_A_403,0.99352793,0.99478198,0.2246741,0.37870064,0.99478527,0.19083759,0.23463338
1ovk_NYL_A_405,0.95630158,0.65685705,0.20418102,0.2948205,0.50978239,0.14323945,0.22619158
1owz_4FA_A_409,0.98487937,0.97461893,0.22450559,0.37760522,0.98990214,0.19037698,0.23421494
1oxp_IK2_A_411,0.96819645,0.94966152,0.20394995,0.29798023,0.50959815,0.14111678,0.23228145
1p1w_AMQ_A_428,0.99363753,0,0.20448577,0.28829895,0.51009992,0.14885363,0.2124024
1p1w_AMQ_B_427,0.99633263,0,0.20447678,0.2883228,0.51009588,0.14888951,0.21239701
1p2s_ETF_A_400,0,0.7009665,0.20734287,0.28681822,0.51118813,0.13016143,0.22902581
1p7c_THM_B_501,0.98834238,0.65685807,0.20407411,0.29510404,0.50973445,0.14366611,0.2261275
1p7l_MET_A_485,0.98409624,0,0.2045176,0.28821452,0.51011419,0.14872657,0.21242149
1p7l_MET_B_385,0.97969341,0,0.20453229,0.28817556,0.51012078,0.14866794,0.2124303
1p7l_PPK_C_684,0.98636298,0,0.20451004,0.28823458,0.5101108,0.14875676,0.21241696
1p7l_PPK_D_884,0.0071423959,0.8086712,0.20724865,0.28800495,0.51111622,0.12941749,0.2312603
1pfw_MF3_A_553,0.98994574,0.65685812,0.20406876,0.29511823,0.50973205,0.14368746,0.22612429
1pi3_TZD_A_530,0.88033853,0,0.20486379,0.28729635,0.51026943,0.14734491,0.21262906
1pke_2FD_A_446,0,0,0.20780103,0.27950608,0.5115866,0.13562211,0.2143902
1pke_2FD_B_447,0,0,0.20780103,0.27950608,0.5115866,0.13562211,0.2143902
1pke_2FD_C_448,0.99291476,0,0.20448818,0.28829256,0.510101,0.148844,0.21240385
1pl6_572_A_405,0.66601137,0.95325612,0.20495584,0.29534364,0.51004823,0.1370648,0.23296103
1pl6_572_B_407,0.62174352,0.94468091,0.20510914,0.29486245,0.51011934,0.13654213,0.23287055
1pl6_572_C_409,0,0.958854,0.20717432,0.28950838,0.51104154,0.12815243,0.23441029
1poc_GEL_A_420,0.78301201,0.95165088,0.20456651,0.29636225,0.50987409,0.13863532,0.23269345
1pr0_NOS_A_1245,0,0,0.20780103,0.27950608,0.5115866,0.13562211,0.2143902
1pr0_NOS_B_1246,0,0,0.20780103,0.27950608,0.5115866,0.13562211,0.2143902
1pr0_NOS_C_1247,0.97562186,0,0.20454588,0.28813953,0.51012687,0.14861372,0.21243844
1pr6_XYA_A_1245,0.98852205,0,0.20450284,0.28825369,0.51010757,0.14878551,0.21241264
1pr6_XYA_C_1247,0.95218787,0,0.20462407,0.28793216,0.51016193,0.14830167,0.21248532
1pvc_ILE_0_7,0,0,0.2076938,0.27904517,0.50907434,0.13540356,0
1pwz_RSO_A_256,0.99704689,0.95304311,0.20385148,0.2982708,0.50955306,0.14147461,0.23229434
1pym_OXL_A_1001,0.99587261,0.87602299,0.20390574,0.29745698,0.5095986,0.14205898,0.23068857
1pzy_NAG_B_405,0.96747266,0.96923682,0.20393957,0.29817802,0.5095881,0.14095464,0.23269161
1pzy_NAG_D_406,0.98454775,0.92616841,0.20391075,0.29787985,0.50958704,0.14151753,0.23175822
1q20_PLO_A_401,4.5957738e-07,0.98976784,0.20704159,0.28934577,0.50838696,0.12768342,0
1q3a_NGH_A_480,0.99064438,0.85950608,0.20393398,0.29723841,0.50961581,0.14211803,0.23035417
1q3a_NGH_B_479,0.96675714,0.95346286,0.20395227,0.29800714,0.50959814,0.141068,0.2323637
1q4g_BFL_A_701,0.98606175,0.9863461,0.2288032,0.99524403,0.98892805,0.20070531,0
1q4g_BFL_B_1701,0.9911122,0.65685815,0.20406487,0.29512855,0.5097303,0.14370299,0.22612196
1q6r_LX1_A_7301,0.99215021,0,0.20449073,0.28828579,0.51010214,0.14883382,0.21240538
1q6r_LX1_B_9301,0.98713275,0,0.20450747,0.28824139,0.51010965,0.14876701,0.21241542
1q92_DRM_A_1001,0.98807652,0,0.20450432,0.28824974,0.51010824,0.14877957,0.21241353
1qit_MAE_A_411,0,0.85142394,0.20724453,0.28838772,0.51110261,0.12898933,0.23216723
1qmh_CIT_A_401,0,0.88300113,0.20722389,0.28871712,0.51108466,0.12874334,0.23282654
1r4f_AD3_B_330,0,0.65682681,0.20737172,0.28635781,0.51121323,0.13050526,0.22810427
1r4s_MUA_A_800,0.082806303,0.97175427,0.2068896,0.29037572,0.51091031,0.1291546,0.23451398
1rf2_BV4_E_105,0,0.92698486,0.20719515,0.28917594,0.51105965,0.1284007,0.23374488
1rf2_BV4_H_108,0.022685385,0.95181606,0.20710323,0.28963571,0.5110116,0.12850934,0.23421796
1rnd_DGP_A_126,0,0,0.20780103,0.27950608,0.5115866,0.13562211,0.2143902
1rum_BEZ_H_1601,0.98712959,0.9750919,0.18224458,0.21536351,0.0063939891,0.089556444,0.23125882
1rvt_NDG_H_742,0,0,0.20780103,0.27950608,0.5115866,0.13562211,0.2143902
1rvz_NAG_A_3321,2.3336708e-05,0,0.20780095,0.27950629,0.51158656,0.13562242,0.21439016
1rvz_NAG_F_3331,8.6951221e-05,0.00015058308,0.20780064,0.27950842,0.51158638,0.13562209,0.21439317
1s1f_PIM_A_431,0,0,0.20780103,0.27950608,0.5115866,0.13562211,0.2143902
1s3u_TQD_A_187,0.5475266,0.65684413,0.2055449,0.29120309,0.51039401,0.13779617,0.22700917
1s3v_TQD_A_187,0.87342551,0.65685443,0.20445754,0.2940871,0.50990639,0.14213586,0.22635734
1s5s_PG3_A_1,0.97213715,0.64595474,0.21927675,0.35311049,0.82229427,0.56609449,0.22698533
1s6h_4BZ_A_1,0.99692146,0.97821881,0.22362294,0.37452299,0.97033242,0.18850416,0.23420713
1s83_4HA_A_5,0.97650847,0.96651693,0.22418749,0.37609744,0.9817371,0.18949012,0.2340379
1sep_BIO_A_801,0,0,0.20780103,0.27950608,0.5115866,0.13562211,0.2143902
1sff_IK2_B_450,0,0.65682681,0.20737172,0.28635781,0.51121323,0.13050526,0.22810427
1sff_IK2_C_450,0.98606622,0.65685799,0.20408171,0.2950839,0.50973785,0.1436358,0.22613205
1sjc_SMG_A_1000,0.93247286,0.93730527,0.20407722,0.29753521,0.50965862,0.14073733,0.23209493
1sjc_SMG_B_1100,0.97844694,0.93954584,0.20392236,0.29796541,0.50958856,0.14133208,0.23204974
1sjc_SMG_D_1300,0,0.95002002,0.20718009,0.28941623,0.51104656,0.12822125,0.23422584
1sqk_LAR_A_378,0,0,0.20780103,0.27950608,0.5115866,0.13562211,0.2143902
1syf_THP_A_180,0,0.64685407,0.20056749,1.1521938e-10,0.35356844,0.11427729,0.22742232
1sz6_NAG_A_5003,0,0,0.20780103,0.27950608,0.5115866,0.13562211,0.2143902
1sz6_NAG_B_5002,0,0.96908857,0.20716763,0.28961514,0.51103572,0.1280727,0.23462398
1sz6_NAG_B_5004,6.220312e-05,0,0.20780082,0.27950663,0.51158651,0.13562294,0.21439008
1t87_CAM_B_2422,0.081808415,0.97759823,0.20688911,0.29042785,0.51090848,0.12909579,0.23463799
1t93_FLV_A_431,0.99121425,0.97238069,0.18195842,0.21431795,5.7515578e-06,0.088977269,0.23117481
1t93_FLV_A_432,0.99533845,0.9833779,0.18197182,0.21460109,0.00079637273,0.089028504,0.23139858
1tc2_7HP_A_800,0.99734029,0,0.20447342,0.28833172,0.51009438,0.14890293,0.21239499
1tc2_7HP_B_810,0.99836053,0,0.20447001,0.28834075,0.51009285,0.14891652,0.21239295
1thc_FL9_A_130,3.6158123e-07,0.92919813,0.2071937,0.28919903,0.5110584,0.12838346,0.23379109
1thc_FL9_A_131,0.0034077821,0.9819991,0.20714782,0.28977997,0.51102328,0.1280175,0.23488672
1thc_FL9_B_130,0,0.94444694,0.20521314,0.2817668,0.46537523,0.00018364857,0.23399504
1thc_FL9_B_131,0.030091695,0.98618795,0.20705605,0.2900598,0.51098098,0.1283402,0.2349208
1tiw_TFB_A_2002,0.62811862,0.97161368,0.20507027,0.29519981,0.51009449,0.13641721,0.23342013
1tkh_DPN_A_913,0,0,0.20780103,0.27950608,0.5115866,0.13562211,0.2143902
1tkj_MED_A_913,0.83885921,0,0.20500219,0.28692929,0.5103315,0.14679256,0.21271204
1tl2_NDG_A_237,0.98017459,0.65685781,0.20410137,0.29503176,0.50974667,0.14355734,0.22614383
1tl2_NDG_A_238,0.00028478674,0.65682682,0.20737077,0.28636033,0.5112128,0.13050905,0.2281037
1tl2_NDG_A_239,0.97786416,0.65685774,0.20410908,0.29501131,0.50975013,0.14352658,0.22614845
1tl2_NDG_A_240,0.90898353,0.95031599,0.20414708,0.29746307,0.50968637,0.14032319,0.23241357
1tl2_NDG_A_241,0.98446654,0.65685794,0.20408705,0.29506974,0.50974025,0.14361449,0.22613525
1toq_AMG_A_501,0.99549451,0.95893793,0.20385281,0.29831856,0.50955203,0.14140802,0.23242052
1toq_AMG_E_503,0,0.9581768,0.20717476,0.28950131,0.51104192,0.1281577,0.23439615
1toq_AMG_G_504,0.9657646,0.94595247,0.20396049,0.29792002,0.50960389,0.14111329,0.23220887
1tsd_UMP_A_267,0.96169717,0.65685722,0.20416302,0.29486825,0.50977432,0.1433113,0.22618079
1tsd_UMP_B_265,0.97418974,0.65685762,0.20412133,0.2949788,0.50975562,0.14347765,0.2261558
1tt6_DES_A_129,0.33418096,0,0.20668604,0.28246331,0.5110866,0.14007214,0.21372166
1tuu_PIS_B_2854,0.0094804323,0.89805393,0.20718242,0.28895804,0.51106192,0.12875232,0.23312186
1tvw_CB3_A_318,0.18547571,0,0.20718219,0.28114739,0.51130909,0.13809195,0.21401915
1tvw_UMP_A_317,0.99132926,0,0.20449347,0.28827853,0.51010337,0.14882289,0.21240702
1u18_HSM_A_401,0.88445605,0,0.20485005,0.28733279,0.51026327,0.14739974,0.21262082
1u1g_BBB_B_4300,0,0.95564832,0.20717641,0.28947494,0.51104336,0.1281774,0.23434335
1u1g_BBB_C_5300,0,0.98152727,0.2071595,0.2897449,0.51102865,0.1279758,0.23488368
1u1g_BBB_D_6300,0,0.95308125,0.20717809,0.28944816,0.51104482,0.1281974,0.23428976
1u1g_BBB_F_8300,0,0,0.20780103,0.27950608,0.5115866,0.13562211,0.2143902
1u2o_NEC_A_1001,0.98248375,0.9842777,0.21936051,0.35791947,0.87010244,0.17798593,0.23406067
1u2o_NEC_B_1002,0,0.98398553,0.20715789,0.28977054,0.51102725,0.12795665,0.23493501
1u6r_IOM_B_1601,0.9270924,0.97355557,0.20407147,0.29786574,0.50964606,0.14038329,0.23286257
1uay_ADN_A_1001,0.96927504,0.97851728,0.20392749,0.29829078,0.50958013,0.14090635,0.23288178
1uay_ADN_B_1002,0.99461596,0.95467063,0.20385853,0.29826627,0.50955577,0.14142956,0.23233318
1ubs_SER_B_398,0.96313177,0.94124263,0.21849491,0.35361914,0.84783539,0.17577631,0.23313368
1uk7_BUA_A_1300,0.99759868,0.97235082,0.2207136,0.36328887,0.90257817,0.18161133,0.23387923
1um4_SH4_H_1001,0.95339115,0.98374385,0.20397707,0.29820474,0.50960092,0.14065412,0.23302268
1uqx_MMA_A_1116,0.90406872,0.92333776,0.20418111,0.29713815,0.50970906,0.1404679,0.23186012
1uux_PPI_A_1165,0.99515914,0.93079883,0.1819895,0.21398464,0.00041528366,0.089394463,0.23029992
1uxi_FUM_A_1311,0,0.91529939,0.20720278,0.28905404,0.5110663,0.12849173,0.2335009
1uxi_FUM_B_1311,0.78912487,0.91581464,0.20456954,0.29604252,0.50988531,0.13899589,0.23193299
1uxq_G1P_A_1503,0.95994683,0.65685717,0.20416886,0.29485276,0.50977693,0.14328799,0.22618429
1v03_BGC_A_1498,0.91451413,0,0.20474976,0.28759878,0.5102183,0.1478,0.21256069
1v5g_HTL_A_1602,0.17612155,0,0.2072134,0.28106461,0.51132309,0.13796738,0.21403787
1v5y_4HC_A_1455,0.99504592,0.98753036,0.18193594,0.21451067,1.7080079e-07,0.088910756,0.23148347
1v5y_4HC_B_1201,0.0021852445,0.98407117,0.20715054,0.28979077,0.51102393,0.12798508,0.23493243
1vje_MSE_A_401,0.93868149,0.89802039,0.20408218,0.29718035,0.50967166,0.14112604,0.23126227
1vkf_CIT_A_501,0,0.86734174,0.20723413,0.28855377,0.51109356,0.12886533,0.23249958
1vkf_CIT_D_503,0.7903452,0.90373428,0.20457337,0.2959273,0.50989035,0.13910625,0.23167832
1vl1_CIT_A_300,0.86706107,0.9080658,0.20431457,0.29665136,0.50977311,0.14009407,0.23161529
1vzd_UFP_A_317,0.98543516,0,0.20451314,0.28822637,0.51011219,0.1487444,0.21241881
1vzu_UDP_A_1371,0,0.94178014,0.20718548,0.28933027,0.51105124,0.12828544,0.2340538
1vzu_UDP_B_2371,0.97566077,0.65685767,0.20411643,0.29499182,0.50975342,0.14349724,0.22615286
1w1a_NDG_1_1261,0,0.91813182,0.20720093,0.28908359,0.51106469,0.12846966,0.23356004
1w1a_NDG_2_1261,0.89520071,0.90850903,0.2042204,0.29690499,0.50973076,0.14046534,0.23156825
1w3t_3GR_B_1297,0.97220018,0.79823146,0.20403557,0.29643601,0.50967824,0.14234976,0.22911171
1w3t_3GR_C_1297,0.57352286,0,0.20588748,0.28458129,0.51072849,0.14325928,0.21324285
1w55_C_A_1372,1.4510704e-05,0.65682681,0.20737167,0.28635794,0.5112132,0.13050545,0.22810424
1w55_C_A_1373,0.9813245,0.9810874,0.22310098,0.37221774,0.95703139,0.18690861,0.23425812
1w55_GPP_A_1374,0,0.64854671,0.18391927,0,8.7802426e-08,0.074541832,0.2262888
1w62_PYC_A_700,0,0,0.20780103,0.27950608,0.5115866,0.13562211,0.2143902
1w78_PD8_A_1421,0,0,0.20780103,0.27950608,0.5115866,0.13562211,0.2143902
1wc7_PP3_A_1214,0,0.92140223,0.2071988,0.2891177,0.51106283,0.12844419,0.23362832
1wmz_NGA_C_503,0,0.96623915,0.20716949,0.28958542,0.51103734,0.1280949,0.23456448
1wq4_TYR_A_501,0.98465747,0,0.22573381,0.99658159,0.89852906,0.19945724,0.21403833
1x09_IPE_A_901,0.98596716,0.85467088,0.20395274,0.29714659,0.50962555,0.14209341,0.23026257
1x09_IPE_A_902,0.90629933,0.88982967,0.20419557,0.29680835,0.50972477,0.14075864,0.23115604
1x29_PMG_B_1413,0,0.65682681,0.20737172,0.28635781,0.51121323,0.13050526,0.22810427
1x2a_PDG_A_413,0.8805022,0.65685466,0.20443392,0.29414972,0.5098958,0.1422301,0.22634319
1x7j_GEN_B_202,0,0.99376865,0.2071515,0.28987259,0.51102169,0.12788044,0.23513927
1x8x_TYR_A_952,0.99166536,0.95203449,0.18196996,0.21410873,7.4857321e-06,0.089141171,0.23074908
1xc7_GL6_A_998,0.95675401,0.97966028,0.21675197,0.34741685,0.80567889,0.17114082,0.81519252
1xdj_HCS_A_1049,0.99616954,0.98594286,0.21518786,0.3422131,0.7740503,0.1683078,0.23377887
1xid_ASC_A_389,0.9912334,0.89814863,0.18205224,0.21371799,0.0010913964,0.089664082,0.22962805
1xin_XYL_A_397,0.77721827,0.65685139,0.20477853,0.29323572,0.51005034,0.14085476,0.22654976
1xin_XYL_B_397,0.98988845,0.65685812,0.20406896,0.29511772,0.50973214,0.14368669,0.2261244
1xin_XYL_C_397,0.98328384,0.65685791,0.20409099,0.29505928,0.50974202,0.14359875,0.22613761
1xin_XYL_D_397,0.98686733,0.65685802,0.20407904,0.29509099,0.50973666,0.14364646,0.22613045
1xl0_OX2_A_998,0.99585109,0.99262944,0.22394756,0.37593294,0.97801986,0.18916637,0.23453331
1xny_BTN_A_5602,0.96277469,0.88526479,0.20401013,0.29726049,0.50964286,0.14154624,0.23094775
1xuz_PEP_A_2001,0.9135682,0.84420816,0.20420114,0.29639677,0.50973983,0.14121084,0.23018896
1y2x_NAG_A_144,0,0.88494877,0.20722262,0.28873744,0.51108355,0.12872817,0.23286721
1y2x_NAG_B_1144,0,0.96207865,0.20717221,0.28954202,0.51103971,0.12812731,0.23447761
1y2x_NAG_C_2144,0.96157168,0.89133688,0.20401017,0.29731319,0.50964121,0.14148292,0.23107693
1y2x_NAG_D_3144,0.96231023,0.96230572,0.22461985,0.37739578,0.99065152,0.19024615,0.23400517
1y42_TYR_X_701,0.85924668,0.84976395,0.20437875,0.29597403,0.50981794,0.1404442,0.23041363
1y5v_NE8_A_500,0,0,0.20780103,0.27950608,0.5115866,0.13562211,0.2143902
1y5x_E89_A_500,0,0,0.20780103,0.27950608,0.5115866,0.13562211,0.2143902
1y5x_E89_D_1500,0,0,0.20780103,0.27950608,0.5115866,0.13562211,0.2143902
1y8j_STS_A_900,0.87107372,0.65685436,0.20446538,0.29406628,0.50990991,0.14210455,0.22636204
1yee_PNB_H_551,0.98948095,0.98016125,0.203859,0.29848673,0.50954896,0.14116261,0.23287568
1yik_MM1_A_501,0.34175622,0.66515264,0.20622602,0.28946889,0.51069716,0.13499133,0.22759435
1yw9_A84_A_482,0,0.96938546,0.20716743,0.28961824,0.51103555,0.12807039,0.23463017
1z11_8MO_C_501,0.98998631,0.94893196,0.18198775,0.21410051,0.00024697782,0.089167222,0.23068837
1z4k_T3P_A_4341,0.99006705,0.64838691,0.1806094,1.5070803e-06,3.6264113e-07,0.087709841,0.22430424
1z6k_OAA_A_274,0,0.95013558,0.20718002,0.28941743,0.51104649,0.12822035,0.23422825
1zb6_DIN_A_401,0.99759157,0.98006294,0.18193742,0.21447488,0.00011901319,0.089014994,0.23132282
1zb6_GST_A_502,0,0.91291662,0.20720434,0.28902918,0.51106765,0.12851029,0.23345115
1zdq_MSM_A_1507,0.93784982,0.99225512,0.20402336,0.298156,0.50961934,0.14038086,0.23323148
1zdq_MSM_B_1508,0.95106816,0.98801844,0.20398203,0.29822878,0.50960197,0.14058988,0.23311658
1zei_CRS_C_56,0.99600051,0.99193138,0.21751034,2.3886776e-21,0.88448169,0.17376661,0.23399741
1zei_CRS_D_54,0.036488016,0.96964612,0.20704552,0.28994385,0.51098081,0.12855424,0.23456262
1zei_CRS_E_54,0.99604346,0.98713007,0.22436525,0.37747002,0.98767554,0.19020164,0.23444717
1zei_CRS_E_55,0.99500818,0.99499985,0.18193172,0.21459033,9.8062974e-06,0.088853355,0.23163954
1zei_CRS_F_54,0.99545588,0.99076024,0.21775383,0.35211417,0.83379369,0.17438687,0.23406078
1zei_CRS_F_55,0.24575348,0.98633146,0.2063364,0.29196973,0.51065822,0.13121089,0.23449236
1zfj_IMP_A_500,0.98325547,0,0.20452041,0.28820708,0.51011545,0.14871538,0.21242317
1zg3_2HI_A_365,0.80538256,0.98039737,0.20447309,0.29686008,0.50982428,0.13870927,0.2332489
1zha_PEP_A_1268,0.99620821,0.65685832,0.20404787,0.29517365,0.50972268,0.14377085,0.22611176
1zha_PEP_B_2268,0,0.65682681,0.20737172,0.28635781,0.51121323,0.13050526,0.22810427
1zha_R5P_A_1269,0.51672359,0,0.20607699,0.28407866,0.51081348,0.14250292,0.21335648
1zjp_DR4_A_1,0.92249257,0.65685598,0.20429382,0.29452131,0.50983297,0.14278924,0.2262592
1zk0_SS2_A_1260,0.78316205,0.96934391,0.20455445,0.29654814,0.50986381,0.13849948,0.23306257
1zmt_RNO_A_1002,0,0.93791651,0.207188,0.28928997,0.51105344,0.12831554,0.23397313
1zmt_RNO_B_1001,0.98887301,0.96317512,0.20387213,0.29830416,0.50955953,0.14128684,0.23252224
1zmt_RNO_C_1003,0.00013013306,0,0.2078006,0.27950723,0.5115864,0.13562384,0.21438994
1zmt_RNO_D_1004,0,0.95191147,0.20717885,0.28943596,0.51104549,0.12820651,0.23426533
1zng_HE4_A_202,0.98427394,0.96792676,0.20388437,0.29831303,0.50956371,0.14118858,0.23263065
1zoy_UQ1_B_1201,0.99492405,0.96770075,0.18194972,0.21430434,1.7945595e-05,0.089064605,0.23106972
1zpd_CIT_A_610,0,0.91406054,0.20720359,0.28904112,0.511067,0.12850138,0.23347504
1zpd_CIT_B_610,0,0.91502785,0.20720296,0.28905121,0.51106645,0.12849384,0.23349523
1zpd_CIT_E_610,0.98209188,0.96266732,0.20389509,0.29823886,0.50956996,0.14120049,0.2325252
1zpd_CIT_F_610,0.89851557,0.93843822,0.20418977,0.29724653,0.50970878,0.14027632,0.23218652
1zuw_DGL_A_1301,0.0022358184,0.98705009,0.20714843,0.28982229,0.51102217,0.12796255,0.23499452
1zuw_DGL_B_2301,0.0010481364,0.98594309,0.20715311,0.28980023,0.51102457,0.12795536,0.23497379
1zuw_DGL_C_3301,0,0.98853667,0.20715492,0.28981801,0.51102467,0.12792119,0.23503004
1zwp_NIM_A_401,0.9545907,0.94488591,0.18210656,0.21373769,0.00024279211,0.08872281,0.23067457
227l_BNZ_A_169,0.99736557,0.99278316,0.18192597,0.21459064,2.3666409e-05,0.088903612,0.23158859
2a15_NCA_A_1001,0.94465878,0.98346168,0.20400639,0.29812452,0.50961415,0.14054003,0.23303426
2a1m_CAM_A_1422,0.50253516,0.9879787,0.20547858,0.29425921,0.51027309,0.13461742,0.23401305
2a1m_CAM_B_2422,0,0.99117567,0.20715319,0.28984554,0.51102317,0.12790063,0.23508514
2a5t_GLU_B_2002,0,4.3225342e-05,0.207801,0.27950653,0.51158657,0.13562177,0.2143911
2a5t_GLY_A_1001,0,0,0.20780103,0.27950608,0.5115866,0.13562211,0.2143902
2a9z_26A_A_1001,0.99335643,0.65685823,0.20405739,0.29514841,0.50972695,0.14373287,0.22611747
2a9z_26A_A_1002,0.9726906,0.64003825,0.22402734,0.37118521,0.97359999,0.19106993,0
2agw_TSS_D_3001,0,0,0.20780103,0.27950608,0.5115866,0.13562211,0.2143902
2agw_TSS_H_2001,0,0,0.20780103,0.27950608,0.5115866,0.13562211,0.2143902
2ahc_VNL_A_166,0.14034678,0.99258572,0.206684,0.2911022,0.51081238,0.12975854,0.23483381
2ahc_VNL_B_266,0.99686779,0.96299562,0.18196763,0.21435432,0.00051382353,0.089178015,0.23096908
2ahc_VNL_D_466,0.99549928,0,0.20447956,0.28831543,0.51009713,0.14887842,0.21239868
2ai1_P1G_A_293,0.89927666,0,0.2048006,0.28746394,0.5102411,0.14759709,0.21259117
2aiq_BEN_A_401,0.98927238,0.98338686,0.22360843,0.37436846,0.96948563,0.18827456,0.23432777
2ajv_COC_L_501,0.75708418,0.65685075,0.20484571,0.29305755,0.51008046,0.14058665,0.22659003
2ajx_TGN_L_501,0.02223558,0,0.20772684,0.27970285,0.51155333,0.1359182,0.21434572
2as1_TP5_A_500,0.84014149,0.99355835,0.20434851,0.29730496,0.50976479,0.1390696,0.23345416
2b04_CHO_A_200,0,0,0.20780103,0.27950608,0.5115866,0.13562211,0.2143902
2b3f_GAL_A_3310,0,0.9895783,0.20715424,0.28982888,0.51102407,0.12791308,0.23505178
2b3f_GAL_B_3311,0.98877692,0.98933276,0.22485053,0.37920476,0.99844754,0.19119153,0.23454012
2b3f_GAL_C_3312,0,0.98916431,0.20715451,0.28982456,0.51102431,0.1279163,0.23504314
2b3f_GAL_D_3313,0,0.98832846,0.20715505,0.28981584,0.51102478,0.12792282,0.23502569
2b3f_GAL_E_3314,0,0.99032772,0.20715375,0.2898367,0.51102365,0.12790724,0.23506743
2b3f_GAL_F_3315,0.94250889,0.98768118,0.2040108,0.29814952,0.50961497,0.14047853,0.23312666
2bdg_PBZ_A_301,0.99473734,0.99621974,0.22441965,0.37776827,0.98897645,0.19024706,0.2346435
2bdg_PBZ_B_302,0.99058278,0.99566928,0.22476272,0.37898865,0.99663567,0.19098089,0.23466336
2bf7_HBI_B_1290,0,0.65682681,0.20737172,0.28635781,0.51121323,0.13050526,0.22810427
2bf7_HBI_C_1290,0,0.65682681,0.20737172,0.28635781,0.51121323,0.13050526,0.22810427
2bf7_HBI_D_1290,0,0.65682681,0.20737172,0.28635781,0.51121323,0.13050526,0.22810427
2bgc_DTT_F_1238,0.36626258,0,0.206579,0.2827472,0.5110386,0.14049935,0.21365748
2bgc_DTU_A_1238,0.58303984,0,0.20585572,0.2846655,0.51071425,0.14338601,0.21322381
2bk3_FOF_A_1503,0.91868267,0.9905141,0.20408845,0.29796822,0.50964901,0.14013919,0.23323347
2brk_CMF_A_1534,0,0.65682681,0.20737172,0.28635781,0.51121323,0.13050526,0.22810427
2bs3_CIT_D_1657,0.99659677,0.65685833,0.20404657,0.29517709,0.5097221,0.14377602,0.22611099
2bs8_NAG_A_1177,0.91733601,0.87833032,0.20416627,0.29678606,0.50971479,0.14099519,0.23089386
2bsc_NAG_A_1176,0,0.98456683,0.20715751,0.2897766,0.51102692,0.12795212,0.23494715
2bx7_34D_B_1313,0.98041028,0.86320922,0.2039657,0.29718648,0.50962902,0.1419529,0.23045196
2bxh_IOS_A_1002,0.21960481,0,0.20706832,0.2814494,0.51125803,0.13854642,0.21395088
2bxh_IOS_B_1002,0.00019830868,0.92637842,0.20719488,0.28917136,0.5110597,0.12840806,0.23373183
2c3d_COM_A_1525,0.99153815,0.96119892,0.22386351,0.37510998,0.97526773,0.18906981,0.23387736
2c3d_COM_A_1526,0.97782818,0.97824818,0.1819996,0.21426205,2.6327133e-05,0.088754146,0.23132412
2c3d_COM_B_1525,0.97631434,0.94499902,0.18272097,0.21656927,0.016208887,0.090650799,0.23068162
2c5b_5F1_A_500,0,0.65682681,0.20737172,0.28635781,0.51121323,0.13050526,0.22810427
2c5b_5F1_C_500,0,0.65682681,0.20737172,0.28635781,0.51121323,0.13050526,0.22810427
2c6q_IMP_A_1337,0.95838321,0,0.2046034,0.28798698,0.51015266,0.14838417,0.21247293
2c6q_IMP_B_1339,0,0,0.20780103,0.27950608,0.5115866,0.13562211,0.2143902
2c6q_IMP_C_1337,0.99548347,0,0.20447961,0.28831529,0.51009715,0.14887821,0.21239871
2c6q_IMP_D_1337,0.95736072,0,0.20460681,0.28797793,0.51015419,0.14837055,0.21247497
2c6q_IMP_E_1337,0.52824311,0,0.20603855,0.2841806,0.51079624,0.14265632,0.21333344
2c6q_IMP_G_1338,0.99621839,0,0.20447716,0.28832179,0.51009605,0.14888799,0.21239724
2c6q_IMP_H_1337,0,0,0.20780103,0.27950608,0.5115866,0.13562211,0.2143902
2caq_GSH_A_1208,0,0.65682681,0.20737172,0.28635781,0.51121323,0.13050526,0.22810427
2ci0_1CM_A_1450,2.7426361e-05,0.65682681,0.20737163,0.28635806,0.51121318,0.13050563,0.22810422
2coj_GBN_A_420,0.99037458,0.99189584,0.19144158,0.25097088,0.2209652,0.11147154,0.23224932
2coj_GBN_B_420,0.99002875,0.98307273,0.22271877,0.37096417,0.94883069,0.18616923,0.2342575
2cxp_A5P_A_1601,0.99396606,0.65685824,0.20405535,0.29515381,0.50972603,0.14374099,0.22611625
2cxp_A5P_B_2601,0.99442931,0.65685826,0.20405381,0.29515791,0.50972534,0.14374716,0.22611532
2d0e_NQ_A_409,0.02018451,0.96322172,0.20710412,0.28973256,0.51100886,0.12838718,0.2344611
2d0e_NQ_A_410,0.99111416,0.98804439,0.1819501,0.21448656,3.6539229e-05,0.088857701,0.23150217
2d1j_D01_A_700,0,0.6042025,0.20740612,0.28580883,0.51124314,0.13091524,0.22700545
2d20_NPO_B_953,0.99645267,0.99162815,0.18199385,0.2148166,0.0015166757,0.089053393,0.23157079
2d3n_GLC_A_608,0.013895512,0.93914262,0.20714084,0.28942572,0.51103195,0.12849102,0.23397093
2dcf_ACA_A_501,9.6187547e-07,0.97065714,0.2071666,0.28963151,0.51103483,0.12806049,0.23465672
2dm5_ODI_A_312,0,0.96308835,0.20717155,0.28955255,0.51103913,0.12811944,0.2344987
2dv0_ZST_A_600,0,0.97126264,0.20716621,0.28963782,0.51103448,0.12805576,0.23466937
2e40_LGC_A_1001,0.9583643,0.00092158409,0.20460286,0.28799643,0.51015217,0.14837674,0.21249221
2e40_LGC_B_2001,0,0,0.20780103,0.27950608,0.5115866,0.13562211,0.2143902
2e56_MYR_A_501,0.65949861,0.92168717,0.2049982,0.29495669,0.51007592,0.13722401,0.23231493
2e56_MYR_A_601,0,0.89674376,0.20721491,0.28886048,0.51107685,0.12863628,0.23311347
2e56_MYR_A_701,0.9766597,0.6568577,0.20411309,0.29500066,0.50975193,0.14351054,0.22615086
2eb5_OXL_A_2001,0.98917454,0.839325,0.20395207,0.29701489,0.50962948,0.14225567,0.22993575
2eb5_OXL_B_2002,0.98365441,0.96461801,0.18313771,0.21858261,0.026761768,0.091679413,0.23110839
2eb5_OXL_C_2003,0.98853298,0.96425191,0.21009854,0.32222225,0.65468291,0.15613363,0.23298177
2eb5_OXL_E_2005,0.99276216,0.97439962,0.1819518,0.21435218,0,0.088981822,0.23121386
2ef9_A5P_A_1269,0,0,0.20780103,0.27950608,0.5115866,0.13562211,0.2143902
2ef9_A5P_B_2269,0.96285241,0,0.20458848,0.28802653,0.51014598,0.14844368,0.21246399
2ef9_PEP_A_1268,0.99276944,0.65685821,0.20405934,0.29514322,0.50972782,0.14372506,0.22611864
2ef9_PEP_B_2268,0,0.65682681,0.20737172,0.28635781,0.51121323,0.13050526,0.22810427
2ei7_D93_A_700,0,0,0.20780103,0.27950608,0.5115866,0.13562211,0.2143902
2euq_BVC_A_401,0.73427898,0.70256923,0.20489191,0.2933327,0.51008859,0.13992678,0.22759032
2evd_D10_A_304,0.97933701,0.95994292,0.18228507,0.21515415,0.0065154614,0.089581643,0.23095843
2ex1_C5P_A_1427,0,0.98395765,0.20715791,0.28977025,0.51102727,0.12795686,0.23493443
2exs_TRP_B_2100,0,0,0.20780103,0.27950608,0.5115866,0.13562211,0.2143902
2f3s_7GP_A_998,0.98231946,0.9892257,0.22321306,0.37277506,0.95983706,0.1871466,0.23443452
2f64_12Q_A_472,0,1.3388283e-33,0.20780103,0.27950608,0.5115866,0.13562211,0.2143902
2f64_12Q_B_471,0.0054556519,1.1648884e-33,0.20778283,0.27955436,0.51157844,0.13569476,0.21437929
2f78_BEZ_A_1001,0.99520585,0.98845297,0.22463021,0.37848654,0.99379844,0.19080798,0.23449491
2f78_BEZ_A_1003,0.039227747,0.99297058,0.20702114,0.2902114,0.51096345,0.12840902,0.23504414
2f78_BEZ_B_1002,0.99407507,0.9960496,0.22443695,0.37781817,0.98932595,0.19027532,0.23464232
2f78_BEZ_B_1005,0.99813612,0.98672432,0.18270762,0.2175307,0.018186831,0.090823327,0.23151523
2f7x_4EA_E_351,0.97317141,0.96053476,0.20392624,0.29813767,0.50958452,0.14109832,0.23249852
2fc0_DGP_A_239,0.0015877382,0,0.20779573,0.27952013,0.51158422,0.13564325,0.21438703
2fcu_AKG_A_897,0.9939544,0.97442057,0.18195691,0.21439789,0.00021050051,0.089019254,0.23121255
2fcu_AKG_B_898,0.9951317,0.9798058,0.1819504,0.2144681,0.00022896457,0.088995227,0.2313227
2fhk_MFN_A_600,0,0,0.20780103,0.27950608,0.5115866,0.13562211,0.2143902
2fhk_MFN_B_602,0,0,0.20780103,0.27950608,0.5115866,0.13562211,0.2143902
2fhk_MFN_C_601,0.80400458,0.97345808,0.20448222,0.2967755,0.50983028,0.13874498,0.23310677
2fib_GLY_B_2,0,0,0.20780103,0.27950608,0.5115866,0.13562211,0.2143902
2fkm_G16_X_464,5.105696e-06,0.32133086,0.20759099,0.28285809,0.51140393,0.13311894,0.22109932
2fr6_CTN_A_1001,0.97399279,0.98471502,0.2039077,0.29839718,0.50956955,0.14092089,0.23300174
2fr6_CTN_C_1003,0.99263193,0,0.20448913,0.28829006,0.51010142,0.14884023,0.21240441
2fr6_CTN_D_1004,0.99356225,0.98414229,0.20384278,0.29856438,0.50954059,0.14118594,0.23295064
2fr6_URI_B_1002,0,0.65682681,0.20737172,0.28635781,0.51121323,0.13050526,0.22810427
2fu9_MP2_B_2410,0.93812531,0.99086491,0.20422816,0.29893046,0.51457615,0.14088418,0.23321625
2fyd_BGC_B_403,0.98348,0.65685791,0.20409034,0.29506101,0.50974172,0.14360136,0.22613722
2fyd_BGC_D_530,0,0.65682681,0.20737172,0.28635781,0.51121323,0.13050526,0.22810427
2fyd_NGA_B_404,0.97698155,0.47133659,0.18230216,0.2087951,0.00012987687,0.092654687,1.8509693e-05
2fyd_NGA_D_529,0.9574603,0.65685709,0.20417715,0.29483075,0.50978065,0.14325488,0.22618926
2fz8_ZST_A_600,0,0.97630949,0.20716291,0.28969047,0.51103162,0.12801645,0.23477474
2fzb_TOL_A_600,0.8933844,0.99113834,0.20417245,0.29775087,0.5096865,0.13979745,0.23329712
2fzb_TOL_A_800,0.97663223,0.96882965,0.18159297,0.21253425,0.00014165223,0,0.23111852
2fzb_TOL_A_900,0,0.96631681,0.20716944,0.28958623,0.5110373,0.12809429,0.2345661
2g21_L1B_A_885,0.98834116,0.99475628,0.22449459,0.37789857,0.99020939,0.19029893,0.23462943
2g5v_22M_A_301,0,0.65682681,0.20737172,0.28635781,0.51121323,0.13050526,0.22810427
2g8t_MI2_A_401,0,0,0.20780103,0.27950608,0.5115866,0.13562211,0.2143902
2g9z_VNP_A_602,0,0.91551193,0.20720265,0.28905626,0.51106618,0.12849007,0.23350534
2g9z_VNP_B_601,0,0.91507657,0.20720293,0.28905171,0.51106642,0.12849346,0.23349625
2giq_NN2_A_1001,0.99421199,0.97800861,0.20384462,0.29850615,0.50954311,0.14124238,0.23282127
2giq_NN2_B_2001,0.98879051,0.9778921,0.20386278,0.29845695,0.50955129,0.14117109,0.23282968
2gn2_C5P_A_400,0,0.96464922,0.20717053,0.28956883,0.51103824,0.12810728,0.23453128
2gnm_MAN_A_253,0.95037934,0.95594477,0.22264603,0.36947487,0.94370028,0.18532093,0.2337548
2gx5_PCG_C_514,0.85691377,0,0.20494195,0.28708906,0.51030448,0.14703298,0.21267592
2gyv_HBP_A_1409,0,0.65682681,0.20737172,0.28635781,0.51121323,0.13050526,0.22810427
2gyv_HBP_B_545,0,0.65682681,0.20737172,0.28635781,0.51121323,0.13050526,0.22810427
2gyw_OBI_A_952,0.98696586,0.97968827,0.21366201,0.33607299,0.73773655,0.16450913,0.23355731
2gzm_DGL_A_501,0.9912032,0.65685816,0.20406457,0.29512936,0.50973017,0.1437042,0.22612177
2gzm_DGL_B_502,0,0.65682681,0.20737172,0.28635781,0.51121323,0.13050526,0.22810427
2gzm_DGL_C_503,0,0.65682681,0.20737172,0.28635781,0.51121323,0.13050526,0.22810427
2hdk_COI_B_900,0,0,0.20780103,0.27950608,0.5115866,0.13562211,0.2143902
2hi4_BHF_A_800,0.99774251,0.99804217,0.22475442,0.37914259,0.99702579,0.19109866,0.23469978
2hjp_PPR_A_291,0,0,0.20780103,0.27950608,0.5115866,0.13562211,0.2143902
2hs3_FGR_A_2166,0.92818262,0.65685616,0.20427484,0.29457166,0.50982446,0.14286501,0.22624782
2ht8_G39_A_800,0.96659385,0.95885985,0.22432351,0.3763059,0.9840305,0.18965147,0.23390472
2htu_BCZ_A_801,0,0.65682681,0.20737172,0.28635781,0.51121323,0.13050526,0.22810427
2i1v_F6P_B_720,0,0.95616508,0.20717607,0.28948033,0.51104307,0.12817338,0.23435414
2i1v_FDP_B_710,0,0.91477937,0.20720312,0.28904861,0.51106659,0.12849578,0.23349004
2i6p_4NP_A_401,0.96173383,0.90016554,0.20400386,0.29740672,0.50963595,0.1414163,0.23126094
2iht_TPP_B_600,0.8056644,0.97450066,0.204476,0.29680106,0.50982721,0.13875896,0.23312522
2iht_TPP_D_600,0.41478749,0.99062302,0.20576962,0.2935103,0.51040287,0.13342835,0.2342438
2ij7_TPF_C_2471,8.3067248e-05,0.96741354,0.20716845,0.2895984,0.51103655,0.12808685,0.23458884
2ij7_TPF_D_2473,0,0.73624655,0.20731981,0.28718625,0.51116808,0.12988659,0.22976242
2ij7_TPF_F_2474,0.91679073,0.12362351,0.20253378,0.28071143,0.46082656,0,0.21501474
2ipf_FFA_A_3,0.97721847,0,0.20454055,0.28815366,0.51012448,0.14863499,0.21243525
2isf_PAC_A_317,0.99146936,0.97666544,0.18200727,0.21456655,0.0012259024,0.089072604,0.23126744
2ixi_TYD_A_1182,0,0,0.20780103,0.27950608,0.5115866,0.13562211,0.2143902
2ixi_TYD_B_1182,0.97950715,0,0.20453292,0.28817391,0.51012106,0.14866546,0.21243067
2iyq_SKM_A_201,0.94684248,0.96253333,0.22440694,0.376246,0.98451484,0.18940742,0.23402233
2izf_BTN_B_300,0.99576395,0.28789159,0.20429051,0.29132092,0.50993308,0.1466392,0.21840909
2izf_BTN_D_301,0.99433626,0.96010645,0.2246622,0.37822369,0.99405643,0.19104241,0.23390553
2j1s_FUL_A_1153,0,0.65682681,0.20737172,0.28635781,0.51121323,0.13050526,0.22810427
2j1s_FUL_B_1153,0.9963517,0.65685832,0.20404739,0.29517492,0.50972246,0.14377276,0.22611148
2j51_DKI_A_1314,0,0.65682681,0.20737172,0.28635781,0.51121323,0.13050526,0.22810427
2j5b_TYE_A_1336,0,0,0.20780103,0.27950608,0.5115866,0.13562211,0.2143902
2j5b_TYE_B_1338,0.83428746,0.95071983,0.20439604,0.29680628,0.5097979,0.13932537,0.23257144
2j9e_AKG_C_1119,0.66424052,0.96067827,0.20495689,0.29540539,0.51004666,0.1369834,0.23311954
2jfv_FLC_A_1271,0.89292768,0.75624317,0.2043275,0.29529651,0.50982071,0.14162125,0.22839361
2jhp_GUN_A_1647,0.003464884,0.98384697,0.20714642,0.28979975,0.51102215,0.12800387,0.23492519
2jhp_GUN_A_1648,0.0013521698,0.96686583,0.20716457,0.28960392,0.51103496,0.12810802,0.23457486
2ji6_TPW_A_1566,0,0.97678162,0.2071626,0.28969539,0.51103135,0.12801277,0.2347846
2ji6_TPW_B_1566,0,0.98429137,0.20715769,0.28977373,0.51102708,0.12795427,0.2349414
2jig_PD2_A_1254,0,0.99521059,0.20715055,0.28988763,0.51102087,0.1278692,0.23516938
2nos_AGU_A_903,0.15479364,0.91290436,0.20668788,0.29039885,0.51083606,0.13057165,0.23314123
2npq_BOG_A_1000,0,0.65682681,0.20737172,0.28635781,0.51121323,0.13050526,0.22810427
2npq_BOG_A_2000,0,0.94598589,0.20707045,0.28889012,0.50841737,0.12802491,0
2nry_STU_A_504,0.99421219,0.97284677,0.20384799,0.2984523,0.50954604,0.14128259,0.23271349
2nry_STU_C_503,0.99268149,0.98307711,0.20384641,0.29854547,0.50954252,0.14118251,0.23293016
2nry_STU_D_501,0.99343246,0.974346,0.20384961,0.29846104,0.50954636,0.14126053,0.23274636
2ntk_IMP_A_205,0,0,0.20780103,0.27950608,0.5115866,0.13562211,0.2143902
2ntk_IMP_B_206,0.98439979,0,0.20451659,0.28821721,0.51011374,0.14873061,0.21242088
2ntk_IMP_C_207,0,0,0.20780103,0.27950608,0.5115866,0.13562211,0.2143902
2ntk_IMP_D_208,0,0,0.20780103,0.27950608,0.5115866,0.13562211,0.2143902
2nu7_COA_B_1025,0,0.65682681,0.20737172,0.28635781,0.51121323,0.13050526,0.22810427
2nu7_COA_B_1325,0,0.9252946,0.18524839,0.20487108,2.279036e-08,0.076030315,0.23217128
2nu7_COA_E_1025,0.52875291,0.65684353,0.20560754,0.29103695,0.5104221,0.13754618,0.22704672
2nu7_COA_E_1325,0.17455798,0.91821945,0.20661847,0.29062919,0.51080346,0.13079344,0.23321266
2nz5_226_A_431,0.029638301,0.9844627,0.20705869,0.29003779,0.51098264,0.1283476,0.23488568
2nz5_226_A_432,0.0022024582,0.9632256,0.20716411,0.28957347,0.51103576,0.1281477,0.23449715
2o1o_RIS_A_400,0,0.96428227,0.20717077,0.289565,0.51103845,0.12811014,0.23452362
2o1o_RIS_B_400,0.92457638,0.97295504,0.22077831,0.36196336,0.89850276,0.18020813,0.23402542
2o7b_HC4_A_701,0.99474963,0.98904931,0.22396456,0.37592803,0.97827822,0.18920581,0.23446154
2o7b_HC4_C_701,0.99752334,0.98769799,0.22402126,0.37618838,0.97979032,0.18940858,0.23443233
2o7b_HC4_D_701,0.99309925,0,0.20448757,0.28829419,0.51010072,0.14884646,0.21240348
2o7b_HC4_E_701,0.99667241,0.65685833,0.20404632,0.29517776,0.50972198,0.14377703,0.22611084
2o7b_HC4_G_701,0.99643873,0.65685832,0.2040471,0.29517569,0.50972233,0.14377392,0.2261113
2o7d_DHC_A_701,0.98973217,0.65685811,0.20406948,0.29511634,0.50973237,0.14368461,0.22612472
2o7d_DHC_B_701,0.99689158,0.65685834,0.20404559,0.2951797,0.50972166,0.14377995,0.2261104
2o7d_DHC_G_701,0.98389492,0.65685793,0.20408895,0.29506468,0.5097411,0.14360688,0.22613639
2oci_TYC_A_401,0.99565989,0.85657699,0.20391916,0.29725224,0.50960997,0.14220764,0.23028298
2okk_ABU_A_585,0,0.14589691,0.20770567,0.28102801,0.51150366,0.13448554,0.21743641
2ot7_OGA_A_500,0.99467675,0.65685827,0.20405298,0.2951601,0.50972497,0.14375045,0.22611483
2ot7_OGA_B_500,0,0.65682681,0.20737172,0.28635781,0.51121323,0.13050526,0.22810427
2oxp_THP_A_300,0.96268291,0,0.20458905,0.28802503,0.51014623,0.14844143,0.21246433
2p1e_LAC_A_303,0,0,0.20780103,0.27950608,0.5115866,0.13562211,0.2143902
2pd5_ZST_A_600,0.99154006,0.65685817,0.20406345,0.29513234,0.50972966,0.14370869,0.2261211
2pin_LEG_A_501,0.94474377,0.94859176,0.18212616,0.21364762,6.7850976e-08,0.088536968,0.23077088
2pin_LEG_B_502,8.4718178e-08,0.77751899,0.20729284,0.28761678,0.51114462,0.12956507,0.23062416
2pir_NK_A_933,0.021549995,0.58580643,0.20734624,0.28580763,0.51122135,0.13134551,0.22657825
2prg_BRL_A_1,0.94496135,0.88845374,0.20406748,0.29713613,0.5096677,0.14128419,0.23104996
2prg_BRL_B_2,0.79932773,0.91630435,0.20453518,0.29613791,0.50986977,0.13912794,0.23192281
2prl_ORO_A_399,0.0026259815,0.86085771,0.20722961,0.28850937,0.51109332,0.12895081,0.23235895
2prl_R2C_A_400,0.98308756,0.98716578,0.18197549,0.21439882,7.9024643e-09,0.088752973,0.23149974
2pt6_S4M_A_501,0,0.96804149,0.20716831,0.28960422,0.51103632,0.12808086,0.23460211
2pt6_S4M_B_502,0,0.97815566,0.2071617,0.28970972,0.51103057,0.12800206,0.23481329
2pt6_S4M_C_503,0.93775205,0.95214038,0.20404991,0.29773668,0.50964229,0.14069206,0.23239411
2pvy_ACP_A_802,0.98973713,0.65685811,0.20406946,0.29511638,0.50973236,0.14368468,0.22612471
2pvy_ACP_D_802,0.97872743,0.96954153,0.18206323,0.21441321,0.0014472393,0.088979389,0.23114481
2pwf_BGC_D_9999,0.95640016,0.77324991,0.20410461,0.2960356,0.50971608,0.14233398,0.22862172
2pye_7PE_A_504,0,0.82942184,0.20725891,0.28815821,0.51111511,0.12916073,0.23170785
2q1a_2KT_X_295,0.99573964,0.98694753,0.18923717,0.24255738,0.16999174,0.10635521,0.23198179
2q28_TPP_A_4001,0.90482135,0.65685543,0.20435278,0.29436493,0.50985941,0.14255393,0.22629455
2q28_TPP_B_5001,0,0.65682681,0.20737172,0.28635781,0.51121323,0.13050526,0.22810427
2q6m_P34_A_1002,0.95753292,0.65685709,0.20417691,0.2948314,0.50978055,0.14325584,0.22618912
2qab_EI1_A_1,0.99637467,0.98420168,0.22379992,0.37526822,0.97449855,0.18887764,0.23434569
2qb3_PMP_A_700,0,0.65682681,0.20737172,0.28635781,0.51121323,0.13050526,0.22810427
2qb4_DSM_A_801,0.9771008,0.98902921,0.2189046,0.35611352,0.85914879,0.17675365,0.23413765
2qb4_DSM_A_802,0.97363166,0.97583341,0.18253109,0.21618101,0.012040554,0.089948419,0.23131826
2qb4_LEU_A_601,0.99191571,0.99314671,0.22325439,0.37319239,0.96159178,0.18742501,0.23450251
2qca_DGP_A_200,0.95858971,0.65685713,0.20417338,0.29484075,0.50977897,0.14326992,0.226187
2qca_DGP_A_300,0.97119515,0.65685752,0.20413133,0.2949523,0.5097601,0.14343777,0.22616179
2qcx_PF1_A_300,0,0.97400987,0.20716441,0.28966648,0.51103292,0.12803436,0.23472673
2qcx_PF1_B_300,0,0.98388824,0.20715795,0.28976952,0.51102731,0.12795741,0.23493298
2qd1_CHD_D_802,6.2332991e-11,0,0.20780103,0.27950608,0.5115866,0.13562211,0.2143902
2qd4_CHD_A_801,3.7933756e-08,0.98483548,0.20715734,0.28977941,0.51102677,0.12795003,0.23495276
2qd4_CHD_A_802,0.83353854,0.97158938,0.2043849,0.29701736,0.50978716,0.13915282,0.23300867
2qd4_CHD_A_803,0,0.9894045,0.20715435,0.28982707,0.51102417,0.12791443,0.23504815
2qd4_CHD_B_926,0,0.98872195,0.20704229,0.28933488,0.50838769,0.12769157,0
2qd4_CHD_B_927,2.0706733e-09,0.99041594,0.20715369,0.28983762,0.5110236,0.12790655,0.23506927
2qd4_CHD_B_928,0,0.94293071,0.20718472,0.28934228,0.51105059,0.12827647,0.23407782
2qg6_NMN_A_301,0,0.96742342,0.20716872,0.28959777,0.51103667,0.12808567,0.23458921
2qgw_EES_A_1,0,0.98420675,0.20715775,0.28977285,0.51102713,0.12795492,0.23493963
2qgw_EES_B_1,0,0.98903237,0.20715459,0.28982318,0.51102438,0.12791733,0.23504039
2qhv_OC9_A_1001,0.9896149,0.98433836,0.18202616,0.21482771,3.1956239e-06,0.088931959,0.80130958
2qim_ZEA_A_159,0.99028936,0.97675144,0.18195843,0.21435453,0,0.088930389,0.2312679
2qim_ZEA_A_160,0,0.65682681,0.20737172,0.28635781,0.51121323,0.13050526,0.22810427
2qim_ZEA_A_161,0,0.65682681,0.20737172,0.28635781,0.51121323,0.13050526,0.22810427
2qim_ZEA_A_162,0,0.65682681,0.20737172,0.28635781,0.51121323,0.13050526,0.22810427
2qs2_UBF_A_603,0,0.65682681,0.20737172,0.28635781,0.51121323,0.13050526,0.22810427
2qs2_UBF_B_602,0.97744816,0.98449707,0.20358983,0.29724848,0.50263432,0.14023711,0.2329688
2qse_1HP_A_1,0.99307504,0.65685822,0.20405832,0.29514592,0.50972737,0.14372913,0.22611803
2qui_LTN_A_501,0,0,0.20780103,0.27950608,0.5115866,0.13562211,0.2143902
2qui_LTN_B_478,0,0,0.20780103,0.27950608,0.5115866,0.13562211,0.2143902
2qvr_FDP_A_333,0.97305232,0.65685758,0.20412513,0.29496873,0.50975733,0.1434625,0.22615808
2qx4_ML1_A_233,0.43266812,0.65684049,0.20592812,0.29018666,0.51056586,0.1362667,0.2272389
2qx4_ML1_B_233,0.98086065,0.65685783,0.20409908,0.29503783,0.50974564,0.14356648,0.22614246
2qx9_ML2_A_233,0,0,0.20780103,0.27950608,0.5115866,0.13562211,0.2143902
2qx9_ML2_A_234,0,0,0.20780103,0.27950608,0.5115866,0.13562211,0.2143902
2qxf_TMP_A_3000,0.97848271,0.65685775,0.20410701,0.29501679,0.5097492,0.14353481,0.22614722
2r0g_7CK_A_1355,0.99235832,0.98968096,0.22398613,0.37596727,0.97860672,0.18920249,0.23448049
2r3d_ACM_A_303,0.72149965,0.99277008,0.20474487,0.29624685,0.50994275,0.13749588,0.23367505
2r4j_13P_A_1968,0,0.95327715,0.20717796,0.2894502,0.51104471,0.12819587,0.23429385
2r4t_250_A_503,1.2679296e-07,0,0.20780103,0.27950608,0.5115866,0.13562211,0.2143902
2r5e_QLP_A_430,0,0.98567842,0.20715678,0.2897882,0.51102629,0.12794346,0.23497036
2r5e_QLP_B_430,0,0,0.20780103,0.27950608,0.5115866,0.13562211,0.2143902
2rbx_3AY_X_2001,0,0.73531767,0.20732042,0.28717656,0.51116861,0.12989382,0.22974303
2rhx_MLY_A_537,0.95165604,0,0.20462584,0.28792745,0.51016273,0.14829459,0.21248639
2ri1_GLP_A_234,0,0.65682681,0.20737172,0.28635781,0.51121323,0.13050526,0.22810427
2ri1_GLP_B_234,0.66481448,0.65684783,0.20515357,0.29224102,0.51021852,0.13935798,0.22677458
2rtn_IMI_B_300,0.9909278,0.98033077,0.22434888,0.37720832,0.98680205,0.19009607,0.23431279
2rtn_IMI_D_300,0.99444179,0.97334573,0.22430987,0.37704424,0.9860596,0.19012126,0.23415769
2tmk_ATM_A_217,0.9804427,0,0.20452979,0.28818219,0.51011966,0.14867792,0.2124288
2tmk_ATM_B_217,0.99067127,0,0.20449567,0.28827271,0.51010435,0.14881413,0.21240834
2uuj_896_B_1250,0,0.65682681,0.20737172,0.28635781,0.51121323,0.13050526,0.22810427
2uyv_TLA_A_1275,0,0.65682681,0.20737172,0.28635781,0.51121323,0.13050526,0.22810427
2uyv_TLA_A_1277,0,0.65682681,0.20737172,0.28635781,0.51121323,0.13050526,0.22810427
2uyv_TLA_B_1275,0,0.65682681,0.20737172,0.28635781,0.51121323,0.13050526,0.22810427
2uyv_TLA_C_1275,0.99323161,0.65685822,0.2040578,0.29514731,0.50972713,0.14373121,0.22611772
2uyv_TLA_D_1275,0,0.65682681,0.20737172,0.28635781,0.51121323,0.13050526,0.22810427
2uza_HTL_B_1236,0,0,0.20780103,0.27950608,0.5115866,0.13562211,0.2143902
2v32_BEZ_B_1220,0.99633597,0.96973012,0.21884022,0.35603318,0.85883692,0.17712954,0.23369532
2v32_BEZ_D_1221,0.9705932,0.9540522,0.20393908,0.29804724,0.50959206,0.14111449,0.23236833
2v60_C17_A_1503,0.98825756,0.99078766,0.22475671,0.37885203,0.99624544,0.19094748,0.2345649
2v60_C17_B_1498,0.9941897,0.99522476,0.22461881,0.37850837,0.99355552,0.19071694,0.2346376
2v7o_DRN_A_1303,0.94648488,0.90259409,0.20405315,0.29729711,0.50965739,0.14119433,0.23134216
2vez_G6P_A_202,0.86239075,0,0.20492367,0.28713753,0.51029629,0.14710591,0.21266497
2vjb_CCD_A_1539,0.87407036,0,0.2048847,0.28724088,0.51027881,0.14726144,0.2126416
2vjb_CCD_A_1540,0,0.9720178,0.20716571,0.2896457,0.51103406,0.12804988,0.23468513
2vjb_CCD_B_1539,0,0,0.20780103,0.27950608,0.5115866,0.13562211,0.2143902
2vjb_CCD_B_1540,0.00014870783,0.9911866,0.20715269,0.28984697,0.51102294,0.12790253,0.23508507
2vkg_CF4_A_1064,0.00012713225,0,0.20780061,0.27950721,0.51158641,0.1356238,0.21438995
2vlf_PLI_B_1459,0,0,0.20780103,0.27950608,0.5115866,0.13562211,0.2143902
2vmp_PLP_A_501,0.99157569,0.65685817,0.20406333,0.29513265,0.50972961,0.14370916,0.22612103
2vmw_PLP_A_501,0,0.65682681,0.20737172,0.28635781,0.51121323,0.13050526,0.22810427
2vp5_DCZ_A_1210,0.99219234,0.98930056,0.2245904,0.37827933,0.99265351,0.19064354,0.23451518
2vp5_DCZ_B_1210,0.98266904,0.9933593,0.22446601,0.37764786,0.98908917,0.19011872,0.23460821
2vss_V55_D_1250,0.002850117,0.97471469,0.20715444,0.28969905,0.51102826,0.12806682,0.23473574
2vsu_V55_D_1251,0.0038107567,0.98219135,0.20714635,0.28978554,0.51102257,0.12802137,0.23488993
2vzu_PNJ_A_1901,0,0.95148102,0.20717914,0.28943147,0.51104573,0.12820986,0.23425634
2vzu_PNJ_B_1904,0.99140071,0.92848602,0.21677378,0.34745668,0.80974869,0.17234945,0.23269617
2w0b_CMW_A_1450,5.77721e-06,0.86660758,0.20723459,0.28854616,0.51109397,0.12887112,0.23248424
2w1a_TSA_C_1091,0.94764895,0.99316705,0.20399007,0.29825223,0.50960416,0.14050424,0.23323092
2w1a_TSA_D_1091,0.97137595,0.99394766,0.1820097,0.21436425,0,0.08854314,0.23166474
2w7k_PLP_A_501,0.79909884,0.93437374,0.20246036,0.28837355,0.46202283,1.9439347e-06,0.23218126
2wch_B7M_A_1145,0,0.98608675,0.20715652,0.28979246,0.51102606,0.12794028,0.23497888
2wd2_MS5_A_1263,0.67091075,0.65684803,0.20513323,0.29229496,0.5102094,0.13943916,0.22676239
2wdq_CBE_C_1130,0.98982153,0.98605125,0.18195421,0.21444852,3.5757344e-06,0.088852407,0.23146303
2wdq_CBE_G_1130,0.99426637,0.98345321,0.18194109,0.21446081,7.6884478e-08,0.088931872,0.2313999
2wdq_CBE_K_1130,0.991867,0.98989522,0.18194503,0.21450733,3.4621361e-06,0.088850077,0.23153921
2wdq_TEO_A_1589,0.98038844,0.65685782,0.20410065,0.29503365,0.50974635,0.14356019,0.22614341
2wdq_TEO_E_1589,0,0.67679416,0.20735867,0.28656607,0.51120188,0.13034973,0.22852111
2whq_HI6_A_1543,0.0044690692,0,0.18543082,0.19367624,0.00020978055,0,0.21283138
2wj4_HQD_A_1281,0,0,0.20780103,0.27950608,0.5115866,0.13562211,0.2143902
2wj4_HQD_C_1277,0.026462154,0,0.20771274,0.27974025,0.51154701,0.13597448,0.21433726
2wj4_HQD_D_1278,0.0048803844,0.99555117,0.20713405,0.28993437,0.51101338,0.12793154,0.23516673
2wu4_HBP_B_1545,0.98368864,0.98260099,0.18205726,0.21466679,0.0018817005,0.088989363,0.23140889
2wzh_NGO_A_1589,0.98786212,0.98723503,0.22466614,0.37844968,0.99405449,0.19074505,0.23448491
2wzv_FMN_A_801,0.00037572046,0,0.20779978,0.27950941,0.51158604,0.13562711,0.21438945
2wzv_FMN_B_801,0.98355615,0,0.20451941,0.28820974,0.510115,0.14871938,0.21242257
2x05_X05_A_1900,0.98629595,0,0.20451026,0.28823399,0.5101109,0.14875586,0.21241709
2x05_X05_B_1900,0,0,0.20780103,0.27950608,0.5115866,0.13562211,0.2143902
2x0u_X0U_B_1291,7.3080386e-05,0.99578285,0.20517979,0.28230472,0.46535654,0,0.23506675
2x6o_2TC_A_1209,0,0,0.20780103,0.27950608,0.5115866,0.13562211,0.2143902
2xh0_PEP_A_1440,0,0.65682681,0.20737172,0.28635781,0.51121323,0.13050526,0.22810427
2xh0_PEP_B_1440,0.99111711,0.65685815,0.20406486,0.2951286,0.5097303,0.14370305,0.22612195
2xhk_AKG_A_519,0.92365457,0.85769051,0.20415867,0.29662667,0.50971707,0.14124012,0.23045028
2xhk_AKG_B_519,0.95040386,0,0.18270353,0.20366288,0.00043138965,0.095982167,0.00042350863
2xmi_FLC_A_1379,0,0.65682681,0.20737172,0.28635781,0.51121323,0.13050526,0.22810427
2xoz_AMP_B_1664,0.09174073,0,0.20749494,0.28031791,0.51144934,0.13684375,0.21420667
2xta_TPP_B_2001,0.99476056,0,0.20448202,0.28830889,0.51009824,0.14886858,0.21240016
2xta_TPP_C_2001,0.95225006,0.97577661,0.20398608,0.29811153,0.50960716,0.14070099,0.23285861
2xta_TPP_D_2001,0,0.97076316,0.18521945,0.20534839,0,0.075677969,0.23312069
2xul_AKG_A_201,0,0,0.20780103,0.27950608,0.5115866,0.13562211,0.2143902
2xul_AKG_C_201,0.93368965,0.93619629,0.20407388,0.29753441,0.50965743,0.14076217,0.23206934
2xul_AKG_E_201,0.99308964,0.9127243,0.18198998,0.21370772,1.5467365e-07,0.089464167,0.2299254
2xul_AKG_F_201,0.99389446,0.89667176,0.18207316,0.21383687,0.0017602733,0.089779848,0.22959391
2xya_7L4_A_1181,0.99324319,0.65685822,0.20405776,0.29514741,0.50972712,0.14373136,0.22611769
2xyj_WLM_A_1442,0,0.95854964,0.20717452,0.2895052,0.51104171,0.1281548,0.23440393
2xyj_WLM_B_1441,0.85546994,0.98612151,0.20430223,0.29736302,0.50974608,0.13933165,0.23326822
2xyj_WLM_B_1442,0.92627018,0.94354713,0.20409383,0.29754543,0.50966435,0.14060611,0.23223766
2y00_Y00_A_601,0.98063099,0.98996936,0.22307425,0.372215,0.95648764,0.18677472,0.23444333
2y00_Y00_B_601,0.99473563,0.9853551,0.22436017,0.37739922,0.98743094,0.19017275,0.23441199
2y2f_YI1_A_1469,0.83272339,0,0.20502266,0.286875,0.51034068,0.14671085,0.21272432
2y4j_LAC_B_400,0.9640357,0.6568573,0.20415521,0.29488894,0.50977082,0.14334244,0.22617611
2y5a_3AP_A_1295,0.15692001,0.99601294,0.20662647,0.29128462,0.51078563,0.12995254,0.23487221
2ye5_2A7_A_1224,0.99016123,0.8793011,0.20392265,0.29744063,0.50960528,0.14195739,0.23076844
2yi6_6QM_A_1225,0.97225952,0.94474047,0.18205035,0.21390267,0.00028484779,0.088965528,0.23063637
2yjd_YJD_A_1498,0.99391657,0.99626683,0.20383367,0.29869399,0.50953317,0.14109621,0.23320308
2yjd_YJD_B_1498,0,0.65682681,0.20737172,0.28635781,0.51121323,0.13050526,0.22810427
2ynf_WHU_A_1563,0,0,0.20780103,0.27950608,0.5115866,0.13562211,0.2143902
2yp6_C6W_B_1186,1.2670129e-07,0.93108995,0.20719246,0.28921876,0.51105732,0.12836872,0.23383059
2z1z_MLT_A_433,0.97083013,0,0.20456187,0.28809713,0.51013404,0.14854992,0.21244803
2z20_PLP_A_701,0,0.93983054,0.20718675,0.28930994,0.51105235,0.12830062,0.23401309
2z20_PLP_B_801,0,0.99387726,0.20715143,0.28987372,0.51102163,0.12787959,0.23514154
2z48_A2G_A_1001,0,0.65682681,0.20737172,0.28635781,0.51121323,0.13050526,0.22810427
2z48_A2G_A_1005,0.98852892,0.65685807,0.20407349,0.29510569,0.50973417,0.14366859,0.22612712
2z48_A2G_B_2001,0,0.65682681,0.20737172,0.28635781,0.51121323,0.13050526,0.22810427
2z48_A2G_B_2005,0,0.65682681,0.20737172,0.28635781,0.51121323,0.13050526,0.22810427
2z48_NGA_A_1002,0,0.65682681,0.20737172,0.28635781,0.51121323,0.13050526,0.22810427
2z48_NGA_A_1003,0,0.65722628,0,0.28149838,0.48189374,0.12748497,0.22802225
2z48_NGA_A_1004,0,0.65682681,0.20737172,0.28635781,0.51121323,0.13050526,0.22810427
2z48_NGA_B_2002,0.97904807,0.65685777,0.20410513,0.29502179,0.50974835,0.14354234,0.22614609
2z48_NGA_B_2003,0.98433886,0.65685794,0.20408747,0.29506861,0.50974044,0.14361279,0.2261355
2z48_NGA_B_2004,0,0.65682681,0.20737172,0.28635781,0.51121323,0.13050526,0.22810427
2z48_NGA_B_2006,0.13471393,0.65683107,0.20692225,0.28754995,0.51101166,0.13229912,0.22783483
2z6j_TUI_A_501,3.3648333e-12,0.96635597,0.20716941,0.28958664,0.51103727,0.12809399,0.23456692
2z6j_TUI_B_502,0.86731063,0.95188172,0.2042851,0.29711063,0.50974783,0.13975606,0.23252963
2z7s_P01_A_1,0.73019444,0.95488661,0.20474062,0.29592861,0.50995128,0.13790678,0.23286668
2zce_PYL_A_601,0.72339306,0,0.20538744,0.28590751,0.51050426,0.14525498,0.21294303
2zgw_ADN_A_1301,0.9912198,0.96445073,0.22459918,0.3779704,0.99241541,0.19079863,0.23399753
2zgw_BTN_A_1401,0.95145951,0.9640034,0.22167484,0,0.97960222,0.18293076,0.23378109
2zi2_24U_H_801,0.94760229,0.98034485,0.20399861,0.29811806,0.50961152,0.14060351,0.23296329
2zka_AZA_A_302,0.1524748,0.97175762,0.20665715,0.29099226,0.51080607,0.1300823,0.23437467
2zm7_ACA_A_501,0,0.65682681,0.20737172,0.28635781,0.51121323,0.13050526,0.22810427
2zm9_ACA_A_501,0,0.65682681,0.20737172,0.28635781,0.51121323,0.13050526,0.22810427
2ztl_3HL_A_301,0.99795886,0.96113066,0.2245621,0.377931,0.99201901,0.19087421,0.23391355
2ztl_3HL_B_301,0.987304,0.9548612,0.22370168,0.37431476,0.97108292,0.18863296,0.23374088
2ztl_3HL_C_301,0.99514346,0.96795015,0.22470963,0.37852485,0.99533857,0.19112394,0.23407156
2ztl_3HL_D_301,0,0.96960408,0.20716729,0.28962052,0.51103543,0.12806868,0.23463474
2zut_A2G_A_4001,0,0.95362633,0.20717773,0.28945385,0.51104451,0.12819315,0.23430114
2zut_A2G_B_4002,0.00016298939,0.95070439,0.2071791,0.28942481,0.51104593,0.12821809,0.2342398
2zut_A2G_D_4004,0.98132327,0.95655525,0.20390164,0.2981683,0.50957459,0.14123787,0.23239912
2zuw_NDG_B_4002,0,0.98030664,0.2071603,0.28973216,0.51102934,0.12798531,0.2348582
2zuw_NDG_C_4003,8.3746197e-05,0.98483904,0.20715705,0.28978018,0.51102664,0.12795111,0.23495266
2zuw_NDG_D_4004,0.99186384,0.98591184,0.18194912,0.21447143,3.9478236e-05,0.088884596,0.23145615
2zvq_1NP_X_502,0,2.6746594e-06,0.20780103,0.27950611,0.5115866,0.13562209,0.21439026
2zwt_CAM_A_422,0,0,0.20780103,0.27950608,0.5115866,0.13562211,0.2143902
2zyv_NPO_X_1601,0,0.90029235,0.20721259,0.28889749,0.51107483,0.12860864,0.23318757
3mk1_NPO_A_911,0.99454875,0.65685826,0.20405341,0.29515896,0.50972516,0.14374875,0.22611508
3mk1_NPO_A_912,0,0.65682681,0.20737172,0.28635781,0.51121323,0.13050526,0.22810427
3mk1_NPO_A_913,0.9948701,0.65685827,0.20405233,0.29516181,0.50972468,0.14375303,0.22611444
3qfx_CP6_A_602,0.99170231,0.65685817,0.2040629,0.29513377,0.50972942,0.14371085,0.22612078
3qfx_CP6_B_702,0.98832834,0.65685807,0.20407416,0.29510392,0.50973447,0.14366592,0.22612752
3qgz_ADN_A_127,0.99129892,0.65685816,0.20406425,0.2951302,0.50973002,0.14370547,0.22612158
3qhd_795_A_167,0.82748813,5.4053409e-05,0.20504009,0.28682923,0.51034848,0.14664072,0.21273592
3qhd_MSR_A_166,0,0.99091825,0.20715336,0.28984286,0.51102331,0.12790264,0.23507976
3qss_MTG_A_405,0.81927462,0.9762163,0.20442947,0.2969394,0.50980587,0.13892683,0.23313381
3qss_MTG_B_405,0,0.97090356,0.20716644,0.28963407,0.51103469,0.12805856,0.23466187
3qt8_FM0_B_328,0,0.95611105,0.20717611,0.28947977,0.5110431,0.1281738,0.23435301
3qwi_CUE_B_272,0.99810223,0.65685838,0.20404155,0.29519041,0.50971985,0.14379607,0.22610798
3qwi_CUE_D_272,3.9190748e-06,0.65722628,1.8793225e-47,0.28149841,0.48189374,0.12748502,0.22802224
3r3z_GOA_B_305,0.96315003,0.65685727,0.20415817,0.2948811,0.50977214,0.14333064,0.22617788
3r51_MMA_A_200,0.97276311,0.96556947,0.22449805,0.37719669,0.98866503,0.19015754,0.23404646
3rgz_BLD_A_800,0.025871044,0,0.20771471,0.27973502,0.51154789,0.13596661,0.21433845
3ro7_TDR_A_300,0,0,0.20780103,0.27950608,0.5115866,0.13562211,0.2143902
3roe_THM_A_265,0,0.65682681,0.20737172,0.28635781,0.51121323,0.13050526,0.22810427
3roe_THM_B_265,0,0.65682681,0.20737172,0.28635781,0.51121323,0.13050526,0.22810427
3roe_THM_D_265,0,0.65682681,0.20737172,0.28635781,0.51121323,0.13050526,0.22810427
3roe_THM_E_265,0,0.65682681,0.20737172,0.28635781,0.51121323,0.13050526,0.22810427
3roe_THM_F_265,0.39800016,0.6568394,0.20604379,0.28987987,0.51061773,0.13580506,0.22730824
3rsc_TYD_A_397,0,0,0.20780103,0.27950608,0.5115866,0.13562211,0.2143902
3rsc_TYD_B_397,0.94311174,0,0.20465435,0.28785184,0.51017551,0.14818081,0.21250348
3ryd_SRT_A_267,0.977592,0.64803059,0.18458491,8.2704008e-35,0.093633642,0.096932548,0.22459797
3ryd_SRT_A_271,0,0.65682681,0.20737172,0.28635781,0.51121323,0.13050526,0.22810427
3se2_3AB_C_4,0.9965687,0.65685833,0.20404667,0.29517684,0.50972214,0.14377565,0.22611104
3se2_3AB_D_3,0.99562959,0.6568583,0.2040498,0.29516853,0.50972355,0.14376314,0.22611292
3se2_LDR_A_1,0.99714113,0.65685834,0.20404476,0.2951819,0.50972128,0.14378327,0.2261099
3se2_LDR_B_2,0.99832843,0.65685838,0.2040408,0.29519241,0.50971951,0.14379908,0.22610752
3sj1_DXC_X_75,0.9831885,0.98290361,0.18197787,0.21435499,0,0.088787356,0.23141054
3sjh_LAR_A_503,0,0.65682681,0.20737172,0.28635781,0.51121323,0.13050526,0.22810427
3sli_SKD_A_760,0,0.65682681,0.20737172,0.28635781,0.51121323,0.13050526,0.22810427
3sp6_IL2_A_901,0,0,0.20780103,0.27950608,0.5115866,0.13562211,0.2143902
3sru_Q26_X_169,0,0.95059734,0.20717971,0.28942225,0.51104623,0.12821675,0.23423789
3t2e_F6R_A_3469,0,0.89464447,0.20721628,0.28883858,0.51107804,0.12865263,0.23306964
3t3q_9PL_A_501,0.76479508,0,0.2052493,0.28627389,0.51044231,0.1458063,0.21286021
3t3q_9PL_B_501,0.00011128351,0,0.20780066,0.27950707,0.51158643,0.13562359,0.21438998
3t3q_9PL_D_501,6.7448191e-05,0,0.20780081,0.27950668,0.5115865,0.13562301,0.21439007
3te7_TE7_A_1,0.97875617,0.96806214,0.20390269,0.29826562,0.50957189,0.14111405,0.23264451
3te7_TE7_B_1,0,0.97099631,0.20716638,0.28963504,0.51103464,0.12805784,0.23466381
3tky_N7I_A_369,0,0.96752933,0.18522151,0.20531444,0,0.075703029,0.23305316
3tky_N7I_B_369,0.08238235,0.65682942,0.20709685,0.28708685,0.51108996,0.13160227,0.2279395
3tky_N7I_C_369,0.98277996,0.98836349,0.1815563,0.21277944,4.1924649e-05,0,0.23151382
3tky_N7I_D_369,0.91531158,0.65685576,0.20431778,0.29445776,0.50984372,0.14269362,0.22627357
3tye_XHP_B_901,0.99356677,0.99357731,0.22475129,0.37898233,0.99656712,0.19103015,0.23461352
3tye_XTZ_A_801,0.92288041,0,0.20472185,0.28767281,0.51020578,0.14791141,0.21254395
3tye_YTZ_B_902,0.00096460382,0.40113449,0.20753563,0.28369906,0.51135713,0.13251003,0.22276363
3tyn_CXW_A_800,0,0.65682681,0.20737172,0.28635781,0.51121323,0.13050526,0.22810427
3tyn_CXW_B_800,0,0.65682681,0.20737172,0.28635781,0.51121323,0.13050526,0.22810427
3u1t_MLI_B_350,0.99701817,0.65685834,0.20404517,0.29518082,0.50972147,0.14378163,0.22611014
3u3o_3QV_A_296,0,0.99201587,0.20715264,0.28985431,0.51102269,0.12789409,0.23510268
3u3o_3QV_A_297,3.4594526e-05,0.98927618,0.20715432,0.28982603,0.51102419,0.12791589,0.23504541
3ucc_2PG_A_601,0,0.65682681,0.20737172,0.28635781,0.51121323,0.13050526,0.22810427
3ucc_2PG_B_601,0,0.65682681,0.20737172,0.28635781,0.51121323,0.13050526,0.22810427
3ucl_CYH_A_543,0.12866598,0.98810365,0.20672591,0.29095208,0.5108324,0.12963791,0.23476359
3uu7_2OH_A_1,0.99697205,0.65685834,0.20404532,0.29518041,0.50972154,0.14378102,0.22611024
3uu7_2OH_B_1,0.99680394,0.65685833,0.20404588,0.29517892,0.50972179,0.14377878,0.22611057
3uud_EST_A_600,0.98777222,0.97890557,0.22362195,0.37432987,0.96961901,0.18830282,0.23423759
3uud_EST_B_600,0.98162337,0.99303972,0.22475775,0.37874144,0.99579504,0.19079476,0.23462382
3uwb_BB2_A_154,0.98515746,0.93840398,0.22151269,0.36564881,0.91972278,0.18346529,0.23324688
3v1m_HPK_A_288,0,0.44562483,0.20750977,0.28415462,0.51133328,0.13215059,0.22369448
3v1s_0LH_B_401,0.99373495,0.99579135,0.18251014,0.2167943,0.013387532,0.09020185,0.23169889
3v7u_MTA_A_301,0.14848019,0.71963435,0.20683527,0.28832688,0.51095537,0.1319932,0.22911854
3v7u_MTA_A_302,0.98556534,0.94818033,0.20389297,0.29811848,0.509573,0.1413596,0.23221578
3v8n_5NB_A_301,0.25908289,0.656835,0.20650729,0.28865054,0.51082558,0.13395523,0.22758608
3vbn_TYD_A_301,0.86824118,0,0.20490415,0.2871893,0.51028753,0.14718382,0.21265326
3vbn_TYD_E_301,0.5859874,0,0.20584589,0.28469159,0.51070984,0.14342526,0.21321792
3vc3_C6P_A_501,0,0,0.20780103,0.27950608,0.5115866,0.13562211,0.2143902
3vc3_C6P_B_501,3.2435431e-05,0.93850982,0.20718751,0.28929645,0.51105305,0.12831135,0.23398545
3vc3_C6P_C_501,0,0.95290279,0.20717821,0.2894463,0.51104492,0.12819879,0.23428603
3vc3_C6P_D_501,0,0.95943501,0.20717394,0.28951444,0.51104121,0.1281479,0.23442242
3vc3_C6P_E_501,0.95757499,0.94213267,0.18813298,0.2369102,0.14070435,0.10318689,0.23103407
3vc3_C6P_F_501,0.64304037,0.95816048,0.20502927,0.29519152,0.51007981,0.13672071,0.23310939
3vca_PRO_A_504,0.90096218,0.044626171,0.20476581,0.28794437,0.51021321,0.14727189,0.21351956
3vmg_9CA_C_2002,0,0,0.20780103,0.27950608,0.5115866,0.13562211,0.2143902
3vnj_PSJ_A_301,0,0,0.20780103,0.27950608,0.5115866,0.13562211,0.2143902
3vnj_PSJ_B_301,0.73477122,0,0.20534947,0.2860082,0.51048723,0.1454065,0.21292027
3vnj_PSJ_D_301,0.91312897,0,0.20475439,0.28758652,0.51022037,0.14778155,0.21256346
3vnm_SDD_A_301,0.5634226,0,0.20592118,0.28449191,0.5107436,0.14312478,0.21326306
3vnm_SDD_D_301,0,0,0.20780103,0.27950608,0.5115866,0.13562211,0.2143902
3vq4_0NX_A_304,0,0.98286377,0.20715862,0.28975884,0.51102789,0.12796539,0.23491159
3vq4_0NX_A_305,0.99491314,0.9885928,0.22381678,0.37535814,0.97484415,0.18885942,0.23444134
3vq5_MMJ_A_1007,0.99438716,0.65685826,0.20405395,0.29515753,0.5097254,0.1437466,0.22611541
3vq5_MMJ_B_307,0.9934769,0.65685823,0.20405698,0.29514948,0.50972677,0.14373448,0.22611723
3vqe_FMQ_A_1006,0.98665076,0.65685801,0.20407976,0.29508907,0.50973698,0.14364358,0.22613088
3vv5_SLZ_A_300,0.97458734,0,0.20454933,0.28813038,0.51012842,0.14859995,0.21244051
3vv5_SLZ_B_301,0,0.88280155,0.20722403,0.28871504,0.51108477,0.12874489,0.23282237
3w4i_8LG_A_402,0.35536132,0.96877712,0.20598217,0.29275655,0.51050421,0.1328072,0.23390656
3w4i_8LG_B_402,0.34595657,0,0.20664675,0.28256751,0.51106898,0.14022895,0.21369811
3w4i_8LG_C_402,0.99651356,0,0.20447617,0.28832441,0.51009561,0.14889192,0.21239665
3w7f_FPS_A_301,0,0.80097035,0.20727751,0.28786141,0.51113129,0.12938238,0.2311138
3w7f_FPS_A_302,0.96497093,0.94500709,0.20396375,0.29790313,0.50960562,0.14111008,0.23219072
3w7f_FPS_B_301,0,0,0.20780103,0.27950608,0.5115866,0.13562211,0.2143902
3w7f_FPS_B_302,0,0,0.20780103,0.27950608,0.5115866,0.13562211,0.2143902
3w8x_FTK_A_601,1.1143835e-07,0.9752265,0.20716362,0.28967917,0.51103223,0.12802488,0.23475213
3wat_BGC_A_403,0.010465657,0.98657801,0.20712128,0.28989019,0.51101012,0.12807582,0.2349682
3wat_BGC_B_403,0.012086556,0.98493243,0.20711695,0.28988737,0.51100863,0.12811022,0.2349306
3wat_BMA_A_404,0.99386302,0,0.20448502,0.28830095,0.51009958,0.14885663,0.21240195
3wat_BMA_B_404,0.99042,0,0.20449651,0.28827048,0.51010473,0.14881078,0.21240884
3wca_FPS_A_501,0,0.82798246,0.20725986,0.28814319,0.51111593,0.12917195,0.2316778
3wca_FPS_B_401,0,0.95102449,0.20717943,0.28942671,0.51104599,0.12821342,0.23424681
3wca_FPS_C_401,0.93488302,0.90343579,0.20409131,0.29720323,0.50967427,0.14103328,0.23138294
3wca_FPS_C_402,0,0.91551948,0.20720264,0.28905633,0.51106617,0.12849001,0.2335055
3wca_FPS_D_401,0,0.772551,0.20729609,0.28756496,0.51114744,0.12960377,0.23052043
3wgc_PLG_A_401,0,0.64495358,0.22336985,0,0.93901007,0.16869678,0.22898376
3wgc_PLG_B_401,0.99242287,0.6568582,0.2040605,0.29514015,0.50972834,0.14372044,0.22611934
3wgc_PLG_D_401,0.97951194,0.65685779,0.20410358,0.2950259,0.50974766,0.14354852,0.22614516
3wjz_NUP_A_301,0,0,0.20780103,0.27950608,0.5115866,0.13562211,0.2143902
3wk1_O7E_A_301,0.98620248,0,0.22944962,0.98570462,0.98950946,0.20839321,0
3wlf_FEH_A_401,0.99626471,0,0.204477,0.2883222,0.51009599,0.14888861,0.21239715
3wlf_FEH_C_401,0.9948248,0,0.20448181,0.28830946,0.51009814,0.14886944,0.21240003
3wqs_KBK_B_503,0.99157589,0.65685817,0.20406333,0.29513266,0.50972961,0.14370916,0.22612103
3wsg_CIT_A_302,0.98930535,0.7378061,0.20401799,0.29595705,0.50968699,0.14304827,0.22781585
3wsg_CIT_B_302,0.98773373,0.98369108,0.19215768,0.25355752,0.23730957,0.11317557,0.23213249
3wsg_CIT_C_302,0.91616998,0.4838645,0.20442798,0.29266087,0.50994077,0.14405264,0.22266007
3wsg_CIT_D_302,0,0.73575232,0.20732014,0.28718109,0.51116836,0.12989044,0.22975211
3wsg_CIT_E_302,0,0.63532418,0.20738578,0.28613347,0.51122545,0.1306728,0.22765525
3wsg_CIT_F_302,0.98695186,0.82511065,0.20396878,0.29684694,0.50964089,0.14233681,0.22964341
3wug_XYP_B_2,0,0,0.20780103,0.27950608,0.5115866,0.13562211,0.2143902
3wug_XYP_C_2,0.24022558,0,0.20699952,0.28163188,0.51122717,0.13882101,0.21390962
3wur_O4B_A_201,0,0.18494934,0.20768015,0.28143538,0.51148146,0.13418131,0.21825179
3wur_O4B_A_202,0.97220594,0.38204476,0.20430757,0.29209461,0.50991481,0.14559203,0.22042206
3wur_O4B_B_201,0.83349925,0.10187215,0.20495349,0.28794454,0.51028161,0.14592758,0.21484977
3wur_O4B_B_202,0.63647398,0.86049093,0.20511502,0.29411457,0.51014516,0.13739414,0.23108326
3wur_O4B_B_204,0.61499371,0.057226008,0.20571171,0.28554522,0.51063391,0.14336571,0.21435472
3wwc_BUA_A_402,0,0,0.20780103,0.27950608,0.5115866,0.13562211,0.2143902
3wwc_BUA_A_403,0.97680429,0.98285024,0.18200035,0.21430233,3.367669e-05,0.088705488,0.23142228
3wxo_NIZ_A_802,0,0.94829447,0.20718122,0.28939823,0.51104754,0.12823469,0.23418981
3wxo_NIZ_A_804,0.0010568972,0.0018437698,0.2077963,0.27953467,0.51158397,0.13562182,0.21442658
3wzo_ZOE_A_201,0,0.65682681,0.20737172,0.28635781,0.51121323,0.13050526,0.22810427
3wzo_ZOE_B_201,0,0.65682681,0.20737172,0.28635781,0.51121323,0.13050526,0.22810427
3wzo_ZOE_C_201,0,0.65682681,0.20737172,0.28635781,0.51121323,0.13050526,0.22810427
3wzo_ZOE_D_201,0.94673785,0.65685675,0.20421293,0.29473587,0.5097967,0.1431121,0.22621071
3zcm_PX3_A_1214,0,0.65682681,0.20737172,0.28635781,0.51121323,0.13050526,0.22810427
3zcm_PX3_B_1216,0,0,0.20780103,0.27950608,0.5115866,0.13562211,0.2143902
3zjq_NCA_B_300,0.62367951,0.98803469,0.20507434,0.29533183,0.5100918,0.13623017,0.23377187
3zks_WZV_A_1398,0,0.96643685,0.20716936,0.28958748,0.51103723,0.12809336,0.23456861
3zog_A2Q_A_200,0,0,0.20780103,0.27950608,0.5115866,0.13562211,0.2143902
3zp7_PRE_A_1118,0,0.65682681,0.20737172,0.28635781,0.51121323,0.13050526,0.22810427
3zr0_8OG_A_1157,0.9732504,0.65685759,0.20412447,0.29497049,0.50975703,0.14346514,0.22615768
3zwe_FUC_B_110,0.94357148,0.65685665,0.20422349,0.29470785,0.50980144,0.14306993,0.22621704
3zwe_FUC_C_110,0.99039133,0.65685813,0.20406728,0.29512217,0.50973138,0.14369339,0.2261234
3zwt_KFZ_A_1401,0.98430495,0.65685794,0.20408759,0.29506831,0.50974049,0.14361234,0.22613557
3zwt_ORO_A_1398,0.20988912,0,0.20710074,0.28136343,0.51127256,0.13841704,0.21397031
3zyx_MBT_A_601,0.99571843,0,0.20447883,0.28831737,0.5100968,0.14888133,0.21239824
3zzm_JLN_A_1526,0.96898039,0.65685745,0.20413872,0.2949327,0.50976342,0.14340828,0.22616622
3zzv_FUC_B_401,0,0.65682681,0.20737172,0.28635781,0.51121323,0.13050526,0.22810427
4a01_2PN_A_1773,0,0,0.20780103,0.27950608,0.5115866,0.13562211,0.2143902
4a01_2PN_B_1773,0.99262336,0,0.20448915,0.28828998,0.51010143,0.14884012,0.21240443
4a3u_NCA_B_1359,0.77207458,0.65685123,0.20479569,0.2931902,0.51005803,0.14078627,0.22656005
4a78_JZ3_A_1296,0.24517586,0.98732924,0.20633768,0.29197502,0.51065852,0.13119542,0.23451434
4a7a_RGZ_A_601,0.99485876,0.65685827,0.20405237,0.29516171,0.5097247,0.14375288,0.22611446
4a7a_RGZ_B_601,0.98458192,0.65685795,0.20408666,0.29507076,0.50974007,0.14361603,0.22613502
4a8p_PAO_B_1340,0.98914774,0.65685809,0.20407143,0.29511117,0.50973324,0.14367683,0.22612589
4a8p_PAO_C_1340,0,0.65682681,0.20737172,0.28635781,0.51121323,0.13050526,0.22810427
4a8p_PAO_D_1340,0.88022415,0.65685465,0.20443485,0.29414726,0.50989622,0.14222639,0.22634374
4a8p_PAO_E_1338,0.96495038,0.65685733,0.20415216,0.29489704,0.50976945,0.14335462,0.22617428
4a8p_PAO_F_1340,0,0.65682681,0.20737172,0.28635781,0.51121323,0.13050526,0.22810427
4a9j_TYL_A_1188,0.99415303,0.99128895,0.18194878,0.21458929,0.00028638637,0.088898987,0.2315646
4a9j_TYL_B_1187,0.99918209,0.99386227,0.22308047,0.37269115,0.95811048,0.18716008,0.23449245
4a9j_TYL_C_1184,0.99701044,0.99584009,0.20761597,0.31328079,0.5980144,0.15019201,0.23345378
4adl_LMR_D_1468,0,0,0.20780103,0.27950608,0.5115866,0.13562211,0.2143902
4ajj_88R_B_1333,0.99150414,0.65685817,0.20406357,0.29513202,0.50972972,0.14370821,0.22612117
4ajj_88R_C_1335,0.9930883,0.65685822,0.20405828,0.29514604,0.50972735,0.1437293,0.226118
4ajj_88S_A_1332,0.97726652,0.65685772,0.20411107,0.29500603,0.50975102,0.14351862,0.22614965
4ajj_88S_B_1332,0.99295854,0.65685821,0.20405871,0.29514489,0.50972754,0.14372757,0.22611826
4ajj_88S_C_1334,0.99264221,0.6568582,0.20405977,0.29514209,0.50972802,0.14372336,0.2261189
4ajj_88S_D_1332,0.96835044,0.65685743,0.20414082,0.29492712,0.50976436,0.14339989,0.22616748
4ajj_MLI_A_1333,0.99369265,0.65685824,0.20405626,0.29515139,0.50972644,0.14373735,0.2261168
4ajj_MLI_D_1333,0,0.65682681,0.20737172,0.28635781,0.51121323,0.13050526,0.22810427
4al9_GLA_A_1123,0.94428736,0.982636,0,0.37698601,0.99731625,0.18956411,0.2344586
4al9_GLA_C_1123,0.94486765,0.65685669,0.20421917,0.29471932,0.5097995,0.14308719,0.22621445
4al9_GLA_D_1123,0.91528956,0.65685576,0.20431786,0.29445757,0.50984375,0.14269333,0.22627361
4al9_GLA_E_1123,0.98905997,0.65685809,0.20407172,0.29511039,0.50973337,0.14367566,0.22612606
4al9_GLA_G_1123,0.96910569,0.65685746,0.2041383,0.29493381,0.50976323,0.14340995,0.22616597
4aql_TXC_A_1452,0,0,0.20780103,0.27950608,0.5115866,0.13562211,0.2143902
4aw0_MJF_A_600,0,0,0.20780103,0.27950608,0.5115866,0.13562211,0.2143902
4b1f_DGL_A_1257,0.0014380996,0.98003017,0.20715568,0.289742,0.51102735,0.12800661,0.23484955
4b1f_KRH_A_1256,0.9184049,0.97506368,0.20409947,0.2978046,0.5096582,0.14025585,0.23291144
4b1f_KRH_B_1257,0,0.95203713,0.20717877,0.28943727,0.51104541,0.12820553,0.23426796
4b98_PXG_B_470,0,0.65682681,0.20737172,0.28635781,0.51121323,0.13050526,0.22810427
4b98_PXG_C_470,0,0.65682681,0.20737172,0.28635781,0.51121323,0.13050526,0.22810427
4b98_PXG_D_470,0.99305579,0.65685822,0.20405839,0.29514575,0.5097274,0.14372887,0.22611807
4bbx_LKF_A_1760,0.97978534,0,0.20453199,0.28817637,0.51012064,0.14866917,0.21243011
4bbx_LKF_B_1760,0.89580478,0,0.20481219,0.28743322,0.51024629,0.14755086,0.21259812
4bdr_CYS_B_804,0,0.64059435,0.20738233,0.28618845,0.51122245,0.13063174,0.22776529
4bdr_KAI_B_900,0.92350269,0.96895492,0.20408646,0.29778598,0.50965405,0.14037132,0.23277369
4bq5_GAL_C_1,0,0.65682681,0.20737172,0.28635781,0.51121323,0.13050526,0.22810427
4bu7_25F_A_2165,0.99542246,0.65685829,0.20405049,0.2951667,0.50972386,0.14376038,0.22611334
4bu7_25F_C_2165,0.99673568,0.65685833,0.20404611,0.29517832,0.50972189,0.14377787,0.22611071
4buf_F36_A_2162,0.97707337,0.65685771,0.20411171,0.29500432,0.50975131,0.14351605,0.22615004
4buf_F36_B_2162,0.97541797,0.65685766,0.20411724,0.29498967,0.50975379,0.143494,0.22615335
4buv_16I_C_2165,0.9953134,0.65685829,0.20405086,0.29516573,0.50972402,0.14375893,0.22611355
4bux_F35_A_2166,0.81415458,0,0.99025789,0.36021162,0.92382908,0.19219861,0
4bux_F35_C_2165,0.80383236,0,0.22202147,5.1245637e-46,0.96013428,0.18662412,0.21389687
4bvh_OCZ_B_1392,0.9877122,0,0.20450554,0.28824652,0.51010878,0.14877472,0.21241426
4bvh_OCZ_C_1394,0.98447356,0,0.20451635,0.28821786,0.51011363,0.1487316,0.21242073
4bz6_SHH_A_700,0.95973613,0.93972826,0.20398467,0.29780174,0.50961645,0.1410815,0.23209098
4bz6_SHH_C_700,0.93851565,0.94664435,0.20405095,0.2976861,0.50964427,0.14074504,0.23227783
4bz6_SHH_D_700,0.98935604,0.92309055,0.20389672,0.2978903,0.50958159,0.14160554,0.23168434
4c2p_X8Z_A_709,0.98923888,0.65685809,0.20407112,0.29511197,0.50973311,0.14367804,0.2261257
4c2z_646_A_1498,0.95322667,0.65685696,0.20419128,0.29479329,0.50978699,0.1431985,0.22619773
4c2z_646_B_1498,0,0.65682681,0.20737172,0.28635781,0.51121323,0.13050526,0.22810427
4c67_L5S_A_1170,0,0.65682681,0.20737172,0.28635781,0.51121323,0.13050526,0.22810427
4c7g_NGO_A_1495,0,0.65682681,0.20737172,0.28635781,0.51121323,0.13050526,0.22810427
4can_M7K_A_800,0,0.65682681,0.20737172,0.28635781,0.51121323,0.13050526,0.22810427
4can_M7K_B_800,0,0.65682681,0.20737172,0.28635781,0.51121323,0.13050526,0.22810427
4cb5_93G_A_1484,0,0,0.20780103,0.27950608,0.5115866,0.13562211,0.2143902
4ccu_AWF_A_1500,0.9827705,0.98554819,0.2239072,0.37540294,0.9759741,0.18883581,0.23440542
4cdt_M48_A_801,0.035791247,0.65682794,0.2072523,0.28667454,0.51115967,0.13098186,0.22803269
4cjs_L0Y_A_1217,0,0.65682681,0.20737172,0.28635781,0.51121323,0.13050526,0.22810427
4cjs_L0Y_B_1217,0.98314179,0.6568579,0.20409147,0.29505802,0.50974223,0.14359685,0.2261379
4cjv_IV2_B_1215,0.9945621,0.99581782,0.22389181,0.37573219,0.97667082,0.18898602,0.2345984
4cjw_CBJ_A_1215,0.975414,0.94785945,0.20392704,0.2980253,0.50958837,0.14122693,0.23222939
4cjw_CBJ_A_1216,4.6666931e-07,0,0.20780103,0.27950609,0.5115866,0.13562211,0.2143902
4cjw_CBJ_B_1217,0.99189749,0.9296023,0.20388398,0.29798071,0.50957409,0.14158865,0.23181522
4cjw_CBJ_B_1218,3.6857397e-07,0.66709005,0.20736501,0.28646484,0.51120739,0.13042534,0.22831849
4cld_JUO_A_1270,0.99589984,0.65685831,0.2040489,0.29517092,0.50972314,0.14376674,0.22611238
4cld_JUO_B_1270,0,0.65682681,0.20737172,0.28635781,0.51121323,0.13050526,0.22810427
4cld_JUO_C_1270,0,0.65682681,0.20737172,0.28635781,0.51121323,0.13050526,0.22810427
4cld_JUO_D_1270,0,0.65682681,0.20737172,0.28635781,0.51121323,0.13050526,0.22810427
4cle_JR2_A_1270,0.99282038,0,0.2044885,0.28829172,0.51010114,0.14884274,0.21240404
4cle_JR2_A_1271,0,0,0.20780103,0.27950608,0.5115866,0.13562211,0.2143902
4cle_JR2_B_1270,0.99593436,0,0.20447811,0.28831928,0.51009648,0.14888421,0.21239781
4clo_XP0_B_1270,0,0.65682681,0.20737172,0.28635781,0.51121323,0.13050526,0.22810427
4clo_XP0_D_1270,0.9637722,0.65685729,0.20415609,0.29488661,0.50977121,0.14333893,0.22617664
4clr_FDB_A_1270,0.14254979,0.65683132,0.2068961,0.28761929,0.51099994,0.13240346,0.22781916
4clr_FDB_C_1270,0.15304424,0.65683165,0.20686109,0.28771216,0.51098424,0.13254321,0.22779817
4clr_FDB_D_1270,0.99889934,0.6568584,0.20403889,0.29519746,0.50971865,0.14380668,0.22610638
4cme_KTZ_A_1270,0.9896458,0.65685811,0.20406977,0.29511558,0.5097325,0.14368346,0.22612489
4cme_KTZ_B_1270,0.98976229,0.65699165,0,0.37273718,0.98978889,0.19192801,0.22754405
4cme_KTZ_C_1270,0.99550674,0.65685829,0.20405021,0.29516744,0.50972373,0.14376151,0.22611317
4cme_KTZ_D_1270,0.95432119,0,0.22137903,0,0.95681769,0.18829302,0.21358583
4cmk_FQW_A_1270,0.9571559,0.65685708,0.20417817,0.29482806,0.50978111,0.14325082,0.22618987
4cmk_FQW_B_1270,0,0.65682681,0.20737172,0.28635781,0.51121323,0.13050526,0.22810427
4cmk_FQW_C_1270,0.95793718,0.65685711,0.20417556,0.29483497,0.50977994,0.14326123,0.22618831
4cmk_FQW_D_1270,0.99061305,0.6571403,0.18235722,0.21175561,0.004571419,0.091880878,0.22460557
4cno_9PY_B_301,0,0.65682681,0.20737172,0.28635781,0.51121323,0.13050526,0.22810427
4cno_9PY_C_301,0,0.65682681,0.20737172,0.28635781,0.51121323,0.13050526,0.22810427
4cno_9PY_D_301,0.99007119,0.65685812,0.20406835,0.29511934,0.50973186,0.14368913,0.22612404
4crg_J4X_A_1493,0,0.65682681,0.20737172,0.28635781,0.51121323,0.13050526,0.22810427
4cvb_PQQ_A_1608,0,0,0.20780103,0.27950608,0.5115866,0.13562211,0.2143902
4cw2_XDS_A_1303,0,0,0.20780103,0.27950608,0.5115866,0.13562211,0.2143902
4cx6_Q16_B_800,1.7980389e-11,0.64025311,0.20726886,0.28575814,0.50862834,0.13037273,7.5478345e-09
4cxr_2BG_A_502,0.99651084,0.9942728,0.22411367,0.37660642,0.98196121,0.18956663,0.23457818
4d06_NAR_C_301,0,0.65682681,0.20737172,0.28635781,0.51121323,0.13050526,0.22810427
4d06_NAR_E_301,0.99419914,0.65685825,0.20405457,0.29515587,0.50972569,0.14374409,0.22611578
4d06_NAR_F_301,0.97458134,0.95399504,0.18202458,0.21397379,6.360607e-10,0.088895786,0.23082411
4d06_NAR_F_302,0.9941494,0.65685825,0.20405474,0.29515543,0.50972576,0.14374343,0.22611588
4d06_X8W_B_301,0.99502186,0.65685828,0.20405183,0.29516315,0.50972445,0.14375505,0.22611414
4d06_X8W_D_303,0.99223868,0.66057751,0.20195662,0.28706452,0.46098489,2.2269946e-08,0.22605314
4d0z_BBK_A_1581,0.93187622,0.9382103,0.20407861,0.29753937,0.509659,0.14072234,0.23211502
4d0z_BBK_B_1580,0.95713481,0,0.20460756,0.28797594,0.51015453,0.14836755,0.21247543
4d0z_BBK_E_1584,0.92336522,0,0.20472023,0.2876771,0.51020506,0.14791786,0.21254298
4d3s_BOG_F_1000,0.96742037,0.98758705,0.22119022,0.36466268,0.91158733,0.18201177,0.23428477
4d3s_BOG_H_1000,0.95094108,0,0.20462823,0.28792113,0.5101638,0.14828507,0.21248782
4d4u_FUC_A_950,0.98504497,0.65685796,0.20408512,0.29507486,0.50973938,0.1436222,0.22613409
4d4u_FUC_B_950,0.99300574,0.65685821,0.20405856,0.29514531,0.50972747,0.1437282,0.22611817
4d5e_TPP_A_1589,0.36990274,0.65683851,0.20613754,0.28963123,0.51065977,0.13543091,0.22736443
4d5e_TPP_B_1590,0,0.65682681,0.20737172,0.28635781,0.51121323,0.13050526,0.22810427
4d6z_PK9_A_1600,8.3803221e-06,0.65682681,0.20737169,0.28635789,0.51121321,0.13050537,0.22810426
4d96_5PA_B_501,0,0.65682681,0.20737172,0.28635781,0.51121323,0.13050526,0.22810427
4d96_5PA_C_402,0,0.64685407,0.20056749,0,0.35356844,0.11427729,0.22742232
4d96_5PA_D_501,0,0.65682681,0.20737172,0.28635781,0.51121323,0.13050526,0.22810427
4dch_4DC_A_502,0.96829989,0,0.20457031,0.28807474,0.51013783,0.14851622,0.21245309
4dch_GLC_A_501,0,0.98351441,0.23095934,0.9651267,0.96669289,0.18488314,0.0049831128
4dd8_BAT_A_1000,0,0.94422995,0.20718388,0.28935583,0.51104985,0.12826635,0.23410495
4dd8_BAT_B_1000,0.93643228,0.95764167,0.20405071,0.29778238,0.50964114,0.14063163,0.23251161
4dd8_BAT_C_1000,0.59027314,0.82103748,0.20529495,0.29329417,0.51023671,0.13708627,0.23035193
4do1_ANN_B_502,0.99638973,0.98563776,0.18193271,0.21450291,1.6661633e-08,0.088943453,0.23144127
4do1_ANN_C_502,0.99806827,0.97909159,0.18193136,0.21444936,8.3470383e-08,0.089016728,0.23130123
4do1_ANN_D_502,0.99500566,0.97936974,0.18194126,0.21442462,4.11256e-08,0.08897344,0.23131315
4dt8_ADN_B_401,0.9783334,0.98551584,0.22344126,0.37351704,0.96478848,0.18762952,0.23437992
4dta_ADN_A_401,0.99050774,0.97481296,0.18460915,0.22451382,0.061687314,0.095273646,0.23141274
4dta_ADN_B_401,0.98202126,0.95390452,0.18725364,0.23421512,0.12228223,0.10153499,0.23117558
4dtb_GMP_A_401,0,0,0.20780103,0.27950608,0.5115866,0.13562211,0.2143902
4du7_DP6_A_401,0.98583086,0.94204749,0.20389609,0.29805685,0.50957609,0.14141092,0.2320872
4du7_DP6_B_401,0.98082006,0.96139828,0.22364851,0.37405469,0.9694456,0.18832734,0.2338854
4dvw_0M4_B_512,0.62514079,0.99097395,0.20506755,0.29537542,0.51008794,0.13622673,0.23383031
4dwv_PFB_B_378,0.99182577,0.98198648,0.22348175,0.37391914,0.96671165,0.18803526,0.23428507
4e7v_CRS_1_101,0,0.98431918,0.20715767,0.28977402,0.51102706,0.12795405,0.23494198
4e7v_CRS_3_101,0.99789088,0.97780262,0.21191309,0.32956881,0.69783633,0.16057916,0.23337597
4e7v_CRS_E_101,0.25271518,0.9905427,0.20631042,0.29207526,0.51064541,0.13127078,0.23456636
4e7v_CRS_G_101,0.99448582,0.99519348,0.22464735,0.37862399,0.99424206,0.19079156,0.23463843
4e7v_CRS_I_101,0.9978539,0.98707028,0.20132434,0.28902358,0.4515021,0.1352482,0.2328278
4e7v_CRS_M_101,0.99555703,0.98743952,0.22450421,0.37799715,0.99087744,0.19052103,0.23446425
4e7v_CRS_O_101,0.9942327,0.98736929,0.22463694,0.37847726,0.99386439,0.19081007,0.23447442
4e7v_CRS_Q_101,0.99832261,0.98753869,0.21912393,0.35739623,0.86585662,0.177738,0.23408434
4e7v_CRS_S_101,0.18070844,0.98539739,0.20655404,0.29138439,0.51075607,0.13035201,0.23460298
4e7v_CRS_U_101,0.99700699,0.99039757,0.22386419,0.37560892,0.97613473,0.18900589,0.23447873
4e7v_CRS_Y_101,0.99746277,0.98949961,0.19414266,0.26146647,0.28434399,0.11808404,0.23237597
4e9z_651_A_301,0.99823689,0,0.20447042,0.28833966,0.51009303,0.14891487,0.2123932
4ea0_651_A_306,0.82475567,0.65685289,0.20461992,0.2936564,0.50997921,0.14148777,0.22645469
4ea0_651_B_305,0.88660388,0.65685485,0.20441357,0.29420372,0.50988667,0.14231135,0.22633098
4ejh_0QA_A_502,0.99249055,0.6568582,0.20406027,0.29514075,0.50972824,0.14372134,0.2261192
4ejh_0QA_D_502,0,0.68886984,0.20735078,0.28669204,0.51119501,0.13025566,0.22877324
4ejh_0QA_F_502,0,0.65682681,0.20737172,0.28635781,0.51121323,0.13050526,0.22810427
4ek1_CAM_A_502,0.066424545,0.98567145,0.20682271,0.28989109,0.50829123,0.12859995,0
4ek1_CAM_B_502,0.072793645,0.65682911,0.20712885,0.28700199,0.51110431,0.13147459,0.22795868
4ekr_0R0_A_202,0.9971705,0.99177384,0.18791817,0.23758541,0.13947097,0.10320748,0.2319878
4ekr_0R0_A_203,0.0064548937,0.94166089,0.20716402,0.28938615,0.51104165,0.12837232,0.23403839
4ekr_0R0_B_203,0,0.99207739,0.2071526,0.28985495,0.51102265,0.12789361,0.23510396
4evi_N7I_B_401,0.99517936,0.99259439,0.22479255,0.37916301,0.99763647,0.19116907,0.23459299
4evq_PHB_B_402,0.98976449,0.99211104,0.22470575,0.3787061,0.99519428,0.19084968,0.23458636
4evs_PHB_A_408,0.9955027,0.65685829,0.20405022,0.29516741,0.50972374,0.14376145,0.22611318
4f06_PHB_A_401,0.98213379,0.99116736,0.22910765,0.99671067,0.99503577,0.20127809,0.23501509
4f8n_GAL_A_204,0.98184816,0.65685786,0.20409578,0.29504657,0.50974417,0.14357963,0.22614049
4f8n_PC_A_202,0.9663152,0.92965042,0.18206727,0.21364362,2.5810723e-07,0.088973455,0.2303323
4fh7_TBP_A_202,0.02861531,0.020652629,0.20769206,0.27997474,0.51153204,0.13584227,0.21476417
4fm6_TYR_C_259,0.51899951,0,0.20606938,0.28409884,0.51081007,0.14253329,0.21335192
4fra_GAL_A_402,0.9772443,0.98949227,0.22302678,0.37195316,0.95511636,0.18659232,0.234436
4g1q_T27_A_601,0,0,0.20780103,0.27950608,0.5115866,0.13562211,0.2143902
4g1x_TQU_A_409,0,0.65682681,0.20737172,0.28635781,0.51121323,0.13050526,0.22810427
4g1x_TQU_A_410,0.9971105,0.99486641,0.18890995,0.24138046,0.1632594,0.10559395,0
4gcq_0JM_A_401,0,0.91666671,0.20720189,0.2890683,0.51106552,0.12848108,0.23352945
4gcq_0JM_B_401,0.00023758942,0.97055429,0.20716588,0.28963253,0.51103453,0.12806444,0.2346541
4ghf_4NC_A_402,0,0.93823821,0.20718779,0.28929333,0.51105326,0.12831303,0.23397984
4ghf_4NC_C_402,0,0.65682681,0.20737172,0.28635781,0.51121323,0.13050526,0.22810427
4ghf_4NC_D_402,0,0.93203626,0.20719185,0.28922863,0.51105678,0.12836134,0.23385035
4gim_PSU_B_400,0.97830455,0.65685775,0.20410761,0.29501521,0.50974947,0.14353244,0.22614757
4gim_PSU_C_400,0.94561269,0.65685672,0.20421668,0.29472591,0.50979838,0.14309711,0.22621296
4gmu_OXL_A_705,0,0.48852067,0.20748173,0.28460209,0.5113089,0.13181643,0.22459011
4gnp_PEP_A_703,0.99025742,0.95707198,0.21797055,0.35239787,0.83794124,0.17500339,0.23338023
4gt9_MEF_A_304,0,0,0.20780103,0.27950608,0.5115866,0.13562211,0.2143902
4gt9_UMP_A_302,0.49790126,0.65684256,0.20571047,0.29076394,0.51046826,0.13713535,0.22710842
4gy9_ZIP_A_201,0.99409346,0.98823186,0.21105316,0.3263191,0.67768399,0.15838096,0.23354064
4h4c_10D_A_402,0,0.65682681,0.20737172,0.28635781,0.51121323,0.13050526,0.22810427
4h4c_10D_B_402,0,0.65682681,0.20737172,0.28635781,0.51121323,0.13050526,0.22810427
4h9g_14J_A_512,0.0034863285,0.97718225,0.20715071,0.28973042,0.5110259,0.12805607,0.23478599
4h9x_HL4_A_404,0.58616657,0.65684535,0.20541598,0.29154503,0.51033619,0.1383107,0.22693189
4h9x_HL4_B_404,0.54444563,0.69167149,0.20553241,0.29153916,0.51037882,0.13748381,0.22774256
4hey_4MZ_A_303,0.8082825,0,0.2051042,0.28665872,0.51037724,0.14638539,0.21277321
4hey_4MZ_A_307,0.071537657,0,0.20756235,0.28013913,0.51147956,0.13657472,0.21424709
4hey_4MZ_A_308,0.8286018,0,0.20503641,0.28683852,0.51034684,0.14665597,0.21273256
4hez_1MZ_A_302,0,0.98590196,0.20715664,0.28979053,0.51102616,0.12794172,0.23497502
4hez_1MZ_A_304,0.22115159,0.80111648,0.20653955,0.28981995,0.51080032,0.13232615,0.23067444
4hez_1MZ_A_306,0.19139974,0.65683286,0.20673312,0.28805158,0.51092685,0.13305395,0.22772146
4hez_1MZ_A_307,0.076795885,0.78738104,0.20703016,0.28839924,0.51102411,0.13051087,0.23067644
4hgg_SYN_A_502,0.99810189,0.86131549,0.20390791,0.29732328,0.50960362,0.14220324,0.23037703
4hgg_SYN_B_502,0.99201502,0.94275026,0.18198186,0.21404185,0.00017374498,0.08923486,0.23055502
4hmx_WUB_A_302,0.0001287914,0.65682681,0.20737129,0.28635895,0.51121303,0.13050698,0.22810402
4hon_AKG_A_401,0.99662671,0,0.2044758,0.28832541,0.51009544,0.14889343,0.21239642
4hon_AKG_B_401,0.99329821,0,0.2044869,0.28829595,0.51010042,0.14884911,0.21240308
4hoz_GLC_A_703,0.99290205,0.65685821,0.2040589,0.29514439,0.50972763,0.14372682,0.22611838
4hrq_AZG_A_201,0.012747853,0.64840192,0.18544377,1.6833281e-28,0.037300879,0.078451546,0.2263703
4hrq_AZG_B_201,0,0.65682681,0.20737172,0.28635781,0.51121323,0.13050526,0.22810427
4hxk_1AJ_A_201,1.5991157e-05,0.65682681,0.20737167,0.28635795,0.5112132,0.13050547,0.22810424
4hzf_CMP_A_301,0.48825785,0.65684225,0.20574265,0.2906786,0.51048268,0.13700694,0.22712771
4hzf_CMP_A_302,0.8709495,0.65685435,0.2044658,0.29406519,0.50991009,0.14210289,0.22636229
4hzf_CMP_B_301,0,0.65682681,0.20737172,0.28635781,0.51121323,0.13050526,0.22810427
4i02_CMP_A_301,0,0.65682681,0.20737172,0.28635781,0.51121323,0.13050526,0.22810427
4i02_CMP_A_302,0.87754944,0.65685456,0.20444378,0.29412359,0.50990022,0.14219078,0.22634909
4i02_CMP_B_301,0.96012242,0.65685717,0.20416827,0.29485431,0.50977667,0.14329033,0.22618394
4i02_CMP_B_302,0.18131332,0.65683254,0.20676677,0.28796233,0.51094194,0.13291964,0.22774163
4i02_CMP_D_301,0.95881996,0.65685713,0.20417262,0.29484279,0.50977862,0.14327298,0.22618654
4i02_CMP_D_302,0.92813279,0.65685616,0.204275,0.29457122,0.50982454,0.14286435,0.22624792
4i02_CMP_F_301,0.52976567,0.99406744,0.20335394,0.28674396,0.46318037,0,0.23396818
4i0b_CMP_A_301,0.53440727,0.99449971,0.20536797,0.29460928,0.51022169,0.13499104,0.23408544
4i0b_CMP_A_302,0.97462773,0.97654145,0.22479152,0.37850608,0.99580115,0.19082929,0.23429332
4i0b_CMP_B_301,0.89837496,0.99509246,0.20415321,0.29783628,0.50967679,0.1398331,0.23336969
4i2p_G73_A_601,0.9862799,0.99185268,0.22463868,0.37836971,0.99336257,0.19061707,0.23458241
4i4v_NGA_A_201,0,0.94789829,0.20718148,0.28939409,0.51104777,0.12823778,0.23418154
4i4v_NGA_A_202,0.96863382,0.93122381,0.2175782,0.35008819,0.8267704,0.17376787,0.23285006
4i4v_NGA_B_201,0,0.95332484,0.20717793,0.2894507,0.51104468,0.1281955,0.23429484
4i4v_NGA_B_202,0,0.97947437,0.20716084,0.28972348,0.51102982,0.12799179,0.23484082
4i4v_NGA_D_201,0.98665319,0.98194089,0.2213156,0.36548774,0.91589457,0.18275546,0.23414143
4i4v_NGA_D_202,0,0.97422943,0.20716427,0.28966877,0.5110328,0.12803265,0.23473131
4i6s_FUC_A_101,0.98624321,0.94468373,0.22482424,0.37847106,0.99698009,0.19135303,0.23360847
4i6s_FUC_B_101,0.52744812,0.95106866,0.20541958,0.29409465,0.51025679,0.1352367,0.23319256
4i6s_FUC_B_102,0.97359678,0.96207217,0.22482752,0.37843476,0.99634592,0.19098342,0.23399489
4i6s_FUC_C_101,0.74154165,0.96938942,0.20469329,0.29618031,0.50992605,0.1379449,0.23314678
4i6w_1CO_B_1001,0.98595935,0.97242646,0.1824445,0.21607142,0.010918322,0.0900253,0.23121912
4i6y_MEV_A_501,0,0.65682681,0.20737172,0.28635781,0.51121323,0.13050526,0.22810427
4i6y_MEV_B_1001,0.99439308,0.65685826,0.20405393,0.29515759,0.5097254,0.14374668,0.22611539
4i7n_1DJ_A_202,0.99716477,0.65685835,0.20404468,0.29518211,0.50972125,0.14378358,0.22610985
4i7n_1DJ_B_203,0.99866992,0.65685839,0.20403966,0.29519543,0.509719,0.14380363,0.22610684
4i9n_1E5_B_402,0.99031155,0.65685813,0.20406754,0.29512147,0.5097315,0.14369233,0.22612356
4i9n_1E5_C_402,0.8633477,0.65685411,0.20449116,0.29399791,0.50992147,0.14200167,0.2263775
4i9n_1E5_F_402,0.93713698,0.65685645,0.20424496,0.2946509,0.50981106,0.14298425,0.22622991
4i9n_1E5_H_402,0.89727759,0.028893908,1.9234088e-49,0.20224613,8.9851661e-09,0.094210263,0.21163911
4i9n_1E6_A_401,0.99021964,0.65685813,0.20406785,0.29512065,0.50973164,0.1436911,0.22612374
4i9n_1E6_B_401,0.89919613,0.65685525,0.20437155,0.29431515,0.50986783,0.14247903,0.2263058
4i9n_1E6_C_401,0.97730695,0.63655167,0.22266052,0.36619824,0.8655176,0.92466044,0.22700849
4i9n_1E6_D_401,0.94817512,0.6568568,0.20420813,0.29474858,0.50979455,0.14313123,0.22620783
4i9n_1E6_F_401,0,0.65682681,0.20737172,0.28635781,0.51121323,0.13050526,0.22810427
4i9n_1E6_G_401,0,0.65682681,0.20737172,0.28635781,0.51121323,0.13050526,0.22810427
4ioq_BAQ_A_201,0.99515791,0.98961076,0.18193518,0.21453712,2.1962924e-05,0.088898373,0.23152675
4iph_1FJ_A_201,0.98293708,0,0.20452147,0.28820426,0.51011593,0.14871114,0.21242381
4iph_1FJ_A_202,0.0023835989,0,0.20779308,0.27952718,0.51158303,0.13565385,0.21438543
4itu_1HS_A_302,7.9335427e-06,0.65682681,0.2073717,0.28635788,0.51121321,0.13050537,0.22810426
4itu_1HS_B_302,7.3478855e-06,0.65682681,0.2073717,0.28635788,0.51121321,0.13050536,0.22810426
4itu_1HS_D_302,5.1528215e-06,0.65682681,0.2073717,0.28635786,0.51121322,0.13050533,0.22810426
4ixw_IXW_B_302,0.00090207446,0.65682684,0.20736871,0.2863658,0.51121188,0.13051727,0.22810247
4j0k_EGR_A_501,0.9034004,0.7287984,0.2043105,0.2951029,0.50982064,0.14197451,0.22779964
4j0k_EGR_B_501,0.9409488,0.77542336,0.20415474,0.29592154,0.50973796,0.14211129,0.22869801
4j4b_0TF_A_904,0.97641548,0.65685769,0.20411391,0.29499849,0.50975229,0.14350729,0.22615135
4j4b_0TF_B_301,0.97586855,0.65685767,0.20411573,0.29499365,0.50975311,0.1435,0.22615245
4j5h_1K4_A_303,0,0.94585595,0.20718281,0.28937279,0.51104893,0.12825369,0.2341389
4j7u_YTZ_A_802,0.95283946,0.95988885,0.2039945,0.29795102,0.50961531,0.14083261,0.23252571
4j7u_YTZ_B_802,0.94858893,0.89629386,0.20405025,0.29725001,0.50965782,0.14127142,0.2312064
4j7u_YTZ_D_802,0.99379934,0.98712551,0.18197984,0.21464704,0.00092071355,0.088991543,0.23148028
4jb0_ENO_A_402,0.93883266,0,0.20466863,0.28781398,0.51018192,0.14812383,0.21251204
4jb0_FER_A_401,0,0,0.20780103,0.27950608,0.5115866,0.13562211,0.2143902
4jh6_FCN_A_202,0.99536604,0.92701857,0.2038741,0.29798445,0.50957037,0.14165497,0.23175433
4jh6_FCN_B_202,0,0,0.20780103,0.27950608,0.5115866,0.13562211,0.2143902
4jhh_H35_A_201,0.96983172,0.65685748,0.20413588,0.29494023,0.50976214,0.14341962,0.22616452
4jp3_CIT_A_301,0,0.65682681,0.20737172,0.28635781,0.51121323,0.13050526,0.22810427
4jwx_1N4_A_301,0.99003527,0.96906381,0.2235844,0.37407301,0.98708271,0,0.23405851
4jxh_HRC_A_301,0.98481105,0.65685795,0.2040859,0.29507279,0.50973973,0.14361908,0.22613456
4jzx_476_A_402,0.98889299,0.65685808,0.20407228,0.29510891,0.50973362,0.14367344,0.2261264
4jzx_IPE_A_401,0,0.65682681,0.20737172,0.28635781,0.51121323,0.13050526,0.22810427
4k5g_Q13_A_803,0.021061927,0.65682748,0.20730145,0.2865442,0.51118171,0.13078572,0.22806215
4k5g_Q13_B_803,0.22522573,0.65683393,0.20662026,0.28835092,0.51087624,0.13350438,0.2276538
4k5u_GAL_B_301,0,0.98416174,0.20715778,0.28977238,0.51102715,0.12795528,0.23493869
4k5u_GAL_C_301,0.92530297,0.98466455,0.20407018,0.29796579,0.50964243,0.14027292,0.23309809
4k5u_GAL_D_301,0,0.98754743,0.20715556,0.28980769,0.51102523,0.1279289,0.23500938
4k90_MLA_A_704,0.98196275,0.65685786,0.2040954,0.29504758,0.50974399,0.14358115,0.22614026
4kfj_1R0_A_202,0,0.65682681,0.20737172,0.28635781,0.51121323,0.13050526,0.22810427
4kp7_1UQ_B_502,0.99343385,0.94583919,0,0.37004561,0.95483281,0.18616007,0.23346438
4kqk_PCR_A_403,0.99598812,0.9984589,0.22465402,0.37872439,0.99456061,0.19081909,0.23470457
4kqk_PCR_B_703,0.99704905,0.99768388,0.22461139,0.37857365,0.99363817,0.19074476,0.23468349
4kqx_HIO_A_402,0.81156222,0.95520729,0.20446893,0.29665199,0.50982935,0.1389878,0.23271059
4kqx_HIO_B_401,0.80305821,0.92153853,0.20175158,0.28559649,0.44556243,0.13253101,0.23183064
4kux_FPS_A_704,0.86740178,0.92710586,0.20430099,0.29685299,0.50976178,0.13995028,0.23201215
4kux_FPS_B_405,0,0.94015224,0.20718654,0.28931329,0.51105217,0.12829812,0.23401981
4kux_FPS_C_705,0,0.90848005,0.20720724,0.2889829,0.51107017,0.12854485,0.23335852
4kux_FPS_D_704,0,0.90060287,0.20721239,0.28890073,0.51107465,0.12860622,0.23319405
4kwl_3SS_A_302,0.98946674,0.99136081,0.22063938,0.36307369,0.90050951,0.1811427,0.23428618
4l1x_STR_A_402,0.98821587,0.65685806,0.20407454,0.29510292,0.50973464,0.14366442,0.22612775
4l1x_STR_B_402,0,0.65682681,0.20737172,0.28635781,0.51121323,0.13050526,0.22810427
4l4d_CAM_A_503,0,0.65682681,0.20737172,0.28635781,0.51121323,0.13050526,0.22810427
4l7p_M95_A_601,0.97495861,0,0.20454809,0.28813366,0.51012786,0.14860489,0.21243977
4l80_OXL_A_402,0.99550802,0.65685829,0.20405021,0.29516745,0.50972373,0.14376152,0.22611316
4l80_OXL_B_402,0.98072824,0.65685783,0.20409952,0.29503666,0.50974584,0.14356471,0.22614273
4l80_OXL_C_402,0.99606764,0.65685831,0.20404834,0.2951724,0.50972289,0.14376898,0.22611205
4l80_OXL_D_402,0.99482162,0.65685827,0.2040525,0.29516138,0.50972475,0.14375238,0.22611454
4l80_OXL_E_402,0.99179727,0.65685818,0.20406259,0.29513461,0.50972928,0.14371211,0.22612059
4l80_OXL_F_402,0.99232612,0.65685819,0.20406082,0.29513929,0.50972849,0.14371915,0.22611953
4l8q_XMM_A_303,0.12899927,0.82378864,0.20683219,0.28924098,0.51092531,0.1309224,0.23133217
4l91_X29_A_301,0.99558306,0.6568583,0.20404996,0.29516812,0.50972361,0.14376252,0.22611301
4lek_1DN_X_202,0,0.99418086,0.20715123,0.28987689,0.51102146,0.12787722,0.23514788
4lm7_U5P_A_201,0.7553354,0.86152891,0.20471776,0.29517723,0.50996673,0.13896884,0.23086715
4lo1_GAL_A_301,0.97194241,0.96615984,0.22371271,0.37417055,0.97033081,0.18826199,0.23400522
4lo1_GAL_B_301,0,0.95478858,0.20717697,0.28946597,0.51104385,0.1281841,0.2343254
4lol_1YE_A_402,0.99567078,0.97010127,0.18194497,0.21433332,3.5719712e-09,0.089054191,0.2311183
4luu_BTM_A_704,0.00048386375,0,0.20779942,0.27951036,0.51158587,0.13562855,0.21438923
4lvb_20N_B_601,0.99380289,0.99418104,0.1819358,0.21456928,3.032122e-07,0.088842539,0.23162482
4lxi_22J_A_301,0.90201603,0.65685534,0.20436214,0.29434011,0.50986361,0.14251658,0.22630016
4lz3_BTM_A_409,0.98642741,0.98622247,0.22082397,0.36365027,0.90449749,0.18155062,0.23419697
4lz7_1YW_B_804,0.19717189,0.65683305,0.20671386,0.28810266,0.51091821,0.13313082,0.22770991
4lz7_1YW_C_804,0,3.440424e-08,0.20780103,0.27950608,0.5115866,0.13562211,0.2143902
4m2c_DAR_C_402,0.97985841,0,0.20453174,0.28817702,0.51012053,0.14867014,0.21242997
4m2c_DAR_D_402,0,0,0.20780103,0.27950608,0.5115866,0.13562211,0.2143902
4m54_AE5_A_403,5.927046e-05,0,0.20780083,0.27950661,0.51158651,0.1356229,0.21439008
4m72_M72_B_402,0,0,0.20780103,0.27950608,0.5115866,0.13562211,0.2143902
4ma8_Z80_C_301,0,0.73788609,0.20731874,0.28720335,0.51116715,0.12987382,0.22979666
4mgj_CPZ_A_502,8.6485453e-05,0.98116181,0.20715945,0.28974185,0.51102873,0.1279798,0.23487588
4mig_G3F_A_802,0.95445049,0.65685699,0.20418719,0.29480412,0.50978516,0.1432148,0.22619528
4mig_G3F_B_802,0.98360732,0.65541436,0.99259036,0.29517596,0.47691941,0.14367412,0.22611479
4mig_G3F_D_802,0.96683168,0.65685739,0.20414589,0.29491368,0.50976663,0.14337967,0.22617052
4mju_27S_A_501,0.67541437,0.65684817,0.2051182,0.29233482,0.51020266,0.13949913,0.22675338
4mog_G3F_A_802,0.94564143,0.92957132,0.20403833,0.29757106,0.50964331,0.14097294,0.23190711
4mol_2FG_C_703,0.0074979064,0.65682705,0.20734671,0.28642416,0.51120201,0.1306051,0.22808928
4mol_2FG_D_802,0.0070901202,0.65682703,0.20734807,0.28642056,0.51120262,0.13059967,0.22809009
4mop_2H5_A_802,0.011034262,0.91595387,0.20716554,0.28915851,0.51104942,0.12863356,0.23349249
4mop_2H5_B_802,0.99591975,0.65685831,0.20404883,0.2951711,0.50972311,0.14376701,0.22611234
4mop_2H5_C_703,0.95564687,0.65685703,0.2041832,0.29481471,0.50978337,0.14323073,0.22619289
4mpr_TPP_A_602,0,0.95581788,0.2071763,0.28947671,0.51104326,0.12817608,0.23434689
4mr7_2BV_A_501,0,0,0.20780103,0.27950608,0.5115866,0.13562211,0.2143902
4mr8_2BW_A_507,0,0.95022785,0.20717996,0.2894184,0.51104644,0.12821963,0.23423018
4mux_2E4_A_402,0,0.65682681,0.20737172,0.28635781,0.51121323,0.13050526,0.22810427
4n36_2F8_A_401,0,0.65682681,0.20737172,0.28635781,0.51121323,0.13050526,0.22810427
4n36_2F8_B_401,0,0.96049557,0,0.28466544,0.48173371,0.12512264,0.23435719
4n36_2F8_C_401,0,0.65682681,0.20737172,0.28635781,0.51121323,0.13050526,0.22810427
4n4j_HG1_A_605,0.96596352,0.94848261,0.19670223,0.2700829,0.34090253,0.12377828,0.23175274
4n4j_HG1_A_606,0.5819457,0,0.20585938,0.28465582,0.51071589,0.14337144,0.213226
4n4j_HG1_A_607,3.3184418e-08,0.90865764,0.20720713,0.28898476,0.51107007,0.12854347,0.23336223
4n4j_HG1_A_608,0.0016010646,0.86529873,0.20723012,0.28854662,0.51109232,0.12890256,0.23245373
4n5p_2H0_E_412,0.99056021,0.65685814,0.20406671,0.29512367,0.50973113,0.14369564,0.22612306
4n6w_FLC_A_203,0,0.98522969,0.20715708,0.28978352,0.51102655,0.12794696,0.23496099
4n94_2HO_A_401,0.0019292408,0.99624085,0.20714344,0.28991545,0.5110174,0.12788687,0.23518703
4n9v_AZA_A_401,0.017437472,0.97544483,0.20710529,0.28983575,0.51100602,0.12825538,0.2347218
4n9v_AZA_A_402,0,0.69008367,0.20734999,0.2867047,0.51119432,0.13024621,0.22879858
4n9v_AZA_A_403,0,0.027836011,0.20778284,0.27979645,0.51157078,0.13540526,0.2149714
4ndn_PPK_A_406,0.90226474,0,0.20479063,0.28749038,0.51023663,0.14763688,0.2125852
4ndn_PPK_C_404,0,0.94931982,0.20718055,0.28940892,0.51104696,0.1282267,0.23421122
4nf4_2JK_A_301,0,0,0.20780103,0.27950608,0.5115866,0.13562211,0.2143902
4ni1_2JX_A_203,2.3874317e-06,0,0.20780102,0.2795061,0.5115866,0.13562214,0.2143902
4ni1_2JX_A_204,0,0,0.20780103,0.27950608,0.5115866,0.13562211,0.2143902
4nir_6DH_A_307,0.99514521,0.65685828,0.20405142,0.29516424,0.50972427,0.14375669,0.22611389
4nir_6DH_A_308,0,0.65682681,0.20737172,0.28635781,0.51121323,0.13050526,0.22810427
4nir_6DH_B_306,1.003211e-05,0.65682681,0.20737169,0.2863579,0.51121321,0.13050539,0.22810425
4nkw_PLO_A_601,0.98700299,0.65685802,0.20407858,0.29509219,0.50973645,0.14364827,0.22613018
4nkw_PLO_B_601,0.99066857,0.65685814,0.20406635,0.29512463,0.50973097,0.14369708,0.22612284
4nkw_PLO_C_601,7.6450406e-07,0.65682681,0.20737172,0.28635782,0.51121322,0.13050527,0.22810427
4nkw_PLO_D_601,0.98034375,0.65685781,0.2041008,0.29503326,0.50974642,0.14355959,0.22614349
4np7_DPJ_A_403,0,0.65682681,0.20737172,0.28635781,0.51121323,0.13050526,0.22810427
4npm_SIN_A_301,0.99523311,0.40064671,0.20421858,0.29249242,0.50986978,0.14575375,0.22076438
4nv0_MG7_B_402,7.2887944e-06,0,0.20780101,0.27950615,0.51158659,0.1356222,0.21439019
4o7g_ASC_B_303,0.98358203,0.97739772,0.18251277,0.21634645,0.012399145,0.090106692,0.23133213
4o7g_ASC_B_304,0.12732296,0,0.20737622,0.28063279,0.5113961,0.13731757,0.21413549
4o95_245_A_602,0.93665459,0.98405158,0.20403271,0.29805985,0.50962579,0.14042885,0.23306259
4ocu_NDG_A_401,0,0.65682681,0.20737172,0.28635781,0.51121323,0.13050526,0.22810427
4ofu_DHT_A_1001,0.99281794,0.65685821,0.20405918,0.29514365,0.50972775,0.1437257,0.22611855
4ovl_1TD_A_308,0.99390769,0.94330338,0.22450769,0.37740359,0.99017838,0.19076922,0.23354386
4ox5_DAL_A_307,0,0,0.20780103,0.27950608,0.5115866,0.13562211,0.2143902
4oxy_1TN_A_302,0.98129797,0.97494096,0.1819915,0.21426331,5.4457692e-05,0.088829255,0.23124822
4oxy_1TN_B_302,0.98677158,0.98767604,0.22430996,0.37706389,0.98568679,0.18986898,0.2344711
4p5y_NGA_A_201,0.9865421,0.99005169,0.19805751,0.2762714,0.37464,0.12719189,0.2326812
4p7q_NAG_A_703,0.084504057,0.65682948,0.20708977,0.28710562,0.51108679,0.13163052,0.22793526
4p7q_NAG_A_704,0,0.65682681,0.20737172,0.28635781,0.51121323,0.13050526,0.22810427
4p7q_NAG_A_706,0.11122306,0.65683033,0.20700063,0.28734207,0.51104681,0.13198632,0.22788182
4p8c_2J3_A_504,0.68942883,0,0.20550076,0.28560696,0.51055507,0.14480271,0.21301098
4p8c_Y22_B_502,0,0.65682681,0.20737172,0.28635781,0.51121323,0.13050526,0.22810427
4pb4_PLP_A_401,0,0.94958664,0.20718037,0.28941171,0.51104681,0.12822462,0.23421679
4pb4_PLP_B_401,0,0.81198516,0.20727031,0.28797632,0.51112503,0.12929657,0.23134379
4pbr_2L7_A_401,0.99532386,0.98982832,0.22342053,0.3738613,0.96567063,0.18791473,0.23443869
4pgi_Y69_A_303,0.96262219,0.65685725,0.20415993,0.29487643,0.50977293,0.14332361,0.22617894
4pik_MAN_C_503,0.76768728,0.98020728,0.20459898,0.29652452,0.50988078,0.13820879,0.23332034
4pxd_1AL_A_502,0,0.97824081,0.20716165,0.28971061,0.51103052,0.1280014,0.23481507
4pxd_1AL_B_502,0,0.98657202,0.2071562,0.28979752,0.51102578,0.1279365,0.23498902
4q3a_2YC_A_904,0.86737563,0.65685424,0.20447772,0.29403356,0.50991544,0.1420553,0.22636944
4q3a_2YC_B_904,0,0.65682681,0.20737172,0.28635781,0.51121323,0.13050526,0.22810427
4q3a_2YC_C_904,0.92837893,0.65685617,0.20427418,0.2945734,0.50982417,0.14286763,0.22624743
4q40_VAL_A_403,0,0,0.20780103,0.27950608,0.5115866,0.13562211,0.2143902
4q40_VAL_B_403,0,0.00019816725,0.2078009,0.27950815,0.51158649,0.13562056,0.21439434
4q40_VAL_C_404,0,0,0.20780103,0.27950608,0.5115866,0.13562211,0.2143902
4q40_VAL_D_403,0.99675676,0.99115117,0.19753266,0.27449127,0.36322147,0.12614971,0.23264938
4qbz_D80_A_917,6.5425734e-05,0.65682681,0.2073715,0.28635839,0.51121313,0.13050613,0.22810414
4qbz_D80_B_901,0.99623849,0.65685832,0.20404777,0.29517392,0.50972263,0.14377125,0.2261117
4qck_ASD_A_404,0.97764501,0,0.20453913,0.28815743,0.51012384,0.14864067,0.2124344
4qe1_RUU_A_403,0,0.65682681,0.20737172,0.28635781,0.51121323,0.13050526,0.22810427
4qpe_37E_A_901,0.99374267,0.65685824,0.2040561,0.29515183,0.50972637,0.14373802,0.2261167
4qxc_OGA_A_600,0.99713744,0.65685834,0.20404477,0.29518187,0.50972129,0.14378322,0.22610991
4qxc_OGA_C_600,0,0.65682681,0.20737172,0.28635781,0.51121323,0.13050526,0.22810427
4qya_LU2_A_201,0.98717476,0.65685803,0.20407801,0.29509371,0.5097362,0.14365056,0.22612983
4qya_LU2_B_201,0,0.65682681,0.20737172,0.28635781,0.51121323,0.13050526,0.22810427
4r08_URI_D_901,0,0,0.20780103,0.27950608,0.5115866,0.13562211,0.2143902
4r2n_PHE_C_402,0.00085510106,0.8765809,0.20722524,0.28865771,0.51108703,0.12880474,0.23269078
4r2n_PLP_A_401,0,0.65682681,0.20737172,0.28635781,0.51121323,0.13050526,0.22810427
4r3n_3GQ_B_404,0.86026705,0.65685402,0.20450144,0.29397065,0.50992608,0.14196064,0.22638366
4rcv_DE2_A_403,0,0.65682681,0.20737172,0.28635781,0.51121323,0.13050526,0.22810427
4rg3_ECE_A_603,0.39722291,0.98836796,0.2058297,0.29333135,0.51043044,0.13321202,0.23423186
4rii_TYD_A_401,0,0,0,0.27463953,0.48224055,0.13260108,0.21430271
4rii_TYD_B_401,0.94001228,0.65685654,0.20423537,0.29467635,0.50980676,0.14302254,0.22622416
4rje_PYR_A_402,0.74839893,0.65685048,0.20487469,0.29298069,0.51009346,0.140471,0.22660741
4rje_PYR_C_402,0,0.65682681,0.20737172,0.28635781,0.51121323,0.13050526,0.22810427
4rkz_3S4_B_401,0,0.94027835,0,0.2844239,0.48158066,0.12526625,0.2163614
4rm3_FOA_A_1000,0.97910876,0.99066461,0.18372845,0.22108986,0.040549919,0.09283034,0.23170285
4rm3_FOA_B_1000,0.98819616,0.99223581,0.18297205,0.21840219,0.023662431,0.09120859,0.23166665
4rql_SNE_A_505,0.99305665,0.65685822,0.20405839,0.29514576,0.50972739,0.14372888,0.22611807
4rql_SNE_B_502,0.98532899,0.65691628,0.19959122,0.27782346,0.40531124,0.13290227,0.22581949
4s38_CDI_A_900,0,0,0.20780103,0.27950608,0.5115866,0.13562211,0.2143902
4tq4_DMA_B_403,0,0.91673464,0.20720185,0.28906901,0.51106548,0.12848055,0.23353087
4tq4_DMA_C_403,0.95790485,0.6568571,0.20417567,0.29483469,0.50977999,0.1432608,0.22618837
4tq4_DMA_D_403,0.9842704,0.65685794,0.2040877,0.29506801,0.50974054,0.14361188,0.22613564
4tqi_6BD_A_201,0.92487826,0.65685606,0.20428586,0.29454242,0.5098294,0.14282101,0.22625443
4tqi_6BD_B_201,0.95377808,0.65685697,0.20418944,0.29479817,0.50978616,0.14320584,0.22619663
4trj_665_A_501,0.87354375,0.97642702,0.20424826,0.29742183,0.50972455,0.13964785,0.23302965
4tsk_TLA_A_404,0,0,0.20780103,0.27950608,0.5115866,0.13562211,0.2143902
4tyv_BGC_B_701,0.0043567237,0.94268702,0.20717035,0.28937829,0.51104421,0.12833639,0.23406402
4u7g_K17_B_303,0,0.96404198,0.20717093,0.2895625,0.51103859,0.12811201,0.23451861
4u8p_UDP_C_603,0.97078699,0,0.20456201,0.28809675,0.5101341,0.14854934,0.21244812
4u8y_MIY_B_1102,0,0.9426336,0.20718492,0.28933918,0.51105076,0.12827879,0.23407162
4ubp_HAE_C_800,0,0.65682681,0.20737172,0.28635781,0.51121323,0.13050526,0.22810427
4uc9_ASP_A_1300,0,0,0.20780103,0.27950608,0.5115866,0.13562211,0.2143902
4uc9_ASP_B_1300,0,2.1667471e-05,0.20780102,0.27950631,0.51158659,0.13562194,0.21439065
4uc9_ASP_C_1300,0.70422773,0,0.20545138,0.28573792,0.51053293,0.14499977,0.21298137
4uch_OLW_A_800,0,0.65682681,0.20737172,0.28635781,0.51121323,0.13050526,0.22810427
4ud9_FQI_H_1257,0.99553818,0.99824518,0.22475386,0.3790953,0.99684691,0.19104914,0.23470789
4udc_DEX_A_1778,0.99319767,0.99631688,0.20383604,0.29868815,0.50953422,0.14108624,0.23320556
4ug6_XFJ_A_904,0.038658154,0.65682803,0.20724274,0.28669991,0.51115538,0.13102004,0.22802695
4ug7_1EV_A_904,0.96100584,0.6568572,0.20416532,0.29486213,0.50977535,0.14330209,0.22618217
4ugf_Q16_A_904,0,0.65682681,0.20737172,0.28635781,0.51121323,0.13050526,0.22810427
4ugg_S5D_A_904,0.10672969,0.97986887,0.20680448,0.29067207,0.5108699,0.12940996,0.23463554
4umd_CIT_A_1174,0.75898469,0.65685081,0.20483937,0.29307436,0.51007762,0.14061196,0.22658623
4uoc_NCN_B_400,0,0,0.2076938,0.27904517,0.50907434,0.13540356,0
4upd_7P9_B_1550,7.8624181e-05,0.65682681,0.20737146,0.28635851,0.51121311,0.13050631,0.22810412
4ur9_BK9_A_1717,0.99030694,0.99511855,0.18506211,0.22651179,0.072516129,0.096223964,0.23186974
4ur9_BK9_B_1717,0.0012290962,0.99591362,0.18374205,5.2175772e-09,0.0015978673,0.071993846,0.23349724
4ur9_OAN_B_1718,0.89753483,0,0.20480642,0.28744853,0.51024371,0.1475739,0.21259466
4uy7_HIS_A_800,0,0.65682681,0.20737172,0.28635781,0.51121323,0.13050526,0.22810427
4uy7_HIS_B_800,0,0.65682681,0.20737172,0.28635781,0.51121323,0.13050526,0.22810427
4uzi_IMD_B_1455,0.86494796,0.64089495,0.20449625,0.29384566,0.50992815,0.14214725,0.22604121
4uzi_IMD_B_1456,0.8941696,0.99299115,0.20416862,0.29777714,0.50968427,0.13979347,0.23333423
4v2z_Y70_A_151,0.99272155,0.65685821,0.2040595,0.29514279,0.5097279,0.14372442,0.22611874
4v36_LYN_A_1851,0,1.1230582e-09,0.20780103,0.27950608,0.5115866,0.13562211,0.2143902
4v3w_E2Z_A_800,0.0007964011,0.65682683,0.20736906,0.28636486,0.51121203,0.13051586,0.22810268
4v3w_E2Z_B_800,0.19068595,0.98831743,0.20651884,0.29150314,0.51073949,0.13046212,0.23464399
4w1v_3GS_B_502,0,0.65682681,0.20737172,0.28635781,0.51121323,0.13050526,0.22810427
4wbd_CIT_A_602,0.89966864,0.65685526,0.20436997,0.29431933,0.50986712,0.14248532,0.22630485
4wca_CIT_A_401,0,0.85602974,0.20724152,0.28843577,0.51109999,0.12895345,0.2322634
4wdd_CIT_A_401,0.98767434,0.92971153,0.18867164,0.23947011,0.15536286,0.10519041,0.23075874
4wdx_WDX_A_402,0,0,0.20780103,0.27950608,0.5115866,0.13562211,0.2143902
4wmz_TPF_A_602,0,0.98900676,0.20715461,0.28982292,0.5110244,0.12791753,0.23503985
4wqq_MAN_A_204,0.91004476,0.65685559,0.20433535,0.29441115,0.5098516,0.14262349,0.2262841
4wqq_MAN_B_204,0.017094036,0.65682735,0.20731469,0.28650908,0.51118765,0.13073289,0.22807008
4wqq_MAN_C_204,0,0.65682681,0.20737172,0.28635781,0.51121323,0.13050526,0.22810427
4wqq_MAN_D_204,0.81890647,0.65685271,0.20463944,0.29360464,0.50998796,0.14140988,0.22646638
4ws1_URF_A_301,0.035058805,0.65682792,0.20725475,0.28666806,0.51116077,0.13097211,0.22803415
4ws6_WBU_A_301,0,0.96191823,0.20717231,0.28954034,0.5110398,0.12812856,0.23447426
4wua_3UL_A_701,0.98708508,0.65685803,0.20407831,0.29509291,0.50973633,0.14364936,0.22613001
4wxb_CIT_A_501,0.79853253,0.65685206,0.20470742,0.29342434,0.51001845,0.14113858,0.22650713
4wxb_CIT_B_501,0.90996692,0.65685559,0.20433561,0.29441047,0.50985172,0.14262245,0.22628425
4wxb_CIT_C_501,0.31199923,0.65683668,0.20633074,0.28911882,0.51074641,0.13465987,0.22748025
4wxb_CIT_D_501,0,0.65682681,0.20737172,0.28635781,0.51121323,0.13050526,0.22810427
4x2f_3WJ_A_601,0.99857514,0.98539369,0.22454398,0.37818875,0.99200375,0.19069291,0.23441889
4x36_CHT_A_408,0.99463491,0.97509629,0.18456571,0.22444008,0.060996447,0.095256034,0.23140833
4x36_CHT_A_409,0.99646917,0.97188093,0.22441547,0.37747474,0.98865111,0.19042556,0.23413085
4x36_CHT_A_411,0.87202325,0.92654684,0.20428594,0.29688805,0.50975518,0.14001618,0.23199123
4x36_CHT_A_412,0,0.64830959,0.18652265,2.0650617e-26,0.061966186,0.0807552,0.22646664
4x3j_3WR_A_1201,0.98624027,0.97209732,0.2241506,0.37623878,0.98170602,0.18957438,0.23413489
4xf0_CYS_A_502,0.99501274,0.94212112,0.22360508,0.37394589,0.96923581,0.18864581,0.2334539
4xfh_CYS_A_502,0,0.65682681,0.20737172,0.28635781,0.51121323,0.13050526,0.22810427
4xh4_PPI_A_504,0.99779281,0.65685837,0.20404258,0.29518767,0.50972031,0.14379195,0.22610859
4xp0_42A_A_404,0.99687933,0.98992031,0.18252622,0.21684819,0.013915543,0.090343713,0.23157161
4xp3_DX4_A_401,0,0,0.20780103,0.27950608,0.5115866,0.13562211,0.2143902
4xpq_FUL_A_1003,0.017863074,0.65682737,0.20731212,0.28651589,0.5111865,0.13074313,0.22806855
4xpq_FUL_A_1004,0.0056294515,0.65682699,0.20735294,0.28640763,0.5112048,0.13058022,0.22809301
4xti_IMP_A_601,0.96372754,0,0.20458556,0.28803428,0.51014467,0.14845534,0.21246224
4xti_IMP_B_601,0.96915676,0,0.20456745,0.28808232,0.51013654,0.14852763,0.21245138
4xv4_25T_A_302,0.99781225,0.99723952,0.18235645,0.21631114,0.010143747,0.089912771,0.23171122
4xv4_25T_A_303,0.77106562,0.99754875,0.20457637,0.29673532,0.50986587,0.13811868,0.23367566
4xz9_G3P_B_302,0.9904519,0.94481558,0.19878155,0.2785512,0.39112219,0.12928499,0.23177848
4xz9_G3P_C_302,0.99723439,0.95554234,0.18648434,0.2316115,0.10556462,0.10001241,0.23112905
4xzh_48I_A_402,0.99561665,0.6568583,0.20404984,0.29516841,0.50972356,0.14376297,0.22611295
4xzh_48I_B_402,0.99490213,0.65685827,0.20405223,0.29516209,0.50972463,0.14375346,0.22611438
4y14_C0A_A_407,0.96805373,0.65685742,0.20414181,0.2949245,0.5097648,0.14339594,0.22616808
4y14_C0A_B_404,0.97211292,0.65685755,0.20412826,0.29496042,0.50975873,0.14344999,0.22615996
4y6n_3PG_A_402,0.98158737,0,0.20452598,0.28819232,0.51011795,0.14869316,0.21242651
4yjs_4DN_A_701,0,0.65682681,0.20737172,0.28635781,0.51121323,0.13050526,0.22810427
4ynu_LGC_A_602,0,0,0.20780103,0.27950608,0.5115866,0.13562211,0.2143902
4ysx_MLI_A_701,0.99129179,0.83010616,0.20395103,0.29693746,0.50963155,0.14235568,0.22973903
4ysx_MLI_E_701,0.98895814,0.93643956,0.20388932,0.29802603,0.5095746,0.14149625,0.23196385
4yu7_DHC_A_203,0.43601167,0.12943757,0.20626168,0.28471466,0.51086066,0.1404198,0.2162205
4yu7_DHC_A_204,0.57327386,0.88076034,0.20531264,0.29376674,0.5102282,0.13639465,0.2316329
4yu7_DHC_B_203,0,0.83104606,0.20725785,0.28817515,0.51111419,0.12914808,0.23174176
4ywb_OXD_C_704,0.9971287,0.65685834,0.2040448,0.29518179,0.5097213,0.1437831,0.22610992
4ywd_NTM_A_704,0.044634742,0.94738022,0.20703289,0.28978367,0.51098128,0.12883618,0.23408143
4z1d_PEP_A_300,0.82637592,0.65685294,0.20461452,0.29367074,0.50997679,0.14150935,0.22645144
4z1d_PEP_B_300,0.88488139,0.65685479,0.20441931,0.29418847,0.50988925,0.14228841,0.22633443
4z69_DIF_A_1006,0,0.43761168,0.207515,0.28407103,0.51133784,0.13221302,0.22352717
4z69_DIF_A_1008,0,0,0.20780103,0.27950608,0.5115866,0.13562211,0.2143902
4z69_DIF_I_1006,0.97985257,0.4758969,0.20422071,0.29314129,0.50985002,0.14496272,0.22236632
4z6p_DHY_C_403,0.98436267,0.65685794,0.20408739,0.29506882,0.5097404,0.14361311,0.22613546
4za7_4LV_A_606,0.98510271,0.65685796,0.20408492,0.29507537,0.5097393,0.14362297,0.22613398
4zb2_FRU_A_404,0,0.65722628,0,0.28149838,0.48189374,0.12748497,0.22802225
4zb2_GLC_A_403,0,0.65682681,0.20737172,0.28635781,0.51121323,0.13050526,0.22810427
4zb5_GLC_A_403,0.98060384,0.65685782,0.20409993,0.29503556,0.50974603,0.14356306,0.22614297
4zbc_FRU_A_409,0.99597874,0.65685831,0.20404864,0.29517162,0.50972302,0.14376779,0.22611222
4zbc_FRU_A_410,0.007092705,0.65682703,0.20734806,0.28642058,0.51120261,0.13059971,0.22809009
4zbc_FRU_B_408,0.0056344966,0.65682699,0.20735292,0.28640767,0.5112048,0.13058029,0.228093
4zbc_GLC_A_407,0,0.65682681,0.20737172,0.28635781,0.51121323,0.13050526,0.22810427
4zbc_GLC_A_408,0.087158684,0.65682957,0.20708092,0.28712911,0.51108282,0.13166587,0.22792995
4zdz_TPF_A_602,3.7063607e-05,0.65682681,0.2073716,0.28635814,0.51121317,0.13050575,0.2281042
4zhd_4OZ_B_202,0.017621969,0.61909143,0.20733759,0.28612008,0.51120831,0.13103391,0.22728107
4zhd_4OZ_C_202,0.015308782,0.70443927,0.20728953,0.28698992,0.51116326,0.13033823,0.22906769
4zjz_BEZ_A_1001,0.99225216,0.98938959,0.22452027,0.37795953,0.99169519,0.19051715,7.4747403e-08
4zjz_BEZ_B_601,0.99635403,0.98838298,0.22464023,0.37854899,0.99411853,0.19085676,0.23449212
4zo7_BGC_A_801,0,0.65682681,0.20737172,0.28635781,0.51121323,0.13050526,0.22810427
4zo7_BGC_A_802,0.9834413,0.65685791,0.20409047,0.29506067,0.50974178,0.14360084,0.2261373
4zo7_BGC_A_805,0.76289475,0.65685094,0.20482632,0.29310897,0.51007177,0.14066403,0.22657841
4zo7_GLC_A_806,0.99400109,0.8277337,0.20394354,0.29693668,0.50962885,0.14241024,0.22968407
4zqp_IMP_A_601,0.99112463,0,0.20449415,0.28827672,0.51010368,0.14882016,0.21240743
4zsy_RW2_A_502,0,0.65682681,0.20737172,0.28635781,0.51121323,0.13050526,0.22810427
4zsy_RW2_B_502,0,0.65682681,0.20737172,0.28635781,0.51121323,0.13050526,0.22810427
4zsy_RW2_C_502,0,0.65682681,0.20737172,0.28635781,0.51121323,0.13050526,0.22810427
4zsy_RW2_D_502,0,0.65682681,0.20737172,0.28635781,0.51121323,0.13050526,0.22810427
4zu3_4SD_A_301,0.9567195,0.65685707,0.20417962,0.2948242,0.50978176,0.14324501,0.22619075
4zu3_4SD_B_301,0.93852138,0.65685649,0.20424034,0.29466316,0.50980899,0.14300268,0.22622714
4zu3_4SD_B_302,0.95106907,0.64478953,0.22030555,0,0.94175236,0.18162104,0.22708524
4zu3_4SD_C_301,0.030118337,0.65682776,0.20727123,0.28662434,0.51116816,0.13090632,0.22804403
4zu3_4SD_D_301,0.098106271,0.65682991,0.20704439,0.28722599,0.51106644,0.13181165,0.22790805
4zu3_4SD_E_301,0.98420085,0.65685794,0.20408793,0.29506739,0.50974065,0.14361096,0.22613578
4zvv_GN0_A_405,0.40960682,0.7820357,0.20592324,0.29128858,0.5105292,0.1349843,0.22989903
4zvv_GN0_B_404,0.81865592,0,0.20506959,0.28675051,0.51036172,0.14652353,0.21275246
4zvv_GN0_C_403,0,0,0.20780103,0.27950608,0.5115866,0.13562211,0.2143902
4zvz_4TF_A_503,0,0.95377214,0.20717764,0.28945537,0.51104443,0.12819202,0.23430418
4zvz_4TF_B_503,0.87903441,0.81991149,0.20433224,0.29583773,0.50980531,0.14094025,0.22975075
4zvz_4TF_C_503,0.97449052,0.82818961,0.20400834,0.29676879,0.50965778,0.14214688,0.22973262
4zvz_4TF_D_503,0.7568858,0.85398393,0.20471752,0.29511224,0.5099687,0.13904826,0.23070651
5a02_GOL_A_1341,0.9922155,0.65685819,0.20406119,0.29513832,0.50972865,0.14371768,0.22611975
5a02_GOL_B_1342,0.99563457,0.6568583,0.20404978,0.29516857,0.50972354,0.14376321,0.22611291
5a02_GOL_C_1341,0.99558525,0.6568583,0.20404995,0.29516814,0.50972361,0.14376255,0.22611301
5a02_GOL_D_1341,0.99496701,0.65685828,0.20405201,0.29516266,0.50972454,0.14375432,0.22611425
5a02_GOL_E_1341,0.99371558,0.65685824,0.20405619,0.29515159,0.50972641,0.14373765,0.22611675
5a02_GOL_F_1342,0.99547269,0.65685829,0.20405032,0.29516714,0.50972378,0.14376105,0.22611324
5a66_3PO_A_1000,0.98577299,0.80998541,0.2039826,0.29667873,0.50965125,0.14243894,0.22932997
5a66_3PO_B_1000,0.99077318,0.93241025,0.2038859,0.29800005,0.50957417,0.14155181,0.23187609
5a7p_6Z1_A_1361,0.92192178,0.65685597,0.20429573,0.29451626,0.50983383,0.14278164,0.22626034
5a7p_6Z1_B_1361,0.9926639,0.6568582,0.2040597,0.29514228,0.50972798,0.14372365,0.22611885
5a86_D7E_A_1433,0.98957987,0.65685811,0.20406999,0.29511499,0.5097326,0.14368258,0.22612502
5a86_D7E_B_1432,0,0.65682681,0.20737172,0.28635781,0.51121323,0.13050526,0.22810427
5a8k_COM_A_556,0,0,0.20780103,0.27950608,0.5115866,0.13562211,0.2143902
5a8k_COM_D_555,0,0,0.20780103,0.27950608,0.5115866,0.13562211,0.2143902
5a8k_TP7_A_558,0,0.65682681,0.20737172,0.28635781,0.51121323,0.13050526,0.22810427
5a8k_TP7_D_554,0,0.65682681,0.20737172,0.28635781,0.51121323,0.13050526,0.22810427
5abz_Z47_A_201,0.98239623,0,0.20452328,0.28819948,0.51011674,0.14870393,0.21242489
5abz_Z47_B_201,0.18177379,0,0.20719454,0.28111463,0.51131463,0.13804265,0.21402656
5adi_TUE_A_800,0.99028658,0.65685813,0.20406763,0.29512125,0.50973154,0.14369199,0.22612361
5aew_BNL_C_462,0,0.65682681,0.20737172,0.28635781,0.51121323,0.13050526,0.22810427
5aew_BNL_I_462,0.99844431,0.65685839,0.20404041,0.29519344,0.50971933,0.14380062,0.22610729
5af9_SJR_H_1250,2.8190952e-07,5.5768495e-07,0.20780103,0.27950609,0.5115866,0.13562211,0.21439021
5afy_WCE_H_1248,0.99677034,0.99125566,0.18195919,0.21468552,0.00072854404,0.088979732,0.23156001
5agl_CCW_B_800,0.82902421,0.65685303,0.20460568,0.29369417,0.50997282,0.14154461,0.22644615
5agn_4JK_A_800,0,0.95312571,0.20717806,0.28944862,0.51104479,0.12819705,0.23429068
5agn_4JK_B_800,2.7294901e-06,0.93870554,0.20718748,0.28929822,0.51105299,0.12830943,0.2339896
5ahn_IMP_A_1468,0.94831195,0,0.204637,0.28789786,0.51016773,0.14825006,0.21249308
5av3_KMP_A_300,0.99742038,0.97086888,0.18193875,0.2143573,7.4367066e-07,0.089071814,0.23113083
5av4_GEN_A_400,1.1952507e-06,0.91708029,0.20720162,0.28907263,0.51106528,0.12847787,0.23353808
5awd_IDQ_A_901,5.1274426e-06,0.65682681,0.2073717,0.28635786,0.51121322,0.13050533,0.22810426
5b4o_6DQ_A_201,3.9933693e-06,0.65682681,0.20737171,0.28635785,0.51121322,0.13050531,0.22810427
5b4o_6DQ_B_201,0.91413971,0.65685572,0.20432169,0.29444739,0.50984547,0.14267802,0.22627591
5b4o_6DQ_B_202,0.25459049,0.65683486,0.20652228,0.28861078,0.5108323,0.13389541,0.22759507
5b4o_6DQ_C_201,1.2912694e-06,0.65682681,0.20737172,0.28635782,0.51121322,0.13050528,0.22810427
5b4u_MLA_A_302,0,0.65682681,0.20737172,0.28635781,0.51121323,0.13050526,0.22810427
5bk9_SIN_A_301,0.99492289,0.65685827,0.20405216,0.29516227,0.5097246,0.14375373,0.22611434
5bkd_AKG_A_502,0.9889843,0.65685809,0.20407197,0.29510972,0.50973349,0.14367465,0.22612621
5bkd_AKG_B_502,0.97236046,0.65685756,0.20412744,0.29496261,0.50975836,0.14345329,0.22615946
5bkd_RCF_B_503,0.78975612,0.65685179,0.2047367,0.29334667,0.51003158,0.14102171,0.22652469
5bwr_4VT_A_402,0,0.65682681,0.20737172,0.28635781,0.51121323,0.13050526,0.22810427
5c38_DA8_A_403,0.8342698,0.65685319,0.20458818,0.29374059,0.50996497,0.14161446,0.22643566
5c4i_TPP_C_402,0.10518923,0.65683014,0.20702076,0.28728867,0.51105584,0.13190597,0.22789388
5c4i_TPP_F_402,0.12796442,0.65683086,0.20694477,0.28749022,0.51102176,0.13220924,0.22784833
5c7v_PYC_A_804,0.0094924231,0,0.20776936,0.27959008,0.5115724,0.13574851,0.21437121
5c8w_PCG_A_302,0.99197156,0.65685818,0.20406201,0.29513616,0.50972902,0.14371443,0.22612024
5c8w_PCG_B_303,0,0.65682681,0.20737172,0.28635781,0.51121323,0.13050526,0.22810427
5c8w_PCG_D_302,0,0.65682681,0.20737172,0.28635781,0.51121323,0.13050526,0.22810427
5c8w_PCG_F_302,0,0.65682681,0.20737172,0.28635781,0.51121323,0.13050526,0.22810427
5cak_4Z9_A_802,0.97813324,0.65685774,0.20410818,0.2950137,0.50974972,0.14353016,0.22614792
5cfw_53W_A_201,6.2280362e-05,0.97609097,0.20519147,0.28209448,0.46533928,0,0.23465555
5cga_KP6_B_301,0.99601473,0.98382462,0.20811591,0.31502365,0.60939695,0.15143889,0.23323915
5cga_KP6_C_301,0.99698746,0.98213717,0.22438313,0.37749453,0.98809012,0.19029552,0.23434228
5cga_KP6_E_301,0.99686063,0.96607774,0.22111398,0.3647293,0.91174818,0.18259031,0.23377733
5cga_KP6_H_301,0.99648687,0.98654367,0.22452662,0.37809173,0.99145683,0.19059987,0.23444543
5ci9_549_A_401,0,0.00047604393,0.20780072,0.27951105,0.51158633,0.1356184,0.21440014
5ci9_549_A_402,0.91531654,0.98041395,0.20410628,0.29783308,0.50965978,0.14017305,0.23302932
5cjn_52F_A_809,0.99020367,0.66057703,0.20196364,0.28704739,0.46099323,0,0.22605722
5clo_NS8_M_101,0,0.98830412,0.20715507,0.28981559,0.5110248,0.127923,0.23502518
5cmb_GLY_A_301,0,0,0.20780103,0.27950608,0.5115866,0.13562211,0.2143902
5cpn_531_A_401,0.9526016,0.95912631,0.20399579,0.29794096,0.5096161,0.14083538,0.23251027
5cpn_531_B_401,0.99198861,0,0.20449127,0.28828436,0.51010238,0.14883167,0.2124057
5cpp_ADO_A_422,0.99587133,0.96500324,0.19177402,0.25201857,0.22872553,0.11254948,0.23170018
5cr1_STL_B_201,0,0.65682681,0.20737172,0.28635781,0.51121323,0.13050526,0.22810427
5cyf_FLC_A_301,0.98374886,0.95465406,0.18840343,0.23867783,0.14918866,0.10431132,0.2312688
5cyf_FLC_C_301,0.99120391,0.97583711,0.21257377,0.33193575,0.71267358,0.16202598,0.23339296
5d8u_0N8_A_203,0.96603555,0.98452081,0.18203326,0.21421706,2.3288307e-08,0.088544475,0.23147857
5d9w_ASC_A_301,0.19998192,0,0.20713379,0.28127576,0.51128739,0.13828512,0.21399013
5dav_58J_A_402,0,0.65682681,0.20737172,0.28635781,0.51121323,0.13050526,0.22810427
5ddu_PMP_A_601,0.98996833,0.65685812,0.20406869,0.29511843,0.50973202,0.14368776,0.22612424
5ddu_PMP_B_601,0.21266363,0.65683354,0.20666217,0.28823976,0.51089503,0.13333711,0.22767893
5ddu_PMP_C_601,0.9915381,0.65685817,0.20406345,0.29513232,0.50972967,0.14370866,0.2261211
5ddu_PMP_D_601,0.99385418,0.65685824,0.20405572,0.29515282,0.5097262,0.1437395,0.22611647
5di7_5CQ_A_601,0.99054191,0.65685814,0.20406678,0.29512351,0.50973116,0.14369539,0.2261231
5di7_5CQ_B_601,0.98966724,0.65685811,0.20406969,0.29511576,0.50973247,0.14368375,0.22612485
5did_5CK_A_601,0.99497961,0.65685828,0.20405197,0.29516278,0.50972452,0.14375449,0.22611422
5did_5CK_B_601,0,0.65682681,0.20737172,0.28635781,0.51121323,0.13050526,0.22810427
5die_5CJ_A_601,0.9934629,0.65685823,0.20405703,0.29514935,0.50972679,0.14373429,0.22611726
5dky_NOJ_A_1000,0,0.65682681,0.20737172,0.28635781,0.51121323,0.13050526,0.22810427
5dmm_HCS_A_505,0.55866903,0.65684448,0.20550772,0.29130169,0.51037733,0.13794454,0.22698688
5dne_ASN_A_601,0,0.98411263,0.20715781,0.28977186,0.51102718,0.12795566,0.23493767
5dne_ASN_B_601,0,0.97875276,0.20716131,0.28971595,0.51103023,0.12799741,0.23482576
5dne_ASN_C_601,0,0.98503793,0.2071572,0.28978152,0.51102665,0.12794845,0.23495698
5dne_ASN_D_601,0,0.9763926,0.20716285,0.28969133,0.51103157,0.1280158,0.23477648
5dnx_5LD_A_203,0.93684412,0.97989056,0.2040348,0.29801812,0.50962787,0.14046379,0.23297533
5dnx_5LD_B_201,0.98986377,0.98562376,0.18195567,0.2144495,3.4394565e-05,0.088859448,0.23145411
5dnx_5LD_B_205,0,0.91687414,0.20720176,0.28907047,0.5110654,0.12847946,0.23353378
5dr9_SKE_A_401,0,0.65682681,0.20737172,0.28635781,0.51121323,0.13050526,0.22810427
5dt0_SKE_A_401,0.96918022,0.65685746,0.20413805,0.29493447,0.50976312,0.14341094,0.22616582
5dw3_TRP_A_402,0,0,0.20780103,0.27950608,0.5115866,0.13562211,0.2143902
5dw3_TRP_C_402,0,0,0.20780103,0.27950608,0.5115866,0.13562211,0.2143902
5dw3_TRP_D_402,0,0,0.20780103,0.27950608,0.5115866,0.13562211,0.2143902
5dz2_212_A_404,0.98873409,0.9652972,0.1823929,0.21584112,0.0098241803,0.090005617,0.23106142
5dz2_212_B_404,0.99036767,0.65685813,0.20406736,0.29512196,0.50973142,0.14369307,0.22612345
5dzh_5KG_A_900,0.98964519,0.65685811,0.20406977,0.29511557,0.5097325,0.14368345,0.22612489
5dzh_5KG_B_901,0,0.65682681,0.20737172,0.28635781,0.51121323,0.13050526,0.22810427
5e4o_L57_A_201,0.0010655202,0.96973711,0.20716365,0.28963134,0.51103376,0.12808183,0.23463538
5e4o_L57_B_201,0.98319123,0.97697248,0.21127558,0.32679141,0.68185981,0.15874999,0.23333989
5e4r_40E_A_504,0.66599474,0.94907426,0.20495862,0.29529986,0.51005063,0.13709716,0.23287375
5e9m_BAE_A_2001,0.99808118,0.98347443,0.1825302,0.2168061,0.014004822,0.090418958,0.23143489
5edh_5MF_A_803,0,0,0.20576881,0.27167699,0.46448184,0,0.21427259
5edh_5MF_B_803,0,0.65682681,0.20737172,0.28635781,0.51121323,0.13050526,0.22810427
5edh_5MF_D_803,0,0.65682681,0.20737172,0.28635781,0.51121323,0.13050526,0.22810427
5eo7_SFU_A_401,0,0.65682681,0.20737172,0.28635781,0.51121323,0.13050526,0.22810427
5eo7_SFU_A_402,0,0.65682681,0.20737172,0.28635781,0.51121323,0.13050526,0.22810427
5eo7_SFU_A_403,0.01341422,0.65682723,0.20732697,0.28647652,0.51119316,0.13068388,0.22807744
5eo7_SFU_B_401,0.94623429,0.65685673,0.20421461,0.29473141,0.50979745,0.14310539,0.22621172
5eo7_SFU_B_403,0,0.65682681,0.20737172,0.28635781,0.51121323,0.13050526,0.22810427
5eo7_SFU_B_404,0,0.65682681,0.20737172,0.28635781,0.51121323,0.13050526,0.22810427
5eo7_SFU_B_405,0,0.65682681,0.20737172,0.28635781,0.51121323,0.13050526,0.22810427
5eo7_SFU_C_401,0.84803217,0.65685363,0.20454226,0.29386238,0.50994438,0.14179772,0.22640813
5eo7_SFU_C_402,0,0.65682681,0.20737172,0.28635781,0.51121323,0.13050526,0.22810427
5eo7_SFU_C_403,0.70668546,0.65684916,0.20501386,0.29261155,0.51015587,0.13991554,0.22669084
5eo7_SFU_C_404,0.96825835,0.65685743,0.20414112,0.29492631,0.5097645,0.14339866,0.22616767
5eo7_SFU_C_405,0,0.65682681,0.20737172,0.28635781,0.51121323,0.13050526,0.22810427
5eo8_TFU_A_401,0,0.65682681,0.20737172,0.28635781,0.51121323,0.13050526,0.22810427
5eo8_TFU_A_402,0.86508143,0.65685417,0.20448538,0.29401326,0.50991887,0.14202475,0.22637403
5eo8_TFU_A_404,0,0.65682681,0.20737172,0.28635781,0.51121323,0.13050526,0.22810427
5eo8_TFU_A_405,0,0.65682681,0.20737172,0.28635781,0.51121323,0.13050526,0.22810427
5eo8_TFU_A_406,0.89876625,0.65685523,0.20437299,0.29431135,0.50986847,0.1424733,0.22630666
5eso_ISC_A_602,0.98798575,0.83818863,0.20395678,0.29699251,0.5096319,0.14224869,0.2299144
5eso_ISC_B_602,0,0,0.20780103,0.27950608,0.5115866,0.13562211,0.2143902
5ew8_5SF_A_803,0.98966429,0.65685811,0.2040697,0.29511574,0.50973247,0.14368371,0.22612485
5ew8_5SF_B_802,0.9519242,0.65685691,0.20419562,0.29478176,0.50978894,0.14318116,0.22620034
5ewc_5SJ_A_801,0.99223491,0,0.20449045,0.28828654,0.51010201,0.14883495,0.21240521
5ezp_IPJ_A_201,0.98673532,0.98455747,0.18154363,0.21276721,6.617497e-08,0,0.23142632
5ezp_IPJ_B_201,0,0.65682681,0.20737172,0.28635781,0.51121323,0.13050526,0.22810427
5ezp_IPJ_C_201,0,0.65682681,0.20737172,0.28635781,0.51121323,0.13050526,0.22810427
5ezp_IPJ_G_202,0.99217538,0.65685819,0.20406133,0.29513796,0.50972871,0.14371715,0.22611983
5f35_FLC_A_302,0.97670893,0.6568577,0.20411293,0.29500109,0.50975185,0.14351119,0.22615076
5f79_4V7_A_4000,0.96011011,0.65685717,0.20416831,0.2948542,0.50977669,0.14329016,0.22618396
5faj_DCS_A_401,0,0.65682681,0.20737172,0.28635781,0.51121323,0.13050526,0.22810427
5faj_DCS_B_401,0,0.65682681,0.20737172,0.28635781,0.51121323,0.13050526,0.22810427
5faj_DCS_C_401,0,0.65682681,0.20737172,0.28635781,0.51121323,0.13050526,0.22810427
5faj_DCS_D_401,0,0.97271179,0.20716526,0.28965294,0.51103366,0.12804447,0.23469962
5fay_CHT_A_908,0.98010434,0.65685781,0.2041016,0.29503114,0.50974677,0.14355641,0.22614397
5fay_CHT_B_906,0.98960278,0.65685811,0.20406991,0.29511519,0.50973256,0.14368289,0.22612498
5fc5_PC_A_516,0.98828868,0.93064361,0.2193507,0.35731343,0.86952398,0.17842019,0.23292743
5fe1_12Q_A_901,0.99711882,0.99322233,0.22447153,0.37798032,0.99032203,0.19044024,0.2345802
5fe1_12Q_B_901,0.99708093,0.99310914,0.22434338,0.37748589,0.98733452,0.19013428,0.23456892
5fe4_5WY_A_903,0.9972424,0.99298581,0.18375947,0.22163183,0.042694497,0.093275774,0.23172156
5fe4_5WY_B_904,0.99617209,0.99050938,0.18210713,0.21523105,0.0041152133,0.089324743,0.23155582
5fh3_OXL_A_703,0.99741032,0.65685835,0.20404386,0.29518429,0.50972088,0.14378685,0.22610936
5fiu_Y3J_B_1299,0,0.78350732,0.22542977,0,0.99027605,0.17277162,0.23194982
5fiu_Y3J_C_1299,0.98945543,0,0.20449972,0.28826195,0.51010617,0.14879794,0.21241077
5fkl_TDC_A_222,0,0.65682681,0.20737172,0.28635781,0.51121323,0.13050526,0.22810427
5fli_QUE_A_301,0,0.65682681,0.20737172,0.28635781,0.51121323,0.13050526,0.22810427
5fli_QUE_C_301,0,0.65682681,0.20737172,0.28635781,0.51121323,0.13050526,0.22810427
5fli_QUE_D_301,0,0.65682681,0.20737172,0.28635781,0.51121323,0.13050526,0.22810427
5fli_QUE_E_301,0.99697999,0.65685834,0.2040453,0.29518048,0.50972152,0.14378112,0.22611022
5fli_QUE_F_301,0,0.65682681,0.20737172,0.28635781,0.51121323,0.13050526,0.22810427
5fli_QUE_G_301,0.82699134,0.65685296,0.20461246,0.29367618,0.50997587,0.14151754,0.22645021
5fli_QUE_H_301,0,0.65711241,0.1854191,0.20205498,0,0.078109106,0.22656989
5fli_QUE_J_301,0,0.65682681,0.20737172,0.28635781,0.51121323,0.13050526,0.22810427
5fp9_4SV_A_1342,0.99651004,0.95046191,0.18221728,0.21514311,0.0061118203,0.089844345,0.23072495
5fqf_NGA_A_1588,0.96236063,0.65685724,0.2041608,0.29487412,0.50977332,0.14332013,0.22617946
5fqf_NGA_A_1589,0.51472543,0.65684309,0.20565434,0.29091282,0.51044308,0.13735938,0.22707477
5fqf_NGA_B_1585,0.9868576,0.65685802,0.20407907,0.2950909,0.50973667,0.14364633,0.22613047
5fqf_NGA_B_1586,0.11588472,0.65683047,0.20698507,0.28738332,0.51103984,0.13204839,0.22787249
5fuv_THM_B_1385,0.97727579,0.65685772,0.20411104,0.29500611,0.50975101,0.14351874,0.22614963
5fv3_OGA_A_1770,0.99799561,0.65685837,0.20404191,0.29518947,0.50972001,0.14379465,0.22610819
5fwd_GJV_A_1446,0.97693357,0.65685771,0.20411218,0.29500308,0.50975152,0.14351418,0.22615032
5fwe_OGA_A_1358,0.99620838,0.65685832,0.20404787,0.29517365,0.50972268,0.14377085,0.22611176
5fwe_OGA_B_1359,0,0.65682681,0.20737172,0.28635781,0.51121323,0.13050526,0.22810427
5fzn_FB2_A_1615,0.92541509,0.99330165,0.18228818,0.21442971,0.0029536857,0.088233793,0.23175194
5g03_OE2_A_1263,0,0.65682681,0.20737172,0.28635781,0.51121323,0.13050526,0.22810427
5g09_6DF_A_1475,0,0.65682681,0.20737172,0.28635781,0.51121323,0.13050526,0.22810427
5g09_6DF_B_1474,0.98969785,0.65685811,0.20406959,0.29511604,0.50973242,0.14368415,0.22612479
5g09_6DF_C_1475,0,0.65682681,0.20737172,0.28635781,0.51121323,0.13050526,0.22810427
5g09_6DF_D_1476,0.9898245,0.65685811,0.20406917,0.29511716,0.50973223,0.14368584,0.22612453
5g0v_JDD_B_1271,2.0925589e-10,0.65682681,0.20737172,0.28635781,0.51121323,0.13050526,0.22810427
5g21_YN4_A_1002,0.95834817,0.65685712,0.20417419,0.29483861,0.50977933,0.1432667,0.22618749
5g44_I6G_A_1510,0.99529456,0.65685829,0.20405092,0.29516556,0.50972405,0.14375868,0.22611359
5g44_SWX_A_1511,1.3399904e-05,0.95621643,0.207176,0.28948098,0.51104302,0.12817315,0.23435519
5g44_YTZ_A_1512,0.00010079617,0.65682681,0.20737139,0.2863587,0.51121307,0.1305066,0.22810407
5g4r_LF1_A_1739,0.93962611,0.9900072,0.2040189,0.29814827,0.50961796,0.14042203,0.23318099
5g4r_LF1_B_1739,0,0.98223903,0.20715903,0.28975232,0.51102825,0.12797025,0.23489855
5g4r_LF1_C_1739,0.98728553,0.20596405,0.20437234,0.29039126,0.50999234,0.14716454,0.21671547
5g4r_LF1_D_1739,0.36085273,0.65683822,0.20616774,0.28955114,0.51067331,0.1353104,0.22738253
5g6i_M85_A_904,0.96293771,0.65685726,0.20415888,0.29487922,0.50977246,0.14332781,0.22617831
5gnx_BGC_A_502,0,0.65682681,0.20737172,0.28635781,0.51121323,0.13050526,0.22810427
5gnx_BGC_B_503,0,0.65682681,0.20737172,0.28635781,0.51121323,0.13050526,0.22810427
5goo_FRU_A_501,0.97635857,0.65685769,0.2041141,0.29499799,0.50975238,0.14350653,0.22615147
5goo_FRU_B_501,0,0.65682681,0.20737172,0.28635781,0.51121323,0.13050526,0.22810427
5goo_FRU_C_501,0.99390848,0.65685824,0.20405554,0.2951533,0.50972612,0.14374022,0.22611636
5gri_CIT_B_401,0.71560247,0.55984175,0.20504751,0.29167857,0.51019767,0.14078995,0.22464765
5gto_MYR_A_502,0,0.91446168,0.20720333,0.2890453,0.51106677,0.12849825,0.23348341
5gwt_SIN_A_302,0.99381726,0.65685824,0.20405585,0.29515249,0.50972626,0.14373901,0.22611655
5gwt_SIN_C_301,0,0.65682681,0.20737172,0.28635781,0.51121323,0.13050526,0.22810427
5gwx_SAR_A_302,0,0.89604445,0.20721537,0.28885318,0.51107724,0.12864173,0.23309887
5gzz_GSH_C_301,0.9453332,0.65685671,0.20421761,0.29472344,0.5097988,0.14309339,0.22621352
5gzz_GSH_D_301,0.98052436,0.65685782,0.2041002,0.29503486,0.50974615,0.143562,0.22614313
5gzz_GSH_E_301,0.89858757,0.65685523,0.20437358,0.29430977,0.50986874,0.14247092,0.22630701
5gzz_JAA_A_601,0,0.80081838,0.20727761,0.28785983,0.51113137,0.12938356,0.23111063
5h24_LQG_A_501,0.99173182,0.9911564,0.18194466,0.21451932,3.2715486e-06,0.088838469,0.23156581
5h24_LQG_B_501,0.93618506,0.99551025,0.20402679,0.29817522,0.50961998,0.14033333,0.23330277
5h5k_C5P_B_203,0.98619093,0.656858,0.20408129,0.295085,0.50973767,0.14363746,0.2261318
5h8f_GLU_A_302,0,0.65682681,0.20737172,0.28635781,0.51121323,0.13050526,0.22810427
5h8q_GLU_A_302,0,0.65682681,0.20737172,0.28635781,0.51121323,0.13050526,0.22810427
5h8q_GLY_B_301,0,0,0.20780103,0.27950608,0.5115866,0.13562211,0.2143902
5h9i_XAN_A_301,0,0,0.20780103,0.27950608,0.5115866,0.13562211,0.2143902
5ha7_WY1_A_402,0.59192995,0.65684553,0.20539675,0.29159603,0.51032757,0.13838745,0.22692036
5ha7_WY1_B_402,0,0.65682681,0.20737172,0.28635781,0.51121323,0.13050526,0.22810427
5hc0_NPO_A_402,0.9968218,0.96444565,0.18259157,0.21676825,0.015055082,0.090657194,0.23104324
5hfa_FP1_A_607,0.00070349745,0.65682683,0.20736937,0.28636404,0.51121217,0.13051463,0.22810287
5hfa_FP1_A_608,0.0055357731,0.65682698,0.20735325,0.2864068,0.51120494,0.13057897,0.2280932
5hfa_FP1_B_609,0.0041199842,0.65682694,0.20735798,0.28639427,0.51120706,0.13056012,0.22809603
5hgz_MLA_A_302,0.87498562,0.95220147,0.20425928,0.29718188,0.50973616,0.13985577,0.23252095
5hgz_MLA_A_303,0.97848244,0.6770346,0.20409382,0.29522734,0.50973773,0.14337757,0.22656865
5hpu_IPH_A_101,0.99360749,0.98832659,0.2244319,0.37768871,0.98905824,0.19030144,0.23448119
5hpu_IPH_C_101,0.99534277,0.97854959,0.18194068,0.2144191,3.1054782e-07,0.08898435,0.23129536
5hss_64Z_A_402,0.97133303,0.98992821,0.18977338,0.24412647,0.18064841,0.10709706,0.23212486
5hss_64Z_D_403,0,0.97149108,0.20716606,0.2896402,0.51103436,0.12805398,0.23467414
5hss_650_B_402,0.99662284,0.94607063,0.18195772,0.21409194,1.3837209e-05,0.089254612,0.23061467
5htd_MYR_A_201,0.98150334,0.65685785,0.20409693,0.29504352,0.50974468,0.14357504,0.22614118
5hxi_5HN_A_403,0.99486855,0.98846321,0.21060686,0.32462496,0.6673586,0.15733083,0.23351283
5hyv_TPP_A_701,0.85123816,0.65685373,0.20453156,0.29389075,0.50993959,0.14184041,0.22640172
5i0d_GLC_A_1124,0.90418987,0.9889307,0.20413784,0.29782346,0.50967159,0.13995853,0.23322941
5i0d_GLC_B_1122,0.98080117,0.99150468,0.18198103,0.21442671,1.8145499e-05,0.088690505,0.23159496
5i0m_UMP_B_201,0,0.65682681,0.20737172,0.28635781,0.51121323,0.13050526,0.22810427
5i5s_NVU_A_402,0.96649614,0.99177429,0.21553192,0.34296707,0.77987337,0.16846121,0.23397743
5i5t_67X_A_402,0.96197103,0.65685723,0.2041621,0.29487067,0.50977391,0.14331494,0.22618024
5i5t_67X_B_402,0.99593959,0.65685831,0.20404877,0.29517127,0.50972308,0.14376727,0.2261123
5i7r_68W_A_402,0.8057277,0.98304264,0.20447021,0.29689073,0.50982226,0.13869326,0.23330344
5i8s_LEA_A_202,0.99427968,0.65685825,0.2040543,0.29515658,0.50972557,0.14374517,0.22611562
5i8z_JA1_A_302,0.98746334,0.97862476,0.22422159,0.37662238,0.9835488,0.18972918,0.23427429
5i9m_69K_A_302,0,0.98917837,0.2071545,0.28982471,0.5110243,0.12791619,0.23504343
5iav_MLI_A_302,0.98892606,0.64405971,0.20408053,0.29497578,0.50974085,0.14377352,0.22585927
5iav_MLI_B_302,0,0.62897078,0.20738993,0.2860672,0.51122906,0.13072229,0.2275226
5ice_2H4_A_402,0,0.65682681,0.20737172,0.28635781,0.51121323,0.13050526,0.22810427
5icf_SAU_A_402,0,0.65682681,0.20737172,0.28635781,0.51121323,0.13050526,0.22810427
5igs_GMP_A_403,0.97818636,0.65685775,0.204108,0.29501417,0.50974964,0.14353087,0.22614781
5ihe_D5M_A_701,0,0,0.20780103,0.27950608,0.5115866,0.13562211,0.2143902
5ihe_D5M_B_701,0.56347226,0,0.20592101,0.28449235,0.51074353,0.14312544,0.21326296
5ijz_AKG_A_502,0,0.65682681,0.20737172,0.28635781,0.51121323,0.13050526,0.22810427
5ijz_AKG_B_502,0,0.65682681,0.20737172,0.28635781,0.51121323,0.13050526,0.22810427
5ijz_AKG_C_502,0,0.65682681,0.20737172,0.28635781,0.51121323,0.13050526,0.22810427
5ijz_AKG_D_502,0.99187262,0.65685818,0.20406234,0.29513528,0.50972917,0.14371311,0.22612044
5ijz_AKG_H_502,0,0.65682681,0.20737172,0.28635781,0.51121323,0.13050526,0.22810427
5in3_G1P_B_418,0,0.98134431,0.20715962,0.28974299,0.51102875,0.12797722,0.23487986
5ioq_DUR_B_303,0.94775038,0.65685678,0.20420955,0.29474483,0.50979518,0.14312558,0.22620868
5ioq_DUR_C_302,0.76390532,0.65685097,0.20482295,0.29311791,0.51007026,0.14067748,0.22657639
5ioq_DUR_D_302,0,0.65682681,0.20737172,0.28635781,0.51121323,0.13050526,0.22810427
5irw_D9P_A_202,0.92349947,0.65685602,0.20429046,0.29453022,0.50983147,0.14280265,0.22625719
5irw_D9P_B_202,0.92073588,0.65685593,0.20429968,0.29450576,0.5098356,0.14276585,0.22626272
5ita_6DC_A_801,0.97928989,0.98794143,0.22472964,0.37851697,0.99488663,0.19070978,0.23451929
5ita_6DC_B_801,0.51378784,0.98211419,0.20544487,0.29429762,0.51025959,0.13481295,0.23386809
5iuy_BOG_B_503,0.86112427,0.65685404,0.20449858,0.29397824,0.50992479,0.14197206,0.22638194
5iuy_BOG_C_503,0.084318658,0.65682948,0.20709039,0.28710398,0.51108707,0.13162805,0.22793563
5ivg_FPS_B_704,0,0.90848534,0.20720724,0.28898296,0.51107017,0.12854481,0.23335863
5ivg_FPS_C_704,0,0.95714237,0.20717544,0.28949052,0.51104251,0.12816576,0.23437455
5ivg_FPS_D_704,0,0.94506983,0.20718333,0.28936459,0.51104937,0.12825981,0.23412248
5j4k_6FZ_A_404,0.98689663,0.96632288,0.2181846,0.35326682,0.84280335,0.17538512,0.23359475
5j5i_6GM_A_302,0.86870557,0.99500192,0.20425226,0.29757278,0.50972123,0.13943872,0.23342715
5j5i_6GM_A_303,0,0.98802078,0.20715525,0.28981263,0.51102496,0.12792521,0.23501926
5j5i_6GM_E_302,0,0.65682681,0.20737172,0.28635781,0.51121323,0.13050526,0.22810427
5j5i_6GM_F_302,0,0.99197501,0.20715267,0.28985388,0.51102271,0.12789441,0.23510183
5j5i_6GM_F_303,0.95778132,0.98841696,0.20395937,0.29829234,0.5095917,0.14067617,0.23311147
5j5i_6GM_G_302,0.89147907,0.98368478,0.20418368,0.29765625,0.50969359,0.13983014,0.2331453
5j5i_6GM_I_302,0.96099703,0.9960377,0.20394366,0.29840029,0.50958256,0.14065963,0.23326415
5j5i_6GM_I_303,0,0.98261416,0.20715879,0.28975623,0.51102803,0.12796733,0.23490638
5j61_A3G_A_501,0.98920645,0.65685809,0.20407123,0.29511169,0.50973316,0.14367761,0.22612577
5j61_A3G_C_501,0,0.65682681,0.20737172,0.28635781,0.51121323,0.13050526,0.22810427
5j61_A3G_D_501,0.97440373,0.65685763,0.20412062,0.29498069,0.5097553,0.1434805,0.22615538
5j61_A3G_E_501,0,0.65682681,0.20737172,0.28635781,0.51121323,0.13050526,0.22810427
5j61_A3G_F_501,0,0.65682681,0.20737172,0.28635781,0.51121323,0.13050526,0.22810427
5j61_A3G_G_501,0,0.65682681,0.20737172,0.28635781,0.51121323,0.13050526,0.22810427
5j61_A3G_H_501,0,0.65682681,0.20737172,0.28635781,0.51121323,0.13050526,0.22810427
5j6y_GLC_A_309,0,0,0.20780103,0.27950608,0.5115866,0.13562211,0.2143902
5jdv_EVF_B_302,0.9943729,0.65685826,0.20405399,0.29515741,0.50972543,0.14374641,0.22611544
5je7_EVF_B_302,0.99305987,0.65685822,0.20405837,0.29514579,0.50972739,0.14372892,0.22611806
5jep_EVF_B_302,0.99295943,0.65685821,0.20405871,0.2951449,0.50972754,0.14372759,0.22611826
5jep_EVF_B_303,0.45918749,0.65684133,0.20583964,0.29042134,0.51052618,0.13661984,0.22718586
5jfx_6K4_A_4000,0.94136716,0.65685658,0.20423085,0.29468834,0.50980473,0.14304058,0.22622145
5jg5_EVF_B_302,0,0.65682681,0.20737172,0.28635781,0.51121323,0.13050526,0.22810427
5jj2_MLI_A_301,0.9768498,0.6568577,0.20411246,0.29500234,0.50975164,0.14351307,0.22615048
5jj2_MLI_A_302,0.88094184,0.65685467,0.20443246,0.29415361,0.50989514,0.14223595,0.22634231
5jj2_MLI_A_303,0.99342226,0.65685823,0.20405717,0.29514899,0.50972685,0.14373375,0.22611734
5jj2_MLI_A_305,0.024031921,0.65682757,0.20729154,0.28657048,0.51117727,0.13082527,0.22805621
5joy_6LW_B_602,0.0075773133,0.93147422,0.20716693,0.28928982,0.51104577,0.12846662,0.23382346
5jp9_DCM_A_401,0,0.65682681,0.20737172,0.28635781,0.51121323,0.13050526,0.22810427
5jp9_DCM_B_401,0.9815708,0.65685785,0.20409671,0.29504412,0.50974458,0.14357593,0.22614104
5jtt_6MY_A_902,0,0,0.20780103,0.27950608,0.5115866,0.13562211,0.2143902
5jtu_6NE_A_902,0,0,0.20780103,0.27950608,0.5115866,0.13562211,0.2143902
5k2c_ZMA_A_1201,0,0.99248909,0.20715233,0.28985924,0.51102242,0.1278904,0.23511256
5k5m_68T_A_1003,0.33246179,0.65683732,0.20626246,0.2892999,0.51071579,0.13493235,0.22743932
5kcj_6RM_B_302,0,0.99481248,0.99295956,0.32697879,0.70238409,0.15091366,0.2358334
5kcp_PFB_A_378,0,0.65682681,0.20737172,0.28635781,0.51121323,0.13050526,0.22810427
5kcp_PFB_A_379,0.98490993,0.65685796,0.20408557,0.29507367,0.50973958,0.1436204,0.22613436
5kcp_PFB_B_378,0,0.65682681,0.20737172,0.28635781,0.51121323,0.13050526,0.22810427
5kcp_PFB_B_379,0.91561617,0.65685577,0.20431677,0.29446046,0.50984326,0.14269768,0.22627296
5kf2_COA_A_401,0.91137968,0.93869756,0.20214061,0.28965906,0.46316492,0.13565765,0.23202559
5kjw_53C_A_800,0.94584594,0.65685672,0.2042159,0.29472797,0.50979803,0.14310022,0.22621249
5kjw_53C_B_800,0.99900078,0.99665836,0.18201108,0.21500306,0.0021873312,0.0891174,0.23167275
5kjz_PCG_A_401,0.9532402,0.68086,0.18705981,0.91549517,0,0.10229184,0.22548713
5kmj_6UF_A_901,0.00087032259,0.99438944,0.20714819,0.28988677,0.51102004,0.12788719,0.2351505
5kxb_NGA_B_305,0,0.91942647,0.20720009,0.28909709,0.51106395,0.12845958,0.23358707
5kxb_NGA_C_305,0,0.94395803,0.20718405,0.28935299,0.51105001,0.12826847,0.23409927
5l1u_7PF_A_401,0,0.65682681,0.20737172,0.28635781,0.51121323,0.13050526,0.22810427
5l7u_NGA_A_601,0.17864294,0.65683246,0.20677568,0.28793869,0.51094594,0.13288408,0.22774697
5l7u_NGA_B_601,0.96959322,0.65685747,0.20413667,0.29493812,0.5097625,0.14341644,0.226165
5l9v_OGA_A_502,0.99676817,0,0.20447532,0.28832666,0.51009523,0.14889531,0.21239614
5l9v_OGA_B_502,0.99753535,0.84530028,0.20392027,0.29715121,0.50961357,0.14232046,0.23004378
5la1_XYP_A_601,0.99594295,0.65685831,0.20404876,0.2951713,0.50972308,0.14376731,0.22611229
5la1_XYP_A_602,0.088004989,0.65682959,0.20707809,0.2871366,0.51108155,0.13167714,0.22792825
5la2_ARB_A_606,0.046580092,0.65682828,0.20721631,0.28677002,0.51114353,0.13112552,0.22801111
5la2_ARB_B_606,0,0.65682681,0.20737172,0.28635781,0.51121323,0.13050526,0.22810427
5lik_W8X_X_402,0.98541046,0.91823304,0.20391306,0.29780471,0.50959026,0.14159084,0.23159081
5lqs_NTM_A_302,0.04883897,0.94638099,0.20701952,0.28981045,0.51097556,0.12889995,0.23405216
5lwy_OLB_A_403,0,0,0.20780103,0.27950608,0.5115866,0.13562211,0.2143902
5lwy_OLB_A_406,0,0,0.20780103,0.27950608,0.5115866,0.13562211,0.2143902
5lwy_OLB_A_407,0,0,0.20780103,0.27950608,0.5115866,0.13562211,0.2143902
5lwy_OLB_A_409,0,0.90933075,0.20720669,0.28899178,0.51106969,0.12853822,0.23337628
5m0e_7CR_A_922,0.89477815,0.65685511,0.20438629,0.29427605,0.50987444,0.1424202,0.22631463
5m0t_AKG_A_302,0.99488046,0.65685827,0.2040523,0.2951619,0.50972467,0.14375317,0.22611442
5m0t_AKG_B_302,0.99435051,0.65685826,0.20405407,0.29515721,0.50972546,0.14374611,0.22611548
5m5a_KSA_A_404,0.9903893,0.98415248,0.22425911,0.37690137,0.9847279,0.18984654,0.23438742
5m62_BGC_A_409,0,0,0.20780103,0.27950608,0.5115866,0.13562211,0.2143902
5m66_ADN_A_502,0.98782215,0.65685805,0.20407585,0.29509944,0.50973523,0.14365918,0.22612854
5m66_ADN_B_502,0.99174247,0.65685817,0.20406277,0.29513413,0.50972936,0.14371138,0.2261207
5m66_ADN_D_502,0.98273753,0.65685789,0.20409282,0.29505444,0.50974283,0.14359147,0.22613871
5m8d_UGI_B_501,0.98035145,0.65685781,0.20410078,0.29503333,0.5097464,0.1435597,0.22614348
5mdh_MAK_A_335,0,0.65682681,0.20737172,0.28635781,0.51121323,0.13050526,0.22810427
5mdh_MAK_B_335,0.48841866,0.50144035,0.20584368,0.28905897,0.51057078,0.13821968,0.22388277
5mot_HBD_A_402,0.94229475,0.65685661,0.20422775,0.29469655,0.50980335,0.14305293,0.2262196
5mxh_GAL_A_401,0.11528099,0.65683046,0.20698709,0.28737798,0.51104074,0.13204035,0.2278737
5mxh_GAL_A_402,0.11106635,0.65683032,0.20700115,0.28734068,0.51104705,0.13198423,0.22788213
5mzj_TEP_A_2401,0.99759144,0,0.20447258,0.28833394,0.510094,0.14890628,0.21239449
5mzp_CFF_A_2401,0.045077042,0.98745026,0.20700523,0.29020558,0.51095784,0.12852991,0.23491717
5n5k_8NW_A_307,0,0.8035874,0.2072758,0.28788871,0.5111298,0.12936199,0.23116845
5n5k_HAE_A_306,0.26727682,0.96926924,0.20627574,0.2919822,0.51063572,0.13163041,0.23409305
5n8c_8Q8_A_403,0,0.65682681,0.20737172,0.28635781,0.51121323,0.13050526,0.22810427
5nh9_XLS_A_503,0.78732848,0.65685171,0.2047448,0.29332519,0.51003521,0.14098939,0.22652954
5nh9_XLS_C_504,0.97912871,0.65685778,0.20410486,0.29502251,0.50974823,0.14354342,0.22614592
5nh9_XLS_D_504,0.97576516,0.65685767,0.20411608,0.29499274,0.50975327,0.14349863,0.22615265
5nj0_8YW_A_301,0.98833615,0.65685807,0.20407414,0.29510399,0.50973446,0.14366602,0.22612751
5njb_BB2_A_502,0.95977064,0.65685716,0.20416944,0.2948512,0.5097772,0.14328564,0.22618464
5njb_BB2_C_502,0.96875337,0.65685745,0.20413947,0.29493069,0.50976376,0.14340526,0.22616668
5nnw_GCS_D_302,0,0,0.20780103,0.27950608,0.5115866,0.13562211,0.2143902
5nov_93B_A_201,0.99570964,0.99266668,0.19327396,0.25813337,0.26403636,0.11595365,0.23238445
5nuk_Z80_A_201,0.97926673,0.96381253,0.18042937,0.00026436506,0,0.08509868,0.23086409
5o3b_9HZ_A_501,0,0.65682681,0.20737172,0.28635781,0.51121323,0.13050526,0.22810427
5o3b_9HZ_B_501,0,0.65682681,0.20737172,0.28635781,0.51121323,0.13050526,0.22810427
5o3b_9HZ_C_501,0,0.65682681,0.20737172,0.28635781,0.51121323,0.13050526,0.22810427
5o3b_9HZ_D_501,7.0236726e-05,0.65682681,0.20737149,0.28635843,0.51121312,0.1305062,0.22810413
5o3d_9J5_A_501,0.9679773,0,0.20457138,0.28807188,0.51013831,0.14851193,0.21245374
5o3f_9HT_A_501,0,0,0.20780103,0.27950608,0.5115866,0.13562211,0.2143902
5o3g_9J8_B_501,0.19507364,0,0.20715017,0.28123232,0.51129473,0.13821976,0.21399995
5o4j_9KH_B_302,0,0.96169539,0.20717246,0.28953802,0.51103992,0.12813029,0.23446961
5o4j_9KH_C_302,0,0.96566868,0.20716986,0.28957947,0.51103766,0.12809934,0.23455257
5o4j_PJL_A_304,0.24224215,0.93433296,0.20638211,0.29139623,0.51069303,0.13156921,0.23341369
5o4k_9KE_A_405,0.94895827,0.92683115,0.20402906,0.29757183,0.50963991,0.14103845,0.23184326
5ocm_9RH_A_302,0.0016953332,0.98582706,0.20715103,0.28980475,0.51102367,0.12796488,0.23497007
5ocm_9RH_B_302,0.0016603815,0.91880368,0.20719495,0.28910529,0.51106182,0.12848654,0.23357075
5ocm_9RH_C_302,0.0016974413,0.91761066,0.20719561,0.28909317,0.51106244,0.12849633,0.23354576
5oew_9TE_B_901,0.98736748,0.65685804,0.20407737,0.29509541,0.50973591,0.14365312,0.22612945
5oew_9TE_C_301,0.75081606,0.65685055,0.20486662,0.29300208,0.51008984,0.14050319,0.22660257
5oew_GLU_A_301,0,0.65682681,0.20737172,0.28635781,0.51121323,0.13050526,0.22810427
5oew_GLU_B_902,0,0.65682681,0.20737172,0.28635781,0.51121323,0.13050526,0.22810427
5oip_9WE_A_302,0.93587628,0.65685641,0.20424917,0.29463975,0.50981295,0.14296746,0.22623243
5oir_9W8_A_302,0.45972074,0.65684135,0.20583786,0.29042606,0.51052538,0.13662694,0.22718479
5oo4_URI_A_201,0.97431333,0,0.20455024,0.28812795,0.51012883,0.1485963,0.21244106
5ooa_URI_A_201,0.98805986,0.65685806,0.20407506,0.29510154,0.50973487,0.14366234,0.22612806
5osf_A9E_A_404,0.94604718,0.98273034,0.20400223,0.29812918,0.50961249,0.14056422,0.23301621
5r0i_SYV_A_2501,0.99776035,0.99338809,0.18192334,0.2145969,1.4983411e-06,0.088901952,0.23160037
5r28_RDJ_A_401,0.9852464,0.97562402,0.18197807,0.21430613,5.437714e-05,0.088876978,0.2312546
5r9o_54F_A_401,0.99296671,0.65685821,0.20405869,0.29514496,0.50972753,0.14372768,0.22611825
5sga_TYR_P_1,0,0.94206676,0.20718529,0.28933326,0.51105108,0.1282832,0.23405978
5syi_NIZ_A_805,0.0015552842,0.65682686,0.20736653,0.28637158,0.5112109,0.13052597,0.22810116
5syi_NIZ_B_805,0.95171259,0.86008703,0,0.21278341,0.0079905635,0.089320701,0.22891011
5t3h_BEN_A_302,0.99801722,0.65685837,0.20404183,0.29518966,0.50971997,0.14379494,0.22610815
5t63_ALA_C_1,0,0.65682681,0.20737172,0.28635781,0.51121323,0.13050526,0.22810427
5t6b_TMP_B_504,0,0.65682681,0.20737172,0.28635781,0.51121323,0.13050526,0.22810427
5t6b_TMP_D_503,0,0.65682681,0.20737172,0.28635781,0.51121323,0.13050526,0.22810427
5t85_44G_L_301,0.011390865,0,0.20776303,0.27960688,0.51156956,0.13577379,0.21436741
5tbo_78Z_A_1001,0.97538858,0.98144847,0.22428183,0.37662869,0.9840683,0.18959841,0.23435893
5tch_MLI_A_301,0.99560524,0.6568583,0.20404988,0.29516831,0.50972358,0.14376282,0.22611297
5tch_MLI_B_501,0.99862595,0.65685839,0.2040398,0.29519504,0.50971906,0.14380304,0.22610693
5tch_MLI_D_501,0.99581503,0.6568583,0.20404918,0.29517017,0.50972327,0.14376561,0.22611255
5tch_MLI_E_301,0.99810456,0.65685838,0.20404154,0.29519043,0.50971984,0.1437961,0.22610797
5tch_MLI_F_501,0.99787196,0.65685837,0.20404232,0.29518837,0.50972019,0.143793,0.22610844
5tch_MLI_G_301,0.99705808,0.65685834,0.20404503,0.29518117,0.50972141,0.14378216,0.22611006
5tch_MLI_H_501,0.93544723,0.65685639,0.2042506,0.29463595,0.50981359,0.14296175,0.22623329
5tde_2HP_B_901,0.9961562,0.65685831,0.20404804,0.29517319,0.50972276,0.14377015,0.22611187
5tde_2HP_B_902,0,0.94934669,0.20718053,0.2894092,0.51104694,0.12822649,0.23421178
5tde_FLC_A_501,0.98575395,0.65685798,0.20408275,0.29508113,0.50973832,0.14363164,0.22613267
5tdt_MBN_A_502,0,0.18263659,0.20763224,0.28119905,0.51032508,0.13409844,0.12084137
5tdt_MBN_A_503,0.08580802,0.65682952,0.20708542,0.28711716,0.51108484,0.13164789,0.22793265
5tdt_MBN_D_501,0.088836549,0.65682962,0.20707532,0.28714396,0.51108031,0.13168821,0.22792659
5tdt_MBN_D_502,0.97062039,0.65685751,0.20413324,0.29494721,0.50976096,0.14343012,0.22616294
5thu_B3N_A_404,0.83072565,0.65685308,0.2046,0.29370923,0.50997028,0.14156727,0.22644274
5thu_B3N_B_404,0,0.65682681,0.20737172,0.28635781,0.51121323,0.13050526,0.22810427
5thu_GGG_B_405,0,0.97810953,0.1852148,0.2054256,5.5683206e-07,0.075621098,0.23327408
5tix_OQR_A_302,0,0.65682681,0.20737172,0.28635781,0.51121323,0.13050526,0.22810427
5tix_OQR_B_302,0,0.65682681,0.20737172,0.28635781,0.51121323,0.13050526,0.22810427
5tlg_7EG_B_601,0.9922672,0.65685819,0.20406102,0.29513877,0.50972858,0.14371837,0.22611965
5tm5_7EV_B_601,0,0.65682681,0.20737172,0.28635781,0.51121323,0.13050526,0.22810427
5tvr_AKG_B_402,0.99751272,0.65685836,0.20404352,0.29518519,0.50972073,0.14378822,0.22610916
5tzr_MLI_A_2403,0.97586197,0.93019761,0.18204012,0.21375321,0.00010712918,0.089108378,0.23032498
5u5g_7VD_A_302,0.88365286,0.91119604,0.20425717,0.29683083,0.50974651,0.14029063,0.23164745
5u5g_7VD_B_302,0.86719422,0.93180979,0.20429861,0.29690022,0.50975941,0.13991088,0.23211078
5u5g_7VD_C_302,0,0.88341962,0.20722362,0.28872148,0.51108442,0.12874008,0.23283528
5u5g_7VD_D_302,0.99126469,0.90543956,0.21658691,0.34643783,0.80504719,0.17204413,0.23220107
5u5x_TP5_A_302,0.99792246,0.65685837,0.20404215,0.29518882,0.50972011,0.14379367,0.22610834
5u5z_7VP_A_302,0.00020115681,0,0.20780036,0.27950786,0.5115863,0.13562479,0.2143898
5u8z_83D_A_602,0,0.65682681,0.20737172,0.28635781,0.51121323,0.13050526,0.22810427
5u8z_83D_B_602,3.3227494e-07,0.65682681,0.20737172,0.28635782,0.51121323,0.13050526,0.22810427
5u8z_83D_C_602,2.5714219e-07,0.65682681,0.20737172,0.28635782,0.51121323,0.13050526,0.22810427
5u8z_83D_D_602,0,0.65682681,0.20737172,0.28635781,0.51121323,0.13050526,0.22810427
5uap_82S_A_505,0.042905437,0.65682817,0.20722857,0.2867375,0.51114903,0.13107659,0.22801846
5uap_82S_B_505,0.99603508,0.65685831,0.20404845,0.29517212,0.50972294,0.14376854,0.22611211
5ud0_13P_B_405,0.99341643,0.65685823,0.20405718,0.29514894,0.50972686,0.14373367,0.22611735
5ud3_P6F_B_404,0,0.65682681,0.20737172,0.28635781,0.51121323,0.13050526,0.22810427
5uda_CAE_A_502,0.47926931,0.65684197,0.20577264,0.29059905,0.51049613,0.13688725,0.22714569
5uda_CAE_B_502,0.50867144,0.9871517,0.20545864,0.29430489,0.51026438,0.13470557,0.23398351
5uio_8DM_C_202,0,0.65682681,0.20737172,0.28635781,0.51121323,0.13050526,0.22810427
5uio_8DM_D_202,0,0.65682681,0.20737172,0.28635781,0.51121323,0.13050526,0.22810427
5uio_8DM_E_202,0.98849882,0.97354823,0.2231545,0.37244697,0.97693308,0,0.23412476
5uio_LG3_A_201,0.9922251,0,0.20449048,0.28828646,0.51010203,0.14883482,0.21240523
5uio_LG3_B_201,0.99814409,0.32725675,0.20425684,0.29175262,0.50990714,0.14636423,0.21922624
5uio_LG3_C_201,0.9928667,0.99352153,0.22464152,0.3785449,0.99395769,0.19075361,0.23460589
5uio_LG3_E_201,0.99610047,0.99514181,0.22452872,0.37820271,0.99160355,0.1905431,0.23462618
5unr_8EV_A_803,0,0.98263102,0,0.28489649,0.48172203,0.12495029,0.23481936
5unt_8J1_B_803,0.95879282,0.65685713,0.20417271,0.29484255,0.50977866,0.14327262,0.2261866
5unx_8F1_A_803,0.97968162,0.65685779,0.20410301,0.2950274,0.50974741,0.14355078,0.22614482
5unx_8F1_B_803,0.98437922,0.65685794,0.20408734,0.29506897,0.50974038,0.14361333,0.22613542
5uo3_8EY_A_803,0.99177634,0.65685818,0.20406266,0.29513443,0.50972931,0.14371183,0.22612063
5uo3_8EY_B_804,0.9837912,0.65685792,0.2040893,0.29506377,0.50974126,0.1436055,0.2261366
5uo5_M4R_A_803,0.98346452,0.65685791,0.20409039,0.29506087,0.50974175,0.14360115,0.22613725
5uo5_M4R_B_803,0.9880854,0.65685806,0.20407497,0.29510177,0.50973483,0.14366268,0.22612801
5urz_BOG_B_201,0.69756857,0.65684887,0.20504428,0.29253087,0.51016951,0.13979414,0.22670907
5ut1_7DZ_A_905,0,0.65682681,0.20737172,0.28635781,0.51121323,0.13050526,0.22810427
5v31_ARG_A_401,0,0.65682681,0.20737172,0.28635781,0.51121323,0.13050526,0.22810427
5vjg_0BP_A_403,0.99877021,0.77175123,0.20396422,0.29639491,0.50965353,0.14290986,0.22850567
5vka_AKG_A_402,0.99425499,0.65685825,0.20405439,0.29515636,0.5097256,0.14374484,0.22611567
5vl0_BNF_A_404,0,0.98251589,0.20715885,0.28975521,0.51102809,0.1279681,0.23490433
5vl0_BNF_B_404,0.9898405,0.98161095,0.21228506,0.3308722,0.70593462,0.16127192,0.23349595
5vl0_BNF_C_404,0.99308429,0.98575008,0.20749764,0.31261074,0.59481012,0.14988891,0.23324129
5vrj_R07_A_204,0,0.81204554,0.20727027,0.28797695,0.51112499,0.1292961,0.23134505
5vut_9OG_A_803,0.93034317,0.65685623,0.20426763,0.29459078,0.50982123,0.14289378,0.2262435
5vut_9OG_B_803,0,0.65682681,0.20737172,0.28635781,0.51121323,0.13050526,0.22810427
5vuu_9OJ_A_805,0.0001329821,0.65682681,0.20737128,0.28635899,0.51121303,0.13050703,0.22810401
5vuu_9OJ_B_803,0.69973667,0.65684894,0.20503705,0.29255006,0.51016627,0.13982301,0.22670473
5vv0_9OM_B_803,0.7012228,0.65684899,0.20503209,0.29256321,0.51016404,0.1398428,0.22670176
5vv5_9OJ_A_803,0.06298845,0.6568288,0.20716156,0.28691522,0.51111898,0.13134402,0.22797829
5vv5_9OJ_B_803,0,0.66034627,0.20537886,0.27871308,0.4650586,2.9443168e-10,0.2280411
5vyr_B62_A_301,0.98878633,0.98331507,0.22470359,0.37856279,0.99493885,0.19087852,0.23440388
5vyr_B62_B_301,0.97738831,0.96035943,0.22464572,0.37779655,0.99237914,0.19064087,0.23393961
5vyr_GMP_B_302,0,0.65682681,0.20737172,0.28635781,0.51121323,0.13050526,0.22810427
5vyr_GMP_B_303,0.99858409,0.65685839,0.20403994,0.29519467,0.50971912,0.14380248,0.22610701
5vys_1YJ_A_301,0.99314773,0.98434714,0.22456997,0.37815748,0.99217786,0.19064598,0.23440841
5vys_1YJ_B_301,0.98921784,0.65685809,0.20407119,0.29511179,0.50973314,0.14367776,0.22612575
5vys_GMP_B_303,0.97877942,0.65685776,0.20410602,0.29501941,0.50974876,0.14353876,0.22614662
5w3k_9TY_B_401,0.26141844,0.95938069,0.20630175,0.29182721,0.5106501,0.13162944,0.23389831
5w5t_9X7_A_506,0,0,0.20780103,0.27950608,0.5115866,0.13562211,0.2143902
5w5t_9X7_D_508,0,0,0.20780103,0.27950608,0.5115866,0.13562211,0.2143902
5w7b_MYR_B_208,0.98258875,0.7064787,0.20406087,0.29557082,0.50971485,0.14320288,0.2271752
5w8q_BU4_A_400,0.99492649,0.97220017,0.21454091,0.3395238,0.75869276,0.16682287,0.23344816
5w8q_BU4_B_400,0.025831113,0.995276,0.20706433,0.2901169,0.51098219,0.12821267,0.23511907
5wct_GY4_A_303,0,0,0.20780103,0.27950608,0.5115866,0.13562211,0.2143902
5wcz_NOJ_B_601,0.9846017,0.65685795,0.2040866,0.29507094,0.50974005,0.14361629,0.22613498
5wgk_AGJ_A_816,0.9639104,0.65685729,0.20415563,0.29488783,0.509771,0.14334077,0.22617636
5wgr_PM7_A_711,0,0.65682681,0.20737172,0.28635781,0.51121323,0.13050526,0.22810427
5wgr_PM7_A_712,0,0.98458436,0.2071575,0.28977679,0.51102691,0.12795198,0.23494751
5wgv_PM7_A_713,0,0.65682681,0.20737172,0.28635781,0.51121323,0.13050526,0.22810427
5wgw_MB5_A_714,0,0.65682681,0.20737172,0.28635781,0.51121323,0.13050526,0.22810427
5wgw_MB5_A_715,0.54284463,0.65684398,0.20556052,0.29116166,0.51040101,0.13773382,0.22701853
5wqp_NCA_A_302,0,0.65682681,0.20737172,0.28635781,0.51121323,0.13050526,0.22810427
5x0j_SEP_A_302,0,0,0.20780103,0.27950608,0.5115866,0.13562211,0.2143902
5x23_LSN_A_502,0,0.65682681,0.20737172,0.28635781,0.51121323,0.13050526,0.22810427
5x23_LSN_A_503,0.51901719,0.65684322,0.20564003,0.29095078,0.51043666,0.13741651,0.22706619
5x23_LSN_A_504,0.51901719,0.65684322,0.20564003,0.29095078,0.51043666,0.13741651,0.22706619
5x2m_GLN_A_951,0.93053849,0,0.2046963,0.28774058,0.51019432,0.14801338,0.21252863
5x2m_GLN_D_951,0,0,0.20780103,0.27950608,0.5115866,0.13562211,0.2143902
5x5d_UMP_A_401,0.96627977,0.65685737,0.20414773,0.2949088,0.50976746,0.14337232,0.22617162
5x5d_UMP_B_401,0.96184083,0.65685723,0.20416254,0.29486952,0.5097741,0.14331321,0.2261805
5x5d_UMP_C_401,0.73875451,0.65685017,0.20490687,0.29289534,0.51010789,0.14034257,0.2266267
5x5d_UMP_D_401,0,0.65682681,0.20737172,0.28635781,0.51121323,0.13050526,0.22810427
5x5d_UMP_E_401,0.96373128,0.65685729,0.20415623,0.29488625,0.50977127,0.14333838,0.22617672
5x6r_7ZR_A_402,0.87822792,0.65685458,0.20444151,0.29412959,0.5098992,0.14219981,0.22634774
5x6r_7ZR_B_402,5.6017311e-10,0.65682681,0.20737172,0.28635781,0.51121323,0.13050526,0.22810427
5x86_TMP_A_205,0,0,0.20780103,0.27950608,0.5115866,0.13562211,0.2143902
5x86_TMP_B_207,0.99407495,0,0.20448431,0.28830283,0.51009926,0.14885945,0.21240153
5xdt_MB3_A_404,0.38395684,0.99568175,0.20586918,0.29329025,0.51044613,0.13297839,0.2344111
5xdt_ZI7_A_403,0.76888049,0.65685113,0.20480635,0.29316194,0.51006281,0.14074373,0.22656644
5xin_XLS_A_397,0.99144466,0.65685816,0.20406376,0.29513149,0.50972981,0.14370742,0.22612129
5xin_XLS_B_397,0.98670937,0.65685801,0.20407956,0.29508959,0.50973689,0.14364436,0.22613076
5xin_XLS_C_397,0.95556714,0.65685703,0.20418347,0.294814,0.50978349,0.14322967,0.22619305
5xin_XLS_D_397,0.95246752,0.65685693,0.20419381,0.29478657,0.50978813,0.14318839,0.22619925
5xj7_87O_A_309,0.94204549,0,0.20465791,0.28784241,0.51017711,0.14816661,0.21250561
5xmq_PLG_A_501,0,0.65682681,0.20737172,0.28635781,0.51121323,0.13050526,0.22810427
5xmq_PLG_B_501,2.7062575e-05,0.65682681,0.20737163,0.28635805,0.51121319,0.13050562,0.22810422
5xmq_PLG_C_501,0.99155092,0.65685817,0.20406341,0.29513243,0.50972965,0.14370883,0.22612108
5xoi_SIN_A_401,0.99751015,0.65685836,0.20404353,0.29518517,0.50972073,0.14378818,0.22610916
5xrv_F6R_A_702,0,0.65682681,0.20737172,0.28635781,0.51121323,0.13050526,0.22810427
5xsm_8EO_A_705,0.96814297,0.65685743,0.20414151,0.29492529,0.50976467,0.14339713,0.2261679
5xvt_8FL_A_709,0.43280237,0.6568405,0.20592768,0.29018785,0.51056566,0.13626849,0.22723863
5xvv_AKG_A_508,0,0.65682681,0.20737172,0.28635781,0.51121323,0.13050526,0.22810427
5xvv_AKG_B_506,0,0.65682681,0.20737172,0.28635781,0.51121323,0.13050526,0.22810427
5xvv_AKG_C_504,0.98379346,0.65685792,0.20408929,0.29506379,0.50974125,0.14360553,0.22613659
5y1g_AKB_A_401,0.9331461,0,0.2046876,0.28776366,0.51019042,0.14804811,0.21252342
5y7a_KYN_A_502,0.9182321,0,0.20473736,0.28763168,0.51021274,0.14784951,0.21255325
5y7r_58K_B_403,0,0.65682681,0.20737172,0.28635781,0.51121323,0.13050526,0.22810427
5y7r_AKG_B_402,0.99479759,0.65685827,0.20405258,0.29516117,0.50972479,0.14375206,0.22611459
5y8k_SER_A_301,0,0.0080345712,0.20779578,0.2795899,0.51158203,0.13555952,0.21455796
5y8k_SER_B_301,0,0.0027195521,0.20779925,0.27953445,0.51158505,0.13560092,0.21444698
5y8p_3OH_B_301,0.41505808,0.8388111,0.20586794,0.29192907,0.51048877,0.1346146,0.23107355
5yaq_ISE_B_402,0.97140153,0.65685753,0.20413064,0.29495412,0.5097598,0.14344052,0.22616138
5yaq_ISE_D_402,0,0.64679029,0.20730944,0.28599469,0.50964801,0.13042502,0.08979739
5yb7_ORN_A_602,0.98493186,0.65685796,0.20408549,0.29507386,0.50973955,0.14362069,0.22613432
5yb7_ORN_A_603,0.98024333,0.65685781,0.20410114,0.29503237,0.50974657,0.14355826,0.2261437
5yb7_ORN_B_602,0,0.65682681,0.20737172,0.28635781,0.51121323,0.13050526,0.22810427
5yb7_ORN_B_603,0,0.65682681,0.20737172,0.28635781,0.51121323,0.13050526,0.22810427
5yb7_ORN_C_603,0,0.65682681,0.20737172,0.28635781,0.51121323,0.13050526,0.22810427
5yb7_ORN_D_602,0.99589612,0.65685831,0.20404891,0.29517089,0.50972315,0.14376669,0.22611239
5yb7_ORN_D_603,0.9779181,0.65685774,0.2041089,0.29501179,0.50975005,0.14352729,0.22614835
5ybl_AKG_A_302,0.00032760129,0.65682682,0.20737063,0.28636071,0.51121274,0.13050962,0.22810362
5ybl_AKG_C_302,0.9948874,0.65685827,0.20405228,0.29516196,0.50972466,0.14375326,0.22611441
5ybp_8SX_B_303,0,0.65682681,0.20737172,0.28635781,0.51121323,0.13050526,0.22810427
5ybp_AKG_A_302,0.99764391,0.64459248,0.22223086,4.2929832e-48,0.99128515,0.18720716,0.22713404
5ybp_AKG_B_302,0,0.65682681,0.20737172,0.28635781,0.51121323,0.13050526,0.22810427
5ybq_8T0_A_303,0.94937369,0.65685683,0.20420413,0.29475919,0.50979275,0.14314719,0.22620544
5ybq_8T0_B_303,0,0.65682681,0.20737172,0.28635781,0.51121323,0.13050526,0.22810427
5ybq_AKG_A_302,0.99649565,0.65685832,0.20404691,0.29517619,0.50972225,0.14377467,0.22611119
5ybq_AKG_B_302,0,0.65682681,0.20737172,0.28635781,0.51121323,0.13050526,0.22810427
5yfj_RUB_A_401,0.8848409,0.96737131,0.20421649,0.29742734,0.5097128,0.13986883,0.23281797
5yfj_RUB_B_401,0,0.95933851,0.207174,0.28951343,0.51104126,0.12814865,0.2344204
5yfj_RUB_C_401,0,0.96687094,0.20716908,0.28959201,0.51103698,0.12808997,0.23457767
5ykt_PMP_A_501,0.99034576,0.65685813,0.20406743,0.29512177,0.50973145,0.14369278,0.22612349
5ykt_PMP_B_501,0.99295307,0.65685821,0.20405873,0.29514484,0.50972755,0.1437275,0.22611827
5ylf_BGC_A_401,0,0.95010361,0.20718004,0.2894171,0.51104651,0.1282206,0.23422758
5ysh_5AD_D_605,0.21274926,0.98677077,0.20644623,0.29168225,0.51070735,0.13076797,0.23456755
5ysh_5AD_J_605,0.21831849,0.98087692,0.20643151,0.29167005,0.51070237,0.13088805,0.23443335
5z54_0HZ_A_303,0.19287987,0.9839039,0.2065144,0.29147651,0.51073871,0.13052572,0.23454745
5z54_0HZ_D_303,0.98743691,0,0.20450646,0.28824408,0.51010919,0.14877106,0.21241481
5z9b_HX3_B_303,0.97160376,0.98667353,0.18203318,0.21436522,0.00045624252,0.08864935,0.23151377
5z9p_AX7_A_301,0.99849684,0,0.20446956,0.28834196,0.51009265,0.14891833,0.21239268
5zg2_ZK1_A_901,0.91170789,0,0.18283851,0.20339135,0,0.095444106,0.2110299
5zg2_ZK1_B_901,0,0.65682681,0.20737172,0.28635781,0.51121323,0.13050526,0.22810427
5zge_ZZ7_B_302,0,0.90970714,0.20720644,0.2889957,0.51106948,0.12853529,0.23338414
5zgr_ZZ7_A_303,0.53211402,0.94264671,0.20540952,0.29404808,0.5102546,0.13536444,0.23300738
5zgr_ZZ7_B_303,0.99201471,0.65685818,0.20406186,0.29513654,0.50972895,0.14371501,0.22612015
5zi4_OAA_A_401,0.99549711,0.65685829,0.20405024,0.29516736,0.50972374,0.14376138,0.22611319
5zpt_HY1_A_702,0.0056048982,0.65682699,0.20735302,0.28640741,0.51120484,0.1305799,0.22809306
5zpt_HY1_B_703,0.98684521,0.65685802,0.20407911,0.29509079,0.50973669,0.14364617,0.22613049
6a1f_9OF_A_807,0.97926501,0.65685778,0.2041044,0.29502371,0.50974803,0.14354523,0.22614565
6a1l_BEZ_A_403,0.99315221,0.9676315,0.2229237,0.37161901,0.9536112,0.18682102,0.23394324
6a1l_BEZ_A_404,0.98537155,0.65685797,0.20408403,0.29507775,0.50973889,0.14362655,0.22613344
6a2m_9QR_A_701,0,0.65682681,0.20737172,0.28635781,0.51121323,0.13050526,0.22810427
6a2m_9QR_B_701,0.9312779,0.65685626,0.20426451,0.29459905,0.50981983,0.14290623,0.22624163
6a2m_UMP_A_703,0.9910418,0.65685815,0.20406511,0.29512793,0.50973041,0.14370205,0.2261221
6a2m_UMP_B_703,0.97735796,0.65685772,0.20411076,0.29500684,0.50975088,0.14351984,0.22614947
6a2n_9QR_A_701,3.0441704e-09,0.65682681,0.20737172,0.28635781,0.51121323,0.13050526,0.22810427
6a2n_UMP_B_703,0.97628209,0.65685769,0.20411435,0.29499731,0.50975249,0.14350551,0.22615162
6a3j_SOE_A_402,0.0089691686,0.65682709,0.2073418,0.28643718,0.51119981,0.13062469,0.22808633
6abm_9VR_A_505,0,0.65682681,0.20737172,0.28635781,0.51121323,0.13050526,0.22810427
6acn_TRC_A_899,0.93096665,0.21080806,0.20455708,0.28994342,0.51007385,0.14637684,0.21692928
6ald_2FP_A_700,0,0.65682681,0.20737172,0.28635781,0.51121323,0.13050526,0.22810427
6ald_2FP_B_700,0,0.65682681,0.20737172,0.28635781,0.51121323,0.13050526,0.22810427
6auq_BYJ_B_803,0.98728891,0.65685803,0.20407763,0.29509472,0.50973602,0.14365208,0.2261296
6av2_BY7_A_803,0.43517616,0.65684057,0.20591976,0.29020886,0.51056211,0.1363001,0.22723388
6av2_BY7_B_803,0.64943977,0.65684735,0.20520486,0.29210496,0.51024152,0.13915325,0.22680533
6axu_BTM_A_401,0.98361336,0.98805821,0.18472537,0.22498223,0.064060977,0.095321811,0.23171022
6ayv_MLI_A_409,0,0.65682681,0.20737172,0.28635781,0.51121323,0.13050526,0.22810427
6b5k_TYD_A_304,0.94791251,0,0.20463833,0.28789433,0.51016833,0.14824474,0.21249388
6b5k_TYD_B_304,0.97336789,0,0.2045534,0.28811958,0.51013024,0.14858371,0.21244295
6b6r_BEN_A_302,0.99817632,0.65685838,0.2040413,0.29519107,0.50971973,0.14379705,0.22610783
6b83_6NA_B_201,0.99297664,0.89047247,0.20390596,0.29758208,0.50959472,0.14190785,0.23099606
6b9p_D0J_A_1001,0.83438537,0.6568532,0.20458779,0.29374161,0.5099648,0.141616,0.22643543
6b9p_D0J_B_1001,0.17947829,0.65683249,0.20677289,0.28794609,0.51094469,0.13289521,0.2277453
6ba2_7KM_A_809,0.99141067,0.99520573,0.181943,0.21455839,4.6528061e-10,0.088802442,0.231651
6bds_DJ4_A_303,2.6134336e-05,0.97148897,0.20716597,0.28964041,0.51103432,0.12805435,0.23467404
6bkk_308_B_101,0.99665064,0.99379357,0.19240103,0.25481599,0.24380635,0.1138832,0.23234519
6bmm_OLB_A_404,0.51901753,0.66940902,0.20563181,0.29108189,0.51042952,0.13731861,0.22732861
6bmm_OLB_B_404,0.51899951,0,0.20606938,0.28409884,0.51081007,0.14253329,0.21335192
6bqx_9AG_A_201,0.99148885,0.90934025,0.20389859,0.29776573,0.50958622,0.14174106,0.23139298
6br1_E3Y_B_505,0,0.65682681,0.20737172,0.28635781,0.51121323,0.13050526,0.22810427
6btn_E8M_A_304,0,0.65682681,0.20737172,0.28635781,0.51121323,0.13050526,0.22810427
6btq_E8S_A_305,0,0.65682681,0.20737172,0.28635781,0.51121323,0.13050526,0.22810427
6bvl_EBY_B_2001,0,0.65682681,0.20737172,0.28635781,0.51121323,0.13050526,0.22810427
6bxk_MTA_B_401,0.99068009,0.65685814,0.20406631,0.29512473,0.50973095,0.14369723,0.22612282
6c17_DNX_A_202,0.0062003955,0.91605381,0.2071816,0.28911678,0.51105659,0.12856842,0.23350425
6c1i_EEY_A_501,0.9899883,0.65685812,0.20406862,0.29511861,0.50973199,0.14368802,0.2261242
6c1i_EEY_B_501,0.99469493,0.65685827,0.20405292,0.29516026,0.50972494,0.1437507,0.22611479
6c1i_KNA_A_502,0.00045524375,0.65682682,0.2073702,0.28636184,0.51121254,0.13051132,0.22810336
6c1x_DNX_A_203,0,0.9296904,0.20719338,0.28920416,0.51105812,0.12837962,0.23380137
6c6w_TFX_A_502,0,0.92190229,0.20719847,0.28912292,0.51106254,0.12844029,0.23363876
6cdy_EY1_A_501,0,0,0.20780103,0.27950608,0.5115866,0.13562211,0.2143902
6cdy_EY1_B_501,0,0,0.20780103,0.27950608,0.5115866,0.13562211,0.2143902
6cgc_F0A_A_402,0.72459197,0,0.20538344,0.28591812,0.51050246,0.14527095,0.21294064
6cgc_F0A_B_402,0.96937185,0,0.20456673,0.28808422,0.51013622,0.1485305,0.21245095
6cgn_DA_A_801,0,0.9779484,0.20716184,0.28970756,0.51103068,0.12800368,0.23480896
6cqu_HI6_A_601,0,0.65682681,0.20737172,0.28635781,0.51121323,0.13050526,0.22810427
6cqu_HI6_B_601,0,0.65682681,0.20737172,0.28635781,0.51121323,0.13050526,0.22810427
6cut_FEJ_A_401,0,0.65682681,0.20737172,0.28635781,0.51121323,0.13050526,0.22810427
6cut_FEJ_B_401,0,0.65682681,0.20737172,0.28635781,0.51121323,0.13050526,0.22810427
6cut_FEJ_C_401,0.95382874,0.65685698,0.20418927,0.29479862,0.50978609,0.14320652,0.22619653
6cwr_6LA_A_201,0.97222635,0,0.20455721,0.28810948,0.51013195,0.14856851,0.21244524
6dl7_ONC_A_301,0.9216076,0.65685596,0.20429678,0.29451348,0.5098343,0.14277746,0.22626097
6dl7_ONC_B_301,0,0.65682681,0.20737172,0.28635781,0.51121323,0.13050526,0.22810427
6dl7_ONC_C_301,0.98777042,0.65685805,0.20407602,0.29509898,0.5097353,0.14365849,0.22612864
6dl7_ONC_D_301,0,0.65682681,0.20737172,0.28635781,0.51121323,0.13050526,0.22810427
6dl7_ONC_F_301,0.93854984,0.97245093,0.18213135,0.21384213,0,0.088268893,0.23128144
6dl7_ONC_G_301,2.3043627e-07,0.65682681,0.20737172,0.28635781,0.51121323,0.13050526,0.22810427
6dmi_5T5_A_504,0.98771329,0.65685805,0.20407621,0.29509847,0.50973539,0.14365773,0.22612875
6e2w_DP6_A_403,0.98644199,0.65685801,0.20408046,0.29508722,0.50973729,0.1436408,0.2261313
6e40_BBJ_A_502,0.96757395,0.65685741,0.20414341,0.29492025,0.50976552,0.14338955,0.22616904
6e40_BBJ_B_502,0,0.65682681,0.20737172,0.28635781,0.51121323,0.13050526,0.22810427
6e40_BBJ_D_502,0,0.65682681,0.20737172,0.28635781,0.51121323,0.13050526,0.22810427
6e43_BEZ_A_502,0.99782941,0.96889248,0.22422975,0.37675232,0.9843882,0.19002988,0.2340529
6e43_BEZ_B_502,0.99747155,0.98789407,0.22431086,0.37730196,0.98653016,0.19009746,0.23445683
6e43_BEZ_C_502,0.99858528,0.9766264,0.22441565,0.37758268,0.9888876,0.19044146,0.23422643
6e43_BEZ_D_502,0.99779232,0.97326257,0.22431986,0.37715412,0.9865475,0.19021692,0.23415073
6e8i_PTR_A_201,0.97849353,0,0.2045363,0.28816494,0.51012257,0.14865196,0.2124327
6ezf_C6Z_A_1003,0.99549646,0.65685829,0.20405024,0.29516735,0.50972374,0.14376137,0.22611319
6f2b_AKG_A_402,0,0.65682681,0.20737172,0.28635781,0.51121323,0.13050526,0.22810427
6f2b_AKG_B_402,0,0.65682681,0.20737172,0.28635781,0.51121323,0.13050526,0.22810427
6f2b_AKG_C_402,0.71480457,0.65684942,0.20498677,0.2926834,0.51014372,0.14002365,0.2266746
6f2v_AMP_B_1001,0,0.9689573,0.20716771,0.28961377,0.5110358,0.12807372,0.23462123
6f3s_CKW_A_902,0.99020573,0,0.20449722,0.28826859,0.51010505,0.14880793,0.21240927
6f3s_PLP_A_901,0,0.95540007,0.20717657,0.28947235,0.5110435,0.12817933,0.23433817
6f48_XQB_A_302,0,0,0.20780103,0.27950608,0.5115866,0.13562211,0.2143902
6f66_CUT_A_300,0.99597963,0.98986534,0.2245567,0.37823925,0.99216737,0.19064017,0.23451794
6f66_CUT_B_300,0.99767746,0.98783084,0.22366199,0.37481373,0.97144165,0.18855356,0.23440966
6f6a_CU5_B_301,0.90033323,0.65685528,0.20436776,0.29432521,0.50986613,0.14249417,0.22630352
6f76_CVK_A_203,0,0.65682681,0.20737172,0.28635781,0.51121323,0.13050526,0.22810427
6f76_CVK_B_203,0.48931418,0.65712745,0.18380967,0.20647407,2.4457992e-09,0.084680141,0.22559283
6f76_CVK_C_203,0.98460263,0.65685795,0.20408659,0.29507095,0.50974004,0.14361631,0.22613498
6f77_PLP_A_600,0,0.65682681,0.20737172,0.28635781,0.51121323,0.13050526,0.22810427
6f77_PLP_C_600,0,0.65682681,0.20737172,0.28635781,0.51121323,0.13050526,0.22810427
6f77_PLP_D_600,0,0.65682681,0.20737172,0.28635781,0.51121323,0.13050526,0.22810427
6f77_PLP_E_600,0.96609486,0.65685736,0.20414834,0.29490716,0.50976774,0.14336986,0.22617199
6f7r_CIT_A_1003,0.84794682,0.93129812,0.20436316,0.29672456,0.5097885,0.13965856,0.2321386
6fa1_D2Z_A_203,0.51902022,0.7693485,0.20556648,0.29212443,0.5103727,0.13654008,0.22941526
6fa1_D2Z_B_203,0.51902606,0.98597812,0.20542488,0.29438423,0.51024955,0.13485254,0.2339383
6fa1_D2Z_F_203,0.07383777,0,0.20755467,0.28015949,0.51147612,0.13660535,0.21424249
6fjj_LSA_A_302,0.99771514,0.65685836,0.20404284,0.29518698,0.50972042,0.14379091,0.22610875
6fld_DQ5_A_604,0,0.65682681,0.20737172,0.28635781,0.51121323,0.13050526,0.22810427
6fld_NAG_A_602,0.60495081,0.71453914,0.18339274,0.20812196,2.2550837e-08,0.085787517,0.22656241
6fld_NAG_A_603,0,0.65682681,0.20737172,0.28635781,0.51121323,0.13050526,0.22810427
6flu_DTK_A_401,0.15435641,0.65683169,0.20685671,0.28772377,0.51098227,0.13256068,0.22779555
6flu_DTK_A_403,0.92117095,0.65685594,0.20429823,0.29450961,0.50983495,0.14277165,0.22626185
6flu_DTK_A_404,0.78265699,0.65685156,0.20476038,0.29328385,0.5100422,0.14092718,0.22653889
6flu_DTK_A_405,0,0.97813573,0.20716171,0.28970952,0.51103058,0.12800222,0.23481287
6flu_DTK_A_406,0.98205729,0.65685787,0.20409508,0.29504842,0.50974385,0.14358241,0.22614007
6flu_DTK_B_401,0,0.95374834,0.20717765,0.28945512,0.51104444,0.1281922,0.23430368
6flu_DTK_B_402,0.080564702,0.65682936,0.20710292,0.28707076,0.51109268,0.13157807,0.22794314
6flu_DTK_B_403,0.93482349,0.65685637,0.20425268,0.29463043,0.50981452,0.14295344,0.22623454
6flu_DTK_B_404,0.99150481,0.97802153,0.2246291,0.37826709,0.99333461,0.19079155,0.23428309
6flu_DTK_B_405,0,0.65682681,0.20737172,0.28635781,0.51121323,0.13050526,0.22810427
6flu_DTK_B_406,0.11624599,0.65683049,0.20698387,0.28738652,0.5110393,0.1320532,0.22787177
6fs7_E4Z_A_903,0,0.65682681,0.20737172,0.28635781,0.51121323,0.13050526,0.22810427
6fs7_E4Z_B_903,0,0.65682681,0.20737172,0.28635781,0.51121323,0.13050526,0.22810427
6fs7_E4Z_C_903,0.62171293,0.65684647,0.20529737,0.29185959,0.51028301,0.13878404,0.22686079
6fs7_E4Z_D_903,0.59360106,0.65684558,0.20539117,0.29161082,0.51032507,0.1384097,0.22691702
6fs7_E4Z_E_903,0,0.65682681,0.20737172,0.28635781,0.51121323,0.13050526,0.22810427
6fs7_E4Z_F_903,0.00056997011,0.65682683,0.20736982,0.28636286,0.51121237,0.13051285,0.22810313
6fw0_E92_A_602,0.54614392,0.65684408,0.20554951,0.29119085,0.51039607,0.13777776,0.22701193
6fw0_E92_B_602,0.98620506,0.656858,0.20408125,0.29508513,0.50973765,0.14363764,0.22613177
6g3f_FUM_A_601,0.97490132,0,0.20454828,0.28813315,0.51012795,0.14860413,0.21243988
6g5q_EMZ_B_402,0.96654761,0.65698994,0,0.3728763,0.99190876,0.19183303,0.22759675
6gck_EUB_A_302,0.82353599,0.99210447,0.20440487,0.29714284,0.50979046,0.1388598,0.23345702
6gck_EUB_C_302,0.99039091,0.98488417,0.181983,0.21455632,0.00070002957,0.088940511,0.23143962
6gck_EUB_D_302,0.99379371,0.99049962,0.18194705,0.21456466,0.00020704967,0.088892143,0.23154859
6gl4_GLU_B_301,0,0.65682681,0.20737172,0.28635781,0.51121323,0.13050526,0.22810427
6gnf_GLC_B_602,0.98433106,0.65685794,0.2040875,0.29506854,0.50974045,0.14361269,0.22613552
6gpn_OGA_B_402,0.99673849,0.65685833,0.2040461,0.29517834,0.50972189,0.14377791,0.2261107
6gqk_F88_A_1001,0.9841873,0.64670085,0.19715917,4.133851e-35,0.34920807,0.12708527,0.22544137
6gxk_FFW_A_402,0.98787049,0.65685805,0.20407569,0.29509986,0.50973515,0.14365982,0.22612844
6gxk_FFW_B_402,0.99106229,0.65685815,0.20406504,0.29512811,0.50973038,0.14370232,0.22612206
6h8p_OGA_A_504,0,0.65682681,0.20737172,0.28635781,0.51121323,0.13050526,0.22810427
6hgl_TES_A_401,0.97795019,0.65685774,0.20410879,0.29501208,0.50975,0.14352772,0.22614828
6hl7_CP_A_401,0.99479686,0.65685827,0.20405258,0.29516116,0.50972479,0.14375205,0.22611459
6hl7_CP_C_401,0.92243022,0.65685598,0.20429403,0.29452076,0.50983307,0.14278841,0.22625933
6hl9_SIN_A_402,0,0.88736706,0.20722104,0.28876266,0.51108218,0.12870933,0.2329177
6hl9_SIN_B_402,0.98131883,0.84672457,0.20397345,0.29702256,0.50963703,0.14209342,0.23010596
6hmw_FUL_A_203,0.99471794,0.65685827,0.20405284,0.29516046,0.50972491,0.143751,0.22611474
6hmw_FUL_B_204,0.99029071,0.65685813,0.20406761,0.29512128,0.50973153,0.14369205,0.2261236
6hmw_FUL_C_203,0.73038698,0.65684991,0.20493478,0.29282129,0.51012041,0.14023115,0.22664343
6hmw_FUL_F_202,0.98868244,0.65685808,0.20407298,0.29510705,0.50973394,0.14367063,0.22612682
6hmw_FUL_G_202,0.90053132,0.65685529,0.2043671,0.29432697,0.50986583,0.14249681,0.22630313
6hmw_FUL_H_201,0.95566509,0.65685703,0.20418314,0.29481487,0.50978334,0.14323097,0.22619285
6hmw_FUL_I_201,0,0.65682681,0.20737172,0.28635781,0.51121323,0.13050526,0.22810427
6hnz_GH5_A_301,0.97526871,0.6352581,0.22757986,0.38504214,0.97543327,0.97775031,0.22732917
6ho2_GHN_A_301,0,0.65682681,0.20737172,0.28635781,0.51121323,0.13050526,0.22810427
6ho7_GHQ_A_301,0,0.99041379,0.20715369,0.2898376,0.5110236,0.12790657,0.23506923
6hpx_GKQ_A_205,0.95569734,0.98627814,0,0.21282821,5.2846481e-12,0.087578526,0.23151305
6hqr_3DM_A_502,0.99658488,0.9589593,0.22327362,0.37292496,0.96189051,0.18778327,0.23378023
6hsg_GM5_A_504,0,0.65682681,0.20737172,0.28635781,0.51121323,0.13050526,0.22810427
6hsg_GM5_B_504,0.99615439,0.65685831,0.20404805,0.29517317,0.50972276,0.14377013,0.22611187
6hsg_GM5_D_504,0,0.65682681,0.20737172,0.28635781,0.51121323,0.13050526,0.22810427
6i4b_E2N_A_603,0.99096788,0.65685815,0.20406535,0.29512727,0.50973052,0.14370107,0.22612225
6i4b_ORO_B_602,0.0075869235,0,0.20777572,0.27957322,0.51157525,0.13572314,0.21437502
6i6r_H62_A_704,0.92511346,0.60889849,0.20431642,0.2940443,0.50985631,0.14319769,0.22525279
6ijn_6MZ_A_401,0.95466967,0.98973567,0.18206733,0.21416916,0,0.088351427,0.23161016
6ix8_B3O_A_408,0,0.65682681,0.20737172,0.28635781,0.51121323,0.13050526,0.22810427
6ix8_B3O_B_408,0.99101666,0.65685815,0.20406519,0.29512771,0.50973045,0.14370172,0.22612215
6j4t_IMP_A_401,0,0,0.20780103,0.27950608,0.5115866,0.13562211,0.2143902
6jc7_F0G_A_601,0.99311049,0.65685822,0.20405821,0.29514624,0.50972731,0.1437296,0.22611796
6jc7_F0G_B_601,0,0.65682681,0.20737172,0.28635781,0.51121323,0.13050526,0.22810427
6jc7_F0G_C_601,0.96058201,0.65685719,0.20416674,0.29485838,0.50977598,0.14329645,0.22618302
6jc7_F0G_D_601,0.9843174,0.65685794,0.20408754,0.29506842,0.50974047,0.14361251,0.22613555
6jea_NAG_A_501,0,0.80222474,0.20727669,0.2878745,0.51113057,0.1293726,0.23114
6jk9_BU0_A_501,0,0.65682681,0.20737172,0.28635781,0.51121323,0.13050526,0.22810427
6jk9_BU0_B_501,0,0.65682681,0.20737172,0.28635781,0.51121323,0.13050526,0.22810427
6jmd_BVO_A_408,0.99417619,0.65685825,0.20405465,0.29515567,0.50972572,0.14374379,0.22611583
6jmd_ORO_A_402,0.013339302,0.65682723,0.20732722,0.28647586,0.51119327,0.13068289,0.22807759
6jme_BVU_A_409,0.99346171,0.65685823,0.20405703,0.29514934,0.50972679,0.14373427,0.22611726
6jme_ORO_A_402,0,0.85171822,0.18529788,0.20410895,6.2110735e-05,0.076606837,0.23063517
6jq8_CIT_A_302,0.99450081,0.65685826,0.20405357,0.29515854,0.50972523,0.14374811,0.22611518
6jws_PT1_A_801,0.99481599,0,0.20448184,0.28830938,0.51009815,0.14886932,0.21240004
6jws_PT1_B_801,0.99679335,0,0.20447524,0.28832688,0.51009519,0.14889565,0.21239609
6jwy_PH2_A_802,0.9927468,0.65685821,0.20405942,0.29514302,0.50972786,0.14372475,0.22611869
6jx9_CQC_A_501,0,0.971403,0.20716611,0.28963928,0.51103441,0.12805467,0.2346723
6jyg_FLC_A_401,0.99004638,0.65685812,0.20406843,0.29511912,0.5097319,0.1436888,0.22612409
6jyg_FLC_C_401,0.99005395,0.65685812,0.2040684,0.29511919,0.50973189,0.1436889,0.22612407
6jyg_FLC_D_401,0.88282996,0.76988306,0.20435228,0.29534944,0.50982807,0.14138053,0.2286986
6jyg_FLC_E_401,0,0.65682681,0.20737172,0.28635781,0.51121323,0.13050526,0.22810427
6jyg_FLC_E_402,0.0017093796,0.65682686,0.20736602,0.28637294,0.51121067,0.13052802,0.22810085
6jz4_EVA_A_701,0.97526108,0.59333139,0.20415928,0.29432568,0.50979013,0.14398674,0.22482744
6jz4_EVA_B_701,0.97516707,0.54291179,0.20419255,0.2937989,0.50981893,0.14437827,0.2237749
6jz6_CKX_B_701,0.85205996,0.96911284,0.20432472,0.29715542,0.50976085,0.13941875,0.23291991
6k92_GT0_A_802,0.99321628,0.65685822,0.20405785,0.29514717,0.50972716,0.14373101,0.22611775
6k92_GT0_B_602,0.99388675,0.65685824,0.20405562,0.2951531,0.50972615,0.14373993,0.22611641
6krs_CIT_B_301,0.016753714,0.89600046,0.2071595,0.28900098,0.5110522,0.12886517,0.23306444
6krs_CIT_C_301,0.032461642,0.92480209,0.20708827,0.28944042,0.51101233,0.12884997,0.23363437
6krs_CIT_D_301,0,0.93287703,0.2071913,0.2892374,0.51105631,0.12835479,0.23386791
6krs_CIT_F_301,0,0.89264526,0.20721759,0.28881772,0.51107917,0.12866821,0.2330279
6krs_CIT_H_301,0.015301673,0.89309537,0.20716624,0.28895782,0.51105602,0.12886846,0.23300669
6krs_CIT_I_301,0.014972373,0.93918274,0.20713722,0.28943567,0.51103032,0.12850505,0.23396961
6krs_CIT_J_301,0.015352468,0.8965839,0.20716379,0.28899466,0.51105397,0.12884196,0.23307942
6kxh_DY9_B_402,0.024699116,0.65682759,0.20728931,0.28657639,0.51117627,0.13083416,0.22805487
6kxh_DY9_C_402,0.025170642,0.65682761,0.20728774,0.28658056,0.51117556,0.13084043,0.22805393
6kxh_DY9_D_402,0.99606636,0.65685831,0.20404834,0.29517239,0.50972289,0.14376896,0.22611205
6l17_E2X_A_401,0.99032057,0,0.20449684,0.2882696,0.51010488,0.14880946,0.21240904
6l59_CIT_B_403,0,0.60173941,0.20740773,0.28578313,0.51124454,0.13093443,0.22695403
6l68_ALL_A_201,0,0,0.20780103,0.27950608,0.5115866,0.13562211,0.2143902
6l86_LMR_A_302,0,0.65682681,0.20737172,0.28635781,0.51121323,0.13050526,0.22810427
6l86_LMR_B_302,0,0.65682681,0.20737172,0.28635781,0.51121323,0.13050526,0.22810427
6l86_LMR_B_303,0.0041605763,0.65682694,0.20735784,0.28639463,0.511207,0.13056066,0.22809595
6l86_LMR_C_302,0.0034258343,0.65682692,0.20736029,0.28638813,0.5112081,0.13055088,0.22809742
6l86_LMR_D_302,0.95079546,0.030345472,0.18923256,0.2291861,0.15227293,0.11134765,0.21204398
6l86_MLT_A_303,0,0.65682681,0.20737172,0.28635781,0.51121323,0.13050526,0.22810427
6l8a_BAL_C_504,0.97370188,0.6568576,0.20412296,0.29497448,0.50975635,0.14347115,0.22615678
6l8a_BAL_D_507,0.99811306,0.65685838,0.20404151,0.29519051,0.50971983,0.14379621,0.22610795
6l8a_BAL_E_503,0.07984342,0.65682933,0.20710532,0.28706438,0.51109376,0.13156846,0.22794458
6lit_2OH_A_501,0.99498036,0.65685828,0.20405197,0.29516278,0.50972452,0.1437545,0.22611422
6lit_2OH_B_501,0.99754227,0.65685836,0.20404342,0.29518545,0.50972068,0.14378861,0.2261091
6lj7_EFR_A_301,0.95921318,0.93139768,0.18209131,0.2136047,4.1916056e-05,0.088868812,0.23038309
6lql_F0C_A_702,0.9818878,0,0.20452497,0.28819498,0.5101175,0.14869716,0.21242591
6lx5_C5F_A_502,0,0.65682681,0.20737172,0.28635781,0.51121323,0.13050526,0.22810427
6lx5_C5F_A_503,4.578077e-07,0.65682681,0.20737172,0.28635782,0.51121323,0.13050527,0.22810427
6lx5_C5F_B_501,0.99204312,0.65685818,0.20406177,0.29513679,0.50972891,0.14371538,0.22612009
6lx5_C5F_B_502,5.4205958e-07,0.65682681,0.20737172,0.28635782,0.51121322,0.13050527,0.22810427
6ly4_TES_A_501,0.99030392,0.98696943,0.22432563,0.37719146,0.98631157,0.18998595,0.23445118
6m5m_NAG_A_202,0.00024894146,0.65682682,0.20737089,0.28636002,0.51121285,0.13050857,0.22810378
6m5m_NAG_B_202,0,0.65682681,0.20737172,0.28635781,0.51121323,0.13050526,0.22810427
6m9b_BTN_A_201,0.9921411,0.65685819,0.20406144,0.29513766,0.50972876,0.14371669,0.2261199
6m9b_BTN_B_201,0,0.65682681,0.20737172,0.28635781,0.51121323,0.13050526,0.22810427
6m9b_BTN_C_201,0.99481187,0.65685827,0.20405253,0.29516129,0.50972477,0.14375225,0.22611456
6m9b_BTN_D_201,0.99366944,0.65685824,0.20405634,0.29515118,0.50972648,0.14373704,0.22611684
6mae_JBA_A_301,0.96698926,0,0.20457468,0.28806314,0.51013979,0.14849877,0.21245571
6md2_GW9_B_501,0,0.65682681,0.20737172,0.28635781,0.51121323,0.13050526,0.22810427
6mpa_NAG_B_502,0.00029477578,0.65682682,0.20737074,0.28636042,0.51121278,0.13050919,0.22810368
6mry_FLC_A_101,0.98769566,0.96231771,0.20387662,0.2982848,0.50956178,0.14127784,0.23250669
6mry_FLC_B_101,0.81909782,0.76706195,0.20456676,0.29475604,0.50992503,0.14055383,0.2287672
6mry_FLC_C_102,0.76872413,0.76214548,0.20473805,0.29425899,0.51000319,0.13992135,0.22876532
6mry_FLC_K_101,0.98904505,0.65685809,0.20407177,0.29511026,0.5097334,0.14367546,0.22612609
6mwl_K5G_B_301,0.98814662,0.97405846,0.20691315,0.3101078,0.58065383,0.14846164,0.2329644
6n0z_DP6_B_401,0.98471677,0.65685795,0.20408621,0.29507196,0.50973987,0.14361783,0.22613475
6n0z_DP6_C_401,0,0.65682681,0.20737172,0.28635781,0.51121323,0.13050526,0.22810427
6n0z_DP6_E_401,0.97835863,0.65685775,0.20410743,0.29501569,0.50974939,0.14353316,0.22614747
6n0z_DP6_F_401,0,0.65682681,0.20737172,0.28635781,0.51121323,0.13050526,0.22810427
6n9r_OHN_A_303,0,0.65682681,0.20737172,0.28635781,0.51121323,0.13050526,0.22810427
6n9r_OHN_X_305,0,0.65682681,0.20737172,0.28635781,0.51121323,0.13050526,0.22810427
6nba_P1T_A_501,0,0.65682681,0.20737172,0.28635781,0.51121323,0.13050526,0.22810427
6nba_P1T_B_501,0,0.65682681,0.20737172,0.28635781,0.51121323,0.13050526,0.22810427
6nba_P1T_D_501,0,0.65682681,0.20737172,0.28635781,0.51121323,0.13050526,0.22810427
6ncx_ADA_A_601,0,0.65682681,0.20737172,0.28635781,0.51121323,0.13050526,0.22810427
6ncx_ADA_C_601,0,0.65682681,0.20737172,0.28635781,0.51121323,0.13050526,0.22810427
6ncx_ADA_D_601,0,0.65682681,0.20737172,0.28635781,0.51121323,0.13050526,0.22810427
6ng5_KMD_A_803,0.80596235,0.6568523,0.20468263,0.29349009,0.51000733,0.14123752,0.22649227
6ng5_KMD_B_803,0,0.66034627,0.20537886,0.27871308,0.4650586,0,0.2280411
6nga_KL7_A_803,0,0.65682681,0.20737172,0.28635781,0.51121323,0.13050526,0.22810427
6ngp_KKY_A_803,0.86967087,0.65685431,0.20447006,0.29405387,0.50991201,0.14208587,0.22636485
6ngu_KMJ_A_803,0.50490236,0.65684278,0.20568711,0.29082589,0.51045778,0.13722858,0.22709442
6ngu_KMJ_B_803,0.73171411,0.65684995,0.20493036,0.29283304,0.51011842,0.14024882,0.22664078
6nh0_KND_A_803,0.89640649,0.65685516,0.20438086,0.29429046,0.509872,0.14244188,0.22631138
6nhd_KNV_A_803,0.97458954,0.65685763,0.20412,0.29498234,0.50975503,0.14348297,0.226155
6nhd_KNV_B_803,0.61085218,0.65684613,0.20533361,0.29176348,0.51029926,0.13863942,0.22688251
6nig_NAG_A_604,0,0,0.20780103,0.27950608,0.5115866,0.13562211,0.2143902
6nig_NAG_A_605,0.092778866,0,0.20749148,0.2803271,0.51144778,0.13685757,0.2142046
6nig_NAG_C_802,0.030090878,0,0.20770063,0.27977236,0.51154158,0.13602281,0.21433
6nni_CP6_A_203,0.99389583,0.65685824,0.20405559,0.29515319,0.50972614,0.14374006,0.22611639
6nsu_DYA_A_402,0,0.90184971,0.20721158,0.28891374,0.51107394,0.1285965,0.23322008
6ny7_L8J_A_303,0.012106808,0.65682719,0.20733133,0.28646495,0.51119511,0.13066648,0.22808006
6nyo_U94_A_301,0,0.65682681,0.20737172,0.28635781,0.51121323,0.13050526,0.22810427
6o04_DNA_B_601,0.0005838815,0.65682683,0.20736977,0.28636298,0.51121235,0.13051304,0.22810311
6o04_DNA_C_603,0,0.65682681,0.20737172,0.28635781,0.51121323,0.13050526,0.22810427
6o1s_7SD_E_803,0.93003853,0.65685622,0.20426865,0.29458809,0.50982168,0.14288973,0.22624411
6o2z_LJV_A_500,0.98556962,0.65685798,0.20408337,0.2950795,0.5097386,0.14362918,0.22613304
6ock_9KL_A_601,0.86336569,0.65685411,0.2044911,0.29399807,0.50992144,0.14200191,0.22637746
6ock_9KL_A_602,0.99487708,0.65685827,0.20405231,0.29516187,0.50972467,0.14375312,0.22611443
6ofr_BOG_A_802,0,0.97883327,0.20716126,0.28971679,0.51103018,0.12799678,0.23482744
6ofr_BOG_A_803,0,0.65682681,0.20737172,0.28635781,0.51121323,0.13050526,0.22810427
6ofr_BOG_A_804,0,0.65682681,0.20737172,0.28635781,0.51121323,0.13050526,0.22810427
6ofr_BOG_A_805,1.6278771e-08,0.65682681,0.20737172,0.28635781,0.51121323,0.13050526,0.22810427
6oha_XAN_A_501,0.0021679904,0.08738534,0.18586897,0.19663172,0,0.082645477,0.98474906
6ooi_PGA_A_301,0.92030802,0.65685592,0.20430111,0.29450198,0.50983624,0.14276015,0.22626357
6ooi_PGA_B_301,0.98859826,0.65685807,0.20407326,0.29510631,0.50973407,0.14366951,0.22612698
6ooi_PGA_C_302,0,0.65682681,0.20737172,0.28635781,0.51121323,0.13050526,0.22810427
6ooi_PGA_D_301,0.99094368,0.65685815,0.20406544,0.29512706,0.50973056,0.14370074,0.22612229
6ooi_PGA_E_301,0.98413419,0.65685793,0.20408816,0.2950668,0.50974074,0.14361007,0.22613591
6ooi_PGA_F_301,0.99383737,0.94178934,0.20753704,0.31228988,0.5941182,0.15021167,0.58604062
6ooi_PGA_G_301,0,0.65682681,0.20737172,0.28635781,0.51121323,0.13050526,0.22810427
6ooi_PGA_H_302,0.98955924,0.65685811,0.20407005,0.29511481,0.50973263,0.14368231,0.22612506
6p9t_O5D_A_307,1.7834601e-05,0.91543393,0.20720264,0.2890556,0.51106619,0.12849092,0.23350367
6pk1_3PY_A_502,0.99504973,0.65685828,0.20405174,0.2951634,0.50972441,0.14375542,0.22611408
6pk1_PLP_B_501,0.9891685,0.65685809,0.20407136,0.29511135,0.50973321,0.14367711,0.22612584
6pmv_M16_B_803,0.96203394,0.65749756,0,0.20943129,2.5545968e-06,0.09021266,0.22463097
6pn9_OU7_A_803,0,0.65682681,0.20737172,0.28635781,0.51121323,0.13050526,0.22810427
6pn9_OU7_B_803,0.53555805,0.65684375,0.20558483,0.29109718,0.51041191,0.13763679,0.22703311
6pna_M16_B_803,0.81867137,0.6568527,0.20464022,0.29360256,0.50998831,0.14140675,0.22646685
6png_OSG_A_803,0.21349137,0.65683356,0.20665941,0.28824708,0.5108938,0.13334813,0.22767727
6png_OSG_B_801,0.44401434,0.65684085,0.20589027,0.29028707,0.51054888,0.13641779,0.2272162
6png_OSG_B_804,0.46300822,0.65684145,0.20582689,0.29045515,0.51052046,0.13667071,0.22717821
6po9_OS7_A_803,0.26412292,0.65683516,0.20649048,0.28869514,0.51081804,0.13402234,0.227576
6po9_OS7_B_804,0.40392794,0.65722622,0.0058285732,0.28522773,0.48222367,0.13295994,0.22721697
6ps7_ZMA_A_1201,0,0.96276576,0.20717176,0.28954918,0.51103931,0.12812195,0.23449196
6pvi_OZ7_A_501,0,0,0.20576881,0.27167699,0.46448184,0,0.21427259
6q4b_HHN_A_301,0.99333107,0.98043184,0.1835345,0.22052067,0.036972606,0.092733819,0.23145001
6q4k_HHW_A_301,0.98913197,0.9802355,0.18198127,0.21446225,0.00049452879,0.088938556,0.23134445
6q4k_HHW_A_302,0.96633229,0.97261115,0.18204241,0.21410448,5.9196144e-05,0.088646818,0.23122948
6q4r_HJ5_A_1009,0,0.65682681,0.20737172,0.28635781,0.51121323,0.13050526,0.22810427
6q4r_MLT_A_1041,0,0,0.20780103,0.27950608,0.5115866,0.13562211,0.2143902
6q4y_MAN_A_402,0.0028326016,0.6568269,0.20736227,0.28638288,0.51120899,0.13054298,0.22809861
6q4y_MAN_B_402,0.091252207,0.6568297,0.20706726,0.28716534,0.51107669,0.13172038,0.22792176
6qa7_HTW_A_901,0,0.65682681,0.20737172,0.28635781,0.51121323,0.13050526,0.22810427
6qa7_PLP_A_902,0.99308094,0.95106431,0.18305627,0.21829864,0.025386994,0.091770067,0.23080241
6qaw_HVE_A_402,0,0.97889613,0.20716122,0.28971745,0.51103015,0.1279963,0.23482875
6qdb_HWQ_A_1002,0,0.65682681,0.20737172,0.28635781,0.51121323,0.13050526,0.22810427
6qdb_HWQ_A_1003,0.98756333,0.65685804,0.20407671,0.29509715,0.50973561,0.14365573,0.22612905
6qdc_HXE_A_1003,0.95424498,0.65685699,0.20418788,0.2948023,0.50978547,0.14321206,0.22619569
6qdc_HXE_A_1004,0.0014868794,0.65682686,0.20736676,0.28637097,0.511211,0.13052506,0.2281013
6qde_HWW_A_502,0,0.65682681,0.20737172,0.28635781,0.51121323,0.13050526,0.22810427
6qde_HWW_A_503,0,0.65682681,0.20737172,0.28635781,0.51121323,0.13050526,0.22810427
6qni_GLC_A_402,0,0.65682681,0.20737172,0.28635781,0.51121323,0.13050526,0.22810427
6qo4_97T_B_301,0.9439596,0.65685666,0.2042222,0.29471128,0.50980085,0.1430751,0.22621627
6qol_JB5_A_301,0.99391945,0.65685824,0.20405551,0.29515339,0.5097261,0.14374037,0.22611634
6qol_JB5_B_301,0.00073635277,0.65682683,0.20736927,0.28636433,0.51121212,0.13051507,0.2281028
6qor_JBK_A_301,0.99854079,0.95783462,0.18232043,0.21567865,0.0087774616,0.090087814,0.23088286
6qor_JBK_B_301,0.99780293,0.981224,0.18236652,0.21614236,0.010140233,0.090036393,0.23137682
6qot_6SD_A_301,0.99085635,0.65685815,0.20406573,0.29512629,0.50973069,0.14369958,0.22612247
6qot_6SD_B_301,0,0.65682681,0.20737172,0.28635781,0.51121323,0.13050526,0.22810427
6qqs_JCZ_A_301,0.53484623,0.65684372,0.20558721,0.29109088,0.51041298,0.13762731,0.22703453
6qqs_JCZ_B_301,0.92756935,0.65685614,0.20427688,0.29456624,0.50982538,0.14285685,0.22624905
6qrn_RIP_A_500,0.026538018,0,0.20771249,0.27974092,0.51154689,0.13597549,0.21433711
6r0i_JNB_A_901,0.99443317,0.65685826,0.20405379,0.29515794,0.50972534,0.14374721,0.22611531
6r4j_GLU_A_704,0,0.65682681,0.20737172,0.28635781,0.51121323,0.13050526,0.22810427
6r5o_BGC_A_801,0,0,0.20780103,0.27950608,0.5115866,0.13562211,0.2143902
6r5o_BGC_A_802,0.0020964094,0,0.20779404,0.27952463,0.51158346,0.13565002,0.21438601
6r5o_BGC_B_801,0.99279429,0.90896179,0.18327052,0.21857035,0.029728356,0.092537632,0.22993694
6r5o_BGC_B_802,0.066333765,0,0.20757971,0.28009308,0.51148735,0.13650542,0.2142575
6r6i_H50_B_201,0.76088164,0.98586324,0.20461799,0.2965233,0.50988775,0.1380741,0.23345205
6r73_LMP_A_301,0,0.65682681,0.20737172,0.28635781,0.51121323,0.13050526,0.22810427
6r73_LMP_B_301,0.47154947,0.65684172,0.2057984,0.29053074,0.51050768,0.13678445,0.22716113
6r7w_CIT_A_406,0.96275909,0.65685726,0.20415947,0.29487764,0.50977273,0.14332544,0.22617867
6rbo_JXQ_A_302,0.77378289,0.94318625,0.20460284,0.29619228,0.50989271,0.13857836,0.23253518
6rbr_JXN_A_302,0.98075432,0.65685783,0.20409943,0.29503689,0.5097458,0.14356506,0.22614267
6rbx_JYT_A_301,0.98338246,0.65685791,0.20409066,0.29506015,0.50974187,0.14360006,0.22613742
6rgg_K3Q_A_401,0,0.65682681,0.20737172,0.28635781,0.51121323,0.13050526,0.22810427
6rgg_K3Q_A_402,0.00075329736,0.65682683,0.20736921,0.28636448,0.5112121,0.13051529,0.22810277
6rgg_K3Q_A_403,2.8875836e-06,0.65682681,0.20737171,0.28635784,0.51121322,0.1305053,0.22810427
6rgg_K3Q_B_401,0.034880406,0.65682791,0.20725534,0.28666648,0.51116104,0.13096973,0.22803451
6rgg_K3Q_B_402,0.0071367634,0.65682704,0.20734791,0.28642097,0.51120255,0.13060029,0.22809
6rgr_RM4_A_402,0.054839278,0.65682854,0.20718875,0.28684311,0.51113117,0.1312355,0.22799459
6rgr_RM4_A_403,0.22235516,0.65683384,0.20662983,0.28832552,0.51088053,0.13346616,0.22765954
6rhc_K48_A_305,0.9953123,0.65685829,0.20405086,0.29516572,0.50972402,0.14375892,0.22611356
6rlt_MLI_A_508,0.99526779,0.54215619,0.20412597,0.29396889,0.50978929,0.14465182,0.22371892
6rlt_MLI_B_511,0.96251104,0.38015543,0.20434115,0.29198911,0.50993039,0.14547764,0.220402
6rlt_MLI_B_512,0.98949235,0.81859592,0.20396456,0.29680147,0.50964079,0.14242139,0.2295023
6rq3_OUC_A_401,0.028560803,0.65682771,0.20727643,0.28661056,0.51117049,0.13088558,0.22804715
6s23_KSW_A_403,0.20075418,0.99324105,0.20648203,0.2916436,0.51072162,0.13055784,0.23472664
6s23_KSW_B_402,0.21864376,0.65683372,0.20664222,0.28829268,0.51088609,0.13341674,0.22766697
6s39_K5Z_A_301,1.0010585e-05,0.97379937,0.20716452,0.28966437,0.51103303,0.12803613,0.23472231
6s4h_KUQ_A_901,0.99250904,0,0.20448954,0.28828897,0.5101016,0.1488386,0.21240466
6s51_KVQ_A_901,0.92601743,0.99396802,0.20406172,0.29806916,0.50963607,0.14020995,0.23329091
6s9g_L1Q_A_305,0.99700611,0.65685834,0.20404521,0.29518071,0.50972149,0.14378147,0.22611017
6s9g_L1Q_A_306,0.94764216,0.65685678,0.20420991,0.29474387,0.50979534,0.14312414,0.2262089
6sds_L8N_A_302,0.98422833,0.65685794,0.20408784,0.29506763,0.5097406,0.14361132,0.22613573
6si4_LEK_A_402,0.94630379,0.65685674,0.20421438,0.29473202,0.50979735,0.14310632,0.22621158
6si4_LEK_B_402,0.95633218,0.65685705,0.20418092,0.29482077,0.50978234,0.14323985,0.22619152
6sj8_44V_A_901,0,0,0.20780103,0.27950608,0.5115866,0.13562211,0.2143902
6sj8_44V_B_901,0.99360757,0,0.20448587,0.28829869,0.51009996,0.14885323,0.21240246
6sjs_THH_B_901,0.9801108,0,0.2045309,0.28817925,0.51012015,0.1486735,0.21242946
6sux_BEN_A_302,0.99755928,0.65685836,0.20404336,0.2951856,0.50972066,0.14378884,0.22610906
6svu_BEN_A_302,0.99585252,0.6568583,0.20404906,0.2951705,0.50972321,0.14376611,0.22611248
6sxr_KHP_A_507,0.98652342,0.93065747,0.20390122,0.29794416,0.50958153,0.14150887,0.231848
6sxr_KHP_A_513,0,0.96611619,0.20716957,0.28958413,0.51103741,0.12809585,0.23456191
6syz_M1E_A_601,0.99781947,0.9932638,0.1823741,0.21632767,0.010496457,0.089979843,0.23162925
6sz3_M1H_B_601,0.00048584639,0.65682683,0.2073701,0.28636211,0.5112125,0.13051173,0.2281033
6szl_M3E_B_604,0.34560644,0.97528887,0.20601046,0.29273815,0.5105151,0.13262658,0.23406204
6szt_M4Q_B_601,0.037841621,0.98712058,0.20702958,0.29013811,0.51096885,0.12843613,0.23492477
6t02_M5E_A_601,0,0,0.20780103,0.27950608,0.5115866,0.13562211,0.2143902
6t07_M45_B_601,0.00023881849,0,0.20780023,0.2795082,0.51158624,0.13562529,0.21438972
6t0a_M58_A_601,0.0026412827,0.99388745,0.20714261,0.2898972,0.51101767,0.12791468,0.23513647
6t0a_M58_B_601,0.88004269,0,0.20486478,0.28729373,0.51026988,0.14734097,0.21262965
6t10_M6Z_A_601,0.99516666,0.65685828,0.20405135,0.29516443,0.50972424,0.14375698,0.22611385
6t5p_VD8_B_302,0,0.65682681,0.20737172,0.28635781,0.51121323,0.13050526,0.22810427
6t5p_VD8_C_302,0,0.65682681,0.20737172,0.28635781,0.51121323,0.13050526,0.22810427
6t5p_VD8_D_302,0.99554728,0.65685829,0.20405008,0.2951678,0.50972367,0.14376205,0.22611309
6t9c_MX8_A_501,0,0.65682681,0.20737172,0.28635781,0.51121323,0.13050526,0.22810427
6tbx_N0Z_A_302,0,0.65682681,0.20737172,0.28635781,0.51121323,0.13050526,0.22810427
6tbx_N0Z_D_302,0,0.65682681,0.20737172,0.28635781,0.51121323,0.13050526,0.22810427
6tfb_N6W_B_202,0.074752336,0.65682917,0.20712231,0.28701933,0.51110138,0.13150067,0.22795476
6tgi_N8Z_A_508,0.99346529,0.65685823,0.20405702,0.29514938,0.50972678,0.14373432,0.22611725
6tgi_N8Z_B_508,0.99641959,0.65685832,0.20404716,0.29517552,0.50972236,0.14377366,0.22611134
6tgl_LVP_B_201,0.98485135,0.98655078,0.18197017,0.21440862,1.9877009e-06,0.088781628,0.23148338
6to7_SUV_A_401,0,0.9844912,0.20715756,0.28977581,0.51102697,0.12795271,0.23494557
6to7_SUV_B_401,0,0.98395451,0.20715791,0.28977022,0.51102727,0.12795689,0.23493436
6tof_NQE_A_201,0.99410309,0.98998999,0.18193747,0.21452798,1.8441739e-07,0.088879036,0.23153671
6tog_NQH_A_201,0.97943118,0.99100723,0.22422605,0.37662575,0.98322104,0.18949175,0.2345479
6toj_NQQ_A_201,0.97418721,0.65685762,0.20412134,0.29497878,0.50975563,0.14347761,0.22615581
6tol_NQW_A_201,0,0.65682681,0.20737172,0.28635781,0.51121323,0.13050526,0.22810427
6tor_PMP_B_504,0,0,0.20780103,0.27950608,0.5115866,0.13562211,0.2143902
6tot_NRK_A_401,0,0.97666494,0.20716268,0.28969417,0.51103141,0.12801368,0.23478216
6tot_NRK_B_401,8.9394841e-07,0.97663485,0.20716269,0.28969387,0.51103143,0.12801392,0.23478153
6tt4_BMA_C_3,0,0.65682681,0.20737172,0.28635781,0.51121323,0.13050526,0.22810427
6tt4_FT8_A_709,0.99238354,0.65685819,0.20406063,0.2951398,0.5097284,0.14371992,0.22611941
6tt4_FT8_B_711,0.43769216,0.94421967,0.2295843,0.81792636,0.99176423,0.19110115,0.23499323
6u6c_P1T_B_502,0.97466412,0.65685763,0.20411975,0.294983,0.50975491,0.14348396,0.22615485
6u6c_P1T_D_505,0.97175868,0.65685754,0.20412945,0.29495729,0.50975926,0.14344528,0.22616067
6u6c_P1T_H_504,0.93312254,0.65685632,0.20425836,0.29461538,0.50981707,0.14293079,0.22623794
6u6c_PZV_F_802,0.82493413,0.6568529,0.20461933,0.29365798,0.50997894,0.14149015,0.22645433
6ufd_Q6D_A_305,0.99286006,0.65685821,0.20405904,0.29514402,0.50972769,0.14372626,0.22611846
6uqd_QF4_A_501,0,0.91513294,0.20720289,0.2890523,0.51106639,0.12849302,0.23349743
6uqd_QF4_B_501,0,0.9267378,0.20719531,0.28917336,0.5110598,0.12840262,0.23373973
6urx_JMG_A_316,0.99728875,0.98789856,0.18517707,0.22701107,0.075619508,0.096691888,0.23171438
6uvj_QJ1_A_205,0.90871613,0.65685555,0.20433979,0.2943994,0.50985359,0.1426058,0.22628676
6uxr_K6G_B_202,0,0.89948728,0.20721312,0.28888909,0.51107529,0.12861491,0.23317076
6uzr_QM1_B_301,0.017598742,0.98665208,0.99589361,0.99731568,0.99557091,0.19181731,0
6v1e_5SW_A_301,0.98806437,0.65685806,0.20407504,0.29510158,0.50973486,0.1436624,0.22612805
6v8n_QS1_A_1704,0,0.99183913,0.20715276,0.28985246,0.51102279,0.12789547,0.23509899
6vlu_CIT_A_701,0.32936247,0.5216739,0.20636115,0.28786252,0.51079726,0.13594403,0.22462343
6vmz_NAG_A_402,0,0.65682681,0.20737172,0.28635781,0.51121323,0.13050526,0.22810427
6vmz_NAG_C_402,0,0.65682681,0.20737172,0.28635781,0.51121323,0.13050526,0.22810427
6vmz_NAG_E_402,0,0.65682681,0.20737172,0.28635781,0.51121323,0.13050526,0.22810427
6vmz_R3P_A_404,0,0.65682681,0.20737172,0.28635781,0.51121323,0.13050526,0.22810427
6vmz_R3P_C_404,1.4709773e-07,0.65682681,0.20737172,0.28635781,0.51121323,0.13050526,0.22810427
6vmz_R3P_E_403,2.4401517e-07,0.65682681,0.20737172,0.28635782,0.51121323,0.13050526,0.22810427
6vo2_R67_A_403,0,0.65682681,0.20737172,0.28635781,0.51121323,0.13050526,0.22810427
6vo2_R67_B_403,0,0.65682681,0.20737172,0.28635781,0.51121323,0.13050526,0.22810427
6vv9_RQ1_A_202,0.51901719,0.65684322,0.20564003,0.29095078,0.51043666,0.13741651,0.22706619
6vv9_RQ1_B_304,0.49085464,0.64030858,0.20563136,0.2901033,0.50789987,0.13690927,7.5524823e-10
6wdv_TWM_A_701,0.9648928,0.86864687,0.20401392,0.29710589,0.50964914,0.14170391,0.23059654
6wdw_TWV_A_701,0,0.65682681,0.20737172,0.28635781,0.51121323,0.13050526,0.22810427
6wiw_I14_A_601,0.51901719,0.65684322,0.20564003,0.29095078,0.51043666,0.13741651,0.22706619
6wiw_I14_B_601,0.51901719,0.65684322,0.20564003,0.29095078,0.51043666,0.13741651,0.22706619
6x9d_HYP_A_2002,0.97339818,0.65685759,0.20412398,0.29497179,0.50975681,0.14346711,0.22615739
6x9d_HYP_B_2002,0.96682013,0,0.20457525,0.28806164,0.51014004,0.14849652,0.21245605
6xeb_V1P_A_411,0,0.65682681,0.20737172,0.28635781,0.51121323,0.13050526,0.22810427
6xim_XLS_A_397,0.99491317,0.65685827,0.20405219,0.29516219,0.50972462,0.1437536,0.22611435
6xim_XLS_C_397,0,0.65682681,0.20737172,0.28635781,0.51121323,0.13050526,0.22810427
6xp1_T2C_A_401,0.9852694,0.65685797,0.20408437,0.29507685,0.50973905,0.14362518,0.22613364
6xu3_GAB_B_402,0.0051727137,0.99025138,0.20713654,0.28988168,0.51101595,0.12797672,0.23505549
6xu3_PLG_B_401,0,0.65682681,0.20737172,0.28635781,0.51121323,0.13050526,0.22810427
6xu3_PLG_C_401,0.98334706,0.65685791,0.20409078,0.29505984,0.50974192,0.14359959,0.22613749
6xu3_PLP_D_401,0,0.65682681,0.20737172,0.28635781,0.51121323,0.13050526,0.22810427
6xzx_O5H_B_302,0.97270403,0.65685757,0.20412629,0.29496565,0.50975785,0.14345786,0.22615877
6y4f_GLU_A_202,0.95041491,0.65685687,0.20420066,0.29476841,0.5097912,0.14316106,0.22620336
6y4z_TLA_D_301,0.99618235,0,0.20447728,0.28832147,0.51009611,0.14888751,0.21239731
6yaw_P9H_A_301,0.51901719,0.65684322,0.20564003,0.29095078,0.51043666,0.13741651,0.22706619
6yaw_P9H_B_502,0,0.96220098,0.20751224,0.29095349,0.51745813,0.12885902,0.69172576
6ypv_AKG_A_302,0.99691914,0.65685834,0.2040455,0.29517994,0.50972162,0.14378031,0.22611034
6yta_IYZ_A_702,0.98236373,0.65685788,0.20409406,0.29505113,0.50974339,0.14358649,0.22613945
6zac_QDE_A_4000,0,0.65682681,0.20737172,0.28635781,0.51121323,0.13050526,0.22810427
6zi7_QR8_A_502,0,0.65682681,0.20737172,0.28635781,0.51121323,0.13050526,0.22810427
6zi7_QR8_B_502,0.92980244,0.65685622,0.20426943,0.294586,0.50982204,0.14288658,0.22624458
6zi7_QR8_C_502,0.053298546,0.92444065,0.20701898,0.28962104,0.51098136,0.12913025,0.23358514
6zi7_QR8_D_502,2.0707183e-06,0.65682681,0.20737172,0.28635783,0.51121322,0.13050529,0.22810427
6zi7_QR8_F_503,0,0.65682681,0.20737172,0.28635781,0.51121323,0.13050526,0.22810427
6zi7_RAM_D_503,0.007081322,0.65682703,0.2073481,0.28642048,0.51120263,0.13059956,0.22809011
6zjw_GAL_A_1101,0.99808136,0.65685837,0.20404162,0.29519022,0.50971988,0.14379579,0.22610802
6zjw_GAL_A_1102,0.080685273,0.99699921,0.20688018,0.29062029,0.51089913,0.12892969,0.23504531
6zug_QPW_H_1001,0.99218168,0.65685819,0.2040613,0.29513802,0.5097287,0.14371723,0.22611982
7a2h_QX2_A_401,0,0.65682681,0.20737172,0.28635781,0.51121323,0.13050526,0.22810427
7ak3_RH8_A_501,0,0.65682681,0.20737172,0.28635781,0.51121323,0.13050526,0.22810427
7bp1_CAQ_C_401,0.99441545,0.99556071,0.22464199,0.37860663,0.99411729,0.19077498,0.23464586
7bp1_CAQ_D_401,0.98569628,0.99593816,0.18196133,0.21451447,0,0.088720027,0.2316777
7bqu_EF2_A_501,0.78958698,0.99578968,0.20451573,0.29688087,0.50983916,0.13837902,0.23360188
7bzm_GIM_A_501,0.99316825,0.84724148,0.20393357,0.29713281,0.509619,0.14224718,0.23009305
7bzm_GIM_B_501,0,0.8692706,0.20723287,0.28857389,0.51109246,0.1288503,0.23253986
7c7g_FJR_A_402,0.99076541,0.65685814,0.20406603,0.29512548,0.50973082,0.14369837,0.22612265
7c7g_FJR_B_402,0.99153711,0.99128371,0.18210642,0.21513796,0.0037554411,0.089219608,0.23158016
7cwd_GAL_A_902,0.92003339,0.65685591,0.20430203,0.29449955,0.50983665,0.1427565,0.22626412
7cwd_GLC_A_901,0,0.65682681,0.20737172,0.28635781,0.51121323,0.13050526,0.22810427
7est_0Z2_E_1,0.97246926,0.65685756,0.20412708,0.29496357,0.5097582,0.14345474,0.22615924
7jo3_VGS_A_302,0.98560844,0.65685798,0.20408324,0.29507985,0.50973854,0.1436297,0.22613296
7joc_ARZ_A_302,0.98923768,0.65685809,0.20407113,0.29511196,0.50973311,0.14367803,0.22612571
7kje_NRD_A_405,0,0.66866689,0.20736399,0.28648129,0.5112065,0.13041305,0.22835142
7kjg_BTM_A_406,0.98037926,0.97567133,0.18199172,0.2142537,0,0.088805674,0.23126514
8cpp_TCM_A_422,0.078946401,0.65682931,0.20710832,0.28705644,0.5110951,0.13155652,0.22794637
8icd_ICT_A_418,0.86263823,0.65685409,0.20449353,0.29399164,0.50992253,0.14199222,0.22637892
