PDB_CCD_ID,surfdock,unimol,diffdock,diffdock_l,gnina,autodock,smina
19gs_BSP_B_210,0.58501174,0.65021055,0.12410841,0.092023514,0.5101755,0.11170836,0.19719154
1a49_OXL_A_533,0.58501174,0.65021055,0.12410841,0.092023514,0.5101755,0.11170836,0.19719154
1a49_OXL_D_2333,0.58501174,0.65021055,0.12410841,0.092023514,0.5101755,0.11170836,0.19719154
1a49_OXL_F_4133,0.58501174,0.65021055,0.12410841,0.092023514,0.5101755,0.11170836,0.19719154
1a59_CIT_A_379,0.58501174,0.65021055,0.12410841,0.092023514,0.5101755,0.11170836,0.19719154
1a9r_HPA_A_290,0.58501174,0.65021055,0.12410841,0.092023514,0.5101755,0.11170836,0.19719154
1ac4_TMT_A_296,0.58501174,0.65021055,0.12410841,0.092023514,0.5101755,0.11170836,0.19719154
1aej_NVI_A_296,0.58501174,0.65021055,0.12410841,0.092023514,0.5101755,0.11170836,0.19719154
1aer_TIA_B_700,0.58501174,0.65021055,0.12410841,0.092023514,0.5101755,0.11170836,0.19719154
1aia_PMP_A_411,0.58501174,0.65021055,0.12410841,0.092023514,0.5101755,0.11170836,0.19719154
1aia_PMP_B_411,0.58501174,0.65021055,0.12410841,0.092023514,0.5101755,0.11170836,0.19719154
1aiq_CB3_A_266,0.58501174,0.65021055,0.12410841,0.092023514,0.5101755,0.11170836,0.19719154
1aiq_UMP_A_265,0.58501174,0.65021055,0.12410841,0.092023514,0.5101755,0.11170836,0.19719154
1aj8_CIT_A_1000,0.58501174,0.65021055,0.12410841,0.092023514,0.5101755,0.11170836,0.19719154
1aj8_CIT_B_2000,0.58501174,0.65021055,0.12410841,0.092023514,0.5101755,0.11170836,0.19719154
1amq_PMP_A_413,0.58501174,0.65021055,0.12410841,0.092023514,0.5101755,0.11170836,0.19719154
1anc_BEN_A_290,0.58501174,0.65021055,0.12410841,0.092023514,0.5101755,0.11170836,0.19719154
1anc_BEN_A_384,0.55783217,0.8829061,0.12410841,1.1252651e-17,0.58673601,0.11170836,0.23745327
1aog_MAE_A_500,0.58501174,0.65021055,0.12410841,0.092023514,0.5101755,0.11170836,0.19719154
1aua_BOG_A_1,0.58501174,0.65021055,0.12410841,0.092023514,0.5101755,0.11170836,0.19719154
1aua_BOG_A_2,0.58501174,0.65021055,0.12410841,0.092023514,0.5101755,0.11170836,0.19719154
1axg_ETF_B_404,0.58501174,0.65021055,0.12410841,0.092023514,0.5101755,0.11170836,0.19719154
1axg_ETF_C_404,0.58501174,0.65021055,0.12410841,0.092023514,0.5101755,0.11170836,0.19719154
1axg_ETF_D_404,0.58501174,0.65021055,0.12410841,0.092023514,0.5101755,0.11170836,0.19719154
1bqp_MAN_B_401,0.58501174,0.65021055,0.12410841,0.092023514,0.5101755,0.11170836,0.19719154
1bqp_MAN_C_402,0.58501174,0.65021055,0.12410841,0.092023514,0.5101755,0.11170836,0.19719154
1c3s_SHH_A_952,0.58501174,0.65021055,0.12410841,0.092023514,0.5101755,0.11170836,0.19719154
1c9c_PP3_A_413,0.58501174,0.65021055,0.12410841,0.092023514,0.5101755,0.11170836,0.19719154
1ca7_ENO_A_501,0.58501174,0.65021055,0.12410841,0.092023514,0.5101755,0.11170836,0.19719154
1ca7_ENO_B_601,0.58501174,0.65021055,0.12410841,0.092023514,0.5101755,0.11170836,0.19719154
1ca7_ENO_C_701,0.58501174,0.65021055,0.12410841,0.092023514,0.5101755,0.11170836,0.19719154
1cdk_MYR_A_403,0.58501174,0.65021055,0.12410841,0.092023514,0.5101755,0.11170836,0.19719154
1cdk_MYR_B_403,0.58501174,0.65021055,0.12410841,0.092023514,0.5101755,0.11170836,0.19719154
1cgk_NAR_A_390,0.58501174,0.65021055,0.12410841,0.092023514,0.5101755,0.11170836,0.19719154
1cq1_BGC_A_455,0.58501174,0.65021055,0.12410841,0.092023514,0.5101755,0.11170836,0.19719154
1cq1_BGC_B_455,0.63837939,0.47166631,0.12410841,0.046258725,0.6410456,0.11170836,6.5070003e-05
1d6u_HY1_A_2001,0.58501174,0.65021055,0.12410841,0.092023514,0.5101755,0.11170836,0.19719154
1d6u_HY1_B_3001,0.58501174,0.65021055,0.12410841,0.092023514,0.5101755,0.11170836,0.19719154
1d7a_AIR_B_350,0.58501174,0.65021055,0.12410841,0.092023514,0.5101755,0.11170836,0.19719154
1d7a_AIR_C_400,0.58501174,0.65021055,0.12410841,0.092023514,0.5101755,0.11170836,0.19719154
1d7a_AIR_D_450,0.58501174,0.65021055,0.12410841,0.092023514,0.5101755,0.11170836,0.19719154
1dai_DSD_A_225,0.58501174,0.65021055,0.12410841,0.092023514,0.5101755,0.11170836,0.19719154
1diw_GAL_A_1400,0.58501174,0.65021055,0.12410841,0.092023514,0.5101755,0.11170836,0.19719154
1dna_CB3_A_601,0.58501174,0.65021055,0.12410841,0.092023514,0.5101755,0.11170836,0.19719154
1dna_CB3_B_602,0.58501174,0.65021055,0.12410841,0.092023514,0.5101755,0.11170836,0.19719154
1dpm_EBP_A_900,0.58501174,0.65021055,0.12410841,0.092023514,0.5101755,0.11170836,0.19719154
1dpm_EBP_A_901,0.58501174,0.65021055,0.12410841,0.092023514,0.5101755,0.11170836,0.19719154
1dpm_EBP_B_903,0.58501174,0.65021055,0.12410841,0.092023514,0.5101755,0.11170836,0.19719154
1duc_DUD_A_201,0.58501174,0.65021055,0.12410841,0.092023514,0.5101755,0.11170836,0.19719154
1dxy_COI_A_404,0.58501174,0.65021055,0.12410841,0.092023514,0.5101755,0.11170836,0.19719154
1e26_GPB_A_208,0.58501174,0.65021055,0.12410841,0.092023514,0.5101755,0.11170836,0.19719154
1e2s_CSN_P_701,0.58501174,0.65021055,0.12410841,0.092023514,0.5101755,0.11170836,0.19719154
1e48_13P_P_302,0.58501174,0.65021055,0.12410841,0.092023514,0.5101755,0.11170836,0.19719154
1e5f_PLP_B_405,0.58501174,0.65021055,0.12410841,0.092023514,0.5101755,0.40030985,0.19719154
1e7h_PLM_A_1001,0.58501174,0.65021055,0.12410841,0.092023514,0.5101755,0.11170836,0.19719154
1e8g_FCR_B_601,0.58501174,0.65021055,0.12410841,0.092023514,0.5101755,0.11170836,0.19719154
1e8m_P0H_A_724,0.58501174,0.65021055,0.12410841,0.092023514,0.5101755,0.11170836,0.19719154
1ei6_PPF_A_410,0.58501174,0.65021055,0.12410841,0.092023514,0.5101755,0.11170836,0.19719154
1ei6_PPF_D_412,0.58501174,0.65021055,0.12410841,0.092023514,0.5101755,0.11170836,0.19719154
1eow_U2G_A_130,0.58501174,0.65021055,0.12410841,0.092023514,0.5101755,0.11170836,0.19719154
1euu_GAL_A_2,0.58501174,0.65021055,0.12410841,0.092023514,0.5101755,0.11170836,0.19719154
1eyw_PEL_A_404,0.58501174,0.65021055,0.12410841,0.092023514,0.5101755,0.11170836,0.19719154
1eyw_TEN_A_403,0.98636349,0,0.12410841,0.08374271,0.33580396,0.11170836,0.02877191
1f5f_DHT_A_253,0.58501174,0.65021055,0.12410841,0.092023514,0.5101755,0.11170836,0.19719154
1fhv_OSB_A_789,0.58501174,0.65021055,0,0.092023514,0.5101755,0.11170836,0.19719154
1fk1_DAO_A_201,0.58501174,0.65021055,0.12410841,0.092023514,0.5101755,0.11170836,0.19719154
1fm8_DDC_A_501,0.58501174,0.65021055,0.12410841,0.092023514,0.5101755,0.11170836,0.19719154
1foi_14W_A_810,0.58501174,0.65021055,0.12410841,0.092023514,0.5101755,0.11170836,0.19719154
1fp2_HMO_A_2000,0.58501174,0.65021055,0.12410841,0.092023514,0.5101755,0.11170836,0.19719154
1fqo_F6R_A_1268,0.58501174,0.65021055,0.12410841,0.092023514,0.5101755,0.11170836,0.19719154
1fqo_F6R_B_2268,0.58501174,0.65021055,0.12410841,0.092023514,0.5101755,0.11170836,0.19719154
1fs5_16G_A_1267,0.58501174,0.65021055,0.12410841,0.092023514,0.5101755,0.11170836,0.19719154
1fs5_16G_B_2267,0.58501174,0.65021055,0.12410841,0.092023514,0.5101755,0.11170836,0.19719154
1fsa_F6P_A_338,0.58501174,0.65021055,0.12410841,0.092023514,0.5101755,0.11170836,0.19719154
1fsa_F6P_B_338,0.58501174,0.65021055,0.12410841,0.092023514,0.5101755,0.11170836,0.19719154
1fuq_CIT_A_1001,0.58501174,0.65021055,0.12410841,0.092023514,0.5101755,0.11170836,0.19719154
1fuy_FIP_A_269,0.58501174,0.65021055,0.12410841,0.092023514,0.5101755,0.11170836,0.19719154
1fwn_PEP_A_1268,0.58501174,0.65021055,0.12410841,0.092023514,0.5101755,0.11170836,0.19719154
1fwn_PEP_B_2268,0.58501174,0.65021055,0.12410841,0.092023514,0.5101755,0.11170836,0.19719154
1g4s_TPS_A_2001,0.58501174,0.65021055,0.12410841,0.092023514,0.5101755,0.11170836,0.19719154
1g4s_TPS_B_2002,0.58501174,0.65021055,0.12410841,0.092023514,0.5101755,0.98878813,0.19719154
1g6n_CMP_B_622,0.58501174,0.65021055,0.12410841,0.092023514,0.5101755,0.11170836,0.19719154
1g6t_S3P_A_601,0.99198286,0.96177999,0.12410841,0.98003328,0.41918545,0.11170836,0.39277897
1g72_PQQ_C_703,0.58501174,0.65021055,0.12410841,0.092023514,0.5101755,0.11170836,0.19719154
1g79_PLP_A_260,8.7059167e-05,0.90095242,0.12410841,0.07087182,0.51976208,0.11170836,0.32037772
1g79_PLP_A_270,0.58501174,0.65021055,0.12410841,0.092023514,0.5101755,0.11170836,0.19719154
1g8z_GAL_D_104,0.58501174,0.65021055,0.12410841,0.092023514,0.5101755,0.11170836,0.19719154
1g8z_GAL_F_104,0.58501174,0.65021055,0.12410841,0.092023514,0.5101755,0.11170836,0.19719154
1g8z_GAL_G_104,0.58501174,0.65021055,0.12410841,0.092023514,0.5101755,0.11170836,0.19719154
1g8z_GAL_H_104,0.58501174,0.65021055,0.12410841,0.092023514,0.5101755,0.11170836,0.19719154
1gck_PLP_A_413,0.58501174,0.65021055,0.12410841,0.092023514,0.5101755,0.11170836,0.19719154
1gey_PPE_A_413,0.58501174,0.65021055,0.12410841,0.092023514,0.5101755,0.11170836,0.19719154
1gij_2PU_A_501,0.58501174,0.65021055,0.12410841,0.092023514,0.5101755,0.11170836,0.19719154
1gim_HDA_A_438,0.58501174,0.65021055,0.12410841,0.092023514,0.5101755,0.11170836,0.19719154
1giu_ADE_A_300,0.58501174,0.65021055,0.12410841,0.092023514,0.5101755,0.11170836,0.19719154
1gkc_NFH_A_1448,0.58501174,0.65021055,0.12410841,0.092023514,0.5101755,0.11170836,0.19719154
1gkc_NFH_B_1449,0.58501174,0.65021055,0.12410841,0.092023514,0.5101755,0.11170836,0.19719154
1gsi_TMP_A_1210,0.58501174,0.65021055,0.12410841,0.092023514,0.5101755,0.11170836,0.19719154
1gsq_GDN_A_203,0.58501174,0.65021055,0.12410841,0.092023514,0.5101755,0.11170836,0.19719154
1gxu_2HP_A_1092,0.58501174,0.65021055,0.12410841,0.092023514,0.5101755,0.11170836,0.19719154
1gz5_G6P_A_901,0.70041485,0.97877921,0.12410841,3.2465722e-59,0.59936821,0.11170836,0.2518411
1gz5_G6P_B_901,0.58501174,0.65021055,0.12410841,0.092023514,0.5101755,0.11170836,0.19719154
1gz5_G6P_C_901,0.58501174,0.65021055,0.12410841,0.092023514,0.5101755,0.11170836,0.19719154
1gz5_UDP_D_900,0.58501174,0.65021055,1.0493254e-69,0.092023514,0.5101755,0.11170836,0.19719154
1h0v_UN4_A_1299,0.58501174,0.65021055,0.12410841,0.092023514,0.5101755,0.11170836,0.19719154
1h18_DTL_A_9009,0.58560834,0,0.12410841,0.11031669,0.040986001,0.11170836,0.18323929
1h18_DTL_B_9009,0.58501174,0.65021055,0.12410841,0.092023514,0.5101755,0.11170836,0.19719154
1h18_PYR_A_1001,0.58501174,0.65021055,0.12410841,0.092023514,0.5101755,0.11170836,0.19719154
1h18_PYR_B_1001,0.58501174,0.65021055,0.12410841,0.092023514,0.5101755,0.11170836,0.19719154
1h1i_QUE_B_1356,0.58501174,0.65021055,0.12410841,0.092023514,0.5101755,0.11170836,0.19719154
1h1i_QUE_C_1358,0.58501174,0.65021055,0.12410841,0.092023514,0.5101755,0.11170836,0.19719154
1h1i_QUE_D_1357,0.58501174,0.65021055,0.12410841,0.092023514,0.5101755,0.11170836,0.19719154
1h1m_KMP_A_1360,0.58501174,0.65021055,0.12410841,0.092023514,0.5101755,0.11170836,0.19719154
1h1m_KMP_C_1358,0.58501174,0.65021055,0.12410841,0.092023514,0.5101755,0.11170836,0.19719154
1h48_C5P_A_203,0.58501174,0.65021055,0.12410841,0.092023514,0.5101755,0.11170836,0.19719154
1h48_C5P_C_901,0.58501174,0.65021055,0.12410841,0.092023514,0.5101755,0.11170836,0.19719154
1h48_C5P_D_204,0.58501174,0.65021055,0.12410841,0.092023514,0.5101755,0.11170836,0.19719154
1h48_C5P_E_901,0.58501174,0.65021055,0.12410841,0.092023514,0.5101755,0.11170836,0.19719154
1h48_C5P_F_901,0.58501174,0.65021055,0.12410841,0.092023514,0.5101755,0.11170836,0.19719154
1h48_CDI_A_201,0.58501174,0.65021055,0.12410841,0.092023514,0.5101755,0.11170836,0.19719154
1h48_CDI_B_902,0.58501174,0.65021055,0.12410841,0.092023514,0.5101755,0.11170836,0.19719154
1h48_CDI_C_902,0.58501174,0.65021055,0.12410841,0.092023514,0.5101755,0.11170836,0.19719154
1h48_CDI_D_201,0.58501174,0.65021055,0.12410841,0.092023514,0.5101755,0.97648273,0.19719154
1h48_CDI_E_902,0.58501174,0.65021055,0.12410841,0.092023514,0.5101755,0.11170836,0.19719154
1h48_GPP_C_904,0.58501174,0.65021055,0.12410841,0.092023514,0.5101755,0.11170836,0.19719154
1h48_GPP_E_904,0.58501174,0.65021055,0.12410841,0.092023514,0.5101755,0.11170836,0.19719154
1h5r_G1P_A_1294,0.58501174,0.65021055,0.12410841,0.092023514,0.5101755,0.11170836,0.19719154
1h5r_G1P_C_1294,0.58501174,0.65021055,0.12410841,0.092023514,0.5101755,0.11170836,0.19719154
1h5r_G1P_D_1294,0.58501174,0.65021055,0.12410841,0.092023514,0.5101755,0.11170836,0.19719154
1h5r_THM_A_1292,0.58501174,0.65021055,0.12410841,0.092023514,0.5101755,0.11170836,0.19719154
1h5r_THM_B_1292,0.58501174,0.65021055,0.12410841,0.092023514,0.5101755,0.11170836,0.19719154
1h5r_THM_B_1293,0.58501174,0.65021055,0.12410841,0.092023514,0.5101755,0.11170836,0.19719154
1h69_ARH_C_1275,0.58501174,0.65021055,0.12410841,0.092023514,0.5101755,0.11170836,0.19719154
1h70_CIR_A_500,0.58501174,0.65021055,0.12410841,0.092023514,0.5101755,0.11170836,0.19719154
1h7q_TYD_A_1258,0.58501174,0.65021055,0.12410841,0.092023514,0.5101755,0.11170836,0.19719154
1h82_GZZ_A_590,0.58501174,0.65021055,0.12410841,0.092023514,0.5101755,0.11170836,0.19719154
1h8p_PC_A_1110,0.58501174,0.65021055,0.12410841,0.092023514,0.5101755,0.11170836,0.19719154
1h8p_PC_A_1111,0.58501174,0.65021055,0.12410841,0.092023514,0.5101755,0.11170836,0.19719154
1h8p_PC_B_1110,0.58501174,0.65021055,0.12410841,0.092023514,0.5101755,0.11170836,0.19719154
1hdi_3PG_A_419,0.58501174,0.65021055,0.12410841,0.092023514,0.5101755,0.11170836,0.19719154
1hkn_N2M_C_4138,0.58501174,0.65021055,0.12410841,0.092023514,0.5101755,0.11170836,0.19719154
1hkn_N2M_D_5139,0.58501174,0.65021055,0.12410841,0.092023514,0.5101755,0.11170836,0.19719154
1ho5_ADN_B_2604,0.58501174,0.65021055,0.12410841,0.092023514,0.5101755,0.11170836,0.19719154
1hot_16G_B_271,0.58501174,0.65021055,0.12410841,0.092023514,0.5101755,0.11170836,0.19719154
1hsb_ALA_A_1001,0.58501174,0.65021055,0.12410841,0.092023514,0.5101755,0.11170836,0.19719154
1hsb_ALA_C_1,0.58501174,0.65021055,0.12410841,0.092023514,0.5101755,0.11170836,0.19719154
1hsr_BHO_A_800,0.58501174,0.65021055,0.12410841,0.092023514,0.5101755,0.11170836,0.19719154
1i8a_BGC_A_189,0.59841292,0.89975852,0.12410841,0.2234211,0.014920795,0.11170836,0.48017121
1ia1_TQ3_A_194,0.58501174,0.65021055,0.12410841,0.092023514,0.5101755,0.11170836,0.19719154
1ia1_TQ3_B_196,0.58501174,0.65021055,0.12410841,0.092023514,0.5101755,0.11170836,0.19719154
1ij8_BNI_A_501,0.58501174,0.65021055,0.12410841,0.092023514,0.5101755,0.11170836,0.19719154
1ij8_BNI_B_502,0.58501174,0.65021055,0.12410841,0.092023514,0.5101755,0.11170836,0.19719154
1iki_DAL_A_500,0.58501174,0.65021055,0.12410841,0.092023514,0.5101755,0.11170836,0.19719154
1iki_REY_A_400,0.58501174,0.65021055,0.12410841,0.092023514,0.5101755,0.11170836,0.19719154
1iri_E4P_B_602,0.58501174,0.65021055,0.12410841,0.092023514,0.5101755,0.11170836,0.19719154
1iri_E4P_C_603,0.99298605,0.96082443,0.12410841,0.24961402,0.15194944,0.11170836,0.69132489
1isx_XYP_A_1461,0.58501174,0.65021055,0.12410841,0.092023514,0.5101755,0.11170836,0.19719154
1isx_XYP_B_961,0.58501174,0.65021055,0.12410841,0.092023514,0.5101755,0.11170836,0.19719154
1itw_ICT_B_744,0.58501174,0.65021055,0.12410841,0.092023514,0.5101755,0.11170836,0.19719154
1itw_ICT_C_743,0.58501174,0.65021055,0.12410841,0.092023514,0.5101755,0.11170836,0.19719154
1itw_ICT_D_743,0.58501174,0.65021055,0.12410841,0.092023514,0.5101755,0.11170836,0.19719154
1iwe_IMP_B_1443,0.58501174,0.65021055,0.12410841,0.092023514,0.5101755,0.11170836,0.19719154
1iwe_IMP_B_1452,0.58501174,0.65021055,0.12410841,0.092023514,0.5101755,0.11170836,0.19719154
1ixo_G3P_A_1001,0.58501174,0.65021055,0.12410841,0.092023514,0.5101755,0.11170836,0.19719154
1ixo_G3P_B_1002,0.58501174,0.65021055,0.12410841,0.092023514,0.5101755,0.11170836,0.19719154
1ixo_G3P_D_1004,0.58501174,0.65021055,0.12410841,0.092023514,0.5101755,0.11170836,0.19719154
1j0n_CEG_A_780,0.58501174,0.65021055,0.12410841,0.092023514,0.5101755,0.11170836,0.19719154
1j0y_BGC_A_1601,0.58501174,0.65021055,0.12410841,0.092023514,0.5101755,0.11170836,0.19719154
1j0y_BGC_B_2601,0.58501174,0.65021055,0.12410841,0.092023514,0.5101755,0.11170836,0.19719154
1j0y_BGC_C_3601,0.58501174,0.65021055,0.12410841,0.092023514,0.5101755,0.11170836,0.19719154
1j0y_BGC_D_4601,0.58501174,0.65021055,0.12410841,0.092023514,0.5101755,0.11170836,0.19719154
1j3i_UMP_D_711,0.58501174,0.65021055,0.12410841,0.092023514,0.5101755,0.11170836,0.19719154
1j3i_WRA_A_609,0.58501174,0.65021055,0.12410841,0.092023514,0.5101755,0.11170836,0.19719154
1j3i_WRA_B_709,0.58501174,0.65021055,0.12410841,0.092023514,0.5101755,0.11170836,0.19719154
1j3k_UMP_D_711,0.58501174,0.65021055,0.12410841,0.092023514,0.5101755,0.11170836,0.19719154
1j3k_WRA_A_609,0.58459909,0.65158773,0.12410841,0.092359089,0.50924503,0.11170836,0.19799587
1j3k_WRA_B_709,0.58501174,0.65021055,0.12410841,0.092023514,0.5101755,0.11170836,0.19719154
1j54_TMP_A_2000,0.58501174,0.65021055,0.12410841,0.092023514,0.5101755,0.11170836,0.19719154
1ja9_PYQ_A_406,0.58501174,0.65021055,0.12410841,0.092023514,0.5101755,0.11170836,0.19719154
1jho_RMB_A_990,0.58501174,0.65021055,0.12410841,0.092023514,0.5101755,0.11170836,0.19719154
1jhv_NIO_A_991,0.58501174,0.65021055,0.12410841,0.092023514,0.5101755,0.11170836,0.19719154
1jhv_PCR_A_990,0.58501174,0.65021055,0.12410841,0.092023514,0.5101755,0.11170836,0.19719154
1jl0_PUT_A_401,0.58501174,0.65021055,0.12410841,0.092023514,0.5101755,0.11170836,0.19719154
1jl0_PUT_B_401,0.58501174,0.65021055,0.12410841,0.092023514,0.5101755,0.11170836,0.19719154
1jtk_THU_A_138,0.58501174,0.65021055,0.12410841,0.092023514,0.5101755,0.11170836,0.19719154
1jtk_THU_B_1138,0.58501174,0.65021055,0.12410841,0.092023514,0.5101755,0.11170836,0.19719154
1jw0_GUA_B_999,0.58501174,0.65021055,0.12410841,0.092023514,0.5101755,0.11170836,0.19719154
1jyw_147_A_2001,0.58501174,0.65021055,0.12410841,0.092023514,0.5101755,0.11170836,0.19719154
1jyx_IPT_A_2001,0.58501174,0.65021055,0.12410841,0.092023514,0.5101755,0.11170836,0.19719154
1jyx_IPT_A_2002,0.58501174,0.65021055,0.12410841,0.092023514,0.5101755,0.11170836,0.19719154
1jyx_IPT_C_2001,0.58501174,0.65021055,0.12410841,0.092023514,0.5101755,0.11170836,0.19719154
1k5s_GRO_B_601,0.58501174,0.65021055,0.12410841,0.092023514,0.5101755,0.11170836,0.19719154
1k8z_IAG_A_501,0.58501174,0.65021055,0.12410841,0.092023514,0.5101755,0.11170836,0.19719154
1kae_HSO_A_1001,0.58501174,0.65021055,0.12410841,0.092023514,0.5101755,0.11170836,0.19719154
1kar_HSM_A_502,0.58501174,0.65021055,0.12410841,0.092023514,0.5101755,0.11170836,0.19719154
1kar_HSM_B_503,0.58501174,0.65021055,0.12410841,0.092023514,0.5101755,0.11170836,0.19719154
1kbq_936_B_704,0.58501174,0.65021055,0.12410841,0.092023514,0.5101755,0.11170836,0.19719154
1kbq_936_C_701,0.58501174,0.65021055,0.12410841,0.092023514,0.5101755,0.11170836,0.19719154
1kdo_C_A_5407,0.96351685,0.97707829,0.12410841,0.064562326,0.98940465,0.11170836,0.072793659
1kdo_C_B_6407,0.58501174,0.65021055,0.12410841,0.092023514,0.5101755,0.11170836,0.19719154
1kep_TDX_A_3500,0.58501174,0.65021055,0.12410841,0.092023514,0.5101755,0.11170836,0.19719154
1ki2_GA2_A_1,0.58501174,0.65021055,0.12410841,0.092023514,0.5101755,0,0.19719154
1ki2_GA2_B_2,0.58501174,0.65021055,0.12410841,0.092023514,0.5101755,0.11170836,0.19719154
1klk_PMD_A_653,0.58501174,0.65021055,0.12410841,0.092023514,0.5101755,0.11170836,0.19719154
1klz_U_A_2001,0.58501174,0.65021055,0.12410841,0.092023514,0.5101755,0.11170836,0.19719154
1km6_OMP_A_2001,0.58501174,0.65021055,0.12410841,0.092023514,0.5101755,0.11170836,0.19719154
1knu_YPA_A_1001,0.58501174,0.65021055,0.12410841,0.092023514,0.5101755,0.11170836,0.19719154
1kuj_MMA_A_501,0.58501174,0.65021055,0.12410841,0.092023514,0.5101755,0.11170836,0.19719154
1kuj_MMA_C_502,0.58501174,0.65021055,0.12410841,0.092023514,0.5101755,0.11170836,0.19719154
1kuj_MMA_G_504,0.58501174,0.65021055,0.12410841,0.092023514,0.5101755,0.11170836,0.19719154
1kwc_BPY_B_401,0.58501174,0.65021055,0.12410841,0.092023514,0.5101755,0.11170836,0.19719154
1kwu_MMA_B_601,0.58501174,0.65021055,0.12410841,0.092023514,0.5101755,0.11170836,0.19719154
1kwu_MMA_C_701,0.58501174,0.65021055,0.12410841,0.092023514,0.5101755,0.11170836,0.19719154
1kya_XYD_B_612,0.58501174,0.65021055,0.12410841,0.092023514,0.5101755,0.11170836,0.19719154
1kya_XYD_D_814,0.58501174,0.65021055,0.12410841,0.092023514,0.5101755,0.11170836,0.19719154
1l4f_150_A_990,0.58501174,0.65021055,0.12410841,0.092023514,0.5101755,0.11170836,0.19719154
1l4f_NCN_A_991,0.58501174,0.65021055,0.12410841,0.092023514,0.5101755,0.11170836,0.19719154
1l5o_2MP_A_990,0.58501174,0.65021055,0.12410841,0.092023514,0.5101755,0.11170836,0.19719154
1lc8_33P_A_800,0.58501174,0.65021055,0.12410841,0.092023514,0.5101755,0.11170836,0.19719154
1ldo_SNR_A_150,0.58501174,0.65021055,0.12410841,0.092023514,0.5101755,0.11170836,0.19719154
1ldo_SNR_B_350,0.58501174,0.65021055,0.12410841,0.092023514,0.5101755,0.11170836,0.19719154
1lfw_AEP_A_683,0.58501174,0.65021055,0.12410841,0.092023514,0.5101755,0.11170836,0.19719154
1lo3_AN1_Y_500,0.58501174,0.65021055,0.12410841,0.092023514,0.5101755,0.11170836,0.19719154
1lqp_FCN_B_4001,0.58501174,0.65021055,0.12410841,0.092023514,0.5101755,0.11170836,0.19719154
1lqp_FCN_B_4003,0.58501174,0.65021055,0.12410841,0.092023514,0.5101755,0.11170836,0.19719154
1lro_PEP_A_1268,0.58501174,0.65021055,0.12410841,0.092023514,0.5101755,0.11170836,0.19719154
1lro_PEP_B_2268,0.58501174,0.65021055,0.12410841,0.092023514,0.5101755,0.11170836,0.19719154
1lti_GAL_D_104,0.58501174,0.65021055,0.12410841,0.092023514,0.5101755,0.11170836,0.19719154
1lti_GAL_E_104,0.58501174,0.65021055,0.12410841,0.092023514,0.5101755,0.11170836,0.19719154
1lti_GAL_H_104,0.58501174,0.65021055,0.12410841,0.092023514,0.5101755,0.11170836,0.19719154
1luq_BTN_A_5100,0.58501174,0.65021055,0.12410841,0.092023514,0.5101755,0.11170836,0.19719154
1luq_BTN_B_5200,0.58501174,0.65021055,0.12410841,0.092023514,0.5101755,0.11170836,0.19719154
1lzz_IHG_B_1830,0.58501174,0.65021055,0.12410841,0.092023514,0.5101755,0.11170836,0.19719154
1m3u_KPL_A_265,0.58501174,0.65021055,0.12410841,0.092023514,0.5101755,0.11170836,0.19719154
1m3u_KPL_B_265,0.58501174,0.65021055,0.12410841,0.092023514,0.5101755,0.11170836,0.19719154
1m3u_KPL_E_265,0.58501174,0.65021055,0.12410841,0.092023514,0.5101755,0.11170836,0.19719154
1m3u_KPL_F_265,0.58501174,0.65021055,0.12410841,0.092023514,0.5101755,0.11170836,0.19719154
1m3u_KPL_G_265,0.58501174,0.65021055,0.12410841,0.092023514,0.5101755,0.11170836,0.19719154
1m3u_KPL_I_265,0.58501174,0.65021055,0.12410841,0.092023514,0.5101755,0.11170836,0.19719154
1m3u_KPL_J_265,0.58501174,0.65021055,0.12410841,0.092023514,0.5101755,0.11170836,0.19719154
1m9j_CLW_A_906,0.58501174,0.65021055,0.12410841,0.092023514,0.5101755,0.11170836,0.19719154
1ml4_PAL_A_385,0.58501174,0.65021055,0.12410841,0.092023514,0.5101755,0.11170836,0.19719154
1mmx_FUC_A_348,0.58501174,0.65021055,0.12410841,0.092023514,0.5101755,0.11170836,0.19719154
1mmx_FUC_B_348,0.58501174,0.65021055,0.12410841,0.092023514,0.5101755,0.11170836,0.19719154
1mmy_G6D_A_348,0.58501174,0.65021055,0.12410841,0.092023514,0.5101755,0.11170836,0.19719154
1mmy_G6D_B_348,0.58501174,0.65021055,0.12410841,0.092023514,0.5101755,0.11170836,0.19719154
1mrj_ADN_A_300,0.58501174,0.65021055,0.12410841,0.092023514,0.5101755,0.11170836,0.19719154
1mrq_STR_A_501,0.58501174,0.65021055,0.12410841,0.092023514,0.5101755,0.11170836,0.19719154
1msv_PUT_A_355,0.58501174,0.65021055,0.12410841,0.092023514,0.5101755,0.11170836,0.19719154
1msv_PUT_B_355,0.93965909,0.91313909,0.12410841,0.15066428,0.52320025,0.11170836,0.24800105
1mvc_BM6_A_200,0.58501174,0.65021055,0.12410841,0.092023514,0.5101755,0.11170836,0.19719154
1n1i_HIS_C_501,0.58501174,0.65021055,0.12410841,0.092023514,0.5101755,0.11170836,0.19719154
1n3o_GYP_A_1001,0.58501174,0.65021055,0.12410841,0.092023514,0.5101755,0.11170836,0.19719154
1n3o_GYP_B_1101,0.58501174,0.65021055,0.12410841,0.092023514,0.5101755,0.11170836,0.19719154
1n5i_TMP_A_217,0.58501174,0.65021055,0.12410841,0.092023514,0.5101755,0.11170836,0.19719154
1ne4_RP1_A_401,0.58501174,0.65021055,0.12410841,0.092023514,0.5101755,0.11170836,0.19719154
1nf0_13P_A_5001,0.58501174,0.65021055,0.12410841,0.092023514,0.5101755,0.11170836,0.19719154
1nf0_13P_B_1150,0.58501174,0.65021055,0.12410841,0.092023514,0.5101755,0.11170836,0.19719154
1njr_XYL_A_285,0.58501174,0.65021055,0.12410841,0.092023514,0.5101755,0.11170836,0.19719154
1nme_159_B_9002,0.58501174,0.65021055,0.12410841,0.092023514,0.5101755,0.11170836,0.19719154
1nmm_NAG_B_403,0.58501174,0.65021055,0.12410841,0.092023514,0.5101755,0.11170836,0.19719154
1nmm_NAG_D_527,0.58501174,0.65021055,0.12410841,0.092023514,0.5101755,0.11170836,0.19719154
1nmz_NYM_A_301,0.58501174,0.65021055,0.12410841,0.092023514,0.5101755,0.11170836,0.19719154
1now_IFG_A_557,0.58501174,0.65021055,0.12410841,0.092023514,0.5101755,0.11170836,0.19719154
1now_IFG_B_558,0.58501174,0.65021055,0.12410841,0.092023514,0.5101755,0.11170836,0.19719154
1ns4_BGC_A_1400,0.58501174,0.65021055,0.12410841,0.092023514,0.5101755,0.11170836,0.19719154
1ns4_BGC_B_2400,0.58501174,0.65021055,0.12410841,0.092023514,0.5101755,0.11170836,0.19719154
1nsm_GAL_A_1400,0.63614806,0.4791312,0.12410841,0.048171416,0.63557723,0.11170836,0.0082771604
1nsm_GLA_B_2400,0.58501174,0.65021055,0.12410841,0.092023514,0.5101755,0.11170836,0.19719154
1nuw_F6P_A_2336,0.58501174,0.65021055,0.12410841,0.092023514,0.5101755,0.11170836,0.19719154
1nux_F6P_A_2339,0.58501174,0.65021055,0.12410841,0.092023514,0.5101755,0.11170836,0.19719154
1o28_UFP_B_708,0.58501174,0.65021055,0.12410841,0.092023514,0.5101755,0.11170836,0.19719154
1o28_UFP_C_713,0.58501174,0.65021055,0.12410841,0.092023514,0.5101755,0.11170836,0.19719154
1o28_UFP_D_718,0.58501174,0.65021055,0.12410841,0.092023514,0.5101755,0.11170836,0.19719154
1o29_UFP_A_803,0.00012005399,0,0.12410841,0,0.47480227,0.11170836,0.049909238
1o29_UFP_C_813,0.0001942159,0,0.12410841,0,0.97169727,0.11170836,0
1o2i_655_A_246,0.58501174,0.65021055,0.12410841,0.092023514,0.5101755,0.11170836,0.19719154
1o68_KIV_B_275,0.58501174,0.65021055,0.12410841,0.092023514,0.5101755,0.11170836,0.19719154
1o68_KIV_D_275,0.58501174,0.65021055,0.12410841,0.092023514,0.5101755,0.11170836,0.19719154
1o68_KIV_E_275,0.58501174,0.65021055,0.12410841,0.092023514,0.5101755,0.11170836,0.19719154
1o6g_SIN_A_724,0.58501174,0.65021055,0.12410841,0.092023514,0.5101755,0.11170836,0.19719154
1o8a_NXA_A_702,0.58501174,0.65021055,0.12410841,0.092023514,0.5101755,0.11170836,0.19719154
1okm_SAB_A_555,0.58501174,0.65021055,0.12410841,0.092023514,0.5101755,0.11170836,0.19719154
1om5_INE_A_790,0.58501174,0.65021055,0.12410841,0.092023514,0.5101755,0.11170836,0.19719154
1om5_INE_B_791,0.58501174,0.65021055,0.12410841,0.092023514,0.5101755,0.11170836,0.19719154
1opr_ORO_A_220,0.58501174,0.65021055,0.12410841,0.092023514,0.5101755,0.11170836,0.19719154
1ov5_2LP_A_403,0.58501174,0.65021055,0.12410841,0.092023514,0.5101755,0.11170836,0.19719154
1ovk_NYL_A_405,0.58501174,0.65021055,0.12410841,0.092023514,0.5101755,0.11170836,0.19719154
1owz_4FA_A_409,0.58501174,0.65021055,0.12410841,0.092023514,0.5101755,0.11170836,0.19719154
1oxp_IK2_A_411,0.58501174,0.65021055,0.12410841,0.092023514,0.5101755,0.11170836,0.19719154
1p1w_AMQ_A_428,0.58501174,0.65021055,0.12410841,0.092023514,0.5101755,0.11170836,0.19719154
1p1w_AMQ_B_427,0.58501174,0.65021055,0.12410841,0.092023514,0.5101755,0.11170836,0.19719154
1p2s_ETF_A_400,0.58501174,0.65021055,0.12410841,0.092023514,0.5101755,0.11170836,0.19719154
1p7c_THM_B_501,0.58501174,0.65021055,0.12410841,0.092023514,0.5101755,0.11170836,0.19719154
1p7l_MET_A_485,0.58501174,0.65021055,0.12410841,0.092023514,0.5101755,0.11170836,0.19719154
1p7l_MET_B_385,0.58501174,0.65021055,0.12410841,0.092023514,0.5101755,0.11170836,0.19719154
1p7l_PPK_C_684,0.58501174,0.65021055,0.12410841,0.092023514,0.5101755,0.11170836,0.19719154
1p7l_PPK_D_884,0.58501174,0.65021055,0.12410841,0.092023514,0.5101755,0.11170836,0.19719154
1pfw_MF3_A_553,0.58501174,0.65021055,0.12410841,0.092023514,0.5101755,0.11170836,0.19719154
1pi3_TZD_A_530,0.58501174,0.65021055,0.12410841,0.092023514,0.5101755,0.11170836,0.19719154
1pke_2FD_A_446,0.58501174,0.65021055,0.12410841,0.092023514,0.5101755,0.11170836,0.19719154
1pke_2FD_B_447,0.58501174,0.65021055,0.12410841,0.092023514,0.5101755,0.11170836,0.19719154
1pke_2FD_C_448,0.58501174,0.65021055,0.12410841,0.092023514,0.5101755,0.11170836,0.19719154
1pl6_572_A_405,0.58501174,0.65021055,0.12410841,0.092023514,0.5101755,0.11170836,0.19719154
1pl6_572_B_407,0.58501174,0.65021055,0.12410841,0.092023514,0.5101755,0.11170836,0.19719154
1pl6_572_C_409,0.58501174,0.65021055,0.12410841,0.092023514,0.5101755,0.11170836,0.19719154
1poc_GEL_A_420,0.58501174,0.65021055,0.12410841,0.092023514,0.5101755,0.11170836,0.19719154
1pr0_NOS_A_1245,0.58501174,0.65021055,0.12410841,0.092023514,0.5101755,0.11170836,0.19719154
1pr0_NOS_B_1246,0.58501174,0.65021055,0.12410841,0.092023514,0.5101755,0.11170836,0.19719154
1pr0_NOS_C_1247,0.58501174,0.65021055,0.12410841,0.092023514,0.5101755,0.11170836,0.19719154
1pr6_XYA_A_1245,0.58501174,0.65021055,0.12410841,0.092023514,0.5101755,0.11170836,0.19719154
1pr6_XYA_C_1247,0.58501174,0.65021055,0.12410841,0.092023514,0.5101755,0.11170836,0.19719154
1pvc_ILE_0_7,0.58501174,0.65021055,0.12410841,0.092023514,0.5101755,0.11170836,0.19719154
1pwz_RSO_A_256,0.58501174,0.65021055,0.12410841,0.092023514,0.5101755,0.11170836,0.19719154
1pym_OXL_A_1001,0.58501174,0.65021055,0.12410841,0.092023514,0.5101755,0.11170836,0.19719154
1pzy_NAG_B_405,0.96747266,0.96923682,0.12410841,0.15918443,0.52583129,0.11170836,0.26272778
1pzy_NAG_D_406,0.58501174,0.65021055,0.12410841,0.092023514,0.5101755,0.11170836,0.19719154
1q20_PLO_A_401,0.58501174,0.65021055,0.12410841,0.092023514,0.5101755,0.11170836,0.19719154
1q3a_NGH_A_480,0.99064438,0.85950608,0.12410841,0.096390458,0.7758924,0.11170836,0.12114721
1q3a_NGH_B_479,0.58501174,0.65021055,0.12410841,0.092023514,0.5101755,0.11170836,0.19719154
1q4g_BFL_A_701,0.58501174,0.65021055,0.12410841,0.092023514,0.5101755,0.11170836,0.19719154
1q4g_BFL_B_1701,0.58501174,0.65021055,0.12410841,0.092023514,0.5101755,0.11170836,0.19719154
1q6r_LX1_A_7301,0.58501174,0.65021055,0.12410841,0.092023514,0.5101755,0.11170836,0.19719154
1q6r_LX1_B_9301,0.58501174,0.65021055,0.12410841,0.092023514,0.5101755,0.11170836,0.19719154
1q92_DRM_A_1001,0.58501174,0.65021055,0.12410841,0.092023514,0.5101755,0.11170836,0.19719154
1qit_MAE_A_411,0.58501174,0.65021055,0.12410841,0.092023514,0.5101755,0.11170836,0.19719154
1qmh_CIT_A_401,0.58501174,0.65021055,0.12410841,0.092023514,0.5101755,0.11170836,0.19719154
1r4f_AD3_B_330,0.58501174,0.65021055,0.12410841,0.092023514,0.5101755,0.11170836,0.19719154
1r4s_MUA_A_800,0.58501174,0.65021055,0.12410841,0.092023514,0.5101755,0.11170836,0.19719154
1rf2_BV4_E_105,0.58501174,0.65021055,0.12410841,0.092023514,0.5101755,0.11170836,0.19719154
1rf2_BV4_H_108,0.58501174,0.65021055,0.12410841,0.092023514,0.5101755,0.11170836,0.19719154
1rnd_DGP_A_126,0.58501174,0.65021055,0.12410841,0.092023514,0.5101755,0.11170836,0.19719154
1rum_BEZ_H_1601,0.58501174,0.65021055,0.12410841,0.092023514,0.5101755,0.11170836,0.19719154
1rvt_NDG_H_742,0,0,0.12410841,0.07009081,4.6338268e-07,0.11170836,0.2476754
1rvz_NAG_A_3321,0.58501174,0.65021055,0.12410841,0.092023514,0.5101755,0.11170836,0.19719154
1rvz_NAG_F_3331,0.58501174,0.65021055,0.12410841,0.092023514,0.5101755,0.11170836,0.19719154
1s1f_PIM_A_431,0.58501174,0.65021055,0.12410841,0.092023514,0.5101755,0.11170836,0.19719154
1s3u_TQD_A_187,0.58501174,0.65021055,0.12410841,0.092023514,0.5101755,0.11170836,0.19719154
1s3v_TQD_A_187,0.58501174,0.65021055,0.12410841,0.092023514,0.5101755,0.11170836,0.19719154
1s5s_PG3_A_1,0.58501174,0.65021055,0.12410841,0.092023514,0.5101755,0.11170836,0.19719154
1s6h_4BZ_A_1,0.58501174,0.65021055,0.12410841,0.092023514,0.5101755,0.11170836,0.19719154
1s83_4HA_A_5,0.58501174,0.65021055,0.12410841,0.092023514,0.5101755,0.0084111264,0.19719154
1sep_BIO_A_801,0.58501174,0.65021055,0.12410841,0.092023514,0.5101755,0.11170836,0.19719154
1sff_IK2_B_450,0.58501174,0.65021055,0.12410841,0.092023514,0.5101755,0.11170836,0.19719154
1sff_IK2_C_450,0.58501174,0.65021055,0.12410841,0.092023514,0.5101755,0.11170836,0.19719154
1sjc_SMG_A_1000,0.58501174,0.65021055,0.12410841,0.092023514,0.5101755,0.11170836,0.19719154
1sjc_SMG_B_1100,0.58501174,0.65021055,0.12410841,0.092023514,0.5101755,0.11170836,0.19719154
1sjc_SMG_D_1300,0.58501174,0.65021055,0.12410841,0.092023514,0.5101755,0.11170836,0.19719154
1sqk_LAR_A_378,0.58501174,0.65021055,0.12410841,0.092023514,0.5101755,0.11170836,0.19719154
1syf_THP_A_180,0.58501174,0.65021055,0.12410841,0.092023514,0.5101755,0.11170836,0.19719154
1sz6_NAG_A_5003,0.58501174,0.65021055,0.12410841,0.092023514,0.5101755,0.11170836,0.19719154
1sz6_NAG_B_5002,0.58501174,0.65021055,0.12410841,0.092023514,0.5101755,0.11170836,0.19719154
1sz6_NAG_B_5004,0.58501174,0.65021055,0.12410841,0.092023514,0.5101755,0.11170836,0.19719154
1t87_CAM_B_2422,0.58501174,0.65021055,0.12410841,0.092023514,0.5101755,0.11170836,0.19719154
1t93_FLV_A_431,0.58501174,0.65021055,0.12410841,0.092023514,0.5101755,0.11170836,0.19719154
1t93_FLV_A_432,0.58501174,0.65021055,0.12410841,0.092023514,0.5101755,0.11170836,0.19719154
1tc2_7HP_A_800,0.58501174,0.65021055,0.12410841,0.092023514,0.5101755,0.11170836,0.19719154
1tc2_7HP_B_810,0.58501174,0.65021055,0.12410841,0.092023514,0.5101755,0.11170836,0.19719154
1thc_FL9_A_130,0.58501174,0.65021055,0.12410841,0.092023514,0.5101755,0.11170836,0.19719154
1thc_FL9_A_131,0.58501174,0.65021055,0.12410841,0.092023514,0.5101755,0.11170836,0.19719154
1thc_FL9_B_130,0.58501174,0.65021055,0.12410841,0.092023514,0.5101755,0.11170836,0.19719154
1thc_FL9_B_131,0.58501174,0.65021055,0.12410841,0.092023514,0.5101755,0.11170836,0.19719154
1tiw_TFB_A_2002,0.58501174,0.65021055,0.12410841,0.092023514,0.5101755,0.11170836,0.19719154
1tkh_DPN_A_913,0.58501174,0.65021055,0.12410841,0.092023514,0.5101755,0.11170836,0.19719154
1tkj_MED_A_913,0.58501174,0.65021055,0.12410841,0.092023514,0.5101755,0.11170836,0.19719154
1tl2_NDG_A_237,0.58501174,0.65021055,0.12410841,0.092023514,0.5101755,0.11170836,0.19719154
1tl2_NDG_A_238,0.58501174,0.65021055,0.12410841,0.092023514,0.5101755,0.11170836,0.19719154
1tl2_NDG_A_239,0.58501174,0.65021055,0.12410841,0.092023514,0.5101755,0.11170836,0.19719154
1tl2_NDG_A_240,0.58501174,0.65021055,0.12410841,0.092023514,0.5101755,0.11170836,0.19719154
1tl2_NDG_A_241,0.58501174,0.65021055,0.12410841,0.092023514,0.5101755,0.11170836,0.19719154
1toq_AMG_A_501,0.58501174,0.65021055,0.12410841,0.092023514,0.5101755,0.11170836,0.19719154
1toq_AMG_E_503,0.58501174,0.65021055,0.12410841,0.092023514,0.5101755,0.11170836,0.19719154
1toq_AMG_G_504,0.58501174,0.65021055,0.12410841,0.092023514,0.5101755,0,0.19719154
1tsd_UMP_A_267,0.58501174,0.65021055,0.12410841,0.092023514,0.5101755,0.11170836,0.19719154
1tsd_UMP_B_265,0.58501174,0.65021055,0.12410841,0.092023514,0.5101755,0.11170836,0.19719154
1tt6_DES_A_129,0.58501174,0.65021055,0.12410841,0.092023514,0.5101755,0.11170836,0.19719154
1tuu_PIS_B_2854,0.58501174,0.65021055,0.12410841,0.092023514,0.5101755,0.11170836,0.19719154
1tvw_CB3_A_318,0.58501174,0.65021055,0.12410841,0.092023514,0.5101755,0.11170836,0.19719154
1tvw_UMP_A_317,0.58501174,0.65021055,0.12410841,0.092023514,0.5101755,0.11170836,0.19719154
1u18_HSM_A_401,0.58501174,0.65021055,0.12410841,0.092023514,0.5101755,0.11170836,0.19719154
1u1g_BBB_B_4300,0.58501174,0.65021055,0.12410841,0.092023514,0.5101755,0.11170836,0.19719154
1u1g_BBB_C_5300,0.58501174,0.65021055,0.12410841,0.092023514,0.5101755,0.11170836,0.19719154
1u1g_BBB_D_6300,0.58501174,0.65021055,0.12410841,0.092023514,0.5101755,0.11170836,0.19719154
1u1g_BBB_F_8300,0.58501174,0.65021055,0.12410841,0.092023514,0.5101755,0.11170836,0.19719154
1u2o_NEC_A_1001,0.58501174,0.65021055,0.12410841,0.092023514,0.5101755,0.11170836,0.19719154
1u2o_NEC_B_1002,0.58501174,0.65021055,0.12410841,0.092023514,0.5101755,0.11170836,0.19719154
1u6r_IOM_B_1601,0.58501174,0.65021055,0.12410841,0.092023514,0.5101755,0.11170836,0.19719154
1uay_ADN_A_1001,0.58501174,0.65021055,0.12410841,0.092023514,0.5101755,0.11170836,0.19719154
1uay_ADN_B_1002,0.58501174,0.65021055,0.12410841,0.092023514,0.5101755,0.11170836,0.19719154
1ubs_SER_B_398,0.58501174,0.65021055,0.12410841,0.092023514,0.5101755,0.11170836,0.19719154
1uk7_BUA_A_1300,0.58501174,0.65021055,0.12410841,0.092023514,0.5101755,0.11170836,0.19719154
1um4_SH4_H_1001,0.58501174,0.65021055,0.12410841,0.092023514,0.5101755,0.11170836,0.19719154
1uqx_MMA_A_1116,0.58501174,0.65021055,0.12410841,0.092023514,0.5101755,0.11170836,0.19719154
1uux_PPI_A_1165,0.58501174,0.65021055,0.12410841,0.092023514,0.5101755,0.11170836,0.19719154
1uxi_FUM_A_1311,0.58501174,0.65021055,0.12410841,0.092023514,0.5101755,0.11170836,0.19719154
1uxi_FUM_B_1311,0.58501174,0.65021055,0.12410841,0.092023514,0.5101755,0.11170836,0.19719154
1uxq_G1P_A_1503,0.58501174,0.65021055,0.12410841,0.092023514,0.5101755,0.11170836,0.19719154
1v03_BGC_A_1498,0.58501174,0.65021055,0.12410841,0.092023514,0.5101755,0.11170836,0.19719154
1v5g_HTL_A_1602,0.58501174,0.65021055,0.12410841,0.092023514,0.5101755,0.11170836,0.19719154
1v5y_4HC_A_1455,0.58501174,0.65021055,0.12410841,0.092023514,0.5101755,0.11170836,0.19719154
1v5y_4HC_B_1201,0.58501174,0.65021055,0.12410841,0.092023514,0.5101755,0.11170836,0.19719154
1vje_MSE_A_401,0.58501174,0.65021055,0.12410841,0.092023514,0.5101755,0.11170836,0.19719154
1vkf_CIT_A_501,0.58501174,0.65021055,0.12410841,0.092023514,0.5101755,0.11170836,0.19719154
1vkf_CIT_D_503,0.55196948,0.90373428,0.12410841,0,7.6385723e-06,0.11170836,0.46669202
1vl1_CIT_A_300,0.58501174,0.65021055,0.12410841,0.092023514,0.5101755,0.11170836,0.19719154
1vzd_UFP_A_317,0.58501174,0.65021055,0.12410841,0.092023514,0.5101755,0.11170836,0.19719154
1vzu_UDP_A_1371,0.58501174,0.65021055,0.12410841,0.092023514,0.5101755,0.11170836,0.19719154
1vzu_UDP_B_2371,0.58501174,0.65021055,0.12410841,0.092023514,0.5101755,0.11170836,0.19719154
1w1a_NDG_1_1261,0.58501174,0.65021055,0.12410841,0.092023514,0.5101755,0.11170836,0.19719154
1w1a_NDG_2_1261,0.58501174,0.65021055,0.12410841,0.092023514,0.5101755,0.11170836,0.19719154
1w3t_3GR_B_1297,0.58501174,0.65021055,0.12410841,0.092023514,0.5101755,0.11170836,0.19719154
1w3t_3GR_C_1297,0.58501174,0.65021055,0.12410841,0.092023514,0.5101755,0.11170836,0.19719154
1w55_C_A_1372,0.58501174,0.65021055,0.12410841,0.092023514,0.5101755,0.11170836,0.19719154
1w55_C_A_1373,0.58501174,0.65021055,0.12410841,0.092023514,0.5101755,0.11170836,0.19719154
1w55_GPP_A_1374,0.58501174,0.65021055,0.12410841,0.092023514,0.5101755,0.11170836,0.19719154
1w62_PYC_A_700,0.58501174,0.65021055,0.12410841,0.092023514,0.5101755,0.11170836,0.19719154
1w78_PD8_A_1421,0.58501174,0.65021055,0.12410841,0.092023514,0.5101755,0.11170836,0.19719154
1wc7_PP3_A_1214,0.58501174,0.65021055,0.12410841,0.092023514,0.5101755,0.11170836,0.19719154
1wmz_NGA_C_503,0.58501174,0.65021055,0.12410841,0.092023514,0.5101755,0.11170836,0.19719154
1wq4_TYR_A_501,0.58501174,0.65021055,0.12410841,0.092023514,0.5101755,0.11170836,0.19719154
1x09_IPE_A_901,0.58501174,0.65021055,0.95660742,0.092023514,0.5101755,0.11170836,0.19719154
1x09_IPE_A_902,0.58501174,0.65021055,9.5928046e-07,0.092023514,0.5101755,0.11170836,0.19719154
1x29_PMG_B_1413,0.58501174,0.65021055,0.12410841,0.092023514,0.5101755,0.11170836,0.19719154
1x2a_PDG_A_413,0.58501174,0.65021055,0.12410841,0.092023514,0.5101755,0.11170836,0.19719154
1x7j_GEN_B_202,0.58501174,0.65021055,0.12410841,0.092023514,0.5101755,0.11170836,0.19719154
1x8x_TYR_A_952,0.58501174,0.65021055,0.12410841,0.092023514,0.5101755,0.11170836,0.19719154
1xc7_GL6_A_998,0.58501174,0.65021055,0.12410841,0.092023514,0.5101755,0.11170836,0.19719154
1xdj_HCS_A_1049,0.58501174,0.65021055,0.12410841,0.092023514,0.5101755,0.11170836,0.19719154
1xid_ASC_A_389,0.58501174,0.65021055,0.12410841,0.092023514,0.5101755,0.11170836,0.19719154
1xin_XYL_A_397,0.58501174,0.65021055,0.12410841,0.092023514,0.5101755,0.11170836,0.19719154
1xin_XYL_B_397,0.58501174,0.65021055,0.12410841,0.092023514,0.5101755,0.11170836,0.19719154
1xin_XYL_C_397,0.58501174,0.65021055,0.12410841,0.092023514,0.5101755,0.11170836,0.19719154
1xin_XYL_D_397,0.58501174,0.65021055,0.12410841,0.092023514,0.5101755,0.11170836,0.19719154
1xl0_OX2_A_998,0.58501174,0.65021055,0.12410841,0.092023514,0.5101755,0.11170836,0.19719154
1xny_BTN_A_5602,0.58501174,0.65021055,0.12410841,0.092023514,0.5101755,0.11170836,0.19719154
1xuz_PEP_A_2001,0.58501174,0.65021055,0.12410841,0.092023514,0.5101755,0.11170836,0.19719154
1y2x_NAG_A_144,0.58501174,0.65021055,0.12410841,0.092023514,0.5101755,0.11170836,0.19719154
1y2x_NAG_B_1144,0.58501174,0.65021055,0.12410841,0.092023514,0.5101755,0.11170836,0.19719154
1y2x_NAG_C_2144,0.58501174,0.65021055,0.12410841,0.092023514,0.5101755,0.11170836,0.19719154
1y2x_NAG_D_3144,0.58501174,0.65021055,0.12410841,0.092023514,0.5101755,0.11170836,0.19719154
1y42_TYR_X_701,0.58501174,0.65021055,0.12410841,0.092023514,0.5101755,0.11170836,0.19719154
1y5v_NE8_A_500,0.58501174,0.65021055,0.12410841,0.092023514,0.5101755,0.11170836,0.19719154
1y5x_E89_A_500,0.58501174,0.65021055,0.12410841,0.092023514,0.5101755,0.11170836,0.19719154
1y5x_E89_D_1500,0.58501174,0.65021055,0.12410841,0.092023514,0.5101755,0.11170836,0.19719154
1y8j_STS_A_900,0.58501174,0.65021055,0.12410841,0.092023514,0.5101755,0.11170836,0.19719154
1yee_PNB_H_551,0.58501174,0.65021055,0.12410841,0.092023514,0.5101755,0.11170836,0.19719154
1yik_MM1_A_501,0.58501174,0.65021055,0.12410841,0.092023514,0.5101755,0.11170836,0.19719154
1yw9_A84_A_482,0.58501174,0.65021055,0.12410841,0.092023514,0.5101755,0.11170836,0.19719154
1z11_8MO_C_501,0.58501174,0.65021055,0.12410841,0.092023514,0.5101755,0.11170836,0.19719154
1z4k_T3P_A_4341,0.58501174,0.65021055,0.12410841,0.092023514,0.5101755,0.11170836,0.19719154
1z6k_OAA_A_274,0.58501174,0.65021055,0.12410841,0.092023514,0.5101755,0.11170836,0.19719154
1zb6_DIN_A_401,0.58501174,0.65021055,0.12410841,0.092023514,0.5101755,0.11170836,0.19719154
1zb6_GST_A_502,0,0.91291662,0.12410841,0.072186418,0.52030473,0.11170836,0.32400583
1zdq_MSM_A_1507,0.58501174,0.65021055,0.12410841,0.092023514,0.5101755,0.11170836,0.19719154
1zdq_MSM_B_1508,0.58501174,0.65021055,0.12410841,0.092023514,0.5101755,0.11170836,0.19719154
1zei_CRS_C_56,0.58501174,0.65021055,0.12410841,0.092023514,0.5101755,0.11170836,0.19719154
1zei_CRS_D_54,0.58501174,0.65021055,0.12410841,0.092023514,0.5101755,0.11170836,0.19719154
1zei_CRS_E_54,0.58501174,0.65021055,0.12410841,0.092023514,0.5101755,0.11170836,0.19719154
1zei_CRS_E_55,0.58501174,0.65021055,0.12410841,0.092023514,0.5101755,0.11170836,0.19719154
1zei_CRS_F_54,0.58501174,0.65021055,0.12410841,0.092023514,0.5101755,0.11170836,0.19719154
1zei_CRS_F_55,0.58501174,0.65021055,0.12410841,0.092023514,0.5101755,0.11170836,0.19719154
1zfj_IMP_A_500,0.58501174,0.65021055,0.12410841,0.092023514,0.5101755,0.11170836,0.19719154
1zg3_2HI_A_365,0.58501174,0.65021055,0.12410841,0.092023514,0.5101755,0.11170836,0.19719154
1zha_PEP_A_1268,0.58501174,0.65021055,0.12410841,0.092023514,0.5101755,0.11170836,0.19719154
1zha_PEP_B_2268,0.58501174,0.65021055,0.12410841,0.092023514,0.5101755,0.11170836,0.19719154
1zha_R5P_A_1269,0.58501174,0.65021055,0.12410841,0.092023514,0.5101755,0.11170836,0.19719154
1zjp_DR4_A_1,0.58501174,0.65021055,0.12410841,0.092023514,0.5101755,0.11170836,0.19719154
1zk0_SS2_A_1260,0.58501174,0.65021055,0.12410841,0.092023514,0.5101755,0.11170836,0.19719154
1zmt_RNO_A_1002,0.58501174,0.65021055,0.12410841,0.092023514,0.5101755,0.11170836,0.19719154
1zmt_RNO_B_1001,0.58501174,0.65021055,0.12410841,0.092023514,0.5101755,0.11170836,0.19719154
1zmt_RNO_C_1003,0.58501174,0.65021055,0.12410841,0.092023514,0.5101755,0.11170836,0.19719154
1zmt_RNO_D_1004,0.58501174,0.65021055,0.12410841,0.092023514,0.5101755,0.11170836,0.19719154
1zng_HE4_A_202,0.58501174,0.65021055,0.12410841,0.092023514,0.5101755,0.11170836,0.19719154
1zoy_UQ1_B_1201,0.58501174,0.65021055,0.12410841,0.092023514,0.5101755,0.11170836,0.19719154
1zpd_CIT_A_610,0.58501174,0.65021055,0.12410841,0.092023514,0.5101755,0.11170836,0.19719154
1zpd_CIT_B_610,0.58501174,0.65021055,0.12410841,0.092023514,0.5101755,0.11170836,0.19719154
1zpd_CIT_E_610,0.58501174,0.65021055,0.12410841,0.092023514,0.5101755,0.11170836,0.19719154
1zpd_CIT_F_610,0.58501174,0.65021055,0.12410841,0.092023514,0.5101755,0.11170836,0.19719154
1zuw_DGL_A_1301,0.58501174,0.65021055,0.12410841,0.092023514,0.5101755,0.11170836,0.19719154
1zuw_DGL_B_2301,0.58501174,0.65021055,0.12410841,0.092023514,0.5101755,0.11170836,0.19719154
1zuw_DGL_C_3301,0.58501174,0.65021055,0.12410841,0.092023514,0.5101755,0.11170836,0.19719154
1zwp_NIM_A_401,0.58501174,0.65021055,0.12410841,0.092023514,0.5101755,0.11170836,0.19719154
227l_BNZ_A_169,0.58501174,0.65021055,0.12410841,0.092023514,0.5101755,0.11170836,0.19719154
2a15_NCA_A_1001,0.58501174,0.65021055,0.12410841,0.092023514,0.5101755,0.11170836,0.19719154
2a1m_CAM_A_1422,0.58501174,0.65021055,0.12410841,0.092023514,0.5101755,0.11170836,0.19719154
2a1m_CAM_B_2422,0.58501174,0.65021055,0.12410841,0.092023514,0.5101755,0.11170836,0.19719154
2a5t_GLU_B_2002,0.58501174,0.65021055,0.12410841,0.092023514,0.5101755,0.11170836,0.19719154
2a5t_GLY_A_1001,0.58501174,0.65021055,0.12410841,0.092023514,0.5101755,0.11170836,0.19719154
2a9z_26A_A_1001,0.58501174,0.65021055,0.12410841,0.092023514,0.5101755,0.11170836,0.19719154
2a9z_26A_A_1002,0.58501174,0.65021055,0.12410841,0.092023514,0.5101755,0.11170836,0.19719154
2agw_TSS_D_3001,0.58501174,0.65021055,0.12410841,0.092023514,0.5101755,0.11170836,0.19719154
2agw_TSS_H_2001,0.58501174,0.65021055,0.12410841,0.092023514,0.5101755,0.11170836,0.19719154
2ahc_VNL_A_166,0.58501174,0.65021055,0.12410841,0.092023514,0.5101755,0.11170836,0.19719154
2ahc_VNL_B_266,0.58501174,0.65021055,0.12410841,0.092023514,0.5101755,0.11170836,0.19719154
2ahc_VNL_D_466,0.58501174,0.65021055,0.12410841,0.092023514,0.5101755,0.11170836,0.19719154
2ai1_P1G_A_293,0.58501174,0.65021055,0.12410841,0.092023514,0.5101755,0.11170836,0.19719154
2aiq_BEN_A_401,0.58501174,0.65021055,0.12410841,0.092023514,0.5101755,0.11170836,0.19719154
2ajv_COC_L_501,0.58501174,0.65021055,0.12410841,0.092023514,0.5101755,0.11170836,0.19719154
2ajx_TGN_L_501,0.58501174,0.65021055,0.12410841,0.092023514,0.5101755,0.11170836,0.19719154
2as1_TP5_A_500,0.84014149,0.99355835,0.12410841,0.15124057,0.52654398,0.11170836,0.28039727
2b04_CHO_A_200,0.58501174,0.65021055,0.12410841,0.092023514,0.5101755,0.11170836,0.19719154
2b3f_GAL_A_3310,0.58501174,0.65021055,0.12410841,0.092023514,0.5101755,0.11170836,0.19719154
2b3f_GAL_B_3311,0.58501174,0.65021055,0.12410841,0.092023514,0.5101755,0.11170836,0.19719154
2b3f_GAL_C_3312,0.58501174,0.65021055,0.12410841,0.092023514,0.5101755,0.11170836,0.19719154
2b3f_GAL_D_3313,0.58501174,0.65021055,0.12410841,0.092023514,0.5101755,0.11170836,0.19719154
2b3f_GAL_E_3314,0.58501174,0.65021055,0.12410841,0.092023514,0.5101755,0.11170836,0.19719154
2b3f_GAL_F_3315,0.58501174,0.65021055,0.12410841,0.092023514,0.5101755,0.11170836,0.19719154
2bdg_PBZ_A_301,0.58501174,0.65021055,0.12410841,0.092023514,0.5101755,0.11170836,0.19719154
2bdg_PBZ_B_302,0.58501174,0.65021055,0.12410841,0.092023514,0.5101755,0.11170836,0.19719154
2bf7_HBI_B_1290,0.58501174,0.65021055,0.12410841,0.092023514,0.5101755,0.11170836,0.19719154
2bf7_HBI_C_1290,0.58501174,0.65021055,0.12410841,0.092023514,0.5101755,0.11170836,0.19719154
2bf7_HBI_D_1290,0.58501174,0.65021055,0.12410841,0.092023514,0.5101755,0.11170836,0.19719154
2bgc_DTT_F_1238,0.58501174,0.65021055,0.12410841,0.092023514,0.5101755,0.11170836,0.19719154
2bgc_DTU_A_1238,0.58501174,0.65021055,0,0.092023514,0.5101755,0.11170836,0.19719154
2bk3_FOF_A_1503,0.58501174,0.65021055,0.12410841,0.092023514,0.5101755,0.11170836,0.19719154
2brk_CMF_A_1534,0.58501174,0.65021055,0.12410841,0.092023514,0.5101755,0.11170836,0.19719154
2bs3_CIT_D_1657,0.58501174,0.65021055,0.12410841,0.092023514,0.5101755,0.11170836,0.19719154
2bs8_NAG_A_1177,0.91733601,0.87833032,0.12410841,0.14174893,0.53439824,0.11170836,0.23275391
2bsc_NAG_A_1176,0.58501174,0.65021055,0.12410841,0.092023514,0.5101755,0.11170836,0.19719154
2bx7_34D_B_1313,0.58501174,0.65021055,0.12410841,0.092023514,0.5101755,0.11170836,0.19719154
2bxh_IOS_A_1002,0.58501174,0.65021055,0.12410841,0.092023514,0.5101755,0.11170836,0.19719154
2bxh_IOS_B_1002,0.58501174,0.65021055,0.12410841,0.092023514,0.5101755,0.11170836,0.19719154
2c3d_COM_A_1525,0.58501174,0.65021055,0.12410841,0.092023514,0.5101755,0.11170836,0.19719154
2c3d_COM_A_1526,0.58501174,0.65021055,0.12410841,0.092023514,0.5101755,0.11170836,0.19719154
2c3d_COM_B_1525,0.58501174,0.65021055,0.12410841,0.092023514,0.5101755,0.11170836,0.19719154
2c5b_5F1_A_500,0.58501174,0.65021055,0.12410841,0.092023514,0.5101755,0.11170836,0.19719154
2c5b_5F1_C_500,0.58501174,0.65021055,0.12410841,0.092023514,0.5101755,0.11170836,0.19719154
2c6q_IMP_A_1337,0.58501174,0.65021055,0.12410841,0.092023514,0.5101755,0.11170836,0.19719154
2c6q_IMP_B_1339,0.58501174,0.65021055,0.12410841,0.092023514,0.5101755,0.11170836,0.19719154
2c6q_IMP_C_1337,0.58501174,0.65021055,0.12410841,0.092023514,0.5101755,0.11170836,0.19719154
2c6q_IMP_D_1337,0.58501174,0.65021055,0.12410841,0.092023514,0.5101755,0.11170836,0.19719154
2c6q_IMP_E_1337,0.58501174,0.65021055,0.12410841,0.092023514,0.5101755,0.11170836,0.19719154
2c6q_IMP_G_1338,0.58501174,0.65021055,0.12410841,0.092023514,0.5101755,0.11170836,0.19719154
2c6q_IMP_H_1337,0.58501174,0.65021055,0.12410841,0.092023514,0.5101755,0.11170836,0.19719154
2caq_GSH_A_1208,0.58501174,0.65021055,0.12410841,0.092023514,0.5101755,0.11170836,0.19719154
2ci0_1CM_A_1450,0.58501174,0.65021055,0.12410841,0.092023514,0.5101755,0.11170836,0.19719154
2coj_GBN_A_420,0.58501174,0.65021055,0.12410841,0.092023514,0.5101755,0.11170836,0.19719154
2coj_GBN_B_420,0.58501174,0.65021055,0.12410841,0.092023514,0.5101755,0.11170836,0.19719154
2cxp_A5P_A_1601,0.58501174,0.65021055,0.12410841,0.092023514,0.5101755,0.11170836,0.19719154
2cxp_A5P_B_2601,0.58501174,0.65021055,0.12410841,0.092023514,0.5101755,0.11170836,0.19719154
2d0e_NQ_A_409,0.58501174,0.65021055,0.12410841,0.092023514,0.5101755,0.11170836,0.19719154
2d0e_NQ_A_410,0.58501174,0.65021055,0.12410841,0.092023514,0.5101755,0.11170836,0.19719154
2d1j_D01_A_700,0.58501174,0.65021055,0.12410841,0.092023514,0.5101755,0.11170836,0.19719154
2d20_NPO_B_953,0.58501174,0.65021055,0.12410841,0.092023514,0.5101755,0.11170836,0.19719154
2d3n_GLC_A_608,0.58501174,0.65021055,0.12410841,0.092023514,0.5101755,0.11170836,0.19719154
2dcf_ACA_A_501,0.58501174,0.65021055,0.12410841,0.092023514,0.5101755,0.11170836,0.19719154
2dm5_ODI_A_312,0.58501174,0.65021055,0.12410841,0.092023514,0.5101755,0.11170836,0.19719154
2dv0_ZST_A_600,0.58501174,0.65021055,0.12410841,0.092023514,0.5101755,0.11170836,0.19719154
2e40_LGC_A_1001,0.58501174,0.65021055,0.12410841,0.092023514,0.5101755,0.11170836,0.19719154
2e40_LGC_B_2001,0.58501174,0.65021055,0.12410841,0.092023514,0.5101755,0.11170836,0.19719154
2e56_MYR_A_501,0.58501174,0.65021055,0.12410841,0.092023514,0.5101755,0.11170836,0.19719154
2e56_MYR_A_601,0.58501174,0.65021055,0.12410841,0.092023514,0.5101755,0.11170836,0.19719154
2e56_MYR_A_701,0.58501174,0.65021055,0.12410841,0.092023514,0.5101755,0.11170836,0.19719154
2eb5_OXL_A_2001,0.98917454,0.839325,0.12410841,0.23879304,0.06494912,0.11170836,0.40812057
2eb5_OXL_B_2002,0.58501174,0.65021055,0.12410841,0.092023514,0.5101755,0.11170836,0.19719154
2eb5_OXL_C_2003,0.58501174,0.65021055,0.12410841,0.092023514,0.5101755,0.11170836,0.19719154
2eb5_OXL_E_2005,0.58501174,0.65021055,0.12410841,0.092023514,0.5101755,0.11170836,0.19719154
2ef9_A5P_A_1269,0.58501174,0.65021055,0.12410841,0.092023514,0.5101755,0.11170836,0.19719154
2ef9_A5P_B_2269,0.58501174,0.65021055,0.12410841,0.092023514,0.5101755,0.11170836,0.19719154
2ef9_PEP_A_1268,0.58501174,0.65021055,0.12410841,0.092023514,0.5101755,0.11170836,0.19719154
2ef9_PEP_B_2268,0.58501174,0.65021055,0.12410841,0.092023514,0.5101755,0.11170836,0.19719154
2ei7_D93_A_700,0.58501174,0.65021055,0.12410841,0.092023514,0.5101755,0.11170836,0.19719154
2euq_BVC_A_401,0.58501174,0.65021055,0.12410841,0.092023514,0.5101755,0.11170836,0.19719154
2evd_D10_A_304,0.58501174,0.65021055,0.12410841,0.092023514,0.5101755,0.11170836,0.19719154
2ex1_C5P_A_1427,0.58501174,0.65021055,0.12410841,0.092023514,0.5101755,0.11170836,0.19719154
2exs_TRP_B_2100,0.58501174,0.65021055,0.12410841,0.092023514,0.5101755,0.11170836,0.19719154
2f3s_7GP_A_998,0.58501174,0.65021055,0.12410841,0.092023514,0.5101755,0.11170836,0.19719154
2f64_12Q_A_472,0.58501174,0.65021055,0.12410841,0.092023514,0.5101755,0.11170836,0.19719154
2f64_12Q_B_471,0.58501174,0.65021055,0.12410841,0.092023514,0.5101755,0.11170836,0.19719154
2f78_BEZ_A_1001,0.58501174,0.65021055,0.12410841,0.092023514,0.5101755,0.11170836,0.19719154
2f78_BEZ_A_1003,0.039227747,0.99297058,0.12410841,0.16342479,0.41110663,0.11170836,0.94535438
2f78_BEZ_B_1002,0.58501174,0.65021055,0.12410841,0.092023514,0.5101755,0.11170836,0.19719154
2f78_BEZ_B_1005,0.58501174,0.65021055,0.12410841,0.092023514,0.5101755,0.11170836,0.19719154
2f7x_4EA_E_351,0.97317141,0.96053476,0.12410841,0.10922247,0.73061548,0.11170836,0
2fc0_DGP_A_239,0.58501174,0.65021055,0.12410841,0.092023514,0.5101755,0.11170836,0.19719154
2fcu_AKG_A_897,0.9939544,0.97442057,0.12410841,4.3385945e-39,0.6073523,0.11170836,0.22313106
2fcu_AKG_B_898,0.58501174,0.65021055,0.12410841,0.092023514,0.5101755,0.11170836,0.19719154
2fhk_MFN_A_600,0.58501174,0.65021055,0.12410841,0.092023514,0.5101755,0.11170836,0.19719154
2fhk_MFN_B_602,0.58501174,0.65021055,0.12410841,0.092023514,0.5101755,0.11170836,0.19719154
2fhk_MFN_C_601,0.58501174,0.65021055,0.12410841,0.092023514,0.5101755,0.11170836,0.19719154
2fib_GLY_B_2,0.58501174,0.65021055,0.12410841,0.092023514,0.5101755,0.11170836,0.19719154
2fkm_G16_X_464,0.58501174,0.65021055,0.12410841,0.092023514,0.5101755,0.11170836,0.19719154
2fr6_CTN_A_1001,0.58501174,0.65021055,0.12410841,0.092023514,0.5101755,0.11170836,0.19719154
2fr6_CTN_C_1003,0.58501174,0.65021055,0.12410841,0.092023514,0.5101755,0.11170836,0.19719154
2fr6_CTN_D_1004,0.58501174,0.65021055,0.12410841,0.092023514,0.5101755,0.11170836,0.19719154
2fr6_URI_B_1002,0.58501174,0.65021055,0.12410841,0.092023514,0.5101755,0.11170836,0.19719154
2fu9_MP2_B_2410,0.58501174,0.65021055,0.12410841,0.092023514,0.5101755,0.11170836,0.19719154
2fyd_BGC_B_403,0.58501174,0.65021055,0.12410841,0.092023514,0.5101755,0.11170836,0.19719154
2fyd_BGC_D_530,0,0.98317917,0.12410841,1.1270297e-54,0.5797359,0.11170836,0.31868041
2fyd_NGA_B_404,0.58501174,0.65021055,0.12410841,0.092023514,0.5101755,0.11170836,0.19719154
2fyd_NGA_D_529,0.58501174,0.65021055,0.12410841,0.092023514,0.5101755,0.11170836,0.19719154
2fz8_ZST_A_600,0.58501174,0.65021055,0.12410841,0.092023514,0.5101755,0.11170836,0.19719154
2fzb_TOL_A_600,0.58501174,0.65021055,0.12410841,0.092023514,0.5101755,0.11170836,0.19719154
2fzb_TOL_A_800,0.58501174,0.65021055,0.12410841,0.092023514,0.5101755,0.11170836,0.19719154
2fzb_TOL_A_900,0.58501174,0.65021055,0.12410841,0.092023514,0.5101755,0.11170836,0.19719154
2g21_L1B_A_885,0.58501174,0.65021055,0.12410841,0.092023514,0.5101755,0.11170836,0.19719154
2g5v_22M_A_301,0.58501174,0.65021055,0.12410841,0.092023514,0.5101755,0.11170836,0.19719154
2g8t_MI2_A_401,0.58501174,0.65021055,0.12410841,0.092023514,0.5101755,0.11170836,0.19719154
2g9z_VNP_A_602,0.58501174,0.65021055,0.12410841,0.092023514,0.5101755,0.11170836,0.19719154
2g9z_VNP_B_601,0.58501174,0.65021055,0.12410841,0.092023514,0.5101755,0.11170836,0.19719154
2giq_NN2_A_1001,0.58501174,0.65021055,0.12410841,0.092023514,0.5101755,0.11170836,0.19719154
2giq_NN2_B_2001,0.58501174,0.65021055,0.12410841,0.092023514,0.5101755,0.11170836,0.19719154
2gn2_C5P_A_400,0.58501174,0.65021055,0.12410841,0.092023514,0.5101755,0.11170836,0.19719154
2gnm_MAN_A_253,0.58501174,0.65021055,0.12410841,0.092023514,0.5101755,0.11170836,0.19719154
2gx5_PCG_C_514,0.58501174,0.65021055,0.12410841,0.092023514,0.5101755,0.11170836,0.19719154
2gyv_HBP_A_1409,0.58501174,0.65021055,0.12410841,0.092023514,0.5101755,0.11170836,0.19719154
2gyv_HBP_B_545,0.58501174,0.65021055,0.12410841,0.092023514,0.5101755,0.11170836,0.19719154
2gyw_OBI_A_952,0.58501174,0.65021055,0.12410841,0.092023514,0.5101755,0.11170836,0.19719154
2gzm_DGL_A_501,0.58501174,0.65021055,0.12410841,0.092023514,0.5101755,0.11170836,0.19719154
2gzm_DGL_B_502,0.58501174,0.65021055,0.12410841,0.092023514,0.5101755,0.11170836,0.19719154
2gzm_DGL_C_503,0.58501174,0.65021055,0.12410841,0.092023514,0.5101755,0.11170836,0.19719154
2hdk_COI_B_900,0.58501174,0.65021055,0.12410841,0.092023514,0.5101755,0.11170836,0.19719154
2hi4_BHF_A_800,0.58501174,0.65021055,0.12410841,0.092023514,0.5101755,0,0.19719154
2hjp_PPR_A_291,0.5864362,0,0.12410841,0.1187235,0,0.11170836,0.20010191
2hs3_FGR_A_2166,0.58501174,0.65021055,0.12410841,0.092023514,0.5101755,0.11170836,0.19719154
2ht8_G39_A_800,0.58501174,0.65021055,0.12410841,0.092023514,0.5101755,0.11170836,0.19719154
2htu_BCZ_A_801,0.58501174,0.65021055,0.12410841,0.092023514,0.5101755,0.11170836,0.19719154
2i1v_F6P_B_720,0.58501174,0.65021055,0.12410841,0.092023514,0.5101755,0.11170836,0.19719154
2i1v_FDP_B_710,0.58501174,0.65021055,0.12410841,0.092023514,0.5101755,0.11170836,0.19719154
2i6p_4NP_A_401,0.96173383,0.90016554,0.12410841,0.25693568,0.00016037917,0.11170836,0.45649949
2iht_TPP_B_600,0.8056644,0.97450066,0.12410841,0.08233785,0.83624315,0.11170836,0.14801867
2iht_TPP_D_600,0.58501174,0.65021055,0.12410841,0.092023514,0.5101755,0.11170836,0.19719154
2ij7_TPF_C_2471,0.58501174,0.65021055,0.12410841,0.092023514,0.5101755,0.11170836,0.19719154
2ij7_TPF_D_2473,0.58501174,0.65021055,0.12410841,0.092023514,0.5101755,0.11170836,0.19719154
2ij7_TPF_F_2474,0.58501174,0.65021055,0.12410841,0.092023514,0.5101755,0.11170836,0.19719154
2ipf_FFA_A_3,0.58501174,0.65021055,0.12410841,0.092023514,0.5101755,0.11170836,0.19719154
2isf_PAC_A_317,0.58501174,0.65021055,0.12410841,0.092023514,0.5101755,0.11170836,0.19719154
2ixi_TYD_A_1182,0.58501174,0.65021055,0.12410841,0.092023514,0.5101755,0.11170836,0.19719154
2ixi_TYD_B_1182,0.58501174,0.65021055,0.12410841,0.092023514,0.5101755,0.11170836,0.19719154
2iyq_SKM_A_201,0.58501174,0.65021055,0.12410841,0.092023514,0.5101755,0.11170836,0.19719154
2izf_BTN_B_300,0.58501174,0.65021055,0.12410841,0.092023514,0.5101755,0.11170836,0.19719154
2izf_BTN_D_301,0.58501174,0.65021055,0.12410841,0.092023514,0.5101755,0.11170836,0.19719154
2j1s_FUL_A_1153,0.58501174,0.65021055,0.12410841,0.092023514,0.5101755,0.11170836,0.19719154
2j1s_FUL_B_1153,0.58501174,0.65021055,0.12410841,0.092023514,0.5101755,0.11170836,0.19719154
2j51_DKI_A_1314,0.58501174,0.65021055,0.12410841,0.092023514,0.5101755,0.11170836,0.19719154
2j5b_TYE_A_1336,0.58501174,0.65021055,0.12410841,0.092023514,0.5101755,0.11170836,0.19719154
2j5b_TYE_B_1338,0.58501174,0.65021055,0.12410841,0.092023514,0.5101755,0.11170836,0.19719154
2j9e_AKG_C_1119,0.58501174,0.65021055,0.12410841,0.092023514,0.5101755,0.11170836,0.19719154
2jfv_FLC_A_1271,0.58501174,0.65021055,0.12410841,0.092023514,0.5101755,0.11170836,0.19719154
2jhp_GUN_A_1647,0.58501174,0.65021055,0.12410841,0.092023514,0.5101755,0.11170836,0.19719154
2jhp_GUN_A_1648,0.58501174,0.65021055,0.12410841,0.092023514,0.5101755,0.11170836,0.19719154
2ji6_TPW_A_1566,0.58501174,0.65021055,0.12410841,0.092023514,0.5101755,0.11170836,0.19719154
2ji6_TPW_B_1566,0.58501174,0.65021055,0.12410841,0.092023514,0.5101755,0.11170836,0.19719154
2jig_PD2_A_1254,0.58501174,0.65021055,0.12410841,0.092023514,0.5101755,0.11170836,0.19719154
2nos_AGU_A_903,0.58501174,0.65021055,0.12410841,0.092023514,0.5101755,0.11170836,0.19719154
2npq_BOG_A_1000,0.58501174,0.65021055,0.12410841,0.092023514,0.5101755,0.11170836,0.19719154
2npq_BOG_A_2000,0,0.94598589,0.12410841,0.075840082,0.52180537,0.11170836,0.33401452
2nry_STU_A_504,0.58501174,0.65021055,0.12410841,0.092023514,0.5101755,0.11170836,0.19719154
2nry_STU_C_503,0.58501174,0.65021055,0.12410841,0.092023514,0.5101755,0.11170836,0.19719154
2nry_STU_D_501,0.58501174,0.65021055,0.12410841,0.092023514,0.5101755,0.11170836,0.19719154
2ntk_IMP_A_205,0.58501174,0.65021055,0.12410841,0.092023514,0.5101755,0.11170836,0.19719154
2ntk_IMP_B_206,0.56760351,0,0.12410841,0,0.50050421,0.11170836,0
2ntk_IMP_C_207,0.58501174,0.65021055,0.12410841,0.092023514,0.5101755,0.11170836,0.19719154
2ntk_IMP_D_208,0.58501174,0.65021055,0.12410841,0.092023514,0.5101755,0.11170836,0.19719154
2nu7_COA_B_1025,0.58501174,0.65021055,0.12410841,0.092023514,0.5101755,0.11170836,0.19719154
2nu7_COA_B_1325,0.58501174,0.65021055,0.12410841,0.092023514,0.5101755,0.11170836,0.19719154
2nu7_COA_E_1025,0.58501174,0.65021055,0.12410841,0.092023514,0.5101755,0.11170836,0.19719154
2nu7_COA_E_1325,0.58501174,0.65021055,0.12410841,0.092023514,0.5101755,0.11170836,0.19719154
2nz5_226_A_431,0.58501174,0.65021055,0.12410841,0.092023514,0.5101755,0.11170836,0.19719154
2nz5_226_A_432,0.58501174,0.65021055,0.12410841,0.092023514,0.5101755,0.11170836,0.19719154
2o1o_RIS_A_400,0.58501174,0.65021055,0.12410841,0.092023514,0.5101755,0.11170836,0.19719154
2o1o_RIS_B_400,0.58501174,0.65021055,0.12410841,0.092023514,0.5101755,0.11170836,0.19719154
2o7b_HC4_A_701,0.58501174,0.65021055,0.12410841,0.092023514,0.5101755,0.11170836,0.19719154
2o7b_HC4_C_701,0.58501174,0.65021055,0.12410841,0.092023514,0.5101755,0.11170836,0.19719154
2o7b_HC4_D_701,0.58501174,0.65021055,0.12410841,0.092023514,0.5101755,0.11170836,0.19719154
2o7b_HC4_E_701,0.58501174,0.65021055,0.12410841,0.092023514,0.5101755,0.11170836,0.19719154
2o7b_HC4_G_701,0.58501174,0.65021055,0.12410841,0.092023514,0.5101755,0.11170836,0.19719154
2o7d_DHC_A_701,0.58501174,0.65021055,0.12410841,0.092023514,0.5101755,0.11170836,0.19719154
2o7d_DHC_B_701,0.58501174,0.65021055,0.12410841,0.092023514,0.5101755,0.11170836,0.19719154
2o7d_DHC_G_701,0.58501174,0.65021055,0.12410841,0.092023514,0.5101755,0.11170836,0.19719154
2oci_TYC_A_401,0.58501174,0.65021055,0.12410841,0.092023514,0.5101755,0.11170836,0.19719154
2okk_ABU_A_585,0.58501174,0.65021055,0.12410841,0.092023514,0.5101755,0.11170836,0.19719154
2ot7_OGA_A_500,0.58501174,0.65021055,0.12410841,0.092023514,0.5101755,0.11170836,0.19719154
2ot7_OGA_B_500,0.58501174,0.65021055,0.12410841,0.092023514,0.5101755,0.11170836,0.19719154
2oxp_THP_A_300,0.58501174,0.65021055,0.12410841,0.092023514,0.5101755,0.11170836,0.19719154
2p1e_LAC_A_303,0.58501174,0.65021055,0.12410841,0.092023514,0.5101755,0.11170836,0.19719154
2pd5_ZST_A_600,0.58501174,0.65021055,0.12410841,0.092023514,0.5101755,0.11170836,0.19719154
2pin_LEG_A_501,0.58501174,0.65021055,0.12410841,0.092023514,0.5101755,0.11170836,0.19719154
2pin_LEG_B_502,0.58501174,0.65021055,0.12410841,0.092023514,0.5101755,0.11170836,0.19719154
2pir_NK_A_933,0.58501174,0.65021055,0.12410841,0.092023514,0.5101755,0.11170836,0.19719154
2prg_BRL_A_1,0.58501174,0.65021055,0.12410841,0.092023514,0.5101755,0.11170836,0.19719154
2prg_BRL_B_2,0.58501174,0.65021055,0.12410841,0.092023514,0.5101755,0.11170836,0.19719154
2prl_ORO_A_399,0.58501174,0.65021055,0.12410841,0.092023514,0.5101755,0.11170836,0.19719154
2prl_R2C_A_400,0.58501174,0.65021055,0.12410841,0.092023514,0.5101755,0.11170836,0.19719154
2pt6_S4M_A_501,0.58501174,0.65021055,0.12410841,0.092023514,0.5101755,0.11170836,0.19719154
2pt6_S4M_B_502,0.58501174,0.65021055,0.12410841,0.092023514,0.5101755,0.11170836,0.19719154
2pt6_S4M_C_503,0.93775205,0.95214038,0.12410841,0.3019427,0,0.11170836,0.98222283
2pvy_ACP_A_802,0.58501174,0.65021055,0.12410841,0.092023514,0.5101755,0.11170836,0.19719154
2pvy_ACP_D_802,0.58501174,0.65021055,0.12410841,0.092023514,0.5101755,0.11170836,0.19719154
2pwf_BGC_D_9999,0.58501174,0.65021055,0.12410841,0.092023514,0.5101755,0.11170836,0.19719154
2pye_7PE_A_504,0.58501174,0.65021055,0.12410841,0.092023514,0.5101755,0.11170836,0.19719154
2q1a_2KT_X_295,0.58501174,0.65021055,0.12410841,0.092023514,0.5101755,0.11170836,0.19719154
2q28_TPP_A_4001,0.58501174,0.65021055,0.12410841,0.092023514,0.5101755,0.11170836,0.19719154
2q28_TPP_B_5001,0.58501174,0.65021055,0.12410841,0.092023514,0.5101755,0.11170836,0.19719154
2q6m_P34_A_1002,0.58501174,0.65021055,0.12410841,0.092023514,0.5101755,0.11170836,0.19719154
2qab_EI1_A_1,0.58501174,0.65021055,0.12410841,0.092023514,0.5101755,0.11170836,0.19719154
2qb3_PMP_A_700,0.58501174,0.65021055,0.12410841,0.092023514,0.5101755,0.11170836,0.19719154
2qb4_DSM_A_801,0.58501174,0.65021055,0.12410841,0.092023514,0.5101755,0.11170836,0.19719154
2qb4_DSM_A_802,0.58501174,0.65021055,0.12410841,0.092023514,0.5101755,0.11170836,0.19719154
2qb4_LEU_A_601,0.58501174,0.65021055,0.12410841,0.092023514,0.5101755,0.11170836,0.19719154
2qca_DGP_A_200,0.58501174,0.65021055,0.12410841,0.092023514,0.5101755,0.11170836,0.19719154
2qca_DGP_A_300,0.58501174,0.65021055,0.12410841,0.092023514,0.5101755,0.11170836,0.19719154
2qcx_PF1_A_300,0.58501174,0.65021055,0.12410841,0.092023514,0.5101755,0.11170836,0.19719154
2qcx_PF1_B_300,0.58501174,0.65021055,0.12410841,0.092023514,0.5101755,0.11170836,0.19719154
2qd1_CHD_D_802,0.58501174,0.65021055,0.12410841,0.092023514,0.5101755,0.11170836,0.19719154
2qd4_CHD_A_801,0.58501174,0.65021055,0.12410841,0.092023514,0.5101755,0.11170836,0.19719154
2qd4_CHD_A_802,0.58501174,0.65021055,0.12410841,0.092023514,0.5101755,0.11170836,0.19719154
2qd4_CHD_A_803,0.58501174,0.65021055,0.12410841,0.092023514,0.5101755,0.11170836,0.19719154
2qd4_CHD_B_926,0.58501174,0.65021055,0.12410841,0.092023514,0.5101755,0.11170836,0.19719154
2qd4_CHD_B_927,0.58501174,0.65021055,0.12410841,0.092023514,0.5101755,0.11170836,0.19719154
2qd4_CHD_B_928,0.58501174,0.65021055,0.12410841,0.092023514,0.5101755,0.11170836,0.19719154
2qg6_NMN_A_301,0.58501174,0.65021055,0.12410841,0.092023514,0.5101755,0.11170836,0.19719154
2qgw_EES_A_1,0.58501174,0.65021055,0.12410841,0.092023514,0.5101755,0.11170836,0.19719154
2qgw_EES_B_1,0.58501174,0.65021055,0.12410841,0.092023514,0.5101755,0.11170836,0.19719154
2qhv_OC9_A_1001,0.58501174,0.65021055,0.12410841,0.092023514,0.5101755,0.11170836,0.19719154
2qim_ZEA_A_159,0.58501174,0.65021055,0.12410841,0.092023514,0.5101755,0.11170836,0.19719154
2qim_ZEA_A_160,0.58501174,0.65021055,0.12410841,0.092023514,0.5101755,0.11170836,0.19719154
2qim_ZEA_A_161,0.58501174,0.65021055,0.12410841,0.092023514,0.5101755,0.11170836,0.19719154
2qim_ZEA_A_162,0.58501174,0.65021055,0.12410841,0.092023514,0.5101755,0.11170836,0.19719154
2qs2_UBF_A_603,0.58501174,0.65021055,0.12410841,0.092023514,0.5101755,0.11170836,0.19719154
2qs2_UBF_B_602,0.58501174,0.65021055,0.12410841,0.092023514,0.5101755,0.11170836,0.19719154
2qse_1HP_A_1,0.58501174,0.65021055,0.12410841,0.092023514,0.5101755,0.11170836,0.19719154
2qui_LTN_A_501,0.58501174,0.65021055,0.12410841,0.092023514,0.5101755,0.11170836,0.19719154
2qui_LTN_B_478,0.58501174,0.65021055,0.12410841,0.092023514,0.5101755,0.11170836,0.19719154
2qvr_FDP_A_333,0.58501174,0.65021055,0.12410841,0.092023514,0.5101755,0.11170836,0.19719154
2qx4_ML1_A_233,0.58501174,0.65021055,0.12410841,0.092023514,0.5101755,0.11170836,0.19719154
2qx4_ML1_B_233,0.58501174,0.65021055,0.12410841,0.092023514,0.5101755,0.11170836,0.19719154
2qx9_ML2_A_233,0.58501174,0.65021055,0.12410841,0.092023514,0.5101755,0.11170836,0.19719154
2qx9_ML2_A_234,0.58501174,0.65021055,0.12410841,0.092023514,0.5101755,0.11170836,0.19719154
2qxf_TMP_A_3000,0.58501174,0.65021055,0.12410841,0.092023514,0.5101755,0.11170836,0.19719154
2r0g_7CK_A_1355,0.99235832,0.98968096,0.12410841,0.070659682,0.97860672,0.11170836,0.078919864
2r3d_ACM_A_303,0.58501174,0.65021055,0.12410841,0.092023514,0.5101755,0.11170836,0.19719154
2r4j_13P_A_1968,0.58501174,0.65021055,0.12410841,0.092023514,0.5101755,0.11170836,0.19719154
2r4t_250_A_503,1.2679296e-07,0,0.12410841,0,0.47479965,0.11170836,0.049920121
2r5e_QLP_A_430,0.58501174,0.65021055,0.12410841,0.092023514,0.5101755,0.11170836,0.19719154
2r5e_QLP_B_430,0.58501174,0.65021055,0.12410841,0.092023514,0.5101755,0.11170836,0.19719154
2rbx_3AY_X_2001,0.58501174,0.65021055,0.12410841,0.092023514,0.5101755,0.11170836,0.19719154
2rhx_MLY_A_537,0.58501174,0.65021055,0.12410841,0.092023514,0.5101755,0.11170836,0.19719154
2ri1_GLP_A_234,0.80477916,0.89474045,0.12410841,0.93365872,0.32933184,0.11170836,0.42586823
2ri1_GLP_B_234,0.58501174,0.65021055,0.12410841,0.092023514,0.5101755,0.11170836,0.19719154
2rtn_IMI_B_300,0.58501174,0.65021055,0.12410841,0.092023514,0.5101755,0.11170836,0.19719154
2rtn_IMI_D_300,0.58501174,0.65021055,0.12410841,0.092023514,0.5101755,0.11170836,0.19719154
2tmk_ATM_A_217,0.58501174,0.65021055,0.12410841,0.092023514,0.5101755,0.11170836,0.19719154
2tmk_ATM_B_217,0.58501174,0.65021055,0.12410841,0.092023514,0.5101755,0.11170836,0.19719154
2uuj_896_B_1250,0.58501174,0.65021055,0.12410841,0.092023514,0.5101755,0.11170836,0.19719154
2uyv_TLA_A_1275,0.58501174,0.65021055,0.12410841,0.092023514,0.5101755,0.11170836,0.19719154
2uyv_TLA_A_1277,0.58501174,0.65021055,0.12410841,0.092023514,0.5101755,0.11170836,0.19719154
2uyv_TLA_B_1275,0.58501174,0.65021055,0.12410841,0.092023514,0.5101755,0.11170836,0.19719154
2uyv_TLA_C_1275,0.58501174,0.65021055,0.12410841,0.092023514,0.5101755,0.11170836,0.19719154
2uyv_TLA_D_1275,0.58501174,0.65021055,0.12410841,0.092023514,0.5101755,0.11170836,0.19719154
2uza_HTL_B_1236,0.58501174,0.65021055,0.12410841,0.092023514,0.5101755,0,0.19719154
2v32_BEZ_B_1220,0.58501174,0.65021055,0.12410841,0.092023514,0.5101755,0.11170836,0.19719154
2v32_BEZ_D_1221,0.58501174,0.65021055,0.12410841,0.092023514,0.5101755,0.11170836,0.19719154
2v60_C17_A_1503,0.58501174,0.65021055,0.12410841,0.092023514,0.5101755,0.11170836,0.19719154
2v60_C17_B_1498,0.58501174,0.65021055,0.12410841,0.092023514,0.5101755,0.11170836,0.19719154
2v7o_DRN_A_1303,0.58501174,0.65021055,0.12410841,0.092023514,0.5101755,0.11170836,0.19719154
2vez_G6P_A_202,0.58501174,0.65021055,0.12410841,0.092023514,0.5101755,0.11170836,0.19719154
2vjb_CCD_A_1539,0.58501174,0.65021055,0.12410841,0.092023514,0.5101755,0.11170836,0.19719154
2vjb_CCD_A_1540,0.58501174,0.65021055,0.12410841,0.092023514,0.5101755,0.11170836,0.19719154
2vjb_CCD_B_1539,0.58501174,0.65021055,0.12410841,0.092023514,0.5101755,0.11170836,0.19719154
2vjb_CCD_B_1540,0.58501174,0.65021055,0.12410841,0.092023514,0.5101755,0.11170836,0.19719154
2vkg_CF4_A_1064,0.58501174,0.65021055,0.12410841,0.092023514,0.5101755,0.11170836,0.19719154
2vlf_PLI_B_1459,0.58501174,0.65021055,0.12410841,0.092023514,0.5101755,0.11170836,0.19719154
2vmp_PLP_A_501,0.58501174,0.65021055,0.12410841,0.092023514,0.5101755,0.11170836,0.19719154
2vmw_PLP_A_501,0.58501174,0.65021055,0.12410841,0.092023514,0.5101755,8.5169984e-07,0.19719154
2vp5_DCZ_A_1210,0.58501174,0.65021055,0.12410841,0.092023514,0.5101755,0.11170836,0.19719154
2vp5_DCZ_B_1210,0.58501174,0.65021055,0.12410841,0.092023514,0.5101755,0.11170836,0.19719154
2vss_V55_D_1250,0.58501174,0.65021055,0.12410841,0.092023514,0.5101755,0.11170836,0.19719154
2vsu_V55_D_1251,0.58501174,0.65021055,0.12410841,0.092023514,0.5101755,0.11170836,0.19719154
2vzu_PNJ_A_1901,0.58501174,0.65021055,0.12410841,0.092023514,0.5101755,0.11170836,0.19719154
2vzu_PNJ_B_1904,0.58501174,0.65021055,0.12410841,0.092023514,0.5101755,0.11170836,0.19719154
2w0b_CMW_A_1450,0.58501174,0.65021055,0.12410841,0.092023514,0.5101755,0.11170836,0.19719154
2w1a_TSA_C_1091,0.58501174,0.65021055,0.12410841,0.092023514,0.5101755,0.11170836,0.19719154
2w1a_TSA_D_1091,0.58501174,0.65021055,0.12410841,0.092023514,0.5101755,0.11170836,0.19719154
2w7k_PLP_A_501,0.58501174,0.65021055,0.12410841,0.092023514,0.5101755,0.11170836,0.19719154
2wch_B7M_A_1145,0.58501174,0.65021055,0.12410841,0.092023514,0.5101755,0.11170836,0.19719154
2wd2_MS5_A_1263,0.58501174,0.65021055,0.12410841,0.092023514,0.5101755,0.11170836,0.19719154
2wdq_CBE_C_1130,0.58501174,0.65021055,0.12410841,0.092023514,0.5101755,0.11170836,0.19719154
2wdq_CBE_G_1130,0.99426637,0.98345321,0.12410841,0.11265958,0.73518917,0.11170836,0
2wdq_CBE_K_1130,0.58501174,0.65021055,0.12410841,0.092023514,0.5101755,0.11170836,0.19719154
2wdq_TEO_A_1589,0.56001841,0.6876402,0.12410841,0,0.56778385,0.11170836,0.18322423
2wdq_TEO_E_1589,0.58501174,0.65021055,0.12410841,0.092023514,0.5101755,0.11170836,0.19719154
2whq_HI6_A_1543,0.58501174,0.65021055,0.12410841,0.092023514,0.5101755,0.11170836,0.19719154
2wj4_HQD_A_1281,0.58501174,0.65021055,0.12410841,0.092023514,0.5101755,0.11170836,0.19719154
2wj4_HQD_C_1277,0.58501174,0.65021055,0.12410841,0.092023514,0.5101755,0.11170836,0.19719154
2wj4_HQD_D_1278,0.58501174,0.65021055,0.12410841,0.092023514,0.5101755,0.11170836,0.19719154
2wu4_HBP_B_1545,0.58501174,0.65021055,0.12410841,0.092023514,0.5101755,0.11170836,0.19719154
2wzh_NGO_A_1589,0.98786212,0.98723503,0.12410841,0.066846265,0.99405449,0.11170836,0.07213285
2wzv_FMN_A_801,0.58501174,0.65021055,0.12410841,0.092023514,0.5101755,0.11170836,0.19719154
2wzv_FMN_B_801,0.58501174,0.65021055,0.12410841,0.092023514,0.5101755,0.11170836,0.19719154
2x05_X05_A_1900,0.58501174,0.65021055,0.12410841,0.092023514,0.5101755,0.11170836,0.19719154
2x05_X05_B_1900,0.58501174,0.65021055,0.12410841,0.092023514,0.5101755,0.11170836,0.19719154
2x0u_X0U_B_1291,0.58501174,0.65021055,0.12410841,0.092023514,0.5101755,0.11170836,0.19719154
2x6o_2TC_A_1209,0.58501174,0.65021055,0.12410841,0.092023514,0.5101755,0.11170836,0.19719154
2xh0_PEP_A_1440,0.58501174,0.65021055,0.12410841,0.092023514,0.5101755,0.11170836,0.19719154
2xh0_PEP_B_1440,0.58501174,0.65021055,0.12410841,0.092023514,0.5101755,0.11170836,0.19719154
2xhk_AKG_A_519,0.58501174,0.65021055,0.12410841,0.092023514,0.5101755,0.11170836,0.19719154
2xhk_AKG_B_519,0.58501174,0.65021055,0.12410841,0.092023514,0.5101755,0.11170836,0.19719154
2xmi_FLC_A_1379,0,0.9611541,0.12410841,0,0.57760157,0.11170836,0.31256599
2xoz_AMP_B_1664,0.58501174,0.65021055,0.12410841,0.092023514,0.5101755,0.11170836,0.19719154
2xta_TPP_B_2001,0.58501174,0.65021055,0.12410841,0.092023514,0.5101755,0.11170836,0.19719154
2xta_TPP_C_2001,0.58501174,0.65021055,0.12410841,0.092023514,0.5101755,0.11170836,0.19719154
2xta_TPP_D_2001,0.58501174,0.65021055,0.12410841,0.092023514,0.5101755,0.11170836,0.19719154
2xul_AKG_A_201,0.58501174,0.65021055,0.12410841,0.092023514,0.5101755,0.11170836,0.19719154
2xul_AKG_C_201,0.58501174,0.65021055,0.12410841,0.092023514,0.5101755,0.11170836,0.19719154
2xul_AKG_E_201,0.55749831,0.9127243,0.12410841,1.0144204e-70,0.58963011,0.11170836,0.24573435
2xul_AKG_F_201,0.58501174,0.65021055,0.12410841,0.092023514,0.5101755,0.11170836,0.19719154
2xya_7L4_A_1181,0.58501174,0.65021055,0.12410841,0.092023514,0.5101755,0.11170836,0.19719154
2xyj_WLM_A_1442,0.58501174,0.65021055,0.12410841,0.092023514,0.5101755,0.11170836,0.19719154
2xyj_WLM_B_1441,0.58501174,0.65021055,0.12410841,0.092023514,0.5101755,0.11170836,0.19719154
2xyj_WLM_B_1442,0.58501174,0.65021055,0.12410841,0.092023514,0.5101755,0.11170836,0.19719154
2y00_Y00_A_601,0.58501174,0.65021055,0.12410841,0.092023514,0.5101755,0.11170836,0.19719154
2y00_Y00_B_601,0.58501174,0.65021055,0.12410841,0.092023514,0.5101755,0.11170836,0.19719154
2y2f_YI1_A_1469,0.58501174,0.65021055,0.12410841,0.092023514,0.5101755,0.11170836,0.19719154
2y4j_LAC_B_400,0.58501174,0.65021055,0.12410841,0.092023514,0.5101755,4.9272776e-05,0.19719154
2y5a_3AP_A_1295,0.58501174,0.65021055,0.12410841,0.092023514,0.5101755,0.11170836,0.19719154
2ye5_2A7_A_1224,0.58501174,0.65021055,0.12410841,0.092023514,0.5101755,0.11170836,0.19719154
2yi6_6QM_A_1225,0.58501174,0.65021055,0.12410841,0.092023514,0.5101755,0.11170836,0.19719154
2yjd_YJD_A_1498,0.58501174,0.65021055,0.12410841,0.092023514,0.5101755,0.11170836,0.19719154
2yjd_YJD_B_1498,0.58501174,0.65021055,0.12410841,0.092023514,0.5101755,0.11170836,0.19719154
2ynf_WHU_A_1563,0.58501174,0.65021055,0.12410841,0.092023514,0.5101755,0.11170836,0.19719154
2yp6_C6W_B_1186,0.58501174,0.65021055,0.12410841,0.092023514,0.5101755,0.11170836,0.19719154
2z1z_MLT_A_433,0.58501174,0.65021055,0.12410841,0.092023514,0.5101755,0.11170836,0.19719154
2z20_PLP_A_701,0.58501174,0.65021055,0.12410841,0.092023514,0.5101755,0.11170836,0.19719154
2z20_PLP_B_801,0.58501174,0.65021055,0.12410841,0.092023514,0.5101755,0.11170836,0.19719154
2z48_A2G_A_1001,0.58501174,0.65021055,0.12410841,0.092023514,0.5101755,0.11170836,0.19719154
2z48_A2G_A_1005,0.58501174,0.65021055,0.12410841,0.092023514,0.5101755,0.11170836,0.19719154
2z48_A2G_B_2001,0.58501174,0.65021055,4.3745577e-63,0.092023514,0.5101755,0.11170836,0.19719154
2z48_A2G_B_2005,0.58501174,0.65021055,0.12410841,0.092023514,0.5101755,0.11170836,0.19719154
2z48_NGA_A_1002,0.58501174,0.65021055,0.12410841,0.092023514,0.5101755,0.11170836,0.19719154
2z48_NGA_A_1003,0.58501174,0.65021055,0.12410841,0.092023514,0.5101755,0.11170836,0.19719154
2z48_NGA_A_1004,0.58501174,0.65021055,0.12410841,0.092023514,0.5101755,0.11170836,0.19719154
2z48_NGA_B_2002,0.58501174,0.65021055,0.12410841,0.092023514,0.5101755,0.11170836,0.19719154
2z48_NGA_B_2003,0.58501174,0.65021055,0.12410841,0.092023514,0.5101755,0.11170836,0.19719154
2z48_NGA_B_2004,0.58501174,0.65021055,0.12410841,0.092023514,0.5101755,0.11170836,0.19719154
2z48_NGA_B_2006,0.58501174,0.65021055,0.12410841,0.092023514,0.5101755,0.11170836,0.19719154
2z6j_TUI_A_501,0.58501174,0.65021055,0.12410841,0.092023514,0.5101755,0.11170836,0.19719154
2z6j_TUI_B_502,0.58501174,0.65021055,0.12410841,0.092023514,0.5101755,0.11170836,0.19719154
2z7s_P01_A_1,0.59741794,0.95488661,0.12410841,0.2122803,0.10142447,0.11170836,0.46211748
2zce_PYL_A_601,0.58501174,0.65021055,0.12410841,0.092023514,0.5101755,0.11170836,0.19719154
2zgw_ADN_A_1301,0.58501174,0.65021055,0.12410841,0.092023514,0.5101755,0.11170836,0.19719154
2zgw_BTN_A_1401,0.58501174,0.65021055,0.12410841,0.092023514,0.5101755,0.11170836,0.19719154
2zi2_24U_H_801,0.58501174,0.65021055,0.12410841,0.092023514,0.5101755,0.11170836,0.19719154
2zka_AZA_A_302,0.58501174,0.65021055,0.12410841,0.092023514,0.5101755,0.11170836,0.19719154
2zm7_ACA_A_501,0.58501174,0.65021055,0.12410841,0.092023514,0.5101755,0.11170836,0.19719154
2zm9_ACA_A_501,0.58501174,0.65021055,0.12410841,0.092023514,0.5101755,0.11170836,0.19719154
2ztl_3HL_A_301,0.58501174,0.65021055,0.12410841,0.092023514,0.5101755,0.11170836,0.19719154
2ztl_3HL_B_301,0.58501174,0.65021055,0.12410841,0.092023514,0.5101755,0.11170836,0.19719154
2ztl_3HL_C_301,0.58501174,0.65021055,0.12410841,0.092023514,0.5101755,0.11170836,0.19719154
2ztl_3HL_D_301,0.58501174,0.65021055,0.12410841,0.092023514,0.5101755,0.11170836,0.19719154
2zut_A2G_A_4001,0.58501174,0.65021055,0.12410841,0.092023514,0.5101755,0.11170836,0.19719154
2zut_A2G_B_4002,0.58501174,0.65021055,0.12410841,0.092023514,0.5101755,0.11170836,0.19719154
2zut_A2G_D_4004,0.58501174,0.65021055,0.12410841,0.092023514,0.5101755,0.11170836,0.19719154
2zuw_NDG_B_4002,0.58501174,0.65021055,0.12410841,0.092023514,0.5101755,0.11170836,0.19719154
2zuw_NDG_C_4003,0.58501174,0.65021055,0.12410841,0.092023514,0.5101755,0.11170836,0.19719154
2zuw_NDG_D_4004,0.58501174,0.65021055,0.12410841,0.092023514,0.5101755,0.11170836,0.19719154
2zvq_1NP_X_502,0.58501174,0.65021055,0.12410841,0.092023514,0.5101755,0.11170836,0.19719154
2zwt_CAM_A_422,0.58501174,0.65021055,0.12410841,0.092023514,0.5101755,0.11170836,0.19719154
2zyv_NPO_X_1601,0.58501174,0.65021055,0.12410841,0.092023514,0.5101755,0.11170836,0.19719154
3mk1_NPO_A_911,0.58501174,0.65021055,0.12410841,0.092023514,0.5101755,0.11170836,0.19719154
3mk1_NPO_A_912,0.58501174,0.65021055,0.12410841,0.092023514,0.5101755,0.11170836,0.19719154
3mk1_NPO_A_913,0.58501174,0.65021055,0.12410841,0.092023514,0.5101755,0.11170836,0.19719154
3qfx_CP6_A_602,0.58501174,0.65021055,0.12410841,0.092023514,0.5101755,0.11170836,0.19719154
3qfx_CP6_B_702,0.58501174,0.65021055,0.12410841,0.092023514,0.5101755,0.11170836,0.19719154
3qgz_ADN_A_127,0.58501174,0.65021055,0.12410841,0.092023514,0.5101755,0.11170836,0.19719154
3qhd_795_A_167,0.58501174,0.65021055,0.12410841,0.092023514,0.5101755,0.11170836,0.19719154
3qhd_MSR_A_166,0.58501174,0.65021055,0.12410841,0.092023514,0.5101755,0.11170836,0.19719154
3qss_MTG_A_405,0.58501174,0.65021055,0.12410841,0.092023514,0.5101755,0.11170836,0.19719154
3qss_MTG_B_405,0.58501174,0.65021055,0.12410841,0.092023514,0.5101755,0.11170836,0.19719154
3qt8_FM0_B_328,0.58501174,0.65021055,0.12410841,0.092023514,0.5101755,0.11170836,0.19719154
3qwi_CUE_B_272,0.58501174,0.65021055,0.12410841,0.092023514,0.5101755,0.11170836,0.19719154
3qwi_CUE_D_272,0.58501174,0.65021055,0.12410841,0.092023514,0.5101755,0.11170836,0.19719154
3r3z_GOA_B_305,0.58501174,0.65021055,0.12410841,0.092023514,0.5101755,0.11170836,0.19719154
3r51_MMA_A_200,0.58501174,0.65021055,0.12410841,0.092023514,0.5101755,0.11170836,0.19719154
3rgz_BLD_A_800,0.58501174,0.65021055,0.12410841,0.092023514,0.5101755,0.11170836,0.19719154
3ro7_TDR_A_300,0.58501174,0.65021055,0.12410841,0.092023514,0.5101755,0.11170836,0.19719154
3roe_THM_A_265,0.58501174,0.65021055,0.12410841,0.092023514,0.5101755,0.11170836,0.19719154
3roe_THM_B_265,0.58501174,0.65021055,0.12410841,0.092023514,0.5101755,0.11170836,0.19719154
3roe_THM_D_265,0.58501174,0.65021055,0.12410841,0.092023514,0.5101755,0.11170836,0.19719154
3roe_THM_E_265,0.58501174,0.65021055,0.12410841,0.092023514,0.5101755,0.11170836,0.19719154
3roe_THM_F_265,0.58501174,0.65021055,0.12410841,0.092023514,0.5101755,0.11170836,0.19719154
3rsc_TYD_A_397,0.58501174,0.65021055,0.12410841,0.092023514,0.5101755,0.11170836,0.19719154
3rsc_TYD_B_397,0.58501174,0.65021055,0.12410841,0.092023514,0.5101755,0.11170836,0.19719154
3ryd_SRT_A_267,0.58501174,0.65021055,0.12410841,0.092023514,0.5101755,0.11170836,0.19719154
3ryd_SRT_A_271,0.58501174,0.65021055,0.12410841,0.092023514,0.5101755,0.11170836,0.19719154
3se2_3AB_C_4,0.58501174,0.65021055,0.12410841,0.092023514,0.5101755,0.11170836,0.19719154
3se2_3AB_D_3,0.58501174,0.65021055,0.12410841,0.092023514,0.5101755,0.11170836,0.19719154
3se2_LDR_A_1,0.58501174,0.65021055,0.12410841,0.092023514,0.5101755,0.11170836,0.19719154
3se2_LDR_B_2,0.58501174,0.65021055,0.12410841,0.092023514,0.5101755,0.11170836,0.19719154
3sj1_DXC_X_75,0.58501174,0.65021055,0.12410841,0.092023514,0.5101755,0.11170836,0.19719154
3sjh_LAR_A_503,0.58501174,0.65021055,0.12410841,0.092023514,0.5101755,0.11170836,0.19719154
3sli_SKD_A_760,0.58501174,0.65021055,0.12410841,0.092023514,0.5101755,0.11170836,0.19719154
3sp6_IL2_A_901,0.58501174,0.65021055,0.12410841,0.092023514,0.5101755,0.11170836,0.19719154
3sru_Q26_X_169,0.58501174,0.65021055,0.12410841,0.092023514,0.5101755,0.11170836,0.19719154
3t2e_F6R_A_3469,0.58501174,0.65021055,0.12410841,0.092023514,0.5101755,0.11170836,0.19719154
3t3q_9PL_A_501,0.58501174,0.65021055,0.12410841,0.092023514,0.5101755,0.11170836,0.19719154
3t3q_9PL_B_501,0.58501174,0.65021055,0.12410841,0.092023514,0.5101755,0.11170836,0.19719154
3t3q_9PL_D_501,0.58501174,0.65021055,0.12410841,0.092023514,0.5101755,0.11170836,0.19719154
3te7_TE7_A_1,0.58501174,0.65021055,0.12410841,0.092023514,0.5101755,0.11170836,0.19719154
3te7_TE7_B_1,0.58501174,0.65021055,0.12410841,0.092023514,0.5101755,0.11170836,0.19719154
3tky_N7I_A_369,0.58501174,0.65021055,0.12410841,0.092023514,0.5101755,0.11170836,0.19719154
3tky_N7I_B_369,0.58501174,0.65021055,0.12410841,0.092023514,0.5101755,0.11170836,0.19719154
3tky_N7I_C_369,0.58501174,0.65021055,0.12410841,0.092023514,0.5101755,0.11170836,0.19719154
3tky_N7I_D_369,0.58501174,0.65021055,0.12410841,0.092023514,0.5101755,0.11170836,0.19719154
3tye_XHP_B_901,0.58501174,0.65021055,0.12410841,0.092023514,0.5101755,0.11170836,0.19719154
3tye_XTZ_A_801,0.58501174,0.65021055,0.12410841,0.092023514,0.5101755,0.11170836,0.19719154
3tye_YTZ_B_902,0.58501174,0.65021055,0.12410841,0.092023514,0.5101755,0.11170836,0.19719154
3tyn_CXW_A_800,0.58501174,0.65021055,0.12410841,0.092023514,0.5101755,0.11170836,0.19719154
3tyn_CXW_B_800,0.58501174,0.65021055,0.12410841,0.092023514,0.5101755,0.11170836,0.19719154
3u1t_MLI_B_350,0.58501174,0.65021055,0.12410841,0.092023514,0.5101755,0.11170836,0.19719154
3u3o_3QV_A_296,0.58501174,0.65021055,0.12410841,0.092023514,0.5101755,0.11170836,0.19719154
3u3o_3QV_A_297,0.58501174,0.65021055,0.12410841,0.092023514,0.5101755,0.11170836,0.19719154
3ucc_2PG_A_601,0.58501174,0.65021055,0.12410841,0.092023514,0.5101755,0.11170836,0.19719154
3ucc_2PG_B_601,0.58501174,0.65021055,0.12410841,0.092023514,0.5101755,0.11170836,0.19719154
3ucl_CYH_A_543,0.58501174,0.65021055,0.12410841,0.092023514,0.5101755,0.11170836,0.19719154
3uu7_2OH_A_1,0.58501174,0.65021055,0.12410841,0.092023514,0.5101755,0.11170836,0.19719154
3uu7_2OH_B_1,0.58501174,0.65021055,0.12410841,0.092023514,0.5101755,0.11170836,0.19719154
3uud_EST_A_600,0.58501174,0.65021055,0.12410841,0.092023514,0.5101755,0.11170836,0.19719154
3uud_EST_B_600,0.58501174,0.65021055,0.12410841,0.092023514,0.5101755,0.11170836,0.19719154
3uwb_BB2_A_154,0.58501174,0.65021055,0.12410841,0.092023514,0.5101755,0.11170836,0.19719154
3v1m_HPK_A_288,0.58501174,0.65021055,0.12410841,0.092023514,0.5101755,0.11170836,0.19719154
3v1s_0LH_B_401,0.58501174,0.65021055,0.12410841,0.092023514,0.5101755,0.11170836,0.19719154
3v7u_MTA_A_301,0.58501174,0.65021055,0.12410841,0.092023514,0.5101755,0.11170836,0.19719154
3v7u_MTA_A_302,0.58501174,0.65021055,0.12410841,0.092023514,0.5101755,0.11170836,0.19719154
3v8n_5NB_A_301,0.58501174,0.65021055,0.12410841,0.092023514,0.5101755,0.11170836,0.19719154
3vbn_TYD_A_301,0.58501174,0.65021055,0.12410841,0.092023514,0.5101755,0.11170836,0.19719154
3vbn_TYD_E_301,0.58501174,0.65021055,0.12410841,0.092023514,0.5101755,0.11170836,0.19719154
3vc3_C6P_A_501,0.58501174,0.65021055,0.12410841,0.092023514,0.5101755,0.11170836,0.19719154
3vc3_C6P_B_501,0.58501174,0.65021055,0.12410841,0.092023514,0.5101755,0.11170836,0.19719154
3vc3_C6P_C_501,0.58501174,0.65021055,0.12410841,0.092023514,0.5101755,0.11170836,0.19719154
3vc3_C6P_D_501,0.58501174,0.65021055,0.12410841,0.092023514,0.5101755,0.11170836,0.19719154
3vc3_C6P_E_501,0.58501174,0.65021055,0.12410841,0.092023514,0.5101755,0.11170836,0.19719154
3vc3_C6P_F_501,0.64304037,0.95816048,0.12410841,0.13087341,0.52433243,0.11170836,0.28564055
3vca_PRO_A_504,0.58501174,0.65021055,0.12410841,0.092023514,0.5101755,0.11170836,0.19719154
3vmg_9CA_C_2002,0.58501174,0.65021055,0.12410841,0.092023514,0.5101755,0.11170836,0.19719154
3vnj_PSJ_A_301,0.62058571,0.53119488,0.12410841,0.061511433,0.59743823,0.11170836,0.065552202
3vnj_PSJ_B_301,0.58501174,0.65021055,0.12410841,0.092023514,0.5101755,0.11170836,0.19719154
3vnj_PSJ_D_301,0.58501174,0.65021055,0.12410841,0.092023514,0.5101755,0.11170836,0.19719154
3vnm_SDD_A_301,0.58501174,0.65021055,0.12410841,0.092023514,0.5101755,0.11170836,0.19719154
3vnm_SDD_D_301,0.58501174,0.65021055,0.12410841,0.092023514,0.5101755,0.11170836,0.19719154
3vq4_0NX_A_304,0.58501174,0.65021055,0.12410841,0.092023514,0.5101755,0.11170836,0.19719154
3vq4_0NX_A_305,0.58501174,0.65021055,0.12410841,0.092023514,0.5101755,0.11170836,0.19719154
3vq5_MMJ_A_1007,0.58501174,0.65021055,0.12410841,0.092023514,0.5101755,0.11170836,0.19719154
3vq5_MMJ_B_307,0.58501174,0.65021055,0.12410841,0.092023514,0.5101755,0.11170836,0.19719154
3vqe_FMQ_A_1006,0.58501174,0.65021055,0.12410841,0.092023514,0.5101755,0.11170836,0.19719154
3vv5_SLZ_A_300,0.58501174,0.65021055,0.12410841,0.092023514,0.5101755,0.11170836,0.19719154
3vv5_SLZ_B_301,0.58501174,0.65021055,0.12410841,0.092023514,0.5101755,0.11170836,0.19719154
3w4i_8LG_A_402,0.58501174,0.65021055,0.12410841,0.092023514,0.5101755,0.11170836,0.19719154
3w4i_8LG_B_402,0.58501174,0.65021055,0.12410841,0.092023514,0.5101755,0.11170836,0.19719154
3w4i_8LG_C_402,0.58501174,0.65021055,0.12410841,0.092023514,0.5101755,0.11170836,0.19719154
3w7f_FPS_A_301,0.58501174,0.65021055,0.12410841,0.092023514,0.5101755,0.11170836,0.19719154
3w7f_FPS_A_302,0.58501174,0.65021055,0.12410841,0.092023514,0.5101755,0.11170836,0.19719154
3w7f_FPS_B_301,0.58501174,0.65021055,0.12410841,0.092023514,0.5101755,0.11170836,0.19719154
3w7f_FPS_B_302,0.58501174,0.65021055,0.12410841,0.092023514,0.5101755,0.11170836,0.19719154
3w8x_FTK_A_601,0.58501174,0.65021055,0.12410841,0.092023514,0.5101755,0.11170836,0.19719154
3wat_BGC_A_403,0.58501174,0.65021055,0.12410841,0.092023514,0.5101755,0.11170836,0.19719154
3wat_BGC_B_403,0.58501174,0.65021055,0.12410841,0.092023514,0.5101755,0.11170836,0.19719154
3wat_BMA_A_404,0.58501174,0.65021055,0.12410841,0.092023514,0.5101755,0.11170836,0.19719154
3wat_BMA_B_404,0.58501174,0.65021055,0.12410841,0.092023514,0.5101755,0.11170836,0.19719154
3wca_FPS_A_501,0.58501174,0.65021055,0.12410841,0.092023514,0.5101755,0.11170836,0.19719154
3wca_FPS_B_401,0.58501174,0.65021055,0.12410841,0.092023514,0.5101755,0.11170836,0.19719154
3wca_FPS_C_401,0.58501174,0.65021055,0.12410841,0.092023514,0.5101755,0.11170836,0.19719154
3wca_FPS_C_402,0.58501174,0.65021055,0.12410841,0.092023514,0.5101755,0.11170836,0.19719154
3wca_FPS_D_401,0.58501174,0.65021055,0,0.092023514,0.5101755,0.11170836,0.19719154
3wgc_PLG_A_401,0.58501174,0.65021055,0.12410841,0.092023514,0.5101755,0.11170836,0.19719154
3wgc_PLG_B_401,0.58501174,0.65021055,0.12410841,0.092023514,0.5101755,0.11170836,0.19719154
3wgc_PLG_D_401,0.58501174,0.65021055,0.12410841,0.092023514,0.5101755,0.11170836,0.19719154
3wjz_NUP_A_301,0.58501174,0.65021055,0.12410841,0.092023514,0.5101755,0.11170836,0.19719154
3wk1_O7E_A_301,0.58501174,0.65021055,0.12410841,0.092023514,0.5101755,0.11170836,0.19719154
3wlf_FEH_A_401,0.58501174,0.65021055,0.12410841,0.092023514,0.5101755,0.11170836,0.19719154
3wlf_FEH_C_401,0.58501174,0.65021055,0.12410841,0.092023514,0.5101755,0.11170836,0.19719154
3wqs_KBK_B_503,0.58501174,0.65021055,0.12410841,0.092023514,0.5101755,0.11170836,0.19719154
3wsg_CIT_A_302,0.58501174,0.65021055,0.12410841,0.092023514,0.5101755,0.11170836,0.19719154
3wsg_CIT_B_302,0.58501174,0.65021055,0.12410841,0.092023514,0.5101755,0.11170836,0.19719154
3wsg_CIT_C_302,0.58501174,0.65021055,0.12410841,0.092023514,0.5101755,0.11170836,0.19719154
3wsg_CIT_D_302,0.58501174,0.65021055,0.12410841,0.092023514,0.5101755,0.11170836,0.19719154
3wsg_CIT_E_302,0.58501174,0.65021055,0.12410841,0.092023514,0.5101755,0.11170836,0.19719154
3wsg_CIT_F_302,0.58501174,0.65021055,0.12410841,0.092023514,0.5101755,0.11170836,0.19719154
3wug_XYP_B_2,0.58501174,0.65021055,0.12410841,0.092023514,0.5101755,0.11170836,0.19719154
3wug_XYP_C_2,0.58501174,0.65021055,0.12410841,0.092023514,0.5101755,0.11170836,0.19719154
3wur_O4B_A_201,0.58501174,0.65021055,0.12410841,0.092023514,0.5101755,0.11170836,0.19719154
3wur_O4B_A_202,0.58501174,0.65021055,0.12410841,0.092023514,0.5101755,0.11170836,0.19719154
3wur_O4B_B_201,0.58501174,0.65021055,0.12410841,0.092023514,0.5101755,0.11170836,0.19719154
3wur_O4B_B_202,0.58501174,0.65021055,0.12410841,0.092023514,0.5101755,0.11170836,0.19719154
3wur_O4B_B_204,0.58501174,0.65021055,0.12410841,0.092023514,0.5101755,0.11170836,0.19719154
3wwc_BUA_A_402,0.58501174,0.65021055,0.12410841,0.092023514,0.5101755,0.11170836,0.19719154
3wwc_BUA_A_403,0.58501174,0.65021055,0.12410841,0.092023514,0.5101755,0.11170836,0.19719154
3wxo_NIZ_A_802,0.58501174,0.65021055,0.12410841,0.092023514,0.5101755,0.11170836,0.19719154
3wxo_NIZ_A_804,0.58501174,0.65021055,1.8252423e-22,0.092023514,0.5101755,0.11170836,0.19719154
3wzo_ZOE_A_201,0.58501174,0.65021055,0.12410841,0.092023514,0.5101755,0.11170836,0.19719154
3wzo_ZOE_B_201,0.58501174,0.65021055,0.12410841,0.092023514,0.5101755,0.11170836,0.19719154
3wzo_ZOE_C_201,0.58501174,0.65021055,0.12410841,0.092023514,0.5101755,0.11170836,0.19719154
3wzo_ZOE_D_201,0.58501174,0.65021055,0.12410841,0.092023514,0.5101755,0.11170836,0.19719154
3zcm_PX3_A_1214,0.58501174,0.65021055,0.12410841,0.092023514,0.5101755,0.11170836,0.19719154
3zcm_PX3_B_1216,0.58501174,0.65021055,0.12410841,0.092023514,0.5101755,0.11170836,0.19719154
3zjq_NCA_B_300,0.58501174,0.65021055,0.12410841,0.092023514,0.5101755,0.11170836,0.19719154
3zks_WZV_A_1398,0,0.96643685,0.12410841,0.07809961,0.52273341,0.11170836,0.34020417
3zog_A2Q_A_200,0.58501174,0.65021055,0.12410841,0.092023514,0.5101755,0.11170836,0.19719154
3zp7_PRE_A_1118,0.59649955,0,0.12410841,0.014893509,0.51089962,0.11170836,0
3zr0_8OG_A_1157,0.58501174,0.65021055,0.12410841,0.092023514,0.5101755,0.11170836,0.19719154
3zwe_FUC_B_110,0.58501174,0.65021055,0.12410841,0.092023514,0.5101755,0.11170836,0.19719154
3zwe_FUC_C_110,0.58501174,0.65021055,0.12410841,0.092023514,0.5101755,0.11170836,0.19719154
3zwt_KFZ_A_1401,0.58501174,0.65021055,0.12410841,0.092023514,0.5101755,0.11170836,0.19719154
3zwt_ORO_A_1398,0.58501174,0.65021055,0.12410841,0.092023514,0.5101755,0.11170836,0.19719154
3zyx_MBT_A_601,0.58501174,0.65021055,0.12410841,0.092023514,0.5101755,0.11170836,0.19719154
3zzm_JLN_A_1526,0.58501174,0.65021055,0.12410841,0.092023514,0.5101755,0.11170836,0.19719154
3zzv_FUC_B_401,0.58501174,0.65021055,0.12410841,0.092023514,0.5101755,0.11170836,0.19719154
4a01_2PN_A_1773,0.58501174,0.65021055,0.12410841,0.092023514,0.5101755,0.11170836,0.19719154
4a01_2PN_B_1773,0.58501174,0.65021055,0.12410841,0.092023514,0.5101755,0.11170836,0.19719154
4a3u_NCA_B_1359,0.58501174,0.65021055,0.12410841,0.092023514,0.5101755,0.11170836,0.19719154
4a78_JZ3_A_1296,0.58501174,0.65021055,0.12410841,0.092023514,0.5101755,0.11170836,0.19719154
4a7a_RGZ_A_601,0.58501174,0.65021055,0.12410841,0.092023514,0.5101755,0.11170836,0.19719154
4a7a_RGZ_B_601,0.58501174,0.65021055,0.12410841,0.092023514,0.5101755,0.11170836,0.19719154
4a8p_PAO_B_1340,0.58501174,0.65021055,0.12410841,0.092023514,0.5101755,0.11170836,0.19719154
4a8p_PAO_C_1340,0.58501174,0.65021055,1.9050358e-41,0.092023514,0.5101755,0.11170836,0.19719154
4a8p_PAO_D_1340,0.58501174,0.65021055,0.12410841,0.092023514,0.5101755,0.11170836,0.19719154
4a8p_PAO_E_1338,0.58501174,0.65021055,0.12410841,0.092023514,0.5101755,0.11170836,0.19719154
4a8p_PAO_F_1340,0.58501174,0.65021055,0.12410841,0.092023514,0.5101755,0.11170836,0.19719154
4a9j_TYL_A_1188,0.58501174,0.65021055,0.12410841,0.092023514,0.5101755,0.11170836,0.19719154
4a9j_TYL_B_1187,0.58501174,0.65021055,0.12410841,0.092023514,0.5101755,0.11170836,0.19719154
4a9j_TYL_C_1184,0.58501174,0.65021055,0.12410841,0.092023514,0.5101755,0.11170836,0.19719154
4adl_LMR_D_1468,0.58501174,0.65021055,0.12410841,0.092023514,0.5101755,0.11170836,0.19719154
4ajj_88R_B_1333,0.58501174,0.65021055,0.12410841,0.092023514,0.5101755,0.11170836,0.19719154
4ajj_88R_C_1335,0.58501174,0.65021055,0.12410841,0.092023514,0.5101755,0.11170836,0.19719154
4ajj_88S_A_1332,0.58501174,0.65021055,5.6091438e-80,0.092023514,0.5101755,0.11170836,0.19719154
4ajj_88S_B_1332,0.58501174,0.65021055,0.12410841,0.092023514,0.5101755,0.11170836,0.19719154
4ajj_88S_C_1334,0.58501174,0.65021055,0.12410841,0.092023514,0.5101755,0.11170836,0.19719154
4ajj_88S_D_1332,0.58501174,0.65021055,0.12410841,0.092023514,0.5101755,0.11170836,0.19719154
4ajj_MLI_A_1333,0.58501174,0.65021055,0.12410841,0.092023514,0.5101755,0.11170836,0.19719154
4ajj_MLI_D_1333,0.58501174,0.65021055,0.12410841,0.092023514,0.5101755,0.11170836,0.19719154
4al9_GLA_A_1123,0.58501174,0.65021055,0.12410841,0.092023514,0.5101755,0.11170836,0.19719154
4al9_GLA_C_1123,0.58501174,0.65021055,0.12410841,0.092023514,0.5101755,0.11170836,0.19719154
4al9_GLA_D_1123,0.58501174,0.65021055,0.12410841,0.092023514,0.5101755,0.11170836,0.19719154
4al9_GLA_E_1123,0.58501174,0.65021055,0.12410841,0.092023514,0.5101755,0.11170836,0.19719154
4al9_GLA_G_1123,0.96910569,0.96471079,0.12410841,0.062288955,0.99563934,0.11170836,0.06581958
4aql_TXC_A_1452,0.58501174,0.65021055,0.12410841,0.092023514,0.5101755,0.11170836,0.19719154
4aw0_MJF_A_600,0.58501174,0.65021055,0.12410841,0.092023514,0.5101755,0.11170836,0.19719154
4b1f_DGL_A_1257,0.58501174,0.65021055,0.12410841,0.092023514,0.5101755,0.11170836,0.19719154
4b1f_KRH_A_1256,0.58501174,0.65021055,0.12410841,0.092023514,0.5101755,0.11170836,0.19719154
4b1f_KRH_B_1257,0.58501174,0.65021055,0.12410841,0.092023514,0.5101755,0.11170836,0.19719154
4b98_PXG_B_470,0.58501174,0.65021055,0.12410841,0.092023514,0.5101755,0.11170836,0.19719154
4b98_PXG_C_470,0.58501174,0.65021055,0.12410841,0.092023514,0.5101755,0.11170836,0.19719154
4b98_PXG_D_470,0.58501174,0.65021055,0.12410841,0.092023514,0.5101755,0.11170836,0.19719154
4bbx_LKF_A_1760,0.58501174,0.65021055,0.12410841,0.092023514,0.5101755,0.11170836,0.19719154
4bbx_LKF_B_1760,0.58501174,0.65021055,0.12410841,0.092023514,0.5101755,0.11170836,0.19719154
4bdr_CYS_B_804,0.58501174,0.65021055,0.12410841,0.092023514,0.5101755,0.11170836,0.19719154
4bdr_KAI_B_900,0.58501174,0.65021055,0.12410841,0.092023514,0.5101755,0.11170836,0.19719154
4bq5_GAL_C_1,0.58501174,0.65021055,0.12410841,0.092023514,0.5101755,0.11170836,0.19719154
4bu7_25F_A_2165,0.58501174,0.65021055,0.12410841,0.092023514,0.5101755,0.11170836,0.19719154
4bu7_25F_C_2165,0.58501174,0.65021055,0.12410841,0.092023514,0.5101755,0.11170836,0.19719154
4buf_F36_A_2162,0.58501174,0.65021055,0.12410841,0.092023514,0.5101755,0.11170836,0.19719154
4buf_F36_B_2162,0.58501174,0.65021055,0.12410841,0.092023514,0.5101755,0.11170836,0.19719154
4buv_16I_C_2165,0.58501174,0.65021055,0.12410841,0.092023514,0.5101755,0.11170836,0.19719154
4bux_F35_A_2166,0.58501174,0.65021055,0.12410841,0.092023514,0.5101755,0.11170836,0.19719154
4bux_F35_C_2165,0.58501174,0.65021055,0.12410841,0.092023514,0.5101755,0.11170836,0.19719154
4bvh_OCZ_B_1392,0.58501174,0.65021055,0.12410841,0.092023514,0.5101755,0.11170836,0.19719154
4bvh_OCZ_C_1394,0.58501174,0.65021055,0.12410841,0.092023514,0.5101755,0.11170836,0.19719154
4bz6_SHH_A_700,0.58501174,0.65021055,0.12410841,0.092023514,0.5101755,0.11170836,0.19719154
4bz6_SHH_C_700,0.58501174,0.65021055,0.12410841,0.092023514,0.5101755,0.11170836,0.19719154
4bz6_SHH_D_700,0.58501174,0.65021055,0.12410841,0.092023514,0.5101755,0.11170836,0.19719154
4c2p_X8Z_A_709,0.58501174,0.65021055,0.12410841,0.092023514,0.5101755,0.11170836,0.19719154
4c2z_646_A_1498,0.58501174,0.65021055,0.12410841,0.092023514,0.5101755,0.11170836,0.19719154
4c2z_646_B_1498,0.58501174,0.65021055,0.12410841,0.092023514,0.5101755,0.11170836,0.19719154
4c67_L5S_A_1170,0.58501174,0.65021055,0.12410841,0.092023514,0.5101755,0.11170836,0.19719154
4c7g_NGO_A_1495,0.58501174,0.65021055,0.12410841,0.092023514,0.5101755,0.11170836,0.19719154
4can_M7K_A_800,0.58501174,0.65021055,0.12410841,0.092023514,0.5101755,0.11170836,0.19719154
4can_M7K_B_800,0.58501174,0.65021055,0.12410841,0.092023514,0.5101755,0.11170836,0.19719154
4cb5_93G_A_1484,0.58501174,0.65021055,0.12410841,0.092023514,0.5101755,0.11170836,0.19719154
4ccu_AWF_A_1500,0.9827705,0.98554819,0.12410841,0.069907806,0.9759741,0.11170836,0.079468345
4cdt_M48_A_801,0.58501174,0.65021055,0.12410841,0.092023514,0.5101755,0.11170836,0.19719154
4cjs_L0Y_A_1217,0.58501174,0.65021055,0.12410841,0.092023514,0.5101755,0.11170836,0.19719154
4cjs_L0Y_B_1217,0.58501174,0.65021055,0.12410841,0.092023514,0.5101755,0.11170836,0.19719154
4cjv_IV2_B_1215,0.58501174,0.65021055,0.12410841,0.092023514,0.5101755,0.11170836,0.19719154
4cjw_CBJ_A_1215,0.58501174,0.65021055,0.12410841,0.092023514,0.5101755,0.11170836,0.19719154
4cjw_CBJ_A_1216,0.58501174,0.65021055,0.12410841,0.092023514,0.5101755,0.11170836,0.19719154
4cjw_CBJ_B_1217,0.58501174,0.65021055,0.12410841,0.092023514,0.5101755,0.11170836,0.19719154
4cjw_CBJ_B_1218,0.58501174,0.65021055,0.12410841,0.092023514,0.5101755,0.11170836,0.19719154
4cld_JUO_A_1270,0.58501174,0.65021055,0.12410841,0.092023514,0.5101755,0.11170836,0.19719154
4cld_JUO_B_1270,0.58501174,0.65021055,0.12410841,0.092023514,0.5101755,0.11170836,0.19719154
4cld_JUO_C_1270,0.58501174,0.65021055,0.12410841,0.092023514,0.5101755,0.11170836,0.19719154
4cld_JUO_D_1270,0.58501174,0.65021055,0.12410841,0.092023514,0.5101755,0.11170836,0.19719154
4cle_JR2_A_1270,0.58501174,0.65021055,0.12410841,0.092023514,0.5101755,0.11170836,0.19719154
4cle_JR2_A_1271,0.58501174,0.65021055,0.12410841,0.092023514,0.5101755,0.11170836,0.19719154
4cle_JR2_B_1270,0.58501174,0.65021055,0.12410841,0.092023514,0.5101755,0.11170836,0.19719154
4clo_XP0_B_1270,0.58501174,0.65021055,0.12410841,0.092023514,0.5101755,0.11170836,0.19719154
4clo_XP0_D_1270,0.58501174,0.65021055,0.12410841,0.092023514,0.5101755,0.11170836,0.19719154
4clr_FDB_A_1270,0.14254979,0.99387604,0.12410841,0.09303289,0.52441629,0.11170836,0.33696845
4clr_FDB_C_1270,0.58501174,0.65021055,0.12410841,0.092023514,0.5101755,0.11170836,0.19719154
4clr_FDB_D_1270,0.58501174,0.65021055,0.12410841,0.092023514,0.5101755,0.11170836,0.19719154
4cme_KTZ_A_1270,0.58501174,0.65021055,0.12410841,0.092023514,0.5101755,0.11170836,0.19719154
4cme_KTZ_B_1270,0.58501174,0.65021055,0.12410841,0.092023514,0.5101755,0.11170836,0.19719154
4cme_KTZ_C_1270,0.99550674,0,0.12410841,0,0.98763019,0.11170836,0
4cme_KTZ_D_1270,0.58501174,0.65021055,0.12410841,0.092023514,0.5101755,0.11170836,0.19719154
4cmk_FQW_A_1270,0.58501174,0.65021055,0.12410841,0.092023514,0.5101755,0.11170836,0.19719154
4cmk_FQW_B_1270,0.58501174,0.65021055,0.12410841,0.092023514,0.5101755,0.11170836,0.19719154
4cmk_FQW_C_1270,0.58501174,0.65021055,0.12410841,0.092023514,0.5101755,0.11170836,0.19719154
4cmk_FQW_D_1270,0.58501174,0.65021055,0.12410841,0.092023514,0.5101755,0.11170836,0.19719154
4cno_9PY_B_301,0.58501174,0.65021055,0.12410841,0.092023514,0.5101755,0.11170836,0.19719154
4cno_9PY_C_301,0.58501174,0.65021055,0.12410841,0.092023514,0.5101755,0.11170836,0.19719154
4cno_9PY_D_301,0.58501174,0.65021055,0.12410841,0.092023514,0.5101755,0.11170836,0.19719154
4crg_J4X_A_1493,0.58501174,0.65021055,0.12410841,0.092023514,0.5101755,0.11170836,0.19719154
4cvb_PQQ_A_1608,0.58501174,0.65021055,0.12410841,0.092023514,0.5101755,0.11170836,0.19719154
4cw2_XDS_A_1303,0.58501174,0.65021055,0.12410841,0.092023514,0.5101755,0.11170836,0.19719154
4cx6_Q16_B_800,0.58501174,0.65021055,0.12410841,0.092023514,0.5101755,0.11170836,0.19719154
4cxr_2BG_A_502,0.58501174,0.65021055,0.12410841,0.092023514,0.5101755,0.11170836,0.19719154
4d06_NAR_C_301,0.58501174,0.65021055,0.12410841,0.092023514,0.5101755,0.11170836,0.19719154
4d06_NAR_E_301,0.58501174,0.65021055,0.12410841,0.092023514,0.5101755,0.11170836,0.19719154
4d06_NAR_F_301,0.58501174,0.65021055,0.12410841,0.092023514,0.5101755,0.11170836,0.19719154
4d06_NAR_F_302,0.58501174,0.65021055,0.12410841,0.092023514,0.5101755,0.11170836,0.19719154
4d06_X8W_B_301,0.58501174,0.65021055,0.12410841,0.092023514,0.5101755,0.11170836,0.19719154
4d06_X8W_D_303,0.58501174,0.65021055,0.12410841,0.092023514,0.5101755,0.11170836,0.19719154
4d0z_BBK_A_1581,0.58501174,0.65021055,0.12410841,0.092023514,0.5101755,0.11170836,0.19719154
4d0z_BBK_B_1580,0.58501174,0.65021055,0.12410841,0.092023514,0.5101755,0.11170836,0.19719154
4d0z_BBK_E_1584,0.58501174,0.65021055,0.12410841,0.092023514,0.5101755,0.0001275217,0.19719154
4d3s_BOG_F_1000,0.96742037,0.98758705,0.12410841,7.1374856e-109,0.60786831,0.11170836,0.22927205
4d3s_BOG_H_1000,0.58501174,0.65021055,0.12410841,0.092023514,0.5101755,0.11170836,0.19719154
4d4u_FUC_A_950,0.58501174,0.65021055,0.12410841,0.092023514,0.5101755,0.11170836,0.19719154
4d4u_FUC_B_950,0.58501174,0.65021055,0.12410841,0.092023514,0.5101755,0.11170836,0.19719154
4d5e_TPP_A_1589,0.58501174,0.65021055,0.12410841,0.092023514,0.5101755,0.11170836,0.19719154
4d5e_TPP_B_1590,0.58501174,0.65021055,0.12410841,0.092023514,0.5101755,0.11170836,0.19719154
4d6z_PK9_A_1600,0.58501174,0.65021055,0.12410841,0.092023514,0.5101755,0.11170836,0.19719154
4d96_5PA_B_501,0.58501174,0.65021055,0.12410841,0.092023514,0.5101755,0.11170836,0.19719154
4d96_5PA_C_402,0.58501174,0.65021055,0.12410841,0.092023514,0.5101755,0.11170836,0.19719154
4d96_5PA_D_501,0.58501174,0.65021055,0.12410841,0.092023514,0.5101755,0.11170836,0.19719154
4dch_4DC_A_502,0.58501174,0.65021055,0.12410841,0.092023514,0.5101755,0.11170836,0.19719154
4dch_GLC_A_501,0.58501174,0.65021055,0.12410841,0.092023514,0.5101755,0.11170836,0.19719154
4dd8_BAT_A_1000,0.58501174,0.65021055,0.12410841,0.092023514,0.5101755,0.11170836,0.19719154
4dd8_BAT_B_1000,0.58501174,0.65021055,0.12410841,0.092023514,0.5101755,0.11170836,0.19719154
4dd8_BAT_C_1000,0.58501174,0.65021055,0.12410841,0.092023514,0.5101755,0.11170836,0.19719154
4do1_ANN_B_502,0.58501174,0.65021055,0.12410841,0.092023514,0.5101755,0.11170836,0.19719154
4do1_ANN_C_502,0.58501174,0.65021055,0.12410841,0.092023514,0.5101755,0.11170836,0.19719154
4do1_ANN_D_502,0.58501174,0.65021055,0.12410841,0.092023514,0.5101755,0.11170836,0.19719154
4dt8_ADN_B_401,0.58501174,0.65021055,0.12410841,0.092023514,0.5101755,0.11170836,0.19719154
4dta_ADN_A_401,0.58501174,0.65021055,0.12410841,0.092023514,0.5101755,0.11170836,0.19719154
4dta_ADN_B_401,0.58501174,0.65021055,0.12410841,0.092023514,0.5101755,0.11170836,0.19719154
4dtb_GMP_A_401,0.58501174,0.65021055,0.12410841,0.092023514,0.5101755,0.11170836,0.19719154
4du7_DP6_A_401,0.58501174,0.65021055,0.12410841,0.092023514,0.5101755,0.11170836,0.19719154
4du7_DP6_B_401,0.58501174,0.65021055,0.12410841,0.092023514,0.5101755,0.11170836,0.19719154
4dvw_0M4_B_512,0.58501174,0.65021055,0.12410841,0.092023514,0.5101755,0.11170836,0.19719154
4dwv_PFB_B_378,0.58501174,0.65021055,0.12410841,0.092023514,0.5101755,0.11170836,0.19719154
4e7v_CRS_1_101,0.58501174,0.65021055,0.12410841,0.092023514,0.5101755,0.11170836,0.19719154
4e7v_CRS_3_101,0.58501174,0.65021055,0.12410841,0.092023514,0.5101755,0.11170836,0.19719154
4e7v_CRS_E_101,0.58501174,0.65021055,0.12410841,0.092023514,0.5101755,0.11170836,0.19719154
4e7v_CRS_G_101,0.58501174,0.65021055,0.12410841,0.092023514,0.5101755,0.11170836,0.19719154
4e7v_CRS_I_101,0.58501174,0.65021055,0.12410841,0.092023514,0.5101755,0.11170836,0.19719154
4e7v_CRS_M_101,0.58501174,0.65021055,0.12410841,0.092023514,0.5101755,0.11170836,0.19719154
4e7v_CRS_O_101,0.58501174,0.65021055,0.12410841,0.092023514,0.5101755,0.11170836,0.19719154
4e7v_CRS_Q_101,0.58501174,0.65021055,0.12410841,0.092023514,0.5101755,0.11170836,0.19719154
4e7v_CRS_S_101,0.58501174,0.65021055,0.12410841,0.092023514,0.5101755,0.11170836,0.19719154
4e7v_CRS_U_101,0.58501174,0.65021055,0.12410841,0.092023514,0.5101755,0.11170836,0.19719154
4e7v_CRS_Y_101,0.58501174,0.65021055,0.12410841,0.092023514,0.5101755,0.11170836,0.19719154
4e9z_651_A_301,0.58501174,0.65021055,0.12410841,0.092023514,0.5101755,0.11170836,0.19719154
4ea0_651_A_306,0.58501174,0.65021055,0.12410841,0.092023514,0.5101755,0.11170836,0.19719154
4ea0_651_B_305,0.58501174,0.65021055,0.12410841,0.092023514,0.5101755,0.11170836,0.19719154
4ejh_0QA_A_502,0.58501174,0.65021055,0.12410841,0.092023514,0.5101755,0.11170836,0.19719154
4ejh_0QA_D_502,0.58501174,0.65021055,0.12410841,0.092023514,0.5101755,0.11170836,0.19719154
4ejh_0QA_F_502,0.58501174,0.65021055,0.12410841,0.092023514,0.5101755,0.11170836,0.19719154
4ek1_CAM_A_502,0.58501174,0.65021055,0.12410841,0.092023514,0.5101755,0.11170836,0.19719154
4ek1_CAM_B_502,0.58501174,0.65021055,0.12410841,0.092023514,0.5101755,0.11170836,0.19719154
4ekr_0R0_A_202,0.9971705,0.99177384,0.12410841,0.24235944,0.13947097,0.11170836,0.42537397
4ekr_0R0_A_203,0.58501174,0.65021055,0.12410841,0.092023514,0.5101755,0.11170836,0.19719154
4ekr_0R0_B_203,0.58501174,0.65021055,0.12410841,0.092023514,0.5101755,0.11170836,0.19719154
4evi_N7I_B_401,0.58501174,0.65021055,0.12410841,0.092023514,0.5101755,0.11170836,0.19719154
4evq_PHB_B_402,0.58501174,0.65021055,0.12410841,0.092023514,0.5101755,0.11170836,0.19719154
4evs_PHB_A_408,0.58501174,0.65021055,0.12410841,0.092023514,0.5101755,0.11170836,0.19719154
4f06_PHB_A_401,0.58501174,0.65021055,0.12410841,0.092023514,0.5101755,0.11170836,0.19719154
4f8n_GAL_A_204,0.58501174,0.65021055,0.12410841,0.092023514,0.5101755,0.11170836,0.19719154
4f8n_PC_A_202,0.58501174,0.65021055,0.12410841,0.092023514,0.5101755,0.11170836,0.19719154
4fh7_TBP_A_202,0.58501174,0.65021055,0.12410841,0.092023514,0.5101755,0.11170836,0.19719154
4fm6_TYR_C_259,0.58501174,0.65021055,0.12410841,0.092023514,0.5101755,0.11170836,0.19719154
4fra_GAL_A_402,0.58501174,0.65021055,0.12410841,0.092023514,0.5101755,0.11170836,0.19719154
4g1q_T27_A_601,0.58501174,0.65021055,0.12410841,0.092023514,0.5101755,0.11170836,0.19719154
4g1x_TQU_A_409,0.58501174,0.65021055,0.12410841,0.092023514,0.5101755,0.11170836,0.19719154
4g1x_TQU_A_410,0.58501174,0.65021055,0.12410841,0.092023514,0.5101755,0.11170836,0.19719154
4gcq_0JM_A_401,0.58501174,0.65021055,0.12410841,0.092023514,0.5101755,8.6339573e-09,0.19719154
4gcq_0JM_B_401,0.58501174,0.65021055,0.12410841,0.092023514,0.5101755,0.11170836,0.19719154
4ghf_4NC_A_402,0.58501174,0.65021055,0.12410841,0.092023514,0.5101755,0.11170836,0.19719154
4ghf_4NC_C_402,0.58501174,0.65021055,0.12410841,0.092023514,0.5101755,0.11170836,0.19719154
4ghf_4NC_D_402,0.58501174,0.65021055,0.12410841,0.092023514,0.5101755,0.11170836,0.19719154
4gim_PSU_B_400,0.58501174,0.65021055,0.12410841,0.092023514,0.5101755,0.11170836,0.19719154
4gim_PSU_C_400,0.58501174,0.65021055,0.12410841,0.092023514,0.5101755,0.11170836,0.19719154
4gmu_OXL_A_705,0.58501174,0.65021055,0.12410841,0.092023514,0.5101755,0.11170836,0.19719154
4gnp_PEP_A_703,0.58501174,0.65021055,0.27708654,0.092023514,0.5101755,0.11170836,0.19719154
4gt9_MEF_A_304,0.58501174,0.65021055,0.12410841,0.092023514,0.5101755,0.11170836,0.19719154
4gt9_UMP_A_302,0.58501174,0.65021055,0.12410841,0.092023514,0.5101755,0.11170836,0.19719154
4gy9_ZIP_A_201,0.58501174,0.65021055,0.12410841,0.092023514,0.5101755,0.11170836,0.19719154
4h4c_10D_A_402,0.58501174,0.65021055,0.12410841,0.092023514,0.5101755,0.11170836,0.19719154
4h4c_10D_B_402,0.58501174,0.65021055,0.12410841,0.092023514,0.5101755,0.11170836,0.19719154
4h9g_14J_A_512,0.58501174,0.65021055,0.12410841,0.092023514,0.5101755,0.11170836,0.19719154
4h9x_HL4_A_404,0.58501174,0.65021055,0.12410841,0.092023514,0.5101755,0.11170836,0.19719154
4h9x_HL4_B_404,0.58501174,0.65021055,0.12410841,0.092023514,0.5101755,0.11170836,0.19719154
4hey_4MZ_A_303,0.58501174,0.65021055,0.12410841,0.092023514,0.5101755,0.11170836,0.19719154
4hey_4MZ_A_307,0.58501174,0.65021055,0.12410841,0.092023514,0.5101755,0.11170836,0.19719154
4hey_4MZ_A_308,0.58501174,0.65021055,0.12410841,0.092023514,0.5101755,0.11170836,0.19719154
4hez_1MZ_A_302,0.58501174,0.65021055,0.12410841,0.092023514,0.5101755,0.11170836,0.19719154
4hez_1MZ_A_304,0.58501174,0.65021055,0.12410841,0.092023514,0.5101755,0.11170836,0.19719154
4hez_1MZ_A_306,0.58501174,0.65021055,0.12410841,0.092023514,0.5101755,0.11170836,0.19719154
4hez_1MZ_A_307,0.58501174,0.65021055,0.12410841,0.092023514,0.5101755,0.11170836,0.19719154
4hgg_SYN_A_502,0.58501174,0.65021055,0.12410841,0.092023514,0.5101755,0.11170836,0.19719154
4hgg_SYN_B_502,0.58501174,0.65021055,0.12410841,0.092023514,0.5101755,0.11170836,0.19719154
4hmx_WUB_A_302,0.58501174,0.65021055,0.12410841,0.092023514,0.5101755,0.11170836,0.19719154
4hon_AKG_A_401,0.58501174,0.65021055,0.12410841,0.092023514,0.5101755,0.11170836,0.19719154
4hon_AKG_B_401,0.58501174,0.65021055,0.12410841,0.092023514,0.5101755,0.11170836,0.19719154
4hoz_GLC_A_703,0.58501174,0.65021055,0.12410841,0.092023514,0.5101755,0.11170836,0.19719154
4hrq_AZG_A_201,0.58501174,0.65021055,0.12410841,0.092023514,0.5101755,0.11170836,0.19719154
4hrq_AZG_B_201,0.58501174,0.65021055,0.12410841,0.092023514,0.5101755,0.11170836,0.19719154
4hxk_1AJ_A_201,0.58501174,0.65021055,0.12410841,0.092023514,0.5101755,0.11170836,0.19719154
4hzf_CMP_A_301,0.58501174,0.65021055,0.12410841,0.092023514,0.5101755,0.11170836,0.19719154
4hzf_CMP_A_302,0.58501174,0.65021055,0.12410841,0.092023514,0.5101755,0.11170836,0.19719154
4hzf_CMP_B_301,0.58501174,0.65021055,0.12410841,0.092023514,0.5101755,0.11170836,0.19719154
4i02_CMP_A_301,0.58501174,0.65021055,0.12410841,0.092023514,0.5101755,0.11170836,0.19719154
4i02_CMP_A_302,0.58501174,0.65021055,0.12410841,0.092023514,0.5101755,0.11170836,0.19719154
4i02_CMP_B_301,0.58501174,0.65021055,0.12410841,0.092023514,0.5101755,0.11170836,0.19719154
4i02_CMP_B_302,0.58501174,0.65021055,0.12410841,0.092023514,0.5101755,0.11170836,0.19719154
4i02_CMP_D_301,0.58501174,0.65021055,0.12410841,0.092023514,0.5101755,0.11170836,0.19719154
4i02_CMP_D_302,0.92813279,0.98902808,0.12410841,0.062763485,0.99073737,0.11170836,0.078940334
4i02_CMP_F_301,0.52976567,0.99406744,0.12410841,0,0.59596261,0.11170836,0.27207242
4i0b_CMP_A_301,0.58501174,0.65021055,0.12410841,0.092023514,0.5101755,0.11170836,0.19719154
4i0b_CMP_A_302,0.58501174,0.65021055,0.12410841,0.092023514,0.5101755,0.11170836,0.19719154
4i0b_CMP_B_301,0.58501174,0.65021055,0.12410841,0.092023514,0.5101755,0.11170836,0.19719154
4i2p_G73_A_601,0.58501174,0.65021055,0.12410841,0.092023514,0.5101755,0.11170836,0.19719154
4i4v_NGA_A_201,0.58501174,0.65021055,0.12410841,0.092023514,0.5101755,0.11170836,0.19719154
4i4v_NGA_A_202,0.58501174,0.65021055,0.12410841,0.092023514,0.5101755,0.11170836,0.19719154
4i4v_NGA_B_201,0.58501174,0.65021055,0.12410841,0.092023514,0.5101755,0.11170836,0.19719154
4i4v_NGA_B_202,0.58501174,0.65021055,0.12410841,0.092023514,0.5101755,0.11170836,0.19719154
4i4v_NGA_D_201,0.58501174,0.65021055,0.12410841,0.092023514,0.5101755,0.11170836,0.19719154
4i4v_NGA_D_202,0.58501174,0.65021055,0.12410841,0.092023514,0.5101755,0.11170836,0.19719154
4i6s_FUC_A_101,0.58501174,0.65021055,0.12410841,0.092023514,0.5101755,0.11170836,0.19719154
4i6s_FUC_B_101,0.58501174,0.65021055,0.12410841,0.092023514,0.5101755,0.11170836,0.19719154
4i6s_FUC_B_102,0.58501174,0.65021055,0.12410841,0.092023514,0.5101755,0.11170836,0.19719154
4i6s_FUC_C_101,0.58501174,0.65021055,0.12410841,0.092023514,0.5101755,0.11170836,0.19719154
4i6w_1CO_B_1001,0.98595935,0.97242646,0.12410841,0,0.6069301,0.11170836,0.22332648
4i6y_MEV_A_501,0,0.97424084,0.12410841,0.078961835,0.52308754,0.11170836,0.34256611
4i6y_MEV_B_1001,0.58501174,0.65021055,0.12410841,0.092023514,0.5101755,0.11170836,0.19719154
4i7n_1DJ_A_202,0.58501174,0.65021055,0.12410841,0.092023514,0.5101755,0.11170836,0.19719154
4i7n_1DJ_B_203,0.58501174,0.65021055,0.12410841,0.092023514,0.5101755,0.11170836,0.19719154
4i9n_1E5_B_402,0.58501174,0.65021055,0.12410841,0.092023514,0.5101755,0.11170836,0.19719154
4i9n_1E5_C_402,0.58501174,0.65021055,0.12410841,0.092023514,0.5101755,0.11170836,0.19719154
4i9n_1E5_F_402,0.58501174,0.65021055,0.12410841,0.092023514,0.5101755,0.11170836,0.19719154
4i9n_1E5_H_402,0.58501174,0.65021055,0.12410841,0.092023514,0.5101755,0.11170836,0.19719154
4i9n_1E6_A_401,0.58501174,0.65021055,0.12410841,0.092023514,0.5101755,0.11170836,0.19719154
4i9n_1E6_B_401,0.89919613,0.9803116,0.12410841,0.15470754,0.5261242,0.11170836,0.27160713
4i9n_1E6_C_401,0.58501174,0.65021055,0.12410841,0.092023514,0.5101755,0.11170836,0.19719154
4i9n_1E6_D_401,0.58501174,0.65021055,0.12410841,0.092023514,0.5101755,0.11170836,0.19719154
4i9n_1E6_F_401,0,0.98514814,0.12410841,0.080166931,0.5235825,0.11170836,0.3458673
4i9n_1E6_G_401,0.58501174,0.65021055,0.12410841,0.092023514,0.5101755,0.11170836,0.19719154
4ioq_BAQ_A_201,0.58501174,0.65021055,0.12410841,0.092023514,0.5101755,0.11170836,0.19719154
4iph_1FJ_A_201,0.58501174,0.65021055,0.12410841,0.092023514,0.5101755,0.11170836,0.19719154
4iph_1FJ_A_202,0.58501174,0.65021055,0.12410841,0.092023514,0.5101755,0.11170836,0.19719154
4itu_1HS_A_302,0.58501174,0.65021055,0.12410841,0.092023514,0.5101755,0.11170836,0.19719154
4itu_1HS_B_302,0.58501174,0.65021055,0.12410841,0.092023514,0.5101755,0.11170836,0.19719154
4itu_1HS_D_302,0.58501174,0.65021055,0.12410841,0.092023514,0.5101755,0.11170836,0.19719154
4ixw_IXW_B_302,0.58501174,0.65021055,0.12410841,0.092023514,0.5101755,0.11170836,0.19719154
4j0k_EGR_A_501,0.58501174,0.65021055,0.12410841,0.092023514,0.5101755,0.11170836,0.19719154
4j0k_EGR_B_501,0.58501174,0.65021055,0.12410841,0.092023514,0.5101755,0.11170836,0.19719154
4j4b_0TF_A_904,0.58501174,0.65021055,0.12410841,0.092023514,0.5101755,0.11170836,0.19719154
4j4b_0TF_B_301,0.58501174,0.65021055,0.12410841,0.092023514,0.5101755,0.11170836,0.19719154
4j5h_1K4_A_303,0.58501174,0.65021055,0.12410841,0.092023514,0.5101755,0.11170836,0.19719154
4j7u_YTZ_A_802,0.58501174,0.65021055,0.12410841,0.092023514,0.5101755,0.11170836,0.19719154
4j7u_YTZ_B_802,0.94858893,0.89629386,0.12410841,0.2496659,0.028202588,0.11170836,0.44476648
4j7u_YTZ_D_802,0.58501174,0.65021055,0.12410841,0.092023514,0.5101755,0.11170836,0.19719154
4jb0_ENO_A_402,0.58501174,0.65021055,0.12410841,0.092023514,0.5101755,0.11170836,0.19719154
4jb0_FER_A_401,0.58501174,0.65021055,0.12410841,0.092023514,0.5101755,0.11170836,0.19719154
4jh6_FCN_A_202,0.58501174,0.65021055,0.12410841,0.092023514,0.5101755,0.11170836,0.19719154
4jh6_FCN_B_202,0.58501174,0.65021055,0.12410841,0.092023514,0.5101755,0.11170836,0.19719154
4jhh_H35_A_201,0.58501174,0.65021055,0.12410841,0.092023514,0.5101755,0.11170836,0.19719154
4jp3_CIT_A_301,0.58501174,0.65021055,0.12410841,0.092023514,0.5101755,0.11170836,0.19719154
4jwx_1N4_A_301,0.58501174,0.65021055,0.12410841,0.092023514,0.5101755,0.11170836,0.19719154
4jxh_HRC_A_301,0.58501174,0.65021055,0.12410841,0.092023514,0.5101755,0.11170836,0.19719154
4jzx_476_A_402,0.58501174,0.65021055,0.12410841,0.092023514,0.5101755,0.11170836,0.19719154
4jzx_IPE_A_401,0.58501174,0.65021055,0.12410841,0.092023514,0.5101755,0.11170836,0.19719154
4k5g_Q13_A_803,0.58501174,0.65021055,0.12410841,0.092023514,0.5101755,0.11170836,0.19719154
4k5g_Q13_B_803,0.58501174,0.65021055,0.12410841,0.092023514,0.5101755,0.11170836,0.19719154
4k5u_GAL_B_301,0.58501174,0.65021055,0.12410841,0.092023514,0.5101755,0.11170836,0.19719154
4k5u_GAL_C_301,0.58501174,0.65021055,0.12410841,0.092023514,0.5101755,0.11170836,0.19719154
4k5u_GAL_D_301,0.58501174,0.65021055,0.12410841,0.092023514,0.5101755,0.11170836,0.19719154
4k90_MLA_A_704,0.58501174,0.65021055,0.12410841,0.092023514,0.5101755,0.11170836,0.19719154
4kfj_1R0_A_202,0.58501174,0.65021055,0.12410841,0.092023514,0.5101755,0.11170836,0.19719154
4kp7_1UQ_B_502,0.58501174,0.65021055,0.12410841,0.092023514,0.5101755,0.11170836,0.19719154
4kqk_PCR_A_403,0.58501174,0.65021055,0.12410841,0.092023514,0.5101755,0.11170836,0.19719154
4kqk_PCR_B_703,0.58501174,0.65021055,0.12410841,0.092023514,0.5101755,0.11170836,0.19719154
4kqx_HIO_A_402,0.58501174,0.65021055,0.12410841,0.092023514,0.5101755,0.11170836,0.19719154
4kqx_HIO_B_401,0.58501174,0.65021055,0.12410841,0.092023514,0.5101755,0.11170836,0.19719154
4kux_FPS_A_704,0.58501174,0.65021055,0.12410841,0.092023514,0.5101755,0.11170836,0.19719154
4kux_FPS_B_405,0.58501174,0.65021055,0.12410841,0.092023514,0.5101755,0.11170836,0.19719154
4kux_FPS_C_705,0.58501174,0.65021055,0.12410841,0.092023514,0.5101755,0.11170836,0.19719154
4kux_FPS_D_704,0.58501174,0.65021055,0.12410841,0.092023514,0.5101755,0.11170836,0.19719154
4kwl_3SS_A_302,0.58501174,0.65021055,0.12410841,0.092023514,0.5101755,0.11170836,0.19719154
4l1x_STR_A_402,0.58501174,0.65021055,0.12410841,0.092023514,0.5101755,0.11170836,0.19719154
4l1x_STR_B_402,0.58501174,0.65021055,0.12410841,0.092023514,0.5101755,0.11170836,0.19719154
4l4d_CAM_A_503,0.58501174,0.65021055,0.12410841,0.092023514,0.5101755,0.11170836,0.19719154
4l7p_M95_A_601,0.58501174,0.65021055,0.12410841,0.092023514,0.5101755,0.11170836,0.19719154
4l80_OXL_A_402,0.58501174,0.65021055,0.12410841,0.092023514,0.5101755,0.11170836,0.19719154
4l80_OXL_B_402,0.58501174,0.65021055,0.12410841,0.092023514,0.5101755,0.11170836,0.19719154
4l80_OXL_C_402,0.58501174,0.65021055,0.12410841,0.092023514,0.5101755,0.11170836,0.19719154
4l80_OXL_D_402,0.58501174,0.65021055,0.12410841,0.092023514,0.5101755,0.11170836,0.19719154
4l80_OXL_E_402,0.99179727,0.96785202,0.12410841,0.26750332,0,0.11170836,0.47571561
4l80_OXL_F_402,0.58501174,0.65021055,0.12410841,0.092023514,0.5101755,0.074205979,0.19719154
4l8q_XMM_A_303,0.58501174,0.65021055,0.12410841,0.092023514,0.5101755,0.11170836,0.19719154
4l91_X29_A_301,0.99558306,0.9896262,0.12410841,0.1131584,0.73666218,0.11170836,0
4lek_1DN_X_202,0.58501174,0.65021055,0.12410841,0.092023514,0.5101755,0.11170836,0.19719154
4lm7_U5P_A_201,0.58501174,0.65021055,0.12410841,0.092023514,0.5101755,0.11170836,0.19719154
4lo1_GAL_A_301,0.58501174,0.65021055,0.12410841,0.092023514,0.5101755,0.11170836,0.19719154
4lo1_GAL_B_301,0.58501174,0.65021055,0.12410841,0.092023514,0.5101755,0.11170836,0.19719154
4lol_1YE_A_402,0.99567078,0.97010127,0.12410841,0.26809266,3.5719712e-09,0.11170836,0.47611776
4luu_BTM_A_704,0.58501174,0.65021055,0.12410841,0.092023514,0.5101755,0.11170836,0.19719154
4lvb_20N_B_601,0.58501174,0.65021055,0.12410841,0.092023514,0.5101755,0.11170836,0.19719154
4lxi_22J_A_301,0.58501174,0.65021055,0.12410841,0.092023514,0.5101755,0.11170836,0.19719154
4lz3_BTM_A_409,0.58501174,0.65021055,0.12410841,0.092023514,0.5101755,0.11170836,0.19719154
4lz7_1YW_B_804,0.58501174,0.65021055,0.12410841,0.092023514,0.5101755,0.11170836,0.19719154
4lz7_1YW_C_804,0.58501174,0.65021055,0.12410841,0.092023514,0.5101755,0.11170836,0.19719154
4m2c_DAR_C_402,0.58501174,0.65021055,0.12410841,0.092023514,0.5101755,0.11170836,0.19719154
4m2c_DAR_D_402,0.58501174,0.65021055,0.12410841,0.092023514,0.5101755,0.11170836,0.19719154
4m54_AE5_A_403,0.58501174,0.65021055,0.12410841,0.092023514,0.5101755,0.11170836,0.19719154
4m72_M72_B_402,0.58501174,0.65021055,0.12410841,0.092023514,0.5101755,0.11170836,0.19719154
4ma8_Z80_C_301,0.58501174,0.65021055,0.12410841,0.092023514,0.5101755,0.11170836,0.19719154
4mgj_CPZ_A_502,0.58501174,0.65021055,0.12410841,0.092023514,0.5101755,0.11170836,0.19719154
4mig_G3F_A_802,0.58501174,0.65021055,0.12410841,0.092023514,0.5101755,0.11170836,0.19719154
4mig_G3F_B_802,0.58501174,0.65021055,0.12410841,0.092023514,0.5101755,0.11170836,0.19719154
4mig_G3F_D_802,0.58501174,0.65021055,0.12410841,0.092023514,0.5101755,0.11170836,0.19719154
4mju_27S_A_501,0.58501174,0.65021055,0.12410841,0.092023514,0.5101755,0.11170836,0.19719154
4mog_G3F_A_802,0.58501174,0.65021055,0.12410841,0.092023514,0.5101755,0.11170836,0.19719154
4mol_2FG_C_703,0.58501174,0.65021055,0.12410841,0.092023514,0.5101755,0.11170836,0.19719154
4mol_2FG_D_802,0.58501174,0.65021055,0.12410841,0.092023514,0.5101755,0.11170836,0.19719154
4mop_2H5_A_802,0.58501174,0.65021055,0.12410841,0.092023514,0.5101755,0.11170836,0.19719154
4mop_2H5_B_802,0.58501174,0.65021055,0.12410841,0.092023514,0.5101755,0.11170836,0.19719154
4mop_2H5_C_703,0.58501174,0.65021055,0.12410841,0.092023514,0.5101755,0.11170836,0.19719154
4mpr_TPP_A_602,0.58501174,0.65021055,0.12410841,0.092023514,0.5101755,0.11170836,0.19719154
4mr7_2BV_A_501,0.58501174,0.65021055,0.12410841,0.092023514,0.5101755,0.11170836,0.19719154
4mr8_2BW_A_507,0.58501174,0.65021055,0.12410841,0.092023514,0.5101755,0.11170836,0.19719154
4mux_2E4_A_402,0.56853492,0,0.12410841,0,0.69855967,0.11170836,0
4n36_2F8_A_401,0.58501174,0.65021055,0.12410841,0.092023514,0.5101755,0.11170836,0.19719154
4n36_2F8_B_401,0.58501174,0.65021055,0.12410841,0.092023514,0.5101755,0.11170836,0.19719154
4n36_2F8_C_401,0.58501174,0.65021055,0.12410841,0.092023514,0.5101755,0.11170836,0.19719154
4n4j_HG1_A_605,0.58501174,0.65021055,0.12410841,0.092023514,0.5101755,0.11170836,0.19719154
4n4j_HG1_A_606,0.58501174,0.65021055,0.12410841,0.092023514,0.5101755,0.11170836,0.19719154
4n4j_HG1_A_607,0.58501174,0.65021055,0.12410841,0.092023514,0.5101755,0.11170836,0.19719154
4n4j_HG1_A_608,0.58501174,0.65021055,0.12410841,0.092023514,0.5101755,0.11170836,0.19719154
4n5p_2H0_E_412,0.58501174,0.65021055,0.12410841,0.092023514,0.5101755,0.11170836,0.19719154
4n6w_FLC_A_203,0.58501174,0.65021055,0.12410841,0.092023514,0.5101755,0.11170836,0.19719154
4n94_2HO_A_401,0.58501174,0.65021055,0.12410841,0.092023514,0.5101755,0.11170836,0.19719154
4n9v_AZA_A_401,0.58501174,0.65021055,0.12410841,0.092023514,0.5101755,0.11170836,0.19719154
4n9v_AZA_A_402,0.58501174,0.65021055,0.12410841,0.092023514,0.5101755,0.11170836,0.19719154
4n9v_AZA_A_403,0.58501174,0.65021055,0.12410841,0.092023514,0.5101755,0.11170836,0.19719154
4ndn_PPK_A_406,0.58501174,0.65021055,0.12410841,0.092023514,0.5101755,0.11170836,0.19719154
4ndn_PPK_C_404,0.58501174,0.65021055,0,0.092023514,0.5101755,0.11170836,0.19719154
4nf4_2JK_A_301,0.58501174,0.65021055,0.12410841,0.092023514,0.5101755,0.11170836,0.19719154
4ni1_2JX_A_203,0.58501174,0.65021055,0.12410841,0.092023514,0.5101755,0.11170836,0.19719154
4ni1_2JX_A_204,0.58501174,0.65021055,0.12410841,0.092023514,0.5101755,0.11170836,0.19719154
4nir_6DH_A_307,0.58501174,0.65021055,0.12410841,0.092023514,0.5101755,0.11170836,0.19719154
4nir_6DH_A_308,0.58501174,0.65021055,0.12410841,0.092023514,0.5101755,0.11170836,0.19719154
4nir_6DH_B_306,0.58501174,0.65021055,0.12410841,0.092023514,0.5101755,0.11170836,0.19719154
4nkw_PLO_A_601,0.58501174,0.65021055,0.12410841,0.092023514,0.5101755,0.11170836,0.19719154
4nkw_PLO_B_601,0.58501174,0.65021055,0.12410841,0.092023514,0.5101755,0.11170836,0.19719154
4nkw_PLO_C_601,0.58501174,0.65021055,0.12410841,0.092023514,0.5101755,0.11170836,0.19719154
4nkw_PLO_D_601,0.58501174,0.65021055,0.12410841,0.092023514,0.5101755,0.11170836,0.19719154
4np7_DPJ_A_403,0.58501174,0.65021055,0.12410841,0.092023514,0.5101755,0.11170836,0.19719154
4npm_SIN_A_301,0.99523311,0.40064671,0.12410841,0.0090290684,0.96441396,0.11170836,0
4nv0_MG7_B_402,0.58501174,0.65021055,0.12410841,0.092023514,0.5101755,0.11170836,0.19719154
4o7g_ASC_B_303,0.58501174,0.65021055,0.12410841,0.092023514,0.5101755,0.11170836,0.19719154
4o7g_ASC_B_304,0.58501174,0.65021055,0.12410841,0.092023514,0.5101755,0.11170836,0.19719154
4o95_245_A_602,0.58501174,0.65021055,0.12410841,0.092023514,0.5101755,0.11170836,0.19719154
4ocu_NDG_A_401,0.58501174,0.65021055,0.12410841,0.092023514,0.5101755,0.11170836,0.19719154
4ofu_DHT_A_1001,0.58501174,0.65021055,0.12410841,0.092023514,0.5101755,0.11170836,0.19719154
4ovl_1TD_A_308,0.58501174,0.65021055,0.12410841,0.092023514,0.5101755,0.11170836,0.19719154
4ox5_DAL_A_307,0.58501174,0.65021055,0.12410841,0.092023514,0.5101755,0.11170836,0.19719154
4oxy_1TN_A_302,0.58501174,0.65021055,0.12410841,0.092023514,0.5101755,0.11170836,0.19719154
4oxy_1TN_B_302,0.58501174,0.65021055,0.12410841,0.092023514,0.5101755,0.11170836,0.19719154
4p5y_NGA_A_201,0.58501174,0.65021055,0.12410841,0.092023514,0.5101755,0.11170836,0.19719154
4p7q_NAG_A_703,0.58501174,0.65021055,0.12410841,0.092023514,0.5101755,0.11170836,0.19719154
4p7q_NAG_A_704,0.56760351,0,0.12410841,3.5244778e-24,0.50050421,0.11170836,0
4p7q_NAG_A_706,0.58501174,0.65021055,0.12410841,0.092023514,0.5101755,0.11170836,0.19719154
4p8c_2J3_A_504,0.58501174,0.65021055,0.12410841,0.092023514,0.5101755,0.11170836,0.19719154
4p8c_Y22_B_502,0.58501174,0.65021055,0.12410841,0.092023514,0.5101755,0.11170836,0.19719154
4pb4_PLP_A_401,0.58501174,0.65021055,0.12410841,0.092023514,0.5101755,0.11170836,0.19719154
4pb4_PLP_B_401,0.58501174,0.65021055,0.12410841,0.092023514,0.5101755,0.11170836,0.19719154
4pbr_2L7_A_401,0.58501174,0.65021055,0.12410841,0.092023514,0.5101755,0.11170836,0.19719154
4pgi_Y69_A_303,0.58501174,0.65021055,0.12410841,0.092023514,0.5101755,0.11170836,0.19719154
4pik_MAN_C_503,0.58501174,0.65021055,0.12410841,0.092023514,0.5101755,0.11170836,0.19719154
4pxd_1AL_A_502,0.58501174,0.65021055,0.12410841,0.092023514,0.5101755,0.11170836,0.19719154
4pxd_1AL_B_502,0.58501174,0.65021055,0.12410841,0.092023514,0.5101755,0.11170836,0.19719154
4q3a_2YC_A_904,0.58501174,0.65021055,0.12410841,0.092023514,0.5101755,0.11170836,0.19719154
4q3a_2YC_B_904,0.58501174,0.65021055,0.12410841,0.092023514,0.5101755,0.11170836,0.19719154
4q3a_2YC_C_904,0.58501174,0.65021055,0.12410841,0.092023514,0.5101755,0.11170836,0.19719154
4q40_VAL_A_403,0.58501174,0.65021055,0.12410841,0.092023514,0.5101755,0.11170836,0.19719154
4q40_VAL_B_403,0.58501174,0.65021055,0.12410841,0.092023514,0.5101755,0.11170836,0.19719154
4q40_VAL_C_404,0,0,0.12410841,0.070090821,4.1151926e-07,0.11170836,0.24767542
4q40_VAL_D_403,0.58501174,0.65021055,0.12410841,0.092023514,0.5101755,0.11170836,0.19719154
4qbz_D80_A_917,0.58501174,0.65021055,0.12410841,0.092023514,0.5101755,0.11170836,0.19719154
4qbz_D80_B_901,0.58501174,0.65021055,0.12410841,0.092023514,0.5101755,0.11170836,0.19719154
4qck_ASD_A_404,0.58501174,0.65021055,0.12410841,0.092023514,0.5101755,0.11170836,0.19719154
4qe1_RUU_A_403,0.58501174,0.65021055,0.12410841,0.092023514,0.5101755,0.11170836,0.19719154
4qpe_37E_A_901,0.58501174,0.65021055,0.12410841,0.092023514,0.5101755,0.11170836,0.19719154
4qxc_OGA_A_600,0.58501174,0.65021055,0.12410841,0.092023514,0.5101755,0.11170836,0.19719154
4qxc_OGA_C_600,0.58501174,0.65021055,0.12410841,0.092023514,0.5101755,0.11170836,0.19719154
4qya_LU2_A_201,0.58501174,0.65021055,0.12410841,0.092023514,0.5101755,0.11170836,0.19719154
4qya_LU2_B_201,0.58501174,0.65021055,0.12410841,0.092023514,0.5101755,0.11170836,0.19719154
4r08_URI_D_901,0.58501174,0.65021055,0.12410841,0.092023514,0.5101755,0.11170836,0.19719154
4r2n_PHE_C_402,0.58501174,0.65021055,0.12410841,0.092023514,0.5101755,0.11170836,0.19719154
4r2n_PLP_A_401,0.58501174,0.65021055,0.12410841,0.092023514,0.5101755,0.11170836,0.19719154
4r3n_3GQ_B_404,0.58501174,0.65021055,0.12410841,0.092023514,0.5101755,0.11170836,0.19719154
4rcv_DE2_A_403,0.58501174,0.65021055,0.12410841,0.092023514,0.5101755,0.11170836,0.19719154
4rg3_ECE_A_603,0.39722291,0.98836796,0.12410841,0.021970827,0.97367801,0.11170836,0.12902683
4rii_TYD_A_401,0.58501174,0.65021055,0.12410841,0.092023514,0.5101755,0.11170836,0.19719154
4rii_TYD_B_401,0.58501174,0.65021055,0,0.092023514,0.5101755,0.11170836,0.19719154
4rje_PYR_A_402,0.58501174,0.65021055,0.12410841,0.092023514,0.5101755,0.11170836,0.19719154
4rje_PYR_C_402,0.58501174,0.65021055,0.12410841,0.092023514,0.5101755,0.11170836,0.19719154
4rkz_3S4_B_401,0.58501174,0.65021055,0.12410841,0.092023514,0.5101755,0.11170836,0.19719154
4rm3_FOA_A_1000,0.58501174,0.65021055,0.12410841,0.092023514,0.5101755,0.11170836,0.19719154
4rm3_FOA_B_1000,0.58501174,0.65021055,0.12410841,0.092023514,0.5101755,0.11170836,0.19719154
4rql_SNE_A_505,0.66304202,0.89078395,0.12410841,0.073097521,0.73233141,0.11170836,0
4rql_SNE_B_502,0.58501174,0.65021055,0.12410841,0.092023514,0.5101755,0.11170836,0.19719154
4s38_CDI_A_900,0.58501174,0.65021055,0.12410841,0.092023514,0.5101755,0.11170836,0.19719154
4tq4_DMA_B_403,0.58501174,0.65021055,0.12410841,0.092023514,0.5101755,0.11170836,0.19719154
4tq4_DMA_C_403,0.58501174,0.65021055,0.12410841,0.092023514,0.5101755,0.11170836,0.19719154
4tq4_DMA_D_403,0.58501174,0.65021055,0.12410841,0.092023514,0.5101755,0.11170836,0.19719154
4tqi_6BD_A_201,0.58501174,0.65021055,0.12410841,0.092023514,0.5101755,0.11170836,0.19719154
4tqi_6BD_B_201,0.58501174,0.65021055,0.12410841,0.092023514,0.5101755,0.11170836,0.19719154
4trj_665_A_501,0.58501174,0.65021055,0.12410841,0.092023514,0.5101755,0.11170836,0.19719154
4tsk_TLA_A_404,0.58501174,0.65021055,0.12410841,0.092023514,0.5101755,0.11170836,0.19719154
4tyv_BGC_B_701,0.58501174,0.65021055,0.12410841,0.092023514,0.5101755,0.11170836,0.19719154
4u7g_K17_B_303,0.58501174,0.65021055,0.12410841,0.092023514,0.5101755,0.11170836,0.19719154
4u8p_UDP_C_603,0.56760351,0,0.12410841,0,0.50050421,0.11170836,0
4u8y_MIY_B_1102,0.58501174,0.65021055,0.12410841,0.092023514,0.5101755,0.11170836,0.19719154
4ubp_HAE_C_800,0.58501174,0.65021055,0.12410841,0.092023514,0.5101755,0.11170836,0.19719154
4uc9_ASP_A_1300,0.58501174,0.65021055,0.12410841,0.092023514,0.5101755,0.11170836,0.19719154
4uc9_ASP_B_1300,0.58501174,0.65021055,0.12410841,0.092023514,0.5101755,0.11170836,0.19719154
4uc9_ASP_C_1300,0.58501174,0.65021055,0.12410841,0.092023514,0.5101755,0.11170836,0.19719154
4uch_OLW_A_800,0.58501174,0.65021055,0.12410841,0.092023514,0.5101755,0.11170836,0.19719154
4ud9_FQI_H_1257,0.58501174,0.65021055,0.12410841,0.092023514,0.5101755,0.11170836,0.19719154
4udc_DEX_A_1778,0.58501174,0.65021055,0.12410841,0.092023514,0.5101755,0.11170836,0.19719154
4ug6_XFJ_A_904,0.58501174,0.65021055,0.12410841,0.092023514,0.5101755,0.11170836,0.19719154
4ug7_1EV_A_904,0.58501174,0.65021055,0.12410841,0.092023514,0.5101755,0.11170836,0.19719154
4ugf_Q16_A_904,0,0.97343389,0.12410841,0.078872679,0.52305092,0.11170836,0.34232188
4ugg_S5D_A_904,0.58501174,0.65021055,0.12410841,0.092023514,0.5101755,0.11170836,0.19719154
4umd_CIT_A_1174,0.58501174,0.65021055,0.12410841,0.092023514,0.5101755,0.11170836,0.19719154
4uoc_NCN_B_400,0.58501174,0.65021055,0.12410841,0.092023514,0.5101755,0.11170836,0.19719154
4upd_7P9_B_1550,0.58501174,0.65021055,0.12410841,0.092023514,0.5101755,0.11170836,0.19719154
4ur9_BK9_A_1717,0.58501174,0.65021055,0.12410841,0.092023514,0.5101755,0.11170836,0.19719154
4ur9_BK9_B_1717,0.58501174,0.65021055,0.12410841,0.092023514,0.5101755,0.11170836,0.19719154
4ur9_OAN_B_1718,0.58501174,0.65021055,0.12410841,0.092023514,0.5101755,0.11170836,0.19719154
4uy7_HIS_A_800,0.58501174,0.65021055,0.12410841,0.092023514,0.5101755,0.11170836,0.19719154
4uy7_HIS_B_800,0.58501174,0.65021055,0.12410841,0.092023514,0.5101755,0.11170836,0.19719154
4uzi_IMD_B_1455,0.58501174,0.65021055,0.12410841,0.092023514,0.5101755,0.11170836,0.19719154
4uzi_IMD_B_1456,0.58501174,0.65021055,0.12410841,0.092023514,0.5101755,0.11170836,0.19719154
4v2z_Y70_A_151,0.58501174,0.65021055,0,0.092023514,0.5101755,0.11170836,0.19719154
4v36_LYN_A_1851,0.58501174,0.65021055,0.12410841,0.092023514,0.5101755,0.11170836,0.19719154
4v3w_E2Z_A_800,0.58501174,0.65021055,0.12410841,0.092023514,0.5101755,0.11170836,0.19719154
4v3w_E2Z_B_800,0.58501174,0.65021055,0.12410841,0.092023514,0.5101755,0.11170836,0.19719154
4w1v_3GS_B_502,0.58501174,0.65021055,0.12410841,0.092023514,0.5101755,0.11170836,0.19719154
4wbd_CIT_A_602,0.58501174,0.65021055,0.12410841,0.092023514,0.5101755,0.11170836,0.19719154
4wca_CIT_A_401,0.58501174,0.65021055,0.12410841,0.092023514,0.5101755,0.11170836,0.19719154
4wdd_CIT_A_401,0.58501174,0.65021055,0.12410841,0.092023514,0.5101755,0.11170836,0.19719154
4wdx_WDX_A_402,0.58501174,0.65021055,0.12410841,0.092023514,0.5101755,0.11170836,0.19719154
4wmz_TPF_A_602,0.58501174,0.65021055,0.12410841,0.092023514,0.5101755,0.11170836,0.19719154
4wqq_MAN_A_204,0.58501174,0.65021055,0.12410841,0.092023514,0.5101755,0.11170836,0.19719154
4wqq_MAN_B_204,0.58501174,0.65021055,0.12410841,0.092023514,0.5101755,0.11170836,0.19719154
4wqq_MAN_C_204,0.58501174,0.65021055,0.12410841,0.092023514,0.5101755,0.11170836,0.19719154
4wqq_MAN_D_204,0.58501174,0.65021055,0.12410841,0.092023514,0.5101755,0.11170836,0.19719154
4ws1_URF_A_301,0.58501174,0.65021055,0,0.092023514,0.5101755,0.11170836,0.19719154
4ws6_WBU_A_301,0.58501174,0.65021055,0.12410841,0.092023514,0.5101755,0.11170836,0.19719154
4wua_3UL_A_701,0.58501174,0.65021055,0.12410841,0.092023514,0.5101755,0.11170836,0.19719154
4wxb_CIT_A_501,0.58501174,0.65021055,0.12410841,0.092023514,0.5101755,0.11170836,0.19719154
4wxb_CIT_B_501,0.58501174,0.65021055,0.12410841,0.092023514,0.5101755,0.11170836,0.19719154
4wxb_CIT_C_501,0.58501174,0.65021055,0.12410841,0.092023514,0.5101755,0.11170836,0.19719154
4wxb_CIT_D_501,0.58501174,0.65021055,0.12410841,0.092023514,0.5101755,0.11170836,0.19719154
4x2f_3WJ_A_601,0.58501174,0.65021055,0.12410841,0.092023514,0.5101755,0.11170836,0.19719154
4x36_CHT_A_408,0.58501174,0.65021055,0.12410841,0.092023514,0.5101755,0.11170836,0.19719154
4x36_CHT_A_409,0.58501174,0.65021055,0.12410841,0.092023514,0.5101755,0.11170836,0.19719154
4x36_CHT_A_411,0.58501174,0.65021055,0.12410841,0.092023514,0.5101755,0.11170836,0.19719154
4x36_CHT_A_412,0.58501174,0.65021055,0.12410841,0.092023514,0.5101755,0.11170836,0.19719154
4x3j_3WR_A_1201,0.58501174,0.65021055,0.12410841,0.092023514,0.5101755,0.11170836,0.19719154
4xf0_CYS_A_502,0.58501174,0.65021055,0.12410841,0.092023514,0.5101755,0.11170836,0.19719154
4xfh_CYS_A_502,0.58501174,0.65021055,0.12410841,0.092023514,0.5101755,0.11170836,0.19719154
4xh4_PPI_A_504,0.58501174,0.65021055,0.12410841,0.092023514,0.5101755,0.11170836,0.19719154
4xp0_42A_A_404,0.58501174,0.65021055,0.12410841,0.092023514,0.5101755,0.11170836,0.19719154
4xp3_DX4_A_401,0.58501174,0.65021055,0.12410841,0.092023514,0.5101755,0.11170836,0.19719154
4xpq_FUL_A_1003,0.58501174,0.65021055,0.12410841,0.092023514,0.5101755,0.11170836,0.19719154
4xpq_FUL_A_1004,0.58501174,0.65021055,0.12410841,0.092023514,0.5101755,0.11170836,0.19719154
4xti_IMP_A_601,0.58501174,0.65021055,0.12410841,0.092023514,0.5101755,0.11170836,0.19719154
4xti_IMP_B_601,0.58501174,0.65021055,0.12410841,0.092023514,0.5101755,0.11170836,0.19719154
4xv4_25T_A_302,0.58501174,0.65021055,0.12410841,0.092023514,0.5101755,0.11170836,0.19719154
4xv4_25T_A_303,0.58501174,0.65021055,0.12410841,0.092023514,0.5101755,0.11170836,0.19719154
4xz9_G3P_B_302,0.58501174,0.65021055,0.12410841,0.092023514,0.5101755,0.11170836,0.19719154
4xz9_G3P_C_302,0.58501174,0.65021055,0.12410841,0.092023514,0.5101755,0.11170836,0.19719154
4xzh_48I_A_402,0.58501174,0.65021055,0.12410841,0.092023514,0.5101755,0.11170836,0.19719154
4xzh_48I_B_402,0.58501174,0.65021055,0.12410841,0.092023514,0.5101755,0.11170836,0.19719154
4y14_C0A_A_407,0.58501174,0.65021055,0.12410841,0.092023514,0.5101755,0.11170836,0.19719154
4y14_C0A_B_404,0.58501174,0.65021055,0.12410841,0.092023514,0.5101755,0.11170836,0.19719154
4y6n_3PG_A_402,0.58501174,0.65021055,0.12410841,0.092023514,0.5101755,0.11170836,0.19719154
4yjs_4DN_A_701,0.58501174,0.65021055,0.12410841,0.092023514,0.5101755,0.11170836,0.19719154
4ynu_LGC_A_602,0.58501174,0.65021055,0.12410841,0.092023514,0.5101755,0.11170836,0.19719154
4ysx_MLI_A_701,0.58501174,0.65021055,0.12410841,0.092023514,0.5101755,0.11170836,0.19719154
4ysx_MLI_E_701,0.58501174,0.65021055,0.12410841,0.092023514,0.5101755,0.11170836,0.19719154
4yu7_DHC_A_203,0.58501174,0.65021055,0.12410841,0.092023514,0.5101755,0.11170836,0.19719154
4yu7_DHC_A_204,0.58501174,0.65021055,0.12410841,0.092023514,0.5101755,0.11170836,0.19719154
4yu7_DHC_B_203,0.58501174,0.65021055,0.12410841,0.092023514,0.5101755,0.11170836,0.19719154
4ywb_OXD_C_704,0.58501174,0.65021055,0.12410841,0.092023514,0.5101755,0.11170836,0.19719154
4ywd_NTM_A_704,0.58501174,0.65021055,0.12410841,0.092023514,0.5101755,0.11170836,0.19719154
4z1d_PEP_A_300,0.58501174,0.65021055,0.12410841,0.092023514,0.5101755,0.11170836,0.19719154
4z1d_PEP_B_300,0.58501174,0.65021055,0.12410841,0.092023514,0.5101755,0.11170836,0.19719154
4z69_DIF_A_1006,0.58501174,0.65021055,0.12410841,0.092023514,0.5101755,0.11170836,0.19719154
4z69_DIF_A_1008,0.56760351,0,0.12410841,4.4944661e-76,0.50050421,0.11170836,0
4z69_DIF_I_1006,0.56238915,0.4758969,0.12410841,9.8633028e-50,0.54723243,0.11170836,0.12441911
4z6p_DHY_C_403,0.98436267,0.98302604,0.12410841,0.06543192,0.99711357,0.11170836,0.069812855
4za7_4LV_A_606,0.58501174,0.65021055,0.12410841,0.092023514,0.5101755,0.11170836,0.19719154
4zb2_FRU_A_404,0.58501174,0.65021055,0.12410841,0.092023514,0.5101755,0.11170836,0.19719154
4zb2_GLC_A_403,0.58501174,0.65021055,0.12410841,0.092023514,0.5101755,0.11170836,0.19719154
4zb5_GLC_A_403,0.58501174,0.65021055,0.12410841,0.092023514,0.5101755,0.11170836,0.19719154
4zbc_FRU_A_409,0.58501174,0.65021055,0,0.092023514,0.5101755,0.11170836,0.19719154
4zbc_FRU_A_410,0.58501174,0.65021055,0.12410841,0.092023514,0.5101755,0.11170836,0.19719154
4zbc_FRU_B_408,0.58501174,0.65021055,0.12410841,0.092023514,0.5101755,0.11170836,0.19719154
4zbc_GLC_A_407,0.58501174,0.65021055,0.12410841,0.092023514,0.5101755,0.11170836,0.19719154
4zbc_GLC_A_408,0.58501174,0.65021055,0.12410841,0.092023514,0.5101755,0.11170836,0.19719154
4zdz_TPF_A_602,0.58501174,0.65021055,0.12410841,0.092023514,0.5101755,0.11170836,0.19719154
4zhd_4OZ_B_202,0.58501174,0.65021055,0.12410841,0.092023514,0.5101755,0.11170836,0.19719154
4zhd_4OZ_C_202,0.58501174,0.65021055,0.12410841,0.092023514,0.5101755,0.11170836,0.19719154
4zjz_BEZ_A_1001,0.58501174,0.65021055,0.12410841,0.092023514,0.5101755,0.11170836,0.19719154
4zjz_BEZ_B_601,0.58501174,0.65021055,0.12410841,0.092023514,0.5101755,0.11170836,0.19719154
4zo7_BGC_A_801,0.58501174,0.65021055,0.12410841,0.092023514,0.5101755,0.11170836,0.19719154
4zo7_BGC_A_802,0.58501174,0.65021055,0.12410841,0.092023514,0.5101755,0.11170836,0.19719154
4zo7_BGC_A_805,0.58501174,0.65021055,0.12410841,0.092023514,0.5101755,0.11170836,0.19719154
4zo7_GLC_A_806,0.58501174,0.65021055,0.12410841,0.092023514,0.5101755,0.11170836,0.19719154
4zqp_IMP_A_601,0.58501174,0.65021055,0.12410841,0.092023514,0.5101755,0.11170836,0.19719154
4zsy_RW2_A_502,0.58501174,0.65021055,0.12410841,0.092023514,0.5101755,0.11170836,0.19719154
4zsy_RW2_B_502,0.58501174,0.65021055,0.12410841,0.092023514,0.5101755,0.11170836,0.19719154
4zsy_RW2_C_502,0.58501174,0.65021055,0.12410841,0.092023514,0.5101755,0.11170836,0.19719154
4zsy_RW2_D_502,0.58501174,0.65021055,0.12410841,0.092023514,0.5101755,0.11170836,0.19719154
4zu3_4SD_A_301,0.58501174,0.65021055,0.12410841,0.092023514,0.5101755,0.11170836,0.19719154
4zu3_4SD_B_301,0.58501174,0.65021055,0.12410841,0.092023514,0.5101755,0.11170836,0.19719154
4zu3_4SD_B_302,0.58501174,0.65021055,0.12410841,0.092023514,0.5101755,0.11170836,0.19719154
4zu3_4SD_C_301,0.58501174,0.65021055,0.12410841,0.092023514,0.5101755,0.11170836,0.19719154
4zu3_4SD_D_301,0.58501174,0.65021055,0.12410841,0.092023514,0.5101755,0.11170836,0.19719154
4zu3_4SD_E_301,0.58501174,0.65021055,0.12410841,0.092023514,0.5101755,0.11170836,0.19719154
4zvv_GN0_A_405,0.58501174,0.65021055,0.12410841,0.092023514,0.5101755,0.11170836,0.19719154
4zvv_GN0_B_404,0.58501174,0.65021055,0.12410841,0.092023514,0.5101755,0.11170836,0.19719154
4zvv_GN0_C_403,0.58501174,0.65021055,0.12410841,0.092023514,0.5101755,0.11170836,0.19719154
4zvz_4TF_A_503,0.58501174,0.65021055,0.12410841,0.092023514,0.5101755,0.11170836,0.19719154
4zvz_4TF_B_503,0.58501174,0.65021055,0.12410841,0.092023514,0.5101755,0.11170836,0.19719154
4zvz_4TF_C_503,0.58501174,0.65021055,0.12410841,0.092023514,0.5101755,0.11170836,0.19719154
4zvz_4TF_D_503,0.58501174,0.65021055,0.12410841,0.092023514,0.5101755,0.11170836,0.19719154
5a02_GOL_A_1341,0.58501174,0.65021055,0.12410841,0.092023514,0.5101755,0.11170836,0.19719154
5a02_GOL_B_1342,0.58501174,0.65021055,0.12410841,0.092023514,0.5101755,0.11170836,0.19719154
5a02_GOL_C_1341,0.58501174,0.65021055,0.12410841,0.092023514,0.5101755,0.11170836,0.19719154
5a02_GOL_D_1341,0.58501174,0.65021055,0.12410841,0.092023514,0.5101755,0.11170836,0.19719154
5a02_GOL_E_1341,0.58501174,0.65021055,0.12410841,0.092023514,0.5101755,0.11170836,0.19719154
5a02_GOL_F_1342,0.58501174,0.65021055,0.12410841,0.092023514,0.5101755,0.11170836,0.19719154
5a66_3PO_A_1000,0.58501174,0.65021055,0.12410841,0.092023514,0.5101755,0.11170836,0.19719154
5a66_3PO_B_1000,0.58501174,0.65021055,0.12410841,0.092023514,0.5101755,0.11170836,0.19719154
5a7p_6Z1_A_1361,0.68338748,0.91689295,0.12410841,0.47022646,0.3134034,0.11170836,0.37146609
5a7p_6Z1_B_1361,0.58501174,0.65021055,0.12410841,0.092023514,0.5101755,0.11170836,0.19719154
5a86_D7E_A_1433,0.58501174,0.65021055,0.12410841,0.092023514,0.5101755,0.11170836,0.19719154
5a86_D7E_B_1432,0.58501174,0.65021055,0.12410841,0.092023514,0.5101755,0.11170836,0.19719154
5a8k_COM_A_556,0.58501174,0.65021055,0.12410841,0.092023514,0.5101755,0.11170836,0.19719154
5a8k_COM_D_555,0.58501174,0.65021055,0.12410841,0.092023514,0.5101755,0.11170836,0.19719154
5a8k_TP7_A_558,0.58501174,0.65021055,0.12410841,0.092023514,0.5101755,0.11170836,0.19719154
5a8k_TP7_D_554,0.58501174,0.65021055,0.12410841,0.092023514,0.5101755,0.11170836,0.19719154
5abz_Z47_A_201,0.58501174,0.65021055,0.12410841,0.092023514,0.5101755,0.11170836,0.19719154
5abz_Z47_B_201,0.58501174,0.65021055,0.12410841,0.092023514,0.5101755,0.11170836,0.19719154
5adi_TUE_A_800,0.58501174,0.65021055,0.12410841,0.092023514,0.5101755,0.11170836,0.19719154
5aew_BNL_C_462,0,0.99458514,0.12410841,0.081209578,0.52401074,0.11170836,0.34872348
5aew_BNL_I_462,0.58501174,0.65021055,0.12410841,0.092023514,0.5101755,0.11170836,0.19719154
5af9_SJR_H_1250,0.58501174,0.65021055,0.12410841,0.092023514,0.5101755,0.11170836,0.19719154
5afy_WCE_H_1248,0.58501174,0.65021055,0.12410841,0.092023514,0.5101755,0.11170836,0.19719154
5agl_CCW_B_800,0.58501174,0.65021055,0.12410841,0.092023514,0.5101755,0.11170836,0.19719154
5agn_4JK_A_800,0.58501174,0.65021055,0.12410841,0.092023514,0.5101755,0.11170836,0.19719154
5agn_4JK_B_800,0.58501174,0.65021055,0.12410841,0.092023514,0.5101755,0.11170836,0.19719154
5ahn_IMP_A_1468,0.58501174,0.65021055,0.12410841,0.092023514,0.5101755,0.11170836,0.19719154
5av3_KMP_A_300,0.58501174,0.65021055,0.12410841,0.092023514,0.5101755,0.11170836,0.19719154
5av4_GEN_A_400,0.58501174,0.65021055,0.12410841,0.092023514,0.5101755,0.11170836,0.19719154
5awd_IDQ_A_901,0.58501174,0.65021055,0.12410841,0.092023514,0.5101755,0.11170836,0.19719154
5b4o_6DQ_A_201,0.58501174,0.65021055,0.12410841,0.092023514,0.5101755,0.11170836,0.19719154
5b4o_6DQ_B_201,0.58501174,0.65021055,0.12410841,0.092023514,0.5101755,0.11170836,0.19719154
5b4o_6DQ_B_202,0.58501174,0.65021055,0.12410841,0.092023514,0.5101755,0.11170836,0.19719154
5b4o_6DQ_C_201,0.58501174,0.65021055,0.12410841,0.092023514,0.5101755,0.11170836,0.19719154
5b4u_MLA_A_302,0.58501174,0.65021055,0.12410841,0.092023514,0.5101755,0.11170836,0.19719154
5bk9_SIN_A_301,0.58501174,0.65021055,0.12410841,0.092023514,0.5101755,0.11170836,0.19719154
5bkd_AKG_A_502,0.58501174,0.65021055,0.12410841,0.092023514,0.5101755,0.11170836,0.19719154
5bkd_AKG_B_502,0.58501174,0.65021055,0.12410841,0.092023514,0.5101755,0.11170836,0.19719154
5bkd_RCF_B_503,0.58501174,0.65021055,0.12410841,0.092023514,0.5101755,0.11170836,0.19719154
5bwr_4VT_A_402,0.58501174,0.65021055,0.12410841,0.092023514,0.5101755,0.11170836,0.19719154
5c38_DA8_A_403,0.58501174,0.65021055,0.12410841,0.092023514,0.5101755,0.11170836,0.19719154
5c4i_TPP_C_402,0.58501174,0.65021055,0.12410841,0.092023514,0.5101755,0.11170836,0.19719154
5c4i_TPP_F_402,0.58501174,0.65021055,0.12410841,0.092023514,0.5101755,0.11170836,0.19719154
5c7v_PYC_A_804,0.58501174,0.65021055,0.12410841,0.092023514,0.5101755,0.11170836,0.19719154
5c8w_PCG_A_302,0.58501174,0.65021055,0.12410841,0.092023514,0.5101755,0.11170836,0.19719154
5c8w_PCG_B_303,0.58501174,0.65021055,0.12410841,0.092023514,0.5101755,0.11170836,0.19719154
5c8w_PCG_D_302,0.56760351,0,0.12410841,0,0.50050421,0.11170836,0
5c8w_PCG_F_302,0.58501174,0.65021055,0.12410841,0.092023514,0.5101755,0.11170836,0.19719154
5cak_4Z9_A_802,0.58501174,0.65021055,0.12410841,0.092023514,0.5101755,0.11170836,0.19719154
5cfw_53W_A_201,0.58501174,0.65021055,0.12410841,0.092023514,0.5101755,0.11170836,0.19719154
5cga_KP6_B_301,0.58501174,0.65021055,0.12410841,0.092023514,0.5101755,0.11170836,0.19719154
5cga_KP6_C_301,0.58501174,0.65021055,0.12410841,0.092023514,0.5101755,0.11170836,0.19719154
5cga_KP6_E_301,0.58501174,0.65021055,0.12410841,0.092023514,0.5101755,0.11170836,0.19719154
5cga_KP6_H_301,0.58501174,0.65021055,0.12410841,0.092023514,0.5101755,0.11170836,0.19719154
5ci9_549_A_401,0.58501174,0.65021055,0.12410841,0.092023514,0.5101755,0.11170836,0.19719154
5ci9_549_A_402,0.58501174,0.65021055,0.12410841,0.092023514,0.5101755,0.11170836,0.19719154
5cjn_52F_A_809,0.58501174,0.65021055,0.12410841,0.092023514,0.5101755,0.11170836,0.19719154
5clo_NS8_M_101,0.58501174,0.65021055,0.12410841,0.092023514,0.5101755,0.11170836,0.19719154
5cmb_GLY_A_301,0.58501174,0.65021055,0.12410841,0.092023514,0.5101755,0.11170836,0.19719154
5cpn_531_A_401,0.58501174,0.65021055,0.12410841,0.092023514,0.5101755,0.11170836,0.19719154
5cpn_531_B_401,0.59649955,0,0.12410841,0.014893509,0.51089962,0.11170836,0
5cpp_ADO_A_422,0.58501174,0.65021055,0.12410841,0.092023514,0.5101755,0.11170836,0.19719154
5cr1_STL_B_201,0.58501174,0.65021055,0.12410841,0.092023514,0.5101755,0.11170836,0.19719154
5cyf_FLC_A_301,0.58501174,0.65021055,0.12410841,0.092023514,0.5101755,0.11170836,0.19719154
5cyf_FLC_C_301,0.58501174,0.65021055,0.12410841,0.092023514,0.5101755,0.11170836,0.19719154
5d8u_0N8_A_203,0.96603555,0.98452081,0.12410841,0.1607531,0.52652045,0.11170836,0.26746996
5d9w_ASC_A_301,0.58501174,0.65021055,0.12410841,0.092023514,0.5101755,0.11170836,0.19719154
5dav_58J_A_402,0.58501174,0.65021055,0.12410841,0.092023514,0.5101755,0,0.19719154
5ddu_PMP_A_601,0.58501174,0.65021055,0.12410841,0.092023514,0.5101755,0.11170836,0.19719154
5ddu_PMP_B_601,0.58501174,0.65021055,0.12410841,0.092023514,0.5101755,0.11170836,0.19719154
5ddu_PMP_C_601,0.58501174,0.65021055,0.12410841,0.092023514,0.5101755,0.11170836,0.19719154
5ddu_PMP_D_601,0.58501174,0.65021055,0.12410841,0.092023514,0.5101755,0.11170836,0.19719154
5di7_5CQ_A_601,0.59649955,0,0.12410841,0.014893509,0.51089962,0.11170836,0
5di7_5CQ_B_601,0.58501174,0.65021055,0.12410841,0.092023514,0.5101755,0.11170836,0.19719154
5did_5CK_A_601,0.58501174,0.65021055,0.12410841,0.092023514,0.5101755,0.11170836,0.19719154
5did_5CK_B_601,0.58501174,0.65021055,0.12410841,0.092023514,0.5101755,0.11170836,0.19719154
5die_5CJ_A_601,0.58501174,0.65021055,0.12410841,0.092023514,0.5101755,0.11170836,0.19719154
5dky_NOJ_A_1000,0.58501174,0.65021055,0.12410841,0.092023514,0.5101755,0.11170836,0.19719154
5dmm_HCS_A_505,0.58501174,0.65021055,0.12410841,0.092023514,0.5101755,0.11170836,0.19719154
5dne_ASN_A_601,0.58501174,0.65021055,0.12410841,0.092023514,0.5101755,0.11170836,0.19719154
5dne_ASN_B_601,0.58501174,0.65021055,0.12410841,0.092023514,0.5101755,0.11170836,0.19719154
5dne_ASN_C_601,0.58501174,0.65021055,0.12410841,0.092023514,0.5101755,0.11170836,0.19719154
5dne_ASN_D_601,0.58501174,0.65021055,0.12410841,0.092023514,0.5101755,0.34306394,0.19719154
5dnx_5LD_A_203,0.58501174,0.65021055,0.12410841,0.092023514,0.5101755,0.11170836,0.19719154
5dnx_5LD_B_201,0.58501174,0.65021055,0.12410841,0.092023514,0.5101755,0.11170836,0.19719154
5dnx_5LD_B_205,0.58501174,0.65021055,0.12410841,0.092023514,0.5101755,0.11170836,0.19719154
5dr9_SKE_A_401,0.58501174,0.65021055,0.12410841,0.092023514,0.5101755,0.11170836,0.19719154
5dt0_SKE_A_401,0.58501174,0.65021055,0.12410841,0.092023514,0.5101755,0.11170836,0.19719154
5dw3_TRP_A_402,0.58501174,0.65021055,0.12410841,0.092023514,0.5101755,0.11170836,0.19719154
5dw3_TRP_C_402,0.58501174,0.65021055,0.12410841,0.092023514,0.5101755,0.11170836,0.19719154
5dw3_TRP_D_402,0.58501174,0.65021055,0.12410841,0.092023514,0.5101755,0.11170836,0.19719154
5dz2_212_A_404,0.98873409,0.9652972,0.12410841,0.26494258,0.0098241803,0.11170836,0.47109705
5dz2_212_B_404,0.58501174,0.65021055,0.12410841,0.092023514,0.5101755,0.11170836,0.19719154
5dzh_5KG_A_900,0.58501174,0.65021055,0.12410841,0.092023514,0.5101755,0.11170836,0.19719154
5dzh_5KG_B_901,0.58501174,0.65021055,0.12410841,0.092023514,0.5101755,0.11170836,0.19719154
5e4o_L57_A_201,0.58501174,0.65021055,0.12410841,0.092023514,0.5101755,0.11170836,0.19719154
5e4o_L57_B_201,0.58501174,0.65021055,0.12410841,0.092023514,0.5101755,0.11170836,0.19719154
5e4r_40E_A_504,0.58501174,0.65021055,0.12410841,0.092023514,0.5101755,0.11170836,0.19719154
5e9m_BAE_A_2001,0.58501174,0.65021055,0.12410841,0.092023514,0.5101755,0.11170836,0.19719154
5edh_5MF_A_803,0.58501174,0.65021055,0.12410841,0.092023514,0.5101755,0.11170836,0.19719154
5edh_5MF_B_803,0.58501174,0.65021055,0.12410841,0.092023514,0.5101755,0.11170836,0.19719154
5edh_5MF_D_803,0.58501174,0.65021055,0.12410841,0.092023514,0.5101755,0.11170836,0.19719154
5eo7_SFU_A_401,0.58501174,0.65021055,0.12410841,0.092023514,0.5101755,0.11170836,0.19719154
5eo7_SFU_A_402,0.58501174,0.65021055,0.12410841,0.092023514,0.5101755,0.11170836,0.19719154
5eo7_SFU_A_403,0.58501174,0.65021055,0.12410841,0.092023514,0.5101755,0.11170836,0.19719154
5eo7_SFU_B_401,0.58501174,0.65021055,0.12410841,0.092023514,0.5101755,0.11170836,0.19719154
5eo7_SFU_B_403,0.58501174,0.65021055,0.12410841,0.092023514,0.5101755,0.11170836,0.19719154
5eo7_SFU_B_404,0.58501174,0.65021055,0.12410841,0.092023514,0.5101755,0.11170836,0.19719154
5eo7_SFU_B_405,0.58501174,0.65021055,0.12410841,0.092023514,0.5101755,0.11170836,0.19719154
5eo7_SFU_C_401,0.58501174,0.65021055,0.12410841,0.092023514,0.5101755,0.11170836,0.19719154
5eo7_SFU_C_402,0.58501174,0.65021055,0.12410841,0.092023514,0.5101755,0.11170836,0.19719154
5eo7_SFU_C_403,0.58501174,0.65021055,0.12410841,0.092023514,0.5101755,0.11170836,0.19719154
5eo7_SFU_C_404,0.58501174,0.65021055,0.12410841,0.092023514,0.5101755,0.11170836,0.19719154
5eo7_SFU_C_405,0.58501174,0.65021055,0.12410841,0.092023514,0.5101755,0.11170836,0.19719154
5eo8_TFU_A_401,0.58501174,0.65021055,0.12410841,0.092023514,0.5101755,0.11170836,0.19719154
5eo8_TFU_A_402,0.58501174,0.65021055,0.12410841,0.092023514,0.5101755,0.11170836,0.19719154
5eo8_TFU_A_404,0.58501174,0.65021055,0.12410841,0.092023514,0.5101755,0.11170836,0.19719154
5eo8_TFU_A_405,0.58501174,0.65021055,0.12410841,0.092023514,0.5101755,0.11170836,0.19719154
5eo8_TFU_A_406,0.58501174,0.65021055,0.12410841,0.092023514,0.5101755,0.11170836,0.19719154
5eso_ISC_A_602,0.58501174,0.65021055,0.12410841,0.092023514,0.5101755,0.11170836,0.19719154
5eso_ISC_B_602,0.58501174,0.65021055,0.12410841,0.092023514,0.5101755,0.11170836,0.19719154
5ew8_5SF_A_803,0.58501174,0.65021055,0.12410841,0.092023514,0.5101755,0.11170836,0.19719154
5ew8_5SF_B_802,0.58501174,0.65021055,0.12410841,0.092023514,0.5101755,0,0.19719154
5ewc_5SJ_A_801,0.58501174,0.65021055,0.12410841,0.092023514,0.5101755,0.11170836,0.19719154
5ezp_IPJ_A_201,0.58501174,0.65021055,0.12410841,0.092023514,0.5101755,0.11170836,0.19719154
5ezp_IPJ_B_201,0.58501174,0.65021055,0.12410841,0.092023514,0.5101755,0.11170836,0.19719154
5ezp_IPJ_C_201,0.58501174,0.65021055,0.12410841,0.092023514,0.5101755,0.11170836,0.19719154
5ezp_IPJ_G_202,0.58501174,0.65021055,0.12410841,0.092023514,0.5101755,0.11170836,0.19719154
5f35_FLC_A_302,0.58501174,0.65021055,0.12410841,0.092023514,0.5101755,0.11170836,0.19719154
5f79_4V7_A_4000,0.59649955,0,0.12410841,0.014893509,0.51089962,0.11170836,0
5faj_DCS_A_401,0.58501174,0.65021055,0.12410841,0.092023514,0.5101755,0.11170836,0.19719154
5faj_DCS_B_401,0.58501174,0.65021055,0.12410841,0.092023514,0.5101755,0.11170836,0.19719154
5faj_DCS_C_401,0.58501174,0.65021055,0.12410841,0.092023514,0.5101755,0.11170836,0.19719154
5faj_DCS_D_401,0.58501174,0.65021055,0.12410841,0.092023514,0.5101755,0.11170836,0.19719154
5fay_CHT_A_908,0.58501174,0.65021055,0.12410841,0.092023514,0.5101755,0.11170836,0.19719154
5fay_CHT_B_906,0.58501174,0.65021055,0.12410841,0.092023514,0.5101755,0.11170836,0.19719154
5fc5_PC_A_516,0.58501174,0.65021055,0.12410841,0.092023514,0.5101755,0.11170836,0.19719154
5fe1_12Q_A_901,0.58501174,0.65021055,0.12410841,0.092023514,0.5101755,0.11170836,0.19719154
5fe1_12Q_B_901,0.58501174,0.65021055,0.12410841,0.092023514,0.5101755,0.11170836,0.19719154
5fe4_5WY_A_903,0.58501174,0.65021055,0.12410841,0.092023514,0.5101755,0.11170836,0.19719154
5fe4_5WY_B_904,0.58501174,0.65021055,0.12410841,0.092023514,0.5101755,0.11170836,0.19719154
5fh3_OXL_A_703,0.58501174,0.65021055,0.12410841,0.092023514,0.5101755,0.11170836,0.19719154
5fiu_Y3J_B_1299,0.58501174,0.65021055,0.12410841,0.092023514,0.5101755,0.11170836,0.19719154
5fiu_Y3J_C_1299,0.58501174,0.65021055,0.12410841,0.092023514,0.5101755,0.11170836,0.19719154
5fkl_TDC_A_222,0.58501174,0.65021055,0.12410841,0.092023514,0.5101755,0.11170836,0.19719154
5fli_QUE_A_301,0.58501174,0.65021055,0.12410841,0.092023514,0.5101755,0.11170836,0.19719154
5fli_QUE_C_301,0.58501174,0.65021055,0.12410841,0.092023514,0.5101755,0.11170836,0.19719154
5fli_QUE_D_301,0.58501174,0.65021055,0.12410841,0.092023514,0.5101755,0,0.19719154
5fli_QUE_E_301,0.58501174,0.65021055,0.12410841,0.092023514,0.5101755,0.11170836,0.19719154
5fli_QUE_F_301,0.58501174,0.65021055,0.12410841,0.092023514,0.5101755,0.11170836,0.19719154
5fli_QUE_G_301,0.58501174,0.65021055,0.12410841,0.092023514,0.5101755,0.11170836,0.19719154
5fli_QUE_H_301,0.58501174,0.65021055,0.12410841,0.092023514,0.5101755,0.11170836,0.19719154
5fli_QUE_J_301,0.58501174,0.65021055,0.12410841,0.092023514,0.5101755,0.11170836,0.19719154
5fp9_4SV_A_1342,0.58501174,0.65021055,0.12410841,0.092023514,0.5101755,0.11170836,0.19719154
5fqf_NGA_A_1588,0.58501174,0.65021055,0.12410841,0.092023514,0.5101755,0.11170836,0.19719154
5fqf_NGA_A_1589,0.58501174,0.65021055,0.12410841,0.092023514,0.5101755,0.11170836,0.19719154
5fqf_NGA_B_1585,0.9868576,0.97254082,0.12410841,0.066137536,0.98856648,0.11170836,0.06978963
5fqf_NGA_B_1586,0.58501174,0.65021055,0.12410841,0.092023514,0.5101755,0.11170836,0.19719154
5fuv_THM_B_1385,0.58501174,0.65021055,0.12410841,0.092023514,0.5101755,0.11170836,0.19719154
5fv3_OGA_A_1770,0.58501174,0.65021055,0.12410841,0.092023514,0.5101755,0.11170836,0.19719154
5fwd_GJV_A_1446,0.58501174,0.65021055,0.12410841,0.092023514,0.5101755,0.11170836,0.19719154
5fwe_OGA_A_1358,0.58501174,0.65021055,0.12410841,0.092023514,0.5101755,0.11170836,0.19719154
5fwe_OGA_B_1359,0.58501174,0.65021055,0.12410841,0.092023514,0.5101755,0.11170836,0.19719154
5fzn_FB2_A_1615,0.58501174,0.65021055,0.12410841,0.092023514,0.5101755,0.11170836,0.19719154
5g03_OE2_A_1263,0.58501174,0.65021055,0.12410841,0.092023514,0.5101755,0.11170836,0.19719154
5g09_6DF_A_1475,0.58501174,0.65021055,0.12410841,0.092023514,0.5101755,0.11170836,0.19719154
5g09_6DF_B_1474,0.58501174,0.65021055,0.12410841,0.092023514,0.5101755,0.11170836,0.19719154
5g09_6DF_C_1475,0.58501174,0.65021055,0.12410841,0.092023514,0.5101755,0.11170836,0.19719154
5g09_6DF_D_1476,0.58501174,0.65021055,0.12410841,0.092023514,0.5101755,0.11170836,0.19719154
5g0v_JDD_B_1271,0.58501174,0.65021055,0.12410841,0.092023514,0.5101755,0.11170836,0.19719154
5g21_YN4_A_1002,0.58501174,0.65021055,0.12410841,0.092023514,0.5101755,0.11170836,0.19719154
5g44_I6G_A_1510,0.58501174,0.65021055,0.12410841,0.092023514,0.5101755,0.11170836,0.19719154
5g44_SWX_A_1511,0.58501174,0.65021055,0.12410841,0.092023514,0.5101755,0.11170836,0.19719154
5g44_YTZ_A_1512,0.58501174,0.65021055,0.12410841,0.092023514,0.5101755,0.11170836,0.19719154
5g4r_LF1_A_1739,0.58501174,0.65021055,0.12410841,0.092023514,0.5101755,0.11170836,0.19719154
5g4r_LF1_B_1739,0.58501174,0.65021055,0.12410841,0.092023514,0.5101755,0.11170836,0.19719154
5g4r_LF1_C_1739,0.58501174,0.65021055,0.12410841,0.092023514,0.5101755,0.11170836,0.19719154
5g4r_LF1_D_1739,0.58501174,0.65021055,0.12410841,0.092023514,0.5101755,0.11170836,0.19719154
5g6i_M85_A_904,0.58501174,0.65021055,0.12410841,0.092023514,0.5101755,0.11170836,0.19719154
5gnx_BGC_A_502,0.58501174,0.65021055,0.12410841,0.092023514,0.5101755,0.11170836,0.19719154
5gnx_BGC_B_503,0.58501174,0.65021055,0.12410841,0.092023514,0.5101755,0.11170836,0.19719154
5goo_FRU_A_501,0.58501174,0.65021055,0.12410841,0.092023514,0.5101755,0.11170836,0.19719154
5goo_FRU_B_501,0.58501174,0.65021055,0.12410841,0.092023514,0.5101755,0.11170836,0.19719154
5goo_FRU_C_501,0.58501174,0.65021055,0.12410841,0.092023514,0.5101755,0.11170836,0.19719154
5gri_CIT_B_401,0.58501174,0.65021055,0.12410841,0.092023514,0.5101755,0.11170836,0.19719154
5gto_MYR_A_502,0.58501174,0.65021055,0.12410841,0.092023514,0.5101755,0.11170836,0.19719154
5gwt_SIN_A_302,0.58501174,0.65021055,0.12410841,0.092023514,0.5101755,0.11170836,0.19719154
5gwt_SIN_C_301,0.58501174,0.65021055,0.12410841,0.092023514,0.5101755,0.11170836,0.19719154
5gwx_SAR_A_302,0.58501174,0.65021055,0.12410841,0.092023514,0.5101755,0.11170836,0.19719154
5gzz_GSH_C_301,0.58501174,0.65021055,0.12410841,0.092023514,0.5101755,0.11170836,0.19719154
5gzz_GSH_D_301,0.58501174,0.65021055,0.12410841,0.092023514,0.5101755,0.11170836,0.19719154
5gzz_GSH_E_301,0.58501174,0.65021055,0.12410841,0.092023514,0.5101755,0.11170836,0.19719154
5gzz_JAA_A_601,0.58501174,0.65021055,0.12410841,0.092023514,0.5101755,0.11170836,0.19719154
5h24_LQG_A_501,0.58501174,0.65021055,0.12410841,0.092023514,0.5101755,0.11170836,0.19719154
5h24_LQG_B_501,0.93618506,0.99551025,0.12410841,0.26615582,3.6062827e-06,0.11170836,0.48907158
5h5k_C5P_B_203,0.58501174,0.65021055,0.12410841,0.092023514,0.5101755,0.11170836,0.19719154
5h8f_GLU_A_302,0.58501174,0.65021055,0.12410841,0.092023514,0.5101755,0.11170836,0.19719154
5h8q_GLU_A_302,0.58501174,0.65021055,0.12410841,0.092023514,0.5101755,0.11170836,0.19719154
5h8q_GLY_B_301,0.58501174,0.65021055,0.12410841,0.092023514,0.5101755,0,0.19719154
5h9i_XAN_A_301,0.58501174,0.65021055,0.12410841,0.092023514,0.5101755,0.11170836,0.19719154
5ha7_WY1_A_402,0.58501174,0.65021055,0.12410841,0.092023514,0.5101755,0.11170836,0.19719154
5ha7_WY1_B_402,0,0.97731341,0.12410841,0.015043552,0.7885696,0.11170836,0
5hc0_NPO_A_402,0.58501174,0.65021055,0.12410841,0.092023514,0.5101755,0.11170836,0.19719154
5hfa_FP1_A_607,0.58501174,0.65021055,0.12410841,0.092023514,0.5101755,0.11170836,0.19719154
5hfa_FP1_A_608,0.58501174,0.65021055,0.12410841,0.092023514,0.5101755,0.11170836,0.19719154
5hfa_FP1_B_609,0.58501174,0.65021055,0.12410841,0.092023514,0.5101755,0.11170836,0.19719154
5hgz_MLA_A_302,0.58501174,0.65021055,0.12410841,0.092023514,0.5101755,0.11170836,0.19719154
5hgz_MLA_A_303,0.58501174,0.65021055,0.12410841,0.092023514,0.5101755,0.11170836,0.19719154
5hpu_IPH_A_101,0.58501174,0.65021055,0.12410841,0.092023514,0.5101755,0.11170836,0.19719154
5hpu_IPH_C_101,0.58501174,0.65021055,0.12410841,0.092023514,0.5101755,0.11170836,0.19719154
5hss_64Z_A_402,0.58501174,0.65021055,0.12410841,0.092023514,0.5101755,0.11170836,0.19719154
5hss_64Z_D_403,0.58501174,0.65021055,0.12410841,0.092023514,0.5101755,0.11170836,0.19719154
5hss_650_B_402,0.99662284,0.94607063,0.12410841,0.26531731,1.3837209e-05,0.11170836,0.468366
5htd_MYR_A_201,0.58501174,0.65021055,0.12410841,0.092023514,0.5101755,0.11170836,0.19719154
5hxi_5HN_A_403,0.58501174,0.65021055,0.12410841,0.092023514,0.5101755,0.11170836,0.19719154
5hyv_TPP_A_701,0.58501174,0.65021055,0.12410841,0.092023514,0.5101755,0.11170836,0.19719154
5i0d_GLC_A_1124,0.58501174,0.65021055,0.12410841,0.092023514,0.5101755,0.11170836,0.19719154
5i0d_GLC_B_1122,0.58501174,0.65021055,0.12410841,0.092023514,0.5101755,0.11170836,0.19719154
5i0m_UMP_B_201,0.58501174,0.65021055,0.12410841,0.092023514,0.5101755,0.11170836,0.19719154
5i5s_NVU_A_402,0.58501174,0.65021055,0.12410841,0.092023514,0.5101755,0.11170836,0.19719154
5i5t_67X_A_402,0.58501174,0.65021055,0.12410841,0.092023514,0.5101755,0.11170836,0.19719154
5i5t_67X_B_402,0.58501174,0.65021055,0.12410841,0.092023514,0.5101755,0.11170836,0.19719154
5i7r_68W_A_402,0.58501174,0.65021055,0.12410841,0.092023514,0.5101755,0.11170836,0.19719154
5i8s_LEA_A_202,0.99427968,0.98192232,0.12410841,0.30783795,0,0.11170836,0.97513702
5i8z_JA1_A_302,0.58501174,0.65021055,0.12410841,0.092023514,0.5101755,0.11170836,0.19719154
5i9m_69K_A_302,0,0.98917837,0.12410841,0.100146,0.42843656,0.11170836,0.38658659
5iav_MLI_A_302,0.58501174,0.65021055,0.12410841,0.092023514,0.5101755,0.11170836,0.19719154
5iav_MLI_B_302,0.58501174,0.65021055,0.12410841,0.092023514,0.5101755,0.11170836,0.19719154
5ice_2H4_A_402,0.58501174,0.65021055,0.12410841,0.092023514,0.5101755,0.11170836,0.19719154
5icf_SAU_A_402,0.58501174,0.65021055,0.12410841,0.092023514,0.5101755,0.11170836,0.19719154
5igs_GMP_A_403,0.97818636,0,0.12410841,0,0.99104438,0.11170836,0
5ihe_D5M_A_701,0.58501174,0.65021055,0.12410841,0.092023514,0.5101755,0.11170836,0.19719154
5ihe_D5M_B_701,0.58501174,0.65021055,0.12410841,0.092023514,0.5101755,0.11170836,0.19719154
5ijz_AKG_A_502,0.58501174,0.65021055,0.12410841,0.092023514,0.5101755,0.11170836,0.19719154
5ijz_AKG_B_502,0.58501174,0.65021055,0.12410841,0.092023514,0.5101755,0.11170836,0.19719154
5ijz_AKG_C_502,0.58501174,0.65021055,0.12410841,0.092023514,0.5101755,0.11170836,0.19719154
5ijz_AKG_D_502,0.58501174,0.65021055,0.12410841,0.092023514,0.5101755,0.11170836,0.19719154
5ijz_AKG_H_502,0.58501174,0.65021055,0.12410841,0.092023514,0.5101755,0.11170836,0.19719154
5in3_G1P_B_418,0.58501174,0.65021055,0.12410841,0.092023514,0.5101755,0.11170836,0.19719154
5ioq_DUR_B_303,0.58501174,0.65021055,0.12410841,0.092023514,0.5101755,0.11170836,0.19719154
5ioq_DUR_C_302,0.58501174,0.65021055,0.12410841,0.092023514,0.5101755,0.11170836,0.19719154
5ioq_DUR_D_302,0.58501174,0.65021055,0.12410841,0.092023514,0.5101755,0.11170836,0.19719154
5irw_D9P_A_202,0.58501174,0.65021055,0.12410841,0.092023514,0.5101755,0.11170836,0.19719154
5irw_D9P_B_202,0.58501174,0.65021055,0.12410841,0.092023514,0.5101755,0.11170836,0.19719154
5ita_6DC_A_801,0.58501174,0.65021055,0.12410841,0.092023514,0.5101755,0.11170836,0.19719154
5ita_6DC_B_801,0.58501174,0.65021055,0.12410841,0.092023514,0.5101755,0.11170836,0.19719154
5iuy_BOG_B_503,0.58501174,0.65021055,0.12410841,0.092023514,0.5101755,0.11170836,0.19719154
5iuy_BOG_C_503,0.58501174,0.65021055,0.12410841,0.092023514,0.5101755,0.11170836,0.19719154
5ivg_FPS_B_704,0.58501174,0.65021055,0.12410841,0.092023514,0.5101755,0.11170836,0.19719154
5ivg_FPS_C_704,0.58501174,0.65021055,0.12410841,0.092023514,0.5101755,0.11170836,0.19719154
5ivg_FPS_D_704,0.58501174,0.65021055,0.12410841,0.092023514,0.5101755,0.11170836,0.19719154
5j4k_6FZ_A_404,0.58501174,0.65021055,0.12410841,0.092023514,0.5101755,0.11170836,0.19719154
5j5i_6GM_A_302,0.58501174,0.65021055,0.12410841,0.092023514,0.5101755,0.11170836,0.19719154
5j5i_6GM_A_303,0.58501174,0.65021055,0.12410841,0.092023514,0.5101755,0.11170836,0.19719154
5j5i_6GM_E_302,0.58501174,0.65021055,0.12410841,0.092023514,0.5101755,0.11170836,0.19719154
5j5i_6GM_F_302,0.58501174,0.65021055,0.12410841,0.092023514,0.5101755,0.11170836,0.19719154
5j5i_6GM_F_303,0.58501174,0.65021055,0.12410841,0.092023514,0.5101755,0.11170836,0.19719154
5j5i_6GM_G_302,0.58501174,0.65021055,0.12410841,0.092023514,0.5101755,0.11170836,0.19719154
5j5i_6GM_I_302,0.58501174,0.65021055,0.12410841,0.092023514,0.5101755,0.11170836,0.19719154
5j5i_6GM_I_303,0.58501174,0.65021055,0.12410841,0.092023514,0.5101755,0.11170836,0.19719154
5j61_A3G_A_501,0.58501174,0.65021055,0.12410841,0.092023514,0.5101755,0.11170836,0.19719154
5j61_A3G_C_501,0.58501174,0.65021055,0.12410841,0.092023514,0.5101755,0.11170836,0.19719154
5j61_A3G_D_501,0.58501174,0.65021055,0.12410841,0.092023514,0.5101755,0.11170836,0.19719154
5j61_A3G_E_501,0.58501174,0.65021055,0.12410841,0.092023514,0.5101755,0.11170836,0.19719154
5j61_A3G_F_501,0.58501174,0.65021055,0.12410841,0.092023514,0.5101755,0.11170836,0.19719154
5j61_A3G_G_501,0.58501174,0.65021055,0.12410841,0.092023514,0.5101755,0.11170836,0.19719154
5j61_A3G_H_501,0.58501174,0.65021055,0.12410841,0.092023514,0.5101755,0.11170836,0.19719154
5j6y_GLC_A_309,0.58501174,0.65021055,0.12410841,0.092023514,0.5101755,0.11170836,0.19719154
5jdv_EVF_B_302,0.58501174,0.65021055,0.12410841,0.092023514,0.5101755,0.11170836,0.19719154
5je7_EVF_B_302,0.58501174,0.65021055,0.12410841,0.092023514,0.5101755,0.11170836,0.19719154
5jep_EVF_B_302,0.58501174,0.65021055,0.12410841,0.092023514,0.5101755,0.11170836,0.19719154
5jep_EVF_B_303,0.58501174,0.65021055,0.12410841,0.092023514,0.5101755,0.11170836,0.19719154
5jfx_6K4_A_4000,0.58501174,0.65021055,0.12410841,0.092023514,0.5101755,0.11170836,0.19719154
5jg5_EVF_B_302,0.58501174,0.65021055,0.12410841,0.092023514,0.5101755,0.11170836,0.19719154
5jj2_MLI_A_301,0.58501174,0.65021055,0.12410841,0.092023514,0.5101755,0.11170836,0.19719154
5jj2_MLI_A_302,0.58501174,0.65021055,0.12410841,0.092023514,0.5101755,0.11170836,0.19719154
5jj2_MLI_A_303,0.58501174,0.65021055,0.12410841,0.092023514,0.5101755,0.11170836,0.19719154
5jj2_MLI_A_305,0.58501174,0.65021055,0.12410841,0.092023514,0.5101755,0.11170836,0.19719154
5joy_6LW_B_602,0.58501174,0.65021055,0.12410841,0.092023514,0.5101755,0.11170836,0.19719154
5jp9_DCM_A_401,0.58501174,0.65021055,0.12410841,0.092023514,0.5101755,0.11170836,0.19719154
5jp9_DCM_B_401,0.58501174,0.65021055,0.12410841,0.092023514,0.5101755,0.11170836,0.19719154
5jtt_6MY_A_902,0.58501174,0.65021055,0.12410841,0.092023514,0.5101755,0.11170836,0.19719154
5jtu_6NE_A_902,0.58501174,0.65021055,0.12410841,0.092023514,0.5101755,0.11170836,0.19719154
5k2c_ZMA_A_1201,0,0.99248909,0.12410841,0,0.95025355,0.11170836,0.1723719
5k5m_68T_A_1003,0.58501174,0.65021055,0.12410841,0.092023514,0.5101755,0.11170836,0.19719154
5kcj_6RM_B_302,0.58501174,0.65021055,0.12410841,0.092023514,0.5101755,0.11170836,0.19719154
5kcp_PFB_A_378,0.58501174,0.65021055,0.12410841,0.092023514,0.5101755,0.11170836,0.19719154
5kcp_PFB_A_379,0.58501174,0.65021055,7.0490077e-68,0.092023514,0.5101755,0.11170836,0.19719154
5kcp_PFB_B_378,0,0.95406069,0.12410841,0,0.95752684,0.11170836,0.1571084
5kcp_PFB_B_379,0.58501174,0.65021055,0.12410841,0.092023514,0.5101755,0.11170836,0.19719154
5kf2_COA_A_401,0.58501174,0.65021055,0.12410841,0.092023514,0.5101755,0.11170836,0.19719154
5kjw_53C_A_800,0.58501174,0.65021055,0.12410841,0.092023514,0.5101755,0.11170836,0.19719154
5kjw_53C_B_800,0.58501174,0.65021055,0.12410841,0.092023514,0.5101755,0.11170836,0.19719154
5kjz_PCG_A_401,0.58501174,0.65021055,0.12410841,0.092023514,0.5101755,0.11170836,0.19719154
5kmj_6UF_A_901,0.58501174,0.65021055,0.12410841,0.092023514,0.5101755,0.11170836,0.19719154
5kxb_NGA_B_305,0.58501174,0.65021055,0.12410841,0.092023514,0.5101755,0.11170836,0.19719154
5kxb_NGA_C_305,0.58501174,0.65021055,0.12410841,0.092023514,0.5101755,0.11170836,0.19719154
5l1u_7PF_A_401,0.58501174,0.65021055,0.12410841,0.092023514,0.5101755,0.11170836,0.19719154
5l7u_NGA_A_601,0.58501174,0.65021055,0.12410841,0.092023514,0.5101755,0.11170836,0.19719154
5l7u_NGA_B_601,0.58501174,0.65021055,0.12410841,0.092023514,0.5101755,0.11170836,0.19719154
5l9v_OGA_A_502,0.58501174,0.65021055,0.99628737,0.092023514,0.5101755,0.11170836,0.19719154
5l9v_OGA_B_502,0.58501174,0.65021055,0.12410841,0.092023514,0.5101755,0.11170836,0.19719154
5la1_XYP_A_601,0.58501174,0.65021055,0.12410841,0.092023514,0.5101755,0.11170836,0.19719154
5la1_XYP_A_602,0.58501174,0.65021055,0.12410841,0.092023514,0.5101755,0.11170836,0.19719154
5la2_ARB_A_606,0.58501174,0.65021055,0.12410841,0.092023514,0.5101755,0.11170836,0.19719154
5la2_ARB_B_606,0.58501174,0.65021055,0.12410841,0.092023514,0.5101755,0.11170836,0.19719154
5lik_W8X_X_402,0.58501174,0.65021055,0.12410841,0.092023514,0.5101755,0.11170836,0.19719154
5lqs_NTM_A_302,0.58501174,0.65021055,0.12410841,0.092023514,0.5101755,0.11170836,0.19719154
5lwy_OLB_A_403,0.58501174,0.65021055,0.12410841,0.092023514,0.5101755,0.11170836,0.19719154
5lwy_OLB_A_406,0.58501174,0.65021055,0.12410841,0.092023514,0.5101755,0.11170836,0.19719154
5lwy_OLB_A_407,0.58501174,0.65021055,0.12410841,0.092023514,0.5101755,0.11170836,0.19719154
5lwy_OLB_A_409,0.58501174,0.65021055,0.12410841,0.092023514,0.5101755,0.11170836,0.19719154
5m0e_7CR_A_922,0.58501174,0.65021055,0.12410841,0.092023514,0.5101755,0.11170836,0.19719154
5m0t_AKG_A_302,0.58501174,0.65021055,0.12410841,0.092023514,0.5101755,4.5728452e-06,0.19719154
5m0t_AKG_B_302,0.58501174,0.65021055,0.12410841,0.092023514,0.5101755,0.11170836,0.19719154
5m5a_KSA_A_404,0.58501174,0.65021055,0.12410841,0.092023514,0.5101755,0.11170836,0.19719154
5m62_BGC_A_409,0.58501174,0.65021055,0.12410841,0.092023514,0.5101755,0.11170836,0.19719154
5m66_ADN_A_502,0.58501174,0.65021055,0.12410841,0.092023514,0.5101755,0.11170836,0.19719154
5m66_ADN_B_502,0.58501174,0.65021055,0.12410841,0.092023514,0.5101755,0.11170836,0.19719154
5m66_ADN_D_502,0.58501174,0.65021055,0.12410841,0.092023514,0.5101755,0.11170836,0.19719154
5m8d_UGI_B_501,0.58501174,0.65021055,0.12410841,0.092023514,0.5101755,0.11170836,0.19719154
5mdh_MAK_A_335,0.58501174,0.65021055,0.12410841,0.092023514,0.5101755,0.11170836,0.19719154
5mdh_MAK_B_335,0.58501174,0.65021055,0,0.092023514,0.5101755,0.11170836,0.19719154
5mot_HBD_A_402,0.58501174,0.65021055,0.12410841,0.092023514,0.5101755,0.11170836,0.19719154
5mxh_GAL_A_401,0.58501174,0.65021055,0.12410841,0.092023514,0.5101755,0.11170836,0.19719154
5mxh_GAL_A_402,0.58501174,0.65021055,0.12410841,0.092023514,0.5101755,0.11170836,0.19719154
5mzj_TEP_A_2401,0.58501174,0.65021055,0.12410841,0.092023514,0.5101755,0.11170836,0.19719154
5mzp_CFF_A_2401,0.58501174,0.65021055,0.12410841,0.092023514,0.5101755,0.11170836,0.19719154
5n5k_8NW_A_307,0.58501174,0.65021055,0,0.092023514,0.5101755,0.11170836,0.19719154
5n5k_HAE_A_306,0.58501174,0.65021055,0.12410841,0.092023514,0.5101755,0.11170836,0.19719154
5n8c_8Q8_A_403,0.58501174,0.65021055,0.12410841,0.092023514,0.5101755,0.11170836,0.19719154
5nh9_XLS_A_503,0.58501174,0.65021055,0.12410841,0.092023514,0.5101755,0.11170836,0.19719154
5nh9_XLS_C_504,0.58501174,0.65021055,0.12410841,0.092023514,0.5101755,0.11170836,0.19719154
5nh9_XLS_D_504,0.58501174,0.65021055,0.12410841,0.092023514,0.5101755,0.11170836,0.19719154
5nj0_8YW_A_301,0.58501174,0.65021055,0.12410841,0.092023514,0.5101755,0.11170836,0.19719154
5njb_BB2_A_502,0.58501174,0.65021055,0.12410841,0.092023514,0.5101755,0.11170836,0.19719154
5njb_BB2_C_502,0.58501174,0.65021055,0.12410841,0.092023514,0.5101755,0.11170836,0.19719154
5nnw_GCS_D_302,0.58501174,0.65021055,0.12410841,0.092023514,0.5101755,0.11170836,0.19719154
5nov_93B_A_201,0.58501174,0.65021055,0.12410841,0.092023514,0.5101755,0.11170836,0.19719154
5nuk_Z80_A_201,0.58501174,0.65021055,0.12410841,0.092023514,0.5101755,0.11170836,0.19719154
5o3b_9HZ_A_501,0.58501174,0.65021055,0.12410841,0.092023514,0.5101755,0.11170836,0.19719154
5o3b_9HZ_B_501,0.58501174,0.65021055,0.12410841,0.092023514,0.5101755,0.11170836,0.19719154
5o3b_9HZ_C_501,0.58501174,0.65021055,0.12410841,0.092023514,0.5101755,0.11170836,0.19719154
5o3b_9HZ_D_501,0.59649955,0,0.12410841,0.014893509,0.51089962,0.11170836,0
5o3d_9J5_A_501,0.58501174,0.65021055,0.12410841,0.092023514,0.5101755,0.11170836,0.19719154
5o3f_9HT_A_501,0.58501174,0.65021055,0.12410841,0.092023514,0.5101755,0.11170836,0.19719154
5o3g_9J8_B_501,0.19507364,0,0.12410841,0,0.47848779,0.11170836,0.032475988
5o4j_9KH_B_302,0.58501174,0.65021055,0.12410841,0.092023514,0.5101755,0.11170836,0.19719154
5o4j_9KH_C_302,0.58501174,0.65021055,0.12410841,0.092023514,0.5101755,0.11170836,0.19719154
5o4j_PJL_A_304,0.58501174,0.65021055,0.12410841,0.092023514,0.5101755,0.11170836,0.19719154
5o4k_9KE_A_405,0.58501174,0.65021055,0.12410841,0.092023514,0.5101755,0.11170836,0.19719154
5ocm_9RH_A_302,0.58501174,0.65021055,0.12410841,0.092023514,0.5101755,0.11170836,0.19719154
5ocm_9RH_B_302,0.58501174,0.65021055,0.12410841,0.092023514,0.5101755,0.11170836,0.19719154
5ocm_9RH_C_302,0.58501174,0.65021055,0.12410841,0.092023514,0.5101755,0.11170836,0.19719154
5oew_9TE_B_901,0.58501174,0.65021055,0.12410841,0.092023514,0.5101755,0.11170836,0.19719154
5oew_9TE_C_301,0.58501174,0.65021055,0.12410841,0.092023514,0.5101755,0.11170836,0.19719154
5oew_GLU_A_301,0.58501174,0.65021055,0.12410841,0.092023514,0.5101755,0.11170836,0.19719154
5oew_GLU_B_902,0.58501174,0.65021055,0.12410841,0.092023514,0.5101755,0.11170836,0.19719154
5oip_9WE_A_302,0.58501174,0.65021055,0.12410841,0.092023514,0.5101755,0.11170836,0.19719154
5oir_9W8_A_302,0.58501174,0.65021055,0.12410841,0.092023514,0.5101755,0.11170836,0.19719154
5oo4_URI_A_201,0.58501174,0.65021055,0.12410841,0.092023514,0.5101755,0.11170836,0.19719154
5ooa_URI_A_201,0.58501174,0.65021055,0.12410841,0.092023514,0.5101755,0.11170836,0.19719154
5osf_A9E_A_404,0.58501174,0.65021055,0.12410841,0.092023514,0.5101755,0.11170836,0.19719154
5r0i_SYV_A_2501,0.58501174,0.65021055,0.12410841,0.092023514,0.5101755,0.11170836,0.19719154
5r28_RDJ_A_401,0.58501174,0.65021055,0.12410841,0.092023514,0.5101755,0.11170836,0.19719154
5r9o_54F_A_401,0.58501174,0.65021055,0.12410841,0.092023514,0.5101755,0.11170836,0.19719154
5sga_TYR_P_1,0.58501174,0.65021055,0.12410841,0.092023514,0.5101755,0.11170836,0.19719154
5syi_NIZ_A_805,0.58501174,0.65021055,0.12410841,0.092023514,0.5101755,0.11170836,0.19719154
5syi_NIZ_B_805,0.58501174,0.65021055,0,0.092023514,0.5101755,0,0.19719154
5t3h_BEN_A_302,0.58501174,0.65021055,0.12410841,0.092023514,0.5101755,0.11170836,0.19719154
5t63_ALA_C_1,0.58501174,0.65021055,0.12410841,0.092023514,0.5101755,0.11170836,0.19719154
5t6b_TMP_B_504,0.58501174,0.65021055,0.12410841,0.092023514,0.5101755,0.11170836,0.19719154
5t6b_TMP_D_503,0.58501174,0.65021055,0.12410841,0.092023514,0.5101755,0.11170836,0.19719154
5t85_44G_L_301,0.58501174,0.65021055,0.12410841,0.092023514,0.5101755,0.11170836,0.19719154
5tbo_78Z_A_1001,0.58501174,0.65021055,0.12410841,0.092023514,0.5101755,0.11170836,0.19719154
5tch_MLI_A_301,0.58501174,0.65021055,0.12410841,0.092023514,0.5101755,0.11170836,0.19719154
5tch_MLI_B_501,0.58501174,0.65021055,0.12410841,0.092023514,0.5101755,0.11170836,0.19719154
5tch_MLI_D_501,0.58501174,0.65021055,0.12410841,0.092023514,0.5101755,0.11170836,0.19719154
5tch_MLI_E_301,0.58501174,0.65021055,0.12410841,0.092023514,0.5101755,0.11170836,0.19719154
5tch_MLI_F_501,0.58501174,0.65021055,0.12410841,0.092023514,0.5101755,0.11170836,0.19719154
5tch_MLI_G_301,0.58501174,0.65021055,0.12410841,0.092023514,0.5101755,0.11170836,0.19719154
5tch_MLI_H_501,0.58501174,0.65021055,0.12410841,0.092023514,0.5101755,0.11170836,0.19719154
5tde_2HP_B_901,0.58501174,0.65021055,0.12410841,0.092023514,0.5101755,0.11170836,0.19719154
5tde_2HP_B_902,0.58501174,0.65021055,0.12410841,0.092023514,0.5101755,0.11170836,0.19719154
5tde_FLC_A_501,0.58501174,0.65021055,0.12410841,0.092023514,0.5101755,0.11170836,0.19719154
5tdt_MBN_A_502,0.58501174,0.65021055,0.12410841,0.092023514,0.5101755,0.11170836,0.19719154
5tdt_MBN_A_503,0.58501174,0.65021055,0.12410841,0.092023514,0.5101755,0.11170836,0.19719154
5tdt_MBN_D_501,0.58501174,0.65021055,0.12410841,0.092023514,0.5101755,0.11170836,0.19719154
5tdt_MBN_D_502,0.58501174,0.65021055,0.12410841,0.092023514,0.5101755,0.11170836,0.19719154
5thu_B3N_A_404,0.58501174,0.65021055,0.12410841,0.092023514,0.5101755,0.11170836,0.19719154
5thu_B3N_B_404,0.58501174,0.65021055,0.12410841,0.092023514,0.5101755,0.11170836,0.19719154
5thu_GGG_B_405,0.58501174,0.65021055,0.12410841,0.092023514,0.5101755,0.11170836,0.19719154
5tix_OQR_A_302,0.58501174,0.65021055,0.12410841,0.092023514,0.5101755,0.11170836,0.19719154
5tix_OQR_B_302,0.58501174,0.65021055,0.12410841,0.092023514,0.5101755,0.11170836,0.19719154
5tlg_7EG_B_601,0.58501174,0.65021055,0.12410841,0.092023514,0.5101755,0.11170836,0.19719154
5tm5_7EV_B_601,0.58501174,0.65021055,0.12410841,0.092023514,0.5101755,0.11170836,0.19719154
5tvr_AKG_B_402,0.58501174,0.65021055,0.12410841,0.092023514,0.5101755,0.11170836,0.19719154
5tzr_MLI_A_2403,0.58501174,0.65021055,0.12410841,0.092023514,0.5101755,0.11170836,0.19719154
5u5g_7VD_A_302,0.58501174,0.65021055,0.12410841,0.092023514,0.5101755,0.11170836,0.19719154
5u5g_7VD_B_302,0.58501174,0.65021055,0.12410841,0.092023514,0.5101755,0.11170836,0.19719154
5u5g_7VD_C_302,0.58501174,0.65021055,0.12410841,0.092023514,0.5101755,0.11170836,0.19719154
5u5g_7VD_D_302,0.58501174,0.65021055,0.12410841,0.092023514,0.5101755,0.11170836,0.19719154
5u5x_TP5_A_302,0.58501174,0.65021055,0.12410841,0.092023514,0.5101755,0.11170836,0.19719154
5u5z_7VP_A_302,0.58501174,0.65021055,0.12410841,0.092023514,0.5101755,0.11170836,0.19719154
5u8z_83D_A_602,0.58501174,0.65021055,0.12410841,0.092023514,0.5101755,0.11170836,0.19719154
5u8z_83D_B_602,0.58501174,0.65021055,0.12410841,0.092023514,0.5101755,0.11170836,0.19719154
5u8z_83D_C_602,0.58501174,0.65021055,0.12410841,0.092023514,0.5101755,0.11170836,0.19719154
5u8z_83D_D_602,0.58501174,0.65021055,0.12410841,0.092023514,0.5101755,0.11170836,0.19719154
5uap_82S_A_505,0.58501174,0.65021055,0.12410841,0.092023514,0.5101755,0.11170836,0.19719154
5uap_82S_B_505,0.58501174,0.65021055,0.12410841,0.092023514,0.5101755,0.11170836,0.19719154
5ud0_13P_B_405,0.58501174,0.65021055,0.12410841,0.092023514,0.5101755,0.11170836,0.19719154
5ud3_P6F_B_404,0.58501174,0.65021055,0.12410841,0.092023514,0.5101755,0.11170836,0.19719154
5uda_CAE_A_502,0.58501174,0.65021055,0.12410841,0.092023514,0.5101755,0.11170836,0.19719154
5uda_CAE_B_502,0.58501174,0.65021055,0.12410841,0.092023514,0.5101755,0.11170836,0.19719154
5uio_8DM_C_202,0.58501174,0.65021055,0.12410841,0.092023514,0.5101755,0.11170836,0.19719154
5uio_8DM_D_202,0.58501174,0.65021055,0.12410841,0.092023514,0.5101755,0.11170836,0.19719154
5uio_8DM_E_202,0.58501174,0.65021055,0.12410841,0.092023514,0.5101755,0.11170836,0.19719154
5uio_LG3_A_201,0.58501174,0.65021055,0.12410841,0.092023514,0.5101755,0.11170836,0.19719154
5uio_LG3_B_201,0.58501174,0.65021055,0.12410841,0.092023514,0.5101755,0.11170836,0.19719154
5uio_LG3_C_201,0.58501174,0.65021055,0.12410841,0.092023514,0.5101755,0.11170836,0.19719154
5uio_LG3_E_201,0.58501174,0.65021055,0.12410841,0.092023514,0.5101755,0.11170836,0.19719154
5unr_8EV_A_803,0.58501174,0.65021055,0.12410841,0.092023514,0.5101755,0.11170836,0.19719154
5unt_8J1_B_803,0.58501174,0.65021055,0.12410841,0.092023514,0.5101755,0.11170836,0.19719154
5unx_8F1_A_803,0.58501174,0.65021055,0.12410841,0.092023514,0.5101755,0.11170836,0.19719154
5unx_8F1_B_803,0.58501174,0.65021055,0.12410841,0.092023514,0.5101755,0.11170836,0.19719154
5uo3_8EY_A_803,0.58501174,0.65021055,0.12410841,0.092023514,0.5101755,0.11170836,0.19719154
5uo3_8EY_B_804,0.58501174,0.65021055,0.12410841,0.092023514,0.5101755,0.11170836,0.19719154
5uo5_M4R_A_803,0.58501174,0.65021055,0.12410841,0.092023514,0.5101755,0.11170836,0.19719154
5uo5_M4R_B_803,0.58501174,0.65021055,0.12410841,0.092023514,0.5101755,0.11170836,0.19719154
5urz_BOG_B_201,0.58501174,0.65021055,0.12410841,0.092023514,0.5101755,0.11170836,0.19719154
5ut1_7DZ_A_905,0.58501174,0.65021055,0.12410841,0.092023514,0.5101755,0.11170836,0.19719154
5v31_ARG_A_401,0.58501174,0.65021055,0.12410841,0.092023514,0.5101755,0.11170836,0.19719154
5vjg_0BP_A_403,0.58501174,0.65021055,0.12410841,0.092023514,0.5101755,0.11170836,0.19719154
5vka_AKG_A_402,0.58501174,0.65021055,0.12410841,0.092023514,0.5101755,0.11170836,0.19719154
5vl0_BNF_A_404,0.58501174,0.65021055,0.12410841,0.092023514,0.5101755,0.11170836,0.19719154
5vl0_BNF_B_404,0.58501174,0.65021055,0.12410841,0.092023514,0.5101755,0.11170836,0.19719154
5vl0_BNF_C_404,0.58501174,0.65021055,0.12410841,0.092023514,0.5101755,0.11170836,0.19719154
5vrj_R07_A_204,0.58501174,0.65021055,0.12410841,0.092023514,0.5101755,0.11170836,0.19719154
5vut_9OG_A_803,0.58501174,0.65021055,0.12410841,0.092023514,0.5101755,0.11170836,0.19719154
5vut_9OG_B_803,0.58501174,0.65021055,0.12410841,0.092023514,0.5101755,0.11170836,0.19719154
5vuu_9OJ_A_805,0.58501174,0.65021055,0.12410841,0.092023514,0.5101755,0.11170836,0.19719154
5vuu_9OJ_B_803,0.58501174,0.65021055,0.12410841,0.092023514,0.5101755,0.11170836,0.19719154
5vv0_9OM_B_803,0.58501174,0.65021055,0.12410841,0.092023514,0.5101755,0.11170836,0.19719154
5vv5_9OJ_A_803,0.58501174,0.65021055,0.12410841,0.092023514,0.5101755,0.11170836,0.19719154
5vv5_9OJ_B_803,0,0.95755597,0.12410841,0.0138592,0.78362226,0.11170836,2.9998577e-10
5vyr_B62_A_301,0.58501174,0.65021055,0.12410841,0.092023514,0.5101755,0.11170836,0.19719154
5vyr_B62_B_301,0.58501174,0.65021055,0.12410841,0.092023514,0.5101755,0.11170836,0.19719154
5vyr_GMP_B_302,0.58501174,0.65021055,0.12410841,0.092023514,0.5101755,0.11170836,0.19719154
5vyr_GMP_B_303,0.58501174,0.65021055,0.12410841,0.092023514,0.5101755,0.11170836,0.19719154
5vys_1YJ_A_301,0.99314773,0.98434714,0.12410841,3.7079378e-54,0.60829113,0.11170836,0.22596236
5vys_1YJ_B_301,0.58501174,0.65021055,0.12410841,0.092023514,0.5101755,0.11170836,0.19719154
5vys_GMP_B_303,0.58501174,0.65021055,0.12410841,0.092023514,0.5101755,0.11170836,0.19719154
5w3k_9TY_B_401,0.58501174,0.65021055,0.12410841,0.092023514,0.5101755,0.11170836,0.19719154
5w5t_9X7_A_506,0.58501174,0.65021055,0.12410841,0.092023514,0.5101755,0.11170836,0.19719154
5w5t_9X7_D_508,0.58501174,0.65021055,0.12410841,0.092023514,0.5101755,0.11170836,0.19719154
5w7b_MYR_B_208,0.58501174,0.65021055,0.12410841,0.092023514,0.5101755,0.11170836,0.19719154
5w8q_BU4_A_400,0.58501174,0.65021055,0.12410841,0.092023514,0.5101755,0.11170836,0.19719154
5w8q_BU4_B_400,0.58501174,0.65021055,0.12410841,0.092023514,0.5101755,0.11170836,0.19719154
5wct_GY4_A_303,0.58501174,0.65021055,0.12410841,0.092023514,0.5101755,0.11170836,0.19719154
5wcz_NOJ_B_601,0.58501174,0.65021055,0.12410841,0.092023514,0.5101755,0.11170836,0.19719154
5wgk_AGJ_A_816,0.58501174,0.65021055,0.12410841,0.092023514,0.5101755,0.11170836,0.19719154
5wgr_PM7_A_711,0.58501174,0.65021055,0.12410841,0.092023514,0.5101755,0.11170836,0.19719154
5wgr_PM7_A_712,0.58501174,0.65021055,0.12410841,0.092023514,0.5101755,0.11170836,0.19719154
5wgv_PM7_A_713,0.58501174,0.65021055,0.12410841,0.092023514,0.5101755,0.11170836,0.19719154
5wgw_MB5_A_714,0.56760351,0,0.12410841,1.4358402e-31,0.50050421,0.11170836,0
5wgw_MB5_A_715,0.58501174,0.65021055,0.12410841,0.092023514,0.5101755,0.11170836,0.19719154
5wqp_NCA_A_302,0.58501174,0.65021055,0.12410841,0.092023514,0.5101755,0.11170836,0.19719154
5x0j_SEP_A_302,0.58501174,0.65021055,0.12410841,0.092023514,0.5101755,0.11170836,0.19719154
5x23_LSN_A_502,0.58501174,0.65021055,0.12410841,0.092023514,0.5101755,0.11170836,0.19719154
5x23_LSN_A_503,0.58501174,0.65021055,0.12410841,0.092023514,0.5101755,0.11170836,0.19719154
5x23_LSN_A_504,0.5864362,0,0.12410841,0.1187235,9.8855416e-12,0.11170836,0.20010191
5x2m_GLN_A_951,0.58501174,0.65021055,0.12410841,0.092023514,0.5101755,0.11170836,0.19719154
5x2m_GLN_D_951,0.58501174,0.65021055,0.12410841,0.092023514,0.5101755,0.11170836,0.19719154
5x5d_UMP_A_401,0.58501174,0.65021055,0.12410841,0.092023514,0.5101755,0.11170836,0.19719154
5x5d_UMP_B_401,0.58501174,0.65021055,0.12410841,0.092023514,0.5101755,0.11170836,0.19719154
5x5d_UMP_C_401,0.58501174,0.65021055,0.12410841,0.092023514,0.5101755,0.11170836,0.19719154
5x5d_UMP_D_401,0.58501174,0.65021055,0.12410841,0.092023514,0.5101755,0.11170836,0.19719154
5x5d_UMP_E_401,0.58501174,0.65021055,0.12410841,0.092023514,0.5101755,0.11170836,0.19719154
5x6r_7ZR_A_402,0.58501174,0.65021055,0.12410841,0.092023514,0.5101755,0.11170836,0.19719154
5x6r_7ZR_B_402,0.58501174,0.65021055,0.12410841,0.092023514,0.5101755,0.11170836,0.19719154
5x86_TMP_A_205,0.58501174,0.65021055,0.12410841,0.092023514,0.5101755,0.11170836,0.19719154
5x86_TMP_B_207,0.58501174,0.65021055,0,0.092023514,0.5101755,0.11170836,0.19719154
5xdt_MB3_A_404,0.58501174,0.65021055,0.12410841,0.092023514,0.5101755,0.11170836,0.19719154
5xdt_ZI7_A_403,0.58501174,0.65021055,0.12410841,0.092023514,0.5101755,0.11170836,0.19719154
5xin_XLS_A_397,0.58960798,0.63483055,0.12410841,0.088065481,0.52152042,0.11170836,0.17956137
5xin_XLS_B_397,0.58501174,0.65021055,0.12410841,0.092023514,0.5101755,0.11170836,0.19719154
5xin_XLS_C_397,0.58501174,0.65021055,0.12410841,0.092023514,0.5101755,0.11170836,0.19719154
5xin_XLS_D_397,0.58501174,0.65021055,0.12410841,0.092023514,0.5101755,0.11170836,0.19719154
5xj7_87O_A_309,0.58501174,0.65021055,0.12410841,0.092023514,0.5101755,0.11170836,0.19719154
5xmq_PLG_A_501,0.58501174,0.65021055,0.12410841,0.092023514,0.5101755,0.11170836,0.19719154
5xmq_PLG_B_501,0.58501174,0.65021055,0.12410841,0.092023514,0.5101755,0.11170836,0.19719154
5xmq_PLG_C_501,0.58501174,0.65021055,0.12410841,0.092023514,0.5101755,0.11170836,0.19719154
5xoi_SIN_A_401,0.58501174,0.65021055,0.12410841,0.092023514,0.5101755,0.11170836,0.19719154
5xrv_F6R_A_702,0.58501174,0.65021055,0.12410841,0.092023514,0.5101755,0.11170836,0.19719154
5xsm_8EO_A_705,0.58501174,0.65021055,0.12410841,0.092023514,0.5101755,0.11170836,0.19719154
5xvt_8FL_A_709,0.58501174,0.65021055,0.12410841,0.092023514,0.5101755,0.11170836,0.19719154
5xvv_AKG_A_508,0.58501174,0.65021055,0.12410841,0.092023514,0.5101755,0.11170836,0.19719154
5xvv_AKG_B_506,0.58501174,0.65021055,0.12410841,0.092023514,0.5101755,0.11170836,0.19719154
5xvv_AKG_C_504,0.58501174,0.65021055,0.12410841,0.092023514,0.5101755,0.11170836,0.19719154
5y1g_AKB_A_401,0.58501174,0.65021055,0.12410841,0.092023514,0.5101755,0.11170836,0.19719154
5y7a_KYN_A_502,0.58501174,0.65021055,0.12410841,0.092023514,0.5101755,0.11170836,0.19719154
5y7r_58K_B_403,0.58501174,0.65021055,0.12410841,0.092023514,0.5101755,0.11170836,0.19719154
5y7r_AKG_B_402,0.58501174,0.65021055,0.12410841,0.092023514,0.5101755,0.11170836,0.19719154
5y8k_SER_A_301,0.58501174,0.65021055,0.12410841,0.092023514,0.5101755,0.11170836,0.19719154
5y8k_SER_B_301,0.58501174,0.65021055,0.12410841,0.092023514,0.5101755,0.11170836,0.19719154
5y8p_3OH_B_301,0.58501174,0.65021055,0.12410841,0.092023514,0.5101755,0.11170836,0.19719154
5yaq_ISE_B_402,0.58501174,0.65021055,0.12410841,0.092023514,0.5101755,0.11170836,0.19719154
5yaq_ISE_D_402,0.58501174,0.65021055,0.12410841,0.092023514,0.5101755,0.11170836,0.19719154
5yb7_ORN_A_602,0.58501174,0.65021055,0.12410841,0.092023514,0.5101755,0.11170836,0.19719154
5yb7_ORN_A_603,0.58501174,0.65021055,0.12410841,0.092023514,0.5101755,0.11170836,0.19719154
5yb7_ORN_B_602,0.58501174,0.65021055,0.12410841,0.092023514,0.5101755,0.11170836,0.19719154
5yb7_ORN_B_603,0.58501174,0.65021055,0.12410841,0.092023514,0.5101755,0.11170836,0.19719154
5yb7_ORN_C_603,0.58501174,0.65021055,0.12410841,0.092023514,0.5101755,0.11170836,0.19719154
5yb7_ORN_D_602,0.58501174,0.65021055,0.12410841,0.092023514,0.5101755,0.11170836,0.19719154
5yb7_ORN_D_603,0.58501174,0.65021055,0.12410841,0.092023514,0.5101755,0.11170836,0.19719154
5ybl_AKG_A_302,0.58501174,0.65021055,0.12410841,0.092023514,0.5101755,0.11170836,0.19719154
5ybl_AKG_C_302,0.58501174,0.65021055,0.12410841,0.092023514,0.5101755,0.11170836,0.19719154
5ybp_8SX_B_303,0,0,0.12410841,0.070090905,0,0.11170836,0.24767559
5ybp_AKG_A_302,0.58501174,0.65021055,0.12410841,0.092023514,0.5101755,0.11170836,0.19719154
5ybp_AKG_B_302,0,0.78793953,0.12410841,0.058378301,0.51463344,0.11170836,0.28618047
5ybq_8T0_A_303,0.58501174,0.65021055,0.12410841,0.092023514,0.5101755,0.11170836,0.19719154
5ybq_8T0_B_303,0,0,0.12410841,0,0.38189765,0.11170836,0.09016107
5ybq_AKG_A_302,0.58501174,0.65021055,0.12410841,0.092023514,0.5101755,0.11170836,0.19719154
5ybq_AKG_B_302,0.58501174,0.65021055,0.12410841,0.092023514,0.5101755,0.11170836,0.19719154
5yfj_RUB_A_401,0.58501174,0.65021055,0.12410841,0.092023514,0.5101755,0.11170836,0.19719154
5yfj_RUB_B_401,0.58501174,0.65021055,0.12410841,0.092023514,0.5101755,0.11170836,0.19719154
5yfj_RUB_C_401,0.58501174,0.65021055,0.12410841,0.092023514,0.5101755,0.11170836,0.19719154
5ykt_PMP_A_501,0.58501174,0.65021055,0.12410841,0.092023514,0.5101755,0.11170836,0.19719154
5ykt_PMP_B_501,0.58501174,0.65021055,0.12410841,0.092023514,0.5101755,0.11170836,0.19719154
5ylf_BGC_A_401,0.58501174,0.65021055,0.12410841,0.092023514,0.5101755,0.11170836,0.19719154
5ysh_5AD_D_605,0.58501174,0.65021055,0.12410841,0.092023514,0.5101755,0.11170836,0.19719154
5ysh_5AD_J_605,0.58501174,0.65021055,0.12410841,0.092023514,0.5101755,0.11170836,0.19719154
5z54_0HZ_A_303,0.58501174,0.65021055,0.12410841,0.092023514,0.5101755,0.11170836,0.19719154
5z54_0HZ_D_303,0.98743691,0,0.12410841,0,0.97400102,0.11170836,0
5z9b_HX3_B_303,0.58501174,0.65021055,0.12410841,0.092023514,0.5101755,0.11170836,0.19719154
5z9p_AX7_A_301,0.58501174,0.65021055,0.12410841,0.092023514,0.5101755,0.11170836,0.19719154
5zg2_ZK1_A_901,0.58501174,0.65021055,0.12410841,0.092023514,0.5101755,0.11170836,0.19719154
5zg2_ZK1_B_901,0.58501174,0.65021055,0.12410841,0.092023514,0.5101755,0.11170836,0.19719154
5zge_ZZ7_B_302,0.58501174,0.65021055,0.12410841,0.092023514,0.5101755,0.11170836,0.19719154
5zgr_ZZ7_A_303,0.58501174,0.65021055,0.12410841,0.092023514,0.5101755,0.11170836,0.19719154
5zgr_ZZ7_B_303,0.58501174,0.65021055,0.12410841,0.092023514,0.5101755,0.11170836,0.19719154
5zi4_OAA_A_401,0.58501174,0.65021055,0.12410841,0.092023514,0.5101755,1.4321799e-05,0.19719154
5zpt_HY1_A_702,0.58501174,0.65021055,0.12410841,0.092023514,0.5101755,0.11170836,0.19719154
5zpt_HY1_B_703,0.58501174,0.65021055,0.12410841,0.092023514,0.5101755,0.11170836,0.19719154
6a1f_9OF_A_807,0.58501174,0.65021055,0.12410841,0.092023514,0.5101755,0.11170836,0.19719154
6a1l_BEZ_A_403,0.58501174,0.65021055,0.12410841,0.092023514,0.5101755,0.11170836,0.19719154
6a1l_BEZ_A_404,0.58501174,0.65021055,0.12410841,0.092023514,0.5101755,0.11170836,0.19719154
6a2m_9QR_A_701,0.58501174,0.65021055,0.12410841,0.092023514,0.5101755,0.11170836,0.19719154
6a2m_9QR_B_701,0.58501174,0.65021055,0.12410841,0.092023514,0.5101755,0.11170836,0.19719154
6a2m_UMP_A_703,0.58501174,0.65021055,0.12410841,0.092023514,0.5101755,0.11170836,0.19719154
6a2m_UMP_B_703,0.58501174,0.65021055,0.12410841,0.092023514,0.5101755,0.11170836,0.19719154
6a2n_9QR_A_701,0.58501174,0.65021055,0.12410841,0.092023514,0.5101755,0.11170836,0.19719154
6a2n_UMP_B_703,0.58501174,0.65021055,0.12410841,0.092023514,0.5101755,0.11170836,0.19719154
6a3j_SOE_A_402,0.58501174,0.65021055,0.12410841,0.092023514,0.5101755,0.11170836,0.19719154
6abm_9VR_A_505,0.58501174,0.65021055,0.12410841,0.092023514,0.5101755,0.11170836,0.19719154
6acn_TRC_A_899,0.58501174,0.65021055,0.12410841,0.092023514,0.5101755,0.11170836,0.19719154
6ald_2FP_A_700,0.58501174,0.65021055,0.12410841,0.092023514,0.5101755,0.11170836,0.19719154
6ald_2FP_B_700,0.58501174,0.65021055,0.12410841,0.092023514,0.5101755,0.11170836,0.19719154
6auq_BYJ_B_803,0.58501174,0.65021055,0.12410841,0.092023514,0.5101755,0.11170836,0.19719154
6av2_BY7_A_803,0.58501174,0.65021055,0.12410841,0.092023514,0.5101755,0.11170836,0.19719154
6av2_BY7_B_803,0.58501174,0.65021055,0.12410841,0.092023514,0.5101755,0.11170836,0.19719154
6axu_BTM_A_401,0.58501174,0.65021055,0.12410841,0.092023514,0.5101755,0.11170836,0.19719154
6ayv_MLI_A_409,0.58501174,0.65021055,0.12410841,0.092023514,0.5101755,0.11170836,0.19719154
6b5k_TYD_A_304,0.56760351,0,0.12410841,0,0.50050421,0.11170836,0
6b5k_TYD_B_304,0.58501174,0.65021055,0.12410841,0.092023514,0.5101755,0.11170836,0.19719154
6b6r_BEN_A_302,0.58501174,0.65021055,0.12410841,0.092023514,0.5101755,0.11170836,0.19719154
6b83_6NA_B_201,0.58501174,0.65021055,0.12410841,0.092023514,0.5101755,0.11170836,0.19719154
6b9p_D0J_A_1001,0.83438537,0.20965552,0.12410841,0.16442359,2.260473e-08,0.11170836,0.24659205
6b9p_D0J_B_1001,0.58501174,0.65021055,0.12410841,0.092023514,0.5101755,0.11170836,0.19719154
6ba2_7KM_A_809,0.58501174,0.65021055,0.12410841,0.092023514,0.5101755,0.11170836,0.19719154
6bds_DJ4_A_303,0.58501174,0.65021055,0.12410841,0.092023514,0.5101755,0.11170836,0.19719154
6bkk_308_B_101,0.58501174,0.65021055,0.12410841,0.092023514,0.5101755,0.11170836,0.19719154
6bmm_OLB_A_404,0.58501174,0.65021055,0.12410841,0.092023514,0.5101755,0.11170836,0.19719154
6bmm_OLB_B_404,0.58501174,0.65021055,0.12410841,0.092023514,0.5101755,0.11170836,0.19719154
6bqx_9AG_A_201,0.58501174,0.65021055,0.12410841,0.092023514,0.5101755,0.11170836,0.19719154
6br1_E3Y_B_505,0.58501174,0.65021055,0.12410841,0.092023514,0.5101755,0.11170836,0.19719154
6btn_E8M_A_304,0.58501174,0.65021055,0.12410841,0.092023514,0.5101755,0.11170836,0.19719154
6btq_E8S_A_305,0.58501174,0.65021055,0.12410841,0.092023514,0.5101755,0.11170836,0.19719154
6bvl_EBY_B_2001,0.58501174,0.65021055,0.12410841,0.092023514,0.5101755,0.11170836,0.19719154
6bxk_MTA_B_401,0.58501174,0.65021055,0.12410841,0.092023514,0.5101755,0.11170836,0.19719154
6c17_DNX_A_202,0.66492971,0.91605381,0.12410841,0.074748659,0.73861301,0.11170836,0
6c1i_EEY_A_501,0.58501174,0.65021055,0.12410841,0.092023514,0.5101755,0.11170836,0.19719154
6c1i_EEY_B_501,0.58501174,0.65021055,0.12410841,0.092023514,0.5101755,0.11170836,0.19719154
6c1i_KNA_A_502,0.58501174,0.65021055,0.12410841,0.092023514,0.5101755,0.11170836,0.19719154
6c1x_DNX_A_203,0.58501174,0.65021055,0.12410841,0.092023514,0.5101755,0.11170836,0.19719154
6c6w_TFX_A_502,0.58501174,0.65021055,0.12410841,0.092023514,0.5101755,0.11170836,0.19719154
6cdy_EY1_A_501,0.58501174,0.65021055,0.12410841,0.092023514,0.5101755,0.11170836,0.19719154
6cdy_EY1_B_501,0.58501174,0.65021055,0.12410841,0.092023514,0.5101755,0.11170836,0.19719154
6cgc_F0A_A_402,0.58501174,0.65021055,0.12410841,0.092023514,0.5101755,0.11170836,0.19719154
6cgc_F0A_B_402,0.58501174,0.65021055,0.12410841,0.092023514,0.5101755,0.11170836,0.19719154
6cgn_DA_A_801,0.58501174,0.65021055,0.12410841,0.092023514,0.5101755,0.11170836,0.19719154
6cqu_HI6_A_601,0.58501174,0.65021055,0.12410841,0.092023514,0.5101755,0.11170836,0.19719154
6cqu_HI6_B_601,0.58501174,0.65021055,0.12410841,0.092023514,0.5101755,0.11170836,0.19719154
6cut_FEJ_A_401,0.58501174,0.65021055,0.12410841,0.092023514,0.5101755,0.11170836,0.19719154
6cut_FEJ_B_401,0.58501174,0.65021055,0.12410841,0.092023514,0.5101755,0.11170836,0.19719154
6cut_FEJ_C_401,0.58501174,0.65021055,0.12410841,0.092023514,0.5101755,0.11170836,0.19719154
6cwr_6LA_A_201,0.58501174,0.65021055,0.12410841,0.092023514,0.5101755,0.11170836,0.19719154
6dl7_ONC_A_301,0.58501174,0.65021055,0.12410841,0.092023514,0.5101755,0.11170836,0.19719154
6dl7_ONC_B_301,0.58501174,0.65021055,0.12410841,0.092023514,0.5101755,0.11170836,0.19719154
6dl7_ONC_C_301,0.58501174,0.65021055,0.12410841,0.092023514,0.5101755,0.11170836,0.19719154
6dl7_ONC_D_301,0.58501174,0.65021055,0.12410841,0.092023514,0.5101755,0.11170836,0.19719154
6dl7_ONC_F_301,0.58501174,0.65021055,0.12410841,0.092023514,0.5101755,0.11170836,0.19719154
6dl7_ONC_G_301,0.58501174,0.65021055,0.12410841,0.092023514,0.5101755,0.11170836,0.19719154
6dmi_5T5_A_504,0.58501174,0.65021055,0.12410841,0.092023514,0.5101755,0.11170836,0.19719154
6e2w_DP6_A_403,0.58501174,0.65021055,0.12410841,0.092023514,0.5101755,0.11170836,0.19719154
6e40_BBJ_A_502,0.58501174,0.65021055,0.12410841,0.092023514,0.5101755,0.11170836,0.19719154
6e40_BBJ_B_502,0.58501174,0.65021055,0.12410841,0.092023514,0.5101755,0.11170836,0.19719154
6e40_BBJ_D_502,0.58501174,0.65021055,0.12410841,0.092023514,0.5101755,0.11170836,0.19719154
6e43_BEZ_A_502,0.58501174,0.65021055,0.12410841,0.092023514,0.5101755,0.11170836,0.19719154
6e43_BEZ_B_502,0.58501174,0.65021055,0.12410841,0.092023514,0.5101755,0.11170836,0.19719154
6e43_BEZ_C_502,0.58501174,0.65021055,0.12410841,0.092023514,0.5101755,0.11170836,0.19719154
6e43_BEZ_D_502,0.58501174,0.65021055,0.12410841,0.092023514,0.5101755,0.11170836,0.19719154
6e8i_PTR_A_201,0.58501174,0.65021055,0.12410841,0.092023514,0.5101755,0.11170836,0.19719154
6ezf_C6Z_A_1003,0.58501174,0.65021055,0.12410841,0.092023514,0.5101755,0.11170836,0.19719154
6f2b_AKG_A_402,0.58501174,0.65021055,0.12410841,0.092023514,0.5101755,0.11170836,0.19719154
6f2b_AKG_B_402,0,0.84478557,0.12410841,0.17966293,0.035337995,0.11170836,0.86175175
6f2b_AKG_C_402,0.58501174,0.65021055,0.12410841,0.092023514,0.5101755,0.11170836,0.19719154
6f2v_AMP_B_1001,0.58501174,0.65021055,0.12410841,0.092023514,0.5101755,0.11170836,0.19719154
6f3s_CKW_A_902,0.58501174,0.65021055,0.12410841,0.092023514,0.5101755,0.11170836,0.19719154
6f3s_PLP_A_901,0.58501174,0.65021055,0.12410841,0.092023514,0.5101755,0.11170836,0.19719154
6f48_XQB_A_302,0.58501174,0.65021055,0.12410841,0.092023514,0.5101755,0.11170836,0.19719154
6f66_CUT_A_300,0.58501174,0.65021055,0.12410841,0.092023514,0.5101755,0.11170836,0.19719154
6f66_CUT_B_300,0.58501174,0.65021055,0.12410841,0.092023514,0.5101755,0.11170836,0.19719154
6f6a_CU5_B_301,0.58501174,0.65021055,0.12410841,0.092023514,0.5101755,0.11170836,0.19719154
6f76_CVK_A_203,0.58501174,0.65021055,0.12410841,0.092023514,0.5101755,0.11170836,0.19719154
6f76_CVK_B_203,0.58501174,0.65021055,0.12410841,0.092023514,0.5101755,0.11170836,0.19719154
6f76_CVK_C_203,0.58501174,0.65021055,0.12410841,0.092023514,0.5101755,0.11170836,0.19719154
6f77_PLP_A_600,0.58501174,0.65021055,0.12410841,0.092023514,0.5101755,0.11170836,0.19719154
6f77_PLP_C_600,0.58501174,0.65021055,0.12410841,0.092023514,0.5101755,0.11170836,0.19719154
6f77_PLP_D_600,0.58501174,0.65021055,0.12410841,0.092023514,0.5101755,0.11170836,0.19719154
6f77_PLP_E_600,0.58501174,0.65021055,0.12410841,0.092023514,0.5101755,0.11170836,0.19719154
6f7r_CIT_A_1003,0.58501174,0.65021055,0.12410841,0.092023514,0.5101755,0.11170836,0.19719154
6fa1_D2Z_A_203,0.58501174,0.65021055,0.12410841,0.092023514,0.5101755,0.11170836,0.19719154
6fa1_D2Z_B_203,0.58501174,0.65021055,0.12410841,0.092023514,0.5101755,0.11170836,0.19719154
6fa1_D2Z_F_203,0.58501174,0.65021055,0.12410841,0.092023514,0.5101755,0.11170836,0.19719154
6fjj_LSA_A_302,0.58501174,0.65021055,0.12410841,0.092023514,0.5101755,0.11170836,0.19719154
6fld_DQ5_A_604,0.58501174,0.65021055,0.12410841,0.092023514,0.5101755,0.11170836,0.19719154
6fld_NAG_A_602,0.58501174,0.65021055,0.12410841,0.092023514,0.5101755,0.11170836,0.19719154
6fld_NAG_A_603,0.58501174,0.65021055,0.12410841,0.092023514,0.5101755,0.11170836,0.19719154
6flu_DTK_A_401,0.58501174,0.65021055,0.12410841,0.092023514,0.5101755,0.11170836,0.19719154
6flu_DTK_A_403,0.58501174,0.65021055,0.12410841,0.092023514,0.5101755,0.11170836,0.19719154
6flu_DTK_A_404,0.58501174,0.65021055,0.12410841,0.092023514,0.5101755,0.11170836,0.19719154
6flu_DTK_A_405,0.58501174,0.65021055,0.12410841,0.092023514,0.5101755,0.11170836,0.19719154
6flu_DTK_A_406,0.58501174,0.65021055,0.12410841,0.092023514,0.5101755,0.11170836,0.19719154
6flu_DTK_B_401,0.58501174,0.65021055,0.12410841,0.092023514,0.5101755,0.11170836,0.19719154
6flu_DTK_B_402,0.58501174,0.65021055,0.12410841,0.092023514,0.5101755,0.11170836,0.19719154
6flu_DTK_B_403,0.58501174,0.65021055,0.12410841,0.092023514,0.5101755,0.11170836,0.19719154
6flu_DTK_B_404,0.58501174,0.65021055,0.12410841,0.092023514,0.5101755,0.11170836,0.19719154
6flu_DTK_B_405,0.58501174,0.65021055,0.12410841,0.092023514,0.5101755,0.11170836,0.19719154
6flu_DTK_B_406,0.56760351,0,0.12410841,1.1185328e-42,0.50050421,0.11170836,0
6fs7_E4Z_A_903,0.58501174,0.65021055,0.12410841,0.092023514,0.5101755,0.11170836,0.19719154
6fs7_E4Z_B_903,0.58501174,0.65021055,0.12410841,0.092023514,0.5101755,0.11170836,0.19719154
6fs7_E4Z_C_903,0.58501174,0.65021055,0.12410841,0.092023514,0.5101755,0.11170836,0.19719154
6fs7_E4Z_D_903,0.58501174,0.65021055,0.12410841,0.092023514,0.5101755,0.11170836,0.19719154
6fs7_E4Z_E_903,0.58501174,0.65021055,0.12410841,0.092023514,0.5101755,0.11170836,0.19719154
6fs7_E4Z_F_903,0.58501174,0.65021055,0.12410841,0.092023514,0.5101755,0.11170836,0.19719154
6fw0_E92_A_602,0.58501174,0.65021055,0.12410841,0.092023514,0.5101755,0.11170836,0.19719154
6fw0_E92_B_602,0.58501174,0.65021055,0.12410841,0.092023514,0.5101755,0.11170836,0.19719154
6g3f_FUM_A_601,0.58501174,0.65021055,0.12410841,0.092023514,0.5101755,0.11170836,0.19719154
6g5q_EMZ_B_402,0.58501174,0.65021055,0.12410841,0.092023514,0.5101755,0.11170836,0.19719154
6gck_EUB_A_302,0.58501174,0.65021055,0.12410841,0.092023514,0.5101755,0.11170836,0.19719154
6gck_EUB_C_302,0.58501174,0.65021055,0.12410841,0.092023514,0.5101755,0.11170836,0.19719154
6gck_EUB_D_302,0.58501174,0.65021055,0.12410841,0.092023514,0.5101755,0.11170836,0.19719154
6gl4_GLU_B_301,0.58501174,0.65021055,0.12410841,0.092023514,0.5101755,0.11170836,0.19719154
6gnf_GLC_B_602,0.58501174,0.65021055,0.12410841,0.092023514,0.5101755,0.11170836,0.19719154
6gpn_OGA_B_402,0.58501174,0.65021055,0.12410841,0.092023514,0.5101755,0.11170836,0.19719154
6gqk_F88_A_1001,0.58501174,0.65021055,0.12410841,0.092023514,0.5101755,0.11170836,0.19719154
6gxk_FFW_A_402,0.58501174,0.65021055,0.12410841,0.092023514,0.5101755,0.11170836,0.19719154
6gxk_FFW_B_402,0.58501174,0.65021055,0.12410841,0.092023514,0.5101755,0.11170836,0.19719154
6h8p_OGA_A_504,0.58501174,0.65021055,0.12410841,0.092023514,0.5101755,0.11170836,0.19719154
6hgl_TES_A_401,0.58501174,0.65021055,0.12410841,0.092023514,0.5101755,0.11170836,0.19719154
6hl7_CP_A_401,0.58501174,0.65021055,0,0.092023514,0.5101755,0.11170836,0.19719154
6hl7_CP_C_401,0.58501174,0.65021055,0.12410841,0.092023514,0.5101755,0.11170836,0.19719154
6hl9_SIN_A_402,0.58501174,0.65021055,0.12410841,0.092023514,0.5101755,0.11170836,0.19719154
6hl9_SIN_B_402,0.58501174,0.65021055,0.12410841,0.092023514,0.5101755,0.11170836,0.19719154
6hmw_FUL_A_203,0.58501174,0.65021055,0.12410841,0.092023514,0.5101755,0.11170836,0.19719154
6hmw_FUL_B_204,0.58501174,0.65021055,0.12410841,0.092023514,0.5101755,0.11170836,0.19719154
6hmw_FUL_C_203,0.58501174,0.65021055,0.12410841,0.092023514,0.5101755,0.11170836,0.19719154
6hmw_FUL_F_202,0.58501174,0.65021055,0.12410841,0.092023514,0.5101755,0.11170836,0.19719154
6hmw_FUL_G_202,0.58501174,0.65021055,0.12410841,0.092023514,0.5101755,0.11170836,0.19719154
6hmw_FUL_H_201,0.58501174,0.65021055,0.12410841,0.092023514,0.5101755,0.11170836,0.19719154
6hmw_FUL_I_201,0.58501174,0.65021055,0.12410841,0.092023514,0.5101755,0.11170836,0.19719154
6hnz_GH5_A_301,0.58501174,0.65021055,0.12410841,0.092023514,0.5101755,0.11170836,0.19719154
6ho2_GHN_A_301,0.58501174,0.65021055,0.12410841,0.092023514,0.5101755,0.11170836,0.19719154
6ho7_GHQ_A_301,0.58501174,0.65021055,0.99683635,0.092023514,0.5101755,0.11170836,0.19719154
6hpx_GKQ_A_205,0.58501174,0.65021055,0.12410841,0.092023514,0.5101755,0.11170836,0.19719154
6hqr_3DM_A_502,0.58501174,0.65021055,0.12410841,0.092023514,0.5101755,0.11170836,0.19719154
6hsg_GM5_A_504,0.58501174,0.65021055,0.12410841,0.092023514,0.5101755,0.11170836,0.19719154
6hsg_GM5_B_504,0.58501174,0.65021055,0.12410841,0.092023514,0.5101755,0.11170836,0.19719154
6hsg_GM5_D_504,0.58501174,0.65021055,0.12410841,0.092023514,0.5101755,0.11170836,0.19719154
6i4b_E2N_A_603,0.58501174,0.65021055,0.12410841,0.092023514,0.5101755,0.11170836,0.19719154
6i4b_ORO_B_602,0.58501174,0.65021055,0.12410841,0.092023514,0.5101755,0.11170836,0.19719154
6i6r_H62_A_704,0.58501174,0.65021055,0.12410841,0.092023514,0.5101755,0.11170836,0.19719154
6ijn_6MZ_A_401,0.58501174,0.65021055,0.12410841,0.092023514,0.5101755,0.11170836,0.19719154
6ix8_B3O_A_408,0.58501174,0.65021055,0.12410841,0.092023514,0.5101755,0.11170836,0.19719154
6ix8_B3O_B_408,0.58501174,0.65021055,0.12410841,0.092023514,0.5101755,0.11170836,0.19719154
6j4t_IMP_A_401,0.59649955,0,0.12410841,0.014893509,0.51089962,0.11170836,0
6jc7_F0G_A_601,0.99311049,0.97398105,0.12410841,0.26833427,2.7980336e-05,0.11170836,0.47755291
6jc7_F0G_B_601,0.58501174,0.65021055,0.12410841,0.092023514,0.5101755,0.11170836,0.19719154
6jc7_F0G_C_601,0.58501174,0.65021055,0.12410841,0.092023514,0.5101755,0.11170836,0.19719154
6jc7_F0G_D_601,0.58501174,0.65021055,0.12410841,0.092023514,0.5101755,0.11170836,0.19719154
6jea_NAG_A_501,0.58501174,0.65021055,0.12410841,0.092023514,0.5101755,0.11170836,0.19719154
6jk9_BU0_A_501,0.58501174,0.65021055,0.12410841,0.092023514,0.5101755,0.11170836,0.19719154
6jk9_BU0_B_501,0.58501174,0.65021055,0.12410841,0.092023514,0.5101755,0.11170836,0.19719154
6jmd_BVO_A_408,0.58501174,0.65021055,0.12410841,0.092023514,0.5101755,0.11170836,0.19719154
6jmd_ORO_A_402,0.58501174,0.65021055,0.12410841,0.092023514,0.5101755,0.11170836,0.19719154
6jme_BVU_A_409,0.58501174,0.65021055,0.12410841,0.092023514,0.5101755,0.11170836,0.19719154
6jme_ORO_A_402,0.58501174,0.65021055,0.12410841,0.092023514,0.5101755,0.11170836,0.19719154
6jq8_CIT_A_302,0.58501174,0.65021055,0.12410841,0.092023514,0.5101755,0.11170836,0.19719154
6jws_PT1_A_801,0.58501174,0.65021055,0.12410841,0.092023514,0.5101755,0.11170836,0.19719154
6jws_PT1_B_801,0.56760351,0,0.12410841,2.4467067e-51,0.50050421,0.11170836,0
6jwy_PH2_A_802,0.58501174,0.65021055,0.12410841,0.092023514,0.5101755,0.11170836,0.19719154
6jx9_CQC_A_501,0.58501174,0.65021055,0.12410841,0.092023514,0.5101755,0.11170836,0.19719154
6jyg_FLC_A_401,0.58501174,0.65021055,0.12410841,0.092023514,0.5101755,0.11170836,0.19719154
6jyg_FLC_C_401,0.58501174,0.65021055,0.12410841,0.092023514,0.5101755,0.11170836,0.19719154
6jyg_FLC_D_401,0.58501174,0.65021055,0.12410841,0.092023514,0.5101755,0.11170836,0.19719154
6jyg_FLC_E_401,0.58501174,0.65021055,0.12410841,0.092023514,0.5101755,0.11170836,0.19719154
6jyg_FLC_E_402,0.58501174,0.65021055,0.12410841,0.092023514,0.5101755,0.11170836,0.19719154
6jz4_EVA_A_701,0.58501174,0.65021055,0.12410841,0.092023514,0.5101755,0.11170836,0.19719154
6jz4_EVA_B_701,0.58501174,0.65021055,0.12410841,0.092023514,0.5101755,0.11170836,0.19719154
6jz6_CKX_B_701,0.58501174,0.65021055,0.12410841,0.092023514,0.5101755,0.11170836,0.19719154
6k92_GT0_A_802,0.58501174,0.65021055,0.12410841,0.092023514,0.5101755,0.11170836,0.19719154
6k92_GT0_B_602,0.58501174,0.65021055,0.12410841,0.092023514,0.5101755,0.11170836,0.19719154
6krs_CIT_B_301,0.58501174,0.65021055,0.12410841,0.092023514,0.5101755,0.11170836,0.19719154
6krs_CIT_C_301,0.58501174,0.65021055,0.12410841,0.092023514,0.5101755,0.11170836,0.19719154
6krs_CIT_D_301,0.58501174,0.65021055,0.12410841,0.092023514,0.5101755,0.11170836,0.19719154
6krs_CIT_F_301,0.58501174,0.65021055,0.12410841,0.092023514,0.5101755,0.11170836,0.19719154
6krs_CIT_H_301,0.58501174,0.65021055,0.12410841,0.092023514,0.5101755,0.11170836,0.19719154
6krs_CIT_I_301,0.58501174,0.65021055,0.12410841,0.092023514,0.5101755,0.11170836,0.19719154
6krs_CIT_J_301,0.58501174,0.65021055,0.12410841,0.092023514,0.5101755,0.11170836,0.19719154
6kxh_DY9_B_402,0.58501174,0.65021055,0.12410841,0.092023514,0.5101755,0.11170836,0.19719154
6kxh_DY9_C_402,0.58501174,0.65021055,0.12410841,0.092023514,0.5101755,0.11170836,0.19719154
6kxh_DY9_D_402,0.58501174,0.65021055,0.12410841,0.092023514,0.5101755,0.11170836,0.19719154
6l17_E2X_A_401,0.58501174,0.65021055,0.12410841,0.092023514,0.5101755,0.11170836,0.19719154
6l59_CIT_B_403,0.58501174,0.65021055,0.12410841,0.092023514,0.5101755,0.11170836,0.19719154
6l68_ALL_A_201,0.58501174,0.65021055,0.12410841,0.092023514,0.5101755,0.11170836,0.19719154
6l86_LMR_A_302,0.58501174,0.65021055,0.12410841,0.092023514,0.5101755,0.11170836,0.19719154
6l86_LMR_B_302,0.58501174,0.65021055,0.12410841,0.092023514,0.5101755,0.11170836,0.19719154
6l86_LMR_B_303,0.58501174,0.65021055,0.12410841,0.092023514,0.5101755,0.11170836,0.19719154
6l86_LMR_C_302,0.58501174,0.65021055,0.12410841,0.092023514,0.5101755,0.11170836,0.19719154
6l86_LMR_D_302,0.58501174,0.65021055,0.12410841,0.092023514,0.5101755,0.11170836,0.19719154
6l86_MLT_A_303,0.58501174,0.65021055,0,0.092023514,0.5101755,0.11170836,0.19719154
6l8a_BAL_C_504,0.58501174,0.65021055,0.12410841,0.092023514,0.5101755,0.11170836,0.19719154
6l8a_BAL_D_507,0.58501174,0.65021055,0.12410841,0.092023514,0.5101755,0.11170836,0.19719154
6l8a_BAL_E_503,0.58501174,0.65021055,0.12410841,0.092023514,0.5101755,0.11170836,0.19719154
6lit_2OH_A_501,0.58708986,0.81148325,0.12410841,0.10999299,0.51748874,0.11170836,0.24579285
6lit_2OH_B_501,0.59649955,0,0.12410841,0.014893509,0.51089962,0.11170836,0
6lj7_EFR_A_301,0.58501174,0.65021055,0.12410841,0.092023514,0.5101755,0.11170836,0.19719154
6lql_F0C_A_702,0.58501174,0.65021055,0.12410841,0.092023514,0.5101755,0.11170836,0.19719154
6lx5_C5F_A_502,0.58501174,0.65021055,0.12410841,0.092023514,0.5101755,0.11170836,0.19719154
6lx5_C5F_A_503,0.58501174,0.65021055,0.12410841,0.092023514,0.5101755,0.11170836,0.19719154
6lx5_C5F_B_501,0.58501174,0.65021055,0.12410841,0.092023514,0.5101755,0.11170836,0.19719154
6lx5_C5F_B_502,0.58501174,0.65021055,0.12410841,0.092023514,0.5101755,0.11170836,0.19719154
6ly4_TES_A_501,0.58501174,0.65021055,0.12410841,0.092023514,0.5101755,0.11170836,0.19719154
6m5m_NAG_A_202,0.58501174,0.65021055,0.12410841,0.092023514,0.5101755,0.11170836,0.19719154
6m5m_NAG_B_202,0.58501174,0.65021055,0.12410841,0.092023514,0.5101755,0.11170836,0.19719154
6m9b_BTN_A_201,0.58501174,0.65021055,0.12410841,0.092023514,0.5101755,0.11170836,0.19719154
6m9b_BTN_B_201,0.58501174,0.65021055,0.12410841,0.092023514,0.5101755,0.11170836,0.19719154
6m9b_BTN_C_201,0.99481187,0.98202831,0.12410841,0.066809886,0.99403961,0.11170836,0.069911185
6m9b_BTN_D_201,0.58501174,0.65021055,0.12410841,0.092023514,0.5101755,0.11170836,0.19719154
6mae_JBA_A_301,0.58501174,0.65021055,0.12410841,0.092023514,0.5101755,0.11170836,0.19719154
6md2_GW9_B_501,0.58501174,0.65021055,0.12410841,0.092023514,0.5101755,0.11170836,0.19719154
6mpa_NAG_B_502,0.58501174,0.65021055,0.12410841,0.092023514,0.5101755,0.11170836,0.19719154
6mry_FLC_A_101,0.58501174,0.65021055,0.12410841,0.092023514,0.5101755,0.11170836,0.19719154
6mry_FLC_B_101,0.58501174,0.65021055,0.12410841,0.092023514,0.5101755,0.11170836,0.19719154
6mry_FLC_C_102,0.58501174,0.65021055,0.12410841,0.092023514,0.5101755,0.11170836,0.19719154
6mry_FLC_K_101,0.58501174,0.65021055,0.12410841,0.092023514,0.5101755,0.11170836,0.19719154
6mwl_K5G_B_301,0.58501174,0.65021055,0.12410841,0.092023514,0.5101755,0.11170836,0.19719154
6n0z_DP6_B_401,0.58501174,0.65021055,0.12410841,0.092023514,0.5101755,0.11170836,0.19719154
6n0z_DP6_C_401,0.58501174,0.65021055,0.12410841,0.092023514,0.5101755,0.11170836,0.19719154
6n0z_DP6_E_401,0.58501174,0.65021055,0.12410841,0.092023514,0.5101755,0.11170836,0.19719154
6n0z_DP6_F_401,0.58501174,0.65021055,0.12410841,0.092023514,0.5101755,0.11170836,0.19719154
6n9r_OHN_A_303,0.58501174,0.65021055,0.12410841,0.092023514,0.5101755,0.11170836,0.19719154
6n9r_OHN_X_305,0.58501174,0.65021055,0.12410841,0.092023514,0.5101755,0.11170836,0.19719154
6nba_P1T_A_501,0.58501174,0.65021055,0.12410841,0.092023514,0.5101755,0.11170836,0.19719154
6nba_P1T_B_501,0.58501174,0.65021055,0.12410841,0.092023514,0.5101755,0.11170836,0.19719154
6nba_P1T_D_501,0.58501174,0.65021055,0.12410841,0.092023514,0.5101755,0.11170836,0.19719154
6ncx_ADA_A_601,0,0,0.12410841,0,0.47479964,0.11170836,0.049920133
6ncx_ADA_C_601,0.58501174,0.65021055,0.12410841,0.092023514,0.5101755,0.0012505815,0.19719154
6ncx_ADA_D_601,0.58501174,0.65021055,0.12410841,0.092023514,0.5101755,0.11170836,0.19719154
6ng5_KMD_A_803,0.58501174,0.65021055,0.12410841,0.092023514,0.5101755,0,0.19719154
6ng5_KMD_B_803,0.58501174,0.65021055,0.12410841,0.092023514,0.5101755,0.11170836,0.19719154
6nga_KL7_A_803,0.58501174,0.65021055,0.12410841,0.092023514,0.5101755,0.11170836,0.19719154
6ngp_KKY_A_803,0.86967087,0.98926935,0.12410841,0.15323214,0.52644002,0.11170836,0.27670855
6ngu_KMJ_A_803,0.58501174,0.65021055,0.12410841,0.092023514,0.5101755,0.11170836,0.19719154
6ngu_KMJ_B_803,0.58501174,0.65021055,0.12410841,0.092023514,0.5101755,0.11170836,0.19719154
6nh0_KND_A_803,0.89640649,0.98166553,0.12410841,0.15462422,0.52617707,0.11170836,0.27224275
6nhd_KNV_A_803,0.58501174,0.65021055,0.12410841,0.092023514,0.5101755,0.11170836,0.19719154
6nhd_KNV_B_803,0.58501174,0.65021055,0.12410841,0.092023514,0.5101755,0.11170836,0.19719154
6nig_NAG_A_604,0.58501174,0.65021055,0.12410841,0.092023514,0.5101755,0.11170836,0.19719154
6nig_NAG_A_605,0.58501174,0.65021055,0.12410841,0.092023514,0.5101755,0.11170836,0.19719154
6nig_NAG_C_802,0.58501174,0.65021055,0.12410841,0.092023514,0.5101755,0.11170836,0.19719154
6nni_CP6_A_203,0.99389583,0.989564,0.12410841,0.067556443,0.99439024,0.11170836,0.072245906
6nsu_DYA_A_402,0.58501174,0.65021055,0.12410841,0.092023514,0.5101755,0.11170836,0.19719154
6ny7_L8J_A_303,0.58501174,0.65021055,0.12410841,0.092023514,0.5101755,0.11170836,0.19719154
6nyo_U94_A_301,0.58501174,0.65021055,0.12410841,0.092023514,0.5101755,0.11170836,0.19719154
6o04_DNA_B_601,0.58501174,0.65021055,0.12410841,0.092023514,0.5101755,0.11170836,0.19719154
6o04_DNA_C_603,0.58501174,0.65021055,0.12410841,0.092023514,0.5101755,0.11170836,0.19719154
6o1s_7SD_E_803,0.58501174,0.65021055,0.12410841,0.092023514,0.5101755,0.11170836,0.19719154
6o2z_LJV_A_500,0.58501174,0.65021055,0.12410841,0.092023514,0.5101755,0.11170836,0.19719154
6ock_9KL_A_601,0.58501174,0.65021055,0.12410841,0.092023514,0.5101755,0.11170836,0.19719154
6ock_9KL_A_602,0.58501174,0.65021055,0.12410841,0.092023514,0.5101755,0.11170836,0.19719154
6ofr_BOG_A_802,0.58501174,0.65021055,0.12410841,0.092023514,0.5101755,0.11170836,0.19719154
6ofr_BOG_A_803,0.58501174,0.65021055,0.12410841,0.092023514,0.5101755,0.11170836,0.19719154
6ofr_BOG_A_804,0.58501174,0.65021055,0.12410841,0.092023514,0.5101755,0.11170836,0.19719154
6ofr_BOG_A_805,0.58501174,0.65021055,0.12410841,0.092023514,0.5101755,0.11170836,0.19719154
6oha_XAN_A_501,0.58501174,0.65021055,0.12410841,0.092023514,0.5101755,0.11170836,0.19719154
6ooi_PGA_A_301,0.58501174,0.65021055,0.12410841,0.092023514,0.5101755,0.11170836,0.19719154
6ooi_PGA_B_301,0.58501174,0.65021055,0.12410841,0.092023514,0.5101755,0.11170836,0.19719154
6ooi_PGA_C_302,0.58501174,0.65021055,0.12410841,0.092023514,0.5101755,0.11170836,0.19719154
6ooi_PGA_D_301,0.58501174,0.65021055,0.12410841,0.092023514,0.5101755,0.11170836,0.19719154
6ooi_PGA_E_301,0.58501174,0.65021055,0.12410841,0.092023514,0.5101755,0.11170836,0.19719154
6ooi_PGA_F_301,0.58501174,0.65021055,0.12410841,0.092023514,0.5101755,0.11170836,0.19719154
6ooi_PGA_G_301,0.58501174,0.65021055,0.12410841,0.092023514,0.5101755,0.11170836,0.19719154
6ooi_PGA_H_302,0.58501174,0.65021055,0.12410841,0.092023514,0.5101755,0.11170836,0.19719154
6p9t_O5D_A_307,0.58501174,0.65021055,0.12410841,0.092023514,0.5101755,0.11170836,0.19719154
6pk1_3PY_A_502,0.58501174,0.65021055,0.12410841,0.092023514,0.5101755,0.11170836,0.19719154
6pk1_PLP_B_501,0.58501174,0.65021055,0.12410841,0.092023514,0.5101755,0.11170836,0.19719154
6pmv_M16_B_803,0.58501174,0.65021055,0.12410841,0.092023514,0.5101755,0.11170836,0.19719154
6pn9_OU7_A_803,0.58501174,0.65021055,0.12410841,0.092023514,0.5101755,0.11170836,0.19719154
6pn9_OU7_B_803,0.58501174,0.65021055,0.12410841,0.092023514,0.5101755,0.11170836,0.19719154
6pna_M16_B_803,0.58501174,0.65021055,0.12410841,0.092023514,0.5101755,0.11170836,0.19719154
6png_OSG_A_803,0.58501174,0.65021055,0.12410841,0.092023514,0.5101755,0.11170836,0.19719154
6png_OSG_B_801,0.58501174,0.65021055,0.12410841,0.092023514,0.5101755,0.11170836,0.19719154
6png_OSG_B_804,0.58501174,0.65021055,0.12410841,0.092023514,0.5101755,0.11170836,0.19719154
6po9_OS7_A_803,0.58501174,0.65021055,0.12410841,0.092023514,0.5101755,0.11170836,0.19719154
6po9_OS7_B_804,0.58501174,0.65021055,0.12410841,0.092023514,0.5101755,0.11170836,0.19719154
6ps7_ZMA_A_1201,0.58501174,0.65021055,0.12410841,0.092023514,0.5101755,0.11170836,0.19719154
6pvi_OZ7_A_501,0.58501174,0.65021055,0.12410841,0.092023514,0.5101755,0.11170836,0.19719154
6q4b_HHN_A_301,0.58501174,0.65021055,0.12410841,0.092023514,0.5101755,0.11170836,0.19719154
6q4k_HHW_A_301,0.58501174,0.65021055,0.12410841,0.092023514,0.5101755,0.11170836,0.19719154
6q4k_HHW_A_302,0.58501174,0.65021055,0.12410841,0.092023514,0.5101755,0.11170836,0.19719154
6q4r_HJ5_A_1009,0.58501174,0.65021055,0.12410841,0.092023514,0.5101755,0.11170836,0.19719154
6q4r_MLT_A_1041,0.58501174,0.65021055,0.12410841,0.092023514,0.5101755,0.11170836,0.19719154
6q4y_MAN_A_402,0.58501174,0.65021055,0.12410841,0.092023514,0.5101755,0.11170836,0.19719154
6q4y_MAN_B_402,0.58501174,0.65021055,0.12410841,0.092023514,0.5101755,0.11170836,0.19719154
6qa7_HTW_A_901,0.58501174,0.65021055,0.12410841,0.092023514,0.5101755,0.11170836,0.19719154
6qa7_PLP_A_902,0.58501174,0.65021055,0.12410841,0.092023514,0.5101755,0.11170836,0.19719154
6qaw_HVE_A_402,0.58501174,0.65021055,0.12410841,0.092023514,0.5101755,0.11170836,0.19719154
6qdb_HWQ_A_1002,0.58501174,0.65021055,0.12410841,0.092023514,0.5101755,0.11170836,0.19719154
6qdb_HWQ_A_1003,0.58501174,0.65021055,0.12410841,0.092023514,0.5101755,0.11170836,0.19719154
6qdc_HXE_A_1003,0.58501174,0.65021055,0.12410841,0.092023514,0.5101755,0.11170836,0.19719154
6qdc_HXE_A_1004,0.58501174,0.65021055,0.12410841,0.092023514,0.5101755,0.11170836,0.19719154
6qde_HWW_A_502,0.58501174,0.65021055,0.12410841,0.092023514,0.5101755,0.11170836,0.19719154
6qde_HWW_A_503,0.58501174,0.65021055,0.12410841,0.092023514,0.5101755,0.11170836,0.19719154
6qni_GLC_A_402,0.58501174,0.65021055,0.12410841,0.092023514,0.5101755,0.11170836,0.19719154
6qo4_97T_B_301,0.58501174,0.65021055,0.12410841,0.092023514,0.5101755,0.11170836,0.19719154
6qol_JB5_A_301,0.58501174,0.65021055,0.12410841,0.092023514,0.5101755,0.11170836,0.19719154
6qol_JB5_B_301,0.58501174,0.65021055,0.12410841,0.092023514,0.5101755,0.11170836,0.19719154
6qor_JBK_A_301,0.58501174,0.65021055,0.12410841,0.092023514,0.5101755,0.11170836,0.19719154
6qor_JBK_B_301,0.58501174,0.65021055,0.12410841,0.092023514,0.5101755,0.11170836,0.19719154
6qot_6SD_A_301,0.58501174,0.65021055,0.12410841,0.092023514,0.5101755,0.11170836,0.19719154
6qot_6SD_B_301,0.58501174,0.65021055,0.12410841,0.092023514,0.5101755,0.11170836,0.19719154
6qqs_JCZ_A_301,0.58501174,0.65021055,0.12410841,0.092023514,0.5101755,0.11170836,0.19719154
6qqs_JCZ_B_301,0.58501174,0.65021055,0.12410841,0.092023514,0.5101755,0.11170836,0.19719154
6qrn_RIP_A_500,0.58501174,0.65021055,0.12410841,0.092023514,0.5101755,0.11170836,0.19719154
6r0i_JNB_A_901,0.58501174,0.65021055,0.12410841,0.092023514,0.5101755,0.11170836,0.19719154
6r4j_GLU_A_704,0.58501174,0.65021055,0.12410841,0.092023514,0.5101755,0.11170836,0.19719154
6r5o_BGC_A_801,0,0,0.12410841,0,0.98725877,0.11170836,0
6r5o_BGC_A_802,0.58501174,0.65021055,0.12410841,0.092023514,0.5101755,0.11170836,0.19719154
6r5o_BGC_B_801,0.58501174,0.65021055,0.12410841,0.092023514,0.5101755,0.11170836,0.19719154
6r5o_BGC_B_802,0.58501174,0.65021055,0.12410841,0.092023514,0.5101755,0.11170836,0.19719154
6r6i_H50_B_201,0.58501174,0.65021055,0.12410841,0.092023514,0.5101755,0.11170836,0.19719154
6r73_LMP_A_301,0.58501174,0.65021055,0.12410841,0.092023514,0.5101755,0.11170836,0.19719154
6r73_LMP_B_301,0.58501174,0.65021055,0.12410841,0.092023514,0.5101755,0.11170836,0.19719154
6r7w_CIT_A_406,0.58501174,0.65021055,0.12410841,0.092023514,0.5101755,0.11170836,0.19719154
6rbo_JXQ_A_302,0.77378289,0.94318625,0.12410841,5.2019588e-07,0.59801991,0.11170836,0.2350868
6rbr_JXN_A_302,0.58501174,0.65021055,0.12410841,0.092023514,0.5101755,0.11170836,0.19719154
6rbx_JYT_A_301,0.58501174,0.65021055,0.12410841,0.092023514,0.5101755,0.11170836,0.19719154
6rgg_K3Q_A_401,0.58501174,0.65021055,0.12410841,0.092023514,0.5101755,0.11170836,0.19719154
6rgg_K3Q_A_402,0.58501174,0.65021055,0.12410841,0.092023514,0.5101755,0.11170836,0.19719154
6rgg_K3Q_A_403,0.58501174,0.65021055,0.12410841,0.092023514,0.5101755,0.11170836,0.19719154
6rgg_K3Q_B_401,0.58501174,0.65021055,0.12410841,0.092023514,0.5101755,0.11170836,0.19719154
6rgg_K3Q_B_402,0.58501174,0.65021055,0.12410841,0.092023514,0.5101755,0.11170836,0.19719154
6rgr_RM4_A_402,0.58501174,0.65021055,0.12410841,0.092023514,0.5101755,0.11170836,0.19719154
6rgr_RM4_A_403,0.58501174,0.65021055,0.12410841,0.092023514,0.5101755,0.11170836,0.19719154
6rhc_K48_A_305,0.58501174,0.65021055,0.12410841,0.092023514,0.5101755,0.11170836,0.19719154
6rlt_MLI_A_508,0.58501174,0.65021055,0.12410841,0.092023514,0.5101755,0.11170836,0.19719154
6rlt_MLI_B_511,0.58501174,0.65021055,0.12410841,0.092023514,0.5101755,0.11170836,0.19719154
6rlt_MLI_B_512,0.58501174,0.65021055,0.12410841,0.092023514,0.5101755,0.11170836,0.19719154
6rq3_OUC_A_401,0.58501174,0.65021055,0.12410841,0.092023514,0.5101755,0.11170836,0.19719154
6s23_KSW_A_403,0.58501174,0.65021055,0.12410841,0.092023514,0.5101755,0.11170836,0.19719154
6s23_KSW_B_402,0.58501174,0.65021055,0.12410841,0.092023514,0.5101755,0.11170836,0.19719154
6s39_K5Z_A_301,0.58501174,0.65021055,0.12410841,0.092023514,0.5101755,0.11170836,0.19719154
6s4h_KUQ_A_901,0.58501174,0.65021055,0.12410841,0.092023514,0.5101755,0.11170836,0.19719154
6s51_KVQ_A_901,0.58501174,0.65021055,0.12410841,0.092023514,0.5101755,0.11170836,0.19719154
6s9g_L1Q_A_305,0.58501174,0.65021055,0.12410841,0.092023514,0.5101755,0.11170836,0.19719154
6s9g_L1Q_A_306,0.58501174,0.65021055,0.12410841,0.092023514,0.5101755,0.11170836,0.19719154
6sds_L8N_A_302,0.58501174,0.65021055,0.12410841,0.092023514,0.5101755,0,0.19719154
6si4_LEK_A_402,0.58501174,0.65021055,0.12410841,0.092023514,0.5101755,0.11170836,0.19719154
6si4_LEK_B_402,0.58501174,0.65021055,0.12410841,0.092023514,0.5101755,0.11170836,0.19719154
6sj8_44V_A_901,0.58501174,0.65021055,0.12410841,0.092023514,0.5101755,0.11170836,0.19719154
6sj8_44V_B_901,0.58501174,0.65021055,0.12410841,0.092023514,0.5101755,0,0.19719154
6sjs_THH_B_901,0.58501174,0.65021055,0.12410841,0.092023514,0.5101755,0.11170836,0.19719154
6sux_BEN_A_302,0.58501174,0.65021055,0.12410841,0.092023514,0.5101755,0.11170836,0.19719154
6svu_BEN_A_302,0.58501174,0.65021055,0.12410841,0.092023514,0.5101755,0.11170836,0.19719154
6sxr_KHP_A_507,0.58501174,0.65021055,0.12410841,0.092023514,0.5101755,0.11170836,0.19719154
6sxr_KHP_A_513,0.58501174,0.65021055,0.12410841,0.092023514,0.5101755,0.11170836,0.19719154
6syz_M1E_A_601,0.58501174,0.65021055,0.12410841,0.092023514,0.5101755,0.11170836,0.19719154
6sz3_M1H_B_601,0.58501174,0.65021055,0.12410841,0.092023514,0.5101755,0.11170836,0.19719154
6szl_M3E_B_604,0.58501174,0.65021055,0.12410841,0.092023514,0.5101755,0.11170836,0.19719154
6szt_M4Q_B_601,0.58501174,0.65021055,0.12410841,0.092023514,0.5101755,0.11170836,0.19719154
6t02_M5E_A_601,0.58501174,0.65021055,0.12410841,0.092023514,0.5101755,0.11170836,0.19719154
6t07_M45_B_601,0.00023881849,0,0.12410841,0,0.47480487,0.11170836,0.049898459
6t0a_M58_A_601,0.58501174,0.65021055,0.12410841,0.092023514,0.5101755,0.11170836,0.19719154
6t0a_M58_B_601,0.58501174,0.65021055,0.12410841,0.092023514,0.5101755,0.11170836,0.19719154
6t10_M6Z_A_601,0.58501174,0.65021055,0.12410841,0.092023514,0.5101755,0.11170836,0.19719154
6t5p_VD8_B_302,0.58501174,0.65021055,0.12410841,0.092023514,0.5101755,0.11170836,0.19719154
6t5p_VD8_C_302,0.58501174,0.65021055,0.12410841,0.092023514,0.5101755,0.11170836,0.19719154
6t5p_VD8_D_302,0.58501174,0.65021055,0.12410841,0.092023514,0.5101755,0.11170836,0.19719154
6t9c_MX8_A_501,0.58501174,0.65021055,0.12410841,0.092023514,0.5101755,0.11170836,0.19719154
6tbx_N0Z_A_302,0,0.98603214,0.12410841,0.080264599,0.52362262,0.11170836,0.34613485
6tbx_N0Z_D_302,0.58501174,0.65021055,0.12410841,0.092023514,0.5101755,0.11170836,0.19719154
6tfb_N6W_B_202,0.58501174,0.65021055,0.12410841,0.092023514,0.5101755,0.11170836,0.19719154
6tgi_N8Z_A_508,0.58501174,0.65021055,0.12410841,0.092023514,0.5101755,0.11170836,0.19719154
6tgi_N8Z_B_508,0.58501174,0.65021055,0.12410841,0.092023514,0.5101755,0.11170836,0.19719154
6tgl_LVP_B_201,0.58501174,0.65021055,0.12410841,0.092023514,0.5101755,0.11170836,0.19719154
6to7_SUV_A_401,0.58501174,0.65021055,0.12410841,0.092023514,0.5101755,0.11170836,0.19719154
6to7_SUV_B_401,0.58501174,0.65021055,0.12410841,0.092023514,0.5101755,0.11170836,0.19719154
6tof_NQE_A_201,0.58501174,0.65021055,0.12410841,0.092023514,0.5101755,0.11170836,0.19719154
6tog_NQH_A_201,0.58501174,0.65021055,0.12410841,0.092023514,0.5101755,0.11170836,0.19719154
6toj_NQQ_A_201,0.58501174,0.65021055,0.12410841,0.092023514,0.5101755,0.11170836,0.19719154
6tol_NQW_A_201,0.58501174,0.65021055,0.12410841,0.092023514,0.5101755,0.11170836,0.19719154
6tor_PMP_B_504,0.58501174,0.65021055,0.12410841,0.092023514,0.5101755,0.11170836,0.19719154
6tot_NRK_A_401,0.58501174,0.65021055,0.12410841,0.092023514,0.5101755,0.11170836,0.19719154
6tot_NRK_B_401,0.58501174,0.65021055,0.12410841,0.092023514,0.5101755,0.11170836,0.19719154
6tt4_BMA_C_3,0.58501174,0.65021055,0.12410841,0.092023514,0.5101755,0.11170836,0.19719154
6tt4_FT8_A_709,0.58501174,0.65021055,0.12410841,0.092023514,0.5101755,0.11170836,0.19719154
6tt4_FT8_B_711,0.58501174,0.65021055,0.12410841,0.092023514,0.5101755,0.11170836,0.19719154
6u6c_P1T_B_502,0.97466412,0.93687847,0.12410841,0.06299613,0.97823644,0.11170836,0.063664457
6u6c_P1T_D_505,0.58501174,0.65021055,0.12410841,0.092023514,0.5101755,0.11170836,0.19719154
6u6c_P1T_H_504,0.58501174,0.65021055,0.12410841,0.092023514,0.5101755,0.11170836,0.19719154
6u6c_PZV_F_802,0.58501174,0.65021055,0.12410841,0.092023514,0.5101755,0.11170836,0.19719154
6ufd_Q6D_A_305,0.58501174,0.65021055,0.12410841,0.092023514,0.5101755,0.11170836,0.19719154
6uqd_QF4_A_501,0.58501174,0.65021055,0.12410841,0.092023514,0.5101755,0.11170836,0.19719154
6uqd_QF4_B_501,0.58501174,0.65021055,0,0.092023514,0.5101755,0.11170836,0.19719154
6urx_JMG_A_316,0.58501174,0.65021055,0.12410841,0.092023514,0.5101755,0.11170836,0.19719154
6uvj_QJ1_A_205,0.58501174,0.65021055,0.12410841,0.092023514,0.5101755,0.11170836,0.19719154
6uxr_K6G_B_202,0.58501174,0.65021055,0.12410841,0.092023514,0.5101755,0.11170836,0.19719154
6uzr_QM1_B_301,0.58501174,0.65021055,0.12410841,0.092023514,0.5101755,0.11170836,0.19719154
6v1e_5SW_A_301,0.58501174,0.65021055,0.12410841,0.092023514,0.5101755,0.11170836,0.19719154
6v8n_QS1_A_1704,0.58501174,0.65021055,0.12410841,0.092023514,0.5101755,0.11170836,0.19719154
6vlu_CIT_A_701,0.58501174,0.65021055,0.12410841,0.092023514,0.5101755,0.11170836,0.19719154
6vmz_NAG_A_402,0.58501174,0.65021055,0.12410841,0.092023514,0.5101755,0.11170836,0.19719154
6vmz_NAG_C_402,0.58501174,0.65021055,0.12410841,0.092023514,0.5101755,0.11170836,0.19719154
6vmz_NAG_E_402,0.58501174,0.65021055,0.12410841,0.092023514,0.5101755,0.11170836,0.19719154
6vmz_R3P_A_404,0.58501174,0.65021055,0.12410841,0.092023514,0.5101755,0.11170836,0.19719154
6vmz_R3P_C_404,0.58501174,0.65021055,0.12410841,0.092023514,0.5101755,0.11170836,0.19719154
6vmz_R3P_E_403,0.58501174,0.65021055,0.12410841,0.092023514,0.5101755,0.11170836,0.19719154
6vo2_R67_A_403,0.58501174,0.65021055,0.12410841,0.092023514,0.5101755,0.11170836,0.19719154
6vo2_R67_B_403,0.58501174,0.65021055,0.12410841,0.092023514,0.5101755,0.11170836,0.19719154
6vv9_RQ1_A_202,0.58501174,0.65021055,0.12410841,0.092023514,0.5101755,0.11170836,0.19719154
6vv9_RQ1_B_304,0.58501174,0.65021055,0.12410841,0.092023514,0.5101755,0.11170836,0.19719154
6wdv_TWM_A_701,0.58501174,0.65021055,0.12410841,0.092023514,0.5101755,0.11170836,0.19719154
6wdw_TWV_A_701,0.66473735,0.91347871,0.12410841,0.074580402,0.73797289,0.11170836,0
6wiw_I14_A_601,0.58501174,0.65021055,0.12410841,0.092023514,0.5101755,0.11170836,0.19719154
6wiw_I14_B_601,0.58501174,0.65021055,0.12410841,0.092023514,0.5101755,0.11170836,0.19719154
6x9d_HYP_A_2002,0.58501174,0.65021055,0.12410841,0.092023514,0.5101755,0.11170836,0.19719154
6x9d_HYP_B_2002,0.58501174,0.65021055,0.12410841,0.092023514,0.5101755,0.11170836,0.19719154
6xeb_V1P_A_411,0.58501174,0.65021055,0.12410841,0.092023514,0.5101755,0.11170836,0.19719154
6xim_XLS_A_397,0.58501174,0.65021055,0.12410841,0.092023514,0.5101755,0.11170836,0.19719154
6xim_XLS_C_397,0.58501174,0.65021055,0.12410841,0.092023514,0.5101755,0.11170836,0.19719154
6xp1_T2C_A_401,0.58501174,0.65021055,0.12410841,0.092023514,0.5101755,0.11170836,0.19719154
6xu3_GAB_B_402,0.58501174,0.65021055,0.12410841,0.092023514,0.5101755,0.11170836,0.19719154
6xu3_PLG_B_401,0.58501174,0.65021055,0.12410841,0.092023514,0.5101755,0.11170836,0.19719154
6xu3_PLG_C_401,0.58501174,0.65021055,0.12410841,0.092023514,0.5101755,0.11170836,0.19719154
6xu3_PLP_D_401,0.58501174,0.65021055,0.12410841,0.092023514,0.5101755,0.11170836,0.19719154
6xzx_O5H_B_302,0.58501174,0.65021055,0.12410841,0.092023514,0.5101755,0.11170836,0.19719154
6y4f_GLU_A_202,0.58501174,0.65021055,0.12410841,0.092023514,0.5101755,0.11170836,0.19719154
6y4z_TLA_D_301,0.58501174,0.65021055,0.12410841,0.092023514,0.5101755,0.11170836,0.19719154
6yaw_P9H_A_301,0.58501174,0.65021055,0.12410841,0.092023514,0.5101755,0.11170836,0.19719154
6yaw_P9H_B_502,0.58501174,0.65021055,0.12410841,0.092023514,0.5101755,0.11170836,0.19719154
6ypv_AKG_A_302,0.58501174,0.65021055,0.12410841,0.092023514,0.5101755,0.11170836,0.19719154
6yta_IYZ_A_702,0.58501174,0.65021055,0.12410841,0.092023514,0.5101755,0.11170836,0.19719154
6zac_QDE_A_4000,0.58501174,0.65021055,0.12410841,0.092023514,0.5101755,0.11170836,0.19719154
6zi7_QR8_A_502,0.58501174,0.65021055,0.12410841,0.092023514,0.5101755,0.11170836,0.19719154
6zi7_QR8_B_502,0.58501174,0.65021055,0.12410841,0.092023514,0.5101755,0.11170836,0.19719154
6zi7_QR8_C_502,0.053298546,0.92444065,0.12410841,0.018197056,0.81453428,0.11170836,0.20230379
6zi7_QR8_D_502,0.58501174,0.65021055,0.12410841,0.092023514,0.5101755,0.11170836,0.19719154
6zi7_QR8_F_503,0.58501174,0.65021055,0.12410841,0.092023514,0.5101755,0.11170836,0.19719154
6zi7_RAM_D_503,0.58501174,0.65021055,0.12410841,0.092023514,0.5101755,0.11170836,0.19719154
6zjw_GAL_A_1101,0.58501174,0.65021055,0.12410841,0.092023514,0.5101755,0.11170836,0.19719154
6zjw_GAL_A_1102,0.58501174,0.65021055,0.12410841,0.092023514,0.5101755,0.11170836,0.19719154
6zug_QPW_H_1001,0.58501174,0.65021055,0.12410841,0.092023514,0.5101755,0.11170836,0.19719154
7a2h_QX2_A_401,0.58501174,0.65021055,0.12410841,0.092023514,0.5101755,0.11170836,0.19719154
7ak3_RH8_A_501,0.58501174,0.65021055,0.12410841,0.092023514,0.5101755,0.11170836,0.19719154
7bp1_CAQ_C_401,0.58501174,0.65021055,0.12410841,0.092023514,0.5101755,0.11170836,0.19719154
7bp1_CAQ_D_401,0.58501174,0.65021055,0.12410841,0.092023514,0.5101755,0.11170836,0.19719154
7bqu_EF2_A_501,0.58501174,0.65021055,0.12410841,0.092023514,0.5101755,0.11170836,0.19719154
7bzm_GIM_A_501,0.58501174,0.65021055,0.12410841,0.092023514,0.5101755,0.11170836,0.19719154
7bzm_GIM_B_501,0.58501174,0.65021055,0.12410841,0.092023514,0.5101755,0.11170836,0.19719154
7c7g_FJR_A_402,0.58501174,0.65021055,0.12410841,0.092023514,0.5101755,0.11170836,0.19719154
7c7g_FJR_B_402,0.58501174,0.65021055,0.12410841,0.092023514,0.5101755,0.11170836,0.19719154
7cwd_GAL_A_902,0.58233624,0.44292045,0.12410841,0.068879146,0.50078463,0.11170836,0.13459757
7cwd_GLC_A_901,0.58501174,0.65021055,0.12410841,0.092023514,0.5101755,0.11170836,0.19719154
7est_0Z2_E_1,0.58501174,0.65021055,0.12410841,0.092023514,0.5101755,0.11170836,0.19719154
7jo3_VGS_A_302,0.58501174,0.65021055,0.12410841,0.092023514,0.5101755,0.11170836,0.19719154
7joc_ARZ_A_302,0.58501174,0.65021055,0.12410841,0.092023514,0.5101755,0.11170836,0.19719154
7kje_NRD_A_405,0.58501174,0.65021055,0.12410841,0.092023514,0.5101755,0.11170836,0.19719154
7kjg_BTM_A_406,0.58501174,0.65021055,0.12410841,0.092023514,0.5101755,0.11170836,0.19719154
8cpp_TCM_A_422,0.58501174,0.65021055,0.12410841,0.092023514,0.5101755,0.11170836,0.19719154
8icd_ICT_A_418,0.58501174,0.65021055,0.12410841,0.092023514,0.5101755,0.11170836,0.19719154
