PDB_CCD_ID,surfdock,unimol,diffdock,diffdock_l,gnina,autodock,smina
19gs_BSP_A_210,0.007388756,0.98557239,0.17471404,0.23062416,0.0039881531,0.206531,3.9076459e-06
1a49_OXL_A_533,0.98958419,0.93781074,0.17238913,0.26984327,0.00010669079,0.19412794,0.36836334
1a49_OXL_D_2333,0.99569192,0.96645288,0.17211831,0.27150317,9.8789352e-05,0.19450362,0.3858908
1a59_CIT_A_379,0,0.67150029,0.17546653,0.22630773,0,0.20747999,0.29852065
1a9r_HPA_A_290,0,0,0.17857195,0.2297179,0.9870541,0.23254679,0.22012759
1ac4_TMT_A_296,0,0.98176216,0.17307026,0.25934532,0.95959659,0.23795305,0
1aej_NVI_A_296,0.82686768,0.98628294,0.17191512,0.26912431,0.04936543,0.19960153,0.42283673
1aer_TIA_B_700,0,0,0.18097077,0.19988886,0.19126473,0.20357437,0
1aia_PMP_A_411,0.21621794,1,0.16839589,0.29104719,0.95144949,0.24669519,0.95587966
1aiq_CB3_A_266,0.93128278,0,0.17954476,0.23883608,0.50227958,0.19736734,0
1aiq_UMP_A_265,0.97899523,0.81022196,0.17139975,0.29393457,0.90941846,0.22366377,0.42632403
1aiq_UMP_B_266,0.96432939,0,0.17876594,0.25285152,0.90938269,0.21074589,0
1aj8_CIT_A_1000,0,0.93700491,0.17298455,0.24002184,0,0.21201106,0.46704546
1ajs_PLA_A_415,0.9487998,0.96056931,0.16957184,0.30438051,0.9641239,0.22955461,0.59314122
1amq_PMP_A_413,0,0.65605482,0.17446399,0.24156177,0.4671525,0.22345893,0.36110567
1anc_BEN_A_384,0.010602554,0.8829061,0.17348295,0.23755244,4.0040124e-06,0.21090063,0.43171876
1aog_MAE_A_501,0.99516562,0.89660671,0.17276404,0.26797501,0.0026800362,0.19341637,0.34209626
1aua_BOG_A_1,0,0,0.18139686,0,1.1729994e-07,0.19707413,1.7985892e-08
1aua_BOG_A_2,0.15718129,0.67629321,0.17534235,0.2312074,9.016949e-09,0.20468891,0.28484915
1axg_ETF_A_404,0,0.95193289,0.16908513,0.28098093,0.92941759,0.24885572,0.92999069
1axg_ETF_B_404,0.99135464,0.98447323,0.16758732,0.31692418,0.9805795,0.23463481,0.97820694
1axg_ETF_C_404,0.99069673,0.96246439,0.16804799,0.31315002,0.92264914,0.2319331,0.93178758
1axg_ETF_D_404,0.41097855,0.97108532,0.16857512,0.295486,0.96158857,0.24289021,0.91311732
1bcs_ARG_A_426,0,0,0.18130651,0.19406293,7.4498829e-08,0.19730254,0
1bit_BEN_A_246,0.97175269,0.94326616,0.17234908,0.2695843,0,0.19453944,0.37359012
1bit_BEN_A_247,0.010075766,0.83814091,0.17371496,0.23786477,0.077347776,0.21283015,0.41513203
1bo8_U_A_318,0.95434796,0,0.17863889,0.254909,0.98765853,0.21348013,0
1bqp_MAN_B_401,0.97770897,0.96333196,0.16764906,0.31656239,0.99689744,0.23538786,0.99227775
1ca7_ENO_A_501,0,0.90604403,0.17112998,0.27049135,0.97297985,0.24464104,0.53163124
1ca7_ENO_C_701,0.97770249,0.90243739,0.16824448,0.31247167,0.95822014,0.23320208,0.96569604
1cdk_MYR_A_403,0.97867701,0,0.17868553,0.25446554,0.94718211,0.21174177,0
1cdk_MYR_B_403,0.9745238,0.88011681,0.17092964,0.29486106,0.83482987,0.22234692,0.45974538
1cgk_NAR_A_390,0,0.67150029,0.17546653,0.22630773,0,0.20747999,0.29852065
1cib_HDA_A_437,0,1,0.16859394,0.28429707,0.95844255,0.25060033,0.956209
1cib_IMP_A_440,0,0,0.18130614,0.19406942,0.00021334828,0.19730953,0
1ck6_SHA_A_900,0.98848707,0.98775244,0.17374536,0.26221589,3.130899e-07,0.18976081,1.881675e-09
1cq1_BGC_B_455,0.66765475,0.94477314,0.17251465,0.26052533,0.00039786642,0.20007963,0.40509154
1d3g_ORO_A_399,0.20925065,0,0.18081447,0.2057923,0.16362501,0.19911421,0
1d6u_HY1_A_2001,0.99426473,0.66890457,0.17254462,0.28980691,0.99548726,0.22387535,0.34540701
1d6u_PEA_A_2003,0.99015159,0.97472167,0.17204467,0.27175965,9.891639e-06,0.19474119,0.39166994
1d7a_AIR_A_300,0.67609753,0.96195378,0.17234548,0.26171984,0.0020084039,0.2002745,0.41537067
1d7a_AIR_B_350,0.95471767,0.88806388,0.17286833,0.26630951,0.0024426256,0.19399471,0.34070458
1d7a_AIR_C_400,0,0.67150025,0.17546653,0.22630777,1.1507757e-06,0.20748003,0.29852081
1d7a_AIR_D_450,0.97994517,0.70138167,0.17469231,0.25685471,1.5505939e-06,0.19007907,0.21328602
1daf_DSD_A_225,0.87448279,0.98706643,0.17199821,0.2689152,0,0.19704283,0.41108333
1dai_DSD_A_225,0.89260721,0.98709623,0.17198717,0.26946209,0,0.19671548,0.40928518
1diw_GAL_A_1400,0,0.97379023,0.17263918,0.24194904,0.0009117094,0.21266739,0.49048212
1dna_CB3_A_601,0,0,0.18047312,0.20852525,0.48242215,0.21287211,0
1dna_CB3_B_602,0.91066295,0,0.17956552,0.23816137,0.50172604,0.19770683,0
1dpm_EBP_A_900,0,0.74387868,0.17332061,0.25084316,0.60968361,0.22985902,0.43705856
1dpm_EBP_A_901,0.00036292408,0.9780366,0.17260152,0.24214795,5.190402e-06,0.21270153,0.49299795
1dpm_EBP_B_902,0.75421767,0.91797723,0.17271384,0.26174011,0.00014395142,0.19804991,0.37940328
1duc_DUD_A_201,0.49790609,0.68526643,0.17498121,0.24322744,0.042842225,0.20010405,0.26095281
1dxy_COI_A_404,0.96684591,0.94556853,0.17235849,0.26947616,0.0057999504,2.555098e-06,0.37315553
1dy3_87Y_A_201,0,1,0.16840307,0.28595413,0.98708305,0.25194333,0.9870738
1e26_GPB_A_208,0.61697191,0.6604505,0.17304072,0.27503302,0.90321794,0.22741891,0.3658622
1e2j_THM_A_500,0.98420793,0.70150454,0.17468848,0.25699461,0.0002166641,0.19001073,0.21294407
1e2j_THM_B_500,0.98410595,0.69925705,0.17454289,0.259208,0.068098697,0.19233445,0.22204718
1e2s_CSN_P_701,0.89353797,0.69776847,0.17469708,0.25512748,0.029593188,0.19262559,0.22476608
1e48_13P_P_302,0.85673679,0,0.17900688,0.24703287,0.83234214,0.21004551,2.6846964e-05
1e5f_PLP_A_405,0.4238894,0,0.18089125,0.20773023,0,0.19010457,0
1e5f_PLP_B_405,0.39337695,0,0.17734753,0.24719415,0.99235377,0.22842419,0.4022451
1e7h_PLM_A_1007,0.99092652,0.96956467,0.17209235,0.27151681,0,0.19463925,0.38832448
1e8g_FCR_B_601,0.99606219,0.69966882,0.1745365,0.2595341,0.066671352,0.19207332,0.22081601
1e8m_P0H_A_724,0.97430306,0.88926204,0.99009784,0.27395811,0.22087112,0.2010551,0.36783744
1ei6_PPF_A_410,0.97993212,0.83340009,0.17233455,0.27883359,0.43038769,0.20744019,0.36836415
1ei6_PPF_C_413,0,0.85570918,0.17361858,0.23759485,0.051749333,0.21242369,0.42339259
1ei6_PPF_D_412,0.99636031,0.88534888,0.16819455,0.3135791,0.97372118,0.23357402,0.99170829
1eow_U2G_A_130,0,0.6526123,0.17424054,0.24496163,0.57127266,0.22702036,0.37505479
1euu_GAL_A_2,0.052775123,0.67026867,0.17524044,0.23075852,0.08592342,0.20948187,0.30544159
1eyw_PEL_A_404,0.0035114931,0.96758981,0.17457764,0.23435568,0.15232892,0.21129227,0
1eyw_TEN_A_403,0.98636349,0.69047475,0.17396659,0.26801982,0.33580396,0.20145121,0.25771564
1f5f_DHT_A_253,0.98975694,0.66869482,0.17254349,0.2897378,0.99767391,0.22403019,0.34609205
1fdk_GLE_A_150,0,0.67150029,0.17546653,0.22630773,6.3696569e-10,0.20747999,0.29852065
1fds_EST_A_350,0.99721255,0.70153145,0.17465422,0.25776506,0.011396672,0.19016222,0.21331073
1fm8_DDC_A_501,1.2272612e-05,0.99245385,0.17246724,0.24288037,6.0014969e-08,0.21295255,0.50216373
1foi_14W_A_810,0,0.67150021,0.17546653,0.22630781,2.4001213e-06,0.20748007,0.29852097
1foi_14W_B_810,0,0.67150028,0.17546653,0.22630773,8.0473767e-08,0.20748,0.29852066
1fp2_HMO_A_2000,0,0.92100725,0.1731338,0.23919723,3.7590801e-09,0.21173936,0.45691308
1fqo_F6R_B_2268,0.94851056,0.67185996,0.17286316,0.28408401,0.8639032,0.22018699,0.33175819
1fs5_16G_A_1267,0.22979798,0.97451995,0.17254215,0.24857903,1.2464404e-07,4.6027592e-08,0.46433746
1fsa_F6P_A_338,0.98133986,0.7004637,0.17462887,0.25784678,0.029052086,0.19104798,0.21705665
1fsa_F6P_B_338,0.96123392,0.97265526,0.17184744,0.95619859,0.9842941,0.22311006,2.1935784e-05
1fuq_CIT_A_1001,0.7328087,0.89260135,0.1729636,0.25978357,1.6959119e-05,0.19800181,0.36545812
1fuq_CIT_B_1002,0.42350044,0.9669304,0.17245387,0.25430745,2.677879e-06,0.20485872,0.44354252
1fwn_PEP_A_1268,0,0.17299148,0.17805941,0.23102008,0.91753597,0.22970496,0.0030251786
1fwn_PEP_B_2268,0.9953144,0.67267115,0.1727862,0.28615134,0.882534,0.21999315,0.33018322
1g4s_TPS_A_2001,0.98867079,0.66889224,0.17255931,0.28947626,0.99070117,0.22381098,0.34525237
1g4s_TPS_B_2002,0,0.65724591,0.17454223,0.24037258,0.43022579,0.22221356,0.35622049
1g6n_CMP_A_621,5.0567369e-07,0.1568053,0.17802504,0.2328299,0.99550708,0.23209768,0
1g6n_CMP_B_622,0,0.15731989,0.17802781,0.23274888,0.99234586,0.23199793,0
1g6t_S3P_A_601,0.99198286,0.96177999,0.17115662,0.28543189,0.41918545,0.20901433,0.44677103
1g72_PQQ_A_701,0,1,0.16837787,0.28619872,0.99211557,0.25215535,0.99066592
1g72_PQQ_C_703,7.0264733e-06,1,0.16836912,0.28625852,0.99263592,0.2521948,0.99238536
1g79_PLP_A_260,8.7059167e-05,0.90095242,0.17330938,0.23832862,0.0047690718,0.21156246,0.44492454
1g8z_GAL_D_104,0.94144543,0.97509055,0.1720696,0.27032088,0.00023796911,0.1956364,0.39682105
1g8z_GAL_G_104,0.99236488,0.95916607,0.17293523,0.27859885,0.56838283,0.20806346,3.1325451e-07
1g8z_GAL_H_104,0.96352562,0.96128231,0.17218425,0.2702886,0.00068052065,0.19501782,0.38592879
1gck_PLP_B_913,0,0,0.18130651,0.19406292,0,0.19730254,0
1gey_PPE_A_413,0,0.65724591,0.17454223,0.24037258,0.43022579,0.22221356,0.35622049
1gim_HDA_A_438,0,0.19020101,0.17838668,0,0.72330822,0.22328793,0.010349419
1gim_IMP_A_440,0,0,0.1813061,0.19407006,0.00023428362,0.19731022,0
1giu_ADE_A_300,0.98646955,0,0.18006769,0.23059804,0.1552893,0.18564313,0
1gkc_NFH_A_1448,0.99085417,0.97566059,0,0.29185087,0.98274896,0.22185772,0
1gsi_TMP_A_1210,0.97981491,0,0.17977612,0.2355575,0.32520119,0.19132717,0
1gsq_GDN_A_203,0.73101184,0.95409597,0.172391,0.26289872,1.0867999e-07,0.19907811,0.40458434
1gz5_G6P_A_901,0.70041485,0.97877921,0.17217889,0.26325044,1.6373853e-06,0.20005084,0.42328554
1gz5_G6P_B_901,0,0.9722514,0.17265572,0.24183869,1.2221562e-06,0.2126097,0.48936958
1gz5_G6P_D_901,0.82702458,0.97549452,0.17213435,0.26689076,1.2766772e-06,0.19770481,0.40851208
1gz5_UDP_C_900,0.95703959,0.95589697,0.17001947,0.30126842,0.92366707,0.22702874,0.52294866
1gz5_UDP_D_900,0,0.96637626,0.17343482,0.25423479,0.81032892,0.23291491,0
1h0v_UN4_A_1299,0,0.16033031,0.17804403,0.23227502,0.97385433,0.23141436,1.0691243e-08
1h18_DTL_A_9009,0.99448401,0,0.18026036,0.22737577,0.040986001,0.18175929,0
1h18_DTL_A_9010,0.99086552,0,0.18030233,0.22659224,0.019086985,0.18110271,0
1h18_DTL_B_9009,0.99240068,0,0.1803343,0.22606058,2.0181051e-06,0.18045089,0
1h18_DTL_B_9010,0.97209303,0,0.18026039,0.22703414,0.053475467,0.182549,0
1h18_PYR_A_1001,0,0.98341294,0.17287451,0.25998891,0.9379037,0.23789721,0.048898879
1h1i_QUE_A_1358,0.99344516,0.66891201,0.17254737,0.28974934,0.99450636,0.22385635,0.34534689
1h1i_QUE_B_1356,0.99406393,0.70181224,0.17468116,0.25729477,0,0.18982831,0.21205777
1h1i_QUE_D_1357,0.99102434,0.70171956,0.17468356,0.25720002,0,0.18988228,0.21232215
1h1m_KMP_A_1360,0,0.65724591,0.17454223,0.24037258,0.43022579,0.22221356,0.35622049
1h1m_KMP_B_1358,0,0.65724591,0.17454223,0.24037258,0.43022579,0.22221356,0.35622049
1h1m_KMP_C_1358,0,0.98772055,0.17301078,0.26030474,0.99258705,0,0
1h48_C5P_A_203,0.99086604,0.66988279,0.17261753,0.28863253,0.9627664,0.22281649,0.34131897
1h48_C5P_B_901,0,0.1577461,0.17803011,0.23268179,0.98972785,0.23191531,0
1h48_C5P_E_901,0.98758089,0.6702005,0.17264725,0.28811742,0.95012735,0.2224425,0.33991144
1h48_C5P_F_901,0.9961927,0.66961538,0.17258542,0.28922307,0.97576667,0.22316658,0.34259733
1h48_CDI_A_201,0,0.15742643,0.17802335,0.23280252,0.99373842,0.23204836,0.00028864406
1h48_CDI_B_902,0.90556716,0.66734256,0.17268886,0.28591354,0.96092771,0.22426826,0.34849187
1h48_CDI_C_902,0.89463906,0.66593312,0.17262764,0.28663577,0.99347825,0.2255757,0.35380322
1h48_CDI_F_902,0,0.15741542,0.1780279,0.23273976,0.99193123,0.23198539,2.4271278e-05
1h48_GPP_C_904,0.96648463,0.69808092,0.17451534,0.25928959,0.08741935,0.19330821,0.22616828
1h48_GPP_E_904,0,0.66914135,0.17531342,0.22863743,0.071346744,0.20992041,0.30807907
1h5r_G1P_A_1294,0.84403737,0.68552646,0.17403955,0.26418403,0.3542036,0.20460787,0.27256007
1h5r_G1P_B_1294,0.9828736,0.66928871,0.1726011,0.28872941,0.97336326,0.22332088,0.34343383
1h5r_G1P_C_1294,0,0.67149975,0.1754665,0.22630826,1.6174966e-05,0.20748055,0.29852282
1h5r_G1P_D_1294,0,0.67150029,0.17546653,0.22630773,0,0.20747999,0.29852065
1h5r_THM_A_1292,0.99569826,0.70186154,0.17467984,0.25734625,1.6440774e-05,0.18979985,0.21191782
1h5r_THM_A_1293,0.98071657,0.68285796,0.17348783,0.27519612,0.56096788,0.20925321,0.2883723
1h5r_THM_B_1292,0.95763577,0.70070014,0.17470986,0.25616051,3.9230732e-05,0.19047651,0.21523152
1h5r_THM_C_1292,0,0.66599612,0.17510927,0.23174368,0.16647514,0.21317427,0.32082354
1h5r_THM_C_1293,0,0.67149231,0.17546601,0.22631561,0.00024132294,0.20748825,0.29855298
1h5r_THM_D_1292,0.98919434,0.68915742,0.17387324,0.26949432,0.37825773,0.20285307,0.263157
1h5r_THM_D_1293,0.45179086,0.20415656,0.17737626,0.24821384,0.9802655,0.22425245,0
1h69_ARH_A_1275,0,0,0.18130651,0.19406293,1.7418503e-07,0.19730254,0
1h69_ARH_B_1275,0,0,0.17954585,0.22262994,0.90696923,0.22752753,0.010932865
1h69_ARH_C_1275,0,0,0.18130651,0.19406307,4.7567371e-06,0.19730269,0
1h7q_TYD_A_1258,0.55942237,0,0.18075825,0.21210402,0.00012674876,0.18780728,0
1h82_GZZ_A_590,0,0.65724591,0.17454223,0.24037258,0.43022579,0.22221356,0.35622049
1h82_GZZ_B_590,0.95906774,0.68631941,0.17377246,0.27045079,0.43630952,0.20537369,0.27355466
1h82_GZZ_C_590,0,0.66299086,0.1749142,0.2347117,0.25737024,0.21628333,0.33300087
1h8p_PC_A_1110,0,0.87982616,0.17370145,0.2564547,0.98762949,0.23791826,0
1h8p_PC_B_1110,0.98868054,0.91480008,0.1717204,0.28115984,0.36779961,0.20649547,0.40956455
1h8p_PC_B_1111,0,0.9354496,0.17299874,0.23994629,0.00013547327,0.21198934,0.46608089
1hkn_N2M_D_5139,0.99528217,0.25884882,0.17860328,0.23566567,0,0.18282601,0
1ho5_ADN_A_1604,0.98369689,0.70149608,0.17468935,0.25697165,1.1532432e-06,0.19001244,0.21295964
1ho5_ADN_B_2604,0.97807602,0.97888497,0.17329637,0.26444788,6.0170552e-09,0.19134366,0.11377593
1hot_16G_A_269,0.00032804334,0.67151029,0.17546627,0.22631796,2.5018792e-08,0.20747417,0.29849212
1hot_16G_B_271,0.27312227,0.67982858,0.17525075,0.23482153,4.3482707e-07,0.20263015,0.27476476
1hq2_PH2_A_181,0.99671125,0.96316756,0.1721557,0.29187926,0.99507507,0.2220174,0
1hsb_ALA_C_1,0,0,0.18130651,0.19406292,0,0.19730254,0
1hsr_BHO_A_800,0.99664928,0.99188539,0.1718807,0.27283964,2.819143e-06,0.19491491,0.40188838
1if4_FBS_A_555,0.99666889,0.66899275,0.17254369,0.28986717,0.99503764,0.22381728,0.34513767
1ij8_BNI_A_501,0.74154892,0.6940553,0.17487696,0.24947966,0.0017244195,0.19437122,0.23425235
1ij8_BNI_B_502,0.83194396,0.69067632,0.17440731,0.25835681,0.18729102,0.19911337,0.25125046
1iki_REY_A_400,0.85864645,0,0.17903276,0.24661026,0.81633863,0.20948957,0
1iri_E4P_A_601,0.99636509,0.67565131,0.17297672,0.28327251,0.79336733,0.21692455,0.31814606
1iri_E4P_B_602,0.98966565,0.70165637,0.17468323,0.25717916,0.00065815938,0.18992892,0.2125285
1iri_E4P_C_603,0.99298605,0.69108145,0.17398763,0.26782652,0.323562,0.20091488,0.25549954
1iri_E4P_D_604,0.99168967,0.67262353,0.17279314,0.28597623,0.88063136,0.21999244,0.3302436
1isx_XYP_A_1461,0.032025759,0.96506034,0.17294567,0.26125088,0.97624465,0.23830287,0.038516264
1isx_XYP_B_961,0.94605276,0.97208371,0.1720838,0.29051071,0.97528673,0.22259008,0.021229635
1itw_ICT_A_743,0.98770296,0.70158382,0.17468395,0.25713052,0.0010421281,0.18997691,0.21275066
1itw_ICT_B_744,0,0.67104555,0.17543702,0.22675683,0.013753761,0.20795044,0.30036326
1itw_ICT_D_743,0.98668586,0.70155169,0.17468468,0.25709992,0.0010759672,0.18999612,0.21284366
1iwe_IMP_A_460,0,0,0.18130652,0.1940629,0,0.19730253,0
1iwe_IMP_B_1443,0.97852813,0.70096809,0.17466939,0.25717632,0.011203601,0.1904874,0.21491002
1iwe_IMP_B_1452,0,0.67146776,0.17546442,0.22633986,0.00098386525,0.20751365,0.29865246
1ixo_G3P_A_1001,0.86584543,0,0.18041053,0.22280893,0.027220164,0.18349231,0
1ixo_G3P_B_1002,0.83841247,0.6699017,0.17304095,0.27927041,0.82159133,0.22069473,0.33566586
1ixo_G3P_D_1004,0,0.67098337,0.17543298,0.22681824,0.015634324,0.20801476,0.3006152
1j0n_CEG_A_780,0,0,0.1813065,0.19406317,8.1131681e-06,0.1973028,0
1j0y_BGC_B_2601,0.9543416,0.67031432,0.17274669,0.28596786,0.91602912,0.22186641,0.33823439
1j0y_BGC_C_3601,0.99731894,0.66902327,0.17254387,0.28987687,0.99471414,0.22379467,0.34503779
1j0y_BGC_D_4601,0.99550916,0.66894387,0.17254373,0.28984437,0.99544638,0.22385186,0.3452933
1j3i_UMP_C_611,0.95413995,0,0.17866853,0.25438618,0.9705415,0.21292451,0
1j3i_UMP_D_711,0.98312368,0,0.1786301,0.25549508,0.97627229,0.2126202,0
1j3i_WRA_A_609,0,0.99015522,0.17150147,0.25671176,0.40547259,0.22708571,0.5629351
1j3i_WRA_B_709,0.97842315,0.99489507,0.17101304,0.28450091,0.35374769,0.20755434,0.45919427
1j3k_UMP_C_611,0.98438715,0,0.17859634,0.25610005,0.99479399,0.21320612,0
1j3k_WRA_A_609,0.97624103,0.9934278,0.16952569,0.30565533,0.97867757,0.22922514,0.55312542
1j3k_WRA_B_709,0.98990463,0.99566085,0.17171815,0.27469297,0.054633894,0.19699421,0.41322933
1j54_TMP_A_2000,0.98734221,0.67017146,0.17264602,0.28813146,0.95078537,0.22246925,0.34002036
1ja9_PYQ_A_406,0,0.67103767,0.1754365,0.22676461,0.013991928,0.20795859,0.30039517
1jf0_CZH_A_197,2.1247351e-08,0.63861699,0.17333213,0.25878349,0.99456484,0.24149905,0.43176378
1jho_NIO_A_991,0.74250038,0.67097744,0.17337638,0.27232982,0.70059852,0.2182593,0.32779865
1jhv_NIO_A_991,0.74166281,0.6614231,0.17275854,0.28171442,0.98879985,0.22813209,0.3664822
1jhv_PCR_A_990,0.99831,0.99501148,0.17183746,0.27323627,0.0054470704,0.19512662,0.40452634
1jl0_PUT_A_401,0.045505925,0.90215522,0.17170153,0.26756273,0.92656634,0.24084873,0.41996822
1jla_TNK_A_999,0.9910065,0,0.17860436,0.25606194,0.9865385,0.21282298,0
1jtk_THU_A_138,0,0.95567749,0.16877394,0.28361188,0.97278509,0.25091626,0.97610867
1jtk_THU_B_1138,0.98802818,0.96226708,0.16768503,0.3161848,0.96714939,0.96836954,0.96875062
1jw0_GUA_B_999,0,0.165746,0.17807316,0.23142319,0.9406064,0.23036515,2.5623888e-06
1jyw_147_A_2001,0.98575778,0.96233771,0.1718394,0.27557356,0.13454226,0.19927242,0.40464093
1jyw_147_C_2001,0.97471888,0.96856532,0.17185793,0.27456912,0.10539402,0.19856777,0.40527765
1jyx_IPT_A_2001,0,0.65724591,0.17454223,0.24037258,0.43022579,0.22221356,0.35622049
1jyx_IPT_B_2001,0.98629703,0.66907296,0.17257762,0.28915229,0.98304585,0.22359128,0.34443325
1jyx_IPT_C_2001,0,0.63894017,0.17335311,0.25846432,0.98479017,0.24116471,0.43045426
1jyx_IPT_D_2001,0.99098755,0.66925814,0.17257665,0.28925688,0.9817712,0.22346439,0.3438545
1jyx_IPT_D_2002,0.00063084568,0.67118679,0.17544444,0.226656,0.010063584,0.20781301,0.29981401
1k5s_GRO_B_601,0,0.96654426,0.16896271,0.2810335,0.89925485,0.24822702,0.94707091
1k8z_IAG_A_501,0.99442625,0.96225639,0.17214485,0.27143814,0.0056558862,0.19464782,0.38420135
1kae_HSO_A_1001,0.97038463,0,0.17421352,0.27979564,0.9758712,0.22554755,0.97239001
1kar_HSM_A_502,0.0014684532,0,0.18077159,0.20336714,0.30388834,0.20724269,0
1kbq_936_A_703,0.99387654,0.70180651,0.17468131,0.25728895,6.7692787e-07,0.18983166,0.21207416
1kbq_936_C_701,0.99192282,0.70174695,0.17468285,0.25722803,8.1288974e-08,0.18986633,0.21224401
1kbq_936_D_702,0.98438844,0.70151686,0.17468878,0.25699351,1.055005e-05,0.19000048,0.21290075
1kdo_C_A_5407,0.96351685,0.97707829,0.17210532,0.29114728,0.98940465,0.22252532,0
1kep_TDX_A_3500,0.14504393,0.6759206,0.17535178,0.23083153,7.5800224e-05,0.20490703,0.285915
1kfc_IPL_A_674,0.99350644,0.94924874,0.17137313,0.28340705,0.37737549,0.20732507,0.43234956
1ki2_GA2_A_1,0.95137752,0.70051061,0.17471489,0.25596415,0,0.19058629,0.2157706
1ki2_GA2_B_2,0.98928761,0.70165107,0.17468393,0.25716122,0.00046980284,0.18992919,0.21253615
1klk_PMD_A_653,0.99428941,0.66909089,0.17255665,0.28962442,0.98987492,0.22368294,0.34465297
1klz_U_A_2001,0.96733147,0,0.17866052,0.25473152,0.96808301,0.21261782,0
1km6_OMP_A_2001,0.97817557,0,0.17861621,0.25566062,0.98694232,0.21305414,0
1knu_YPA_A_1001,0.98339956,0.70148706,0.17468959,0.25696234,2.0392343e-09,0.19001768,0.21298535
1kuj_MMA_A_501,0.97735509,0.94941724,0.1677316,0.31607961,0.99593486,0.23526763,0.994993
1kuj_MMA_C_502,0.99014569,0.94943352,0.16776717,0.31590025,0.98028587,0.23447788,0.99043813
1kuj_MMA_E_503,0.97973905,0.96051019,0.16767591,0.31635647,0.99148163,0.23514797,0.99216742
1kuj_MMA_G_504,0,0.96582449,0.16858055,0.28515433,0.99545417,0.25200122,0.99496109
1kwc_BPY_B_401,0.99651389,0.99116452,0.17188021,0.27290181,0.0030372542,0.19501027,0.40190492
1kwu_MMA_A_501,0,0.95346127,0.17327455,0.25657844,0.88014446,0.23543931,0.027213787
1kwu_MMA_B_601,0.017913055,0.93323504,0.17328497,0.25817433,0.93648164,0.23681656,0.029012238
1kya_XYD_B_612,0.9916317,0.9752551,0.17209183,0.29195398,0.98832672,0.2219955,0
1kya_XYD_D_814,0.015163434,0.97004199,0.1730746,0.26042831,0.99324334,0.23868909,0
1l4f_150_A_990,0.99368633,0.70104143,0.17463218,0.25803289,0.022965378,0.19062054,0.21516732
1l4f_NCN_A_991,0.9681295,0.66807495,0.17256315,0.2890245,0.99647566,0.22437325,0.34781265
1l4n_NIO_A_991,0.76503037,0.66232216,0.17275219,0.28225863,0.98315863,0.22752419,0.36369395
1l5o_2MP_A_990,0.99710042,0.70143586,0.17464832,0.25785259,0.014184438,0.19025957,0.21369397
1l5o_NCN_A_991,0.96830921,0.66820661,0.1725712,0.28890548,0.99265934,0.22423952,0.34728574
1lc8_33P_A_800,0,0.63901087,0.1733577,0.2583945,0.98265197,0.24109157,0.4301678
1ldo_SNR_B_350,0.98395114,0.70150388,0.17468915,0.25697953,0,0.19000788,0.21293737
1lfw_AEP_A_683,0,0.67149351,0.17546609,0.22631442,0.0002049184,0.207487,0.29854811
1lnf_VAL_E_1321,0.98727058,0.66927693,0.17258816,0.28901052,0.97777478,0.22339369,0.3436424
1lo3_AN1_Y_500,0.99192112,0.97975166,0.17199672,0.27207183,0,0.19479427,0.39467687
1lqp_FCN_A_4002,0.99596532,0,0.18033082,0.22617545,8.1180276e-09,0.18039029,0
1lqp_FCN_A_4004,0,0,0.1813024,0.19413433,0.0023448928,0.19737942,0
1lqp_FCN_B_4001,0,0,0.18130651,0.19406292,0,0.19730254,0
1lro_PEP_A_1268,0,0.65619603,0.17447316,0.24142232,0.46288175,0.22331285,0.36053352
1lro_PEP_B_2268,0.0035607623,0.9731796,0.17168822,0.25203987,0.22775219,0.22162919,0.59693929
1lti_GAL_D_104,0.99229857,0.66911961,0.17256402,0.28947404,0.98717018,0.22362578,0.34446378
1lti_GAL_E_104,0.99412383,0.67983479,0.17325447,0.27900352,0.66476972,0.21256567,0.30111262
1lti_GAL_H_104,0.98568147,0.66885621,0.17256525,0.28932863,0.98903389,0.22380703,0.34528901
1luq_BTN_A_5100,0.99249329,0,0.17859761,0.2562017,0.98955304,0.21289659,0
1luq_BTN_B_5200,0.98717775,0.96500406,0.1697751,0.30465065,0.98253231,0.22867816,0.53461013
1lzz_IHG_A_830,0.9916934,0.92919724,0.17246849,0.26945916,1.2220119e-06,0.19393984,0.36268041
1lzz_IHG_B_1830,0.87990769,0.9348825,0.17129061,0.28327423,0.4955154,0.21322997,0.45253061
1m3u_KPL_A_265,0.42182256,0.84788602,0.17254965,0.26250337,0.42079174,0.2174879,0.43231854
1m3u_KPL_B_265,0.5774203,0.89648717,0.17077231,0.28716413,0.93483745,0.23327376,0.52507011
1m3u_KPL_C_265,0.63416872,0.88688332,0.17181389,0.27440452,0.52482113,0.21787548,0.45120376
1m3u_KPL_D_265,0.77151058,0.90010893,0.17083685,0.29016323,0.84598873,0.22674544,0.49445032
1m3u_KPL_E_265,0.99436588,0.96072578,0.16979148,0.3049195,0.99054643,0.22875319,0.53239346
1m3u_KPL_F_265,0.27282851,0.83831478,0.17272886,0.25750513,0.41985897,0.219998,0.44110375
1m3u_KPL_H_265,0.2487361,0.87787079,0.17238033,0.25872558,0.41663122,0.22100852,0.46818749
1m3u_KPL_I_265,0.23320502,0.88935954,0.17228432,0.25882083,0.41559929,0.22145385,0.47689919
1m3u_KPL_J_265,0.99584105,0.93830312,0.16999851,0.30382633,0.99108144,0.22836423,0.51812484
1m7p_G3H_A_5401,0.99232306,0.70175916,0.17468254,0.2572405,0,0.18985922,0.21220919
1m7p_G3H_B_6401,0.98070982,0.96292308,0.17391871,0.2610531,0,0.18966051,0
1m9j_CLW_A_906,0.0010600658,0,0.18130547,0.19409721,3.6529426e-06,0.19728465,0
1m9j_CLW_B_907,0.54462011,0,0.18077298,0.21162292,4.4000038e-07,0.18805449,0
1mex_RAC_H_601,0.95570862,0.98557876,0.17275497,0.27907919,0.59110997,0.20967825,0
1ml4_PAL_A_385,0.98836746,0.66879541,0.17255387,0.28955329,0.99335002,0.22390697,0.34563362
1mmx_FUC_A_348,0.12276465,0.67519614,0.17536645,0.23018157,0.0014398473,0.2053493,0.28803558
1mmx_FUC_B_348,0.084803449,1,0.16827215,0.28911628,0.99486867,0.25085677,0.99457609
1mmy_G6D_A_348,0.060535724,0,0.1812426,0.19609484,0.0026300371,0.19636083,0
1moo_4MZ_A_264,0.055030513,0,0.1812526,0.19583726,3.0297935e-07,0.19636809,0
1moo_4MZ_A_265,0.99139843,0.70173068,0.17468325,0.25721196,8.5848719e-06,0.18987593,0.21229076
1mrj_ADN_A_300,0.99255623,0.98721051,0.17192675,0.27247542,0,0.19490945,0.39933738
1mrq_STR_A_501,0.98824881,0.70163492,0.17468576,0.2571135,0,0.18993157,0.21256357
1msv_PUT_B_355,0.93965909,0.66973481,0.17274973,0.28564035,0.92001553,0.22226348,0.34004552
1n1i_HIS_C_501,0.8243796,0,0.1804964,0.22068658,0.0014285187,0.18335078,0
1n3o_GYP_A_1001,0,0.1623483,0.1780182,0.23247008,0.9763628,0.23154072,0.0021016581
1n3o_GYP_B_1101,0.042341654,0.67273796,0.17542961,0.22768039,0.0016164724,0.20678342,0.29505437
1n5i_TMP_A_217,0.98863951,0,0.17860204,0.25606595,0.98917489,0.21294964,0
1ne4_RP1_A_401,0.9695519,0.97117567,0.1697002,0.30483237,0.99409321,0.22950243,0.54203688
1ne4_RP1_A_601,0,0.88313417,0.17379823,0.25451318,0.91988095,0.23572789,0
1nf0_13P_A_5001,0.99053029,0.6749111,0.17294484,0.28364595,0.81037383,0.21760987,0.32093195
1nf0_13P_B_1150,0,0.67150029,0.17546653,0.22630773,5.8260375e-08,0.20747999,0.29852066
1ngp_NPA_H_302,0,0.95306656,0.16903418,0.27853248,0.79716352,0.24532111,0.99043765
1njr_XYL_A_285,0.9371685,0.83104973,0.17341638,0.26276148,6.1466915e-05,0.19326135,0.30599248
1nme_159_B_9002,0.97329797,0.96439468,0.17215104,0.27071991,8.3719521e-07,0.19487035,0.38681743
1nmm_NAG_B_403,0.98559406,0.97401938,0.16756363,0.31715731,0.99266223,0.23525479,0.99530916
1nmm_NAG_D_527,0.97095362,0.97198781,0.16768146,0.31576722,0.97613541,0.23476745,0.98193309
1nmz_NYM_A_301,0.97243404,0.68919792,0.17392229,0.26842712,0.3615752,0.20258006,0.26237982
1now_IFG_A_557,0.93767286,0.66752118,0.17261155,0.2877048,0.98513541,0.22452618,0.34894248
1now_IFG_B_558,0.98726233,0.66879142,0.17255667,0.28948951,0.99245148,0.22389586,0.34560937
1nrg_PLP_A_320,8.6710282e-06,0.93683635,0.17298532,0.24002469,0.00033097656,0.21201951,0.46698795
1ns4_BGC_A_1400,0.071644719,0.65250867,0.17403541,0.24945488,0.64048264,0.22811548,0.37809533
1nsm_GAL_A_1400,0.018743792,0.67157704,0.17541961,0.22738068,0.014965331,0.20765905,0.29889526
1nsm_GLA_B_2400,0.019248487,0.66668665,0.17510078,0.23224139,0.16334207,0.21272531,0.31872958
1nuw_F6P_A_2336,0,0.66574295,0.17509283,0.23199371,0.1741322,0.21343618,0.32184937
1nux_F6P_A_2339,0.9712401,0.6755128,0.17303731,0.28186947,0.77438456,0.21672139,0.31778826
1o28_UFP_A_703,0,0.67148901,0.1754658,0.22631887,0.00034104143,0.20749166,0.29856634
1o28_UFP_B_708,0,0.67149993,0.17546651,0.22630808,1.0721248e-05,0.20748036,0.29852209
1o28_UFP_C_713,0,0.16437972,0.17806159,0.23169706,0.9507085,0.23068938,0.00024364902
1o28_UFP_D_718,9.5050001e-05,1,0.16911366,0.28174956,0.97546343,0.24957782,0.83562159
1o29_UFP_A_803,0.00012005399,0.67150368,0.17546642,0.22631173,7.9691224e-06,0.20747813,0.29851128
1o29_UFP_B_808,0,0.6714859,0.1754656,0.22632194,0.00043521144,0.20749488,0.29857896
1o29_UFP_C_813,0.0001942159,0.60035374,0.17376373,0.25592261,0.97169727,0.23989583,0.38081426
1o29_UFP_D_818,0,0.67149033,0.17546589,0.22631756,0.00030105738,0.20749029,0.29856099
1o68_KIV_A_275,0.98739086,0.96902026,0.17143668,0.28077818,0.27572336,0.20424884,0.43009071
1o68_KIV_B_275,0.9921679,0.97842617,0.16949044,0.30168996,0.75614116,0.22298354,0.65560804
1o68_KIV_D_275,0.92939119,0.99160496,0.1675418,0.31554761,0.9821337,0.23596527,0.99047589
1o68_KIV_E_275,0.9968964,0.9215331,0.16962095,0.30502444,0.9452387,0.22832057,0.63647904
1o6g_SIN_A_724,0.96743382,0.91780026,0.17080439,0.29344186,0.74244214,0.21991357,0.47033206
1o8a_NXA_A_702,0.98983562,0,0.17408361,0.28135223,0.99091045,0.225953,0.99092957
1okm_SAB_A_555,0.99019112,0.66946992,0.1725926,0.28899891,0.97463114,0.22323431,0.34296721
1om5_INE_A_790,0.00020521086,0.67150562,0.17546631,0.22631504,2.7932529e-05,0.2074773,0.29850655
1ov5_2LP_A_403,0.99352793,0.99478198,0.16741361,0.31824008,0.99478527,0.23538381,0.99529623
1ovk_NYL_A_405,0.95630158,0.98703406,0.16721092,0.9959169,0.99258249,0.23661233,0.99273848
1owz_4FA_A_409,0.98487937,0.66880305,0.17256402,0.28933198,0.98990214,0.22385097,0.3454751
1oxp_IK2_A_411,0.96819645,0.7010232,0.17470158,0.2564887,8.2486259e-06,0.19028792,0.21430881
1p1w_AMQ_A_428,0.99363753,0.66988917,0.17261027,0.28879608,0.96512929,0.2228481,0.34139447
1p1w_AMQ_B_427,0.99633263,0.67204287,0.1727426,0.28683424,0.90247571,0.22065718,0.33276627
1p2s_ETF_A_400,0,0.7009665,0.1751677,0.22812352,0.0078780893,0.20827533,0.31873976
1p5g_G6P_X_658,0.98534318,0.89572445,0.17278454,0.26754268,5.5856306e-07,0.19348621,0.3421164
1p7c_THM_B_501,0.98834238,0.66900526,0.17256756,0.28934451,0.98697997,0.22368952,0.3447824
1p7l_MET_A_485,0.98409624,0.70150682,0.17468894,0.25698552,4.4855776e-05,0.19000684,0.21293076
1p7l_MET_B_385,0.97969341,0.70137402,0.17469251,0.25684683,6.4489877e-07,0.19008351,0.21330779
1pbd_PAB_A_396,0.99647336,0.98465301,0.17201872,0.29255315,0.99154026,0.2221066,0
1pfw_MF3_A_553,0.98994574,0.67069853,0.17267303,0.28777049,0.93724513,0.22195988,0.3379799
1pke_2FD_C_448,0.99291476,0,0.18021084,0.22821155,0.070094079,0.18274032,0
1pl6_572_C_409,0,0.66233486,0.17487162,0.23535956,0.27721091,0.21696198,0.33565896
1pl6_572_D_411,0,0.95630496,0.17164882,0.2573984,0.48072733,0.2289979,0.5520726
1pr0_NOS_A_1245,0,0,0.17511361,0.24890017,0.98120033,0.24231851,0.98143408
1pr0_NOS_B_1246,0,0.67076164,0.17541859,0.22703722,0.022340558,0.20824415,0.30151365
1pr0_NOS_C_1247,0.97562186,0.66861831,0.17257767,0.28894706,0.98695175,0.22391444,0.34588504
1pr6_XYA_A_1245,0.98852205,0,0.1794081,0.24207817,0.53011637,0.19789804,0
1pr6_XYA_B_1246,0.98677071,0.69829919,0.17447333,0.26031731,0.099527104,0.19336214,0.2260259
1pr6_XYA_C_1247,0.95218787,0,0.18028946,0.22622618,0.048018603,0.18270809,0
1pt8_OXL_A_802,0.99584749,0.70186663,0.17467975,0.25735037,2.0559824e-08,0.18979664,0.21190264
1pt8_OXL_B_801,0.99860125,0.9804017,0.17202852,0.27203011,1.5654447e-06,9.9719391e-05,0.3911623
1pwz_RSO_A_256,0.99704689,0.70187461,0.17467695,0.25741599,0.00086467767,0.18980492,0.21191416
1pwz_RSO_B_256,0.9951624,0.70182587,0.174679,0.25734864,0.00060101844,0.18982936,0.21204275
1pym_OXL_A_1001,0.99587261,0.87602299,0.17296209,0.26684396,1.8353189e-09,0.19296112,0.32858247
1pym_OXL_B_1002,0.9971198,0.92552503,0.17249953,0.26943311,1.9917075e-09,0.19377928,0.35981036
1q20_PLO_A_401,4.5957738e-07,0.98976784,0.1730205,0.25957549,0.95749823,0.23795916,0
1q22_AND_A_401,0.97766242,0.70131211,0.17469412,0.25678351,1.1518876e-07,0.19011956,0.21348438
1q3a_NGH_A_480,0.99064438,0.67605464,0.17301875,0.28252358,0.7758924,0.2164284,0.3163025
1q3a_NGH_B_479,0.96675714,0.67031134,0.17271211,0.28673172,0.92756993,0.2220407,0.33870063
1q3a_NGH_C_481,0.94462054,0.68656459,0.17382839,0.26932321,0.41556956,0.20492082,0.27203271
1q4g_BFL_A_701,0.98606175,0.9863461,0.16956128,0.30593511,0.98892805,0.22928244,0.54920793
1q4g_BFL_B_1701,0.9911122,0.9888112,0.16953296,0.30624709,0.98989504,0.22926646,0.55040936
1q6r_LX1_A_7301,0.99215021,0,0.18022904,0.22788392,0.060144459,0.18242708,0
1q6r_LX1_B_9301,0.98713275,0,0.18028983,0.22675231,0.028295898,0.18146804,0
1q92_DRM_A_1001,0.98807652,0.67166926,0.17274121,0.28669723,0.90616134,0.22092985,0.33397815
1qit_MAE_A_411,0,0.85142394,0.17378292,0.23561122,2.0989431e-05,0.21055833,0.41284453
1qjc_PNS_B_1163,0.57135051,0.68845404,0.17498473,0.24458053,0.01416753,0.19781907,0.25072309
1qmh_CIT_A_401,0,0.22251665,0.17809166,0.22650127,0.70857955,0.22341221,0.016457058
1qmh_CIT_B_401,0.95803441,0.69918743,0.17461057,0.25767891,0.04615932,0.19204697,0.22137561
1qxa_GLY_B_245,0.93014715,0.69986323,0.17473166,0.25530235,0,0.19096328,0.2176172
1r4f_AD3_B_330,0,0.6714736,0.1754648,0.22633408,0.0008071043,0.2075076,0.29862878
1r4s_MUA_A_800,0.082806303,0.16619563,0.17790996,0.23553752,0.98834243,0.23052183,0
1rf2_BV4_D_104,0,1,0.1697616,0.2738885,0.77020466,0.24202282,0.77256807
1rf2_BV4_E_105,0,0.65745936,0.17455516,0.24017465,0.42467202,0.22200589,0.35541451
1rf2_BV4_F_106,0,0.65632787,0.17448171,0.24129211,0.45889408,0.22317645,0.35999928
1rf2_BV4_G_107,0.028399354,0.97951031,0.17080162,0.26678993,0.66931281,0.23625691,0.6641622
1rf2_BV4_H_108,0.022685385,0.23070463,0.17781713,0.23017618,0.78308449,0.22574514,0.032103827
1rnd_DGP_A_126,0,0.67150029,0.17546653,0.22630773,1.2575528e-08,0.20747999,0.29852065
1rqh_PYR_A_602,0.47410252,0.68542582,0.17505748,0.24161117,0.01606809,0.19961092,0.25943626
1ruk_BEZ_H_601,0.99225605,0.70170951,0.1746795,0.25728544,0.0014399581,0.18990966,0.21240793
1rum_BEZ_H_1601,0.98712959,0.9750919,0.17202766,0.27190535,0.0063939891,0.19502338,0.39317423
1rvt_NDG_H_742,0,0,0.18133914,0.19383727,4.6338268e-07,0.0011155813,0
1rvz_NAG_A_3321,2.3336708e-05,0.671501,0.17546651,0.22630846,0,0.20747958,0.29851862
1rvz_NAG_F_3331,8.6951221e-05,0.67148662,0.1754654,0.22632656,0.0004935975,0.20749533,0.29857922
1s1f_PIM_A_431,0,0.67150029,0.17546653,0.22630773,6.1802859e-09,0.20747999,0.29852065
1s2c_FLF_A_2001,0,0.97556009,0.17479511,0.22989664,7.6263792e-07,0.20643198,0
1s2c_FLF_A_2002,0,0.93205554,0.17292024,0.24133286,0.045958932,0.21351965,0.47087088
1s3u_TQD_A_187,0.5475266,0.65554752,0.17291479,0.27561913,0.98746266,0.23153364,0.38318887
1s5s_PG3_A_1,0.97213715,0.94968726,0.17003257,0.29950937,0.82229427,0.22394046,0.55755448
1s6h_4BZ_A_1,0.99692146,0.66981728,0.17259651,0.28906834,0.97033242,0.22296776,0.34180591
1sep_BIO_A_801,0,0.18397126,0.1781714,0.22855381,0.82863904,0.22683154,1.534551e-08
1sff_IK2_A_450,0,0.65724591,0.17454223,0.24037258,0.43022579,0.22221356,0.35622049
1sff_IK2_B_450,0,0.65724591,0.17454223,0.24037258,0.43022579,0.22221356,0.35622049
1sff_IK2_D_450,0.98612264,0.66915792,0.17258361,0.2890577,0.98031553,0.22350098,0.34408263
1sjc_SMG_A_1000,0.93247286,0.69248722,0.17424645,0.26272949,0.22523458,0.19862613,0.24758988
1sjc_SMG_B_1100,0.97844694,0.68781808,0.17381607,0.27015838,0.4088544,0.20409047,0.26819087
1sjc_SMG_C_1200,0,1,0.16863457,0.28337095,0.92459202,0.24954431,0.96032468
1sjc_SMG_D_1300,0,0.65456941,0.17436758,0.24302878,0.51207928,0.22499565,0.36712457
1sqk_LAR_A_378,0,0.65724591,0.17454223,0.24037258,0.43022579,0.22221356,0.35622049
1sz6_NAG_A_5003,0,0.67147116,0.17546464,0.2263365,0.00088095403,0.20751013,0.29863868
1sz6_NAG_B_5001,7.7799723e-05,0.67150259,0.17546647,0.22631022,1.9886327e-06,0.20747868,0.29851415
1sz6_NAG_B_5004,6.220312e-05,0.67150218,0.17546648,0.22630968,2.4218257e-07,0.2074789,0.29851528
1t5z_DHT_A_931,0.98484995,0.66864383,0.17255377,0.28948742,0.9946907,0.22401529,0.34611919
1t87_CAM_A_1422,0.082516203,0.98911503,0.17456339,0.23410375,0.034438836,0.20628679,0
1t87_CAM_B_2422,0.081808415,0.97759823,0.17464414,0.23360247,0.032618709,0.20613136,0
1t93_FLV_A_432,0.99533845,0.70182478,0.17467845,0.2573605,0.00079637273,0.18983292,0.21205361
1tc2_7HP_A_800,0.99734029,0.6691231,0.17255029,0.28977959,0.99171433,0.22369169,0.34463404
1tc2_7HP_B_810,0.99836053,0.6693617,0.17256295,0.28960647,0.98543863,0.22345891,0.34370454
1tf8_TRP_A_911,0,0,0.18130643,0.19406439,4.809949e-05,0.19730411,0
1tf8_TRP_A_913,0,0,0.17506583,0.24932862,0.98903114,0.24267304,0.98890516
1thc_FL9_A_130,3.6158123e-07,0.6715003,0.17546653,0.22630774,4.4278506e-08,0.20747999,0.29852063
1thc_FL9_A_131,0.0034077821,0.9819991,0.17474814,0.23025439,0.00037338405,0.2064466,7.6225485e-07
1thc_FL9_B_130,0,0.29741688,0.17912242,8.1366343e-24,1.7245159e-08,0.2002593,0.0001801194
1thc_FL9_B_131,0.030091695,0.98618795,0.17469469,0.23125744,7.0184595e-06,0.20602066,1.2601285e-09
1tiw_TFB_A_2002,0.62811862,0.6751694,0.17396523,0.26117968,0.46832062,0.21234532,0.30662892
1tke_SER_A_500,0.69310183,0,0.18041666,0.22007032,0.12019129,0.18947395,0
1tkh_DPN_A_911,0,0.67149932,0.17546647,0.22630869,2.9396386e-05,0.207481,0.29852459
1tl2_NDG_A_237,0.98017459,0.66881567,0.17257787,0.28903117,0.98518128,0.22377304,0.34525186
1tl2_NDG_A_238,0.00028478674,1,0.16844076,0.28567444,0.98335812,0.25172608,0.98017502
1tl2_NDG_A_239,0.97786416,0.66885764,0.17258699,0.28884812,0.98178096,0.22369776,0.34499727
1tl2_NDG_A_241,0.98446654,0.70151592,0.17468851,0.25699923,0.00011101267,0.19000253,0.21290742
1toq_AMG_A_501,0.99549451,0.95893793,0.16763787,0.31710918,0.99717729,0.23511886,0.99724082
1toq_AMG_C_502,0,0.92745487,0.16885098,0.2835999,0.99230432,0.25151358,0.99302866
1toq_AMG_G_504,0.9657646,0.94595247,0.16779997,0.31504398,0.97921127,0.23487062,0.99399425
1tsd_UMP_A_267,0.96169717,0.66868019,0.17262025,0.28803254,0.97223778,0.22365841,0.34512495
1tt6_DES_A_129,0.33418096,0.68169046,0.17520251,0.23672485,0,0.20154591,0.26945386
1tt6_DES_B_128,0.3116108,0.67760046,0.17499954,0.23938089,0.10288742,0.20546595,0.28520096
1tvw_CB3_A_318,0.18547571,0.67715599,0.17532,0.23208939,7.7561149e-11,0.20418648,0.28238813
1u18_HSM_A_401,0.88445605,0.69588426,0.17459992,0.25643173,0.078205628,0.19444965,0.23206869
1u18_HSM_B_402,0.99603017,0,6.6754921e-45,0.2526673,0.86730843,0.20885525,5.3256683e-07
1u1g_BBB_A_3300,0,0.9690152,0,0.25578914,0.40823768,0.22683937,0.55084629
1u1g_BBB_B_4300,0,0.95564832,0.1718184,0.25500867,0.40805569,0.22657812,0.54139065
1u1g_BBB_C_5300,0,0.98152727,0.17158072,0.25628592,0.40611846,0.2269588,0.55754822
1u1g_BBB_E_7300,0,0,0.18047312,0.20852525,0.48242215,0.21287211,0
1u2o_NEC_A_1001,0.98248375,0.9842777,0.16986836,0.30167161,0.87010244,0.22519427,0.53026119
1u2o_NEC_B_1002,0,1,0.16850455,0.28497928,0.96731487,0.25110328,0.97241114
1uay_ADN_A_1001,0.96927504,0.97851728,0.1696541,0.30488734,0.98484557,0.22931166,0.54531407
1uay_ADN_B_1002,0.99461596,0.95467063,0.16983062,0.30485877,0.99770245,0.22889381,0.529617
1ubs_SER_B_398,0.96313177,0.94124263,0.17033487,0.29811225,0.84783539,0.2240418,0.50157211
1uk7_BUA_A_1300,0.99759868,0.97235082,0.16816111,0.3122836,0.90257817,0.23081756,0.89872057
1um4_SH4_H_1001,0.95339115,0.67502996,0.1730554,0.28125242,0.77252682,0.21697479,0.31909187
1uqx_MMA_A_1116,0.90406872,0.92333776,0.17250692,0.28671642,0.95911907,0.22223553,0.01502514
1uux_PPI_A_1165,0.99515914,0.93079883,0.17245049,0.2696601,0.00041528366,0.1939187,0.36341006
1uxi_FUM_A_1311,0,0.17870606,0.17814303,0.22938258,0.86098064,0.2278522,0
1uxq_G1P_A_1503,0.95994683,0.70074924,0.17470665,0.25625366,0.00068559358,0.19045758,0.2151171
1v03_BGC_A_1498,0.91451413,0,0.17886925,0.25030355,0.87859552,0.2105806,0
1v3v_5OP_A_1360,0.94873098,0.98622764,0.17182132,0.27309943,0.058495961,0.19771263,0.41196732
1v3v_5OP_B_2360,0,0.98491371,0.17196258,0.24570245,2.7811323e-05,0.21447743,0.60798342
1v5g_HTL_A_1602,0.17612155,0.66253453,0.1744006,0.24590399,0.4318365,0.21913075,0.34105384
1v5y_4HC_A_1455,0.99504592,0.70184218,0.17468039,0.25732539,1.7080079e-07,0.18981088,0.21197238
1v5y_4HC_B_1201,0.0021852445,0.67156678,0.1754648,0.22637598,4.1809602e-06,0.20744133,0.29833114
1vje_MSE_A_301,0.98028098,0.96711162,0.17212155,0.27107008,1.1472612e-06,0.19479019,0.38783822
1vje_MSE_A_401,0.93868149,0.89802039,0.17279083,0.26625707,3.1162682e-06,0.19436935,0.34824893
1vkf_CIT_A_501,0,1,0.16921465,0.28042614,0.93882056,0.2482728,0.82759415
1vkf_CIT_C_502,0.92989323,0.69985071,0.17473155,0.25529916,0.00014464409,0.19097274,0.21765867
1vkf_CIT_D_503,0.7903452,0.6956,0.1748421,0.25094468,7.6385723e-06,0.19344602,0.22977809
1vzd_CB3_A_318,0,0.67150029,0.17546653,0.22630773,2.6442037e-08,0.20747999,0.29852066
1vzd_UFP_A_317,0.98543516,0.70154907,0.17468798,0.25702586,1.882708e-06,0.18998159,0.21280855
1vzu_UDP_B_2371,0.97566077,0.67205526,0.17280065,0.28555509,0.88303613,0.22035932,0.33195995
1w1a_NDG_1_1261,0,0.91813182,0.17315761,0.23909175,0.0012541785,0.21173399,0.45528182
1w1a_NDG_2_1261,0.89520071,0.90850903,0.17256141,0.26772036,0.065471508,0.19760273,0.36916593
1w3t_3GR_A_1297,0.97712517,0.98621475,0.17162413,0.27651104,0.1335584,0.19979999,0.42048029
1w3t_3GR_B_1297,0.97220018,0.69224043,0.17412042,0.26540799,0.26933799,0.19942924,0.25004302
1w3t_3GR_D_1297,0.98036883,0.68761552,0.1737976,0.27047622,0.41675347,0.20432653,0.26908196
1w55_C_A_1372,1.4510704e-05,0.67150066,0.17546652,0.22630825,1.9918047e-06,0.2074798,0.29851966
1w55_C_A_1373,0.9813245,0.66978145,0.17263737,0.28814783,0.95703139,0.22278975,0.34138056
1w62_PYC_A_700,0,0,0.17503047,0.24964,0.99455149,0.24292778,0.99453936
1w78_PD8_A_1421,0,0.64058705,0.17346,0.25683785,0.93497985,0.23946095,0.4237811
1wc7_PP3_A_1214,0,0.67149997,0.17546651,0.22630804,9.453789e-06,0.20748032,0.29852192
1wmz_A2G_B_502,0.95253956,0.67134988,0.17281889,0.28483469,0.8830464,0.22077023,0.33397239
1wmz_NGA_A_501,0.93263607,0.6985292,0.17463818,0.25677239,0.042643793,0.19237772,0.22311376
1wmz_NGA_C_503,0,0.67135186,0.1754569,0.22645431,0.0044891239,0.20763354,0.29912207
1wmz_NGA_D_504,0.91030941,0.66797808,0.17271698,0.28557654,0.94607984,0.22367618,0.34609021
1wq4_TYR_A_501,0.98465747,0.67181735,0.17276029,0.28634143,0.89852906,0.2207295,0.33325303
1x09_IPE_A_902,0.90629933,0.69913557,0.17475047,0.25455943,1.4298886e-05,0.19138724,0.21969338
1x29_PMG_A_413,0.97441557,0.67058087,0.1727084,0.28693489,0.92648083,0.22186745,0.3378886
1x2a_PDG_B_1413,0.33942192,0.66743815,0.17426929,0.25103273,0.43332996,0.21627236,0.32699128
1x7j_GEN_A_201,0.99605635,0.70187299,0.17467959,0.25735689,1.8844286e-07,0.18979294,0.2118845
1x7j_GEN_B_202,0,0.66512168,0.17505251,0.23260728,0.19292268,0.21407891,0.32436675
1x82_PA5_A_301,0.96973567,0.69726596,0.17445344,0.2602937,0.11506645,0.19419615,0.22958942
1x8i_BMH_A_2,0.95697267,0.66870625,0.17263502,0.28771725,0.96709226,0.2235663,0.34484653
1xc7_GL6_A_998,0.95675401,0.67403639,0.1729816,0.28243977,0.80567889,0.21804904,0.32324079
1xdj_HCS_A_1049,0.99616954,0.67628403,0.17301833,0.28263566,0.7740503,0.21626728,0.31557514
1xdj_HCS_A_1050,0.97585257,0.66948371,0.1726332,0.28810652,0.96099007,0.22302232,0.34238686
1xid_ASC_A_389,0.9912334,0.89814863,0.17275581,0.26788204,0.0010913964,0.19345863,0.34322648
1xin_XYL_B_397,0.98988845,0.69021563,0.17394001,0.26849176,0.34689213,0.20176789,0.25889454
1xin_XYL_C_397,0.98328384,0.70142698,0.17468601,0.25701458,0.001710163,0.19007823,0.21322453
1xin_XYL_D_397,0.98686733,0.70111028,0.17465553,0.25754698,0.01459389,0.19045528,0.21463889
1xkw_188_A_1001,0,0.15657658,0.17802381,0.23286588,0.99691169,0.23214202,0
1xl0_OX2_A_998,0.99585109,0.99262944,0.16874434,0.31052941,0.97801986,0.23107119,0.71233137
1xny_BTN_B_5602,0.96483152,0.96439152,0.17207112,0.27166968,0.035352719,0.19624853,0.39301803
1xuf_BAZ_A_246,0,0.67150029,0.17546653,0.22630773,0,0.20747999,0.29852065
1xuz_PEP_A_2001,0.9135682,0.84420816,0.16881747,0.30720177,0.93958689,0.23288011,0.94619993
1y2x_NAG_A_144,0,1,0.16838259,0.2861429,0.99068784,0.25210218,0.99018027
1y2x_NAG_B_1144,0,1,0.16836451,0.28630222,0.99351531,0.25223257,0.99305975
1y2x_NAG_D_3144,0.96231023,0.66809007,0.17258025,0.28865292,0.99065152,0.22427737,0.34753854
1y42_TYR_X_701,0.85924668,0.84976395,0.17183061,0.28204086,0.60631816,0.21599784,0.4174711
1y5v_NE8_A_500,0,0.15747713,0.17802866,0.23272419,0.99138177,0.23196751,2.4828784e-07
1y5x_E89_A_500,0,0.15923866,0.17803815,0.23244685,0.98055976,0.23162597,0
1y5x_E89_D_1500,0,0.16653235,0.17807745,0.23129879,0.93575804,0.23021208,0
1y8j_STS_A_900,0.87107372,0.69806191,0.17477833,0.25346091,0,0.19201226,0.22275536
1yee_PNB_H_551,0.98948095,0.98016125,0.17160554,0.27753082,0.16173101,0.20044997,0.41967407
1yik_MM1_A_500,0.89632288,0,0.18038755,0.22367223,0.023299957,0.18284625,0
1yqc_GLV_A_1001,0.78960375,0.97675436,0.17214482,0.26582967,5.0579488e-08,0.19840307,0.41306138
1yw9_A84_A_482,0,0.16349732,0.17806109,0.23177652,0.95440083,0.23080043,0
1z11_8MO_A_501,0.97855457,0.67280149,0.17284107,0.28499546,0.86313496,0.21962721,0.32904206
1z11_8MO_B_501,0.97544795,0.67268123,0.17284187,0.28492383,0.86390692,0.21970878,0.3294157
1z11_8MO_D_501,0.99423373,0.67493676,0.17293625,0.28384758,0.81301338,0.21763439,0.32096345
1z3n_3NA_A_320,0,0.98693705,0.17015795,0.27605955,0.98201005,0.24688953,0.64739006
1z4k_T3P_A_4341,0.99006705,0.70169036,0.17468432,0.25717019,3.6264113e-07,0.18989929,0.21240547
1z6k_OAA_A_274,0,0.6714949,0.17546618,0.22631305,0.00016303905,0.20748557,0.2985425
1z8p_DEB_A_420,0,1,0.16839936,0.28599678,0.98814578,0.25198347,0.98747832
1zb6_GST_A_502,0,0.65832459,0.17461132,0.23932014,0.3985028,0.22111077,0.35190858
1zdq_MSM_B_1508,0.95106816,0.98801844,0.17203419,0.29132659,0.99527764,0.22303165,0
1zdq_MSM_C_1509,0.99417647,0.99510619,0.17194711,0.29293413,0.99387438,0.22231996,0
1zei_CRS_A_54,0.99802931,0.98369584,0.17126246,0.28229404,0.28861449,0.20475237,0.44027147
1zei_CRS_B_56,0.99702477,0.98598671,0.17199906,0.29279721,0.99736155,0.2223006,1.311009e-06
1zei_CRS_C_56,0.99600051,0.99193138,0.17095744,0.29624865,0.88448169,0.22212238,0.26359788
1zei_CRS_D_54,0.036488016,0.96964612,0.17118503,0.27155563,0.99369211,0.24371113,0.41055306
1zei_CRS_E_54,0.99604346,0.98713007,0.16753323,0.31749686,0.98767554,0.23486821,0.98244692
1zei_CRS_F_54,0.99545588,0.99076024,0.17101175,0.29488438,0.83379369,0.22058215,0.27302846
1zei_CRS_F_55,0.24575348,0.98633146,0.17383886,0.24621888,0.21348986,0.21013245,0.059056671
1zfj_IMP_A_500,0.98325547,0,0,0.25346239,0.90681112,0.21036904,0
1zg3_2HI_A_365,0.80538256,0.69605791,0.17483018,0.25141405,2.6605662e-05,0.19317965,0.22847269
1zgj_P1S_A_0,0,0.1607342,0.17804621,0.23221145,0.97137338,0.23133606,0
1zha_PEP_A_1268,0.99620821,0.70118591,0.17463457,0.25804476,0.020921135,0.19050584,0.2146741
1zha_R5P_A_1269,0.51672359,0.68725602,0.17505824,0.24241577,2.1169192e-05,0.19830521,0.25357929
1zk0_SS2_A_1260,0.78316205,0.96934391,0.17317001,0.27051624,0.5119674,0.20986484,0.00026403213
1zmt_RNO_B_1001,0.98887301,0.70165396,0.17468526,0.25713296,0,0.18992048,0.21250927
1zmt_RNO_C_1003,0.00013013306,0.67150426,0.17546643,0.22631179,0,0.20747768,0.29850933
1zmt_RNO_D_1004,0,0.67150029,0.17546653,0.22630773,0,0.20747999,0.29852065
1zng_HE4_A_202,0.98427394,0.96792676,0.17211119,0.27123763,0.0001590073,0.19473728,0.3879781
1zoy_UQ1_B_1201,0.99492405,0.96770075,0.17210732,0.27154163,1.7945595e-05,0.1945359,0.38674589
1zpd_CIT_B_610,0,0.65724591,0.17454223,0.24037258,0.43022579,0.22221356,0.35622049
1zpd_CIT_F_610,0.89851557,0.66798023,0.17274978,0.28485161,0.93513786,0.22351133,0.34565011
1zuw_DGL_A_1301,0.0022358184,1,0.16836584,0.2863367,0.99264585,0.25216037,0.9926218
1zuw_DGL_B_2301,0.0010481364,1,0.16857271,0.28492854,0.98191536,0.25129188,0.95160411
2a0x_DIH_A_300,0.11576265,0,0.18106441,0.20002921,0.073356347,0.19774199,0
2a15_NCA_A_1001,0.94465878,0.98346168,0.17207958,0.29080161,0.99032072,0.22293532,0
2a1m_CAM_A_1422,0.50253516,0.9879787,0.1719146,0.26196598,0.12311961,0.20805302,0.46759564
2a1m_CAM_B_2422,0,0.99117567,0.17462617,0.23159352,0.036889306,0.20778761,0
2a5t_GLY_A_1001,0,0,0.18130651,0.19406292,0,0.19730254,0
2a9z_26A_A_1002,0.9726906,0.98943181,0.1720416,0.29141556,0.97359999,0.22196695,0
2agw_TSS_D_3001,0,0,0.18117999,0.19625881,0.072105097,0.19966678,0
2agw_TSS_H_2001,0,0,0.18121712,0.19561465,0.050957705,0.19897333,0
2ahc_VNL_B_266,0.99686779,0.96299562,0.17214887,0.27137448,0.00051382353,0.19443802,0.38364606
2ahc_VNL_C_366,0.99217359,0.99022294,0.17189808,0.27263044,0.00033027608,0.19497898,0.40133373
2ahc_VNL_D_466,0.99549928,0,0.18033063,0.22617165,0.00036857131,0.18041029,0
2aiq_BEN_A_401,0.98927238,0.98338686,0.1720713,0.29161193,0.96948563,0.22149857,0.00035627015
2as1_TP5_A_500,0.84014149,0.99355835,0.17195561,0.268251,0.0010120522,0.19780935,0.41879117
2b04_CHO_A_200,0,0,0.18130651,0.19406292,1.1109683e-13,0.19730254,0
2b3f_GAL_A_3310,0,0.63852951,0.17332645,0.25886989,0.99721077,0.24158955,0.43211826
2b3f_GAL_C_3312,0,0.63856167,0.17332854,0.25883813,0.99623799,0.24155628,0.43198794
2b3f_GAL_D_3313,0,0.638518,0.1733257,0.25888125,0.99755872,0.24160146,0.43216488
2b3f_GAL_E_3314,0,0.63853657,0.17332691,0.25886291,0.99699715,0.24158225,0.43208964
2b3f_GAL_F_3315,0.94250889,0.66726456,0.1725815,0.28825463,0.99735715,0.22485835,0.35015921
2bdg_PBZ_A_301,0.99473734,0.66913425,0.17255822,0.28960905,0.98897645,0.22364426,0.34449365
2bdg_PBZ_B_302,0.99058278,0.25500208,0.17657225,0.26744556,0.99663567,0.21598672,0
2bf7_HBI_A_1290,0,0.67150003,0.17546652,0.22630799,7.8600228e-06,0.20748026,0.29852171
2bf7_HBI_B_1290,0,0.67150026,0.17546653,0.22630776,9.0654154e-07,0.20748002,0.29852077
2bf7_HBI_C_1290,0,0.67113146,0.17544259,0.22667199,0.011155367,0.20786156,0.30001515
2bf7_HBI_D_1290,0,0.67145005,0.17546327,0.22635735,0.0015194765,0.20753197,0.29872422
2bgc_DTT_F_1238,0.36626258,0,0.17946103,0.23166959,0.84692595,0.218855,0
2bjf_DXC_A_330,0,0.98847693,0.1747089,0.23037107,1.0000561e-07,0.20655284,0
2bk3_FOF_A_1503,0.91868267,0.68468027,0.17377791,0.26959452,0.44863987,0.20651257,0.27871923
2bk3_FOF_B_1498,0,0.21414911,0.17833398,0.22380366,0.64327053,0.22098153,3.0404468e-10
2brk_CMF_A_1534,0,0.67150029,0.17546653,0.22630773,1.9432917e-09,0.20747999,0.29852065
2bs3_CIT_A_1657,0,0.98364729,0.17230195,0.24593376,0.10293461,0.21637029,0.51217597
2bs8_NAG_A_1177,0.91733601,0.68180377,0.17359493,0.27235284,0.53439824,0.20946985,0.29032552
2bxh_IOS_A_1001,0.99680824,0.66985453,0.17259924,0.28902461,0.96910126,0.22292766,0.34165082
2bxh_IOS_A_1002,0.21960481,0.67819653,0.17529302,0.23315342,4.7310786e-06,0.20358061,0.27942024
2bxh_IOS_B_1002,0.00019830868,0.67150633,0.17546638,0.22631391,2.4831414e-08,0.20747647,0.29850341
2c3d_COM_A_1525,0.99153815,0.96119892,0.16784824,0.31537518,0.97526773,0.23396271,0.95704071
2c3d_COM_A_1526,0.97782818,0.97824818,0.17201905,0.27157118,2.6327133e-05,0.19502457,0.39514146
2c3d_COM_B_1525,0.97631434,0.94499902,0.17229124,0.27036323,0.016208887,0.19504806,0.37668508
2c3d_COM_B_1526,0.98382622,0.9832389,0.1675195,0.31730246,0.99029147,0.23526026,0.9927803
2c5b_5F1_A_500,0,0.67150029,0.17546653,0.22630773,0,0.20747999,0.29852065
2c5b_5F1_B_500,0,0.67150029,0.17546653,0.22630773,0,0.20747999,0.29852065
2c5b_5F1_C_500,0,0.67150029,0.17546653,0.22630773,0,0.20747999,0.29852065
2c6q_IMP_A_1337,0.95838321,0,0.17884331,0,0.93292619,0.21133303,0
2c6q_IMP_B_1339,0,0.65724591,0.17454223,0.24037258,0.43022579,0.22221356,0.35622049
2c6q_IMP_C_1337,0.99548347,0.70185458,0.17467998,0.25733996,2.8661999e-05,0.18980408,0.21193814
2c6q_IMP_F_1337,0.9927371,0,0.17866083,0.25511327,0.95371906,0.21171545,0
2c6q_IMP_G_1338,0.99621839,0.67064027,0.17265187,0.28821246,0.94479226,0.22210664,0.33844541
2ci0_1CM_A_1450,2.7426361e-05,0,0.18139682,9.768287e-28,8.2726627e-06,0.19707393,0
2cjz_PTR_A_1537,0.80875484,0.66885464,0.17305511,0.27848685,0.82590744,0.221369,0.33882369
2coj_GBN_A_420,0.99037458,0.99189584,0.17135314,0.2801811,0.2209652,0.20268579,0.43598742
2coj_GBN_B_420,0.99002875,0.98307273,0.17210267,0.29103051,0.94883069,0.22082341,0.0017205918
2cxp_A5P_A_1601,0.99396606,0.96801873,0.16839486,0.30392479,0.56572498,0.22091338,0.98424829
2d0e_NQ_A_409,0.02018451,0.96322172,0.17272783,0.24198272,6.3525041e-05,0.21209339,0.48163637
2d0e_NQ_A_410,0.99111416,0.98804439,0.17191974,0.27247625,3.6539229e-05,0.19495097,0.40001564
2d1j_D01_A_700,0,0.64703466,0.17387851,0.25047015,0.73997009,0.23279065,0.3976554
2d3n_GLC_A_608,0.013895512,0.93914262,0.17295467,0.24057407,0.00070214434,0.21182034,0.46711268
2dcf_ACA_A_501,9.6187547e-07,1,0.16912348,0.28164687,0.97327166,0.24949063,0.83433157
2dm5_ODI_A_312,0,0.96308835,0.17272056,0.25859957,0.82854696,0.23550441,0.15456901
2e1a_MSE_D_301,0.98007347,0.96764968,0.17097704,0.29800595,0.99486628,0.22568266,0.25578773
2e40_LGC_A_1001,0.9583643,0.69950016,0.17462995,0.25739027,0.037004959,0.19172798,0.2201205
2e40_LGC_B_2001,0,0,0.18119585,0,0.037437316,0.1986906,0.029858488
2e56_MYR_A_501,0.65949861,0.69160867,0.17494538,0.24686734,5.1003655e-05,0.19577096,0.24116483
2e56_MYR_A_601,0,0.67150029,0.17546653,0.22630773,8.3647027e-10,0.20747999,0.29852065
2e56_MYR_A_701,0.9766597,0.70128154,0.17469491,0.25675224,0,0.19013736,0.21357158
2eb5_OXL_A_2001,0.98917454,0.69951574,0.17454564,0.25926316,0.06494912,0.19213671,0.22118436
2eb5_OXL_B_2002,0.98365441,0.70061,0.17463195,0.25784414,0.026761768,0.19092854,0.21654849
2eb5_OXL_C_2003,0.98853298,0.67999781,0.17328054,0.27849988,0.65468291,0.21231993,0.30024756
2eb5_OXL_D_2004,0.99310695,0.70178306,0.17468192,0.25726494,1.2538635e-07,0.18984531,0.21214103
2ef9_A5P_A_1269,0,0.66664303,0.17515126,0.23110479,0.14690924,0.21250502,0.31820227
2ef9_A5P_B_2269,0.96285241,0.69910561,0.17459191,0.258055,0.053077539,0.19219805,0.22188339
2ef9_PEP_A_1268,0.99276944,0.67527557,0.17296229,0.28342323,0.80141553,0.21726369,0.31953703
2ei7_D93_A_700,0,0,0.17934405,0.22549057,0.99091535,0.23043659,0.023645977
2eup_LG4_A_400,0.99484732,0.66986621,0.17260543,0.2888929,0.96693973,0.22288854,0.34153179
2euq_BVC_A_401,0.73427898,0.70256923,0.17312401,0.27287691,0.67039515,0.21797902,0.34647534
2eus_ABN_A_400,0.9957896,0.99203182,0.17200331,0.29222647,0.97263576,0.22156743,0
2evd_D10_A_304,0.97933701,0.95994292,0.17217333,0.27089415,0.0065154614,0.19491127,0.384379
2ex1_C5P_A_1427,0,0.98395765,0.17300003,0.26039055,0.99127305,0.2390122,0
2exs_TRP_B_2100,0,0.67150029,0.17546653,0.22630773,0,0.20747999,0.29852065
2f64_12Q_A_472,0,1.3388283e-33,0.18112523,0.19720897,0.10329489,0.20068959,0
2f64_12Q_B_471,0.0054556519,1.1648884e-33,0.18130116,0.19423903,6.7573112e-06,0.19721012,0
2f78_BEZ_A_1001,0.99520585,0.98845297,0.16746326,0.31799077,0.99379844,0.23524269,0.99368829
2f78_BEZ_A_1003,0.039227747,0.99297058,0.16961209,0.26836062,0.41110663,0.23178044,0.94535438
2f78_BEZ_B_1002,0.99407507,0.9960496,0.16744503,0.31796588,0.98932595,0.23511878,0.98852637
2f78_BEZ_B_1004,0,0.99145624,0.16927246,0.28086217,0.97528206,0.24920238,0.81331476
2f7x_4EA_E_351,0.97317141,0.67723279,0.17314361,0.28028916,0.72414433,0.21496863,0.31088953
2fc0_DGP_A_239,0.0015877382,0,0.18133767,0.19388876,5.0921204e-05,0,0
2fcu_AKG_B_898,0.9951317,0.70183723,0.17467983,0.25733553,0.00022896457,0.18981718,0.21199557
2fhk_MFN_A_600,0,0,0.18047312,0.20852525,0.48242215,0.21287211,0
2fhk_MFN_C_601,0.80400458,0.69601677,0.17483132,0.25137023,2.2382074e-18,0.19320321,0.22858898
2fhn_BNI_X_501,0.97362038,0.66846161,0.17257304,0.28897915,0.98984509,0.22404895,0.34644675
2fhn_BNI_Y_502,0,0.15726328,0.17802751,0.23275779,0.99269362,0.2320089,0
2fib_GLY_B_2,0,0.67150029,0.17546653,0.22630773,0,0.20747999,0.29852065
2fkm_G16_X_464,5.105696e-06,0.32133086,0.17872838,0.20828683,7.0294861e-06,0.20155497,0.077098779
2fpu_HSO_B_509,0.86161198,0,0.1804623,0.22184584,7.5173096e-05,0.18267418,0
2fr6_CTN_A_1001,0.97399279,0.66834999,0.17256476,0.28911222,0.99356474,0.22416956,0.34691269
2fr6_CTN_C_1003,0.99263193,0.66883711,0.17254476,0.28977347,0.99602181,0.22392263,0.34562065
2fr6_CTN_D_1004,0.99356225,0.66891922,0.17254752,0.2897494,0.99439649,0.22385052,0.34532198
2fu9_MP2_A_1410,0.98379741,0.67041906,0.17267191,0.28766968,0.94002741,0.22216422,0.33888743
2fu9_MP2_B_2410,0.93812531,0.68309308,0.17362104,0.27235363,0.51457615,0.20842268,0.2858617
2fyd_BGC_D_530,0,0.98317917,0.1726458,0.24595097,0.19660342,0.21798656,0.38487729
2fyd_NGA_B_404,0.97698155,0.70128706,0.17469438,0.25676652,0.00012987687,0.19013608,0.21356098
2fz8_ZST_A_600,0,0.65724591,0.17454223,0.24037258,0.43022579,0.22221356,0.35622049
2fzb_TOL_A_600,0.8933844,0.66638857,0.17266068,0.28610907,0.97854583,0.22508721,0.35191184
2fzb_TOL_A_700,0.87667258,0.69823263,0.17477391,0.25363544,2.1866441e-09,0.19191284,0.22226838
2fzb_TOL_A_900,0,0.67150028,0.17546653,0.22630773,9.7095543e-08,0.20748,0.29852067
2g21_L1B_B_985,0.98792541,0.66877569,0.17255381,0.28954568,0.99353872,0.22392127,0.34569735
2g5v_22M_A_301,0,0.98495266,0.17313167,0.25802694,0.91245337,0.23643719,0
2g8t_MI2_A_401,0,0.18168916,0.1781591,0.22891303,0.84265686,0.22727392,0
2g9z_VNP_B_601,0,0.91507657,0.17318913,0.23889156,8.3709139e-07,0.21163867,0.45315691
2giq_NN2_A_1001,0.99421199,0.70173383,0.17467566,0.25738129,0.0025082608,0.18991147,0.21238093
2giq_NN2_B_2001,0.98879051,0.66936344,0.17258957,0.28901823,0.9765599,0.22332515,0.34334743
2gn2_C5P_A_400,0,0.96464922,0.17272665,0.2414468,3.6028831e-07,0.21248056,0.48455448
2gue_NAG_B_122,0,0.66817532,0.17525071,0.22959149,0.10056469,0.2109198,0.31199343
2gx5_PCG_C_514,0.85691377,0,0.18046614,0.22170773,0.00051424062,0.18276835,0
2gyv_HBP_A_1409,0,0.084249576,0.17982179,0.21200078,0.47328626,0.21375984,0
2gyv_HBP_B_545,0,0.95798112,0.17193878,0.25315291,0.35360649,0.22462114,0.53388257
2gyw_OBI_A_952,0.98696586,0.67720402,0.17310354,0.281163,0.73773655,0.2151886,0.31151067
2gyw_OBI_B_953,0.95715683,0.67141073,0.17281006,0.28505758,0.88546444,0.22077095,0.33389473
2gzm_DGL_B_502,0,0.98339294,0.16848673,0.28557763,0.99104021,0.25197582,0.99151646
2gzm_DGL_C_503,0,1,0.16836286,0.2863085,0.99337429,0.25223339,0.99347535
2gzm_DGL_D_504,0,1,0.16837921,0.28615446,0.99033566,0.25210211,0.99105671
2hi4_BHF_A_800,0.99774251,0.99804217,0.17191849,0.29325291,0.99702579,0.22239021,0
2hs3_FGR_A_2166,0.92818262,0.69980333,0.17473321,0.25524111,0,0.19099817,0.21778808
2ht8_G39_A_800,0.96659385,0.95885985,0.17191926,0.98783646,0.9840305,0.22292084,0.0002985737
2htu_BCZ_A_801,0,0.63897722,0.17335551,0.25842773,0.98366966,0.24112638,0.43030414
2huu_ALA_A_701,0.96467164,0,0.18036147,0.22516646,1.0990168e-08,0.18092168,0
2i1v_F6P_B_720,0,0.67150029,0.17546653,0.22630773,0,0.20747999,0.29852065
2i1v_FDP_B_710,0,0.19929675,0.17825275,0.22615841,0.73499334,0.22387775,6.93364e-05
2iht_TPP_A_600,0,0.98384218,0.17155946,0.25640017,0.40594517,0.22699285,0.55899354
2iht_TPP_B_600,0.8056644,0.97450066,0.17115153,0.28041204,0.41556254,0.21252112,0.47334294
2iht_TPP_C_600,0.96034959,0.98288002,0.17097978,0.28552433,0.41664753,0.20989223,0.46324976
2iht_TPP_D_600,0.41478749,0.99062302,0.17124299,0.26933445,0.41002896,0.21971273,0.52213364
2ihu_TP9_A_600,0,0.65724591,0.17454223,0.24037258,0.43022579,0.22221356,0.35622049
2ihu_TP9_B_600,0,0.65724591,0.17454223,0.24037258,0.43022579,0.22221356,0.35622049
2ij7_TPF_A_2472,0,0.67149994,0.17546651,0.22630808,1.0580889e-05,0.20748035,0.29852207
2ij7_TPF_B_2470,2.9298203e-05,0.67145209,0.17546332,0.22635713,0.0014848938,0.20753026,0.29871704
2ij7_TPF_C_2471,8.3067248e-05,0.67150224,0.17546643,0.22631089,1.7637408e-05,0.20747912,0.29851579
2ij7_TPF_D_2473,0,0.67149719,0.17546633,0.22631079,9.3657847e-05,0.2074832,0.2985332
2ipf_FFA_A_3,0.97721847,0.70087045,0.17466668,0.25719248,0.012948833,0.19057035,0.21525775
2ipf_FFA_B_4,0.99172463,0.67275261,0.17280143,0.28585089,0.87675954,0.21985938,0.32972184
2isf_PAC_A_317,0.99146936,0.97666544,0.17202283,0.27194093,0.0012259024,0.19479251,0.3929531
2ixi_TYD_A_1182,0,0.67130094,0.17545359,0.2265046,0.0060292577,0.20768622,0.2993284
2ixi_TYD_B_1182,0.97950715,0.70079506,0.17465545,0.25740721,0.017339826,0.1906799,0.21564695
2iyq_SKM_A_201,0.94684248,0.96253333,0.172183,0.2901738,0.98451484,0.22263929,0.0097245743
2izf_BTN_B_300,0.99576395,0.28789159,0.17666822,0.26696771,0.99254101,0.21563107,0
2j1s_FUL_A_1153,0,0.95944846,0.16863853,0.28483829,0.9956599,0.25190296,0.99149687
2j51_DKI_A_1314,0,0.64959924,0.17404497,0.24793735,0.66240364,0.23013749,0.38726372
2j5b_TYE_A_1336,0,0,0.18097671,0.19978579,0.18788128,0.20346342,0
2j5z_GAL_A_1278,0.9763693,0.85290041,0.17318714,0.26509714,0.00093620012,0.19295366,0.31603445
2jav_5Z5_A_1280,0,0,0.17934442,0.22548527,0.99075997,0.2304312,0.023622446
2jfv_FLC_A_1271,0.89292768,0.75624317,0.17381621,0.26217177,0.13497512,0.19746643,0.28347962
2jhp_GUN_A_1648,0.0013521698,0.67150654,0.17546319,0.22638442,0.001057896,0.20749217,0.29854477
2ji6_TPW_B_1566,0,0.98429137,0.17042069,0.2725487,0.88298473,0.24341298,0.63071761
2no7_LDC_A_401,0.99018967,0.66897698,0.17256061,0.28948565,0.989539,0.22374425,0.34496456
2no7_LDC_B_401,0.98605472,0.70047064,0.17461626,0.25812889,0.033190703,0.19110582,0.21720101
2nos_AGU_A_903,0.15479364,0.91290436,0.17311677,0.24344725,0.00029350186,0.20881187,0.43630692
2npq_BOG_A_1000,0,0.96942837,0.1704051,0.27396917,0.94715117,0.24538417,0.63102149
2npq_BOG_A_2000,0,0.67150029,0.17546653,0.22630773,0,0.20747999,0.29852065
2nry_STU_A_504,0.99421219,0.97284677,0.16966503,0.30573051,0.99614686,0.2291559,0.54093405
2nry_STU_B_502,0.93096274,0.92595381,0.17002911,0.28145076,0,0.202181,0.91855967
2nry_STU_C_503,0.99268149,0.98307711,0.1695861,0.30599054,0.98965443,0.22913235,0.54658382
2nry_STU_D_501,0.99343246,0.974346,0.16967871,0.30539873,0.98483138,0.22880334,0.54024812
2ntk_IMP_A_205,0,0,0.17937006,0.22512188,0.98009597,0.23006165,0.02200745
2ntk_IMP_B_206,0.98439979,0,0.17861108,0.25584442,0.98638931,0.21293029,0
2ntk_IMP_C_207,0,0,0.17935914,0.22527658,0.98463583,0.23021898,0.022694984
2nu7_COA_B_1325,0,0.67150029,0.17546653,0.22630773,2.279036e-08,0.20747999,0.29852066
2nz5_226_A_431,0.029638301,0.67240398,0.17544311,0.22723169,2.1495134e-06,0.20695378,0.29594303
2nz5_226_A_432,0.0022024582,0.67156743,0.17546479,0.2263764,4.3177406e-07,0.2074409,0.29832914
2nz5_226_B_432,0.99169374,0.70159839,0.17467385,0.25736072,0.0042822825,0.19001687,0.21283763
2o1o_RIS_A_400,0,0.96428227,0.17232928,0.24710911,0.16671777,0.21825174,0.50957038
2o1o_RIS_B_400,0.92457638,0.97295504,0.17233046,0.28697221,0.89850276,0.2201675,0
2o7b_HC4_C_701,0.99752334,0.66952293,0.17257573,0.28939593,0.97979032,0.22328058,0.34302064
2o7b_HC4_D_701,0.99309925,0.66941198,0.17258078,0.28923437,0.97906581,0.22333435,0.34330838
2o7b_HC4_G_701,0.99643873,0.66891147,0.17253905,0.28993334,0.99728374,0.2238982,0.3454586
2o7d_DHC_A_701,0.98973217,0.9909985,0.17189293,0.27258804,6.8856486e-05,0.19502726,0.40203012
2o7d_DHC_B_701,0.99689158,0.99055784,0.16950117,0.30668198,0.99491203,0.22936544,0.55169602
2o7d_DHC_E_701,0.49150509,0,0.17997555,0.22478932,0.49241794,0.20451951,0
2o7d_DHC_G_701,0.98389492,0.99267455,0.16948415,0.30647078,0.99698834,0.22970844,0.55465407
2o7d_DHC_H_701,0.99861374,0.98837384,0.17191217,0.27271947,5.3417731e-05,0.19482149,0.399475
2okk_ABU_A_585,0,0.14589691,0.18033203,0.19942782,3.3406161e-07,0.19867027,0
2ot7_OGA_B_500,0,0.20658949,0.17829102,0.2250248,0.69061319,0.22247848,0.0001279635
2oxp_THP_A_300,0.96268291,0.70069175,0.17469534,0.25647813,0.0049480547,0.19055479,0.21545016
2p1e_LAC_A_303,0,0,0.18127374,0.1946318,0.018681664,0.19791507,0
2pir_DHT_A_931,0.99481516,0.66891786,0.17254396,0.28982753,0.99559318,0.2238692,0.34537333
2pnz_UDP_A_250,0.92954455,0.69960749,0.17471673,0.25551799,0.0071791023,0.19121955,0.21863141
2prg_BRL_A_1,0.94496135,0.69921955,0.17464885,0.25684598,0.033131172,0.19183348,0.2207673
2prg_BRL_B_2,0.79932773,0.67996163,0.17380216,0.26693976,0.48127914,0.20974839,0.29347335
2prl_R2C_A_400,0.98308756,0.70147754,0.17468983,0.25695262,7.9024643e-09,0.19002322,0.21301249
2pt6_S4M_A_501,0,0.96804149,0.16860593,0.28487074,0.98863972,0.25171747,0.98876726
2pt6_S4M_B_502,0,1,0.16838539,0.28610294,0.98951126,0.25206148,0.99001806
2pt6_S4M_C_503,0.93775205,0.95214038,0.17011846,0.29975047,0.90183548,0.22655729,0.51919674
2ptm_CMP_A_401,0,0,0.18130651,0.19406292,0,0.19730254,0
2pvy_ACP_A_802,0.98973713,0.98687089,0.16987997,0.30145498,0.85341808,0.22452892,0.52864971
2pvy_ACP_D_802,0.97872743,0.96954153,0.17209633,0.27119787,0.0014472393,0.19490968,0.38975199
2pwf_BGC_D_9999,0.95640016,0.70066256,0.17471084,0.2561219,3.6474947e-05,0.19049835,0.21533862
2pye_7PE_A_504,0,0.67150029,0.17546653,0.22630773,7.8604028e-10,0.20747999,0.29852065
2q6m_P34_A_1001,0.93265115,0.69061136,0.1741242,0.26459303,0.28213503,0.20056924,0.2551974
2q6m_P34_A_1002,0.95753292,0.67245693,0.17287692,0.28404739,0.85416859,0.2196938,0.32966927
2qab_EI1_A_1,0.99637467,0.66966286,0.172588,0.28918733,0.97449855,0.22311997,0.34241161
2qab_EI1_B_1,0.99581208,0.69418168,0.17418103,0.26493791,0.23240095,0.19774653,0.24304077
2qb3_PMP_A_700,0,0.66324376,0.17493061,0.23446193,0.24972116,0.2160217,0.33197612
2qb4_DSM_A_801,0.9771008,0.67288895,0.17285077,0.28481998,0.85914879,0.21951668,0.32863448
2qb4_DSM_A_802,0.97363166,0.97583341,0.17201519,0.27172985,0.012040554,0.19547581,0.39585222
2qb4_LEU_A_601,0.99191571,0.66995363,0.17261922,0.28862689,0.96159178,0.22275767,0.34107031
2qca_DGP_A_200,0.95858971,0.70073053,0.17470919,0.25618897,5.5223923e-09,0.19045823,0.21514329
2qca_DGP_A_300,0.97119515,0.693723,0.17421943,0.2638822,0.22357045,0.19788161,0.2439989
2qcx_PF1_A_300,0,0.97400987,0.17417809,0.2407293,0.35760892,0.21814266,0
2qcx_PF1_B_300,0,0.65248712,0.17423242,0.24508526,0.57505882,0.22714986,0.37556202
2qd1_CHD_D_802,6.2332991e-11,0.67150029,0.17546653,0.22630773,5.6557695e-11,0.20747999,0.29852065
2qd4_CHD_A_801,3.7933756e-08,0.98483548,0.17253832,0.24248731,6.6848361e-08,0.21282338,0.49733974
2qd4_CHD_A_802,0.83353854,0.97158938,0.17411931,1.5539262e-20,2.2153881e-08,0.1919518,0
2qd4_CHD_A_803,0,0.9894045,0.17470271,0.23040515,3.1758291e-07,0.20656153,0
2qd4_CHD_B_926,0,0.98872195,0.17250204,0.2426879,7.7195174e-06,0.21288966,0.49980246
2qd4_CHD_B_927,2.0706733e-09,0.99041594,0.17469596,0.23044229,3.6144474e-08,0.20657098,0
2qd4_CHD_B_928,0,0.94293071,0.17292927,0.2403273,1.3717421e-07,0.2121117,0.47079868
2qg6_NMN_A_301,0,0.15837051,0.17803347,0.2325835,0.98589242,0.23179427,0
2qgw_EES_A_1,0,0.67150027,0.17546653,0.22630775,6.0958722e-07,0.20748001,0.29852073
2qgw_EES_B_1,0,0.67150027,0.17546653,0.22630775,6.3747921e-07,0.20748001,0.29852074
2qhv_OC9_A_1001,0.9896149,0.70167647,0.17468467,0.25715619,3.1956239e-06,0.18990742,0.21244517
2qim_ZEA_A_160,0,0.99004032,0.17333875,0.25402987,0.77505353,0.23197978,1.6855805e-06
2qim_ZEA_A_161,0,0.47978796,0.17722617,0.21679346,0.0099547218,0.20459093,0.1789672
2qim_ZEA_A_162,0,0,0.18130651,0.19406292,1.8596019e-09,0.19730254,0
2qs2_UBF_A_603,0,0.20209404,0.17832923,0.22494348,0.69927724,0,0
2qs2_UBF_B_602,0.97744816,0.68468698,0.1736156,0.27318946,0.50263432,0.20731595,0.28084156
2qse_1HP_A_1,0.99307504,0.66931126,0.17257431,0.28933236,0.98208981,0.22343822,0.34371562
2qui_LTN_A_501,0,0.67119048,0.17544642,0.22661369,0.0093701276,0.2078005,0.29977598
2qvr_CIT_A_335,0.88736328,0.69765073,0.17470653,0.25486534,0.027459647,0.19266226,0.22501731
2qvr_FDP_A_333,0.97305232,0.66981186,0.17266226,0.28761082,0.94848265,0.22264423,0.34095478
2qx4_ML1_A_233,0.43266812,0.68469324,0.17512467,0.23979527,1.1428709e-05,0.19979746,0.26088906
2qx4_ML1_B_233,0.98086065,0.70140963,0.17469159,0.25688321,3.1383347e-07,0.19006277,0.21320622
2qx9_ML2_A_234,0,0.67149975,0.1754665,0.22630826,1.6245054e-05,0.20748055,0.29852283
2qxf_TMP_A_3000,0.97848271,0.70110794,0.1746786,0.25703541,0.0069316859,0.19034208,0.21434166
2r0g_7CK_A_1355,0.99235832,0.66940456,0.17258235,0.28919628,0.97860672,0.22333181,0.34331132
2r0g_7CK_B_1357,0.99379043,0.66917516,0.1725635,0.28951061,0.98686586,0.22358888,0.34429325
2r3d_ACM_A_303,0.72149965,0.99277008,0.16770246,0.30932398,0.9937472,0.23992977,0.99373575
2r4j_13P_A_1968,0,0.95327715,0.17283231,0.24086675,0.00018027954,0.21229366,0.47737905
2r4j_13P_B_816,0,0,0.17895132,0.21740865,0.4924148,0.34234293,0.32287587
2r4t_250_A_503,1.2679296e-07,0.67150028,0.17546653,0.22630774,1.9627898e-07,0.20748,0.29852067
2r4t_GLC_A_502,0,0.29193322,0.17675036,0.23953499,0.97870714,0.23414299,0.11467481
2r5e_QLP_A_430,0,0.67150028,0.17546653,0.22630774,3.0195434e-07,0.20748,0.29852069
2r5e_QLP_B_430,0,0.67150029,0.17546653,0.22630773,0,0.20747999,0.29852065
2rbu_273_X_4001,0.9926902,0.9861965,0.17193613,0.2724272,6.4436147e-07,0.19488983,0.39868181
2rbx_3AY_X_2001,0,0.98567239,0.17072944,0.26665011,0.67999946,0.23726566,0.67344959
2rhx_MLY_A_537,0.95165604,0,0.18030325,0.22597877,0.040457057,0.18246919,0
2ri1_GLP_A_234,0,0.66061159,0.17475976,0.23706148,0.32933184,0.21874478,0.34264166
2ri1_GLP_B_234,0.66481448,0.68770778,0.17467746,0.25104568,0.12293717,0.19987988,0.25716567
2rtn_IMI_B_300,0.9909278,0.66908998,0.1725659,0.28941929,0.98680205,0.22363753,0.34453369
2rtn_IMI_D_300,0.99444179,0.66922168,0.17256471,0.28950459,0.9860596,0.22354974,0.34412858
2tio_BEN_A_247,0,1,0.16836163,0.28632636,0.99390666,0.2522517,0.9935403
2uyv_TLA_B_1275,0,0.67060757,0.17540859,0.22718939,0.027000597,0.20840355,0.30213796
2uza_HTL_B_1236,0,0,0.18062367,0.20591666,0.39830536,0.21006637,0
2v32_BEZ_A_1222,0.98959182,0.66906468,0.17256795,0.2893624,0.986335,0.22364528,0.34458732
2v32_BEZ_B_1220,0.99633597,0.96973012,0.16752385,0.9967599,0.85883692,0.23137898,0.99193351
2v32_BEZ_C_1222,0.99266246,0.35746509,0.1755707,0.27306568,0.99768711,0.21797856,0.088719752
2v32_BEZ_D_1221,0.9705932,0.679483,0.1732968,0.27790883,0.65370823,0.21260515,0.30167737
2v60_C17_A_1503,0.98825756,0.66869633,0.17254774,0.28964441,0.99624544,0.22400796,0.34603109
2v60_C17_B_1498,0.9941897,0.66896615,0.17254883,0.2897415,0.99355552,0.22381061,0.34515474
2v7o_DRN_A_1303,0.94648488,0.90259409,0.17274353,0.26672752,0,0.19430576,0.35036297
2vag_V25_A_1482,0.99211943,0.66894995,0.17255351,0.28963062,0.99213639,0.22379883,0.34514469
2vez_G6P_A_202,0.86239075,0,0.18046038,0.22189109,0.00073660641,0.18268264,0
2vjb_CCD_B_1539,0,0,0.18096616,0.19996896,0.19389386,0.20366059,0
2vjb_CCD_B_1540,0.00014870783,0.67050166,0.1754013,0.22730309,0.030340774,0.20851516,0.30257251
2vlf_PLI_A_1457,0.88468094,0,0.17896015,0.2482711,0.84343943,0.2099345,0
2vmg_MBG_A_1179,0.98019659,0.67053338,0.1726893,0.2873361,0.93324889,0.2219963,0.3382925
2vmp_PLP_A_501,0.99157569,0.70173598,0.1746831,0.25721759,1.1721139e-05,0.18987289,0.21227577
2vp5_DCZ_A_1210,0.99219234,0.66893507,0.17255234,0.28964978,0.99265351,0.22381522,0.34520763
2vp5_DCZ_B_1210,0.98266904,0.9933593,0.17197844,0.29235321,0.98908917,0.22234212,0
2vss_V55_D_1250,0.002850117,0.6699567,0.17535845,0.22800687,0.049314917,0.2091162,0.30487953
2vsu_V55_D_1251,0.0038107567,0.6536599,0.17429799,0.24416056,0.54310222,0.22598912,0.3709493
2vzu_PNJ_A_1901,0,0.65724591,0.17454223,0.24037258,0.43022579,0.22221356,0.35622049
2vzu_PNJ_B_1904,0.99140071,0.92848602,0.17069245,0,0.80974869,0.22156791,0.47510707
2w0b_CMW_A_1450,5.77721e-06,0.67150046,0.17546653,0.22630791,0,0.20747989,0.29852015
2w1a_TSA_C_1091,0.94764895,0.66758938,0.17258835,0.28824886,0.99227351,0.22459319,0.34903107
2w1a_TSA_D_1091,0.97137595,0.70112042,0.17469909,0.25658754,0,0.19023118,0.21403115
2w5t_GP9_A_1644,0,0.67595276,0.17298608,0.26057062,0.98853363,0.24195468,0.4486867
2wd2_MS5_A_1263,0.67091075,0.67251754,0.1736746,0.26642128,0.58799277,0.21567884,0.31893952
2wdq_CBE_C_1130,0.98982153,0.70168276,0.17468451,0.25716264,3.5757344e-06,0.18990376,0.21242725
2wdq_TEO_A_1589,0.98038844,0.39388872,0.17769081,0,0.0023192583,0.18433582,0.0013792425
2wdq_TEO_E_1589,0,0.6394797,0.17338813,0.25793147,0.96847194,0.24060654,0.42826808
2wdq_TEO_I_1589,0,0.63891596,0.17335154,0.25848823,0.98552239,0.24118975,0.43055235
2whq_HI6_A_1543,0.0044690692,0.67162963,0.17546255,0.22645389,0.00020978055,0.20740781,0.29816004
2whq_HI6_B_1545,0.00242729,0.67151413,0.17546071,0.22644282,0.001819943,0.20749914,0.29855335
2wj4_HQD_A_1281,0,1,0.16838664,0.28609389,0.98940949,0.25205508,0.98978407
2wj4_HQD_B_1278,0,1,0.16837686,0.28618618,0.99123582,0.25213384,0.99122628
2wj4_HQD_C_1277,0.026462154,0.15999937,0.17798931,0.23366473,0.99203035,0.23155664,0
2wj4_HQD_D_1278,0.0048803844,1,0.16835294,0.28651,0.99412005,0.252186,0.99431803
2wu4_HBP_A_1544,0.12293251,0.97444016,0.17434107,0.24009332,0.1518753,0,0
2wu4_HBP_B_1545,0.98368864,0.98260099,0.1719705,0.27203511,0.0018817005,0.19505678,0.39759184
2wzv_FMN_A_801,0.00037572046,0,0.17963738,0.22304077,0.95121793,0.22848449,0
2wzv_FMN_B_801,0.98355615,0,0.17869126,0.25444049,0.94119692,0.21146263,0
2x05_X05_A_1900,0.98629595,0.68374793,0.17353015,0.27465913,0.53919631,0.20840944,0.28497025
2x0u_X0U_B_1291,7.3080386e-05,0.15691347,0.17802548,0.23281654,0.99488689,0.23207693,0
2x6o_2TC_A_1209,0,0.67150027,0.17546653,0.22630774,4.399401e-07,0.20748001,0.29852071
2xh0_PEP_C_1440,0.98802835,0.66868663,0.17254775,0.28963994,0.9963273,0.22401483,0.34606199
2xhk_AKG_A_519,0.92365457,0.85769051,0.17317527,0.26373646,0.00030766263,0.19396678,0.32425796
2xhk_AKG_B_519,0.95040386,0,0.18037469,0.22471957,0.00043138965,0.1811781,0
2xta_TPP_A_2001,0.52246716,0.67291171,0.17412221,0.2567869,0.43500274,0.21306381,0.31118918
2xta_TPP_B_2001,0.52246716,0.67291171,0.17412221,0.2567869,0.43500274,0.21306381,0.31118918
2xta_TPP_C_2001,0.52246716,0.67291171,0.17412221,0.2567869,0.43500274,0.21306381,0.31118918
2xta_TPP_D_2001,0,0.97076316,0,0.2558754,0.40810679,0.22686508,0.55193758
2xul_AKG_A_201,0,0.67150029,0.17546653,0.22630773,6.1139197e-08,0.20747999,0.29852066
2xul_AKG_B_201,0.92692556,0.67283557,0.17298626,0.28179761,0.81448838,0.21888004,0.32701547
2xul_AKG_D_201,0,0.67150029,0.17546653,0.22630773,3.360094e-09,0.20747999,0.29852065
2xul_AKG_E_201,0.99308964,0.70178253,0.17468193,0.25726441,1.5467365e-07,0.18984561,0.21214254
2xul_AKG_F_201,0.99389446,0.70174888,0.17467752,0.25734697,0.0017602733,0.18989153,0.21230834
2xum_OGA_A_601,0.99876942,0.97602299,0.17202649,0.27209908,0.00039266639,0.19462067,0.39168816
2xya_7L4_A_1181,0.99324319,0.66893856,0.17254966,0.28971074,0.99351733,0.22382611,0.34523195
2xyj_WLM_A_1441,0.52246716,0.67291171,0.17412221,0.2567869,0.43500274,0.21306381,0.31118918
2xyj_WLM_A_1442,0,0.67149708,0.17546632,0.2263109,9.7046703e-05,0.20748331,0.29853365
2xyj_WLM_B_1441,0.52246716,0.67291171,0.17412221,0.2567869,0.43500274,0.21306381,0.31118918
2xyj_WLM_B_1442,0.92627018,0.94354713,0.17013941,0.29989812,0.9293051,0.22757097,0.51906526
2y00_Y00_B_601,0.99473563,0.9853551,0.17202295,0.29239777,0.98743094,0.22200794,0
2y2f_YI1_A_1469,0.83272339,0,0.17949575,0.23818182,0.56709888,0.20175654,0
2y4j_LAC_A_400,0.98384052,0.86898395,0.17290622,0.28607339,0.9311136,0.21926581,0.00064166763
2y4j_LAC_B_400,0.9640357,0.94610881,0.17202645,0.27376089,0.12507775,0.19906174,0.39510645
2y5a_3AP_A_1295,0.15692001,0.6616662,0.17439366,0.24563712,0.44215715,0.21981752,0.34410824
2ye5_2A7_A_1224,0.99016123,0.8793011,0.17128806,0.29018518,0.68504063,0.21685942,0.4349764
2yjd_YJD_A_1498,0.99391657,0.70175041,0.17467756,0.25734681,0.001734402,0.18989025,0.21230295
2yjd_YJD_B_1498,0,0.67144553,0.17546298,0.22636181,0.0016560646,0.20753664,0.29874252
2ynf_WHU_A_1563,0,0,0.17933294,0.22564793,0.99553311,0.23059661,0.024345309
2yp6_C6W_B_1186,1.2670129e-07,0.93108995,0.17303973,0.23971695,0,0.2119106,0.46329911
2z1z_MLT_A_433,0.97083013,0,0.1800638,0.23042727,0.16624079,0.18626778,0
2z20_PLP_B_801,0,0.99387726,0.1730272,0.25913411,0.93804712,0.23735987,0
2z26_DOR_A_1410,0,0.67150029,0.17546653,0.22630773,0,0.20747999,0.29852065
2z48_A2G_A_1001,0,1,0.16908236,0.27558595,0.66874474,0.24115866,0.96055526
2z48_A2G_A_1005,0.98852892,0.67108233,0.17270186,0.28730462,0.92433055,0.22154329,0.33637295
2z48_A2G_B_2001,0,1,0.16894903,0.28110279,0.89976222,0.24795203,0.90086712
2z48_A2G_B_2005,0,0.17446339,0.17812017,0.23005049,0.88704387,0.22867473,3.5234666e-07
2z48_NGA_A_1002,0,0.67149847,0.17546641,0.22630952,5.4928245e-05,0.20748187,0.29852801
2z48_NGA_A_1006,0,0.6708393,0.17542363,0.22696053,0.019991864,0.20816381,0.30119899
2z48_NGA_B_2003,0.98433886,0.67824844,0.1731786,0.27997052,0.70372509,0.21407189,0.3071826
2z48_NGA_B_2004,0,0.66755185,0.17521025,0.23020723,0.1194217,0.21156481,0.31451973
2z6j_TUI_B_502,0.86731063,0.69794716,0.17478131,0.25334361,1.5816314e-08,0.19207908,0.22308267
2z7s_P01_A_1,0.73019444,0.95488661,0.17214029,0.26637111,0.10142447,0.20262108,0.42052713
2zgw_ADN_A_1301,0.9912198,0.66891329,0.17255362,0.28961169,0.99241541,0.22382435,0.34526032
2zgw_ADN_B_1302,0.36922621,0.66693186,0.1741475,0.25344835,0.4786991,0.2172975,0.33053759
2zgw_BTN_A_1401,0.95145951,0.9640034,0.17222159,0.28997976,0.97960222,0.22228631,0
2zgw_BTN_B_1402,0.96774481,0.96815357,0.16978777,0.3037957,0.9698386,0.22864328,0.53663074
2zi2_24U_H_801,0.94760229,0.66761461,0.17259011,0.28822109,0.99146739,0.22456644,0.34892713
2zka_AZA_A_302,0.1524748,0.97175762,0.16844681,0.28979074,0.9862864,0.24905455,0.98636755
2ztl_3HL_A_301,0.99795886,0.96113066,0.17217189,0.29176019,0.99201901,0.22188136,0.00033717621
2ztl_3HL_B_301,0.987304,0.9548612,0.17222023,0.29077586,0.97108292,0.22143401,0.0092645086
2ztl_3HL_C_301,0.99514346,0.96795015,0.17212349,0.29201999,0.99533857,0.22210131,0.00029793126
2zut_A2G_B_4002,0.00016298939,0.67150474,0.17546637,0.22631333,1.5791426e-05,0.20747764,0.29850859
2zut_A2G_C_4003,0.9520775,0.70053042,0.17471424,0.25598748,4.6275467e-05,0.19057545,0.21571592
2zut_A2G_D_4004,0.98132327,0.66907404,0.17259146,0.2888464,0.97842607,0.22352158,0.34424694
2zuw_NDG_B_4002,0,0.67142299,0.17546151,0.22638407,0.0023379972,0.20755996,0.29883388
2zuw_NDG_C_4003,8.3746197e-05,0.67150152,0.17546638,0.22631164,3.9824174e-05,0.20747987,0.2985187
2zuw_NDG_D_4004,0.99186384,0.70174385,0.17468282,0.25722748,3.9478236e-05,0.18986873,0.21225442
2zvq_1NP_X_501,0.18870299,0.064714539,0.17895313,0.2326672,0.98987691,0.2271597,0
2zvq_1NP_X_502,0,2.6746594e-06,0.1813065,0.19406302,0,0.19730256,0
2zwt_CAM_A_422,0,0,0.18122458,0.19548507,0.046702397,0.1988338,0
2zyv_NPO_X_1602,0.99812404,0.70193107,0.17467763,0.25742625,0.00015072095,0.18976137,0.21172482
3kt7_AKG_A_702,0,0.98618209,0.17472279,0.23029474,0,0.20653546,0.00031313887
3mk1_NPO_A_912,0,0.42969763,0.17669325,0.24013949,0.99480978,0.23394132,0
3mk1_NPO_A_913,0.9948701,0.99051552,0.17189359,0.27272897,0.00039834249,0.19493753,0.40125902
3qfx_CP6_A_602,0.99170231,0.6690426,0.17256068,0.28951355,0.98894938,0.22369723,0.344754
3qfx_CP6_B_702,0.98832834,0.66893814,0.17256324,0.28940993,0.98899696,0.22375876,0.34505384
3qgz_ADN_A_127,0.99129892,0.98362888,0.1675514,0.31721879,0.98518542,0.2348752,0.98556684
3qhd_795_A_167,0.82748813,5.4053409e-05,0.17875738,0.25091493,0.99075318,0.21573627,0
3qhd_CTN_A_165,0.98127813,0.6688999,0.17258028,0.28901562,0.98365153,0.22370112,0.34495093
3qhd_CTN_B_165,0.97247348,0.66834926,0.17256892,0.28901982,0.99218562,0.22414937,0.34686007
3qhd_MSR_A_166,0,0.67149448,0.17546616,0.22631346,0.0001756332,0.207486,0.29854418
3qk1_BEN_A_1010,0.99840518,0.6690213,0.17254073,0.28994539,0.99577539,0.22381169,0.34508548
3qss_MTG_A_405,0.81927462,0.9762163,0.17239419,0.28395367,0.90616657,0.2222495,0.00092424007
3qss_MTG_B_405,0,0.97090356,0.17323375,0.2572664,0.90286485,0.23601577,0.0018673786
3qt8_FM0_A_328,0.99100529,0.70171898,0.17468358,0.25719943,0,0.18988262,0.21232381
3qt8_FM0_B_328,0,0.67141352,0.1754609,0.22639342,0.002624238,0.20756975,0.29887223
3qwi_CUE_A_272,0.99717939,0.99556184,0.17179495,0.27376992,0.021272968,0.19570485,0.407385
3qwi_CUE_B_272,0.99810223,0.9948852,0.17183813,0.27323252,0.0057113971,0.1951374,0.40450722
3qwi_CUE_D_272,3.9190748e-06,0.99827145,0.17241297,0.24318001,6.3207392e-07,0.21305152,0.50584933
3qxx_8AC_A_221,0.9584796,0.97202613,0.17208865,0.27066739,5.5505065e-07,0.195268,0.39313647
3r3z_GOA_A_305,0.99377237,0.70180335,0.17468139,0.25728568,0,0.18983349,0.21208313
3r3z_GOA_C_305,0.99618025,0.70187678,0.17467949,0.25736074,0,0.18979073,0.2118737
3r3z_GOA_D_305,0.9932017,0.69219826,0.17405952,0.26673676,0.2899826,0.19976246,0.25098211
3r51_MMA_A_200,0.97276311,0.96556947,0.16764812,0.31626399,0.98866503,0.23523808,0.99344042
3ro7_TDR_A_300,0,0,0.18122917,0.19540544,0.04408724,0.19874806,0
3roe_THM_A_265,0,0.66814422,0.1752487,0.22962221,0.10150533,0.21095198,0.31211945
3roe_THM_C_265,0.44499075,0.6706082,0.1741844,0.25434831,0.43429543,0.2144245,0.31790025
3roe_THM_D_265,0,0.638982,0.17335582,0.25842301,0.98352505,0.24112144,0.43028477
3roe_THM_E_265,0,0.6389503,0.17335376,0.25845431,0.98448371,0.24115423,0.4304132
3rop_NCA_A_302,0.9264634,0.0047277993,0.18036692,0.22411566,0.00024541566,0.18162278,0
3rop_NCA_B_302,0.0029048687,0.009204335,0.18123493,0.19462139,0.0041614141,0.19747579,0
3ryd_SRT_A_267,0.977592,0.69821416,0.17449323,0.25983875,0.093633642,0.19332354,0.22603471
3ryd_SRT_A_271,0,0.67150029,0.17546653,0.22630773,3.093599e-08,0.20747999,0.29852066
3ryd_SRT_C_268,0.54297982,0.68805393,0.17503732,0.24323692,0.00010355424,0.19784179,0.25130658
3se2_3AB_C_4,0.9965687,0.97637724,0.17207724,0.29219372,0.98961868,0.22196453,0
3se2_3AB_D_3,0.99562959,0.98617436,0.17213529,0.29039667,0.91978108,0.21978234,0
3se2_LDR_B_2,0.99832843,0,0.18032667,0.22628335,0.0010412299,0.1803843,0
3sj1_DXC_X_75,0.9831885,0.98290361,0.1719725,0.27197154,0,0.19500576,0.39754867
3sru_Q26_X_169,0,0.16181242,0.17805202,0.23204173,0.96475039,0.23112705,0
3t2e_F6R_A_3469,0,0.89464447,0.17337975,0.23783834,1.1495919e-09,0.21129163,0.44021578
3t3q_9PL_A_501,0.76479508,0.68021136,0.17392723,0.26439233,0.43722018,0.20882669,0.2903604
3t3q_9PL_B_501,0.00011128351,0.66718824,0.17518634,0.23057315,0.13052166,0.21194251,0.31599713
3t3q_9PL_C_501,0.9875571,0.70159848,0.17468531,0.2571071,0.0004643414,0.18995973,0.21268594
3te7_TE7_B_1,0,0.67149409,0.17546613,0.22631385,0.00018748548,0.20748641,0.29854577
3tky_N7I_B_369,0.08238235,0.67401237,0.17540145,0.22887576,0,0.20601712,0.2913551
3tyn_CXW_A_800,0,0.67150028,0.17546653,0.22630774,3.4146513e-07,0.20748,0.2985207
3u1t_MLI_A_351,0.99667549,0.70189182,0.1746791,0.25737624,1.8274082e-06,0.189782,0.21183086
3u1t_MLI_B_350,0.99701817,0.70189611,0.17467842,0.257393,0.00018807884,0.18978228,0.21182601
3u3o_3QV_A_296,0,0.99201587,0.17468528,0.2305011,1.4329771e-06,0.206586,0
3ucc_2PG_A_601,0,1,0.16835368,0.28638813,0.99474864,0.25229789,0.99496091
3ucc_2PG_B_601,0,0.67150029,0.17546653,0.22630773,0,0.20747999,0.29852065
3ucl_CYH_A_543,0.12866598,0.98810365,0.17458485,0.23450871,2.0293749e-06,0.20436598,0.00010864387
3uud_EST_A_600,0.98777222,0.66956188,0.17260527,0.28875985,0.96961901,0.22310582,0.34250612
3uud_EST_B_600,0.98162337,0.99303972,0.17196983,0.29251196,0.99579504,0.22257675,0
3uwb_BB2_A_154,0.98515746,0.67113187,0.17271441,0.28704906,0.91972278,0.22144555,0.33604889
3v1m_HPK_A_288,0,0.44562483,0.17487486,0.24795577,0.88227148,0.23588559,0.41910781
3v1s_0LH_B_401,0.99373495,0.99579135,0.17181382,0.2734094,0.013387532,0.19549779,0.40668148
3v1v_GST_A_511,0.89846807,0.89578693,0.1722863,0.27271748,0.22847236,0.20297618,0.38546608
3v7u_MTA_A_301,0.14848019,0.67007492,0.17496283,0.23681535,0.18004913,0.21100199,0.30972738
3v7u_MTA_A_302,0.98556534,0.70153417,0.17468665,0.25704855,0.00057250105,0.1899988,0.21287367
3v8n_5NB_A_301,0.25908289,0.96570269,0.17251202,0.25001892,0.021190585,0.20854625,0.46245704
3vbn_TYD_A_301,0.86824118,0,0.1794077,0.2402513,0.59744717,0.20214853,0
3vbn_TYD_C_301,0.94415024,0,0.18035347,0.22499269,0.016022185,0.18179548,0
3vbn_TYD_E_301,0.5859874,0,0.17924827,0.23871239,0.84560493,0.21507999,0
3vc3_C6P_B_501,3.2435431e-05,0.64017356,0.17343307,0.2572482,0.94751591,0.23988917,0.42545776
3vc3_C6P_C_501,0,0.64012532,0.17343003,0.25729386,0.94894499,0.23993863,0.42565203
3vc3_C6P_F_501,0.64304037,0.66006172,0.17294329,0.27701463,0.93901863,0.22818057,0.36839105
3vca_PRO_A_504,0.90096218,0.69897329,0.17475472,0.2543926,4.7754138e-08,0.19148153,0.22015569
3vcp_PRO_A_502,0,0.65933569,0.17467695,0.23832157,0.36792192,0.22006475,0.34781163
3vmg_9CA_B_2001,0,1,0.16863687,0.28478192,0.99351137,0.2514501,0.93328234
3vmg_9CA_C_2002,0,1,0.16879095,0.28295103,0.94651671,0.24970348,0.91755955
3vnj_PSJ_A_301,0,0,0.18130651,0.19406292,0,0.19730254,0
3vnj_PSJ_C_301,0,0,0.18130651,0.19406292,0,0.19730254,0
3vnj_PSJ_D_301,0.91312897,0,0.18001133,0.23045861,0.22836561,0.18928452,0
3vnm_SDD_A_301,0.5634226,0,0.18075456,0.21222914,0,0.18773519,0
3vnm_SDD_B_301,0.5488338,0.89647037,0.1730368,0.25444668,0,0.20139484,0.38635008
3vnm_SDD_C_301,0.49332286,0,0.18077775,0.2107583,0.025921881,0.18977546,0
3vq4_0NX_A_304,0,0.98286377,0.17303993,0.25978355,0.9726435,0.23839138,1.8473579e-05
3vq4_0NX_A_305,0.99491314,0.9885928,0.16759295,0.31686741,0.97484415,0.23434863,0.9723803
3vq4_0NX_B_303,0.99589108,0.97810158,0.17168855,0.2766593,0.13361143,0.19932458,0.41346837
3vq5_MMJ_A_1007,0.99438716,0.99052549,0.17216879,0.28940235,0.88242219,0.21863136,0.00092565632
3vq5_MMJ_B_307,0.9934769,0.99671805,0.1715039,0.27772202,0.13876908,0.19986316,0.42628254
3vqe_FMQ_A_1006,0.98665076,0.67029944,0.17265625,0.2879627,0.94627712,0.22232732,0.33947652
3vqe_FMQ_B_306,0.9924809,0.70167288,0.1746765,0.25733539,0.0027551654,0.18995066,0.21256458
3vv5_SLZ_B_301,0,0.88280155,1.0541514e-37,0.27664576,0.91289648,0.24699038,0.87615467
3w4i_8LG_A_402,0.35536132,0.96877712,0.17244063,0.25286944,0.015176675,0.20664849,0.45384132
3w4i_8LG_B_402,0.34595657,0.68169535,0.17517022,0.23744171,0.010712321,0.20170322,0.26986477
3w4i_8LG_D_402,0.98985977,0.70132285,0.17466104,0.25752044,0.01092459,0.19027664,0.21388703
3w7f_FPS_A_301,0,0.80097035,0.17425367,0.23300987,1.0788732e-06,0.20970077,0.38088591
3w7f_FPS_B_301,0,0,0.18047312,0.20852525,0.48242215,0.21287211,0
3w8x_FTK_B_601,0,0,0.18130595,0.19407269,0.00032069343,0.19731305,0
3wat_BMA_B_404,0.99042,0,0.1803118,0.22642095,0.013933567,0.18094131,0
3wca_FPS_A_501,0,0.82798246,0.17299095,0.24870772,0.41761241,0.22470015,0.46168221
3wca_FPS_B_401,0,0.95102449,0.17455156,0.23605789,0.17681486,0.21380313,0
3wca_FPS_C_401,0.93488302,0.90343579,0.17274205,0.26642911,0.00021400814,0.19453734,0.35209161
3wca_FPS_C_402,0,0.91551948,0.17477825,0.23493261,0.18508386,0.21366362,0
3wca_FPS_D_401,0,0.772551,0.17350007,0.2459719,0.42176186,0.22388476,0.42707347
3wgc_PLG_A_401,0,0.65724591,0.17454223,0.24037258,0.43022579,0.22221356,0.35622049
3wgc_PLG_C_401,0.98540505,0.66993275,0.17263589,0.28824849,0.95621872,0.2226895,0.34091676
3wgc_PLG_D_401,0.97951194,0.70136821,0.17469264,0.25684145,8.9902259e-06,0.19008702,0.2133247
3wjz_NUP_A_301,0,0,0.1809062,0.20100928,0.22804329,0.20478045,0
3wk1_O7E_A_301,0.98620248,0,0.17860384,0.25599758,0.98950946,0.213002,0
3wlf_FEH_A_401,0.99626471,0.67015572,0.17262029,0.28869385,0.95949053,0.22260857,0.34041053
3wlf_FEH_B_401,0.99680978,0.67027896,0.17262678,0.28860553,0.95626562,0.22248858,0.33993107
3wlf_FEH_C_401,0.9948248,0.70183501,0.17468053,0.25731892,1.32047e-05,0.18981525,0.21199336
3wlf_FEH_D_401,0.99676535,0.66908045,0.17254911,0.28978647,0.99247392,0.22372788,0.34478581
3wqs_KBK_B_503,0.99157589,0.67132793,0.17270936,0.2872488,0.91971244,0.22133122,0.33548924
3wr4_GDE_B_502,0.98247533,0.6725064,0.17281106,0.28552718,0.87567593,0.21998656,0.33038117
3wsg_CIT_B_302,0.98773373,0.69377305,0.17417688,0.26484637,0.23730957,0.19805788,0.24440104
3wsg_CIT_C_302,0.91616998,0.53727053,0,0.24766092,0.042814166,0.18971107,0.11439658
3wsg_CIT_D_302,0,0.66587258,0.17510125,0.23186569,0.1702115,0.21330207,0.32132411
3wsg_CIT_E_302,0,0.65874224,0.17463843,0.23890766,0.38587088,0.22067869,0.35021627
3wug_XYP_B_1,0.98385515,0,0.18029871,0.22654821,0.025063867,0.18141772,0
3wug_XYP_B_2,0,0.67150023,0.17546653,0.22630779,1.7576778e-06,0.20748005,0.29852089
3wug_XYP_C_2,0.24022558,0.67882527,0.17527673,0.23379626,6.1534215e-06,0.2032145,0.27762685
3wur_O4B_A_201,0,0.18494934,0.18000075,0.20125655,2.5142775e-07,0.19923861,0
3wur_O4B_A_202,0.97220594,0.67520643,0.17301475,0.28223124,0.78454159,0.21705166,0.31906501
3wur_O4B_B_201,0.83349925,0.6675517,0.17290202,0.28129016,0.88813638,0.22305815,0.34500833
3wur_O4B_B_202,0.63647398,0.27346798,0.17738019,0.2466393,0.66718391,0.21136162,0
3wur_O4B_B_204,0.61499371,0.65963031,0.17299296,0.27572181,0.9262004,0.22824015,0.36911325
3wwc_BUA_A_402,0,0,0.18130651,0.19406293,6.7551523e-08,0.19730254,0
3wwc_BUA_A_403,0.97680429,0.98285024,0.1719767,0.27177784,3.367669e-05,0.1951215,0.39816001
3wxo_NIZ_A_802,0,0.66972089,0.17535103,0.22806508,0.053818481,0.20932085,0.30573078
3wxo_NIZ_A_803,0.0014440756,0.99258045,0.1746798,0.23057348,0.00016827594,0.20657223,0
3wxo_NIZ_A_804,0.0010568972,0.0018437698,0.18129317,0.1941648,2.4608157e-06,0.19730192,0
3wzo_ZOE_B_201,0,0.96949058,0.17443366,0.23664314,0.17251417,0.21387568,0
3wzo_ZOE_C_201,0,0,0.18047312,0.20852525,0.48242215,0.21287211,0
3wzo_ZOE_D_201,0.94673785,0.95271276,0.1722758,0.26931854,0,0.19515237,0.38208109
3zbs_OVE_A_1380,0,0.99336901,0.17262517,0.25965817,0.85478272,0.23620922,0.12104376
3zcm_PX3_A_1214,0,0.67149638,0.17546628,0.22631158,0.00011806347,0.20748403,0.29853647
3zcm_PX3_B_1216,0,0.67150029,0.17546653,0.22630773,0,0.20747999,0.29852065
3zjq_NCA_A_300,0.0025526084,0.98903597,0.17470266,0.23047409,6.0154675e-06,0.20651492,0
3zjq_NCA_B_300,0.62367951,0.98803469,0.1721381,0.26141872,5.9838391e-06,0.20159624,0.43684124
3zks_WZV_A_1398,0,0.67145663,0.1754637,0.22635085,0.0013204761,0.20752516,0.29869756
3zp7_PRE_A_1118,0,0,0,0.22359115,0.96707904,0.22903997,0
3zr0_8OG_A_1157,0.9732504,0.67553045,0.17303289,0.28197525,0.77570494,0.21673086,0.3177903
3zr0_8OG_B_1157,0.95974371,0.67125277,0.17279264,0.28537212,0.89262757,0.22097003,0.33462938
3zv6_4HB_A_1277,0,0.89869674,0.17306741,0.2419387,0.11419696,0.21531782,0.46007676
3zwe_FUC_A_110,0,1,0.16833851,0.28652611,0.99732843,0.25241306,0.99729766
3zwe_FUC_B_110,0.94357148,0.66731129,0.17258159,0.2882736,0.99692369,0.22482465,0.35000871
3zwe_FUC_C_110,0.99039133,1,0.16736521,0.31848558,0.99778929,0.23561708,0.9977935
3zwt_ORO_A_1398,0.20988912,0.67789611,0.17530043,0.23285468,0.00013061549,0.20375744,0.28028216
3zyx_MBT_A_601,0.99571843,0,0.18033106,0.22616749,0,0.18039448,0
3zyx_MBT_B_601,0,0,0.17985591,0.21924194,0.82686467,0.2244136,0
3zzm_JLN_A_1526,0.96898039,0.66819249,0.17256842,0.28896057,0.99370554,0.22426339,0.34736753
3zzv_FUC_B_401,0,0.97359332,4.2725195e-43,0.28649627,0.99761764,0.99747654,0.99755056
4a01_2PN_A_1773,0,0,0.18130651,0.19406292,0,0.19730254,0
4a3u_NCA_A_1359,0.99429191,0.98028514,0.17199028,0.27217147,2.3506685e-05,0.19476126,0.39478064
4a3u_NCA_B_1359,0.77207458,0.69450046,0.17482132,0.25091085,0.016413314,0.19433161,0.23356514
4a78_JZ3_A_1296,0.24517586,0.98732924,0.17190269,0.25660958,0.19416268,0.21515926,0.50374433
4a7a_RGZ_A_601,0.99485876,0.70183648,0.17468053,0.25731955,1.0724182e-08,0.18981419,0.21198864
4a7a_RGZ_B_601,0.98458192,0.70064895,0.17463191,0.25786252,0.026439241,0.19090103,0.21642461
4a7x_UDP_B_1241,0.94721058,0.66745504,0.17258084,0.28835466,0.99593217,0.22472612,0.34955935
4a8p_PAO_A_1340,0.98902869,0.66870879,0.17254641,0.28967937,0.99657982,0.2240057,0.34600881
4a8p_PAO_B_1340,0.98914774,0.98281577,0.17029909,0.29582841,0.69495888,0.21897949,0.50214277
4a8p_PAO_D_1340,0.88022415,0.68367749,0.17383441,0.26801759,0.43827583,0.20680624,0.28042027
4a8p_PAO_E_1338,0.96495038,0.67133278,0.17278341,0.28561221,0.89500987,0.22095906,0.33449567
4a9j_TYL_A_1188,0.99415303,0.99128895,0.17188707,0.27274345,0.00028638637,0.19495976,0.40180382
4adl_LMR_D_1468,0,0.67150029,0.17546653,0.22630773,0,0.20747999,0.29852065
4adm_SRT_C_1466,0,0.67150029,0.17546653,0.22630773,0,0.20747999,0.29852065
4ajj_88R_C_1335,0.9930883,0.66902534,0.17255572,0.28961555,0.99074973,0.2237342,0.34487464
4ajj_88S_A_1332,0.97726652,0.67091623,0.17272227,0.28677841,0.91896708,0.22155982,0.336634
4ajj_88S_B_1332,0.99295854,0.70059796,0.17460541,0.25842626,0.035706876,0.19106929,0.21693761
4ajj_88S_C_1334,0.99264221,0.70176889,0.17468229,0.25725045,0,0.18985355,0.21218143
4ajj_88S_D_1332,0.96835044,0.70073099,0.17468219,0.25678672,0.0089882123,0.19059235,0.21549847
4ajj_MLI_D_1333,0,0.88498949,0.16934322,0.280193,0.95931022,0.24960087,0.95990453
4al9_GLA_A_1123,0.94428736,0.982636,0.16752887,0.31633695,0.99731625,0.23621685,0.9974034
4al9_GLA_B_1123,0.997371,0.97171405,0.1675551,0.31759938,0.9964365,0.23517351,0.99657122
4al9_GLA_C_1123,0.94486765,0.97494753,0.17203135,0.29117532,0.99489451,0.22328019,0.021251355
4al9_GLA_D_1123,0.91528956,0.96796943,0.16767154,0.31472115,0.9948591,0.23645681,0.99475716
4al9_GLA_G_1123,0.96910569,0.96471079,0.17214897,0.29118854,0.99563934,0.22258368,0.0049342247
4aql_TXC_A_1452,0,0,0.17966122,0.22262127,0.93783965,0.22805222,0
4aw0_MJF_A_600,0,0,0.18130651,0.19406292,1.715285e-10,0.19730254,0
4b1f_DGL_A_1257,0.0014380996,0.98003017,0.16864368,0.28433073,0.97114198,0.25097735,0.96934558
4b1f_DGL_B_1256,0.0023638514,0.97911739,0.16858242,0.28490884,0.98135004,0.25142722,0.97999946
4b1f_KRH_A_1256,0.9184049,0.69950504,0.17474093,0.25493646,4.0960437e-06,0.19117193,0.21863908
4b1f_KRH_B_1257,0,0.65724591,0.17454223,0.24037258,0.43022579,0.22221356,0.35622049
4b1y_LAB_B_1376,0.0017843648,0.63856556,0.17332385,0.25894364,0.99776604,0.24157686,0.43203745
4b5v_E8U_A_1253,0,0.67110146,0.17544065,0.22670161,0.012062637,0.20789259,0.3001367
4b5v_E8U_B_1254,0.88630508,0.69845396,0.1747616,0.2540072,0.0021895931,0.19181669,0.22172389
4b98_PXG_A_470,0,0.67150029,0.17546653,0.22630773,0,0.20747999,0.29852065
4b98_PXG_C_470,0,0.63879931,0.17334396,0.25860343,0.98905054,0.24131043,0.43102502
4b98_PXG_D_470,0.99305579,0.66896255,0.17255173,0.28967556,0.99261867,0.2237987,0.34512786
4bbx_LKF_B_1760,0.89580478,0,0.17988066,0.23246273,0.31252281,0.19233803,0
4bdr_CYS_B_804,0,0.64059435,0.17574987,0.22474313,0,0.206977,0.27930898
4bdr_KAI_B_900,0.92350269,0.66823878,0.17269737,0.28612765,0.95036284,0.2235884,0.34551646
4bq5_GAL_C_1,0,0.6310171,0.17081268,0.27286767,0.99531233,0.24887143,0.99557529
4bu7_25F_A_2165,0.99542246,0.66904721,0.17255067,0.289737,0.992241,0.22374376,0.34487141
4bu7_25F_C_2165,0.99673568,0.66904235,0.17254672,0.28982228,0.99359914,0.22376689,0.34493914
4buf_F36_A_2162,0.97707337,0,0.17860683,0.25580647,0.99289624,0.2132681,0
4buf_F36_B_2162,0.97541797,0,0.1786181,0.25558565,0.98739917,0.21311595,0
4buv_16I_A_2165,0.99517154,0.67081761,0.17266628,0.28797316,0.93846317,0.22190874,0.33768855
4buv_16I_C_2165,0.9953134,0.66968742,0.17259253,0.28909804,0.97277691,0.22307992,0.34227327
4bux_F35_A_2166,0.81415458,0.66578172,0.1728407,0.28185263,0.92382908,0.22462252,0.35147271
4bux_F35_C_2165,0.80383236,0.6642666,0.17277094,0.28271635,0.96013428,0.22604763,0.35723438
4bvh_OCZ_A_1393,2.4791712e-05,0,0.17955632,0.22444253,0.99762243,0.23001195,0
4bvh_OCZ_B_1392,0.9877122,0,0.17858905,0.25627726,0.99709252,0.21322503,0
4bvh_OCZ_C_1394,0.98447356,0,0.17858989,0.25621336,0.9984219,0.21332362,0
4bz6_SHH_A_700,0.95973613,0.93972826,0.17238919,0.26904081,1.3235952e-05,0.19469718,0.37255604
4bz6_SHH_B_700,0.97872213,0.95147877,0.17226832,0.27021733,8.8375209e-09,0.19455285,0.37809301
4bz6_SHH_C_700,0.93851565,0.94664435,0.17218403,0.270931,0.063757479,0.19740748,0.38871753
4c2p_X8Z_A_709,0.98923888,0.94641592,0.16995319,0.30367096,0.9800801,0.2282402,0.52225901
4c2z_646_B_1498,0,0.66505202,0.17504799,0.23267609,0.19502984,0.21415098,0.32464905
4c67_L5S_A_1170,0,0.15648436,0.17802331,0.2328804,0.99747818,0.2321599,0
4c7g_NGO_A_1495,0,0.16000949,0.17802963,0.23250263,0.98097349,0.23165534,0.00072600716
4can_M7K_A_800,0,0.67150029,0.17546653,0.22630773,5.735535e-12,0.20747999,0.29852065
4can_M7K_B_800,0,0.67150029,0.17546653,0.22630773,7.1998869e-09,0.20747999,0.29852065
4ccu_AWF_A_1500,0.9827705,0.66919924,0.17259558,0.28881145,0.9759741,0.22341201,0.34379257
4cdt_M48_A_801,0.035791247,0.67259167,0.17543826,0.22742342,3.4183517e-08,0.20684445,0.29540756
4cdt_M48_B_801,0,0.67150029,0.17546653,0.22630773,1.4228179e-13,0.20747999,0.29852065
4cjs_L0Y_A_1217,0.52246716,0.67291171,0.17412221,0.2567869,0.43500274,0.21306381,0.31118918
4cjs_L0Y_B_1217,0.98314179,0.96678194,0.17212135,0.27116159,0.00065909587,0.19475565,0.38744225
4cju_JNS_A_1217,0,0.15697721,0.17802597,0.23280282,0.99445078,0.23206436,0
4cju_JNS_B_1214,0,0.15703733,0.17802629,0.23279335,0.99408154,0.2320527,0
4cjv_IV2_A_1212,0.99438721,0.99705003,0.17192437,0.2931127,0.99615102,0.2224252,0.0012211086
4cjw_CBJ_A_1215,0.975414,0.70101992,0.17468138,0.25693428,0.0067639809,0.19039084,0.21458611
4cjw_CBJ_B_1217,0.99189749,0.70148527,0.17466594,0.25748492,0.0078914951,0.19013671,0.21330344
4cld_JUO_A_1270,0.99589984,0.70184835,0.17467842,0.25737164,0.00060131922,0.18981628,0.21197865
4cld_JUO_C_1270,0,0.67149595,0.17546625,0.22631202,0.0001313266,0.20748448,0.29853825
4cld_JUO_D_1270,0,0.67144441,0.17546291,0.22636291,0.0016900192,0.2075378,0.29874707
4cle_JR2_A_1270,0.99282038,0.7017566,0.17468099,0.25727351,0.00053617997,0.18986873,0.21223777
4cle_JR2_A_1271,0,0.67149817,0.1754664,0.22630982,6.3886891e-05,0.20748218,0.29852921
4cle_JR2_B_1270,0.99593436,0.67024983,0.17262732,0.28858065,0.95633931,0.22250665,0.34001709
4cle_JR2_C_1270,0.99120331,0.70167758,0.17468034,0.25725245,0.0014347363,0.18992818,0.2124988
4cle_JR2_D_1270,0.99116582,0.70169639,0.17468167,0.25723157,0.0008312329,0.1899082,0.21242121
4cle_JR2_D_1271,0,0.67149563,0.17546623,0.22631233,0.00014098235,0.20748481,0.29853954
4clo_XP0_B_1270,0,0.67120837,0.17544758,0.22659603,0.0088290075,0.20778199,0.29970349
4clo_XP0_D_1270,0.9637722,0.6682114,0.17258407,0.2886227,0.98833029,0.22417201,0.3471004
4clr_FDB_A_1270,0.14254979,0.17513711,0.17783861,0.23715002,0.96986567,0.22896491,0
4clr_FDB_B_1270,0.1399195,0.17210868,0.17782756,0.23749375,0.98686323,0.2295442,0
4clr_FDB_C_1270,0.15304424,0.1810017,0.17784921,0.23675738,0.94024436,0.22785903,0
4clr_FDB_D_1270,0.99889934,0.66932045,0.17255878,0.28968023,0.98718323,0.22350902,0.3438914
4cme_KTZ_B_1270,0.98976229,0.66895569,0.17256041,0.28948049,0.98978889,0.22376039,0.34503521
4cme_KTZ_C_1270,0.99550674,0.66920222,0.1725605,0.28958907,0.98763019,0.22358455,0.34424636
4cme_KTZ_D_1270,0.95432119,0.66474268,0.17271632,0.2869329,0.95681769,0,0.33936218
4cmk_FQW_B_1270,0,0.6232082,0.1749388,1.06654e-49,0.40453075,0.22085043,0.33067874
4cmk_FQW_D_1270,0.99061305,0.70155587,0.17467408,0.25733647,0.004571419,0.19004595,0.21297037
4cno_9PY_B_301,0,0.94810296,0.16871205,0.28438045,0.99307578,0.2517314,0.99297493
4cno_9PY_C_301,0,0.92928702,0.17236944,0.25229981,0.42788562,0.22572705,0.43542829
4cno_9PY_D_301,0.99007119,0.97488296,0.16781164,0.31445058,0.92287123,0.23250867,0.96551874
4cpp_ADM_A_422,0.99500518,0.9350857,0.17243759,0.28918222,0.94218556,0.22004944,0
4crg_J4X_A_1493,0,0.19192166,0.17821423,0.22730238,0.77980335,0.22529034,0
4cvb_PQQ_A_1608,0,0,0.1795709,0.22418913,0.98932721,0.22974038,2.7020321e-09
4cw2_XDS_A_1303,0,0.67150029,0.17546653,0.22630773,0,0.20747999,0.29852065
4cx6_Q16_A_800,0,0.98599476,0.17153968,0.25650642,0.40578403,0.22702451,0.56033751
4cxr_2BG_A_502,0.99651084,0.66942028,0.17257187,0.28943526,0.98196121,0.22337281,0.34339955
4d06_NAR_A_301,0,0.65724591,0.17454223,0.24037258,0.43022579,0.22221356,0.35622049
4d06_NAR_C_301,0,0.65724591,0.17454223,0.24037258,0.43022579,0.22221356,0.35622049
4d06_NAR_D_302,1.0028765e-06,0.6715003,0.17546653,0.22630778,5.4518072e-07,0.20747999,0.29852064
4d06_NAR_E_301,0.99419914,0.66919664,0.17256376,0.28951444,0.98659306,0.22357229,0.34422115
4d06_NAR_F_301,0.97458134,0.70121816,0.17469656,0.25668746,6.360607e-10,0.19017426,0.21375235
4d06_NAR_F_302,0.9941494,0.22789637,0.17880333,0.23462648,0.0044526342,0.18270104,0
4d0z_BBK_A_1581,0.93187622,0.9382103,0.17241963,0.2681281,0.0001254788,0.19517925,0.37440464
4d0z_BBK_B_1580,0.95713481,0,0.18036886,0.22492346,1.3578964e-07,0.18104967,0
4d0z_BBK_E_1584,0.92336522,0,0.18040174,0.22383817,0.00011604205,0.1816269,0
4d2c_ALA_A_508,0.99307788,0.97327179,0.16811256,0.31144451,0.85472701,0.22970968,0.92742494
4d3s_BOG_F_1000,0.96742037,0.67085999,0.17274588,0.28623051,0.91158733,0.22148224,0.33650173
4d4u_FUC_B_950,0.99300574,0.66878899,0.17254061,0.2898439,0.99782195,0.22397757,0.3458293
4d5e_TPP_A_1589,0.36990274,0.66835344,0.17424478,0.25199004,0.43360872,0.21573883,0.32436644
4d5e_TPP_B_1590,0,0.63862292,0.17333251,0.25877764,0.99438554,0.24149292,0.43173976
4d6z_PK9_A_1600,8.3803221e-06,0.67149992,0.17546649,0.2263086,1.8683987e-05,0.20748048,0.29852243
4d96_5PA_A_501,0,0.65724591,0.17454223,0.24037258,0.43022579,0.22221356,0.35622049
4d96_5PA_B_501,0,0.65724591,0.17454223,0.24037258,0.43022579,0.22221356,0.35622049
4d96_5PA_C_402,0,0.65724591,0.17454223,0.24037258,0.43022579,0.22221356,0.35622049
4d96_5PA_D_501,0,0.65724591,0.17454223,0.24037258,0.43022579,0.22221356,0.35622049
4dab_HPA_A_301,0.26485807,0.99653745,0.172717,0.2683438,0.95683889,0.23350342,7.7131415e-07
4dch_4DC_A_502,0.96829989,0.67655822,0.17311331,0.28065681,0.74005399,0.21559933,0.31344469
4dch_GLC_A_501,0,0.98351441,0.17302341,0.2597525,0.96669289,0.23826734,0.0049831128
4dd8_BAT_A_1000,0,0.65724591,0.17454223,0.24037258,0.43022579,0.22221356,0.35622049
4dd8_BAT_B_1000,0.93643228,0.70005487,0.17472669,0.25549828,3.0038879e-07,0.19085169,0.21707057
4dd8_BAT_C_1000,0.59027314,0.67497077,0.17406757,0.25891116,0.4356241,0.2118815,0.30538931
4dd8_BAT_D_1000,0,0.65724591,0.17454223,0.24037258,0.43022579,0.22221356,0.35622049
4do1_ANN_A_502,0.99576008,0.98213036,0.17197225,0.27230996,2.6620655e-08,0.19476522,0.39579859
4do1_ANN_B_502,0.99638973,0.98563776,0.17193915,0.2725097,1.6661633e-08,0.1948134,0.39795694
4do1_ANN_D_502,0.99500566,0.97936974,0.17199845,0.27214496,4.11256e-08,0.19473199,0.39412574
4dt8_ADN_A_401,0,0.67149606,0.17546626,0.2263119,0.00012771171,0.20748436,0.29853776
4dt8_ADN_B_401,0.9783334,0.66943377,0.17262309,0.28830789,0.96478848,0.2231082,0.34267995
4dtb_GMP_B_401,0.99279644,0,0.17888134,0.25128344,0.82778591,0.20758662,0
4du7_DP6_A_401,0.98583086,0.67029688,0.17265835,0.28791498,0.94559839,0.22231867,0.33945691
4dvw_0M4_A_512,0.74357877,0.98815446,0.17101386,0.27994365,0.43757487,0.21459288,0.49116392
4dwv_PFB_A_378,0.99004499,0.98319331,0.1676203,0.31612996,0.95270841,0.23380521,0.98385887
4dwv_PFB_B_378,0.99182577,0.98198648,0.16764499,0.31632974,0.96671165,0.23409944,0.97443221
4e7v_CRS_1_101,0,0.98431918,0.17297421,0.24582756,0.27938768,0.21932914,0.27925035
4e7v_CRS_3_101,0.99789088,0.97780262,0.17124831,0.29082718,0.69783633,0.21620898,0.29191525
4e7v_CRS_A_101,0.99772182,0.98615407,0.17152619,0.2783506,0.16944603,0.20067003,0.42381194
4e7v_CRS_C_101,0.039583284,0.99096455,0.16857702,0.28554486,0.96273961,0.25007331,0.96299322
4e7v_CRS_E_101,0.25271518,0.9905427,0.17370658,0.24881855,0.29467062,0.21258593,0.049165754
4e7v_CRS_G_101,0.99448582,0.99519348,0.16773602,0.31645471,0.99424206,0.23441961,0.92393251
4e7v_CRS_I_101,0.9978539,0.98707028,0.17289963,0.27651524,0.4515021,0.20453993,0.010759305
4e7v_CRS_K_101,0.99652202,0.9820967,0.16757983,0.31713284,0.98189861,0.23461397,0.98171348
4e7v_CRS_M_101,0.99555703,0.98743952,0.17096728,0.29838225,0.99087744,0.2250993,0.22714645
4e7v_CRS_O_101,0.9942327,0.98736929,0.16832975,0.31313022,0.99386439,0.23278542,0.80527909
4e7v_CRS_Q_101,0.99832261,0.98753869,0.17135763,0.29369462,0.86585662,0.22045315,0.1888693
4e7v_CRS_S_101,0.18070844,0.98539739,0.17377509,0.24700519,0.31859733,0.21452892,0.047936036
4e7v_CRS_U_101,0.99700699,0.99039757,0.17104207,0.29769493,0.97613473,0.21048884,0.21217742
4e7v_CRS_Y_101,0.99746277,0.98949961,0.17121892,0.28243062,0.28434399,0.2047132,0.44335744
4e9z_651_A_301,0.99823689,0.6952787,0.17424552,0.26400309,0.2014575,0.19664506,0.23868433
4ea0_651_A_306,0.82475567,0.69664952,0.17481493,0.2520171,4.7640612e-07,0.19283475,0.22678413
4ea0_651_B_305,0.88660388,0.69853544,0.17476606,0.25394505,9.1467988e-07,0.19173652,0.22140468
4eip_K2C_A_601,5.6946077e-06,0.67150046,0.17546653,0.22630791,0,0.20747989,0.29852016
4ejh_0QA_A_502,0.99249055,0.67414103,0.17288942,0.28452662,0.83547295,0.21843357,0.32412401
4ejh_0QA_D_502,0,0.67134432,0.17545641,0.22646176,0.0047171411,0.20764134,0.29915261
4ejh_0QA_E_502,0.72563523,0.67647748,0.17378009,0.26586432,0.51869388,0.21233673,0.30489557
4ejh_0QA_F_502,0,0,0,0.22379819,0.93840715,0.22865502,0.016724729
4ek1_CAM_B_502,0.072793645,0,0.18115919,0.19772932,0.043326237,0.19748702,0
4ekr_0R0_A_202,0.9971705,0.99177384,0.17154615,0.27760223,0.13947097,0.1997367,0.42288705
4ekr_0R0_A_203,0.0064548937,0.94166089,0.17293728,0.24045606,0,0.21197337,0.46934727
4ekr_0R0_B_203,0,0.99207739,0.16995267,0.25951799,0.12591395,0.22367377,0.99016093
4evi_C9M_A_402,0,0.15777974,0.17803029,0.23267649,0.98952122,0.23190879,0
4evi_N7I_B_401,0.99517936,0.99259439,0.17195629,0.29298876,0.99763647,0.22240277,0
4evq_PHB_A_406,0.99542033,0.99270094,0.17195719,0.2929685,0.99658743,0.22236528,0
4f06_PHB_A_401,0.98213379,0.66854959,0.17255517,0.28941402,0.99503577,0.22407532,0.34640167
4f8n_GAL_A_204,0.98184816,0.96241952,0.16885089,0.30597086,0.80353539,0.22649714,0.80339719
4fa2_SB0_A_402,0,0.67150029,0.17546653,0.22630773,0,0.20747999,0.29852065
4fra_GAL_A_402,0.9772443,0.98949227,0.17206914,0.29100186,0.95511636,0.22128421,4.1850984e-06
4fxr_BMP_A_301,0.9869602,0.67187363,0.17275757,0.28642698,0.89895044,0.22070302,0.33310919
4fxr_BMP_B_301,0.99338946,0.67377831,0.17286339,0.28493994,0.84727252,0.21882121,0.32562663
4g1q_T27_A_601,0,0.67150028,0.17546653,0.22630774,2.6334242e-07,0.20748,0.29852069
4g1x_TQU_A_409,0,0.94765954,0.17288514,0.24057117,3.7308404e-06,0.21219214,0.47379431
4g1x_TQU_A_410,0.9971105,0.99486641,0.17146015,0.27857047,0.1632594,0.20061467,0.4284544
4gcq_0JM_B_401,0.00023758942,0.97055429,0.17267141,0.2417584,2.3658596e-06,0.21257662,0.48827104
4gh8_MTX_B_201,0.97815095,0,0.17862806,0.25545454,0.98020355,0.21283357,0
4ghf_4NC_D_402,0,0.67150029,0.17546653,0.22630773,0,0.20747999,0.29852065
4gim_PSU_A_400,0,0.86227518,0.17313276,0.24395157,0.22835766,0.21865537,0.4542975
4gim_PSU_B_400,0.97830455,0.91511043,0.17235769,0.27187636,0.10406538,0.19754902,0.37086044
4gmu_OXL_A_705,0,0.65829671,0.17460951,0.23934767,0.39934617,0.22113962,0.35202157
4gnp_PEP_A_703,0.99025742,0.67399132,0.17288589,0.28453761,0.83794124,0.21855765,0.32464892
4gps_CIT_A_501,0,0.65988991,0.17471292,0.23777421,0.35115921,0.21949138,0.3455659
4gt9_UMP_A_302,0.49790126,0.68668277,0.17507316,0.24182835,0,0.19863871,0.2552136
4gy9_ZIP_A_201,0.99409346,0.98823186,0.17253361,0.28312963,0.67768399,0.21193054,0.0031092819
4h0x_LAR_B_403,0,0.98401795,0.17298874,0.26058172,0.99747829,0.23921622,0
4h4c_10D_A_402,0,0.64494673,0.17374298,0.2525322,0.80311995,0.23495068,0.40611566
4h4c_10D_B_402,0,0.67016604,0.17537993,0.22762544,0.040354752,0.20886033,0.30392703
4h9g_14J_A_512,0.0034863285,0.22001532,0.17818878,0.22542881,0.67832617,0.22224942,0.0097244858
4h9x_HL4_A_404,0.58616657,0.9850088,0.1708458,0.27916834,0.55857501,0.22158,0.5232773
4h9x_HL4_B_404,0.54444563,0.69167149,0.17346305,0.26483634,0.61854745,0.2194311,0.35075241
4hey_4MZ_A_303,0.8082825,0,0.18050433,0.24828796,0,0.18360344,0
4hey_4MZ_A_307,0.071537657,0.67368114,0.17540998,0.22853825,1.6473936e-05,0.20621026,0.29230057
4hez_1MZ_A_304,0.22115159,0.6782409,0.17529162,0.2332044,8.9247272e-05,0.20355604,0.27929702
4hez_1MZ_A_306,0.19139974,0.6773366,0.17531531,0.23227409,1.0054297e-06,0.20408132,0.28187299
4hgg_SYN_B_502,0.99201502,0.94275026,0.17234144,0.27017331,0.00017374498,0.19417018,0.37125833
4hon_AKG_A_401,0.99662671,0,0.17405104,0.28180086,0.99502428,0.22602629,0.99503453
4hon_AKG_B_401,0.99329821,0,0.1742844,0.28040874,0.99500132,0.22542121,0.94454028
4hoz_GLC_A_703,0.99290205,0.66950113,0.17258712,0.28913423,0.97618737,0.2232394,0.34293991
4hrq_AZG_A_201,0.012747853,0.67065573,0.17537641,0.2279231,0.037300879,0.2085295,0.3024091
4hzf_CMP_A_302,0.8709495,0.66507098,0.17263729,0.28603536,0.99770562,0.22614095,0.35643007
4i02_CMP_A_301,0,0.65682101,0.17451372,0.24080508,0.44397894,0.22266628,0.35800108
4i02_CMP_A_302,0.87754944,0.69036124,0.17426056,0.26146302,0.23888144,0.2000682,0.25419536
4i02_CMP_B_302,0.18131332,0.66269043,0.17439643,0.24606705,0.43188398,0.21903987,0.34060675
4i02_CMP_C_301,0,0.65724591,0.17454223,0.24037258,0.43022579,0.22221356,0.35622049
4i02_CMP_D_301,0.95881996,0.66788707,0.17257673,0.2886395,0.99357243,0.22443925,0.34823344
4i02_CMP_D_302,0.92813279,0.98902808,0.17174251,0.99392057,0.99073737,0.22407899,0
4i02_CMP_F_301,0.52976567,0.67315384,0.17411623,0.25701082,0.43507073,0.21294061,0.31059989
4i0b_CMP_A_302,0.97462773,0.97654145,0.17208679,0.29168059,0.99580115,0.22254135,0
4i0g_1B9_A_504,0.80440916,0.69428104,0.17471754,0.25310924,0.052870756,0.19500447,0.23563695
4i2p_G73_A_601,0.9862799,0.66873134,0.17255549,0.28948863,0.99336257,0.22394447,0.34581688
4i4v_NGA_A_201,0,0.94789829,0.16877898,0.28381638,0.9838492,0.25128513,0.98213771
4i4v_NGA_A_202,0.96863382,0.93122381,0.16819726,0.30976171,0.8267704,0.22958718,0.98645358
4i4v_NGA_B_201,0,0.95332484,0.17343201,0.25531609,0.86158138,0.23447323,1.0038648e-10
4i4v_NGA_D_201,0.98665319,0.98194089,0.17217915,0.2898334,0.91589457,0.21976772,2.39634e-07
4i4v_NGA_D_202,0,0.97422943,0.17336761,0.25475161,0.81738689,0.23322674,0.00052865784
4i6s_FUC_A_101,0.98624321,0.66861062,0.17254776,0.28960561,0.99698009,0.22406885,0.34630472
4i6s_FUC_A_102,0,0.92303043,0.16885121,0.28370768,0.99747072,0.25169971,0.99747106
4i6s_FUC_B_101,0.52744812,1,0.16781812,0.30356429,0.99787803,0.2434824,0.99789244
4i6s_FUC_B_102,0.97359678,0.96207217,0.16764387,0.31647052,0.99634592,0.23548123,0.99635898
4i6s_FUC_C_101,0.74154165,0.96938942,0.16860659,0.30479343,0.99215671,0.23712124,0.82584714
4i6w_1CO_A_501,0.00035806334,0.97878582,0.17309222,0.23940946,0,0.21128481,0.3689567
4i6w_1CO_B_1001,0.98595935,0.97242646,0.17204235,0.27188693,0.010918322,0.19515606,0.39228853
4i6y_MEV_A_501,0,0.97424084,0.17259984,0.24217111,0.00099556579,0.21277851,0.48337873
4i6y_MEV_B_1001,0.99439308,0.97619063,0.17008321,0.3007832,0.86946354,0.22440319,0.48466494
4i7n_1DJ_A_202,0.99716477,0.66901125,0.17254351,0.2898793,0.99493549,0.22380498,0.34508085
4i7n_1DJ_B_203,0.99866992,0.66904405,0.17254147,0.28993915,0.99533162,0.22379181,0.345003
4i9n_1E5_A_402,0.88465507,0.66635371,0.17268259,0.2856085,0.97154926,0.2250029,0.35173377
4i9n_1E5_B_402,0.99031155,0.66960233,0.17260086,0.28887552,0.97073742,0.22309898,0.34243509
4i9n_1E5_C_402,0.8633477,0.68317072,0.17384799,0.26748755,0.43812149,0.20710164,0.28187358
4i9n_1E5_D_402,0.8644883,0.68320497,0.17384707,0.26752337,0.43813192,0.20708168,0.28177535
4i9n_1E5_F_402,0.93713698,0.66825197,0.17266047,0.28695023,0.96253824,0.22376276,0.34596172
4i9n_1E5_G_402,0.86354281,0.67279599,0.17315922,0.27795216,0.75722964,0.218047,0.32485742
4i9n_1E6_A_401,0.52246716,0.67291171,0.17412221,0.2567869,0.43500274,0.21306381,0.31118918
4i9n_1E6_D_401,0.94817512,0.98167436,0.17032927,0.29460481,0.69695683,0.21977049,0.50583004
4i9n_1E6_F_401,0,0.65724591,0.17454223,0.24037258,0.43022579,0.22221356,0.35622049
4i9n_1E6_G_401,0,0.65724591,0.17454223,0.24037258,0.43022579,0.22221356,0.35622049
4i9n_1E6_H_401,0.52246716,0.67291171,0.17412221,0.2567869,0.43500274,0.21306381,0.31118918
4ict_1ED_A_406,0.98235538,0.70106277,0.17466494,0.25731737,0.011869561,0.19044222,0.21466635
4ioq_BAQ_A_201,0.99515791,0.98961076,0.17190276,0.27267817,2.1962924e-05,0.19490392,0.40060012
4iph_1FJ_A_201,0.98293708,0,0.17976771,0.23575118,0.32825542,0.1913743,0
4itu_1HS_A_302,7.9335427e-06,0.67150053,0.17546653,0.22630798,0,0.20747985,0.29851996
4itu_1HS_B_302,7.3478855e-06,0.65557967,0.17443313,0.24203149,0.48153044,0.2239506,0.36303127
4itu_1HS_C_302,7.119074e-06,0.66178173,0.1748357,0.23590628,0.29394724,0.21753432,0.33790052
4itu_1HS_D_302,5.1528215e-06,0.16655118,0.1780775,0.23129655,0.935659,0.23020892,1.8979311e-06
4ixw_IXW_A_302,0.96004684,0,0.17894381,0.24917527,0.78511343,0.20687115,0.0098413604
4j0k_EGR_A_501,0.9034004,0.7287984,0.17438851,0.25650113,0.00083448998,0.19216239,0.24473235
4j0k_EGR_B_501,0.9409488,0.77542336,0.17393196,0.26002395,0.00053170677,0.19226454,0.27045284
4j4b_0TF_A_904,0.97641548,0.67319369,0.17287245,0.28447702,0.8492999,0.21919197,0.32737462
4j5h_1K4_A_303,0,0.94585595,0.16920229,0.27988833,0.90802991,0.24798535,0.92141415
4j7u_YTZ_A_802,0.95283946,0.70051791,0.17471131,0.25604654,0.0011275768,0.1905989,0.21579451
4j7u_YTZ_B_802,0.94858893,0.69949311,0.17465657,0.25679813,0.028202588,0.19160048,0.21979149
4j7u_YTZ_C_802,0.95342618,0.70053471,0.17471078,0.2560659,0.0011604346,0.19058961,0.21574788
4j7u_YTZ_D_802,0.99379934,0.70177373,0.1746794,0.25731659,0.00092071355,0.1898645,0.21220413
4jb0_FER_A_401,0,0.67150029,0.17546653,0.22630773,0,0.20747999,0.29852065
4jh6_FCN_B_202,0,0,0.1796334,0.22310412,0.95369612,0.22857212,0
4jhh_H35_A_201,0.96983172,0,0.18035483,0.22536047,0.00090745135,0.18086381,0
4jm8_26D_A_302,0.99824273,0.69254098,0.17406781,0.26670724,0.28426601,0.19947741,0.24977779
4jmz_1M2_A_302,0.99655803,0.99511189,0.1718214,0.27341786,0.01217083,0.19539303,0.40578385
4jp3_CIT_A_301,0,0.66949228,0.1753362,0.22829085,0.060732711,0.20955735,0.30665709
4jxh_HRC_A_301,0.98481105,0.70149112,0.17468594,0.25704483,0.0011788271,0.19003293,0.21302051
4jzx_476_A_402,0.98889299,0.67042423,0.17265814,0.28797687,0.94457069,0.22222914,0.33905289
4jzx_476_B_402,0,0.64003324,0.17342406,0.2573848,0.95173007,0.24003389,0.42602515
4jzx_IPE_A_401,0,0.67149132,0.17546595,0.22631658,0.00027107356,0.20748926,0.29855697
4jzx_IPE_B_401,0.98659831,0.7015846,0.17468706,0.25706205,2.6341609e-09,0.18996088,0.21270713
4k5g_Q13_A_803,0.021061927,0,0.18045218,0.2092098,0.48284086,0.21252043,0
4k5g_Q13_B_803,0.22522573,0.98911506,0.17236465,0.24948487,2.6709003e-13,0.20882198,0.47747074
4k5u_GAL_A_301,0.99269207,0.989861,0.16811652,0.31231532,0.89886766,0.23076797,0.88534041
4k5u_GAL_B_301,0,0.98416174,0.16850244,0.28541936,0.98764343,0.25182889,0.98824991
4k5u_GAL_C_301,0.92530297,0.98466455,0.16793922,0.31339457,0.99041217,0.23520243,0.9111077
4k5u_GAL_D_301,0,0.98754743,0.1689239,0.28277704,0.97369752,0.25019803,0.89615582
4k90_MLA_A_704,0.98196275,0.70144175,0.17469063,0.25691903,4.518149e-05,0.19004474,0.21311638
4kcf_FMN_A_502,0,0,0.18130649,0.19406338,1.5124636e-05,0.19730303,0
4kfj_1R0_A_202,0,0.6675187,0.17551973,0.22597179,0.0002590492,2.4011398e-05,0.29447493
4kp7_1UQ_A_503,0,0,0.17965002,0.22281565,0.94422287,0.22826151,0
4kp7_1UQ_B_502,0.99343385,0.6702234,0.17263252,0.28845351,0.95483281,0.22249952,0.34003275
4kqk_PCR_A_403,0.99598812,0.9984589,0.17192175,0.29313658,0.99456061,0.22234307,0
4kqk_PCR_B_703,0.99704905,0.99768388,0.17192751,0.29311423,0.99363817,0.22228756,0
4kqx_HIO_A_402,0.81156222,0.95520729,0.17279182,0.27837269,0.75291498,0.21721367,0.005095586
4kqx_HIO_B_401,0.80305821,0.92153853,0.17158082,0.27857178,0.44556243,0.2126624,0.44421831
4kux_FPS_A_704,0.86740178,0.92710586,0.17144526,0.2814386,0.46445401,0.21224771,0.44415485
4kux_FPS_C_705,0,0.66894482,0.17530066,0.22883153,0.077290912,0.21012373,0.30887542
4kux_FPS_D_704,0,0.65713588,0.17453416,0.24049411,0.43445555,0.22234053,0.35672522
4kwk_CSS_A_302,0,0.67150029,0.17546653,0.22630773,0,0.20747999,0.29852065
4kwl_3SS_A_302,0.98946674,0.99136081,0.16928154,0.30575938,0.90050951,0.22751611,0.62750063
4l4d_CAM_A_503,0,0.97883744,0.17469018,0.23145879,0.047347539,0.20801505,0
4l7p_M95_A_601,0.97495861,0.70121478,0.17469529,0.25671392,0.00045034415,0.19018297,0.21377987
4l80_OXL_D_402,0.99482162,0.70183535,0.17468056,0.25731839,0,0.18981485,0.21199187
4l80_OXL_F_402,0.99232612,0.67578095,0.17299632,0.28289695,0.78572142,0.21673474,0.31747303
4l8q_XMM_A_303,0.12899927,0.6740361,0.17527389,0.23170934,0.042275572,0.20663538,0.29296411
4l91_X29_A_301,0.99558306,0.66957677,0.1725846,0.28922384,0.97637226,0.22319812,0.34273149
4lcq_URQ_A_603,0,0.92246362,0.16900896,0.28228008,0.97097524,0.25051692,0.97387911
4lm7_U5P_A_201,0.7553354,0.86152891,0.17297086,0.26267638,0.11201742,0.20094786,0.36048129
4lo1_GAL_A_301,0.97194241,0.66905565,0.17261624,0.28828964,0.97033081,0.22341126,0.34397835
4lo1_GAL_B_301,0,0.23143218,0.17792457,0.2281029,0.74117009,0.22471738,0.028775082
4lol_1YE_A_401,0.99795073,0.67237676,0.17275979,0.28660366,0.89386936,0.22033406,0.33147253
4lvb_20N_A_601,0.99175998,0.70174198,0.17468298,0.25722296,3.6617963e-07,0.18986923,0.21225822
4lvb_20N_B_601,0.99380289,0.70180427,0.17468137,0.25728664,3.032122e-07,0.18983295,0.21208052
4lxi_22J_A_301,0.90201603,0.67397477,0.17312918,0.2791459,0.75705965,0.21735801,0.32148828
4lz3_BTM_A_409,0.98642741,0.67167398,0.17274608,0.2865915,0.90449749,0.22090222,0.33389868
4lz7_1YW_B_804,0.19717189,0.67751264,0.17531075,0.23245399,3.3472084e-09,0.20397879,0.2813708
4lz7_1YW_C_804,0,0.67150029,0.17546653,0.22630773,4.1166882e-08,0.20747999,0.29852066
4lz7_GLU_A_802,0,0,0.18130651,0.19406292,0,0.19730254,0
4m2c_DAR_C_402,0.97985841,0,0.1803466,0.22565612,0,0.1806638,0
4m2c_DAR_D_402,0,0,0.18130651,0.19406292,0,0.19730254,0
4m54_AE5_A_403,5.927046e-05,0,0.18130646,0.19406484,0,0.19730153,0
4m72_M72_A_402,0,0,0.18077458,0.20329283,0.30300305,0.2072386,0
4ma8_Z80_C_301,0,0.73788609,0.1748422,0.22975813,8.2069673e-07,0.20862937,0.34093042
4mig_G3F_B_802,0.98360732,0.68572501,0.17366592,0.27254178,0.47691941,0.206327,0.27686079
4mig_G3F_C_802,0.95042455,0.70020758,0.17469786,0.25620501,0.0082861636,0.19088664,0.2169636
4mig_G3F_D_802,0.96683168,0.68359191,0.17357392,0.27362031,0.52596377,0.20830245,0.28489045
4mju_27S_A_501,0.67541437,0.66476085,0.17315865,0.27435785,0.82674956,0.22376554,0.35053436
4mog_G3F_A_802,0.94564143,0.70030754,0.17471759,0.25581315,0.0008515307,0.19071728,0.2163836
4mol_2FG_A_802,0,0.36776518,0.17609697,0.24243259,0.94412743,0.23441737,0.17548204
4mol_2FG_B_802,0.0084512268,0.67175799,0.17545986,0.22657117,0,0.20732992,0.29778557
4mol_2FG_C_703,0.0074979064,0.66875039,0.17526728,0.22948307,0.090086444,0.21042826,0.30993749
4mol_2FG_D_802,0.0070901202,0.66398173,0.17495888,0.23416764,0.23393983,0.215356,0.32924518
4mop_2H5_A_802,0.011034262,0.91595387,0.17317439,0.23926885,2.4594775e-06,0.21145403,0.4526066
4mop_2H5_B_802,0.99591975,0.70150156,0.17465586,0.25771534,0.011108163,0.19017531,0.21338453
4mpr_TPP_A_602,0,0.66930496,0.17532404,0.22847585,0.066398459,0.20975115,0.30741614
4n36_2F8_A_401,0,0.97125361,0,0.2786079,0.91606176,0.24721008,0.82176799
4n36_2F8_D_401,0.95954446,0.67425076,0.17298779,0.28239907,0.80176874,0.21786575,0.32247423
4n4j_HG1_A_608,0.0016010646,0.86529873,0.17365257,0.23637387,0,0.21076428,0.42146866
4n5p_2H0_E_412,0.99056021,0.69498358,0.17424763,0.26382407,0.20330346,0.19684451,0.23959935
4n6w_FLC_A_203,0,1,0.16834347,0.28649224,0.99702905,0.2523905,0.99632401
4n94_2HO_A_401,0.0019292408,0.99624085,0.1746464,0.23087112,0.005013606,0.20675712,0
4n9v_AZA_A_401,0.017437472,0.97544483,0.17023093,0.25583915,9.354593e-09,0.21919861,0.99818656
4n9v_AZA_A_403,0,0.027836011,0.18112066,0.19508594,2.6852909e-08,0.19756326,0
4nf4_2JK_A_301,0,0,0.17502435,0.2496982,0.99571387,0.24297763,0.99543615
4ni1_2JX_A_204,0,0.67051284,0.17540244,0.22728293,0.029865494,0.20850154,0.30252177
4nir_6DH_A_307,0.99514521,0,0.18033162,0.22614901,1.4013414e-09,0.18040422,0
4nir_6DH_A_308,0,0,0.18129317,0.19429448,0.0076040251,0.19755186,0
4nir_6DH_B_306,1.003211e-05,0,0.18129778,0.19421465,0.004971992,0.19746539,0
4nkw_PLO_A_601,0.98700299,0.99535151,0.1718541,0.27272796,2.1286123e-07,0.19514818,0.40505038
4nkw_PLO_D_601,0.98034375,0.99394282,0.1718712,0.27245498,1.8629093e-07,0.19524471,0.40482576
4npm_SIN_A_301,0.99523311,0.40064671,0.17507897,0.27518536,0.96441396,0.21831987,0.17361368
4npm_SIN_B_301,0.99470736,0.68122719,0.17249489,0.28916104,0.95058507,0.22261536,0.34928233
4nr9_ALY_A_2005,0.87533355,0.98503991,0.17200761,0.26896395,0.0037448917,0.1971228,0.41028164
4nv0_MG7_A_403,0.97470418,0,0.17860514,0.25579969,0.99518081,0.21338326,0
4nv0_MG7_B_402,7.2887944e-06,0,0.1803747,0.21023098,0.53074633,0.21470684,0
4o7g_ASC_A_303,0.10506859,0,0.18117779,0.19789832,0.014702431,0.19600045,0
4o7g_ASC_B_303,0.98358203,0.97739772,0.17199382,0.2721221,0.012399145,0.19533481,0.39589975
4o95_245_A_602,0.93665459,0.70006164,0.17472652,0.25550523,8.0319187e-07,0.19084776,0.2170513
4ocj_NDG_A_401,0,0,0.17507005,0.24927904,0.98777253,0.24262598,0.98846261
4ocu_NDG_A_401,0,0.67149898,0.17546645,0.22630903,3.9679713e-05,0.20748135,0.29852597
4ofu_DHT_A_1001,0.99281794,0.99453362,0.17164551,0.99154601,0.99005079,0.22300478,0
4ovl_1TD_A_308,0.99390769,0.94330338,0.17229962,0.29091012,0.99017838,0.22171856,0
4ovl_1TD_B_308,0.9966803,0.95866923,0.17219058,0.27112832,0,0.19435013,0.38084684
4oxy_1TN_A_302,0.98129797,0.97494096,0.17204778,0.27150607,5.4457692e-05,0.19490661,0.39270318
4oxy_1TN_B_302,0.98677158,0.98767604,0.17201832,0.29217313,0.98568679,0.22210771,0
4oxy_1TN_D_302,0,0.99031155,0.17296224,0.2605438,0.98864134,0.23898537,0
4p5y_NGA_A_201,0.9865421,0.99005169,0.17100318,0.2852075,0.37464,0.20804922,0.4584767
4p7q_NAG_A_703,0.084504057,0,0.18122068,0.19684043,0.0017362879,0.19592452,0
4p7q_NAG_A_704,0,0,0.18130648,0.19406342,1.6376658e-05,0.19730307,0
4p7q_NAG_A_706,0.11122306,0.67489166,0.17537865,0.22977493,4.4280901e-06,0.20550515,0.28884715
4p8c_2J3_A_504,0.68942883,0,0.1806101,0.21665669,0.011979095,0.18598828,0
4p8c_Y22_A_502,0.99552788,0.97189381,0.17206788,0.27177532,2.6849032e-09,0.19459557,0.38933838
4p8c_Y22_B_502,0,0.92256795,0.17212223,0.25337599,0.410532,0.22609151,0.52073685
4pbr_2L7_A_401,0.99532386,0.6699227,0.17260777,0.28886632,0.96567063,0.22283667,0.34132032
4pgi_Y69_A_303,0.96262219,0.70085349,0.174706,0.25631467,1.5890366e-09,0.19038662,0.21479255
4pik_MAN_A_501,0,0.96623289,0.17185519,0.2668576,0.99454936,0.24256565,0.27597947
4pik_MAN_A_502,0.9902741,0.97879827,0.17197557,0.27241284,0.012903344,0.19525502,0.39619227
4pik_MAN_B_503,0,0.97859407,0.16973921,0.27854151,0.98873006,0.24836103,0.72453528
4pik_MAN_C_503,0.76768728,0.98020728,0.16773756,0.31038528,0.99442552,0.23905677,0.99424236
4pik_MAN_D_503,0,0.97858034,0.17443154,0.23213232,0.010066564,0.20772601,0.07149762
4ptx_BGC_A_501,0.99132429,0.66886672,0.17255031,0.28966409,0.99392041,0.22387397,0.34545286
4ptx_BGC_B_501,0.9378411,0.66731787,0.17259789,0.28791591,0.99143986,0.22473883,0.34977246
4pxd_1AL_A_502,0,0.97824081,0.16848451,0.28571886,0.9971479,0.25220222,0.99719807
4pxd_1AL_B_502,0,0.98657202,0.17017977,0.25565202,0,0.21958154,0.99686467
4q3a_2YC_A_904,0.86737563,0.66769971,0.17281781,0.28322017,0.91490274,0.22337214,0.34564771
4q3a_2YC_B_904,0,0.15934273,0.17803871,0.23243047,0.97992052,0.2316058,0
4q3a_2YC_C_904,0.92837893,0.66854244,0.17270357,0.28612661,0.94567573,0.22334149,0.34446439
4q3a_2YC_D_904,0.95388296,0.66855584,0.17263382,0.28767644,0.9687919,0.2236793,0.34534298
4q40_VAL_A_403,0,0.67150027,0.17546653,0.22630775,5.8593925e-07,0.20748001,0.29852073
4q40_VAL_C_404,0,0.67150027,0.17546653,0.22630774,4.1151926e-07,0.20748001,0.29852071
4q40_VAL_D_403,0.99675676,0.68988517,0.17389954,0.26923907,0.36322147,0.20220447,0.2604848
4qbz_D80_A_917,6.5425734e-05,0.89518882,0.1733487,0.23823591,0.010785658,0.21167346,0.44218742
4qbz_D80_B_901,0.99623849,0.66907753,0.17255038,0.28975706,0.99207644,0.22372364,0.34477839
4qck_ASD_A_404,0.97764501,0,0.17829229,0.94062223,0.99830789,0.21420503,0
4qxc_OGA_C_600,0,0.67150029,0.17546653,0.22630773,0,0.20747999,0.29852065
4qya_LU2_A_201,0.98717476,0.41922769,8.0477025e-24,0.24192509,2.03726e-11,0.18463343,4.8022599e-08
4qya_LU2_B_201,0,0.67150026,0.17546653,0.22630776,9.3388017e-07,0.20748002,0.29852078
4r08_URI_A_901,0,0.67149944,0.17546648,0.22630856,2.557471e-05,0.20748087,0.29852408
4r08_URI_B_901,0.98503086,0.68711855,0.17375243,0.27125275,0.436084,0.20490495,0.27126619
4r08_URI_D_901,0,0.6714976,0.17546636,0.22631038,8.1160254e-05,0.20748277,0.29853153
4r2n_PHE_C_402,0.00085510106,0.8765809,0.17545428,0.22629899,0.00033469632,0.20550228,1.0080883e-05
4r2n_PHE_D_402,0.74142151,0.69336342,0.17483241,0.25015515,0.022532918,0.19508524,0.23705117
4r2n_PLP_B_401,0.9848017,0.66910327,0.17258372,0.28903072,0.98075028,0.22353931,0.34425577
4r3n_3GQ_B_404,0.86026705,0.69484753,0.17459962,0.25597315,0.087253294,0.19518865,0.23538475
4rcv_DE2_A_403,0,0.80684301,0.174198,0.233325,0.00036552727,0.20981313,0.38466064
4rg3_ECE_A_603,0.39722291,0.98836796,0.1681813,0.29755658,0.97367801,0.2444596,0.97253955
4rii_TYD_B_401,0.94001228,0.66719237,0.17258373,0.28817292,0.99723792,0.2248986,0.35036039
4rje_PYR_A_402,0.74839893,0.69432119,0.17487525,0.24963688,0,0.1941906,0.23342552
4rje_PYR_B_402,0.99591366,0.67007227,0.17261585,0.28875474,0.96169063,0.22269006,0.34073581
4rje_PYR_C_402,0,0.66071858,0.17476671,0.23695581,0.32609573,0.21863409,0.34220812
4rje_PYR_D_402,0,1,0.16877558,0.28192537,0.89271597,0.24825476,0.94165
4rkz_3S4_A_402,0.98471835,0.67908977,0.17323216,0.27916287,0.67862861,0.21320673,0.30378739
4rkz_3S4_B_401,0,0.41397345,0.175632,0.2451317,0.95019174,0.23552686,0.2163614
4rp9_ASC_A_501,0,0.93065976,0.17082343,0.0047800268,0.00059072088,0.2183359,0.96157962
4rql_SNE_A_505,0.99305665,0.89078395,0.17281,0.26774768,0.0066785632,0.19349419,0.3392253
4rvg_TYD_A_502,0.9743768,0.66987709,0.17266282,0.28762757,0.94773118,0.22259501,0.34073891
4tq4_DMA_A_403,0.95627539,0.70064763,0.17471022,0.256129,0.00037300084,0.19051208,0.21539456
4tq4_DMA_B_403,0,0.65950242,0.17468777,0.23815691,0.36287912,0.21989226,0.34713604
4tq4_DMA_C_403,0.95790485,0.70050889,0.1746967,0.25636588,0.0060718716,0.19067808,0.21601632
4tq4_DMA_D_403,0.9842704,0.7009746,0.17465391,0.25752181,0.016302459,0.19055984,0.21509367
4tqi_6BD_A_201,0.92487826,0.69970253,0.17473582,0.25513815,1.1004356e-06,0.19105688,0.21807563
4tqi_6BD_B_201,0.95377808,0.70058381,0.17471299,0.25603898,2.1020935e-08,0.19054367,0.21556181
4tsk_TLA_A_404,0,0,0.18130381,0.19410983,0.0015403094,0.19735304,0
4u2a_A2G_A_303,0.99307719,0.92950045,0.16788832,0.31549852,0.98926857,0.23451673,0.98895915
4u7g_K17_A_303,0,0.95633956,0.17280415,0.24101876,8.8602677e-06,0.21233973,0.47929271
4u8p_UDP_A_603,0.89250141,0,0.18043216,0.22283968,5.873032e-06,0.18214738,0
4u8p_UDP_C_603,0.97078699,0,0.18035545,0.22536424,1.9734331e-05,0.18081849,0
4ubp_HAE_C_800,0,1,0.16907111,0.28204464,0.97836021,0.24978231,0.84384405
4uc9_ASP_A_1300,0,0,0.18130651,0.19406293,6.0201099e-08,0.19730254,0
4uc9_ASP_B_1300,0,2.1667471e-05,0.18130637,0.19406372,2.8807033e-09,0.19730274,0
4uc9_ASP_D_1300,0,2.9363854e-06,0.18130649,0.19406303,3.2324417e-09,0.19730256,0
4uch_OLW_A_800,0,0.67150029,0.17546653,0.22630773,1.6165646e-08,0.20747999,0.29852066
4uch_OLW_B_800,0,0.67150025,0.17546653,0.22630776,1.0721144e-06,0.20748003,0.2985208
4udc_DEX_A_1778,0.99319767,0.66888417,0.17254625,0.28976167,0.99512038,0.22388175,0.34545067
4ug6_H4B_A_902,0.4849042,0.98518447,0.17224711,0.25709591,1.4144579e-07,0.20405792,0.44894775
4ug6_XFJ_A_904,0.038658154,0.32503704,0,0.20880784,4.008391e-09,0.20009458,9.8059185e-09
4ug7_1EV_A_904,0.96100584,0.70080418,0.17470728,0.25626431,7.4270546e-07,0.19041535,0.21493324
4ugf_Q16_A_904,0,0.67150027,0.17546653,0.22630775,6.7127896e-07,0.20748002,0.29852074
4umd_CIT_A_1174,0.75898469,0.69420401,0.17483833,0.25040138,0.013306951,0.1944578,0.23428752
4uoc_NCN_A_400,0.88952884,0.66623712,0.17266153,0.28602234,0.97957049,0.22519072,0.35238447
4upd_7P9_A_1550,0,0,0.17989857,0.21763019,0.76024999,0.22244314,0
4uqs_INE_A_904,0.99602178,0.98460568,0.17194881,0.27244804,7.6627665e-05,0.19480518,0.39735174
4ur9_BK9_B_1717,0.0012290962,0.99591362,0.17465525,0.23073256,0.0015978673,0.20665397,1.7833965e-06
4ur9_OAN_A_1718,0,0,0.18047312,0.20852525,0.48242215,0.21287211,0
4ur9_OAN_B_1718,0.89753483,0,0.17957875,0.23773179,0.50137362,0.19792298,0
4uy7_HIS_B_800,0,0,0.18046448,0.20867314,0.47961638,0.21303026,0
4uzi_IMD_B_1455,0.86494796,0.64089495,0.17523342,0.25078492,8.9129817e-06,0.19133644,0.1927872
4uzi_IMD_B_1456,0.8941696,0.99299115,0.17215855,0.28790753,0.93724548,0.22214162,0
4v2z_Y70_A_151,0.99272155,0.66881101,0.17254282,0.28980474,0.99689397,0.22395087,0.3457297
4v2z_Y70_B_151,0.99349922,0.99131937,0,0.29297818,0.99808184,0.22246206,0
4v2z_Y70_C_151,0.98637397,0.69636876,0.17434913,0.2621995,0.15754756,0.19535377,0.23383349
4v36_LYN_A_1851,0,1.1230582e-09,0.18130651,0.19406292,2.1146423e-09,0.19730254,0
4v3w_E2Z_A_800,0.0007964011,0.98496681,0.17253662,0.24251804,1.0010576e-10,0.21281121,0.49734307
4v3w_E2Z_B_800,0.19068595,0.98831743,0.1723926,0.24840446,1.3316878e-13,0.20943322,0.48042827
4w1v_3GS_B_502,0,0.66716589,0.17518519,0.2305884,0.13109496,0.21196409,0.31608361
4wbd_CIT_A_602,0.89966864,0.67572839,0.17324951,0.27727014,0.7018558,0.21551145,0.31429672
4wca_CIT_A_401,0,0.85602974,0.17356244,0.23836486,0.073860612,0.21319538,0.42694423
4wdd_CIT_A_401,0.98767434,0.92971153,0.17209259,0.27465899,0.15536286,0.19940516,0.38693762
4wdx_WDX_B_402,0,0,0.17960072,0.2236715,0.97232857,0.22918304,0
4wqq_MAN_A_204,0.91004476,0.69848199,0.17469768,0.25543445,0.023236129,0.19211504,0.22247867
4wqq_MAN_B_204,0.017094036,0.6705094,0.17535488,0.22833398,0.045734904,0.20874081,0.30316099
4wqq_MAN_C_204,0,0.67069569,0.17541431,0.22710236,0.024335351,0.20831238,0.30178089
4wqq_MAN_D_204,0.81890647,0.69405388,0.17466264,0.25422208,0.073111727,0.19543938,0.2370877
4ws1_URF_A_301,0.035058805,0,0.18127217,0.19519332,3.8771334e-07,0.19670722,0
4ws2_6UA_A_303,0.11268026,0.9576682,0.17460835,0.23627109,0.11160692,0.20801047,0
4ws6_WBU_A_301,0,0.96191823,0.17275212,0.24130604,5.1519438e-07,0.21243419,0.4828248
4wua_3UL_A_701,0.98708508,0.70159944,0.17468668,0.25707723,0,0.18995223,0.21266479
4wxb_CIT_A_501,0.79853253,0.67050615,0.17319062,0.27622932,0.76652937,0.21951949,0.33175786
4wxb_CIT_C_501,0.31199923,0.68101407,0.17522003,0.23603339,0,0.20193979,0.27138321
4wxb_CIT_D_501,0,0.67088202,0.1754264,0.22691833,0.018699635,0.20811961,0.30102587
4x36_CHT_A_408,0.99463491,0.97509629,0.1718919,0.2739921,0.060996447,0.19677988,0.40069378
4x36_CHT_A_409,0.99646917,0.97188093,0.17210905,0.2919959,0.98865111,0.22189242,0
4x36_CHT_A_410,0.95947472,0.94872947,0.17227422,0.26993847,0.012970805,0.19530381,0.38024565
4x36_CHT_A_411,0.87202325,0.92654684,0.17245639,0.26725111,0.04488214,0.19761483,0.37979595
4x36_CHT_A_412,0,0.91100396,0.17307816,0.24079322,0.061966186,0.21371684,0.45996172
4x3j_3WR_A_1201,0.98624027,0.66911553,0.17258054,0.28910677,0.98170602,0.22354646,0.34425869
4xfh_CYS_A_502,0,0.65744818,0.17455443,0.24018568,0.42501001,0.22201745,0.35545979
4xh4_PPI_A_504,0.99779281,0.98414873,0.17224785,0.28863601,0.86211515,0.21783591,0
4xp0_42A_A_404,0.99687933,0.98992031,0.17186545,0.27321937,0.013915543,0.1953595,0.40272769
4xp2_TT4_A_401,0,0.67142152,0.17546142,0.22638552,0.0023823017,0.20756148,0.29883981
4xp3_DX4_A_401,0,0,0.18127354,0.19463527,0.018795449,0.1979188,0
4xpq_FUL_A_1002,0.99573926,0.70186301,0.17467982,0.25734731,9.6600138e-06,0.18979889,0.21191335
4xpq_FUL_A_1003,0.017863074,0.67199648,0.17544927,0.22691246,0.0014670546,0.20721298,0.29716348
4xpq_FUL_A_1004,0.0056294515,0.67165665,0.17546109,0.22649832,0.00046264559,0.20739585,0.29809299
4xti_IMP_A_601,0.96372754,0,0.17872671,0.25352293,0.93205912,0.21149974,0
4xti_IMP_B_601,0.96915676,0,0.17873161,0.25352086,0.926246,0.2112169,0
4xv4_25T_A_302,0.99781225,0.99723952,0.17180568,0.27349619,0.010143747,0.19533623,0.4066987
4xv4_25T_A_303,0.77106562,0.99754875,0.16883654,0.30440572,0.99796524,0.2357611,0.72554105
4xz9_G3P_B_302,0.9904519,0.68877043,0.17384464,0.26995358,0.39112219,0.20327077,0.26477109
4xz9_G3P_C_302,0.99723439,0.69841864,0.17445211,0.26084063,0.10556462,0.19338284,0.22592464
4xzh_48I_A_402,0.99561665,0.98719046,0.17192512,0.27256647,0,0.19485375,0.39901786
4xzh_48I_B_402,0.99490213,0.99381686,0.17186373,0.27288656,6.5610199e-07,0.19497924,0.40328654
4y14_C0A_A_407,0.96805373,0.62915479,0.17296771,1.7355343e-72,0.9954446,0.22350981,0.32172302
4y6n_3PG_A_402,0.98158737,0,0.17869786,0.25429595,0.93853534,0.21140879,0
4yjs_4DN_A_701,0,0,0.18139506,0,0.001032364,0.19710794,0
4ynu_LGC_A_603,0.003144213,0,0.18130343,0.19416431,2.5022509e-07,0.19724915,0
4ysx_MLI_A_701,0.99129179,0.66992532,0.17261911,0.28861661,0.96187262,0.22277836,0.3411622
4ysx_MLI_E_701,0.98895814,0.66907805,0.17257058,0.28931036,0.98534629,0.22362271,0.34450998
4yu7_DHC_A_203,0.43601167,0.68465455,0.1751129,0.2400384,0.0042653599,0.19988359,0.26116814
4yu7_DHC_A_204,0.57327386,0.88076034,0.005383885,0.24497386,1.507307e-08,0.19583778,0
4yu7_DHC_B_204,0.065174607,0.67348761,0.17541504,0.2283394,1.2759985e-06,0.20632272,0.29285199
4ywd_NTM_A_704,0.044634742,0.67283415,0.1754295,0.22772594,0.00082228475,0.20671554,0.29474852
4z1d_PEP_A_300,0.82637592,0.97958178,0.1720944,0.26711314,0.00091743283,0.19781771,0.41130459
4z2w_AKG_A_401,0.99517206,0.87459617,0.17297483,0.26676339,0.00041255541,0.19296386,0.32781148
4z69_DIF_A_1006,0,0.18501469,0.17817702,0.22838957,0.82222964,0.22662926,0
4z69_DIF_A_1007,0.9943386,0.70182062,0.17468095,0.25730333,0,0.18982343,0.21203388
4z69_DIF_I_1006,0.97985257,0.70137682,0.17469226,0.25685383,6.2971082e-05,0.19008281,0.2133023
4z6p_DHY_C_403,0.98436267,0.98302604,0.16957359,0.30599178,0.99711357,0.22954045,0.5485151
4za7_4LV_A_606,0.98510271,0.66996514,0.17263883,0.28819797,0.95496015,0.22265182,0.34077445
4zb2_GLC_A_403,0,0.65971379,0.17470149,0.23794815,0.35648588,0.21967358,0.34627953
4zb5_GLC_A_403,0.98060384,0.70140019,0.17469169,0.25687679,4.8949895e-05,0.19006899,0.21323508
4zbc_FRU_A_410,0.007092705,0.67171641,0.17546092,0.22652897,4.5660184e-06,0.2073542,0.29790435
4zbc_FRU_B_408,0.0056344966,0.67165712,0.17546111,0.22649817,0.00045318814,0.20739544,0.29809128
4zbc_FRU_B_409,0,0.67150029,0.17546653,0.22630773,2.5275219e-08,0.20747999,0.29852066
4zbc_GLC_A_407,0,0.66000724,0.17472054,0.23765834,0.3476107,0.21937001,0.3450905
4zbc_GLC_A_408,0.087158684,0.67414911,0.17539709,0.22903344,0.00026931061,0.20594152,0.29097574
4zbc_GLC_B_406,0,0.67129656,0.17545331,0.22650893,0.0061617544,0.20769075,0.29934615
4zbc_GLC_B_407,0.081255711,0.67397798,0.17540233,0.22884067,9.5312856e-07,0.20603716,0.29145322
4zdz_TPF_A_602,3.7063607e-05,0.67150053,0.17546645,0.22630976,2.6890642e-05,0.20748025,0.29852103
4zhd_4OZ_A_202,0,0.67150025,0.17546653,0.22630776,1.0505516e-06,0.20748003,0.29852079
4zhd_4OZ_B_202,0.017621969,0.67147254,0.17541593,0.22741513,0.017091423,0.20775169,0.29927767
4zhd_4OZ_C_202,0.015308782,0.67196708,0.17545444,0.22678495,5.2323397e-07,0.20720817,0.29718918
4zib_4OG_A_512,0.078209433,0.97114356,0.17332585,0.25694076,0.81063047,0.23164136,0
4zjz_BEZ_B_601,0.99635403,0.66901354,0.17254591,0.28982735,0.99411853,0.22379144,0.34504192
4zo7_BGC_A_801,0,0,0.17956523,0.22428722,0.99254537,0.22984595,3.7122335e-06
4zo7_BGC_A_802,0.9834413,0,0.18034308,0.22577167,8.2086896e-07,0.18060299,0
4zo7_GLC_A_806,0.99400109,0.66891151,0.1725458,0.28978391,0.99503436,0.22386454,0.34536927
4zqp_IMP_A_601,0.99112463,0.67148669,0.17272092,0.28706435,0.91449427,0.22116075,0.3348294
4zsy_RW2_A_502,0,0.65724591,0.17454223,0.24037258,0.43022579,0.22221356,0.35622049
4zsy_RW2_B_502,0,0.65724591,0.17454223,0.24037258,0.43022579,0.22221356,0.35622049
4zsy_RW2_C_502,0,0.65724591,0.17454223,0.24037258,0.43022579,0.22221356,0.35622049
4zsy_RW2_D_502,0,0.65724591,0.17454223,0.24037258,0.43022579,0.22221356,0.35622049
4zu3_4SD_B_302,0.95106907,0.66936405,0.17269407,0.2867058,0.94175236,0.22280438,0.3419652
4zu3_4SD_C_301,0.030118337,1,0.16878491,0.28352489,0.93362789,0.248767,0.91737285
4zu3_4SD_D_301,0.098106271,1,0.16876639,0.28466408,0.89565204,0.24642063,0.92144207
4zu3_4SD_E_301,0.98420085,0.67170217,0.17275408,0.28642721,0.90159167,0.22084236,0.33370305
4zu3_4SD_F_301,0.98242217,0.67245819,0.17280808,0.28557154,0.87708507,0.2200357,0.33057458
4zvv_GN0_A_405,0.40960682,0.66954568,0.17421285,0.25323701,0.43397183,0.21504386,0.32094733
4zvv_GN0_B_404,0.81865592,0.66355013,0.17268339,0.28433244,0.99547552,0.22699325,0.36067975
4zvv_GN0_C_403,0,0.24466749,0.17891316,3.7963848e-07,0.27652787,0.2094442,0
4zvv_GN0_D_403,0,0.65724591,0.17454223,0.24037258,0.43022579,0.22221356,0.35622049
4zvz_4TF_A_503,0,0.67137519,0.17545841,0.22643127,0.0037835134,0.20760941,0.29902754
4zvz_4TF_B_503,0.87903441,0.6923872,0.17438795,0.25955318,0.17897515,0.19799274,0.24604048
4zvz_4TF_C_503,0.97449052,0.70102877,0.17468451,0.25686894,0.0056445703,0.19036895,0.21451646
4zvz_4TF_D_503,0.7568858,0.67733271,0.17374905,0.26693495,0.52164871,0.21188288,0.30257328
5a02_GOL_A_1341,0.9922155,0.86432338,0.17307338,0.26613134,1.4487754e-05,0.19282908,0.32154116
5a02_GOL_B_1342,0.99563457,0.75620879,0.17407919,0.26067279,0.00034967447,0.19094269,0.25277301
5a02_GOL_C_1341,0.99558525,0.84873149,0.17321528,0.26545119,0.00066432178,0.19252584,0.31142637
5a02_GOL_D_1341,0.99496701,0.58751,0.17565426,0.25194532,7.2261559e-06,0.18807782,0.14593993
5a02_GOL_E_1341,0.99371558,0,0.18032879,0.22617627,0.0024088277,0.18050747,0
5a02_GOL_F_1342,0.99547269,0.84756922,0.17322776,0.2653657,1.3083337e-05,0.19248557,0.31060288
5a2r_MLT_A_1615,0,0.90303237,0.17318538,0.23991656,0.048298263,0.21310781,0.45284286
5a66_3PO_A_1000,0.98577299,0.80998541,0.17358392,0.26313978,0.00010782283,0.19202601,0.28778533
5a66_3PO_B_1000,0.99077318,0.93241025,0.16850984,0.30415711,0.61127011,0.22225961,0.99432739
5a7p_6Z1_A_1361,0.92192178,0.69957516,0.17473574,0.25508275,0.0011269688,0.19114789,0.21848362
5a86_D7E_A_1433,0.98957987,0.66888543,0.17255635,0.28953869,0.99174548,0.22383055,0.34531321
5a86_D7E_B_1432,0,0.6715002,0.17546653,0.22630782,2.7101685e-06,0.20748008,0.29852102
5a8k_TP7_A_558,0,0.63858643,0.17333015,0.25881367,0.99548915,0.24153067,0.43188761
5a8k_TP7_D_554,0,0.63879241,0.17334352,0.25861025,0.98925938,0.24131758,0.431053
5abz_Z47_A_201,0.98239623,0.67109156,0.17271944,0.28691965,0.91839536,0.22144918,0.33611123
5abz_Z47_B_201,0.18177379,0.66494208,0.17453746,0.24392506,0.36599928,0.21677121,0.33174351
5ack_SVQ_A_600,0.98842987,0.67069949,0.17267728,0.28767664,0.93581828,0.22193799,0.3379206
5adi_TUE_A_800,0.99028658,0.70169701,0.17468414,0.25717707,1.5762146e-06,0.18989544,0.21238653
5adi_TUE_B_800,0,0.67150019,0.17546653,0.22630782,2.8514416e-06,0.20748009,0.29852104
5aew_BNL_C_462,0,0.99458514,0.17244609,0.24300798,0.00053173872,0.21300739,0.50359536
5aew_BNL_I_462,0.99844431,0.94351381,0.171318,0.28473857,0.42001606,0.20863538,0.43489729
5afy_WCE_H_1248,0.99677034,0.99125566,0.17188476,0.27283555,0.00072854404,0.19492717,0.4015873
5ag5_DLR_A_1422,1.8081241e-05,0.67150046,0.17546649,0.22630866,1.1351478e-05,0.20748006,0.2985206
5agl_CCW_A_800,0.92788286,0.68367709,0.17368731,0.27114912,0.48746632,0.20767726,0.28312064
5agl_CCW_B_800,0.82902421,0.69256855,0.17453822,0.25630909,0.12736723,0.19711553,0.24347634
5agn_4JK_B_800,2.7294901e-06,0.67150032,0.17546653,0.22630786,1.4849271e-06,0.20747999,0.29852061
5ahn_IMP_A_1468,0.94831195,0.69930775,0.1746453,0.25696421,0.033553405,0.19178842,0.22053244
5aov_GLV_A_1336,0,0.67150029,0.17546653,0.22630773,0,0.20747999,0.29852065
5aov_GLV_A_1356,0.25342018,0.94675033,0.17274313,0.24814974,6.9610012e-06,0.20759271,0.44781283
5av2_KMP_A_300,0.99688126,0.70189813,0.17467894,0.25738262,6.8713438e-07,0.1897783,0.21181281
5av3_KMP_A_300,0.99742038,0.70191457,0.17467851,0.25739942,7.4367066e-07,0.18976873,0.21176593
5b4o_6DQ_A_201,3.9933693e-06,0.65023869,0.17408646,0.24730606,0.64306672,0.229476,0.38467278
5b4o_6DQ_B_201,0.91413971,0.66909073,0.1727786,0.28471243,0.91596001,0.22257791,0.34172186
5b4o_6DQ_B_202,0.25459049,0.94140142,0.17439652,4.583909e-40,0.27767462,0.2106155,0
5b4u_MLA_A_302,0,0.93913408,0.17296469,0.24013159,0,0.21204722,0.468394
5bk9_SIN_A_301,0.99492289,0.67116425,0.17268947,0.28761558,0.9277497,0.2215467,0.33627488
5bkd_AKG_A_502,0.9889843,0.68107183,0.173349,0.27746682,0.62261497,0.21121503,0.29591212
5bkd_AKG_B_502,0.97236046,0.68169065,0.17343521,0.27583685,0.58856697,0.21034561,0.2927966
5bkd_RCF_A_503,0,0,0.18130651,0.19406292,0,0.19730254,0
5bkd_RCF_B_503,0.78975612,0,0.18053283,0.21952673,0,0.18389188,0
5bwd_FUM_A_901,0.025442201,0.17175584,0.17805469,0.23176265,0.91919363,0.22927462,0
5bwr_4VT_A_402,0,0,0.18130651,0.19406292,1.7144744e-08,0.19730254,0
5bwr_4VT_B_402,2.370869e-05,0,0.18130649,0.1940637,3.847832e-07,0.19730215,0
5c4i_TPP_C_402,0.10518923,0.65943005,0.17439177,0.24467512,0.46208042,0.22141758,0.35127689
5c7v_PYC_A_804,0.0094924231,0,0.17958495,0.22408887,0.97596914,0.22914145,1.7746324e-05
5c8w_PCG_A_302,0.99197156,0.66876873,0.17254215,0.28980053,0.99748107,0.22398427,0.34587358
5c8w_PCG_B_303,0,0.15700974,0.17802614,0.2327977,0.99425099,0.23205805,0
5c8w_PCG_C_302,0.98628668,0,0.17859078,0.25623091,0.99725159,0.21325232,0
5c8w_PCG_D_302,0,0.1568609,0.17802534,0.23282112,0.99516523,0.2320869,0
5c8w_PCG_E_302,0.90661575,0.66619091,0.17261121,0.28711519,0.99672699,0.22547415,0.35319674
5c8w_PCG_F_302,0,0.15644986,0.17802313,0.23288582,0.99769005,0.23216658,0
5cfw_53W_A_201,6.2280362e-05,0.67110218,0.17544052,0.22670472,0.012098236,0.20789271,0.30013605
5cga_KP6_A_301,0.99670158,0.98172379,0.17204015,0.29241655,0.99034609,0.22203616,0
5cga_KP6_B_301,0.99601473,0.98382462,0.17272933,0.28063451,0.60939695,0,0
5cga_KP6_C_301,0.99698746,0.66923217,0.17255834,0.28965025,0.98809012,0.22357399,0.34417919
5cga_KP6_E_301,0.99686063,0.6717524,0.17272228,0.28715348,0.91174818,0.22096496,0.33396259
5cga_KP6_F_301,0.99586843,0.6692651,0.17256358,0.28954914,0.98606218,0.22352449,0.34400484
5cga_KP6_H_301,0.99648687,0.66910559,0.17255152,0.28974457,0.99145683,0.22369803,0.34467377
5ci9_549_A_401,0,0.00047604393,0.18130334,0.1940804,3.1141058e-07,0.19730699,0
5ci9_549_A_402,0.91531654,0.69941094,0.17474337,0.25484012,2.0183795e-06,0.1912267,0.21890743
5cjn_52F_A_809,0.99020367,0.69256253,0.17409147,0.26619327,0.27620025,0.19934428,0.24939644
5clo_NS8_M_101,0,0.98830412,0.17444907,0.23195081,0.0062618977,0.20747466,0.05487094
5cmb_GLY_A_301,0,0,0.17500359,0.24987839,0.99882663,0.24312364,0.99879427
5cpn_531_A_401,0.9526016,0.7005107,0.1747115,0.25603908,0.0011261313,0.19060308,0.215815
5cpn_531_B_401,0.99198861,0.70169916,0.17467957,0.25727927,0.0015063447,0.18991668,0.21244009
5cpp_ADO_A_422,0.99587133,0.96500324,0.17158211,0.27922475,0.22872553,0.20239856,0.41957874
5cr1_STL_B_201,0,0.99110272,0.17469138,0.23046752,2.3943964e-07,0.20657741,0
5cyf_FLC_A_301,0.98374886,0.69656508,0.17436914,0.26184472,0.14918866,0.19511447,0.23294196
5cyf_FLC_C_301,0.99120391,0.67816191,0.17315398,0.28047672,0.71267358,0.21425607,0.30778433
5d41_57N_A_1103,0,0.66752694,0.17552029,0.2259633,0,0,0.2944399
5d8u_0N8_A_203,0.96603555,0.70095758,0.17470331,0.25642107,2.3288307e-08,0.19032601,0.21449566
5dav_58J_A_402,0,0.15696809,0.17802592,0.23280425,0.99450685,0.23206613,0
5ddu_PMP_A_601,0.98996833,0.98548249,0.17190468,0.27287163,0.016526033,0.19549961,0.40100512
5ddu_PMP_B_601,0.21266363,0.98889566,0.17138272,0.26310947,0.40792091,0.22328349,0.54107983
5ddu_PMP_C_601,0.9915381,0.98647136,0.17193262,0.2724298,0.00067841933,0.19493883,0.39907404
5ddu_PMP_D_601,0.99385418,0.99089148,0.17170366,0.27536883,0.078194155,0.19765822,0.41338067
5del_D59_A_603,0.54678837,0.65579988,0.17293322,0.27532465,0.97914902,0.23126238,0.38213929
5del_ORO_A_602,0,0.67063,0.17541004,0.22716723,0.026322163,0.20838034,0.30204707
5di7_5CQ_A_601,0.99054191,0,0.1792773,0.24437901,0.60352761,0.20027083,0
5di7_5CQ_B_601,0.98966724,0.67157778,0.17273087,0.28688507,0.91039536,0.22104643,0.33440703
5did_5CK_A_601,0.99497961,0.68050553,0.17329564,0.27839354,0.64527221,0.21188356,0.29842607
5die_5CJ_A_601,0.9934629,0.69639477,0.17433119,0.26260827,0.16329875,0.19542461,0.23398739
5die_5CJ_B_601,0,0.64698419,0.17387523,0.25051999,0.74149651,0.23284286,0.39785989
5dmm_HCS_A_505,0.55866903,0.68850571,0.1750232,0.24375228,0.0009088102,0.19759074,0.25004982
5dne_ASN_A_601,0,1,0.16834082,0.28650631,0.99699319,0.25239714,0.99692051
5dne_ASN_B_601,0,1,0.16836431,0.28629644,0.99318145,0.25222388,0.99323185
5dne_ASN_C_601,0,1,0.16836461,0.28629701,0.99329093,0.25222605,0.99312344
5dne_ASN_D_601,0,0.55562806,0.1741442,0.25427775,0.99412384,0.23980809,0.34525333
5dnx_5LD_B_201,0.98986377,0.98562376,0.17194307,0.27231378,3.4394565e-05,0.1949324,0.39860752
5dr9_SKE_A_401,0,0.67150029,0.17546653,0.22630773,0,0.20747999,0.29852065
5dt0_SKE_A_401,0.96918022,0.70105347,0.17470082,0.25651909,0,0.19027017,0.21422214
5dw3_TRP_A_402,0,0.6544304,0.17435855,0.24316606,0.5162837,0.22513946,0.36768784
5dw3_TRP_B_402,0,0.66934862,0.17532687,0.22843273,0.065077692,0.20970597,0.3072392
5dw3_TRP_C_402,0,0.67049289,0.17540114,0.22730264,0.030468958,0.20852218,0.30260262
5dw3_TRP_D_402,0,0.65621062,0.1744741,0.24140791,0.46244041,0.22329775,0.36047439
5dz2_212_B_404,0.99036767,0.66923979,0.17257717,0.28923701,0.98175431,0.22347482,0.34390616
5dzh_5KG_A_900,0.98964519,0.7016775,0.17468465,0.25715703,0,0.18990677,0.21244211
5dzh_5KG_B_901,0,0.65616517,0.17447115,0.24145279,0.46381498,0.22334477,0.36065854
5e4o_L57_A_201,0.0010655202,0.96973711,0.17330349,0.25626464,0.87180585,0.23494396,0
5e9m_BAE_A_2001,0.99808118,0.98347443,0.17192466,0.27292632,0.014004822,0.19523138,0.39853812
5edh_5MF_A_803,0,0.65724591,0.17454223,0.24037258,0.43022579,0.22221356,0.35622049
5edh_5MF_C_803,0.98998004,0,0.17858984,0.2562982,0.99538012,0.21313036,0
5edh_5MF_D_803,0,0.65724591,0.17454223,0.24037258,0.43022579,0.22221356,0.35622049
5eo7_SFU_A_402,0,1,0.16849626,0.28494844,0.96358229,0.25102352,0.97566781
5eo7_SFU_A_405,0.86463364,0.66720816,0.1727935,0.28353758,0.9272411,0.22384287,0.3475392
5eo7_SFU_B_401,0.94623429,0.67315969,0.17295383,0.28266088,0.82249309,0.21881097,0.32640841
5eo7_SFU_B_402,0.97909445,0.66851205,0.17256115,0.28926483,0.99336824,0.22407225,0.34644263
5eo7_SFU_B_404,0,0.67129598,0.17545327,0.2265095,0.0061792143,0.20769135,0.29934849
5eo7_SFU_C_401,0.84803217,0.66889512,0.17294897,0.28085407,0.86090734,0.22186872,0.34009636
5eo7_SFU_C_402,0,1,0.1683447,0.28556456,0.94458545,0.98974494,0.98953764
5eo7_SFU_C_403,0.70668546,0.66467231,0.17306631,0.27636182,0.85826809,0.22428835,0.352037
5eo7_SFU_C_404,0.96825835,0.70072623,0.17468213,0.25678578,0.0090471548,0.190596,0.21551438
5eo7_SFU_C_405,0,1,0.1685432,0.28389281,0.92516502,0.24982268,0.98015925
5eo8_TFU_A_402,0.86508143,0.69775892,0.17477526,0.25339289,0.0036373978,0.19224308,0.22376387
5eo8_TFU_A_403,0.9876577,0.66922767,0.17258389,0.2890829,0.97962171,0.22344999,0.34385616
5eo8_TFU_A_405,0,0.84348533,0.16957039,1.0330477e-43,0.98085887,0.24999591,0.98951449
5eo8_TFU_A_406,0.89876625,0.67141871,0.17297227,0.28147111,0.83137131,0.21995755,0.33172657
5eso_ISC_B_602,0,1,0.1685502,0.28475598,0.96883954,0.25101446,0.96180469
5ew8_5SF_A_803,0.98966429,0.66895311,0.17256051,0.28947703,0.98977639,0.2237617,0.34504206
5ew8_5SF_B_802,0.9519242,0.66783747,0.17259261,0.28826586,0.98871276,0.22439548,0.34818217
5ewc_5SJ_A_801,0.99223491,0.66896561,0.1725542,0.28962223,0.99176909,0.22378422,0.34508544
5ezp_IPJ_A_201,0.98673532,0.70158877,0.17468695,0.25706633,6.617497e-08,0.18995845,0.21269522
5ezp_IPJ_B_201,0,0.67150029,0.17546653,0.22630773,2.4363858e-09,0.20747999,0.29852065
5ezp_IPJ_C_201,0,0.67149037,0.17546589,0.22631753,0.00029999675,0.20749025,0.29856084
5ezp_IPJ_F_201,0.99677704,0.69854853,0.17446181,0.26068432,0.10121426,0.19324216,0.22538159
5ezp_IPJ_G_202,0.99217538,0.70175463,0.17468265,0.25723592,6.8820985e-07,0.18986187,0.21222213
5f35_FLC_A_302,0.97670893,0.70128292,0.17469487,0.25675389,3.4505883e-06,0.1901366,0.21356776
5f79_4V7_A_4000,0.96011011,0.70076993,0.17470754,0.25624324,0.00021057915,0.19043843,0.21503926
5faj_DCS_A_401,0,0.67150028,0.17546653,0.22630774,3.6731228e-07,0.20748,0.2985207
5faj_DCS_C_401,0,0.67150029,0.17546653,0.22630773,0,0.20747999,0.29852065
5faj_DCS_D_401,0,0.97271179,0.17265143,0.24186238,0,0.21261748,0.489661
5fal_SKT_A_502,0,0,0.17955856,0.2244033,0.9963605,0.22997099,0
5fay_CHT_B_906,0.98960278,0.66876276,0.17254833,0.28966125,0.9954769,0.22395778,0.34581112
5fc5_PC_A_516,0.98828868,0.67288707,0.17281967,0.28550752,0.86952398,0.2196729,0.32905134
5fe1_12Q_A_901,0.99711882,0.99322233,0.17199895,0.29260317,0.99032203,0,0
5fe4_5WY_A_903,0.9972424,0.99298581,0.17176745,0.27436901,0.042694497,0.1964023,0.40899127
5fe4_5WY_B_904,0.99617209,0.99050938,0.17188394,0.27289449,0.0041152133,0.19504268,0.4016875
5fes_9SE_A_409,0.00058938415,0.6673093,0.17519287,0.2304829,0.12730118,0.21182386,0.31552409
5fh3_OXL_A_703,0.99741032,0.69829694,0.17444372,0.2609716,0.10940755,0.19351117,0.22642418
5fiu_Y3J_A_1299,0,1,0.16838847,0.28608756,0.98959908,0.25205507,0.98930789
5fiu_Y3J_B_1299,0,1,0.16840183,0.28602698,0.99027605,0.25203548,0.98611511
5fiu_Y3J_C_1299,0.98945543,0.6691573,0.17257434,0.28926257,0.98340815,0.22354759,0.34420707
5fkl_TDC_A_222,0,0.93251321,0.17302646,0.23979031,0,0.21193477,0.46420057
5fli_QUE_A_301,0,0.67150029,0.17546653,0.22630773,4.0423739e-08,0.20747999,0.29852066
5fli_QUE_C_301,0,0.63941677,0.17338404,0.25799363,0.97037544,0.24067165,0.4285231
5fli_QUE_D_301,0,0.64071222,0.17346813,0.25671423,0.93119399,0.23933145,0.42327391
5fli_QUE_E_301,0.99697999,0.70190116,0.17467886,0.25738567,0,0.18977653,0.21180414
5fli_QUE_F_301,0,0.63945897,0.17338678,0.25795195,0.96909891,0.24062799,0.42835208
5fli_QUE_G_301,0.82699134,0.66621803,0.17283347,0.28220846,0.92247166,0.22434815,0.35017432
5fli_QUE_H_301,0,0.67150029,0.17546653,0.22630773,0,0.20747999,0.29852065
5fli_QUE_J_301,0,0.67150029,0.17546653,0.22630773,0,0.20747999,0.29852065
5fli_QUE_K_301,0.99383522,0.67076066,0.17266629,0.28794751,0.93895326,0.22194924,0.33787044
5fp9_4SV_A_1342,0.99651004,0.95046191,0.17225255,0.27090842,0.0061118203,0.19442562,0.37659127
5fqf_NGA_A_1588,0.96236063,0.66813481,0.17258301,0.28861182,0.98934478,0.22423177,0.34735909
5fqf_NGA_A_1589,0.51472543,0.68719478,0.1750598,0.24235379,3.0577442e-05,0.19834101,0.25375435
5fqf_NGA_B_1585,0.9868576,0.66890753,0.17256533,0.28935003,0.98856648,0.22377016,0.3451241
5fqf_NGA_B_1586,0.11588472,0.67503383,0.17537497,0.22992022,3.8888974e-06,0.20542235,0.28844161
5fuv_THM_A_1388,0,0,0.17955911,0.22439377,0.99604766,0.22996073,0
5fuv_THM_B_1385,0.97727579,0,0.17860408,0.25585732,0.99435105,0.21331237,0
5fv3_OGA_A_1770,0.99799561,0.70192896,0.17467785,0.25742047,9.6099507e-05,0.18976178,0.21172867
5fwe_OGA_A_1358,0.99620838,0.90992515,0.17296642,0.2819938,0.73491417,0.21300203,0.00033973026
5fwe_OGA_B_1359,0,0,0.18130651,0.19406292,0,0.19730254,0
5fzn_FB2_A_1615,0.92541509,0.99330165,0.1719027,0.27086979,0.0029536857,0.19632977,0.41037372
5g09_6DF_A_1475,0,0.66313252,0.17492339,0.23457179,0.25308546,0.21613677,0.33242684
5g09_6DF_C_1475,0,0.64457102,0.1737186,0.25290325,0.81448353,0.23533938,0.40763806
5g0v_JDD_B_1271,2.0925589e-10,0.91805016,0.17316133,0.23904555,2.2011629e-05,0.2116899,0.45504349
5g21_YN4_A_1002,0.95834817,0.91294372,0.1704901,0.29809191,0.89426831,0.2252568,0.49116007
5g44_SWX_A_1511,1.3399904e-05,0.67150063,0.17546652,0.22630822,2.076966e-06,0.20747983,0.29851977
5g44_YTZ_A_1512,0.00010079617,0.17301081,0.17811215,0.23028414,0.89602537,0.22895653,0
5g4r_LF1_A_1739,0.93962611,0.67915288,0.17336113,0.27633698,0.6351329,0.21251967,0.3018823
5g4r_LF1_B_1739,0,0.65235056,0.17422355,0.24522013,0.57918902,0.22729113,0.37611535
5g4r_LF1_C_1739,0.98728553,0.66865915,0.17254802,0.28962156,0.99647359,0.22403302,0.3461462
5g4r_LF1_D_1739,0.36085273,0.66808168,0.17425206,0.2517058,0.43352595,0.21589724,0.32514577
5g6g_H8B_A_1367,0.99125968,0.70172673,0.17468338,0.25720736,2.3138427e-07,0.18987811,0.21230171
5g6i_M85_A_904,0.96293771,0.70086296,0.17470574,0.25632465,4.55622e-06,0.19038118,0.21476572
5g6k_M94_A_904,0,0.67149996,0.17546651,0.22630805,9.852619e-06,0.20748033,0.29852197
5gnx_BGC_B_503,0,0.67150029,0.17546653,0.22630773,0,0.20747999,0.29852065
5goo_FRU_A_501,0.97635857,0.70127221,0.17469514,0.256743,4.2896074e-06,0.19014285,0.21359834
5goo_FRU_B_501,0,0.67150019,0.17546653,0.22630782,2.9199673e-06,0.20748009,0.29852104
5gri_CIT_B_401,0.71560247,0.55984175,0.17600892,0.24309641,0.028861052,0.19366122,0.16079262
5gto_MYR_A_502,0,0.91446168,0.17319487,0.23885983,0,0.2116282,0.45276733
5gwt_SIN_A_302,0.99381726,0.70128261,0.17464747,0.25780272,0.015791442,0.19037283,0.21419483
5gwt_SIN_B_302,0.99454225,0.70093598,0.17462296,0.25818949,0.026944133,0.19074144,0.21562591
5gwt_SIN_C_301,0,0.18164712,0.17815888,0.22891964,0.84291507,0.22728207,0
5gwt_SIN_D_301,0.99502357,0.69645028,0.17462405,0.25862798,0.049835931,0,0.21481161
5gwx_SAR_A_302,0,0.89604445,0.17011608,0.27315088,0.82752785,0.24361556,0.82482136
5gzz_GSH_C_301,0.9453332,0.7003263,0.17471966,0.25577573,2.5837688e-08,0.19069363,0.21629634
5gzz_GSH_E_301,0.89858757,0.92094639,0.17427933,0.2568634,0,0.19066218,5.2959235e-09
5gzz_JAA_A_601,0,0.67149811,0.17546639,0.22630988,6.5754048e-05,0.20748224,0.29852946
5h24_LQG_A_501,0.99173182,0.9911564,0.17189042,0.27265412,3.2715486e-06,0.1949915,0.40191972
5h24_LQG_B_501,0.93618506,0.99551025,0.17188279,0.27120717,3.6062827e-06,0.19607023,0.41024608
5h5k_C5P_A_206,0,0.65333377,0.17428737,0.24424911,0.54945172,0.22627397,0.37213141
5h5k_C5P_B_203,0.98619093,0.68486927,0.17360322,0.27354525,0.50518412,0.20724792,0.28042273
5h8f_GLU_A_302,0,0.67150029,0.17546653,0.22630773,0,0.20747999,0.29852065
5h8q_5YE_B_302,0.98891678,0.66879732,0.17255247,0.28958507,0.99379881,0.22391256,0.34564597
5h8q_GLU_A_302,0,0.67150029,0.17546653,0.22630773,0,0.20747999,0.29852065
5h8q_GLY_B_301,0,0,0.18130651,0.19406292,0,0.19730254,0
5h9i_XAN_A_301,0,0,0.1751516,0.24858382,0.97615154,0.24206928,0.97503983
5ha7_WY1_A_402,0.59192995,0.97798684,0.17224949,0.2599625,0.00050580634,0.20201723,0.43373595
5hc0_NPO_A_402,0.9968218,0.96444565,0.17210041,0.27194336,0.015055082,0.19496739,0.38677124
5hc0_NPO_A_407,0.0024416399,0.94634404,0.17289597,0.2405767,0,0.2121255,0.47271577
5hfa_FP1_A_607,0.00070349745,0.99142359,0.17247345,0.2428905,0.0012453548,0.2129657,0.50163049
5hfa_FP1_A_608,0.0055357731,0.99015668,0.17243169,0.24368937,0.022337836,0.21358771,0.50353795
5hfa_FP1_B_609,0.0041199842,0.98771627,0.17250495,0.24281719,0.0016849908,0.21285617,0.49900647
5hgz_MLA_A_302,0.87498562,0.95220147,0.17249047,0.28505103,0.9124851,0.22128118,0.00056184696
5hgz_MLA_A_303,0.97848244,0.6770346,0.17482886,0.25606368,0,0.18989619,0.20429333
5hpu_IPH_A_101,0.99360749,0.98832659,0.17200137,0.2925201,0.98905824,0.22210826,0
5hss_64Z_A_402,0.97133303,0.69514633,0.17431144,0.26248496,0.18064841,0.19641102,0.23823659
5hss_64Z_D_403,0,0.6651589,0.17505492,0.23257052,0.19179703,0.2140404,0.32421595
5hss_64Z_E_402,0.90557479,0.68737907,0.17398938,0.26612583,0.35492486,0.20353981,0.26730423
5hss_650_B_402,0.99662284,0.94607063,0.17401552,0.26094789,1.3837209e-05,0.1892332,1.2159889e-05
5hss_650_C_401,0.99721166,0.96225441,0.17147592,0.28098077,0.28323102,0.20421646,0.42595787
5i0d_GLC_B_1122,0.98080117,0.99150468,0.17189363,0.27234367,1.8145499e-05,0.19519565,0.40323839
5i0m_UMP_A_201,0.98195797,0,0.17908703,0.24755115,0.71679683,0.20413033,0
5i0m_UMP_B_201,0,0,0.18037023,0.21030838,0.53329478,0.21479053,0
5i3p_68T_A_1003,0.63926864,0.67644202,0.17402817,0.26044995,0.43607219,0.21102389,0.30117007
5i5s_NVU_B_402,0.99564549,0.99177946,0.17188143,0.27281607,0.00035780691,0.19494357,0.40197568
5i5t_67X_B_402,0.99593959,0.98907564,0.17190712,0.2726765,9.2281678e-05,0.19488313,0.40019347
5i7r_68W_A_402,0.8057277,0.98304264,0.17221195,0.28642003,0.99404188,0.22541256,0
5i8s_LEA_A_202,0.99427968,0.67290682,0.17280436,0.28585518,0.8744518,0.21973507,0.32919044
5i8z_JA1_A_302,0.98746334,0.6690919,0.17257562,0.28920507,0.9835488,0.22358777,0.34439918
5i93_69O_A_202,0.67255295,0.98940062,0.17074634,0.28226656,0.56977725,0.22042364,0.50436265
5i95_AKG_A_508,0.8047017,0.69603781,0.17483076,0.25139217,6.5355906e-06,0.19319105,0.22852922
5i9m_69K_B_302,0.99556728,0.9888055,0.17097708,0.28587367,0.38810506,0.20833142,0.45882181
5i9m_69K_C_302,0,0.9894816,0.17296714,0.26049129,0.98740314,0.23894508,0.00061655009
5iav_MLI_B_302,0,0.62897078,0.17585832,0.22414398,0,0.20677959,0.271947
5ice_2H4_A_402,0,0.19202912,0.17821481,0.22728546,0.77914328,0.22526951,0
5icf_SAU_A_402,0,0.66079682,0.17477179,0.23687854,0.32372939,0.21855315,0.3418911
5igs_GMP_A_403,0.97818636,0.66856119,0.17256686,0.28916064,0.99104438,0.22400889,0.34621028
5ihe_D5M_A_701,0,0.67149954,0.17546648,0.22630846,2.2519875e-05,0.20748076,0.29852367
5ihe_D5M_B_701,0.56347226,0.68867375,0.17502081,0.24388071,0.00025643383,0.19748314,0.24954464
5ijz_AKG_B_502,0,0.65724591,0.17454223,0.24037258,0.43022579,0.22221356,0.35622049
5ijz_AKG_C_502,0,0.65724591,0.17454223,0.24037258,0.43022579,0.22221356,0.35622049
5ijz_AKG_D_502,0.99187262,0.68340793,0.17349264,0.2753367,0.55462288,0.20883808,0.28655191
5ijz_AKG_E_502,0.97827861,0.7013309,0.17469363,0.25680271,0,0.19010861,0.21343077
5ijz_AKG_H_502,0,0.65724591,0.17454223,0.24037258,0.43022579,0.22221356,0.35622049
5in3_G1P_A_416,0.98500283,0.66918163,0.17258825,0.28896566,0.97856571,0.22346102,0.3439456
5in3_G1P_B_418,0,0.20895336,0.17793241,0.22983994,0.82688479,0.2272566,0.021391389
5ioq_DUR_B_302,0.00010326938,0,0.18130574,0.19407786,0.00038103628,0.19731328,0
5ioq_DUR_B_303,0.94775038,0,0.18037805,0.22462088,1.3671399e-09,0.18120902,0
5ioq_DUR_C_302,0.76390532,0,0.18055815,0.21869326,9.8145322e-07,0.18433088,0
5ip6_6C9_A_301,0.88842373,0,0.17885081,0.25022606,0.90367597,0.21184597,0
5irw_D9P_B_202,0.92073588,0.66708384,0.17263006,0.28709871,0.98274255,0.22474508,0.35009507
5ita_6DC_B_801,0.51378784,0.67267405,0.17412908,0.256509,0.43492461,0.21322029,0.31197581
5iuy_BOG_B_503,0.86112427,0,0.17885915,0.24966018,0.91383303,0.21264461,0
5iuy_BOG_C_503,0.084318658,0.97060563,0.17261927,0.24431551,0.00072106536,0.21108147,0.47998304
5ivg_FPS_A_704,0,0.67104958,0.17543728,0.22675285,0.013631731,0.20794627,0.30034691
5ivg_FPS_B_704,0,0.67147844,0.17546511,0.22632931,0.00066076776,0.20750259,0.29860918
5ivg_FPS_C_704,0,0.6465436,0.17384663,0.25095512,0.75482214,0.23329866,0.39964514
5ivg_FPS_D_704,0,0.67150029,0.17546653,0.22630773,0,0.20747999,0.29852065
5j4k_6FZ_A_404,0.98689663,0.96632288,0.16888615,0.3067184,0.84280335,0.22734722,0.77373321
5j5i_6GM_A_302,0.86870557,0.99500192,0.17092461,0.28333882,0.41472569,0.21170107,0.47989738
5j5i_6GM_A_303,0,0.98802078,0.17152108,0.25660641,0.40563237,0.22705432,0.56160246
5j5i_6GM_B_302,0.95485162,0.99110342,0.17090762,0.28576319,0.41597109,0.21011102,0.46892874
5j5i_6GM_C_302,0.94990699,0.99640057,0.16947473,0.30556702,0.99484226,0.23031215,0.56009638
5j5i_6GM_E_302,0,0.98878924,0.17151402,0.25664434,0.40557485,0.22706562,0.56208225
5j5i_6GM_F_303,0.95778132,0.98841696,0.16955116,0.30529859,0.99208838,0.22993869,0.55383335
5j5i_6GM_I_302,0.96099703,0.9960377,0.16946518,0.30597199,0.99748265,0.23019688,0.55915462
5j5i_6GM_I_303,0,0.98261416,0.17157073,0.25633957,0.4060371,0.22697479,0.55822682
5j61_A3G_A_501,0.98920645,0.69152664,0.17402699,0.2671552,0.30661128,0.20040219,0.25355738
5j61_A3G_B_501,0.95025229,0.68504506,0.17371416,0.27116906,0.46672228,0.2065705,0.27839586
5j61_A3G_C_501,0,0.65724591,0.17454223,0.24037258,0.43022579,0.22221356,0.35622049
5j61_A3G_D_501,0.97440373,0.67172954,0.17278299,0.28579973,0.8917282,0.22067895,0.33323377
5j61_A3G_E_501,0,0.65724591,0.17454223,0.24037258,0.43022579,0.22221356,0.35622049
5j61_A3G_F_501,0,0.65724591,0.17454223,0.24037258,0.43022579,0.22221356,0.35622049
5j6y_GLC_A_309,0,0.66974448,0.17535257,0.22804178,0.053104879,0.20929644,0.30563518
5je1_TOF_A_302,0.0032439393,0,0.17955364,0.22453804,0.9973506,0.22994837,0
5je1_TOF_B_302,0.0033249225,0,0.17955419,0.22452978,0.9969934,0.22993528,0
5je5_AZ9_A_302,0.00041595415,0,0.18130611,0.19407634,0,0.19729547,0
5je7_EVF_B_302,0.99305987,0.66878243,0.17254003,0.2898537,0.99807033,0.2239851,0.34585787
5jeh_EVF_B_302,0.99037332,0.2391849,0.17687528,0,0.94396135,0.21383961,0.00064346712
5jep_EVF_B_302,0.99295943,0.66875757,0.17253869,0.2898721,0.99872965,0.22400944,0.34595493
5jep_EVF_B_303,0.45918749,0.66850262,0.17400033,0.25741054,0.51415964,0.21691297,0.32746352
5jfx_6K4_A_4000,0.94136716,0.70020536,0.1747228,0.2556521,0,0.19076405,0.21664129
5jg5_EVF_B_301,0.992079,0.24446737,0.99777049,0.26686631,0.99679406,0.21576585,0.0001483911
5jj2_MLI_A_302,0.88094184,0.86098166,0.17317049,0.26261289,7.2630691e-05,0.19478716,0.33058894
5jj2_MLI_A_303,0.99342226,0.68352039,0.17349564,0.27532061,0.55265081,0.20874311,0.28615292
5jj2_MLI_A_305,0.024031921,0.67218495,0.17544442,0.2271044,0.001456144,0.20710306,0.29662546
5joy_6LW_A_602,0,0.95993939,0.17277051,0.24120517,3.3946291e-05,0.21240174,0.48157652
5joy_6LW_B_602,0.0075773133,0.93147422,0.17303164,0.23996494,5.2882408e-06,0.21178024,0.46278366
5jp9_DCM_A_401,0,0.16004636,0.1780425,0.23231972,0.97559846,0.2314694,0
5jp9_DCM_B_401,0.9815708,0.66896025,0.17258339,0.28897395,0.98209601,0.22364271,0.34471708
5jtt_6MY_A_902,0,0,0.17932942,0.2256979,0.99699959,0.23064743,0.024567397
5jtu_6NE_A_902,0,0,0.17933085,0.22567765,0.99640524,0.23062683,0.024477387
5k2c_ZMA_A_1201,0,0.99248909,0.17301505,0.25945483,0.95025355,0.2377471,0
5k5m_68T_A_1003,0.33246179,0.66722915,0.17427489,0.25081414,0.4332663,0.21639419,0.32759065
5kas_PC_A_517,0,0.67150029,0.17546653,0.22630773,0,0.20747999,0.29852065
5kcj_6RM_B_302,0,0.99481248,0.99295956,0.25162689,0.70238409,0.22950825,0
5kcj_GLU_A_302,0,0.67150029,0.17546653,0.22630773,0,0.20747999,0.29852065
5kcp_PFB_A_378,0,0.96046529,0.17227431,0.26389764,0.96436567,0.24058076,0.20405932
5kcp_PFB_B_378,0,0.95406069,0.17325878,0.25826478,0.95752684,0.23762596,1.9108277e-07
5kcp_PFB_B_379,0.91561617,0.045693112,0.17985619,0.22957417,0.14157073,0.18682408,0
5kf2_COA_A_401,0.91137968,0.68397734,0.17375251,0.26984116,0.46316492,0.20713908,0.28130038
5kjw_53C_A_800,0.94584594,0.98725683,0.17244757,0.28413199,0.7654594,0.21557797,0
5kjw_53C_B_800,0.99900078,0.99665836,0.17182953,0.27323086,0.0021873312,0.19502914,0.40500651
5kts_CIZ_A_402,0,0.023160639,0.18115189,0.19491399,0,0.19751942,0
5kxb_NGA_A_307,0.98461004,0.69043341,0.17396876,0.26795319,0.33543723,0.2014698,0.25781902
5kxb_NGA_B_305,0,0.66062666,0.17476074,0.2370466,0.32887604,0.21872919,0.3425806
5kxb_NGA_D_301,0,0.66070841,0.17476605,0.23696586,0.32640348,0.21864461,0.34224935
5l1u_7PF_A_401,0,0.15700112,0.17802606,0.23279952,0.99431735,0.23206019,1.8954547e-06
5l1v_7PF_A_401,0,0,0.17490891,0.25047829,0.99431958,0.99422414,0.9942777
5l7u_NGA_A_601,0.17864294,1,0.16899319,0.287654,0.99733982,0.24699657,0.81528177
5l7u_NGA_B_601,0.96959322,0.6687416,0.17260237,0.28845582,0.9776628,0.22370376,0.34516496
5l9v_OGA_B_502,0.99753535,0.70190314,0.17467745,0.25741775,0.00045241003,0.18978214,0.21181644
5la1_XYP_A_601,0.99594295,0.66923844,0.17256164,0.28958003,0.98693706,0.22355309,0.34411556
5la1_XYP_A_602,0.088004989,0.66882287,0.17504903,0.23434554,0.16214341,0.21146339,0.31258861
5la2_ARB_A_606,0.046580092,0.66719097,0.17505783,0.2334184,0.1732959,0.21258045,0.31768583
5la2_ARB_B_606,0,0.66490346,0.17503834,0.2328228,0.19952281,0.21430466,0.32525098
5lqs_NTM_A_302,0.04883897,0.94638099,0,0.23061969,0.0046690651,0.20551116,0
5lu8_5KN_A_306,0,1.5998133e-06,0.18130644,0.19406406,3.5290489e-05,0.19730371,0
5lwy_OLB_A_402,0.7943107,0,0.18051949,0.21982767,0.0050600677,0.18398045,0
5lwy_OLB_A_403,0,0,0.18130651,0.19406292,0,0.19730254,0
5lwy_OLB_A_404,0,0,0.18130651,0.19406292,2.1533707e-15,0.19730254,0
5lwy_OLB_A_406,0,0,0.18130651,0.19406293,7.6217506e-08,0.19730254,0
5lwy_OLB_A_409,0,0.90933075,0.17324273,0.23859536,0,0.21154106,0.44951758
5m0t_AKG_B_302,0.99435051,0.92740159,0,0.26954772,0.00020001647,0.19390525,0.36231098
5m5a_KSA_A_404,0.9903893,0.66914214,0.17257077,0.28933478,0.9847279,0.22357615,0.34430265
5m62_BGC_A_409,0,0.6713179,0.17545469,0.22648786,0.005516375,0.20766868,0.29925969
5m66_ADN_B_502,0.99174247,0.66881269,0.17254564,0.28974308,0.99594017,0.22393563,0.34568707
5m66_ADN_C_502,0.9892735,0.67033009,0.17265097,0.28809316,0.94776885,0.22233178,0.33944825
5m66_ADN_D_502,0.98273753,0.6994407,0.1745586,0.25894276,0.061282038,0.19212558,0.22125297
5m8d_UGI_B_501,0.98035145,0.66847998,0.17255559,0.28937354,0.99549744,0.22412276,0.34661854
5mdh_MAK_B_335,0.48841866,0.68639361,0.17508065,0.24153276,2.3498881e-07,0.19880711,0.25603842
5mot_HBD_A_401,0.001269066,0.16676683,0.17807617,0.23132603,0.93509195,0.23017038,0
5mot_HBD_A_402,0.94229475,0.7002316,0.17472193,0.25568304,6.188253e-05,0.19074969,0.2165689
5mxh_GAL_A_401,0.11528099,0.92612869,0.16879611,0.28691763,0.9886336,0.2493004,0.98364106
5mxh_GAL_A_402,0.11106635,0.94048845,0.16878499,0.28683456,0.98743605,0.24924158,0.96641087
5mzj_TEP_A_2401,0.99759144,0,0.17861209,0.25602811,0.97845991,0.21244623,0
5n5k_8NW_A_307,0,0.65423058,0.17434558,0.24336341,0.52232736,0.22534618,0.36849752
5n5k_HAE_A_306,0.26727682,0.21004075,0.17777711,0.23796081,0.83156046,0.2225671,2.4947079e-07
5n63_8OW_A_401,0.98231541,0.90858496,0.17255303,0.28908185,0.98429197,0.2213975,0
5n8c_8Q8_A_403,0.52246716,0.67291171,0.17412221,0.2567869,0.43500274,0.21306381,0.31118918
5n8c_8Q8_B_403,0.78343251,0.97325276,0.17104394,0.28158361,0.47305032,0.21484825,0.48310277
5nh9_XLS_A_503,0.78732848,0.68984255,0.17447674,0.2564459,0.17136124,0.19936073,0.25299694
5nh9_XLS_B_503,0,0.65724591,0.17454223,0.24037258,0.43022579,0.22221356,0.35622049
5nh9_XLS_C_504,0.97912871,0.69547009,0.17431086,0.26264299,0.17804614,0.19618358,0.2372099
5nj0_8YW_A_301,0.98833615,0.66922289,0.1725817,0.2891292,0.98039207,0.2234643,0.34390035
5njb_BB2_A_502,0.95977064,0.66932646,0.17266753,0.28727621,0.95091423,0.22296325,0.34243578
5njb_BB2_C_502,0.96875337,0.66924067,0.17263709,0.28791147,0.96179374,0.22317587,0.34311201
5nnw_GCS_D_302,0,0,0.1813065,0.19406316,7.5903389e-06,0.19730278,0
5nov_93B_A_201,0.99570964,0.99266668,0.17123923,0.2818491,0.26403636,0.20409496,0.44246365
5nuk_Z80_A_201,0.97926673,0.70136103,0.17469285,0.25683351,0,0.19009106,0.21334482
5o3b_9HZ_A_501,0,0,0.18130651,0.19406292,0,0.19730254,0
5o3b_9HZ_B_501,0,0,0.18130651,0.19406292,0,0.19730254,0
5o3b_9HZ_D_501,7.0236726e-05,0,0.18130644,0.19406519,0,0.19730134,0
5o3f_9HT_A_501,0,0,0.18047312,0.20852525,0.48242215,0.21287211,0
5o3g_9J8_A_501,0,0,0.17962804,0.22146499,0.87278345,0.22634286,0.005755643
5o3g_9J8_B_501,0.19507364,0,0.17940561,0.22884552,0.91711929,0.2243506,0
5o4j_9KH_B_302,0,0.67148433,0.1754655,0.22632349,0.00048254295,0.2074965,0.2985853
5o4j_PJL_A_304,0.24224215,0.67888445,0.17527498,0.23386141,7.6158928e-05,0.20318108,0.27746083
5o4k_9KE_A_405,0.94895827,0.70041915,0.17471565,0.25590621,0.00053507212,0.19064756,0.21605271
5o72_9MH_A_303,0.96568365,0.97380036,0.17206782,0.27097559,2.3224154e-10,0.1951678,0.3935379
5ocm_9RH_A_302,0.0016953332,0.2048452,0.17828046,0.22535384,0.70145434,0.22279011,0
5ocm_9RH_B_302,0.0016603815,0.19830278,0.17824529,0.22638189,0.74162006,0.22405826,0
5ocm_9RH_C_302,0.0016974413,0.67073346,0.17541206,0.22716908,0.024758382,0.20829671,0.30168992
5ocm_9RH_D_302,0.001855516,0.9926915,0.54885239,0.25260168,0.7368972,0,0
5ocm_9RH_E_302,0.9950276,0.67809983,0.17313936,0.28077237,0.71807757,0.21437302,0.30817573
5ocm_9RH_F_302,0.76143858,0.67033697,0.17328236,0.27412302,0.73743566,0.21918302,0.33108654
5oew_9TE_B_901,0.98736748,0.68349138,0.17351053,0.27497817,0.54794392,0.20868962,0.28604897
5oew_9TE_C_301,0.75081606,0.6943949,0.17487334,0.24971223,3.1051339e-09,0.19414768,0.23321528
5oew_GLU_A_301,0,0.67150029,0.17546653,0.22630773,0,0.20747999,0.29852065
5oew_GLU_B_902,0,0.67150029,0.17546653,0.22630773,0,0.20747999,0.29852065
5oew_GLU_C_302,0,0.67150029,0.17546653,0.22630773,0,0.20747999,0.29852065
5oip_9WE_A_302,0.93587628,0.6670576,0.17258643,0.28805253,0.99749967,0.224981,0.3507552
5oir_9W8_A_302,0.45972074,0.88519895,0.17219337,0.26538062,0.41659568,0.21725202,0.45123578
5osf_A9E_A_404,0.94604718,0.70034806,0.1747191,0.255798,3.9295155e-07,0.19068096,0.21623428
5r0j_RBJ_B_401,0,0.94617903,0.17332922,0.25766582,0.94736451,0.237219,0
5r28_RDJ_A_401,0.9852464,0.97562402,0.17203906,0.27166008,5.437714e-05,0.19484679,0.39273996
5r9u_JMM_A_401,0.98952802,0.670318,0.17264948,0.2881207,0.94836922,0.22234779,0.33950655
5syi_NIZ_A_805,0.0015552842,0.67127659,0.17544771,0.22662397,0.0082002149,0.20773286,0.29948397
5t3h_BEN_A_302,0.99801722,0.66904353,0.17254325,0.28989966,0.99474533,0.22378334,0.34498123
5t63_ALA_C_1,0,0,0.18130651,0.19406292,0,0.19730254,0
5t6b_TMP_A_504,0,0.6393973,0.17338278,0.25801286,0.97096432,0.2406918,0.42860199
5t6b_TMP_B_504,0,0.64103758,0.17348925,0.25639291,0.92135352,0.23899486,0.42195557
5t6b_TMP_C_503,0.98733835,0.67299216,0.17282912,0.28534548,0.86546893,0.21955107,0.32859074
5t6b_TMP_D_503,0,0.67150023,0.17546653,0.22630778,1.5910565e-06,0.20748005,0.29852087
5t85_44G_L_301,0.011390865,0,0.18129533,0.19443062,1.3983781e-05,0.19710957,0
5tbo_78Z_A_1001,0.97538858,0.66870653,0.17258404,0.28884564,0.9840683,0.22381995,0.34551903
5tch_MLI_A_301,0.99560524,0.67258899,0.17278006,0.28625031,0.88528734,0.22008216,0.33052679
5tch_MLI_B_501,0.99862595,0.70032857,0.17457223,0.25903965,0.049081611,0.19142614,0.2182365
5tch_MLI_C_301,0.99645158,0.68428502,0.17353689,0.27475111,0.532318,0.20799383,0.28316542
5tch_MLI_D_501,0.99581503,0.70186562,0.17467978,0.25734938,7.6492707e-07,0.18979724,0.21190557
5tch_MLI_E_301,0.99810456,0.69453698,0.17419775,0.26472751,0.22376891,0.19741057,0.24168493
5tch_MLI_F_501,0.99787196,0.69489188,0.17422143,0.26436275,0.21282054,0.19704021,0.24023839
5tch_MLI_G_301,0.99705808,0.6957135,0.17427701,0.26350143,0.18721962,0.19617898,0.2368794
5tch_MLI_H_501,0.93544723,0.66915932,0.17272404,0.28595056,0.93353675,0.22280077,0.34222332
5tde_2HP_A_502,0.99540916,0.97430035,0.17144784,0.2803677,0.24861088,0.20325392,0.42852506
5tde_2HP_B_901,0.9961562,0.94388161,0.16783019,0.31547131,0.96861979,0.23390865,0.98793898
5tde_2HP_B_902,0,0.94934669,0.17284688,0.24097739,0.009372456,0.21254545,0.47628173
5tde_FLC_A_501,0.98575395,0.67760191,0.17313272,0.28069576,0.72458447,0.21476026,0.30985408
5tdt_MBN_A_502,0,0.66764401,0.17521623,0.23011621,0.11663416,0.21146946,0.31414628
5tdt_MBN_A_503,0.08580802,0.66752873,0.17497112,0.235489,0.19925902,0.21277194,0.31775213
5tdt_MBN_A_504,0.99857112,0.70194952,0.17467759,0.25743543,5.042636e-06,0.18974845,0.21166642
5tdt_MBN_D_501,0.088836549,0.64122827,0.17325561,0.26164911,0.99751706,0.24002255,0.42443236
5tdt_MBN_D_502,0.97062039,0.7010973,0.17469968,0.25656406,2.3893224e-06,0.19024468,0.21409719
5thu_B3N_A_404,0.83072565,0.9608277,0.17226898,0.26624617,3.0764625e-06,0.19738883,0.39885184
5thu_B3N_B_404,0,0.36454961,0.1783252,0.2105142,5.6350685e-07,0.20228884,0.10447161
5thu_GGG_B_405,0,0.97810953,0.17260107,0.24214063,5.5683206e-07,0.21270917,0.49307982
5tix_OQR_A_302,0,0.65724591,0.17454223,0.24037258,0.43022579,0.22221356,0.35622049
5tix_OQR_B_302,0,0.65724591,0.17454223,0.24037258,0.43022579,0.22221356,0.35622049
5tlg_7EG_A_601,0.98490613,0.66895595,0.17257387,0.28918261,0.98530216,0.22369315,0.34485651
5tm5_7EV_A_601,0,0.63932002,0.17337776,0.25808918,0.9733016,0.24077174,0.42891512
5tm5_7EV_B_601,0,0.67150029,0.17546653,0.22630773,0,0.20747999,0.29852065
5tvr_AKG_A_402,0.99076666,0.70169404,0.17468262,0.25720943,0.00053428109,0.18990513,0.21241614
5tvr_AKG_B_402,0.99751272,0.70189921,0.17467726,0.25742025,0.00055039333,0.18978589,0.21183154
5u5g_7VD_D_302,0.99126469,0.67510961,0.17295569,0.28349491,0.80504719,0.21741463,0.32015445
5u5x_TP5_A_302,0.99792246,0.98966674,0.17231251,0.28707915,0.8041954,0.21598629,0
5u5z_7VP_A_302,0.00020115681,0.67150642,0.17546637,0.226314,1.7737456e-09,0.20747642,0.29850316
5u8z_83D_A_602,0,0.67150029,0.17546653,0.22630773,0,0.20747999,0.29852065
5u8z_83D_B_602,3.3227494e-07,0.67150025,0.17546653,0.22630779,1.5370638e-06,0.20748004,0.29852083
5u8z_83D_C_602,2.5714219e-07,0.67150028,0.17546653,0.22630775,3.5625618e-07,0.20748,0.29852068
5u8z_83D_D_602,0,0.67150029,0.17546653,0.22630773,4.3888664e-08,0.20747999,0.29852066
5uap_82S_A_505,0.042905437,0.95570769,0.17268015,0.24375728,0.043442223,0.21305802,0.48116883
5ud0_G3H_B_406,0,0.67150024,0.17546653,0.22630777,1.3249226e-06,0.20748004,0.29852083
5ud3_P6F_A_404,0,0.85110463,0.17376587,0.23587868,0.0083527538,0.21084163,0.41390408
5ud3_P6F_B_404,0,0.78959554,0.17219915,0.26346244,0.91866482,0.24120554,0.48846927
5uim_TYD_B_403,0,0.66001548,0.17472107,0.2376502,0.3473614,0.21936148,0.34505711
5uio_8DM_A_202,0.98649564,0.96228972,0.17228676,0.28951818,0.92941387,0.22002976,0
5uio_8DM_C_202,0,0.9648822,0.17368112,0.25007779,0.67561793,0.22848405,0
5uio_LG3_A_201,0.9922251,0,0.17859385,0.25626812,0.99218586,0.21298538,0
5uio_LG3_B_201,0.99814409,0.32725675,0.17640312,0.26849069,0.99255094,0.21595936,0
5uio_LG3_C_201,0.9928667,0.99352153,0.17195882,0.29283623,0.99395769,0.2223301,0
5uio_LG3_E_201,0.99610047,0.66908896,0.17255151,0.28973732,0.99160355,0.22370991,0.34472704
5uj3_CE4_A_302,0,0.97415116,0.17480429,0.22984886,0.0001311768,0.20642307,0
5unr_8EV_A_803,0,0.65724591,0.17454223,0.24037258,0.43022579,0.22221356,0.35622049
5unr_8EV_B_803,0.65032883,0.67677414,0.17401928,0.26079732,0.43617334,0.21083029,0.30021763
5unt_8J1_A_803,0.99376867,0.70180309,0.17468139,0.25728571,4.4516273e-06,0.1898337,0.21208405
5unt_8J1_B_803,0.95879282,0.70073652,0.17470902,0.25619549,6.0379245e-06,0.19045483,0.21512643
5unx_8F1_A_803,0.97968162,0.70137341,0.17469251,0.25684672,8.3994277e-06,0.19008398,0.21330986
5unx_8F1_B_803,0.98437922,0.70151676,0.1746888,0.25699304,5.054284e-06,0.19000045,0.21290082
5uo3_8EY_A_803,0.99177634,0.7017423,0.17468296,0.25722365,5.8257169e-06,0.18986913,0.21225753
5uo3_8EY_B_804,0.9837912,0.41658131,0.1774563,0.24166936,1.8925637e-06,0.1846449,2.1373913e-06
5uo5_M4R_A_803,0.98346452,0.70148581,0.17468933,0.25696755,9.7530062e-05,0.19001986,0.21299277
5uo5_M4R_B_803,0.9880854,0.67222209,0.17277707,0.2861518,0.88944907,0.22035805,0.33173841
5urz_BOG_B_201,0.69756857,0,0.1803633,0.22106449,0.14810985,0.19031349,0
5ut1_7DZ_A_905,0,0,0.180749,0,0.3745295,0.2092496,0
5v31_ARG_A_401,0,0,0.18130651,0.19406293,2.2027105e-07,0.19730254,0
5v7y_AKG_B_302,0,0.67148892,0.17546579,0.22631896,0.00034394334,0.20749176,0.29856673
5ve5_GSH_B_402,0,0.48849352,0.17697133,0.21970331,0.082177041,0.20724156,0.19541863
5ved_STU_A_601,0,0.64307762,0.17362166,0.25437814,0.85965169,0.23688435,0.41368929
5vjg_0BP_A_403,0.99877021,0.66936169,0.17256181,0.28963159,0.98581697,0.22346458,0.34371959
5vka_AKG_A_402,0.99425499,0.66972742,0.17259806,0.28899367,0.97059111,0.22302395,0.34207249
5vl0_BNF_B_404,0.9898405,0.67834314,0.17316952,0.28021417,0.70593462,0.21404978,0.30700009
5vl0_BNF_C_404,0.99308429,0.98575008,0.17271072,0.28040325,0.59481012,0.20916651,0
5vl0_BNF_D_404,0,0.17652687,0.17813129,0.2297256,0.87436639,0.22827464,0
5vrj_R07_A_204,0,0.6462812,0.1738296,0.25121427,0.76275858,0.23357013,0.4007084
5vut_9OG_A_803,0.93034317,0.69986921,0.17473151,0.25530846,7.835862e-13,0.1909598,0.21760015
5vuu_9OJ_A_805,0.0001329821,0.6572499,0.17454212,0.24037676,0.43022701,0.22221123,0.35620904
5vuu_9OJ_B_803,0.69973667,0.67825777,0.17397955,0.26234906,0.43662519,0.20996546,0.29596289
5vv0_9OM_A_803,4.6152954e-10,0.67150029,0.17546653,0.22630773,3.6093483e-13,0.20747999,0.29852065
5vv5_9OJ_A_803,0.06298845,0.63911108,0.17576958,3.8058398e-11,2.1060541e-08,0.20563885,0.27019962
5vyr_B62_B_301,0.97738831,0.66849273,0.17256462,0.28917935,0.99237914,0.22406872,0.34645851
5vyr_GMP_B_302,0,0.67150022,0.17546653,0.22630779,1.9450684e-06,0.20748006,0.29852091
5vyr_GMP_B_303,0.99858409,0.70193825,0.17467682,0.25744736,0.00035778169,0.18976028,0.21171254
5vys_1YJ_A_301,0.99314773,0.66897993,0.17255261,0.28966403,0.99217786,0.22378199,0.3450608
5vys_1YJ_B_301,0.98921784,0.67026165,0.17264668,0.28815734,0.94978735,0.22240181,0.33972351
5vys_GMP_B_303,0.97877942,0,0.18034213,0.2257172,0.0031482846,0.18078535,0
5w3k_9TY_A_401,0.99604281,0.9492589,0.17227756,0.29085432,0.97890133,0.22136829,0
5w3k_9TY_B_401,0.26141844,0.95938069,0.1729335,0.26747357,0.97672361,0.23386608,0
5w5t_9X7_A_506,0,0.67150029,0.17546653,0.22630773,0,0.20747999,0.29852065
5w7b_MYR_B_208,0.98258875,0.7064787,0.17455172,0.25770495,4.7302411e-11,0.19032198,0.22253057
5w8q_BU4_B_400,0.025831113,0.995276,0.16986677,0.27376471,0.75891852,0.24094267,0.75503505
5wct_GY4_A_303,0,0.67150029,0.17546653,0.22630773,6.8158649e-10,0.20747999,0.29852065
5wcz_NOJ_A_601,0,0,0.18130651,0.19406292,0,0.19730254,0
5wcz_NOJ_B_601,0.9846017,0.75339008,0.17411287,0.26018361,0,0.19108228,0.25204085
5wgk_AGJ_A_816,0.9639104,0.67951481,0.17331738,0.27746784,0.64658277,0.21248009,0.30130403
5wgr_PM7_A_711,0,0.67150029,0.17546653,0.22630773,0,0.20747999,0.29852065
5wgv_PM7_A_712,0,0,0.98901957,0.19370197,0,0.19717064,0
5wgv_PM7_A_713,0,0.67149933,0.17546647,0.22630867,2.8890057e-05,0.20748098,0.29852452
5wgw_MB5_A_714,0,0.67150029,0.17546653,0.22630773,0,0.20747999,0.29852065
5wgw_MB5_A_715,0.54284463,0,0.18006788,0.22383649,0.41794839,0.2012979,0
5wqp_NCA_A_302,0,0.6715001,0.17546652,0.22630791,5.5159792e-06,0.20748018,0.29852139
5x0j_SEP_A_302,0,0,0.18130651,0.19406292,0,0.19730254,0
5x23_LSN_A_503,0,0.67148616,0.17546562,0.22632168,0.00042723731,0.20749461,0.29857789
5x2m_GLN_B_951,0.99257231,0.76106608,0.17403441,0.26084917,0.00088236842,0.19109904,0.25623712
5x5d_UMP_B_401,0.96184083,0.66805058,0.17257898,0.28866316,0.99141311,0.22431175,0.3476814
5x5d_UMP_C_401,0.73875451,0.6615355,0.17277389,0.28142517,0.98271806,0.2279757,0.36592038
5x5d_UMP_D_401,0,0.65252161,0.17423466,0.2450512,0.57401564,0.22711418,0.37542227
5x5d_UMP_E_401,0.96373128,0.66813778,0.17257941,0.2886929,0.99051924,0.22424761,0.34739722
5x6r_7ZR_A_402,0.87822792,0.69828006,0.17477268,0.25368392,3.095097e-09,0.19188522,0.2221331
5x6r_7ZR_B_402,5.6017311e-10,0.67150029,0.17546653,0.22630773,2.2208678e-10,0.20747999,0.29852065
5x86_TMP_A_205,0,0,0.18130651,0.19406292,0,0.19730254,0
5xdt_MB3_A_404,0.38395684,0.99568175,0.17220907,0.25460032,2.3614621e-05,0.20606305,0.46572019
5xdt_ZI7_A_403,0.76888049,0.9912725,0.16971574,0.29864136,0.959208,0.23226477,0.56960028
5xh2_NPO_A_305,0.99645798,0.96943591,0.1718411,0.27520851,0.10364469,0.19812869,0.40338472
5xin_XLS_A_397,0.99144466,0.70160564,0.17467501,0.25733828,0.0038330375,0.19000593,0.21279911
5xin_XLS_C_397,0.95556714,0.69693601,0.17447126,0.25975121,0.11197871,0.19434213,0.23040812
5xj7_87O_A_309,0.94204549,0,0.17888538,0.25043929,0.85377942,0.20930095,0
5xmq_PLG_A_501,0,0.67150029,0.17546653,0.22630773,0,0.20747999,0.29852065
5xmq_PLG_B_501,2.7062575e-05,1,0.16844677,0.2855714,0.98032854,0.25162984,0.98007759
5xmq_PLG_C_501,0.99155092,0.6720739,0.17275785,0.28651055,0.89712726,0.22055914,0.33246564
5xrv_F6R_A_702,0,0.65864692,0.17463224,0.2390018,0.38875384,0.22077731,0.3506025
5xvt_8FL_A_709,0.43280237,0,0.18004284,0.22259214,0.4910263,0.2056456,0
5xvv_AKG_A_508,0,0.67147079,0.17546462,0.22633686,0.00089210218,0.20751051,0.29864017
5xvv_AKG_B_506,0,0.66889303,0.1752973,0.22888268,0.078857365,0.21017731,0.30908528
5xvv_AKG_C_504,0.98379346,0.69045275,0.17397228,0.26788403,0.33409901,0.20143853,0.25771076
5xz7_F6P_A_407,0,0.97935305,0.17040175,0.25460597,0.0091575623,0.21926886,0.95519279
5y1g_AKB_A_401,0.9331461,0,0.17833666,0.25323516,0.85245806,0.21101638,0.12295326
5y7a_KYN_A_502,0.9182321,0.67483148,0.17313989,0.27929364,0.74610367,0.21669531,0.31861003
5y7r_58K_B_403,0,0.67150029,0.17546653,0.22630773,0,0.20747999,0.29852065
5y7r_AKG_B_402,0.99479759,0.70182949,0.17468025,0.2573227,0.00015502519,0.18982058,0.21201473
5yaq_ISE_C_402,0.8109495,0.66940156,0.17308454,0.27808122,0.81138986,0.22083345,0.33668786
5yaq_ISE_D_402,0,0.26521618,0.17704088,0.23767154,0.96639665,0.23319576,0.08979739
5yb7_ORN_A_602,0.98493186,0.70055253,0.17462469,0.2579792,0.029678287,0.19100561,0.21682811
5yb7_ORN_A_603,0.98024333,0.91716583,0.172587,0.26850202,0.0002232725,0.19395032,0.35624165
5yb7_ORN_B_602,0,0.65724591,0.17454223,0.24037258,0.43022579,0.22221356,0.35622049
5yb7_ORN_C_602,0.985926,0,0.18022003,0.2279454,0.068753855,0.18281505,0
5yb7_ORN_C_603,0,0.65724591,0.17454223,0.24037258,0.43022579,0.22221356,0.35622049
5ybl_AKG_A_302,0.00032760129,0.91683579,0.17317252,0.23899207,0,0.21166259,0.45423817
5ybl_AKG_C_302,0.9948874,0.70181749,0.17467922,0.25734005,0.00060066452,0.18983423,0.21206662
5ybp_AKG_A_302,0.99764391,0.66914655,0.17255097,0.28977504,0.99128515,0.22367162,0.34455013
5ybp_AKG_B_302,0,0.51730637,0.17451816,0.25220194,0.99382219,0.23905213,0.31201769
5ybq_8T0_A_303,0.94937369,0.66774877,0.17259392,0.28819715,0.98904324,0.22445207,0.34844829
5ybq_8T0_B_303,0,0.65887361,0.17464695,0.23877792,0.38189765,0.22054279,0.34968397
5ybq_AKG_A_302,0.99649565,0.70187845,0.17467873,0.25737842,0.00024023266,0.18979335,0.21187845
5ybq_AKG_B_302,0,0.67148671,0.17546565,0.22632113,0.0004105101,0.20749403,0.29857565
5yfj_RUB_A_401,0.8848409,0.67028876,0.1729375,0.28173361,0.85270405,0.22093451,0.33579576
5yfj_RUB_B_401,0,0.64296437,0.17361431,0.25448999,0.86307711,0.23700152,0.4141482
5yfj_RUB_C_401,0,0.64451908,0.17371522,0.25295455,0.81605438,0.23539311,0.40784851
5ykt_PMP_A_501,0.99034576,0.69669658,0.17435941,0.26211916,0.1512955,0.19506939,0.23265043
5ykt_PMP_B_501,0.99295307,0.99484012,0.17156133,0.27704827,0.12230085,0.19927005,0.42265163
5ylf_BGC_A_401,0,0.95010361,0.17281477,0.2413715,0.0197927,0.21291941,0.47833921
5ysh_5AD_D_605,0.21274926,0.98677077,0.17238806,0.24907181,0.0024414504,0.20909245,0.47760649
5ysh_5AD_G_605,0.99857816,0.98270107,0.17195901,0.27251262,0.0025956571,0.19481389,0.39627063
5ysh_5AD_J_605,0.21831849,0.6756841,0.17513351,0.23555588,0.074807582,0.20616208,0.28955355
5z54_0HZ_A_303,0.19287987,0.9839039,0.17281144,0.26660746,0.99127067,0.23573637,0
5z54_0HZ_B_303,0,0,0.17933435,0.22562798,0.99494768,0.23057632,0.02425665
5z54_0HZ_C_303,0.9675157,0.97021343,0.17125483,0.28316214,0.36996428,0,0.44368205
5z54_0HZ_D_303,0.98743691,0,0.17862986,0.25556493,0.97400102,0.21247246,0
5z9b_AX7_A_304,0.99593375,0.69994698,0.17455491,0.25925151,0.058139927,0.19178378,0.21968422
5z9b_HX3_A_303,0.97892104,0.99146747,0.1718932,0.27231205,0.00080650781,0.19525635,0.4035227
5z9b_HX3_B_303,0.97160376,0.98667353,0.17194311,0.27183283,0.00045624252,0.19529515,0.40116692
5z9p_AX7_A_301,0.99849684,0,0.17989693,0.23374531,0.24590882,0.18841011,0
5z9p_AX7_B_301,0.99588736,0,0.17863606,0.25559123,0.96607933,0.21206722,0
5zg2_9C0_A_902,0.99541605,0.99583963,0.17184429,0.27300992,0.00010728631,0.19500799,0.40453232
5zg2_ZK1_B_901,0,0.15936756,0.17803885,0.23242656,0.979768,0.23160099,0
5zge_ZZ7_A_301,0.37748873,0.65115871,0.17310081,0.26953241,0.96338292,0.23372937,0.39475263
5zge_ZZ7_B_302,0,0.16288619,0.1780578,0.2318728,0.95815713,0.23091898,3.3937472e-07
5zgr_ZZ7_A_303,0.53211402,0.65579749,0.1729737,0.27442766,0.96568782,0.23106252,0.38161224
5zgr_ZZ7_B_303,0.99201471,0.70174976,0.17468278,0.25723089,0,0.1898647,0.21223601
5zi4_OAA_B_401,0.46207415,0.68559024,0.17510146,0.2407116,1.6949924e-06,0.19927496,0.25833004
5zpt_HY1_A_702,0.0056048982,0.65346746,0.17428053,0.24446058,0.5505773,0.22621294,0.37179469
5zpt_HY1_B_703,0.98684521,0.67031248,0.17265655,0.28796173,0.94606189,0.22231651,0.33943078
6a1f_9OF_A_807,0.97926501,0.66834458,0.17254981,0.28944068,0.99859068,0.22424786,0.34712745
6a1l_BEZ_A_403,0.99315221,0.6702552,0.17263537,0.28840484,0.9536112,0.22246274,0.33989359
6a1l_BEZ_A_404,0.98537155,0.68235224,0.17344212,0.27598087,0.58055684,0.20984059,0.29059177
6a2m_9QR_A_701,0,0.65724591,0.17454223,0.24037258,0.43022579,0.22221356,0.35622049
6a2m_UMP_B_703,0.97735796,0.6687771,0.17258317,0.28889664,0.98375005,0.2237741,0.3453051
6a2n_9QR_A_701,3.0441704e-09,0.65724591,0.17454223,0.24037258,0.43022579,0.22221356,0.35622049
6a2n_UMP_A_703,0.98025962,0.66885834,0.1725804,0.28899424,0.98396917,0.22373007,0.34508207
6a3j_SOE_A_402,0.0089691686,0,0.17521838,7.8008224e-52,0.98129301,0.24188074,0.98080315
6a3j_SOE_B_401,0,1,0.16845135,0.28554751,0.98044686,0.25162049,0.97903093
6a3j_SOE_C_402,0.99701948,0.66939148,0.1725686,0.28949487,0.98330113,0.22340961,0.34353482
6a3j_SOE_D_401,0,1,0.16843774,0.28564685,0.98157698,0.25169095,0.98158381
6a6s_FSA_A_502,0,0.96672292,0.17270729,0.24155383,4.2923524e-06,0.21251592,0.48586849
6a7e_9QR_A_201,0,0.65198543,0.17419985,0.24558073,0.59023253,0.22766888,0.37759486
6ald_2FP_A_700,0,0.67150022,0.17546653,0.2263078,2.1624969e-06,0.20748007,0.29852094
6ald_2FP_B_700,0,0.67150018,0.17546653,0.22630784,3.3368578e-06,0.20748011,0.2985211
6auq_BYJ_A_803,0.81040098,0.69620863,0.17482606,0.25157276,9.6432322e-05,0.19309293,0.22804555
6auq_BYJ_B_803,0.98728891,0.70160542,0.1746865,0.25708381,7.2020778e-06,0.18994886,0.21264802
6av2_BY7_B_803,0.64943977,0.67674744,0.17402,0.26076939,0.43616521,0.21084585,0.30029419
6axu_BTM_A_401,0.98361336,0.69937553,0.17455194,0.2590608,0.064060977,0.19220508,0.22154908
6ayv_F6P_A_401,0,1,0.16898917,0.28254826,0.98057571,0.25007917,0.86093906
6ayv_F6P_B_401,0.97666965,0.6739725,0.1729223,0.28372344,0.82597896,0.21838976,0.32422818
6ayv_MLI_A_409,0,0.96546027,0.17271908,0.2414886,0,0.21249433,0.48506813
6b5k_TYD_A_304,0.94791251,0.70040486,0.17471762,0.25585622,2.6706697e-06,0.19064791,0.21607234
6b5k_TYD_B_304,0.97336789,0.70118108,0.17469751,0.25664972,2.5534735e-06,0.1901959,0.21385824
6b6r_BEN_A_302,0.99817632,1,0.16737619,0.31857163,0.9948327,0.23534938,0.99484727
6b83_6NA_B_201,0.99297664,0.89047247,0.17280824,0.26779607,0.0086406301,0.19355834,0.33933318
6b9p_D0J_B_1001,0.17947829,0.67697311,0.17532473,0.23190244,1.8128942e-08,0.20429298,0.28290978
6ba2_7KM_A_809,0.99141067,0.70173134,0.17468326,0.25721206,4.6528061e-10,0.18987542,0.21228855
6bds_DJ4_A_302,0.86628976,0.69791603,0.17478211,0.25331178,0,0.19209721,0.22317147
6bds_DJ4_A_303,2.6134336e-05,0.67150107,0.17546651,0.22630856,4.4369736e-07,0.20747954,0.29851844
6bkk_308_B_101,0.99665064,0.99379357,0.17127679,0.28124612,0.24380635,0.20339603,0.44001934
6bmm_OLB_A_404,0,0.67150029,0.17546653,0.22630773,2.8375525e-13,0.20747999,0.29852065
6bmm_OLB_B_404,0.41789111,0.68424303,0.17513637,0.23933427,0,0.20005946,0.26217282
6bqx_9AG_A_201,0.99148885,0.90934025,0.17265386,0.26842948,1.9870696e-06,0.19360633,0.35012428
6br1_E3Y_B_505,0,0.67073553,0.17541689,0.22706301,0.023130243,0.20827116,0.30161944
6btn_E8M_A_304,0,0.66411119,0.17498692,0.23360525,0.22348533,0.2151243,0.32846127
6btq_E8S_A_305,0,0.67147663,0.175465,0.22633109,0.00071552896,0.20750447,0.29861651
6bxk_MTA_A_401,0.95733431,0.70056807,0.17470212,0.25627247,0.0037558768,0.19060899,0.21575566
6bxk_MTA_B_401,0.99068009,0.69875826,0.1744923,0.26010352,0.089247854,0.19294112,0.22430875
6c17_DNX_A_202,0.0062003955,0.66895315,0.17528403,0.22920331,0.082757418,0.21020061,0.30906847
6c1i_EEY_A_501,0.9899883,0.66919893,0.17257557,0.28925411,0.98264032,0.22351186,0.34405785
6c1i_EEY_B_501,0.99469493,0.70183149,0.17468066,0.25731444,3.5019191e-10,0.1898171,0.21200289
6c1i_KNA_A_502,0.00045524375,0.67151417,0.17546617,0.22632192,3.1599622e-09,0.20747191,0.29848106
6c1x_DNX_A_203,0,0.9296904,0.17338858,0.25793997,0.97625687,0.23801201,0
6cdy_EY1_B_501,0,0,0.18112297,0.19724812,0.10458001,0.20073173,0
6cgc_F0A_A_402,0.72459197,0,0.17975275,0.23207585,0.4968271,0.20077358,0
6cgc_F0A_B_402,0.96937185,0,0.17950639,0.24008242,0.50330208,0.19674023,0
6cqu_HI6_A_601,0,0.67144051,0.17546265,0.22636676,0.0018079118,0.20754183,0.29876286
6cqu_HI6_B_601,0,0.66703575,0.17517675,0.23071694,0.13503135,0.21209874,0.31661098
6cut_FEJ_A_401,0,0.63945827,0.17338674,0.25795264,0.96912011,0.24062871,0.42835492
6cut_FEJ_B_401,0,0.63940718,0.17338342,0.2580031,0.97066546,0.24068157,0.42856195
6cut_FEJ_C_401,0.95382874,0.66791579,0.17259242,0.28830523,0.98810039,0.22434071,0.34793447
6cut_FEJ_D_401,0,0.65724591,0.17454223,0.24037258,0.43022579,0.22221356,0.35622049
6dl7_ONC_A_301,0.9216076,0.67311496,0.17301912,0.28119576,0.80113347,0.21851767,0.32568885
6dl7_ONC_B_301,0,0.64326498,0.17363382,0.2541931,0.85398494,0.23669052,0.41293011
6dl7_ONC_D_301,0,0.63918972,0.1733693,0.25821786,0.97724254,0.24090654,0.42944309
6dl7_ONC_E_301,0.86878442,0.66514192,0.17264789,0.2858326,0.99356315,0.2260377,0.35606342
6dl7_ONC_F_301,0.93854984,0.70011946,0.17472502,0.25556428,0,0.19081408,0.21688634
6dl7_ONC_G_301,2.3043627e-07,0.67150029,0.17546653,0.22630774,0,0.20747999,0.29852063
6dqt_LEU_B_1,0.99303874,0.9205872,0.1741892,0.25989556,0,0.18905497,0
6dyt_F0G_A_503,0.99150775,0.67325686,0.17283476,0.2853396,0.86130837,0.21933472,0.3276707
6dyt_PP3_B_1501,0.97243767,0.7011528,0.17469825,0.25662064,0,0.19021233,0.21393881
6e2w_DP6_A_403,0.98644199,0.66963085,0.17261343,0.2886102,0.96630616,0.22301612,0.342178
6e40_BBJ_A_502,0.96757395,0.86917614,0.17304277,0.26563958,1.5178846e-06,0.19335679,0.32708316
6e40_BBJ_B_502,0,0.91643021,0.1731765,0.23896133,9.0146057e-07,0.21166166,0.45401427
6e40_BBJ_D_502,0,0,0.18047312,0.20852525,0.48242215,0.21287211,0
6e43_BEZ_A_502,0.99782941,0.66938024,0.17256562,0.28955561,0.9843882,0.22343241,0.34361001
6e43_BEZ_B_502,0.99747155,0.66929851,0.17256131,0.2896144,0.98653016,0.22351203,0.34392809
6e43_BEZ_D_502,0.99779232,0.66930772,0.17256102,0.28962496,0.9865475,0.22350693,0.34390251
6e8i_PTR_A_201,0.97849353,0,0.17996575,0.23224592,0.21785012,0.1878298,0
6f2b_AKG_A_402,0,1,0.16970663,0.27540593,0.82883501,0.24380761,0.76210396
6f2b_AKG_C_402,0.71480457,0.6932968,0.17490179,0.24858968,1.6155747e-09,0.19478714,0.23634753
6f2v_AMP_A_1001,0,0.67022321,0.17538364,0.22756898,0.03862551,0.20880118,0.30369536
6f2v_AMP_B_1001,0,0.64172992,0.17353418,0.25570914,0.90041331,0.2382786,0.41915018
6f3s_CKW_A_902,0.99020573,0.68382523,0.17352434,0.27482241,0.54046421,0.20838338,0.28480004
6f66_CUT_A_300,0.99597963,0.98986534,0.17198332,0.29274778,0.99216737,0.22218432,0
6f6a_CU5_A_301,0.01624386,0.67199544,0.17545369,0.22681425,5.0960845e-06,0.20719172,0.29710846
6f6a_CU5_B_301,0.90033323,0.66602138,0.1726176,0.28689758,0.99606021,0.2255629,0.35365386
6f76_CVK_A_203,0,0.96674668,0.17215761,0.24934365,0.22856339,0.22043678,0.52049739
6f76_CVK_B_203,0.48931418,0.99226554,0.17217843,0.2575936,2.4457992e-09,0.20409841,0.45299053
6f76_CVK_C_203,0.98460263,0.80154271,0.17366364,0.2626657,0,0.19190006,0.28253901
6f76_CVK_F_203,0,0.97452173,0.17210619,0.24944508,0.21977916,0.22026442,0.52409152
6f77_PLP_A_600,0,0.67150029,0.17546653,0.22630773,0,0.20747999,0.29852065
6f77_PLP_D_600,0,0.63896893,0.17335497,0.25843591,0.98392027,0.24113495,0.43033772
6f7r_CIT_A_1002,0.89067245,0.68827446,0.17408877,0.26432821,0.31409942,0.202408,0.26313098
6f7r_CIT_A_1003,0.84794682,0.69696032,0.17477088,0.25313147,0.011988733,0.192833,0.22637307
6fa1_D2Z_A_203,0.0022376178,0.7693485,0.17454735,0.23144719,1.0133335e-11,0.20912321,0.3606332
6fa1_D2Z_B_203,0.13906551,0.98597812,0.17244508,0.24673065,2.1235065e-07,0.21032725,0.48412176
6fa1_D2Z_F_203,0.07383777,0,0.18123418,0.19644365,5.9615987e-11,0.19604871,0
6fgv_D9T_A_1901,0.93222785,0.8918838,0.17279858,0.26650247,0.022185131,0.19515056,0.34836854
6fjj_LSA_A_302,0.99771514,0.97872173,0.17205954,0.29114836,0.93281075,0.22039333,0.022076591
6fld_DQ5_A_604,0,0.67150029,0.17546653,0.22630773,0,0.20747999,0.29852065
6fld_NAG_A_601,0,0.67150025,0.17546653,0.22630776,1.0459528e-06,0.20748003,0.29852079
6fld_NAG_A_602,0.60495081,0.71453914,0.17605251,0,2.2550837e-08,0.19344413,4.359441e-07
6fld_NAG_A_603,0,0.67150029,0.17546653,0.22630773,3.643899e-10,0.20747999,0.29852065
6flu_DTK_A_401,0.15435641,0.67620706,0.17534458,0.23111935,3.7168075e-07,0.20473908,0.28509491
6flu_DTK_A_402,0,0.67150027,0.17546653,0.22630774,4.0045066e-07,0.20748001,0.29852071
6flu_DTK_A_403,0.92117095,0.6995895,0.17473875,0.25502257,7.9429325e-07,0.1911227,0.21839805
6flu_DTK_A_406,0.98205729,0.99025352,0.17185869,0.2931203,0.99458142,0.22288108,0.028848672
6flu_DTK_B_406,0.11624599,0.67504496,0.17537469,0.22993137,3.4084104e-07,0.20541581,0.28840972
6fs7_E4Z_A_903,0,0.63958248,0.1733948,0.25782997,0.96536331,0.24050021,0.42785162
6fs7_E4Z_B_903,0,0.63928862,0.17337572,0.25812019,0.97425128,0.24080423,0.42904235
6fs7_E4Z_E_903,0,0.67149766,0.17546636,0.22631032,7.9319298e-05,0.20748271,0.29853128
6fs7_E4Z_F_903,0.00056997011,0.63929698,0.17337469,0.25814686,0.97452401,0.24080343,0.42902931
6fw0_E92_A_602,0.54614392,0.6553721,0.17290724,0.27570763,0.99149301,0.23169605,0.38384909
6fw0_E92_B_602,0.98620506,0.6688046,0.17256045,0.2894117,0.9910779,0.22386765,0.34551731
6g3f_FUM_A_601,0.97490132,0,0.18032037,0.22603571,0.017714108,0.18132878,0
6g5q_EMZ_A_401,0.97669323,0.70128256,0.17469489,0.25675329,1.4772679e-09,0.19013676,0.21356866
6gck_EUB_A_302,0.82353599,0.696599,0.17481502,0.25199224,0.00040353673,0.19287019,0.22694422
6gck_EUB_B_302,0.98790333,0.70162369,0.17468598,0.25710343,2.1236478e-05,0.18993843,0.21259646
6gck_EUB_C_302,0.99039091,0.7016771,0.17468256,0.25720313,0.00070002957,0.18991747,0.21247103
6gck_EUB_D_302,0.99379371,0.70179716,0.17468093,0.25729311,0.00020704967,0.18984019,0.21210901
6gl4_GLU_A_301,0,0.67150029,0.17546653,0.22630773,0,0.20747999,0.29852065
6gl4_GLU_B_301,0,0.67150029,0.17546653,0.22630773,0,0.20747999,0.29852065
6gnf_GLC_B_602,0.98433106,0.66862591,0.17255404,0.28947332,0.99475402,0.22402667,0.3461728
6gpn_OGA_B_402,0.99673849,0.70496012,0,0.25755755,2.5254973e-10,0.18984327,0.21386955
6gqk_F88_A_1001,0.9841873,0.66877463,0.17256409,0.28931762,0.99012321,0.22387082,0.34556491
6gqk_F88_B_1001,0.99052505,0.67125331,0.17270743,0.28725809,0.9209999,0.22139392,0.33575312
6gxk_FFW_A_402,0.98787049,0.7016093,0.17468514,0.25711562,0.00042606784,0.18995286,0.21265355
6gxk_FFW_B_402,0.99106229,0.70170136,0.17468228,0.25722031,0.00058527566,0.18990163,0.21239726
6h8p_OGA_A_504,0,0.67150029,0.17546653,0.22630773,0,0.20747999,0.29852065
6hgl_TES_A_401,0.97795019,0,0.17860105,0.25592011,0.99569856,0.21334511,0
6hl7_CP_A_401,0.99479686,0.9671758,0.17211233,0.27151024,3.3135942e-06,0.19452878,0.38642394
6hl7_CP_C_401,0.92243022,0.90433662,0.17273631,0.26616797,0.0021838172,0.19484616,0.35420891
6hl9_SIN_A_402,0,0.67140899,0.17546061,0.2263979,0.0027613893,0.20757445,0.2988906
6hl9_SIN_B_402,0.98131883,0.70140099,0.17468976,0.25691981,0.00068395039,0.19007802,0.21325796
6hmw_FUL_A_203,0.99471794,0.97812596,0.17188873,0.27379435,0.050537344,0.19646738,0.40102038
6hmw_FUL_C_203,0.73038698,0,0.18059099,0.21761251,3.7350092e-10,0.18490001,0
6hmw_FUL_D_204,0.98560724,0.963058,2.9307699e-77,0.28663294,0.0017671826,0.20267803,0.99435363
6hmw_FUL_E_204,0.96679926,0.97489835,0.17192233,0.27297349,0.055983019,0.1971063,0.40259976
6hmw_FUL_F_202,0.98868244,0.96677423,0.16760517,0.31706339,0.9951536,0.23521457,0.99518184
6hmw_FUL_G_202,0.90053132,0.97047051,0.16766131,0.31440658,0.99605811,0.23678706,0.99605066
6hmw_FUL_J_201,0.98788541,0.97262845,0.17196484,0.27301113,0.041902257,0.19619837,0.39691569
6hnz_GH5_A_301,0.97526871,0.66898837,0.17260267,0.28855994,0.97543327,0.22352672,0.34437261
6ho7_GHQ_A_301,0,1,0.16840223,0.28596341,0.98730573,0.25195192,0.98717229
6hpx_GKQ_A_205,0.95569734,0.98627814,0.17195734,0.27131828,5.2846481e-12,0.19556036,0.40244206
6hqr_3DM_A_502,0.99658488,0.9589593,0.17224212,0.2907101,0.96189051,0.22089211,0
6hsg_GM5_A_504,0,0.65724591,0.17454223,0.24037258,0.43022579,0.22221356,0.35622049
6hsg_GM5_B_504,0.99615439,0.68925725,0.17386045,0.26982228,0.38165738,0.20284577,0.26300707
6hsg_GM5_C_504,0,0.65724591,0.17454223,0.24037258,0.43022579,0.22221356,0.35622049
6hsg_GM5_D_504,0,0.94751495,0.17390648,0.24754026,0.61323574,0.22627615,0
6i4b_E2N_A_603,0.99096788,0,0.18023944,0.22768539,0.054876931,0.18227445,0
6i4b_E2N_B_603,7.2887036e-08,0.67002291,0.17537064,0.2277668,0.044683861,0.2090084,0.304507
6i4b_ORO_A_602,0.2092047,0.67787762,0.17530112,0.23283099,5.8732403e-05,0.20376713,0.28033207
6i4b_ORO_B_602,0.0075869235,0.67172953,0.1754604,0.22654631,6.3670224e-05,0.20734745,0.29786928
6i6r_H62_A_704,0.92511346,0.60889849,0.1738054,0.27491309,0.7033315,0.21407756,0.27300375
6ijp_IMP_A_402,0,0,0.17957468,0.2241235,0.98717209,0.22966972,0
6ix8_B3O_A_408,0,0.15674446,0.17802471,0.23283945,0.99588047,0.23210948,0
6ix8_B3O_B_408,0.99101666,0.66959437,0.17259839,0.2889266,0.97162843,0.22311694,0.34249313
6j4t_IMP_A_401,0,0,0.18130651,0.19406292,0,0.19730254,0
6jc7_F0G_A_601,0.99311049,0.70178225,0.17468186,0.25726596,2.7980336e-05,0.1898462,0.21214445
6jc7_F0G_D_601,0.9843174,0.94463311,0.17232885,0.27003299,4.752329e-06,0.19433554,0.37319697
6jk9_BU0_A_501,0,0.67149907,0.17546645,0.22630893,3.6679374e-05,0.20748125,0.29852557
6jk9_BU0_B_501,0,0.63871388,0.17333842,0.2586878,0.9916343,0.24139881,0.43137117
6jmd_BVO_A_408,0.99417619,0.99350664,0.16918693,0.79448743,0.99707209,0.23027681,0.5711062
6jmd_ORO_A_402,0.013339302,0.16193539,0.17802599,0.23269665,0.97213268,0.23114259,0
6jme_BVU_A_409,0.99346171,0.66887575,0.17254497,0.28978616,0.99561846,0.2238941,0.34549444
6jme_ORO_A_402,0,0.67149823,0.1754664,0.22630976,6.2110735e-05,0.20748212,0.29852897
6jq8_CIT_A_302,0.99450081,0.70182433,0.17468074,0.25730961,3.749705e-05,0.18982183,0.2120248
6jws_PT1_A_801,0.99481599,0.66912825,0.17255761,0.28961979,0.98923041,0.22365155,0.34452083
6jws_PT1_B_801,0.99679335,0.66901249,0.17254462,0.28985531,0.9945555,0.22379858,0.34506225
6jwy_PH2_A_802,0.9927468,0.66955568,0.17259109,0.28907085,0.97439447,0.22318083,0.34271321
6jx9_CQC_A_501,0,0.67050086,0.17540166,0.22729477,0.030228069,0.20851394,0.30257035
6jyg_FLC_B_401,0.95031269,0.68024672,0.17340254,0.27591164,0.61190516,0.2115354,0.29784094
6jyg_FLC_C_401,0.99005395,0.7008007,0.17462661,0.25804802,0.026896269,0.1908195,0.21600988
6jyg_FLC_E_401,0,0.65724591,0.17454223,0.24037258,0.43022579,0.22221356,0.35622049
6jyg_FLC_E_402,0.0017093796,0.65729724,0.17454085,0.24042627,0.43024143,0.22218364,0.35607329
6jz4_EVA_A_701,0.97526108,0.70051717,0.17464917,0.25742142,0.021828691,0.19090884,0.21661765
6jz4_EVA_B_701,0.97516707,0.70045149,0.17464517,0.25748052,0.023728291,0.19097549,0.21688032
6jz6_CKX_B_701,0.85205996,0.96911284,0.16779187,0.31210294,0.98261223,0.23701172,0.98498229
6jzh_ZMA_A_2002,0.94377523,0.99274981,0.17190404,0.27129314,2.2099096e-09,0.19588593,0.40773622
6k92_GT0_A_802,0.99321628,0.66960924,0.17259326,0.28904672,0.97320732,0.22313189,0.34251334
6k92_GT0_B_602,0.99388675,0.67137923,0.17270629,0.28733976,0.92029185,0.22131001,0.33536586
6krs_CIT_B_301,0.016753714,0.6714754,0.17541852,0.22735909,0.016204057,0.20773675,0.29923431
6krs_CIT_D_301,0,0.66233682,0.17487175,0.23535763,0.27715179,0.21695996,0.33565103
6krs_CIT_F_301,0,0.67120757,0.17544753,0.22659682,0.0088533478,0.20778282,0.29970675
6krs_CIT_G_301,0,0.66471627,0.17502619,0.23300767,0.20518446,0.21449832,0.32600948
6krs_CIT_H_301,0.015301673,0.67146715,0.17542201,0.22727826,0.015114598,0.20772527,0.29921465
6krs_CIT_I_301,0.014972373,0.64900142,0.1739647,0.24944538,0.69429343,0.23096241,0.39023375
6krs_CIT_J_301,0.015352468,0.6714942,0.17542362,0.22725465,0.014343283,0.20769799,0.2991069
6kxh_DY9_A_401,0,0.15665651,0.17802424,0.2328533,0.99642073,0.23212653,0
6kxh_DY9_B_402,0.024699116,0.15888146,0.17798681,0.23375158,0.99782159,0.23176814,0
6kxh_DY9_C_402,0.025170642,0.67226325,0.17544635,0.22709686,0.00013810416,0.20703776,0.29634983
6kxh_DY9_D_402,0.99606636,0.7018733,0.17467958,0.25735719,0,0.18979275,0.2118836
6l59_CIT_B_403,0,0.67013436,0.17537787,0.22765673,0.041312805,0.2088931,0.30405538
6l68_ALL_A_201,0,0,0.0066050463,0.24581071,0.90275732,0.92068561,0.92053352
6l68_ALL_A_202,0.00076258625,0.66341854,0.17493985,0.23433606,0.24513817,0.21585139,0.3312958
6l7v_3PO_A_302,0,0.90889819,0.17434358,0.24299419,0.51030105,0.22254331,0.00027034254
6l86_LMR_A_302,0,0.063331167,0.18087316,0.19657173,0.0059220457,0.19809028,0
6l86_LMR_C_302,0.0034258343,0,0.17962827,0.22302287,0.94393725,0.22824825,0.0041471852
6l86_LMR_D_302,0.95079546,0.030345472,0.17988436,0.23058794,0.15227293,0.18649437,0.0046149491
6l86_MLT_A_303,0,0,0.18129598,0.19424573,0.0060030823,0.19749936,0
6l8a_BAL_C_504,0.97370188,0.9793028,0.17152503,0.27839937,0.20245014,0.20213189,0.42687891
6l8a_BAL_D_507,0.99811306,0.9740703,0.17155534,0.278921,0.20411744,0.20165923,0.42137003
6lit_2OH_A_501,0.99498036,0.66896869,0.1725468,0.28978745,0.99420795,0.22381889,0.34517338
6lit_2OH_B_501,0.99754227,0.66904444,0.17254462,0.28986965,0.99427985,0.22377585,0.34496018
6lj7_EFR_A_301,0.95921318,0.70074816,0.17470861,0.25620977,4.1916056e-05,0.19044859,0.21509468
6lql_F0C_A_702,0.9818878,0.70144094,0.17469078,0.25691523,4.1876293e-07,0.19004454,0.2131169
6lx5_C5F_A_503,4.578077e-07,0.66618895,0.17512178,0.23155327,0.16064342,0.21297479,0.32004222
6lx5_C5F_B_501,0.99204312,0.67251916,0.17278539,0.28610096,0.88411398,0.22010528,0.33067943
6lx5_C5F_B_502,5.4205958e-07,0.66790707,0.1752333,0.22985645,0.10867837,0.21119732,0.31308039
6ly4_TES_A_501,0.99030392,0.98696943,0.17201848,0.29228009,0.98631157,0.2220616,0
6m5m_NAG_A_202,0.00024894146,0.96336168,0.17273836,0.24139,6.1126849e-05,0.2124563,0.48372325
6m5m_NAG_B_202,0,1,0.1688534,0.28060087,0.84963001,0.24683564,0.94115924
6m92_J8V_A_601,0,0.6682383,0.1752548,0.22952929,0.098659851,0.21085465,0.31173824
6m9b_BTN_A_201,0.9921411,0.66888352,0.17254914,0.28969755,0.99416538,0.22386785,0.34541463
6m9b_BTN_B_201,0,0.15725972,0.17802749,0.23275835,0.99271549,0.23200959,0
6m9b_BTN_D_201,0.99366944,0.66903216,0.17255455,0.28964442,0.99107935,0.22373515,0.34486826
6mae_JBA_A_301,0.96698926,0.66891779,0.17262101,0.28812223,0.96993224,0.22348558,0.34435577
6md2_GW9_A_501,0.98498776,0.70153547,0.17468833,0.25701186,3.7605267e-07,0.18998949,0.21284726
6mnh_JVD_A_301,0.99653529,0,0.17860882,0.25606882,0.98091392,0.21254464,0
6mry_FLC_A_101,0.98769566,0.96231771,0.17212259,0.27160289,0.016340912,0.19514089,0.38653313
6mry_FLC_B_101,0.81909782,0.76706195,0.17212119,0.28372573,0.8163096,0.22259655,0.40091736
6mry_FLC_C_102,0.76872413,0.76214548,0.17184093,0.28700352,0.96441395,0.22855665,0.42528301
6mry_FLC_I_102,0,0.29354884,0.17784525,0.22304718,0.47518284,0.21754991,0.13146549
6mwl_K5G_A_301,0,0.98274612,0.17391273,0.24464414,0.47563187,0.22209412,0
6mwl_K5G_B_301,0.98814662,0.68243365,0.17343972,0.27607054,0.58065383,0.20979463,0.29036339
6n0z_DP6_A_401,0,0.63942686,0.1733847,0.25798366,0.97007,0.24066121,0.42848218
6n0z_DP6_E_401,0.97835863,0.6712484,0.1727408,0.28651729,0.90992776,0.22123124,0.335328
6n0z_DP6_F_401,0,0.67150029,0.17546653,0.22630773,0,0.20747999,0.29852065
6n9r_OHN_A_303,0,0.67150029,0.17546653,0.22630773,0,0.20747999,0.29852065
6n9r_OHN_P_308,0,0,0.18057499,0.20675578,0.41667752,0.21096631,0
6n9r_OHN_X_305,0,0.52429221,0.17687879,0.21845831,0,0,0.20222969
6nba_P1T_A_501,0,0.15893051,0.17803649,0.23249536,0.98245257,0.23168571,0
6nba_P1T_C_501,0.98408643,0,0.17864392,0.25563997,0.98811926,2.3489833e-06,2.3587361e-06
6nbw_LAB_A_403,0,0.99437893,0.17291957,0.26096268,0.99749101,0.2393136,0
6ncx_ADA_A_601,0,0,0.1813053,0.19408394,0.00069010586,0.19732516,0
6ncx_ADA_B_601,0,0.67146994,0.17546456,0.2263377,0.00091774808,0.20751138,0.2986436
6ncx_ADA_C_601,0,0.6714692,0.17546451,0.22633843,0.00094015983,0.20751215,0.29864661
6ncx_ADA_D_601,0,0,0.18130466,0.19409513,0.00105751,0.19733721,0
6ng5_KMD_A_803,0.80596235,0.69607647,0.17482977,0.25143125,0,0.19316845,0.2284187
6ng5_KMD_B_803,0,0.67150029,0.17546653,0.22630773,3.2003711e-10,0.20747999,0.29852065
6nga_KL7_A_803,0,0.65724591,0.17454223,0.24037258,0.43022579,0.22221356,0.35622049
6nga_KL7_B_804,0,0.65724591,0.17454223,0.24037258,0.43022579,0.22221356,0.35622049
6ngp_KKY_B_803,0.96855217,0.70103431,0.17470132,0.25649952,2.9304963e-08,0.19028132,0.21427677
6ngu_KMJ_A_803,0.50490236,0.67240724,0.17413622,0.25622994,0.43484335,0.21337582,0.31274099
6nh0_KND_A_803,0.89640649,0.98166553,0.17203558,0.26929648,1.9893493e-08,0.19655453,0.40546467
6nh0_KND_B_803,0.94546941,0.68563669,0.17378195,0.27006673,0.43887253,0.20566419,0.27480169
6nhd_KNV_B_803,0.61085218,0.67558873,0.17405102,0.25955748,0.43581231,0.21152129,0.30361715
6nig_NAG_A_604,0,0,0.18047312,0.20852525,0.48242215,0.21287211,0
6nig_NAG_A_605,0.092778866,0,0.18121562,0.19705436,1.3892135e-08,0.19572708,0
6nig_NAG_B_803,0,0,0.18047312,0.20852525,0.48242215,0.21287211,0
6nig_NAG_C_802,0.030090878,0,0.18127703,0.19503316,7.5100423e-07,0.19679159,0
6nig_NAG_D_602,3.2248292e-05,0,0.18130645,0.19406446,1.6289119e-05,0.19730252,0
6nni_CP6_B_203,0.99069624,0.99058239,0.17198039,0.29266128,0.9940562,0.22234268,0
6nnn_G1P_A_503,0,0.67150029,0.17546653,0.22630773,5.7281713e-08,0.20747999,0.29852066
6nnp_G6P_A_502,0.94313773,0.70025603,0.17472118,0.25571058,0.00010054437,0.19073605,0.21650076
6nsu_DYA_A_402,0,0.90184971,0.17331253,0.23820974,0,0.211414,0.44477933
6ny7_L8J_A_303,0.012106808,0,0.18129452,0.19445559,7.5711598e-05,0.19709944,0
6nyo_U94_A_301,0,0.98537485,0.17030482,0.27410382,0.92698156,0.24495605,0.63806689
6o04_DNA_A_601,6.0293111e-05,0.67150198,0.17546648,0.22630975,4.4221977e-06,0.20747907,0.298516
6o04_DNA_C_603,0,0.67150029,0.17546653,0.22630773,0,0.20747999,0.29852065
6o04_DNA_D_603,0.00058579621,0.6715176,0.17546603,0.22632654,1.6718269e-05,0.20747016,0.29847194
6o1s_7SD_E_803,0.93003853,0.68948541,0.17405835,0.2655449,0.31377997,0.20169805,0.25966416
6o2z_LJV_A_500,0.98556962,0,0.1785958,0.25612751,0.99444416,0.21317457,0
6o2z_LJV_B_500,0.98356638,0,0.17885682,0.25156818,0.84689974,0.20837018,0
6o5m_G8K_B_506,0.63976748,0.676457,0.17402777,0.26046562,0.43607675,0.21101516,0.30112712
6ock_9KL_A_601,0.86336569,0.69782687,0.17478442,0.25322064,0,0.19214913,0.2234258
6ock_9KL_A_602,0.99487708,0.70183371,0.1746803,0.2573234,0.00010056827,0.18981731,0.21200052
6ofr_BOG_A_801,6.755853e-09,0.67073776,0.17541704,0.22706081,0.023062997,0.20826886,0.30161043
6ofr_BOG_A_802,0,0.65724591,0.17454223,0.24037258,0.43022579,0.22221356,0.35622049
6ofr_BOG_A_805,1.6278771e-08,0.67150029,0.17546653,0.22630773,2.2532843e-10,0.20747999,0.29852065
6ofr_BOG_A_806,1.7497465e-10,0.65724591,0.17454223,0.24037258,0.43022579,0.22221356,0.35622049
6ofr_BOG_A_807,0.79017682,0.69559511,0.17484225,0.25093919,2.4961561e-07,0.19344876,0.22979174
6oha_XAN_A_501,0.0021679904,0.08738534,0.18072076,0.19734584,0,0.1980848,0
6ooi_PGA_A_301,0.92030802,0.66854284,0.17272595,0.28563156,0.93821991,0.22322978,0.34416753
6ooi_PGA_B_301,0.98859826,0.66978865,0.1726177,0.28858652,0.96352225,0.22288261,0.34161749
6ooi_PGA_C_302,0,0.87160153,0.17112121,0.27054831,0.97204413,0.24518809,0.61582659
6ooi_PGA_F_301,0.99383737,0.68216201,0.17340632,0.27668759,0.5941182,0.21015413,0.29167226
6ooi_PGA_G_301,0,0.21966025,0.17746114,0.23554342,0.97590874,0.23263986,0.051679523
6ooi_PGA_H_302,0.98955924,0.67096491,0.17269139,0.28748372,0.92883191,0.22167896,0.33688639
6oph_6QB_A_401,0,0.65273041,0.17424821,0.24484499,0.5677005,0.22689817,0.37457622
6paf_O6A_A_509,0.98378176,0.68928752,0.17389668,0.26903411,0.36933115,0.20264385,0.26243187
6pdd_O9S_A_803,0.98388279,0.70150179,0.17468921,0.2569774,4.2141736e-09,0.1900091,0.21294332
6pk1_PLP_A_501,0.96975824,0.93649511,0.17245094,0.28787113,0.91508531,0.21974503,0.010868952
6pk1_PLP_B_501,0.9891685,0.93665424,0.17239152,0.28921259,0.93881311,0.22018834,0.010367014
6pmv_M16_A_803,7.8065312e-09,0.67150014,0.17546652,0.22630788,4.6073657e-06,0.20748015,0.29852127
6pn9_OU7_A_803,0,0.65724591,0.17454223,0.24037258,0.43022579,0.22221356,0.35622049
6pn9_OU7_B_803,0.53555805,0.67332778,0.17411157,0.25719274,0.43512371,0.21283922,0.31010108
6pna_M16_A_803,0.98512807,0.70153972,0.17468822,0.25701626,1.2825517e-06,0.18998703,0.21283518
6pna_M16_B_803,0.81867137,0.69646398,0.17481973,0.25182745,8.6516959e-07,0.1929428,0.22731339
6png_OSG_A_802,0.98981277,0.70168233,0.1746845,0.25716253,8.5792804e-06,0.18990409,0.21242868
6png_OSG_A_803,0.21349137,0.66365668,0.17437055,0.24707766,0.43217827,0.21847663,0.33783575
6png_OSG_B_801,0.44401434,0.67057888,0.17418518,0.25431764,0.4342865,0.21444159,0.31798434
6png_OSG_B_804,0.46300822,0.67114923,0.17416991,0.25491418,0.43446021,0.21410913,0.31634869
6po9_OS7_A_803,0.26412292,0.66517705,0.17432984,0.24866783,0.43264131,0.21759039,0.33347563
6po9_OS7_B_804,0.40392794,0.66937515,0.17421742,0.25305866,0.43391989,0.21514326,0.32143637
6ps7_ZMA_A_1201,0,0.96276576,0.17274416,0.2413506,2.6371419e-05,0.21244948,0.48336551
6pvi_OZ7_A_501,0,0,0.18130651,0.19406292,0,0.19730254,0
6q4b_HHN_A_301,0.99333107,0.98043184,0.17190065,0.27340923,0.036972606,0.19606156,0.40056559
6q4k_HHW_A_301,0.98913197,0.9802355,0.17199267,0.2720297,0.00049452879,0.19487007,0.39533783
6q4k_HHW_A_302,0.96633229,0.97261115,0.17207839,0.27093583,5.9196144e-05,0.19513792,0.39272863
6q4r_HJ5_A_1009,0,0.67150029,0.17546653,0.22630773,0,0.20747999,0.29852065
6qa7_HTW_A_901,0,0.66015625,0.17473021,0.23751118,0.34310385,0.21921585,0.34448672
6qaw_HVE_A_402,0,0.97889613,0.17303555,0.26017448,0.99028299,0.23893237,0
6qdb_HWQ_A_1003,0.98756333,0,0.18033905,0.22590455,7.572648e-09,0.18053296,0
6qde_HWW_A_502,0,0.92510741,0.17309555,0.23940858,0,0.211809,0.45950998
6qde_HWW_A_503,0,0.87217611,0.17358936,0.23668019,0,0.21091004,0.42598508
6qhu_FAH_A_401,0.95298176,0.95389507,0.16948078,0.30441712,0.93570513,0.22901032,0.63294804
6qli_4LR_A_301,0,0.66899344,0.17530382,0.22878351,0.075820346,0.21007342,0.3086784
6qni_GLC_A_402,0,0.67149928,0.17546647,0.22630873,3.0515154e-05,0.20748104,0.29852474
6qnj_GLC_A_402,0.98690736,0.70159309,0.17468676,0.25707261,2.8243893e-05,0.18995635,0.21268403
6qo4_97T_A_301,0.33094554,0.99258974,0.17260605,0.27153893,0.99576951,0.23363297,0.00093734222
6qo4_97T_B_301,0.9439596,0,0.17862725,0.25490203,0.99763953,0.21399616,0.00094564925
6qol_JB5_A_301,0.99391945,0.70178205,0.1746796,0.25731573,0.00077986611,0.18985755,0.21217482
6qol_JB5_B_301,0.00073635277,0.67150255,0.17546464,0.22635062,0.00061054468,0.2074878,0.2985384
6qor_JBK_B_301,0.99780293,0.70159099,0.17465645,0.25774243,0.010140233,0.19010876,0.21309106
6qot_6SD_A_301,0.99085635,0.66884406,0.17255013,0.28965779,0.9941742,0.22389096,0.34552756
6qqs_JCZ_A_301,0.53484623,0.65485159,0.17290474,0.27552929,0.99681659,0.23207876,0.38554496
6qqs_JCZ_B_301,0.92756935,0.69978442,0.17473368,0.2552222,6.3193828e-06,0.19100927,0.21784226
6qrn_RIP_A_500,0.026538018,0,0.17943265,0.021190856,0.97174706,0.22915625,0.05173119
6r0i_JNB_A_901,0.99443317,0.66911382,0.17255774,0.28961058,0.98931382,0.2236612,0.3445653
6r5o_BGC_A_801,0,1,0.1686464,0.28459955,0.98725877,0.25124923,0.93359819
6r5o_BGC_B_802,0.066333765,0.67352293,0.17541412,0.22837556,2.0561331e-06,0.20630217,0.29275127
6r6i_H50_A_201,0,0.66370265,0.1749604,0.23400872,0.23584167,0.21554695,0.33011666
6r73_LMP_A_301,0,0.67150029,0.17546653,0.22630773,0,0.20747999,0.29852065
6r7w_CIT_A_406,0.96275909,0.72064174,0.17428602,0.25989867,0.060461382,0.19301643,0.24264544
6rbo_JXQ_A_302,0.77378289,0.69508272,0.17485439,0.2504405,0.00037822043,0.1937528,0.23126831
6rbr_JXN_A_302,0.98075432,0.95237674,0.17221259,0.2709789,0.019195882,0.19519655,0.38136511
6rbx_JYT_A_301,0.98338246,0.68251772,0.17345837,0.27569554,0.57371739,0.20964196,0.28984849
6rgg_K3Q_B_401,0.034880406,0.67196347,0.1754,0.22798801,0.01816007,0.20748178,0.29791971
6rgg_K3Q_B_405,0.081699856,0.16740715,0.17790741,0.23544861,0.9848106,0.23044293,0.00064653271
6rgr_RM4_A_402,0.054839278,0.94657568,0.17316285,0.25500893,0.70274651,0.22981971,0.1183336
6rgr_RM4_A_403,0.22235516,0.96693027,0.17014276,0.26657935,0.23026258,0.22186857,0.89728833
6rhc_K48_A_305,0.9953123,0.96944913,0.16761595,0.31706636,0.9896873,0.23487441,0.98957485
6rhk_K4B_A_302,0,0.64995402,0.174068,0.24758697,0.6516732,0.22977045,0.38582615
6rlt_MLI_A_508,0.99526779,0.54215619,0.1746412,0.26997204,0.59734535,0.2080022,0.20764731
6rlt_MLI_B_511,0.96251104,0.38015543,0.1760079,0.26296224,0.66561134,0.20820909,0.11866389
6rq3_OUC_A_401,0.028560803,0.67237093,0.17544395,0.22719828,7.8062697e-06,0.2069731,0.2960375
6rum_TOP_A_301,0.99616858,0.9743454,0.17212441,0.29111622,0.95067302,0.22077622,0.0077059447
6s23_KSW_A_402,0.22710281,0.97221637,0.17252118,0.24867036,2.0806847e-06,0.2085011,0.46657982
6s23_KSW_B_402,0.21864376,0.97933453,0.17245979,0.24878288,6.1288765e-06,0.20877514,0.47193688
6s37_SAL_A_601,0.99590925,0.9883116,0.17225417,0.27076439,0,0.31959997,0.32047915
6s39_K5Z_A_301,1.0010585e-05,0.97379937,0.1731267,0.25899577,0.95771196,0.23781657,4.51464e-10
6s4h_KUQ_A_901,0.99250904,0,0.17936252,0.24293009,0.55387147,0.19860921,0
6s7u_KZK_A_501,0,0.65724591,0.17454223,0.24037258,0.43022579,0.22221356,0.35622049
6s7u_KZK_C_501,0,0,0.18053913,0.20774308,0.45793575,0,0
6s9g_L1Q_A_305,0.99700611,0.97132235,0.16764044,0.31626344,0.95528941,0.23379768,0.99433744
6s9g_L1Q_A_306,0.94764216,0.86333119,0.17310386,0.26481336,0.0021964177,0.19369412,0.32571179
6sds_L8N_A_302,0.98422833,0.66867813,0.17255772,0.28941545,0.99307996,0.22397123,0.34595746
6si4_LEK_B_402,0.95633218,0.70066137,0.17471095,0.25611891,9.7879364e-06,0.19049865,0.21534096
6sj8_44V_A_901,0,0.16794465,0.17808505,0.23107649,0.92708296,0.22993831,0
6sj8_44V_B_901,0.99360757,0.68345695,0.17349101,0.27539461,0.55474017,0.20881128,0.28641672
6sjs_THH_B_901,0.9801108,0.67738676,0.17313438,0.28056239,0.72588721,0.21490502,0.31051945
6sux_BEN_A_302,0.99755928,0.66900018,0.1725417,0.2899144,0.99563407,0.22382187,0.34514012
6sxr_KHP_A_506,0.97275358,0.70098959,0.17468678,0.25680118,0.0052276365,0.19038553,0.21461168
6sxr_KHP_A_507,0.98652342,0.67041913,0.17266437,0.28783668,0.94253946,0.22220174,0.33898686
6sxr_KHP_A_513,0,0.96611619,0.1731501,0.25919729,0.97360822,0.23826605,0
6syz_M1E_B_601,0,0.99006114,0.16841337,0.28607905,0.99566072,0.25224931,0.99606932
6szl_M3E_B_604,0.34560644,0.19160129,0.17752106,0.24482266,0.99260877,0.22637281,0
6szt_M4Q_A_601,0,0.67134848,0.17545668,0.22645766,0.0045914643,0.20763704,0.29913578
6szt_M4Q_B_601,0.037841621,0.67255077,0.17542992,0.22758947,0.0031281087,0.20691503,0.2956483
6t02_M5E_A_602,0.00016206908,0.67150522,0.1754664,0.22631279,2.5297171e-07,0.20747712,0.29850659
6t02_M5E_B_601,0,0.6685133,0.17527265,0.2292577,0.090342279,0.21057015,0.31062392
6t07_M45_B_601,0.00023881849,0,0.18130597,0.19407598,0.00017573677,0.19730424,0
6t0a_M58_A_601,0.0026412827,0.99388745,0.17466341,0.2307728,0.0038696588,0.20668549,0
6t0a_M58_B_601,0.88004269,0.6983354,0.17477125,0.25374049,0,0.19185299,0.22197525
6t0m_GOZ_A_305,0,0.98022933,0.17386491,0.24567326,0.51246344,0.2232782,0
6t10_M6Z_B_601,0,0.67150029,0.17546653,0.22630773,2.2701391e-10,0.20747999,0.29852065
6t5p_VD8_A_302,0.99121313,0.66903645,0.17256163,0.28948965,0.98868421,0.22369684,0.34476103
6t5p_VD8_B_302,0,0.18383287,0.17815926,0.2287347,0.83411429,0.22701898,0.00065221674
6t5p_VD8_C_302,0,1,0.16836385,0.28630816,0.99362511,0.25223751,0.99316166
6t5p_VD8_D_302,0.99554728,0.66906904,0.17255174,0.28972309,0.99169574,0.22372289,0.3447875
6t9c_MX8_A_501,0,0.9766465,0.17261472,0.2420652,0,0.21268431,0.49215311
6tbx_N0Z_A_302,0,0.67130982,0.17545417,0.22649584,0.0057607347,0.20767704,0.29929243
6tbx_N0Z_B_302,0.99118029,0.69882569,0.1744953,0.26006758,0.087669676,0.19287825,0.22405381
6tbx_N0Z_C_303,0.99274841,0.69716582,0.17438321,0.26180299,0.13931925,0.19461708,0.23083697
6tfb_N6W_B_202,0.074752336,0.95043155,0.17313807,0.26178629,0.99839897,0.23766275,0
6tgi_N8Z_A_508,0.99346529,0,0.1803002,0.22666882,0.018848965,0.18105076,0
6tgl_LVP_B_201,0.98485135,0.70153126,0.17468844,0.25700766,1.9877009e-06,0.18999196,0.21285934
6to7_SUV_A_401,0,0.9844912,0.17014295,0.27646957,0.9977419,0.24739316,0.64822342
6to7_SUV_B_401,0,0.98395451,0.17014891,0.27642849,0.99734801,0.24737039,0.64782385
6tof_NQE_A_201,0.99410309,0.70181343,0.17468113,0.257296,1.8441739e-07,0.18982762,0.21205439
6tog_NQH_A_201,0.97943118,0.99100723,0.1720076,0.29198373,0.98322104,0.22218268,0
6toj_NQQ_A_201,0.97418721,0.6862735,0.17372761,0.27142275,0.45164225,0.20562967,0.27429373
6tol_NQW_A_201,0,0.67146917,0.17546451,0.22633846,0.00094125083,0.20751219,0.29864675
6tor_PMP_A_504,0.98598829,0.70156599,0.17468754,0.25704304,0,0.18997171,0.21276018
6tor_PMP_B_504,0,0.66492327,0.17503963,0.23280324,0.19892391,0.21428418,0.32517075
6tot_NRK_B_401,8.9394841e-07,0.64416876,0.17369248,0.25330058,0.82665079,0.23575554,0.40926804
6tt4_FT8_A_709,0.99238354,0.93501598,0,0.30357417,0.98896537,0.22833432,0.51706294
6u30_PQM_A_501,0.88886852,0.96138617,0.17222925,0.26802435,0,0.19634647,0.3933761
6u6c_P1T_B_502,0.97466412,0.66887726,0.17259713,0.28863263,0.97823644,0.22363334,0.34480074
6u6c_P1T_F_805,0,0.65724591,0.17454223,0.24037258,0.43022579,0.22221356,0.35622049
6ufd_Q6D_A_305,0.99286006,0.6823404,0.17342061,0.27645152,0.58782142,0.2099561,0.29091368
6uo7_QCP_A_504,0.9840092,0.95007497,0.17017913,0.30005963,0.87318732,0.2246927,0.50891259
6uqd_QF4_B_501,0,0.67150028,0.17546653,0.22630773,1.4150074e-07,0.20748,0.29852067
6ur0_ETM_A_401,0.75018752,0.69437573,0.17487384,0.24969264,0,0.19415884,0.23326995
6ur0_ETM_B_401,0.98154439,0.96809039,0.17210121,0.2713068,0.004351588,0.19493472,0.38899033
6uvj_QJ1_A_205,0.90871613,0.66671873,0.17263965,0.28672264,0.98269995,0.22495706,0.35113483
6uxr_K6G_B_202,0,0.67148897,0.1754658,0.22631891,0.00034241582,0.2074917,0.29856653
6v9f_QTS_B_2001,0.99519611,0.69260725,0.17408055,0.26645507,0.2794519,0.19936685,0.24939783
6vei_9UO_B_502,0,0.16030097,0.17804387,0.23227964,0.97403451,0.23142004,0
6vlu_CIT_A_701,0.32936247,0.5216739,0.17666314,0.22853228,0.00025217842,0.19900826,0.17100743
6vmz_NAG_C_402,0,0.67148122,0.1754653,0.22632656,0.00057656782,0.20749971,0.2985979
6vmz_NAG_E_402,0,0.67150019,0.17546653,0.22630782,2.8668874e-06,0.20748009,0.29852104
6vmz_R3P_C_404,1.4709773e-07,0.95983833,0.17277153,0.24119881,0,0.21239884,0.48150736
6vmz_R3P_E_403,2.4401517e-07,0.94925063,0.17287031,0.24065306,0,0.21221903,0.47480146
6vo2_R67_A_403,0,0.85925299,0.17359143,0.23769383,0.04929356,0.21239878,0.42526521
6vv1_RMJ_A_501,0,0.97525195,0.17479712,0.22988615,2.8041633e-05,0.20642999,0
6w0x_S6J_A_301,0.96992206,0.67686667,0.17312884,0.2804516,0.7322208,0.21530259,0.31225417
6w0x_S6J_B_301,0.98126651,0.67042371,0.17267922,0.28750998,0.93755264,0.22212451,0.33877601
6wdv_TWM_A_701,0.9648928,0.66983658,0.17268646,0.28708633,0.94020952,0.22250614,0.34055613
6wdw_TWV_A_701,0,0.65051939,0.1741047,0.2470286,0.63457327,0.22918555,0.38353525
6wiw_I14_A_601,0.97131085,0.69682881,0.17442071,0.26082197,0.12974085,0.19467012,0.23141836
6wiw_I14_B_601,0.95102656,0.70049978,0.17471516,0.25595333,3.7073442e-06,0.19059265,0.21580162
6x9d_HYP_A_2002,0.97339818,0,0.17856076,0.25608646,0.9988529,0.2136381,0.0087431302
6x9d_HYP_B_2002,0.96682013,0,0.17860592,0.25566582,0.99912904,0.21364663,0
6xeb_V1P_A_411,0,0.67128028,0.17545225,0.22652501,0.0066541823,0.2077076,0.29941212
6xim_XLS_B_397,0,0.65404975,0.17433385,0.243542,0.52779664,0.22553326,0.36923025
6xim_XLS_C_397,0,0.67150029,0.17546653,0.22630773,0,0.20747999,0.29852065
6xim_XLS_D_397,0.99130531,0.68886419,0.17384836,0.26991328,0.38907336,0.20318554,0.26442237
6xp1_T2C_A_401,0.9852694,0.98470695,0.17206218,0.29162388,0.97282158,0.22168361,0
6xu3_GAB_B_402,0.0051727137,0.99025138,0.17467225,0.23094568,0.011252634,0.20685055,0
6xu3_PLG_B_401,0,0.64221718,0.17356581,0.25522792,0.88567603,0.23777451,0.41717581
6xu3_PLG_C_401,0.98334706,0.66890606,0.17257495,0.28913633,0.98537327,0.22372327,0.34500164
6xzx_O5H_A_302,0.86854814,0.67026803,0.17298127,0.28075555,0.83830471,0.22073129,0.33528379
6xzx_O5H_B_302,0.97270403,0.67842355,0.17322219,0.27908452,0.6876984,0.2137303,0.30604748
6yaw_P9H_A_301,0,0.65724591,0.17454223,0.24037258,0.43022579,0.22221356,0.35622049
6yaw_P9H_B_502,0,0.96220098,0.17150551,0.25895399,0.51745813,0.2303709,0.56136958
6yk5_PVK_A_312,0.99633508,0.66890335,0.17253881,0.289935,0.99743363,0.22390516,0.34548769
6yk6_OUB_A_311,0.99551536,0.66896743,0.17254524,0.28982148,0.99473959,0.22382757,0.34519807
6ypv_AKG_A_302,0.99691914,0.95992978,0.1722863,0.28831402,0.85743381,0.21785058,0.029032794
6yta_IYZ_A_702,0.98236373,0.6713936,0.17273914,0.28661936,0.90923012,0.22113626,0.33488617
6zac_QDE_A_4000,0,0.63946842,0.17338739,0.25794261,0.96881303,0.24061821,0.42831378
6zi7_QR8_A_502,0,0.15687271,0.17802317,0.23285049,0.99600034,0.23211613,0.00012799026
6zi7_QR8_B_502,0.92980244,0.66695043,0.1725963,0.28778613,0.99513931,0.22500811,0.35096728
6zi7_QR8_D_502,2.0707183e-06,0.67147699,0.17546501,0.22633087,0.00070660118,0.20750412,0.29861514
6zjw_GAL_A_1101,0.99808136,0.70140379,0.17464353,0.25794438,0.016058939,0.19030627,0.21385978
6zjw_GAL_A_1102,0.080685273,0.67395393,0.17540235,0.22882947,0.00020239148,0.20605418,0.29152983
7a2h_QX2_A_401,0,0.9754679,0.17261824,0.24211043,0.0031100341,0.21277206,0.49187762
7bp1_CAQ_A_401,0.99365204,0.66885015,0.17254279,0.28982311,0.99656832,0.22392321,0.34560514
7bp1_CAQ_C_401,0.99441545,0.66895446,0.17254744,0.28976688,0.99411729,0.22382582,0.34521037
7bp1_CAQ_D_401,0.98569628,0.70155709,0.17468777,0.25703393,0,0.18997689,0.21278558
7bqu_EF2_A_501,0.78958698,0.99578968,0.17213726,0.28646186,0.99712986,0.22590718,0
7bzm_GIM_A_501,0.99316825,0.67218179,0.17276038,0.28650311,0.89535569,0.22046983,0.33208763
7bzm_GIM_B_501,0,0.17108248,0.17810196,0.23058257,0.90780873,0.22933004,0
7c7g_FJR_A_402,0.99076541,0,0.18033291,0.22605992,0.0017118082,0.18053472,0
7c7g_FJR_B_402,0.99153711,0.99128371,0.17188033,0.27278268,0.0037554411,0.19512721,0.40258811
7cne_SIN_A_402,0,0.67043243,0.17539722,0.22736236,0.032297775,0.20858474,0.30284763
7cwd_GLC_A_901,0,0.67103794,0.17543652,0.22676434,0.013983677,0.2079583,0.30039406
7est_0Z2_E_1,0.97246926,0.94813664,0.17005091,0.3017834,0.93689354,0.22707619,0.51848973
7jis_VBS_A_1101,0.99470933,0.99448006,0.17185765,0.27291492,0,0.19499397,0.40372581
7kje_NRD_A_405,0,0.67150029,0.17546653,0.22630773,0,0.20747999,0.29852065
7kjg_BTM_A_406,0.98037926,0.70139496,0.17469197,0.25686819,0,0.19007131,0.21324805
8cpp_TCM_A_422,0.078946401,0.6724576,0.17531004,0.23020068,0.043855689,0.20757822,0.29752936
8icd_ICT_A_418,0.86263823,0.93969954,0.1723717,0.26718668,0.03138311,0.19754018,0.38702296
