PDB_CCD_ID,surfdock,unimol,diffdock,diffdock_l,gnina,autodock,smina
19gs_BSP_B_210,0.0053721136,0.98854669,0.16194057,0.14527912,2.4252396e-05,0.35815553,0.35995224
1a49_OXL_A_533,0.98958419,0.93781074,0.17795549,0.16656847,0.00010669079,0.22379369,0.2323906
1a49_OXL_D_2333,0.99569192,0.96645288,0,0,9.8789352e-05,2.2577212e-05,2.9561683e-05
1a49_OXL_F_4133,0.9892019,0.87115368,0.18300418,0.17132457,0.13037441,0.24048638,0.24847911
1a59_CIT_A_379,0,0.93714712,0.16237707,0.14560547,0,0.35514276,0.35725052
1a9r_HPA_A_290,0,0,0.2050645,0.18541102,0.9870541,0.44995097,0.4504093
1ac4_TMT_A_296,0,0.98176216,0.19292247,0.17524009,0.95959659,0.49389626,0
1aej_NVI_A_296,0.82686768,0.98628294,0.17655667,0.16429063,0.04936543,0.25703046,0.26383584
1aer_TIA_B_700,0,0,0.17832059,0.15980029,0.19126473,0.31879954,0.32567546
1aia_PMP_A_411,0.21621794,0,0.20727242,0.18884594,0.95144949,0.4153698,0.41753427
1aia_PMP_B_411,0.2344142,0,0.20746536,0.18914184,0.94866523,0.41249451,0.41480085
1aiq_CB3_A_266,0.93128278,0,0.19289226,0.17944237,0.18852995,0.19467642,0.20768625
1aiq_UMP_A_265,0.97899523,0.81022196,0.20964332,0.19670286,0.90941846,0.36582104,0.36787453
1aj8_CIT_A_1000,0,0.93700491,0.16237852,0.14560669,0,0.35513246,0.35724118
1aj8_CIT_B_2000,0.060059918,0.94422312,0.19570647,0.17789756,0.96574497,0.50684061,0.5015067
1amq_PMP_A_413,0,0,0.18759228,0.16867913,0.4671525,0.3642677,0.36891874
1anc_BEN_A_290,0,0.96829228,0.19790483,0.17901054,0.99375656,0.98945176,0.98920182
1anc_BEN_A_384,0.010602554,0.8829061,0.16309491,0.14629553,4.0040124e-06,0.34980747,0.35235004
1aog_MAE_A_500,0,0,0.20169781,0.18218699,0.8868754,0.43344085,0.43470706
1aua_BOG_A_1,0,0,0.1718928,0.15364486,1.1729994e-07,0.28727784,0.29569621
1aua_BOG_A_2,0.15718129,0,0.17436771,0.15697489,9.016949e-09,0.26640448,0.2758544
1axg_ETF_B_404,0.99135464,0.98447323,0.21046008,0.19776003,0.9805795,0.38852622,0.38891357
1axg_ETF_C_404,0.99069673,0.96246439,0.20872635,0.19607054,0.92264914,0.37747247,0.37847089
1axg_ETF_D_404,0.41097855,0.97108532,0.20081944,0.1849679,0.96158857,0.46149961,0.45832136
1bqp_MAN_B_401,0.97770897,0.96333196,1.596685e-82,0.99694475,0.99689744,0.99240612,0.99227775
1bqp_MAN_C_402,0,0.97204432,0.19733287,0.17847682,0.97895466,0.98157457,0.97879968
1c3s_SHH_A_952,0.96309139,0.90306974,0.1778891,0.16630331,4.7177354e-05,0.22478625,0.23344371
1c9c_PP3_A_413,0,0,0.1718928,0.15364486,0,0.28727783,0.29569619
1ca7_ENO_A_501,0,0.90604403,0.19549693,0.1772584,0.97297985,0.51514875,0.53163124
1ca7_ENO_B_601,0.97789674,0.95974611,0.21073056,0.19790854,0.98746204,0.38965704,0.39006708
1ca7_ENO_C_701,0.97770249,0.90243739,0,0,0.95822014,0.96444004,0.96569604
1cdk_MYR_A_403,0.97867701,0,0.21913436,0.20486201,0.94718211,0.31341354,0.32061631
1cdk_MYR_B_403,0.9745238,0.88011681,0.20635652,0.19360806,0.83482987,0.35918367,0.36133868
1cgk_NAR_A_390,0,0,0.1718928,0.15364486,0,0.28727783,0.29569619
1cq1_BGC_A_455,0.11433033,0.96862762,0.16387607,0.14777527,0.0005490441,0.34233012,0.34497181
1cq1_BGC_B_455,0.66765475,0.94477314,0.17282562,0.15969774,0.00039786642,0.26709743,0.27353234
1d6u_HY1_A_2001,0.99426473,0.99667157,0,0,0.99548726,0.0056933056,0.0063647831
1d6u_HY1_B_3001,0.99514332,0.99613863,0.21009599,0.19744786,0.97149502,0.38737068,0.3877776
1d7a_AIR_B_350,0.95471767,0.88806388,0.17799013,0.16633172,0.0024426256,0.22520637,0.23389061
1d7a_AIR_C_400,0,0.9257566,0.16249277,0.14570322,1.1507757e-06,0.35431809,0.35650255
1d7a_AIR_D_450,0.97994517,0.91292722,0.17805285,0.16657434,1.5505939e-06,0.22325443,0.23195649
1dai_DSD_A_225,0.89260721,0.98709623,0.17592451,0.16408769,0,0.24022353,0.24785298
1diw_GAL_A_1400,0,0.97379023,0.16203564,0.14532046,0.0009117094,0.35794658,0.35980025
1dna_CB3_A_601,0,0,0.1718928,0.15364486,1.4744818e-11,0.28727783,0.29569619
1dna_CB3_B_602,0.91066295,0,0.18748952,0.17414262,0.037427377,0.17251197,0.18660504
1dpm_EBP_A_900,0,0.74387868,0.184829,0.16688476,0.60968361,0.44162689,0.44011934
1dpm_EBP_A_901,0.00036292408,0.9780366,0.16196777,0.14526255,5.190402e-06,0.35805649,0.35989126
1dpm_EBP_B_903,0,0.97920817,0.16194999,0.14524464,7.1840838e-10,0.35818867,0.36001321
1duc_DUD_A_201,0.49790609,0,0.18117241,0.16557225,0.042842225,0.22821762,0.23955816
1dxy_COI_A_404,0.96684591,0.94556853,0.17771002,0.16620341,0.0057999504,0.22831336,0.2366629
1e26_GPB_A_208,0.61697191,0.98369541,0.96807089,0.66423868,0.90321794,0,0
1e2s_CSN_P_701,0.89353797,0.29911644,0.18391939,0.17096169,0.029593188,0.19515598,0.20718563
1e48_13P_P_302,0.85673679,0,0.21335494,0.19858272,0.83234214,0.31068055,0.31800916
1e5f_PLP_B_405,0.39337695,0,0.21143655,0.19391564,0.99235377,0.39858476,0.40158202
1e7h_PLM_A_1001,0.96268238,0.97538283,0.19854092,0.18616038,0.63660115,0.3349856,0.33801999
1e8g_FCR_B_601,0.99606219,0.97599423,0.1799068,0.16852039,0.066671352,0.23666884,0.24451434
1e8m_P0H_A_724,0.97430306,0.88926204,0.18562702,0.17376602,0.22087112,0.25869072,0.26573393
1ei6_PPF_A_410,0.97993212,0.83340009,0.19332405,0.18110732,0.43038769,0.28842761,0.29419429
1ei6_PPF_D_412,0.99636031,0.88534888,0.21131492,0.19849571,0.97372118,0.37955294,0.38069594
1eow_U2G_A_130,0,0,0.19109143,0.17203001,0.57127266,0.3814274,0.38523877
1euu_GAL_A_2,0.052775123,0.74695083,0.16802689,0.15112043,0.08592342,0.34852174,0.35156368
1eyw_PEL_A_404,0.0035114931,0.96758981,0.16724253,0.15032108,0.15232892,0.38198582,0.38268319
1eyw_TEN_A_403,0.98636349,0,0.19870895,0.185349,0.33580396,0.21163357,0.2238172
1f5f_DHT_A_253,0.98975694,0.99476085,0.21090495,0.19818808,0.99767391,0.39230066,0.3924704
1fhv_OSB_A_789,0.9865647,0.94487042,0.17783268,0.1664405,0,0.22468833,0.23321874
1fk1_DAO_A_201,0.94505784,0.97035544,0.17701115,0.16542946,0.0027017322,0.23249115,0.24055577
1fm8_DDC_A_501,1.2272612e-05,0.99245385,0.16181569,0.14513127,6.0014969e-08,0.35914626,0.36088168
1foi_14W_A_810,0,0.99540042,0.16178565,0.14510581,2.4001213e-06,0.35936165,0.36107713
1fp2_HMO_A_2000,0,0.92100725,0.16254095,0.14574392,3.7590801e-09,0.35397397,0.35619042
1fqo_F6R_A_1268,0.93841667,0,0.1969288,0.18335144,0.30529828,0.21297326,0.22508824
1fqo_F6R_B_2268,0.94851056,0.94831394,0.20623152,0.19340757,0.8639032,0.37236826,0.37365885
1fs5_16G_A_1267,0.22979798,0.97451995,0.1656159,0.15015335,1.2464404e-07,0.3273325,0.33069673
1fs5_16G_B_2267,0.017154785,0,0.17216297,0.15400836,1.8410498e-06,0.28500001,0.29353094
1fsa_F6P_A_338,0.98133986,0.91052122,0.17907554,0.16755945,0.029052086,0.2276827,0.23617584
1fsa_F6P_B_338,0.96123392,0.97265526,0.21023065,0.19734283,0.9842941,0.39228256,0.39252186
1fuq_CIT_A_1001,0.7328087,0.89260135,0.17436845,0.16151338,1.6959119e-05,0.25460424,0.26182114
1fuy_FIP_A_269,0,0.97591356,0.1896317,0.17174966,0.82269911,0.49353643,0.48874855
1fwn_PEP_A_1268,0,0.97246389,0.19285389,0.17483137,0.91753597,0.50891637,0.50338691
1fwn_PEP_B_2268,0.9953144,0.96362355,0.9948372,2.3937641e-27,0.882534,0.0020669718,0.0020633448
1g4s_TPS_A_2001,0.98867079,0.9833517,0.21076937,0.19803854,0.99070117,0.39046953,0.3907652
1g4s_TPS_B_2002,0,0.98254196,0.16191613,0.14521604,0,0.35843009,0.36023218
1g6n_CMP_B_622,0,0.99243928,0.19266911,0.17534352,0.99234586,0,0
1g6t_S3P_A_601,0.99198286,0.96177999,0.19183376,0.17990079,0.41918545,0.29427792,0.29934953
1g72_PQQ_C_703,7.0264733e-06,0,0.20525219,0.18559081,0.99263592,0.45086996,0.45128332
1g79_PLP_A_260,8.7059167e-05,0.90095242,0.16290623,0.14607129,0.0047690718,0.35329608,0.35560968
1g79_PLP_A_270,3.2833526e-06,0.002583767,0.17186662,0.15362277,1.7753979e-07,0.28746453,0.29586551
1g8z_GAL_D_104,0.94144543,0.97509055,0.17682339,0.16523302,0.00023796911,0.23290772,0.24093662
1g8z_GAL_F_104,0.98978258,0.97660964,0.21010925,0.19740546,0.9685009,0.3861749,0.3867023
1g8z_GAL_G_104,0.99236488,0.95916607,0.19688036,0.18473289,0.56838283,0.31862662,0.32251516
1g8z_GAL_H_104,0.96352562,0.96128231,0.17732614,0.16583351,0.00068052065,0.22904851,0.23731173
1gck_PLP_A_413,0,0,0.1718928,0.15364486,0,0.28727783,0.29569619
1gey_PPE_A_413,0,0.94881201,0,0,0.36071842,0.41465647,0.41380439
1gij_2PU_A_501,0.89587387,0,0.55704148,0,0,0,0.17426895
1gim_HDA_A_438,0,0.95115893,0.18654285,0.16876335,0.72330822,0.4753635,0.47154384
1giu_ADE_A_300,0.98646955,0,0.1926441,0.17954178,0.1552893,0.18186945,0.19550953
1gkc_NFH_A_1448,0.99085417,0.97566059,0.21061459,0.19789485,0.98274896,0.38831204,0.38873796
1gkc_NFH_B_1449,0.96347199,0.93849705,0.2090285,0.19616617,0.93715389,0.38174271,0.38260688
1gsi_TMP_A_1210,0.97981491,0,0.19824951,0.18486903,0.32520119,0.2107558,0.22298196
1gsq_GDN_A_203,0.73101184,0.95409597,0.17371518,0.16094724,1.0867999e-07,0.25929331,0.26608445
1gxu_2HP_A_1092,0.98786244,0.62895653,0.21399209,0.20071395,0.97989811,0.3631324,0.36589632
1gz5_G6P_A_901,0.70041485,0.97877921,0.17298283,0.16008731,1.6373853e-06,0.26514425,0.27156837
1gz5_G6P_B_901,0,0.9722514,0.16202067,0.14530436,1.2221562e-06,0.35768509,0.35955646
1gz5_G6P_C_901,0,0.95979779,0,2.4338616e-90,3.3112043e-06,3.0069225e-08,6.8706661e-06
1gz5_UDP_D_900,0,0.96637626,1.0493254e-69,6.0493175e-70,0.81032892,0,0
1h0v_UN4_A_1299,0,0.93373407,0.19389148,0.17611247,0.97385433,0.49280746,1.0691243e-08
1h18_DTL_A_9009,0.99448401,0,0.18892893,0.17603297,0.040986001,0.1619672,0.17658166
1h18_DTL_B_9009,0.99240068,0,0.18751879,0.17466985,2.0181051e-06,0.15548942,0.17042073
1h18_PYR_A_1001,0,0.98341294,0.1934272,0.17539293,0.9379037,0.513066,0.50729856
1h18_PYR_B_1001,0,0,0.17442279,0.15606765,0.075282129,0.29968483,0.30749608
1h1i_QUE_B_1356,0.99406393,0,0.18754491,0.17470503,0,0.15526822,0.17021045
1h1i_QUE_C_1358,0,0,0.20496902,0.18531959,0.98421302,0.44948275,0.44996398
1h1i_QUE_D_1357,0.99102434,0,0.18749705,0.17464063,0,0.15567187,0.17059416
1h1m_KMP_A_1360,0,0.98834119,0.19253956,0.17521347,0.98710826,0,0
1h1m_KMP_C_1358,0,0.98772055,0.19272639,0.17539263,0.99258705,0,0
1h48_C5P_A_203,0.99086604,0.92561991,0.21045134,0.19768129,0.9627664,0.38139343,0.38231754
1h48_C5P_C_901,0.97232855,0.97198425,1.2344469e-28,4.6705211e-55,0.9799157,0.38911656,0.38950119
1h48_C5P_D_204,0.98369946,0.92967262,0.20975944,0.19697957,0.94676052,0.38000075,0.38097961
1h48_C5P_E_901,0.98758089,0.95238654,0.20970307,0.19697531,0.95012735,0.38168504,0.38250928
1h48_C5P_F_901,0.9961927,0.85419986,0.2116973,0.1988252,0.97576667,0.3776566,0.37899176
1h48_CDI_A_201,0,0,0.20528914,0.18562614,0.99373842,0.45105259,0.45145702
1h48_CDI_B_902,0.90556716,0.96987863,0.20859707,0.1954353,0.96092771,0.39562298,0.39570409
1h48_CDI_C_902,0.89463906,0,0.219367,0.20457153,0.99347825,0.33220352,0.33848141
1h48_CDI_D_201,0,0.91815537,0.19687066,0.17828928,0.98409532,0.5381777,0.97633968
1h48_CDI_E_902,0.96100581,0.97437693,0.21038004,0.19748646,0.9893664,0.39327348,0.39345879
1h48_GPP_C_904,0.96648463,0.051061276,0.18953006,0.1764961,0.08741935,0.17703567,0.19074808
1h48_GPP_E_904,0,0.83435966,0.1658185,0.14878337,0.071346744,0.35945767,0.36168222
1h5r_G1P_A_1294,0.84403737,0.4854717,0.19215684,0.17876118,0.3542036,0.26872273,0.27655483
1h5r_G1P_C_1294,0,0.97273598,0.16201625,0.14530068,1.6174966e-05,0.35772264,0.35959063
1h5r_G1P_D_1294,0,0,0.1718928,0.15364486,0,0.28727783,0.29569619
1h5r_THM_A_1292,0.99569826,0,0.18757119,0.17474018,1.6440774e-05,0.15505389,0.17000672
1h5r_THM_B_1292,0.95763577,0,0.18697264,0.17393453,3.9230732e-05,0.16011227,0.17481512
1h5r_THM_B_1293,0.98383148,0,0.20435425,0.19073963,0.50497134,0.23984973,0.25065251
1h69_ARH_C_1275,0,0,0.17189296,0.15364501,4.7567371e-06,0.28727861,0.29569693
1h70_CIR_A_500,0,0,0.20503863,0.18538625,0.98628454,0.44982415,0.45028868
1h7q_TYD_A_1258,0.55942237,0,0.18070549,0.16550082,0.00012674876,0.21300859,0.22509733
1h82_GZZ_A_590,0,0.94736517,0.16227332,0.14551781,0,0.35588271,0.35792167
1h8p_PC_A_1110,0,0.87982616,0.19490501,0.17702046,0.98762949,0.49123189,0
1h8p_PC_A_1111,0.071628614,0.90533677,0.16382805,0.14739601,4.3345933e-06,0.34332775,0.34611977
1h8p_PC_B_1110,0.98868054,0.91480008,0.19053188,0.17858011,0.36779961,0.2828456,0.2886263
1hdi_3PG_A_419,0.99369566,0.95282995,0.17914395,0.16774888,0.038082066,0.23059393,0.23881044
1hkn_N2M_C_4138,0.9783261,0.98289347,0.17731687,0.16593977,0,0.22853589,0.2367562
1hkn_N2M_D_5139,0.99528217,0.25884882,0.18493576,0.17251028,0,0.17385137,0.18705855
1ho5_ADN_B_2604,0.97807602,0.97888497,0.17735364,0.16596886,6.0170552e-09,0.22827882,0.23652448
1hot_16G_B_271,0.27312227,0.968443,0.16635978,0.15112335,4.3482707e-07,0.3211391,0.32482858
1hsb_ALA_A_1001,0,1.1247562e-05,0.17189268,0.15364476,4.5035936e-10,0.28727864,0.29569693
1hsb_ALA_C_1,0,0,0.1718928,0.15364486,0,0.28727783,0.29569619
1hsr_BHO_A_800,0.99664928,0.99188539,0.17751417,0.16625092,2.819143e-06,0.22675424,0.23503423
1i8a_BGC_A_189,0.068665263,0.89975852,0.16433933,0.14786114,0.014920795,0.34577565,0.3484655
1ia1_TQ3_A_194,0.99704587,0,0.22108694,0.20684404,0.99667661,0.31913122,0.3260554
1ia1_TQ3_B_196,0,0.96735884,0.1973376,0.17865363,0.99739114,0.70707169,0.99761943
1ij8_BNI_A_501,0.74154892,0.95511663,0.17392868,0.16121721,0.0017244195,0.2582521,0.26509162
1ij8_BNI_B_502,0.83194396,0.95623627,0.18157692,0.16909476,0.18729102,0.27691153,0.28284027
1iki_DAL_A_500,0.63914911,0,0.18195678,0.16718603,6.2995826e-06,0.2024012,0.21501414
1iki_REY_A_400,0.85864645,0,0.21284718,0.19810814,0.81633863,0.30778947,0.31525967
1iri_E4P_B_602,0.98966565,0.95990547,0.17775096,0.1663984,0.00065815938,0.22547378,0.233918
1iri_E4P_C_603,0.99298605,0.96082443,0.18864566,0.17685281,0.323562,0.27831611,0.28417189
1isx_XYP_A_1461,0.032025759,0.96506034,0.19425922,0.17666919,0.97624465,0.4930484,0.038516264
1isx_XYP_B_961,0.94605276,0.97208371,0.20969471,0.19673622,0.97528673,0.39277273,0.39298888
1itw_ICT_B_744,0,0.92113103,0.16300192,0.1461855,0.013753761,0.35624964,0.35835434
1itw_ICT_C_743,0.99213665,0.83316803,0.18065753,0.16905178,0.047695722,0.22371986,0.23265439
1itw_ICT_D_743,0.98668586,0.78255559,0.17951888,0.16787013,0.0010759672,0.21309529,0.22271083
1iwe_IMP_B_1443,0.97852813,0,0.1876768,0.17473645,0.011203601,0.15917777,0.17392769
1iwe_IMP_B_1452,0,0,0.17192586,0.15367652,0.00098386525,0.28743997,0.2958504
1ixo_G3P_A_1001,0.86584543,0,0.18644082,0.17286462,0.027220164,0.17678143,0.19066268
1ixo_G3P_B_1002,0.83841247,0,0.21270511,0.19784851,0.82159133,0.31134218,0.31863723
1ixo_G3P_D_1004,0,0,0,2.6127101e-63,0.015634324,0.28908524,0.29740484
1j0n_CEG_A_780,0,0,0.17189307,0.15364512,8.1131681e-06,0.28727916,0.29569746
1j0y_BGC_A_1601,0.99715808,0.97425925,0.21098067,0.19828232,0.99026507,0.38861212,0.38902823
1j0y_BGC_B_2601,0.9543416,0.98244992,1.0627539e-70,0,0.91602912,0.38174379,0.38245477
1j0y_BGC_C_3601,0.99731894,0.97767278,0.21109806,0.19839962,0.99471414,0.38957119,0.3899295
1j0y_BGC_D_4601,0.99550916,0.9816682,0.21105361,0.19835057,0.99544638,0.39022154,0.39053516
1j3i_UMP_D_711,0.98312368,0,0,1.28751e-60,0.97627229,0,0
1j3i_WRA_A_609,0,0.99015522,0.18211792,0.16457056,0.60342269,0.45842953,0.45531409
1j3i_WRA_B_709,0.97842315,0.99489507,0.18908485,0.17722346,0.35374769,0.28769211,0.29297947
1j3k_UMP_D_711,0.9814067,0,0.22072666,0.20640351,0.99328345,0.32064886,0.32749776
1j3k_WRA_A_609,0.97624103,0.9934278,0.21006727,0.19730181,0.97867757,0.39086828,0.39111149
1j3k_WRA_B_709,0.98990463,0.99566085,0.17920561,0.16783382,0.054633894,0.23692689,0.24469662
1j54_TMP_A_2000,0.98734221,0,0.21939189,0.20516155,0.95078537,0.31285667,0.32008724
1ja9_PYQ_A_406,0,0.97089405,0.16250463,0.14576626,0.013991928,0.35989256,0.36166024
1jho_RMB_A_990,0.95681204,0,0.2203194,0.2058633,0.99268842,0.32381691,0.3305092
1jhv_NIO_A_991,0.74166281,0.99598565,0.2066879,0.19263587,0.98879985,0.42387323,0.42247809
1jhv_PCR_A_990,0.99831,0.99501148,0.17769154,0.1664345,0.0054470704,0.22765733,0.23588326
1jl0_PUT_A_401,0.045505925,0.90215522,0.19458779,0.17668923,0.92656634,0.49927003,0.49443984
1jl0_PUT_B_401,0.98213682,0.92266115,0.21087781,0.19803298,0.97865221,0.38495648,0.38571512
1jtk_THU_A_138,0,0.95567749,0.19726604,0.17840096,0.97278509,0.97042791,0.97610867
1jtk_THU_B_1138,0.98802818,0.96226708,0.21018184,0.19744784,0.96714939,0.3851465,0.38576987
1jw0_GUA_B_999,0,0.88972707,0.19446931,0.17628361,0.9406064,0.50672702,0.50156864
1jyw_147_A_2001,0.98575778,0.96233771,0.18216414,0.17060351,0.13454226,0.24823387,0.25555637
1jyx_IPT_A_2001,0,0.97448388,0.18377026,0.16613495,0.64785474,0.46461737,0.46124914
1jyx_IPT_A_2002,0.00063031565,0.97431897,0.16242868,0.1457013,0.012471473,0.35980629,0.36156731
1jyx_IPT_C_2001,0,0.98310258,0.19740231,0.17855983,0.98479017,0.97874859,0.97887138
1k5s_GRO_B_601,0,0.96654426,0.19229962,0.17429382,0.89925485,0.50547484,0.50013267
1k8z_IAG_A_501,0.99442625,0.96225639,0.17797,0.16663993,0.0056558862,0.22583549,0.23425482
1kae_HSO_A_1001,0.97038463,0,0.21996794,0.20560962,0.9758712,0.31924291,0.32615989
1kar_HSM_A_502,0.0014684532,0,0.18212863,0.16345595,0.30388834,0.33716566,0.34314297
1kar_HSM_B_503,0.0036272461,0.97095689,0.16209101,0.1453924,3.8082026e-06,0.35711008,0.35901395
1kbq_936_B_704,0.99325856,0.98518428,0.17627673,0.16537158,1.1322975e-06,0,0
1kbq_936_C_701,0.99192282,0.9607106,0.17775621,0.16641813,8.1288974e-08,0.22512388,0.2335828
1kdo_C_A_5407,0.96351685,0.97707829,0.21039343,0.19751772,0.98940465,0.39314195,0.39332524
1kdo_C_B_6407,0.96329766,0.96558044,0.19873329,0.18633713,0.63907508,0.33460175,0.33768624
1kep_TDX_A_3500,0.14504393,0,0.17417915,0.15672019,7.5800224e-05,0.26802879,0.27739844
1ki2_GA2_A_1,0.95137752,0,0.18687279,0.17380068,0,0.16093688,0.17559898
1ki2_GA2_B_2,0.98928761,0,0.18748549,0.17461896,0.00046980284,0.15597993,0.17088703
1klk_PMD_A_653,0.99428941,0.98386265,0.21082488,0.1981266,0.98987492,0.38962422,0.38995998
1klz_U_A_2001,0.96733147,0,0.21965813,0.20529429,0.96808301,0.31836482,0.32532457
1km6_OMP_A_2001,0.97817557,0,0.22046268,0.20613098,0.98694232,0.32003288,0.32691172
1knu_YPA_A_1001,0.98339956,0.72652695,0,0.023933248,2.0392343e-09,0,0
1kuj_MMA_A_501,0.97735509,0.94941724,0.21111165,0.19825835,0.99593486,0.39037736,0.39078507
1kuj_MMA_C_502,0.99014569,0.94943352,0.21078697,0.19802556,0.98028587,0.38610092,0.38671866
1kuj_MMA_G_504,0,0.96582449,0.19801363,0.17910478,0.99545417,0.99456837,0.99496109
1kwc_BPY_B_401,0.99651389,0.99116452,0.17762134,0.16635189,0.0030372542,0.22722011,0.23547959
1kwu_MMA_B_601,0.017913055,0.93323504,0.19417097,0.17615713,0.93648164,0.50681911,0.50151858
1kwu_MMA_C_701,0.01853816,0.93401632,0.19255695,0.17461622,0.88839844,0.49886824,0.49395432
1kya_XYD_B_612,0.9916317,0.9752551,0.2108184,0.19809431,0.98832672,0.38909868,0.38948745
1kya_XYD_D_814,0.015163434,0.97004199,0.19318013,0.17589593,0.99324334,0,0
1l4f_150_A_990,0.99368633,0.98467331,0.17831245,0.16698902,0.022965378,0.23040982,0.23853375
1l4f_NCN_A_991,0.9681295,0.99178363,0.21055438,0.19771686,0.99647566,0.39475966,0.39481717
1l5o_2MP_A_990,0.99710042,0.99368906,0.17797956,0.16670141,0.014184438,0.22916217,0.23731861
1lc8_33P_A_800,0,0,0.20491656,0.18526935,0.98265197,0.44922547,0.4497193
1ldo_SNR_A_150,0,0.94881019,0.16225865,0.14550541,0,0.35598736,0.35801659
1ldo_SNR_B_350,0.98395114,0.97356556,0.17750016,0.16613897,0,0.2271134,0.23543344
1lfw_AEP_A_683,0,0.96861445,0.16206444,0.14534212,0.0002049184,0.35745528,0.3593495
1lo3_AN1_Y_500,0.99192112,0.97975166,0.17756284,0.16625475,0,0.22650298,0.23483367
1lqp_FCN_B_4001,0,0,0.1718928,0.15364486,0,0.28727783,0.29569619
1lqp_FCN_B_4003,0,0,0.17194599,0.1536958,0.001582878,0.28753869,0.29594429
1lro_PEP_A_1268,0,0.97226163,0.17757648,0.16020106,0.46288175,0.43397165,0.43211008
1lro_PEP_B_2268,0.0035607623,0.9731796,0.16972128,0.1527015,0.22775219,0.39481433,0.39486614
1lti_GAL_D_104,0.99229857,0.92993194,0.21125024,0.19846003,0.98717018,0.38553737,0.38624504
1lti_GAL_E_104,0.99412383,0.96631519,0.20007471,0.18781083,0.66476972,0.33479596,0.33787059
1lti_GAL_H_104,0.98568147,0.95699148,0.21093393,0.19814768,0.98903389,0.38868281,0.38914981
1luq_BTN_A_5100,0.99249329,0,0.22077586,0.20651834,0.98955304,0.31856178,0.32551353
1luq_BTN_B_5200,0.98717775,0.96500406,0.21065763,0.19790141,0.98253231,0.38799285,0.38846815
1lzz_IHG_B_1830,0.87990769,0.9348825,0.19290739,0.18021363,0.4955154,0.31979313,0.32369478
1m3u_KPL_A_265,0.42182256,0.84788602,0.17082089,0.15616558,0.026650278,0.29705377,0.30231604
1m3u_KPL_B_265,0.5774203,0.89648717,0.20329861,0.18827314,0.93483745,0.42958559,0.42821773
1m3u_KPL_E_265,0.99436588,0.96072578,0.21108358,0.19834831,0.99054643,0.38804924,0.38853589
1m3u_KPL_F_265,0.27282851,0.83831478,0.20100524,0.18415003,0.99172852,0.47519813,0.47176422
1m3u_KPL_G_265,0.41429981,0.85666867,0.2029595,0.18690654,0.98914215,0.45731391,0.45470572
1m3u_KPL_I_265,0.23320502,0.88935954,0.19825634,0.18133406,0.94391972,0.47627732,0.47262519
1m3u_KPL_J_265,0.99584105,0.93830312,0.21135247,0.19858914,0.99108144,0.38631775,0.38696075
1m9j_CLW_A_906,0.0010600658,0,0,0.15340566,3.6529426e-06,0.28666291,0.29510562
1ml4_PAL_A_385,0.98836746,0.96753583,0.2110142,0.19825304,0.99335002,0.38980103,0.39017985
1mmx_FUC_A_348,0.12276465,0.95600972,0.16416693,0.14809087,0.0014398473,0.34044313,0.34321795
1mmx_FUC_B_348,0.084803449,0.92972479,6.748806e-57,3.6350563e-57,0.99486867,0.99511246,0.99457609
1mmy_G6D_A_348,0.060535724,0,0.8109582,0.98805667,0.0026300371,0.0026147289,0.0026153768
1mmy_G6D_B_348,0,0,0.17200694,0.15375417,0.0033965023,0.28783759,0.29622856
1mrj_ADN_A_300,0.99255623,0.98721051,0.1774971,0.16620422,0,0.22695878,0.23524341
1mrq_STR_A_501,0.98824881,0.97981706,0.17750435,0.16617639,0,0.22699539,0.23530154
1msv_PUT_A_355,0,0.91784837,0.19295969,0.17487015,0.90418271,0.5027606,0.49770659
1msv_PUT_B_355,0.93965909,0.91313909,0.20833507,0.19532764,0.92001553,0.38024416,0.38126101
1mvc_BM6_A_200,0.99246354,0.99215841,0.2109211,0.19821709,0.99609982,0.39149335,0.39171107
1n1i_HIS_C_501,0.8243796,0,0.18492114,0.17115608,0.0014285187,0.17803737,0.19185448
1n3o_GYP_A_1001,0,0.94680066,0.19263075,0.17524508,0.9763628,0.0021027743,0.0021016581
1n3o_GYP_B_1101,0.042341654,0.96103598,0.16285552,0.1463496,0.0016164724,0.35151623,0.35372798
1n5i_TMP_A_217,0.98863951,0,0.22070247,0.20642452,0.98917489,0.31901124,0.32594074
1ne4_RP1_A_401,0.9695519,0.97117567,0.21070596,0.19784711,0.99409321,0.39268576,0.3929106
1nf0_13P_A_5001,0.99053029,0.9324785,0.20525499,0.19271092,0.81037383,0.35681938,0.35892406
1nf0_13P_B_1150,0,0,0.1718928,0.15364486,5.8260375e-08,0.28727783,0.2956962
1njr_XYL_A_285,0.9371685,0.83104973,0.1782127,0.16637239,6.1466915e-05,0.22301567,0.23198786
1nme_159_B_9002,0.97329797,0.96439468,0.17742557,0.16599197,8.3719521e-07,0.22786414,0.23617601
1nmm_NAG_B_403,0.98559406,0.97401938,0.21088159,0.19811653,0.99266223,0.3905255,0.390848
1nmm_NAG_D_527,0.97095362,0.97198781,0.21011628,0.1972919,0.97613541,0.38959887,0.38997225
1nmz_NYM_A_301,0.97243404,0,0.19935571,0.18588328,0.3615752,0.21773064,0.22961503
1now_IFG_A_557,0.93767286,0.98300879,0.20978281,0.19678192,0.98513541,0.39629984,0.39630801
1now_IFG_B_558,0.98726233,0.98739446,0.21076496,0.19803035,0.99245148,0.3912378,0.39148288
1ns4_BGC_A_1400,0.071644719,0,0.19454544,0.17577524,0.64048264,0.3833194,0.38704282
1ns4_BGC_B_2400,0,0.77234344,0,0,0.95373104,0.95400933,0.95397826
1nsm_GAL_A_1400,0.018743792,0,9.9371282e-58,5.7679615e-58,0.014965331,0.0082783438,0.0082771604
1nsm_GLA_B_2400,0.019248487,0.93132093,0.16822871,0.15132005,0.16334207,0.37908456,0.38004062
1nuw_F6P_A_2336,0,0.94570488,0.1681422,0.15113611,0.1741322,0.38446064,0.3851065
1nux_F6P_A_2339,0.9712401,0.96440473,0.2034176,0.19087012,0.77438456,0.35576179,0.35781512
1o28_UFP_B_708,0,0,0.17189316,0.1536452,1.0721248e-05,0.28727959,0.29569787
1o28_UFP_C_713,0,0,0.20384304,0.18424132,0.9507085,0.44396098,0.44471241
1o28_UFP_D_718,9.5050001e-05,0,0.20467647,0.18504001,0.97546343,0.44802813,0.44858055
1o29_UFP_A_803,0.00012005399,0,0.17189496,0.15364766,7.9691224e-06,0.2872632,0.29568228
1o29_UFP_C_813,0.0001942159,0,0.20455146,0.18492091,0.97169727,0.44739427,0.44797772
1o2i_655_A_246,0.99334405,0,0,0,0.88124563,0,0
1o68_KIV_B_275,0.9921679,0.97842617,0.20299164,0.19060609,0.75614116,0.35099137,0.35323475
1o68_KIV_D_275,0.92939119,0.99160496,0.20946425,0.19643612,0.9821337,0.39752743,0.39744758
1o68_KIV_E_275,0.9968964,0.9215331,0.20999874,0.19728001,0.9452387,0.37740798,0.37854054
1o6g_SIN_A_724,0.96743382,0.91780026,0.2027574,0.19016128,0.74244214,0.34762799,0.35022777
1o8a_NXA_A_702,0.98983562,0,0.22077963,0.20650572,0.99091045,0.31913843,0.32606178
1okm_SAB_A_555,0.99019112,0.98194388,0.21026754,0.19756565,0.97463114,0.38751724,0.38796196
1om5_INE_A_790,0.00020521086,0.98684058,0.16187666,0.14518441,2.7932529e-05,0.35871874,0.360493
1om5_INE_B_791,0.17961588,0.98772575,0.16470154,0.14898637,0.00029421017,0.33500136,0.33794496
1opr_ORO_A_220,0.99831537,0,0.19517536,0.18203813,0.22505904,0.19179488,0.20495004
1ov5_2LP_A_403,0.99352793,0.99478198,0.21086704,0.19817482,0.99478527,0.39132534,0.39154298
1ovk_NYL_A_405,0.95630158,0.98703406,0.21028553,0.19738172,0.99258249,0.39534481,0.39538808
1owz_4FA_A_409,0.98487937,0.97461893,0.21077149,0.19800741,0.98990214,0.39020894,0.39054498
1oxp_IK2_A_411,0.96819645,0.94966152,0.17749509,0.16601052,8.2486259e-06,0.2274759,0.23585345
1p1w_AMQ_A_428,0.99363753,0,0.21997307,0.20575655,0.96512929,0.31438463,0.32154085
1p1w_AMQ_B_427,0.99633263,0,0.21790992,0.20379728,0.90247571,0.303701,0.31138017
1p2s_ETF_A_400,0,0.7009665,0.16503999,0.1478851,0.0078780893,0.33933774,0.34297238
1p7c_THM_B_501,0.98834238,0,0.22062403,0.20634759,0.98697997,0.31868896,0.32563421
1p7l_MET_A_485,0.98409624,0,0.18738947,0.1744953,4.4855776e-05,0.1565993,0.17147576
1p7l_MET_B_385,0.97969341,0,0.18731866,0.1744006,6.4489877e-07,0.1571767,0.17202462
1p7l_PPK_C_684,0.98636298,0,0.18763751,0.17474668,0.0063636828,0.15733966,0.17218004
1p7l_PPK_D_884,0.0071423959,0.8086712,0.16391212,0.14697197,0.0035126094,0.34546939,0.34846083
1pfw_MF3_A_553,0.98994574,0.99201225,0.20890502,0.19627089,0.93724513,0.38211747,0.38279428
1pi3_TZD_A_530,0.88033853,0,0.18576688,0.17230776,0.00037630647,0.17043273,0.18462557
1pke_2FD_A_446,0,0,0.17356356,0.15524483,0.049715168,0.29547122,0.30348866
1pke_2FD_B_447,0,0,0.17295373,0.15466084,0.031569023,0.29248061,0.30064439
1pke_2FD_C_448,0.99291476,0,0.18988245,0.1769365,0.070094079,0.1669728,0.18134223
1pl6_572_A_405,0.66601137,0.95325612,0.17270025,0.15957736,5.8115657e-07,0.2678645,0.2742347
1pl6_572_B_407,0.62174352,0.94468091,0.1720906,0.15871336,9.4804642e-06,0.27312365,0.27926101
1pl6_572_C_409,0,0.958854,0.17147282,0.15434067,0.27721091,0.40240092,0.40212696
1poc_GEL_A_420,0.78301201,0.95165088,0.20401398,0.19027703,0.87646659,0.3966583,0.39673897
1pr0_NOS_A_1245,0,0,0.20486777,0.18522263,0.98120033,0.44898623,0.44949177
1pr0_NOS_B_1246,0,0,0.17264359,0.15436384,0.022340558,0.2909597,0.2991979
1pr0_NOS_C_1247,0.97562186,0,0.22042278,0.20607718,0.98695175,0.32037356,0.32723556
1pr6_XYA_A_1245,0.98852205,0,0.20527315,0.19164824,0.53011637,0.24337091,0.25400168
1pr6_XYA_C_1247,0.95218787,0,0.1884993,0.17536322,0.048018603,0.16874306,0.18302323
1pvc_ILE_0_7,0,0,0,2.0369494e-51,0,0,0
1pwz_RSO_A_256,0.99704689,0.95304311,0.1779438,0.16662029,0.00086467767,0.22403065,0.23256786
1pym_OXL_A_1001,0.99587261,0.87602299,0.17867831,0.16722831,1.8353189e-09,0.21846656,0.22752168
1pzy_NAG_B_405,0.96747266,0.96923682,0.21051424,0.19764859,0.98877682,0.3919453,0.39221242
1pzy_NAG_D_406,0.98454775,0.92616841,0.21007617,0.19728405,0.95472897,0.38094759,0.38189136
1q20_PLO_A_401,4.5957738e-07,0.98976784,0,0.01736432,0.95749823,0,0
1q3a_NGH_A_480,0.99064438,0.85950608,0.20483893,0.19222962,0.7758924,0.34583705,0.34871193
1q3a_NGH_B_479,0.96675714,0.95346286,0.20860618,0.19579894,0.92756993,0.38081072,0.38167296
1q4g_BFL_A_701,0.98606175,0.9863461,0,0.99524403,0.98892805,0,0
1q4g_BFL_B_1701,0.9911122,0.9888112,0.21072528,0.19801748,0.98989504,0.39040782,0.39068925
1q6r_LX1_A_7301,0.99215021,0,0.18953604,0.1766001,0.060144459,0.16543456,0.17987921
1q6r_LX1_B_9301,0.98713275,0,0.18838671,0.17546883,0.028295898,0.16085202,0.17552058
1q92_DRM_A_1001,0.98807652,0,0.21790379,0.20374098,0.90616134,0.30540481,0.31300007
1qit_MAE_A_411,0,0.85142394,0.1632482,0.14634152,2.0989431e-05,0.34893844,0.35162329
1qmh_CIT_A_401,0,0.88300113,0.18673993,0.16887403,0.70857955,0.46800037,0.46475845
1r4f_AD3_B_330,0,0.28485877,0.16902749,0.15122715,0.0008071043,0.30803932,0.31453298
1r4s_MUA_A_800,0.082806303,0.97175427,0.1965445,0.17887054,0.98834243,0.50953786,0.50398561
1rf2_BV4_E_105,0,0.92698486,0.17675211,0.15935978,0.42467202,0.42439564,0.4231471
1rf2_BV4_H_108,0.022685385,0.95181606,0.18890226,0.17116209,0.78308449,0.48225005,0.47809278
1rnd_DGP_A_126,0,0,0.1718928,0.15364486,1.2575528e-08,0.28727783,0.29569619
1rum_BEZ_H_1601,0.98712959,0.9750919,0.17774959,0.16639899,0.0063939891,0.22785562,0.23613467
1rvt_NDG_H_742,0,0,0.17189281,0.15364487,4.6338268e-07,0.2872779,0.29569626
1rvz_NAG_A_3321,2.3336708e-05,0,0.17189317,0.15364535,0,0.28727473,0.29569324
1rvz_NAG_F_3331,8.6951221e-05,0.00015058308,0.17190923,0.1536613,0.0004935975,0.28735853,0.29577247
1s1f_PIM_A_431,0,0,0.1718928,0.15364486,6.1802859e-09,0.28727783,0.29569619
1s3u_TQD_A_187,0.5475266,0.98836486,0.20366356,0.18854526,0.98746266,0.44888186,0.44627474
1s3v_TQD_A_187,0.87342551,0.9942192,0.20903725,0.1956884,0.99643915,0.40750651,0.40692639
1s5s_PG3_A_1,0.97213715,0.94968726,0,0.89164311,0.82229427,0.56609449,0.55755448
1s6h_4BZ_A_1,0.99692146,0.97821881,0.21026687,0.19760185,0.97033242,0.38564525,0.38619389
1s83_4HA_A_5,0.97650847,0.96651693,0.21044755,0.1976368,0.9817371,0.38938821,0.38978971
1sep_BIO_A_801,0,0,0.19974068,0.18031278,0.82863904,0.42384311,0.42557896
1sff_IK2_B_450,0,0.96952305,0.19207812,0.17474483,0.96711162,0,0
1sff_IK2_C_450,0.98606622,0.97676207,0.20997398,0.1972534,0.96626312,0.38631066,0.38683069
1sjc_SMG_A_1000,0.93247286,0.93730527,0.18462719,0.17260809,0.22523458,0.26844394,0.27485392
1sjc_SMG_B_1100,0.97844694,0.93954584,0.1914992,0.17947227,0.4088544,0.29276271,0.29797853
1sjc_SMG_D_1300,0,0.95002002,0.17945569,0.16197518,0.51207928,0.44046908,0.43836053
1sqk_LAR_A_378,0,0,0.1718928,0.15364486,0,0.28727783,0.29569619
1syf_THP_A_180,0,0,0,1.1521938e-10,0.43906068,0.35881521,0.363722
1sz6_NAG_A_5003,0,0,0.1719224,0.15367321,0.00088095403,0.28742301,0.29583427
1sz6_NAG_B_5002,0,0.96908857,0.16205347,0.14533215,2.1621625e-05,0.35745941,0.35935191
1sz6_NAG_B_5004,6.220312e-05,0,0.17189379,0.15364619,2.4218257e-07,0.2872696,0.29568837
1t87_CAM_B_2422,0.081808415,0.97759823,0.16435066,0.1480414,0.032618709,0.35258388,0.3546931
1t93_FLV_A_431,0.99121425,0.97238069,0.17762674,0.16630319,5.7515578e-06,0.22606402,0.23443966
1t93_FLV_A_432,0.99533845,0.9833779,0.17760659,0.16632167,0.00079637273,0.22644301,0.23476529
1tc2_7HP_A_800,0.99734029,0,0.22092481,0.20669058,0.99171433,0.31827431,0.32524043
1tc2_7HP_B_810,0.99836053,0,0.22072997,0.20651023,0.98543863,0.31710454,0.32412797
1thc_FL9_A_130,3.6158123e-07,0.92919813,0.16245779,0.14567367,4.4278506e-08,0.35456708,0.35672837
1thc_FL9_A_131,0.0034077821,0.9819991,0.16198785,0.14530491,0.00037338405,0.35799977,0.35982487
1thc_FL9_B_130,0,0.94444694,7.0714455e-24,8.1366343e-24,1.7245159e-08,0.00018364857,0.0001801194
1thc_FL9_B_131,0.030091695,0.98618795,0.16235316,0.14582251,7.0184595e-06,0.35469917,0.35667413
1tiw_TFB_A_2002,0.62811862,0.97161368,0.18765593,0.17368894,0.46832062,0.35140825,0.35362942
1tkh_DPN_A_913,0,0,0.17325015,0.1549447,0.040389185,0.29393423,0.30202688
1tkj_MED_A_913,0.83885921,0,0.18510112,0.17141687,0,0.17587908,0.18980273
1tl2_NDG_A_237,0.98017459,0.96795077,0.21060646,0.19781301,0.98518128,0.38957281,0.38996094
1tl2_NDG_A_238,0.00028478674,0.95188419,0.19769302,0.17879958,0.98335812,0.98014289,0.98017502
1tl2_NDG_A_239,0.97786416,0.95421403,0.21059529,0.19777247,0.98178096,0.38832447,0.38881736
1tl2_NDG_A_240,0.90898353,0.95031599,0.17655868,0.16475289,8.5012011e-05,0.2353993,0.24338321
1tl2_NDG_A_241,0.98446654,0.96463607,0.17760267,0.16623006,0.00011101267,0.22641661,0.23479927
1toq_AMG_A_501,0.99549451,0.95893793,0.21134235,0.19860096,0.99717729,0.3888627,0.38931533
1toq_AMG_E_503,0,0.9581768,0.19805084,0.17913113,0.9941913,0.99442989,0.99461845
1toq_AMG_G_504,0.9657646,0.94595247,0.21040231,0.19750431,0.97921127,0.38890949,0.38939933
1tsd_UMP_A_267,0.96169717,0,0.21970904,0.20530864,0.97223778,0.31979777,0.32668704
1tsd_UMP_B_265,0.97418974,0,0.22045632,0.20610055,0.98862058,0.32083878,0.32767792
1tt6_DES_A_129,0.33418096,0,0.17715467,0.16072479,0,0.24289929,0.25351083
1tuu_PIS_B_2854,0.0094804323,0.89805393,0.1629233,0.14614168,0,0.35105278,0.35348602
1tvw_CB3_A_318,0.18547571,0,0.17481322,0.15757434,7.7561149e-11,0.26264704,0.27228265
1tvw_UMP_A_317,0.99132926,0,0.19042989,0.17745107,0.087126514,0.16999041,0.18421207
1u18_HSM_A_401,0.88445605,0,0.18844731,0.17489976,0.078205628,0.18271273,0.19630494
1u1g_BBB_B_4300,0,0.95564832,0.16704488,0.15009668,0.14448488,0.38029463,0.38111262
1u1g_BBB_C_5300,0,0.98152727,0.17294097,0.15577257,0.32774737,0.41237158,0.4115374
1u1g_BBB_D_6300,0,0.95308125,0.19271947,0.17534147,0.98137212,0,0
1u1g_BBB_F_8300,0,0,0.20311715,0.18354619,0.92910913,0.44040125,0.44132687
1u2o_NEC_A_1001,0.98248375,0.9842777,0.20660961,0.19401831,0.87010244,0.37148273,0.37270412
1u2o_NEC_B_1002,0,0.98398553,0.19678877,0.17797791,0.96731487,0.97353227,0.97241114
1u6r_IOM_B_1601,0.9270924,0.97355557,0.17660499,0.16493445,8.499711e-09,0.2346634,0.24261035
1uay_ADN_A_1001,0.96927504,0.97851728,0.21031627,0.19748064,0.98484557,0.39173011,0.39197827
1uay_ADN_B_1002,0.99461596,0.95467063,0.21138949,0.19863586,0.99770245,0.3887569,0.38922826
1ubs_SER_B_398,0.96313177,0.94124263,0.20599356,0.19326089,0.84783539,0.36726643,0.36883017
1uk7_BUA_A_1300,0.99759868,0.97235082,0.20806012,0.19548601,0.90257817,0.37396402,0.37510302
1um4_SH4_H_1001,0.95339115,0.98374385,0.20287775,0.19026628,0.77252682,0.35922639,0.36104734
1uqx_MMA_A_1116,0.90406872,0.92333776,0.20898526,0.1957446,0.95911907,0.39215357,0.39255282
1uux_PPI_A_1165,0.99515914,0.93079883,0.17812484,0.16675666,0.00041528366,0.22259643,0.23127466
1uxi_FUM_A_1311,0,0.91529939,0.19153369,0.17350165,0.86098064,0.49545602,0.49076758
1uxi_FUM_B_1311,0.78912487,0.91581464,0.18005649,0.16733095,0.14989793,0.27350799,0.27972946
1uxq_G1P_A_1503,0.95994683,0.8249602,0.17865417,0.1669273,0.00068559358,0.21965263,0.22881029
1v03_BGC_A_1498,0.91451413,0,0.21581911,0.20129535,0.87859552,0.31063071,0.3179655
1v5g_HTL_A_1602,0.17612155,0,0.17764154,0.16022569,0.088541991,0.27848157,0.28734174
1v5y_4HC_A_1455,0.99504592,0.98753036,0.17753306,0.16625423,1.7080079e-07,0.22665135,0.23495016
1v5y_4HC_B_1201,0.0021852445,0.98407117,0.16193516,0.14524936,4.1809602e-06,0.35825133,0.36005742
1vje_MSE_A_401,0.93868149,0.89802039,0.17755455,0.16582806,3.1162682e-06,0.22765491,0.23618654
1vkf_CIT_A_501,0,0.86734174,0.19463659,0.17641817,0.93882056,0.50481163,0.4998184
1vkf_CIT_D_503,0.7903452,0.90373428,0.17516104,0.16263654,7.6385723e-06,0.24776819,0.25528779
1vl1_CIT_A_300,0.86706107,0.9080658,0.17797144,0.16580136,0.048999102,0.24596828,0.2535671
1vzd_UFP_A_317,0.98543516,0,0.18740911,0.17452228,1.882708e-06,0.15641441,0.1713
1vzu_UDP_A_1371,0,0.94178014,0.18842443,0.17055446,0.77646263,0.48344452,0.47925936
1vzu_UDP_B_2371,0.97566077,0.95794339,0.20720424,0.19451591,0.88303613,0.37261333,0.37386297
1w1a_NDG_1_1261,0,0.91813182,0.1626123,0.14580895,0.0012541785,0.35397243,0.35619813
1w1a_NDG_2_1261,0.89520071,0.90850903,0.1789636,0.16692385,0.065471508,0.24497825,0.25262592
1w3t_3GR_B_1297,0.97220018,0.79823146,0.18814704,0.17606218,0.26933799,0.26036553,0.26761706
1w3t_3GR_C_1297,0.57352286,0,0.18626365,0.1709096,0.15890863,0.2373044,0.24820519
1w55_C_A_1372,1.4510704e-05,0.94860626,0.16226101,0.14550753,1.9918047e-06,0.35597099,0.35800167
1w55_C_A_1373,0.9813245,0.9810874,0.20954516,0.19681874,0.95703139,0.38573212,0.38626636
1w55_GPP_A_1374,0,0.74513912,0.16409941,0,8.7802426e-08,0.34095454,0.3443648
1w62_PYC_A_700,0,0,0.20531646,0.18565231,0.99455149,0.4511866,0.45158446
1w78_PD8_A_1421,0,0,0.20331445,0.18373513,0.93497985,0.44136879,0.44224706
1wc7_PP3_A_1214,0,0.92140223,0.16253726,0.14574084,9.453789e-06,0.35400413,0.35621784
1wmz_NGA_C_503,0,0.96623915,0.16223254,0.14550037,0.0044891239,0.35798934,0.359865
1wq4_TYR_A_501,0.98465747,0,0.99551739,0.99658159,0.89852906,2.2508523e-06,2.2285523e-06
1x09_IPE_A_901,0.98596716,0.85467088,0.2034105,0.19082761,0.73411853,0.33922341,0.34243704
1x09_IPE_A_902,0.90629933,0.88982967,0.17712821,0.16521264,1.4298886e-05,0.23136389,0.23973807
1x29_PMG_B_1413,0,0.95116231,0.1918503,0.17384592,0.88123728,0.50139152,0.49629822
1x2a_PDG_A_413,0.8805022,0,0.21864164,0.20379057,0.97851814,0.33161534,0.3379211
1x7j_GEN_B_202,0,0.99376865,0.16828565,0.15132852,0.19292268,0.39103805,0.39120872
1x8x_TYR_A_952,0.99166536,0.95203449,0.1778405,0.16648735,7.4857321e-06,0.224531,0.23304659
1xc7_GL6_A_998,0.95675401,0.97966028,0.8578814,0.91385982,0.80567889,0.81681138,0.81519252
1xdj_HCS_A_1049,0.99616954,0.98594286,0.20358019,0.19120275,0.7740503,0.35395584,0.35603044
1xid_ASC_A_389,0.9912334,0.89814863,0.17841728,0.16697534,0.0010913964,0.22086477,0.22973165
1xin_XYL_A_397,0.77721827,0.9799924,0.17423808,0.16175984,0.0017350299,0.25531845,0.26222446
1xin_XYL_B_397,0.98988845,0.97847839,0.18920168,0.17738657,0.34689213,0.28385086,0.2893793
1xin_XYL_C_397,0.98328384,0.97677191,0.17751457,0.16615236,0.001710163,0.22771606,0.23599633
1xin_XYL_D_397,0.98686733,0.98115463,0.17795947,0.16660532,0.01459389,0.22968088,0.23785127
1xl0_OX2_A_998,0.99585109,0.99262944,0.21036204,0.19770295,0.97801986,0.3880979,0.38848048
1xny_BTN_A_5602,0.96277469,0.88526479,0.17908915,0.16743018,0.03052433,0.22856177,0.23709127
1xuz_PEP_A_2001,0.9135682,0.84420816,0.2092819,0.19599607,0.93958689,0.38194273,0.38309469
1y2x_NAG_A_144,0,0.88494877,0.19746713,0.17881242,0.99068784,0.53754241,0.99018027
1y2x_NAG_B_1144,0,0.96207865,0.19798057,0.17907042,0.99351531,0.99309163,0.99305975
1y2x_NAG_C_2144,0.96157168,0.89133688,0.17798522,0.16637263,7.4309069e-05,0.22414288,0.23286916
1y2x_NAG_D_3144,0.96231023,0.96230572,0.21056634,0.19765901,0.99065152,0.3924379,0.39270269
1y42_TYR_X_701,0.85924668,0.84976395,0.19717008,0.18407204,0.60631816,0.33463392,0.33807959
1y5v_NE8_A_500,0,0,0.20520994,0.1855503,0.99138177,0.4506642,0.45108763
1y5x_E89_A_500,0,0,0.20484624,0.18520201,0.98055976,0.44888066,0.44939136
1y5x_E89_D_1500,0,0,0.2033406,0.18376017,0.93575804,0.44149704,0.44236904
1y8j_STS_A_900,0.87107372,0,0.18560836,0.17209937,0,0.17160106,0.18573613
1yee_PNB_H_551,0.98948095,0.98016125,0.18295551,0.17140449,0.16173101,0.25351105,0.26051869
1yik_MM1_A_501,0.34175622,0.66515264,0.17053795,0.15519638,0.00053327132,0.29014924,0.29632716
1yw9_A84_A_482,0,0.96938546,0.19287711,0.17518153,0.95440083,0.49220845,0
1z11_8MO_C_501,0.98998631,0.94893196,0.17785361,0.1664861,0.00024697782,0.22456877,0.2330923
1z4k_T3P_A_4341,0.99006705,0,0.3189066,1.5070803e-06,3.6264113e-07,0.15583242,0.17074619
1z6k_OAA_A_274,0,0.95013558,0.16225067,0.14549929,0.00016303905,0.35611021,0.3581292
1zb6_DIN_A_401,0.99759157,0.98006294,0.17765296,0.16637604,0.00011901319,0.22579211,0.23415696
1zb6_GST_A_502,0,0.91291662,0.1760155,0.15863826,0.3985028,0.41906401,0.41812124
1zdq_MSM_A_1507,0.93784982,0.99225512,0.2087362,0.19579132,0.95670318,0.39226011,0.39243647
1zdq_MSM_B_1508,0.95106816,0.98801844,0.21028371,0.19734914,0.99527764,0.39655526,0.39653582
1zei_CRS_C_56,0.99600051,0.99193138,0.20722797,0.19470178,0.88448169,0.37261179,0.37375439
1zei_CRS_D_54,0.036488016,0.96964612,0.19557941,0.17777775,0.99369211,0.40424061,0.41055306
1zei_CRS_E_54,0.99604346,0.98713007,0.21074541,0.19806495,0.98767554,0.38926543,0.38960844
1zei_CRS_E_55,0.99500818,0.99499985,0.17745694,0.16618966,9.8062974e-06,0.22719886,0.23544705
1zei_CRS_F_54,0.99545588,0.99076024,0.20552782,0.19306901,0.83379369,0.36424558,0.36580126
1zei_CRS_F_55,0.24575348,0.98633146,0.17292189,0.15726075,0.21348986,0.36125353,0.36292126
1zfj_IMP_A_500,0.98325547,0,0.21784971,0.20365976,0.90681112,0.30615212,0.31371051
1zg3_2HI_A_365,0.80538256,0.98039737,0.17462002,0.16229807,2.6605662e-05,0.25132606,0.25842796
1zha_PEP_A_1268,0.99620821,0.97795636,0.17835166,0.16703428,0.020921135,0.2292516,0.2374538
1zha_PEP_B_2268,0,0.97050759,0.16287878,0.14612412,0.025008269,0.36168014,0.36336158
1zha_R5P_A_1269,0.51672359,0,0.18002962,0.16459281,2.1169192e-05,0.2186615,0.23047086
1zjp_DR4_A_1,0.92249257,0.97041601,0.17656445,0.16486394,3.9146134e-07,0.23504696,0.24298486
1zk0_SS2_A_1260,0.78316205,0.96934391,0.19158705,0.17839782,0.5119674,0.33784772,0.34074972
1zmt_RNO_A_1002,0,0.93791651,0.16237126,0.14560078,5.949699e-05,0.35520828,0.35731039
1zmt_RNO_B_1001,0.98887301,0.96317512,0.17768316,0.16633238,0,0.22570735,0.23412966
1zmt_RNO_C_1003,0.00013013306,0,0.17189485,0.15364762,0,0.28726054,0.29567976
1zmt_RNO_D_1004,0,0.95191147,0.16222715,0.14547881,0,0.35621194,0.35822029
1zng_HE4_A_202,0.98427394,0.96792676,0.17756784,0.1661993,0.0001590073,0.2266884,0.23504724
1zoy_UQ1_B_1201,0.99492405,0.96770075,0.17773309,0.16642233,1.7945595e-05,0.22523447,0.23366587
1zpd_CIT_A_610,0,0.91406054,0.16528213,0.148361,0.079467393,0.36656767,0.36819004
1zpd_CIT_B_610,0,0.91502785,0.19308147,0.17498354,0.9069543,0.50301312,0.49795576
1zpd_CIT_E_610,0.98209188,0.96266732,0.17925329,0.16779398,0.049744436,0.23476931,0.24274938
1zpd_CIT_F_610,0.89851557,0.93843822,0.20793857,0.19472563,0.93513786,0.39003227,0.39048679
1zuw_DGL_A_1301,0.0022358184,0.98705009,0.19520371,0.17713135,0.99264585,0,0.9926218
1zuw_DGL_B_2301,0.0010481364,0.98594309,0.19727244,0.17845057,0.98191536,0.99613861,0.95160411
1zuw_DGL_C_3301,0,0.98853667,0.19733761,0.17848341,0.98220046,0.99437359,0.99425373
1zwp_NIM_A_401,0.9545907,0.94488591,0.17733723,0.16577078,0.00024279211,0.22897554,0.23729406
227l_BNZ_A_169,0.99736557,0.99278316,0.17751704,0.16625907,2.3666409e-05,0.22672757,0.23500604
2a15_NCA_A_1001,0.94465878,0.98346168,0.21006247,0.19709292,0.99032072,0.3962595,0.39626865
2a1m_CAM_A_1422,0.50253516,0.9879787,0.17391129,0.15977841,0.12311961,0.31237913,0.31644977
2a1m_CAM_B_2422,0,0.99117567,0.1630682,0.14632918,0.036889306,0.36513492,0.36658138
2a5t_GLU_B_2002,0,4.3225342e-05,0.17189236,0.15364449,0,0.28728096,0.29569903
2a5t_GLY_A_1001,0,0,0.1718928,0.15364486,0,0.28727783,0.29569619
2a9z_26A_A_1001,0.99335643,0,0.2210909,0.2068253,0.998523,0.31992547,0.32681054
2a9z_26A_A_1002,0.9726906,0.98943181,2.4855434e-23,2.4136263e-23,0.97359999,0,0
2agw_TSS_D_3001,0,0,0.17431602,0.1559654,0.072105097,0.29916123,0.3069981
2agw_TSS_H_2001,0,0,0.17360532,0.15528482,0.050957705,0.295676,0.30368341
2ahc_VNL_A_166,0.14034678,0.99258572,0.16403621,0.14811496,0.00036360511,0.34057959,0.34323219
2ahc_VNL_B_266,0.99686779,0.96299562,0.17782813,0.16651983,0.00051382353,0.22471734,0.23318918
2ahc_VNL_D_466,0.99549928,0,0.18757989,0.1747473,0.00036857131,0.15513835,0.17008703
2ai1_P1G_A_293,0.89927666,0,0.21925243,0.20449014,0.98789627,0.33066771,0.33702105
2aiq_BEN_A_401,0.98927238,0.98338686,0.2100655,0.19736821,0.96948563,0.38689572,0.3873662
2ajv_COC_L_501,0.75708418,0.96674051,0.20104626,0.18729398,0.80486634,0.389394,0.38978031
2ajx_TGN_L_501,0.02223558,0,0.20352455,0.18407213,0.93081373,0.43772934,0.43878715
2as1_TP5_A_500,0.84014149,0.99355835,0.1750668,0.16295329,0.0010120522,0.24782562,0.25505907
2b04_CHO_A_200,0,0,0.1718928,0.15364486,1.1109683e-13,0.28727783,0.29569619
2b3f_GAL_A_3310,0,0.9895783,0.19756938,0,0.99721077,0.99720114,0.99726733
2b3f_GAL_B_3311,0.98877692,0.98933276,0.21097064,0.19823878,0.99844754,0.39216522,0.39235884
2b3f_GAL_C_3312,0,0.98916431,0.19779907,0.17892709,0.99623799,0.9954422,0.99557411
2b3f_GAL_D_3313,0,0.98832846,0.19759582,0,0.99755872,0.99762231,0.99762187
2b3f_GAL_E_3314,0,0.99032772,0.19755351,0,0.99699715,0.99702722,0.99703009
2b3f_GAL_F_3315,0.94250889,0.98768118,0.21022225,0.19723762,0.99735715,0.39801021,0.3979201
2bdg_PBZ_A_301,0.99473734,0.99621974,0.21067627,0.19800117,0.98897645,0.39031152,0.39057426
2bdg_PBZ_B_302,0.99058278,0.99566928,0.21087384,0.19816437,0.99663567,0.39208566,0.39226308
2bf7_HBI_B_1290,0,0,0.17189283,0.15364489,9.0654154e-07,0.28727797,0.29569633
2bf7_HBI_C_1290,0,0,0.17226769,0.15400387,0.011155367,0.2891163,0.2974447
2bf7_HBI_D_1290,0,0,0.17194386,0.15369376,0.0015194765,0.28752825,0.29593435
2bgc_DTT_F_1238,0.36626258,0,0.20612226,0.18866092,0.84692595,0.37821801,0.38221011
2bgc_DTU_A_1238,0.58303984,0,0.20065223,0.18474663,0.5825949,0.30586691,0.31341337
2bk3_FOF_A_1503,0.91868267,0.9905141,0.19137771,0.17904928,0.44863987,0.31094714,0.31510667
2brk_CMF_A_1534,0,0,0.1718928,0.15364486,1.9432917e-09,0.28727783,0.29569619
2bs3_CIT_D_1657,0.99659677,0.97435028,0.17800193,0.16669761,0.0092431437,0.22701425,0.23533745
2bs8_NAG_A_1177,0.91733601,0.87833032,0.19537767,0.18274308,0.53439824,0.31713557,0.3213501
2bsc_NAG_A_1176,0,0.98456683,0.16252886,0.14580513,0.018844109,0.36168236,0.36331885
2bx7_34D_B_1313,0.98041028,0.86320922,0.17901022,0.16743704,0.0132491,0.22177554,0.23070862
2bxh_IOS_A_1002,0.21960481,0,0.17535076,0.15829754,4.7310786e-06,0.25811555,0.2679751
2bxh_IOS_B_1002,0.00019830868,0.92637842,0.16248954,0.14570205,2.4831414e-08,0.3543366,0.35651818
2c3d_COM_A_1525,0.99153815,0.96119892,0.21052079,0.19779264,0.97526773,0.38594099,0.38652911
2c3d_COM_A_1526,0.97782818,0.97824818,0.17735709,0.16596992,2.6327133e-05,0.22826996,0.23651807
2c3d_COM_B_1525,0.97631434,0.94499902,0.1782147,0.16674388,0.016208887,0.2287302,0.23706176
2c5b_5F1_A_500,0,0,0.1718928,0.15364486,0,0.28727783,0.29569619
2c5b_5F1_C_500,0,0,0.1718928,0.15364486,0,0.28727783,0.29569619
2c6q_IMP_A_1337,0.95838321,0,0.21833573,0.20397327,0.93292619,0.31375905,0.32094359
2c6q_IMP_B_1339,0,0,0.20391218,0.18430753,0.95276595,0.44430006,0.4450349
2c6q_IMP_C_1337,0.99548347,0,0.18756822,0.17473602,2.8661999e-05,0.15508443,0.17003575
2c6q_IMP_D_1337,0.95736072,0,0.21801814,0.2036629,0.92395518,0.31241635,0.31966653
2c6q_IMP_E_1337,0.52824311,0,0.21067121,0.19400642,0.90639228,0.36650779,0.37108338
2c6q_IMP_G_1338,0.99621839,0,0.21933025,0.20515673,0.94479226,0.31069022,0.31802738
2c6q_IMP_H_1337,0,0,0.19500628,0.17577898,0.68776263,0.40062573,0.40349767
2caq_GSH_A_1208,0,0,0.17190253,0.15365417,0.00028941252,0.28732552,0.29574155
2ci0_1CM_A_1450,2.7426361e-05,0,0.17189351,0.15364571,8.2726627e-06,0.28727555,0.29569402
2coj_GBN_A_420,0.99037458,0.99189584,0.1848411,0.17322908,0.2209652,0.26400435,0.27046115
2coj_GBN_B_420,0.99002875,0.98307273,0.20938645,0.19672219,0.94883069,0.38336846,0.38401258
2cxp_A5P_A_1601,0.99396606,0.96801873,0.19672636,0.18460534,0.56572498,0.31861704,0.3224779
2cxp_A5P_B_2601,0.99442931,0.95026194,0.17790177,0.16656087,0,0.22403436,0.23258008
2d0e_NQ_A_409,0.02018451,0.96322172,0.16243226,0.14581145,6.3525041e-05,0.354361,0.35642514
2d0e_NQ_A_410,0.99111416,0.98804439,0.17746715,0.16616769,3.6539229e-05,0.2272167,0.23548595
2d1j_D01_A_700,0,0.6042025,0.19062577,0.17227597,0.73997009,0.45298411,0.45136643
2d20_NPO_B_953,0.99645267,0.99162815,0.17756457,0.16629768,0.0015166757,0.22701121,0.23527944
2d3n_GLC_A_608,0.013895512,0.93914262,0.1625992,0.14590533,0.00070214434,0.35355769,0.35573755
2dcf_ACA_A_501,9.6187547e-07,0.97065714,0.1964017,0.17778487,0.97327166,0.82225419,0.83433157
2dm5_ODI_A_312,0,0.96308835,0.18995845,0.17204789,0.82854696,0.49357144,0.48882276
2dv0_ZST_A_600,0,0.97126264,0.19223529,0.17489845,0.97243901,0,0
2e40_LGC_A_1001,0.9583643,0.00092158409,0.18821706,0.17513171,0.037004959,0.16617445,0.18057777
2e40_LGC_B_2001,0,0,0.17315095,0.1548497,0.037437316,0.29344775,0.3015642
2e56_MYR_A_501,0.65949861,0.92168717,0.17291995,0.15971182,5.1003655e-05,0.26645157,0.27299121
2e56_MYR_A_601,0,0.89674376,0.16278732,0.14595207,8.3647027e-10,0.35221689,0.35459672
2e56_MYR_A_701,0.9766597,0.96573115,0.1774649,0.1660517,0,0.22751435,0.23583929
2eb5_OXL_A_2001,0.98917454,0.839325,0.1811282,0.16949147,0.06494912,0.22740256,0.23613706
2eb5_OXL_B_2002,0.98365441,0.96461801,0.17848572,0.16707071,0.026761768,0.23091538,0.2390779
2eb5_OXL_C_2003,0.98853298,0.96425191,0.19966865,0.18738546,0.65468291,0.33372662,0.3368598
2eb5_OXL_E_2005,0.99276216,0.97439962,0.17763042,0.16631848,0,0.22600372,0.23437596
2ef9_A5P_A_1269,0,0,0.17682994,0.15837281,0.14690924,0.31148946,0.31872308
2ef9_A5P_B_2269,0.96285241,0,0.18883723,0.17575197,0.053077539,0.16816057,0.18246994
2ef9_PEP_A_1268,0.99276944,0.97739451,0.20453311,0.19208474,0.80141553,0.3582983,0.36018746
2ef9_PEP_B_2268,0,0.96732874,0.1887384,0.17088438,0.79352428,0.48810654,0.48361174
2ei7_D93_A_700,0,0,0.20519426,0.18553529,0.99091535,0.45058733,0.45101452
2euq_BVC_A_401,0.73427898,0.70256923,0.19885042,0.18474938,0.67039515,0.35113036,0.35423033
2evd_D10_A_304,0.97933701,0.95994292,0.17778479,0.16636776,0.0065154614,0.22781344,0.23614238
2ex1_C5P_A_1427,0,0.98395765,0.19272249,0.17538404,0.99127305,0,0
2exs_TRP_B_2100,0,0,0.1718928,0.15364486,0,0.28727783,0.29569619
2f3s_7GP_A_998,0.98231946,0.9892257,0.20957248,0.1968603,0.95983706,0.38665174,0.38711507
2f64_12Q_A_472,0,1.3388283e-33,0.17536421,0.15696918,0.10329489,0.30430152,0.31188686
2f64_12Q_B_471,0.0054556519,1.1648884e-33,0.17197893,0.15376066,6.7573112e-06,0.28655444,0.29500855
2f78_BEZ_A_1001,0.99520585,0.98845297,0.21092456,0.19823291,0.99379844,0.39048156,0.39076078
2f78_BEZ_A_1003,0.039227747,0.99297058,0.17624387,0.15918822,0.41110663,0.42172907,0.42040303
2f78_BEZ_B_1002,0.99407507,0.9960496,0.21067931,0.19799985,0.98932595,0.39044475,0.39070147
2f78_BEZ_B_1005,0.99813612,0.98672432,0.1782011,0.16691191,0.018186831,0.22917989,0.23735775
2f7x_4EA_E_351,0.97317141,0.96053476,0.20179889,0.18932736,0.72414433,0.34694514,0.34944236
2fc0_DGP_A_239,0.0015877382,0,0.17191951,0.15368014,5.0921204e-05,0.28707537,0.29550374
2fcu_AKG_A_897,0.9939544,0.97442057,0.17765606,0.16635033,0.00021050051,0.2258816,0.23425983
2fcu_AKG_B_898,0.9951317,0.9798058,0.17762053,0.16632967,0.00022896457,0.22611828,0.23446783
2fhk_MFN_A_600,0,0,0.1718928,0.15364486,9.425511e-17,0.28727783,0.29569619
2fhk_MFN_B_602,0,0,0.18681611,0.16793584,0.44405659,0.36046133,0.36529863
2fhk_MFN_C_601,0.80400458,0.97345808,0.17466789,0.16232755,2.2382074e-18,0.25100215,0.25814195
2fib_GLY_B_2,0,0,0.1718928,0.15364486,0,0.28727783,0.29569619
2fkm_G16_X_464,5.105696e-06,0.32133086,0.16863034,0.15088863,7.0294861e-06,0.31054797,0.31680252
2fr6_CTN_A_1001,0.97399279,0.98471502,0.21062065,0.19780803,0.99356474,0.3929894,0.39315647
2fr6_CTN_C_1003,0.99263193,0,0.22099543,0.20672946,0.99602181,0.31960947,0.32650996
2fr6_CTN_D_1004,0.99356225,0.98414229,0.21096255,0.19825431,0.99439649,0.39048622,0.39077887
2fr6_URI_B_1002,0,0,0.20527105,0.18560882,0.99320035,0.45096392,0.45137268
2fu9_MP2_B_2410,0.93812531,0.99086491,0.19389619,0.1815802,0.51457615,0.31925734,0.32301038
2fyd_BGC_B_403,0.98348,0,0.21963533,0.20537108,0.95983845,0.31486157,0.32199379
2fyd_BGC_D_530,0,0.98317917,0.16851687,0.15153782,0.19660342,0.3908778,0.3910901
2fyd_NGA_B_404,0.97698155,0.47133659,7.1226593e-54,0,0.00012987687,1.8509025e-05,1.8509693e-05
2fyd_NGA_D_529,0.9574603,0.9702943,0.17711861,0.16560805,6.9903463e-05,0.23040596,0.23857361
2fz8_ZST_A_600,0,0.97630949,0.19287077,0.17551705,0.99334807,0,0
2fzb_TOL_A_600,0.8933844,0.99113834,0.20878146,0.19556182,0.97854583,0.40168396,0.40139988
2fzb_TOL_A_800,0.97663223,0.96882965,0.17618127,0.16516108,0.00014165223,0,0
2fzb_TOL_A_900,0,0.96631681,0.16208089,0.14535523,9.7095543e-08,0.35725514,0.35916648
2g21_L1B_A_885,0.98834116,0.99475628,0.21063185,0.19791789,0.99020939,0.39125814,0.39147881
2g5v_22M_A_301,0,0.98495266,0.19255627,0.17456066,0.91245337,0.50898312,0.50341055
2g8t_MI2_A_401,0,0,0.20021177,0.18076391,0.84265686,0.42615334,0.42777615
2g9z_VNP_A_602,0,0.91551193,0.19461805,0.17645557,0.95282275,0.51060761,0.50517708
2g9z_VNP_B_601,0,0.91507657,0.1626012,0.14579483,8.3709139e-07,0.35354462,0.355801
2giq_NN2_A_1001,0.99421199,0.97800861,0.1777009,0.16639896,0.0025082608,0.22648591,0.23482314
2giq_NN2_B_2001,0.98879051,0.9778921,0.21035145,0.19763281,0.9765599,0.38772769,0.38817495
2gn2_C5P_A_400,0,0.96464922,0.16209783,0.14536955,3.6028831e-07,0.35713442,0.35905699
2gnm_MAN_A_253,0.95037934,0.95594477,0.20886519,0.19594979,0.94370028,0.38582378,0.38643174
2gx5_PCG_C_514,0.85691377,0,0.18540268,0.17181592,0.00051424062,0.17356622,0.18760422
2gyv_HBP_A_1409,0,0.084249576,0.18071254,0.16218737,0.28789459,0.34082585,0.34635518
2gyv_HBP_B_545,0,0.95798112,0.1740491,0.15680679,0.35360649,0.41492821,0.41404405
2gyw_OBI_A_952,0.98696586,0.97968827,0.2022784,0.18989274,0.73773655,0.34874038,0.35108955
2gzm_DGL_A_501,0.9912032,0.98553003,0.21086596,0.198149,0.99304708,0.3906776,0.3909563
2gzm_DGL_B_502,0,0.98339294,0.19766796,0.17879894,0.99104021,0.99133766,0.99151646
2gzm_DGL_C_503,0,0.98808556,0.19770577,0.17883864,0.99337429,0.99340326,0.99347535
2hdk_COI_B_900,0,0,0.18816297,0.16922564,0.48413384,0.36706633,0.37158043
2hi4_BHF_A_800,0.99774251,0.99804217,0.21097559,0.19830825,0.99702579,0.391371,0.39157628
2hjp_PPR_A_291,0,0,0.1718928,0.15364486,0,0.28727783,0.29569619
2hs3_FGR_A_2166,0.92818262,0,0.18650757,0.17330927,0,0.16401712,0.17852699
2ht8_G39_A_800,0.96659385,0.95885985,0.21044626,0.19756624,0.9840305,0.39052832,0.39089782
2htu_BCZ_A_801,0,0,0.20495076,0.1853021,0.98366966,0.4493932,0.44987882
2i1v_F6P_B_720,0,0.95616508,0.16218396,0.14544232,0,0.35651997,0.35849968
2i1v_FDP_B_710,0,0.91477937,0.18730494,0.16945149,0.73499334,0.4746548,0.47098589
2i6p_4NP_A_401,0.96173383,0.90016554,0.17790102,0.1663031,0.00016037917,0.22477487,0.23344207
2iht_TPP_B_600,0.8056644,0.97450066,0.20278686,0.18926642,0.83624315,0.38867572,0.38907556
2iht_TPP_D_600,0.41478749,0.99062302,0.19799608,0.1823098,0.88169532,0.4492417,0.44660117
2ij7_TPF_C_2471,8.3067248e-05,0.96741354,0.16207165,0.14534815,1.7637408e-05,0.35732642,0.35923078
2ij7_TPF_D_2473,0,0.73624655,0.16442015,0.14733192,9.3657847e-05,0.34060967,0.34406952
2ij7_TPF_F_2474,0.91679073,0.12362351,0.1840399,0.1712938,8.8298915e-06,0,0
2ipf_FFA_A_3,0.97721847,0,0.18771483,0.17476487,0.012948833,0.15963931,0.17436657
2isf_PAC_A_317,0.99146936,0.97666544,0.17762826,0.16631111,0.0012259024,0.22654152,0.23488014
2ixi_TYD_A_1182,0,0,0.17209542,0.1538389,0.0060292577,0.28827149,0.29664123
2ixi_TYD_B_1182,0.97950715,0,0.18789844,0.17495467,0.017339826,0.16005905,0.17476591
2iyq_SKM_A_201,0.94684248,0.96253333,0.21011424,0.19713187,0.98451484,0.3934971,0.39370833
2izf_BTN_B_300,0.99576395,0.28789159,0.21800454,0.20421409,0.99254101,0.33946799,0.34447849
2izf_BTN_D_301,0.99433626,0.96010645,0.21120736,0.19846596,0.99405643,0.3885868,0.38904912
2j1s_FUL_A_1153,0,0.95944846,0.19807049,0.17915588,0.9956599,0.99137786,0.99149687
2j1s_FUL_B_1153,0.9963517,0.94123959,0.21008504,0.1973819,0.954016,0.38035395,0.38127945
2j51_DKI_A_1314,0,0.94976977,0.18451015,0.16681518,0.66240364,0.46522542,0.46190627
2j5b_TYE_A_1336,0,0,0.17820688,0.1596914,0.18788128,0.31824192,0.32514513
2j5b_TYE_B_1338,0.83428746,0.95071983,0.19335066,0.18037763,0.53486462,0.3334833,0.33666158
2j9e_AKG_C_1119,0.66424052,0.96067827,0.20172956,0.18737433,0.86686622,0.41150243,0.41082025
2jfv_FLC_A_1271,0.89292768,0.75624317,0.1828097,0.17041874,0.13497512,0.2457082,0.25380578
2jhp_GUN_A_1647,0.003464884,0.98384697,0.16234774,0.14565202,0.011613809,0.3599785,0.36170088
2jhp_GUN_A_1648,0.0013521698,0.96686583,0.16213215,0.14541321,0.001057896,0.35728967,0.35919765
2ji6_TPW_A_1566,0,0.97678162,0.19064028,0.17271651,0.85297273,0.49858859,0.49355072
2ji6_TPW_B_1566,0,0.98429137,0.19157263,0.17361795,0.88298473,0.5040786,0.49874813
2jig_PD2_A_1254,0,0.99521059,0.1617875,0.14510736,0,0.35934751,0.36106429
2nos_AGU_A_903,0.15479364,0.91290436,0.16507041,0.14910233,0.00029350186,0.33287928,0.33616381
2npq_BOG_A_1000,0,0.96942837,0.19501798,0.17659786,0.94715117,0.53416508,0.9386955
2npq_BOG_A_2000,0,0.94598589,1.2757616e-48,0,0,0,0
2nry_STU_A_504,0.99421219,0.97284677,0.2111463,0.19842131,0.99614686,0.3898704,0.39022926
2nry_STU_C_503,0.99268149,0.98307711,0.21080013,0.19809218,0.98965443,0.38974452,0.39007681
2nry_STU_D_501,0.99343246,0.974346,0.21073852,0.19802777,0.98483138,0.38821765,0.38865255
2ntk_IMP_A_205,0,0,0.20483066,0.18518709,0.98009597,0.44880423,0.44931867
2ntk_IMP_B_206,0.98439979,0,0.2205421,0.20624505,0.98638931,0.31911518,0.32603932
2ntk_IMP_C_207,0,0,0.20498323,0.18533319,0.98463583,0.44955243,0.45003026
2ntk_IMP_D_208,0,0,0.17189305,0.1536451,7.5378311e-06,0.28727907,0.29569737
2nu7_COA_B_1025,0,0,0.1718928,0.15364486,3.4650486e-10,0.28727783,0.29569619
2nu7_COA_B_1325,0,0.9252946,0.16249742,0.14570714,2.279036e-08,0.35428444,0.35647202
2nu7_COA_E_1025,0.52875291,0,0.18021832,0.16484698,1.0251491e-10,0.21706055,0.22894903
2nu7_COA_E_1325,0.17455798,0.91821945,0.16531779,0.14946602,3.6358971e-07,0.33059121,0.33397202
2nz5_226_A_431,0.029638301,0.9844627,0.16236338,0.14582755,2.1495134e-06,0.35463364,0.35661728
2nz5_226_A_432,0.0022024582,0.9632256,0.16214697,0.14542842,4.3177406e-07,0.35673886,0.35868547
2o1o_RIS_A_400,0,0.96428227,0.16770439,0.15073813,0.16671777,0.384584,0.38516456
2o1o_RIS_B_400,0.92457638,0.97295504,0.20676724,0.19380263,0.89850276,0.38303333,0.38372189
2o7b_HC4_A_701,0.99474963,0.98904931,0.21038973,0.19771864,0.97827822,0.38802749,0.38842487
2o7b_HC4_C_701,0.99752334,0.98769799,0.21049795,0.19783766,0.97979032,0.38781049,0.38822298
2o7b_HC4_D_701,0.99309925,0,0.22043296,0.20619367,0.97906581,0.31675295,0.32379324
2o7b_HC4_E_701,0.99667241,0.9877603,0.21051574,0.19784957,0.98073718,0.38808406,0.38848291
2o7b_HC4_G_701,0.99643873,0.9905619,0.21103969,0.1983531,0.99728374,0.39104495,0.39128997
2o7d_DHC_A_701,0.98973217,0.9909985,0.17741648,0.16611411,6.8856486e-05,0.22761947,0.23585951
2o7d_DHC_B_701,0.99689158,0.99055784,0.21096715,0.1982864,0.99491203,0.39059365,0.39086079
2o7d_DHC_G_701,0.98389492,0.99267455,0.2108108,0.19805972,0.99698834,0.39281505,0.3929659
2oci_TYC_A_401,0.99565989,0.85657699,0.18098484,0.16941355,0.062857317,0.22744591,0.23612366
2okk_ABU_A_585,0,0.14589691,0.17041138,0.15239328,3.3406161e-07,0.29784323,0.30527914
2ot7_OGA_A_500,0.99467675,0.91103574,0.17832202,0.16691991,0.00053726649,0.22124942,0.23005658
2ot7_OGA_B_500,0,0.86386315,0.18633047,0.16846,0.69061319,0.46365348,0.46068533
2oxp_THP_A_300,0.96268291,0,0.18721708,0.17419943,0.0049480547,0.16025102,0.17494741
2p1e_LAC_A_303,0,0,0.17252063,0.15424609,0.018681664,0.29035669,0.29862439
2pd5_ZST_A_600,0.99154006,0.97849725,0.21079511,0.19807516,0.98865625,0.38939994,0.38976362
2pin_LEG_A_501,0.94474377,0.94859176,0.1771364,0.16552256,6.7850976e-08,0.23051155,0.23874245
2pin_LEG_B_502,8.4718178e-08,0.77751899,0.16399795,0.14697488,7.6301262e-07,0.34358316,0.34676583
2pir_NK_A_933,0.021549995,0.58580643,0.16641909,0.14920551,0.0040232903,0.32750116,0.33208378
2prg_BRL_A_1,0.94496135,0.88845374,0.17886389,0.16710932,0.033131172,0.2315879,0.239958
2prg_BRL_B_2,0.79932773,0.91630435,0.19134882,0.17820768,0.48127914,0.32680238,0.33041511
2prl_ORO_A_399,0.0026259815,0.86085771,0.19588524,0.17762252,0.9727857,0.50959104,0.50438479
2prl_R2C_A_400,0.98308756,0.98716578,0.17734846,0.166004,7.9024643e-09,0.22821297,0.23643576
2pt6_S4M_A_501,0,0.96804149,0.19773627,0.1788486,0.98863972,0.98878402,0.98876726
2pt6_S4M_B_502,0,0.97815566,0.19766519,0.1787915,0.98951126,0.98994238,0.99001806
2pt6_S4M_C_503,0.93775205,0.95214038,0.20729805,0.19436758,0.90183548,0.38032556,0.38121388
2pvy_ACP_A_802,0.98973713,0.98687089,0.20613678,0.19361279,0.85341808,0.3679576,0.36934368
2pvy_ACP_D_802,0.97872743,0.96954153,0.1775074,0.16610939,0.0014472393,0.22775421,0.23605539
2pwf_BGC_D_9999,0.95640016,0.77324991,0.17910157,0.16727487,3.6474947e-05,0.21627196,0.22575979
2pye_7PE_A_504,0,0.82942184,0.16347091,0.1465296,7.8604028e-10,0.34734167,0.35017484
2q1a_2KT_X_295,0.99573964,0.98694753,0.18326277,0.17174473,0.16999174,0.25453277,0.26146918
2q28_TPP_A_4001,0.90482135,0.97597414,0.17981342,0.16787369,0.10663528,0.2553703,0.26229485
2q28_TPP_B_5001,0,0.97857761,0.18881957,0.170975,0.79933846,0.48987936,0.48526193
2q6m_P34_A_1002,0.95753292,0,0.21567555,0.20142062,0.85416859,0.30089218,0.30870629
2qab_EI1_A_1,0.99637467,0.98420168,0.21033752,0.19767302,0.97449855,0.38683772,0.38730889
2qb3_PMP_A_700,0,0.98104076,0.1703237,0.15326565,0.24972116,0.39947711,0.39927544
2qb4_DSM_A_801,0.9771008,0.98902921,0.20610849,0.19351099,0.85914879,0.37073643,0.37197883
2qb4_DSM_A_802,0.97363166,0.97583341,0.17771929,0.16628838,0.012040554,0.2306324,0.23877234
2qb4_LEU_A_601,0.99191571,0.99314671,0.20974273,0.19708644,0.96159178,0.38595051,0.38643627
2qca_DGP_A_200,0.95858971,0,0.18698635,0.17395347,5.5223923e-09,0.15997912,0.17468855
2qca_DGP_A_300,0.97119515,0,0.19469831,0.18141565,0.22357045,0.19515105,0.20814024
2qcx_PF1_A_300,0,0.97400987,0.17402085,0.15679809,0.35760892,0.41674858,0.41572421
2qcx_PF1_B_300,0,0.98388824,0.18122833,0.16371149,0.57505882,0.45330115,0.45045664
2qd1_CHD_D_802,6.2332991e-11,0,0.1718928,0.15364486,5.6557695e-11,0.28727783,0.29569619
2qd4_CHD_A_801,3.7933756e-08,0.98483548,0.16189285,0.14519637,6.6848361e-08,0.35859619,0.36038283
2qd4_CHD_A_802,0.83353854,0.97158938,0.17515189,0.16296929,2.2153881e-08,0.24694478,0.25429099
2qd4_CHD_A_803,0,0.9894045,0.16184646,0.14515718,3.1758291e-07,0.35892711,0.36068298
2qd4_CHD_B_926,0,0.98872195,0,5.8339721e-42,7.7195174e-06,0,0
2qd4_CHD_B_927,2.0706733e-09,0.99041594,0.16183618,0.1451485,3.6144474e-08,0.35900031,0.36074937
2qd4_CHD_B_928,0,0.94293071,0.16231835,0.14555586,1.3717421e-07,0.35556161,0.35763043
2qg6_NMN_A_301,0,0.96742342,0.19271828,0.17535875,0.98589242,0,0
2qgw_EES_A_1,0,0.98420675,0.16189925,0.14520178,6.0958722e-07,0.35855075,0.36034162
2qgw_EES_B_1,0,0.98903237,0.16185025,0.14516038,6.3747921e-07,0.35890021,0.36065859
2qhv_OC9_A_1001,0.9896149,0.98433836,0.98689578,0.96366805,3.1956239e-06,0.72920703,0.80130958
2qim_ZEA_A_159,0.99028936,0.97675144,0.17756761,0.16624592,0,0.22650241,0.23484259
2qim_ZEA_A_160,0,0.99004032,0.18788704,0.17009511,0.77505353,0.48670713,0.48220835
2qim_ZEA_A_161,0,0.47978796,0.16735561,0.14984933,0.0099547218,0.323663,0.32877027
2qim_ZEA_A_162,0,0,0.1718928,0.15364486,1.8596019e-09,0.28727783,0.29569619
2qs2_UBF_A_603,0,0.98507909,0.18539082,0.16769897,0.69927724,0.47385941,0.47000514
2qs2_UBF_B_602,0.97744816,0.98449707,0.19417868,0.1820836,0.50263432,0.31160612,0.31575641
2qse_1HP_A_1,0.99307504,0.97611122,0.21062283,0.19791682,0.98208981,0.38794112,0.38838389
2qui_LTN_A_501,0,0,0.1722077,0.15394642,0.0093701276,0.28882209,0.29716488
2qui_LTN_B_478,0,0,0.17439771,0.15604364,0.074536037,0.29956187,0.30737914
2qvr_FDP_A_333,0.97305232,0,0.2190895,0.2047847,0.94848265,0.31437483,0.32153019
2qx4_ML1_A_233,0.43266812,0.98553668,0.16869872,0.1543572,1.1428709e-05,0.30119142,0.30581278
2qx4_ML1_B_233,0.98086065,0.95711943,0.1776185,0.16621459,3.1383347e-07,0.22633289,0.23474339
2qx9_ML2_A_233,0,0,0.17194489,0.15369474,0.001549975,0.28753327,0.29593913
2qx9_ML2_A_234,0,0,0.17189334,0.15364538,1.6245054e-05,0.2872805,0.29569873
2qxf_TMP_A_3000,0.97848271,0,0.18753252,0.17459801,0.0069316859,0.15847976,0.17326384
2r0g_7CK_A_1355,0.99235832,0.98968096,0.21035671,0.19767313,0.97860672,0.38844493,0.38881972
2r3d_ACM_A_303,0.72149965,0.99277008,0.20656934,0.1923955,0.9937472,0.42713335,0.42558763
2r4j_13P_A_1968,0,0.95327715,0.16221935,0.1454729,0.00018027954,0.35634055,0.35833825
2r4t_250_A_503,1.2679296e-07,0,0.17189281,0.15364487,1.9627898e-07,0.28727784,0.2956962
2r5e_QLP_A_430,0,0.98567842,0.1618843,0.14518915,3.0195434e-07,0.35865728,0.36043824
2r5e_QLP_B_430,0,0,0.1718928,0.15364486,0,0.28727783,0.29569619
2rbx_3AY_X_2001,0,0.73531767,0.18727902,0.16922116,0.67999946,0.45259545,0.45057849
2rhx_MLY_A_537,0.95165604,0,0.1882368,0.1751086,0.040457057,0.16756749,0.18190515
2ri1_GLP_A_234,0,0.89474045,0.17387544,0.15656807,0.32933184,0.40634792,0.40608537
2ri1_GLP_B_234,0.66481448,0,0.18649221,0.17168603,0.12293717,0.21925272,0.23104273
2rtn_IMI_B_300,0.9909278,0.98033077,0.21070454,0.19798679,0.98680205,0.38930844,0.38967071
2rtn_IMI_D_300,0.99444179,0.97334573,0.21080585,0.19809726,0.9860596,0.3882136,0.38865195
2tmk_ATM_A_217,0.9804427,0,0.22019485,0.20588835,0.97791068,0.31824334,0.32520988
2tmk_ATM_B_217,0.99067127,0,0.20213644,0.18865757,0.43577392,0.22753723,0.23894293
2uuj_896_B_1250,0,0.98661085,0.19278567,0.1754483,0.99403521,0,0
2uyv_TLA_A_1275,0,0,0.17752302,0.15903652,0.16753244,0.3148883,0.3219556
2uyv_TLA_A_1277,0,0,0.17201359,0.15376053,0.0035942168,0.28787018,0.29625955
2uyv_TLA_B_1275,0,0,0.1728002,0.15451381,0.027000597,0.29172771,0.29992832
2uyv_TLA_C_1275,0.99323161,0,0.2087577,0.19501392,0.63159596,0.25947001,0.26931332
2uyv_TLA_D_1275,0,0,0.17193406,0.15368437,0.0012277301,0.28748016,0.29588862
2uza_HTL_B_1236,0,0,0.20196856,0.18244627,0.89493172,0.43476859,0.43596983
2v32_BEZ_B_1220,0.99633597,0.96973012,0.20659684,0.19407403,0.85883692,0.36673307,0.36823418
2v32_BEZ_D_1221,0.9705932,0.9540522,0.19945699,0.18706152,0.65370823,0.33520973,0.33830171
2v60_C17_A_1503,0.98825756,0.99078766,0.21087368,0.19814442,0.99624544,0.39197663,0.3921748
2v60_C17_B_1498,0.9941897,0.99522476,0.21083163,0.19814547,0.99355552,0.39106685,0.39129577
2v7o_DRN_A_1303,0.94648488,0.90259409,0.17763087,0.16595404,0,0.22694934,0.2355014
2vez_G6P_A_202,0.86239075,0,0.18549639,0.17193911,0.00073660641,0.17287554,0.18694769
2vjb_CCD_A_1539,0.87407036,0,0.18789287,0.17430538,0.066573815,0.18217492,0.19579278
2vjb_CCD_A_1540,0,0.9720178,0.1620372,0.14531992,0.00042257663,0.35773761,0.35960716
2vjb_CCD_B_1539,0,0,0.17840894,0.15988491,0.19389386,0.31923284,0.32608755
2vjb_CCD_B_1540,0.00014870783,0.9911866,0.16285035,0.14612149,0.030340774,0.36403672,0.36553689
2vkg_CF4_A_1064,0.00012713225,0,0.17189747,0.15365011,7.9436959e-05,0.28727403,0.29569259
2vlf_PLI_B_1459,0,0,0.2052122,0.18555247,0.99144917,0.45067531,0.45109819
2vmp_PLP_A_501,0.99157569,0.89087392,0.17846025,0.16701025,1.1721139e-05,0.22011457,0.22904138
2vmw_PLP_A_501,0,0.92697569,0.16372335,0.14688305,0.036986506,0.3605018,0.36237979
2vp5_DCZ_A_1210,0.99219234,0.98930056,0.21083002,0.19812495,0.99265351,0.39075443,0.39101741
2vp5_DCZ_B_1210,0.98266904,0.9933593,0.21051908,0.19777366,0.98908917,0.3917256,0.39192749
2vss_V55_D_1250,0.002850117,0.97471469,0.1636978,0.14693066,0.049314917,0.36561221,0.36708801
2vsu_V55_D_1251,0.0038107567,0.98219135,0.18023161,0.16277833,0.54310222,0.44740554,0.44485518
2vzu_PNJ_A_1901,0,0.95148102,0.17367484,0.15644094,0.34050616,0.41229847,0.41156373
2vzu_PNJ_B_1904,0.99140071,0.92848602,0.20528823,0.19274349,0.80974869,0.35631164,0.35845396
2w0b_CMW_A_1450,5.77721e-06,0.86660758,0.16309342,0.14621072,0,0.35003376,0.35261657
2w1a_TSA_C_1091,0.94764895,0.99316705,0.21007663,0.19713585,0.99227351,0.39688707,0.39683475
2w1a_TSA_D_1091,0.97137595,0.99394766,0.1770952,0.1656977,0,0.23025936,0.23835962
2w7k_PLP_A_501,0.79909884,0.93437374,0.17364231,0.1616297,6.7505466e-06,1.9439347e-06,4.3136047e-05
2wch_B7M_A_1145,0,0.98608675,0.1618802,0.14518569,1.7528431e-06,0.35868708,0.36046529
2wd2_MS5_A_1263,0.67091075,0.96556406,0.19241294,0.17849881,0.58799277,0.36501023,0.36658789
2wdq_CBE_C_1130,0.98982153,0.98605125,0.17746593,0.16615634,3.5757344e-06,0.22723859,0.23551305
2wdq_CBE_G_1130,0.99426637,0.98345321,0.17756218,0.16627268,7.6884478e-08,0.2264596,0.23478076
2wdq_CBE_K_1130,0.991867,0.98989522,0.1774591,0.1661667,3.4621361e-06,0.2272453,0.2355073
2wdq_TEO_A_1589,0.98038844,0.6876402,0.18042527,0.16859096,0.0023192583,0.20726303,0.21746636
2wdq_TEO_E_1589,0,0.67679416,0.19756789,0.17900706,0.96847194,0.49589959,0.49195035
2whq_HI6_A_1543,0.0044690692,0,0,0.0017577267,0.00020978055,0,0
2wj4_HQD_A_1281,0,0,0.20514365,0.18548682,0.98940949,0.45033916,0.45077849
2wj4_HQD_C_1277,0.026462154,0,0.20564839,0.1861318,0.99203035,0.44725697,0.44784884
2wj4_HQD_D_1278,0.0048803844,0.99555117,0.19773629,0.17890504,0.99412005,0.99434763,0.99431803
2wu4_HBP_B_1545,0.98368864,0.98260099,0.17746752,0.16611645,0.0018817005,0.22811269,0.23635499
2wzh_NGO_A_1589,0.98786212,0.98723503,0.2108299,0.19809601,0.99405449,0.39141079,0.39164796
2wzv_FMN_A_801,0.00037572046,0,0.20386607,0.18426567,0.95121793,0.44399504,0.44474483
2wzv_FMN_B_801,0.98355615,0,0.21901004,0.20477276,0.94119692,0.3117792,0.31906226
2x05_X05_A_1900,0.98629595,0,0.20554324,0.1918933,0.53919631,0.24516296,0.25570591
2x05_X05_B_1900,0,0,0.20540389,0.18573603,0.99715307,0.45161535,0.45199224
2x0u_X0U_B_1291,7.3080386e-05,0.99578285,0.89981486,6.8025302e-43,0.99488689,0,0
2x6o_2TC_A_1209,0,0,0.17189281,0.15364487,4.399401e-07,0.2872779,0.29569626
2xh0_PEP_A_1440,0,0.92730214,0.19839109,0.17941929,0.99472856,0.99324194,0.99572164
2xh0_PEP_B_1440,0.99111711,0.98057397,0.21105707,0.19832581,0.99727669,0.3910272,0.3913046
2xhk_AKG_A_519,0.92365457,0.85769051,0.17773768,0.16586547,0.00030766263,0.2267801,0.23548222
2xhk_AKG_B_519,0.95040386,0,0,1.0080564e-24,0.00043138965,0.00042500498,0.00042350863
2xmi_FLC_A_1379,0,0.9611541,0.16244828,0.14570115,0.0093724617,0.3584259,0.36029643
2xoz_AMP_B_1664,0.09174073,0,0.18073832,0.16267589,0.22022367,0.31138919,0.31863365
2xta_TPP_B_2001,0.99476056,0,0.18755588,0.17471979,0,0.1551757,0.17012251
2xta_TPP_C_2001,0.95225006,0.97577661,0.17697856,0.16544838,0,0.23148336,0.23958046
2xta_TPP_D_2001,0,0.97076316,0.16203574,0.14531709,0,0.35757711,0.35945852
2xul_AKG_A_201,0,0,0.1718928,0.15364486,6.1139197e-08,0.28727784,0.2956962
2xul_AKG_C_201,0.93368965,0.93619629,0.17708825,0.16539474,1.1395584e-06,0.23108206,0.23932387
2xul_AKG_E_201,0.99308964,0.9127243,0.17826183,0.16685451,1.5467365e-07,0.22149394,0.23028365
2xul_AKG_F_201,0.99389446,0.89667176,0.17849665,0.16706591,0.0017602733,0.22051467,0.22940356
2xya_7L4_A_1181,0.99324319,0.97457555,0.21102512,0.19830133,0.99351733,0.38969091,0.39005297
2xyj_WLM_A_1442,0,0.95854964,0.16216301,0.14542499,9.7046703e-05,0.35670865,0.35867151
2xyj_WLM_B_1441,0.85546994,0.98612151,0.17534966,0.16330926,1.1398137e-07,0.24508471,0.252477
2xyj_WLM_B_1442,0.92627018,0.94354713,0.20812768,0.19508209,0.9293051,0.38575521,0.38640451
2y00_Y00_A_601,0.98063099,0.98996936,0.20942578,0.19671035,0.95648764,0.38637781,0.38685206
2y00_Y00_B_601,0.99473563,0.9853551,0.21073462,0.1980446,0.98743094,0.38927026,0.38961861
2y2f_YI1_A_1469,0.83272339,0,0.20406287,0.18953771,0.56709888,0.27015561,0.27946566
2y4j_LAC_B_400,0.9640357,0.94610881,0.18166883,0.16997793,0.12507775,0.24838346,0.25574901
2y5a_3AP_A_1295,0.15692001,0.99601294,0.17910962,0.16265483,0.44215715,0.41143744,0.4106129
2ye5_2A7_A_1224,0.99016123,0.8793011,0.2015771,0.18912571,0.68504063,0.33236171,0.3358328
2yi6_6QM_A_1225,0.97225952,0.94474047,0.17761833,0.16614771,0.00028484779,0.22662556,0.23506067
2yjd_YJD_A_1498,0.99391657,0.99626683,0.17748485,0.16621117,0.001734402,0.2277198,0.23593839
2yjd_YJD_B_1498,0,0.99442516,0.16185113,0.1451674,0.0016560646,0.35956357,0.36127228
2ynf_WHU_A_1563,0,0,0.20534945,0.1856839,0.99553311,0.45134837,0.45173832
2yp6_C6W_B_1186,1.2670129e-07,0.93108995,0.16243858,0.14565743,0,0.3547041,0.35685266
2z1z_MLT_A_433,0.97083013,0,0.19276589,0.17956289,0.16624079,0.18575121,0.19920034
2z20_PLP_A_701,0,0.93983054,0.19299271,0.17492694,0.91180688,0.50560898,0.50034547
2z20_PLP_B_801,0,0.99387726,0.19208081,0.17444648,0.93804712,0.49132265,0
2z48_A2G_A_1001,0,0.94753717,0.18474592,0.16703841,0.66874474,0.4661088,0.46275355
2z48_A2G_A_1005,0.98852892,0.95606889,0.20881366,0.19613359,0.92433055,0.37757432,0.37858802
2z48_A2G_B_2001,0,0.94658738,0.19251932,0.17448135,0.89976222,0.50411325,0.49890137
2z48_A2G_B_2005,0,0.93542738,0.19220521,0.17416777,0.88704387,0.50120901,0.49617485
2z48_NGA_A_1002,0,0.099840673,0.17088087,0.15279014,5.4928245e-05,0.29451699,0.3022626
2z48_NGA_A_1003,0,0.98669889,0,4.6576e-94,0.8858936,0.88625975,0.88621048
2z48_NGA_A_1004,0,0.98465698,0.16680584,0.14990098,0.14613653,0.38266754,0.38327687
2z48_NGA_B_2002,0.97904807,0.94083218,0.17775718,0.16631766,5.4945047e-05,0.22540314,0.23391098
2z48_NGA_B_2003,0.98433886,0.98603065,0.20102962,0.18868809,0.70372509,0.34394322,0.34650672
2z48_NGA_B_2004,0,0.98066015,0.16594862,0.14907551,0.1194217,0.37797532,0.37882701
2z48_NGA_B_2006,0.13471393,0,0.17484198,0.15729184,0.024638742,0.27344873,0.2825525
2z6j_TUI_A_501,3.3648333e-12,0.96635597,0.16208049,0.1453549,2.109236e-13,0.35725796,0.35916904
2z6j_TUI_B_502,0.86731063,0.95188172,0.17588376,0.16385385,1.5816314e-08,0.24103275,0.24873331
2z7s_P01_A_1,0.73019444,0.95488661,0.17710283,0.16418726,0.10142447,0.27617453,0.28213706
2zce_PYL_A_601,0.72339306,0,0.2077369,0.19238833,0.7276469,0.31113384,0.31843165
2zgw_ADN_A_1301,0.9912198,0.96445073,0.21105903,0.19830985,0.99241541,0.3890448,0.38947065
2zgw_BTN_A_1401,0.95145951,0.9640034,0.99181098,0,0.97960222,0,0
2zi2_24U_H_801,0.94760229,0.98034485,0.210179,0.19721892,0.99146739,0.39583187,0.39587209
2zka_AZA_A_302,0.1524748,0.97175762,0.19757234,0.18028033,0.9862864,0.49994742,0.49486895
2zm7_ACA_A_501,0,0.97720674,0.16197031,0.14526181,6.596368e-09,0.35804374,0.35988175
2zm9_ACA_A_501,0,0.98674316,0.16187348,0.14518,9.5734583e-11,0.35873433,0.36050813
2ztl_3HL_A_301,0.99795886,0.96113066,0.21118553,0.19846835,0.99201901,0.38784411,0.38833974
2ztl_3HL_B_301,0.987304,0.9548612,0.21037783,0.19762262,0.97108292,0.38535464,0.3859914
2ztl_3HL_C_301,0.99514346,0.96795015,0.21118352,0.19845704,0.99533857,0.38925892,0.38966338
2ztl_3HL_D_301,0,0.96960408,0.16204751,0.14532703,0,0.35749318,0.35938239
2zut_A2G_A_4001,0,0.95362633,0.19737516,0.17850257,0.97535299,0.97112257,0.97666967
2zut_A2G_B_4002,0.00016298939,0.95070439,0.16224251,0.14549313,1.5791426e-05,0.35610549,0.3581229
2zut_A2G_D_4004,0.98132327,0.95655525,0.21051324,0.1977177,0.97842607,0.38748174,0.38800862
2zuw_NDG_B_4002,0,0.98030664,0.1620174,0.14531046,0.0023379972,0.35865354,0.36045182
2zuw_NDG_C_4003,8.3746197e-05,0.98483904,0.16189547,0.14519939,3.9824174e-05,0.35859188,0.36037873
2zuw_NDG_D_4004,0.99186384,0.98591184,0.17750071,0.16620196,3.9478236e-05,0.22696319,0.23525171
2zvq_1NP_X_502,0,2.6746594e-06,0.17189277,0.15364484,0,0.28727802,0.29569636
2zwt_CAM_A_422,0,0,0.17346232,0.15514787,0.046702397,0.29497469,0.30301643
2zyv_NPO_X_1601,0,0.90029235,0.16275153,0.14592186,7.123906e-06,0.35247504,0.35483092
3mk1_NPO_A_911,0.99454875,0.77704057,0.18053944,0.16888915,0.026093389,0.21577477,0.2252773
3mk1_NPO_A_912,0,0.42969763,0.20096202,0.18197442,0.99480978,0.48234637,0.47984864
3mk1_NPO_A_913,0.9948701,0.99051552,0.17751336,0.16623771,0.00039834249,0.22695649,0.23523084
3qfx_CP6_A_602,0.99170231,0.9942075,0.210648,0.19795326,0.98894938,0.39056438,0.39082097
3qfx_CP6_B_702,0.98832834,0.99489177,0.21058953,0.19787744,0.98899696,0.39106983,0.39129929
3qgz_ADN_A_127,0.99129892,0.98362888,0.21062257,0.19791433,0.98518542,0.38923156,0.38958709
3qhd_795_A_167,0.82748813,5.4053409e-05,0.21821754,0.20306071,0.99075318,0.34067583,0.34653463
3qhd_MSR_A_166,0,0.99091825,0.16183699,0.14514984,0.0001756332,0.35906562,0.36080989
3qss_MTG_A_405,0.81927462,0.9762163,0.20533365,0.19179038,0.90616657,0.3985164,0.39843012
3qss_MTG_B_405,0,0.97090356,0.19237668,0.1743726,0.90286485,0.50638548,0.50098484
3qt8_FM0_B_328,0,0.95611105,0.1622727,0.14552724,0.002624238,0.35694855,0.35890746
3qwi_CUE_B_272,0.99810223,0.9948852,0.17769844,0.16643969,0.0057113971,0.22771934,0.23594263
3qwi_CUE_D_272,3.9190748e-06,0.99827145,1.8793225e-47,2.9399713e-47,6.3207392e-07,0,0
3r3z_GOA_B_305,0.96315003,0,0.20298478,0.18930188,0.47391131,0.23747728,0.24839481
3r51_MMA_A_200,0.97276311,0.96556947,0.21063102,0.19778854,0.98866503,0.39095874,0.39128617
3rgz_BLD_A_800,0.025871044,0,0.20492582,0.18543622,0.9708063,0.44383761,0.44459675
3ro7_TDR_A_300,0,0,0.17337443,0.15506371,0.04408724,0.2945437,0.30260652
3roe_THM_A_265,0,0,0.17530407,0.15691159,0.10150533,0.30400659,0.31160637
3roe_THM_B_265,0,0,0.20424306,0.18462439,0.96261141,0.44592265,0.4465781
3roe_THM_D_265,0,0,0.2049459,0.18529745,0.98352505,0.44936936,0.44985615
3roe_THM_E_265,0,0,0.20497811,0.1853283,0.98448371,0.44952736,0.45000641
3roe_THM_F_265,0.39800016,0,0.21137291,0.19388293,0.98829403,0.39730174,0.40036207
3rsc_TYD_A_397,0,0,0.2039712,0.18436405,0.95452215,0.44458949,0.44531017
3rsc_TYD_B_397,0.94311174,0,0.21898983,0.20450639,0.95954458,0.32017395,0.32704362
3ryd_SRT_A_267,0.977592,0.11164381,0,8.2704008e-35,0.093633642,0.18013126,0.19348832
3ryd_SRT_A_271,0,0.4721969,0.16709814,0.14959408,3.093599e-08,0.32147269,0.32671135
3se2_3AB_C_4,0.9965687,0.97637724,0.21092816,0.19823086,0.98961868,0.38873724,0.38914043
3se2_3AB_D_3,0.99562959,0.98617436,0.20846688,0.19587935,0.91978108,0.37806172,0.37895598
3se2_LDR_A_1,0.99714113,0,0.22103748,0.20679726,0.9951603,0.31886868,0.3258057
3se2_LDR_B_2,0.99832843,0,0.18764705,0.17482888,0.0010412299,0.1548735,0.16983533
3sj1_DXC_X_75,0.9831885,0.98290361,0.17739333,0.1660427,0,0.22789091,0.23614306
3sjh_LAR_A_503,0,0,0.20545393,0.18578395,0.99864198,0.45186073,0.45222561
3sli_SKD_A_760,0,0.9374417,0.19396405,0.17618665,0.97718353,0.49359432,0
3sp6_IL2_A_901,0,0,0.20372149,0.18412492,0.9470916,0.44336489,0.44414549
3sru_Q26_X_169,0,0.95059734,0.19341493,0.17567525,0.96475039,0.49253962,0
3t2e_F6R_A_3469,0,0.89464447,0.16280864,0.14597008,1.1495919e-09,0.35206486,0.35445884
3t3q_9PL_A_501,0.76479508,0,0.1852073,0.1710662,0.037860187,0.19195425,0.20508652
3t3q_9PL_B_501,0.00011128351,0,0.17628096,0.15784777,0.13052166,0.30877389,0.3161404
3t3q_9PL_D_501,6.7448191e-05,0,0.17602757,0.15760484,0.12300214,0.30754045,0.31496731
3te7_TE7_A_1,0.97875617,0.96806214,0.17907381,0.16760791,0.047596639,0.23524899,0.24318815
3te7_TE7_B_1,0,0.97099631,0.16203967,0.14532112,0.00018748548,0.3576249,0.35950322
3tky_N7I_A_369,0,0.96752933,0.16206857,0.14534483,0,0.35734293,0.35924611
3tky_N7I_B_369,0.08238235,0.97805599,0.16325884,0.14699987,0,0.34716503,0.34953799
3tky_N7I_C_369,0.98277996,0.98836349,0.17607396,0.16511888,4.1924649e-05,0,0
3tky_N7I_D_369,0.91531158,0.93677682,0.17680312,0.16501012,0.00030304475,0.23361442,0.24172928
3tye_XHP_B_901,0.99356677,0.99357731,0.21093976,0.19824333,0.99656712,0.39152661,0.39173824
3tye_XTZ_A_801,0.92288041,0,0.21316973,0.19880933,0.79584104,0.29588119,0.30393825
3tye_YTZ_B_902,0.00096460382,0.40113449,0.16783647,0.15022564,4.7010081e-05,0.31620624,0.32192938
3tyn_CXW_A_800,0,0.98668384,0.16187409,0.14518052,3.4146513e-07,0.35873009,0.36050428
3tyn_CXW_B_800,0,0.98077541,0.16193407,0.1452312,0,0.35830217,0.36011615
3u1t_MLI_B_350,0.99701817,0.94240646,0.17802861,0.16668916,0.00018807884,0.22315269,0.23176679
3u3o_3QV_A_296,0,0.99201587,0.16181999,0.14513482,1.4329771e-06,0.3591164,0.36085468
3u3o_3QV_A_297,3.4594526e-05,0.98927618,0.16184879,0.14515947,1.4433102e-05,0.35891555,0.3606724
3ucc_2PG_A_601,0,0,0.20532309,0.18565865,0.99474864,0.45121909,0.45161536
3ucc_2PG_B_601,0,0,0.1718928,0.15364486,0,0.28727783,0.29569619
3ucl_CYH_A_543,0.12866598,0.98810365,0.16388565,0.1478943,2.0293749e-06,0.34174661,0.34435564
3uu7_2OH_A_1,0.99697205,0,0.2207722,0.20654218,0.98734571,0.31760323,0.32460217
3uu7_2OH_B_1,0.99680394,0,0.22068997,0.20646242,0.9849778,0.31723531,0.32425224
3uud_EST_A_600,0.98777222,0.97890557,0.21009186,0.19737916,0.96961901,0.3867924,0.38728213
3uud_EST_B_600,0.98162337,0.99303972,0.21073122,0.19797006,0.99579504,0.39294649,0.39308959
3uwb_BB2_A_154,0.98515746,0.93840398,0.20878509,0.19606541,0.91972278,0.37598342,0.3771311
3v1m_HPK_A_288,0,0.44562483,0.19701825,0.17821599,0.88227148,0.46495269,0.46325527
3v1s_0LH_B_401,0.99373495,0.99579135,0.17787844,0.16658643,0.013387532,0.22963,0.23775662
3v7u_MTA_A_301,0.14848019,0.71963435,0.17297446,0.15641159,0.18004913,0.34934669,0.35244161
3v7u_MTA_A_302,0.98556534,0.94818033,0.17780257,0.16640936,0.00057250105,0.22515508,0.23365204
3v8n_5NB_A_301,0.25908289,0.96570269,0.16687868,0.15153138,0.021190585,0.32629734,0.32974224
3vbn_TYD_A_301,0.86824118,0,0.20564202,0.19126688,0.59744717,0.27044052,0.27973893
3vbn_TYD_E_301,0.5859874,0,0.20953756,0.19327348,0.84560493,0.3488213,0.35426607
3vc3_C6P_A_501,0,0,0.17189406,0.15364607,3.7563758e-05,0.28728402,0.29570207
3vc3_C6P_B_501,3.2435431e-05,0.93850982,0.19420669,0.17608817,0.94751591,0.51139412,0.50585174
3vc3_C6P_C_501,0,0.95290279,0.19410806,0.17601001,0.94894499,0.51267624,0.5070252
3vc3_C6P_D_501,0,0.95943501,0.19372898,0.17565447,0.93963866,0.51161554,0.50599556
3vc3_C6P_E_501,0.95757499,0.94213267,0.18213264,0.17037807,0.14070435,0.25152886,0.25875276
3vc3_C6P_F_501,0.64304037,0.95816048,0.20384612,0.18926885,0.93901863,0.42602664,0.42464042
3vca_PRO_A_504,0.90096218,0.044626171,0.18562584,0.17234975,4.7754138e-08,0.17086361,0.18489433
3vmg_9CA_C_2002,0,0,0.20370217,0.18410641,0.94651671,0.44327014,0.44405538
3vnj_PSJ_A_301,0,0,0.1718928,0.15364486,0,0.28727783,0.29569619
3vnj_PSJ_B_301,0.73477122,0,0.18359128,0.16933528,0.0038409607,0.19033476,0.20354433
3vnj_PSJ_D_301,0.91312897,0,0.19394517,0.18033979,0.22836561,0.2036524,0.21622183
3vnm_SDD_A_301,0.5634226,0,0.18076421,0.16558149,0,0.21245648,0.22457249
3vnm_SDD_D_301,0,0,0.1824009,0.16370772,0.31267822,0.3388093,0.34470609
3vq4_0NX_A_304,0,0.98286377,0.19212079,0.17480304,0.9726435,1.8566134e-05,1.8473579e-05
3vq4_0NX_A_305,0.99491314,0.9885928,0.21028154,0.1976155,0.97484415,0.38740676,0.38783598
3vq5_MMJ_A_1007,0.99438716,0.99052549,0.20714763,0.19461338,0.88242219,0.37238481,0.37354289
3vq5_MMJ_B_307,0.9934769,0.99671805,0.18207864,0.17060814,0.13876908,0.2503951,0.25750266
3vqe_FMQ_A_1006,0.98665076,0.44565346,0.21470436,0.20117874,0.94627712,0.34447817,0.34873961
3vv5_SLZ_A_300,0.97458734,0,0.21939546,0.20508707,0.95686754,0.31555287,0.32265069
3vv5_SLZ_B_301,0,0.88280155,0.19360839,0.17545124,0.91289648,0.50165871,0.49677044
3w4i_8LG_A_402,0.35536132,0.96877712,0.16816131,0.15335121,0.015176675,0.31274327,0.31684783
3w4i_8LG_B_402,0.34595657,0,0.17770009,0.16131902,0.010712321,0.24310098,0.25370341
3w4i_8LG_C_402,0.99651356,0,0.18795483,0.17511254,0.011049899,0.15676401,0.17163321
3w7f_FPS_A_301,0,0.80097035,0.16375984,0.1467737,1.0788732e-06,0.34528149,0.34830624
3w7f_FPS_A_302,0.96497093,0.94500709,0.17749128,0.16598184,0,0.22756583,0.23595361
3w7f_FPS_B_301,0,0,0.17189463,0.15364661,5.4395098e-05,0.28728679,0.29570471
3w7f_FPS_B_302,0,0,0.17639556,0.15795683,0.13398375,0.30935925,0.31669711
3w8x_FTK_A_601,1.1143835e-07,0.9752265,0.16199185,0.14528017,4.2572477e-05,0.35790734,0.35975834
3wat_BGC_A_403,0.010465657,0.98657801,0.162043,0.14540607,9.098236e-05,0.35734755,0.35919041
3wat_BGC_B_403,0.012086556,0.98493243,0.16208326,0.14545264,3.2307756e-05,0.35700346,0.35886851
3wat_BMA_A_404,0.99386302,0,0.18809457,0.17523018,0.016449917,0.15800595,0.17281421
3wat_BMA_B_404,0.99042,0,0.18795579,0.17507625,0.013933567,0.15804847,0.17285442
3wca_FPS_A_501,0,0.82798246,0.16406219,0.14709418,0.017159375,0.35006541,0.3527699
3wca_FPS_B_401,0,0.95102449,0.16360011,0.14679257,0.040585563,0.36283648,0.3645235
3wca_FPS_C_401,0.93488302,0.90343579,0.17744684,0.16570791,0.00021400814,0.22858626,0.23705479
3wca_FPS_C_402,0,0.91551948,0.16259678,0.1457911,2.990651e-06,0.35357705,0.35583043
3wca_FPS_D_401,0,0.772551,0.16616549,0.14904489,0.062996951,0.3536056,0.3563137
3wgc_PLG_A_401,0,0.95990179,0.99531627,0,0.93901007,0.94286023,0.94045521
3wgc_PLG_B_401,0.99242287,0.95506587,0.19314341,0.18114995,0.45592065,0.29978748,0.30461095
3wgc_PLG_D_401,0.97951194,0.97069312,0.17745973,0.16606985,8.9902259e-06,0.22749639,0.23580656
3wjz_NUP_A_301,0,0,0.1795566,0.16098393,0.22804329,0.32486089,0.33144021
3wk1_O7E_A_301,0.98620248,0,0.99219277,0.98570462,0.98950946,0,0
3wlf_FEH_A_401,0.99626471,0,0.21982494,0.20563074,0.95949053,0.31310644,0.32032537
3wlf_FEH_C_401,0.9948248,0,0.18755733,0.17472157,1.32047e-05,0.15516935,0.17011648
3wqs_KBK_B_503,0.99157589,0.89480911,0.20932846,0.19657504,0.91971244,0.37197237,0.37345582
3wsg_CIT_A_302,0.98930535,0.7378061,0.20672442,0.19388768,0.79585381,0.34049155,0.34401618
3wsg_CIT_B_302,0.98773373,0.98369108,0.18543211,0.17376953,0.23730957,0.26645455,0.27281746
3wsg_CIT_C_302,0.91616998,0.4838645,0.18284414,0.17028178,0.042814166,0.20770821,0.21853571
3wsg_CIT_D_302,0,0.73575232,0.17014228,0.15281103,0.1702115,0.36861045,0.37070171
3wsg_CIT_E_302,0,0.63532418,0.17840963,0.16061308,0.38587088,0.39687991,0.39790827
3wsg_CIT_F_302,0.98695186,0.82511065,0.18964795,0.17762037,0.31520872,0.26791284,0.27471026
3wug_XYP_B_2,0,0,0.17189286,0.15364492,1.7576778e-06,0.28727811,0.29569646
3wug_XYP_C_2,0.24022558,0,0.1756755,0.15873446,6.1534215e-06,0.25537738,0.26537226
3wur_O4B_A_201,0,0.18494934,0.17001484,0.15205826,2.5142775e-07,0.30067125,0.3078442
3wur_O4B_A_202,0.97220594,0.38204476,0.20968739,0.19621329,0.78454159,0.31513499,0.32103426
3wur_O4B_B_201,0.83349925,0.10187215,0.21382971,0.19901211,0.88813638,0.33033894,0.33637911
3wur_O4B_B_202,0.63647398,0.86049093,0.19559898,0.1812192,0.66718391,0.37502556,0.37644613
3wur_O4B_B_204,0.61499371,0.057226008,0.21212176,0.19599087,0.9262004,0.36239611,0.36699594
3wwc_BUA_A_402,0,0,0.1718928,0.15364486,6.7551523e-08,0.28727784,0.2956962
3wwc_BUA_A_403,0.97680429,0.98285024,0.17729448,0.16590899,3.367669e-05,0.2287404,0.23695074
3wxo_NIZ_A_802,0,0.94829447,0.16407255,0.14724187,0.053818481,0.36481966,0.36641834
3wxo_NIZ_A_804,0.0010568972,0.0018437698,0.1718908,0.15365151,2.4608157e-06,0.2872714,0.29568426
3wzo_ZOE_A_201,0,0.97706116,0.19220401,0.17421429,0.89958725,0.50629122,0.50087555
3wzo_ZOE_B_201,0,0.96949058,0.19373195,0.17566882,0.94276517,0.51285899,0.5071461
3wzo_ZOE_C_201,0,0,0.1972932,0.177969,0.75581194,0.41184071,0.41416388
3wzo_ZOE_D_201,0.94673785,0.95271276,0.17712595,0.16552946,0,0.23054516,0.2387614
3zcm_PX3_A_1214,0,0.97542855,0.16199233,0.14528087,0.00011806347,0.35793442,0.35978346
3zcm_PX3_B_1216,0,0,0.1718928,0.15364486,0,0.28727783,0.29569619
3zjq_NCA_B_300,0.62367951,0.98803469,0.17168076,0.15838235,5.9838391e-06,0.27600551,0.28186367
3zks_WZV_A_1398,0,0.96643685,0.16212404,0.1453967,0.0013204761,0.35748144,0.35938133
3zog_A2Q_A_200,0,0,0.17212989,0.1538719,0.0070547844,0.2884405,0.29680197
3zp7_PRE_A_1118,0,0,0.2043932,0.18476817,0.96707904,0.44665895,0.44727836
3zr0_8OG_A_1157,0.9732504,0.98001581,0.20333511,0.19082128,0.77570494,0.35684293,0.35879368
3zwe_FUC_B_110,0.94357148,0.97349123,0.21036849,0.19736792,0.99692369,0.39677008,0.39678599
3zwe_FUC_C_110,0.99039133,0.97849478,0.21108398,0.19834477,0.99778929,0.3910575,0.39134
3zwt_KFZ_A_1401,0.98430495,0,0.18739126,0.17449829,5.3647083e-07,0.15656428,0.17144246
3zwt_ORO_A_1398,0.20988912,0,0.17520201,0.15809576,0.00013061549,0.25942652,0.26922129
3zyx_MBT_A_601,0.99571843,0,0.18757096,0.17474008,0,0.1550485,0.1700016
3zzm_JLN_A_1526,0.96898039,0.95957127,0.21080176,0.19792207,0.99370554,0.39185742,0.39215977
3zzv_FUC_B_401,0,0.97359332,0.19801733,0.17911459,0.99761764,0.99747654,0.99755056
4a01_2PN_A_1773,0,0,0.1718928,0.15364486,0,0.28727783,0.29569619
4a01_2PN_B_1773,0.99262336,0,0.18752223,0.17467451,0,0.15545952,0.1703923
4a3u_NCA_B_1359,0.77207458,0.94658498,0.1749896,0.16240985,0.016413314,0.25600135,0.2629802
4a78_JZ3_A_1296,0.24517586,0.98732924,0.17225314,0.15661795,0.19416268,0.35821725,0.36003033
4a7a_RGZ_A_601,0.99485876,0.99223694,0.17748232,0.16620988,1.0724182e-08,0.22701701,0.2352829
4a7a_RGZ_B_601,0.98458192,0.99237717,0.17820762,0.16684184,0.026439241,0.23274927,0.24073356
4a8p_PAO_B_1340,0.98914774,0.98281577,0.20084338,0.18853543,0.69495888,0.34162707,0.34431447
4a8p_PAO_C_1340,0,0.9623727,0.18903349,0.1711613,0.80080776,0.48894801,0.48442785
4a8p_PAO_D_1340,0.88022415,0.11285953,0.18799462,0.17456965,0.1008177,0.19517423,0.20779634
4a8p_PAO_E_1338,0.96495038,0,0.21716489,0.20289215,0.89500987,0.30663808,0.3141715
4a8p_PAO_F_1340,0,0.98320382,0.18764271,0.1698533,0.76571764,0.48467344,0.48029598
4a9j_TYL_A_1188,0.99415303,0.99128895,0.17749045,0.16621228,0.00028638637,0.22708928,0.23535461
4a9j_TYL_B_1187,0.99918209,0.99386227,0.20973288,0.19712221,0.95811048,0.38446363,0.38502033
4a9j_TYL_C_1184,0.99701044,0.99584009,0.19757694,0.18547033,0.5980144,0.32554899,0.32898209
4adl_LMR_D_1468,0,0,0.1718928,0.15364486,0,0.28727783,0.29569619
4ajj_88R_B_1333,0.99150414,0.97761899,0.21081153,0.19808966,0.98889625,0.38938066,0.38974808
4ajj_88R_C_1335,0.9930883,0.98221044,0.21085214,0.19814348,0.99074973,0.38980825,0.3901402
4ajj_88S_A_1332,0.97726652,0.9830246,0.20818237,0.19549113,0.91896708,0.38013805,0.38093957
4ajj_88S_B_1332,0.99295854,0.98505575,0.17872531,0.16738037,0.035706876,0.23263405,0.24064787
4ajj_88S_C_1334,0.99264221,0.98744677,0.17749605,0.16620401,0,0.22696448,0.23524808
4ajj_88S_D_1332,0.96835044,0.97852735,0.1775062,0.16605515,0.0089882123,0.23102578,0.23913753
4ajj_MLI_A_1333,0.99369265,0.92703882,0.19714464,0.1849573,0.56591784,0.31571751,0.31985098
4ajj_MLI_D_1333,0,0.88498949,0.19514599,0.17692619,0.95931022,0.50946646,0.50418915
4al9_GLA_A_1123,0.94428736,0.982636,0,4.5873886e-43,0.99731625,0.99717157,0.9974034
4al9_GLA_C_1123,0.94486765,0.97494753,0.21030592,0.19731758,0.99489451,0.39636899,0.39639996
4al9_GLA_D_1123,0.91528956,0.96796943,0.20990986,0.19674966,0.9948591,0.39978573,0.39966986
4al9_GLA_E_1123,0.98905997,0.98367711,0.21099168,0.19825419,0.99723239,0.3915178,0.39176116
4al9_GLA_G_1123,0.96910569,0.96471079,0.21081654,0.19794287,0.99563934,0.39253167,0.39278464
4aql_TXC_A_1452,0,0,0.20341056,0.18382716,0.93783965,0.4418401,0.44269532
4aw0_MJF_A_600,0,0,0.1718928,0.15364486,1.715285e-10,0.28727783,0.29569619
4b1f_DGL_A_1257,0.0014380996,0.98003017,0.19696332,0.17815382,0.97114198,0.97009739,0.96934558
4b1f_KRH_A_1256,0.9184049,0.97506368,0.17645302,0.16473759,4.0960437e-06,0.23592697,0.24380672
4b1f_KRH_B_1257,0,0.95203713,0.16222589,0.14547774,1.8713326e-07,0.35622107,0.35822857
4b98_PXG_B_470,0,0.98621689,0.19249836,0.17517106,0.98518196,0,0
4b98_PXG_C_470,0,0,0.20513159,0.18547527,0.98905054,0.45028,0.45072223
4b98_PXG_D_470,0.99305579,0,0.22088774,0.20662891,0.99261867,0.31899232,0.32592303
4bbx_LKF_A_1760,0.97978534,0,0.18732008,0.17440252,6.3422381e-09,0.15716438,0.17201291
4bbx_LKF_B_1760,0.89580478,0,0.19650064,0.18268117,0.31252281,0.21982269,0.23159974
4bdr_CYS_B_804,0,0.64059435,0.16538825,0.14814947,0,0.33366744,0.33777214
4bdr_KAI_B_900,0.92350269,0.96895492,0.2085338,0.1954832,0.95036284,0.39143313,0.39172336
4bq5_GAL_C_1,0,0.6310171,0.19893472,0.18026356,0.99531233,0.49700805,0.49315061
4bu7_25F_A_2165,0.99542246,0,0.22091231,0.2066669,0.992241,0.31861579,0.32556508
4bu7_25F_C_2165,0.99673568,0,0.22097863,0.20673843,0.99359914,0.31866523,0.32561218
4buf_F36_A_2162,0.97707337,0,0.22064542,0.20629924,0.99289624,0.3211605,0.32798408
4buf_F36_B_2162,0.97541797,0,0.22043461,0.20608726,0.98739917,0.32047438,0.32733143
4buv_16I_C_2165,0.9953134,0,0.22025647,0.20603818,0.97277691,0.31542246,0.322528
4bux_F35_A_2166,0.81415458,0,0.99025789,0.83018678,0.92382908,0,0
4bux_F35_C_2165,0.80383236,0,4.8758981e-46,5.1245637e-46,0.96013428,0.33782463,0.34380887
4bvh_OCZ_B_1392,0.9877122,0,0.22095395,0.20665969,0.99709252,0.32043926,0.32729882
4bvh_OCZ_C_1394,0.98447356,0,0.22094763,0.20663386,0.9984219,0.32108844,0.32791602
4bz6_SHH_A_700,0.95973613,0.93972826,0.1774629,0.16591665,1.3235952e-05,0.22788091,0.23626978
4bz6_SHH_C_700,0.93851565,0.94664435,0.17920079,0.16745921,0.063757479,0.24170526,0.24939423
4bz6_SHH_D_700,0.98935604,0.92309055,0.17809778,0.16668648,3.2331249e-09,0.22274042,0.23143582
4c2p_X8Z_A_709,0.98923888,0.94641592,0.21079642,0.19802562,0.9800801,0.38596891,0.38660267
4c2z_646_A_1498,0.95322667,0.96358836,0.18250777,0.17073532,0.16038667,0.25690383,0.26379599
4c2z_646_B_1498,0,0.87918413,0.16951995,0.15237931,0.19502984,0.38308751,0.38401278
4c67_L5S_A_1170,0,0.98503551,0.19291547,0.17557131,0.99747818,0,0
4c7g_NGO_A_1495,0,0,0.20486015,0.18521533,0.98097349,0.44894885,0.44945621
4can_M7K_A_800,0,0.97516882,0.161991,0.14527929,5.735535e-12,0.35789616,0.35974789
4can_M7K_B_800,0,0.9803628,0.16193826,0.14523474,7.1998869e-09,0.35827229,0.36008905
4cb5_93G_A_1484,0,0,0.17189676,0.15364866,0.00011797458,0.28729727,0.29571468
4ccu_AWF_A_1500,0.9827705,0.98554819,0.21015923,0.19742073,0.9759741,0.38898502,0.38934594
4cdt_M48_A_801,0.035791247,0.98176314,0.1624876,0.145981,3.4183517e-08,0.3536207,0.35566292
4cjs_L0Y_A_1217,0,0.98316231,0.16191721,0.14521778,0.000219282,0.35851116,0.3603073
4cjs_L0Y_B_1217,0.98314179,0.96678194,0.17757844,0.16620122,0.00065909587,0.22683826,0.23519335
4cjv_IV2_B_1215,0.9945621,0.99581782,0.21026403,0.19760487,0.97667082,0.38827763,0.38864117
4cjw_CBJ_A_1215,0.975414,0.94785945,0.17785407,0.1663963,0.0067639809,0.22750032,0.23588288
4cjw_CBJ_A_1216,4.6666931e-07,0,0.17189288,0.15364494,2.2569333e-06,0.28727814,0.29569648
4cjw_CBJ_B_1217,0.99189749,0.9296023,0.17833689,0.16693843,0.0078914951,0.22417505,0.23277964
4cjw_CBJ_B_1218,3.6857397e-07,0.66709005,0.16511964,0.14792258,1.2422221e-05,0.33558816,0.33951435
4cld_JUO_A_1270,0.99589984,0,0.18759402,0.17476328,0.00060131922,0.15512351,0.17007295
4cld_JUO_B_1270,0,0,0.1718928,0.15364486,0,0.28727783,0.29569619
4cld_JUO_C_1270,0,0,0.17189721,0.15364909,0.0001313266,0.28729947,0.29571677
4cld_JUO_D_1270,0,0,0.17194959,0.15369925,0.0016900192,0.28755635,0.29596108
4cle_JR2_A_1270,0.99282038,0,0.18754335,0.17469594,0.00053617997,0.15552172,0.17045148
4cle_JR2_A_1271,0,0,0.17189495,0.15364692,6.3886891e-05,0.28728835,0.2957062
4cle_JR2_B_1270,0.99593436,0,0.21971383,0.20552233,0.95633931,0.31263097,0.31987315
4clo_XP0_B_1270,0,0,0.17218951,0.153929,0.0088290075,0.28873291,0.29708007
4clo_XP0_D_1270,0.9637722,0,0.22028253,0.2058705,0.98833029,0.32217437,0.32894748
4clr_FDB_A_1270,0.14254979,0.99387604,0.19663963,0.17935185,0.96986567,0.50016093,0.49500081
4clr_FDB_C_1270,0.15304424,0.99520353,0.19579591,0.1786095,0.94024436,0.49398163,0.48912032
4clr_FDB_D_1270,0.99889934,0.99230682,0.21072127,0.1980652,0.98718323,0.38917992,0.38951078
4cme_KTZ_A_1270,0.9896458,0,0.22081342,0.20653691,0.99200478,0.31934399,0.32625727
4cme_KTZ_B_1270,0.98976229,0,0,0,0.98978889,0.3180046,0.32497049
4cme_KTZ_C_1270,0.99550674,0,0.22075868,0.2065203,0.98763019,0.31784471,0.32483173
4cme_KTZ_D_1270,0.95432119,0,0,0,0.95681769,0.31728377,0.32428273
4cmk_FQW_A_1270,0.9571559,0.95357381,0.17739917,0.16585572,0.003509029,0.22980233,0.23805284
4cmk_FQW_B_1270,0,0.95095874,0.16465682,0.14780443,0.072009048,0.36801052,0.36944457
4cmk_FQW_C_1270,0.95793718,0.9273197,0.17758037,0.16600394,0.00060229797,0.2273183,0.23577417
4cmk_FQW_D_1270,0.99061305,0.94127894,0.17808652,0.1667042,0.004571419,0.22464403,0.23318834
4cno_9PY_B_301,0,0.94810296,0.19811152,0.1791788,0.99307578,0.99288681,0.99297493
4cno_9PY_C_301,0,0.92928702,0.17683673,0.15944345,0.42788562,0.42509198,0.42380202
4cno_9PY_D_301,0.99007119,0.97488296,0.20859786,0.1959579,0.92287123,0.37849146,0.37940035
4crg_J4X_A_1493,0,0.98255946,0.18812263,0.17031214,0.77980335,0.48694819,0.48246149
4cvb_PQQ_A_1608,0,0,0.20514089,0.18548418,0.98932721,0.4503256,0.45076559
4cw2_XDS_A_1303,0,0,0.1718928,0.15364486,0,0.28727783,0.29569619
4cx6_Q16_B_800,1.7980389e-11,0.98227784,0,3.2063113e-11,2.5222448e-13,6.4462239e-09,7.5478345e-09
4cxr_2BG_A_502,0.99651084,0.9942728,0.2104882,0.19782967,0.98196121,0.38877885,0.38912292
4d06_NAR_C_301,0,0.992269,0.19264802,0.17532299,0.99165115,0,0
4d06_NAR_E_301,0.99419914,0.99335969,0.21061673,0.1979376,0.98659306,0.38978308,0.39008077
4d06_NAR_F_301,0.97458134,0.95399504,0.17755134,0.16610835,6.360607e-10,0.22694046,0.23533079
4d06_NAR_F_302,0.9941494,0.22789637,0.18538185,0.17289511,0.0044526342,0.17249415,0.18586643
4d06_X8W_B_301,0.99502186,0.98425318,0.17760391,0.16631817,0.0011293498,0.22660332,0.23491494
4d06_X8W_D_303,0.99223868,0.035432403,0.18620062,0.17370436,0.0002565592,2.2269946e-08,3.7738387e-08
4d0z_BBK_A_1581,0.93187622,0.9382103,0.17704342,0.16534305,0.0001254788,0.23148922,0.23970456
4d0z_BBK_B_1580,0.95713481,0,0.18696344,0.17392265,1.3578964e-07,0.16017235,0.17487223
4d0z_BBK_E_1584,0.92336522,0,0.18643562,0.17321094,0.00011604205,0.16467598,0.1791533
4d3s_BOG_F_1000,0.96742037,0.98758705,0.207733,0.19500589,0.91158733,0.38055976,0.38132545
4d3s_BOG_H_1000,0.95094108,0,0.18686592,0.17379144,2.0973815e-07,0.16099487,0.1756541
4d4u_FUC_A_950,0.98504497,0.96898335,0.21091299,0.19813748,0.99233232,0.39017935,0.39053482
4d4u_FUC_B_950,0.99300574,0.99048334,0.21100452,0.19829837,0.99782195,0.39158386,0.39180253
4d5e_TPP_A_1589,0.36990274,0.94448105,0.17454883,0.15952907,0.19108937,0.33804436,0.34098932
4d5e_TPP_B_1590,0,0,0.20531088,0.18564697,0.99438554,0.45115925,0.45155845
4d6z_PK9_A_1600,8.3803221e-06,0.74007658,0.16437887,0.14729683,1.8683987e-05,0.34087356,0.34430827
4d96_5PA_B_501,0,0.97304911,0.16201252,0.14529748,0,0.35774265,0.35960866
4d96_5PA_C_402,0,0.98107244,0,0,0.32340574,0.41084912,0.4100805
4d96_5PA_D_501,0,0,0.19886739,0.1794765,0.80265359,0.41956053,0.42150594
4dch_4DC_A_502,0.96829989,0,0.21201006,0.1979762,0.74005399,0.2806555,0.28946053
4dch_GLC_A_501,0,0.98351441,0.98919867,0.9651267,0.96669289,0.0049832634,0.0049831128
4dd8_BAT_A_1000,0,0.94422995,0.1893391,0.17143318,0.80441982,0.48822946,0.48380234
4dd8_BAT_B_1000,0.93643228,0.95764167,0.17691365,0.16526885,3.0038879e-07,0.2322707,0.24038611
4dd8_BAT_C_1000,0.59027314,0.82103748,0.17285023,0.15910701,0,0.26834746,0.27511096
4do1_ANN_B_502,0.99638973,0.98563776,0.17757343,0.16629893,1.6661633e-08,0.22633581,0.23465619
4do1_ANN_C_502,0.99806827,0.97909159,0.17766633,0.16639065,8.3470383e-08,0.22563887,0.23401434
4do1_ANN_D_502,0.99500566,0.97936974,0.17761528,0.16632338,4.11256e-08,0.22606571,0.23441921
4dt8_ADN_B_401,0.9783334,0.98551584,0.20971378,0.19696702,0.96478848,0.38772845,0.38815067
4dta_ADN_A_401,0.99050774,0.97481296,0.17966384,0.16825244,0.061687314,0.23649952,0.24435671
4dta_ADN_B_401,0.98202126,0.95390452,0.18177892,0.17020213,0.12228223,0.24609884,0.25355247
4dtb_GMP_A_401,0,0,0.20491916,0.18527184,0.98272948,0.44923825,0.44973145
4du7_DP6_A_401,0.98583086,0.94204749,0.20962829,0.19688117,0.94559839,0.38042232,0.38134121
4du7_DP6_B_401,0.98082006,0.96139828,0.21015434,0.19737648,0.9694456,0.38641924,0.38698263
4dvw_0M4_B_512,0.62514079,0.99097395,0.19375405,0.17953265,0.65702038,0.3843047,0.3848542
4dwv_PFB_B_378,0.99182577,0.98198648,0.2100267,0.19734504,0.96671165,0.38599806,0.38651709
4e7v_CRS_1_101,0,0.98431918,0.17128741,0.15419227,0.27938768,0.40460376,0.40414077
4e7v_CRS_3_101,0.99789088,0.97780262,0.20112865,0.18885627,0.69783633,0.34057718,0.34333252
4e7v_CRS_E_101,0.25271518,0.9905427,0.17571697,0.15998474,0.29467062,0.37401313,0.37504352
4e7v_CRS_G_101,0.99448582,0.99519348,0.21085969,0.19817411,0.99424206,0.39113841,0.39136395
4e7v_CRS_I_101,0.9978539,0.98707028,0.19275546,0.18084826,0.4515021,0.30065569,0.30533492
4e7v_CRS_M_101,0.99555703,0.98743952,0.21084221,0.19815504,0.99087744,0.38988013,0.39019204
4e7v_CRS_O_101,0.9942327,0.98736929,0.21092245,0.19822371,0.99386439,0.39054318,0.39082279
4e7v_CRS_Q_101,0.99832261,0.98753869,0.20668321,0.19418926,0.86585662,0.36891577,0.37025339
4e7v_CRS_S_101,0.18070844,0.98539739,0.17543953,0.15927338,0.31859733,0.38714615,0.38754566
4e7v_CRS_U_101,0.99700699,0.99039757,0.21033955,0.19768592,0.97613473,0.38747209,0.38789249
4e7v_CRS_Y_101,0.99746277,0.98949961,0.187107,0.17543952,0.28434399,0.27333478,0.27934312
4e9z_651_A_301,0.99823689,0,0.19438095,0.1812769,0.2014575,0.18791561,0.20126059
4ea0_651_A_306,0.82475567,0.99071232,0.17481944,0.16261918,4.7640612e-07,0.24949602,0.25665581
4ea0_651_B_305,0.88660388,0.99105793,0.17578978,0.16392654,9.1467988e-07,0.2413078,0.24887117
4ejh_0QA_A_502,0.99249055,0.59102642,0.20959644,0.19648938,0.83547295,0.33596879,0.34018321
4ejh_0QA_D_502,0,0.68886984,0.16505659,0.14788714,0.0047171411,0.3379408,0.34168238
4ejh_0QA_F_502,0,0,0.20342963,0.18384543,0.93840715,0.44193363,0.44278427
4ek1_CAM_A_502,0.066424545,0.98567145,3.2770335e-47,0.99288302,0.046482637,0.34189386,0
4ek1_CAM_B_502,0.072793645,0,0.17449503,0.15658142,0.043326237,0.28475144,0.29329813
4ekr_0R0_A_202,0.9971705,0.99177384,0.18221059,0.1707514,0.13947097,0.24966223,0.25682166
4ekr_0R0_A_203,0.0064548937,0.94166089,0.16243287,0.1457035,0,0.35461243,0.35673217
4ekr_0R0_B_203,0,0.99207739,0.16605087,0.14918651,0.12591395,0.37987208,0.38059453
4evi_N7I_B_401,0.99517936,0.99259439,0.21101107,0.19832034,0.99763647,0.39141751,0.39163773
4evq_PHB_B_402,0.98976449,0.99211104,0.21084865,0.19813117,0.99519428,0.39169911,0.39190673
4evs_PHB_A_408,0.9955027,0.98997319,0.2109917,0.19830076,0.99611657,0.39093427,0.39118651
4f06_PHB_A_401,0.98213379,0.99116736,0.99802309,0.99671067,0.99503577,0,0
4f8n_GAL_A_204,0.98184816,0.96241952,0.20458445,0.19205005,0.80353539,0.35901355,0.36091478
4f8n_PC_A_202,0.9663152,0.92965042,0.17766839,0.16614207,2.5810723e-07,0.22627528,0.23477529
4fh7_TBP_A_202,0.02861531,0.020652629,0.17213501,0.15407523,4.0272779e-05,0.28498,0.29344676
4fm6_TYR_C_259,0,0,0.1718928,0.15364486,0,0.28727783,0.29569619
4fra_GAL_A_402,0.9772443,0.98949227,0.20933121,0.19659856,0.95511636,0.38656701,0.38703331
4g1q_T27_A_601,0,0,0.17189281,0.15364487,2.6334242e-07,0.28727787,0.29569623
4g1x_TQU_A_409,0,0.94765954,0.16227045,0.1455154,3.7308404e-06,0.35590465,0.35794159
4g1x_TQU_A_410,0.9971105,0.99486641,4.9187123e-13,1.1625452e-39,0.1632594,0,0
4gcq_0JM_A_401,0,0.91666671,0.19208815,0.17403419,0.87789235,0.4983422,0.49350817
4gcq_0JM_B_401,0.00023758942,0.97055429,0.16204168,0.14532399,2.3658596e-06,0.35753083,0.35941518
4ghf_4NC_A_402,0,0.93823821,0.16246466,0.1456906,0.002936082,0.35570566,0.3577824
4ghf_4NC_C_402,0,0.94652896,0.16236051,0.14560035,0.002341934,0.35620812,0.35823383
4ghf_4NC_D_402,0,0.93203626,0.16242897,0.14564931,0,0.35477265,0.35691483
4gim_PSU_B_400,0.97830455,0.91511043,0.1815021,0.16986991,0.10406538,0.24078082,0.2486182
4gim_PSU_C_400,0.94561269,0.79013062,0.17877383,0.16691446,0.00043871067,0.21899325,0.22829336
4gmu_OXL_A_705,0,0.48852067,0.18035313,0.16230612,0.39934617,0.38846972,0.39037797
4gnp_PEP_A_703,0.99025742,0.95707198,0.20592743,0.19338135,0.83794124,0.36317988,0.36489485
4gt9_MEF_A_304,0,0,0.17189295,0.15364501,4.637946e-06,0.28727859,0.29569691
4gt9_UMP_A_302,0.49790126,0,0.17973254,0.16419336,0,0.22115758,0.23284359
4gy9_ZIP_A_201,0.99409346,0.98823186,0.2002857,0.18803779,0.67768399,0.33851548,0.34133818
4h4c_10D_A_402,0,0.92458211,0.18949492,0.1715599,0.80311995,0.48659241,0.48230808
4h4c_10D_B_402,0,0.90521305,0.16405752,0.14717814,0.040354752,0.35948094,0.3614783
4h9g_14J_A_512,0.0034863285,0.97718225,0.1848218,0.16716632,0.67832617,0.4693717,0.46576244
4h9x_HL4_A_404,0.58616657,0.9850088,0.18989252,0.17558987,0.55857501,0.37282396,0.37395175
4h9x_HL4_B_404,0.54444563,0.69167149,0.1942296,0.17915247,0.61854745,0.3670058,0.36935143
4hey_4MZ_A_303,0.8082825,0,0.18461967,0.17076908,0,0.1799396,0.19366259
4hey_4MZ_A_307,0.071537657,0,0.17301975,0.15516098,1.6473936e-05,0.27778049,0.28666821
4hey_4MZ_A_308,0.8286018,0,0.18494989,0.17120941,0.00030598116,0.17729167,0.19114554
4hez_1MZ_A_302,0,0.98590196,0.16188202,0.14518722,2.7716504e-08,0.35867342,0.36045288
4hez_1MZ_A_304,0.22115159,0.80111648,0.16724348,0.15146059,8.9247272e-05,0.31593813,0.32041257
4hez_1MZ_A_306,0.19139974,0.99592302,0.164794,0.14915627,1.0054297e-06,0.33398178,0.33694988
4hez_1MZ_A_307,0.076795885,0.78738104,0.1651224,0.148532,0.0004586778,0.33417448,0.33779105
4hgg_SYN_A_502,0.99810189,0.86131549,0.17886337,0.16740231,1.8623296e-05,0.21710852,0.22627715
4hgg_SYN_B_502,0.99201502,0.94275026,0.17794586,0.16657975,0.00017374498,0.22383963,0.2324187
4hmx_WUB_A_302,0.0001287914,0,0.17193591,0.15368693,0.0012224197,0.28746219,0.29587153
4hon_AKG_A_401,0.99662671,0,0.22102481,0.20678199,0.99502428,0.31891457,0.32584932
4hon_AKG_B_401,0.99329821,0,0.22097163,0.20671073,0.99500132,0.31935281,0.32626589
4hoz_GLC_A_703,0.99290205,0,0.22033312,0.20609685,0.97618737,0.31630475,0.32336696
4hrq_AZG_A_201,0.012747853,0.97877727,0.16318196,1.6833281e-28,0.037300879,0.36232909,0.36394888
4hrq_AZG_B_201,0,0,0.1718928,0.15364486,0,0.28727783,0.29569619
4hxk_1AJ_A_201,1.5991157e-05,0.94145401,0.16233413,0.14556937,1.5934067e-05,0.35545515,0.35753389
4hzf_CMP_A_301,0.48825785,0.99347446,0.20291287,0.18747024,0.99443786,0.45827221,0.45518545
4hzf_CMP_A_302,0.8709495,0.98035391,0.20918161,0.19579564,0.99770562,0.40703996,0.40652675
4hzf_CMP_B_301,0,0.99239072,0.19274903,0.17542044,0.99475842,0,0
4i02_CMP_A_301,0,0.99317321,0.17672888,0.15941333,0.44397894,0.43237069,0.43052074
4i02_CMP_A_302,0.87754944,0.9840467,0.18374641,0.17148271,0.23888144,0.2813716,0.28699632
4i02_CMP_B_301,0.96012242,0.99292378,0.21032773,0.19745222,0.99382756,0.39546912,0.39548776
4i02_CMP_B_302,0.18131332,0.99049252,0.19821227,0.18109073,0.99747704,0.49931874,0.49421312
4i02_CMP_D_301,0.95881996,0.99265204,0.21030141,0.19741874,0.99357243,0.39558036,0.39559434
4i02_CMP_D_302,0.92813279,0.98902808,0.20975974,0.19670845,0.99073737,0.39892588,0.39878573
4i02_CMP_F_301,0.52976567,0.99406744,0,0,0.99485296,0,0
4i0b_CMP_A_301,0.53440727,0.99449971,0.20361927,0.18842975,0.99414521,0.45216968,0.44938125
4i0b_CMP_A_302,0.97462773,0.97654145,0.2107888,0.19796358,0.99580115,0.39268176,0.39288999
4i0b_CMP_B_301,0.89837496,0.99509246,0.20938646,0.19617619,0.99540471,0.40408603,0.40367211
4i2p_G73_A_601,0.9862799,0.99185268,0.21073484,0.19800061,0.99336257,0.39184126,0.39204254
4i4v_NGA_A_201,0,0.94789829,0.19775627,0.17885097,0.9838492,0.98220294,0.98213771
4i4v_NGA_A_202,0.96863382,0.93122381,0.20547399,0.19278547,0.8267704,0.36233859,0.36417579
4i4v_NGA_B_201,0,0.95332484,0.19116777,0.17319478,0.86158138,0.49830869,0.49335935
4i4v_NGA_B_202,0,0.97947437,0.18943718,0.17156747,0.81798704,0.49301771,0.48824385
4i4v_NGA_D_201,0.98665319,0.98194089,0.20823792,0.19560041,0.91589457,0.37830667,0.37920187
4i4v_NGA_D_202,0,0.97422943,0.18947027,0.17159315,0.81738689,0.49253898,0.48780528
4i6s_FUC_A_101,0.98624321,0.94468373,0.21133479,0.1985209,0.99698009,0.38902652,0.389516
4i6s_FUC_B_101,0.52744812,0.95106866,0.20407614,0.18877502,0.99787803,0.45056391,0.44799216
4i6s_FUC_B_102,0.97359678,0.96207217,0.21093779,0.19808339,0.99634592,0.39186063,0.39215514
4i6s_FUC_C_101,0.74154165,0.96938942,0.20706887,0.1929695,0.99215671,0.42251655,0.42127263
4i6w_1CO_B_1001,0.98595935,0.97242646,0.17791027,0.16654267,0.010918322,0.22856364,0.23681648
4i6y_MEV_A_501,0,0.97424084,0.16203388,0.14531929,0.00099556579,0.35799303,0.35984299
4i6y_MEV_B_1001,0.99439308,0.97619063,0.20685778,0.19431944,0.86946354,0.36921027,0.37056942
4i7n_1DJ_A_202,0.99716477,0.99635442,0.21091338,0.19824322,0.99493549,0.390981,0.39121071
4i7n_1DJ_B_203,0.99866992,0.99500498,0.2109641,0.19829943,0.99533162,0.39074869,0.39099417
4i9n_1E5_B_402,0.99031155,0.96515591,0.21030904,0.1975869,0.97073742,0.38564381,0.38623377
4i9n_1E5_C_402,0.8633477,0.97546465,0.20712685,0.19377591,0.93864857,0.3979624,0.39790848
4i9n_1E5_F_402,0.93713698,0.96809782,0.20916636,0.19617124,0.96253824,0.39156704,0.39185434
4i9n_1E5_H_402,0.89727759,0.028893908,1.9234088e-49,0,8.9851661e-09,0.16938728,0.18352907
4i9n_1E6_A_401,0.99021964,0.98345979,0.20594133,0.19342466,0.84634554,0.3664809,0.36795015
4i9n_1E6_B_401,0.89919613,0.9803116,0.20400513,0.19101096,0.83042756,0.37571726,0.37673871
4i9n_1E6_C_401,0.97730695,0.97467738,1.0622419e-77,1.1697218e-45,0.8655176,0.92466044,0.93120851
4i9n_1E6_D_401,0.94817512,0.98167436,0.20027697,0.18774148,0.69695683,0.34731476,0.34972484
4i9n_1E6_F_401,0,0.98514814,0.18908121,0.17123308,0.80910911,0.49196544,0.48722497
4i9n_1E6_G_401,0,0.98113045,0.1652473,0.14840445,0.098695396,0.37459354,0.37560921
4ioq_BAQ_A_201,0.99515791,0.98961076,0.17751443,0.16623945,2.1962924e-05,0.22679072,0.23507609
4iph_1FJ_A_201,0.98293708,0,0.19840131,0.18503347,0.32825542,0.21084454,0.22306656
4iph_1FJ_A_202,0.0023835989,0,0.17210574,0.15386334,0.0052194573,0.28782149,0.2962134
4itu_1HS_A_302,7.9335427e-06,0,0.17189292,0.15364503,0,0.28727677,0.29569519
4itu_1HS_B_302,7.3478855e-06,0.95851648,0.17834289,0.1609193,0.48153044,0.43604873,0.43412937
4itu_1HS_D_302,5.1528215e-06,0.96064718,0.19358301,0.1755161,0.935659,0.51104676,0.50545075
4ixw_IXW_B_302,0.00090207446,0.8743118,0.16315899,0.14628781,0.0038590219,0.35110864,0.35361433
4j0k_EGR_A_501,0.9034004,0.7287984,0.17874523,0.16655904,0.00083448998,0.22022272,0.22965561
4j0k_EGR_B_501,0.9409488,0.77542336,0.17885285,0.16694481,0.00053170677,0.21856288,0.22793067
4j4b_0TF_A_904,0.97641548,0,0.21580925,0.20166397,0.8492999,0.29758222,0.30555951
4j4b_0TF_B_301,0.97586855,0,0.21885876,0.20458093,0.94029711,0.31265181,0.31989167
4j5h_1K4_A_303,0,0.94585595,0.19280459,0.1747537,0.90802991,0.50542285,0.50014923
4j7u_YTZ_A_802,0.95283946,0.95988885,0.17718705,0.16563345,0.0011275768,0.23044038,0.23863924
4j7u_YTZ_B_802,0.94858893,0.89629386,0.17867577,0.1669603,0.028202588,0.23086166,0.23924252
4j7u_YTZ_D_802,0.99379934,0.98712551,0.17754848,0.16626092,0.00092071355,0.22693929,0.23522522
4jb0_ENO_A_402,0.93883266,0,0.22009824,0.2055417,0.99453131,0.32650826,0.33306769
4jb0_FER_A_401,0,0,0.1718928,0.15364486,0,0.28727783,0.29569619
4jh6_FCN_A_202,0.99536604,0.92701857,0.19991343,0.18761896,0.64751537,0.32894164,0.33242819
4jh6_FCN_B_202,0,0,0.20394344,0.18433747,0.95369612,0.44445335,0.44518069
4jhh_H35_A_201,0.96983172,0,0.18719385,0.17422085,0.00090745135,0.15863576,0.17341164
4jp3_CIT_A_301,0,0.95892052,0.16419702,0.14737323,0.060732711,0.36672867,0.36820004
4jwx_1N4_A_301,0.99003527,0.96906381,0,0,0.98708271,0,0
4jxh_HRC_A_301,0.98481105,0,0.18743883,0.17454693,0.0011788271,0.15669126,0.17156326
4jzx_476_A_402,0.98889299,0.88049137,0.21026701,0.19744103,0.94457069,0.37538862,0.37675041
4jzx_IPE_A_401,0,0.97079023,0.16204457,0.14532558,0.00027107356,0.35762375,0.35950278
4k5g_Q13_A_803,0.021061927,0,0.17222443,0.15409108,6.8728764e-13,0.28448085,0.29303743
4k5g_Q13_B_803,0.22522573,0.98911506,0.1653957,0.14993127,2.6709003e-13,0.32899659,0.33223253
4k5u_GAL_B_301,0,0.98416174,0.19753229,0.17867355,0.98764343,0.98825887,0.98824991
4k5u_GAL_C_301,0.92530297,0.98466455,0.20974856,0.19667547,0.99041217,0.39893209,0.39880537
4k5u_GAL_D_301,0,0.98754743,0.19657781,0.17788386,0.97369752,0.89598039,0.89615582
4k90_MLA_A_704,0.98196275,0.87380436,0.17848334,0.1669541,4.518149e-05,0.22016054,0.22913894
4kfj_1R0_A_202,0,0.31133906,0.16874019,0.15098235,0.0002590492,0.30986661,0.31618638
4kp7_1UQ_B_502,0.99343385,0.94583919,0,0,0.95483281,0,0
4kqk_PCR_A_403,0.99598812,0.9984589,0.21086089,0.19818817,0.99456061,0.39122788,0.39143872
4kqk_PCR_B_703,0.99704905,0.99768388,0.21085446,0.19818761,0.99363817,0.39087884,0.3911093
4kqx_HIO_A_402,0.81156222,0.95520729,0.20027524,0.18687514,0.75291498,0.3727623,0.37400276
4kqx_HIO_B_401,0.80305821,0.92153853,0.19015409,0.17709234,0.44556243,0.32079967,0.32468967
4kux_FPS_A_704,0.86740178,0.92710586,0.19174557,0.17901575,0.46445401,0.3157716,0.31989404
4kux_FPS_B_405,0,0.94015224,0.1802478,0.16272243,0.53266792,0.44314763,0.44093949
4kux_FPS_C_705,0,0.90848005,0.16526565,0.14833883,0.077290912,0.36580485,0.36748235
4kux_FPS_D_704,0,0.90060287,0.17734879,0.15990096,0.43445555,0.42409754,0.42294776
4kwl_3SS_A_302,0.98946674,0.99136081,0.20766953,0.19508408,0.90050951,0.37607963,0.37705394
4l1x_STR_A_402,0.98821587,0.9838654,0.17746275,0.16614098,7.4621985e-07,0.22729306,0.23557172
4l1x_STR_B_402,0,0,0.17210409,0.1538472,0.006287124,0.28831399,0.29668165
4l4d_CAM_A_503,0,0.97883744,0.16354495,0.1467716,0.047347539,0.36596502,0.36741022
4l7p_M95_A_601,0.97495861,0,0.18725922,0.17431476,0.00045034415,0.15787958,0.1726928
4l80_OXL_A_402,0.99550802,0.92323582,0.21009342,0.19736415,0.94922082,0.37837194,0.3794518
4l80_OXL_B_402,0.98072824,0.95583577,0.17762944,0.16622278,0,0.22625747,0.23467574
4l80_OXL_C_402,0.99606764,0.9239691,0.18772721,0.17594989,0.28365325,0.26866072,0.27510674
4l80_OXL_D_402,0.99482162,0.80685954,0.17936404,0.16779937,0,0.21359755,0.22311151
4l80_OXL_E_402,0.99179727,0.96785202,0.17768171,0.16635421,0,0.2256577,0.2340677
4l80_OXL_F_402,0.99232612,0.93433118,0.20443597,0.19193969,0.78572142,0.35265218,0.35495498
4l8q_XMM_A_303,0.12899927,0.82378864,0.16698002,0.15067144,0.042275572,0.3367702,0.34014697
4l91_X29_A_301,0.99558306,0.9896262,0.21033295,0.19767001,0.97637226,0.38764447,0.38805881
4lek_1DN_X_202,0,0.99418086,0.19156236,0.17427971,0.95927662,0,0
4lm7_U5P_A_201,0.7553354,0.86152891,0.17880263,0.16586168,0.11201742,0.26782101,0.27449176
4lo1_GAL_A_301,0.97194241,0.96615984,0.20999595,0.19717604,0.97033081,0.38808888,0.3885548
4lo1_GAL_B_301,0,0.95478858,0.18710627,0.16930705,0.74117009,0.4785701,0.47458196
4lol_1YE_A_402,0.99567078,0.97010127,0.17771987,0.16641698,3.5719712e-09,0.22530619,0.23372647
4luu_BTM_A_704,0.00048386375,0,0.17190042,0.15365511,0,0.28721357,0.29563511
4lvb_20N_B_601,0.99380289,0.99418104,0.17744596,0.16617084,3.032122e-07,0.22729806,0.23554393
4lxi_22J_A_301,0.90201603,0,0.21153789,0.1971192,0.75705965,0.2922605,0.30049339
4lz3_BTM_A_409,0.98642741,0.98622247,0.20780787,0.19519211,0.90449749,0.37676839,0.37772519
4lz7_1YW_B_804,0.19717189,0.95077782,0.16534325,0.1496658,3.3472084e-09,0.32994583,0.33325582
4lz7_1YW_C_804,0,3.440424e-08,0.1718928,0.15364486,4.1166882e-08,0.28727783,0.2956962
4m2c_DAR_C_402,0.97985841,0,0.18732123,0.17440407,0,0.15715468,0.17200369
4m2c_DAR_D_402,0,0,0.1718928,0.15364486,0,0.28727783,0.29569619
4m54_AE5_A_403,5.927046e-05,0,0.17189373,0.15364612,0,0.28726995,0.29568871
4m72_M72_B_402,0,0,0.18004697,0.16145353,0.24263483,0.32726568,0.33372732
4ma8_Z80_C_301,0,0.73788609,0.16440038,0.14731487,8.2069673e-07,0.3407131,0.34416265
4mgj_CPZ_A_502,8.6485453e-05,0.98116181,0.16193233,0.1452305,2.4505765e-05,0.3583227,0.36013445
4mig_G3F_A_802,0.95445049,0.98144063,0.17721127,0.16569116,0.0076048913,0.23285465,0.24086672
4mig_G3F_B_802,0.98360732,0.97552988,0.99259036,3.1656959e-94,0.47691941,0.00060186616,0.00060204633
4mig_G3F_D_802,0.96683168,0.98279634,0.19481282,0.18262407,0.52596377,0.31673766,0.32064158
4mju_27S_A_501,0.67541437,0,0.21031197,0.19456125,0.82674956,0.33383809,0.34002182
4mog_G3F_A_802,0.94564143,0.92957132,0.17737228,0.16573215,0.0008515307,0.22915528,0.23751328
4mol_2FG_C_703,0.0074979064,0,0.17503837,0.15670294,0.090086444,0.30112897,0.30887004
4mol_2FG_D_802,0.0070901202,0.95670906,0.17015204,0.1531167,0.23393983,0.39417267,0.39430865
4mop_2H5_A_802,0.011034262,0.91595387,0.16276609,0.14602112,2.4594775e-06,0.3521431,0.35446597
4mop_2H5_B_802,0.99591975,0.88983296,0.17891213,0.16746833,0.011108163,0.22129107,0.23016392
4mop_2H5_C_703,0.95564687,0.91563809,0.19766546,0.18521063,0.59579586,0.32486841,0.328588
4mpr_TPP_A_602,0,0.95581788,0.16441893,0.14758219,0.066398459,0.36743774,0.36888432
4mr7_2BV_A_501,0,0,0.17267225,0.15439129,0.02319336,0.29110025,0.29933157
4mr8_2BW_A_507,0,0.95022785,0.16225836,0.14550676,0.00041973873,0.35615919,0.35817549
4mux_2E4_A_402,0,0,0.19536913,0.17612646,0.69855967,0.40240515,0.40519002
4n36_2F8_A_401,0,0.97125361,0.19281663,0.17479431,0.91606176,0.50858576,0.50307634
4n36_2F8_B_401,0,0.96049557,0,1.6963099e-43,0.75492842,0.86585288,0.871185
4n36_2F8_C_401,0,0.95707559,0.16217472,0.14543451,0,0.35658591,0.35855948
4n4j_HG1_A_605,0.96596352,0.94848261,0.18892826,0.17694425,0.34090253,0.28386873,0.28949044
4n4j_HG1_A_606,0.5819457,0,0.18105587,0.16597392,6.1360333e-09,0.20999666,0.22223423
4n4j_HG1_A_607,3.3184418e-08,0.90865764,0.16266746,0.14585093,3.2952515e-05,0.35308508,0.35538442
4n4j_HG1_A_608,0.0016010646,0.86529873,0.16313182,0.14625574,0,0.34972713,0.35232922
4n5p_2H0_E_412,0.99056021,0.98671827,0.18430304,0.17270903,0.20330346,0.26069398,0.2673293
4n6w_FLC_A_203,0,0.98522969,0.19787089,0.17898994,0.99702905,0.99654123,0.99632401
4n94_2HO_A_401,0.0019292408,0.99624085,0.16197591,0.14530075,0.005013606,0.3599922,0.36167427
4n9v_AZA_A_401,0.017437472,0.97544483,0.16226276,0.14564636,9.354593e-09,0.35560049,0.3575648
4n9v_AZA_A_402,0,0.69008367,0.16488575,0.14772494,5.1500805e-07,0.33725137,0.34102282
4n9v_AZA_A_403,0,0.027836011,0.17161015,0.15340607,2.6852909e-08,0.28929362,0.29752454
4ndn_PPK_A_406,0.90226474,0,0.18632966,0.17298061,0.0068493319,0.16858777,0.18287231
4ndn_PPK_C_404,0,0.94931982,0.16227085,0.14551769,0.00051717749,0.3561095,0.35813112
4nf4_2JK_A_301,0,0,0.20535552,0.18568972,0.99571387,0.45137816,0.45176665
4ni1_2JX_A_203,2.3874317e-06,0,0.17189316,0.15364522,9.7643079e-06,0.28727912,0.29569742
4ni1_2JX_A_204,0,0,0.17289648,0.15460602,0.029865494,0.29219986,0.30037737
4nir_6DH_A_307,0.99514521,0,0.18756193,0.17472794,1.4013414e-09,0.15512462,0.17007396
4nir_6DH_A_308,0,0,0.17214835,0.15388958,0.0076040251,0.28853102,0.29688806
4nir_6DH_B_306,1.003211e-05,0,0.17206005,0.15380509,0.004971992,0.28809591,0.29647424
4nkw_PLO_A_601,0.98700299,0.99535151,0.17732701,0.16601674,2.1286123e-07,0.22828582,0.23647918
4nkw_PLO_B_601,0.99066857,0.9938415,0.17740005,0.16610735,2.0627168e-07,0.22768969,0.23591728
4nkw_PLO_C_601,7.6450406e-07,0.99336545,0.19266742,0.17534309,0.99258858,0,0
4nkw_PLO_D_601,0.98034375,0.99394282,0.17723645,0.16588774,1.8629093e-07,0.22906814,0.23722728
4np7_DPJ_A_403,0,0,0.20273446,0.18317972,0.91772187,0.43852456,0.43954201
4npm_SIN_A_301,0.99523311,0.40064671,0.21590601,0.20233035,0.96441396,0.34306829,0.34754286
4nv0_MG7_B_402,7.2887944e-06,0,0.18972958,0.17072592,0.53074633,0.37474742,0.37888566
4o7g_ASC_B_303,0.98358203,0.97739772,0.17787213,0.16649731,0.012399145,0.22948339,0.23767521
4o7g_ASC_B_304,0.12732296,0,0.17395662,0.15639886,0.0017570331,0.27065917,0.27989897
4o95_245_A_602,0.93665459,0.98405158,0.176649,0.16504702,8.0319187e-07,0.23415378,0.2420928
4ocu_NDG_A_401,0,0.94216536,0.16232745,0.14556369,3.9679713e-05,0.3555127,0.35758636
4ofu_DHT_A_1001,0.99281794,0.99453362,0.21069927,0.19800954,0.99005079,0.39062137,0.3908742
4ovl_1TD_A_308,0.99390769,0.94330338,0.2112409,0.19847622,0.99017838,0.38678776,0.38739169
4ox5_DAL_A_307,0,0,0.17703188,0.15856619,0.15291809,0.31247975,0.31966492
4oxy_1TN_A_302,0.98129797,0.97494096,0.17744625,0.16607271,5.4457692e-05,0.22757431,0.23586724
4oxy_1TN_B_302,0.98677158,0.98767604,0.21052704,0.19779983,0.98568679,0.39020849,0.39050302
4p5y_NGA_A_201,0.9865421,0.99005169,0.18996399,0.17810939,0.37464,0.28970639,0.29491115
4p7q_NAG_A_703,0.084504057,0,0.17328171,0.15549104,0.0017362879,0.27634202,0.28530096
4p7q_NAG_A_704,0,0,0.17189335,0.15364539,1.6376658e-05,0.28728052,0.29569875
4p7q_NAG_A_706,0.11122306,0,0.17364422,0.15600137,4.4280901e-06,0.27250837,0.28165663
4p8c_2J3_A_504,0.68942883,0,0.18315083,0.16863657,0.011979095,0.19769735,0.21054372
4p8c_Y22_B_502,0,0.92256795,0.16252511,0.14573054,2.5917568e-08,0.35408699,0.35629293
4pb4_PLP_A_401,0,0.94958664,0.16225076,0.14549875,0,0.35604358,0.35806759
4pb4_PLP_B_401,0,0.81198516,0.16364796,0.14667918,0,0.34607896,0.34902955
4pbr_2L7_A_401,0.99532386,0.98982832,0.20996717,0.19731838,0.96567063,0.38592983,0.38642741
4pgi_Y69_A_303,0.96262219,0.91791807,0.17772936,0.16616447,1.5890366e-09,0.22591604,0.23447083
4pik_MAN_C_503,0.76768728,0.98020728,0.20744695,0.19350363,0.99442552,0.42020177,0.4190383
4pxd_1AL_A_502,0,0.97824081,0.19795178,0.17905782,0.9971479,0.99723205,0.99719807
4pxd_1AL_B_502,0,0.98657202,0.16187521,0.14518147,0,0.35872194,0.36049688
4q3a_2YC_A_904,0.86737563,0.98231189,0.20632272,0.1930383,0.91490274,0.39400989,0.39412779
4q3a_2YC_B_904,0,0.98686118,0.19231844,0.17499858,0.97992052,0,0
4q3a_2YC_C_904,0.92837893,0,0.21829176,0.20374792,0.94567573,0.31984476,0.32672958
4q40_VAL_A_403,0,0,0.17189282,0.15364488,5.8593925e-07,0.28727792,0.29569628
4q40_VAL_B_403,0,0.00019816725,0.1718908,0.15364317,3.6309704e-07,0.28729224,0.29570926
4q40_VAL_C_404,0,0,0.17189281,0.15364487,4.1151926e-07,0.28727789,0.29569625
4q40_VAL_D_403,0.99675676,0.99115117,0.18972993,0.17794889,0.36322147,0.28654767,0.29190416
4qbz_D80_A_917,6.5425734e-05,0.89518882,0.16316661,0.14631391,0.010785658,0.35387314,0.3561769
4qbz_D80_B_901,0.99623849,0.9781326,0.21098774,0.1982879,0.99207644,0.38931326,0.38968265
4qck_ASD_A_404,0.97764501,0,0.22083628,0.20648552,0.99830789,0.32197646,0.32876016
4qe1_RUU_A_403,0,0,0.19412945,0.17493931,0.66167179,0.39632578,0.39940813
4qpe_37E_A_901,0.99374267,0,0.20899772,0.19524689,0.63849856,0.26053973,0.27033073
4qxc_OGA_A_600,0.99713744,0.98663997,0.17757751,0.16630855,7.3929275e-05,0.22632128,0.23463922
4qxc_OGA_C_600,0,0.97780523,0.16196423,0.14525668,0,0.35808708,0.35992106
4qya_LU2_A_201,0.98717476,0,0.18743643,0.17455907,2.03726e-11,0.15618308,0.17108011
4qya_LU2_B_201,0,0,0.17189283,0.15364489,9.3388017e-07,0.28727798,0.29569633
4r08_URI_D_901,0,0,0.17189553,0.15364747,8.1160254e-05,0.2872912,0.29570891
4r2n_PHE_C_402,0.00085510106,0.8765809,0.16301677,0.14615393,0.00033469632,0.35069837,0.35321689
4r2n_PLP_A_401,0,0,0.20481355,0.1851707,0.97958681,0.44872031,0.44923886
4r3n_3GQ_B_404,0.86026705,0.95777435,0.17864532,0.16646213,0.087253294,0.25677477,0.26368578
4rcv_DE2_A_403,0,0.80684301,0.16371245,0.14673505,0.00036552727,0.34576683,0.34874909
4rg3_ECE_A_603,0.39722291,0.98836796,0.20083365,0.18491728,0.97367801,0.4665703,0.4630879
4rii_TYD_A_401,0,0,0,0,0.91691665,0.43750866,0.43856393
4rii_TYD_B_401,0.94001228,0,0.22020778,0.2056538,0.99723792,0.32679767,0.33334302
4rje_PYR_A_402,0.74839893,0.8933772,0.17460548,0.16183648,0,0.25258728,0.25990141
4rje_PYR_C_402,0,0.453138,0.17825069,0.16025225,0.32609573,0.37383527,0.3765725
4rkz_3S4_B_401,0,0.94027835,0,0.036506186,0.95019174,0.2135772,0.2163614
4rm3_FOA_A_1000,0.97910876,0.99066461,0.17861304,0.1671947,0.040549919,0.23567761,0.24352372
4rm3_FOA_B_1000,0.98819616,0.99223581,0.17817264,0.16683026,0.023662431,0.23180143,0.23983279
4rql_SNE_A_505,0.99305665,0.89078395,0.17870853,0.16725696,0.0066785632,0.22101013,0.2298935
4rql_SNE_B_502,0.98532899,0,0.20102857,0.18756402,0.40531124,0.22322621,0.23484252
4s38_CDI_A_900,0,0,0.17206386,0.15380868,0.0050901669,0.28811672,0.29649403
4tq4_DMA_B_403,0,0.91673464,0.17477953,0.15745904,0.36287912,0.41346947,0.41278828
4tq4_DMA_C_403,0.95790485,0.55932884,0.18150023,0.16933612,0.0060718716,0.2015754,0.21246494
4tq4_DMA_D_403,0.9842704,0.91636666,0.17863385,0.16716107,0.016302459,0.22561561,0.23419145
4tqi_6BD_A_201,0.92487826,0,0.18645558,0.1732393,1.1004356e-06,0.16445611,0.17894428
4tqi_6BD_B_201,0.95377808,0,0.18691058,0.17385153,2.1020935e-08,0.1606181,0.17529594
4trj_665_A_501,0.87354375,0.97642702,0.17577442,0.16381531,0.0012420697,0.24218719,0.24975336
4tsk_TLA_A_404,0,0,0.17194456,0.15369443,0.0015403094,0.28753168,0.29593762
4tyv_BGC_B_701,0.0043567237,0.94268702,0.16265749,0.14590695,0.0079766368,0.35627998,0.35831471
4u7g_K17_B_303,0,0.96404198,0.16210409,0.14537485,3.2205703e-06,0.35709092,0.35901756
4u8p_UDP_C_603,0.97078699,0,0.18717906,0.17421252,1.9734331e-05,0.1583626,0.17315191
4u8y_MIY_B_1102,0,0.9426336,0.16232136,0.1455584,0,0.35554007,0.35761089
4ubp_HAE_C_800,0,0.96412458,0.19671396,0.17805638,0.97836021,0.8431804,0.84384405
4uc9_ASP_A_1300,0,0,0.1718928,0.15364486,6.0201099e-08,0.28727784,0.2956962
4uc9_ASP_B_1300,0,2.1667471e-05,0.17189258,0.15364467,2.8807033e-09,0.28727939,0.29569761
4uc9_ASP_C_1300,0.70422773,0,0.182982,0.16856528,2.171486e-05,0.19376144,0.20680135
4uch_OLW_A_800,0,0.9817659,0.16192402,0.1452227,1.6165646e-08,0.3583739,0.36018121
4ud9_FQI_H_1257,0.99553818,0.99824518,0.21093281,0.19825405,0.99684691,0.39164895,0.39183983
4udc_DEX_A_1778,0.99319767,0.99631688,0.21085751,0.19816544,0.99512038,0.39153558,0.39173801
4ug6_XFJ_A_904,0.038658154,0.97219741,0.16262987,0.14612379,4.008391e-09,0.35254726,0.35467271
4ug7_1EV_A_904,0.96100584,0.94913861,0.17738693,0.16586242,7.4270546e-07,0.2283917,0.23672563
4ugf_Q16_A_904,0,0.97343389,0.16200864,0.1452942,6.7127896e-07,0.35777063,0.35963404
4ugg_S5D_A_904,0.10672969,0.97986887,0.1636238,0.14750014,6.972228e-09,0.34406304,0.34658357
4umd_CIT_A_1174,0.75898469,0.66789634,0.17750888,0.16442331,0.013306951,0.23704605,0.24584068
4uoc_NCN_B_400,0,0,0,2.001364e-46,0.95792048,0,0
4upd_7P9_B_1550,7.8624181e-05,0,0.17189404,0.15364653,0,0.28726738,0.29568626
4ur9_BK9_A_1717,0.99030694,0.99511855,0.17981842,0.1684225,0.072516129,0.2397813,0.24741312
4ur9_BK9_B_1717,0.0012290962,0.99591362,0.16162866,5.2175772e-09,0.0015978673,0.35921799,0.36093465
4ur9_OAN_B_1718,0.89753483,0,0.18732243,0.17390242,0.038606106,0.17444962,0.18844702
4uy7_HIS_A_800,0,0,0.1718928,0.15364486,0,0.28727783,0.29569619
4uy7_HIS_B_800,0,0,0.18801115,0.16908026,0.47961638,0.36632183,0.37087235
4uzi_IMD_B_1455,0.86494796,0.64089495,0.1790046,0.1664719,8.9129817e-06,0.2188274,0.22860652
4uzi_IMD_B_1456,0.8941696,0.99299115,0.20738704,0.1942334,0.93724548,0.39490729,0.39494894
4v2z_Y70_A_151,0.99272155,0.99119661,0.21096161,0.19825636,0.99689397,0.39152032,0.3917398
4v36_LYN_A_1851,0,1.1230582e-09,0.1718928,0.15364486,2.1146423e-09,0.28727783,0.29569619
4v3w_E2Z_A_800,0.0007964011,0.98496681,0.16190405,0.14521211,1.0010576e-10,0.35849993,0.36029092
4v3w_E2Z_B_800,0.19068595,0.98831743,0.16485995,0.14920636,1.3316878e-13,0.33352564,0.33654027
4w1v_3GS_B_502,0,0,0.17629848,0.15786386,0.13109496,0.30888316,0.31624431
4wbd_CIT_A_602,0.89966864,0.97166556,0.19977948,0.18695734,0.7018558,0.3538389,0.35595853
4wca_CIT_A_401,0,0.85602974,0.16568295,0.14867838,0.073860612,0.36144124,0.3634996
4wdd_CIT_A_401,0.98767434,0.92971153,0.18322532,0.17159406,0.15536286,0.24904806,0.25643492
4wdx_WDX_A_402,0,0,0.17191242,0.15366365,0.00058387903,0.28737405,0.29578771
4wmz_TPF_A_602,0,0.98900676,0.16185087,0.14516095,1.1269131e-05,0.35890011,0.36065857
4wqq_MAN_A_204,0.91004476,0.90842341,0.1777788,0.16587982,0.023236129,0.23604012,0.24412639
4wqq_MAN_B_204,0.017094036,0.95570808,0.16399476,0.14728027,0.045734904,0.36175424,0.36348038
4wqq_MAN_C_204,0,0.93793687,0.16318688,0.14638187,0.024335351,0.35921058,0.36111678
4wqq_MAN_D_204,0.81890647,0.95995344,0.1774967,0.16511205,0.073111727,0.26009455,0.26683349
4ws1_URF_A_301,0.035058805,0,0.17244483,0.15438763,3.8771334e-07,0.28262215,0.2912706
4ws6_WBU_A_301,0,0.96191823,0.16212556,0.14539298,5.1519438e-07,0.35693668,0.35887764
4wua_3UL_A_701,0.98708508,0,0.18743502,0.17455717,0,0.15619499,0.17109143
4wxb_CIT_A_501,0.79853253,0.96946531,0.20038284,0.18691493,0.76652937,0.37776887,0.37871802
4wxb_CIT_B_501,0.90996692,0.97124322,0.17635881,0.16459146,0,0.23677018,0.24462031
4wxb_CIT_C_501,0.31199923,0,0.17680541,0.16025485,0,0.24584498,0.25631094
4wxb_CIT_D_501,0,0.89851491,0.16339777,0.14653868,0.018699635,0.35542697,0.35764408
4x2f_3WJ_A_601,0.99857514,0.98539369,0.21094836,0.19827278,0.99200375,0.3895168,0.38985322
4x36_CHT_A_408,0.99463491,0.97509629,0.17970273,0.16831522,0.060996447,0.23585809,0.24374604
4x36_CHT_A_409,0.99646917,0.97188093,0.21093974,0.19823618,0.98865111,0.38826538,0.38870601
4x36_CHT_A_411,0.87202325,0.92654684,0.17772356,0.16561546,0.04488214,0.24596914,0.25350928
4x36_CHT_A_412,0,0.91100396,0.16449694,2.0650617e-26,0.061966186,0.36317738,0.36497104
4x3j_3WR_A_1201,0.98624027,0.97209732,0.21054308,0.1977941,0.98170602,0.38849484,0.38892288
4xf0_CYS_A_502,0.99501274,0.94212112,0.2105665,0.19783578,0.96923581,0.38310392,0.38389196
4xfh_CYS_A_502,0,0.81774772,0.17787266,0.16030775,0.42501001,0.41654077,0.41602509
4xh4_PPI_A_504,0.99779281,0.98414873,0.20658355,0.1940867,0.86211515,0.36812402,0.36951117
4xp0_42A_A_404,0.99687933,0.98992031,0.17800531,0.1667204,0.013915543,0.22887429,0.23705683
4xp3_DX4_A_401,0,0,0.17252445,0.15424975,0.018795449,0.29037544,0.29864223
4xpq_FUL_A_1003,0.017863074,0,0.17222337,0.15407052,0.0014670546,0.28514743,0.29367119
4xpq_FUL_A_1004,0.0056294515,0,0.17199699,0.15377901,0.00046264559,0.28660649,0.29505807
4xti_IMP_A_601,0.96372754,0,0.21839074,0.20405859,0.93205912,0.31290643,0.32013305
4xti_IMP_B_601,0.96915676,0,0.21828086,0.20398653,0.926246,0.3112274,0.31853653
4xv4_25T_A_302,0.99781225,0.99723952,0.17781892,0.16655599,0.010143747,0.22865882,0.23682861
4xv4_25T_A_303,0.77106562,0.99754875,0.20744302,0.19354036,0.99796524,0.42159231,0.42030569
4xz9_G3P_B_302,0.9904519,0.94481558,0.19103879,0.17911073,0.39112219,0.28862771,0.29402983
4xz9_G3P_C_302,0.99723439,0.95554234,0.18144,0.16997236,0.10556462,0.24144199,0.24911926
4xzh_48I_A_402,0.99561665,0.98719046,0.17754549,0.16626923,0,0.22655091,0.23485576
4xzh_48I_B_402,0.99490213,0.99381686,0.17746698,0.16619727,6.5610199e-07,0.22712577,0.2353813
4y14_C0A_A_407,0.96805373,0.98888046,0.21054801,0.19770698,0.9954446,0.39438955,0.39447443
4y14_C0A_B_404,0.97211292,0.98843218,0.20933583,0.19657044,0.95733781,0.38753779,0.38795963
4y6n_3PG_A_402,0.98158737,0,0.2188896,0.20464539,0.93853534,0.31160201,0.31889361
4yjs_4DN_A_701,0,0,0.17192749,0.15367808,0.001032364,0.28744797,0.295858
4ynu_LGC_A_602,0,0,0.17209255,0.15383615,0.0059438459,0.28825741,0.29662784
4ysx_MLI_A_701,0.99129179,0.83010616,0.21139785,0.19848091,0.96187262,0.37427282,0.37585011
4ysx_MLI_E_701,0.98895814,0.93643956,0.21107027,0.19827473,0.98534629,0.38615164,0.38680827
4yu7_DHC_A_203,0.43601167,0.12943757,0.1775871,0.16190905,0.0042653599,0.23945277,0.24982659
4yu7_DHC_A_204,0.57327386,0.88076034,0.17197615,0.15823452,1.507307e-08,0.27492986,0.28117962
4yu7_DHC_B_203,0,0.83104606,0.16345442,0.14651567,1.9919171e-07,0.34745932,0.35028155
4ywb_OXD_C_704,0.9971287,0.84385435,0.17902668,0.16753275,5.8043281e-05,0.21597978,0.22525929
4ywd_NTM_A_704,0.044634742,0.94738022,0.1630036,0.14648977,0.00082228475,0.35009192,0.35241708
4z1d_PEP_A_300,0.82637592,0.97958178,0.17498879,0.1627785,0.00091743283,0.24862593,0.25586392
4z1d_PEP_B_300,0.88488139,0.94770958,0.17777249,0.16576508,0.04670795,0.24609504,0.25356234
4z69_DIF_A_1006,0,0.43761168,0.1950818,0.17635242,0.82222964,0.45447711,0.45331785
4z69_DIF_A_1008,0,0,0.17237801,0.15410951,0.014437936,0.28965729,0.29795922
4z69_DIF_I_1006,0.97985257,0.4758969,0.18249103,0.17032345,6.2971082e-05,0.19162863,0.20327248
4z6p_DHY_C_403,0.98436267,0.98302604,0.21092034,0.19815643,0.99711357,0.39207486,0.39229274
4za7_4LV_A_606,0.98510271,0.85111147,0.2108548,0.19794713,0.95496015,0.37547663,0.3769276
4zb2_FRU_A_404,0,0.92363692,0,0,4.9786474e-05,3.665518e-08,3.7184125e-08
4zb2_GLC_A_403,0,0.75531922,0.17620368,0.158638,0.35648588,0.40072668,0.40118399
4zb5_GLC_A_403,0.98060384,0.034694196,0.18698233,0.17412381,4.8949895e-05,0.15957619,0.17419607
4zbc_FRU_A_409,0.99597874,0.94106988,0.17802728,0.16668,0.00023153372,0.2232011,0.23181702
4zbc_FRU_A_410,0.007092705,0.97979015,0.16205591,0.14539006,4.5660184e-06,0.35728967,0.3591568
4zbc_FRU_B_408,0.0056344966,0.97584926,0.16208804,0.14540741,0.00045318814,0.35727187,0.35915235
4zbc_GLC_A_407,0,0.038054895,0.18318846,0.16450549,0.3476107,0.34732221,0.35268103
4zbc_GLC_A_408,0.087158684,0,0.17327421,0.15550006,0.00026931061,0.27574772,0.28473592
4zdz_TPF_A_602,3.7063607e-05,0.99033853,0.16183846,0.14515081,2.6890642e-05,0.3589942,0.36074382
4zhd_4OZ_B_202,0.017621969,0.61909143,0.16645844,0.14925732,0.017091423,0.33258689,0.33681421
4zhd_4OZ_C_202,0.015308782,0.70443927,0.16498103,0.14792612,5.2323397e-07,0.33625798,0.34003323
4zjz_BEZ_A_1001,0.99225216,0.98938959,6.6717354e-08,6.1296659e-54,0.99169519,7.8630469e-08,7.4747403e-08
4zjz_BEZ_B_601,0.99635403,0.98838298,0.2109541,0.19826813,0.99411853,0.39037677,0.39066142
4zo7_BGC_A_801,0,0,0.20524904,0.18558775,0.99254537,0.45085597,0.45127001
4zo7_BGC_A_802,0.9834413,0,0.18737768,0.17448,8.2086896e-07,0.15667901,0.17155153
4zo7_BGC_A_805,0.76289475,0,0.18390504,0.16980751,6.2179074e-07,0.1859671,0.19939221
4zo7_GLC_A_806,0.99400109,0.8277337,0.21257906,0.1996259,0.99503436,0.3792065,0.38055012
4zqp_IMP_A_601,0.99112463,0,0.21823182,0.20407374,0.91449427,0.30637335,0.31392142
4zsy_RW2_A_502,0,0.93005886,0.19323479,0.17580824,0.98971159,1.0114213e-05,8.2692632e-06
4zsy_RW2_B_502,0,0,0.1718928,0.15364486,0,0.28727783,0.29569619
4zsy_RW2_C_502,0,0,0.20519751,0.1855384,0.99101208,0.45060328,0.45102968
4zsy_RW2_D_502,0,0,0.1718928,0.15364486,0,0.28727783,0.29569619
4zu3_4SD_A_301,0.9567195,0,0.21425475,0.20005505,0.81227243,0.29409543,0.30224207
4zu3_4SD_B_301,0.93852138,0.17594275,0.21564409,0.20147585,0.91529896,0.32623273,0.33224431
4zu3_4SD_B_302,0.95106907,0.81490058,1.5880787e-22,0,0.94175236,0.37427553,0.37588615
4zu3_4SD_C_301,0.030118337,0.85692165,0.19504212,0.17697853,0.93362789,0.49920161,0.49451808
4zu3_4SD_D_301,0.098106271,0.9617154,0.19377232,0.17629776,0.89565204,0.49150307,0.48686633
4zu3_4SD_E_301,0.98420085,0.30014726,0.21464152,0.20093697,0.90159167,0.326902,0.33248754
4zvv_GN0_A_405,0.40960682,0.7820357,0.2033042,0.18712251,0.97904804,0.4508689,0.44881387
4zvv_GN0_B_404,0.81865592,0,0.21823772,0.20302603,0.99547552,0.34262309,0.3483862
4zvv_GN0_C_403,0,0,0.20529257,0.18562943,0.99384059,0.45106943,0.45147303
4zvz_4TF_A_503,0,0.95377214,0.16233541,0.14558461,0.0037835134,0.35697023,0.35893554
4zvz_4TF_B_503,0.87903441,0.81991149,0.18342315,0.17099426,0.17897515,0.25941534,0.26663817
4zvz_4TF_C_503,0.97449052,0.82818961,0.17901703,0.16736731,0.0056445703,0.2187724,0.22796376
4zvz_4TF_D_503,0.7568858,0.85398393,0.19267003,0.17914233,0.52164871,0.33457873,0.33800702
5a02_GOL_A_1341,0.9922155,0.86432338,0.17874001,0.16725166,1.4487754e-05,0.21810736,0.22721714
5a02_GOL_B_1342,0.99563457,0.75620879,0.1799029,0.16826236,0.00034967447,0.20987928,0.21973682
5a02_GOL_C_1341,0.99558525,0.84873149,0.17897323,0.16747772,0.00066432178,0.21663785,0.2258695
5a02_GOL_D_1341,0.99496701,0.58751,0.18159383,0.16968439,7.2261559e-06,0.19769491,0.20868682
5a02_GOL_E_1341,0.99371558,0,0.18762038,0.17477517,0.0024088277,0.15571147,0.17063199
5a02_GOL_F_1342,0.99547269,0.84756922,0.17896137,0.16746435,1.3083337e-05,0.2164613,0.22570529
5a66_3PO_A_1000,0.98577299,0.80998541,0.17919345,0.16758432,0.00010782283,0.21504333,0.22447598
5a66_3PO_B_1000,0.99077318,0.93241025,0.19856828,0.18630893,0.61127011,0.32396855,0.32768094
5a7p_6Z1_A_1361,0.92192178,0.91689295,0.17713679,0.16534726,0.0011269688,0.23143247,0.23971796
5a7p_6Z1_B_1361,0.9926639,0,0.18756677,0.17471741,0.001306454,0.15566945,0.17059196
5a86_D7E_A_1433,0.98957987,0.98934574,0.21075791,0.19803999,0.99174548,0.39095498,0.39120783
5a86_D7E_B_1432,0,0.99396087,0.16180028,0.14511817,2.7101685e-06,0.35925746,0.36098263
5a8k_COM_A_556,0,0,0.1718928,0.15364486,0,0.28727783,0.29569619
5a8k_COM_D_555,0,0,0.1718928,0.15364486,0,0.28727783,0.29569619
5a8k_TP7_A_558,0,0.98155333,0.19781539,0.17894354,0.99548915,0.98938108,0.98609124
5a8k_TP7_D_554,0,0.97442664,0.1977113,0.17882694,0.98925938,0.99067126,0.99555154
5abz_Z47_A_201,0.98239623,0,0.21822549,0.20401437,0.91839536,0.30817539,0.31563471
5abz_Z47_B_201,0.18177379,0,0.18705498,0.16927479,0.36599928,0.32345779,0.33011752
5adi_TUE_A_800,0.99028658,0.98303656,0.1775038,0.16619199,1.5762146e-06,0.22695819,0.23525601
5aew_BNL_C_462,0,0.99458514,0.16181172,0.14512984,0.00053173872,0.35938985,0.36110655
5aew_BNL_I_462,0.99844431,0.94351381,0.21133919,0.19859829,0.99104103,0.38634272,0.38696805
5af9_SJR_H_1250,2.8190952e-07,5.5768495e-07,0.20464774,0.18501192,0.97465303,0.4479072,0.44846553
5afy_WCE_H_1248,0.99677034,0.99125566,0.17754686,0.16628224,0.00072854404,0.22681216,0.23509134
5agl_CCW_B_800,0.82902421,0.95835841,0.17949556,0.16708618,0.12736723,0.2675771,0.27395564
5agn_4JK_A_800,0,0.95312571,0.16221502,0.14546857,5.6689466e-06,0.35630081,0.35830093
5agn_4JK_B_800,2.7294901e-06,0.93870554,0.16236134,0.1455922,1.4849271e-06,0.3552555,0.35735277
5ahn_IMP_A_1468,0.94831195,0,0.18795214,0.17481557,0.033553405,0.16687381,0.1812452
5av3_KMP_A_300,0.99742038,0.97086888,0.17773965,0.16644748,7.4367066e-07,0.22512955,0.23355614
5av4_GEN_A_400,1.1952507e-06,0.91708029,0.19332039,0.17587404,0.98818979,0,0
5awd_IDQ_A_901,5.1274426e-06,4.1607498e-09,0.17189452,0.15364654,4.8913406e-05,0.28728521,0.29570321
5b4o_6DQ_A_201,3.9933693e-06,0.93239412,0.18403679,0.16634201,0.64306672,0.46077975,0.45773358
5b4o_6DQ_B_201,0.91413971,0.98808155,0.207036,0.19401357,0.91596001,0.38839178,0.38876921
5b4o_6DQ_B_202,0.25459049,0.94140142,0.17567429,0.15989905,0.27767462,0.3674044,0.36891506
5b4o_6DQ_C_201,1.2912694e-06,0.93000866,0.18287629,0.16522794,0.6078156,0.45479774,0.45205189
5b4u_MLA_A_302,0,0.93913408,0.1623569,0.14558842,0,0.35528665,0.35738103
5bk9_SIN_A_301,0.99492289,0,0.2187371,0.2045808,0.9277497,0.30805353,0.31551963
5bkd_AKG_A_502,0.9889843,0.98298466,0.19840784,0.18620229,0.62261497,0.32973824,0.33300684
5bkd_AKG_B_502,0.97236046,0.89527235,0.19789247,0.18550678,0.58856697,0.31998269,0.32400741
5bkd_RCF_B_503,0.78975612,0,0.18432796,0.17037658,0,0.18239987,0.19600127
5bwr_4VT_A_402,0,0,0.1718928,0.15364486,1.7144744e-08,0.28727783,0.29569619
5c38_DA8_A_403,0.8342698,0.96315662,0.17524942,0.1630575,1.167558e-05,0.24623892,0.25364662
5c4i_TPP_C_402,0.10518923,0.96004788,0.17932983,0.16250858,0.46208042,0.4189862,0.41790368
5c4i_TPP_F_402,0.12796442,0.93954369,0.1797246,0.16300224,0.45696125,0.41363319,0.41287949
5c7v_PYC_A_804,0.0094924231,0,0.20484143,0.18525538,0.97596914,0.44686352,0.44747354
5c8w_PCG_A_302,0.99197156,0,0.22103408,0.20676243,0.99748107,0.31993766,0.32682205
5c8w_PCG_B_303,0,0,0.20530636,0.18564264,0.99425099,0.45113707,0.45153736
5c8w_PCG_D_302,0,0,0.20533709,0.18567206,0.99516523,0.45128774,0.45168066
5c8w_PCG_F_302,0,0,0.20542194,0.18575332,0.99769005,0.45170385,0.4520764
5cak_4Z9_A_802,0.97813324,0,0.21706129,0.20287346,0.88575084,0.30336147,0.31105607
5cfw_53W_A_201,6.2280362e-05,0.97609097,0,1.6238896e-05,0.012098236,0,0
5cga_KP6_B_301,0.99601473,0.98382462,0.1980658,0.18591863,0.60939695,0.32668702,0.3301027
5cga_KP6_C_301,0.99698746,0.98213717,0.2108249,0.19814112,0.98809012,0.38884682,0.38922631
5cga_KP6_E_301,0.99686063,0.96607774,0.20842037,0.19581931,0.91174818,0.37511903,0.37622148
5cga_KP6_H_301,0.99648687,0.98654367,0.21088542,0.19820107,0.99145683,0.38978726,0.39010664
5ci9_549_A_401,0,0.00047604393,0.17188798,0.15364079,3.1141058e-07,0.28731235,0.2957275
5ci9_549_A_402,0.91531654,0.98041395,0.17635,0.16462619,2.0183795e-06,0.2367242,0.24454767
5cjn_52F_A_809,0.99020367,0,0.94174291,0.0019952186,0.27620025,0,0
5clo_NS8_M_101,0,0.98830412,0.16206807,0.14536814,0.0062618977,0.35987937,0.36159216
5cmb_GLY_A_301,0,0,0.20546013,0.18578989,0.99882663,0.45189117,0.45225455
5cpn_531_A_401,0.9526016,0.95912631,0.177191,0.16563491,0.0011261313,0.23041651,0.23861896
5cpn_531_B_401,0.99198861,0,0.18756285,0.17470954,0.0015063447,0.15579207,0.17070854
5cpp_ADO_A_422,0.99587133,0.96500324,0.18546152,0.17382599,0.22872553,0.26260588,0.26921726
5cr1_STL_B_201,0,0.99110272,0.16182922,0.14514261,2.3943964e-07,0.35905007,0.36079451
5cyf_FLC_A_301,0.98374886,0.95465406,0.18270275,0.17109822,0.14918866,0.25035805,0.25760099
5cyf_FLC_C_301,0.99120391,0.97583711,0.20154195,0.18920896,0.71267358,0.34376814,0.34637317
5d8u_0N8_A_203,0.96603555,0.98452081,0.17710683,0.16566543,2.3288307e-08,0.2302859,0.23841459
5d9w_ASC_A_301,0.19998192,0,0.19109536,0.17325517,0.47769333,0.33944772,0.3453262
5dav_58J_A_402,0,0.99097036,0.1927556,0.17542494,0.99450685,0,0
5ddu_PMP_A_601,0.98996833,0.98548249,0.17802928,0.16669607,0.016526033,0.22990092,0.23804692
5ddu_PMP_B_601,0.21266363,0.98889566,0.16816426,0.15250554,0.08820023,0.34518491,0.3476286
5ddu_PMP_C_601,0.9915381,0.98647136,0.17751137,0.16621082,0.00067841933,0.22715227,0.23542972
5ddu_PMP_D_601,0.99385418,0.99089148,0.18010801,0.16871665,0.078194155,0.2399399,0.24757767
5di7_5CQ_A_601,0.99054191,0,0.20777206,0.19405362,0.60352761,0.25520134,0.26525335
5di7_5CQ_B_601,0.98966724,0,0.21807112,0.20391095,0.91039536,0.30589136,0.31346292
5did_5CK_A_601,0.99497961,0.99718757,0.19911946,0.18693664,0.64527221,0.33370466,0.33673426
5did_5CK_B_601,0,0.99679055,0.16901411,0.15202958,0.21551187,0.39497973,0.39494789
5die_5CJ_A_601,0.9934629,0.99384331,0.18293197,0.17142194,0.16329875,0.25423144,0.26116044
5dky_NOJ_A_1000,0,0.99009643,0.19771232,0.17884651,0.99409784,0.994114,0.99427407
5dmm_HCS_A_505,0.55866903,0.48373169,0.17580813,0.1613603,0.0009088102,0.24826769,0.25708781
5dne_ASN_A_601,0,0.98411263,0.19788379,0.17900028,0.99699319,0.99691052,0.99692051
5dne_ASN_B_601,0,0.97875276,0.19779598,0.17891383,0.99318145,0.9932311,0.99323185
5dne_ASN_C_601,0,0.98503793,0.19773349,0.17886181,0.99329093,0.99319027,0.99312344
5dne_ASN_D_601,0,0.9763926,0.1946127,0.17672712,0.99412384,0.34306394,0.34525333
5dnx_5LD_A_203,0.93684412,0.97989056,0.17677441,0.16516351,0.0023865991,0.23422048,0.24216952
5dnx_5LD_B_201,0.98986377,0.98562376,0.17747197,0.1661619,3.4394565e-05,0.2272071,0.23548447
5dnx_5LD_B_205,0,0.91687414,0.17328598,0.15602893,0.3184792,0.40616217,0.4058381
5dr9_SKE_A_401,0,0,0.1718928,0.15364486,0,0.28727783,0.29569619
5dt0_SKE_A_401,0.96918022,0,0.1871531,0.17417784,0,0.15857272,0.17335165
5dw3_TRP_A_402,0,0,0.18924343,0.17026031,0.5162837,0.37236485,0.37661967
5dw3_TRP_C_402,0,0,0.17291676,0.15462544,0.030468958,0.29229931,0.30047196
5dw3_TRP_D_402,0,0,0.18743393,0.16852749,0.46244041,0.36349111,0.36818015
5dz2_212_A_404,0.98873409,0.9652972,0.17798958,0.1666274,0.0098241803,0.22749856,0.23582644
5dz2_212_B_404,0.99036767,0.94835662,0.21085075,0.19808676,0.98175431,0.38623546,0.38685007
5dzh_5KG_A_900,0.98964519,0.96594865,0.17766716,0.16632494,0,0.22580565,0.23421435
5dzh_5KG_B_901,0,0.98898475,0.17743804,0.16008764,0.46381498,0.43533648,0.43335478
5e4o_L57_A_201,0.0010655202,0.96973711,0.19136151,0.17340561,0.87180585,0.50104078,0.49590546
5e4o_L57_B_201,0.98319123,0.97697248,0.2003687,0.1880378,0.68185981,0.33983611,0.34262941
5e4r_40E_A_504,0.66599474,0.94907426,0.17629385,0.1630138,0.10567557,0.28497982,0.29052587
5e9m_BAE_A_2001,0.99808118,0.98347443,0.17809269,0.16680403,0.014004822,0.22826262,0.23649572
5edh_5MF_A_803,0,0,0,0.21929332,7.7184361e-05,0,0.28171545
5edh_5MF_B_803,0,0,0.20534141,0.1856762,0.99529393,0.45130895,0.45170083
5edh_5MF_D_803,0,0,0.1718928,0.15364486,1.1401345e-08,0.28727783,0.29569619
5eo7_SFU_A_401,0,0.90897838,0.19432789,0.17617022,0.94221486,0.50838622,0.50308524
5eo7_SFU_A_402,0,0.93662884,0.19599627,0.17747241,0.96358229,0.53618128,0.97566781
5eo7_SFU_A_403,0.01341422,0.93299468,0.16263045,0.14592528,0,0.35306067,0.35528444
5eo7_SFU_B_401,0.94623429,0.93659269,0.20492304,0.1921272,0.82249309,0.36499706,0.3666856
5eo7_SFU_B_403,0,0.92059197,0.18162612,0.16401995,0.56777105,0.44751638,0.44515687
5eo7_SFU_B_404,0,0.95250126,0.16242883,0.14567261,0.0061792143,0.35727303,0.35922757
5eo7_SFU_B_405,0,0.95929019,0.19776498,0.17890316,0.99098463,0.96087899,0.96055797
5eo7_SFU_C_401,0.84803217,0.8047914,0.20600607,0.19241365,0.86090734,0.37482444,0.37644623
5eo7_SFU_C_402,0,0.90657278,0.19443198,0.17626715,0.94458545,0.5086027,0.5032988
5eo7_SFU_C_403,0.70668546,0.73820063,0.20436795,0.1899054,0.85826809,0.38833774,0.38950159
5eo7_SFU_C_404,0.96825835,0.98627008,0.17742811,0.16598868,0.0090471548,0.23160842,0.23966696
5eo7_SFU_C_405,0,0.89753061,0.19387114,0.17571972,0.92516502,0.50474728,0.49966088
5eo8_TFU_A_401,0,0,0.20469454,0.18505674,0.97604573,0.44813672,0.44868382
5eo8_TFU_A_402,0.86508143,0,0.18563625,0.17208948,0.0036373978,0.17299629,0.1870627
5eo8_TFU_A_404,0,0,0.20494918,0.18530059,0.98362263,0.44938545,0.44987145
5eo8_TFU_A_405,0,0.84348533,0.1962916,0.17797573,0.98085887,0.51001223,0.50484063
5eo8_TFU_A_406,0.89876625,0,0.21398409,0.19944191,0.83137131,0.30493913,0.3125514
5eso_ISC_A_602,0.98798575,0.83818863,0.21240933,0.1994386,0.99596121,0.38091519,0.38214145
5eso_ISC_B_602,0,0,0.20445236,0.18482483,0.96883954,0.44694909,0.44755431
5ew8_5SF_A_803,0.98966429,0.96646893,0.21092536,0.19817466,0.98977639,0.38896259,0.38938593
5ew8_5SF_B_802,0.9519242,0.9640563,0.21031987,0.19736156,0.98871276,0.39362439,0.39382487
5ewc_5SJ_A_801,0.99223491,0,0.22084626,0.20658418,0.99176909,0.31896132,0.32589349
5ezp_IPJ_A_201,0.98673532,0.98455747,0.17617688,0.16523633,6.617497e-08,0,0
5ezp_IPJ_B_201,0,0,0.1718928,0.15364486,2.4363858e-09,0.28727783,0.29569619
5ezp_IPJ_C_201,0,0.37656898,0.16807923,0.15042409,0.00029999675,0.31459708,0.32047727
5ezp_IPJ_G_202,0.99217538,0.98536504,0.17750987,0.166212,6.8820985e-07,0.22687583,0.23517038
5f35_FLC_A_302,0.97670893,0.89337888,0.17820045,0.16667353,3.4505883e-06,0.22226888,0.23108133
5f79_4V7_A_4000,0.96011011,0,0.18701736,0.17399246,0.00021057915,0.15981192,0.17452962
5faj_DCS_A_401,0,0.94322705,0.16231535,0.14555332,3.6731228e-07,0.35558311,0.35764993
5faj_DCS_B_401,0,0.9597297,0.19299637,0.17561672,0.99189618,0,0
5faj_DCS_C_401,0,0.94729317,0.16227405,0.14551843,0,0.3558775,0.35791694
5faj_DCS_D_401,0,0.97271179,0.16201595,0.14530037,0,0.35771823,0.35958651
5fay_CHT_A_908,0.98010434,0.96037222,0.21085656,0.19804341,0.99036631,0.38988786,0.39028475
5fay_CHT_B_906,0.98960278,0.96335208,0.21114761,0.19838355,0.9954769,0.38968454,0.39008248
5fc5_PC_A_516,0.98828868,0.93064361,0.20722617,0.19458278,0.86952398,0.36673252,0.36835784
5fe1_12Q_A_901,0.99711882,0.99322233,0.21078942,0.19812064,0.99032203,0.38999996,0.39028766
5fe1_12Q_B_901,0.99708093,0.99310914,0.21068957,0.19802466,0.98733452,0.38950444,0.38981674
5fe4_5WY_A_903,0.9972424,0.99298581,0.17894707,0.16762798,0.042694497,0.23379104,0.24172323
5fe4_5WY_B_904,0.99617209,0.99050938,0.17765884,0.16638496,0.0041152133,0.22739571,0.23564867
5fh3_OXL_A_703,0.99741032,0.68061426,0.18436352,0.17245826,0.10940755,0.22214264,0.23164138
5fiu_Y3J_B_1299,0,0.78350732,0,0,0.99027605,0.50635565,0.50154268
5fiu_Y3J_C_1299,0.98945543,0,0.22052151,0.20625622,0.98340815,0.31795249,0.32493385
5fkl_TDC_A_222,0,0.93251321,0.16242412,0.14564522,0,0.35480719,0.35694616
5fli_QUE_A_301,0,0.98549107,0.16188619,0.14519074,4.0423739e-08,0.35864367,0.36042589
5fli_QUE_C_301,0,0,0.20450398,0.18487426,0.97037544,0.44720222,0.44779505
5fli_QUE_D_301,0,0,0.20318722,0.18361329,0.93119399,0.44074485,0.44165366
5fli_QUE_E_301,0.99697999,0.99193769,0.17751876,0.16625739,0,0.22671364,0.23499547
5fli_QUE_F_301,0,0.98729903,0.19195764,0.17465161,0.96909891,0,0
5fli_QUE_G_301,0.82699134,0,0.21591554,0.20085316,0.92247166,0.32948463,0.33589119
5fli_QUE_H_301,0,0.99093803,0.16183088,0.14514402,0,0.35903811,0.36078366
5fli_QUE_J_301,0,0,0.1718928,0.15364486,0,0.28727783,0.29569619
5fp9_4SV_A_1342,0.99651004,0.95046191,0.1781379,0.16679993,0.0061118203,0.22477979,0.23328854
5fqf_NGA_A_1588,0.96236063,0,0.2202944,0.20587325,0.98934478,0.32252902,0.32928468
5fqf_NGA_A_1589,0.51472543,0.97663452,0.17008179,0.15617264,3.0577442e-05,0.28965288,0.29487255
5fqf_NGA_B_1585,0.9868576,0.97254082,0.21077885,0.19802417,0.98856648,0.38957562,0.38994941
5fqf_NGA_B_1586,0.11588472,0.97927225,0.16377414,0.14769934,3.8888974e-06,0.34280471,0.34538931
5fuv_THM_B_1385,0.97727579,0,0.22069749,0.20635035,0.99435105,0.32137338,0.32818656
5fv3_OGA_A_1770,0.99799561,0.98032821,0.17765586,0.16638159,9.6099507e-05,0.22575389,0.23411979
5fwd_GJV_A_1446,0.97693357,0.98077474,0.20992653,0.19715678,0.9703424,0.38848633,0.38888651
5fwe_OGA_A_1358,0.99620838,0.90992515,0.20303745,0.19059618,0.73491417,0.34199584,0.3448982
5fwe_OGA_B_1359,0,0,0.1718928,0.15364486,0,0.28727783,0.29569619
5fzn_FB2_A_1615,0.92541509,0.99330165,0.17647734,0.16482458,0.0029536857,0.23680287,0.24458203
5g03_OE2_A_1263,0,0.95915618,0.16352718,0.14673205,0.040872468,0.36347264,0.36510258
5g09_6DF_A_1475,0,0,0.18039818,0.16178986,0.25308546,0.32898801,0.33536538
5g09_6DF_B_1474,0.98969785,0.97162296,0.21096558,0.19821928,0.99251462,0.38978265,0.39014942
5g09_6DF_C_1475,0,0,0.19926496,0.17985722,0.81448353,0.42151018,0.4233602
5g09_6DF_D_1476,0.9898245,0,0.21426215,0.20026433,0.79698222,0.28717923,0.29566643
5g0v_JDD_B_1271,2.0925589e-10,0.91805016,0.16257172,0.14577,2.2011629e-05,0.35376345,0.35599964
5g21_YN4_A_1002,0.95834817,0.91294372,0.20776604,0.19489665,0.89426831,0.37350483,0.37485329
5g44_I6G_A_1510,0.99529456,0.0014132077,0.22081866,0.20657805,0.98994113,0.31835608,0.32531356
5g44_SWX_A_1511,1.3399904e-05,0.95621643,0.16218372,0.14544223,2.076966e-06,0.35652225,0.35850168
5g44_YTZ_A_1512,0.00010079617,0.98901905,0.19196447,0.17399922,0.89602537,0.50655676,0.50108995
5g4r_LF1_A_1739,0.93962611,0.9900072,0.19798005,0.18549921,0.6351329,0.33886449,0.34166093
5g4r_LF1_B_1739,0,0.98223903,0.18138388,0.16385856,0.57918902,0.4538624,0.45099569
5g4r_LF1_C_1739,0.98728553,0.20596405,0.21883509,0.20486385,0.99647359,0.33530912,0.34078394
5g4r_LF1_D_1739,0.36085273,0.9944272,0.20098376,0.18484584,0.99701573,0.47568519,0.47173509
5g6i_M85_A_904,0.96293771,0.98884147,0.17701433,0.16556288,4.55622e-06,0.23101092,0.23909015
5gnx_BGC_A_502,0,0.012735073,0.17463037,0.15628102,0.085306647,0.30225916,0.30990382
5gnx_BGC_B_503,0,0,0.1718928,0.15364486,0,0.28727783,0.29569619
5goo_FRU_A_501,0.97635857,0.97909459,0.17732461,0.16593082,4.2896074e-06,0.22852278,0.23675572
5goo_FRU_B_501,0,0,0.1718929,0.15364495,2.9199673e-06,0.28727831,0.29569664
5goo_FRU_C_501,0.99390848,0,0.18754247,0.17470175,4.083696e-07,0.15528893,0.17023014
5gri_CIT_B_401,0.71560247,0.55984175,0.1784457,0.16493174,0.028861052,0.2375456,0.24665771
5gto_MYR_A_502,0,0.91446168,0.16260742,0.14580007,0,0.35349996,0.35576048
5gwt_SIN_A_302,0.99381726,0.21048408,0.18593448,0.17340236,0.015791442,0.17314603,0.18654194
5gwt_SIN_C_301,0,0.22806921,0.19790465,0.17881571,0.84291507,0.44271187,0.44279682
5gwx_SAR_A_302,0,0.89604445,0.19060496,0.17259023,0.82752785,0.4885484,0.4842594
5gzz_GSH_C_301,0.9453332,0.89594864,0.17768021,0.16598665,2.5837688e-08,0.22662104,0.2352103
5gzz_GSH_D_301,0.98052436,0.83232286,0.17888038,0.16727803,1.8636896e-07,0.2173402,0.22658885
5gzz_GSH_E_301,0.89858757,0.92094639,0.17669035,0.16478186,0,0.23463901,0.24275315
5gzz_JAA_A_601,0,0.80081838,0.16376355,0.14677709,6.5754048e-05,0.34528114,0.34830639
5h24_LQG_A_501,0.99173182,0.9911564,0.17744416,0.16615301,3.2715486e-06,0.22735455,0.23560717
5h24_LQG_B_501,0.93618506,0.99551025,0.17652535,0.16493886,3.6062827e-06,0.23504639,0.24290515
5h5k_C5P_B_203,0.98619093,0.98134925,0.19443399,0.18237788,0.50518412,0.31063737,0.31484567
5h8f_GLU_A_302,0,0,0.1718928,0.15364486,0,0.28727783,0.29569619
5h8q_GLU_A_302,0,0,0.1718928,0.15364486,0,0.28727783,0.29569619
5h8q_GLY_B_301,0,0,0.1718928,0.15364486,0,0.28727783,0.29569619
5h9i_XAN_A_301,0,0,0.2046981,0.18506015,0.97615154,0.44815416,0.44870041
5ha7_WY1_A_402,0.59192995,0.97798684,0.17129966,0.15781198,0.00050580634,0.27957653,0.28528995
5ha7_WY1_B_402,0,0.97731341,0.16197644,0.1452678,0.00021459129,0.35808683,0.35992239
5hc0_NPO_A_402,0.9968218,0.96444565,0.17830137,0.16697439,0.015055082,0.22722495,0.23556946
5hfa_FP1_A_607,0.00070349745,0.99142359,0.16187888,0.14519483,0.0012453548,0.35918509,0.36092194
5hfa_FP1_A_608,0.0055357731,0.99015668,0.16267668,0.14598689,0.022337836,0.36192781,0.36353481
5hfa_FP1_B_609,0.0041199842,0.98771627,0.16198509,0.14531317,0.0016849908,0.35853537,0.36031606
5hgz_MLA_A_302,0.87498562,0.95220147,0.20666704,0.19338003,0.9124851,0.39042036,0.39081046
5hgz_MLA_A_303,0.97848244,0.6770346,0.18042501,0.16856692,0,0.20636589,0.21664683
5hpu_IPH_A_101,0.99360749,0.98832659,0.21074137,0.19804758,0.98905824,0.38990345,0.39021126
5hpu_IPH_C_101,0.99534277,0.97854959,0.17762893,0.16633756,3.1054782e-07,0.2259616,0.23432283
5hss_64Z_A_402,0.97133303,0.98992821,0.18320634,0.17154504,0.18064841,0.25974606,0.26641628
5hss_64Z_D_403,0,0.97149108,0.16847402,0.15148341,0.19179703,0.38923927,0.38956903
5hss_650_B_402,0.99662284,0.94607063,0.17797933,0.16664374,1.3837209e-05,0.22344182,0.23203006
5htd_MYR_A_201,0.98150334,0.97166517,0.17751738,0.16613834,0.0010852526,0.2274797,0.23578772
5hxi_5HN_A_403,0.99486855,0.98846321,0.19994855,0.18771993,0.6673586,0.33672761,0.33963711
5hyv_TPP_A_701,0.85123816,0.96544375,0.17581341,0.16370384,0.009534525,0.24572061,0.25314747
5i0d_GLC_A_1124,0.90418987,0.9889307,0.17608852,0.16431759,7.9565379e-06,0.23881953,0.24651258
5i0d_GLC_B_1122,0.98080117,0.99150468,0.17726902,0.16591892,1.8145499e-05,0.22883379,0.23701221
5i0m_UMP_B_201,0,0,0.18981511,0.17080778,0.53329478,0.37516839,0.37928603
5i5s_NVU_A_402,0.96649614,0.99177429,0.20324945,0.19071147,0.77987337,0.35927837,0.36107201
5i5t_67X_A_402,0.96197103,0.990089,0.18415815,0.17239953,0.21340523,0.2663995,0.27274303
5i5t_67X_B_402,0.99593959,0.98907564,0.17753454,0.16626287,9.2281678e-05,0.22665976,0.23495329
5i7r_68W_A_402,0.8057277,0.98304264,0.20800423,0.19427288,0.99404188,0.41529218,0.41436237
5i8s_LEA_A_202,0.99427968,0.98192232,0.20696543,0.1944284,0.8744518,0.37046249,0.37174208
5i8z_JA1_A_302,0.98746334,0.97862476,0.21055798,0.19782333,0.9835488,0.38910881,0.38948607
5i9m_69K_A_302,0,0.98917837,0.17624712,0.1589474,0.42843656,0.4295199,0.4278222
5iav_MLI_A_302,0.98892606,0.64405971,0.20493676,0.1920661,0.71451342,0.32034769,0.32515707
5iav_MLI_B_302,0,0.62897078,0.16550627,0.14824918,0,0.3328257,0.33700868
5ice_2H4_A_402,0,0.97953153,0.18813119,0.17031688,0.77914328,0.48662014,0.48215914
5icf_SAU_A_402,0,0.9098824,0.17353341,0.15625788,0.32372939,0.40652112,0.40620179
5igs_GMP_A_403,0.97818636,0,0.2206007,0.20626323,0.99104438,0.3207075,0.32755332
5ihe_D5M_A_701,0,0,0.17189356,0.15364558,2.2519875e-05,0.28728154,0.29569972
5ihe_D5M_B_701,0.56347226,0,0.18077361,0.1655908,0.00025643383,0.21249215,0.22460642
5ijz_AKG_A_502,0,0,0.1718928,0.15364486,0,0.28727783,0.29569619
5ijz_AKG_B_502,0,0.69949005,0.16482252,0.14767515,0.00096094983,0.33809083,0.34179119
5ijz_AKG_C_502,0,0.84218857,0.16334127,0.14642008,0,0.34826619,0.35101339
5ijz_AKG_D_502,0.99187262,0.80909723,0.19793397,0.18556701,0.55462288,0.3055568,0.31056361
5ijz_AKG_H_502,0,0.77345918,0.18034757,0.16262709,0.48527209,0.42326515,0.42256172
5in3_G1P_B_418,0,0.98134431,0.18971722,0.17183778,0.82688479,0.49461953,0.48976133
5ioq_DUR_B_303,0.94775038,0,0.18681567,0.17372383,1.3671399e-09,0.16141856,0.17605685
5ioq_DUR_C_302,0.76390532,0,0.18392096,0.16982894,9.8145322e-07,0.18583296,0.1992647
5ioq_DUR_D_302,0,0,0.17190803,0.15365945,0.00045323262,0.28735252,0.29576723
5irw_D9P_A_202,0.92349947,0.96752547,0.20120012,0.18845859,0.73171199,0.35529491,0.35735804
5irw_D9P_B_202,0.92073588,0.97439807,0.20952314,0.19641995,0.98274255,0.39753112,0.39750542
5ita_6DC_A_801,0.97928989,0.98794143,0.21071572,0.19793512,0.99488663,0.39273746,0.3929069
5ita_6DC_B_801,0.51378784,0.98211419,0.20331969,0.18800274,0.99114931,0.45351723,0.45070104
5iuy_BOG_B_503,0.86112427,0,0.21616267,0.20129828,0.91383303,0.32352815,0.33022838
5iuy_BOG_C_503,0.084318658,0.97060563,0.16338921,0.14712801,0.00072106536,0.3464872,0.34891722
5ivg_FPS_B_704,0,0.90848534,0.16269031,0.14587261,0.00066076776,0.35317607,0.35547151
5ivg_FPS_C_704,0,0.95714237,0.18754117,0.16972622,0.75482214,0.4809905,0.47687641
5ivg_FPS_D_704,0,0.94506983,0.16229662,0.1455375,0,0.35571649,0.35777091
5j4k_6FZ_A_404,0.98689663,0.96632288,0.20594397,0.19338727,0.84280335,0.36509741,0.36668882
5j5i_6GM_A_302,0.86870557,0.99500192,0.20888623,0.19551584,0.99439326,0.40785281,0.40725294
5j5i_6GM_A_303,0,0.98802078,0.19280097,0.17546485,0.994948,0,0
5j5i_6GM_E_302,0,0.98878924,0.19276792,0.17510018,0.95712634,0.49399461,0
5j5i_6GM_F_302,0,0.99197501,0.16182039,0.14513516,1.1065327e-06,0.35911339,0.36085194
5j5i_6GM_F_303,0.95778132,0.98841696,0.21027818,0.19738531,0.99208838,0.39516702,0.39521467
5j5i_6GM_G_302,0.89147907,0.98368478,0.20937602,0.19611101,0.99487807,0.40408889,0.40371078
5j5i_6GM_I_302,0.96099703,0.9960377,0.21043272,0.19756166,0.99748265,0.39618086,0.3961548
5j5i_6GM_I_303,0,0.98261416,0.1619154,0.14521542,7.1498723e-10,0.35843532,0.36023692
5j61_A3G_A_501,0.98920645,0.98003429,0.18782144,0.17606242,0.30661128,0.27741555,0.28325387
5j61_A3G_C_501,0,0.98354299,0.19293094,0.17510245,0.94384045,0.50148874,0.21707787
5j61_A3G_D_501,0.97440373,0.95496649,0.20750678,0.19479456,0.8917282,0.3739972,0.37518854
5j61_A3G_E_501,0,0.97138985,0.16202937,0.14531171,0,0.3576225,0.35949968
5j61_A3G_F_501,0,0.96691498,0.19710523,0.17825104,0.97041666,0.9800483,0.98028666
5j61_A3G_G_501,0,0.97690648,0.17183988,0.15471285,0.2935875,0.40640718,0.4058796
5j61_A3G_H_501,0,0.97603713,0.19700302,0.1781692,0.97075508,0.97578423,0.97737906
5j6y_GLC_A_309,0,0,0.17367748,0.15535392,0.053104879,0.29602987,0.30401997
5jdv_EVF_B_302,0.9943729,0.98593701,0.21106146,0.19835604,0.99750222,0.39102038,0.39128122
5je7_EVF_B_302,0.99305987,0.99127975,0.21100563,0.19830067,0.99807033,0.39167528,0.39188694
5jep_EVF_B_302,0.99295943,0.99046955,0.21103443,0.19832672,0.99872965,0.3917386,0.39194974
5jep_EVF_B_303,0.45918749,0.96962177,0.18655674,0.17160229,0.51415964,0.38125229,0.38200854
5jfx_6K4_A_4000,0.94136716,0.8724129,0.17785675,0.16610453,0,0.22544334,0.23416506
5jg5_EVF_B_302,0,0.98420915,0.17519664,0.15793574,0.39567733,0.42376111,0.42236105
5jj2_MLI_A_301,0.9768498,0.95185752,0.2087006,0.19594916,0.92516581,0.37895797,0.37991664
5jj2_MLI_A_302,0.88094184,0.86098166,0.17702383,0.16492477,7.2630691e-05,0.23265186,0.2410534
5jj2_MLI_A_303,0.99342226,0.93313281,0.19663264,0.18447232,0.55265081,0.31400823,0.31820587
5jj2_MLI_A_305,0.024031921,0.2272155,0.170013,0.15225167,0.001456144,0.30078057,0.30781488
5joy_6LW_B_602,0.0075773133,0.93147422,0.16255416,0.14581483,5.2882408e-06,0.35372657,0.35592222
5jp9_DCM_A_401,0,0.93097189,0.19397796,0.17619216,0.97559846,0.49289146,0
5jp9_DCM_B_401,0.9815708,0.92004257,0.21101122,0.19815428,0.98209601,0.38540958,0.38615436
5jtt_6MY_A_902,0,0,0.20539873,0.18573109,0.99699959,0.45159006,0.45196818
5jtu_6NE_A_902,0,0,0.20537876,0.18571197,0.99640524,0.4514921,0.45187502
5k2c_ZMA_A_1201,0,0.99248909,0.19250117,0.1748485,0.95025355,0.49316237,0
5k5m_68T_A_1003,0.33246179,0.94907178,0.16813571,0.15316428,0.01919026,0.31501875,0.31907335
5kcj_6RM_B_302,0,0.99481248,0.99295956,0.98815132,0.70238409,0,0
5kcp_PFB_A_378,0,0.96046529,0.19381841,0.17593563,0.96436567,0.50253721,0.20405932
5kcp_PFB_A_379,0.98490993,0.044106051,0.18729992,0.17446502,0.010325126,0.1613795,0.1758814
5kcp_PFB_B_378,0,0.95406069,0.19313895,0.17541441,0.95752684,0.49163524,1.9108277e-07
5kcp_PFB_B_379,0.91561617,0.045693112,0.19060347,0.1772072,0.14157073,0.19232666,0.20530468
5kf2_COA_A_401,0.91137968,0.93869756,0.192277,0.17980653,0.46316492,0.31055841,0.31490181
5kjw_53C_A_800,0.94584594,0.98725683,0.20248577,0.18984884,0.7654594,0.35931802,0.36112279
5kjw_53C_B_800,0.99900078,0.99665836,0.17757615,0.1663301,0.0021873312,0.22714763,0.23539329
5kjz_PCG_A_401,0.9532402,0,0,0.91549517,0,0,0
5kmj_6UF_A_901,0.00087032259,0.99438944,0.16183063,0.14515305,0.00062762797,0.35927591,0.36099886
5kxb_NGA_B_305,0,0.91942647,0.17360947,0.15634163,0.32887604,0.40806047,0.40763537
5kxb_NGA_C_305,0,0.94395803,0.17240288,0.15521426,0.30038483,0.40514142,0.40478089
5l1u_7PF_A_401,0,0,0.20530859,0.18564477,0.99431735,0.45114801,0.45154776
5l7u_NGA_A_601,0.17864294,0.98914271,0.19817932,0.18104132,0.99733982,0.49955299,0.49444005
5l7u_NGA_B_601,0.96959322,0.97647665,0.21010061,0.19727373,0.9776628,0.39035631,0.39067822
5l9v_OGA_A_502,0.99676817,0,0.21783275,0.20372604,0.89997525,0.30323107,0.31093326
5l9v_OGA_B_502,0.99753535,0.84530028,0.17903165,0.16754165,0.00045241003,0.21609548,0.22536474
5la1_XYP_A_601,0.99594295,0,0.22074226,0.20650723,0.98693706,0.31767255,0.32466803
5la1_XYP_A_602,0.088004989,0.96419172,0.16893727,0.15245616,0.16214341,0.37213668,0.3733323
5la2_ARB_A_606,0.046580092,0,0.17845014,0.16020885,0.1732959,0.30965242,0.31697894
5la2_ARB_B_606,0,0,0.17859812,0.16006606,0.19952281,0.32016052,0.32696985
5lik_W8X_X_402,0.98541046,0.91823304,0.17808562,0.16664517,1.8965233e-05,0.22291574,0.23161781
5lqs_NTM_A_302,0.04883897,0.94638099,0.16320922,0.14671121,0.0046690651,0.35009522,0.35242368
5lwy_OLB_A_403,0,0,0.1718928,0.15364486,0,0.28727783,0.29569619
5lwy_OLB_A_406,0,0,0.1718928,0.15364486,7.6217506e-08,0.28727784,0.2956962
5lwy_OLB_A_407,0,0,0.17189281,0.15364487,3.3360992e-07,0.28727788,0.29569624
5lwy_OLB_A_409,0,0.90933075,0.16265952,0.14584409,0,0.35312839,0.35542347
5m0e_7CR_A_922,0.89477815,0,0.21690457,0.20221428,0.92014125,0.32009862,0.32696884
5m0t_AKG_A_302,0.99488046,0.97201306,0.17769507,0.16639059,0.00020997059,0.22558419,0.23398472
5m0t_AKG_B_302,0.99435051,0.92740159,0.17813937,0.16676175,0.00020001647,0.22242232,0.23111985
5m5a_KSA_A_404,0.9903893,0.98415248,0.21058755,0.19787584,0.9847279,0.38931487,0.3896646
5m62_BGC_A_409,0,0,0.17207819,0.15382239,0.005516375,0.28818696,0.29656084
5m66_ADN_A_502,0.98782215,0.83674327,0.21213744,0.19917558,0.98751088,0.37943957,0.38074264
5m66_ADN_B_502,0.99174247,0.92244549,0.21161224,0.19879471,0.99594017,0.38651443,0.38719814
5m66_ADN_D_502,0.98273753,0.81170236,0.18118409,0.16947404,0.061282038,0.22565269,0.23456052
5m8d_UGI_B_501,0.98035145,0.99293074,0.2107023,0.19793447,0.99549744,0.39305846,0.39319635
5mdh_MAK_A_335,0,0.84825966,0.18688328,0.16897153,0.70234831,0.46445756,0.46149984
5mdh_MAK_B_335,0.48841866,0.50144035,0.17449165,0.15969082,2.3498881e-07,0.25872945,0.26697661
5mot_HBD_A_402,0.94229475,0.90821287,0.17750992,0.16581906,6.188253e-05,0.22792287,0.2364091
5mxh_GAL_A_401,0.11528099,0.92612869,0.1975289,0.17995932,0.9886336,0.50196923,0.49693499
5mxh_GAL_A_402,0.11106635,0.94048845,0.19727648,0.1797083,0.98743605,0.50337144,0.4982225
5mzj_TEP_A_2401,0.99759144,0,0.22048333,0.20626934,0.97845991,0.31605654,0.3231312
5mzp_CFF_A_2401,0.045077042,0.98745026,0.16393955,0.14743465,0.040571855,0.35948591,0.36122359
5n5k_8NW_A_307,0,0.8035874,0.18128696,0.16356117,0.52232736,0.43155389,0.43034875
5n5k_HAE_A_306,0.26727682,0.96926924,0.19420539,0.17775435,0.83156046,0.45902188,0.45596137
5n8c_8Q8_A_403,0,0.5425519,0.17951234,0.16156283,0.39065277,0.39094975,0.39256426
5nh9_XLS_A_503,0.78732848,0.9841186,0.18005596,0.16739769,0.17136124,0.28223018,0.28780682
5nh9_XLS_C_504,0.97912871,0.98372897,0.18330458,0.17167963,0.17804614,0.25783301,0.26461712
5nh9_XLS_D_504,0.97576516,0.98417865,0.18653803,0.17475605,0.27597213,0.27445111,0.2804204
5nj0_8YW_A_301,0.98833615,0.95160543,0.21073999,0.19797201,0.98039207,0.38651601,0.38710639
5njb_BB2_A_502,0.95977064,0.96036736,0.20921059,0.19634298,0.95091423,0.38608581,0.38666744
5njb_BB2_C_502,0.96875337,0.95452207,0.20977701,0.19693357,0.96179374,0.38626264,0.38685485
5nnw_GCS_D_302,0,0,0.17189305,0.1536451,7.5903389e-06,0.28727908,0.29569738
5nov_93B_A_201,0.99570964,0.99266668,0.18636476,0.17472165,0.26403636,0.2704501,0.27658938
5nuk_Z80_A_201,0.97926673,0.96381253,0.17727481,0.00026436506,0,0.22671684,0.2350823
5o3b_9HZ_A_501,0,0,0.1718928,0.15364486,0,0.28727783,0.29569619
5o3b_9HZ_B_501,0,0,0.1718928,0.15364486,0,0.28727783,0.29569619
5o3b_9HZ_C_501,0,0,0.1718928,0.15364486,0,0.28727783,0.29569619
5o3b_9HZ_D_501,7.0236726e-05,0,0.1718939,0.15364635,0,0.2872685,0.29568732
5o3d_9J5_A_501,0.9679773,0,0.21895713,0.20462694,0.94692149,0.31479149,0.32192614
5o3f_9HT_A_501,0,0,0.19856888,0.17919064,0.79377123,0.41809666,0.4201137
5o3g_9J8_B_501,0.19507364,0,0.20578576,0.18729314,0.91711929,0.41251988,0.41482243
5o4j_9KH_B_302,0,0.96169539,0.16214403,0.14541041,0.00048254295,0.35699998,0.35893856
5o4j_9KH_C_302,0,0.96566868,0.16209556,0.14536855,0.00024096733,0.3572479,0.35916167
5o4j_PJL_A_304,0.24224215,0.93433296,0.16622245,0.15076418,7.6158928e-05,0.32278227,0.32649816
5o4k_9KE_A_405,0.94895827,0.92683115,0.1774417,0.16581574,0.00053507212,0.22846422,0.236865
5ocm_9RH_A_302,0.0016953332,0.98582706,0.18548309,0.16779854,0.70145434,0.47404724,0.4701815
5ocm_9RH_B_302,0.0016603815,0.91880368,0.18751293,0.16966541,0.74162006,0.47581786,0.4720793
5ocm_9RH_C_302,0.0016974413,0.91761066,0.16343422,0.14660582,0.024758382,0.35758293,0.35963373
5oew_9TE_B_901,0.98736748,0.99412695,0.19575979,0.18366932,0.54794392,0.31845354,0.32223869
5oew_9TE_C_301,0.75081606,0.96287768,0.17393784,0.16129147,3.1051339e-09,0.25729927,0.26416126
5oew_GLU_A_301,0,0,0.1718928,0.15364486,0,0.28727783,0.29569619
5oew_GLU_B_902,0,0,0.1718928,0.15364486,0,0.28727783,0.29569619
5oip_9WE_A_302,0.93587628,0.98589462,0.21014074,0.19711702,0.99749967,0.39878512,0.39866236
5oir_9W8_A_302,0.45972074,0.88519895,0.18414355,0.16919793,0.41659568,0.35898867,0.36110371
5oo4_URI_A_201,0.97431333,0,0.22060629,0.20624492,0.99302518,0.32154828,0.32835271
5ooa_URI_A_201,0.98805986,0,0.22060611,0.20632871,0.98657926,0.31866044,0.32560707
5osf_A9E_A_404,0.94604718,0.98273034,0.17681029,0.16525733,3.9295155e-07,0.23281071,0.24082028
5r0i_SYV_A_2501,0.99776035,0.99338809,0.17751637,0.16626153,1.4983411e-06,0.22671529,0.23499247
5r28_RDJ_A_401,0.9852464,0.97562402,0.17750148,0.1661505,5.437714e-05,0.22709942,0.23541366
5r9o_54F_A_401,0.99296671,0.98521549,0.20464105,0.19219826,0.80689795,0.35974201,0.36153559
5sga_TYR_P_1,0,0.94206676,0.16232712,0.14556326,0,0.35549902,0.35757366
5syi_NIZ_A_805,0.0015552842,0.98768055,0.16216403,0.14546882,0.0082002149,0.35994713,0.36165869
5syi_NIZ_B_805,0.95171259,0.86008703,0,0,0.0079905635,0,0
5t3h_BEN_A_302,0.99801722,0.99452993,0.21093894,0.19827081,0.99474533,0.39070434,0.39095346
5t63_ALA_C_1,0,0,0.1718928,0.15364486,0,0.28727783,0.29569619
5t6b_TMP_B_504,0,0,0.20285651,0.18329659,0.92135352,0.43912308,0.44011124
5t6b_TMP_D_503,0,0,0.17189285,0.15364491,1.5910565e-06,0.28727809,0.29569644
5t85_44G_L_301,0.011390865,0,0.17207262,0.15388664,1.3983781e-05,0.28576745,0.29426045
5tbo_78Z_A_1001,0.97538858,0.98144847,0.21035665,0.19756001,0.9840683,0.39100241,0.39127722
5tch_MLI_A_301,0.99560524,0.98119821,0.2073578,0.19481141,0.88528734,0.37201979,0.37322558
5tch_MLI_B_501,0.99862595,0.69047047,0.18225522,0.170458,0.049081611,0.21275284,0.22267968
5tch_MLI_D_501,0.99581503,0.41035373,0.1834058,0.1712219,7.6492707e-07,0.18475219,0.19694266
5tch_MLI_E_301,0.99810456,0.88223155,0.18617056,0.17442384,0.22376891,0.25549839,0.26272177
5tch_MLI_F_501,0.99787196,0.90786412,0.18553869,0.17384668,0.21282054,0.25558113,0.26271868
5tch_MLI_G_301,0.99705808,0.8127758,0.18563103,0.17382125,0.18721962,0.24458404,0.25256301
5tch_MLI_H_501,0.93544723,0.66183885,0.21127484,0.19782936,0.93353675,0.36483359,0.36740597
5tde_2HP_B_901,0.9961562,0.94388161,0.21054592,0.19782508,0.96861979,0.38297804,0.38376669
5tde_2HP_B_902,0,0.94934669,0.16256818,0.14580244,0.009372456,0.35757085,0.35952089
5tde_FLC_A_501,0.98575395,0.97183955,0.20189701,0.18951112,0.72458447,0.34616539,0.34866552
5tdt_MBN_A_502,0,0.18263659,0.17341795,0.15545806,0.11663416,0.30995524,0.12084137
5tdt_MBN_A_503,0.08580802,0.17139023,0.17820006,0.16040521,0.19925902,0.32113341,0.32735389
5tdt_MBN_D_501,0.088836549,0.99120345,0.19675029,0.17912671,0.99751706,0.51165754,0.5059399
5tdt_MBN_D_502,0.97062039,0.23324648,0.18480749,0.17220751,2.3893224e-06,0.17527276,0.18849048
5thu_B3N_A_404,0.83072565,0.9608277,0.17521698,0.16300211,3.0764625e-06,0.2465395,0.2539397
5thu_B3N_B_404,0,0.36454961,0.16819121,0.15051756,5.6350685e-07,0.31367733,0.31964087
5thu_GGG_B_405,0,0.97810953,0.16196116,0.14525408,5.5683206e-07,0.3581092,0.35994113
5tix_OQR_A_302,0,0.97293635,0.16406294,0.14726089,0.060977967,0.36778407,0.36915908
5tix_OQR_B_302,0,0.9639552,0.16432091,0.14749764,0.065940444,0.36795153,0.36934701
5tlg_7EG_B_601,0.9922672,0.9944011,0.21077216,0.19807583,0.99243756,0.39107826,0.39130913
5tm5_7EV_B_601,0,0.93737523,0.16237475,0.14560351,0,0.35515928,0.35726551
5tvr_AKG_B_402,0.99751272,0.91276923,0.17834951,0.16696554,0.00055039333,0.2210005,0.2298145
5tzr_MLI_A_2403,0.97586197,0.93019761,0.17781674,0.16634307,0.00010712918,0.22506473,0.23362285
5u5g_7VD_A_302,0.88365286,0.91119604,0.1929034,0.18020556,0.4864854,0.31609228,0.32025084
5u5g_7VD_B_302,0.86719422,0.93180979,0.19947362,0.18642047,0.69592775,0.35428824,0.35651093
5u5g_7VD_C_302,0,0.88341962,0.18779396,0.16988388,0.74006961,0.47322044,0.46972176
5u5g_7VD_D_302,0.99126469,0.90543956,0.20536209,0.192787,0.80504719,0.35388592,0.35622045
5u5x_TP5_A_302,0.99792246,0.98966674,0.20458306,0.19217809,0.8041954,0.35896084,0.36077876
5u5z_7VP_A_302,0.00020115681,0,0.17189597,0.15364912,1.7737456e-09,0.28725111,0.29567079
5u8z_83D_A_602,0,0.94477862,0.16229958,0.14554,0,0.3556954,0.35775178
5u8z_83D_B_602,3.3227494e-07,0.94309431,0.16231674,0.1455545,1.5370638e-06,0.35557364,0.35764135
5u8z_83D_C_602,2.5714219e-07,0,0.17189281,0.15364488,3.5625618e-07,0.28727785,0.29569621
5u8z_83D_D_602,0,0.99204551,0.16181964,0.14513452,4.3888664e-08,0.35911832,0.36085641
5uap_82S_A_505,0.042905437,0.95570769,0.16432413,0.14775333,0.043442223,0.35794867,0.35986269
5uap_82S_B_505,0.99603508,0.93715165,0.1790538,0.16765888,0.029566402,0.22774445,0.23615057
5ud0_13P_B_405,0.99341643,0.7669521,0.20991776,0.1970042,0.8977546,0.3588502,0.36138377
5ud3_P6F_B_404,0,0.78959554,0.19474865,0.17643645,0.91866482,0.49585972,0.49155256
5uda_CAE_A_502,0.47926931,0.9961013,0.1746618,0.16036433,0.15880663,0.32193845,0.32551391
5uda_CAE_B_502,0.50867144,0.9871517,0.17161871,0.1576195,0.051776905,0.29974659,0.30443841
5uio_8DM_C_202,0,0.9648822,0.18480079,0.16711081,0.67561793,0.46849761,0.46497014
5uio_8DM_D_202,0,0.97178992,0.19274321,0.17538837,0.98803698,0,0
5uio_8DM_E_202,0.98849882,0.97354823,0,1.7796821e-76,0.97693308,0,0
5uio_LG3_A_201,0.9922251,0,0.22086011,0.20659739,0.99218586,0.3190313,0.32596006
5uio_LG3_B_201,0.99814409,0.32725675,0.21764264,0.20392714,0.99255094,0.34200424,0.3467652
5uio_LG3_C_201,0.9928667,0.99352153,0.21084161,0.19814499,0.99395769,0.39118548,0.39141395
5uio_LG3_E_201,0.99610047,0.99514181,0.21079696,0.19812384,0.99160355,0.3904854,0.39074316
5unr_8EV_A_803,0,0.98263102,0,3.8200014e-43,5.5719371e-06,0,0
5unt_8J1_B_803,0.95879282,0.97755988,0.17706367,0.16557189,6.0379245e-06,0.23074462,0.23887261
5unx_8F1_A_803,0.97968162,0.96582153,0.17751185,0.16611522,8.3994277e-06,0.22712097,0.23546507
5unx_8F1_B_803,0.98437922,0.97370697,0.17750563,0.16614698,5.054284e-06,0.22706763,0.23538948
5uo3_8EY_A_803,0.99177634,0.9809537,0.17754855,0.16624156,5.8257169e-06,0.22661022,0.23493181
5uo3_8EY_B_804,0.9837912,0.98067482,0.17742552,0.16607465,1.8925637e-06,0.22764978,0.23592088
5uo5_M4R_A_803,0.98346452,0.98605174,0.17736899,0.16602468,9.7530062e-05,0.2280983,0.23633028
5uo5_M4R_B_803,0.9880854,0.97997094,0.20739172,0.19479656,0.88944907,0.37361542,0.37474655
5urz_BOG_B_201,0.69756857,0,0.18785391,0.17319009,0.14810985,0.21905168,0.23085364
5ut1_7DZ_A_905,0,0,0.1718928,0.15364486,1.608975e-08,0.28727783,0.29569619
5v31_ARG_A_401,0,0,0.17189281,0.15364487,2.2027105e-07,0.28727786,0.29569622
5vjg_0BP_A_403,0.99877021,0.77175123,0.21291282,0.19991055,0.98581697,0.37300003,0.37482625
5vka_AKG_A_402,0.99425499,0,0.22016635,0.20594541,0.97059111,0.31520278,0.322319
5vl0_BNF_A_404,0,0.98251589,0.18654733,0.16880354,0.73291573,0.47921764,0.47510935
5vl0_BNF_B_404,0.9898405,0.98161095,0.20123538,0.18891367,0.70593462,0.3432567,0.34586824
5vl0_BNF_C_404,0.99308429,0.98575008,0.19750989,0.18537059,0.59481012,0.32481161,0.32831273
5vrj_R07_A_204,0,0.81204554,0.18928119,0.17122636,0.76275858,0.47179108,0.46859004
5vut_9OG_A_803,0.93034317,0.93234506,0.17707462,0.16535684,7.835862e-13,0.23124738,0.23949317
5vut_9OG_B_803,0,0.97247357,0.16201837,0.14530242,2.4527493e-13,0.35770098,0.35957086
5vuu_9OJ_A_805,0.0001329821,0.97742841,0.16197015,0.14526273,0,0.35804213,0.35987952
5vuu_9OJ_B_803,0.69973667,0.97720375,0.1729881,0.16008641,0,0.26511995,0.27155024
5vv0_9OM_B_803,0.7012228,0.98348631,0.1729477,0.160064,3.5623766e-10,0.26537756,0.2717753
5vv5_9OJ_A_803,0.06298845,0.97378209,0.16299687,0.14662566,2.1060541e-08,0.349431,0.35170546
5vv5_9OJ_B_803,0,0.95755597,0,2.5527203e-13,3.090196e-10,2.9443168e-10,2.9998577e-10
5vyr_B62_A_301,0.98878633,0.98331507,0.21091397,0.19817768,0.99493885,0.39114993,0.39141243
5vyr_B62_B_301,0.97738831,0.96035943,0.21088157,0.19805075,0.99237914,0.39057934,0.39094226
5vyr_GMP_B_302,0,0,0.17189286,0.15364492,1.9450684e-06,0.28727815,0.29569649
5vyr_GMP_B_303,0.99858409,0.99382816,0.17753684,0.16628667,0.00035778169,0.22669649,0.23497323
5vys_1YJ_A_301,0.99314773,0.98434714,0.21087938,0.19817237,0.99217786,0.39019046,0.3904969
5vys_1YJ_B_301,0.98921784,0.9774128,0.2094633,0.19678435,0.94978735,0.38322394,0.38389314
5vys_GMP_B_303,0.97877942,0,0.18741005,0.17448253,0.0031482846,0.15781682,0.17263336
5w3k_9TY_B_401,0.26141844,0.95938069,0.19909202,0.18238682,0.97672361,0.48300763,0.4788046
5w5t_9X7_A_506,0,0,0.1718928,0.15364486,0,0.28727783,0.29569619
5w5t_9X7_D_508,0,0,0.17196233,0.15371145,0.0020690356,0.28761882,0.29602049
5w7b_MYR_B_208,0.98258875,0.7064787,0.18019069,0.16840133,4.7302411e-11,0.20795282,0.21806244
5w8q_BU4_A_400,0.99492649,0.97220017,0.20318405,0.19080006,0.75869276,0.35059469,0.35287752
5w8q_BU4_B_400,0.025831113,0.995276,0.18769836,0.17007818,0.75891852,0.4809968,0.47676242
5wct_GY4_A_303,0,0,0.1718928,0.15364486,6.8158649e-10,0.28727783,0.29569619
5wcz_NOJ_B_601,0.9846017,0.75339008,0.17974605,0.16804154,0,0.21108267,0.2208896
5wgk_AGJ_A_816,0.9639104,0.96967884,0.19895363,0.18655657,0.64658277,0.33605449,0.33905486
5wgr_PM7_A_711,0,0.97770217,0.16196528,0.14525756,0,0.35807961,0.35991429
5wgr_PM7_A_712,0,0.98458436,0.16189618,0.14519927,2.3301768e-05,0.35858184,0.36036998
5wgv_PM7_A_713,0,0,0.17189377,0.15364579,2.8890057e-05,0.28728259,0.29570072
5wgw_MB5_A_714,0,0,0.1718928,0.15364486,0,0.28727783,0.29569619
5wgw_MB5_A_715,0.54284463,0,0.18044021,0.16514554,2.5172938e-07,0.21518924,0.2271702
5wqp_NCA_A_302,0,0.98082532,0.16193375,0.14523095,5.5159792e-06,0.35830669,0.36012029
5x0j_SEP_A_302,0,0,0.1718928,0.15364486,0,0.28727783,0.29569619
5x23_LSN_A_502,0,0,0.20489616,0.18524982,0.98204509,0.44912546,0.44962418
5x23_LSN_A_503,0,0,0.17190716,0.15365861,0.00042723731,0.28734824,0.29576315
5x23_LSN_A_504,0.05913547,0,0.17282392,0.1548977,9.8855416e-12,0.27942476,0.28823122
5x2m_GLN_A_951,0.93053849,0,0.20962573,0.19546226,0.68679809,0.2768932,0.28587989
5x2m_GLN_D_951,0,0,0.1718928,0.15364486,0,0.28727783,0.29569619
5x5d_UMP_A_401,0.96627977,0,0.22031714,0.20591896,0.98818523,0.32181746,0.3286082
5x5d_UMP_B_401,0.96184083,0,0.22035573,0.2059288,0.99141311,0.32293892,0.32967449
5x5d_UMP_C_401,0.73875451,0,0.21655089,0.20092268,0.98271806,0.35113131,0.35647293
5x5d_UMP_D_401,0,0,0.19118361,0.17211829,0.57401564,0.38187946,0.38566871
5x5d_UMP_E_401,0.96373128,0,0.22035545,0.20594008,0.99051924,0.32254055,0.32929575
5x6r_7ZR_A_402,0.87822792,0.96677782,0.17590441,0.16395735,3.095097e-09,0.24066168,0.24833358
5x6r_7ZR_B_402,5.6017311e-10,0.96804219,0.16206336,0.14534043,2.2208678e-10,0.35738007,0.3592798
5x86_TMP_A_205,0,0,0.1718928,0.15364486,0,0.28727783,0.29569619
5x86_TMP_B_207,0.99407495,0,0.22067954,0.20643576,0.98594595,0.31775727,0.32474848
5xdt_MB3_A_404,0.38395684,0.99568175,0.16782913,0.15323856,2.3614621e-05,0.30839686,0.31263012
5xdt_ZI7_A_403,0.76888049,0.9912725,0.20616983,0.19230059,0.959208,0.41504053,0.41409439
5xin_XLS_A_397,0.99144466,0,0.18763248,0.17477289,0.0038330375,0.15624776,0.1711419
5xin_XLS_B_397,0.98670937,0.98270856,0.17821042,0.16684644,0.022604521,0.2311346,0.23922888
5xin_XLS_C_397,0.95556714,0,0.190702,0.17749323,0.11197871,0.17883535,0.1926219
5xin_XLS_D_397,0.95246752,0.97466888,0.18195345,0.17021254,0.14759603,0.25569908,0.26261479
5xj7_87O_A_309,0.94204549,0,0.21541861,0.20107998,0.85377942,0.30288474,0.31060034
5xmq_PLG_A_501,0,0.9832718,0.16190872,0.14520978,0,0.35848295,0.36028012
5xmq_PLG_B_501,2.7062575e-05,0,0.2048389,0.18519515,0.98032854,0.44883896,0.4493517
5xmq_PLG_C_501,0.99155092,0.94502419,0.20805918,0.19541688,0.89712726,0.3718899,0.37321719
5xoi_SIN_A_401,0.99751015,0.92729051,0.20850089,0.19585597,0.90212068,0.37063727,0.3720828
5xrv_F6R_A_702,0,0.85788709,0.17624663,0.15879659,0.38875384,0.41347227,0.41297868
5xsm_8EO_A_705,0.96814297,0,0.1871394,0.17415839,7.8406877e-05,0.15872339,0.17349488
5xvt_8FL_A_709,0.43280237,0,0.17870752,0.16281418,1.273413e-09,0.22980258,0.24106135
5xvv_AKG_A_508,0,0.97411038,0.16203173,0.14531708,0.00089210218,0.35796653,0.3598182
5xvv_AKG_B_506,0,0,0.17454294,0.15618271,0.078857365,0.30027405,0.30805647
5xvv_AKG_C_504,0.98379346,0.94491382,0.18901659,0.17713366,0.33409901,0.28012124,0.28593886
5y1g_AKB_A_401,0.9331461,0,0.21523408,0.20084891,0.85245806,0.30384879,0.31151664
5y7a_KYN_A_502,0.9182321,0,0.21142502,0.19711016,0.74610367,0.28830142,0.29672908
5y7r_58K_B_403,0,0.99361126,0.16180374,0.14512108,0,0.35923169,0.36095924
5y7r_AKG_B_402,0.99479759,0.95622241,0.17785225,0.16652253,0.00015502519,0.22444264,0.23294939
5y8k_SER_A_301,0,0.0080345712,0.17181178,0.15357647,1.675565e-05,0.28786242,0.29622655
5y8k_SER_B_301,0,0.0027195521,0.17186539,0.15362173,6.20462e-06,0.28747579,0.29587579
5y8p_3OH_B_301,0.41505808,0.8388111,0.16992235,0.1552534,0.00034065989,0.2929589,0.29845006
5yaq_ISE_B_402,0.97140153,0,0.19807014,0.18464587,0.32380565,0.21164308,0.22382528
5yaq_ISE_D_402,0,0,0.20264157,0.18355214,0.96639665,0.08980866,0.08979739
5yb7_ORN_A_602,0.98493186,0,0.18839851,0.17546669,0.029678287,0.16137212,0.17601508
5yb7_ORN_A_603,0.98024333,0.91716583,0.17802196,0.16655143,0.0002232725,0.22355832,0.23223201
5yb7_ORN_B_602,0,0,0.17617613,0.1577467,0.12745456,0.30828319,0.31567371
5yb7_ORN_B_603,0,1.9944559e-09,0.1718928,0.15364486,1.8982984e-08,0.28727783,0.29569619
5yb7_ORN_C_603,0,0.95913373,0.16215382,0.14541685,8.4247704e-09,0.35673495,0.35869467
5yb7_ORN_D_602,0.99589612,0,0.18838041,0.17551632,0.024002727,0.15898072,0.17374141
5yb7_ORN_D_603,0.9779181,0.9274764,0.18797096,0.17607648,0.30046943,0.27409634,0.28026403
5ybl_AKG_A_302,0.00032760129,0.91683579,0.16258847,0.14578665,0,0.35362838,0.35587507
5ybl_AKG_C_302,0.9948874,0.82885764,0.1791619,0.16763138,0.00060066452,0.21528084,0.22464225
5ybp_8SX_B_303,0,0,0.1718928,0.15364486,0,0.28727783,0.29569619
5ybp_AKG_A_302,0.99764391,0.39162652,0,4.2929832e-48,0.99128515,0.34557767,0.34994562
5ybp_AKG_B_302,0,0.78793953,0.19729127,0.17886943,0.99382219,0.50812624,0.50322413
5ybq_8T0_A_303,0.94937369,0,0.22007978,0.2055884,0.98904324,0.32420396,0.33087683
5ybq_8T0_B_303,0,0,0.18472714,0.16593539,0.38189765,0.35021712,0.3555557
5ybq_AKG_A_302,0.99649565,0.4460164,0.18306245,0.17093809,0.00024023266,0.18728384,0.19923669
5ybq_AKG_B_302,0,0.9799796,0.16195595,0.14525124,0.0004105101,0.35831219,0.36012822
5yfj_RUB_A_401,0.8848409,0.96737131,0.20465913,0.19153476,0.85270405,0.38035783,0.38119255
5yfj_RUB_B_401,0,0.95933851,0.19115697,0.17319133,0.86307711,0.49899069,0.49398879
5yfj_RUB_C_401,0,0.96687094,0.18950021,0.17161339,0.81605438,0.4917865,0.48711309
5ykt_PMP_A_501,0.99034576,0.99035337,0.18251494,0.17099954,0.1512955,0.25241444,0.25944329
5ykt_PMP_B_501,0.99295307,0.99484012,0.18153601,0.17008316,0.12230085,0.2476146,0.25486417
5ylf_BGC_A_401,0,0.95010361,0.16291068,0.1461313,0.0197927,0.35934299,0.36120389
5ysh_5AD_D_605,0.21274926,0.98677077,0.1653051,0.14976563,0.0024414504,0.33088604,0.3340362
5ysh_5AD_J_605,0.21831849,0.98087692,0.16788463,0.15226312,0.074807582,0.34164607,0.34428888
5z54_0HZ_A_303,0.19287987,0.9839039,0.19825271,0.18119256,0.99127067,0.49628274,0.49134746
5z54_0HZ_D_303,0.98743691,0,0.22017359,0.2059107,0.97400102,0.31667018,0.32371416
5z9b_HX3_B_303,0.97160376,0.98667353,0.17718798,0.16577961,0.00045624252,0.22977753,0.23792459
5z9p_AX7_A_301,0.99849684,0,0.19587891,0.18271298,0.24590882,0.19520696,0.20819518
5zg2_ZK1_A_901,0.91170789,0,0.18624816,0.17296024,0,0.16620493,0.18060668
5zg2_ZK1_B_901,0,0,0.20481963,0.18517653,0.979768,0.44875018,0.44926726
5zge_ZZ7_B_302,0,0.90970714,0.19485626,0.17667704,0.95815713,0.51106638,0.50563193
5zgr_ZZ7_A_303,0.53211402,0.94264671,0.20315332,0.18791015,0.96568782,0.44402923,0.44180441
5zgr_ZZ7_B_303,0.99201471,0.93892784,0.17797883,0.16660694,0,0.22353423,0.23214044
5zi4_OAA_A_401,0.99549711,0.96906793,0.17785757,0.1665466,0.0038665598,0.22589165,0.23428657
5zpt_HY1_A_702,0.0056048982,0.98585529,0.18047387,0.16302548,0.5505773,0.44866455,0.44604102
5zpt_HY1_B_703,0.98684521,0.99297244,0.20914275,0.19648071,0.94606189,0.38405181,0.38463071
6a1f_9OF_A_807,0.97926501,0.99073044,0.21081149,0.19802988,0.99859068,0.39355319,0.39367382
6a1l_BEZ_A_403,0.99315221,0.9676315,0.20975308,0.19707468,0.9536112,0.38262333,0.38335338
6a1l_BEZ_A_404,0.98537155,0.99620122,0.19680332,0.18465882,0.58055684,0.32424364,0.32773871
6a2m_9QR_A_701,0,0.86586771,0.16310084,0.14621694,3.3245888e-08,0.34998096,0.35256871
6a2m_9QR_B_701,0.9312779,0.98566592,0.17654792,0.16491923,1.4774125e-08,0.23498457,0.24287744
6a2m_UMP_A_703,0.9910418,0,0.22081171,0.2065438,0.99129983,0.31904242,0.32597055
6a2m_UMP_B_703,0.97735796,0,0.22034252,0.20601092,0.98375005,0.31961535,0.32651456
6a2n_9QR_A_701,3.0441704e-09,0.9696163,0.16204738,0.14532693,1.6686715e-08,0.35749407,0.35938319
6a2n_UMP_B_703,0.97628209,0,0.22027506,0.20593975,0.98224664,0.31951045,0.32641473
6a3j_SOE_A_402,0.0089691686,0,0.20501211,0.18541563,0.98129301,0.44781042,0.44837407
6abm_9VR_A_505,0,0.93913438,0.1774906,0.16008089,0.45031734,0.42950199,0.42796482
6acn_TRC_A_899,0.93096665,0.21080806,0.18441248,0.17156136,4.7748096e-05,0.17892126,0.19202947
6ald_2FP_A_700,0,0,0.17189287,0.15364493,2.1624969e-06,0.28727818,0.29569653
6ald_2FP_B_700,0,0,0.17189291,0.15364497,3.3368578e-06,0.28727838,0.29569671
6auq_BYJ_B_803,0.98728891,0.98302471,0.17745691,0.16612877,7.2020778e-06,0.22735634,0.23563453
6av2_BY7_A_803,0.43517616,0.9794432,0.1687997,0.15446224,9.2788243e-09,0.30041521,0.30509415
6av2_BY7_B_803,0.64943977,0.97909838,0.1721769,0.15900457,1.4010208e-12,0.27193648,0.27802392
6axu_BTM_A_401,0.98361336,0.98805821,0.17950056,0.16806915,0.064060977,0.23876544,0.24646906
6ayv_MLI_A_409,0,0.96546027,0.16208958,0.14536258,0,0.3571931,0.35911021
6b5k_TYD_A_304,0.94791251,0,0.18681832,0.17372735,2.6706697e-06,0.16139747,0.1760368
6b5k_TYD_B_304,0.97336789,0,0.18721912,0.17426664,2.5534735e-06,0.15801703,0.17282342
6b6r_BEN_A_302,0.99817632,0.99287871,0.21096115,0.19829116,0.9948327,0.39057803,0.39083861
6b83_6NA_B_201,0.99297664,0.89047247,0.17877637,0.16732108,0.0086406301,0.22132156,0.23019068
6b9p_D0J_A_1001,0.83438537,0.20965552,0.18290185,0.16952354,2.260473e-08,0.19165572,0.20413823
6b9p_D0J_B_1001,0.17947829,0,0.17471879,0.15744727,1.8128942e-08,0.26344349,0.27303973
6ba2_7KM_A_809,0.99141067,0.99520573,0.17739788,0.16611136,4.6528061e-10,0.2276899,0.23591317
6bds_DJ4_A_303,2.6134336e-05,0.97148897,0.16202879,0.14531143,4.4369736e-07,0.35762628,0.35950296
6bkk_308_B_101,0.99665064,0.99379357,0.18568827,0.17408086,0.24380635,0.2670727,0.27337371
6bmm_OLB_A_404,0,0.66940902,0.16509567,0.14790228,2.8375525e-13,0.3357541,0.33966477
6bmm_OLB_B_404,0.41789111,0,0.17847273,0.16249827,0,0.23178276,0.24294367
6bqx_9AG_A_201,0.99148885,0.90934025,0.17827105,0.16684969,1.9870696e-06,0.22146176,0.23026374
6br1_E3Y_B_505,0,0,0.17267013,0.15438926,0.023130243,0.29108984,0.29932167
6btn_E8M_A_304,0,0,0.17940342,0.16083724,0.22348533,0.32410971,0.33072579
6btq_E8S_A_305,0,0.99122506,0.16185201,0.14516458,0.00071552896,0.35917682,0.36091466
6bvl_EBY_B_2001,0,0,0.1718928,0.15364486,0,0.28727783,0.29569619
6bxk_MTA_B_401,0.99068009,0.94032302,0.18094298,0.16943894,0.089247854,0.23852115,0.24638947
6c17_DNX_A_202,0.0062003955,0.91605381,0.16547009,0.14858114,0.082757418,0.36643083,0.36805394
6c1i_EEY_A_501,0.9899883,0.96816012,0.21067347,0.19793735,0.98264032,0.38786597,0.38833758
6c1i_EEY_B_501,0.99469493,0.82094813,0.17921899,0.16767582,3.5019191e-10,0.21463463,0.22405288
6c1i_KNA_A_502,0.00045524375,0.98234471,0.16192531,0.14522738,3.1599622e-09,0.35835536,0.36016176
6c1x_DNX_A_203,0,0.9296904,0.19401306,0.17622432,0.97625687,0.49290651,0
6c6w_TFX_A_502,0,0.92190229,0.16253187,0.14573625,5.8058256e-09,0.35403878,0.3562492
6cdy_EY1_A_501,0,0,0.20408289,0.184471,0.95784545,0.44513719,0.44583107
6cdy_EY1_B_501,0,0,0.17540739,0.15701054,0.10458001,0.30451331,0.3120883
6cgc_F0A_A_402,0.72459197,0,0.1848883,0.17051518,0.047204281,0.19883311,0.21162617
6cgc_F0A_B_402,0.96937185,0,0.21991006,0.20554801,0.97462333,0.31917175,0.32609215
6cgn_DA_A_801,0,0.9779484,0.16801084,0.15104724,0.17996551,0.38775697,0.38813867
6cqu_HI6_A_601,0,0.97211864,0.16208273,0.14536364,0.0018079118,0.35797323,0.35983092
6cqu_HI6_B_601,0,0,0.17643077,0.15799055,0.13503135,0.3095319,0.31686131
6cut_FEJ_A_401,0,0.92714295,0.19625556,0.177716,0.96912011,0.53598848,0.96674825
6cut_FEJ_B_401,0,0.9377936,0.1962097,0.17768153,0.97066546,0.53720175,0.97164883
6cut_FEJ_C_401,0.95382874,0.93209002,0.21065386,0.19765643,0.98810039,0.39095566,0.39138883
6cwr_6LA_A_201,0.97222635,0,0.2204814,0.20611258,0.9902869,0.32137414,0.32818695
6dl7_ONC_A_301,0.9216076,0.97769207,0.20340013,0.19056548,0.80113347,0.3677235,0.36914591
6dl7_ONC_B_301,0,0.97745983,0.19066741,0.17274326,0.85398494,0.49880452,0.49375392
6dl7_ONC_C_301,0.98777042,0.96753328,0.17762155,0.16627163,0,0.22616937,0.2345551
6dl7_ONC_D_301,0,0.97222376,0.19238336,0.17504231,0.97724254,0,0
6dl7_ONC_F_301,0.93854984,0.97245093,0.17679661,0.16518666,0,0.23306188,0.24109147
6dl7_ONC_G_301,2.3043627e-07,0.98095509,0.16193225,0.14522966,0,0.35831515,0.36012792
6dmi_5T5_A_504,0.98771329,0.94616264,0.1972157,0.18501073,0.57661169,0.31965885,0.32353806
6e2w_DP6_A_403,0.98644199,0.9524336,0.21022838,0.19747145,0.96630616,0.38450607,0.38519204
6e40_BBJ_A_502,0.96757395,0.86917614,0.1783023,0.16668756,1.5178846e-06,0.22172899,0.23064448
6e40_BBJ_B_502,0,0.91643021,0.16258746,0.14578322,9.0146057e-07,0.35364266,0.35588992
6e40_BBJ_D_502,0,0,0.1718928,0.15364486,9.9077512e-08,0.28727784,0.2956962
6e43_BEZ_A_502,0.99782941,0.96889248,0.21084823,0.19815344,0.9843882,0.38716578,0.38766983
6e43_BEZ_B_502,0.99747155,0.98789407,0.21072164,0.19805179,0.98653016,0.38894234,0.38929882
6e43_BEZ_C_502,0.99858528,0.9766264,0.21093282,0.19824791,0.9888876,0.388367,0.38878764
6e43_BEZ_D_502,0.99779232,0.97326257,0.21087584,0.19818466,0.9865475,0.38784304,0.3883
6e8i_PTR_A_201,0.97849353,0,0.19462098,0.18138618,0.21785012,0.19323909,0.20632231
6ezf_C6Z_A_1003,0.99549646,0,0.22006047,0.20585161,0.96685908,0.31442285,0.32157732
6f2b_AKG_A_402,0,0.84809917,0.19113572,0.1730436,0.82883501,0.4852918,0.48131511
6f2b_AKG_B_402,0,0.84478557,0.19464981,0.17640499,0.93239866,0.50211982,0.49733027
6f2b_AKG_C_402,0.71480457,0.8351685,0.17466756,0.1616241,1.6155747e-09,0.25283327,0.26031889
6f2v_AMP_B_1001,0,0.9689573,0.19231405,0.1743104,0.90041331,0.50584051,0.50047274
6f3s_CKW_A_902,0.99020573,0,0.20564741,0.19201694,0.54046421,0.24485271,0.25541109
6f3s_PLP_A_901,0,0.95540007,0.1629523,0.14617722,0.022631377,0.36019438,0.36199672
6f48_XQB_A_302,0,0,0.1718928,0.15364486,0,0.28727783,0.29569619
6f66_CUT_A_300,0.99597963,0.98986534,0.21086758,0.19818469,0.99216737,0.39021227,0.39050022
6f66_CUT_B_300,0.99767746,0.98783084,0.21021845,0.1975711,0.97144165,0.38642373,0.38690366
6f6a_CU5_B_301,0.90033323,0.97649721,0.20962814,0.1963983,0.99606021,0.4025874,0.40230627
6f76_CVK_A_203,0,0.96674668,0.1697578,0.15270735,0.22856339,0.39495504,0.39502025
6f76_CVK_B_203,0.48931418,0.99226554,0.16952194,0.1554992,2.4457992e-09,0.29415434,0.29910224
6f76_CVK_C_203,0.98460263,0.80154271,0.17925712,0.16762848,0,0.21456959,0.22405228
6f77_PLP_A_600,0,0.9751423,0.16199127,0.14527952,0,0.35789424,0.35974615
6f77_PLP_C_600,0,0,0.17189393,0.15364594,3.3601838e-05,0.28728336,0.29570145
6f77_PLP_D_600,0,0.97230485,0.19260232,0.17525332,0.98392027,0,0
6f77_PLP_E_600,0.96609486,0.96682991,0.20856521,0.19577097,0.9306998,0.38238249,0.38312513
6f7r_CIT_A_1003,0.84794682,0.93129812,0.17619077,0.16400601,0.011988733,0.24408945,0.25170486
6fa1_D2Z_A_203,0.0022376178,0.7693485,0.16411612,0.14709235,1.0133335e-11,0.34269421,0.3459466
6fa1_D2Z_B_203,0.13906551,0.98597812,0.16407092,0.1481328,2.1235065e-07,0.34021136,0.34290296
6fa1_D2Z_F_203,0.07383777,0,0.17305542,0.15520918,5.9615987e-11,0.27747232,0.28637527
6fjj_LSA_A_302,0.99771514,0.97872173,0.20901328,0.19640679,0.93281075,0.37939244,0.3802455
6fld_DQ5_A_604,0,0.97025935,0.16204085,0.14532141,0,0.35754063,0.35942542
6fld_NAG_A_602,0.60495081,0.71453914,0.17416272,0.16033157,2.2550837e-08,0.25868606,0.26626303
6fld_NAG_A_603,0,0.93993159,0.1623488,0.14558158,3.643899e-10,0.3553444,0.35743342
6flu_DTK_A_401,0.15435641,0,0.17432324,0.15691506,3.7168075e-07,0.26677968,0.27621105
6flu_DTK_A_403,0.92117095,0,0.18639719,0.17316075,7.9429325e-07,0.16494838,0.17941223
6flu_DTK_A_404,0.78265699,0.95702323,0.18073287,0.16798635,0.1855054,0.28321944,0.28883382
6flu_DTK_A_405,0,0.97813573,0.19776734,0.17892895,0.99696657,0.96141655,0.96103359
6flu_DTK_A_406,0.98205729,0.99025352,0.21072556,0.1979641,0.99458142,0.39248709,0.39266159
6flu_DTK_B_401,0,0.95374834,0.16220852,0.14546306,3.7667334e-07,0.35634502,0.358341
6flu_DTK_B_402,0.080564702,0.95812533,0.16549975,0.1491119,0.061509909,0.35610035,0.35809954
6flu_DTK_B_403,0.93482349,0.97592084,0.20948598,0.19647214,0.97549626,0.39457635,0.39469129
6flu_DTK_B_404,0.99150481,0.97802153,0.21095661,0.19822906,0.99333461,0.3901412,0.39047012
6flu_DTK_B_405,0,0.97971491,0.16997919,0.15293421,0.23906928,0.39762559,0.39751876
6flu_DTK_B_406,0.11624599,0,0.17372317,0.15610765,3.4084104e-07,0.27184066,0.28102192
6fs7_E4Z_A_903,0,0,0.20433554,0.18471295,0.96536331,0.44637619,0.44700944
6fs7_E4Z_B_903,0,0,0.20463424,0.18499899,0.97425128,0.44784098,0.44840256
6fs7_E4Z_C_903,0.62171293,0,0.21363702,0.19741744,0.95085,0.36142212,0.36625261
6fs7_E4Z_D_903,0.59360106,0,0.18123939,0.16622085,0,0.20844885,0.22076291
6fs7_E4Z_E_903,0,0,0.17189546,0.15364741,7.9319298e-05,0.2872909,0.29570862
6fs7_E4Z_F_903,0.00056997011,0,0.20465238,0.18501984,0.97452401,0.44781024,0.44837336
6fw0_E92_A_602,0.54614392,0.99212087,0.2037391,0.18861345,0.99149301,0.45000171,0.44732771
6fw0_E92_B_602,0.98620506,0.99334864,0.2106417,0.19791266,0.9910779,0.39158301,0.39179214
6g3f_FUM_A_601,0.97490132,0,0.1878385,0.17486914,0.017714108,0.16073237,0.175406
6g5q_EMZ_B_402,0.96654761,0.97977599,0,2.3088381e-10,0.99190876,0.39242418,0.39262172
6gck_EUB_A_302,0.82353599,0.99210447,0.17479965,0.16259437,0.00040353673,0.24982523,0.2569644
6gck_EUB_C_302,0.99039091,0.98488417,0.17751015,0.16620083,0.00070002957,0.22719324,0.23547368
6gck_EUB_D_302,0.99379371,0.99049962,0.17749015,0.16620888,0.00020704967,0.22706676,0.23533569
6gl4_GLU_B_301,0,0,0.1718928,0.15364486,0,0.28727783,0.29569619
6gnf_GLC_B_602,0.98433106,0.97035018,0.21096926,0.19818856,0.99475402,0.39077225,0.39109431
6gpn_OGA_B_402,0.99673849,0.92691014,0.17817524,0.16681012,2.5254973e-10,0.22203665,0.23075478
6gqk_F88_A_1001,0.9841873,0.9866345,3.4438191e-35,4.133851e-35,0.99012321,0,0
6gxk_FFW_A_402,0.98787049,0,0.18746171,0.17458753,0.00042606784,0.15616091,0.17105907
6gxk_FFW_B_402,0.99106229,0,0.18751731,0.17466027,0.00058527566,0.15576328,0.1706811
6h8p_OGA_A_504,0,0.91901503,0.16256118,0.14576101,0,0.35382969,0.35605956
6hgl_TES_A_401,0.97795019,0,0.2207534,0.20640801,0.99569856,0.3215059,0.32831264
6hl7_CP_A_401,0.99479686,0.9671758,0.17773592,0.16642366,3.3135942e-06,0.22521094,0.23364515
6hl7_CP_C_401,0.92243022,0.90433662,0.17730781,0.16549976,0.0021838172,0.23062984,0.23899469
6hl9_SIN_A_402,0,0.88736706,0.16297534,0.14612138,0.0027613893,0.35199295,0.35441366
6hl9_SIN_B_402,0.98131883,0.84672457,0.17876963,0.16719333,0.00068395039,0.2183903,0.22754168
6hmw_FUL_A_203,0.99471794,0.97812596,0.17932178,0.16795438,0.050537344,0.23434274,0.24229517
6hmw_FUL_B_204,0.99029071,0.97755438,0.21112567,0.198383,0.99879277,0.39116814,0.39144822
6hmw_FUL_C_203,0.73038698,0,0.18339316,0.16911879,3.7350092e-10,0.19028396,0.20349573
6hmw_FUL_F_202,0.98868244,0.96677423,0.21108751,0.19832429,0.9951536,0.39000129,0.39037276
6hmw_FUL_G_202,0.90053132,0.97047051,0.20969239,0.19645413,0.99605811,0.40212432,0.40188508
6hmw_FUL_H_201,0.95566509,0.97175853,0.17712561,0.16560546,0.0015617879,0.23099626,0.23913024
6hmw_FUL_I_201,0,0.96987268,0.19710672,0.17846475,0.99453974,0.66644587,0.99454261
6hnz_GH5_A_301,0.97526871,0.98294524,0,0.89955221,0.97543327,0.97775031,0.97909173
6ho2_GHN_A_301,0,0.98649849,0.19301495,0.17500168,0.926569,0.51142141,0.5057246
6ho7_GHQ_A_301,0,0.99041379,0.19745107,0.17860464,0.98730573,0.98744015,0.98717229
6hpx_GKQ_A_205,0.95569734,0.98627814,0,1.0056087e-12,5.2846481e-12,0,0
6hqr_3DM_A_502,0.99658488,0.9589593,0.21017343,0.19748825,0.96189051,0.38290395,0.38364816
6hsg_GM5_A_504,0,0.96087191,0.1621363,0.14540207,3.8754286e-06,0.35686146,0.35880944
6hsg_GM5_B_504,0.99615439,0.94497661,0.19080887,0.17892556,0.38165738,0.28632222,0.29183701
6hsg_GM5_D_504,0,0.94751495,0.18288067,0.16525217,0.61323574,0.45695893,0.45405148
6i4b_E2N_A_603,0.99096788,0,0.18934039,0.17640553,0.054876931,0.16472345,0.17920282
6i4b_ORO_B_602,0.0075869235,0,0.1720144,0.15380765,6.3670224e-05,0.28628079,0.29474843
6i6r_H62_A_704,0.92511346,0.60889849,0.20391323,0.19065594,0.7033315,0.32443276,0.32915029
6ijn_6MZ_A_401,0.95466967,0.98973567,0.17687491,0.16537989,0,0.2321729,0.24019189
6ix8_B3O_A_408,0,0,0.20536112,0.18569508,0.99588047,0.45140562,0.45179277
6ix8_B3O_B_408,0.99101666,0,0.22015022,0.20591019,0.97162843,0.31580378,0.32289039
6j4t_IMP_A_401,0,0,0.1718928,0.15364486,0,0.28727783,0.29569619
6jc7_F0G_A_601,0.99311049,0.97398105,0.1776411,0.16633035,2.7980336e-05,0.22593176,0.23430889
6jc7_F0G_B_601,0,0,0.1718932,0.15364524,1.1831009e-05,0.28727978,0.29569804
6jc7_F0G_C_601,0.96058201,0,0.18701871,0.17399664,2.9693368e-05,0.15971944,0.1744417
6jc7_F0G_D_601,0.9843174,0.94463311,0.17779986,0.16639508,4.752329e-06,0.22497036,0.23348759
6jea_NAG_A_501,0,0.80222474,0.19640115,0.17803339,0.97165207,0.50550694,0.50068742
6jk9_BU0_A_501,0,0,0.17189403,0.15364604,3.6679374e-05,0.28728387,0.29570194
6jk9_BU0_B_501,0,0,0.20521842,0.18555842,0.9916343,0.45070582,0.45112721
6jmd_BVO_A_408,0.99417619,0.99350664,0.21096705,0.1982731,0.99707209,0.39152378,0.39173582
6jmd_ORO_A_402,0.013339302,0.86529912,0.19598688,0.17779037,0.97213268,0.50838234,0.50322176
6jme_BVU_A_409,0.99346171,0.99573727,0.2108843,0.19819204,0.99561846,0.39154063,0.39174468
6jme_ORO_A_402,0,0.85171822,0.1632466,0.14634032,6.2110735e-05,0.34896653,0.35164906
6jq8_CIT_A_302,0.99450081,0.74709195,0.17996713,0.1683065,3.749705e-05,0.20931818,0.21923219
6jws_PT1_A_801,0.99481599,0,0.22080159,0.20655716,0.98923041,0.31820016,0.32516975
6jws_PT1_B_801,0.99679335,0,0.22101168,0.20677043,0.9945555,0.31881519,0.32575481
6jwy_PH2_A_802,0.9927468,0,0.22027042,0.20603586,0.97439447,0.31602988,0.32310554
6jx9_CQC_A_501,0,0.971403,0.16304511,0.14628442,0.030228069,0.36260524,0.36423856
6jyg_FLC_A_401,0.99004638,0.9169113,0.1955524,0.18339866,0.51718771,0.30743727,0.31200799
6jyg_FLC_C_401,0.99005395,0.74389791,0.18083218,0.16910408,0.026896269,0.21410392,0.22379365
6jyg_FLC_D_401,0.88282996,0.76988306,0.18998277,0.17724183,0.35726869,0.28467239,0.29081918
6jyg_FLC_E_401,0,0.97840159,0.17286445,0.15569572,0.32452613,0.41161435,0.4108272
6jyg_FLC_E_402,0.0017093796,0.0094643747,0.17182368,0.15359995,1.9979184e-06,0.28773653,0.29610236
6jz4_EVA_A_701,0.97526108,0.59333139,0.18195779,0.16991924,0.021828691,0.2043297,0.21497711
6jz4_EVA_B_701,0.97516707,0.54291179,0.18253211,0.17041091,0.023728291,0.20100404,0.21197503
6jz6_CKX_B_701,0.85205996,0.96911284,0.20849109,0.19500614,0.98261223,0.40624692,0.40580715
6k92_GT0_A_802,0.99321628,0.96383066,0.21045124,0.1977393,0.97320732,0.38556915,0.38616718
6k92_GT0_B_602,0.99388675,0.98208068,0.20849817,0.19589398,0.92029185,0.37808089,0.37898716
6krs_CIT_B_301,0.016753714,0.89600046,0.16360323,0.14683488,0.016204057,0.35260874,0.35497286
6krs_CIT_C_301,0.032461642,0.92480209,0.16355375,0.14691641,0.016074281,0.35258709,0.35486139
6krs_CIT_D_301,0,0.93287703,0.17173461,0.15456162,0.27715179,0.40051001,0.40041146
6krs_CIT_F_301,0,0.89264526,0.16312647,0.14627215,0.0088533478,0.35337918,0.35571522
6krs_CIT_H_301,0.015301673,0.89309537,0.16357326,0.14679398,0.015114598,0.35241164,0.35479458
6krs_CIT_I_301,0.014972373,0.93918274,0.18592511,0.16824951,0.69429343,0.46772609,0.46431933
6krs_CIT_J_301,0.015352468,0.8965839,0.16351271,0.1467403,0.014343283,0.3525304,0.3548964
6kxh_DY9_B_402,0.024699116,0.99740043,0.19320023,0.17600637,0.99782159,0,0
6kxh_DY9_C_402,0.025170642,0,0.17229377,0.15418257,0.00013810416,0.28395798,0.29254042
6kxh_DY9_D_402,0.99606636,0.99574082,0.17746575,0.16620541,0,0.22711038,0.23536061
6l17_E2X_A_401,0.99032057,0,0.2081602,0.19442396,0.6151808,0.25715126,0.26710784
6l59_CIT_B_403,0,0.60173941,0.16717117,0.14981235,0.041312805,0.33766233,0.34169551
6l68_ALL_A_201,0,0,0.20223155,0.18269811,0.90275732,0.4360583,0.43719643
6l86_LMR_A_302,0,0.063331167,0.17144876,0.15329216,0.0059220457,0.29284004,0.30078418
6l86_LMR_B_302,0,0.0055025462,0.17193699,0.15369348,0.0029775904,0.28816703,0.29652432
6l86_LMR_B_303,0.0041605763,0.0072965683,0.17188422,0.15367041,5.2428017e-09,0.2872537,0.29565024
6l86_LMR_C_302,0.0034258343,0,0.20366942,0.18409598,0.94393725,0.44239008,0.44321861
6l86_LMR_D_302,0.95079546,0.030345472,0.1916729,0.17842859,0.15227293,0.18830729,0.20153323
6l86_MLT_A_303,0,0,0.17209454,0.15383806,0.0060030823,0.28826717,0.29663712
6l8a_BAL_C_504,0.97370188,0.9793028,0.18408422,0.17238802,0.20245014,0.2622551,0.26883659
6l8a_BAL_D_507,0.99811306,0.9740703,0.18457775,0.17300374,0.20411744,0.25890921,0.2656727
6l8a_BAL_E_503,0.07984342,0.86044633,0.18238862,0.16516891,0.53487891,0.42713695,0.42597171
6lit_2OH_A_501,0.99498036,0.81148325,0.21273171,0.19975946,0.99420795,0.37776346,0.37922959
6lit_2OH_B_501,0.99754227,0,0.22101421,0.20677743,0.99427985,0.3186703,0.32561706
6lj7_EFR_A_301,0.95921318,0.93139768,0.17754022,0.16597796,4.1916056e-05,0.22735181,0.23579311
6lql_F0C_A_702,0.9818878,0,0.1873532,0.17444708,4.1876293e-07,0.15688525,0.17174757
6lx5_C5F_A_502,0,0,0.1718928,0.15364486,0,0.28727783,0.29569619
6lx5_C5F_A_503,4.578077e-07,0.77909612,0.16938062,0.15213128,0.16064342,0.37017231,0.37204887
6lx5_C5F_B_501,0.99204312,0,0.2172253,0.20311547,0.88411398,0.3012445,0.3090436
6lx5_C5F_B_502,5.4205958e-07,0.83880029,0.16702802,0.14994673,0.10867837,0.36593168,0.36782527
6ly4_TES_A_501,0.99030392,0.98696943,0.21061083,0.19790083,0.98631157,0.3897912,0.39010863
6m5m_NAG_A_202,0.00024894146,0.96336168,0.16211686,0.14538782,6.1126849e-05,0.35701814,0.35895052
6m5m_NAG_B_202,0,0.96075757,0.19069065,0.17274639,0.84963001,0.49687728,0.49197427
6m9b_BTN_A_201,0.9921411,0.98453752,0.21092839,0.19821338,0.99416538,0.39066548,0.390948
6m9b_BTN_B_201,0,0.97831792,0.19282895,0.17547934,0.99271549,0,0
6m9b_BTN_C_201,0.99481187,0.98202831,0.21099169,0.19828744,0.99403961,0.39010837,0.39042633
6m9b_BTN_D_201,0.99366944,0.96285678,0.21106889,0.19833243,0.99107935,0.38838388,0.38884731
6mae_JBA_A_301,0.96698926,0,0.21971489,0.20534656,0.96993224,0.31871503,0.32565762
6md2_GW9_B_501,0,0.93732375,0.16237528,0.14560395,0,0.35515555,0.35726213
6mpa_NAG_B_502,0.00029477578,0,0.17190006,0.15365362,7.807765e-05,0.28725155,0.29567121
6mry_FLC_A_101,0.98769566,0.96231771,0.17822249,0.16684068,0.016340912,0.2284947,0.23678327
6mry_FLC_B_101,0.81909782,0.76706195,0.2044348,0.19068903,0.8163096,0.36858461,0.37063023
6mry_FLC_C_102,0.76872413,0.76214548,0.20866887,0.1944304,0.96441395,0.39932669,0.39988044
6mry_FLC_K_101,0.98904505,0.32610286,0.18447239,0.17210546,0.0094543097,0.18110808,0.19374521
6mwl_K5G_B_301,0.98814662,0.97405846,0.19707511,0.18491069,0.58065383,0.3222876,0.32594921
6n0z_DP6_B_401,0.98471677,0.87887475,0.21086357,0.19798496,0.96379025,0.37899366,0.38018393
6n0z_DP6_C_401,0,0.80766327,0.17782903,0.16025443,0.42066499,0.41509441,0.41468167
6n0z_DP6_E_401,0.97835863,0.93371131,0.20839651,0.1956464,0.90992776,0.37493218,0.37614583
6n0z_DP6_F_401,0,0.95159846,0.16223033,0.14548149,0,0.35618927,0.35819973
6n9r_OHN_A_303,0,0,0.1718928,0.15364486,0,0.28727783,0.29569619
6n9r_OHN_X_305,0,0.52429221,0.16656917,0.14914718,0,0.32524524,0.33013311
6nba_P1T_A_501,0,0,0.20490985,0.18526293,0.98245257,0.44919261,0.44968805
6nba_P1T_B_501,0,0,0.1718928,0.15364486,0,0.28727783,0.29569619
6nba_P1T_D_501,0,0.98758176,0.1921411,0.17482868,0.97476192,0,0
6ncx_ADA_A_601,0,0,0.17191599,0.15366707,0.00069010586,0.28739156,0.29580436
6ncx_ADA_C_601,0,0,0.17192439,0.15367512,0.00094015983,0.28743277,0.29584355
6ncx_ADA_D_601,0,0,0.17192834,0.15367889,0.00105751,0.28745211,0.29586194
6ng5_KMD_A_803,0.80596235,0.9844779,0.17458682,0.1622745,0,0.25154017,0.25861862
6ng5_KMD_B_803,0,0.9781587,0,2.6244062e-38,3.2003711e-10,0,0
6nga_KL7_A_803,0,0.97926643,0.16194942,0.14524417,7.403723e-07,0.35819301,0.36001715
6ngp_KKY_A_803,0.86967087,0.98926935,0.17554145,0.16358327,4.7234139e-06,0.24342758,0.25089183
6ngu_KMJ_A_803,0.50490236,0.98193727,0.16987232,0.15591811,1.8426388e-06,0.29133663,0.29645636
6ngu_KMJ_B_803,0.73171411,0.97601027,0.17350372,0.16077412,0,0.26078699,0.26743518
6nh0_KND_A_803,0.89640649,0.98166553,0.17603947,0.16421477,1.9893493e-08,0.23932572,0.24701668
6nhd_KNV_A_803,0.97458954,0.98535107,0.17723309,0.16583953,3.887511e-08,0.22921007,0.23738931
6nhd_KNV_B_803,0.61085218,0,0.18151102,0.16658633,5.2273014e-12,0.20615793,0.21858522
6nig_NAG_A_604,0,0,0.17189325,0.15364529,1.3383661e-05,0.28728003,0.29569828
6nig_NAG_A_605,0.092778866,0,0.17335366,0.15561047,1.3892135e-08,0.27495699,0.28398424
6nig_NAG_C_802,0.030090878,0,0.17236662,0.15428239,7.5100423e-07,0.28328194,0.29189778
6nni_CP6_A_203,0.99389583,0.989564,0.21091254,0.19821467,0.99439024,0.39083351,0.39109189
6nsu_DYA_A_402,0,0.90184971,0.16273548,0.14590827,0,0.35258664,0.3549321
6ny7_L8J_A_303,0.012106808,0,0.17208597,0.15390379,7.5711598e-05,0.28568254,0.29417975
6nyo_U94_A_301,0,0.98537485,0.19304022,0.1750246,0.92698156,0.51140803,0.50571546
6o04_DNA_B_601,0.0005838815,0.99467557,0.16180212,0.14512432,0,0.35923123,0.36095544
6o04_DNA_C_603,0,0.99207757,0.16181931,0.14513424,0,0.35912063,0.3608585
6o1s_7SD_E_803,0.93003853,0.96773219,0.18725564,0.17514514,0.31377997,0.2855635,0.29103854
6o2z_LJV_A_500,0.98556962,0,0.22083121,0.20652906,0.99444416,0.32028732,0.32715418
6ock_9KL_A_601,0.86336569,0.98199323,0.1755159,0.16351195,0,0.2437372,0.25120911
6ock_9KL_A_602,0.99487708,0.98425859,0.177567,0.16628195,0.00010056827,0.22645339,0.23477231
6ofr_BOG_A_802,0,0.97883327,0.16196307,0.14525674,0.00027605543,0.35820702,0.36003185
6ofr_BOG_A_803,0,0,0.17190188,0.15365355,0.00027012175,0.28732234,0.29573853
6ofr_BOG_A_804,0,0,0.17191696,0.15366799,0.00071881402,0.28739629,0.29580886
6ofr_BOG_A_805,1.6278771e-08,0.15842019,0.17028421,0.15228584,2.2532843e-10,0.29875006,0.30610165
6oha_XAN_A_501,0.0021679904,0.08738534,0,0,0,0.9847464,0.98474906
6ooi_PGA_A_301,0.92030802,0.95526312,0.20821444,0.19514218,0.93821991,0.38886462,0.38932401
6ooi_PGA_B_301,0.98859826,0.97005871,0.20998981,0.19727634,0.96352225,0.38503726,0.38564115
6ooi_PGA_C_302,0,0.96086329,0.19543026,0.17711808,0.97204413,0.62615197,0.61582659
6ooi_PGA_D_301,0.99094368,0.97571874,0.20965655,0.19697801,0.95421701,0.38360211,0.38425832
6ooi_PGA_E_301,0.98413419,0.91870723,0.2106663,0.1978381,0.97022802,0.38301654,0.38388285
6ooi_PGA_F_301,0.99383737,0.94178934,0,8.6135e-65,0.5941182,0.59775368,0.58604062
6ooi_PGA_G_301,0,0.96724684,0.19268091,0.17524363,0.97590874,0.064093046,0.051679523
6ooi_PGA_H_302,0.98955924,0.95599085,0.20898195,0.19630095,0.92883191,0.3781737,0.37915838
6p9t_O5D_A_307,1.7834601e-05,0.91543393,0.16259783,0.14579211,1.5596822e-09,0.353568,0.35582209
6pk1_3PY_A_502,0.99504973,0.92494601,0.18092961,0.16943522,0.082156728,0.23565865,0.24371638
6pk1_PLP_B_501,0.9891685,0.93665424,0.20950758,0.19677978,0.93881311,0.37847027,0.3795021
6pmv_M16_B_803,0.96203394,0.94180622,0,9.3108907e-05,2.5545968e-06,0,0
6pn9_OU7_A_803,0,0.94792021,0.16226786,0.14551322,5.2374488e-06,0.35592377,0.35795895
6pn9_OU7_B_803,0.53555805,0.95884371,0.17058944,0.15676563,7.8365214e-11,0.28559296,0.29106941
6pna_M16_B_803,0.81867137,0.97516257,0.17488155,0.16262369,8.6516959e-07,0.249178,0.25640258
6png_OSG_A_803,0.21349137,0.98210538,0.16769725,0.15205561,0.071864658,0.34189105,0.34451764
6png_OSG_B_801,0.44401434,0.9774117,0.17310305,0.1586349,0.12329537,0.31941431,0.32317063
6png_OSG_B_804,0.46300822,0.96980867,0.16933608,0.15513484,9.5026989e-06,0.29602304,0.30094944
6po9_OS7_A_803,0.26412292,0.97019309,0.16620029,0.15091767,8.3485485e-12,0.32246086,0.3260795
6po9_OS7_B_804,0.40392794,0.97045118,0.0058285732,0.15306177,8.5416241e-12,8.1778819e-12,0.29367121
6ps7_ZMA_A_1201,0,0.96276576,0.16211783,0.14538654,2.6371419e-05,0.35700232,0.35893736
6pvi_OZ7_A_501,0,0,0,7.8496471e-10,0,0,0
6q4b_HHN_A_301,0.99333107,0.98043184,0.17882066,0.16746867,0.036972606,0.23245833,0.24049553
6q4k_HHW_A_301,0.98913197,0.9802355,0.17753063,0.16620742,0.00049452879,0.22698991,0.23529505
6q4k_HHW_A_302,0.96633229,0.97261115,0.17723442,0.16577579,5.9196144e-05,0.22939379,0.23760415
6q4r_HJ5_A_1009,0,0.78288783,0.16394341,0.14692879,0,0.34397184,0.34711836
6q4r_MLT_A_1041,0,0,0.1718928,0.15364486,0,0.28727783,0.29569619
6q4y_MAN_A_402,0.0028326016,0,0.17542631,0.15704595,0.10381571,0.30401119,0.31161093
6q4y_MAN_B_402,0.091252207,0,0.17489451,0.1570767,0.046564699,0.2828339,0.29147562
6qa7_HTW_A_901,0,0.99036886,0.17336727,0.15619094,0.34310385,0.41554271,0.41452515
6qa7_PLP_A_902,0.99308094,0.95106431,0.17872556,0.16734244,0.025386994,0.22845547,0.23678221
6qaw_HVE_A_402,0,0.97889613,0.19274283,0.17539713,0.99028299,0,0
6qdb_HWQ_A_1002,0,0,0.17189281,0.15364487,4.5346732e-07,0.2872779,0.29569626
6qdb_HWQ_A_1003,0.98756333,0,0.18744255,0.17456731,7.572648e-09,0.15613148,0.17103106
6qdc_HXE_A_1003,0.95424498,0.010210932,0.18681426,0.17377384,1.6308105e-07,0.16129556,0.17590771
6qdc_HXE_A_1004,0.0014868794,0.94070004,0.16293021,0.14614832,0.016836085,0.35797729,0.35993512
6qde_HWW_A_502,0,0.92510741,0.16249932,0.14570875,0,0.35427088,0.35645972
6qde_HWW_A_503,0,0.87217611,0.16303678,0.14616283,0,0.35043778,0.35298305
6qni_GLC_A_402,0,0,0.17189382,0.15364584,3.0515154e-05,0.28728285,0.29570097
6qo4_97T_B_301,0.9439596,0,0.22028343,0.20575035,0.99763953,0.32633966,0.33290768
6qol_JB5_A_301,0.99391945,0.99184126,0.17749775,0.16621847,0.00077986611,0.22724162,0.23549773
6qol_JB5_B_301,0.00073635277,0.99321922,0.16183983,0.1451597,0.00061054468,0.35920614,0.36093624
6qor_JBK_A_301,0.99854079,0.95783462,0.17818459,0.16686549,0.0087774616,0.22548333,0.23393426
6qor_JBK_B_301,0.99780293,0.981224,0.17798128,0.16669307,0.010140233,0.22749969,0.23577729
6qot_6SD_A_301,0.99085635,0.99076658,0.21084521,0.198133,0.9941742,0.39128863,0.39152071
6qot_6SD_B_301,0,0.99433931,0.19271596,0.17539109,0.99437303,0,0
6qqs_JCZ_A_301,0.53484623,0,0.21381404,0.19705642,0.99681659,0.38053344,0.38442314
6qqs_JCZ_B_301,0.92756935,0,0.18649812,0.17329648,6.3193828e-06,0.1640996,0.17860539
6qrn_RIP_A_500,0.026538018,0,0.20496793,0.18548063,0.97174706,0.44390408,0.44466001
6r0i_JNB_A_901,0.99443317,0.99332085,0.21071225,0.19803045,0.98931382,0.39019759,0.39047513
6r4j_GLU_A_704,0,0,0.1718928,0.15364486,0,0.28727783,0.29569619
6r5o_BGC_A_801,0,0,0.20507138,0.18541761,0.98725877,0.44998471,0.45044138
6r5o_BGC_A_802,0.0020964094,0,0.17192581,0.15368928,1.0989753e-07,0.28699944,0.29543156
6r5o_BGC_B_801,0.99279429,0.90896179,0.17929445,0.16783727,0.029728356,0.2261601,0.23473347
6r5o_BGC_B_802,0.066333765,0,0.17293733,0.15505027,2.0561331e-06,0.27846918,0.28732286
6r6i_H50_B_201,0.76088164,0.98586324,0.17891902,0.16614939,0.15044841,0.28242203,0.28798201
6r73_LMP_A_301,0,0,0.1718928,0.15364486,0,0.28727783,0.29569619
6r73_LMP_B_301,0.47154947,0,0.18104068,0.16528512,0.051271179,0.23310688,0.24420647
6r7w_CIT_A_406,0.96275909,0.72064174,0.18176656,0.16980554,0.060461382,0.22157624,0.23097276
6rbo_JXQ_A_302,0.77378289,0.94318625,0.17451212,0.16195914,0.00037822043,0.25288568,0.26002793
6rbr_JXN_A_302,0.98075432,0.95237674,0.17831008,0.16687079,0.019195882,0.22916712,0.23745406
6rbx_JYT_A_301,0.98338246,0.97331559,0.19677453,0.18459289,0.57371739,0.3217233,0.32541458
6rgg_K3Q_A_401,0,0,0.17250109,0.15422737,0.018100136,0.29026085,0.29853324
6rgg_K3Q_A_402,0.00075329736,0,0.17192791,0.15368309,0.00069195418,0.28729183,0.29570955
6rgg_K3Q_A_403,2.8875836e-06,0,0.17190029,0.15365205,0.00022155766,0.28731396,0.29573055
6rgg_K3Q_B_401,0.034880406,0,0.17305231,0.15496828,0.01816007,0.28563868,0.29413951
6rgg_K3Q_B_402,0.0071367634,0,0.17201091,0.15380155,0.00017064237,0.2863582,0.29482202
6rgr_RM4_A_402,0.054839278,0.94657568,0.18676185,0.16930275,0.70274651,0.46436035,0.46109727
6rgr_RM4_A_403,0.22235516,0.96693027,0.17331415,0.15747126,0.23026258,0.36572007,0.36722962
6rhc_K48_A_305,0.9953123,0.96944913,0.21098103,0.19826588,0.9896873,0.38841368,0.38885473
6rlt_MLI_A_508,0.99526779,0.54215619,0.20213369,0.18930384,0.59734535,0.29281594,0.29929803
6rlt_MLI_B_511,0.96251104,0.38015543,0.20555706,0.19219659,0.66561134,0.29668513,0.3034926
6rlt_MLI_B_512,0.98949235,0.81859592,0.18350011,0.17174107,0.12911536,0.23643426,0.24479296
6rq3_OUC_A_401,0.028560803,0.9571468,0.16262396,0.14603924,7.8062697e-06,0.35279954,0.35496001
6s23_KSW_A_403,0.20075418,0.99324105,0.16543479,0.14982397,0.013875394,0.33483191,0.33776757
6s23_KSW_B_402,0.21864376,0.97933453,0.16539158,0.14987593,6.1288765e-06,0.3291634,0.33242196
6s39_K5Z_A_301,1.0010585e-05,0.97379937,0.19294196,0.17524921,0.95771196,0.49304044,4.51464e-10
6s4h_KUQ_A_901,0.99250904,0,0.20613425,0.19249722,0.55387147,0.24675644,0.25722182
6s51_KVQ_A_901,0.92601743,0.99396802,0.20983933,0.19677741,0.99558929,0.40036416,0.40013773
6s9g_L1Q_A_305,0.99700611,0.97132235,0.20983268,0.19717868,0.95528941,0.3826554,0.38337235
6s9g_L1Q_A_306,0.94764216,0.86333119,0.17812158,0.16638607,0.0021964177,0.22431435,0.23312069
6sds_L8N_A_302,0.98422833,0.98793427,0.21073283,0.19798167,0.99307996,0.39178338,0.39199985
6si4_LEK_A_402,0.94630379,0.99375653,0.20978189,0.19684606,0.98431142,0.39579619,0.39579527
6si4_LEK_B_402,0.95633218,0.99317932,0.17686645,0.16538589,9.7879364e-06,0.23220312,0.24020974
6sj8_44V_A_901,0,0,0.20304906,0.18348098,0.92708296,0.44006733,0.44100929
6sj8_44V_B_901,0.99360757,0,0.20618075,0.19254845,0.55474017,0.24675373,0.2572193
6sjs_THH_B_901,0.9801108,0,0.21171993,0.1977705,0.72588721,0.27675225,0.28574905
6sux_BEN_A_302,0.99755928,0.99561953,0.21095053,0.19828036,0.99563407,0.39099053,0.39122214
6svu_BEN_A_302,0.99585252,0.99658208,0.21085735,0.1981818,0.99395164,0.39100961,0.39123711
6sxr_KHP_A_507,0.98652342,0.93065747,0.20965205,0.19689511,0.94253946,0.37900139,0.3800262
6sxr_KHP_A_513,0,0.96611619,0.1923276,0.17498075,0.97360822,0,0
6syz_M1E_A_601,0.99781947,0.9932638,0.17787126,0.1666016,0.010496457,0.22842808,0.23662184
6sz3_M1H_B_601,0.00048584639,0.9731615,0.16369816,0.14691479,0.049964074,0.36592069,0.3673862
6szl_M3E_B_604,0.34560644,0.97528887,0.20078993,0.18454518,0.99260877,0.47559764,0.47171189
6szt_M4Q_B_601,0.037841621,0.98712058,0.16257061,0.14607915,0.0031281087,0.35425191,0.35624628
6t02_M5E_A_601,0,0,0.17194638,0.15369617,0.0015942901,0.28754057,0.29594608
6t07_M45_B_601,0.00023881849,0,0.17190247,0.15365558,0.00017573677,0.28727507,0.29569359
6t0a_M58_A_601,0.0026412827,0.99388745,0.16197257,0.14529921,0.0038696588,0.35953868,0.3612505
6t0a_M58_B_601,0.88004269,0,0.18574958,0.17228938,0,0.17041,0.18460393
6t10_M6Z_A_601,0.99516666,0,0.21987043,0.2056676,0.9613588,0.31356017,0.32075682
6t5p_VD8_B_302,0,0.97990153,0.18997483,0.17208282,0.83411429,0.49570652,0.49079973
6t5p_VD8_C_302,0,0.88272155,0.19759536,0.17893083,0.99362511,0.53798992,0.99316166
6t5p_VD8_D_302,0.99554728,0.96797953,0.21106715,0.1983481,0.99169574,0.38860706,0.38904335
6t9c_MX8_A_501,0,0.9766465,0.161976,0.14526662,0,0.35800317,0.35984495
6tbx_N0Z_A_302,0,0.98603214,0.1620743,0.1453715,0.0057607347,0.35963225,0.36136437
6tbx_N0Z_D_302,0,0.98290155,0.16379885,0.1470194,0.056130628,0.36770684,0.36905384
6tfb_N6W_B_202,0.074752336,0.95043155,0.19697216,0.17920647,0.99839897,0.51072068,0.50517805
6tgi_N8Z_A_508,0.99346529,0,0.18816893,0.17529896,0.018848965,0.15845415,0.17324045
6tgi_N8Z_B_508,0.99641959,0,0.18822148,0.17536732,0.019028467,0.15809141,0.17289565
6tgl_LVP_B_201,0.98485135,0.98655078,0.17738255,0.16604671,1.9877009e-06,0.22793453,0.23617302
6to7_SUV_A_401,0,0.9844912,0.19292984,0.17558445,0.9977419,0,0
6to7_SUV_B_401,0,0.98395451,0.19292249,0.17557668,0.99734801,0,0
6tof_NQE_A_201,0.99410309,0.98998999,0.17749324,0.16621315,1.8441739e-07,0.22695468,0.23523074
6tog_NQH_A_201,0.97943118,0.99100723,0.21029477,0.19753638,0.98322104,0.39101814,0.39126195
6toj_NQQ_A_201,0.97418721,0.98904011,0.19236753,0.18033447,0.45164225,0.30396432,0.30847384
6tol_NQW_A_201,0,0,0.17192443,0.15367515,0.00094125083,0.28743295,0.29584372
6tor_PMP_B_504,0,0,0.17857799,0.16004679,0.19892391,0.32006182,0.32687598
6tot_NRK_A_401,0,0.97666494,0.18907904,0.17122128,0.80648131,0.49091804,0.48625588
6tot_NRK_B_401,8.9394841e-07,0.97663485,0.18975719,0.17187067,0.82665079,0.49423981,0.4894152
6tt4_BMA_C_3,0,0,0.1718928,0.15364486,3.533859e-08,0.28727783,0.29569619
6tt4_FT8_A_709,0.99238354,0.93501598,0.21126029,0.19847599,0.98896537,0.38619011,0.38684963
6tt4_FT8_B_711,0.43769216,0.94421967,0,0.81792636,0.99176423,0,0
6u6c_P1T_B_502,0.97466412,0.93687847,0.21060181,0.19773932,0.97823644,0.38690989,0.3875271
6u6c_P1T_D_505,0.97175868,0.92609289,0.21068791,0.19779168,0.97890094,0.38662418,0.38728959
6u6c_P1T_H_504,0.93312254,0.93915945,0.20990122,0.19681731,0.97754211,0.39247727,0.39281209
6u6c_PZV_F_802,0.82493413,0.9741068,0.20789186,0.19427234,0.97899957,0.40961543,0.40899314
6ufd_Q6D_A_305,0.99286006,0.97896061,0.19734043,0.18519917,0.58782142,0.32319793,0.32679966
6uqd_QF4_A_501,0,0.91513294,0.1626006,0.14579432,4.0563183e-10,0.35354857,0.35580457
6uqd_QF4_B_501,0,0.9267378,0.16248277,0.14569477,1.4150074e-07,0.35438897,0.35656683
6urx_JMG_A_316,0.99728875,0.98789856,0.18010596,0.16873223,0.075619508,0.23884275,0.24654397
6uvj_QJ1_A_205,0.90871613,0.99132732,0.20916056,0.1960187,0.98269995,0.40034626,0.40012801
6uxr_K6G_B_202,0,0.89948728,0.16277097,0.14593955,0.00034241582,0.352472,0.3548306
6uzr_QM1_B_301,0.017598742,0.98665208,0.99589361,0.99731568,0.99557091,0,0
6v1e_5SW_A_301,0.98806437,0.97313131,0.20963825,0.19693995,0.95424,0.38380089,0.38445544
6v8n_QS1_A_1704,0,0.99183913,0.1928915,0.17488958,0.92450931,0.51146871,0.50575254
6vlu_CIT_A_701,0.32936247,0.5216739,0.17179023,0.1561556,0.00025217842,0.28135855,0.28842356
6vmz_NAG_A_402,0,0,0.17415873,0.15581478,0.067424982,0.29838992,0.30626453
6vmz_NAG_C_402,0,0,0.17191218,0.15366342,0.00057656782,0.28737285,0.29578656
6vmz_NAG_E_402,0,0,0.1718929,0.15364495,2.8668874e-06,0.2872783,0.29569664
6vmz_R3P_A_404,0,0.88964592,0.19467562,0.17648109,0.94672091,0.50772885,0.50252172
6vmz_R3P_C_404,1.4709773e-07,0.95983833,0.16214667,0.14541081,0,0.35678596,0.35874093
6vmz_R3P_E_403,2.4401517e-07,0.94925063,0.16225418,0.14550164,0,0.35601922,0.35804549
6vo2_R67_A_403,0,0.85925299,0.1648246,0.14786009,0.04929356,0.35762585,0.35986061
6vo2_R67_B_403,0,0.92688462,0.16248128,0.1456935,0,0.35439958,0.35657646
6vv9_RQ1_A_202,0.0013911405,0.96348996,0.16213163,0.14540908,3.9642595e-06,0.35686633,0.3588058
6vv9_RQ1_B_304,0.49085464,0.94839311,0,1.5963234e-48,0.07095495,6.8801515e-10,7.5524823e-10
6wdv_TWM_A_701,0.9648928,0.86864687,0.20986281,0.19689382,0.94020952,0.37699931,0.37831852
6wdw_TWV_A_701,0,0.91347871,0.18394335,0.16623085,0.63457327,0.45801071,0.45516038
6wiw_I14_A_601,0.97131085,0.89293307,0.18248004,0.17073831,0.12974085,0.24433505,0.25206881
6wiw_I14_B_601,0.95102656,0.84863349,0.17825042,0.16651329,3.7073442e-06,0.22243918,0.23138439
6x9d_HYP_A_2002,0.97339818,0,0.22078773,0.20641308,0.9988529,0.32263025,0.32938168
6x9d_HYP_B_2002,0.96682013,0,0.22069344,0.20628261,0.99912904,0.32354931,0.33025534
6xeb_V1P_A_411,0,0,0.17211642,0.15385901,0.0066541823,0.28837448,0.29673918
6xim_XLS_A_397,0.99491317,0.96216152,0.17788631,0.16656265,0.0029086705,0.2253112,0.23375651
6xim_XLS_C_397,0,0.96518031,0.16209242,0.14536498,0,0.35717282,0.35909182
6xp1_T2C_A_401,0.9852694,0.98470695,0.21010117,0.19737944,0.97282158,0.3880727,0.3884811
6xu3_GAB_B_402,0.0051727137,0.99025138,0.16229747,0.14562164,0.011252634,0.36015597,0.36184934
6xu3_PLG_B_401,0,0.97019812,0.19180618,0.17382547,0.88567603,0.50350156,0.49824429
6xu3_PLG_C_401,0.98334706,0.93084,0.21103969,0.19820476,0.98537327,0.38649572,0.38715302
6xu3_PLP_D_401,0,0.98993726,0.19757771,0.17872885,0.99131844,0.98505485,0.98538643
6xzx_O5H_B_302,0.97270403,0.98645791,0.20030348,0.18792215,0.6876984,0.34287793,0.34549144
6y4f_GLU_A_202,0.95041491,0,0.19396196,0.18058359,0.21139587,0.19590417,0.20885516
6y4z_TLA_D_301,0.99618235,0,0.22035052,0.20613355,0.97516837,0.31570119,0.32279315
6yaw_P9H_A_301,0,0.95287341,0.16886018,0.15183188,0.19766221,0.38885766,0.3892655
6yaw_P9H_B_502,0,0.96220098,0.17880363,9.1939865e-29,0.51745813,1.0750873e-06,0.69172576
6ypv_AKG_A_302,0.99691914,0.95992978,0.20665838,0.1941253,0.85743381,0.36571468,0.36729692
6yta_IYZ_A_702,0.98236373,0.9046758,0.20873095,0.19595788,0.90923012,0.37218268,0.37362377
6zac_QDE_A_4000,0,0.9478002,0.19357889,0.17582932,0.96881303,0.49298902,0
6zi7_QR8_A_502,0,0.92625916,0.19348212,0.17604144,0.99600034,0.00012790121,0.00012799026
6zi7_QR8_B_502,0.92980244,0.92592633,0.2105747,0.19742682,0.99513931,0.39486001,0.39512024
6zi7_QR8_C_502,0.053298546,0.92444065,0.19071917,0.17305764,0.81453428,0.48138539,0.47735975
6zi7_QR8_D_502,2.0707183e-06,0.90169411,0.16276084,0.14593239,0.00070660118,0.35269155,0.35503237
6zi7_QR8_F_503,0,0.91595984,0.19448953,0.17666509,0.98630957,0.49355465,0.00024415529
6zi7_RAM_D_503,0.007081322,0,0.174473,0.15615899,0.073458542,0.2984439,0.30631634
6zjw_GAL_A_1101,0.99808136,0.95277401,0.17847345,0.16713351,0.016058939,0.22637791,0.23480118
6zjw_GAL_A_1102,0.080685273,0.99699921,0.16304657,0.14680793,0.00020239148,0.34879556,0.35102818
6zug_QPW_H_1001,0.99218168,0.98546177,0.21090147,0.1981889,0.99362453,0.39063788,0.39091881
7a2h_QX2_A_401,0,0.9754679,0.16209248,0.14537682,0.0031100341,0.35843037,0.36025501
7ak3_RH8_A_501,0,0,0.20518674,0.18552808,0.99069143,0.45055043,0.45097943
7bp1_CAQ_C_401,0.99441545,0.99556071,0.21085066,0.19816545,0.99411729,0.39115379,0.39137739
7bp1_CAQ_D_401,0.98569628,0.99593816,0.17730047,0.16598401,0,0.2285018,0.23668263
7bqu_EF2_A_501,0.78958698,0.99578968,0.20772443,0.19392096,0.99712986,0.41886765,0.41772117
7bzm_GIM_A_501,0.99316825,0.84724148,0.20901798,0.19623297,0.89535569,0.36430207,0.36631271
7bzm_GIM_B_501,0,0.8692706,0.1935748,0.17540357,0.90780873,0.49984036,0.49508423
7c7g_FJR_A_402,0.99076541,0,0.1875505,0.17469024,0.0017118082,0.15598837,0.17089515
7c7g_FJR_B_402,0.99153711,0.99128371,0.1775659,0.16626855,0.0037554411,0.22800801,0.23622824
7cwd_GAL_A_902,0.92003339,0.44292045,0.18188202,0.16933714,4.5540684e-06,0.19717482,0.20864862
7cwd_GLC_A_901,0,0.99043121,0.16230597,0.1455984,0.013983677,0.36130601,0.3629422
7est_0Z2_E_1,0.97246926,0.94813664,0.20906354,0.19626571,0.93689354,0.38120305,0.38206345
7jo3_VGS_A_302,0.98560844,0.97441824,0.21087019,0.19810615,0.99243681,0.39051532,0.39083705
7joc_ARZ_A_302,0.98923768,0.98719574,0.20981381,0.19713134,0.96316359,0.38613424,0.38662982
7kje_NRD_A_405,0,0.66866689,0.1651032,0.14790865,0,0.33570035,0.33961602
7kjg_BTM_A_406,0.98037926,0.97567133,0.17742253,0.16604523,0,0.22774023,0.23602265
8cpp_TCM_A_422,0.078946401,0.99610981,0.16449527,0.1481836,0.043855689,0.35615643,0.35803159
8icd_ICT_A_418,0.86263823,0.93969954,0.17698857,0.16486936,0.03138311,0.24594319,0.25344203
