PDB_CCD_ID,surfdock,unimol,diffdock,diffdock_l,gnina,autodock,smina
19gs_BSP_A_210,0.60513604,0.98557239,0.17131299,0.24859966,0.41918557,0.1485934,0.14763688
1a49_OXL_A_533,0.60494872,0.93781074,0.17173996,0.2485835,0.41958046,0.14923264,0.14635856
1a49_OXL_D_2333,0.60506106,0.96645288,0.17148391,0.24859319,0.41934365,0.14884929,0.14712515
1a59_CIT_A_379,0.60382887,0.65227284,0.17429243,0.24848693,0.42194117,0.15305405,0.13871671
1a9r_HPA_A_290,0.60127063,0,0.18012367,0.24826619,0.42733419,0.16178424,0.12125842
1ac4_TMT_A_296,0.6051211,0.98176216,0.17134705,0.24859837,0.41921707,0.1486444,0.1475349
1aej_NVI_A_296,0.60513883,0.98628294,0.17130663,0.2485999,0.41917969,0.14858389,0.1476559
1aer_TIA_B_700,0.60127063,0,0.18012367,0.24826619,0.42733419,0.16178424,0.12125842
1aia_PMP_A_411,0.60382887,0.65227284,0.17429243,0.24848693,0.42194117,0.15305405,0.13871671
1aiq_CB3_A_266,0.60127063,0,0.18012367,0.24826619,0.42733419,0.16178424,0.12125842
1aiq_UMP_A_265,0.60444832,0.81022196,0.17288056,0.24854033,0.42063535,0.15094028,0.1429437
1aiq_UMP_B_266,0.60127063,0,0.18012367,0.24826619,0.42733419,0.16178424,0.12125842
1aj8_CIT_A_1000,0.60494556,0.93700491,0.17174716,0.24858323,0.41958712,0.14924342,0.14633699
1ajs_PLA_A_415,0.60503798,0.96056931,0.1715365,0.2485912,0.41939229,0.14892804,0.14696768
1amq_PMP_A_413,0.60382887,0.65227284,0.17429243,0.24848693,0.42194117,0.15305405,0.13871671
1anc_BEN_A_384,0.60473338,0.8829061,0.17223079,0.24856492,0.4200344,0.14996748,0.14488906
1aog_MAE_A_501,0.60478712,0.89660671,0.17210831,0.24856956,0.41992113,0.14978411,0.14525575
1aua_BOG_A_1,0.55150424,0,0.17525053,0,0.18085466,0.15773355,0
1aua_BOG_A_2,0.60127063,0,0.18012367,0.24826619,0.42733419,0.16178424,0.12125842
1axg_ETF_A_404,0.60500411,0.95193289,0.17161371,0.24858828,0.4194637,0.14904363,0.14673653
1axg_ETF_B_404,0.60513173,0.98447323,0.17132281,0.24859929,0.41919466,0.14860811,0.14760746
1axg_ETF_C_404,0.60504541,0.96246439,0.17151956,0.24859184,0.41937662,0.14890268,0.1470184
1axg_ETF_D_404,0.60507922,0.97108532,0.17144249,0.24859476,0.41930535,0.14878729,0.14724914
1bcs_ARG_A_426,0.60127063,0,0.18012367,0.24826619,0.42733419,0.16178424,0.12125842
1bit_BEN_A_246,0.60497012,0.94326616,0.17169119,0.24858535,0.41953535,0.14915962,0.14650457
1bit_BEN_A_247,0.60455782,0.83814091,0.17263097,0.24854978,0.42040452,0.15056661,0.14369093
1bo8_U_A_318,0.60127063,0,0.18012367,0.24826619,0.42733419,0.16178424,0.12125842
1bqp_MAN_B_401,0.60504882,0.96333196,0.17151181,0.24859213,0.41936945,0.14889106,0.14704162
1ca7_ENO_A_501,0.60482413,0.90604403,0.17202394,0.24857275,0.4198431,0.1496578,0.14550834
1ca7_ENO_C_701,0.60480999,0.90243739,0.17205618,0.24857153,0.41987292,0.14970607,0.14541181
1cdk_MYR_A_403,0.60127063,0,0.18012367,0.24826619,0.42733419,0.16178424,0.12125842
1cdk_MYR_B_403,0.60472245,0.88011681,0.17225572,0.24856398,0.42005746,0.15000481,0.1448144
1cgk_NAR_A_390,0.60127063,0,0.18012367,0.24826619,0.42733419,0.16178424,0.12125842
1cib_HDA_A_437,0.60492011,0.93051469,0.17180518,0.24858103,0.41964078,0.14933029,0.14616328
1cib_IMP_A_440,0.60127063,0,0.18012367,0.24826619,0.42733419,0.16178424,0.12125842
1ck6_SHA_A_900,0.98848707,0.98775244,0.16953995,0.19815744,0.37227951,0.14776714,1.881675e-09
1cq1_BGC_B_455,0.60497603,0.94477314,0.17167772,0.24858586,0.41952289,0.14913946,0.1465449
1d3g_ORO_A_399,0.60127063,0,0.18012367,0.24826619,0.42733419,0.16178424,0.12125842
1d6u_HY1_A_2001,0.60517957,0.99667157,0.17121376,0.24860342,0.4190938,0.14844485,0.14793395
1d6u_PEA_A_2003,0.60509349,0.97472167,0.17140999,0.24859599,0.41927528,0.14873863,0.14734647
1d7a_AIR_A_300,0.60382887,0.65227284,0.17429243,0.24848693,0.42194117,0.15305405,0.13871671
1d7a_AIR_B_350,0.60382887,0.65227284,0.17429243,0.24848693,0.42194117,0.15305405,0.13871671
1d7a_AIR_C_400,0.60382887,0.65227284,0.17429243,0.24848693,0.42194117,0.15305405,0.13871671
1d7a_AIR_D_450,0.60382887,0.65227284,0.17429243,0.24848693,0.42194117,0.15305405,0.13871671
1daf_DSD_A_225,0.6051419,0.98706643,0.17129963,0.24860017,0.41917322,0.1485734,0.14767687
1dai_DSD_A_225,0.60514202,0.98709623,0.17129936,0.24860018,0.41917297,0.14857301,0.14767767
1diw_GAL_A_1400,0.60508983,0.97379023,0.17141831,0.24859567,0.41928298,0.14875109,0.14732154
1dna_CB3_A_601,0.60127063,0,0.18012367,0.24826619,0.42733419,0.16178424,0.12125842
1dna_CB3_B_602,0.60127063,0,0.18012367,0.24826619,0.42733419,0.16178424,0.12125842
1dpm_EBP_A_900,0.60418812,0.74387868,0.17347365,0.24851788,0.42118387,0.15182821,0.14116804
1dpm_EBP_A_901,0.60510649,0.9780366,0.17138035,0.24859711,0.41924787,0.14869426,0.14743519
1dpm_EBP_B_902,0.60487093,0.91797723,0.17191726,0.24857679,0.41974444,0.14949809,0.14582772
1duc_DUD_A_201,0.60127063,0,0.18012367,0.24826619,0.42733419,0.16178424,0.12125842
1dxy_COI_A_404,0.60441225,0.94556853,0.17159961,0.24603285,0.41681423,2.555098e-06,0.14526821
1dy3_87Y_A_201,0.60510502,0.97766173,0.1713837,0.24859698,0.41925097,0.14869928,0.14742516
1e26_GPB_A_208,0.60512868,0.98369541,0.17132976,0.24859902,0.41920109,0.14861852,0.14758664
1e2j_THM_A_500,0.60127063,0,0.18012367,0.24826619,0.42733419,0.16178424,0.12125842
1e2j_THM_B_500,0.60382887,0.65227284,0.17429243,0.24848693,0.42194117,0.15305405,0.13871671
1e2s_CSN_P_701,0.60382887,0.65227284,0.17429243,0.24848693,0.42194117,0.15305405,0.13871671
1e48_13P_P_302,0.60127063,0,0.18012367,0.24826619,0.42733419,0.16178424,0.12125842
1e5f_PLP_A_405,0.60127063,0,0.18012367,0.24826619,0.42733419,0.16178424,0.12125842
1e5f_PLP_B_405,0.60127063,0,0.18012367,0.24826619,0.42733419,0.16178424,0.12125842
1e7h_PLM_A_1007,0.60507326,0.96956467,0.17145609,0.24859424,0.41931792,0.14880765,0.14720844
1e8g_FCR_B_601,0.60509848,0.97599423,0.17139861,0.24859642,0.41926476,0.14872159,0.14738053
1e8m_P0H_A_724,0.60518061,0.88926204,0.99009784,0.26361831,0.4358264,0.15024039,0.153556
1ei6_PPF_A_410,0.60453922,0.83340009,0.17267335,0.24854817,0.42044371,0.15063007,0.14356405
1ei6_PPF_C_413,0.60462672,0.85570918,0.17247392,0.24855572,0.42025926,0.15033148,0.14416114
1ei6_PPF_D_412,0.60474297,0.88534888,0.17220895,0.24856575,0.42001421,0.14993479,0.14495444
1eow_U2G_A_130,0.60127063,0,0.18012367,0.24826619,0.42733419,0.16178424,0.12125842
1euu_GAL_A_2,0.60420017,0.74695083,0.17344618,0.24851892,0.42115847,0.1517871,0.14125027
1eyw_PEL_A_404,0.60506551,0.96758981,0.17147374,0.24859358,0.41933425,0.14883408,0.14715558
1eyw_TEN_A_403,0.60127063,0,0.18012367,0.24826619,0.42733419,0.16178424,0.12125842
1f5f_DHT_A_253,0.60517208,0.99476085,0.17123084,0.24860277,0.4191096,0.14847042,0.14788281
1fdk_GLE_A_150,0.60382887,0.65227284,0.17429243,0.24848693,0.42194117,0.15305405,0.13871671
1fds_EST_A_350,0.60452994,0.83103234,0.17269452,0.24854737,0.42046329,0.15066176,0.14350068
1fm8_DDC_A_501,0.60516303,0.99245385,0.17125147,0.24860199,0.41912867,0.1485013,0.14782106
1foi_14W_A_810,0.60517459,0.99540042,0.17122513,0.24860298,0.41910431,0.14846186,0.14789992
1foi_14W_B_810,0.60516525,0.99301916,0.17124641,0.24860218,0.419124,0.14849373,0.14783619
1fp2_HMO_A_2000,0.60488282,0.92100725,0.17189018,0.24857781,0.41971939,0.14945754,0.14590882
1fqo_F6R_B_2268,0.60382887,0.65227284,0.17429243,0.24848693,0.42194117,0.15305405,0.13871671
1fs5_16G_A_1267,0.60452657,0.97451995,0.17134092,0.24604671,0.41657917,4.6027592e-08,0.14604516
1fsa_F6P_A_338,0.60484169,0.91052122,0.17198392,0.24857427,0.41980608,0.14959788,0.14562817
1fsa_F6P_B_338,0.96123392,0.97265526,0.18365233,0.95619859,0.9842941,0.15930558,0.41365844
1fuq_CIT_A_1001,0.60477141,0.89260135,0.17214411,0.2485682,0.41995424,0.14983772,0.14514855
1fuq_CIT_B_1002,0.60506293,0.9669304,0.17147964,0.24859335,0.4193397,0.1488429,0.14713794
1fwn_PEP_A_1268,0.60382887,0.65227284,0.17429243,0.24848693,0.42194117,0.15305405,0.13871671
1fwn_PEP_B_2268,0.60382887,0.65227284,0.17429243,0.24848693,0.42194117,0.15305405,0.13871671
1g4s_TPS_A_2001,0.60382887,0.65227284,0.17429243,0.24848693,0.42194117,0.15305405,0.13871671
1g4s_TPS_B_2002,0.60382887,0.65227284,0.17429243,0.24848693,0.42194117,0.15305405,0.13871671
1g6n_CMP_A_621,0.60517585,0.99572185,0.17122225,0.24860309,0.41910165,0.14845756,0.14790853
1g6n_CMP_B_622,0.60516297,0.99243928,0.1712516,0.24860198,0.41912879,0.14850149,0.14782067
1g6t_S3P_A_601,0.60504273,0.96177999,0.17152568,0.24859161,0.41938228,0.14891184,0.14700009
1g72_PQQ_A_701,0.60127063,0,0.18012367,0.24826619,0.42733419,0.16178424,0.12125842
1g72_PQQ_C_703,0.60127063,0,0.18012367,0.24826619,0.42733419,0.16178424,0.12125842
1g79_PLP_A_260,0.60480416,0.90095242,0.17206946,0.24857103,0.4198852,0.14972595,0.14537206
1g8z_GAL_D_104,0.60382887,0.65227284,0.17429243,0.24848693,0.42194117,0.15305405,0.13871671
1g8z_GAL_G_104,0.60382887,0.65227284,0.17429243,0.24848693,0.42194117,0.15305405,0.13871671
1g8z_GAL_H_104,0.60382887,0.65227284,0.17429243,0.24848693,0.42194117,0.15305405,0.13871671
1gck_PLP_B_913,0.60382887,0.65227284,0.17429243,0.24848693,0.42194117,0.15305405,0.13871671
1gey_PPE_A_413,0.60382887,0.65227284,0.17429243,0.24848693,0.42194117,0.15305405,0.13871671
1gim_HDA_A_438,0.55492415,0.95115893,0.16672033,0,0.17161319,0.14498068,0.021192096
1gim_IMP_A_440,0.60127063,0,0.18012367,0.24826619,0.42733419,0.16178424,0.12125842
1giu_ADE_A_300,0.60382887,0.65227284,0.17429243,0.24848693,0.42194117,0.15305405,0.13871671
1gkc_NFH_A_1448,0.60500657,0.97566059,0,0.24542103,0.4159249,0.1486506,0.1455793
1gsi_TMP_A_1210,0.60127063,0,0.18012367,0.24826619,0.42733419,0.16178424,0.12125842
1gsq_GDN_A_203,0.60313766,0.95409597,0.16487183,0,1.0867999e-07,0.1435259,0
1gz5_G6P_A_901,0.6051094,0.97877921,0.17137371,0.24859736,0.41924173,0.14868432,0.14745506
1gz5_G6P_B_901,0.6050838,0.9722514,0.17143207,0.24859515,0.4192957,0.14877169,0.14728035
1gz5_G6P_D_901,0.60509652,0.97549452,0.17140308,0.24859625,0.41926889,0.14872828,0.14736715
1gz5_UDP_C_900,0.60382887,0.65227284,0.17429243,0.24848693,0.42194117,0.15305405,0.13871671
1gz5_UDP_D_900,0.60506075,0.96637626,0.17148459,0.24859316,0.41934428,0.14885032,0.1471231
1h0v_UN4_A_1299,0.60493273,0.93373407,0.1717764,0.24858212,0.41961416,0.1492872,0.14624945
1h18_DTL_A_9009,0.60127063,0,0.18012367,0.24826619,0.42733419,0.16178424,0.12125842
1h18_DTL_A_9010,0.60127063,0,0.18012367,0.24826619,0.42733419,0.16178424,0.12125842
1h18_DTL_B_9009,0.60127063,0,0.18012367,0.24826619,0.42733419,0.16178424,0.12125842
1h18_DTL_B_9010,0.60127063,0,0.18012367,0.24826619,0.42733419,0.16178424,0.12125842
1h18_PYR_A_1001,0.60512757,0.98341294,0.17133229,0.24859893,0.41920342,0.1486223,0.14757908
1h1i_QUE_A_1358,0.60382887,0.65227284,0.17429243,0.24848693,0.42194117,0.15305405,0.13871671
1h1i_QUE_B_1356,0.60382887,0.65227284,0.17429243,0.24848693,0.42194117,0.15305405,0.13871671
1h1i_QUE_D_1357,0.60382887,0.65227284,0.17429243,0.24848693,0.42194117,0.15305405,0.13871671
1h1m_KMP_A_1360,0.60382887,0.65227284,0.17429243,0.24848693,0.42194117,0.15305405,0.13871671
1h1m_KMP_B_1358,0.60382887,0.65227284,0.17429243,0.24848693,0.42194117,0.15305405,0.13871671
1h1m_KMP_C_1358,0.6032818,0.65929648,0.17417554,0.24588393,0.41914376,0,0.13752273
1h48_C5P_A_203,0.60490091,0.92561991,0.17184894,0.24857937,0.41968125,0.1493958,0.14603228
1h48_C5P_B_901,0.60500938,0.95327625,0.1716017,0.24858873,0.41945259,0.14902565,0.14677249
1h48_C5P_E_901,0.60500589,0.95238654,0.17160966,0.24858843,0.41945995,0.14903756,0.14674867
1h48_C5P_F_901,0.6046208,0.85419986,0.17248741,0.24855521,0.42027174,0.15035168,0.14412075
1h48_CDI_A_201,0.60127063,0,0.18012367,0.24826619,0.42733419,0.16178424,0.12125842
1h48_CDI_B_902,0.60507449,0.96987863,0.17145328,0.24859435,0.41931532,0.14880344,0.14721684
1h48_CDI_C_902,0.60127063,0,0.18012367,0.24826619,0.42733419,0.16178424,0.12125842
1h48_CDI_F_902,0.60127063,0,0.18012367,0.24826619,0.42733419,0.16178424,0.12125842
1h48_GPP_C_904,0.60382887,0.65227284,0.17429243,0.24848693,0.42194117,0.15305405,0.13871671
1h48_GPP_E_904,0.60382887,0.65227284,0.17429243,0.24848693,0.42194117,0.15305405,0.13871671
1h5r_G1P_A_1294,0.60382887,0.65227284,0.17429243,0.24848693,0.42194117,0.15305405,0.13871671
1h5r_G1P_B_1294,0.60382887,0.65227284,0.17429243,0.24848693,0.42194117,0.15305405,0.13871671
1h5r_G1P_C_1294,0.60382887,0.65227284,0.17429243,0.24848693,0.42194117,0.15305405,0.13871671
1h5r_G1P_D_1294,0.60382887,0.65227284,0.17429243,0.24848693,0.42194117,0.15305405,0.13871671
1h5r_THM_A_1292,0.60382887,0.65227284,0.17429243,0.24848693,0.42194117,0.15305405,0.13871671
1h5r_THM_A_1293,0.60382887,0.65227284,0.17429243,0.24848693,0.42194117,0.15305405,0.13871671
1h5r_THM_B_1292,0.60382887,0.65227284,0.17429243,0.24848693,0.42194117,0.15305405,0.13871671
1h5r_THM_C_1292,0.60382887,0.65227284,0.17429243,0.24848693,0.42194117,0.15305405,0.13871671
1h5r_THM_C_1293,0.60382887,0.65227284,0.17429243,0.24848693,0.42194117,0.15305405,0.13871671
1h5r_THM_D_1292,0.60382887,0.65227284,0.17429243,0.24848693,0.42194117,0.15305405,0.13871671
1h5r_THM_D_1293,0.60382887,0.65227284,0.17429243,0.24848693,0.42194117,0.15305405,0.13871671
1h69_ARH_A_1275,0.60127063,0,0.18012367,0.24826619,0.42733419,0.16178424,0.12125842
1h69_ARH_B_1275,0.60127063,0,0.18012367,0.24826619,0.42733419,0.16178424,0.12125842
1h69_ARH_C_1275,0.60127063,0,0.18012367,0.24826619,0.42733419,0.16178424,0.12125842
1h7q_TYD_A_1258,0.55942237,0,0.1734955,0,0.00012674876,0.1562836,0
1h82_GZZ_A_590,0.60498619,0.94736517,0.17165454,0.24858673,0.41950146,0.14910476,0.14661428
1h82_GZZ_B_590,0.60503873,0.96076084,0.17153479,0.24859126,0.41939071,0.14892548,0.14697281
1h82_GZZ_C_590,0.60501029,0.95350798,0.17159963,0.24858881,0.41945067,0.14902255,0.14677869
1h8p_PC_A_1110,0.60472131,0.87982616,0.17225832,0.24856388,0.42005987,0.1500087,0.14480662
1h8p_PC_B_1110,0.60485847,0.91480008,0.17194567,0.24857571,0.41977071,0.14954061,0.14574269
1h8p_PC_B_1111,0.60493946,0.9354496,0.17176107,0.2485827,0.41959998,0.14926424,0.14629536
1hkn_N2M_D_5139,0.60228583,0.25884882,0.17780965,0.24835377,0.42519405,0.15831983,0.12818641
1ho5_ADN_A_1604,0.60498033,0.94587035,0.17166791,0.24858623,0.41951382,0.14912477,0.14657427
1ho5_ADN_B_2604,0.62019225,0.65056514,0.17391916,0.23149411,0.40439843,0.15278691,0.11377593
1hot_16G_A_269,0.6050997,0.97630555,0.17139583,0.24859652,0.41926219,0.14871743,0.14738886
1hot_16G_B_271,0.60506886,0.968443,0.17146612,0.24859386,0.41932719,0.14882266,0.14717842
1hq2_PH2_A_181,0.60504817,0.96316756,0.17151328,0.24859208,0.41937081,0.14889327,0.14703722
1hsb_ALA_C_1,0.60127063,0,0.18012367,0.24826619,0.42733419,0.16178424,0.12125842
1hsr_BHO_A_800,0.6051608,0.99188539,0.17125655,0.2486018,0.41913337,0.14850891,0.14780585
1if4_FBS_A_555,0.60382887,0.65227284,0.17429243,0.24848693,0.42194117,0.15305405,0.13871671
1ij8_BNI_A_501,0.60382887,0.65227284,0.17429243,0.24848693,0.42194117,0.15305405,0.13871671
1ij8_BNI_B_502,0.60382887,0.65227284,0.17429243,0.24848693,0.42194117,0.15305405,0.13871671
1iki_REY_A_400,0.60127063,0,0.18012367,0.24826619,0.42733419,0.16178424,0.12125842
1iri_E4P_A_601,0.60501676,0.95515978,0.17158486,0.24858937,0.41943702,0.14900044,0.1468229
1iri_E4P_B_602,0.60503538,0.95990547,0.17154244,0.24859098,0.41939778,0.14893692,0.14694992
1iri_E4P_C_603,0.60503898,0.96082443,0.17153422,0.24859129,0.41939018,0.14892463,0.14697451
1iri_E4P_D_604,0.60508344,0.97216147,0.17143287,0.24859512,0.41929645,0.14877289,0.14727794
1isx_XYP_A_1461,0.60505559,0.96506034,0.17149636,0.24859272,0.41935516,0.14886793,0.14708788
1isx_XYP_B_961,0.60508314,0.97208371,0.17143357,0.2485951,0.41929709,0.14877393,0.14727586
1itw_ICT_A_743,0.60491283,0.92865869,0.17182177,0.2485804,0.41965612,0.14935513,0.14611361
1itw_ICT_B_744,0.6048833,0.92113103,0.17188907,0.24857786,0.41971836,0.14945588,0.14591213
1itw_ICT_D_743,0.60382887,0.65227284,0.17429243,0.24848693,0.42194117,0.15305405,0.13871671
1iwe_IMP_A_460,0,0,0.17716715,0.059124409,0.22049327,0.15849564,0
1iwe_IMP_B_1443,0.60382887,0.65227284,0.17429243,0.24848693,0.42194117,0.15305405,0.13871671
1iwe_IMP_B_1452,0.60382887,0.65227284,0.17429243,0.24848693,0.42194117,0.15305405,0.13871671
1ixo_G3P_A_1001,0.60382887,0.65227284,0.17429243,0.24848693,0.42194117,0.15305405,0.13871671
1ixo_G3P_B_1002,0.60382887,0.65227284,0.17429243,0.24848693,0.42194117,0.15305405,0.13871671
1ixo_G3P_D_1004,0.60382887,0.65227284,0.17429243,0.24848693,0.42194117,0.15305405,0.13871671
1j0n_CEG_A_780,0.60127063,0,0.18012367,0.24826619,0.42733419,0.16178424,0.12125842
1j0y_BGC_B_2601,0.6051238,0.98244992,0.1713409,0.2485986,0.41921138,0.14863519,0.14755331
1j0y_BGC_C_3601,0.60510506,0.97767278,0.1713836,0.24859699,0.41925088,0.14869913,0.14742545
1j0y_BGC_D_4601,0.60512073,0.9816682,0.17134789,0.24859834,0.41921785,0.14864565,0.14753239
1j3i_UMP_C_611,0.60127063,0,0.18012367,0.24826619,0.42733419,0.16178424,0.12125842
1j3i_UMP_D_711,0.60127063,0,0.18012367,0.24826619,0.42733419,0.16178424,0.12125842
1j3i_WRA_A_609,0.60515402,0.99015522,0.17127202,0.24860121,0.41914768,0.14853206,0.14775954
1j3i_WRA_B_709,0.60517261,0.99489507,0.17122964,0.24860281,0.41910849,0.14846863,0.1478864
1j3k_UMP_C_611,0.60127063,0,0.18012367,0.24826619,0.42733419,0.16178424,0.12125842
1j3k_WRA_A_609,0.60516685,0.9934278,0.17124276,0.24860232,0.41912062,0.14848826,0.14784713
1j3k_WRA_B_709,0.60517561,0.99566085,0.1712228,0.24860307,0.41910216,0.14845838,0.14790689
1j54_TMP_A_2000,0.60127063,0,0.18012367,0.24826619,0.42733419,0.16178424,0.12125842
1ja9_PYQ_A_406,0.60382887,0.65227284,0.17429243,0.24848693,0.42194117,0.15305405,0.13871671
1jf0_CZH_A_197,0.60382887,0.65227284,0.17429243,0.24848693,0.42194117,0.15305405,0.13871671
1jho_NIO_A_991,0.60517277,0.99493667,0.17122927,0.24860283,0.41910814,0.14846807,0.14788751
1jhv_NIO_A_991,0.60517688,0.99598565,0.17121989,0.24860318,0.41909947,0.14845403,0.14791559
1jhv_PCR_A_990,0.60517306,0.99501148,0.1712286,0.24860285,0.41910753,0.14846707,0.14788951
1jl0_PUT_A_401,0.045505925,0.90215522,0.17265778,0.22993847,0.39180127,0.14930167,0.27201734
1jla_TNK_A_999,0.60127063,0,0.18012367,0.24826619,0.42733419,0.16178424,0.12125842
1jtk_THU_A_138,0.60501879,0.95567749,0.17158024,0.24858954,0.41943274,0.14899351,0.14683676
1jtk_THU_B_1138,0.60674334,0.61485499,0.17491512,0.26235412,0.43684407,0.96836954,0.14507745
1jw0_GUA_B_999,0.60476014,0.88972707,0.17216981,0.24856723,0.41997801,0.14987619,0.14507162
1jyw_147_A_2001,0.60504492,0.96233771,0.1715207,0.2485918,0.41937767,0.14890437,0.14701501
1jyw_147_C_2001,0.60506934,0.96856532,0.17146502,0.24859391,0.41932618,0.14882102,0.14718169
1jyx_IPT_A_2001,0.60382887,0.65227284,0.17429243,0.24848693,0.42194117,0.15305405,0.13871671
1jyx_IPT_B_2001,0.60382887,0.65227284,0.17429243,0.24848693,0.42194117,0.15305405,0.13871671
1jyx_IPT_C_2001,0.60382887,0.65227284,0.17429243,0.24848693,0.42194117,0.15305405,0.13871671
1jyx_IPT_D_2001,0.60382887,0.65227284,0.17429243,0.24848693,0.42194117,0.15305405,0.13871671
1jyx_IPT_D_2002,0.60382887,0.65227284,0.17429243,0.24848693,0.42194117,0.15305405,0.13871671
1k5s_GRO_B_601,0.60506141,0.96654426,0.17148309,0.24859322,0.41934289,0.14884807,0.1471276
1k8z_IAG_A_501,0.6050446,0.96225639,0.17152142,0.24859177,0.41937834,0.14890546,0.14701284
1kae_HSO_A_1001,0.60127063,0,0.18012367,0.24826619,0.42733419,0.16178424,0.12125842
1kar_HSM_A_502,0.60127063,0,0.18012367,0.24826619,0.42733419,0.16178424,0.12125842
1kbq_936_A_703,0.60382887,0.65227284,0.17429243,0.24848693,0.42194117,0.15305405,0.13871671
1kbq_936_C_701,0.60382887,0.65227284,0.17429243,0.24848693,0.42194117,0.15305405,0.13871671
1kbq_936_D_702,0.60382887,0.65227284,0.17429243,0.24848693,0.42194117,0.15305405,0.13871671
1kdo_C_A_5407,0.60510273,0.97707829,0.17138892,0.24859679,0.4192558,0.14870708,0.14740954
1kep_TDX_A_3500,0.60127063,0,0.18012367,0.24826619,0.42733419,0.16178424,0.12125842
1kfc_IPL_A_674,0.60499358,0.94924874,0.17163771,0.24858737,0.41948589,0.14907955,0.14666469
1ki2_GA2_A_1,0.60382887,0.65227284,0.17429243,0.24848693,0.42194117,0.15305405,0.13871671
1ki2_GA2_B_2,0.60382887,0.65227284,0.17429243,0.24848693,0.42194117,0.15305405,0.13871671
1klk_PMD_A_653,0.60512934,0.98386265,0.17132827,0.24859908,0.4191997,0.14861628,0.14759112
1klz_U_A_2001,0.60127063,0,0.18012367,0.24826619,0.42733419,0.16178424,0.12125842
1km6_OMP_A_2001,0.60127063,0,0.18012367,0.24826619,0.42733419,0.16178424,0.12125842
1knu_YPA_A_1001,0.60412007,0.72652695,0.17362876,0.24851201,0.42132733,0.15206045,0.14070363
1kuj_MMA_A_501,0.60499424,0.94941724,0.1716362,0.24858743,0.4194845,0.1490773,0.1466692
1kuj_MMA_C_502,0.60499431,0.94943352,0.17163605,0.24858743,0.41948436,0.14907708,0.14666964
1kuj_MMA_E_503,0.60503775,0.96051019,0.17153703,0.24859118,0.41939278,0.14892883,0.1469661
1kuj_MMA_G_504,0.60505859,0.96582449,0.17148952,0.24859298,0.41934884,0.14885771,0.14710834
1kwc_BPY_B_401,0.60515797,0.99116452,0.17126299,0.24860155,0.41913933,0.14851856,0.14778655
1kwu_MMA_A_501,0.6050101,0.95346127,0.17160005,0.24858879,0.41945106,0.14902317,0.14677744
1kwu_MMA_B_601,0.60493077,0.93323504,0.17178086,0.24858195,0.41961829,0.14929388,0.14623609
1kya_XYD_B_612,0.60509558,0.9752551,0.17140522,0.24859617,0.41927087,0.14873149,0.14736074
1kya_XYD_D_814,0.60507513,0.97004199,0.17145182,0.2485944,0.41931397,0.14880126,0.14722122
1l4f_150_A_990,0.60513252,0.98467331,0.17132102,0.24859936,0.419193,0.14860543,0.14761282
1l4f_NCN_A_991,0.6051604,0.99178363,0.17125746,0.24860176,0.41913421,0.14851027,0.14780312
1l4n_NIO_A_991,0.60517304,0.99500638,0.17122865,0.24860285,0.41910757,0.14846714,0.14788938
1l5o_2MP_A_990,0.60516788,0.99368906,0.17124042,0.24860241,0.41911846,0.14848477,0.14785412
1l5o_NCN_A_991,0.6051654,0.9930576,0.17124607,0.24860219,0.41912368,0.14849322,0.14783722
1lc8_33P_A_800,0.60382887,0.65227284,0.17429243,0.24848693,0.42194117,0.15305405,0.13871671
1ldo_SNR_B_350,0.60508895,0.97356556,0.17142032,0.2485956,0.41928484,0.1487541,0.14731552
1lfw_AEP_A_683,0.60382887,0.65227284,0.17429243,0.24848693,0.42194117,0.15305405,0.13871671
1lnf_VAL_E_1321,0.60127063,0,0.18012367,0.24826619,0.42733419,0.16178424,0.12125842
1lo3_AN1_Y_500,0.60511321,0.97975166,0.17136502,0.24859769,0.41923369,0.1486713,0.14748109
1lqp_FCN_A_4002,0.60127063,0,0.18012367,0.24826619,0.42733419,0.16178424,0.12125842
1lqp_FCN_A_4004,0.60127063,0,0.18012367,0.24826619,0.42733419,0.16178424,0.12125842
1lqp_FCN_B_4001,0.60127063,0,0.18012367,0.24826619,0.42733419,0.16178424,0.12125842
1lro_PEP_A_1268,0.60382887,0.65227284,0.17429243,0.24848693,0.42194117,0.15305405,0.13871671
1lro_PEP_B_2268,0.60508744,0.9731796,0.17142377,0.24859547,0.41928803,0.14875926,0.14730519
1lti_GAL_D_104,0.60382887,0.65227284,0.17429243,0.24848693,0.42194117,0.15305405,0.13871671
1lti_GAL_E_104,0.60382887,0.65227284,0.17429243,0.24848693,0.42194117,0.15305405,0.13871671
1lti_GAL_H_104,0.60382887,0.65227284,0.17429243,0.24848693,0.42194117,0.15305405,0.13871671
1luq_BTN_A_5100,0.60127063,0,0.18012367,0.24826619,0.42733419,0.16178424,0.12125842
1luq_BTN_B_5200,0.60505537,0.96500406,0.17149686,0.2485927,0.41935562,0.14886869,0.14708638
1lzz_IHG_A_830,0.60491494,0.92919724,0.17181696,0.24858059,0.41965167,0.14934792,0.14612802
1lzz_IHG_B_1830,0.60493724,0.9348825,0.17176614,0.24858251,0.41960467,0.14927183,0.14628019
1m3u_KPL_A_265,0.60459604,0.84788602,0.17254385,0.24855307,0.42032395,0.15043619,0.14395176
1m3u_KPL_B_265,0.60478665,0.89648717,0.17210938,0.24856952,0.41992212,0.14978571,0.14525255
1m3u_KPL_C_265,0.60382887,0.65227284,0.17429243,0.24848693,0.42194117,0.15305405,0.13871671
1m3u_KPL_D_265,0.60382887,0.65227284,0.17429243,0.24848693,0.42194117,0.15305405,0.13871671
1m3u_KPL_E_265,0.60382887,0.65227284,0.17429243,0.24848693,0.42194117,0.15305405,0.13871671
1m3u_KPL_F_265,0.60382887,0.65227284,0.17429243,0.24848693,0.42194117,0.15305405,0.13871671
1m3u_KPL_H_265,0.60382887,0.65227284,0.17429243,0.24848693,0.42194117,0.15305405,0.13871671
1m3u_KPL_I_265,0.60382887,0.65227284,0.17429243,0.24848693,0.42194117,0.15305405,0.13871671
1m3u_KPL_J_265,0.60382887,0.65227284,0.17429243,0.24848693,0.42194117,0.15305405,0.13871671
1m7p_G3H_A_5401,0.60508814,0.97335821,0.17142218,0.24859553,0.41928655,0.14875687,0.14730997
1m7p_G3H_B_6401,0.98070982,0.96292308,0.16975701,0.19727537,0.37145405,0.14808349,0
1m9j_CLW_A_906,0.60127063,0,0.18012367,0.24826619,0.42733419,0.16178424,0.12125842
1m9j_CLW_B_907,0.60127063,0,0.18012367,0.24826619,0.42733419,0.16178424,0.12125842
1mex_RAC_H_601,0.60513607,0.98557876,0.17131293,0.24859966,0.41918552,0.14859332,0.14763705
1ml4_PAL_A_385,0.60382887,0.65227284,0.17429243,0.24848693,0.42194117,0.15305405,0.13871671
1mmx_FUC_A_348,0.6050201,0.95600972,0.17157727,0.24858966,0.41942999,0.14898907,0.14684565
1mmx_FUC_B_348,0.60491701,0.92972479,0.17181224,0.24858076,0.41964731,0.14934086,0.14614214
1mmy_G6D_A_348,0.060535724,0,0.18070442,0.23025475,0.40018196,0.16138947,0.2438839
1moo_4MZ_A_264,0.60127063,0,0.18012367,0.24826619,0.42733419,0.16178424,0.12125842
1moo_4MZ_A_265,0.60127063,0,0.18012367,0.24826619,0.42733419,0.16178424,0.12125842
1mrj_ADN_A_300,0.60514247,0.98721051,0.17129834,0.24860021,0.41917202,0.14857148,0.14768072
1mrq_STR_A_501,0.60511347,0.97981706,0.17136444,0.24859771,0.41923315,0.14867043,0.14748284
1msv_PUT_B_355,0.60485196,0.91313909,0.17196051,0.24857515,0.41978444,0.14956284,0.14569823
1n1i_HIS_C_501,0.60127063,0,0.18012367,0.24826619,0.42733419,0.16178424,0.12125842
1n3o_GYP_A_1001,0.60498398,0.94680066,0.17165959,0.24858654,0.41950613,0.14911232,0.14659917
1n3o_GYP_B_1101,0.60503981,0.96103598,0.17153233,0.24859136,0.41938843,0.14892179,0.14698017
1n5i_TMP_A_217,0.60382887,0.65227284,0.17429243,0.24848693,0.42194117,0.15305405,0.13871671
1ne4_RP1_A_401,0.60382887,0.65227284,0.17429243,0.24848693,0.42194117,0.15305405,0.13871671
1ne4_RP1_A_601,0.60382887,0.65227284,0.17429243,0.24848693,0.42194117,0.15305405,0.13871671
1nf0_13P_A_5001,0.60382887,0.65227284,0.17429243,0.24848693,0.42194117,0.15305405,0.13871671
1nf0_13P_B_1150,0.60382887,0.65227284,0.17429243,0.24848693,0.42194117,0.15305405,0.13871671
1ngp_NPA_H_302,0.60500855,0.95306656,0.17160358,0.24858866,0.41945432,0.14902846,0.14676687
1njr_XYL_A_285,0.60453,0.83104973,0.17269437,0.24854738,0.42046315,0.15066152,0.14350114
1nme_159_B_9002,0.60505298,0.96439468,0.17150231,0.24859249,0.41936066,0.14887684,0.14707007
1nmm_NAG_B_403,0.60509073,0.97401938,0.17141627,0.24859575,0.41928109,0.14874803,0.14732767
1nmm_NAG_D_527,0.60508276,0.97198781,0.17143443,0.24859506,0.41929788,0.14877522,0.14727329
1nmz_NYM_A_301,0.60382887,0.65227284,0.17429243,0.24848693,0.42194117,0.15305405,0.13871671
1now_IFG_A_557,0.60382887,0.65227284,0.17429243,0.24848693,0.42194117,0.15305405,0.13871671
1now_IFG_B_558,0.60382887,0.65227284,0.17429243,0.24848693,0.42194117,0.15305405,0.13871671
1nrg_PLP_A_320,0.6049449,0.93683635,0.17174867,0.24858317,0.41958851,0.14924568,0.14633248
1ns4_BGC_A_1400,0.60127063,0,0.18012367,0.24826619,0.42733419,0.16178424,0.12125842
1nsm_GAL_A_1400,0.60127063,0,0.18012367,0.24826619,0.42733419,0.16178424,0.12125842
1nsm_GLA_B_2400,0.60492327,0.93132093,0.17179797,0.2485813,0.41963411,0.1493195,0.14618486
1nuw_F6P_A_2336,0.60497968,0.94570488,0.17166939,0.24858617,0.41951519,0.14912698,0.14656984
1nux_F6P_A_2339,0.60505302,0.96440473,0.17150222,0.2485925,0.41936058,0.14887671,0.14707034
1o28_UFP_A_703,0.60127063,0,0.18012367,0.24826619,0.42733419,0.16178424,0.12125842
1o28_UFP_B_708,0.60127063,0,0.18012367,0.24826619,0.42733419,0.16178424,0.12125842
1o28_UFP_C_713,0.60127063,0,0.18012367,0.24826619,0.42733419,0.16178424,0.12125842
1o28_UFP_D_718,0.60127063,0,0.18012367,0.24826619,0.42733419,0.16178424,0.12125842
1o29_UFP_A_803,0.60127063,0,0.18012367,0.24826619,0.42733419,0.16178424,0.12125842
1o29_UFP_B_808,0.60127063,0,0.18012367,0.24826619,0.42733419,0.16178424,0.12125842
1o29_UFP_C_813,0.60127063,0,0.18012367,0.24826619,0.42733419,0.16178424,0.12125842
1o29_UFP_D_818,0.60127063,0,0.18012367,0.24826619,0.42733419,0.16178424,0.12125842
1o68_KIV_A_275,0.60382887,0.65227284,0.17429243,0.24848693,0.42194117,0.15305405,0.13871671
1o68_KIV_B_275,0.60382887,0.65227284,0.17429243,0.24848693,0.42194117,0.15305405,0.13871671
1o68_KIV_D_275,0.60382887,0.65227284,0.17429243,0.24848693,0.42194117,0.15305405,0.13871671
1o68_KIV_E_275,0.60382887,0.65227284,0.17429243,0.24848693,0.42194117,0.15305405,0.13871671
1o6g_SIN_A_724,0.60487024,0.91780026,0.17191885,0.24857673,0.4197459,0.14950046,0.14582299
1o8a_NXA_A_702,0.60127063,0,0.18012367,0.24826619,0.42733419,0.16178424,0.12125842
1okm_SAB_A_555,0.60382887,0.65227284,0.17429243,0.24848693,0.42194117,0.15305405,0.13871671
1om5_INE_A_790,0.60382887,0.65227284,0.17429243,0.24848693,0.42194117,0.15305405,0.13871671
1ov5_2LP_A_403,0.60517216,0.99478198,0.17123065,0.24860278,0.41910942,0.14847014,0.14788337
1ovk_NYL_A_405,0.95630158,0.98703406,0.18401176,0.9959169,0.99258249,0.15950218,0.42851765
1owz_4FA_A_409,0.60509308,0.97461893,0.17141091,0.24859595,0.41927613,0.14874,0.14734372
1oxp_IK2_A_411,0.6049952,0.94966152,0.17163402,0.24858751,0.41948248,0.14907403,0.14667574
1p1w_AMQ_A_428,0.60127063,0,0.18012367,0.24826619,0.42733419,0.16178424,0.12125842
1p1w_AMQ_B_427,0.60127063,0,0.18012367,0.24826619,0.42733419,0.16178424,0.12125842
1p2s_ETF_A_400,0.60401982,0.7009665,0.17385727,0.24850336,0.42153866,0.15240255,0.14001952
1p5g_G6P_X_658,0.60478366,0.89572445,0.1721162,0.24856926,0.41992842,0.14979592,0.14523214
1p7c_THM_B_501,0.60382887,0.65227284,0.17429243,0.24848693,0.42194117,0.15305405,0.13871671
1p7l_MET_A_485,0.60127063,0,0.18012367,0.24826619,0.42733419,0.16178424,0.12125842
1p7l_MET_B_385,0.60127063,0,0.18012367,0.24826619,0.42733419,0.16178424,0.12125842
1pbd_PAB_A_396,0.60513244,0.98465301,0.1713212,0.24859935,0.41919317,0.14860571,0.14761227
1pfw_MF3_A_553,0.6051613,0.99201225,0.17125541,0.24860184,0.41913232,0.14850721,0.14780924
1pke_2FD_C_448,0.60127063,0,0.18012367,0.24826619,0.42733419,0.16178424,0.12125842
1pl6_572_C_409,0.60382887,0.65227284,0.17429243,0.24848693,0.42194117,0.15305405,0.13871671
1pl6_572_D_411,0.60502126,0.95630496,0.17157463,0.24858976,0.41942755,0.14898511,0.14685355
1pr0_NOS_A_1245,0.60127063,0,0.18012367,0.24826619,0.42733419,0.16178424,0.12125842
1pr0_NOS_B_1246,0.60127063,0,0.18012367,0.24826619,0.42733419,0.16178424,0.12125842
1pr0_NOS_C_1247,0.60127063,0,0.18012367,0.24826619,0.42733419,0.16178424,0.12125842
1pr6_XYA_A_1245,0.60127063,0,0.18012367,0.24826619,0.42733419,0.16178424,0.12125842
1pr6_XYA_B_1246,0.60127063,0,0.18012367,0.24826619,0.42733419,0.16178424,0.12125842
1pr6_XYA_C_1247,0.60127063,0,0.18012367,0.24826619,0.42733419,0.16178424,0.12125842
1pt8_OXL_A_802,0.60382887,0.65227284,0.17429243,0.24848693,0.42194117,0.15305405,0.13871671
1pt8_OXL_B_801,0.60455017,0.9804017,0.17128841,0.24605123,0.41653321,9.9719391e-05,0.14620386
1pwz_RSO_A_256,0.60500846,0.95304311,0.17160379,0.24858865,0.41945452,0.14902877,0.14676625
1pwz_RSO_B_256,0.6049373,0.93489993,0.17176598,0.24858251,0.41960452,0.1492716,0.14628065
1pym_OXL_A_1001,0.60470639,0.87602299,0.17229232,0.24856259,0.42009131,0.1500596,0.14470483
1pym_OXL_B_1002,0.60490054,0.92552503,0.17184979,0.24857934,0.41968203,0.14939707,0.14602974
1q20_PLO_A_401,0.6051525,0.98976784,0.17127548,0.24860108,0.41915088,0.14853725,0.14774917
1q22_AND_A_401,0.60382887,0.65227284,0.17429243,0.24848693,0.42194117,0.15305405,0.13871671
1q3a_NGH_A_480,0.60382887,0.65227284,0.17429243,0.24848693,0.42194117,0.15305405,0.13871671
1q3a_NGH_B_479,0.60382887,0.65227284,0.17429243,0.24848693,0.42194117,0.15305405,0.13871671
1q3a_NGH_C_481,0.60382887,0.65227284,0.17429243,0.24848693,0.42194117,0.15305405,0.13871671
1q4g_BFL_A_701,0.60513908,0.9863461,0.17130607,0.24859992,0.41917917,0.14858305,0.14765759
1q4g_BFL_B_1701,0.60514874,0.9888112,0.17128403,0.24860076,0.41915879,0.14855005,0.14772357
1q6r_LX1_A_7301,0.60127063,0,0.18012367,0.24826619,0.42733419,0.16178424,0.12125842
1q6r_LX1_B_9301,0.60127063,0,0.18012367,0.24826619,0.42733419,0.16178424,0.12125842
1q92_DRM_A_1001,0.60382887,0.65227284,0.17429243,0.24848693,0.42194117,0.15305405,0.13871671
1qit_MAE_A_411,0.60460991,0.85142394,0.17251223,0.24855427,0.42029469,0.15038884,0.14404645
1qjc_PNS_B_1163,0.60127063,0,0.18012367,0.24826619,0.42733419,0.16178424,0.12125842
1qmh_CIT_A_401,0.60473376,0.88300113,0.17222994,0.24856495,0.42003362,0.14996621,0.1448916
1qmh_CIT_B_401,0.60477397,0.89325502,0.17213827,0.24856842,0.41994884,0.14982897,0.14516604
1qxa_GLY_B_245,0.60132177,0.01303997,0.1800071,0.2482706,0.42722637,0.16160972,0.12160743
1r4f_AD3_B_330,0.60238784,0.28485877,0.17757713,0.24836257,0.424979,0.15797171,0.12888256
1r4s_MUA_A_800,0.60508185,0.97175427,0.17143651,0.24859498,0.41929981,0.14877834,0.14726704
1rf2_BV4_D_104,0.60488206,0.9208132,0.17189191,0.24857775,0.41972099,0.14946013,0.14590363
1rf2_BV4_E_105,0.60490626,0.92698486,0.17183674,0.24857984,0.41966996,0.14937753,0.14606881
1rf2_BV4_F_106,0.60493741,0.93492764,0.17176573,0.24858252,0.41960429,0.14927123,0.14628139
1rf2_BV4_G_107,0.60493543,0.93442121,0.17177026,0.24858235,0.41960848,0.149278,0.14626784
1rf2_BV4_H_108,0.60500365,0.95181606,0.17161476,0.24858824,0.41946466,0.14904519,0.14673341
1rnd_DGP_A_126,0.60127063,0,0.18012367,0.24826619,0.42733419,0.16178424,0.12125842
1rqh_PYR_A_602,0.60382887,0.65227284,0.17429243,0.24848693,0.42194117,0.15305405,0.13871671
1ruk_BEZ_H_601,0.60507225,0.96930848,0.17145838,0.24859416,0.41932004,0.14881108,0.14720158
1rum_BEZ_H_1601,0.60382887,0.65227284,0.17429243,0.24848693,0.42194117,0.15305405,0.13871671
1rvt_NDG_H_742,0.60068247,0,0.18004916,0.24559767,0.42450991,0.0011155813,0.1199017
1rvz_NAG_A_3321,0.60382887,0.65227284,0.17429243,0.24848693,0.42194117,0.15305405,0.13871671
1rvz_NAG_F_3331,0.60382887,0.65227284,0.17429243,0.24848693,0.42194117,0.15305405,0.13871671
1s1f_PIM_A_431,0.60127063,0,0.18012367,0.24826619,0.42733419,0.16178424,0.12125842
1s2c_FLF_A_2001,0.60509677,0.97556009,0.17140249,0.24859627,0.41926835,0.1487274,0.14736891
1s2c_FLF_A_2002,0.60492615,0.93205554,0.17179141,0.24858155,0.41962804,0.14930967,0.14620452
1s3u_TQD_A_187,0.60514699,0.98836486,0.17128802,0.2486006,0.41916248,0.14855603,0.14771162
1s5s_PG3_A_1,0.6049953,0.94968726,0.17163379,0.24858752,0.41948226,0.14907368,0.14667643
1s6h_4BZ_A_1,0.6051072,0.97821881,0.17137872,0.24859717,0.41924637,0.14869182,0.14744007
1sep_BIO_A_801,0.60127063,0,0.18012367,0.24826619,0.42733419,0.16178424,0.12125842
1sff_IK2_A_450,0.60507386,0.96971756,0.17145472,0.2485943,0.41931665,0.1488056,0.14721253
1sff_IK2_B_450,0.6050731,0.96952305,0.17145646,0.24859423,0.41931826,0.1488082,0.14720733
1sff_IK2_D_450,0.60509244,0.97445498,0.17141237,0.2485959,0.41927749,0.1487422,0.14733933
1sjc_SMG_A_1000,0.60382887,0.65227284,0.17429243,0.24848693,0.42194117,0.15305405,0.13871671
1sjc_SMG_B_1100,0.60382887,0.65227284,0.17429243,0.24848693,0.42194117,0.15305405,0.13871671
1sjc_SMG_C_1200,0.60382887,0.65227284,0.17429243,0.24848693,0.42194117,0.15305405,0.13871671
1sjc_SMG_D_1300,0.60382887,0.65227284,0.17429243,0.24848693,0.42194117,0.15305405,0.13871671
1sqk_LAR_A_378,0.60382887,0.65227284,0.17429243,0.24848693,0.42194117,0.15305405,0.13871671
1sz6_NAG_A_5003,0.60127063,0,0.18012367,0.24826619,0.42733419,0.16178424,0.12125842
1sz6_NAG_B_5001,0.60495291,0.9388798,0.1717304,0.24858386,0.41957162,0.14921833,0.14638717
1sz6_NAG_B_5004,0.60127063,0,0.18012367,0.24826619,0.42733419,0.16178424,0.12125842
1t5z_DHT_A_931,0.60382887,0.65227284,0.17429243,0.24848693,0.42194117,0.15305405,0.13871671
1t87_CAM_A_1422,0.60514994,0.98911503,0.17128131,0.24860086,0.41915628,0.14854599,0.1477317
1t87_CAM_B_2422,0.60510477,0.97759823,0.17138427,0.24859696,0.4192515,0.14870013,0.14742346
1t93_FLV_A_432,0.60512744,0.9833779,0.1713326,0.24859892,0.41920371,0.14862277,0.14757815
1tc2_7HP_A_800,0.60382887,0.65227284,0.17429243,0.24848693,0.42194117,0.15305405,0.13871671
1tc2_7HP_B_810,0.60382887,0.65227284,0.17429243,0.24848693,0.42194117,0.15305405,0.13871671
1tf8_TRP_A_911,0.60127063,0,0.18012367,0.24826619,0.42733419,0.16178424,0.12125842
1tf8_TRP_A_913,0.60127063,0,0.18012367,0.24826619,0.42733419,0.16178424,0.12125842
1thc_FL9_A_130,0.60382887,0.65227284,0.17429243,0.24848693,0.42194117,0.15305405,0.13871671
1thc_FL9_A_131,0.60512203,0.9819991,0.17134493,0.24859845,0.41921511,0.14864123,0.14754124
1thc_FL9_B_130,0,0.65608587,0.16849586,8.1366343e-24,1.7245159e-08,0.14733225,0.099377698
1thc_FL9_B_131,0.60513846,0.98618795,0.17130748,0.24859987,0.41918048,0.14858516,0.14765336
1tiw_TFB_A_2002,0.6050813,0.97161368,0.17143777,0.24859494,0.41930098,0.14878022,0.14726328
1tke_SER_A_500,0.60127063,0,0.18012367,0.24826619,0.42733419,0.16178424,0.12125842
1tkh_DPN_A_911,0.60505144,0.96400167,0.17150582,0.24859236,0.41936391,0.1488821,0.14705955
1tl2_NDG_A_237,0.60506693,0.96795077,0.17147052,0.2485937,0.41933126,0.14882925,0.14716524
1tl2_NDG_A_238,0.60500392,0.95188419,0.17161415,0.24858826,0.4194641,0.14904428,0.14673523
1tl2_NDG_A_239,0.60501305,0.95421403,0.17159332,0.24858905,0.41944484,0.1490131,0.14679759
1tl2_NDG_A_241,0.60505393,0.96463607,0.17150015,0.24859258,0.41935867,0.14887361,0.14707653
1toq_AMG_A_501,0.60503158,0.95893793,0.17155109,0.24859065,0.41940578,0.14894987,0.14692402
1toq_AMG_C_502,0.60490811,0.92745487,0.17183254,0.24858,0.41966608,0.14937124,0.14608139
1toq_AMG_G_504,0.60498065,0.94595247,0.17166717,0.24858625,0.41951314,0.14912367,0.14657647
1tsd_UMP_A_267,0.60382887,0.65227284,0.17429243,0.24848693,0.42194117,0.15305405,0.13871671
1tt6_DES_A_129,0.60382887,0.65227284,0.17429243,0.24848693,0.42194117,0.15305405,0.13871671
1tt6_DES_B_128,0.60382887,0.65227284,0.17429243,0.24848693,0.42194117,0.15305405,0.13871671
1tvw_CB3_A_318,0.60127063,0,0.18012367,0.24826619,0.42733419,0.16178424,0.12125842
1u18_HSM_A_401,0.60127063,0,0.18012367,0.24826619,0.42733419,0.16178424,0.12125842
1u18_HSM_B_402,0.60118109,0,6.6754921e-45,0.24498705,0.42388217,0.16170614,0.11940687
1u1g_BBB_A_3300,0.60498052,0.9690152,0,0.24541808,0.4159791,0.14873953,0.14540104
1u1g_BBB_B_4300,0.60501868,0.95564832,0.1715805,0.24858953,0.41943298,0.1489939,0.14683597
1u1g_BBB_C_5300,0.60512018,0.98152727,0.17134915,0.24859829,0.41921901,0.14864754,0.14752861
1u1g_BBB_E_7300,0.60127063,0,0.18012367,0.24826619,0.42733419,0.16178424,0.12125842
1u2o_NEC_A_1001,0.60513096,0.9842777,0.17132456,0.24859922,0.41919627,0.14861073,0.14760223
1u2o_NEC_B_1002,0.60512982,0.98398553,0.17132717,0.24859912,0.41919869,0.14861464,0.14759441
1uay_ADN_A_1001,0.60510837,0.97851728,0.17137606,0.24859727,0.4192439,0.14868783,0.14744805
1uay_ADN_B_1002,0.60501485,0.95467063,0.17158924,0.2485892,0.41944106,0.14900699,0.14680981
1ubs_SER_B_398,0.60496218,0.94124263,0.17170928,0.24858466,0.41955208,0.14918671,0.14645041
1uk7_BUA_A_1300,0.60508419,0.97235082,0.17143118,0.24859519,0.41929488,0.14877036,0.14728301
1um4_SH4_H_1001,0.60512887,0.98374385,0.17132933,0.24859904,0.41920069,0.14861787,0.14758794
1uqx_MMA_A_1116,0.60489196,0.92333776,0.17186934,0.2485786,0.41970012,0.14942634,0.1459712
1uux_PPI_A_1165,0.60492122,0.93079883,0.17180264,0.24858113,0.41963843,0.14932649,0.14617089
1uxi_FUM_A_1311,0.60486043,0.91529939,0.1719412,0.24857588,0.41976658,0.14953393,0.14575605
1uxq_G1P_A_1503,0.60382887,0.65227284,0.17429243,0.24848693,0.42194117,0.15305405,0.13871671
1v03_BGC_A_1498,0.60127063,0,0.18012367,0.24826619,0.42733419,0.16178424,0.12125842
1v3v_5OP_A_1360,0.60513861,0.98622764,0.17130713,0.24859988,0.41918015,0.14858463,0.14765442
1v3v_5OP_B_2360,0.60513346,0.98491371,0.17131887,0.24859944,0.41919101,0.14860222,0.14761925
1v5g_HTL_A_1602,0.60382887,0.65227284,0.17429243,0.24848693,0.42194117,0.15305405,0.13871671
1v5y_4HC_A_1455,0.60382887,0.65227284,0.17429243,0.24848693,0.42194117,0.15305405,0.13871671
1v5y_4HC_B_1201,0.60382887,0.65227284,0.17429243,0.24848693,0.42194117,0.15305405,0.13871671
1vje_MSE_A_301,0.60506364,0.96711162,0.17147802,0.24859341,0.4193382,0.14884048,0.14714279
1vje_MSE_A_401,0.60479266,0.89802039,0.17209567,0.24857004,0.41990944,0.14976519,0.14529359
1vkf_CIT_A_501,0.60382887,0.65227284,0.17429243,0.24848693,0.42194117,0.15305405,0.13871671
1vkf_CIT_C_502,0.60382887,0.65227284,0.17429243,0.24848693,0.42194117,0.15305405,0.13871671
1vkf_CIT_D_503,0.60382887,0.65227284,0.17429243,0.24848693,0.42194117,0.15305405,0.13871671
1vzd_CB3_A_318,0.60127063,0,0.18012367,0.24826619,0.42733419,0.16178424,0.12125842
1vzd_UFP_A_317,0.60382887,0.65227284,0.17429243,0.24848693,0.42194117,0.15305405,0.13871671
1vzu_UDP_B_2371,0.60502768,0.95794339,0.17155998,0.24859031,0.419414,0.14896319,0.1468974
1w1a_NDG_1_1261,0.60487154,0.91813182,0.17191588,0.24857684,0.41974316,0.14949602,0.14583186
1w1a_NDG_2_1261,0.60382887,0.65227284,0.17429243,0.24848693,0.42194117,0.15305405,0.13871671
1w3t_3GR_A_1297,0.60513856,0.98621475,0.17130724,0.24859988,0.41918026,0.1485848,0.14765407
1w3t_3GR_B_1297,0.60382887,0.65227284,0.17429243,0.24848693,0.42194117,0.15305405,0.13871671
1w3t_3GR_D_1297,0.60382887,0.65227284,0.17429243,0.24848693,0.42194117,0.15305405,0.13871671
1w55_C_A_1372,0.60499106,0.94860626,0.17164345,0.24858715,0.4194912,0.14908815,0.1466475
1w55_C_A_1373,0.60511845,0.9810874,0.17135308,0.24859814,0.41922265,0.14865343,0.14751684
1w62_PYC_A_700,0.60127063,0,0.18012367,0.24826619,0.42733419,0.16178424,0.12125842
1w78_PD8_A_1421,0.60382887,0.65227284,0.17429243,0.24848693,0.42194117,0.15305405,0.13871671
1wc7_PP3_A_1214,0.60488437,0.92140223,0.17188664,0.24857795,0.41971612,0.14945225,0.14591939
1wmz_A2G_B_502,0.60382887,0.65227284,0.17429243,0.24848693,0.42194117,0.15305405,0.13871671
1wmz_NGA_A_501,0.60382887,0.65227284,0.17429243,0.24848693,0.42194117,0.15305405,0.13871671
1wmz_NGA_C_503,0.60382887,0.65227284,0.17429243,0.24848693,0.42194117,0.15305405,0.13871671
1wmz_NGA_D_504,0.60382887,0.65227284,0.17429243,0.24848693,0.42194117,0.15305405,0.13871671
1wq4_TYR_A_501,0.60127063,0,0.18012367,0.24826619,0.42733419,0.16178424,0.12125842
1x09_IPE_A_902,0.60476054,0.88982967,0.17216889,0.24856727,0.41997716,0.14987482,0.14507436
1x29_PMG_A_413,0.60382887,0.65227284,0.17429243,0.24848693,0.42194117,0.15305405,0.13871671
1x2a_PDG_B_1413,0.60382887,0.65227284,0.17429243,0.24848693,0.42194117,0.15305405,0.13871671
1x7j_GEN_A_201,0.6051704,0.99433284,0.17123467,0.24860262,0.41911314,0.14847615,0.14787135
1x7j_GEN_B_202,0.60516819,0.99376865,0.17123971,0.24860243,0.4191178,0.1484837,0.14785625
1x82_PA5_A_301,0.60500025,0.95094844,0.17162251,0.24858794,0.41947184,0.14905681,0.14671018
1x8i_BMH_A_2,0.60382887,0.65227284,0.17429243,0.24848693,0.42194117,0.15305405,0.13871671
1xc7_GL6_A_998,0.60382887,0.65227284,0.17429243,0.24848693,0.42194117,0.15305405,0.13871671
1xdj_HCS_A_1049,0.60382887,0.65227284,0.17429243,0.24848693,0.42194117,0.15305405,0.13871671
1xdj_HCS_A_1050,0.60382887,0.65227284,0.17429243,0.24848693,0.42194117,0.15305405,0.13871671
1xid_ASC_A_389,0.60479317,0.89814863,0.17209452,0.24857008,0.41990838,0.14976347,0.14529702
1xin_XYL_B_397,0.60382887,0.65227284,0.17429243,0.24848693,0.42194117,0.15305405,0.13871671
1xin_XYL_C_397,0.60382887,0.65227284,0.17429243,0.24848693,0.42194117,0.15305405,0.13871671
1xin_XYL_D_397,0.60382887,0.65227284,0.17429243,0.24848693,0.42194117,0.15305405,0.13871671
1xkw_188_A_1001,0.60127063,0,0.18012367,0.24826619,0.42733419,0.16178424,0.12125842
1xl0_OX2_A_998,0.60516372,0.99262944,0.1712499,0.24860205,0.41912722,0.14849895,0.14782576
1xny_BTN_B_5602,0.60382887,0.65227284,0.17429243,0.24848693,0.42194117,0.15305405,0.13871671
1xuf_BAZ_A_246,0.60380875,0.64714897,0.17433838,0.24848515,0.42198362,0.15312284,0.13857911
1xuz_PEP_A_2001,0.60458161,0.84420816,0.17257673,0.24855183,0.42035435,0.15048541,0.14385332
1y2x_NAG_A_144,0.6047414,0.88494877,0.17221253,0.24856561,0.42001751,0.14994014,0.14494373
1y2x_NAG_B_1144,0.6050439,0.96207865,0.17152301,0.24859171,0.41937981,0.14890784,0.14700808
1y2x_NAG_D_3144,0.60504479,0.96230572,0.17152098,0.24859179,0.41937793,0.1489048,0.14701416
1y42_TYR_X_701,0.6046034,0.84976395,0.17252707,0.24855371,0.42030842,0.15041105,0.14400202
1y5v_NE8_A_500,0.60382887,0.65227284,0.17429243,0.24848693,0.42194117,0.15305405,0.13871671
1y5x_E89_A_500,0.60382887,0.65227284,0.17429243,0.24848693,0.42194117,0.15305405,0.13871671
1y5x_E89_D_1500,0.60382887,0.65227284,0.17429243,0.24848693,0.42194117,0.15305405,0.13871671
1y8j_STS_A_900,0.60127063,0,0.18012367,0.24826619,0.42733419,0.16178424,0.12125842
1yee_PNB_H_551,0.60382887,0.65227284,0.17429243,0.24848693,0.42194117,0.15305405,0.13871671
1yik_MM1_A_500,0.60127063,0,0.18012367,0.24826619,0.42733419,0.16178424,0.12125842
1yqc_GLV_A_1001,0.60382887,0.65227284,0.17429243,0.24848693,0.42194117,0.15305405,0.13871671
1yw9_A84_A_482,0.60382887,0.65227284,0.17429243,0.24848693,0.42194117,0.15305405,0.13871671
1z11_8MO_A_501,0.60382887,0.65227284,0.17429243,0.24848693,0.42194117,0.15305405,0.13871671
1z11_8MO_B_501,0.60382887,0.65227284,0.17429243,0.24848693,0.42194117,0.15305405,0.13871671
1z11_8MO_D_501,0.60382887,0.65227284,0.17429243,0.24848693,0.42194117,0.15305405,0.13871671
1z3n_3NA_A_320,0,0.98693705,0.17194886,0.22843968,0.38879987,0.14813351,0.28464986
1z4k_T3P_A_4341,0.60382887,0.65227284,0.17429243,0.24848693,0.42194117,0.15305405,0.13871671
1z6k_OAA_A_274,0.60382887,0.65227284,0.17429243,0.24848693,0.42194117,0.15305405,0.13871671
1z8p_DEB_A_420,0.60127063,0,0.18012367,0.24826619,0.42733419,0.16178424,0.12125842
1zb6_GST_A_502,0.60382887,0.65227284,0.17429243,0.24848693,0.42194117,0.15305405,0.13871671
1zdq_MSM_B_1508,0.60514564,0.98801844,0.17129112,0.24860049,0.41916534,0.14856066,0.14770235
1zdq_MSM_C_1509,0.60517343,0.99510619,0.17122776,0.24860289,0.41910674,0.1484658,0.14789205
1zei_CRS_A_54,0.60512868,0.98369584,0.17132976,0.24859902,0.41920108,0.14861852,0.14758666
1zei_CRS_B_56,0.60513767,0.98598671,0.17130928,0.2485998,0.41918214,0.14858786,0.14764797
1zei_CRS_C_56,0.60516098,0.99193138,0.17125614,0.24860181,0.41913299,0.14850829,0.14780708
1zei_CRS_D_54,0.60507358,0.96964612,0.17145536,0.24859427,0.41931724,0.14880656,0.14721062
1zei_CRS_E_54,0.60514215,0.98713007,0.17129906,0.24860019,0.41917269,0.14857255,0.14767857
1zei_CRS_F_54,0.60515639,0.99076024,0.17126661,0.24860141,0.41914268,0.14852397,0.14777573
1zei_CRS_F_55,0.60513902,0.98633146,0.1713062,0.24859992,0.41917929,0.14858324,0.1476572
1zfj_IMP_A_500,0.60118109,0,0,0.24498705,0.42388217,0.16170614,0.11940687
1zg3_2HI_A_365,0.60511575,0.98039737,0.17135925,0.24859791,0.41922835,0.14866266,0.14749837
1zgj_P1S_A_0,0.60513686,0.98577978,0.17131113,0.24859973,0.41918385,0.14859062,0.14764243
1zha_PEP_A_1268,0.60382887,0.65227284,0.17429243,0.24848693,0.42194117,0.15305405,0.13871671
1zha_R5P_A_1269,0.51672359,0,0.18021531,0.24545362,0.4230858,0.16172248,0.14054233
1zk0_SS2_A_1260,0.60382887,0.65227284,0.17429243,0.24848693,0.42194117,0.15305405,0.13871671
1zmt_RNO_B_1001,0.60382887,0.65227284,0.17429243,0.24848693,0.42194117,0.15305405,0.13871671
1zmt_RNO_C_1003,0.60382887,0.65227284,0.17429243,0.24848693,0.42194117,0.15305405,0.13871671
1zmt_RNO_D_1004,0.60382887,0.65227284,0.17429243,0.24848693,0.42194117,0.15305405,0.13871671
1zng_HE4_A_202,0.60506684,0.96792676,0.17147073,0.24859369,0.41933146,0.14882957,0.1471646
1zoy_UQ1_B_1201,0.60506595,0.96770075,0.17147275,0.24859361,0.41933333,0.14883259,0.14715855
1zpd_CIT_B_610,0.60382887,0.65227284,0.17429243,0.24848693,0.42194117,0.15305405,0.13871671
1zpd_CIT_F_610,0.60382887,0.65227284,0.17429243,0.24848693,0.42194117,0.15305405,0.13871671
1zuw_DGL_A_1301,0.60382887,0.65227284,0.17429243,0.24848693,0.42194117,0.15305405,0.13871671
1zuw_DGL_B_2301,0.60382887,0.65227284,0.17429243,0.24848693,0.42194117,0.15305405,0.13871671
2a0x_DIH_A_300,0.60127063,0,0.18012367,0.24826619,0.42733419,0.16178424,0.12125842
2a15_NCA_A_1001,0.60512776,0.98346168,0.17133185,0.24859895,0.41920302,0.14862165,0.14758039
2a1m_CAM_A_1422,0.60514548,0.9879787,0.17129147,0.24860047,0.41916567,0.14856119,0.14770128
2a1m_CAM_B_2422,0.60515802,0.99117567,0.17126289,0.24860156,0.41913924,0.14851841,0.14778685
2a5t_GLY_A_1001,0.60382887,0.65227284,0.17429243,0.24848693,0.42194117,0.15305405,0.13871671
2a9z_26A_A_1002,0.60515118,0.98943181,0.17127848,0.24860097,0.41915366,0.14854175,0.14774018
2agw_TSS_D_3001,0.60127063,0,0.18012367,0.24826619,0.42733419,0.16178424,0.12125842
2agw_TSS_H_2001,0.60127063,0,0.18012367,0.24826619,0.42733419,0.16178424,0.12125842
2ahc_VNL_B_266,0.6050475,0.96299562,0.17151481,0.24859202,0.41937223,0.14889557,0.14703262
2ahc_VNL_C_366,0.60515428,0.99022294,0.17127141,0.24860123,0.41914712,0.14853116,0.14776135
2ahc_VNL_D_466,0.60127063,0,0.18012367,0.24826619,0.42733419,0.16178424,0.12125842
2aiq_BEN_A_401,0.60512747,0.98338686,0.17133252,0.24859892,0.41920364,0.14862265,0.14757839
2as1_TP5_A_500,0.60516736,0.99355835,0.17124159,0.24860236,0.41911954,0.14848652,0.14785062
2b04_CHO_A_200,0.60127063,0,0.18012367,0.24826619,0.42733419,0.16178424,0.12125842
2b3f_GAL_A_3310,0.60515175,0.9895783,0.17127717,0.24860102,0.41915245,0.14853979,0.1477441
2b3f_GAL_C_3312,0.60515013,0.98916431,0.17128087,0.24860087,0.41915587,0.14854533,0.14773302
2b3f_GAL_D_3313,0.60514685,0.98832846,0.17128835,0.24860059,0.41916278,0.14855651,0.14771065
2b3f_GAL_E_3314,0.60515469,0.99032772,0.17127047,0.24860127,0.41914625,0.14852976,0.14776416
2b3f_GAL_F_3315,0.60514431,0.98768118,0.17129413,0.24860037,0.41916813,0.14856518,0.14769332
2bdg_PBZ_A_301,0.6051778,0.99621974,0.1712178,0.24860326,0.41909754,0.1484509,0.14792185
2bdg_PBZ_B_302,0.60517564,0.99566928,0.17122272,0.24860308,0.41910209,0.14845826,0.14790712
2bf7_HBI_A_1290,0.60382887,0.65227284,0.17429243,0.24848693,0.42194117,0.15305405,0.13871671
2bf7_HBI_B_1290,0.60382887,0.65227284,0.17429243,0.24848693,0.42194117,0.15305405,0.13871671
2bf7_HBI_C_1290,0.60382887,0.65227284,0.17429243,0.24848693,0.42194117,0.15305405,0.13871671
2bf7_HBI_D_1290,0.60382887,0.65227284,0.17429243,0.24848693,0.42194117,0.15305405,0.13871671
2bgc_DTT_F_1238,0.36626258,0,0.18037663,0.24044069,0.4155316,0.16161264,0.1746267
2bjf_DXC_A_330,0.60514743,0.98847693,0.17128702,0.24860064,0.41916155,0.14855453,0.14771462
2bk3_FOF_A_1503,0.60515542,0.9905141,0.17126881,0.24860133,0.41914471,0.14852726,0.14776914
2bk3_FOF_B_1498,0.60514075,0.98677395,0.17130224,0.24860007,0.41917563,0.14857732,0.14766904
2brk_CMF_A_1534,0.60382887,0.65227284,0.17429243,0.24848693,0.42194117,0.15305405,0.13871671
2bs3_CIT_A_1657,0.60382887,0.65227284,0.17429243,0.24848693,0.42194117,0.15305405,0.13871671
2bs8_NAG_A_1177,0.60471544,0.87833032,0.17227169,0.24856337,0.42007224,0.15002872,0.14476659
2bxh_IOS_A_1001,0.60513717,0.98585939,0.17131042,0.24859976,0.4191832,0.14858956,0.14764456
2bxh_IOS_A_1002,0.60127063,0,0.18012367,0.24826619,0.42733419,0.16178424,0.12125842
2bxh_IOS_B_1002,0.60490388,0.92637842,0.17184216,0.24857963,0.41967498,0.14938565,0.14605258
2c3d_COM_A_1525,0.60382887,0.65227284,0.17429243,0.24848693,0.42194117,0.15305405,0.13871671
2c3d_COM_A_1526,0.60382887,0.65227284,0.17429243,0.24848693,0.42194117,0.15305405,0.13871671
2c3d_COM_B_1525,0.60382887,0.65227284,0.17429243,0.24848693,0.42194117,0.15305405,0.13871671
2c3d_COM_B_1526,0.60382887,0.65227284,0.17429243,0.24848693,0.42194117,0.15305405,0.13871671
2c5b_5F1_A_500,0.60127063,0,0.18012367,0.24826619,0.42733419,0.16178424,0.12125842
2c5b_5F1_B_500,0.60127063,0,0.18012367,0.24826619,0.42733419,0.16178424,0.12125842
2c5b_5F1_C_500,0.60127063,0,0.18012367,0.24826619,0.42733419,0.16178424,0.12125842
2c6q_IMP_A_1337,0.95838321,0,0.18174538,0,0.93292619,0.16376186,0
2c6q_IMP_B_1339,0.60382887,0.65227284,0.17429243,0.24848693,0.42194117,0.15305405,0.13871671
2c6q_IMP_C_1337,0.60382887,0.65227284,0.17429243,0.24848693,0.42194117,0.15305405,0.13871671
2c6q_IMP_F_1337,0.9927371,0,0.17864037,0.21107329,0.39437793,0.16120952,0
2c6q_IMP_G_1338,0.60382887,0.65227284,0.17429243,0.24848693,0.42194117,0.15305405,0.13871671
2ci0_1CM_A_1450,0.55150424,0,0.17525053,9.768287e-28,0.18085466,0.15773355,0
2cjz_PTR_A_1537,0.60382887,0.65227284,0.17429243,0.24848693,0.42194117,0.15305405,0.13871671
2coj_GBN_A_420,0.60516084,0.99189584,0.17125646,0.2486018,0.41913329,0.14850877,0.14780613
2coj_GBN_B_420,0.60512624,0.98307273,0.17133533,0.24859881,0.41920623,0.14862686,0.14756998
2cxp_A5P_A_1601,0.6050672,0.96801873,0.17146991,0.24859372,0.4193307,0.14882834,0.14716706
2d0e_NQ_A_409,0.60504838,0.96322172,0.17151279,0.2485921,0.41937036,0.14889254,0.14703867
2d0e_NQ_A_410,0.60514574,0.98804439,0.17129089,0.2486005,0.41916513,0.14856032,0.14770304
2d1j_D01_A_700,0.60364031,0.6042025,0.1747223,0.24847062,0.4223387,0.15369763,0.13742967
2d3n_GLC_A_608,0.60495394,0.93914262,0.17172805,0.24858395,0.41956944,0.14921481,0.14639421
2dcf_ACA_A_501,0.60507754,0.97065714,0.17144632,0.24859461,0.41930889,0.14879303,0.14723768
2dm5_ODI_A_312,0.60504786,0.96308835,0.17151398,0.24859205,0.41937146,0.14889433,0.1470351
2e1a_MSE_D_301,0.60506575,0.96764968,0.17147321,0.2485936,0.41933375,0.14883328,0.14715719
2e40_LGC_A_1001,0.60382887,0.65227284,0.17429243,0.24848693,0.42194117,0.15305405,0.13871671
2e40_LGC_B_2001,0.55150424,0,0.17525053,0,0.18085466,0.15773355,0
2e56_MYR_A_501,0.60488548,0.92168717,0.1718841,0.24857804,0.41971376,0.14944844,0.14592702
2e56_MYR_A_601,0.60478766,0.89674376,0.17210708,0.2485696,0.41991999,0.14978228,0.14525942
2e56_MYR_A_701,0.60505822,0.96573115,0.17149036,0.24859295,0.41934961,0.14885895,0.14710584
2eb5_OXL_A_2001,0.60382887,0.65227284,0.17429243,0.24848693,0.42194117,0.15305405,0.13871671
2eb5_OXL_B_2002,0.60382887,0.65227284,0.17429243,0.24848693,0.42194117,0.15305405,0.13871671
2eb5_OXL_C_2003,0.60382887,0.65227284,0.17429243,0.24848693,0.42194117,0.15305405,0.13871671
2eb5_OXL_D_2004,0.60382887,0.65227284,0.17429243,0.24848693,0.42194117,0.15305405,0.13871671
2ef9_A5P_A_1269,0.60382887,0.65227284,0.17429243,0.24848693,0.42194117,0.15305405,0.13871671
2ef9_A5P_B_2269,0.60382887,0.65227284,0.17429243,0.24848693,0.42194117,0.15305405,0.13871671
2ef9_PEP_A_1268,0.60382887,0.65227284,0.17429243,0.24848693,0.42194117,0.15305405,0.13871671
2ei7_D93_A_700,0.60127063,0,0.18012367,0.24826619,0.42733419,0.16178424,0.12125842
2eup_LG4_A_400,0.60511865,0.98113768,0.17135263,0.24859816,0.41922223,0.14865275,0.14751819
2euq_BVC_A_401,0.6040261,0.70256923,0.17384294,0.24850391,0.42152541,0.1523811,0.14006241
2eus_ABN_A_400,0.60382887,0.65227284,0.17429243,0.24848693,0.42194117,0.15305405,0.13871671
2evd_D10_A_304,0.60503552,0.95994292,0.1715421,0.24859099,0.41939747,0.14893642,0.14695092
2ex1_C5P_A_1427,0.60512971,0.98395765,0.17132742,0.24859911,0.41919892,0.14861501,0.14759366
2exs_TRP_B_2100,0.60127063,0,0.18012367,0.24826619,0.42733419,0.16178424,0.12125842
2f64_12Q_A_472,0.60127063,1.3388283e-33,0.18012367,0.24826619,0.42733419,0.16178424,0.12125842
2f64_12Q_B_471,0.60127063,1.1648884e-33,0.18012367,0.24826619,0.42733419,0.16178424,0.12125842
2f78_BEZ_A_1001,0.60514734,0.98845297,0.17128723,0.24860063,0.41916175,0.14855485,0.14771398
2f78_BEZ_A_1003,0.60516506,0.99297058,0.17124685,0.24860216,0.4191244,0.14849438,0.14783489
2f78_BEZ_B_1002,0.60517713,0.9960496,0.17121932,0.2486032,0.41909894,0.14845317,0.1479173
2f78_BEZ_B_1004,0.60515912,0.99145624,0.17126039,0.24860165,0.41913692,0.14851465,0.14779436
2f7x_4EA_E_351,0.60382887,0.65227284,0.17429243,0.24848693,0.42194117,0.15305405,0.13871671
2fc0_DGP_A_239,0.60067828,0,0.18004864,0.24557875,0.42448989,0,0.11989208
2fcu_AKG_B_898,0.9951317,0.9798058,0.16438058,0,0.00022896457,0.1435381,0
2fhk_MFN_A_600,0.60382887,0.65227284,0.17429243,0.24848693,0.42194117,0.15305405,0.13871671
2fhk_MFN_C_601,0.60382887,0.65227284,0.17429243,0.24848693,0.42194117,0.15305405,0.13871671
2fhn_BNI_X_501,0.60382887,0.65227284,0.17429243,0.24848693,0.42194117,0.15305405,0.13871671
2fhn_BNI_Y_502,0.60382887,0.65227284,0.17429243,0.24848693,0.42194117,0.15305405,0.13871671
2fib_GLY_B_2,0.60127063,0,0.18012367,0.24826619,0.42733419,0.16178424,0.12125842
2fkm_G16_X_464,5.105696e-06,0.32133086,0.17146111,0,7.0294861e-06,0.15178741,0.089678632
2fpu_HSO_B_509,0.60127063,0,0.18012367,0.24826619,0.42733419,0.16178424,0.12125842
2fr6_CTN_A_1001,0.60382887,0.65227284,0.17429243,0.24848693,0.42194117,0.15305405,0.13871671
2fr6_CTN_C_1003,0.60382887,0.65227284,0.17429243,0.24848693,0.42194117,0.15305405,0.13871671
2fr6_CTN_D_1004,0.60382887,0.65227284,0.17429243,0.24848693,0.42194117,0.15305405,0.13871671
2fu9_MP2_A_1410,0.60512435,0.98259031,0.17133964,0.24859865,0.41921022,0.14863331,0.14755707
2fu9_MP2_B_2410,0.6051568,0.99086491,0.17126567,0.24860145,0.41914181,0.14852257,0.14777853
2fyd_BGC_D_530,0.60382887,0.65227284,0.17429243,0.24848693,0.42194117,0.15305405,0.13871671
2fyd_NGA_B_404,0.60382887,0.65227284,0.17429243,0.24848693,0.42194117,0.15305405,0.13871671
2fz8_ZST_A_600,0.60382887,0.65227284,0.17429243,0.24848693,0.42194117,0.15305405,0.13871671
2fzb_TOL_A_600,0.60382887,0.65227284,0.17429243,0.24848693,0.42194117,0.15305405,0.13871671
2fzb_TOL_A_700,0.60382887,0.65227284,0.17429243,0.24848693,0.42194117,0.15305405,0.13871671
2fzb_TOL_A_900,0.60382887,0.65227284,0.17429243,0.24848693,0.42194117,0.15305405,0.13871671
2g21_L1B_B_985,0.60514215,0.9871289,0.17129907,0.24860019,0.4191727,0.14857257,0.14767854
2g5v_22M_A_301,0.60382887,0.65227284,0.17429243,0.24848693,0.42194117,0.15305405,0.13871671
2g8t_MI2_A_401,0.60382887,0.65227284,0.17429243,0.24848693,0.42194117,0.15305405,0.13871671
2g9z_VNP_B_601,0.60382887,0.65227284,0.17429243,0.24848693,0.42194117,0.15305405,0.13871671
2giq_NN2_A_1001,0.60382887,0.65227284,0.17429243,0.24848693,0.42194117,0.15305405,0.13871671
2giq_NN2_B_2001,0.60382887,0.65227284,0.17429243,0.24848693,0.42194117,0.15305405,0.13871671
2gn2_C5P_A_400,0.60505398,0.96464922,0.17150003,0.24859258,0.41935856,0.14887343,0.14707688
2gue_NAG_B_122,0.60382887,0.65227284,0.17429243,0.24848693,0.42194117,0.15305405,0.13871671
2gx5_PCG_C_514,0.60127063,0,0.18012367,0.24826619,0.42733419,0.16178424,0.12125842
2gyv_HBP_A_1409,0.60382887,0.65227284,0.17429243,0.24848693,0.42194117,0.15305405,0.13871671
2gyv_HBP_B_545,0.60382887,0.65227284,0.17429243,0.24848693,0.42194117,0.15305405,0.13871671
2gyw_OBI_A_952,0.60382887,0.65227284,0.17429243,0.24848693,0.42194117,0.15305405,0.13871671
2gyw_OBI_B_953,0.60382887,0.65227284,0.17429243,0.24848693,0.42194117,0.15305405,0.13871671
2gzm_DGL_B_502,0,0.98339294,0.17198053,0.22843896,0.38882983,0.14818095,0.28455271
2gzm_DGL_C_503,0.60382887,0.65227284,0.17429243,0.24848693,0.42194117,0.15305405,0.13871671
2gzm_DGL_D_504,0.60382887,0.65227284,0.17429243,0.24848693,0.42194117,0.15305405,0.13871671
2hi4_BHF_A_800,0.60382887,0.65227284,0.17429243,0.24848693,0.42194117,0.15305405,0.13871671
2hs3_FGR_A_2166,0.60382887,0.65227284,0.17429243,0.24848693,0.42194117,0.15305405,0.13871671
2ht8_G39_A_800,0.96659385,0.95885985,0.18407416,0.98783646,0.9840305,0.15974129,0.4205109
2htu_BCZ_A_801,0.60382887,0.65227284,0.17429243,0.24848693,0.42194117,0.15305405,0.13871671
2huu_ALA_A_701,0.60127063,0,0.18012367,0.24826619,0.42733419,0.16178424,0.12125842
2i1v_F6P_B_720,0.60382887,0.65227284,0.17429243,0.24848693,0.42194117,0.15305405,0.13871671
2i1v_FDP_B_710,0.60382887,0.65227284,0.17429243,0.24848693,0.42194117,0.15305405,0.13871671
2iht_TPP_A_600,0.60512926,0.98384218,0.17132845,0.24859907,0.41919987,0.14861656,0.14759057
2iht_TPP_B_600,0.60509262,0.97450066,0.17141196,0.24859591,0.41927711,0.14874158,0.14734055
2iht_TPP_C_600,0.60512548,0.98288002,0.17133705,0.24859875,0.41920783,0.14862943,0.14756482
2iht_TPP_D_600,0.60515585,0.99062302,0.17126783,0.24860137,0.41914381,0.1485258,0.14777206
2ihu_TP9_A_600,0.60127063,0,0.18012367,0.24826619,0.42733419,0.16178424,0.12125842
2ihu_TP9_B_600,0.60514588,0.98807997,0.17129057,0.24860051,0.41916484,0.14855984,0.147704
2ij7_TPF_A_2472,0.60382887,0.65227284,0.17429243,0.24848693,0.42194117,0.15305405,0.13871671
2ij7_TPF_B_2470,0.60382887,0.65227284,0.17429243,0.24848693,0.42194117,0.15305405,0.13871671
2ij7_TPF_C_2471,0.60382887,0.65227284,0.17429243,0.24848693,0.42194117,0.15305405,0.13871671
2ij7_TPF_D_2473,0.60382887,0.65227284,0.17429243,0.24848693,0.42194117,0.15305405,0.13871671
2ipf_FFA_A_3,0.60127063,0,0.18012367,0.24826619,0.42733419,0.16178424,0.12125842
2ipf_FFA_B_4,0.60512922,0.98383379,0.17132853,0.24859907,0.41919994,0.14861667,0.14759035
2isf_PAC_A_317,0.60510111,0.97666544,0.17139261,0.24859665,0.41925921,0.14871261,0.14739849
2ixi_TYD_A_1182,0.60127063,0,0.18012367,0.24826619,0.42733419,0.16178424,0.12125842
2ixi_TYD_B_1182,0.60127063,0,0.18012367,0.24826619,0.42733419,0.16178424,0.12125842
2iyq_SKM_A_201,0.60504568,0.96253333,0.17151895,0.24859186,0.41937605,0.14890175,0.14702025
2izf_BTN_B_300,0.60382887,0.65227284,0.17429243,0.24848693,0.42194117,0.15305405,0.13871671
2j1s_FUL_A_1153,0.60382887,0.65227284,0.17429243,0.24848693,0.42194117,0.15305405,0.13871671
2j51_DKI_A_1314,0.60499562,0.94976977,0.17163305,0.24858755,0.41948158,0.14907258,0.14667864
2j5b_TYE_A_1336,0.60127063,0,0.18012367,0.24826619,0.42733419,0.16178424,0.12125842
2j5z_GAL_A_1278,0.6046157,0.85290041,0.17249903,0.24855477,0.42028249,0.15036907,0.14408597
2jav_5Z5_A_1280,0.60127063,0,0.18012367,0.24826619,0.42733419,0.16178424,0.12125842
2jfv_FLC_A_1271,0.60382887,0.65227284,0.17429243,0.24848693,0.42194117,0.15305405,0.13871671
2jhp_GUN_A_1648,0.60382887,0.65227284,0.17429243,0.24848693,0.42194117,0.15305405,0.13871671
2ji6_TPW_B_1566,0.60382887,0.65227284,0.17429243,0.24848693,0.42194117,0.15305405,0.13871671
2no7_LDC_A_401,0.60514788,0.98859086,0.171286,0.24860068,0.41916061,0.148553,0.14771767
2no7_LDC_B_401,0.60513365,0.98496326,0.17131843,0.24859945,0.4191906,0.14860155,0.14762058
2nos_AGU_A_903,0.60485104,0.91290436,0.17196261,0.24857507,0.41978638,0.14956598,0.14569195
2npq_BOG_A_1000,0.60382887,0.65227284,0.17429243,0.24848693,0.42194117,0.15305405,0.13871671
2npq_BOG_A_2000,0.60382887,0.65227284,0.17429243,0.24848693,0.42194117,0.15305405,0.13871671
2nry_STU_A_504,0.60382887,0.65227284,0.17429243,0.24848693,0.42194117,0.15305405,0.13871671
2nry_STU_B_502,0,0.92595381,0.1700985,3.278099e-53,0,0.14665487,0.91855967
2nry_STU_C_503,0.60382887,0.65227284,0.17429243,0.24848693,0.42194117,0.15305405,0.13871671
2nry_STU_D_501,0.60382887,0.65227284,0.17429243,0.24848693,0.42194117,0.15305405,0.13871671
2ntk_IMP_A_205,0.60382887,0.65227284,0.17429243,0.24848693,0.42194117,0.15305405,0.13871671
2ntk_IMP_B_206,0.60382887,0.65227284,0.17429243,0.24848693,0.42194117,0.15305405,0.13871671
2ntk_IMP_C_207,0.60382887,0.65227284,0.17429243,0.24848693,0.42194117,0.15305405,0.13871671
2nu7_COA_B_1325,0.60382887,0.65227284,0.17429243,0.24848693,0.42194117,0.15305405,0.13871671
2nz5_226_A_431,0.60382887,0.65227284,0.17429243,0.24848693,0.42194117,0.15305405,0.13871671
2nz5_226_A_432,0.60382887,0.65227284,0.17429243,0.24848693,0.42194117,0.15305405,0.13871671
2nz5_226_B_432,0.60382887,0.65227284,0.17429243,0.24848693,0.42194117,0.15305405,0.13871671
2o1o_RIS_A_400,0.60382887,0.65227284,0.17429243,0.24848693,0.42194117,0.15305405,0.13871671
2o1o_RIS_B_400,0.60382887,0.65227284,0.17429243,0.24848693,0.42194117,0.15305405,0.13871671
2o7b_HC4_C_701,0.60514438,0.98769799,0.17129398,0.24860038,0.41916799,0.14856495,0.14769377
2o7b_HC4_D_701,0.60127063,0,0.18012367,0.24826619,0.42733419,0.16178424,0.12125842
2o7b_HC4_G_701,0.60515561,0.9905619,0.17126838,0.24860135,0.41914432,0.14852662,0.14777042
2o7d_DHC_A_701,0.60515732,0.9909985,0.17126448,0.2486015,0.41914071,0.14852078,0.14778211
2o7d_DHC_B_701,0.60515559,0.99055784,0.17126842,0.24860135,0.41914435,0.14852668,0.14777031
2o7d_DHC_E_701,0.60127063,0,0.18012367,0.24826619,0.42733419,0.16178424,0.12125842
2o7d_DHC_G_701,0.6051639,0.99267455,0.17124949,0.24860206,0.41912685,0.14849835,0.14782697
2o7d_DHC_H_701,0.60514703,0.98837384,0.17128794,0.24860061,0.41916241,0.14855591,0.14771186
2okk_ABU_A_585,0.60184283,0.14589691,0.1788194,0.24831556,0.42612792,0.15983157,0.1251633
2ot7_OGA_B_500,0.6046587,0.86386315,0.17240102,0.24855848,0.42019185,0.15022235,0.14437938
2oxp_THP_A_300,0.60127063,0,0.18012367,0.24826619,0.42733419,0.16178424,0.12125842
2p1e_LAC_A_303,0.60382887,0.65227284,0.17429243,0.24848693,0.42194117,0.15305405,0.13871671
2pir_DHT_A_931,0.60382887,0.65227284,0.17429243,0.24848693,0.42194117,0.15305405,0.13871671
2pnz_UDP_A_250,0.60382887,0.65227284,0.17429243,0.24848693,0.42194117,0.15305405,0.13871671
2prg_BRL_A_1,0.60382887,0.65227284,0.17429243,0.24848693,0.42194117,0.15305405,0.13871671
2prg_BRL_B_2,0.60382887,0.65227284,0.17429243,0.24848693,0.42194117,0.15305405,0.13871671
2prl_R2C_A_400,0.60382887,0.65227284,0.17429243,0.24848693,0.42194117,0.15305405,0.13871671
2pt6_S4M_A_501,0.60506729,0.96804149,0.17146971,0.24859373,0.41933051,0.14882803,0.14716767
2pt6_S4M_B_502,0.60510695,0.97815566,0.17137929,0.24859715,0.41924689,0.14869267,0.14743837
2pt6_S4M_C_503,0.60500492,0.95214038,0.17161186,0.24858835,0.41946198,0.14904085,0.14674209
2ptm_CMP_A_401,0.60127063,0,0.18012367,0.24826619,0.42733419,0.16178424,0.12125842
2pvy_ACP_A_802,0.60382887,0.65227284,0.17429243,0.24848693,0.42194117,0.15305405,0.13871671
2pvy_ACP_D_802,0.60382887,0.65227284,0.17429243,0.24848693,0.42194117,0.15305405,0.13871671
2pwf_BGC_D_9999,0.60382887,0.65227284,0.17429243,0.24848693,0.42194117,0.15305405,0.13871671
2pye_7PE_A_504,0.60452362,0.82942184,0.17270892,0.24854683,0.42047661,0.15068331,0.14345757
2q6m_P34_A_1001,0.60382887,0.65227284,0.17429243,0.24848693,0.42194117,0.15305405,0.13871671
2q6m_P34_A_1002,0.60382887,0.65227284,0.17429243,0.24848693,0.42194117,0.15305405,0.13871671
2qab_EI1_A_1,0.60382887,0.65227284,0.17429243,0.24848693,0.42194117,0.15305405,0.13871671
2qab_EI1_B_1,0.60382887,0.65227284,0.17429243,0.24848693,0.42194117,0.15305405,0.13871671
2qb3_PMP_A_700,0.60382887,0.65227284,0.17429243,0.24848693,0.42194117,0.15305405,0.13871671
2qb4_DSM_A_801,0.60382887,0.65227284,0.17429243,0.24848693,0.42194117,0.15305405,0.13871671
2qb4_DSM_A_802,0.97363166,0.97583341,0.16453904,0,0.012040554,0.14366135,0
2qb4_LEU_A_601,0.60516575,0.99314671,0.17124527,0.24860222,0.41912294,0.14849203,0.1478396
2qca_DGP_A_200,0.60127063,0,0.18012367,0.24826619,0.42733419,0.16178424,0.12125842
2qca_DGP_A_300,0.60127063,0,0.18012367,0.24826619,0.42733419,0.16178424,0.12125842
2qcx_PF1_A_300,0,0.97400987,0.17206439,0.22843704,0.38890915,0.14830656,0.28429552
2qcx_PF1_B_300,0.60512944,0.98388824,0.17132804,0.24859909,0.41919949,0.14861594,0.14759181
2qd1_CHD_D_802,0.60382887,0.65227284,0.17429243,0.24848693,0.42194117,0.15305405,0.13871671
2qd4_CHD_A_801,0.60513315,0.98483548,0.17131957,0.24859941,0.41919166,0.14860326,0.14761716
2qd4_CHD_A_802,0.55499761,0.97158938,0.16653711,1.5539262e-20,0.17141468,0.14470676,0.021724101
2qd4_CHD_A_803,0.60382887,0.65227284,0.17429243,0.24848693,0.42194117,0.15305405,0.13871671
2qd4_CHD_B_926,0.60514839,0.98872195,0.17128483,0.24860073,0.41915953,0.14855125,0.14772118
2qd4_CHD_B_927,0.60382887,0.65227284,0.17429243,0.24848693,0.42194117,0.15305405,0.13871671
2qd4_CHD_B_928,0.6049688,0.94293071,0.17169419,0.24858523,0.41953813,0.14916411,0.14649559
2qg6_NMN_A_301,0.60506486,0.96742342,0.17147523,0.24859352,0.41933562,0.14883631,0.14715113
2qgw_EES_A_1,0.60513069,0.98420675,0.17132519,0.2485992,0.41919686,0.14861168,0.14760033
2qgw_EES_B_1,0.60514961,0.98903237,0.17128205,0.24860083,0.41915696,0.14854709,0.14772949
2qhv_OC9_A_1001,0.6051312,0.98433836,0.17132402,0.24859924,0.41919577,0.14860992,0.14760385
2qim_ZEA_A_160,0.60382887,0.65227284,0.17429243,0.24848693,0.42194117,0.15305405,0.13871671
2qim_ZEA_A_161,0.60315235,0.47978796,0.17583453,0.24842853,0.42336735,0.15536279,0.13409976
2qim_ZEA_A_162,0.60127063,0,0.18012367,0.24826619,0.42733419,0.16178424,0.12125842
2qs2_UBF_A_603,0.6032818,0.65929648,0.17417554,0.24588393,0.41914376,0,0.13752273
2qs2_UBF_B_602,0.60382887,0.65227284,0.17429243,0.24848693,0.42194117,0.15305405,0.13871671
2qse_1HP_A_1,0.60509894,0.97611122,0.17139756,0.24859646,0.41926379,0.14872003,0.14738366
2qui_LTN_A_501,0.60127063,0,0.18012367,0.24826619,0.42733419,0.16178424,0.12125842
2qvr_CIT_A_335,0.60382887,0.65227284,0.17429243,0.24848693,0.42194117,0.15305405,0.13871671
2qvr_FDP_A_333,0.60382887,0.65227284,0.17429243,0.24848693,0.42194117,0.15305405,0.13871671
2qx4_ML1_A_233,0.6051359,0.98553668,0.1713133,0.24859965,0.41918586,0.14859388,0.14763592
2qx4_ML1_B_233,0.60502445,0.95711943,0.17156734,0.24859003,0.41942081,0.14897421,0.14687535
2qx9_ML2_A_234,0.60382887,0.65227284,0.17429243,0.24848693,0.42194117,0.15305405,0.13871671
2qxf_TMP_A_3000,0.60382887,0.65227284,0.17429243,0.24848693,0.42194117,0.15305405,0.13871671
2r0g_7CK_A_1355,0.60382887,0.65227284,0.17429243,0.24848693,0.42194117,0.15305405,0.13871671
2r0g_7CK_B_1357,0.60382887,0.65227284,0.17429243,0.24848693,0.42194117,0.15305405,0.13871671
2r3d_ACM_A_303,0.60382887,0.65227284,0.17429243,0.24848693,0.42194117,0.15305405,0.13871671
2r4j_13P_A_1968,0.60382887,0.65227284,0.17429243,0.24848693,0.42194117,0.15305405,0.13871671
2r4j_13P_B_816,0.60450554,0.6435853,0.174437,0.25170656,0.42540126,0.34234293,0.14019352
2r4t_250_A_503,0.60382887,0.65227284,0.17429243,0.24848693,0.42194117,0.15305405,0.13871671
2r4t_GLC_A_502,0.60382887,0.65227284,0.17429243,0.24848693,0.42194117,0.15305405,0.13871671
2r5e_QLP_A_430,0.60382887,0.65227284,0.17429243,0.24848693,0.42194117,0.15305405,0.13871671
2r5e_QLP_B_430,0.60382887,0.65227284,0.17429243,0.24848693,0.42194117,0.15305405,0.13871671
2rbu_273_X_4001,0.60513849,0.9861965,0.17130741,0.24859987,0.41918041,0.14858505,0.14765358
2rbx_3AY_X_2001,0.60382887,0.65227284,0.17429243,0.24848693,0.42194117,0.15305405,0.13871671
2rhx_MLY_A_537,0.60382887,0.65227284,0.17429243,0.24848693,0.42194117,0.15305405,0.13871671
2ri1_GLP_A_234,0.60382887,0.65227284,0.17429243,0.24848693,0.42194117,0.15305405,0.13871671
2ri1_GLP_B_234,0.60382887,0.65227284,0.17429243,0.24848693,0.42194117,0.15305405,0.13871671
2rtn_IMI_B_300,0.60511548,0.98033077,0.17135984,0.24859789,0.41922891,0.14866355,0.14749659
2rtn_IMI_D_300,0.60508809,0.97334573,0.17142229,0.24859552,0.41928666,0.14875704,0.14730964
2tio_BEN_A_247,0.60515316,0.98993655,0.17127397,0.24860114,0.41914949,0.14853499,0.14775369
2uyv_TLA_B_1275,0.60127063,0,0.18012367,0.24826619,0.42733419,0.16178424,0.12125842
2uza_HTL_B_1236,0,0,0.17716715,0.059124409,0.22049327,0.15849564,0
2v32_BEZ_A_1222,0.60382887,0.65227284,0.17429243,0.24848693,0.42194117,0.15305405,0.13871671
2v32_BEZ_B_1220,0.99633597,0.96973012,0.18270315,0.9967599,0.85883692,0.15859965,0.38021741
2v32_BEZ_C_1222,0.60382887,0.65227284,0.17429243,0.24848693,0.42194117,0.15305405,0.13871671
2v32_BEZ_D_1221,0.60382887,0.65227284,0.17429243,0.24848693,0.42194117,0.15305405,0.13871671
2v60_C17_A_1503,0.6051565,0.99078766,0.17126636,0.24860142,0.41914245,0.1485236,0.14777647
2v60_C17_B_1498,0.6051739,0.99522476,0.1712267,0.24860293,0.41910576,0.14846421,0.14789522
2v7o_DRN_A_1303,0.6048106,0.90259409,0.17205478,0.24857158,0.41987162,0.14970398,0.145416
2vag_V25_A_1482,0.60382887,0.65227284,0.17429243,0.24848693,0.42194117,0.15305405,0.13871671
2vez_G6P_A_202,0.60127063,0,0.18012367,0.24826619,0.42733419,0.16178424,0.12125842
2vjb_CCD_B_1539,0.60127063,0,0.18012367,0.24826619,0.42733419,0.16178424,0.12125842
2vjb_CCD_B_1540,0.60515806,0.9911866,0.1712628,0.24860156,0.41913915,0.14851826,0.14778714
2vlf_PLI_A_1457,0.60127063,0,0.18012367,0.24826619,0.42733419,0.16178424,0.12125842
2vmg_MBG_A_1179,0.60127063,0,0.18012367,0.24826619,0.42733419,0.16178424,0.12125842
2vmp_PLP_A_501,0.60382887,0.65227284,0.17429243,0.24848693,0.42194117,0.15305405,0.13871671
2vp5_DCZ_A_1210,0.60515066,0.98930056,0.17127966,0.24860092,0.41915474,0.1485435,0.14773666
2vp5_DCZ_B_1210,0.60516658,0.9933593,0.17124337,0.24860229,0.41912119,0.14848918,0.14784529
2vss_V55_D_1250,0.60509346,0.97471469,0.17141005,0.24859599,0.41927534,0.14873872,0.14734628
2vsu_V55_D_1251,0.60512278,0.98219135,0.17134321,0.24859852,0.41921352,0.14863865,0.14754639
2vzu_PNJ_A_1901,0.60500234,0.95148102,0.17161775,0.24858812,0.41946743,0.14904968,0.14672444
2vzu_PNJ_B_1904,0.55484263,0.92848602,0.16692367,0,0.17183348,0.14528467,0.020601697
2w0b_CMW_A_1450,0.60466946,0.86660758,0.17237649,0.24855941,0.42016916,0.15018562,0.14445283
2w1a_TSA_C_1091,0.60382887,0.65227284,0.17429243,0.24848693,0.42194117,0.15305405,0.13871671
2w1a_TSA_D_1091,0.60382887,0.65227284,0.17429243,0.24848693,0.42194117,0.15305405,0.13871671
2w5t_GP9_A_1644,0.60382887,0.65227284,0.17429243,0.24848693,0.42194117,0.15305405,0.13871671
2wd2_MS5_A_1263,0.60382887,0.65227284,0.17429243,0.24848693,0.42194117,0.15305405,0.13871671
2wdq_CBE_C_1130,0.60513792,0.98605125,0.1713087,0.24859982,0.41918161,0.14858699,0.1476497
2wdq_TEO_A_1589,0.55397666,0.6876402,0.16908362,0,0.17417354,0.14851386,0.014330108
2wdq_TEO_E_1589,0.60382887,0.65227284,0.17429243,0.24848693,0.42194117,0.15305405,0.13871671
2wdq_TEO_I_1589,0.60382887,0.65227284,0.17429243,0.24848693,0.42194117,0.15305405,0.13871671
2whq_HI6_A_1543,0.60382887,0.65227284,0.17429243,0.24848693,0.42194117,0.15305405,0.13871671
2whq_HI6_B_1545,0.60382887,0.65227284,0.17429243,0.24848693,0.42194117,0.15305405,0.13871671
2wj4_HQD_A_1281,0.60382887,0.65227284,0.17429243,0.24848693,0.42194117,0.15305405,0.13871671
2wj4_HQD_B_1278,0.60516683,0.9934234,0.1712428,0.24860232,0.41912066,0.14848832,0.14784701
2wj4_HQD_C_1277,0.60127063,0,0.18012367,0.24826619,0.42733419,0.16178424,0.12125842
2wj4_HQD_D_1278,0.60517518,0.99555117,0.17122378,0.24860304,0.41910306,0.14845984,0.14790396
2wu4_HBP_A_1544,0.60452625,0.97444016,0.17134163,0.24604667,0.41657982,0,0.14604302
2wu4_HBP_B_1545,0.60382887,0.65227284,0.17429243,0.24848693,0.42194117,0.15305405,0.13871671
2wzv_FMN_A_801,0.60127063,0,0.18012367,0.24826619,0.42733419,0.16178424,0.12125842
2wzv_FMN_B_801,0.60127063,0,0.18012367,0.24826619,0.42733419,0.16178424,0.12125842
2x05_X05_A_1900,0.60382887,0.65227284,0.17429243,0.24848693,0.42194117,0.15305405,0.13871671
2x0u_X0U_B_1291,0.60517609,0.99578285,0.17122171,0.24860311,0.41910115,0.14845674,0.14791016
2x6o_2TC_A_1209,0.60127063,0,0.18012367,0.24826619,0.42733419,0.16178424,0.12125842
2xh0_PEP_C_1440,0.60382887,0.65227284,0.17429243,0.24848693,0.42194117,0.15305405,0.13871671
2xhk_AKG_A_519,0.60463449,0.85769051,0.17245621,0.24855639,0.42024288,0.15030496,0.14421417
2xhk_AKG_B_519,0.60127063,0,0.18012367,0.24826619,0.42733419,0.16178424,0.12125842
2xta_TPP_A_2001,0.60508085,0.97150021,0.17143879,0.2485949,0.41930192,0.14878174,0.14726024
2xta_TPP_B_2001,0.60127063,0,0.18012367,0.24826619,0.42733419,0.16178424,0.12125842
2xta_TPP_C_2001,0.60509762,0.97577661,0.17140056,0.24859635,0.41926656,0.14872451,0.1473747
2xta_TPP_D_2001,0.60498737,0.97076316,0,0.24541885,0.41596485,0.14871614,0.14544793
2xul_AKG_A_201,0.60127063,0,0.18012367,0.24826619,0.42733419,0.16178424,0.12125842
2xul_AKG_B_201,0.60483631,0.90914845,0.17199619,0.2485738,0.41981743,0.14961625,0.14559142
2xul_AKG_D_201,0.60127069,1.7462243e-05,0.18012351,0.2482662,0.42733404,0.16178401,0.12125889
2xul_AKG_E_201,0.60485033,0.9127243,0.17196422,0.24857501,0.41978787,0.14956839,0.14568713
2xul_AKG_F_201,0.60478737,0.89667176,0.17210773,0.24856958,0.41992059,0.14978324,0.14525749
2xum_OGA_A_601,0.60509859,0.97602299,0.17139835,0.24859643,0.41926452,0.14872121,0.14738129
2xya_7L4_A_1181,0.60509291,0.97457555,0.17141129,0.24859594,0.41927649,0.14874058,0.14734255
2xyj_WLM_A_1441,0.60382887,0.65227284,0.17429243,0.24848693,0.42194117,0.15305405,0.13871671
2xyj_WLM_A_1442,0.60382887,0.65227284,0.17429243,0.24848693,0.42194117,0.15305405,0.13871671
2xyj_WLM_B_1441,0.60382887,0.65227284,0.17429243,0.24848693,0.42194117,0.15305405,0.13871671
2xyj_WLM_B_1442,0.92627018,0.94354713,0.1739743,4.5082874e-29,0.9293051,0.15156248,0.14429699
2y00_Y00_B_601,0.60513519,0.9853551,0.17131493,0.24859959,0.41918736,0.14859631,0.14763107
2y2f_YI1_A_1469,0.60127063,0,0.18012367,0.24826619,0.42733419,0.16178424,0.12125842
2y4j_LAC_A_400,0.60382887,0.65227284,0.17429243,0.24848693,0.42194117,0.15305405,0.13871671
2y4j_LAC_B_400,0.60382887,0.65227284,0.17429243,0.24848693,0.42194117,0.15305405,0.13871671
2y5a_3AP_A_1295,0.60517699,0.99601294,0.17121965,0.24860319,0.41909925,0.14845366,0.14791632
2ye5_2A7_A_1224,0.60471925,0.8793011,0.17226301,0.2485637,0.42006421,0.15001573,0.14479257
2yjd_YJD_A_1498,0.60382887,0.65227284,0.17429243,0.24848693,0.42194117,0.15305405,0.13871671
2yjd_YJD_B_1498,0.60382887,0.65227284,0.17429243,0.24848693,0.42194117,0.15305405,0.13871671
2ynf_WHU_A_1563,0.60127063,0,0.18012367,0.24826619,0.42733419,0.16178424,0.12125842
2yp6_C6W_B_1186,0.60382887,0.65227284,0.17429243,0.24848693,0.42194117,0.15305405,0.13871671
2z1z_MLT_A_433,0.60127063,0,0.18012367,0.24826619,0.42733419,0.16178424,0.12125842
2z20_PLP_B_801,0.60516861,0.99387726,0.17123874,0.24860247,0.4191169,0.14848225,0.14785916
2z26_DOR_A_1410,0.60382887,0.65227284,0.17429243,0.24848693,0.42194117,0.15305405,0.13871671
2z48_A2G_A_1001,0.60498687,0.94753717,0.17165301,0.24858679,0.41950004,0.14910246,0.14661888
2z48_A2G_A_1005,0.60502033,0.95606889,0.17157674,0.24858968,0.4194295,0.14898827,0.14684723
2z48_A2G_B_2001,0.60498314,0.94658738,0.1716615,0.24858647,0.41950789,0.14911517,0.14659346
2z48_A2G_B_2005,0.60493937,0.93542738,0.17176126,0.24858269,0.41960016,0.14926454,0.14629477
2z48_NGA_A_1002,0.6016622,0.099840673,0.17923113,0.24829997,0.42650871,0.16044798,0.12393062
2z48_NGA_A_1006,0.60127063,0,0.18012367,0.24826619,0.42733419,0.16178424,0.12125842
2z48_NGA_B_2003,0.60513784,0.98603065,0.17130889,0.24859981,0.41918178,0.14858727,0.14764915
2z48_NGA_B_2004,0.60511678,0.98066015,0.1713569,0.248598,0.41922618,0.14865915,0.14750541
2z6j_TUI_B_502,0.60500391,0.95188172,0.17161417,0.24858826,0.41946412,0.14904431,0.14673516
2z7s_P01_A_1,0.60501569,0.95488661,0.17158731,0.24858928,0.41943928,0.1490041,0.14681559
2zgw_ADN_A_1301,0.60382887,0.65227284,0.17429243,0.24848693,0.42194117,0.15305405,0.13871671
2zgw_ADN_B_1302,0.60382887,0.65227284,0.17429243,0.24848693,0.42194117,0.15305405,0.13871671
2zgw_BTN_A_1401,0.60382887,0.65227284,0.17429243,0.24848693,0.42194117,0.15305405,0.13871671
2zgw_BTN_B_1402,0.60382887,0.65227284,0.17429243,0.24848693,0.42194117,0.15305405,0.13871671
2zi2_24U_H_801,0.60511554,0.98034485,0.17135972,0.24859789,0.41922879,0.14866337,0.14749697
2zka_AZA_A_302,0.60508186,0.97175762,0.17143648,0.24859499,0.41929979,0.1487783,0.14726713
2ztl_3HL_A_301,0.60504018,0.96113066,0.17153149,0.24859139,0.41938765,0.14892053,0.14698271
2ztl_3HL_B_301,0.60501559,0.9548612,0.17158753,0.24858927,0.41943949,0.14900444,0.14681491
2ztl_3HL_C_301,0.60506693,0.96795015,0.17147052,0.2485937,0.41933127,0.14882926,0.14716523
2zut_A2G_B_4002,0.60382887,0.65227284,0.17429243,0.24848693,0.42194117,0.15305405,0.13871671
2zut_A2G_C_4003,0.60382887,0.65227284,0.17429243,0.24848693,0.42194117,0.15305405,0.13871671
2zut_A2G_D_4004,0.60382887,0.65227284,0.17429243,0.24848693,0.42194117,0.15305405,0.13871671
2zuw_NDG_B_4002,0.60382887,0.65227284,0.17429243,0.24848693,0.42194117,0.15305405,0.13871671
2zuw_NDG_C_4003,0.60382887,0.65227284,0.17429243,0.24848693,0.42194117,0.15305405,0.13871671
2zuw_NDG_D_4004,0.60382887,0.65227284,0.17429243,0.24848693,0.42194117,0.15305405,0.13871671
2zvq_1NP_X_501,0.60382887,0.65227284,0.17429243,0.24848693,0.42194117,0.15305405,0.13871671
2zvq_1NP_X_502,0.60127064,2.6746594e-06,0.18012365,0.24826619,0.42733416,0.16178421,0.12125849
2zwt_CAM_A_422,0.60127063,0,0.18012367,0.24826619,0.42733419,0.16178424,0.12125842
2zyv_NPO_X_1602,0.60382887,0.65227284,0.17429243,0.24848693,0.42194117,0.15305405,0.13871671
3kt7_AKG_A_702,0.60513843,0.98618209,0.17130753,0.24859987,0.41918053,0.14858524,0.1476532
3mk1_NPO_A_912,0.6029559,0.42969763,0.17628232,0.24841158,0.42378149,0.1560332,0.13275911
3mk1_NPO_A_913,0.60515543,0.99051552,0.1712688,0.24860133,0.4191447,0.14852724,0.14776918
3qfx_CP6_A_602,0.60382887,0.65227284,0.17429243,0.24848693,0.42194117,0.15305405,0.13871671
3qfx_CP6_B_702,0.60382887,0.65227284,0.17429243,0.24848693,0.42194117,0.15305405,0.13871671
3qgz_ADN_A_127,0.60512842,0.98362888,0.17133036,0.248599,0.41920164,0.14861941,0.14758486
3qhd_795_A_167,0.60127084,5.4053409e-05,0.18012319,0.24826621,0.42733374,0.16178352,0.12125987
3qhd_CTN_A_165,0.60485782,0.91463334,0.17194716,0.24857566,0.41977209,0.14954284,0.14573822
3qhd_CTN_B_165,0.60509541,0.97521263,0.1714056,0.24859615,0.41927122,0.14873205,0.14735961
3qhd_MSR_A_166,0.60515701,0.99091825,0.17126519,0.24860147,0.41914137,0.14852185,0.14777996
3qk1_BEN_A_1010,0.60515997,0.99167222,0.17125845,0.24860172,0.41913514,0.14851176,0.14780014
3qss_MTG_A_405,0.60509935,0.9762163,0.17139663,0.24859649,0.41926292,0.14871862,0.14738647
3qss_MTG_B_405,0.60507851,0.97090356,0.17144412,0.2485947,0.41930685,0.14878973,0.14724428
3qt8_FM0_A_328,0.60382887,0.65227284,0.17429243,0.24848693,0.42194117,0.15305405,0.13871671
3qt8_FM0_B_328,0.60382887,0.65227284,0.17429243,0.24848693,0.42194117,0.15305405,0.13871671
3qwi_CUE_A_272,0.60382887,0.65227284,0.17429243,0.24848693,0.42194117,0.15305405,0.13871671
3qwi_CUE_B_272,0.60382887,0.65227284,0.17429243,0.24848693,0.42194117,0.15305405,0.13871671
3qwi_CUE_D_272,0.60382887,0.65227284,0.17429243,0.24848693,0.42194117,0.15305405,0.13871671
3qxx_8AC_A_221,0.60382887,0.65227284,0.17429243,0.24848693,0.42194117,0.15305405,0.13871671
3r3z_GOA_A_305,0.60382887,0.65227284,0.17429243,0.24848693,0.42194117,0.15305405,0.13871671
3r3z_GOA_C_305,0.60382887,0.65227284,0.17429243,0.24848693,0.42194117,0.15305405,0.13871671
3r3z_GOA_D_305,0.60382887,0.65227284,0.17429243,0.24848693,0.42194117,0.15305405,0.13871671
3r51_MMA_A_200,0.60505759,0.96556947,0.1714918,0.24859289,0.41935095,0.14886112,0.14710151
3ro7_TDR_A_300,0.60127063,0,0.18012367,0.24826619,0.42733419,0.16178424,0.12125842
3roe_THM_A_265,0.60382887,0.65227284,0.17429243,0.24848693,0.42194117,0.15305405,0.13871671
3roe_THM_C_265,0.60382887,0.65227284,0.17429243,0.24848693,0.42194117,0.15305405,0.13871671
3roe_THM_D_265,0.60382887,0.65227284,0.17429243,0.24848693,0.42194117,0.15305405,0.13871671
3roe_THM_E_265,0.60382887,0.65227284,0.17429243,0.24848693,0.42194117,0.15305405,0.13871671
3rop_NCA_A_302,0.60128917,0.0047277993,0.18008141,0.24826779,0.4272951,0.16172097,0.12138496
3rop_NCA_B_302,0.60130673,0.009204335,0.18004139,0.24826931,0.42725809,0.16166105,0.12150477
3ryd_SRT_A_267,0.60382887,0.65227284,0.17429243,0.24848693,0.42194117,0.15305405,0.13871671
3ryd_SRT_A_271,0.60382887,0.65227284,0.17429243,0.24848693,0.42194117,0.15305405,0.13871671
3ryd_SRT_C_268,0.60382887,0.65227284,0.17429243,0.24848693,0.42194117,0.15305405,0.13871671
3se2_3AB_C_4,0.60382887,0.65227284,0.17429243,0.24848693,0.42194117,0.15305405,0.13871671
3se2_3AB_D_3,0.60382887,0.65227284,0.17429243,0.24848693,0.42194117,0.15305405,0.13871671
3se2_LDR_B_2,0.60382887,0.65227284,0.17429243,0.24848693,0.42194117,0.15305405,0.13871671
3sj1_DXC_X_75,0.60512558,0.98290361,0.17133684,0.24859876,0.41920763,0.14862912,0.14756545
3sru_Q26_X_169,0.60382887,0.65227284,0.17429243,0.24848693,0.42194117,0.15305405,0.13871671
3t2e_F6R_A_3469,0.60477942,0.89464447,0.17212585,0.24856889,0.41993735,0.14981037,0.14520323
3t3q_9PL_A_501,0.60382887,0.65227284,0.17429243,0.24848693,0.42194117,0.15305405,0.13871671
3t3q_9PL_B_501,0.60382887,0.65227284,0.17429243,0.24848693,0.42194117,0.15305405,0.13871671
3t3q_9PL_C_501,0.60382887,0.65227284,0.17429243,0.24848693,0.42194117,0.15305405,0.13871671
3te7_TE7_B_1,0.60382887,0.65227284,0.17429243,0.24848693,0.42194117,0.15305405,0.13871671
3tky_N7I_B_369,0.60510656,0.97805599,0.17138018,0.24859712,0.41924771,0.148694,0.14743571
3tyn_CXW_A_800,0.60382887,0.65227284,0.17429243,0.24848693,0.42194117,0.15305405,0.13871671
3u1t_MLI_A_351,0.60382887,0.65227284,0.17429243,0.24848693,0.42194117,0.15305405,0.13871671
3u1t_MLI_B_350,0.60382887,0.65227284,0.17429243,0.24848693,0.42194117,0.15305405,0.13871671
3u3o_3QV_A_296,0.60382887,0.65227284,0.17429243,0.24848693,0.42194117,0.15305405,0.13871671
3ucc_2PG_A_601,0.60382887,0.65227284,0.17429243,0.24848693,0.42194117,0.15305405,0.13871671
3ucc_2PG_B_601,0.60382887,0.65227284,0.17429243,0.24848693,0.42194117,0.15305405,0.13871671
3ucl_CYH_A_543,0.60514597,0.98810365,0.17129036,0.24860052,0.41916464,0.14855952,0.14770463
3uud_EST_A_600,0.60382887,0.65227284,0.17429243,0.24848693,0.42194117,0.15305405,0.13871671
3uud_EST_B_600,0.60516533,0.99303972,0.17124623,0.24860219,0.41912383,0.14849346,0.14783674
3uwb_BB2_A_154,0.60382887,0.65227284,0.17429243,0.24848693,0.42194117,0.15305405,0.13871671
3v1m_HPK_A_288,0.41047012,0.44562483,0.18067604,0.44821903,0.6300582,0.15918111,0.41910781
3v1s_0LH_B_401,0.60517612,0.99579135,0.17122163,0.24860312,0.41910108,0.14845663,0.14791039
3v1v_GST_A_511,0.6047839,0.89578693,0.17211564,0.24856928,0.41992791,0.14979508,0.14523381
3v7u_MTA_A_301,0.60409303,0.71963435,0.17369038,0.24850968,0.42138432,0.1521527,0.14051915
3v7u_MTA_A_302,0.60498939,0.94818033,0.17164726,0.24858701,0.41949472,0.14909385,0.1466361
3v8n_5NB_A_301,0.60505811,0.96570269,0.17149061,0.24859294,0.41934985,0.14885934,0.14710508
3vbn_TYD_A_301,0.60127063,0,0.18012367,0.24826619,0.42733419,0.16178424,0.12125842
3vbn_TYD_C_301,0.60127063,0,0.18012367,0.24826619,0.42733419,0.16178424,0.12125842
3vbn_TYD_E_301,0.60127063,0,0.18012367,0.24826619,0.42733419,0.16178424,0.12125842
3vc3_C6P_B_501,0.60382887,0.65227284,0.17429243,0.24848693,0.42194117,0.15305405,0.13871671
3vc3_C6P_C_501,0.60382887,0.65227284,0.17429243,0.24848693,0.42194117,0.15305405,0.13871671
3vc3_C6P_F_501,0.60382887,0.65227284,0.17429243,0.24848693,0.42194117,0.15305405,0.13871671
3vca_PRO_A_504,0.60144565,0.044626171,0.17972473,0.24828129,0.42696522,0.16118697,0.12245282
3vcp_PRO_A_502,0.60127063,0,0.18012367,0.24826619,0.42733419,0.16178424,0.12125842
3vmg_9CA_B_2001,0.60127063,0,0.18012367,0.24826619,0.42733419,0.16178424,0.12125842
3vmg_9CA_C_2002,0.60127063,0,0.18012367,0.24826619,0.42733419,0.16178424,0.12125842
3vnj_PSJ_A_301,0.60127063,0,0.18012367,0.24826619,0.42733419,0.16178424,0.12125842
3vnj_PSJ_C_301,0.60127063,0,0.18012367,0.24826619,0.42733419,0.16178424,0.12125842
3vnj_PSJ_D_301,0.60127063,0,0.18012367,0.24826619,0.42733419,0.16178424,0.12125842
3vnm_SDD_A_301,0.60127063,0,0.18012367,0.24826619,0.42733419,0.16178424,0.12125842
3vnm_SDD_B_301,0.60478658,0.89647037,0.17210953,0.24856951,0.41992225,0.14978594,0.1452521
3vnm_SDD_C_301,0.60127063,0,0.18012367,0.24826619,0.42733419,0.16178424,0.12125842
3vq4_0NX_A_304,0.60512542,0.98286377,0.1713372,0.24859874,0.41920796,0.14862965,0.14756439
3vq4_0NX_A_305,0.60514789,0.9885928,0.17128598,0.24860068,0.4191606,0.14855298,0.14771772
3vq4_0NX_B_303,0.60510674,0.97810158,0.17137977,0.24859713,0.41924734,0.14869339,0.14743693
3vq5_MMJ_A_1007,0.60515547,0.99052549,0.17126871,0.24860134,0.41914462,0.14852711,0.14776945
3vq5_MMJ_B_307,0.60517976,0.99671805,0.17121335,0.24860343,0.41909342,0.14844423,0.14793519
3vqe_FMQ_A_1006,0.60301848,0.44565346,0.17613968,0.24841698,0.42364957,0.15581964,0.13318616
3vqe_FMQ_B_306,0.60313084,0.47430214,0.17588357,0.24842667,0.4234127,0.15543621,0.13395293
3vv5_SLZ_B_301,0.60464248,0.88280155,1.0541514e-37,0.24537973,0.41668224,0.14989317,0.14308833
3w4i_8LG_A_402,0.60382887,0.65227284,0.17429243,0.24848693,0.42194117,0.15305405,0.13871671
3w4i_8LG_B_402,0.60127063,0,0.18012367,0.24826619,0.42733419,0.16178424,0.12125842
3w4i_8LG_D_402,0.60127063,0,0.18012367,0.24826619,0.42733419,0.16178424,0.12125842
3w7f_FPS_A_301,0.60382887,0.65227284,0.17429243,0.24848693,0.42194117,0.15305405,0.13871671
3w7f_FPS_B_301,0.60382887,0.65227284,0.17429243,0.24848693,0.42194117,0.15305405,0.13871671
3w8x_FTK_B_601,0.60127063,0,0.18012367,0.24826619,0.42733419,0.16178424,0.12125842
3wat_BMA_B_404,0.60127063,0,0.18012367,0.24826619,0.42733419,0.16178424,0.12125842
3wca_FPS_A_501,0.60451797,0.82798246,0.17272179,0.24854634,0.42048851,0.15070257,0.14341905
3wca_FPS_B_401,0.60500055,0.95102449,0.17162183,0.24858797,0.41947121,0.14905579,0.14671222
3wca_FPS_C_401,0.6048139,0.90343579,0.17204726,0.24857187,0.41986467,0.14969271,0.14543853
3wca_FPS_C_402,0.60486129,0.91551948,0.17193923,0.24857596,0.41976476,0.14953098,0.14576194
3wca_FPS_D_401,0.60430057,0.772551,0.17321732,0.24852758,0.42094681,0.15144447,0.14193545
3wgc_PLG_A_401,0.60382887,0.65227284,0.17429243,0.24848693,0.42194117,0.15305405,0.13871671
3wgc_PLG_C_401,0.60382887,0.65227284,0.17429243,0.24848693,0.42194117,0.15305405,0.13871671
3wgc_PLG_D_401,0.60382887,0.65227284,0.17429243,0.24848693,0.42194117,0.15305405,0.13871671
3wjz_NUP_A_301,0.60127063,0,0.18012367,0.24826619,0.42733419,0.16178424,0.12125842
3wk1_O7E_A_301,0.60127063,0,0.18012367,0.24826619,0.42733419,0.16178424,0.12125842
3wlf_FEH_A_401,0.60382887,0.65227284,0.17429243,0.24848693,0.42194117,0.15305405,0.13871671
3wlf_FEH_B_401,0.60382887,0.65227284,0.17429243,0.24848693,0.42194117,0.15305405,0.13871671
3wlf_FEH_C_401,0.60382887,0.65227284,0.17429243,0.24848693,0.42194117,0.15305405,0.13871671
3wlf_FEH_D_401,0.60382887,0.65227284,0.17429243,0.24848693,0.42194117,0.15305405,0.13871671
3wqs_KBK_B_503,0.60382887,0.65227284,0.17429243,0.24848693,0.42194117,0.15305405,0.13871671
3wr4_GDE_B_502,0.60514326,0.98741293,0.17129653,0.24860028,0.41917035,0.14856877,0.14768614
3wsg_CIT_B_302,0.60382887,0.65227284,0.17429243,0.24848693,0.42194117,0.15305405,0.13871671
3wsg_CIT_C_302,0.60307828,0.4838645,0,0.24520228,0.41993588,0.15523144,0.1323867
3wsg_CIT_D_302,0.60382887,0.65227284,0.17429243,0.24848693,0.42194117,0.15305405,0.13871671
3wsg_CIT_E_302,0.60382887,0.65227284,0.17429243,0.24848693,0.42194117,0.15305405,0.13871671
3wug_XYP_B_1,0.60127063,0,0.18012367,0.24826619,0.42733419,0.16178424,0.12125842
3wug_XYP_B_2,0.60127063,0,0.18012367,0.24826619,0.42733419,0.16178424,0.12125842
3wug_XYP_C_2,0.60127063,0,0.18012367,0.24826619,0.42733419,0.16178424,0.12125842
3wur_O4B_A_201,0.601996,0.18494934,0.17847029,0.24832877,0.42580504,0.15930889,0.12620852
3wur_O4B_A_202,0.97220594,0.38204476,0.17631254,0.2607071,0.44272473,0.15694068,0.047832692
3wur_O4B_B_201,0.60382887,0.65227284,0.17429243,0.24848693,0.42194117,0.15305405,0.13871671
3wur_O4B_B_202,0.63647398,0.64215956,0.17217976,0.14850678,0.31800987,0.15147546,0
3wur_O4B_B_204,0.60149507,0.057226008,0.17961209,0.24828555,0.42686105,0.16101833,0.12279005
3wwc_BUA_A_402,0.60382887,0.65227284,0.17429243,0.24848693,0.42194117,0.15305405,0.13871671
3wwc_BUA_A_403,0.60382887,0.65227284,0.17429243,0.24848693,0.42194117,0.15305405,0.13871671
3wxo_NIZ_A_802,0.60498984,0.94829447,0.17164624,0.24858705,0.41949378,0.14909233,0.14663915
3wxo_NIZ_A_803,0.60516353,0.99258045,0.17125034,0.24860203,0.41912763,0.1484996,0.14782445
3wxo_NIZ_A_804,0.60127786,0.0018437698,0.18010719,0.24826682,0.42731894,0.16175957,0.12130777
3wzo_ZOE_B_201,0.60382887,0.65227284,0.17429243,0.24848693,0.42194117,0.15305405,0.13871671
3wzo_ZOE_C_201,0.60382887,0.65227284,0.17429243,0.24848693,0.42194117,0.15305405,0.13871671
3wzo_ZOE_D_201,0.60382887,0.65227284,0.17429243,0.24848693,0.42194117,0.15305405,0.13871671
3zbs_OVE_A_1380,0.60516662,0.99336901,0.17124329,0.2486023,0.41912111,0.14848905,0.14784555
3zcm_PX3_A_1214,0.60509626,0.97542855,0.17140367,0.24859623,0.41926944,0.14872916,0.14736538
3zcm_PX3_B_1216,0.60382887,0.65227284,0.17429243,0.24848693,0.42194117,0.15305405,0.13871671
3zjq_NCA_A_300,0.60514963,0.98903597,0.17128202,0.24860083,0.41915693,0.14854704,0.14772958
3zjq_NCA_B_300,0.6051457,0.98803469,0.17129097,0.24860049,0.41916521,0.14856045,0.14770278
3zks_WZV_A_1398,0.60506099,0.96643685,0.17148405,0.24859319,0.41934378,0.14884951,0.14712473
3zp7_PRE_A_1118,0.60118109,0,0,0.24498705,0.42388217,0.16170614,0.11940687
3zr0_8OG_A_1157,0.60382887,0.65227284,0.17429243,0.24848693,0.42194117,0.15305405,0.13871671
3zr0_8OG_B_1157,0.60382887,0.65227284,0.17429243,0.24848693,0.42194117,0.15305405,0.13871671
3zv6_4HB_A_1277,0.60479532,0.89869674,0.17208962,0.24857027,0.41990385,0.14975614,0.14531169
3zwe_FUC_A_110,0.60382887,0.65227284,0.17429243,0.24848693,0.42194117,0.15305405,0.13871671
3zwe_FUC_B_110,0.60382887,0.65227284,0.17429243,0.24848693,0.42194117,0.15305405,0.13871671
3zwe_FUC_C_110,0.60382887,0.65227284,0.17429243,0.24848693,0.42194117,0.15305405,0.13871671
3zwt_ORO_A_1398,0.60382887,0.65227284,0.17429243,0.24848693,0.42194117,0.15305405,0.13871671
3zyx_MBT_A_601,0.60127063,0,0.18012367,0.24826619,0.42733419,0.16178424,0.12125842
3zyx_MBT_B_601,0.60127063,0,0.18012367,0.24826619,0.42733419,0.16178424,0.12125842
3zzm_JLN_A_1526,0.60382887,0.65227284,0.17429243,0.24848693,0.42194117,0.15305405,0.13871671
3zzv_FUC_B_401,0.60499847,0.97359332,4.2725195e-43,0.24542011,0.41594176,0.14867827,0.14552385
4a01_2PN_A_1773,0.60382887,0.65227284,0.17429243,0.24848693,0.42194117,0.15305405,0.13871671
4a3u_NCA_A_1359,0.60382887,0.65227284,0.17429243,0.24848693,0.42194117,0.15305405,0.13871671
4a3u_NCA_B_1359,0.60382887,0.65227284,0.17429243,0.24848693,0.42194117,0.15305405,0.13871671
4a78_JZ3_A_1296,0.60382887,0.65227284,0.17429243,0.24848693,0.42194117,0.15305405,0.13871671
4a7a_RGZ_A_601,0.60516218,0.99223694,0.17125341,0.24860191,0.41913047,0.1485042,0.14781525
4a7a_RGZ_B_601,0.60516273,0.99237717,0.17125215,0.24860196,0.41912931,0.14850233,0.14781901
4a7x_UDP_B_1241,0.60382887,0.65227284,0.17429243,0.24848693,0.42194117,0.15305405,0.13871671
4a8p_PAO_A_1340,0.60382887,0.65227284,0.17429243,0.24848693,0.42194117,0.15305405,0.13871671
4a8p_PAO_B_1340,0.98914774,0.98281577,0.17604802,0.50370384,0.69495888,0.15309057,0.20135706
4a8p_PAO_D_1340,0.60382887,0.65227284,0.17429243,0.24848693,0.42194117,0.15305405,0.13871671
4a8p_PAO_E_1338,0.60382887,0.65227284,0.17429243,0.24848693,0.42194117,0.15305405,0.13871671
4a9j_TYL_A_1188,0.60515846,0.99128895,0.17126188,0.24860159,0.4191383,0.14851689,0.14778988
4adl_LMR_D_1468,0.60382887,0.65227284,0.17429243,0.24848693,0.42194117,0.15305405,0.13871671
4adm_SRT_C_1466,0.60382887,0.65227284,0.17429243,0.24848693,0.42194117,0.15305405,0.13871671
4ajj_88R_C_1335,0.60512286,0.98221044,0.17134304,0.24859852,0.41921336,0.1486384,0.1475469
4ajj_88S_A_1332,0.60382887,0.65227284,0.17429243,0.24848693,0.42194117,0.15305405,0.13871671
4ajj_88S_B_1332,0.60382887,0.65227284,0.17429243,0.24848693,0.42194117,0.15305405,0.13871671
4ajj_88S_C_1334,0.60382887,0.65227284,0.17429243,0.24848693,0.42194117,0.15305405,0.13871671
4ajj_88S_D_1332,0.60382887,0.65227284,0.17429243,0.24848693,0.42194117,0.15305405,0.13871671
4ajj_MLI_D_1333,0.60382887,0.65227284,0.17429243,0.24848693,0.42194117,0.15305405,0.13871671
4al9_GLA_A_1123,0.60512453,0.982636,0.17133924,0.24859867,0.41920985,0.1486327,0.14755829
4al9_GLA_B_1123,0.60508169,0.97171405,0.17143687,0.24859497,0.41930015,0.14877888,0.14726597
4al9_GLA_C_1123,0.60509437,0.97494753,0.17140797,0.24859606,0.41927341,0.1487356,0.14735251
4al9_GLA_D_1123,0.605067,0.96796943,0.17147035,0.2485937,0.41933111,0.148829,0.14716574
4al9_GLA_G_1123,0.60505422,0.96471079,0.17149948,0.2485926,0.41935805,0.14887261,0.14707853
4aql_TXC_A_1452,0.60127063,0,0.18012367,0.24826619,0.42733419,0.16178424,0.12125842
4aw0_MJF_A_600,0.60127063,0,0.18012367,0.24826619,0.42733419,0.16178424,0.12125842
4b1f_DGL_A_1257,0.60382887,0.65227284,0.17429243,0.24848693,0.42194117,0.15305405,0.13871671
4b1f_DGL_B_1256,0.60382887,0.65227284,0.17429243,0.24848693,0.42194117,0.15305405,0.13871671
4b1f_KRH_A_1256,0.60382887,0.65227284,0.17429243,0.24848693,0.42194117,0.15305405,0.13871671
4b1f_KRH_B_1257,0.60382887,0.65227284,0.17429243,0.24848693,0.42194117,0.15305405,0.13871671
4b1y_LAB_B_1376,0.60382887,0.65227284,0.17429243,0.24848693,0.42194117,0.15305405,0.13871671
4b5v_E8U_A_1253,0.60382887,0.65227284,0.17429243,0.24848693,0.42194117,0.15305405,0.13871671
4b5v_E8U_B_1254,0.60382887,0.65227284,0.17429243,0.24848693,0.42194117,0.15305405,0.13871671
4b98_PXG_A_470,0.60382887,0.65227284,0.17429243,0.24848693,0.42194117,0.15305405,0.13871671
4b98_PXG_C_470,0.60382887,0.65227284,0.17429243,0.24848693,0.42194117,0.15305405,0.13871671
4b98_PXG_D_470,0.60382887,0.65227284,0.17429243,0.24848693,0.42194117,0.15305405,0.13871671
4bbx_LKF_B_1760,0.60127063,0,0.18012367,0.24826619,0.42733419,0.16178424,0.12125842
4bdr_CYS_B_804,0.60378304,0.64059435,0.17439697,0.24848294,0.42203781,0.15321057,0.13840368
4bdr_KAI_B_900,0.60382887,0.65227284,0.17429243,0.24848693,0.42194117,0.15305405,0.13871671
4bq5_GAL_C_1,0.60382887,0.65227284,0.17429243,0.24848693,0.42194117,0.15305405,0.13871671
4bu7_25F_A_2165,0.60127063,0,0.18012367,0.24826619,0.42733419,0.16178424,0.12125842
4bu7_25F_C_2165,0.60127063,0,0.18012367,0.24826619,0.42733419,0.16178424,0.12125842
4buf_F36_A_2162,0.97707337,0,0.17972174,0.26079115,0.44619861,0.16205852,0.036257946
4buf_F36_B_2162,0.60127063,0,0.18012367,0.24826619,0.42733419,0.16178424,0.12125842
4buv_16I_A_2165,0.60127063,0,0.18012367,0.24826619,0.42733419,0.16178424,0.12125842
4buv_16I_C_2165,0.60127063,0,0.18012367,0.24826619,0.42733419,0.16178424,0.12125842
4bux_F35_A_2166,0.60127063,0,0.18012367,0.24826619,0.42733419,0.16178424,0.12125842
4bux_F35_C_2165,0.60127063,0,0.18012367,0.24826619,0.42733419,0.16178424,0.12125842
4bvh_OCZ_A_1393,0.60127063,0,0.18012367,0.24826619,0.42733419,0.16178424,0.12125842
4bvh_OCZ_B_1392,0.60127063,0,0.18012367,0.24826619,0.42733419,0.16178424,0.12125842
4bvh_OCZ_C_1394,0.60127063,0,0.18012367,0.24826619,0.42733419,0.16178424,0.12125842
4bz6_SHH_A_700,0.60495624,0.93972826,0.17172282,0.24858415,0.4195646,0.14920698,0.14640988
4bz6_SHH_B_700,0.60500233,0.95147877,0.17161777,0.24858812,0.41946745,0.14904971,0.14672438
4bz6_SHH_C_700,0.60498337,0.94664435,0.17166099,0.24858649,0.41950742,0.14911441,0.14659499
4c2p_X8Z_A_709,0.60498247,0.94641592,0.17166303,0.24858641,0.41950931,0.14911747,0.14658887
4c2z_646_B_1498,0.60382887,0.65227284,0.17429243,0.24848693,0.42194117,0.15305405,0.13871671
4c67_L5S_A_1170,0.60382887,0.65227284,0.17429243,0.24848693,0.42194117,0.15305405,0.13871671
4c7g_NGO_A_1495,0.60382887,0.65227284,0.17429243,0.24848693,0.42194117,0.15305405,0.13871671
4can_M7K_A_800,0.60382887,0.65227284,0.17429243,0.24848693,0.42194117,0.15305405,0.13871671
4can_M7K_B_800,0,0.9803628,0.17200761,0.22843834,0.38885544,0.14822152,0.28446966
4ccu_AWF_A_1500,0.60513595,0.98554819,0.1713132,0.24859965,0.41918577,0.14859372,0.14763623
4cdt_M48_A_801,0.60382887,0.65227284,0.17429243,0.24848693,0.42194117,0.15305405,0.13871671
4cdt_M48_B_801,0.60382887,0.65227284,0.17429243,0.24848693,0.42194117,0.15305405,0.13871671
4cjs_L0Y_A_1217,0.60382887,0.65227284,0.17429243,0.24848693,0.42194117,0.15305405,0.13871671
4cjs_L0Y_B_1217,0.60506235,0.96678194,0.17148097,0.2485933,0.41934093,0.14884489,0.14713396
4cju_JNS_A_1217,0.60488468,0.92148333,0.17188592,0.24857798,0.41971545,0.14945116,0.14592156
4cju_JNS_B_1214,0.60512491,0.98273282,0.17133837,0.2485987,0.41920905,0.1486314,0.14756088
4cjv_IV2_A_1212,0.60518106,0.99705003,0.17121038,0.24860354,0.41909067,0.14843978,0.14794408
4cjw_CBJ_A_1215,0.60382887,0.65227284,0.17429243,0.24848693,0.42194117,0.15305405,0.13871671
4cjw_CBJ_B_1217,0.60382887,0.65227284,0.17429243,0.24848693,0.42194117,0.15305405,0.13871671
4cld_JUO_A_1270,0.60382887,0.65227284,0.17429243,0.24848693,0.42194117,0.15305405,0.13871671
4cld_JUO_C_1270,0.60382887,0.65227284,0.17429243,0.24848693,0.42194117,0.15305405,0.13871671
4cld_JUO_D_1270,0.60382887,0.65227284,0.17429243,0.24848693,0.42194117,0.15305405,0.13871671
4cle_JR2_A_1270,0.60382887,0.65227284,0.17429243,0.24848693,0.42194117,0.15305405,0.13871671
4cle_JR2_A_1271,0.60382887,0.65227284,0.17429243,0.24848693,0.42194117,0.15305405,0.13871671
4cle_JR2_B_1270,0.60382887,0.65227284,0.17429243,0.24848693,0.42194117,0.15305405,0.13871671
4cle_JR2_C_1270,0.60382887,0.65227284,0.17429243,0.24848693,0.42194117,0.15305405,0.13871671
4cle_JR2_D_1270,0.60382887,0.65227284,0.17429243,0.24848693,0.42194117,0.15305405,0.13871671
4cle_JR2_D_1271,0.60382887,0.65227284,0.17429243,0.24848693,0.42194117,0.15305405,0.13871671
4clo_XP0_B_1270,0.60382887,0.65227284,0.17429243,0.24848693,0.42194117,0.15305405,0.13871671
4clo_XP0_D_1270,0.60382887,0.65227284,0.17429243,0.24848693,0.42194117,0.15305405,0.13871671
4clr_FDB_A_1270,0.60382887,0.65227284,0.17429243,0.24848693,0.42194117,0.15305405,0.13871671
4clr_FDB_B_1270,0.60382887,0.65227284,0.17429243,0.24848693,0.42194117,0.15305405,0.13871671
4clr_FDB_C_1270,0.60382887,0.65227284,0.17429243,0.24848693,0.42194117,0.15305405,0.13871671
4clr_FDB_D_1270,0.60382887,0.65227284,0.17429243,0.24848693,0.42194117,0.15305405,0.13871671
4cme_KTZ_B_1270,0.60382887,0.65227284,0.17429243,0.24848693,0.42194117,0.15305405,0.13871671
4cme_KTZ_C_1270,0.60382887,0.65227284,0.17429243,0.24848693,0.42194117,0.15305405,0.13871671
4cme_KTZ_D_1270,0.60067828,0,0.18004864,0.24557875,0.42448989,0,0.11989208
4cmk_FQW_B_1270,0.55385271,0.65291098,0.16939752,1.06654e-49,0.17451293,0.14898316,0.013417768
4cmk_FQW_D_1270,0.60382887,0.65227284,0.17429243,0.24848693,0.42194117,0.15305405,0.13871671
4cno_9PY_B_301,0.60382887,0.65227284,0.17429243,0.24848693,0.42194117,0.15305405,0.13871671
4cno_9PY_C_301,0.60382887,0.65227284,0.17429243,0.24848693,0.42194117,0.15305405,0.13871671
4cno_9PY_D_301,0.60382887,0.65227284,0.17429243,0.24848693,0.42194117,0.15305405,0.13871671
4cpp_ADM_A_422,0.60493803,0.9350857,0.17176432,0.24858258,0.41960299,0.14926911,0.14628562
4crg_J4X_A_1493,0.60382887,0.65227284,0.17429243,0.24848693,0.42194117,0.15305405,0.13871671
4cvb_PQQ_A_1608,0.60382887,0.65227284,0.17429243,0.24848693,0.42194117,0.15305405,0.13871671
4cw2_XDS_A_1303,0.60382887,0.65227284,0.17429243,0.24848693,0.42194117,0.15305405,0.13871671
4cx6_Q16_A_800,0.60382887,0.65227284,0.17429243,0.24848693,0.42194117,0.15305405,0.13871671
4cxr_2BG_A_502,0.60517017,0.9942728,0.17123521,0.2486026,0.41911363,0.14847695,0.14786974
4d06_NAR_A_301,0.60382887,0.65227284,0.17429243,0.24848693,0.42194117,0.15305405,0.13871671
4d06_NAR_C_301,0.60382887,0.65227284,0.17429243,0.24848693,0.42194117,0.15305405,0.13871671
4d06_NAR_D_302,0.60382887,0.65227284,0.17429243,0.24848693,0.42194117,0.15305405,0.13871671
4d06_NAR_E_301,0.60382887,0.65227284,0.17429243,0.24848693,0.42194117,0.15305405,0.13871671
4d06_NAR_F_301,0.60382887,0.65227284,0.17429243,0.24848693,0.42194117,0.15305405,0.13871671
4d06_NAR_F_302,0.60382887,0.65227284,0.17429243,0.24848693,0.42194117,0.15305405,0.13871671
4d0z_BBK_A_1581,0.60495029,0.9382103,0.17173639,0.24858363,0.41957715,0.14922729,0.14636925
4d0z_BBK_B_1580,0.60127063,0,0.18012367,0.24826619,0.42733419,0.16178424,0.12125842
4d0z_BBK_E_1584,0.60127063,0,0.18012367,0.24826619,0.42733419,0.16178424,0.12125842
4d2c_ALA_A_508,0.6050878,0.97327179,0.17142295,0.2485955,0.41928727,0.14875803,0.14730766
4d3s_BOG_F_1000,0.60382887,0.65227284,0.17429243,0.24848693,0.42194117,0.15305405,0.13871671
4d4u_FUC_B_950,0.6051553,0.99048334,0.17126908,0.24860132,0.41914496,0.14852767,0.14776832
4d5e_TPP_A_1589,0.60382887,0.65227284,0.17429243,0.24848693,0.42194117,0.15305405,0.13871671
4d5e_TPP_B_1590,0.60382887,0.65227284,0.17429243,0.24848693,0.42194117,0.15305405,0.13871671
4d6z_PK9_A_1600,0.60417321,0.74007658,0.17350764,0.2485166,0.4212153,0.1518791,0.14106628
4d96_5PA_A_501,0.60382887,0.65227284,0.17429243,0.24848693,0.42194117,0.15305405,0.13871671
4d96_5PA_B_501,0.60382887,0.65227284,0.17429243,0.24848693,0.42194117,0.15305405,0.13871671
4d96_5PA_C_402,0.60382887,0.65227284,0.17429243,0.24848693,0.42194117,0.15305405,0.13871671
4d96_5PA_D_501,0.60382887,0.65227284,0.17429243,0.24848693,0.42194117,0.15305405,0.13871671
4dab_HPA_A_301,0.60382887,0.65227284,0.17429243,0.24848693,0.42194117,0.15305405,0.13871671
4dch_4DC_A_502,0.60127063,0,0.18012367,0.24826619,0.42733419,0.16178424,0.12125842
4dch_GLC_A_501,0.60512797,0.98351441,0.17133138,0.24859896,0.41920258,0.14862094,0.1475818
4dd8_BAT_A_1000,0.60382887,0.65227284,0.17429243,0.24848693,0.42194117,0.15305405,0.13871671
4dd8_BAT_B_1000,0.60382887,0.65227284,0.17429243,0.24848693,0.42194117,0.15305405,0.13871671
4dd8_BAT_C_1000,0.60382887,0.65227284,0.17429243,0.24848693,0.42194117,0.15305405,0.13871671
4dd8_BAT_D_1000,0.60382887,0.65227284,0.17429243,0.24848693,0.42194117,0.15305405,0.13871671
4do1_ANN_A_502,0.60512254,0.98213036,0.17134376,0.2485985,0.41921403,0.14863947,0.14754476
4do1_ANN_B_502,0.6051363,0.98563776,0.1713124,0.24859968,0.41918503,0.14859253,0.14763863
4do1_ANN_D_502,0.60511172,0.97936974,0.17136843,0.24859756,0.41923685,0.14867642,0.14747087
4dt8_ADN_A_401,0.60515468,0.99032548,0.17127049,0.24860127,0.41914627,0.14852979,0.1477641
4dt8_ADN_B_401,0.60513582,0.98551584,0.17131349,0.24859964,0.41918604,0.14859416,0.14763537
4dtb_GMP_B_401,0.60382887,0.65227284,0.17429243,0.24848693,0.42194117,0.15305405,0.13871671
4du7_DP6_A_401,0.60382887,0.65227284,0.17429243,0.24848693,0.42194117,0.15305405,0.13871671
4dvw_0M4_A_512,0.74357877,0.98815446,0.17114073,0.25321383,0.42612248,0.14866001,0.11623816
4dwv_PFB_A_378,0.60512671,0.98319331,0.17133425,0.24859885,0.41920524,0.14862524,0.14757321
4dwv_PFB_B_378,0.60512198,0.98198648,0.17134504,0.24859845,0.41921522,0.14864139,0.14754091
4e7v_CRS_1_101,0.60382887,0.65227284,0.17429243,0.24848693,0.42194117,0.15305405,0.13871671
4e7v_CRS_3_101,0.60382887,0.65227284,0.17429243,0.24848693,0.42194117,0.15305405,0.13871671
4e7v_CRS_A_101,0.60382887,0.65227284,0.17429243,0.24848693,0.42194117,0.15305405,0.13871671
4e7v_CRS_C_101,0.60382887,0.65227284,0.17429243,0.24848693,0.42194117,0.15305405,0.13871671
4e7v_CRS_E_101,0.60382887,0.65227284,0.17429243,0.24848693,0.42194117,0.15305405,0.13871671
4e7v_CRS_G_101,0.60382887,0.65227284,0.17429243,0.24848693,0.42194117,0.15305405,0.13871671
4e7v_CRS_I_101,0.60382887,0.65227284,0.17429243,0.24848693,0.42194117,0.15305405,0.13871671
4e7v_CRS_K_101,0.60382887,0.65227284,0.17429243,0.24848693,0.42194117,0.15305405,0.13871671
4e7v_CRS_M_101,0.60382887,0.65227284,0.17429243,0.24848693,0.42194117,0.15305405,0.13871671
4e7v_CRS_O_101,0.60382887,0.65227284,0.17429243,0.24848693,0.42194117,0.15305405,0.13871671
4e7v_CRS_Q_101,0.60382887,0.65227284,0.17429243,0.24848693,0.42194117,0.15305405,0.13871671
4e7v_CRS_S_101,0.60382887,0.65227284,0.17429243,0.24848693,0.42194117,0.15305405,0.13871671
4e7v_CRS_U_101,0.60403421,0.64963649,0.1743363,0.24946396,0.42299117,0.21048884,0.13916486
4e7v_CRS_Y_101,0.60382887,0.65227284,0.17429243,0.24848693,0.42194117,0.15305405,0.13871671
4e9z_651_A_301,0.60382887,0.65227284,0.17429243,0.24848693,0.42194117,0.15305405,0.13871671
4ea0_651_A_306,0.60382887,0.65227284,0.17429243,0.24848693,0.42194117,0.15305405,0.13871671
4ea0_651_B_305,0.60382887,0.65227284,0.17429243,0.24848693,0.42194117,0.15305405,0.13871671
4eip_K2C_A_601,0.60382887,0.65227284,0.17429243,0.24848693,0.42194117,0.15305405,0.13871671
4ejh_0QA_A_502,0.60382887,0.65227284,0.17429243,0.24848693,0.42194117,0.15305405,0.13871671
4ejh_0QA_D_502,0.60382887,0.65227284,0.17429243,0.24848693,0.42194117,0.15305405,0.13871671
4ejh_0QA_E_502,0.60382887,0.65227284,0.17429243,0.24848693,0.42194117,0.15305405,0.13871671
4ejh_0QA_F_502,0.60118109,0,0,0.24498705,0.42388217,0.16170614,0.11940687
4ek1_CAM_B_502,0.60127063,0,0.18012367,0.24826619,0.42733419,0.16178424,0.12125842
4ekr_0R0_A_202,0.60516036,0.99177384,0.17125755,0.24860176,0.41913429,0.1485104,0.14780286
4ekr_0R0_A_203,0.60496382,0.94166089,0.17170554,0.2485848,0.41954862,0.14918111,0.14646161
4ekr_0R0_B_203,0.60516155,0.99207739,0.17125483,0.24860186,0.41913179,0.14850634,0.14781098
4evi_C9M_A_402,0.60382887,0.65227284,0.17429243,0.24848693,0.42194117,0.15305405,0.13871671
4evi_N7I_B_401,0.60382887,0.65227284,0.17429243,0.24848693,0.42194117,0.15305405,0.13871671
4evq_PHB_A_406,0.605164,0.99270094,0.17124926,0.24860207,0.41912663,0.14849799,0.14782767
4f06_PHB_A_401,0.60382887,0.65227284,0.17429243,0.24848693,0.42194117,0.15305405,0.13871671
4f8n_GAL_A_204,0.60504524,0.96241952,0.17151996,0.24859183,0.41937699,0.14890328,0.1470172
4fa2_SB0_A_402,0.60382887,0.65227284,0.17429243,0.24848693,0.42194117,0.15305405,0.13871671
4fra_GAL_A_402,0.60382887,0.65227284,0.17429243,0.24848693,0.42194117,0.15305405,0.13871671
4fxr_BMP_A_301,0.60500702,0.9526753,0.17160707,0.24858853,0.41945756,0.14903369,0.1467564
4fxr_BMP_B_301,0.60504244,0.96170767,0.17152633,0.24859159,0.41938288,0.1489128,0.14699815
4g1q_T27_A_601,0.60382887,0.65227284,0.17429243,0.24848693,0.42194117,0.15305405,0.13871671
4g1x_TQU_A_409,0.60382887,0.65227284,0.17429243,0.24848693,0.42194117,0.15305405,0.13871671
4g1x_TQU_A_410,0.60382887,0.65227284,0.17429243,0.24848693,0.42194117,0.15305405,0.13871671
4gcq_0JM_B_401,0.60507714,0.97055429,0.17144724,0.24859458,0.41930974,0.1487944,0.14723493
4gh8_MTX_B_201,0.60382887,0.65227284,0.17429243,0.24848693,0.42194117,0.15305405,0.13871671
4ghf_4NC_D_402,0.60382887,0.65227284,0.17429243,0.24848693,0.42194117,0.15305405,0.13871671
4gim_PSU_A_400,0.60382887,0.65227284,0.17429243,0.24848693,0.42194117,0.15305405,0.13871671
4gim_PSU_B_400,0.60382887,0.65227284,0.17429243,0.24848693,0.42194117,0.15305405,0.13871671
4gmu_OXL_A_705,0.60382887,0.65227284,0.17429243,0.24848693,0.42194117,0.15305405,0.13871671
4gnp_PEP_A_703,0.60382887,0.65227284,0.17429243,0.24848693,0.42194117,0.15305405,0.13871671
4gps_CIT_A_501,0.60382887,0.65227284,0.17429243,0.24848693,0.42194117,0.15305405,0.13871671
4gt9_UMP_A_302,0.60382887,0.65227284,0.17429243,0.24848693,0.42194117,0.15305405,0.13871671
4gy9_ZIP_A_201,0.60382887,0.65227284,0.17429243,0.24848693,0.42194117,0.15305405,0.13871671
4h0x_LAR_B_403,0.60512995,0.98401795,0.17132688,0.24859913,0.41919842,0.1486142,0.14759528
4h4c_10D_A_402,0.60382887,0.65227284,0.17429243,0.24848693,0.42194117,0.15305405,0.13871671
4h4c_10D_B_402,0.60382887,0.65227284,0.17429243,0.24848693,0.42194117,0.15305405,0.13871671
4h9g_14J_A_512,0.60510314,0.97718225,0.17138799,0.24859682,0.41925494,0.14870569,0.14741232
4h9x_HL4_A_404,0.60382887,0.65227284,0.17429243,0.24848693,0.42194117,0.15305405,0.13871671
4h9x_HL4_B_404,0.60382887,0.65227284,0.17429243,0.24848693,0.42194117,0.15305405,0.13871671
4hey_4MZ_A_303,0.8082825,0,0.17547221,0.24828796,0,0.15828854,0
4hey_4MZ_A_307,0.60127063,0,0.18012367,0.24826619,0.42733419,0.16178424,0.12125842
4hez_1MZ_A_304,0.60441261,0.80111648,0.17296196,0.24853725,0.42071063,0.15106215,0.14269999
4hez_1MZ_A_306,0.60517664,0.99592302,0.17122045,0.24860316,0.41909999,0.14845487,0.14791391
4hgg_SYN_B_502,0.60496809,0.94275026,0.1716958,0.24858517,0.41953962,0.14916653,0.14649076
4hon_AKG_A_401,0.60382887,0.65227284,0.17429243,0.24848693,0.42194117,0.15305405,0.13871671
4hon_AKG_B_401,0.60382887,0.65227284,0.17429243,0.24848693,0.42194117,0.15305405,0.13871671
4hoz_GLC_A_703,0.60382887,0.65227284,0.17429243,0.24848693,0.42194117,0.15305405,0.13871671
4hrq_AZG_A_201,0.60382887,0.65227284,0.17429243,0.24848693,0.42194117,0.15305405,0.13871671
4hzf_CMP_A_302,0.60382887,0.65227284,0.17429243,0.24848693,0.42194117,0.15305405,0.13871671
4i02_CMP_A_301,0.60382887,0.65227284,0.17429243,0.24848693,0.42194117,0.15305405,0.13871671
4i02_CMP_A_302,0.60382887,0.65227284,0.17429243,0.24848693,0.42194117,0.15305405,0.13871671
4i02_CMP_B_302,0.60382887,0.65227284,0.17429243,0.24848693,0.42194117,0.15305405,0.13871671
4i02_CMP_C_301,0.60382887,0.65227284,0.17429243,0.24848693,0.42194117,0.15305405,0.13871671
4i02_CMP_D_301,0.60382887,0.65227284,0.17429243,0.24848693,0.42194117,0.15305405,0.13871671
4i02_CMP_D_302,0.92813279,0.98902808,0.18400612,0.99392057,0.99073737,0.15944026,0.43445343
4i02_CMP_F_301,0.60382887,0.65227284,0.17429243,0.24848693,0.42194117,0.15305405,0.13871671
4i0b_CMP_A_302,0.60510062,0.97654145,0.17139372,0.2485966,0.41926023,0.14871427,0.14739517
4i0g_1B9_A_504,0.60382887,0.65227284,0.17429243,0.24848693,0.42194117,0.15305405,0.13871671
4i2p_G73_A_601,0.60382887,0.65227284,0.17429243,0.24848693,0.42194117,0.15305405,0.13871671
4i4v_NGA_A_201,0.60382887,0.65227284,0.17429243,0.24848693,0.42194117,0.15305405,0.13871671
4i4v_NGA_A_202,0.60382887,0.65227284,0.17429243,0.24848693,0.42194117,0.15305405,0.13871671
4i4v_NGA_B_201,0.60382887,0.65227284,0.17429243,0.24848693,0.42194117,0.15305405,0.13871671
4i4v_NGA_D_201,0.60382887,0.65227284,0.17429243,0.24848693,0.42194117,0.15305405,0.13871671
4i4v_NGA_D_202,0.60382887,0.65227284,0.17429243,0.24848693,0.42194117,0.15305405,0.13871671
4i6s_FUC_A_101,0.60382887,0.65227284,0.17429243,0.24848693,0.42194117,0.15305405,0.13871671
4i6s_FUC_A_102,0,0.92303043,0.17252001,0.22842661,0.38934009,0.148989,0.28289814
4i6s_FUC_B_101,0.60382887,0.65227284,0.17429243,0.24848693,0.42194117,0.15305405,0.13871671
4i6s_FUC_B_102,0.60504387,0.96207217,0.17152307,0.24859171,0.41937987,0.14890793,0.14700791
4i6s_FUC_C_101,0.60507257,0.96938942,0.17145766,0.24859418,0.41931937,0.14880999,0.14720375
4i6w_1CO_A_501,0.60382887,0.65227284,0.17429243,0.24848693,0.42194117,0.15305405,0.13871671
4i6w_1CO_B_1001,0.60382887,0.65227284,0.17429243,0.24848693,0.42194117,0.15305405,0.13871671
4i6y_MEV_A_501,0.60382887,0.65227284,0.17429243,0.24848693,0.42194117,0.15305405,0.13871671
4i6y_MEV_B_1001,0.60382887,0.65227284,0.17429243,0.24848693,0.42194117,0.15305405,0.13871671
4i7n_1DJ_A_202,0.60382887,0.65227284,0.17429243,0.24848693,0.42194117,0.15305405,0.13871671
4i7n_1DJ_B_203,0.60382887,0.65227284,0.17429243,0.24848693,0.42194117,0.15305405,0.13871671
4i9n_1E5_A_402,0.60382887,0.65227284,0.17429243,0.24848693,0.42194117,0.15305405,0.13871671
4i9n_1E5_B_402,0.60382887,0.65227284,0.17429243,0.24848693,0.42194117,0.15305405,0.13871671
4i9n_1E5_C_402,0.60382887,0.65227284,0.17429243,0.24848693,0.42194117,0.15305405,0.13871671
4i9n_1E5_D_402,0.60382887,0.65227284,0.17429243,0.24848693,0.42194117,0.15305405,0.13871671
4i9n_1E5_F_402,0.60382887,0.65227284,0.17429243,0.24848693,0.42194117,0.15305405,0.13871671
4i9n_1E5_G_402,0.60382887,0.65227284,0.17429243,0.24848693,0.42194117,0.15305405,0.13871671
4i9n_1E6_A_401,0.60382887,0.65227284,0.17429243,0.24848693,0.42194117,0.15305405,0.13871671
4i9n_1E6_D_401,0.94817512,0.98167436,0.17097929,0.26002907,0.43644943,0.14889611,0.069712729
4i9n_1E6_F_401,0.60382887,0.65227284,0.17429243,0.24848693,0.42194117,0.15305405,0.13871671
4i9n_1E6_G_401,0.60382887,0.65227284,0.17429243,0.24848693,0.42194117,0.15305405,0.13871671
4i9n_1E6_H_401,0.60382887,0.65227284,0.17429243,0.24848693,0.42194117,0.15305405,0.13871671
4ict_1ED_A_406,0.60382887,0.65227284,0.17429243,0.24848693,0.42194117,0.15305405,0.13871671
4ioq_BAQ_A_201,0.60382887,0.65227284,0.17429243,0.24848693,0.42194117,0.15305405,0.13871671
4iph_1FJ_A_201,0.60382887,0.65227284,0.17429243,0.24848693,0.42194117,0.15305405,0.13871671
4itu_1HS_A_302,0.60382887,0.65227284,0.17429243,0.24848693,0.42194117,0.15305405,0.13871671
4itu_1HS_B_302,0.60382887,0.65227284,0.17429243,0.24848693,0.42194117,0.15305405,0.13871671
4itu_1HS_C_302,0.60382887,0.65227284,0.17429243,0.24848693,0.42194117,0.15305405,0.13871671
4itu_1HS_D_302,0.60382887,0.65227284,0.17429243,0.24848693,0.42194117,0.15305405,0.13871671
4ixw_IXW_A_302,0.60382887,0.65227284,0.17429243,0.24848693,0.42194117,0.15305405,0.13871671
4j0k_EGR_A_501,0.60382887,0.65227284,0.17429243,0.24848693,0.42194117,0.15305405,0.13871671
4j0k_EGR_B_501,0.60382887,0.65227284,0.17429243,0.24848693,0.42194117,0.15305405,0.13871671
4j4b_0TF_A_904,0.60382887,0.65227284,0.17429243,0.24848693,0.42194117,0.15305405,0.13871671
4j5h_1K4_A_303,0.60382887,0.65227284,0.17429243,0.24848693,0.42194117,0.15305405,0.13871671
4j7u_YTZ_A_802,0.60382887,0.65227284,0.17429243,0.24848693,0.42194117,0.15305405,0.13871671
4j7u_YTZ_B_802,0.60382887,0.65227284,0.17429243,0.24848693,0.42194117,0.15305405,0.13871671
4j7u_YTZ_C_802,0.60382887,0.65227284,0.17429243,0.24848693,0.42194117,0.15305405,0.13871671
4j7u_YTZ_D_802,0.60382887,0.65227284,0.17429243,0.24848693,0.42194117,0.15305405,0.13871671
4jb0_FER_A_401,0.60382887,0.65227284,0.17429243,0.24848693,0.42194117,0.15305405,0.13871671
4jh6_FCN_B_202,0.60382887,0.65227284,0.17429243,0.24848693,0.42194117,0.15305405,0.13871671
4jhh_H35_A_201,0.60382887,0.65227284,0.17429243,0.24848693,0.42194117,0.15305405,0.13871671
4jm8_26D_A_302,0.60382887,0.65227284,0.17429243,0.24848693,0.42194117,0.15305405,0.13871671
4jmz_1M2_A_302,0.60382887,0.65227284,0.17429243,0.24848693,0.42194117,0.15305405,0.13871671
4jp3_CIT_A_301,0.60382887,0.65227284,0.17429243,0.24848693,0.42194117,0.15305405,0.13871671
4jxh_HRC_A_301,0.60382887,0.65227284,0.17429243,0.24848693,0.42194117,0.15305405,0.13871671
4jzx_476_A_402,0.60382887,0.65227284,0.17429243,0.24848693,0.42194117,0.15305405,0.13871671
4jzx_476_B_402,0.60382887,0.65227284,0.17429243,0.24848693,0.42194117,0.15305405,0.13871671
4jzx_IPE_A_401,0.60382887,0.65227284,0.17429243,0.24848693,0.42194117,0.15305405,0.13871671
4jzx_IPE_B_401,0.60382887,0.65227284,0.17429243,0.24848693,0.42194117,0.15305405,0.13871671
4k5g_Q13_A_803,0.60382887,0.65227284,0.17429243,0.24848693,0.42194117,0.15305405,0.13871671
4k5g_Q13_B_803,0.60382887,0.65227284,0.17429243,0.24848693,0.42194117,0.15305405,0.13871671
4k5u_GAL_A_301,0.60382887,0.65227284,0.17429243,0.24848693,0.42194117,0.15305405,0.13871671
4k5u_GAL_B_301,0.60382887,0.65227284,0.17429243,0.24848693,0.42194117,0.15305405,0.13871671
4k5u_GAL_C_301,0.60382887,0.65227284,0.17429243,0.24848693,0.42194117,0.15305405,0.13871671
4k5u_GAL_D_301,0.60382887,0.65227284,0.17429243,0.24848693,0.42194117,0.15305405,0.13871671
4k90_MLA_A_704,0.60469769,0.87380436,0.17231215,0.24856184,0.42010966,0.1500893,0.14464545
4kcf_FMN_A_502,0,0,0.17431331,0,1.5124636e-05,0.15607277,0.080347459
4kfj_1R0_A_202,0.60190782,0.31133906,0.17726671,0.24572866,0.42196301,2.4011398e-05,0.12824766
4kp7_1UQ_A_503,0,0,0.17716715,0.059124409,0.22049327,0.15849564,0
4kp7_1UQ_B_502,0.60382887,0.65227284,0.17429243,0.24848693,0.42194117,0.15305405,0.13871671
4kqk_PCR_A_403,0.60382887,0.65227284,0.17429243,0.24848693,0.42194117,0.15305405,0.13871671
4kqk_PCR_B_703,0.60382887,0.65227284,0.17429243,0.24848693,0.42194117,0.15305405,0.13871671
4kqx_HIO_A_402,0.60501695,0.95520729,0.17158444,0.24858939,0.41943662,0.14899981,0.14682417
4kqx_HIO_B_401,0.6048849,0.92153853,0.17188543,0.24857799,0.41971499,0.14945043,0.14592304
4kux_FPS_A_704,0.86740178,0.92710586,0.17155358,0.25732678,0.43285532,0.14956764,0.086514789
4kux_FPS_C_705,0.60382887,0.65227284,0.17429243,0.24848693,0.42194117,0.15305405,0.13871671
4kux_FPS_D_704,0.60382887,0.65227284,0.17429243,0.24848693,0.42194117,0.15305405,0.13871671
4kwk_CSS_A_302,0.60382887,0.65227284,0.17429243,0.24848693,0.42194117,0.15305405,0.13871671
4kwl_3SS_A_302,0.60382887,0.65227284,0.17429243,0.24848693,0.42194117,0.15305405,0.13871671
4l4d_CAM_A_503,0.60510963,0.97883744,0.17137319,0.24859738,0.41924125,0.14868354,0.14745662
4l7p_M95_A_601,0.60382887,0.65227284,0.17429243,0.24848693,0.42194117,0.15305405,0.13871671
4l80_OXL_D_402,0.60382887,0.65227284,0.17429243,0.24848693,0.42194117,0.15305405,0.13871671
4l80_OXL_F_402,0.60382887,0.65227284,0.17429243,0.24848693,0.42194117,0.15305405,0.13871671
4l8q_XMM_A_303,0.60382887,0.65227284,0.17429243,0.24848693,0.42194117,0.15305405,0.13871671
4l91_X29_A_301,0.60382887,0.65227284,0.17429243,0.24848693,0.42194117,0.15305405,0.13871671
4lcq_URQ_A_603,0.60382887,0.65227284,0.17429243,0.24848693,0.42194117,0.15305405,0.13871671
4lm7_U5P_A_201,0.60382887,0.65227284,0.17429243,0.24848693,0.42194117,0.15305405,0.13871671
4lo1_GAL_A_301,0.60382887,0.65227284,0.17429243,0.24848693,0.42194117,0.15305405,0.13871671
4lo1_GAL_B_301,0.60382887,0.65227284,0.17429243,0.24848693,0.42194117,0.15305405,0.13871671
4lol_1YE_A_401,0.60382887,0.65227284,0.17429243,0.24848693,0.42194117,0.15305405,0.13871671
4lvb_20N_A_601,0.60382887,0.65227284,0.17429243,0.24848693,0.42194117,0.15305405,0.13871671
4lvb_20N_B_601,0.60382887,0.65227284,0.17429243,0.24848693,0.42194117,0.15305405,0.13871671
4lxi_22J_A_301,0.60127063,0,0.18012367,0.24826619,0.42733419,0.16178424,0.12125842
4lz3_BTM_A_409,0.60382887,0.65227284,0.17429243,0.24848693,0.42194117,0.15305405,0.13871671
4lz7_1YW_B_804,0.60382887,0.65227284,0.17429243,0.24848693,0.42194117,0.15305405,0.13871671
4lz7_1YW_C_804,0.60382887,0.65227284,0.17429243,0.24848693,0.42194117,0.15305405,0.13871671
4lz7_GLU_A_802,0.60127063,0,0.18012367,0.24826619,0.42733419,0.16178424,0.12125842
4m2c_DAR_C_402,0.60382887,0.65227284,0.17429243,0.24848693,0.42194117,0.15305405,0.13871671
4m2c_DAR_D_402,0.60382887,0.65227284,0.17429243,0.24848693,0.42194117,0.15305405,0.13871671
4m54_AE5_A_403,0.60382887,0.65227284,0.17429243,0.24848693,0.42194117,0.15305405,0.13871671
4m72_M72_A_402,0.59960564,0,0.17778352,0.13759236,0.30300305,0.1598743,0.056939321
4ma8_Z80_C_301,0.60416462,0.73788609,0.17352722,0.24851586,0.42123341,0.15190842,0.14100765
4mig_G3F_B_802,0.60509666,0.97552988,0.17140276,0.24859626,0.4192686,0.14872781,0.1473681
4mig_G3F_C_802,0.60509142,0.97419619,0.17141468,0.24859581,0.41927963,0.14874566,0.1473324
4mig_G3F_D_802,0.60512515,0.98279634,0.1713378,0.24859872,0.41920852,0.14863055,0.14756258
4mju_27S_A_501,0.60382887,0.65227284,0.17429243,0.24848693,0.42194117,0.15305405,0.13871671
4mog_G3F_A_802,0.60491641,0.92957132,0.17181362,0.24858071,0.41964858,0.14934292,0.14613803
4mol_2FG_A_802,0.60508483,0.97251366,0.17142973,0.24859524,0.41929354,0.14876818,0.14728737
4mol_2FG_B_802,0.60506382,0.96715893,0.1714776,0.24859343,0.41933781,0.14883985,0.14714405
4mol_2FG_C_703,0.60127063,0,0.18012367,0.24826619,0.42733419,0.16178424,0.12125842
4mol_2FG_D_802,0.60502284,0.95670906,0.17157101,0.24858989,0.41942421,0.14897971,0.14686437
4mop_2H5_A_802,0.604863,0.91595387,0.17193535,0.2485761,0.41976117,0.14952517,0.14577357
4mop_2H5_B_802,0.60476055,0.88983296,0.17216886,0.24856727,0.41997713,0.14987477,0.14507445
4mpr_TPP_A_602,0.60501934,0.95581788,0.17157898,0.24858959,0.41943158,0.14899163,0.14684051
4n36_2F8_A_401,0.60498929,0.97125361,0,0.24541907,0.41596085,0.14870958,0.14546109
4n36_2F8_D_401,0.60382887,0.65227284,0.17429243,0.24848693,0.42194117,0.15305405,0.13871671
4n4j_HG1_A_608,0.60382887,0.65227284,0.17429243,0.24848693,0.42194117,0.15305405,0.13871671
4n5p_2H0_E_412,0.60382887,0.65227284,0.17429243,0.24848693,0.42194117,0.15305405,0.13871671
4n6w_FLC_A_203,0.60382887,0.65227284,0.17429243,0.24848693,0.42194117,0.15305405,0.13871671
4n94_2HO_A_401,0.60382887,0.65227284,0.17429243,0.24848693,0.42194117,0.15305405,0.13871671
4n9v_AZA_A_401,0.60509632,0.97544483,0.17140352,0.24859623,0.4192693,0.14872895,0.14736582
4n9v_AZA_A_403,0.6013798,0.027836011,0.17987483,0.24827561,0.42710404,0.16141169,0.12200344
4nf4_2JK_A_301,0.60382887,0.65227284,0.17429243,0.24848693,0.42194117,0.15305405,0.13871671
4ni1_2JX_A_204,0.60382887,0.65227284,0.17429243,0.24848693,0.42194117,0.15305405,0.13871671
4nir_6DH_A_307,0.60382887,0.65227284,0.17429243,0.24848693,0.42194117,0.15305405,0.13871671
4nir_6DH_A_308,0.60382887,0.65227284,0.17429243,0.24848693,0.42194117,0.15305405,0.13871671
4nir_6DH_B_306,0.60382887,0.65227284,0.17429243,0.24848693,0.42194117,0.15305405,0.13871671
4nkw_PLO_A_601,0.98700299,0.99535151,0.1642442,0,2.1286123e-07,0.14332009,0
4nkw_PLO_D_601,0.60382887,0.65227284,0.17429243,0.24848693,0.42194117,0.15305405,0.13871671
4npm_SIN_A_301,0.60382887,0.65227284,0.17429243,0.24848693,0.42194117,0.15305405,0.13871671
4npm_SIN_B_301,0.60382887,0.65227284,0.17429243,0.24848693,0.42194117,0.15305405,0.13871671
4nr9_ALY_A_2005,0.60382887,0.65227284,0.17429243,0.24848693,0.42194117,0.15305405,0.13871671
4nv0_MG7_A_403,0.60382887,0.65227284,0.17429243,0.24848693,0.42194117,0.15305405,0.13871671
4nv0_MG7_B_402,0.60382887,0.65227284,0.17429243,0.24848693,0.42194117,0.15305405,0.13871671
4o7g_ASC_A_303,0.60127063,0,0.18012367,0.24826619,0.42733419,0.16178424,0.12125842
4o7g_ASC_B_303,0.60510398,0.97739772,0.17138606,0.24859689,0.41925316,0.14870281,0.14741809
4o95_245_A_602,0.60382887,0.65227284,0.17429243,0.24848693,0.42194117,0.15305405,0.13871671
4ocj_NDG_A_401,0.60382887,0.65227284,0.17429243,0.24848693,0.42194117,0.15305405,0.13871671
4ocu_NDG_A_401,0.60382887,0.65227284,0.17429243,0.24848693,0.42194117,0.15305405,0.13871671
4ofu_DHT_A_1001,0.99281794,0.65230415,0.18684843,0.99154601,0.99005079,0.16391604,0.40786366
4ovl_1TD_A_308,0.60497026,0.94330338,0.17169086,0.24858536,0.41953504,0.14915913,0.14650557
4ovl_1TD_B_308,0.60503053,0.95866923,0.17155349,0.24859056,0.419408,0.14895347,0.14691683
4oxy_1TN_A_302,0.60509435,0.97494096,0.17140803,0.24859606,0.41927347,0.14873569,0.14735233
4oxy_1TN_B_302,0.60514429,0.98767604,0.17129418,0.24860037,0.41916818,0.14856525,0.14769318
4oxy_1TN_D_302,0.60382887,0.65227284,0.17429243,0.24848693,0.42194117,0.15305405,0.13871671
4p5y_NGA_A_201,0.60382887,0.65227284,0.17429243,0.24848693,0.42194117,0.15305405,0.13871671
4p7q_NAG_A_703,0.60382887,0.65227284,0.17429243,0.24848693,0.42194117,0.15305405,0.13871671
4p7q_NAG_A_704,0.60382887,0.65227284,0.17429243,0.24848693,0.42194117,0.15305405,0.13871671
4p7q_NAG_A_706,0.60382887,0.65227284,0.17429243,0.24848693,0.42194117,0.15305405,0.13871671
4p8c_2J3_A_504,0.60382887,0.65227284,0.17429243,0.24848693,0.42194117,0.15305405,0.13871671
4p8c_Y22_A_502,0.60382887,0.65227284,0.17429243,0.24848693,0.42194117,0.15305405,0.13871671
4p8c_Y22_B_502,0.60382887,0.65227284,0.17429243,0.24848693,0.42194117,0.15305405,0.13871671
4pbr_2L7_A_401,0.60382887,0.65227284,0.17429243,0.24848693,0.42194117,0.15305405,0.13871671
4pgi_Y69_A_303,0.60382887,0.65227284,0.17429243,0.24848693,0.42194117,0.15305405,0.13871671
4pik_MAN_A_501,0.60382887,0.65227284,0.17429243,0.24848693,0.42194117,0.15305405,0.13871671
4pik_MAN_A_502,0.60510947,0.97879827,0.17137354,0.24859737,0.41924158,0.14868406,0.14745557
4pik_MAN_B_503,0.60382887,0.65227284,0.17429243,0.24848693,0.42194117,0.15305405,0.13871671
4pik_MAN_C_503,0.60382887,0.65227284,0.17429243,0.24848693,0.42194117,0.15305405,0.13871671
4pik_MAN_D_503,0.60382887,0.65227284,0.17429243,0.24848693,0.42194117,0.15305405,0.13871671
4ptx_BGC_A_501,0.60382887,0.65227284,0.17429243,0.24848693,0.42194117,0.15305405,0.13871671
4ptx_BGC_B_501,0.60382887,0.65227284,0.17429243,0.24848693,0.42194117,0.15305405,0.13871671
4pxd_1AL_A_502,0.60382887,0.65227284,0.17429243,0.24848693,0.42194117,0.15305405,0.13871671
4pxd_1AL_B_502,0.60382887,0.65227284,0.17429243,0.24848693,0.42194117,0.15305405,0.13871671
4q3a_2YC_A_904,0.60382887,0.65227284,0.17429243,0.24848693,0.42194117,0.15305405,0.13871671
4q3a_2YC_B_904,0.60382887,0.65227284,0.17429243,0.24848693,0.42194117,0.15305405,0.13871671
4q3a_2YC_C_904,0.60382887,0.65227284,0.17429243,0.24848693,0.42194117,0.15305405,0.13871671
4q3a_2YC_D_904,0.60382887,0.65227284,0.17429243,0.24848693,0.42194117,0.15305405,0.13871671
4q40_VAL_A_403,0.60382887,0.65227284,0.17429243,0.24848693,0.42194117,0.15305405,0.13871671
4q40_VAL_C_404,0.60382887,0.65227284,0.17429243,0.24848693,0.42194117,0.15305405,0.13871671
4q40_VAL_D_403,0.60382887,0.65227284,0.17429243,0.24848693,0.42194117,0.15305405,0.13871671
4qbz_D80_A_917,0.60382887,0.65227284,0.17429243,0.24848693,0.42194117,0.15305405,0.13871671
4qbz_D80_B_901,0.60382887,0.65227284,0.17429243,0.24848693,0.42194117,0.15305405,0.13871671
4qck_ASD_A_404,0.97764501,0,0.19224876,0.94062223,0.99830789,0.17227431,0.3810918
4qxc_OGA_C_600,0.60382887,0.65227284,0.17429243,0.24848693,0.42194117,0.15305405,0.13871671
4qya_LU2_A_201,0.60118109,0,8.0477025e-24,0.24498705,0.42388217,0.16170614,0.11940687
4qya_LU2_B_201,0.60382887,0.65227284,0.17429243,0.24848693,0.42194117,0.15305405,0.13871671
4r08_URI_A_901,0.60382887,0.65227284,0.17429243,0.24848693,0.42194117,0.15305405,0.13871671
4r08_URI_B_901,0.60382887,0.65227284,0.17429243,0.24848693,0.42194117,0.15305405,0.13871671
4r08_URI_D_901,0.60382887,0.65227284,0.17429243,0.24848693,0.42194117,0.15305405,0.13871671
4r2n_PHE_C_402,0.00085510106,0.8765809,0.16909802,0.048378094,0.20170046,0.14657898,1.0080883e-05
4r2n_PHE_D_402,0.60382887,0.65227284,0.17429243,0.24848693,0.42194117,0.15305405,0.13871671
4r2n_PLP_B_401,0.60382887,0.65227284,0.17429243,0.24848693,0.42194117,0.15305405,0.13871671
4r3n_3GQ_B_404,0.60382887,0.65227284,0.17429243,0.24848693,0.42194117,0.15305405,0.13871671
4rcv_DE2_A_403,0.60382887,0.65227284,0.17429243,0.24848693,0.42194117,0.15305405,0.13871671
4rg3_ECE_A_603,0.60382887,0.65227284,0.17429243,0.24848693,0.42194117,0.15305405,0.13871671
4rii_TYD_B_401,0.60382887,0.65227284,0.17429243,0.24848693,0.42194117,0.15305405,0.13871671
4rje_PYR_A_402,0.60382887,0.65227284,0.17429243,0.24848693,0.42194117,0.15305405,0.13871671
4rje_PYR_B_402,0.60382887,0.65227284,0.17429243,0.24848693,0.42194117,0.15305405,0.13871671
4rje_PYR_C_402,0.60382887,0.65227284,0.17429243,0.24848693,0.42194117,0.15305405,0.13871671
4rje_PYR_D_402,0.60382887,0.65227284,0.17429243,0.24848693,0.42194117,0.15305405,0.13871671
4rkz_3S4_A_402,0.60382887,0.65227284,0.17429243,0.24848693,0.42194117,0.15305405,0.13871671
4rkz_3S4_B_401,0.60382887,0.65227284,0.17429243,0.24848693,0.42194117,0.15305405,0.13871671
4rp9_ASC_A_501,0.5558142,0.93065976,0.16699847,0.0047800268,0.17658195,0.14533391,0.023073767
4rql_SNE_A_505,0.60476428,0.89078395,0.17216036,0.24856759,0.41996927,0.14986204,0.14509991
4rvg_TYD_A_502,0.60382887,0.65227284,0.17429243,0.24848693,0.42194117,0.15305405,0.13871671
4tq4_DMA_A_403,0.60382887,0.65227284,0.17429243,0.24848693,0.42194117,0.15305405,0.13871671
4tq4_DMA_B_403,0.60382887,0.65227284,0.17429243,0.24848693,0.42194117,0.15305405,0.13871671
4tq4_DMA_C_403,0.60382887,0.65227284,0.17429243,0.24848693,0.42194117,0.15305405,0.13871671
4tq4_DMA_D_403,0.60382887,0.65227284,0.17429243,0.24848693,0.42194117,0.15305405,0.13871671
4tqi_6BD_A_201,0.60382887,0.65227284,0.17429243,0.24848693,0.42194117,0.15305405,0.13871671
4tqi_6BD_B_201,0.60382887,0.65227284,0.17429243,0.24848693,0.42194117,0.15305405,0.13871671
4tsk_TLA_A_404,0.60382887,0.65227284,0.17429243,0.24848693,0.42194117,0.15305405,0.13871671
4u2a_A2G_A_303,0.60491613,0.92950045,0.17181425,0.24858069,0.41964917,0.14934386,0.14613614
4u7g_K17_A_303,0,0.95633956,0.17222232,0.22843342,0.38905852,0.14854311,0.28381116
4u8p_UDP_A_603,0.60382887,0.65227284,0.17429243,0.24848693,0.42194117,0.15305405,0.13871671
4u8p_UDP_C_603,0.60127063,0,0.18012367,0.24826619,0.42733419,0.16178424,0.12125842
4ubp_HAE_C_800,0.60382887,0.65227284,0.17429243,0.24848693,0.42194117,0.15305405,0.13871671
4uc9_ASP_A_1300,0.60382887,0.65227284,0.17429243,0.24848693,0.42194117,0.15305405,0.13871671
4uc9_ASP_B_1300,0.60382887,0.65227284,0.17429243,0.24848693,0.42194117,0.15305405,0.13871671
4uc9_ASP_D_1300,0.60382887,0.65227284,0.17429243,0.24848693,0.42194117,0.15305405,0.13871671
4uch_OLW_A_800,0.60382887,0.65227284,0.17429243,0.24848693,0.42194117,0.15305405,0.13871671
4uch_OLW_B_800,0.60382887,0.65227284,0.17429243,0.24848693,0.42194117,0.15305405,0.13871671
4udc_DEX_A_1778,0.60382887,0.65227284,0.17429243,0.24848693,0.42194117,0.15305405,0.13871671
4ug6_H4B_A_902,0.60382887,0.65227284,0.17429243,0.24848693,0.42194117,0.15305405,0.13871671
4ug6_XFJ_A_904,0.60499299,0.97219741,0,0.24541949,0.41595315,0.14869695,0.1454864
4ug7_1EV_A_904,0.60382887,0.65227284,0.17429243,0.24848693,0.42194117,0.15305405,0.13871671
4ugf_Q16_A_904,0.60382887,0.65227284,0.17429243,0.24848693,0.42194117,0.15305405,0.13871671
4umd_CIT_A_1174,0.60382887,0.65227284,0.17429243,0.24848693,0.42194117,0.15305405,0.13871671
4uoc_NCN_A_400,0.60382887,0.65227284,0.17429243,0.24848693,0.42194117,0.15305405,0.13871671
4upd_7P9_A_1550,0.60382887,0.65227284,0.17429243,0.24848693,0.42194117,0.15305405,0.13871671
4uqs_INE_A_904,0.60382887,0.65227284,0.17429243,0.24848693,0.42194117,0.15305405,0.13871671
4ur9_BK9_B_1717,0.60382887,0.65227284,0.17429243,0.24848693,0.42194117,0.15305405,0.13871671
4ur9_OAN_A_1718,0.60382887,0.65227284,0.17429243,0.24848693,0.42194117,0.15305405,0.13871671
4ur9_OAN_B_1718,0.60382887,0.65227284,0.17429243,0.24848693,0.42194117,0.15305405,0.13871671
4uy7_HIS_B_800,0.60382887,0.65227284,0.17429243,0.24848693,0.42194117,0.15305405,0.13871671
4uzi_IMD_B_1455,0.60378422,0.64089495,0.17439429,0.24848304,0.42203533,0.15320654,0.13841172
4uzi_IMD_B_1456,0.60516514,0.99299115,0.17124666,0.24860217,0.41912423,0.14849411,0.14783544
4v2z_Y70_A_151,0.60382887,0.65227284,0.17429243,0.24848693,0.42194117,0.15305405,0.13871671
4v2z_Y70_B_151,0.60506797,0.99131937,0,0.245428,0.41579719,0.14844107,0.14599936
4v2z_Y70_C_151,0.60382887,0.65227284,0.17429243,0.24848693,0.42194117,0.15305405,0.13871671
4v36_LYN_A_1851,0.60127063,1.1230582e-09,0.18012367,0.24826619,0.42733419,0.16178424,0.12125842
4v3w_E2Z_A_800,0.60382887,0.65227284,0.17429243,0.24848693,0.42194117,0.15305405,0.13871671
4v3w_E2Z_B_800,0.60382887,0.65227284,0.17429243,0.24848693,0.42194117,0.15305405,0.13871671
4w1v_3GS_B_502,0.60382887,0.65227284,0.17429243,0.24848693,0.42194117,0.15305405,0.13871671
4wbd_CIT_A_602,0.60382887,0.65227284,0.17429243,0.24848693,0.42194117,0.15305405,0.13871671
4wca_CIT_A_401,0.60382887,0.65227284,0.17429243,0.24848693,0.42194117,0.15305405,0.13871671
4wdd_CIT_A_401,0.60382887,0.65227284,0.17429243,0.24848693,0.42194117,0.15305405,0.13871671
4wdx_WDX_B_402,0.60382887,0.65227284,0.17429243,0.24848693,0.42194117,0.15305405,0.13871671
4wqq_MAN_A_204,0.60382887,0.65227284,0.17429243,0.24848693,0.42194117,0.15305405,0.13871671
4wqq_MAN_B_204,0.60382887,0.65227284,0.17429243,0.24848693,0.42194117,0.15305405,0.13871671
4wqq_MAN_C_204,0.60382887,0.65227284,0.17429243,0.24848693,0.42194117,0.15305405,0.13871671
4wqq_MAN_D_204,0.60382887,0.65227284,0.17429243,0.24848693,0.42194117,0.15305405,0.13871671
4ws1_URF_A_301,0.60382887,0.65227284,0.17429243,0.24848693,0.42194117,0.15305405,0.13871671
4ws2_6UA_A_303,0.60382887,0.65227284,0.17429243,0.24848693,0.42194117,0.15305405,0.13871671
4ws6_WBU_A_301,0.60382887,0.65227284,0.17429243,0.24848693,0.42194117,0.15305405,0.13871671
4wua_3UL_A_701,0.60382887,0.65227284,0.17429243,0.24848693,0.42194117,0.15305405,0.13871671
4wxb_CIT_A_501,0.60382887,0.65227284,0.17429243,0.24848693,0.42194117,0.15305405,0.13871671
4wxb_CIT_C_501,0.60382887,0.65227284,0.17429243,0.24848693,0.42194117,0.15305405,0.13871671
4wxb_CIT_D_501,0.60382887,0.65227284,0.17429243,0.24848693,0.42194117,0.15305405,0.13871671
4x36_CHT_A_408,0.60382887,0.65227284,0.17429243,0.24848693,0.42194117,0.15305405,0.13871671
4x36_CHT_A_409,0.60382887,0.65227284,0.17429243,0.24848693,0.42194117,0.15305405,0.13871671
4x36_CHT_A_410,0.60382887,0.65227284,0.17429243,0.24848693,0.42194117,0.15305405,0.13871671
4x36_CHT_A_411,0.60382887,0.65227284,0.17429243,0.24848693,0.42194117,0.15305405,0.13871671
4x36_CHT_A_412,0.60382887,0.65227284,0.17429243,0.24848693,0.42194117,0.15305405,0.13871671
4x3j_3WR_A_1201,0.60382887,0.65227284,0.17429243,0.24848693,0.42194117,0.15305405,0.13871671
4xfh_CYS_A_502,0.60382887,0.65227284,0.17429243,0.24848693,0.42194117,0.15305405,0.13871671
4xh4_PPI_A_504,0.60382887,0.65227284,0.17429243,0.24848693,0.42194117,0.15305405,0.13871671
4xp0_42A_A_404,0.60382887,0.65227284,0.17429243,0.24848693,0.42194117,0.15305405,0.13871671
4xp2_TT4_A_401,0.60382887,0.65227284,0.17429243,0.24848693,0.42194117,0.15305405,0.13871671
4xp3_DX4_A_401,0.60382887,0.65227284,0.17429243,0.24848693,0.42194117,0.15305405,0.13871671
4xpq_FUL_A_1002,0.60382887,0.65227284,0.17429243,0.24848693,0.42194117,0.15305405,0.13871671
4xpq_FUL_A_1003,0.60382887,0.65227284,0.17429243,0.24848693,0.42194117,0.15305405,0.13871671
4xpq_FUL_A_1004,0.60382887,0.65227284,0.17429243,0.24848693,0.42194117,0.15305405,0.13871671
4xti_IMP_A_601,0.60382887,0.65227284,0.17429243,0.24848693,0.42194117,0.15305405,0.13871671
4xti_IMP_B_601,0.60382887,0.65227284,0.17429243,0.24848693,0.42194117,0.15305405,0.13871671
4xv4_25T_A_302,0.60382887,0.65227284,0.17429243,0.24848693,0.42194117,0.15305405,0.13871671
4xv4_25T_A_303,0.60382887,0.65227284,0.17429243,0.24848693,0.42194117,0.15305405,0.13871671
4xz9_G3P_B_302,0.60382887,0.65227284,0.17429243,0.24848693,0.42194117,0.15305405,0.13871671
4xz9_G3P_C_302,0.60382887,0.65227284,0.17429243,0.24848693,0.42194117,0.15305405,0.13871671
4xzh_48I_A_402,0.60382887,0.65227284,0.17429243,0.24848693,0.42194117,0.15305405,0.13871671
4xzh_48I_B_402,0.60382887,0.65227284,0.17429243,0.24848693,0.42194117,0.15305405,0.13871671
4y14_C0A_A_407,0.55385271,0.65291098,0.16939752,1.7355343e-72,0.17451293,0.14898316,0.013417768
4y6n_3PG_A_402,0.60382887,0.65227284,0.17429243,0.24848693,0.42194117,0.15305405,0.13871671
4yjs_4DN_A_701,0.55385271,0.65291098,0.16939752,0,0.17451293,0.14898316,0.013417768
4ynu_LGC_A_603,0.003144213,0,0.17430746,0,2.5022509e-07,0.15607304,0.079567454
4ysx_MLI_A_701,0.60382887,0.65227284,0.17429243,0.24848693,0.42194117,0.15305405,0.13871671
4ysx_MLI_E_701,0.60382887,0.65227284,0.17429243,0.24848693,0.42194117,0.15305405,0.13871671
4yu7_DHC_A_203,0.60382887,0.65227284,0.17429243,0.24848693,0.42194117,0.15305405,0.13871671
4yu7_DHC_A_204,0.60463727,0.88076034,0.005383885,0.24547798,0.41680328,0.14992284,0.14308955
4yu7_DHC_B_204,0.60382887,0.65227284,0.17429243,0.24848693,0.42194117,0.15305405,0.13871671
4ywd_NTM_A_704,0.60382887,0.65227284,0.17429243,0.24848693,0.42194117,0.15305405,0.13871671
4z1d_PEP_A_300,0.60382887,0.65227284,0.17429243,0.24848693,0.42194117,0.15305405,0.13871671
4z2w_AKG_A_401,0.60382887,0.65227284,0.17429243,0.24848693,0.42194117,0.15305405,0.13871671
4z69_DIF_A_1006,0.60382887,0.65227284,0.17429243,0.24848693,0.42194117,0.15305405,0.13871671
4z69_DIF_A_1007,0.60382887,0.65227284,0.17429243,0.24848693,0.42194117,0.15305405,0.13871671
4z69_DIF_I_1006,0.60382887,0.65227284,0.17429243,0.24848693,0.42194117,0.15305405,0.13871671
4z6p_DHY_C_403,0.60382887,0.65227284,0.17429243,0.24848693,0.42194117,0.15305405,0.13871671
4za7_4LV_A_606,0.60382887,0.65227284,0.17429243,0.24848693,0.42194117,0.15305405,0.13871671
4zb2_GLC_A_403,0.60382887,0.65227284,0.17429243,0.24848693,0.42194117,0.15305405,0.13871671
4zb5_GLC_A_403,0.60382887,0.65227284,0.17429243,0.24848693,0.42194117,0.15305405,0.13871671
4zbc_FRU_A_410,0.60382887,0.65227284,0.17429243,0.24848693,0.42194117,0.15305405,0.13871671
4zbc_FRU_B_408,0.60382887,0.65227284,0.17429243,0.24848693,0.42194117,0.15305405,0.13871671
4zbc_FRU_B_409,0.60382887,0.65227284,0.17429243,0.24848693,0.42194117,0.15305405,0.13871671
4zbc_GLC_A_407,0.60382887,0.65227284,0.17429243,0.24848693,0.42194117,0.15305405,0.13871671
4zbc_GLC_A_408,0.60382887,0.65227284,0.17429243,0.24848693,0.42194117,0.15305405,0.13871671
4zbc_GLC_B_406,0.60382887,0.65227284,0.17429243,0.24848693,0.42194117,0.15305405,0.13871671
4zbc_GLC_B_407,0.60382887,0.65227284,0.17429243,0.24848693,0.42194117,0.15305405,0.13871671
4zdz_TPF_A_602,0.60382887,0.65227284,0.17429243,0.24848693,0.42194117,0.15305405,0.13871671
4zhd_4OZ_A_202,0.60382887,0.65227284,0.17429243,0.24848693,0.42194117,0.15305405,0.13871671
4zhd_4OZ_B_202,0.60382887,0.65227284,0.17429243,0.24848693,0.42194117,0.15305405,0.13871671
4zhd_4OZ_C_202,0.60382887,0.65227284,0.17429243,0.24848693,0.42194117,0.15305405,0.13871671
4zib_4OG_A_512,0.60507945,0.97114356,0.17144197,0.24859478,0.41930486,0.14878652,0.1472507
4zjz_BEZ_B_601,0.60382887,0.65227284,0.17429243,0.24848693,0.42194117,0.15305405,0.13871671
4zo7_BGC_A_801,0.60382887,0.65227284,0.17429243,0.24848693,0.42194117,0.15305405,0.13871671
4zo7_BGC_A_802,0.60382887,0.65227284,0.17429243,0.24848693,0.42194117,0.15305405,0.13871671
4zo7_GLC_A_806,0.60382887,0.65227284,0.17429243,0.24848693,0.42194117,0.15305405,0.13871671
4zqp_IMP_A_601,0.60127063,0,0.18012367,0.24826619,0.42733419,0.16178424,0.12125842
4zsy_RW2_A_502,0.60382887,0.65227284,0.17429243,0.24848693,0.42194117,0.15305405,0.13871671
4zsy_RW2_B_502,0.60382887,0.65227284,0.17429243,0.24848693,0.42194117,0.15305405,0.13871671
4zsy_RW2_C_502,0.60382887,0.65227284,0.17429243,0.24848693,0.42194117,0.15305405,0.13871671
4zsy_RW2_D_502,0.60382887,0.65227284,0.17429243,0.24848693,0.42194117,0.15305405,0.13871671
4zu3_4SD_B_302,0.60382887,0.65227284,0.17429243,0.24848693,0.42194117,0.15305405,0.13871671
4zu3_4SD_C_301,0.60382887,0.65227284,0.17429243,0.24848693,0.42194117,0.15305405,0.13871671
4zu3_4SD_D_301,0.60382887,0.65227284,0.17429243,0.24848693,0.42194117,0.15305405,0.13871671
4zu3_4SD_E_301,0.60382887,0.65227284,0.17429243,0.24848693,0.42194117,0.15305405,0.13871671
4zu3_4SD_F_301,0.60382887,0.65227284,0.17429243,0.24848693,0.42194117,0.15305405,0.13871671
4zvv_GN0_A_405,0.60382887,0.65227284,0.17429243,0.24848693,0.42194117,0.15305405,0.13871671
4zvv_GN0_B_404,0.60382887,0.65227284,0.17429243,0.24848693,0.42194117,0.15305405,0.13871671
4zvv_GN0_C_403,0.55385279,0.65291098,0.16939753,3.7963848e-07,0.17451331,0.14898317,0.01341796
4zvv_GN0_D_403,0.60382887,0.65227284,0.17429243,0.24848693,0.42194117,0.15305405,0.13871671
4zvz_4TF_A_503,0.60382887,0.65227284,0.17429243,0.24848693,0.42194117,0.15305405,0.13871671
4zvz_4TF_B_503,0.60382887,0.65227284,0.17429243,0.24848693,0.42194117,0.15305405,0.13871671
4zvz_4TF_C_503,0.60382887,0.65227284,0.17429243,0.24848693,0.42194117,0.15305405,0.13871671
4zvz_4TF_D_503,0.60382887,0.65227284,0.17429243,0.24848693,0.42194117,0.15305405,0.13871671
5a02_GOL_A_1341,0.60382887,0.65227284,0.17429243,0.24848693,0.42194117,0.15305405,0.13871671
5a02_GOL_B_1342,0.60382887,0.65227284,0.17429243,0.24848693,0.42194117,0.15305405,0.13871671
5a02_GOL_C_1341,0.60382887,0.65227284,0.17429243,0.24848693,0.42194117,0.15305405,0.13871671
5a02_GOL_D_1341,0.60382887,0.65227284,0.17429243,0.24848693,0.42194117,0.15305405,0.13871671
5a02_GOL_E_1341,0.60382887,0.65227284,0.17429243,0.24848693,0.42194117,0.15305405,0.13871671
5a02_GOL_F_1342,0.60382887,0.65227284,0.17429243,0.24848693,0.42194117,0.15305405,0.13871671
5a2r_MLT_A_1615,0.60481232,0.90303237,0.17205087,0.24857173,0.419868,0.14969811,0.14542773
5a66_3PO_A_1000,0.60382887,0.65227284,0.17429243,0.24848693,0.42194117,0.15305405,0.13871671
5a66_3PO_B_1000,0.60382887,0.65227284,0.17429243,0.24848693,0.42194117,0.15305405,0.13871671
5a7p_6Z1_A_1361,0.60382887,0.65227284,0.17429243,0.24848693,0.42194117,0.15305405,0.13871671
5a86_D7E_A_1433,0.60382887,0.65227284,0.17429243,0.24848693,0.42194117,0.15305405,0.13871671
5a86_D7E_B_1432,0.60382887,0.65227284,0.17429243,0.24848693,0.42194117,0.15305405,0.13871671
5a8k_TP7_A_558,0.60382887,0.65227284,0.17429243,0.24848693,0.42194117,0.15305405,0.13871671
5a8k_TP7_D_554,0.60382887,0.65227284,0.17429243,0.24848693,0.42194117,0.15305405,0.13871671
5abz_Z47_A_201,0.60382887,0.65227284,0.17429243,0.24848693,0.42194117,0.15305405,0.13871671
5abz_Z47_B_201,0.60382887,0.65227284,0.17429243,0.24848693,0.42194117,0.15305405,0.13871671
5ack_SVQ_A_600,0.60382887,0.65227284,0.17429243,0.24848693,0.42194117,0.15305405,0.13871671
5adi_TUE_A_800,0.60382887,0.65227284,0.17429243,0.24848693,0.42194117,0.15305405,0.13871671
5adi_TUE_B_800,0.60382887,0.65227284,0.17429243,0.24848693,0.42194117,0.15305405,0.13871671
5aew_BNL_C_462,0.60382887,0.65227284,0.17429243,0.24848693,0.42194117,0.15305405,0.13871671
5aew_BNL_I_462,0.60382887,0.65227284,0.17429243,0.24848693,0.42194117,0.15305405,0.13871671
5afy_WCE_H_1248,0.60382887,0.65227284,0.17429243,0.24848693,0.42194117,0.15305405,0.13871671
5ag5_DLR_A_1422,0.60382887,0.65227284,0.17429243,0.24848693,0.42194117,0.15305405,0.13871671
5agl_CCW_A_800,0.60382887,0.65227284,0.17429243,0.24848693,0.42194117,0.15305405,0.13871671
5agl_CCW_B_800,0.60382887,0.65227284,0.17429243,0.24848693,0.42194117,0.15305405,0.13871671
5agn_4JK_B_800,0.60382887,0.65227284,0.17429243,0.24848693,0.42194117,0.15305405,0.13871671
5ahn_IMP_A_1468,0.60382887,0.65227284,0.17429243,0.24848693,0.42194117,0.15305405,0.13871671
5aov_GLV_A_1336,0.60382887,0.65227284,0.17429243,0.24848693,0.42194117,0.15305405,0.13871671
5aov_GLV_A_1356,0.60382887,0.65227284,0.17429243,0.24848693,0.42194117,0.15305405,0.13871671
5av2_KMP_A_300,0.60382887,0.65227284,0.17429243,0.24848693,0.42194117,0.15305405,0.13871671
5av3_KMP_A_300,0.60382887,0.65227284,0.17429243,0.24848693,0.42194117,0.15305405,0.13871671
5b4o_6DQ_A_201,0.60382887,0.65227284,0.17429243,0.24848693,0.42194117,0.15305405,0.13871671
5b4o_6DQ_B_201,0.60382887,0.65227284,0.17429243,0.24848693,0.42194117,0.15305405,0.13871671
5b4o_6DQ_B_202,0.55385271,0.65291098,0.16939752,4.583909e-40,0.17451293,0.14898316,0.013417768
5b4u_MLA_A_302,0.60495391,0.93913408,0.17172813,0.24858395,0.41956952,0.14921493,0.14639398
5bk9_SIN_A_301,0.60382887,0.65227284,0.17429243,0.24848693,0.42194117,0.15305405,0.13871671
5bkd_AKG_A_502,0.60382887,0.65227284,0.17429243,0.24848693,0.42194117,0.15305405,0.13871671
5bkd_AKG_B_502,0.60382887,0.65227284,0.17429243,0.24848693,0.42194117,0.15305405,0.13871671
5bkd_RCF_A_503,0.60382887,0.65227284,0.17429243,0.24848693,0.42194117,0.15305405,0.13871671
5bkd_RCF_B_503,0.60382887,0.65227284,0.17429243,0.24848693,0.42194117,0.15305405,0.13871671
5bwd_FUM_A_901,0.60382887,0.65227284,0.17429243,0.24848693,0.42194117,0.15305405,0.13871671
5bwr_4VT_A_402,0.60382887,0.65227284,0.17429243,0.24848693,0.42194117,0.15305405,0.13871671
5bwr_4VT_B_402,0.60382887,0.65227284,0.17429243,0.24848693,0.42194117,0.15305405,0.13871671
5c4i_TPP_C_402,0.60382887,0.65227284,0.17429243,0.24848693,0.42194117,0.15305405,0.13871671
5c7v_PYC_A_804,0.60127063,0,0.18012367,0.24826619,0.42733419,0.16178424,0.12125842
5c8w_PCG_A_302,0.60382887,0.65227284,0.17429243,0.24848693,0.42194117,0.15305405,0.13871671
5c8w_PCG_B_303,0.60382887,0.65227284,0.17429243,0.24848693,0.42194117,0.15305405,0.13871671
5c8w_PCG_C_302,0.98628668,0,0.1786308,0.21008599,0.3932481,0.16119189,0
5c8w_PCG_D_302,0.60382887,0.65227284,0.17429243,0.24848693,0.42194117,0.15305405,0.13871671
5c8w_PCG_E_302,0.60382887,0.65227284,0.17429243,0.24848693,0.42194117,0.15305405,0.13871671
5c8w_PCG_F_302,0.60382887,0.65227284,0.17429243,0.24848693,0.42194117,0.15305405,0.13871671
5cfw_53W_A_201,0.60382887,0.65227284,0.17429243,0.24848693,0.42194117,0.15305405,0.13871671
5cga_KP6_A_301,0.60512095,0.98172379,0.17134739,0.24859836,0.41921739,0.14864491,0.14753387
5cga_KP6_B_301,0.60456331,0.98382462,0.17125778,0.24605118,0.41650364,0,0.14629487
5cga_KP6_C_301,0.60382887,0.65227284,0.17429243,0.24848693,0.42194117,0.15305405,0.13871671
5cga_KP6_E_301,0.60382887,0.65227284,0.17429243,0.24848693,0.42194117,0.15305405,0.13871671
5cga_KP6_F_301,0.60382887,0.65227284,0.17429243,0.24848693,0.42194117,0.15305405,0.13871671
5cga_KP6_H_301,0.60382887,0.65227284,0.17429243,0.24848693,0.42194117,0.15305405,0.13871671
5ci9_549_A_401,0,0.00047604393,0.17716277,0.059118498,0.22048298,0.15848917,0
5ci9_549_A_402,0.60382887,0.65227284,0.17429243,0.24848693,0.42194117,0.15305405,0.13871671
5cjn_52F_A_809,0.60127063,0,0.18012367,0.24826619,0.42733419,0.16178424,0.12125842
5clo_NS8_M_101,0.60382887,0.65227284,0.17429243,0.24848693,0.42194117,0.15305405,0.13871671
5cmb_GLY_A_301,0.60127063,0,0.18012367,0.24826619,0.42733419,0.16178424,0.12125842
5cpn_531_A_401,0.60382887,0.65227284,0.17429243,0.24848693,0.42194117,0.15305405,0.13871671
5cpn_531_B_401,0.60382887,0.65227284,0.17429243,0.24848693,0.42194117,0.15305405,0.13871671
5cpp_ADO_A_422,0.60382887,0.65227284,0.17429243,0.24848693,0.42194117,0.15305405,0.13871671
5cr1_STL_B_201,0.60382887,0.65227284,0.17429243,0.24848693,0.42194117,0.15305405,0.13871671
5cyf_FLC_A_301,0.60382887,0.65227284,0.17429243,0.24848693,0.42194117,0.15305405,0.13871671
5cyf_FLC_C_301,0.60382887,0.65227284,0.17429243,0.24848693,0.42194117,0.15305405,0.13871671
5d41_57N_A_1103,0.6045704,0.98561914,0.17124174,0.24605204,0.41648907,0,0.14634302
5d8u_0N8_A_203,0.60513192,0.98452081,0.17132239,0.2485993,0.41919426,0.14860747,0.14760874
5dav_58J_A_402,0.60515721,0.99097036,0.17126473,0.24860149,0.41914094,0.14852115,0.14778136
5ddu_PMP_A_601,0.60382887,0.65227284,0.17429243,0.24848693,0.42194117,0.15305405,0.13871671
5ddu_PMP_B_601,0.60382887,0.65227284,0.17429243,0.24848693,0.42194117,0.15305405,0.13871671
5ddu_PMP_C_601,0.60382887,0.65227284,0.17429243,0.24848693,0.42194117,0.15305405,0.13871671
5ddu_PMP_D_601,0.60382887,0.65227284,0.17429243,0.24848693,0.42194117,0.15305405,0.13871671
5del_D59_A_603,0.60382887,0.65227284,0.17429243,0.24848693,0.42194117,0.15305405,0.13871671
5del_ORO_A_602,0.60382887,0.65227284,0.17429243,0.24848693,0.42194117,0.15305405,0.13871671
5di7_5CQ_A_601,0.99054191,0,0.18299183,0.41659145,0.60352761,0.16474711,0.12364782
5di7_5CQ_B_601,0.60382887,0.65227284,0.17429243,0.24848693,0.42194117,0.15305405,0.13871671
5did_5CK_A_601,0.60382887,0.65227284,0.17429243,0.24848693,0.42194117,0.15305405,0.13871671
5die_5CJ_A_601,0.60382887,0.65227284,0.17429243,0.24848693,0.42194117,0.15305405,0.13871671
5die_5CJ_B_601,0.60382887,0.65227284,0.17429243,0.24848693,0.42194117,0.15305405,0.13871671
5dmm_HCS_A_505,0.60382887,0.65227284,0.17429243,0.24848693,0.42194117,0.15305405,0.13871671
5dne_ASN_A_601,0.60382887,0.65227284,0.17429243,0.24848693,0.42194117,0.15305405,0.13871671
5dne_ASN_B_601,0.60382887,0.65227284,0.17429243,0.24848693,0.42194117,0.15305405,0.13871671
5dne_ASN_C_601,0.60382887,0.65227284,0.17429243,0.24848693,0.42194117,0.15305405,0.13871671
5dne_ASN_D_601,0.60382887,0.65227284,0.17429243,0.24848693,0.42194117,0.15305405,0.13871671
5dnx_5LD_B_201,0.60382887,0.65227284,0.17429243,0.24848693,0.42194117,0.15305405,0.13871671
5dr9_SKE_A_401,0.60382887,0.65227284,0.17429243,0.24848693,0.42194117,0.15305405,0.13871671
5dt0_SKE_A_401,0.60382887,0.65227284,0.17429243,0.24848693,0.42194117,0.15305405,0.13871671
5dw3_TRP_A_402,0.60382887,0.65227284,0.17429243,0.24848693,0.42194117,0.15305405,0.13871671
5dw3_TRP_B_402,0.60382887,0.65227284,0.17429243,0.24848693,0.42194117,0.15305405,0.13871671
5dw3_TRP_C_402,0.60382887,0.65227284,0.17429243,0.24848693,0.42194117,0.15305405,0.13871671
5dw3_TRP_D_402,0.60382887,0.65227284,0.17429243,0.24848693,0.42194117,0.15305405,0.13871671
5dz2_212_B_404,0.60382887,0.65227284,0.17429243,0.24848693,0.42194117,0.15305405,0.13871671
5dzh_5KG_A_900,0.60382887,0.65227284,0.17429243,0.24848693,0.42194117,0.15305405,0.13871671
5dzh_5KG_B_901,0.60382887,0.65227284,0.17429243,0.24848693,0.42194117,0.15305405,0.13871671
5e4o_L57_A_201,0.60382887,0.65227284,0.17429243,0.24848693,0.42194117,0.15305405,0.13871671
5e9m_BAE_A_2001,0.60512781,0.98347443,0.17133174,0.24859895,0.41920291,0.14862148,0.14758073
5edh_5MF_A_803,0.60382887,0.65227284,0.17429243,0.24848693,0.42194117,0.15305405,0.13871671
5edh_5MF_C_803,0.60382887,0.65227284,0.17429243,0.24848693,0.42194117,0.15305405,0.13871671
5edh_5MF_D_803,0.60382887,0.65227284,0.17429243,0.24848693,0.42194117,0.15305405,0.13871671
5eo7_SFU_A_402,0.60382887,0.65227284,0.17429243,0.24848693,0.42194117,0.15305405,0.13871671
5eo7_SFU_A_405,0.60382887,0.65227284,0.17429243,0.24848693,0.42194117,0.15305405,0.13871671
5eo7_SFU_B_401,0.60382887,0.65227284,0.17429243,0.24848693,0.42194117,0.15305405,0.13871671
5eo7_SFU_B_402,0.60382887,0.65227284,0.17429243,0.24848693,0.42194117,0.15305405,0.13871671
5eo7_SFU_B_404,0.60382887,0.65227284,0.17429243,0.24848693,0.42194117,0.15305405,0.13871671
5eo7_SFU_C_401,0.60382887,0.65227284,0.17429243,0.24848693,0.42194117,0.15305405,0.13871671
5eo7_SFU_C_402,0.60681974,0.61387401,0.17493145,0.26271768,0.43723477,0.98974494,0.14524421
5eo7_SFU_C_403,0.60382887,0.65227284,0.17429243,0.24848693,0.42194117,0.15305405,0.13871671
5eo7_SFU_C_404,0.60382887,0.65227284,0.17429243,0.24848693,0.42194117,0.15305405,0.13871671
5eo7_SFU_C_405,0.60382887,0.65227284,0.17429243,0.24848693,0.42194117,0.15305405,0.13871671
5eo8_TFU_A_402,0.60382887,0.65227284,0.17429243,0.24848693,0.42194117,0.15305405,0.13871671
5eo8_TFU_A_403,0.60382887,0.65227284,0.17429243,0.24848693,0.42194117,0.15305405,0.13871671
5eo8_TFU_A_405,0,0.84348533,0.18779724,0.91472065,0.98085887,0.16173501,0.98951449
5eo8_TFU_A_406,0.60382887,0.65227284,0.17429243,0.24848693,0.42194117,0.15305405,0.13871671
5eso_ISC_B_602,0.60382887,0.65227284,0.17429243,0.24848693,0.42194117,0.15305405,0.13871671
5ew8_5SF_A_803,0.60382887,0.65227284,0.17429243,0.24848693,0.42194117,0.15305405,0.13871671
5ew8_5SF_B_802,0.60382887,0.65227284,0.17429243,0.24848693,0.42194117,0.15305405,0.13871671
5ewc_5SJ_A_801,0.60382887,0.65227284,0.17429243,0.24848693,0.42194117,0.15305405,0.13871671
5ezp_IPJ_A_201,0.60382887,0.65227284,0.17429243,0.24848693,0.42194117,0.15305405,0.13871671
5ezp_IPJ_B_201,0.60382887,0.65227284,0.17429243,0.24848693,0.42194117,0.15305405,0.13871671
5ezp_IPJ_C_201,0.60382887,0.65227284,0.17429243,0.24848693,0.42194117,0.15305405,0.13871671
5ezp_IPJ_F_201,0.60382887,0.65227284,0.17429243,0.24848693,0.42194117,0.15305405,0.13871671
5ezp_IPJ_G_202,0.60382887,0.65227284,0.17429243,0.24848693,0.42194117,0.15305405,0.13871671
5f35_FLC_A_302,0.60382887,0.65227284,0.17429243,0.24848693,0.42194117,0.15305405,0.13871671
5f79_4V7_A_4000,0.60382887,0.65227284,0.17429243,0.24848693,0.42194117,0.15305405,0.13871671
5faj_DCS_A_401,0.60382887,0.65227284,0.17429243,0.24848693,0.42194117,0.15305405,0.13871671
5faj_DCS_C_401,0.60382887,0.65227284,0.17429243,0.24848693,0.42194117,0.15305405,0.13871671
5faj_DCS_D_401,0.60382887,0.65227284,0.17429243,0.24848693,0.42194117,0.15305405,0.13871671
5fal_SKT_A_502,0.60382887,0.65227284,0.17429243,0.24848693,0.42194117,0.15305405,0.13871671
5fay_CHT_B_906,0.60382887,0.65227284,0.17429243,0.24848693,0.42194117,0.15305405,0.13871671
5fc5_PC_A_516,0.60382887,0.65227284,0.17429243,0.24848693,0.42194117,0.15305405,0.13871671
5fe1_12Q_A_901,0.60460042,0.99322233,0.1711738,0.24605569,0.41642735,0,0.14654707
5fe4_5WY_A_903,0.60382887,0.65227284,0.17429243,0.24848693,0.42194117,0.15305405,0.13871671
5fe4_5WY_B_904,0.60382887,0.65227284,0.17429243,0.24848693,0.42194117,0.15305405,0.13871671
5fes_9SE_A_409,0.60382887,0.65227284,0.17429243,0.24848693,0.42194117,0.15305405,0.13871671
5fh3_OXL_A_703,0.60382887,0.65227284,0.17429243,0.24848693,0.42194117,0.15305405,0.13871671
5fiu_Y3J_A_1299,0.60382887,0.65227284,0.17429243,0.24848693,0.42194117,0.15305405,0.13871671
5fiu_Y3J_B_1299,0.60382887,0.65227284,0.17429243,0.24848693,0.42194117,0.15305405,0.13871671
5fiu_Y3J_C_1299,0.60382887,0.65227284,0.17429243,0.24848693,0.42194117,0.15305405,0.13871671
5fkl_TDC_A_222,0.60492794,0.93251321,0.17178732,0.24858171,0.41962426,0.14930354,0.14621677
5fli_QUE_A_301,0.60382887,0.65227284,0.17429243,0.24848693,0.42194117,0.15305405,0.13871671
5fli_QUE_C_301,0.60382887,0.65227284,0.17429243,0.24848693,0.42194117,0.15305405,0.13871671
5fli_QUE_D_301,0.60382887,0.65227284,0.17429243,0.24848693,0.42194117,0.15305405,0.13871671
5fli_QUE_E_301,0.60382887,0.65227284,0.17429243,0.24848693,0.42194117,0.15305405,0.13871671
5fli_QUE_F_301,0.60382887,0.65227284,0.17429243,0.24848693,0.42194117,0.15305405,0.13871671
5fli_QUE_G_301,0.60382887,0.65227284,0.17429243,0.24848693,0.42194117,0.15305405,0.13871671
5fli_QUE_H_301,0.60382887,0.65227284,0.17429243,0.24848693,0.42194117,0.15305405,0.13871671
5fli_QUE_J_301,0.60382887,0.65227284,0.17429243,0.24848693,0.42194117,0.15305405,0.13871671
5fli_QUE_K_301,0.60382887,0.65227284,0.17429243,0.24848693,0.42194117,0.15305405,0.13871671
5fp9_4SV_A_1342,0.60382887,0.65227284,0.17429243,0.24848693,0.42194117,0.15305405,0.13871671
5fqf_NGA_A_1588,0.60382887,0.65227284,0.17429243,0.24848693,0.42194117,0.15305405,0.13871671
5fqf_NGA_A_1589,0.60382887,0.65227284,0.17429243,0.24848693,0.42194117,0.15305405,0.13871671
5fqf_NGA_B_1585,0.60382887,0.65227284,0.17429243,0.24848693,0.42194117,0.15305405,0.13871671
5fqf_NGA_B_1586,0.60382887,0.65227284,0.17429243,0.24848693,0.42194117,0.15305405,0.13871671
5fuv_THM_A_1388,0.60382887,0.65227284,0.17429243,0.24848693,0.42194117,0.15305405,0.13871671
5fuv_THM_B_1385,0.60382887,0.65227284,0.17429243,0.24848693,0.42194117,0.15305405,0.13871671
5fv3_OGA_A_1770,0.60382887,0.65227284,0.17429243,0.24848693,0.42194117,0.15305405,0.13871671
5fwe_OGA_A_1358,0.60382887,0.65227284,0.17429243,0.24848693,0.42194117,0.15305405,0.13871671
5fwe_OGA_B_1359,0.60382887,0.65227284,0.17429243,0.24848693,0.42194117,0.15305405,0.13871671
5fzn_FB2_A_1615,0.60382887,0.65227284,0.17429243,0.24848693,0.42194117,0.15305405,0.13871671
5g09_6DF_A_1475,0.60382887,0.65227284,0.17429243,0.24848693,0.42194117,0.15305405,0.13871671
5g09_6DF_C_1475,0.60382887,0.65227284,0.17429243,0.24848693,0.42194117,0.15305405,0.13871671
5g0v_JDD_B_1271,0.60382887,0.65227284,0.17429243,0.24848693,0.42194117,0.15305405,0.13871671
5g21_YN4_A_1002,0.60382887,0.65227284,0.17429243,0.24848693,0.42194117,0.15305405,0.13871671
5g44_SWX_A_1511,0.60382887,0.65227284,0.17429243,0.24848693,0.42194117,0.15305405,0.13871671
5g44_YTZ_A_1512,0.60382887,0.65227284,0.17429243,0.24848693,0.42194117,0.15305405,0.13871671
5g4r_LF1_A_1739,0.60382887,0.65227284,0.17429243,0.24848693,0.42194117,0.15305405,0.13871671
5g4r_LF1_B_1739,0.60382887,0.65227284,0.17429243,0.24848693,0.42194117,0.15305405,0.13871671
5g4r_LF1_C_1739,0.60382887,0.65227284,0.17429243,0.24848693,0.42194117,0.15305405,0.13871671
5g4r_LF1_D_1739,0.60382887,0.65227284,0.17429243,0.24848693,0.42194117,0.15305405,0.13871671
5g6g_H8B_A_1367,0.60382887,0.65227284,0.17429243,0.24848693,0.42194117,0.15305405,0.13871671
5g6i_M85_A_904,0.60382887,0.65227284,0.17429243,0.24848693,0.42194117,0.15305405,0.13871671
5g6k_M94_A_904,0.60382887,0.65227284,0.17429243,0.24848693,0.42194117,0.15305405,0.13871671
5gnx_BGC_B_503,0.60382887,0.65227284,0.17429243,0.24848693,0.42194117,0.15305405,0.13871671
5goo_FRU_A_501,0.60382887,0.65227284,0.17429243,0.24848693,0.42194117,0.15305405,0.13871671
5goo_FRU_B_501,0.60382887,0.65227284,0.17429243,0.24848693,0.42194117,0.15305405,0.13871671
5gri_CIT_B_401,0.60382887,0.65227284,0.17429243,0.24848693,0.42194117,0.15305405,0.13871671
5gto_MYR_A_502,0.60264817,0.91446168,0.16522863,0,0,0.1440577,0
5gwt_SIN_A_302,0.60382887,0.65227284,0.17429243,0.24848693,0.42194117,0.15305405,0.13871671
5gwt_SIN_B_302,0.60382887,0.65227284,0.17429243,0.24848693,0.42194117,0.15305405,0.13871671
5gwt_SIN_C_301,0.60382887,0.65227284,0.17429243,0.24848693,0.42194117,0.15305405,0.13871671
5gwt_SIN_D_301,0.60259036,0.48420553,0.17572207,0.24581127,0.42055932,0,0.13288665
5gwx_SAR_A_302,0.60382887,0.65227284,0.17429243,0.24848693,0.42194117,0.15305405,0.13871671
5gzz_GSH_C_301,0.60382887,0.65227284,0.17429243,0.24848693,0.42194117,0.15305405,0.13871671
5gzz_GSH_E_301,0.89858757,0.92094639,0.17002162,0.18522694,0.35797727,0.14842976,5.2959235e-09
5gzz_JAA_A_601,0.60382887,0.65227284,0.17429243,0.24848693,0.42194117,0.15305405,0.13871671
5h24_LQG_A_501,0.60382887,0.65227284,0.17429243,0.24848693,0.42194117,0.15305405,0.13871671
5h24_LQG_B_501,0.60382887,0.65227284,0.17429243,0.24848693,0.42194117,0.15305405,0.13871671
5h5k_C5P_A_206,0.60382887,0.65227284,0.17429243,0.24848693,0.42194117,0.15305405,0.13871671
5h5k_C5P_B_203,0.60382887,0.65227284,0.17429243,0.24848693,0.42194117,0.15305405,0.13871671
5h8f_GLU_A_302,0.60127063,0,0.18012367,0.24826619,0.42733419,0.16178424,0.12125842
5h8q_5YE_B_302,0.60382887,0.65227284,0.17429243,0.24848693,0.42194117,0.15305405,0.13871671
5h8q_GLU_A_302,0.60127063,0,0.18012367,0.24826619,0.42733419,0.16178424,0.12125842
5h8q_GLY_B_301,0.60382887,0.65227284,0.17429243,0.24848693,0.42194117,0.15305405,0.13871671
5h9i_XAN_A_301,0.60382887,0.65227284,0.17429243,0.24848693,0.42194117,0.15305405,0.13871671
5ha7_WY1_A_402,0.59192995,0.97798684,0.1713942,0.24815925,0.41859459,0.14868542,0.15031291
5hc0_NPO_A_402,0.60382887,0.65227284,0.17429243,0.24848693,0.42194117,0.15305405,0.13871671
5hc0_NPO_A_407,0.60498219,0.94634404,0.17166367,0.24858639,0.4195099,0.14911843,0.14658695
5hfa_FP1_A_607,0.60382887,0.65227284,0.17429243,0.24848693,0.42194117,0.15305405,0.13871671
5hfa_FP1_A_608,0.60382887,0.65227284,0.17429243,0.24848693,0.42194117,0.15305405,0.13871671
5hfa_FP1_B_609,0.60382887,0.65227284,0.17429243,0.24848693,0.42194117,0.15305405,0.13871671
5hgz_MLA_A_302,0.60382887,0.65227284,0.17429243,0.24848693,0.42194117,0.15305405,0.13871671
5hgz_MLA_A_303,0.60382887,0.65227284,0.17429243,0.24848693,0.42194117,0.15305405,0.13871671
5hpu_IPH_A_101,0.60382887,0.65227284,0.17429243,0.24848693,0.42194117,0.15305405,0.13871671
5hss_64Z_A_402,0.60382887,0.65227284,0.17429243,0.24848693,0.42194117,0.15305405,0.13871671
5hss_64Z_D_403,0.60382887,0.65227284,0.17429243,0.24848693,0.42194117,0.15305405,0.13871671
5hss_64Z_E_402,0.60382887,0.65227284,0.17429243,0.24848693,0.42194117,0.15305405,0.13871671
5hss_650_B_402,0.99662284,0.94607063,0.16993598,0.19992955,0.37461533,0.1483563,1.2159889e-05
5hss_650_C_401,0.60382887,0.65227284,0.17429243,0.24848693,0.42194117,0.15305405,0.13871671
5i0d_GLC_B_1122,0.98080117,0.99150468,0.16428324,0,1.8145499e-05,0.14336608,0
5i0m_UMP_A_201,0.60382887,0.65227284,0.17429243,0.24848693,0.42194117,0.15305405,0.13871671
5i0m_UMP_B_201,0.60382887,0.65227284,0.17429243,0.24848693,0.42194117,0.15305405,0.13871671
5i3p_68T_A_1003,0.60382887,0.65227284,0.17429243,0.24848693,0.42194117,0.15305405,0.13871671
5i5s_NVU_B_402,0.99564549,0.99177946,0.16427367,0,0.00035780691,0.14337882,0
5i5t_67X_B_402,0.60382887,0.65227284,0.17429243,0.24848693,0.42194117,0.15305405,0.13871671
5i7r_68W_A_402,0.60512612,0.98304264,0.1713356,0.2485988,0.41920648,0.14862726,0.14756917
5i8s_LEA_A_202,0.60382887,0.65227284,0.17429243,0.24848693,0.42194117,0.15305405,0.13871671
5i8z_JA1_A_302,0.60510879,0.97862476,0.17137509,0.24859731,0.41924301,0.14868639,0.14745093
5i93_69O_A_202,0.60382887,0.65227284,0.17429243,0.24848693,0.42194117,0.15305405,0.13871671
5i95_AKG_A_508,0.60382887,0.65227284,0.17429243,0.24848693,0.42194117,0.15305405,0.13871671
5i9m_69K_B_302,0.60382887,0.65227284,0.17429243,0.24848693,0.42194117,0.15305405,0.13871671
5i9m_69K_C_302,0.60382887,0.65227284,0.17429243,0.24848693,0.42194117,0.15305405,0.13871671
5iav_MLI_B_302,0.60373745,0.62897078,0.17450088,0.248479,0.42213392,0.15336614,0.13809258
5ice_2H4_A_402,0.60382887,0.65227284,0.17429243,0.24848693,0.42194117,0.15305405,0.13871671
5icf_SAU_A_402,0.60382887,0.65227284,0.17429243,0.24848693,0.42194117,0.15305405,0.13871671
5igs_GMP_A_403,0.60382887,0.65227284,0.17429243,0.24848693,0.42194117,0.15305405,0.13871671
5ihe_D5M_A_701,0.60382887,0.65227284,0.17429243,0.24848693,0.42194117,0.15305405,0.13871671
5ihe_D5M_B_701,0.60382887,0.65227284,0.17429243,0.24848693,0.42194117,0.15305405,0.13871671
5ijz_AKG_B_502,0.60382887,0.65227284,0.17429243,0.24848693,0.42194117,0.15305405,0.13871671
5ijz_AKG_C_502,0.60382887,0.65227284,0.17429243,0.24848693,0.42194117,0.15305405,0.13871671
5ijz_AKG_D_502,0.60382887,0.65227284,0.17429243,0.24848693,0.42194117,0.15305405,0.13871671
5ijz_AKG_E_502,0.60382887,0.65227284,0.17429243,0.24848693,0.42194117,0.15305405,0.13871671
5ijz_AKG_H_502,0.60382887,0.65227284,0.17429243,0.24848693,0.42194117,0.15305405,0.13871671
5in3_G1P_A_416,0.60382887,0.65227284,0.17429243,0.24848693,0.42194117,0.15305405,0.13871671
5in3_G1P_B_418,0.60382887,0.65227284,0.17429243,0.24848693,0.42194117,0.15305405,0.13871671
5ioq_DUR_B_302,0.60382887,0.65227284,0.17429243,0.24848693,0.42194117,0.15305405,0.13871671
5ioq_DUR_B_303,0.60382887,0.65227284,0.17429243,0.24848693,0.42194117,0.15305405,0.13871671
5ioq_DUR_C_302,0.60382887,0.65227284,0.17429243,0.24848693,0.42194117,0.15305405,0.13871671
5ip6_6C9_A_301,0.60382887,0.65227284,0.17429243,0.24848693,0.42194117,0.15305405,0.13871671
5irw_D9P_B_202,0.60382887,0.65227284,0.17429243,0.24848693,0.42194117,0.15305405,0.13871671
5ita_6DC_B_801,0.60382887,0.65227284,0.17429243,0.24848693,0.42194117,0.15305405,0.13871671
5iuy_BOG_B_503,0.60382887,0.65227284,0.17429243,0.24848693,0.42194117,0.15305405,0.13871671
5iuy_BOG_C_503,0.60382887,0.65227284,0.17429243,0.24848693,0.42194117,0.15305405,0.13871671
5ivg_FPS_A_704,0.60382887,0.65227284,0.17429243,0.24848693,0.42194117,0.15305405,0.13871671
5ivg_FPS_B_704,0.60382887,0.65227284,0.17429243,0.24848693,0.42194117,0.15305405,0.13871671
5ivg_FPS_C_704,0.60382887,0.65227284,0.17429243,0.24848693,0.42194117,0.15305405,0.13871671
5ivg_FPS_D_704,0.60382887,0.65227284,0.17429243,0.24848693,0.42194117,0.15305405,0.13871671
5j4k_6FZ_A_404,0.60382887,0.65227284,0.17429243,0.24848693,0.42194117,0.15305405,0.13871671
5j5i_6GM_A_302,0.60382887,0.65227284,0.17429243,0.24848693,0.42194117,0.15305405,0.13871671
5j5i_6GM_A_303,0.60382887,0.65227284,0.17429243,0.24848693,0.42194117,0.15305405,0.13871671
5j5i_6GM_B_302,0.60382887,0.65227284,0.17429243,0.24848693,0.42194117,0.15305405,0.13871671
5j5i_6GM_C_302,0.60382887,0.65227284,0.17429243,0.24848693,0.42194117,0.15305405,0.13871671
5j5i_6GM_E_302,0.60382887,0.65227284,0.17429243,0.24848693,0.42194117,0.15305405,0.13871671
5j5i_6GM_F_303,0.60382887,0.65227284,0.17429243,0.24848693,0.42194117,0.15305405,0.13871671
5j5i_6GM_I_302,0.60382887,0.65227284,0.17429243,0.24848693,0.42194117,0.15305405,0.13871671
5j5i_6GM_I_303,0.60382887,0.65227284,0.17429243,0.24848693,0.42194117,0.15305405,0.13871671
5j61_A3G_A_501,0.60511432,0.98003429,0.17136249,0.24859779,0.41923136,0.14866752,0.14748866
5j61_A3G_B_501,0.60505702,0.96542331,0.17149311,0.24859284,0.41935216,0.14886307,0.1470976
5j61_A3G_C_501,0.60512808,0.98354299,0.17133113,0.24859897,0.41920235,0.14862056,0.14758256
5j61_A3G_D_501,0.60501601,0.95496649,0.17158659,0.2485893,0.41943861,0.14900303,0.14681773
5j61_A3G_E_501,0.60508042,0.97138985,0.17143977,0.24859486,0.41930283,0.14878322,0.14725729
5j61_A3G_F_501,0.60506287,0.96691498,0.17147978,0.24859335,0.41933983,0.14884311,0.14713752
5j6y_GLC_A_309,0.60382887,0.65227284,0.17429243,0.24848693,0.42194117,0.15305405,0.13871671
5je1_TOF_A_302,0.60382887,0.65227284,0.17429243,0.24848693,0.42194117,0.15305405,0.13871671
5je1_TOF_B_302,0.60382887,0.65227284,0.17429243,0.24848693,0.42194117,0.15305405,0.13871671
5je5_AZ9_A_302,0.60382887,0.65227284,0.17429243,0.24848693,0.42194117,0.15305405,0.13871671
5je7_EVF_B_302,0.60382887,0.65227284,0.17429243,0.24848693,0.42194117,0.15305405,0.13871671
5jeh_EVF_B_302,0.99037332,0.9302559,0.17412936,0,0.94396135,0.15187329,0.13227548
5jep_EVF_B_302,0.60382887,0.65227284,0.17429243,0.24848693,0.42194117,0.15305405,0.13871671
5jep_EVF_B_303,0.60382887,0.65227284,0.17429243,0.24848693,0.42194117,0.15305405,0.13871671
5jfx_6K4_A_4000,0.60382887,0.65227284,0.17429243,0.24848693,0.42194117,0.15305405,0.13871671
5jg5_EVF_B_301,0.60415677,0.62714594,0.99777049,0.26368341,0.43809072,0.15365239,0.14683266
5jj2_MLI_A_302,0.88094184,0.86098166,0.16552683,0,7.2630691e-05,0.14502546,0
5jj2_MLI_A_303,0.60382887,0.65227284,0.17429243,0.24848693,0.42194117,0.15305405,0.13871671
5jj2_MLI_A_305,0.60382887,0.65227284,0.17429243,0.24848693,0.42194117,0.15305405,0.13871671
5joy_6LW_A_602,0.60382887,0.65227284,0.17429243,0.24848693,0.42194117,0.15305405,0.13871671
5joy_6LW_B_602,0.60382887,0.65227284,0.17429243,0.24848693,0.42194117,0.15305405,0.13871671
5jp9_DCM_A_401,0.60382887,0.65227284,0.17429243,0.24848693,0.42194117,0.15305405,0.13871671
5jp9_DCM_B_401,0.60382887,0.65227284,0.17429243,0.24848693,0.42194117,0.15305405,0.13871671
5jtt_6MY_A_902,0.60382887,0.65227284,0.17429243,0.24848693,0.42194117,0.15305405,0.13871671
5jtu_6NE_A_902,0.60382887,0.65227284,0.17429243,0.24848693,0.42194117,0.15305405,0.13871671
5k2c_ZMA_A_1201,0.60382887,0.65227284,0.17429243,0.24848693,0.42194117,0.15305405,0.13871671
5k5m_68T_A_1003,0.60382887,0.65227284,0.17429243,0.24848693,0.42194117,0.15305405,0.13871671
5kas_PC_A_517,0.60382887,0.65227284,0.17429243,0.24848693,0.42194117,0.15305405,0.13871671
5kcj_6RM_B_302,0.60415485,0.62729273,0.99295956,0.26359463,0.43799638,0.15364889,0.14678524
5kcj_GLU_A_302,0.60127063,0,0.18012367,0.24826619,0.42733419,0.16178424,0.12125842
5kcp_PFB_A_378,0.60382887,0.65227284,0.17429243,0.24848693,0.42194117,0.15305405,0.13871671
5kcp_PFB_B_378,0.60382887,0.65227284,0.17429243,0.24848693,0.42194117,0.15305405,0.13871671
5kcp_PFB_B_379,0.60382887,0.65227284,0.17429243,0.24848693,0.42194117,0.15305405,0.13871671
5kf2_COA_A_401,0.60382887,0.65227284,0.17429243,0.24848693,0.42194117,0.15305405,0.13871671
5kjw_53C_A_800,0.60382887,0.65227284,0.17429243,0.24848693,0.42194117,0.15305405,0.13871671
5kjw_53C_B_800,0.60382887,0.65227284,0.17429243,0.24848693,0.42194117,0.15305405,0.13871671
5kts_CIZ_A_402,0.60382887,0.65227284,0.17429243,0.24848693,0.42194117,0.15305405,0.13871671
5kxb_NGA_A_307,0.60382887,0.65227284,0.17429243,0.24848693,0.42194117,0.15305405,0.13871671
5kxb_NGA_B_305,0.60382887,0.65227284,0.17429243,0.24848693,0.42194117,0.15305405,0.13871671
5kxb_NGA_D_301,0.60382887,0.65227284,0.17429243,0.24848693,0.42194117,0.15305405,0.13871671
5l1u_7PF_A_401,0.60382887,0.65227284,0.17429243,0.24848693,0.42194117,0.15305405,0.13871671
5l1v_7PF_A_401,0.60441237,0,0.18051799,0.26243614,0.44233024,0.99422414,0.12846201
5l7u_NGA_A_601,0.60382887,0.65227284,0.17429243,0.24848693,0.42194117,0.15305405,0.13871671
5l7u_NGA_B_601,0.60382887,0.65227284,0.17429243,0.24848693,0.42194117,0.15305405,0.13871671
5l9v_OGA_B_502,0.60382887,0.65227284,0.17429243,0.24848693,0.42194117,0.15305405,0.13871671
5la1_XYP_A_601,0.60382887,0.65227284,0.17429243,0.24848693,0.42194117,0.15305405,0.13871671
5la1_XYP_A_602,0.60382887,0.65227284,0.17429243,0.24848693,0.42194117,0.15305405,0.13871671
5la2_ARB_A_606,0.60382887,0.65227284,0.17429243,0.24848693,0.42194117,0.15305405,0.13871671
5la2_ARB_B_606,0.60382887,0.65227284,0.17429243,0.24848693,0.42194117,0.15305405,0.13871671
5lqs_NTM_A_302,0.60489177,0.94638099,0,0.24540801,0.4161637,0.1490424,0.14479387
5lu8_5KN_A_306,0.60382887,0.65227284,0.17429243,0.24848693,0.42194117,0.15305405,0.13871671
5lwy_OLB_A_402,0.60382887,0.65227284,0.17429243,0.24848693,0.42194117,0.15305405,0.13871671
5lwy_OLB_A_403,0.60127063,0,0.18012367,0.24826619,0.42733419,0.16178424,0.12125842
5lwy_OLB_A_404,0.60382887,0.65227284,0.17429243,0.24848693,0.42194117,0.15305405,0.13871671
5lwy_OLB_A_406,0.60382887,0.65227284,0.17429243,0.24848693,0.42194117,0.15305405,0.13871671
5lwy_OLB_A_409,0.60382887,0.65227284,0.17429243,0.24848693,0.42194117,0.15305405,0.13871671
5m0t_AKG_B_302,0.60481735,0.92740159,0,0.24539957,0.41631849,0.14929637,0.14428474
5m5a_KSA_A_404,0.60382887,0.65227284,0.17429243,0.24848693,0.42194117,0.15305405,0.13871671
5m62_BGC_A_409,0.60382887,0.65227284,0.17429243,0.24848693,0.42194117,0.15305405,0.13871671
5m66_ADN_B_502,0.60382887,0.65227284,0.17429243,0.24848693,0.42194117,0.15305405,0.13871671
5m66_ADN_C_502,0.60382887,0.65227284,0.17429243,0.24848693,0.42194117,0.15305405,0.13871671
5m66_ADN_D_502,0.60382887,0.65227284,0.17429243,0.24848693,0.42194117,0.15305405,0.13871671
5m8d_UGI_B_501,0.60382887,0.65227284,0.17429243,0.24848693,0.42194117,0.15305405,0.13871671
5mdh_MAK_B_335,0.60382887,0.65227284,0.17429243,0.24848693,0.42194117,0.15305405,0.13871671
5mot_HBD_A_401,0.60382887,0.65227284,0.17429243,0.24848693,0.42194117,0.15305405,0.13871671
5mot_HBD_A_402,0.60382887,0.65227284,0.17429243,0.24848693,0.42194117,0.15305405,0.13871671
5mxh_GAL_A_401,0.60382887,0.65227284,0.17429243,0.24848693,0.42194117,0.15305405,0.13871671
5mxh_GAL_A_402,0.60382887,0.65227284,0.17429243,0.24848693,0.42194117,0.15305405,0.13871671
5mzj_TEP_A_2401,0.60382887,0.65227284,0.17429243,0.24848693,0.42194117,0.15305405,0.13871671
5n5k_8NW_A_307,0.60382887,0.65227284,0.17429243,0.24848693,0.42194117,0.15305405,0.13871671
5n5k_HAE_A_306,0.60382887,0.65227284,0.17429243,0.24848693,0.42194117,0.15305405,0.13871671
5n63_8OW_A_401,0.98231541,0.90858496,0.17025968,0.19819586,0.37291,0.14882673,0
5n8c_8Q8_A_403,0.60382887,0.65227284,0.17429243,0.24848693,0.42194117,0.15305405,0.13871671
5n8c_8Q8_B_403,0.78343251,0.97325276,0.17123118,0.2545386,0.42824938,0.14888859,0.10680151
5nh9_XLS_A_503,0.60382887,0.65227284,0.17429243,0.24848693,0.42194117,0.15305405,0.13871671
5nh9_XLS_B_503,0.60382887,0.65227284,0.17429243,0.24848693,0.42194117,0.15305405,0.13871671
5nh9_XLS_C_504,0.60382887,0.65227284,0.17429243,0.24848693,0.42194117,0.15305405,0.13871671
5nj0_8YW_A_301,0.60382887,0.65227284,0.17429243,0.24848693,0.42194117,0.15305405,0.13871671
5njb_BB2_A_502,0.60382887,0.65227284,0.17429243,0.24848693,0.42194117,0.15305405,0.13871671
5njb_BB2_C_502,0.60382887,0.65227284,0.17429243,0.24848693,0.42194117,0.15305405,0.13871671
5nnw_GCS_D_302,0.60382887,0.65227284,0.17429243,0.24848693,0.42194117,0.15305405,0.13871671
5nov_93B_A_201,0.60382887,0.65227284,0.17429243,0.24848693,0.42194117,0.15305405,0.13871671
5nuk_Z80_A_201,0.60382887,0.65227284,0.17429243,0.24848693,0.42194117,0.15305405,0.13871671
5o3b_9HZ_A_501,0.60382887,0.65227284,0.17429243,0.24848693,0.42194117,0.15305405,0.13871671
5o3b_9HZ_B_501,0.60382887,0.65227284,0.17429243,0.24848693,0.42194117,0.15305405,0.13871671
5o3b_9HZ_D_501,0.60382887,0.65227284,0.17429243,0.24848693,0.42194117,0.15305405,0.13871671
5o3f_9HT_A_501,0.60382887,0.65227284,0.17429243,0.24848693,0.42194117,0.15305405,0.13871671
5o3g_9J8_A_501,0.60382887,0.65227284,0.17429243,0.24848693,0.42194117,0.15305405,0.13871671
5o3g_9J8_B_501,0.60382887,0.65227284,0.17429243,0.24848693,0.42194117,0.15305405,0.13871671
5o4j_9KH_B_302,0.60382887,0.65227284,0.17429243,0.24848693,0.42194117,0.15305405,0.13871671
5o4j_PJL_A_304,0.60382887,0.65227284,0.17429243,0.24848693,0.42194117,0.15305405,0.13871671
5o4k_9KE_A_405,0.60382887,0.65227284,0.17429243,0.24848693,0.42194117,0.15305405,0.13871671
5o72_9MH_A_303,0.60382887,0.65227284,0.17429243,0.24848693,0.42194117,0.15305405,0.13871671
5ocm_9RH_A_302,0.60382887,0.65227284,0.17429243,0.24848693,0.42194117,0.15305405,0.13871671
5ocm_9RH_B_302,0.60382887,0.65227284,0.17429243,0.24848693,0.42194117,0.15305405,0.13871671
5ocm_9RH_C_302,0.60382887,0.65227284,0.17429243,0.24848693,0.42194117,0.15305405,0.13871671
5ocm_9RH_D_302,0.60479186,0.9926915,0.54885239,0.25299045,0.4237322,0,0.15044801
5ocm_9RH_E_302,0.60382887,0.65227284,0.17429243,0.24848693,0.42194117,0.15305405,0.13871671
5ocm_9RH_F_302,0.60382887,0.65227284,0.17429243,0.24848693,0.42194117,0.15305405,0.13871671
5oew_9TE_B_901,0.60382887,0.65227284,0.17429243,0.24848693,0.42194117,0.15305405,0.13871671
5oew_9TE_C_301,0.60382887,0.65227284,0.17429243,0.24848693,0.42194117,0.15305405,0.13871671
5oew_GLU_A_301,0.60382887,0.65227284,0.17429243,0.24848693,0.42194117,0.15305405,0.13871671
5oew_GLU_B_902,0.60382887,0.65227284,0.17429243,0.24848693,0.42194117,0.15305405,0.13871671
5oew_GLU_C_302,0.60382887,0.65227284,0.17429243,0.24848693,0.42194117,0.15305405,0.13871671
5oip_9WE_A_302,0.60382887,0.65227284,0.17429243,0.24848693,0.42194117,0.15305405,0.13871671
5oir_9W8_A_302,0.60382887,0.65227284,0.17429243,0.24848693,0.42194117,0.15305405,0.13871671
5osf_A9E_A_404,0.60382887,0.65227284,0.17429243,0.24848693,0.42194117,0.15305405,0.13871671
5r0j_RBJ_B_401,0.60382887,0.65227284,0.17429243,0.24848693,0.42194117,0.15305405,0.13871671
5r28_RDJ_A_401,0.60382887,0.65227284,0.17429243,0.24848693,0.42194117,0.15305405,0.13871671
5r9u_JMM_A_401,0.60382887,0.65227284,0.17429243,0.24848693,0.42194117,0.15305405,0.13871671
5syi_NIZ_A_805,0.60382887,0.65227284,0.17429243,0.24848693,0.42194117,0.15305405,0.13871671
5t3h_BEN_A_302,0.60382887,0.65227284,0.17429243,0.24848693,0.42194117,0.15305405,0.13871671
5t63_ALA_C_1,0.60382887,0.65227284,0.17429243,0.24848693,0.42194117,0.15305405,0.13871671
5t6b_TMP_A_504,0.60382887,0.65227284,0.17429243,0.24848693,0.42194117,0.15305405,0.13871671
5t6b_TMP_B_504,0.60382887,0.65227284,0.17429243,0.24848693,0.42194117,0.15305405,0.13871671
5t6b_TMP_C_503,0.60382887,0.65227284,0.17429243,0.24848693,0.42194117,0.15305405,0.13871671
5t6b_TMP_D_503,0.60382887,0.65227284,0.17429243,0.24848693,0.42194117,0.15305405,0.13871671
5t85_44G_L_301,0.60382887,0.65227284,0.17429243,0.24848693,0.42194117,0.15305405,0.13871671
5tbo_78Z_A_1001,0.60382887,0.65227284,0.17429243,0.24848693,0.42194117,0.15305405,0.13871671
5tch_MLI_A_301,0.60382887,0.65227284,0.17429243,0.24848693,0.42194117,0.15305405,0.13871671
5tch_MLI_B_501,0.60382887,0.65227284,0.17429243,0.24848693,0.42194117,0.15305405,0.13871671
5tch_MLI_C_301,0.60382887,0.65227284,0.17429243,0.24848693,0.42194117,0.15305405,0.13871671
5tch_MLI_D_501,0.60382887,0.65227284,0.17429243,0.24848693,0.42194117,0.15305405,0.13871671
5tch_MLI_E_301,0.60382887,0.65227284,0.17429243,0.24848693,0.42194117,0.15305405,0.13871671
5tch_MLI_F_501,0.60382887,0.65227284,0.17429243,0.24848693,0.42194117,0.15305405,0.13871671
5tch_MLI_G_301,0.60382887,0.65227284,0.17429243,0.24848693,0.42194117,0.15305405,0.13871671
5tch_MLI_H_501,0.60382887,0.65227284,0.17429243,0.24848693,0.42194117,0.15305405,0.13871671
5tde_2HP_A_502,0.60382887,0.65227284,0.17429243,0.24848693,0.42194117,0.15305405,0.13871671
5tde_2HP_B_901,0.60382887,0.65227284,0.17429243,0.24848693,0.42194117,0.15305405,0.13871671
5tde_2HP_B_902,0.60382887,0.65227284,0.17429243,0.24848693,0.42194117,0.15305405,0.13871671
5tde_FLC_A_501,0.60382887,0.65227284,0.17429243,0.24848693,0.42194117,0.15305405,0.13871671
5tdt_MBN_A_502,0.60382887,0.65227284,0.17429243,0.24848693,0.42194117,0.15305405,0.13871671
5tdt_MBN_A_503,0.60382887,0.65227284,0.17429243,0.24848693,0.42194117,0.15305405,0.13871671
5tdt_MBN_A_504,0.60382887,0.65227284,0.17429243,0.24848693,0.42194117,0.15305405,0.13871671
5tdt_MBN_D_501,0.60382887,0.65227284,0.17429243,0.24848693,0.42194117,0.15305405,0.13871671
5tdt_MBN_D_502,0.60382887,0.65227284,0.17429243,0.24848693,0.42194117,0.15305405,0.13871671
5thu_B3N_A_404,0.60382887,0.65227284,0.17429243,0.24848693,0.42194117,0.15305405,0.13871671
5thu_B3N_B_404,0.60382887,0.65227284,0.17429243,0.24848693,0.42194117,0.15305405,0.13871671
5thu_GGG_B_405,0.60382887,0.65227284,0.17429243,0.24848693,0.42194117,0.15305405,0.13871671
5tix_OQR_A_302,0.60382887,0.65227284,0.17429243,0.24848693,0.42194117,0.15305405,0.13871671
5tix_OQR_B_302,0.60382887,0.65227284,0.17429243,0.24848693,0.42194117,0.15305405,0.13871671
5tlg_7EG_A_601,0.60382887,0.65227284,0.17429243,0.24848693,0.42194117,0.15305405,0.13871671
5tm5_7EV_A_601,0.60382887,0.65227284,0.17429243,0.24848693,0.42194117,0.15305405,0.13871671
5tm5_7EV_B_601,0.60382887,0.65227284,0.17429243,0.24848693,0.42194117,0.15305405,0.13871671
5tvr_AKG_A_402,0.60382887,0.65227284,0.17429243,0.24848693,0.42194117,0.15305405,0.13871671
5tvr_AKG_B_402,0.60382887,0.65227284,0.17429243,0.24848693,0.42194117,0.15305405,0.13871671
5u5g_7VD_D_302,0.60382887,0.65227284,0.17429243,0.24848693,0.42194117,0.15305405,0.13871671
5u5x_TP5_A_302,0.60382887,0.65227284,0.17429243,0.24848693,0.42194117,0.15305405,0.13871671
5u5z_7VP_A_302,0.60382887,0.65227284,0.17429243,0.24848693,0.42194117,0.15305405,0.13871671
5u8z_83D_A_602,0.60382887,0.65227284,0.17429243,0.24848693,0.42194117,0.15305405,0.13871671
5u8z_83D_B_602,0.60382887,0.65227284,0.17429243,0.24848693,0.42194117,0.15305405,0.13871671
5u8z_83D_C_602,0.60382887,0.65227284,0.17429243,0.24848693,0.42194117,0.15305405,0.13871671
5u8z_83D_D_602,0.60382887,0.65227284,0.17429243,0.24848693,0.42194117,0.15305405,0.13871671
5uap_82S_A_505,0.60382887,0.65227284,0.17429243,0.24848693,0.42194117,0.15305405,0.13871671
5ud0_G3H_B_406,0.60382887,0.65227284,0.17429243,0.24848693,0.42194117,0.15305405,0.13871671
5ud3_P6F_A_404,0.60382887,0.65227284,0.17429243,0.24848693,0.42194117,0.15305405,0.13871671
5ud3_P6F_B_404,0.60382887,0.65227284,0.17429243,0.24848693,0.42194117,0.15305405,0.13871671
5uim_TYD_B_403,0.60382887,0.65227284,0.17429243,0.24848693,0.42194117,0.15305405,0.13871671
5uio_8DM_A_202,0.60382887,0.65227284,0.17429243,0.24848693,0.42194117,0.15305405,0.13871671
5uio_8DM_C_202,0.60382887,0.65227284,0.17429243,0.24848693,0.42194117,0.15305405,0.13871671
5uio_LG3_A_201,0.60382887,0.65227284,0.17429243,0.24848693,0.42194117,0.15305405,0.13871671
5uio_LG3_B_201,0.60382887,0.65227284,0.17429243,0.24848693,0.42194117,0.15305405,0.13871671
5uio_LG3_C_201,0.60382887,0.65227284,0.17429243,0.24848693,0.42194117,0.15305405,0.13871671
5uio_LG3_E_201,0.60382887,0.65227284,0.17429243,0.24848693,0.42194117,0.15305405,0.13871671
5uj3_CE4_A_302,0.60382887,0.65227284,0.17429243,0.24848693,0.42194117,0.15305405,0.13871671
5unr_8EV_A_803,0.60382887,0.65227284,0.17429243,0.24848693,0.42194117,0.15305405,0.13871671
5unr_8EV_B_803,0.60382887,0.65227284,0.17429243,0.24848693,0.42194117,0.15305405,0.13871671
5unt_8J1_A_803,0.60382887,0.65227284,0.17429243,0.24848693,0.42194117,0.15305405,0.13871671
5unt_8J1_B_803,0.60382887,0.65227284,0.17429243,0.24848693,0.42194117,0.15305405,0.13871671
5unx_8F1_A_803,0.60382887,0.65227284,0.17429243,0.24848693,0.42194117,0.15305405,0.13871671
5unx_8F1_B_803,0.60382887,0.65227284,0.17429243,0.24848693,0.42194117,0.15305405,0.13871671
5uo3_8EY_A_803,0.60382887,0.65227284,0.17429243,0.24848693,0.42194117,0.15305405,0.13871671
5uo3_8EY_B_804,0.69712889,0.64254538,0.17216552,0.15166762,0.32198964,0.15153195,2.1373913e-06
5uo5_M4R_A_803,0.60382887,0.65227284,0.17429243,0.24848693,0.42194117,0.15305405,0.13871671
5uo5_M4R_B_803,0.60382887,0.65227284,0.17429243,0.24848693,0.42194117,0.15305405,0.13871671
5urz_BOG_B_201,0.60382887,0.65227284,0.17429243,0.24848693,0.42194117,0.15305405,0.13871671
5ut1_7DZ_A_905,0.55150424,0,0.17525053,0,0.18085466,0.15773355,0
5v31_ARG_A_401,0.60382887,0.65227284,0.17429243,0.24848693,0.42194117,0.15305405,0.13871671
5v7y_AKG_B_302,0.60382887,0.65227284,0.17429243,0.24848693,0.42194117,0.15305405,0.13871671
5ve5_GSH_B_402,0.60382887,0.65227284,0.17429243,0.24848693,0.42194117,0.15305405,0.13871671
5ved_STU_A_601,0.60382887,0.65227284,0.17429243,0.24848693,0.42194117,0.15305405,0.13871671
5vjg_0BP_A_403,0.60382887,0.65227284,0.17429243,0.24848693,0.42194117,0.15305405,0.13871671
5vka_AKG_A_402,0.60382887,0.65227284,0.17429243,0.24848693,0.42194117,0.15305405,0.13871671
5vl0_BNF_B_404,0.60382887,0.65227284,0.17429243,0.24848693,0.42194117,0.15305405,0.13871671
5vl0_BNF_C_404,0.60382887,0.65227284,0.17429243,0.24848693,0.42194117,0.15305405,0.13871671
5vl0_BNF_D_404,0.60382887,0.65227284,0.17429243,0.24848693,0.42194117,0.15305405,0.13871671
5vrj_R07_A_204,0.60382887,0.65227284,0.17429243,0.24848693,0.42194117,0.15305405,0.13871671
5vut_9OG_A_803,0.60382887,0.65227284,0.17429243,0.24848693,0.42194117,0.15305405,0.13871671
5vuu_9OJ_A_805,0.60382887,0.65227284,0.17429243,0.24848693,0.42194117,0.15305405,0.13871671
5vuu_9OJ_B_803,0.60382887,0.65227284,0.17429243,0.24848693,0.42194117,0.15305405,0.13871671
5vv0_9OM_A_803,0.60382887,0.65227284,0.17429243,0.24848693,0.42194117,0.15305405,0.13871671
5vv5_9OJ_A_803,0.55385271,0.65291098,0.16939752,3.8058398e-11,0.17451293,0.14898316,0.013417768
5vyr_B62_B_301,0.60382887,0.65227284,0.17429243,0.24848693,0.42194117,0.15305405,0.13871671
5vyr_GMP_B_302,0.60382887,0.65227284,0.17429243,0.24848693,0.42194117,0.15305405,0.13871671
5vyr_GMP_B_303,0.60382887,0.65227284,0.17429243,0.24848693,0.42194117,0.15305405,0.13871671
5vys_1YJ_A_301,0.60382887,0.65227284,0.17429243,0.24848693,0.42194117,0.15305405,0.13871671
5vys_1YJ_B_301,0.60382887,0.65227284,0.17429243,0.24848693,0.42194117,0.15305405,0.13871671
5vys_GMP_B_303,0.97877942,0,0.1732349,0,0.0031482846,0.15669779,0
5w3k_9TY_A_401,0.60382887,0.65227284,0.17429243,0.24848693,0.42194117,0.15305405,0.13871671
5w3k_9TY_B_401,0.60382887,0.65227284,0.17429243,0.24848693,0.42194117,0.15305405,0.13871671
5w5t_9X7_A_506,0.60382887,0.65227284,0.17429243,0.24848693,0.42194117,0.15305405,0.13871671
5w7b_MYR_B_208,0.60382887,0.65227284,0.17429243,0.24848693,0.42194117,0.15305405,0.13871671
5w8q_BU4_B_400,0.60382887,0.65227284,0.17429243,0.24848693,0.42194117,0.15305405,0.13871671
5wct_GY4_A_303,0.60382887,0.65227284,0.17429243,0.24848693,0.42194117,0.15305405,0.13871671
5wcz_NOJ_A_601,0.60382887,0.65227284,0.17429243,0.24848693,0.42194117,0.15305405,0.13871671
5wcz_NOJ_B_601,0.60382887,0.65227284,0.17429243,0.24848693,0.42194117,0.15305405,0.13871671
5wgk_AGJ_A_816,0.60382887,0.65227284,0.17429243,0.24848693,0.42194117,0.15305405,0.13871671
5wgr_PM7_A_711,0.60382887,0.65227284,0.17429243,0.24848693,0.42194117,0.15305405,0.13871671
5wgv_PM7_A_712,0.60169333,0,0.98901957,0.2632029,0.44305812,0.16213934,0.12969003
5wgv_PM7_A_713,0.60382887,0.65227284,0.17429243,0.24848693,0.42194117,0.15305405,0.13871671
5wgw_MB5_A_714,0.60382887,0.65227284,0.17429243,0.24848693,0.42194117,0.15305405,0.13871671
5wgw_MB5_A_715,0.54284463,0.64069014,0.17205025,0.13418252,0.30162601,0.15123352,0
5wqp_NCA_A_302,0.60382887,0.65227284,0.17429243,0.24848693,0.42194117,0.15305405,0.13871671
5x0j_SEP_A_302,0.60382887,0.65227284,0.17429243,0.24848693,0.42194117,0.15305405,0.13871671
5x23_LSN_A_503,0.60382887,0.65227284,0.17429243,0.24848693,0.42194117,0.15305405,0.13871671
5x2m_GLN_B_951,0.60382887,0.65227284,0.17429243,0.24848693,0.42194117,0.15305405,0.13871671
5x5d_UMP_B_401,0.60382887,0.65227284,0.17429243,0.24848693,0.42194117,0.15305405,0.13871671
5x5d_UMP_C_401,0.60382887,0.65227284,0.17429243,0.24848693,0.42194117,0.15305405,0.13871671
5x5d_UMP_D_401,0.60382887,0.65227284,0.17429243,0.24848693,0.42194117,0.15305405,0.13871671
5x5d_UMP_E_401,0.60382887,0.65227284,0.17429243,0.24848693,0.42194117,0.15305405,0.13871671
5x6r_7ZR_A_402,0.60382887,0.65227284,0.17429243,0.24848693,0.42194117,0.15305405,0.13871671
5x6r_7ZR_B_402,0.60382887,0.65227284,0.17429243,0.24848693,0.42194117,0.15305405,0.13871671
5x86_TMP_A_205,0.60382887,0.65227284,0.17429243,0.24848693,0.42194117,0.15305405,0.13871671
5xdt_MB3_A_404,0.60382887,0.65227284,0.17429243,0.24848693,0.42194117,0.15305405,0.13871671
5xdt_ZI7_A_403,0.60382887,0.65227284,0.17429243,0.24848693,0.42194117,0.15305405,0.13871671
5xh2_NPO_A_305,0.60382887,0.65227284,0.17429243,0.24848693,0.42194117,0.15305405,0.13871671
5xin_XLS_A_397,0.60382887,0.65227284,0.17429243,0.24848693,0.42194117,0.15305405,0.13871671
5xin_XLS_C_397,0.60382887,0.65227284,0.17429243,0.24848693,0.42194117,0.15305405,0.13871671
5xj7_87O_A_309,0.60382887,0.65227284,0.17429243,0.24848693,0.42194117,0.15305405,0.13871671
5xmq_PLG_A_501,0.60382887,0.65227284,0.17429243,0.24848693,0.42194117,0.15305405,0.13871671
5xmq_PLG_B_501,0.60382887,0.65227284,0.17429243,0.24848693,0.42194117,0.15305405,0.13871671
5xmq_PLG_C_501,0.60382887,0.65227284,0.17429243,0.24848693,0.42194117,0.15305405,0.13871671
5xrv_F6R_A_702,0.60382887,0.65227284,0.17429243,0.24848693,0.42194117,0.15305405,0.13871671
5xvt_8FL_A_709,0.60382887,0.65227284,0.17429243,0.24848693,0.42194117,0.15305405,0.13871671
5xvv_AKG_A_508,0.60382887,0.65227284,0.17429243,0.24848693,0.42194117,0.15305405,0.13871671
5xvv_AKG_B_506,0.60382887,0.65227284,0.17429243,0.24848693,0.42194117,0.15305405,0.13871671
5xvv_AKG_C_504,0.60382887,0.65227284,0.17429243,0.24848693,0.42194117,0.15305405,0.13871671
5xz7_F6P_A_407,0.60382887,0.65227284,0.17429243,0.24848693,0.42194117,0.15305405,0.13871671
5y1g_AKB_A_401,0.60382887,0.65227284,0.17429243,0.24848693,0.42194117,0.15305405,0.13871671
5y7a_KYN_A_502,0.60382887,0.65227284,0.17429243,0.24848693,0.42194117,0.15305405,0.13871671
5y7r_58K_B_403,0.60382887,0.65227284,0.17429243,0.24848693,0.42194117,0.15305405,0.13871671
5y7r_AKG_B_402,0.60382887,0.65227284,0.17429243,0.24848693,0.42194117,0.15305405,0.13871671
5yaq_ISE_C_402,0.60382887,0.65227284,0.17429243,0.24848693,0.42194117,0.15305405,0.13871671
5yaq_ISE_D_402,0.60382887,0.65227284,0.17429243,0.24848693,0.42194117,0.15305405,0.13871671
5yb7_ORN_A_602,0.60382887,0.65227284,0.17429243,0.24848693,0.42194117,0.15305405,0.13871671
5yb7_ORN_A_603,0.60486775,0.91716583,0.17192452,0.24857651,0.41975115,0.14950895,0.14580601
5yb7_ORN_B_602,0.60382887,0.65227284,0.17429243,0.24848693,0.42194117,0.15305405,0.13871671
5yb7_ORN_C_602,0.985926,0,0.17971225,0.26108609,0.44664307,0.16206499,0.034252535
5yb7_ORN_C_603,0.60382887,0.65227284,0.17429243,0.24848693,0.42194117,0.15305405,0.13871671
5ybl_AKG_A_302,0.60486646,0.91683579,0.17192747,0.2485764,0.41975388,0.14951337,0.14579717
5ybl_AKG_C_302,0.60382887,0.65227284,0.17429243,0.24848693,0.42194117,0.15305405,0.13871671
5ybp_AKG_A_302,0.60382887,0.65227284,0.17429243,0.24848693,0.42194117,0.15305405,0.13871671
5ybp_AKG_B_302,0.60382887,0.65227284,0.17429243,0.24848693,0.42194117,0.15305405,0.13871671
5ybq_8T0_A_303,0.60382887,0.65227284,0.17429243,0.24848693,0.42194117,0.15305405,0.13871671
5ybq_8T0_B_303,0.60382887,0.65227284,0.17429243,0.24848693,0.42194117,0.15305405,0.13871671
5ybq_AKG_A_302,0.60382887,0.65227284,0.17429243,0.24848693,0.42194117,0.15305405,0.13871671
5ybq_AKG_B_302,0.60382887,0.65227284,0.17429243,0.24848693,0.42194117,0.15305405,0.13871671
5yfj_RUB_A_401,0.60382887,0.65227284,0.17429243,0.24848693,0.42194117,0.15305405,0.13871671
5yfj_RUB_B_401,0.60382887,0.65227284,0.17429243,0.24848693,0.42194117,0.15305405,0.13871671
5yfj_RUB_C_401,0.60382887,0.65227284,0.17429243,0.24848693,0.42194117,0.15305405,0.13871671
5ykt_PMP_A_501,0.60382887,0.65227284,0.17429243,0.24848693,0.42194117,0.15305405,0.13871671
5ykt_PMP_B_501,0.99295307,0.99484012,0.16551899,0.010591057,0.12230085,0.14439353,0
5ylf_BGC_A_401,0.60382887,0.65227284,0.17429243,0.24848693,0.42194117,0.15305405,0.13871671
5ysh_5AD_D_605,0.60382887,0.65227284,0.17429243,0.24848693,0.42194117,0.15305405,0.13871671
5ysh_5AD_G_605,0.60382887,0.65227284,0.17429243,0.24848693,0.42194117,0.15305405,0.13871671
5ysh_5AD_J_605,0.60382887,0.65227284,0.17429243,0.24848693,0.42194117,0.15305405,0.13871671
5z54_0HZ_A_303,0.60382887,0.65227284,0.17429243,0.24848693,0.42194117,0.15305405,0.13871671
5z54_0HZ_B_303,0.60382887,0.65227284,0.17429243,0.24848693,0.42194117,0.15305405,0.13871671
5z54_0HZ_C_303,0.60450956,0.97021343,0.1713794,0.24604465,0.41661413,0,0.14592958
5z54_0HZ_D_303,0.60382887,0.65227284,0.17429243,0.24848693,0.42194117,0.15305405,0.13871671
5z9b_AX7_A_304,0.60382887,0.65227284,0.17429243,0.24848693,0.42194117,0.15305405,0.13871671
5z9b_HX3_A_303,0.60382887,0.65227284,0.17429243,0.24848693,0.42194117,0.15305405,0.13871671
5z9b_HX3_B_303,0.60382887,0.65227284,0.17429243,0.24848693,0.42194117,0.15305405,0.13871671
5z9p_AX7_A_301,0.60382887,0.65227284,0.17429243,0.24848693,0.42194117,0.15305405,0.13871671
5z9p_AX7_B_301,0.60382887,0.65227284,0.17429243,0.24848693,0.42194117,0.15305405,0.13871671
5zg2_9C0_A_902,0.60382887,0.65227284,0.17429243,0.24848693,0.42194117,0.15305405,0.13871671
5zg2_ZK1_B_901,0.60382887,0.65227284,0.17429243,0.24848693,0.42194117,0.15305405,0.13871671
5zge_ZZ7_A_301,0.60382887,0.65227284,0.17429243,0.24848693,0.42194117,0.15305405,0.13871671
5zge_ZZ7_B_302,0.60382887,0.65227284,0.17429243,0.24848693,0.42194117,0.15305405,0.13871671
5zgr_ZZ7_A_303,0.60382887,0.65227284,0.17429243,0.24848693,0.42194117,0.15305405,0.13871671
5zgr_ZZ7_B_303,0.60382887,0.65227284,0.17429243,0.24848693,0.42194117,0.15305405,0.13871671
5zi4_OAA_B_401,0.60382887,0.65227284,0.17429243,0.24848693,0.42194117,0.15305405,0.13871671
5zpt_HY1_A_702,0.60382887,0.65227284,0.17429243,0.24848693,0.42194117,0.15305405,0.13871671
5zpt_HY1_B_703,0.60382887,0.65227284,0.17429243,0.24848693,0.42194117,0.15305405,0.13871671
6a1f_9OF_A_807,0.60382887,0.65227284,0.17429243,0.24848693,0.42194117,0.15305405,0.13871671
6a1l_BEZ_A_403,0.60382887,0.65227284,0.17429243,0.24848693,0.42194117,0.15305405,0.13871671
6a1l_BEZ_A_404,0.60382887,0.65227284,0.17429243,0.24848693,0.42194117,0.15305405,0.13871671
6a2m_9QR_A_701,0.60382887,0.65227284,0.17429243,0.24848693,0.42194117,0.15305405,0.13871671
6a2m_UMP_B_703,0.60382887,0.65227284,0.17429243,0.24848693,0.42194117,0.15305405,0.13871671
6a2n_9QR_A_701,0.60382887,0.65227284,0.17429243,0.24848693,0.42194117,0.15305405,0.13871671
6a2n_UMP_A_703,0.60382887,0.65227284,0.17429243,0.24848693,0.42194117,0.15305405,0.13871671
6a3j_SOE_A_402,0.55150424,0,0.17525053,7.8008224e-52,0.18085466,0.15773355,0
6a3j_SOE_B_401,0.60382887,0.65227284,0.17429243,0.24848693,0.42194117,0.15305405,0.13871671
6a3j_SOE_C_402,0.60382887,0.65227284,0.17429243,0.24848693,0.42194117,0.15305405,0.13871671
6a3j_SOE_D_401,0.60382887,0.65227284,0.17429243,0.24848693,0.42194117,0.15305405,0.13871671
6a6s_FSA_A_502,0,0.96672292,0.17212952,0.22843555,0.38897074,0.14840411,0.28409578
6a7e_9QR_A_201,0.60382887,0.65227284,0.17429243,0.24848693,0.42194117,0.15305405,0.13871671
6ald_2FP_A_700,0.60382887,0.65227284,0.17429243,0.24848693,0.42194117,0.15305405,0.13871671
6ald_2FP_B_700,0.60382887,0.65227284,0.17429243,0.24848693,0.42194117,0.15305405,0.13871671
6auq_BYJ_A_803,0.60382887,0.65227284,0.17429243,0.24848693,0.42194117,0.15305405,0.13871671
6auq_BYJ_B_803,0.60382887,0.65227284,0.17429243,0.24848693,0.42194117,0.15305405,0.13871671
6av2_BY7_B_803,0.60382887,0.65227284,0.17429243,0.24848693,0.42194117,0.15305405,0.13871671
6axu_BTM_A_401,0.60382887,0.65227284,0.17429243,0.24848693,0.42194117,0.15305405,0.13871671
6ayv_F6P_A_401,0.60382887,0.65227284,0.17429243,0.24848693,0.42194117,0.15305405,0.13871671
6ayv_F6P_B_401,0.60382887,0.65227284,0.17429243,0.24848693,0.42194117,0.15305405,0.13871671
6ayv_MLI_A_409,0.60382887,0.65227284,0.17429243,0.24848693,0.42194117,0.15305405,0.13871671
6b5k_TYD_A_304,0.60382887,0.65227284,0.17429243,0.24848693,0.42194117,0.15305405,0.13871671
6b5k_TYD_B_304,0.60382887,0.65227284,0.17429243,0.24848693,0.42194117,0.15305405,0.13871671
6b6r_BEN_A_302,0.087265585,0.99287871,0.18688796,0.9487037,0.9948327,0.16033581,0.99484727
6b83_6NA_B_201,0.60382887,0.65227284,0.17429243,0.24848693,0.42194117,0.15305405,0.13871671
6b9p_D0J_B_1001,0.60382887,0.65227284,0.17429243,0.24848693,0.42194117,0.15305405,0.13871671
6ba2_7KM_A_809,0.60382887,0.65227284,0.17429243,0.24848693,0.42194117,0.15305405,0.13871671
6bds_DJ4_A_302,0.60382887,0.65227284,0.17429243,0.24848693,0.42194117,0.15305405,0.13871671
6bds_DJ4_A_303,0.60382887,0.65227284,0.17429243,0.24848693,0.42194117,0.15305405,0.13871671
6bkk_308_B_101,0.60382887,0.65227284,0.17429243,0.24848693,0.42194117,0.15305405,0.13871671
6bmm_OLB_A_404,0.60382887,0.65227284,0.17429243,0.24848693,0.42194117,0.15305405,0.13871671
6bmm_OLB_B_404,0.60382887,0.65227284,0.17429243,0.24848693,0.42194117,0.15305405,0.13871671
6bqx_9AG_A_201,0.60382887,0.65227284,0.17429243,0.24848693,0.42194117,0.15305405,0.13871671
6br1_E3Y_B_505,0.60382887,0.65227284,0.17429243,0.24848693,0.42194117,0.15305405,0.13871671
6btn_E8M_A_304,0.60382887,0.65227284,0.17429243,0.24848693,0.42194117,0.15305405,0.13871671
6btq_E8S_A_305,0.60382887,0.65227284,0.17429243,0.24848693,0.42194117,0.15305405,0.13871671
6bxk_MTA_A_401,0.60382887,0.65227284,0.17429243,0.24848693,0.42194117,0.15305405,0.13871671
6bxk_MTA_B_401,0.60382887,0.65227284,0.17429243,0.24848693,0.42194117,0.15305405,0.13871671
6c17_DNX_A_202,0.60382887,0.65227284,0.17429243,0.24848693,0.42194117,0.15305405,0.13871671
6c1i_EEY_A_501,0.60382887,0.65227284,0.17429243,0.24848693,0.42194117,0.15305405,0.13871671
6c1i_EEY_B_501,0.60382887,0.65227284,0.17429243,0.24848693,0.42194117,0.15305405,0.13871671
6c1i_KNA_A_502,0.60382887,0.65227284,0.17429243,0.24848693,0.42194117,0.15305405,0.13871671
6c1x_DNX_A_203,0.60382887,0.65227284,0.17429243,0.24848693,0.42194117,0.15305405,0.13871671
6cdy_EY1_B_501,0.60382887,0.65227284,0.17429243,0.24848693,0.42194117,0.15305405,0.13871671
6cgc_F0A_A_402,0.60382887,0.65227284,0.17429243,0.24848693,0.42194117,0.15305405,0.13871671
6cgc_F0A_B_402,0.60382887,0.65227284,0.17429243,0.24848693,0.42194117,0.15305405,0.13871671
6cqu_HI6_A_601,0.60382887,0.65227284,0.17429243,0.24848693,0.42194117,0.15305405,0.13871671
6cqu_HI6_B_601,0.60382887,0.65227284,0.17429243,0.24848693,0.42194117,0.15305405,0.13871671
6cut_FEJ_A_401,0.60382887,0.65227284,0.17429243,0.24848693,0.42194117,0.15305405,0.13871671
6cut_FEJ_B_401,0.60382887,0.65227284,0.17429243,0.24848693,0.42194117,0.15305405,0.13871671
6cut_FEJ_C_401,0.60382887,0.65227284,0.17429243,0.24848693,0.42194117,0.15305405,0.13871671
6cut_FEJ_D_401,0.60382887,0.65227284,0.17429243,0.24848693,0.42194117,0.15305405,0.13871671
6dl7_ONC_A_301,0.60382887,0.65227284,0.17429243,0.24848693,0.42194117,0.15305405,0.13871671
6dl7_ONC_B_301,0.60382887,0.65227284,0.17429243,0.24848693,0.42194117,0.15305405,0.13871671
6dl7_ONC_D_301,0.60382887,0.65227284,0.17429243,0.24848693,0.42194117,0.15305405,0.13871671
6dl7_ONC_E_301,0.60382887,0.65227284,0.17429243,0.24848693,0.42194117,0.15305405,0.13871671
6dl7_ONC_F_301,0.60382887,0.65227284,0.17429243,0.24848693,0.42194117,0.15305405,0.13871671
6dl7_ONC_G_301,0.60382887,0.65227284,0.17429243,0.24848693,0.42194117,0.15305405,0.13871671
6dqt_LEU_B_1,0.99303874,0.9205872,0.17016509,0.19968814,0.37452879,0.14869285,0
6dyt_F0G_A_503,0.60382887,0.65227284,0.17429243,0.24848693,0.42194117,0.15305405,0.13871671
6dyt_PP3_B_1501,0.60382887,0.65227284,0.17429243,0.24848693,0.42194117,0.15305405,0.13871671
6e2w_DP6_A_403,0.60382887,0.65227284,0.17429243,0.24848693,0.42194117,0.15305405,0.13871671
6e40_BBJ_A_502,0.60382887,0.65227284,0.17429243,0.24848693,0.42194117,0.15305405,0.13871671
6e40_BBJ_B_502,0.60382887,0.65227284,0.17429243,0.24848693,0.42194117,0.15305405,0.13871671
6e40_BBJ_D_502,0.60382887,0.65227284,0.17429243,0.24848693,0.42194117,0.15305405,0.13871671
6e43_BEZ_A_502,0.60382887,0.65227284,0.17429243,0.24848693,0.42194117,0.15305405,0.13871671
6e43_BEZ_B_502,0.60382887,0.65227284,0.17429243,0.24848693,0.42194117,0.15305405,0.13871671
6e43_BEZ_D_502,0.60382887,0.65227284,0.17429243,0.24848693,0.42194117,0.15305405,0.13871671
6e8i_PTR_A_201,0.60382887,0.65227284,0.17429243,0.24848693,0.42194117,0.15305405,0.13871671
6f2b_AKG_A_402,0.60382887,0.65227284,0.17429243,0.24848693,0.42194117,0.15305405,0.13871671
6f2b_AKG_C_402,0.60382887,0.65227284,0.17429243,0.24848693,0.42194117,0.15305405,0.13871671
6f2v_AMP_A_1001,0.60382887,0.65227284,0.17429243,0.24848693,0.42194117,0.15305405,0.13871671
6f2v_AMP_B_1001,0.60382887,0.65227284,0.17429243,0.24848693,0.42194117,0.15305405,0.13871671
6f3s_CKW_A_902,0.60382887,0.65227284,0.17429243,0.24848693,0.42194117,0.15305405,0.13871671
6f66_CUT_A_300,0.60382887,0.65227284,0.17429243,0.24848693,0.42194117,0.15305405,0.13871671
6f6a_CU5_A_301,0.60382887,0.65227284,0.17429243,0.24848693,0.42194117,0.15305405,0.13871671
6f6a_CU5_B_301,0.60382887,0.65227284,0.17429243,0.24848693,0.42194117,0.15305405,0.13871671
6f76_CVK_A_203,0.60382887,0.65227284,0.17429243,0.24848693,0.42194117,0.15305405,0.13871671
6f76_CVK_B_203,0.60382887,0.65227284,0.17429243,0.24848693,0.42194117,0.15305405,0.13871671
6f76_CVK_C_203,0.60382887,0.65227284,0.17429243,0.24848693,0.42194117,0.15305405,0.13871671
6f76_CVK_F_203,0.60382887,0.65227284,0.17429243,0.24848693,0.42194117,0.15305405,0.13871671
6f77_PLP_A_600,0.60382887,0.65227284,0.17429243,0.24848693,0.42194117,0.15305405,0.13871671
6f77_PLP_D_600,0.60382887,0.65227284,0.17429243,0.24848693,0.42194117,0.15305405,0.13871671
6f7r_CIT_A_1002,0.60382887,0.65227284,0.17429243,0.24848693,0.42194117,0.15305405,0.13871671
6f7r_CIT_A_1003,0.60382887,0.65227284,0.17429243,0.24848693,0.42194117,0.15305405,0.13871671
6fa1_D2Z_A_203,0.60382887,0.65227284,0.17429243,0.24848693,0.42194117,0.15305405,0.13871671
6fa1_D2Z_B_203,0.60382887,0.65227284,0.17429243,0.24848693,0.42194117,0.15305405,0.13871671
6fa1_D2Z_F_203,0.60382887,0.65227284,0.17429243,0.24848693,0.42194117,0.15305405,0.13871671
6fgv_D9T_A_1901,0.60382887,0.65227284,0.17429243,0.24848693,0.42194117,0.15305405,0.13871671
6fjj_LSA_A_302,0.60382887,0.65227284,0.17429243,0.24848693,0.42194117,0.15305405,0.13871671
6fld_DQ5_A_604,0.60382887,0.65227284,0.17429243,0.24848693,0.42194117,0.15305405,0.13871671
6fld_NAG_A_601,0.60382887,0.65227284,0.17429243,0.24848693,0.42194117,0.15305405,0.13871671
6fld_NAG_A_602,0.55407338,0.71453914,0.16884239,0,0.17391219,0.14815321,0.015030553
6fld_NAG_A_603,0.60382887,0.65227284,0.17429243,0.24848693,0.42194117,0.15305405,0.13871671
6flu_DTK_A_401,0.60382887,0.65227284,0.17429243,0.24848693,0.42194117,0.15305405,0.13871671
6flu_DTK_A_402,0.60382887,0.65227284,0.17429243,0.24848693,0.42194117,0.15305405,0.13871671
6flu_DTK_A_403,0.60382887,0.65227284,0.17429243,0.24848693,0.42194117,0.15305405,0.13871671
6flu_DTK_A_406,0.60382887,0.65227284,0.17429243,0.24848693,0.42194117,0.15305405,0.13871671
6flu_DTK_B_406,0.60382887,0.65227284,0.17429243,0.24848693,0.42194117,0.15305405,0.13871671
6fs7_E4Z_A_903,0.60382887,0.65227284,0.17429243,0.24848693,0.42194117,0.15305405,0.13871671
6fs7_E4Z_B_903,0.60382887,0.65227284,0.17429243,0.24848693,0.42194117,0.15305405,0.13871671
6fs7_E4Z_E_903,0.60382887,0.65227284,0.17429243,0.24848693,0.42194117,0.15305405,0.13871671
6fs7_E4Z_F_903,0.60382887,0.65227284,0.17429243,0.24848693,0.42194117,0.15305405,0.13871671
6fw0_E92_A_602,0.60382887,0.65227284,0.17429243,0.24848693,0.42194117,0.15305405,0.13871671
6fw0_E92_B_602,0.60382887,0.65227284,0.17429243,0.24848693,0.42194117,0.15305405,0.13871671
6g3f_FUM_A_601,0.60382887,0.65227284,0.17429243,0.24848693,0.42194117,0.15305405,0.13871671
6g5q_EMZ_A_401,0.60382887,0.65227284,0.17429243,0.24848693,0.42194117,0.15305405,0.13871671
6gck_EUB_A_302,0.60382887,0.65227284,0.17429243,0.24848693,0.42194117,0.15305405,0.13871671
6gck_EUB_B_302,0.60382887,0.65227284,0.17429243,0.24848693,0.42194117,0.15305405,0.13871671
6gck_EUB_C_302,0.60382887,0.65227284,0.17429243,0.24848693,0.42194117,0.15305405,0.13871671
6gck_EUB_D_302,0.60382887,0.65227284,0.17429243,0.24848693,0.42194117,0.15305405,0.13871671
6gl4_GLU_A_301,0.60382887,0.65227284,0.17429243,0.24848693,0.42194117,0.15305405,0.13871671
6gl4_GLU_B_301,0.60382887,0.65227284,0.17429243,0.24848693,0.42194117,0.15305405,0.13871671
6gnf_GLC_B_602,0.60382887,0.65227284,0.17429243,0.24848693,0.42194117,0.15305405,0.13871671
6gpn_OGA_B_402,0.60481543,0.92691014,0,0.24539935,0.4163225,0.14930295,0.14427156
6gqk_F88_A_1001,0.60382887,0.65227284,0.17429243,0.24848693,0.42194117,0.15305405,0.13871671
6gqk_F88_B_1001,0.60382887,0.65227284,0.17429243,0.24848693,0.42194117,0.15305405,0.13871671
6gxk_FFW_A_402,0.60382887,0.65227284,0.17429243,0.24848693,0.42194117,0.15305405,0.13871671
6gxk_FFW_B_402,0.60382887,0.65227284,0.17429243,0.24848693,0.42194117,0.15305405,0.13871671
6h8p_OGA_A_504,0.60382887,0.65227284,0.17429243,0.24848693,0.42194117,0.15305405,0.13871671
6hgl_TES_A_401,0.60382887,0.65227284,0.17429243,0.24848693,0.42194117,0.15305405,0.13871671
6hl7_CP_A_401,0.60382887,0.65227284,0.17429243,0.24848693,0.42194117,0.15305405,0.13871671
6hl7_CP_C_401,0.60382887,0.65227284,0.17429243,0.24848693,0.42194117,0.15305405,0.13871671
6hl9_SIN_A_402,0.60382887,0.65227284,0.17429243,0.24848693,0.42194117,0.15305405,0.13871671
6hl9_SIN_B_402,0.60382887,0.65227284,0.17429243,0.24848693,0.42194117,0.15305405,0.13871671
6hmw_FUL_A_203,0.60382887,0.65227284,0.17429243,0.24848693,0.42194117,0.15305405,0.13871671
6hmw_FUL_C_203,0.60382887,0.65227284,0.17429243,0.24848693,0.42194117,0.15305405,0.13871671
6hmw_FUL_D_204,0.60495716,0.963058,2.9307699e-77,0.24541543,0.41602769,0.14881924,0.14524124
6hmw_FUL_E_204,0.60382887,0.65227284,0.17429243,0.24848693,0.42194117,0.15305405,0.13871671
6hmw_FUL_F_202,0.60382887,0.65227284,0.17429243,0.24848693,0.42194117,0.15305405,0.13871671
6hmw_FUL_G_202,0.60382887,0.65227284,0.17429243,0.24848693,0.42194117,0.15305405,0.13871671
6hmw_FUL_J_201,0.60382887,0.65227284,0.17429243,0.24848693,0.42194117,0.15305405,0.13871671
6hnz_GH5_A_301,0.60382887,0.65227284,0.17429243,0.24848693,0.42194117,0.15305405,0.13871671
6ho7_GHQ_A_301,0.60382887,0.65227284,0.17429243,0.24848693,0.42194117,0.15305405,0.13871671
6hpx_GKQ_A_205,0.60382887,0.65227284,0.17429243,0.24848693,0.42194117,0.15305405,0.13871671
6hqr_3DM_A_502,0.60382887,0.65227284,0.17429243,0.24848693,0.42194117,0.15305405,0.13871671
6hsg_GM5_A_504,0.60382887,0.65227284,0.17429243,0.24848693,0.42194117,0.15305405,0.13871671
6hsg_GM5_B_504,0.60382887,0.65227284,0.17429243,0.24848693,0.42194117,0.15305405,0.13871671
6hsg_GM5_C_504,0.60382887,0.65227284,0.17429243,0.24848693,0.42194117,0.15305405,0.13871671
6hsg_GM5_D_504,0,0.94751495,0.1684435,0.047358717,0.20000915,0.145612,0
6i4b_E2N_A_603,0.99096788,0,0.17369923,0,0.054876931,0.15710323,0
6i4b_E2N_B_603,0.60382887,0.65227284,0.17429243,0.24848693,0.42194117,0.15305405,0.13871671
6i4b_ORO_A_602,0.60382887,0.65227284,0.17429243,0.24848693,0.42194117,0.15305405,0.13871671
6i4b_ORO_B_602,0.60382887,0.65227284,0.17429243,0.24848693,0.42194117,0.15305405,0.13871671
6i6r_H62_A_704,0.60382887,0.65227284,0.17429243,0.24848693,0.42194117,0.15305405,0.13871671
6ijp_IMP_A_402,0.60382887,0.65227284,0.17429243,0.24848693,0.42194117,0.15305405,0.13871671
6ix8_B3O_A_408,0.60382887,0.65227284,0.17429243,0.24848693,0.42194117,0.15305405,0.13871671
6ix8_B3O_B_408,0.60382887,0.65227284,0.17429243,0.24848693,0.42194117,0.15305405,0.13871671
6j4t_IMP_A_401,0.60382887,0.65227284,0.17429243,0.24848693,0.42194117,0.15305405,0.13871671
6jc7_F0G_A_601,0.60382887,0.65227284,0.17429243,0.24848693,0.42194117,0.15305405,0.13871671
6jc7_F0G_D_601,0.60382887,0.65227284,0.17429243,0.24848693,0.42194117,0.15305405,0.13871671
6jk9_BU0_A_501,0.60382887,0.65227284,0.17429243,0.24848693,0.42194117,0.15305405,0.13871671
6jk9_BU0_B_501,0.60382887,0.65227284,0.17429243,0.24848693,0.42194117,0.15305405,0.13871671
6jmd_BVO_A_408,0.99417619,0.99350664,0.18194722,0.79448743,0.99707209,0.15784627,0.36556398
6jmd_ORO_A_402,0.60382887,0.65227284,0.17429243,0.24848693,0.42194117,0.15305405,0.13871671
6jme_BVU_A_409,0.60382887,0.65227284,0.17429243,0.24848693,0.42194117,0.15305405,0.13871671
6jme_ORO_A_402,0.60382887,0.65227284,0.17429243,0.24848693,0.42194117,0.15305405,0.13871671
6jq8_CIT_A_302,0.60382887,0.65227284,0.17429243,0.24848693,0.42194117,0.15305405,0.13871671
6jws_PT1_A_801,0.60382887,0.65227284,0.17429243,0.24848693,0.42194117,0.15305405,0.13871671
6jws_PT1_B_801,0.60382887,0.65227284,0.17429243,0.24848693,0.42194117,0.15305405,0.13871671
6jwy_PH2_A_802,0.60382887,0.65227284,0.17429243,0.24848693,0.42194117,0.15305405,0.13871671
6jx9_CQC_A_501,0.60382887,0.65227284,0.17429243,0.24848693,0.42194117,0.15305405,0.13871671
6jyg_FLC_B_401,0.60382887,0.65227284,0.17429243,0.24848693,0.42194117,0.15305405,0.13871671
6jyg_FLC_C_401,0.60382887,0.65227284,0.17429243,0.24848693,0.42194117,0.15305405,0.13871671
6jyg_FLC_E_401,0.60382887,0.65227284,0.17429243,0.24848693,0.42194117,0.15305405,0.13871671
6jyg_FLC_E_402,0.60382887,0.65227284,0.17429243,0.24848693,0.42194117,0.15305405,0.13871671
6jz4_EVA_A_701,0.60382887,0.65227284,0.17429243,0.24848693,0.42194117,0.15305405,0.13871671
6jz4_EVA_B_701,0.60382887,0.65227284,0.17429243,0.24848693,0.42194117,0.15305405,0.13871671
6jz6_CKX_B_701,0.60382887,0.65227284,0.17429243,0.24848693,0.42194117,0.15305405,0.13871671
6jzh_ZMA_A_2002,0.60382887,0.65227284,0.17429243,0.24848693,0.42194117,0.15305405,0.13871671
6k92_GT0_A_802,0.60382887,0.65227284,0.17429243,0.24848693,0.42194117,0.15305405,0.13871671
6k92_GT0_B_602,0.60382887,0.65227284,0.17429243,0.24848693,0.42194117,0.15305405,0.13871671
6krs_CIT_B_301,0.60382887,0.65227284,0.17429243,0.24848693,0.42194117,0.15305405,0.13871671
6krs_CIT_D_301,0.60382887,0.65227284,0.17429243,0.24848693,0.42194117,0.15305405,0.13871671
6krs_CIT_F_301,0.60382887,0.65227284,0.17429243,0.24848693,0.42194117,0.15305405,0.13871671
6krs_CIT_G_301,0.60382887,0.65227284,0.17429243,0.24848693,0.42194117,0.15305405,0.13871671
6krs_CIT_H_301,0.60382887,0.65227284,0.17429243,0.24848693,0.42194117,0.15305405,0.13871671
6krs_CIT_I_301,0.60382887,0.65227284,0.17429243,0.24848693,0.42194117,0.15305405,0.13871671
6krs_CIT_J_301,0.60382887,0.65227284,0.17429243,0.24848693,0.42194117,0.15305405,0.13871671
6kxh_DY9_A_401,0.60382887,0.65227284,0.17429243,0.24848693,0.42194117,0.15305405,0.13871671
6kxh_DY9_B_402,0.60382887,0.65227284,0.17429243,0.24848693,0.42194117,0.15305405,0.13871671
6kxh_DY9_C_402,0.60382887,0.65227284,0.17429243,0.24848693,0.42194117,0.15305405,0.13871671
6kxh_DY9_D_402,0.60382887,0.65227284,0.17429243,0.24848693,0.42194117,0.15305405,0.13871671
6l59_CIT_B_403,0.60382887,0.65227284,0.17429243,0.24848693,0.42194117,0.15305405,0.13871671
6l68_ALL_A_201,0.60118451,0,0.0066050463,0.2451087,0.42401024,0.16170904,0.11947555
6l68_ALL_A_202,0.60382887,0.65227284,0.17429243,0.24848693,0.42194117,0.15305405,0.13871671
6l7v_3PO_A_302,0.60382887,0.65227284,0.17429243,0.24848693,0.42194117,0.15305405,0.13871671
6l86_LMR_A_302,0.60151901,0.063331167,0.17955751,0.24828762,0.42681057,0.16093662,0.12295346
6l86_LMR_C_302,0.60382887,0.65227284,0.17429243,0.24848693,0.42194117,0.15305405,0.13871671
6l86_LMR_D_302,0.95079546,0.030345472,0.1783735,0.207791,0.39004851,0.1607417,0.0046149491
6l86_MLT_A_303,0.60382887,0.65227284,0.17429243,0.24848693,0.42194117,0.15305405,0.13871671
6l8a_BAL_C_504,0.60382887,0.65227284,0.17429243,0.24848693,0.42194117,0.15305405,0.13871671
6l8a_BAL_D_507,0.60382887,0.65227284,0.17429243,0.24848693,0.42194117,0.15305405,0.13871671
6lit_2OH_A_501,0.60382887,0.65227284,0.17429243,0.24848693,0.42194117,0.15305405,0.13871671
6lit_2OH_B_501,0.60382887,0.65227284,0.17429243,0.24848693,0.42194117,0.15305405,0.13871671
6lj7_EFR_A_301,0.60382887,0.65227284,0.17429243,0.24848693,0.42194117,0.15305405,0.13871671
6lql_F0C_A_702,0.60382887,0.65227284,0.17429243,0.24848693,0.42194117,0.15305405,0.13871671
6lx5_C5F_A_503,0.60382887,0.65227284,0.17429243,0.24848693,0.42194117,0.15305405,0.13871671
6lx5_C5F_B_501,0.60382887,0.65227284,0.17429243,0.24848693,0.42194117,0.15305405,0.13871671
6lx5_C5F_B_502,0.60382887,0.65227284,0.17429243,0.24848693,0.42194117,0.15305405,0.13871671
6ly4_TES_A_501,0.60382887,0.65227284,0.17429243,0.24848693,0.42194117,0.15305405,0.13871671
6m5m_NAG_A_202,0.60504893,0.96336168,0.17151154,0.24859214,0.4193692,0.14889067,0.14704242
6m5m_NAG_B_202,0.60382887,0.65227284,0.17429243,0.24848693,0.42194117,0.15305405,0.13871671
6m92_J8V_A_601,0.60382887,0.65227284,0.17429243,0.24848693,0.42194117,0.15305405,0.13871671
6m9b_BTN_A_201,0.60382887,0.65227284,0.17429243,0.24848693,0.42194117,0.15305405,0.13871671
6m9b_BTN_B_201,0.60382887,0.65227284,0.17429243,0.24848693,0.42194117,0.15305405,0.13871671
6m9b_BTN_D_201,0.60382887,0.65227284,0.17429243,0.24848693,0.42194117,0.15305405,0.13871671
6mae_JBA_A_301,0.60382887,0.65227284,0.17429243,0.24848693,0.42194117,0.15305405,0.13871671
6md2_GW9_A_501,0.60382887,0.65227284,0.17429243,0.24848693,0.42194117,0.15305405,0.13871671
6mnh_JVD_A_301,0.60382887,0.65227284,0.17429243,0.24848693,0.42194117,0.15305405,0.13871671
6mry_FLC_A_101,0.60382887,0.65227284,0.17429243,0.24848693,0.42194117,0.15305405,0.13871671
6mry_FLC_B_101,0.60382887,0.65227284,0.17429243,0.24848693,0.42194117,0.15305405,0.13871671
6mry_FLC_C_102,0.60382887,0.65227284,0.17429243,0.24848693,0.42194117,0.15305405,0.13871671
6mry_FLC_I_102,0.60382887,0.65227284,0.17429243,0.24848693,0.42194117,0.15305405,0.13871671
6mwl_K5G_A_301,0.60382887,0.65227284,0.17429243,0.24848693,0.42194117,0.15305405,0.13871671
6mwl_K5G_B_301,0.60382887,0.65227284,0.17429243,0.24848693,0.42194117,0.15305405,0.13871671
6n0z_DP6_A_401,0.60382887,0.65227284,0.17429243,0.24848693,0.42194117,0.15305405,0.13871671
6n0z_DP6_E_401,0.60382887,0.65227284,0.17429243,0.24848693,0.42194117,0.15305405,0.13871671
6n0z_DP6_F_401,0.60382887,0.65227284,0.17429243,0.24848693,0.42194117,0.15305405,0.13871671
6n9r_OHN_A_303,0.60382887,0.65227284,0.17429243,0.24848693,0.42194117,0.15305405,0.13871671
6n9r_OHN_P_308,0,0,0.18076933,0.22823787,0.39714264,0.16134528,0.25759723
6n9r_OHN_X_305,0.60274866,0.52429221,0.17536388,0.24583052,0.42023392,0,0.13396245
6nba_P1T_A_501,0.60382887,0.65227284,0.17429243,0.24848693,0.42194117,0.15305405,0.13871671
6nba_P1T_C_501,0.60067829,0,0.18004864,0.24557879,0.42448993,2.3489833e-06,0.1198921
6nbw_LAB_A_403,0.60382887,0.65227284,0.17429243,0.24848693,0.42194117,0.15305405,0.13871671
6ncx_ADA_A_601,0.60127063,0,0.18012367,0.24826619,0.42733419,0.16178424,0.12125842
6ncx_ADA_B_601,0.60382887,0.65227284,0.17429243,0.24848693,0.42194117,0.15305405,0.13871671
6ncx_ADA_C_601,0.60382887,0.65227284,0.17429243,0.24848693,0.42194117,0.15305405,0.13871671
6ncx_ADA_D_601,0.60127063,0,0.18012367,0.24826619,0.42733419,0.16178424,0.12125842
6ng5_KMD_A_803,0.60382887,0.65227284,0.17429243,0.24848693,0.42194117,0.15305405,0.13871671
6ng5_KMD_B_803,0.60382887,0.65227284,0.17429243,0.24848693,0.42194117,0.15305405,0.13871671
6nga_KL7_A_803,0.60382887,0.65227284,0.17429243,0.24848693,0.42194117,0.15305405,0.13871671
6nga_KL7_B_804,0.60382887,0.65227284,0.17429243,0.24848693,0.42194117,0.15305405,0.13871671
6ngp_KKY_B_803,0.60382887,0.65227284,0.17429243,0.24848693,0.42194117,0.15305405,0.13871671
6ngu_KMJ_A_803,0.60382887,0.65227284,0.17429243,0.24848693,0.42194117,0.15305405,0.13871671
6nh0_KND_A_803,0.89640649,0.98166553,0.16442961,0,1.9893493e-08,0.1434193,0
6nh0_KND_B_803,0.60382887,0.65227284,0.17429243,0.24848693,0.42194117,0.15305405,0.13871671
6nhd_KNV_B_803,0.60382887,0.65227284,0.17429243,0.24848693,0.42194117,0.15305405,0.13871671
6nig_NAG_A_604,0.60382887,0.65227284,0.17429243,0.24848693,0.42194117,0.15305405,0.13871671
6nig_NAG_A_605,0.60382887,0.65227284,0.17429243,0.24848693,0.42194117,0.15305405,0.13871671
6nig_NAG_B_803,0.60382887,0.65227284,0.17429243,0.24848693,0.42194117,0.15305405,0.13871671
6nig_NAG_C_802,0.60382887,0.65227284,0.17429243,0.24848693,0.42194117,0.15305405,0.13871671
6nig_NAG_D_602,0.60382887,0.65227284,0.17429243,0.24848693,0.42194117,0.15305405,0.13871671
6nni_CP6_B_203,0.60382887,0.65227284,0.17429243,0.24848693,0.42194117,0.15305405,0.13871671
6nnn_G1P_A_503,0.60382887,0.65227284,0.17429243,0.24848693,0.42194117,0.15305405,0.13871671
6nnp_G6P_A_502,0.60382887,0.65227284,0.17429243,0.24848693,0.42194117,0.15305405,0.13871671
6nsu_DYA_A_402,0.60382887,0.65227284,0.17429243,0.24848693,0.42194117,0.15305405,0.13871671
6ny7_L8J_A_303,0.60382887,0.65227284,0.17429243,0.24848693,0.42194117,0.15305405,0.13871671
6nyo_U94_A_301,0.60382887,0.65227284,0.17429243,0.24848693,0.42194117,0.15305405,0.13871671
6o04_DNA_A_601,0.60382887,0.65227284,0.17429243,0.24848693,0.42194117,0.15305405,0.13871671
6o04_DNA_C_603,0.60382887,0.65227284,0.17429243,0.24848693,0.42194117,0.15305405,0.13871671
6o04_DNA_D_603,0.60382887,0.65227284,0.17429243,0.24848693,0.42194117,0.15305405,0.13871671
6o1s_7SD_E_803,0.60382887,0.65227284,0.17429243,0.24848693,0.42194117,0.15305405,0.13871671
6o2z_LJV_A_500,0.60382887,0.65227284,0.17429243,0.24848693,0.42194117,0.15305405,0.13871671
6o2z_LJV_B_500,0.60382887,0.65227284,0.17429243,0.24848693,0.42194117,0.15305405,0.13871671
6o5m_G8K_B_506,0.60382887,0.65227284,0.17429243,0.24848693,0.42194117,0.15305405,0.13871671
6ock_9KL_A_601,0.60382887,0.65227284,0.17429243,0.24848693,0.42194117,0.15305405,0.13871671
6ock_9KL_A_602,0.60382887,0.65227284,0.17429243,0.24848693,0.42194117,0.15305405,0.13871671
6ofr_BOG_A_801,0.60382887,0.65227284,0.17429243,0.24848693,0.42194117,0.15305405,0.13871671
6ofr_BOG_A_802,0.60382887,0.65227284,0.17429243,0.24848693,0.42194117,0.15305405,0.13871671
6ofr_BOG_A_805,0.60382887,0.65227284,0.17429243,0.24848693,0.42194117,0.15305405,0.13871671
6ofr_BOG_A_806,0.60382887,0.65227284,0.17429243,0.24848693,0.42194117,0.15305405,0.13871671
6ofr_BOG_A_807,0.60382887,0.65227284,0.17429243,0.24848693,0.42194117,0.15305405,0.13871671
6oha_XAN_A_501,0.60382887,0.65227284,0.17429243,0.24848693,0.42194117,0.15305405,0.13871671
6ooi_PGA_A_301,0.60382887,0.65227284,0.17429243,0.24848693,0.42194117,0.15305405,0.13871671
6ooi_PGA_B_301,0.60382887,0.65227284,0.17429243,0.24848693,0.42194117,0.15305405,0.13871671
6ooi_PGA_C_302,0.60382887,0.65227284,0.17429243,0.24848693,0.42194117,0.15305405,0.13871671
6ooi_PGA_F_301,0.60382887,0.65227284,0.17429243,0.24848693,0.42194117,0.15305405,0.13871671
6ooi_PGA_G_301,0.60382887,0.65227284,0.17429243,0.24848693,0.42194117,0.15305405,0.13871671
6ooi_PGA_H_302,0.60382887,0.65227284,0.17429243,0.24848693,0.42194117,0.15305405,0.13871671
6oph_6QB_A_401,0.60382887,0.65227284,0.17429243,0.24848693,0.42194117,0.15305405,0.13871671
6paf_O6A_A_509,0.60382887,0.65227284,0.17429243,0.24848693,0.42194117,0.15305405,0.13871671
6pdd_O9S_A_803,0.60382887,0.65227284,0.17429243,0.24848693,0.42194117,0.15305405,0.13871671
6pk1_PLP_A_501,0.60382887,0.65227284,0.17429243,0.24848693,0.42194117,0.15305405,0.13871671
6pk1_PLP_B_501,0.60382887,0.65227284,0.17429243,0.24848693,0.42194117,0.15305405,0.13871671
6pmv_M16_A_803,0.60382887,0.65227284,0.17429243,0.24848693,0.42194117,0.15305405,0.13871671
6pn9_OU7_A_803,0.60382887,0.65227284,0.17429243,0.24848693,0.42194117,0.15305405,0.13871671
6pn9_OU7_B_803,0.60382887,0.65227284,0.17429243,0.24848693,0.42194117,0.15305405,0.13871671
6pna_M16_A_803,0.60382887,0.65227284,0.17429243,0.24848693,0.42194117,0.15305405,0.13871671
6pna_M16_B_803,0.60382887,0.65227284,0.17429243,0.24848693,0.42194117,0.15305405,0.13871671
6png_OSG_A_802,0.60382887,0.65227284,0.17429243,0.24848693,0.42194117,0.15305405,0.13871671
6png_OSG_A_803,0.60382887,0.65227284,0.17429243,0.24848693,0.42194117,0.15305405,0.13871671
6png_OSG_B_801,0.60382887,0.65227284,0.17429243,0.24848693,0.42194117,0.15305405,0.13871671
6png_OSG_B_804,0.60382887,0.65227284,0.17429243,0.24848693,0.42194117,0.15305405,0.13871671
6po9_OS7_A_803,0.60382887,0.65227284,0.17429243,0.24848693,0.42194117,0.15305405,0.13871671
6po9_OS7_B_804,0.60382887,0.65227284,0.17429243,0.24848693,0.42194117,0.15305405,0.13871671
6ps7_ZMA_A_1201,0.60382887,0.65227284,0.17429243,0.24848693,0.42194117,0.15305405,0.13871671
6pvi_OZ7_A_501,0.60382887,0.65227284,0.17429243,0.24848693,0.42194117,0.15305405,0.13871671
6q4b_HHN_A_301,0.60382887,0.65227284,0.17429243,0.24848693,0.42194117,0.15305405,0.13871671
6q4k_HHW_A_301,0.60382887,0.65227284,0.17429243,0.24848693,0.42194117,0.15305405,0.13871671
6q4k_HHW_A_302,0.60382887,0.65227284,0.17429243,0.24848693,0.42194117,0.15305405,0.13871671
6q4r_HJ5_A_1009,0.60382887,0.65227284,0.17429243,0.24848693,0.42194117,0.15305405,0.13871671
6qa7_HTW_A_901,0.60382887,0.65227284,0.17429243,0.24848693,0.42194117,0.15305405,0.13871671
6qaw_HVE_A_402,0.60382887,0.65227284,0.17429243,0.24848693,0.42194117,0.15305405,0.13871671
6qdb_HWQ_A_1003,0.60382887,0.65227284,0.17429243,0.24848693,0.42194117,0.15305405,0.13871671
6qde_HWW_A_502,0.60382887,0.65227284,0.17429243,0.24848693,0.42194117,0.15305405,0.13871671
6qde_HWW_A_503,0.60382887,0.65227284,0.17429243,0.24848693,0.42194117,0.15305405,0.13871671
6qhu_FAH_A_401,0.60382887,0.65227284,0.17429243,0.24848693,0.42194117,0.15305405,0.13871671
6qli_4LR_A_301,0.60382887,0.65227284,0.17429243,0.24848693,0.42194117,0.15305405,0.13871671
6qni_GLC_A_402,0.60382887,0.65227284,0.17429243,0.24848693,0.42194117,0.15305405,0.13871671
6qnj_GLC_A_402,0.60382887,0.65227284,0.17429243,0.24848693,0.42194117,0.15305405,0.13871671
6qo4_97T_A_301,0.60516356,0.99258974,0.17125025,0.24860203,0.41912755,0.14849948,0.1478247
6qo4_97T_B_301,0.60382887,0.65227284,0.17429243,0.24848693,0.42194117,0.15305405,0.13871671
6qol_JB5_A_301,0.60382887,0.65227284,0.17429243,0.24848693,0.42194117,0.15305405,0.13871671
6qol_JB5_B_301,0.60382887,0.65227284,0.17429243,0.24848693,0.42194117,0.15305405,0.13871671
6qor_JBK_B_301,0.60382887,0.65227284,0.17429243,0.24848693,0.42194117,0.15305405,0.13871671
6qot_6SD_A_301,0.60382887,0.65227284,0.17429243,0.24848693,0.42194117,0.15305405,0.13871671
6qqs_JCZ_A_301,0.60382887,0.65227284,0.17429243,0.24848693,0.42194117,0.15305405,0.13871671
6qqs_JCZ_B_301,0.60382887,0.65227284,0.17429243,0.24848693,0.42194117,0.15305405,0.13871671
6qrn_RIP_A_500,0.55577677,0,0.17566857,0.021190856,0.20199926,0.15808104,0.0071323281
6r0i_JNB_A_901,0.60382887,0.65227284,0.17429243,0.24848693,0.42194117,0.15305405,0.13871671
6r5o_BGC_A_801,0.60382887,0.65227284,0.17429243,0.24848693,0.42194117,0.15305405,0.13871671
6r5o_BGC_B_802,0.60382887,0.65227284,0.17429243,0.24848693,0.42194117,0.15305405,0.13871671
6r6i_H50_A_201,0.60382887,0.65227284,0.17429243,0.24848693,0.42194117,0.15305405,0.13871671
6r73_LMP_A_301,0.60382887,0.65227284,0.17429243,0.24848693,0.42194117,0.15305405,0.13871671
6r7w_CIT_A_406,0.60382887,0.65227284,0.17429243,0.24848693,0.42194117,0.15305405,0.13871671
6rbo_JXQ_A_302,0.60382887,0.65227284,0.17429243,0.24848693,0.42194117,0.15305405,0.13871671
6rbr_JXN_A_302,0.60382887,0.65227284,0.17429243,0.24848693,0.42194117,0.15305405,0.13871671
6rbx_JYT_A_301,0.60382887,0.65227284,0.17429243,0.24848693,0.42194117,0.15305405,0.13871671
6rgg_K3Q_B_401,0.60382887,0.65227284,0.17429243,0.24848693,0.42194117,0.15305405,0.13871671
6rgg_K3Q_B_405,0.60382887,0.65227284,0.17429243,0.24848693,0.42194117,0.15305405,0.13871671
6rgr_RM4_A_402,0.60382887,0.65227284,0.17429243,0.24848693,0.42194117,0.15305405,0.13871671
6rgr_RM4_A_403,0.60382887,0.65227284,0.17429243,0.24848693,0.42194117,0.15305405,0.13871671
6rhc_K48_A_305,0.60382887,0.65227284,0.17429243,0.24848693,0.42194117,0.15305405,0.13871671
6rhk_K4B_A_302,0.60382887,0.65227284,0.17429243,0.24848693,0.42194117,0.15305405,0.13871671
6rlt_MLI_A_508,0.60382887,0.65227284,0.17429243,0.24848693,0.42194117,0.15305405,0.13871671
6rlt_MLI_B_511,0.60382887,0.65227284,0.17429243,0.24848693,0.42194117,0.15305405,0.13871671
6rq3_OUC_A_401,0.60382887,0.65227284,0.17429243,0.24848693,0.42194117,0.15305405,0.13871671
6rum_TOP_A_301,0.60382887,0.65227284,0.17429243,0.24848693,0.42194117,0.15305405,0.13871671
6s23_KSW_A_402,0.60382887,0.65227284,0.17429243,0.24848693,0.42194117,0.15305405,0.13871671
6s23_KSW_B_402,0.60382887,0.65227284,0.17429243,0.24848693,0.42194117,0.15305405,0.13871671
6s37_SAL_A_601,0.60578138,0.9883116,0.17136856,0.25147226,0.42220212,0.31959997,0.14917014
6s39_K5Z_A_301,0.60382887,0.65227284,0.17429243,0.24848693,0.42194117,0.15305405,0.13871671
6s4h_KUQ_A_901,0.60382887,0.65227284,0.17429243,0.24848693,0.42194117,0.15305405,0.13871671
6s7u_KZK_A_501,0.60382887,0.65227284,0.17429243,0.24848693,0.42194117,0.15305405,0.13871671
6s7u_KZK_C_501,0.60067828,0,0.18004864,0.24557875,0.42448989,0,0.11989208
6s9g_L1Q_A_305,0.60382887,0.65227284,0.17429243,0.24848693,0.42194117,0.15305405,0.13871671
6s9g_L1Q_A_306,0.60382887,0.65227284,0.17429243,0.24848693,0.42194117,0.15305405,0.13871671
6sds_L8N_A_302,0.60382887,0.65227284,0.17429243,0.24848693,0.42194117,0.15305405,0.13871671
6si4_LEK_B_402,0.60382887,0.65227284,0.17429243,0.24848693,0.42194117,0.15305405,0.13871671
6sj8_44V_A_901,0.60382887,0.65227284,0.17429243,0.24848693,0.42194117,0.15305405,0.13871671
6sj8_44V_B_901,0.60382887,0.65227284,0.17429243,0.24848693,0.42194117,0.15305405,0.13871671
6sjs_THH_B_901,0.60382887,0.65227284,0.17429243,0.24848693,0.42194117,0.15305405,0.13871671
6sux_BEN_A_302,0.60382887,0.65227284,0.17429243,0.24848693,0.42194117,0.15305405,0.13871671
6sxr_KHP_A_506,0.60382887,0.65227284,0.17429243,0.24848693,0.42194117,0.15305405,0.13871671
6sxr_KHP_A_507,0.60382887,0.65227284,0.17429243,0.24848693,0.42194117,0.15305405,0.13871671
6sxr_KHP_A_513,0,0.96611619,0.17213494,0.22843542,0.38897587,0.14841223,0.28407915
6syz_M1E_B_601,0.60382887,0.65227284,0.17429243,0.24848693,0.42194117,0.15305405,0.13871671
6szl_M3E_B_604,0.60382887,0.65227284,0.17429243,0.24848693,0.42194117,0.15305405,0.13871671
6szt_M4Q_A_601,0.60382887,0.65227284,0.17429243,0.24848693,0.42194117,0.15305405,0.13871671
6szt_M4Q_B_601,0.60382887,0.65227284,0.17429243,0.24848693,0.42194117,0.15305405,0.13871671
6t02_M5E_A_602,0.60382887,0.65227284,0.17429243,0.24848693,0.42194117,0.15305405,0.13871671
6t02_M5E_B_601,0.60382887,0.65227284,0.17429243,0.24848693,0.42194117,0.15305405,0.13871671
6t07_M45_B_601,0.60382887,0.65227284,0.17429243,0.24848693,0.42194117,0.15305405,0.13871671
6t0a_M58_A_601,0.0026412827,0.99388745,0.17188391,0.2285291,0.38887373,0.14804239,0.28424204
6t0a_M58_B_601,0.60382887,0.65227284,0.17429243,0.24848693,0.42194117,0.15305405,0.13871671
6t0m_GOZ_A_305,0.60382887,0.65227284,0.17429243,0.24848693,0.42194117,0.15305405,0.13871671
6t10_M6Z_B_601,0.60382887,0.65227284,0.17429243,0.24848693,0.42194117,0.15305405,0.13871671
6t5p_VD8_A_302,0.60382887,0.65227284,0.17429243,0.24848693,0.42194117,0.15305405,0.13871671
6t5p_VD8_B_302,0.60382887,0.65227284,0.17429243,0.24848693,0.42194117,0.15305405,0.13871671
6t5p_VD8_C_302,0.60382887,0.65227284,0.17429243,0.24848693,0.42194117,0.15305405,0.13871671
6t5p_VD8_D_302,0.60382887,0.65227284,0.17429243,0.24848693,0.42194117,0.15305405,0.13871671
6t9c_MX8_A_501,0.60382887,0.65227284,0.17429243,0.24848693,0.42194117,0.15305405,0.13871671
6tbx_N0Z_A_302,0.60382887,0.65227284,0.17429243,0.24848693,0.42194117,0.15305405,0.13871671
6tbx_N0Z_B_302,0.60382887,0.65227284,0.17429243,0.24848693,0.42194117,0.15305405,0.13871671
6tbx_N0Z_C_303,0.60382887,0.65227284,0.17429243,0.24848693,0.42194117,0.15305405,0.13871671
6tfb_N6W_B_202,0.60382887,0.65227284,0.17429243,0.24848693,0.42194117,0.15305405,0.13871671
6tgi_N8Z_A_508,0.60382887,0.65227284,0.17429243,0.24848693,0.42194117,0.15305405,0.13871671
6tgl_LVP_B_201,0.60382887,0.65227284,0.17429243,0.24848693,0.42194117,0.15305405,0.13871671
6to7_SUV_A_401,0.60382887,0.65227284,0.17429243,0.24848693,0.42194117,0.15305405,0.13871671
6to7_SUV_B_401,0.60382887,0.65227284,0.17429243,0.24848693,0.42194117,0.15305405,0.13871671
6tof_NQE_A_201,0.60382887,0.65227284,0.17429243,0.24848693,0.42194117,0.15305405,0.13871671
6tog_NQH_A_201,0.97943118,0.99100723,0.17086236,0.26107234,0.43793982,0.14879399,0.062888023
6toj_NQQ_A_201,0.60382887,0.65227284,0.17429243,0.24848693,0.42194117,0.15305405,0.13871671
6tol_NQW_A_201,0.60382887,0.65227284,0.17429243,0.24848693,0.42194117,0.15305405,0.13871671
6tor_PMP_A_504,0.60382887,0.65227284,0.17429243,0.24848693,0.42194117,0.15305405,0.13871671
6tor_PMP_B_504,0.60382887,0.65227284,0.17429243,0.24848693,0.42194117,0.15305405,0.13871671
6tot_NRK_B_401,0.60382887,0.65227284,0.17429243,0.24848693,0.42194117,0.15305405,0.13871671
6tt4_FT8_A_709,0.60484721,0.93501598,0,0.24540295,0.41625639,0.14919448,0.144489
6u30_PQM_A_501,0.60382887,0.65227284,0.17429243,0.24848693,0.42194117,0.15305405,0.13871671
6u6c_P1T_B_502,0.60382887,0.65227284,0.17429243,0.24848693,0.42194117,0.15305405,0.13871671
6u6c_P1T_F_805,0.60382887,0.65227284,0.17429243,0.24848693,0.42194117,0.15305405,0.13871671
6ufd_Q6D_A_305,0.60382887,0.65227284,0.17429243,0.24848693,0.42194117,0.15305405,0.13871671
6uo7_QCP_A_504,0.60382887,0.65227284,0.17429243,0.24848693,0.42194117,0.15305405,0.13871671
6uqd_QF4_B_501,0.60382887,0.65227284,0.17429243,0.24848693,0.42194117,0.15305405,0.13871671
6ur0_ETM_A_401,0.60382887,0.65227284,0.17429243,0.24848693,0.42194117,0.15305405,0.13871671
6ur0_ETM_B_401,0.60382887,0.65227284,0.17429243,0.24848693,0.42194117,0.15305405,0.13871671
6uvj_QJ1_A_205,0.60382887,0.65227284,0.17429243,0.24848693,0.42194117,0.15305405,0.13871671
6uxr_K6G_B_202,0.60382887,0.65227284,0.17429243,0.24848693,0.42194117,0.15305405,0.13871671
6v9f_QTS_B_2001,0.60382887,0.65227284,0.17429243,0.24848693,0.42194117,0.15305405,0.13871671
6vei_9UO_B_502,0.60382887,0.65227284,0.17429243,0.24848693,0.42194117,0.15305405,0.13871671
6vlu_CIT_A_701,0.60382887,0.65227284,0.17429243,0.24848693,0.42194117,0.15305405,0.13871671
6vmz_NAG_C_402,0.60382887,0.65227284,0.17429243,0.24848693,0.42194117,0.15305405,0.13871671
6vmz_NAG_E_402,0.60382887,0.65227284,0.17429243,0.24848693,0.42194117,0.15305405,0.13871671
6vmz_R3P_C_404,0.60382887,0.65227284,0.17429243,0.24848693,0.42194117,0.15305405,0.13871671
6vmz_R3P_E_403,0.60382887,0.65227284,0.17429243,0.24848693,0.42194117,0.15305405,0.13871671
6vo2_R67_A_403,0.60382887,0.65227284,0.17429243,0.24848693,0.42194117,0.15305405,0.13871671
6vv1_RMJ_A_501,0,0.97525195,0.16818813,0.047014295,0.19940951,0.14523485,0
6w0x_S6J_A_301,0.60382887,0.65227284,0.17429243,0.24848693,0.42194117,0.15305405,0.13871671
6w0x_S6J_B_301,0.60382887,0.65227284,0.17429243,0.24848693,0.42194117,0.15305405,0.13871671
6wdv_TWM_A_701,0.60382887,0.65227284,0.17429243,0.24848693,0.42194117,0.15305405,0.13871671
6wdw_TWV_A_701,0.60382887,0.65227284,0.17429243,0.24848693,0.42194117,0.15305405,0.13871671
6wiw_I14_A_601,0.60382887,0.65227284,0.17429243,0.24848693,0.42194117,0.15305405,0.13871671
6wiw_I14_B_601,0.60382887,0.65227284,0.17429243,0.24848693,0.42194117,0.15305405,0.13871671
6x9d_HYP_A_2002,0.60382887,0.65227284,0.17429243,0.24848693,0.42194117,0.15305405,0.13871671
6x9d_HYP_B_2002,0.60382887,0.65227284,0.17429243,0.24848693,0.42194117,0.15305405,0.13871671
6xeb_V1P_A_411,0.60382887,0.65227284,0.17429243,0.24848693,0.42194117,0.15305405,0.13871671
6xim_XLS_B_397,0.60382887,0.65227284,0.17429243,0.24848693,0.42194117,0.15305405,0.13871671
6xim_XLS_C_397,0.60382887,0.65227284,0.17429243,0.24848693,0.42194117,0.15305405,0.13871671
6xim_XLS_D_397,0.60382887,0.65227284,0.17429243,0.24848693,0.42194117,0.15305405,0.13871671
6xp1_T2C_A_401,0.60382887,0.65227284,0.17429243,0.24848693,0.42194117,0.15305405,0.13871671
6xu3_GAB_B_402,0.60382887,0.65227284,0.17429243,0.24848693,0.42194117,0.15305405,0.13871671
6xu3_PLG_B_401,0.60382887,0.65227284,0.17429243,0.24848693,0.42194117,0.15305405,0.13871671
6xu3_PLG_C_401,0.60382887,0.65227284,0.17429243,0.24848693,0.42194117,0.15305405,0.13871671
6xzx_O5H_A_302,0.60382887,0.65227284,0.17429243,0.24848693,0.42194117,0.15305405,0.13871671
6xzx_O5H_B_302,0.60382887,0.65227284,0.17429243,0.24848693,0.42194117,0.15305405,0.13871671
6yaw_P9H_A_301,0.60382887,0.65227284,0.17429243,0.24848693,0.42194117,0.15305405,0.13871671
6yaw_P9H_B_502,0.60382887,0.65227284,0.17429243,0.24848693,0.42194117,0.15305405,0.13871671
6yk5_PVK_A_312,0.60382887,0.65227284,0.17429243,0.24848693,0.42194117,0.15305405,0.13871671
6yk6_OUB_A_311,0.60382887,0.65227284,0.17429243,0.24848693,0.42194117,0.15305405,0.13871671
6ypv_AKG_A_302,0.99691914,0.6479933,0.18206855,0.64772438,0.85743381,0.16005407,0.2739632
6yta_IYZ_A_702,0.60382887,0.65227284,0.17429243,0.24848693,0.42194117,0.15305405,0.13871671
6zac_QDE_A_4000,0.60382887,0.65227284,0.17429243,0.24848693,0.42194117,0.15305405,0.13871671
6zi7_QR8_A_502,0.60382887,0.65227284,0.17429243,0.24848693,0.42194117,0.15305405,0.13871671
6zi7_QR8_B_502,0.60382887,0.65227284,0.17429243,0.24848693,0.42194117,0.15305405,0.13871671
6zi7_QR8_D_502,0.60382887,0.65227284,0.17429243,0.24848693,0.42194117,0.15305405,0.13871671
6zjw_GAL_A_1101,0.60382887,0.65227284,0.17429243,0.24848693,0.42194117,0.15305405,0.13871671
6zjw_GAL_A_1102,0.60382887,0.65227284,0.17429243,0.24848693,0.42194117,0.15305405,0.13871671
7a2h_QX2_A_401,0.60382887,0.65227284,0.17429243,0.24848693,0.42194117,0.15305405,0.13871671
7bp1_CAQ_A_401,0.60382887,0.65227284,0.17429243,0.24848693,0.42194117,0.15305405,0.13871671
7bp1_CAQ_C_401,0.60382887,0.65227284,0.17429243,0.24848693,0.42194117,0.15305405,0.13871671
7bp1_CAQ_D_401,0.60382887,0.65227284,0.17429243,0.24848693,0.42194117,0.15305405,0.13871671
7bqu_EF2_A_501,0.60382887,0.65227284,0.17429243,0.24848693,0.42194117,0.15305405,0.13871671
7bzm_GIM_A_501,0.60382887,0.65227284,0.17429243,0.24848693,0.42194117,0.15305405,0.13871671
7bzm_GIM_B_501,0.60382887,0.65227284,0.17429243,0.24848693,0.42194117,0.15305405,0.13871671
7c7g_FJR_A_402,0.60382887,0.65227284,0.17429243,0.24848693,0.42194117,0.15305405,0.13871671
7c7g_FJR_B_402,0.60382887,0.65227284,0.17429243,0.24848693,0.42194117,0.15305405,0.13871671
7cne_SIN_A_402,0.60382887,0.65227284,0.17429243,0.24848693,0.42194117,0.15305405,0.13871671
7cwd_GLC_A_901,0.60382887,0.65227284,0.17429243,0.24848693,0.42194117,0.15305405,0.13871671
7est_0Z2_E_1,0.60382887,0.65227284,0.17429243,0.24848693,0.42194117,0.15305405,0.13871671
7jis_VBS_A_1101,0.60382887,0.65227284,0.17429243,0.24848693,0.42194117,0.15305405,0.13871671
7kje_NRD_A_405,0.60382887,0.65227284,0.17429243,0.24848693,0.42194117,0.15305405,0.13871671
7kjg_BTM_A_406,0.60382887,0.65227284,0.17429243,0.24848693,0.42194117,0.15305405,0.13871671
8cpp_TCM_A_422,0.60382887,0.65227284,0.17429243,0.24848693,0.42194117,0.15305405,0.13871671
8icd_ICT_A_418,0.60382887,0.65227284,0.17429243,0.24848693,0.42194117,0.15305405,0.13871671
